$MeshFormat
4.1 0 8
$EndMeshFormat
$PhysicalNames
4
1 101 "Source"
1 102 "Microphone"
1 103 "FreeSurface"
2 201 "Domain"
$EndPhysicalNames
$Entities
406 406 1 0
1 0 0 0 0 
2 0.0004 0 0 0 
3 0.0004648 2.735169151097616e-06 0 0 
4 0.0005296000000000001 1.092998924684059e-05 0 0 
5 0.0005944 2.455243997419345e-05 0 0 
6 0.0006592 4.354929318031078e-05 0 0 
7 0.000724 6.784632085539641e-05 0 0 
8 0.0007888 9.734858517007872e-05 0 0 
9 0.0008535999999999999 0.0001319408094340132 0 0 
10 0.0009184 0.0001714878285262363 0 0 
11 0.0009832 0.0002158351170372637 0 0 
12 0.001048 0.0002648093930592809 0 0 
13 0.0011128 0.0003182192952651839 0 0 
14 0.0011776 0.0003758561306308634 0 0 
15 0.0012424 0.0004374946898790918 0 0 
16 0.0013072 0.0005028941274587636 0 0 
17 0.001372 0.0005717989026210687 0 0 
18 0.0014368 0.000643939777915454 0 0 
19 0.0015016 0.0007190348712038645 0 0 
20 0.0015664 0.0007967907570826414 0 0 
21 0.0016312 0.0008769036134083962 0 0 
22 0.001696 0.0009590604084479452 0 0 
23 0.0017608 0.001042940124013653 0 0 
24 0.0018256 0.001128215009804921 0 0 
25 0.0018904 0.001214551864054637 0 0 
26 0.0019552 0.00130161333547659 0 0 
27 0.00202 0.001389059241426663 0 0 
28 0.0020848 0.001476547897127221 0 0 
29 0.0021496 0.001563737450760916 0 0 
30 0.0022144 0.001650287219217181 0 0 
31 0.0022792 0.001735859019272137 0 0 
32 0.002344 0.001820118489000477 0 0 
33 0.0024088 0.001902736394256074 0 0 
34 0.0024736 0.001983389915116381 0 0 
35 0.0025384 0.002061763907263991 0 0 
36 0.0026032 0.002137552133376661 0 0 
37 0.002668 0.002210458459714276 0 0 
38 0.0027328 0.002280198013227239 0 0 
39 0.0027976 0.002346498294665006 0 0 
40 0.0028624 0.002409100243335439 0 0 
41 0.0029272 0.002467759249354535 0 0 
42 0.002992 0.002522246109431296 0 0 
43 0.0030568 0.002572347922453121 0 0 
44 0.0031216 0.002617868921372306 0 0 
45 0.0031864 0.00265863123814318 0 0 
46 0.0032512 0.002694475598720944 0 0 
47 0.003316 0.002725261945406608 0 0 
48 0.0033808 0.002750869984106271 0 0 
49 0.0034456 0.002771199654366405 0 0 
50 0.0035104 0.002786171520348511 0 0 
51 0.0035752 0.002795727081215493 0 0 
52 0.00364 0.002799828999716914 0 0 
53 0.0037048 0.002798538185675996 0 0 
54 0.0037696 0.002792047712104472 0 0 
55 0.0038344 0.002780391489792337 0 0 
56 0.0038992 0.002763615064082001 0 0 
57 0.003964 0.002741783986919277 0 0 
58 0.0040288 0.00271498356071672 0 0 
59 0.0040936 0.002683318505044312 0 0 
60 0.0041584 0.002646912547449829 0 0 
61 0.004223200000000001 0.002605907940007739 0 0 
62 0.004288 0.002560464903485654 0 0 
63 0.0043528 0.002510761001300186 0 0 
64 0.004417600000000001 0.002456990445708402 0 0 
65 0.0044824 0.002399363338945859 0 0 
66 0.0045472 0.002338104852276395 0 0 
67 0.004612 0.002273454346161409 0 0 
68 0.004676800000000001 0.002205664434986516 0 0 
69 0.0047416 0.002135 0 0 
70 0.0048064 0.002061737154319941 0 0 
71 0.0048712 0.001986162164054092 0 0 
72 0.004936 0.001908570329748121 0 0 
73 0.005000800000000001 0.001829264832532845 0 0 
74 0.0050656 0.001748555549478972 0 0 
75 0.0051304 0.001666757842788239 0 0 
76 0.0051952 0.001584191327552033 0 0 
77 0.005260000000000001 0.001501178622892336 0 0 
78 0.005324800000000001 0.00141804409136477 0 0 
79 0.0053896 0.00133511257154937 0 0 
80 0.0054544 0.001252708108781354 0 0 
81 0.005519200000000001 0.001171152688981403 0 0 
82 0.005584 0.001090764980532862 0 0 
83 0.005648800000000001 0.001011859089121837 0 0 
84 0.0057136 0.000934743330405513 0 0 
85 0.0057784 0.0008597190253043227 0 0 
86 0.005843200000000001 0.00078707932262526 0 0 
87 0.005908 0.000717108053616772 0 0 
88 0.0059728 0.0006500786229309373 0 0 
89 0.0060376 0.0005862529403263666 0 0 
90 0.0061024 0.0005258803972860721 0 0 
91 0.0061672 0.0004691968925490475 0 0 
92 0.006232000000000001 0.0004164239103631981 0 0 
93 0.0062968 0.0003677676550612184 0 0 
94 0.0063616 0.0003234182453409794 0 0 
95 0.006426400000000001 0.0002835489713986759 0 0 
96 0.0064912 0.0002483156178173987 0 0 
97 0.006556 0.0002178558548568698 0 0 
98 0.0066208 0.0001922887005228024 0 0 
99 0.0066856 0.0001717140555177908 0 0 
100 0.0067504 0.0001562123128908526 0 0 
101 0.0068152 0.0001458440439108755 0 0 
102 0.006880000000000001 0.0001406497613913804 0 0 
103 0.0069448 0.0001406497613913804 0 0 
104 0.0070096 0.0001458440439108755 0 0 
105 0.0070744 0.0001562123128908526 0 0 
106 0.0071392 0.0001717140555177908 0 0 
107 0.007204000000000001 0.0001922887005228024 0 0 
108 0.0072688 0.0002178558548568698 0 0 
109 0.0073336 0.0002483156178173987 0 0 
110 0.007398399999999999 0.0002835489713986759 0 0 
111 0.007463200000000001 0.0003234182453409794 0 0 
112 0.007528000000000001 0.0003677676550612184 0 0 
113 0.007592799999999999 0.0004164239103631981 0 0 
114 0.0076576 0.0004691968925490475 0 0 
115 0.007722400000000001 0.0005258803972860721 0 0 
116 0.0077872 0.0005862529403263666 0 0 
117 0.007852000000000001 0.0006500786229309373 0 0 
118 0.0079168 0.000717108053616772 0 0 
119 0.0079816 0.00078707932262526 0 0 
120 0.0080464 0.0008597190253043227 0 0 
121 0.008111200000000001 0.000934743330405513 0 0 
122 0.008176000000000001 0.001011859089121837 0 0 
123 0.008240799999999998 0.001090764980532862 0 0 
124 0.0083056 0.001171152688981403 0 0 
125 0.0083704 0.001252708108781354 0 0 
126 0.0084352 0.00133511257154937 0 0 
127 0.008500000000000001 0.00141804409136477 0 0 
128 0.008564800000000001 0.001501178622892336 0 0 
129 0.008629599999999999 0.001584191327552033 0 0 
130 0.0086944 0.001666757842788239 0 0 
131 0.0087592 0.001748555549478972 0 0 
132 0.008824 0.001829264832532845 0 0 
133 0.008888800000000001 0.001908570329748121 0 0 
134 0.008953600000000003 0.001986162164054092 0 0 
135 0.009018399999999999 0.002061737154319941 0 0 
136 0.0090832 0.002135 0 0 
137 0.009148 0.002205664434986516 0 0 
138 0.0092128 0.002273454346161409 0 0 
139 0.009277600000000002 0.002338104852276395 0 0 
140 0.009342399999999999 0.00239936333894586 0 0 
141 0.009407199999999999 0.002456990445708401 0 0 
142 0.009472 0.002510761001300186 0 0 
143 0.0095368 0.002560464903485654 0 0 
144 0.009601600000000002 0.002605907940007739 0 0 
145 0.0096664 0.002646912547449828 0 0 
146 0.009731199999999999 0.002683318505044312 0 0 
147 0.009796000000000001 0.00271498356071672 0 0 
148 0.009860799999999999 0.002741783986919276 0 0 
149 0.009925600000000001 0.002763615064082001 0 0 
150 0.0099904 0.002780391489792337 0 0 
151 0.0100552 0.002792047712104472 0 0 
152 0.01012 0.002798461248079996 0 0 
153 0.0101848 0.002799828999716914 0 0 
154 0.0102496 0.002795727081215493 0 0 
155 0.0103144 0.002786171520348511 0 0 
156 0.0103792 0.002771199654366405 0 0 
157 0.010444 0.002750869984106271 0 0 
158 0.0105088 0.002725261945406607 0 0 
159 0.0105736 0.002694475598720944 0 0 
160 0.0106384 0.00265863123814318 0 0 
161 0.0107032 0.002617868921372306 0 0 
162 0.010768 0.002572347922453122 0 0 
163 0.0108328 0.002522246109431297 0 0 
164 0.0108976 0.002467759249354535 0 0 
165 0.0109624 0.002409100243335439 0 0 
166 0.0110272 0.002346498294665007 0 0 
167 0.011092 0.002280198013227239 0 0 
168 0.0111568 0.002210458459714276 0 0 
169 0.0112216 0.002137552133376661 0 0 
170 0.0112864 0.002061763907263991 0 0 
171 0.0113512 0.001983389915116381 0 0 
172 0.011416 0.001902736394256074 0 0 
173 0.0114808 0.001820118489000476 0 0 
174 0.0115456 0.001735859019272136 0 0 
175 0.0116104 0.00165028721921718 0 0 
176 0.0116752 0.001563737450760914 0 0 
177 0.01174 0.001476547897127219 0 0 
178 0.0118048 0.001389059241426664 0 0 
179 0.0118696 0.001301613335476591 0 0 
180 0.0119344 0.001214551864054638 0 0 
181 0.0119992 0.001128215009804922 0 0 
182 0.012064 0.001042940124013654 0 0 
183 0.0121288 0.0009590604084479461 0 0 
184 0.0121936 0.0008769036134083965 0 0 
185 0.0122584 0.0007967907570826416 0 0 
186 0.0123232 0.0007190348712038645 0 0 
187 0.012388 0.0006439397779154538 0 0 
188 0.0124528 0.0005717989026210684 0 0 
189 0.0125176 0.0005028941274587631 0 0 
190 0.0125824 0.0004374946898790914 0 0 
191 0.0126472 0.0003758561306308629 0 0 
192 0.012712 0.0003182192952651835 0 0 
193 0.0127768 0.0002648093930592803 0 0 
194 0.0128416 0.000215835117037263 0 0 
195 0.0129064 0.0001714878285262369 0 0 
196 0.0129712 0.0001319408094340137 0 0 
197 0.013036 9.734858517007917e-05 0 0 
198 0.0131008 6.784632085539671e-05 0 0 
199 0.0131656 4.354929318031093e-05 0 0 
200 0.0132304 2.455243997419345e-05 0 0 
201 0.0132952 1.092998924684059e-05 0 0 
202 0.01336 2.735169151097616e-06 0 0 
203 0.017 0 0 0 
204 0.017 0.007 0 0 
205 0.0166 0.007 0 0 
206 0.0165352 0.006997264830848902 0 0 
207 0.0164704 0.00698907001075316 0 0 
208 0.0164056 0.006975447560025806 0 0 
209 0.0163408 0.006956450706819689 0 0 
210 0.016276 0.006932153679144603 0 0 
211 0.0162112 0.006902651414829921 0 0 
212 0.0161464 0.006868059190565987 0 0 
213 0.0160816 0.006828512171473764 0 0 
214 0.0160168 0.006784164882962736 0 0 
215 0.015952 0.006735190606940719 0 0 
216 0.0158872 0.006681780704734817 0 0 
217 0.0158224 0.006624143869369137 0 0 
218 0.0157576 0.006562505310120909 0 0 
219 0.0156928 0.006497105872541236 0 0 
220 0.015628 0.006428201097378931 0 0 
221 0.0155632 0.006356060222084546 0 0 
222 0.0154984 0.006280965128796136 0 0 
223 0.0154336 0.006203209242917358 0 0 
224 0.0153688 0.006123096386591604 0 0 
225 0.015304 0.006040939591552055 0 0 
226 0.0152392 0.005957059875986347 0 0 
227 0.0151744 0.005871784990195079 0 0 
228 0.0151096 0.005785448135945363 0 0 
229 0.0150448 0.00569838666452341 0 0 
230 0.01498 0.005610940758573338 0 0 
231 0.0149152 0.00552345210287278 0 0 
232 0.0148504 0.005436262549239085 0 0 
233 0.0147856 0.005349712780782819 0 0 
234 0.0147208 0.005264140980727864 0 0 
235 0.014656 0.005179881510999524 0 0 
236 0.0145912 0.005097263605743926 0 0 
237 0.0145264 0.005016610084883619 0 0 
238 0.0144616 0.004938236092736009 0 0 
239 0.0143968 0.00486244786662334 0 0 
240 0.014332 0.004789541540285725 0 0 
241 0.0142672 0.004719801986772762 0 0 
242 0.0142024 0.004653501705334994 0 0 
243 0.0141376 0.004590899756664561 0 0 
244 0.0140728 0.004532240750645466 0 0 
245 0.014008 0.004477753890568704 0 0 
246 0.0139432 0.004427652077546879 0 0 
247 0.0138784 0.004382131078627694 0 0 
248 0.0138136 0.00434136876185682 0 0 
249 0.0137488 0.004305524401279057 0 0 
250 0.013684 0.004274738054593392 0 0 
251 0.0136192 0.004249130015893728 0 0 
252 0.0135544 0.004228800345633595 0 0 
253 0.0134896 0.00421382847965149 0 0 
254 0.0134248 0.004204272918784508 0 0 
255 0.01336 0.004200171000283087 0 0 
256 0.0132952 0.004201461814324004 0 0 
257 0.0132304 0.004207952287895529 0 0 
258 0.0131656 0.004219608510207663 0 0 
259 0.0131008 0.004236384935917999 0 0 
260 0.013036 0.004258216013080724 0 0 
261 0.0129712 0.004285016439283281 0 0 
262 0.0129064 0.004316681494955688 0 0 
263 0.0128416 0.004353087452550171 0 0 
264 0.0127768 0.004394092059992261 0 0 
265 0.012712 0.004439535096514347 0 0 
266 0.0126472 0.004489238998699814 0 0 
267 0.0125824 0.004543009554291599 0 0 
268 0.0125176 0.004600636661054141 0 0 
269 0.0124528 0.004661895147723605 0 0 
270 0.012388 0.00472654565383859 0 0 
271 0.0123232 0.004794335565013485 0 0 
272 0.0122584 0.004865 0 0 
273 0.0121936 0.004938262845680059 0 0 
274 0.0121288 0.005013837835945909 0 0 
275 0.012064 0.005091429670251879 0 0 
276 0.0119992 0.005170735167467156 0 0 
277 0.0119344 0.005251444450521028 0 0 
278 0.0118696 0.00533324215721176 0 0 
279 0.0118048 0.005415808672447968 0 0 
280 0.01174 0.005498821377107664 0 0 
281 0.0116752 0.00558195590863523 0 0 
282 0.0116104 0.00566488742845063 0 0 
283 0.0115456 0.005747291891218646 0 0 
284 0.0114808 0.005828847311018597 0 0 
285 0.011416 0.005909235019467138 0 0 
286 0.0113512 0.005988140910878163 0 0 
287 0.0112864 0.006065256669594487 0 0 
288 0.0112216 0.006140280974695678 0 0 
289 0.0111568 0.00621292067737474 0 0 
290 0.011092 0.006282891946383228 0 0 
291 0.0110272 0.006349921377069062 0 0 
292 0.0109624 0.006413747059673634 0 0 
293 0.0108976 0.006474119602713928 0 0 
294 0.0108328 0.006530803107450953 0 0 
295 0.010768 0.006583576089636802 0 0 
296 0.0107032 0.006632232344938782 0 0 
297 0.0106384 0.00667658175465902 0 0 
298 0.0105736 0.006716451028601324 0 0 
299 0.0105088 0.006751684382182602 0 0 
300 0.010444 0.006782144145143131 0 0 
301 0.0103792 0.006807711299477198 0 0 
302 0.0103144 0.006828285944482209 0 0 
303 0.0102496 0.006843787687109147 0 0 
304 0.0101848 0.006854155956089125 0 0 
305 0.01012 0.00685935023860862 0 0 
306 0.0100552 0.00685935023860862 0 0 
307 0.009990400000000002 0.006854155956089125 0 0 
308 0.0099256 0.006843787687109147 0 0 
309 0.009860800000000001 0.006828285944482209 0 0 
310 0.009795999999999999 0.006807711299477198 0 0 
311 0.009731200000000001 0.006782144145143131 0 0 
312 0.0096664 0.006751684382182602 0 0 
313 0.009601600000000002 0.006716451028601324 0 0 
314 0.0095368 0.00667658175465902 0 0 
315 0.009472 0.006632232344938782 0 0 
316 0.009407199999999999 0.006583576089636802 0 0 
317 0.009342400000000001 0.006530803107450953 0 0 
318 0.0092776 0.006474119602713928 0 0 
319 0.0092128 0.006413747059673634 0 0 
320 0.009148 0.006349921377069062 0 0 
321 0.009083200000000001 0.006282891946383228 0 0 
322 0.009018399999999999 0.00621292067737474 0 0 
323 0.008953600000000001 0.006140280974695678 0 0 
324 0.008888800000000001 0.006065256669594487 0 0 
325 0.008824 0.005988140910878163 0 0 
326 0.008759200000000002 0.005909235019467138 0 0 
327 0.0086944 0.005828847311018597 0 0 
328 0.008629599999999999 0.005747291891218646 0 0 
329 0.008564800000000001 0.00566488742845063 0 0 
330 0.008500000000000001 0.00558195590863523 0 0 
331 0.0084352 0.005498821377107664 0 0 
332 0.0083704 0.005415808672447968 0 0 
333 0.0083056 0.00533324215721176 0 0 
334 0.0082408 0.005251444450521028 0 0 
335 0.008176000000000001 0.005170735167467156 0 0 
336 0.008111200000000001 0.005091429670251879 0 0 
337 0.008046399999999999 0.005013837835945909 0 0 
338 0.0079816 0.004938262845680059 0 0 
339 0.0079168 0.004865 0 0 
340 0.007852000000000001 0.004794335565013485 0 0 
341 0.0077872 0.00472654565383859 0 0 
342 0.007722399999999999 0.004661895147723605 0 0 
343 0.007657600000000001 0.00460063666105414 0 0 
344 0.0075928 0.004543009554291599 0 0 
345 0.007528000000000001 0.004489238998699814 0 0 
346 0.007463200000000001 0.004439535096514347 0 0 
347 0.007398399999999999 0.004394092059992261 0 0 
348 0.007333600000000001 0.004353087452550172 0 0 
349 0.007268800000000001 0.004316681494955688 0 0 
350 0.007203999999999999 0.004285016439283281 0 0 
351 0.007139200000000001 0.004258216013080725 0 0 
352 0.007074399999999999 0.004236384935917999 0 0 
353 0.007009600000000001 0.004219608510207663 0 0 
354 0.006944800000000001 0.004207952287895529 0 0 
355 0.006879999999999999 0.004201538751920005 0 0 
356 0.006815200000000001 0.004200171000283087 0 0 
357 0.006750399999999999 0.004204272918784508 0 0 
358 0.006685600000000001 0.00421382847965149 0 0 
359 0.006620800000000001 0.004228800345633595 0 0 
360 0.006555999999999999 0.004249130015893729 0 0 
361 0.006491200000000001 0.004274738054593392 0 0 
362 0.0064264 0.004305524401279057 0 0 
363 0.006361599999999999 0.004341368761856821 0 0 
364 0.006296800000000001 0.004382131078627694 0 0 
365 0.006232 0.004427652077546878 0 0 
366 0.006167200000000001 0.004477753890568703 0 0 
367 0.006102399999999999 0.004532240750645466 0 0 
368 0.0060376 0.004590899756664561 0 0 
369 0.005972800000000001 0.004653501705334994 0 0 
370 0.005907999999999999 0.004719801986772762 0 0 
371 0.0058432 0.004789541540285724 0 0 
372 0.0057784 0.00486244786662334 0 0 
373 0.0057136 0.004938236092736009 0 0 
374 0.005648800000000002 0.00501661008488362 0 0 
375 0.005584 0.005097263605743926 0 0 
376 0.0055192 0.005179881510999524 0 0 
377 0.0054544 0.005264140980727864 0 0 
378 0.0053896 0.00534971278078282 0 0 
379 0.005324800000000002 0.005436262549239086 0 0 
380 0.00526 0.005523452102872781 0 0 
381 0.0051952 0.005610940758573336 0 0 
382 0.0051304 0.005698386664523409 0 0 
383 0.0050656 0.005785448135945362 0 0 
384 0.0050008 0.005871784990195078 0 0 
385 0.004936 0.005957059875986347 0 0 
386 0.0048712 0.006040939591552054 0 0 
387 0.0048064 0.006123096386591604 0 0 
388 0.0047416 0.006203209242917358 0 0 
389 0.0046768 0.006280965128796136 0 0 
390 0.004612 0.006356060222084547 0 0 
391 0.0045472 0.006428201097378931 0 0 
392 0.0044824 0.006497105872541237 0 0 
393 0.004417600000000001 0.006562505310120909 0 0 
394 0.0043528 0.006624143869369137 0 0 
395 0.004288 0.006681780704734817 0 0 
396 0.004223200000000001 0.006735190606940719 0 0 
397 0.0041584 0.006784164882962737 0 0 
398 0.0040936 0.006828512171473763 0 0 
399 0.004028800000000001 0.006868059190565987 0 0 
400 0.003964000000000001 0.006902651414829921 0 0 
401 0.003899200000000001 0.006932153679144603 0 0 
402 0.0038344 0.006956450706819689 0 0 
403 0.003769600000000001 0.006975447560025806 0 0 
404 0.003704800000000001 0.00698907001075316 0 0 
405 0.003639999999999999 0.006997264830848902 0 0 
406 0 0.007 0 0 
1 -1.000000000000024e-07 -1e-07 -1e-07 0.0004001 1e-07 1e-07 1 103 2 1 -2 
2 0.0003999 -9.999999999999989e-08 -1e-07 0.0004649 2.835169151097616e-06 1e-07 1 103 2 2 -3 
3 0.0004647 2.635169151097617e-06 -1e-07 0.0005297 1.102998924684059e-05 1e-07 1 103 2 3 -4 
4 0.0005295000000000001 1.082998924684059e-05 -1e-07 0.0005945 2.465243997419345e-05 1e-07 1 103 2 4 -5 
5 0.0005943000000000001 2.445243997419345e-05 -1e-07 0.0006592999999999999 4.364929318031078e-05 1e-07 1 103 2 5 -6 
6 0.0006591 4.344929318031077e-05 -1e-07 0.0007241 6.794632085539641e-05 1e-07 1 103 2 6 -7 
7 0.0007239000000000001 6.774632085539641e-05 -1e-07 0.0007888999999999999 9.744858517007873e-05 1e-07 1 103 2 7 -8 
8 0.0007887 9.724858517007872e-05 -1e-07 0.0008536999999999999 0.0001320408094340132 1e-07 1 103 2 8 -9 
9 0.0008535 0.0001318408094340132 -1e-07 0.0009184999999999999 0.0001715878285262363 1e-07 1 103 2 9 -10 
10 0.0009183 0.0001713878285262363 -1e-07 0.0009833000000000001 0.0002159351170372637 1e-07 1 103 2 10 -11 
11 0.0009831 0.0002157351170372637 -1e-07 0.0010481 0.0002649093930592809 1e-07 1 103 2 11 -12 
12 0.0010479 0.0002647093930592809 -1e-07 0.0011129 0.000318319295265184 1e-07 1 103 2 12 -13 
13 0.0011127 0.0003181192952651839 -1e-07 0.0011777 0.0003759561306308634 1e-07 1 103 2 13 -14 
14 0.0011775 0.0003757561306308634 -1e-07 0.0012425 0.0004375946898790918 1e-07 1 103 2 14 -15 
15 0.0012423 0.0004373946898790918 -1e-07 0.0013073 0.0005029941274587636 1e-07 1 103 2 15 -16 
16 0.0013071 0.0005027941274587637 -1e-07 0.0013721 0.0005718989026210686 1e-07 1 103 2 16 -17 
17 0.0013719 0.0005716989026210687 -1e-07 0.0014369 0.000644039777915454 1e-07 1 103 2 17 -18 
18 0.0014367 0.0006438397779154541 -1e-07 0.0015017 0.0007191348712038644 1e-07 1 103 2 18 -19 
19 0.0015015 0.0007189348712038645 -1e-07 0.0015665 0.0007968907570826413 1e-07 1 103 2 19 -20 
20 0.0015663 0.0007966907570826414 -1e-07 0.0016313 0.0008770036134083961 1e-07 1 103 2 20 -21 
21 0.0016311 0.0008768036134083962 -1e-07 0.0016961 0.0009591604084479452 1e-07 1 103 2 21 -22 
22 0.0016959 0.0009589604084479453 -1e-07 0.0017609 0.001043040124013653 1e-07 1 103 2 22 -23 
23 0.0017607 0.001042840124013653 -1e-07 0.0018257 0.001128315009804921 1e-07 1 103 2 23 -24 
24 0.0018255 0.001128115009804921 -1e-07 0.0018905 0.001214651864054637 1e-07 1 103 2 24 -25 
25 0.0018903 0.001214451864054637 -1e-07 0.0019553 0.00130171333547659 1e-07 1 103 2 25 -26 
26 0.0019551 0.00130151333547659 -1e-07 0.0020201 0.001389159241426663 1e-07 1 103 2 26 -27 
27 0.0020199 0.001388959241426662 -1e-07 0.0020849 0.001476647897127221 1e-07 1 103 2 27 -28 
28 0.0020847 0.00147644789712722 -1e-07 0.0021497 0.001563837450760916 1e-07 1 103 2 28 -29 
29 0.0021495 0.001563637450760915 -1e-07 0.0022145 0.001650387219217181 1e-07 1 103 2 29 -30 
30 0.0022143 0.001650187219217181 -1e-07 0.0022793 0.001735959019272137 1e-07 1 103 2 30 -31 
31 0.0022791 0.001735759019272137 -1e-07 0.0023441 0.001820218489000477 1e-07 1 103 2 31 -32 
32 0.0023439 0.001820018489000477 -1e-07 0.0024089 0.001902836394256074 1e-07 1 103 2 32 -33 
33 0.0024087 0.001902636394256074 -1e-07 0.0024737 0.001983489915116381 1e-07 1 103 2 33 -34 
34 0.0024735 0.001983289915116382 -1e-07 0.0025385 0.002061863907263991 1e-07 1 103 2 34 -35 
35 0.0025383 0.002061663907263991 -1e-07 0.0026033 0.002137652133376661 1e-07 1 103 2 35 -36 
36 0.0026031 0.002137452133376661 -1e-07 0.0026681 0.002210558459714275 1e-07 1 103 2 36 -37 
37 0.0026679 0.002210358459714276 -1e-07 0.002732899999999999 0.002280298013227238 1e-07 1 103 2 37 -38 
38 0.0027327 0.002280098013227239 -1e-07 0.0027977 0.002346598294665006 1e-07 1 103 2 38 -39 
39 0.0027975 0.002346398294665006 -1e-07 0.0028625 0.002409200243335439 1e-07 1 103 2 39 -40 
40 0.0028623 0.00240900024333544 -1e-07 0.002927299999999999 0.002467859249354535 1e-07 1 103 2 40 -41 
41 0.0029271 0.002467659249354535 -1e-07 0.0029921 0.002522346109431296 1e-07 1 103 2 41 -42 
42 0.0029919 0.002522146109431296 -1e-07 0.0030569 0.002572447922453121 1e-07 1 103 2 42 -43 
43 0.0030567 0.002572247922453121 -1e-07 0.0031217 0.002617968921372306 1e-07 1 103 2 43 -44 
44 0.0031215 0.002617768921372306 -1e-07 0.0031865 0.00265873123814318 1e-07 1 103 2 44 -45 
45 0.0031863 0.002658531238143181 -1e-07 0.0032513 0.002694575598720944 1e-07 1 103 2 45 -46 
46 0.0032511 0.002694375598720945 -1e-07 0.0033161 0.002725361945406608 1e-07 1 103 2 46 -47 
47 0.0033159 0.002725161945406608 -1e-07 0.0033809 0.002750969984106271 1e-07 1 103 2 47 -48 
48 0.0033807 0.002750769984106271 -1e-07 0.0034457 0.002771299654366405 1e-07 1 103 2 48 -49 
49 0.0034455 0.002771099654366405 -1e-07 0.0035105 0.002786271520348511 1e-07 1 103 2 49 -50 
50 0.0035103 0.002786071520348511 -1e-07 0.0035753 0.002795827081215493 1e-07 1 103 2 50 -51 
51 0.0035751 0.002795627081215493 -1e-07 0.0036401 0.002799928999716914 1e-07 1 103 2 51 -52 
52 0.0036399 0.002798438185675996 -1e-07 0.0037049 0.002799928999716914 1e-07 1 103 2 52 -53 
53 0.0037047 0.002791947712104472 -1e-07 0.0037697 0.002798638185675996 1e-07 1 103 2 53 -54 
54 0.0037695 0.002780291489792338 -1e-07 0.003834499999999999 0.002792147712104471 1e-07 1 103 2 54 -55 
55 0.0038343 0.002763515064082001 -1e-07 0.0038993 0.002780491489792337 1e-07 1 103 2 55 -56 
56 0.0038991 0.002741683986919277 -1e-07 0.0039641 0.002763715064082001 1e-07 1 103 2 56 -57 
57 0.003963899999999999 0.00271488356071672 -1e-07 0.0040289 0.002741883986919276 1e-07 1 103 2 57 -58 
58 0.0040287 0.002683218505044313 -1e-07 0.0040937 0.00271508356071672 1e-07 1 103 2 58 -59 
59 0.0040935 0.002646812547449829 -1e-07 0.0041585 0.002683418505044312 1e-07 1 103 2 59 -60 
60 0.004158299999999999 0.002605807940007739 -1e-07 0.004223300000000001 0.002647012547449829 1e-07 1 103 2 60 -61 
61 0.0042231 0.002560364903485655 -1e-07 0.0042881 0.002606007940007739 1e-07 1 103 2 61 -62 
62 0.0042879 0.002510661001300186 -1e-07 0.004352900000000001 0.002560564903485654 1e-07 1 103 2 62 -63 
63 0.0043527 0.002456890445708402 -1e-07 0.004417700000000001 0.002510861001300186 1e-07 1 103 2 63 -64 
64 0.0044175 0.002399263338945859 -1e-07 0.0044825 0.002457090445708401 1e-07 1 103 2 64 -65 
65 0.0044823 0.002338004852276395 -1e-07 0.004547300000000001 0.002399463338945859 1e-07 1 103 2 65 -66 
66 0.0045471 0.002273354346161409 -1e-07 0.0046121 0.002338204852276394 1e-07 1 103 2 66 -67 
67 0.0046119 0.002205564434986516 -1e-07 0.004676900000000001 0.002273554346161409 1e-07 1 103 2 67 -68 
68 0.004676700000000001 0.0021349 -1e-07 0.004741700000000001 0.002205764434986515 1e-07 1 103 2 68 -69 
69 0.0047415 0.002061637154319942 -1e-07 0.0048065 0.0021351 1e-07 1 103 2 69 -70 
70 0.004806299999999999 0.001986062164054092 -1e-07 0.0048713 0.002061837154319941 1e-07 1 103 2 70 -71 
71 0.0048711 0.001908470329748121 -1e-07 0.004936100000000001 0.001986262164054091 1e-07 1 103 2 71 -72 
72 0.0049359 0.001829164832532845 -1e-07 0.005000900000000001 0.001908670329748122 1e-07 1 103 2 72 -73 
73 0.0050007 0.001748455549478972 -1e-07 0.0050657 0.001829364832532845 1e-07 1 103 2 73 -74 
74 0.0050655 0.001666657842788239 -1e-07 0.005130500000000001 0.001748655549478972 1e-07 1 103 2 74 -75 
75 0.0051303 0.001584091327552033 -1e-07 0.0051953 0.001666857842788239 1e-07 1 103 2 75 -76 
76 0.005195099999999999 0.001501078622892336 -1e-07 0.005260100000000001 0.001584291327552033 1e-07 1 103 2 76 -77 
77 0.005259900000000001 0.00141794409136477 -1e-07 0.005324900000000001 0.001501278622892336 1e-07 1 103 2 77 -78 
78 0.005324700000000001 0.00133501257154937 -1e-07 0.0053897 0.00141814409136477 1e-07 1 103 2 78 -79 
79 0.005389499999999999 0.001252608108781354 -1e-07 0.0054545 0.00133521257154937 1e-07 1 103 2 79 -80 
80 0.0054543 0.001171052688981403 -1e-07 0.005519300000000001 0.001252808108781354 1e-07 1 103 2 80 -81 
81 0.005519100000000001 0.001090664980532862 -1e-07 0.005584100000000001 0.001171252688981403 1e-07 1 103 2 81 -82 
82 0.0055839 0.001011759089121837 -1e-07 0.005648900000000001 0.001090864980532862 1e-07 1 103 2 82 -83 
83 0.0056487 0.000934643330405513 -1e-07 0.0057137 0.001011959089121838 1e-07 1 103 2 83 -84 
84 0.0057135 0.0008596190253043227 -1e-07 0.005778500000000001 0.0009348433304055129 1e-07 1 103 2 84 -85 
85 0.0057783 0.0007869793226252601 -1e-07 0.005843300000000001 0.0008598190253043226 1e-07 1 103 2 85 -86 
86 0.0058431 0.000717008053616772 -1e-07 0.0059081 0.00078717932262526 1e-07 1 103 2 86 -87 
87 0.0059079 0.0006499786229309374 -1e-07 0.005972900000000001 0.0007172080536167719 1e-07 1 103 2 87 -88 
88 0.0059727 0.0005861529403263666 -1e-07 0.0060377 0.0006501786229309373 1e-07 1 103 2 88 -89 
89 0.006037499999999999 0.0005257803972860722 -1e-07 0.0061025 0.0005863529403263665 1e-07 1 103 2 89 -90 
90 0.0061023 0.0004690968925490475 -1e-07 0.006167300000000001 0.0005259803972860721 1e-07 1 103 2 90 -91 
91 0.0061671 0.0004163239103631981 -1e-07 0.006232100000000001 0.0004692968925490475 1e-07 1 103 2 91 -92 
92 0.0062319 0.0003676676550612184 -1e-07 0.0062969 0.0004165239103631982 1e-07 1 103 2 92 -93 
93 0.0062967 0.0003233182453409794 -1e-07 0.006361700000000001 0.0003678676550612184 1e-07 1 103 2 93 -94 
94 0.0063615 0.0002834489713986759 -1e-07 0.006426500000000001 0.0003235182453409794 1e-07 1 103 2 94 -95 
95 0.0064263 0.0002482156178173987 -1e-07 0.0064913 0.0002836489713986759 1e-07 1 103 2 95 -96 
96 0.0064911 0.0002177558548568698 -1e-07 0.0065561 0.0002484156178173987 1e-07 1 103 2 96 -97 
97 0.0065559 0.0001921887005228024 -1e-07 0.006620900000000001 0.0002179558548568698 1e-07 1 103 2 97 -98 
98 0.0066207 0.0001716140555177908 -1e-07 0.0066857 0.0001923887005228024 1e-07 1 103 2 98 -99 
99 0.0066855 0.0001561123128908526 -1e-07 0.0067505 0.0001718140555177908 1e-07 1 103 2 99 -100 
100 0.0067503 0.0001457440439108755 -1e-07 0.006815300000000001 0.0001563123128908526 1e-07 1 103 2 100 -101 
101 0.0068151 0.0001405497613913804 -1e-07 0.006880100000000001 0.0001459440439108755 1e-07 1 103 2 101 -102 
102 0.0068799 0.0001405497613913804 -1e-07 0.0069449 0.0001407497613913804 1e-07 1 103 2 102 -103 
103 0.0069447 0.0001405497613913804 -1e-07 0.007009700000000001 0.0001459440439108755 1e-07 1 103 2 103 -104 
104 0.0070095 0.0001457440439108755 -1e-07 0.0070745 0.0001563123128908526 1e-07 1 103 2 104 -105 
105 0.0070743 0.0001561123128908526 -1e-07 0.0071393 0.0001718140555177908 1e-07 1 103 2 105 -106 
106 0.0071391 0.0001716140555177908 -1e-07 0.007204100000000001 0.0001923887005228024 1e-07 1 103 2 106 -107 
107 0.007203900000000001 0.0001921887005228024 -1e-07 0.0072689 0.0002179558548568698 1e-07 1 103 2 107 -108 
108 0.007268699999999999 0.0002177558548568698 -1e-07 0.0073337 0.0002484156178173987 1e-07 1 103 2 108 -109 
109 0.0073335 0.0002482156178173987 -1e-07 0.0073985 0.0002836489713986759 1e-07 1 103 2 109 -110 
110 0.007398299999999999 0.0002834489713986759 -1e-07 0.007463300000000001 0.0003235182453409794 1e-07 1 103 2 110 -111 
111 0.0074631 0.0003233182453409794 -1e-07 0.007528100000000001 0.0003678676550612184 1e-07 1 103 2 111 -112 
112 0.007527900000000001 0.0003676676550612184 -1e-07 0.0075929 0.0004165239103631982 1e-07 1 103 2 112 -113 
113 0.007592699999999999 0.0004163239103631981 -1e-07 0.0076577 0.0004692968925490475 1e-07 1 103 2 113 -114 
114 0.007657499999999999 0.0004690968925490475 -1e-07 0.007722500000000001 0.0005259803972860721 1e-07 1 103 2 114 -115 
115 0.007722300000000001 0.0005257803972860722 -1e-07 0.0077873 0.0005863529403263665 1e-07 1 103 2 115 -116 
116 0.0077871 0.0005861529403263666 -1e-07 0.007852100000000001 0.0006501786229309373 1e-07 1 103 2 116 -117 
117 0.007851900000000002 0.0006499786229309374 -1e-07 0.007916899999999999 0.0007172080536167719 1e-07 1 103 2 117 -118 
118 0.0079167 0.000717008053616772 -1e-07 0.0079817 0.00078717932262526 1e-07 1 103 2 118 -119 
119 0.007981500000000001 0.0007869793226252601 -1e-07 0.0080465 0.0008598190253043226 1e-07 1 103 2 119 -120 
120 0.008046300000000001 0.0008596190253043227 -1e-07 0.0081113 0.0009348433304055129 1e-07 1 103 2 120 -121 
121 0.008111100000000001 0.000934643330405513 -1e-07 0.0081761 0.001011959089121838 1e-07 1 103 2 121 -122 
122 0.008175900000000002 0.001011759089121837 -1e-07 0.008240899999999997 0.001090864980532862 1e-07 1 103 2 122 -123 
123 0.008240699999999998 0.001090664980532862 -1e-07 0.008305699999999999 0.001171252688981403 1e-07 1 103 2 123 -124 
124 0.0083055 0.001171052688981403 -1e-07 0.008370499999999999 0.001252808108781354 1e-07 1 103 2 124 -125 
125 0.008370300000000001 0.001252608108781354 -1e-07 0.0084353 0.00133521257154937 1e-07 1 103 2 125 -126 
126 0.008435100000000001 0.00133501257154937 -1e-07 0.0085001 0.00141814409136477 1e-07 1 103 2 126 -127 
127 0.008499900000000001 0.00141794409136477 -1e-07 0.0085649 0.001501278622892336 1e-07 1 103 2 127 -128 
128 0.008564700000000001 0.001501078622892336 -1e-07 0.008629699999999999 0.001584291327552033 1e-07 1 103 2 128 -129 
129 0.0086295 0.001584091327552033 -1e-07 0.008694499999999999 0.001666857842788239 1e-07 1 103 2 129 -130 
130 0.0086943 0.001666657842788239 -1e-07 0.008759299999999999 0.001748655549478972 1e-07 1 103 2 130 -131 
131 0.008759100000000001 0.001748455549478972 -1e-07 0.0088241 0.001829364832532845 1e-07 1 103 2 131 -132 
132 0.008823900000000001 0.001829164832532845 -1e-07 0.0088889 0.001908670329748121 1e-07 1 103 2 132 -133 
133 0.008888700000000001 0.001908470329748121 -1e-07 0.008953700000000002 0.001986262164054091 1e-07 1 103 2 133 -134 
134 0.008953500000000003 0.001986062164054092 -1e-07 0.009018499999999999 0.002061837154319941 1e-07 1 103 2 134 -135 
135 0.0090183 0.002061637154319942 -1e-07 0.009083299999999999 0.0021351 1e-07 1 103 2 135 -136 
136 0.0090831 0.0021349 -1e-07 0.009148099999999999 0.002205764434986515 1e-07 1 103 2 136 -137 
137 0.0091479 0.002205564434986516 -1e-07 0.0092129 0.002273554346161409 1e-07 1 103 2 137 -138 
138 0.009212700000000001 0.002273354346161409 -1e-07 0.009277700000000002 0.002338204852276395 1e-07 1 103 2 138 -139 
139 0.009277500000000003 0.002338004852276396 -1e-07 0.009342499999999998 0.00239946333894586 1e-07 1 103 2 139 -140 
140 0.0093423 0.00239926333894586 -1e-07 0.009407299999999999 0.002457090445708401 1e-07 1 103 2 140 -141 
141 0.0094071 0.002456890445708401 -1e-07 0.009472099999999999 0.002510861001300186 1e-07 1 103 2 141 -142 
142 0.0094719 0.002510661001300186 -1e-07 0.009536899999999999 0.002560564903485654 1e-07 1 103 2 142 -143 
143 0.0095367 0.002560364903485655 -1e-07 0.009601700000000001 0.002606007940007739 1e-07 1 103 2 143 -144 
144 0.009601500000000002 0.002605807940007739 -1e-07 0.0096665 0.002647012547449828 1e-07 1 103 2 144 -145 
145 0.009666300000000001 0.002646812547449829 -1e-07 0.009731299999999998 0.002683418505044312 1e-07 1 103 2 145 -146 
146 0.009731099999999999 0.002683218505044312 -1e-07 0.0097961 0.00271508356071672 1e-07 1 103 2 146 -147 
147 0.009795900000000001 0.00271488356071672 -1e-07 0.009860899999999999 0.002741883986919276 1e-07 1 103 2 147 -148 
148 0.0098607 0.002741683986919276 -1e-07 0.009925700000000001 0.002763715064082001 1e-07 1 103 2 148 -149 
149 0.009925500000000002 0.002763515064082001 -1e-07 0.009990499999999999 0.002780491489792337 1e-07 1 103 2 149 -150 
150 0.009990300000000001 0.002780291489792338 -1e-07 0.0100553 0.002792147712104471 1e-07 1 103 2 150 -151 
151 0.0100551 0.002791947712104472 -1e-07 0.0101201 0.002798561248079996 1e-07 1 103 2 151 -152 
152 0.0101199 0.002798361248079996 -1e-07 0.0101849 0.002799928999716914 1e-07 1 103 2 152 -153 
153 0.0101847 0.002795627081215493 -1e-07 0.0102497 0.002799928999716914 1e-07 1 103 2 153 -154 
154 0.0102495 0.002786071520348511 -1e-07 0.0103145 0.002795827081215493 1e-07 1 103 2 154 -155 
155 0.0103143 0.002771099654366405 -1e-07 0.0103793 0.002786271520348511 1e-07 1 103 2 155 -156 
156 0.0103791 0.002750769984106271 -1e-07 0.0104441 0.002771299654366405 1e-07 1 103 2 156 -157 
157 0.0104439 0.002725161945406607 -1e-07 0.0105089 0.002750969984106271 1e-07 1 103 2 157 -158 
158 0.0105087 0.002694375598720944 -1e-07 0.0105737 0.002725361945406607 1e-07 1 103 2 158 -159 
159 0.0105735 0.00265853123814318 -1e-07 0.0106385 0.002694575598720944 1e-07 1 103 2 159 -160 
160 0.0106383 0.002617768921372306 -1e-07 0.0107033 0.00265873123814318 1e-07 1 103 2 160 -161 
161 0.0107031 0.002572247922453122 -1e-07 0.0107681 0.002617968921372306 1e-07 1 103 2 161 -162 
162 0.0107679 0.002522146109431297 -1e-07 0.0108329 0.002572447922453122 1e-07 1 103 2 162 -163 
163 0.0108327 0.002467659249354535 -1e-07 0.0108977 0.002522346109431297 1e-07 1 103 2 163 -164 
164 0.0108975 0.00240900024333544 -1e-07 0.0109625 0.002467859249354535 1e-07 1 103 2 164 -165 
165 0.0109623 0.002346398294665007 -1e-07 0.0110273 0.002409200243335439 1e-07 1 103 2 165 -166 
166 0.0110271 0.002280098013227239 -1e-07 0.0110921 0.002346598294665006 1e-07 1 103 2 166 -167 
167 0.0110919 0.002210358459714276 -1e-07 0.0111569 0.002280298013227239 1e-07 1 103 2 167 -168 
168 0.0111567 0.002137452133376661 -1e-07 0.0112217 0.002210558459714276 1e-07 1 103 2 168 -169 
169 0.0112215 0.002061663907263991 -1e-07 0.0112865 0.002137652133376661 1e-07 1 103 2 169 -170 
170 0.0112863 0.001983289915116381 -1e-07 0.0113513 0.002061863907263991 1e-07 1 103 2 170 -171 
171 0.0113511 0.001902636394256074 -1e-07 0.0114161 0.00198348991511638 1e-07 1 103 2 171 -172 
172 0.0114159 0.001820018489000476 -1e-07 0.0114809 0.001902836394256074 1e-07 1 103 2 172 -173 
173 0.0114807 0.001735759019272136 -1e-07 0.0115457 0.001820218489000476 1e-07 1 103 2 173 -174 
174 0.0115455 0.00165018721921718 -1e-07 0.0116105 0.001735959019272136 1e-07 1 103 2 174 -175 
175 0.0116103 0.001563637450760914 -1e-07 0.0116753 0.00165038721921718 1e-07 1 103 2 175 -176 
176 0.0116751 0.001476447897127219 -1e-07 0.0117401 0.001563837450760914 1e-07 1 103 2 176 -177 
177 0.0117399 0.001388959241426664 -1e-07 0.0118049 0.001476647897127219 1e-07 1 103 2 177 -178 
178 0.0118047 0.001301513335476591 -1e-07 0.0118697 0.001389159241426664 1e-07 1 103 2 178 -179 
179 0.0118695 0.001214451864054638 -1e-07 0.0119345 0.001301713335476591 1e-07 1 103 2 179 -180 
180 0.0119343 0.001128115009804922 -1e-07 0.0119993 0.001214651864054638 1e-07 1 103 2 180 -181 
181 0.0119991 0.001042840124013653 -1e-07 0.0120641 0.001128315009804922 1e-07 1 103 2 181 -182 
182 0.0120639 0.0009589604084479462 -1e-07 0.0121289 0.001043040124013654 1e-07 1 103 2 182 -183 
183 0.0121287 0.0008768036134083966 -1e-07 0.0121937 0.0009591604084479461 1e-07 1 103 2 183 -184 
184 0.0121935 0.0007966907570826417 -1e-07 0.0122585 0.0008770036134083965 1e-07 1 103 2 184 -185 
185 0.0122583 0.0007189348712038645 -1e-07 0.0123233 0.0007968907570826416 1e-07 1 103 2 185 -186 
186 0.0123231 0.0006438397779154538 -1e-07 0.0123881 0.0007191348712038644 1e-07 1 103 2 186 -187 
187 0.0123879 0.0005716989026210684 -1e-07 0.0124529 0.0006440397779154537 1e-07 1 103 2 187 -188 
188 0.0124527 0.0005027941274587631 -1e-07 0.0125177 0.0005718989026210683 1e-07 1 103 2 188 -189 
189 0.0125175 0.0004373946898790914 -1e-07 0.0125825 0.000502994127458763 1e-07 1 103 2 189 -190 
190 0.0125823 0.0003757561306308629 -1e-07 0.0126473 0.0004375946898790914 1e-07 1 103 2 190 -191 
191 0.0126471 0.0003181192952651835 -1e-07 0.0127121 0.0003759561306308629 1e-07 1 103 2 191 -192 
192 0.0127119 0.0002647093930592803 -1e-07 0.0127769 0.0003183192952651835 1e-07 1 103 2 192 -193 
193 0.0127767 0.000215735117037263 -1e-07 0.0128417 0.0002649093930592803 1e-07 1 103 2 193 -194 
194 0.0128415 0.0001713878285262369 -1e-07 0.0129065 0.000215935117037263 1e-07 1 103 2 194 -195 
195 0.0129063 0.0001318408094340137 -1e-07 0.0129713 0.0001715878285262369 1e-07 1 103 2 195 -196 
196 0.0129711 9.724858517007917e-05 -1e-07 0.0130361 0.0001320408094340137 1e-07 1 103 2 196 -197 
197 0.0130359 6.774632085539671e-05 -1e-07 0.0131009 9.744858517007917e-05 1e-07 1 103 2 197 -198 
198 0.0131007 4.344929318031092e-05 -1e-07 0.0131657 6.794632085539671e-05 1e-07 1 103 2 198 -199 
199 0.0131655 2.445243997419345e-05 -1e-07 0.0132305 4.364929318031093e-05 1e-07 1 103 2 199 -200 
200 0.0132303 1.082998924684059e-05 -1e-07 0.0132953 2.465243997419345e-05 1e-07 1 103 2 200 -201 
201 0.0132951 2.635169151097617e-06 -1e-07 0.0133601 1.102998924684059e-05 1e-07 1 103 2 201 -202 
202 0.0133599 -9.999999999999989e-08 -1e-07 0.0170001 2.835169151097616e-06 1e-07 1 103 2 202 -203 
203 0.0169999 -9.99999999998398e-08 -1e-07 0.0170001 0.0070001 1e-07 1 102 2 203 -204 
204 0.0165999 0.0069999 -1e-07 0.0170001 0.0070001 1e-07 1 103 2 204 -205 
205 0.0165351 0.006997164830848902 -1e-07 0.0166001 0.0070001 1e-07 1 103 2 205 -206 
206 0.0164703 0.006988970010753159 -1e-07 0.0165353 0.006997364830848903 1e-07 1 103 2 206 -207 
207 0.0164055 0.006975347560025806 -1e-07 0.0164705 0.00698917001075316 1e-07 1 103 2 207 -208 
208 0.0163407 0.006956350706819689 -1e-07 0.0164057 0.006975547560025806 1e-07 1 103 2 208 -209 
209 0.0162759 0.006932053679144603 -1e-07 0.0163409 0.006956550706819689 1e-07 1 103 2 209 -210 
210 0.0162111 0.006902551414829921 -1e-07 0.0162761 0.006932253679144604 1e-07 1 103 2 210 -211 
211 0.0161463 0.006867959190565986 -1e-07 0.0162113 0.006902751414829922 1e-07 1 103 2 211 -212 
212 0.0160815 0.006828412171473764 -1e-07 0.0161465 0.006868159190565987 1e-07 1 103 2 212 -213 
213 0.0160167 0.006784064882962736 -1e-07 0.0160817 0.006828612171473764 1e-07 1 103 2 213 -214 
214 0.0159519 0.006735090606940719 -1e-07 0.0160169 0.006784264882962737 1e-07 1 103 2 214 -215 
215 0.0158871 0.006681680704734816 -1e-07 0.0159521 0.00673529060694072 1e-07 1 103 2 215 -216 
216 0.0158223 0.006624043869369137 -1e-07 0.0158873 0.006681880704734817 1e-07 1 103 2 216 -217 
217 0.0157575 0.006562405310120908 -1e-07 0.0158225 0.006624243869369138 1e-07 1 103 2 217 -218 
218 0.0156927 0.006497005872541236 -1e-07 0.0157577 0.006562605310120909 1e-07 1 103 2 218 -219 
219 0.0156279 0.006428101097378931 -1e-07 0.0156929 0.006497205872541236 1e-07 1 103 2 219 -220 
220 0.0155631 0.006355960222084546 -1e-07 0.0156281 0.006428301097378931 1e-07 1 103 2 220 -221 
221 0.0154983 0.006280865128796135 -1e-07 0.0155633 0.006356160222084547 1e-07 1 103 2 221 -222 
222 0.0154335 0.006203109242917358 -1e-07 0.0154985 0.006281065128796136 1e-07 1 103 2 222 -223 
223 0.0153687 0.006122996386591604 -1e-07 0.0154337 0.006203309242917359 1e-07 1 103 2 223 -224 
224 0.0153039 0.006040839591552055 -1e-07 0.0153689 0.006123196386591604 1e-07 1 103 2 224 -225 
225 0.0152391 0.005956959875986347 -1e-07 0.0153041 0.006041039591552055 1e-07 1 103 2 225 -226 
226 0.0151743 0.005871684990195079 -1e-07 0.0152393 0.005957159875986348 1e-07 1 103 2 226 -227 
227 0.0151095 0.005785348135945363 -1e-07 0.0151745 0.00587188499019508 1e-07 1 103 2 227 -228 
228 0.0150447 0.00569828666452341 -1e-07 0.0151097 0.005785548135945363 1e-07 1 103 2 228 -229 
229 0.0149799 0.005610840758573338 -1e-07 0.0150449 0.00569848666452341 1e-07 1 103 2 229 -230 
230 0.0149151 0.005523352102872779 -1e-07 0.0149801 0.005611040758573338 1e-07 1 103 2 230 -231 
231 0.0148503 0.005436162549239084 -1e-07 0.0149153 0.00552355210287278 1e-07 1 103 2 231 -232 
232 0.0147855 0.005349612780782819 -1e-07 0.0148505 0.005436362549239085 1e-07 1 103 2 232 -233 
233 0.0147207 0.005264040980727864 -1e-07 0.0147857 0.005349812780782819 1e-07 1 103 2 233 -234 
234 0.0146559 0.005179781510999524 -1e-07 0.0147209 0.005264240980727864 1e-07 1 103 2 234 -235 
235 0.0145911 0.005097163605743926 -1e-07 0.0146561 0.005179981510999524 1e-07 1 103 2 235 -236 
236 0.0145263 0.005016510084883618 -1e-07 0.0145913 0.005097363605743926 1e-07 1 103 2 236 -237 
237 0.0144615 0.004938136092736009 -1e-07 0.0145265 0.005016710084883619 1e-07 1 103 2 237 -238 
238 0.0143967 0.004862347866623339 -1e-07 0.0144617 0.00493833609273601 1e-07 1 103 2 238 -239 
239 0.0143319 0.004789441540285724 -1e-07 0.0143969 0.00486254786662334 1e-07 1 103 2 239 -240 
240 0.0142671 0.004719701986772761 -1e-07 0.0143321 0.004789641540285725 1e-07 1 103 2 240 -241 
241 0.0142023 0.004653401705334994 -1e-07 0.0142673 0.004719901986772762 1e-07 1 103 2 241 -242 
242 0.0141375 0.00459079975666456 -1e-07 0.0142025 0.004653601705334995 1e-07 1 103 2 242 -243 
243 0.0140727 0.004532140750645466 -1e-07 0.0141377 0.004590999756664561 1e-07 1 103 2 243 -244 
244 0.0140079 0.004477653890568704 -1e-07 0.0140729 0.004532340750645466 1e-07 1 103 2 244 -245 
245 0.0139431 0.004427552077546879 -1e-07 0.0140081 0.004477853890568704 1e-07 1 103 2 245 -246 
246 0.0138783 0.004382031078627694 -1e-07 0.0139433 0.00442775207754688 1e-07 1 103 2 246 -247 
247 0.0138135 0.00434126876185682 -1e-07 0.0138785 0.004382231078627694 1e-07 1 103 2 247 -248 
248 0.0137487 0.004305424401279056 -1e-07 0.0138137 0.00434146876185682 1e-07 1 103 2 248 -249 
249 0.0136839 0.004274638054593392 -1e-07 0.0137489 0.004305624401279057 1e-07 1 103 2 249 -250 
250 0.0136191 0.004249030015893728 -1e-07 0.0136841 0.004274838054593393 1e-07 1 103 2 250 -251 
251 0.0135543 0.004228700345633595 -1e-07 0.0136193 0.004249230015893729 1e-07 1 103 2 251 -252 
252 0.0134895 0.004213728479651489 -1e-07 0.0135545 0.004228900345633595 1e-07 1 103 2 252 -253 
253 0.0134247 0.004204172918784508 -1e-07 0.0134897 0.00421392847965149 1e-07 1 103 2 253 -254 
254 0.0133599 0.004200071000283087 -1e-07 0.0134249 0.004204372918784508 1e-07 1 103 2 254 -255 
255 0.0132951 0.004200071000283087 -1e-07 0.0133601 0.004201561814324004 1e-07 1 103 2 255 -256 
256 0.0132303 0.004201361814324004 -1e-07 0.0132953 0.004208052287895529 1e-07 1 103 2 256 -257 
257 0.0131655 0.004207852287895528 -1e-07 0.0132305 0.004219708510207663 1e-07 1 103 2 257 -258 
258 0.0131007 0.004219508510207663 -1e-07 0.0131657 0.004236484935917999 1e-07 1 103 2 258 -259 
259 0.0130359 0.004236284935917998 -1e-07 0.0131009 0.004258316013080724 1e-07 1 103 2 259 -260 
260 0.0129711 0.004258116013080723 -1e-07 0.0130361 0.004285116439283281 1e-07 1 103 2 260 -261 
261 0.0129063 0.00428491643928328 -1e-07 0.0129713 0.004316781494955688 1e-07 1 103 2 261 -262 
262 0.0128415 0.004316581494955687 -1e-07 0.0129065 0.004353187452550171 1e-07 1 103 2 262 -263 
263 0.0127767 0.004352987452550171 -1e-07 0.0128417 0.004394192059992261 1e-07 1 103 2 263 -264 
264 0.0127119 0.004393992059992261 -1e-07 0.0127769 0.004439635096514347 1e-07 1 103 2 264 -265 
265 0.0126471 0.004439435096514346 -1e-07 0.0127121 0.004489338998699815 1e-07 1 103 2 265 -266 
266 0.0125823 0.004489138998699814 -1e-07 0.0126473 0.0045431095542916 1e-07 1 103 2 266 -267 
267 0.0125175 0.004542909554291599 -1e-07 0.0125825 0.004600736661054141 1e-07 1 103 2 267 -268 
268 0.0124527 0.004600536661054141 -1e-07 0.0125177 0.004661995147723605 1e-07 1 103 2 268 -269 
269 0.0123879 0.004661795147723605 -1e-07 0.0124529 0.004726645653838591 1e-07 1 103 2 269 -270 
270 0.0123231 0.00472644565383859 -1e-07 0.0123881 0.004794435565013485 1e-07 1 103 2 270 -271 
271 0.0122583 0.004794235565013485 -1e-07 0.0123233 0.004865100000000001 1e-07 1 103 2 271 -272 
272 0.0121935 0.0048649 -1e-07 0.0122585 0.004938362845680059 1e-07 1 103 2 272 -273 
273 0.0121287 0.004938162845680058 -1e-07 0.0121937 0.005013937835945909 1e-07 1 103 2 273 -274 
274 0.0120639 0.005013737835945909 -1e-07 0.0121289 0.005091529670251879 1e-07 1 103 2 274 -275 
275 0.0119991 0.005091329670251879 -1e-07 0.0120641 0.005170835167467156 1e-07 1 103 2 275 -276 
276 0.0119343 0.005170635167467155 -1e-07 0.0119993 0.005251544450521028 1e-07 1 103 2 276 -277 
277 0.0118695 0.005251344450521027 -1e-07 0.0119345 0.005333342157211761 1e-07 1 103 2 277 -278 
278 0.0118047 0.00533314215721176 -1e-07 0.0118697 0.005415908672447968 1e-07 1 103 2 278 -279 
279 0.0117399 0.005415708672447968 -1e-07 0.0118049 0.005498921377107664 1e-07 1 103 2 279 -280 
280 0.0116751 0.005498721377107663 -1e-07 0.0117401 0.00558205590863523 1e-07 1 103 2 280 -281 
281 0.0116103 0.00558185590863523 -1e-07 0.0116753 0.005664987428450631 1e-07 1 103 2 281 -282 
282 0.0115455 0.00566478742845063 -1e-07 0.0116105 0.005747391891218647 1e-07 1 103 2 282 -283 
283 0.0114807 0.005747191891218646 -1e-07 0.0115457 0.005828947311018597 1e-07 1 103 2 283 -284 
284 0.0114159 0.005828747311018597 -1e-07 0.0114809 0.005909335019467138 1e-07 1 103 2 284 -285 
285 0.0113511 0.005909135019467137 -1e-07 0.0114161 0.005988240910878163 1e-07 1 103 2 285 -286 
286 0.0112863 0.005988040910878163 -1e-07 0.0113513 0.006065356669594488 1e-07 1 103 2 286 -287 
287 0.0112215 0.006065156669594487 -1e-07 0.0112865 0.006140380974695678 1e-07 1 103 2 287 -288 
288 0.0111567 0.006140180974695678 -1e-07 0.0112217 0.00621302067737474 1e-07 1 103 2 288 -289 
289 0.0110919 0.00621282067737474 -1e-07 0.0111569 0.006282991946383229 1e-07 1 103 2 289 -290 
290 0.0110271 0.006282791946383228 -1e-07 0.0110921 0.006350021377069063 1e-07 1 103 2 290 -291 
291 0.0109623 0.006349821377069062 -1e-07 0.0110273 0.006413847059673634 1e-07 1 103 2 291 -292 
292 0.0108975 0.006413647059673634 -1e-07 0.0109625 0.006474219602713928 1e-07 1 103 2 292 -293 
293 0.0108327 0.006474019602713928 -1e-07 0.0108977 0.006530903107450953 1e-07 1 103 2 293 -294 
294 0.0107679 0.006530703107450952 -1e-07 0.0108329 0.006583676089636802 1e-07 1 103 2 294 -295 
295 0.0107031 0.006583476089636802 -1e-07 0.0107681 0.006632332344938782 1e-07 1 103 2 295 -296 
296 0.0106383 0.006632132344938781 -1e-07 0.0107033 0.00667668175465902 1e-07 1 103 2 296 -297 
297 0.0105735 0.00667648175465902 -1e-07 0.0106385 0.006716551028601325 1e-07 1 103 2 297 -298 
298 0.0105087 0.006716351028601324 -1e-07 0.0105737 0.006751784382182602 1e-07 1 103 2 298 -299 
299 0.0104439 0.006751584382182601 -1e-07 0.0105089 0.006782244145143131 1e-07 1 103 2 299 -300 
300 0.0103791 0.00678204414514313 -1e-07 0.0104441 0.006807811299477199 1e-07 1 103 2 300 -301 
301 0.0103143 0.006807611299477198 -1e-07 0.0103793 0.00682838594448221 1e-07 1 103 2 301 -302 
302 0.0102495 0.006828185944482209 -1e-07 0.0103145 0.006843887687109147 1e-07 1 103 2 302 -303 
303 0.0101847 0.006843687687109147 -1e-07 0.0102497 0.006854255956089125 1e-07 1 103 2 303 -304 
304 0.0101199 0.006854055956089125 -1e-07 0.0101849 0.00685945023860862 1e-07 1 103 2 304 -305 
305 0.0100551 0.00685925023860862 -1e-07 0.0101201 0.00685945023860862 1e-07 1 103 2 305 -306 
306 0.009990300000000002 0.006854055956089125 -1e-07 0.0100553 0.00685945023860862 1e-07 1 103 2 306 -307 
307 0.0099255 0.006843687687109147 -1e-07 0.009990500000000001 0.006854255956089125 1e-07 1 103 2 307 -308 
308 0.009860700000000002 0.006828185944482209 -1e-07 0.009925699999999999 0.006843887687109147 1e-07 1 103 2 308 -309 
309 0.0097959 0.006807611299477198 -1e-07 0.009860900000000001 0.00682838594448221 1e-07 1 103 2 309 -310 
310 0.009731100000000001 0.00678204414514313 -1e-07 0.009796099999999999 0.006807811299477199 1e-07 1 103 2 310 -311 
311 0.009666300000000001 0.006751584382182601 -1e-07 0.0097313 0.006782244145143131 1e-07 1 103 2 311 -312 
312 0.009601500000000002 0.006716351028601324 -1e-07 0.0096665 0.006751784382182602 1e-07 1 103 2 312 -313 
313 0.0095367 0.00667648175465902 -1e-07 0.009601700000000001 0.006716551028601325 1e-07 1 103 2 313 -314 
314 0.0094719 0.006632132344938781 -1e-07 0.009536899999999999 0.00667668175465902 1e-07 1 103 2 314 -315 
315 0.0094071 0.006583476089636802 -1e-07 0.009472099999999999 0.006632332344938782 1e-07 1 103 2 315 -316 
316 0.009342300000000001 0.006530703107450952 -1e-07 0.009407299999999999 0.006583676089636802 1e-07 1 103 2 316 -317 
317 0.009277500000000001 0.006474019602713928 -1e-07 0.0093425 0.006530903107450953 1e-07 1 103 2 317 -318 
318 0.009212700000000001 0.006413647059673634 -1e-07 0.0092777 0.006474219602713928 1e-07 1 103 2 318 -319 
319 0.0091479 0.006349821377069062 -1e-07 0.0092129 0.006413847059673634 1e-07 1 103 2 319 -320 
320 0.009083100000000002 0.006282791946383228 -1e-07 0.009148099999999999 0.006350021377069063 1e-07 1 103 2 320 -321 
321 0.0090183 0.00621282067737474 -1e-07 0.009083300000000001 0.006282991946383229 1e-07 1 103 2 321 -322 
322 0.008953500000000001 0.006140180974695678 -1e-07 0.009018499999999999 0.00621302067737474 1e-07 1 103 2 322 -323 
323 0.008888700000000001 0.006065156669594487 -1e-07 0.0089537 0.006140380974695678 1e-07 1 103 2 323 -324 
324 0.008823900000000001 0.005988040910878163 -1e-07 0.0088889 0.006065356669594488 1e-07 1 103 2 324 -325 
325 0.008759100000000002 0.005909135019467137 -1e-07 0.0088241 0.005988240910878163 1e-07 1 103 2 325 -326 
326 0.0086943 0.005828747311018597 -1e-07 0.008759300000000001 0.005909335019467138 1e-07 1 103 2 326 -327 
327 0.0086295 0.005747191891218646 -1e-07 0.008694499999999999 0.005828947311018597 1e-07 1 103 2 327 -328 
328 0.008564700000000001 0.00566478742845063 -1e-07 0.008629699999999999 0.005747391891218647 1e-07 1 103 2 328 -329 
329 0.008499900000000001 0.00558185590863523 -1e-07 0.0085649 0.005664987428450631 1e-07 1 103 2 329 -330 
330 0.008435100000000001 0.005498721377107663 -1e-07 0.0085001 0.00558205590863523 1e-07 1 103 2 330 -331 
331 0.008370300000000001 0.005415708672447968 -1e-07 0.0084353 0.005498921377107664 1e-07 1 103 2 331 -332 
332 0.0083055 0.00533314215721176 -1e-07 0.008370499999999999 0.005415908672447968 1e-07 1 103 2 332 -333 
333 0.0082407 0.005251344450521027 -1e-07 0.008305699999999999 0.005333342157211761 1e-07 1 103 2 333 -334 
334 0.008175900000000002 0.005170635167467155 -1e-07 0.008240899999999999 0.005251544450521028 1e-07 1 103 2 334 -335 
335 0.008111100000000001 0.005091329670251879 -1e-07 0.0081761 0.005170835167467156 1e-07 1 103 2 335 -336 
336 0.008046299999999999 0.005013737835945909 -1e-07 0.0081113 0.005091529670251879 1e-07 1 103 2 336 -337 
337 0.007981500000000001 0.004938162845680058 -1e-07 0.008046499999999998 0.005013937835945909 1e-07 1 103 2 337 -338 
338 0.0079167 0.0048649 -1e-07 0.0079817 0.004938362845680059 1e-07 1 103 2 338 -339 
339 0.007851900000000002 0.004794235565013485 -1e-07 0.007916899999999999 0.004865100000000001 1e-07 1 103 2 339 -340 
340 0.0077871 0.00472644565383859 -1e-07 0.007852100000000001 0.004794435565013485 1e-07 1 103 2 340 -341 
341 0.007722299999999999 0.004661795147723605 -1e-07 0.0077873 0.004726645653838591 1e-07 1 103 2 341 -342 
342 0.0076575 0.00460053666105414 -1e-07 0.007722499999999999 0.004661995147723605 1e-07 1 103 2 342 -343 
343 0.0075927 0.004542909554291599 -1e-07 0.007657700000000001 0.00460073666105414 1e-07 1 103 2 343 -344 
344 0.007527900000000001 0.004489138998699814 -1e-07 0.007592900000000001 0.0045431095542916 1e-07 1 103 2 344 -345 
345 0.0074631 0.004439435096514346 -1e-07 0.007528100000000001 0.004489338998699815 1e-07 1 103 2 345 -346 
346 0.007398299999999998 0.004393992059992261 -1e-07 0.007463300000000001 0.004439635096514347 1e-07 1 103 2 346 -347 
347 0.007333500000000001 0.004352987452550172 -1e-07 0.007398499999999999 0.004394192059992261 1e-07 1 103 2 347 -348 
348 0.0072687 0.004316581494955687 -1e-07 0.007333700000000001 0.004353187452550172 1e-07 1 103 2 348 -349 
349 0.007203899999999998 0.00428491643928328 -1e-07 0.007268900000000001 0.004316781494955688 1e-07 1 103 2 349 -350 
350 0.007139100000000001 0.004258116013080725 -1e-07 0.007204099999999999 0.004285116439283281 1e-07 1 103 2 350 -351 
351 0.007074299999999999 0.004236284935917998 -1e-07 0.007139300000000001 0.004258316013080726 1e-07 1 103 2 351 -352 
352 0.007009500000000001 0.004219508510207663 -1e-07 0.007074499999999999 0.004236484935917999 1e-07 1 103 2 352 -353 
353 0.006944700000000001 0.004207852287895528 -1e-07 0.007009700000000002 0.004219708510207663 1e-07 1 103 2 353 -354 
354 0.006879899999999999 0.004201438751920005 -1e-07 0.006944900000000001 0.004208052287895529 1e-07 1 103 2 354 -355 
355 0.006815100000000001 0.004200071000283087 -1e-07 0.006880099999999999 0.004201638751920005 1e-07 1 103 2 355 -356 
356 0.006750299999999999 0.004200071000283087 -1e-07 0.006815300000000002 0.004204372918784508 1e-07 1 103 2 356 -357 
357 0.0066855 0.004204172918784508 -1e-07 0.0067505 0.00421392847965149 1e-07 1 103 2 357 -358 
358 0.006620700000000001 0.004213728479651489 -1e-07 0.006685700000000001 0.004228900345633595 1e-07 1 103 2 358 -359 
359 0.006555899999999999 0.004228700345633595 -1e-07 0.006620900000000002 0.00424923001589373 1e-07 1 103 2 359 -360 
360 0.006491100000000001 0.004249030015893729 -1e-07 0.0065561 0.004274838054593393 1e-07 1 103 2 360 -361 
361 0.006426299999999999 0.004274638054593392 -1e-07 0.006491300000000001 0.004305624401279057 1e-07 1 103 2 361 -362 
362 0.006361499999999999 0.004305424401279056 -1e-07 0.0064265 0.004341468761856821 1e-07 1 103 2 362 -363 
363 0.006296700000000001 0.00434126876185682 -1e-07 0.0063617 0.004382231078627694 1e-07 1 103 2 363 -364 
364 0.006231899999999999 0.004382031078627694 -1e-07 0.006296900000000001 0.004427752077546879 1e-07 1 103 2 364 -365 
365 0.006167100000000001 0.004427552077546878 -1e-07 0.0062321 0.004477853890568703 1e-07 1 103 2 365 -366 
366 0.006102299999999999 0.004477653890568703 -1e-07 0.006167300000000001 0.004532340750645466 1e-07 1 103 2 366 -367 
367 0.006037499999999999 0.004532140750645466 -1e-07 0.006102499999999999 0.004590999756664561 1e-07 1 103 2 367 -368 
368 0.005972700000000001 0.00459079975666456 -1e-07 0.0060377 0.004653601705334994 1e-07 1 103 2 368 -369 
369 0.005907899999999999 0.004653401705334993 -1e-07 0.005972900000000001 0.004719901986772762 1e-07 1 103 2 369 -370 
370 0.0058431 0.004719701986772761 -1e-07 0.005908099999999999 0.004789641540285724 1e-07 1 103 2 370 -371 
371 0.005778299999999999 0.004789441540285723 -1e-07 0.0058433 0.00486254786662334 1e-07 1 103 2 371 -372 
372 0.0057135 0.004862347866623339 -1e-07 0.0057785 0.00493833609273601 1e-07 1 103 2 372 -373 
373 0.005648700000000001 0.004938136092736009 -1e-07 0.0057137 0.00501671008488362 1e-07 1 103 2 373 -374 
374 0.005583899999999999 0.005016510084883619 -1e-07 0.005648900000000002 0.005097363605743926 1e-07 1 103 2 374 -375 
375 0.0055191 0.005097163605743926 -1e-07 0.0055841 0.005179981510999524 1e-07 1 103 2 375 -376 
376 0.0054543 0.005179781510999524 -1e-07 0.0055193 0.005264240980727864 1e-07 1 103 2 376 -377 
377 0.005389499999999999 0.005264040980727864 -1e-07 0.0054545 0.00534981278078282 1e-07 1 103 2 377 -378 
378 0.005324700000000002 0.00534961278078282 -1e-07 0.0053897 0.005436362549239086 1e-07 1 103 2 378 -379 
379 0.0052599 0.005436162549239085 -1e-07 0.005324900000000002 0.005523552102872782 1e-07 1 103 2 379 -380 
380 0.005195099999999999 0.005523352102872781 -1e-07 0.0052601 0.005611040758573336 1e-07 1 103 2 380 -381 
381 0.0051303 0.005610840758573336 -1e-07 0.0051953 0.005698486664523409 1e-07 1 103 2 381 -382 
382 0.0050655 0.005698286664523409 -1e-07 0.005130500000000001 0.005785548135945362 1e-07 1 103 2 382 -383 
383 0.005000699999999999 0.005785348135945362 -1e-07 0.0050657 0.005871884990195078 1e-07 1 103 2 383 -384 
384 0.0049359 0.005871684990195077 -1e-07 0.0050009 0.005957159875986347 1e-07 1 103 2 384 -385 
385 0.0048711 0.005956959875986346 -1e-07 0.004936100000000001 0.006041039591552055 1e-07 1 103 2 385 -386 
386 0.004806299999999999 0.006040839591552054 -1e-07 0.0048713 0.006123196386591604 1e-07 1 103 2 386 -387 
387 0.0047415 0.006122996386591604 -1e-07 0.0048065 0.006203309242917359 1e-07 1 103 2 387 -388 
388 0.0046767 0.006203109242917358 -1e-07 0.004741700000000001 0.006281065128796136 1e-07 1 103 2 388 -389 
389 0.0046119 0.006280865128796135 -1e-07 0.0046769 0.006356160222084547 1e-07 1 103 2 389 -390 
390 0.0045471 0.006355960222084547 -1e-07 0.0046121 0.006428301097378931 1e-07 1 103 2 390 -391 
391 0.0044823 0.006428101097378931 -1e-07 0.004547300000000001 0.006497205872541237 1e-07 1 103 2 391 -392 
392 0.0044175 0.006497005872541236 -1e-07 0.0044825 0.006562605310120909 1e-07 1 103 2 392 -393 
393 0.0043527 0.006562405310120908 -1e-07 0.004417700000000001 0.006624243869369138 1e-07 1 103 2 393 -394 
394 0.0042879 0.006624043869369137 -1e-07 0.004352900000000001 0.006681880704734817 1e-07 1 103 2 394 -395 
395 0.0042231 0.006681680704734816 -1e-07 0.0042881 0.00673529060694072 1e-07 1 103 2 395 -396 
396 0.0041583 0.006735090606940719 -1e-07 0.004223300000000001 0.006784264882962738 1e-07 1 103 2 396 -397 
397 0.0040935 0.006784064882962737 -1e-07 0.004158500000000001 0.006828612171473764 1e-07 1 103 2 397 -398 
398 0.004028700000000001 0.006828412171473763 -1e-07 0.0040937 0.006868159190565987 1e-07 1 103 2 398 -399 
399 0.0039639 0.006867959190565986 -1e-07 0.004028900000000001 0.006902751414829922 1e-07 1 103 2 399 -400 
400 0.003899100000000001 0.006902551414829921 -1e-07 0.003964100000000001 0.006932253679144604 1e-07 1 103 2 400 -401 
401 0.003834300000000001 0.006932053679144603 -1e-07 0.003899300000000001 0.006956550706819689 1e-07 1 103 2 401 -402 
402 0.003769500000000001 0.006956350706819689 -1e-07 0.0038345 0.006975547560025806 1e-07 1 103 2 402 -403 
403 0.003704700000000001 0.006975347560025806 -1e-07 0.0037697 0.00698917001075316 1e-07 1 103 2 403 -404 
404 0.003639899999999999 0.006988970010753159 -1e-07 0.003704900000000001 0.006997364830848903 1e-07 1 103 2 404 -405 
405 -1.000000000000566e-07 0.006997164830848902 -1e-07 0.003640099999999999 0.0070001 1e-07 1 103 2 405 -406 
406 -1e-07 -9.99999999998398e-08 -1e-07 1e-07 0.0070001 1e-07 1 101 2 406 -1 
1 -9.999999999940612e-08 -9.99999999998398e-08 -1e-07 0.0170001 0.0070001 1e-07 1 201 406 1 2 3 4 5 6 7 8 9 10 11 12 13 14 15 16 17 18 19 20 21 22 23 24 25 26 27 28 29 30 31 32 33 34 35 36 37 38 39 40 41 42 43 44 45 46 47 48 49 50 51 52 53 54 55 56 57 58 59 60 61 62 63 64 65 66 67 68 69 70 71 72 73 74 75 76 77 78 79 80 81 82 83 84 85 86 87 88 89 90 91 92 93 94 95 96 97 98 99 100 101 102 103 104 105 106 107 108 109 110 111 112 113 114 115 116 117 118 119 120 121 122 123 124 125 126 127 128 129 130 131 132 133 134 135 136 137 138 139 140 141 142 143 144 145 146 147 148 149 150 151 152 153 154 155 156 157 158 159 160 161 162 163 164 165 166 167 168 169 170 171 172 173 174 175 176 177 178 179 180 181 182 183 184 185 186 187 188 189 190 191 192 193 194 195 196 197 198 199 200 201 202 203 204 205 206 207 208 209 210 211 212 213 214 215 216 217 218 219 220 221 222 223 224 225 226 227 228 229 230 231 232 233 234 235 236 237 238 239 240 241 242 243 244 245 246 247 248 249 250 251 252 253 254 255 256 257 258 259 260 261 262 263 264 265 266 267 268 269 270 271 272 273 274 275 276 277 278 279 280 281 282 283 284 285 286 287 288 289 290 291 292 293 294 295 296 297 298 299 300 301 302 303 304 305 306 307 308 309 310 311 312 313 314 315 316 317 318 319 320 321 322 323 324 325 326 327 328 329 330 331 332 333 334 335 336 337 338 339 340 341 342 343 344 345 346 347 348 349 350 351 352 353 354 355 356 357 358 359 360 361 362 363 364 365 366 367 368 369 370 371 372 373 374 375 376 377 378 379 380 381 382 383 384 385 386 387 388 389 390 391 392 393 394 395 396 397 398 399 400 401 402 403 404 405 406 
$EndEntities
$Nodes
813 4672 1 4672
0 1 0 1
1
0 0 0
0 2 0 1
2
0.0004 0 0
0 3 0 1
3
0.0004648 2.735169151097616e-06 0
0 4 0 1
4
0.0005296000000000001 1.092998924684059e-05 0
0 5 0 1
5
0.0005944 2.455243997419345e-05 0
0 6 0 1
6
0.0006592 4.354929318031078e-05 0
0 7 0 1
7
0.000724 6.784632085539641e-05 0
0 8 0 1
8
0.0007888 9.734858517007872e-05 0
0 9 0 1
9
0.0008535999999999999 0.0001319408094340132 0
0 10 0 1
10
0.0009184 0.0001714878285262363 0
0 11 0 1
11
0.0009832 0.0002158351170372637 0
0 12 0 1
12
0.001048 0.0002648093930592809 0
0 13 0 1
13
0.0011128 0.0003182192952651839 0
0 14 0 1
14
0.0011776 0.0003758561306308634 0
0 15 0 1
15
0.0012424 0.0004374946898790918 0
0 16 0 1
16
0.0013072 0.0005028941274587636 0
0 17 0 1
17
0.001372 0.0005717989026210687 0
0 18 0 1
18
0.0014368 0.000643939777915454 0
0 19 0 1
19
0.0015016 0.0007190348712038645 0
0 20 0 1
20
0.0015664 0.0007967907570826414 0
0 21 0 1
21
0.0016312 0.0008769036134083962 0
0 22 0 1
22
0.001696 0.0009590604084479452 0
0 23 0 1
23
0.0017608 0.001042940124013653 0
0 24 0 1
24
0.0018256 0.001128215009804921 0
0 25 0 1
25
0.0018904 0.001214551864054637 0
0 26 0 1
26
0.0019552 0.00130161333547659 0
0 27 0 1
27
0.00202 0.001389059241426663 0
0 28 0 1
28
0.0020848 0.001476547897127221 0
0 29 0 1
29
0.0021496 0.001563737450760916 0
0 30 0 1
30
0.0022144 0.001650287219217181 0
0 31 0 1
31
0.0022792 0.001735859019272137 0
0 32 0 1
32
0.002344 0.001820118489000477 0
0 33 0 1
33
0.0024088 0.001902736394256074 0
0 34 0 1
34
0.0024736 0.001983389915116381 0
0 35 0 1
35
0.0025384 0.002061763907263991 0
0 36 0 1
36
0.0026032 0.002137552133376661 0
0 37 0 1
37
0.002668 0.002210458459714276 0
0 38 0 1
38
0.0027328 0.002280198013227239 0
0 39 0 1
39
0.0027976 0.002346498294665006 0
0 40 0 1
40
0.0028624 0.002409100243335439 0
0 41 0 1
41
0.0029272 0.002467759249354535 0
0 42 0 1
42
0.002992 0.002522246109431296 0
0 43 0 1
43
0.0030568 0.002572347922453121 0
0 44 0 1
44
0.0031216 0.002617868921372306 0
0 45 0 1
45
0.0031864 0.00265863123814318 0
0 46 0 1
46
0.0032512 0.002694475598720944 0
0 47 0 1
47
0.003316 0.002725261945406608 0
0 48 0 1
48
0.0033808 0.002750869984106271 0
0 49 0 1
49
0.0034456 0.002771199654366405 0
0 50 0 1
50
0.0035104 0.002786171520348511 0
0 51 0 1
51
0.0035752 0.002795727081215493 0
0 52 0 1
52
0.00364 0.002799828999716914 0
0 53 0 1
53
0.0037048 0.002798538185675996 0
0 54 0 1
54
0.0037696 0.002792047712104472 0
0 55 0 1
55
0.0038344 0.002780391489792337 0
0 56 0 1
56
0.0038992 0.002763615064082001 0
0 57 0 1
57
0.003964 0.002741783986919277 0
0 58 0 1
58
0.0040288 0.00271498356071672 0
0 59 0 1
59
0.0040936 0.002683318505044312 0
0 60 0 1
60
0.0041584 0.002646912547449829 0
0 61 0 1
61
0.004223200000000001 0.002605907940007739 0
0 62 0 1
62
0.004288 0.002560464903485654 0
0 63 0 1
63
0.0043528 0.002510761001300186 0
0 64 0 1
64
0.004417600000000001 0.002456990445708402 0
0 65 0 1
65
0.0044824 0.002399363338945859 0
0 66 0 1
66
0.0045472 0.002338104852276395 0
0 67 0 1
67
0.004612 0.002273454346161409 0
0 68 0 1
68
0.004676800000000001 0.002205664434986516 0
0 69 0 1
69
0.0047416 0.002135 0
0 70 0 1
70
0.0048064 0.002061737154319941 0
0 71 0 1
71
0.0048712 0.001986162164054092 0
0 72 0 1
72
0.004936 0.001908570329748121 0
0 73 0 1
73
0.005000800000000001 0.001829264832532845 0
0 74 0 1
74
0.0050656 0.001748555549478972 0
0 75 0 1
75
0.0051304 0.001666757842788239 0
0 76 0 1
76
0.0051952 0.001584191327552033 0
0 77 0 1
77
0.005260000000000001 0.001501178622892336 0
0 78 0 1
78
0.005324800000000001 0.00141804409136477 0
0 79 0 1
79
0.0053896 0.00133511257154937 0
0 80 0 1
80
0.0054544 0.001252708108781354 0
0 81 0 1
81
0.005519200000000001 0.001171152688981403 0
0 82 0 1
82
0.005584 0.001090764980532862 0
0 83 0 1
83
0.005648800000000001 0.001011859089121837 0
0 84 0 1
84
0.0057136 0.000934743330405513 0
0 85 0 1
85
0.0057784 0.0008597190253043227 0
0 86 0 1
86
0.005843200000000001 0.00078707932262526 0
0 87 0 1
87
0.005908 0.000717108053616772 0
0 88 0 1
88
0.0059728 0.0006500786229309373 0
0 89 0 1
89
0.0060376 0.0005862529403263666 0
0 90 0 1
90
0.0061024 0.0005258803972860721 0
0 91 0 1
91
0.0061672 0.0004691968925490475 0
0 92 0 1
92
0.006232000000000001 0.0004164239103631981 0
0 93 0 1
93
0.0062968 0.0003677676550612184 0
0 94 0 1
94
0.0063616 0.0003234182453409794 0
0 95 0 1
95
0.006426400000000001 0.0002835489713986759 0
0 96 0 1
96
0.0064912 0.0002483156178173987 0
0 97 0 1
97
0.006556 0.0002178558548568698 0
0 98 0 1
98
0.0066208 0.0001922887005228024 0
0 99 0 1
99
0.0066856 0.0001717140555177908 0
0 100 0 1
100
0.0067504 0.0001562123128908526 0
0 101 0 1
101
0.0068152 0.0001458440439108755 0
0 102 0 1
102
0.006880000000000001 0.0001406497613913804 0
0 103 0 1
103
0.0069448 0.0001406497613913804 0
0 104 0 1
104
0.0070096 0.0001458440439108755 0
0 105 0 1
105
0.0070744 0.0001562123128908526 0
0 106 0 1
106
0.0071392 0.0001717140555177908 0
0 107 0 1
107
0.007204000000000001 0.0001922887005228024 0
0 108 0 1
108
0.0072688 0.0002178558548568698 0
0 109 0 1
109
0.0073336 0.0002483156178173987 0
0 110 0 1
110
0.007398399999999999 0.0002835489713986759 0
0 111 0 1
111
0.007463200000000001 0.0003234182453409794 0
0 112 0 1
112
0.007528000000000001 0.0003677676550612184 0
0 113 0 1
113
0.007592799999999999 0.0004164239103631981 0
0 114 0 1
114
0.0076576 0.0004691968925490475 0
0 115 0 1
115
0.007722400000000001 0.0005258803972860721 0
0 116 0 1
116
0.0077872 0.0005862529403263666 0
0 117 0 1
117
0.007852000000000001 0.0006500786229309373 0
0 118 0 1
118
0.0079168 0.000717108053616772 0
0 119 0 1
119
0.0079816 0.00078707932262526 0
0 120 0 1
120
0.0080464 0.0008597190253043227 0
0 121 0 1
121
0.008111200000000001 0.000934743330405513 0
0 122 0 1
122
0.008176000000000001 0.001011859089121837 0
0 123 0 1
123
0.008240799999999998 0.001090764980532862 0
0 124 0 1
124
0.0083056 0.001171152688981403 0
0 125 0 1
125
0.0083704 0.001252708108781354 0
0 126 0 1
126
0.0084352 0.00133511257154937 0
0 127 0 1
127
0.008500000000000001 0.00141804409136477 0
0 128 0 1
128
0.008564800000000001 0.001501178622892336 0
0 129 0 1
129
0.008629599999999999 0.001584191327552033 0
0 130 0 1
130
0.0086944 0.001666757842788239 0
0 131 0 1
131
0.0087592 0.001748555549478972 0
0 132 0 1
132
0.008824 0.001829264832532845 0
0 133 0 1
133
0.008888800000000001 0.001908570329748121 0
0 134 0 1
134
0.008953600000000003 0.001986162164054092 0
0 135 0 1
135
0.009018399999999999 0.002061737154319941 0
0 136 0 1
136
0.0090832 0.002135 0
0 137 0 1
137
0.009148 0.002205664434986516 0
0 138 0 1
138
0.0092128 0.002273454346161409 0
0 139 0 1
139
0.009277600000000002 0.002338104852276395 0
0 140 0 1
140
0.009342399999999999 0.00239936333894586 0
0 141 0 1
141
0.009407199999999999 0.002456990445708401 0
0 142 0 1
142
0.009472 0.002510761001300186 0
0 143 0 1
143
0.0095368 0.002560464903485654 0
0 144 0 1
144
0.009601600000000002 0.002605907940007739 0
0 145 0 1
145
0.0096664 0.002646912547449828 0
0 146 0 1
146
0.009731199999999999 0.002683318505044312 0
0 147 0 1
147
0.009796000000000001 0.00271498356071672 0
0 148 0 1
148
0.009860799999999999 0.002741783986919276 0
0 149 0 1
149
0.009925600000000001 0.002763615064082001 0
0 150 0 1
150
0.0099904 0.002780391489792337 0
0 151 0 1
151
0.0100552 0.002792047712104472 0
0 152 0 1
152
0.01012 0.002798461248079996 0
0 153 0 1
153
0.0101848 0.002799828999716914 0
0 154 0 1
154
0.0102496 0.002795727081215493 0
0 155 0 1
155
0.0103144 0.002786171520348511 0
0 156 0 1
156
0.0103792 0.002771199654366405 0
0 157 0 1
157
0.010444 0.002750869984106271 0
0 158 0 1
158
0.0105088 0.002725261945406607 0
0 159 0 1
159
0.0105736 0.002694475598720944 0
0 160 0 1
160
0.0106384 0.00265863123814318 0
0 161 0 1
161
0.0107032 0.002617868921372306 0
0 162 0 1
162
0.010768 0.002572347922453122 0
0 163 0 1
163
0.0108328 0.002522246109431297 0
0 164 0 1
164
0.0108976 0.002467759249354535 0
0 165 0 1
165
0.0109624 0.002409100243335439 0
0 166 0 1
166
0.0110272 0.002346498294665007 0
0 167 0 1
167
0.011092 0.002280198013227239 0
0 168 0 1
168
0.0111568 0.002210458459714276 0
0 169 0 1
169
0.0112216 0.002137552133376661 0
0 170 0 1
170
0.0112864 0.002061763907263991 0
0 171 0 1
171
0.0113512 0.001983389915116381 0
0 172 0 1
172
0.011416 0.001902736394256074 0
0 173 0 1
173
0.0114808 0.001820118489000476 0
0 174 0 1
174
0.0115456 0.001735859019272136 0
0 175 0 1
175
0.0116104 0.00165028721921718 0
0 176 0 1
176
0.0116752 0.001563737450760914 0
0 177 0 1
177
0.01174 0.001476547897127219 0
0 178 0 1
178
0.0118048 0.001389059241426664 0
0 179 0 1
179
0.0118696 0.001301613335476591 0
0 180 0 1
180
0.0119344 0.001214551864054638 0
0 181 0 1
181
0.0119992 0.001128215009804922 0
0 182 0 1
182
0.012064 0.001042940124013654 0
0 183 0 1
183
0.0121288 0.0009590604084479461 0
0 184 0 1
184
0.0121936 0.0008769036134083965 0
0 185 0 1
185
0.0122584 0.0007967907570826416 0
0 186 0 1
186
0.0123232 0.0007190348712038645 0
0 187 0 1
187
0.012388 0.0006439397779154538 0
0 188 0 1
188
0.0124528 0.0005717989026210684 0
0 189 0 1
189
0.0125176 0.0005028941274587631 0
0 190 0 1
190
0.0125824 0.0004374946898790914 0
0 191 0 1
191
0.0126472 0.0003758561306308629 0
0 192 0 1
192
0.012712 0.0003182192952651835 0
0 193 0 1
193
0.0127768 0.0002648093930592803 0
0 194 0 1
194
0.0128416 0.000215835117037263 0
0 195 0 1
195
0.0129064 0.0001714878285262369 0
0 196 0 1
196
0.0129712 0.0001319408094340137 0
0 197 0 1
197
0.013036 9.734858517007917e-05 0
0 198 0 1
198
0.0131008 6.784632085539671e-05 0
0 199 0 1
199
0.0131656 4.354929318031093e-05 0
0 200 0 1
200
0.0132304 2.455243997419345e-05 0
0 201 0 1
201
0.0132952 1.092998924684059e-05 0
0 202 0 1
202
0.01336 2.735169151097616e-06 0
0 203 0 1
203
0.017 0 0
0 204 0 1
204
0.017 0.007 0
0 205 0 1
205
0.0166 0.007 0
0 206 0 1
206
0.0165352 0.006997264830848902 0
0 207 0 1
207
0.0164704 0.00698907001075316 0
0 208 0 1
208
0.0164056 0.006975447560025806 0
0 209 0 1
209
0.0163408 0.006956450706819689 0
0 210 0 1
210
0.016276 0.006932153679144603 0
0 211 0 1
211
0.0162112 0.006902651414829921 0
0 212 0 1
212
0.0161464 0.006868059190565987 0
0 213 0 1
213
0.0160816 0.006828512171473764 0
0 214 0 1
214
0.0160168 0.006784164882962736 0
0 215 0 1
215
0.015952 0.006735190606940719 0
0 216 0 1
216
0.0158872 0.006681780704734817 0
0 217 0 1
217
0.0158224 0.006624143869369137 0
0 218 0 1
218
0.0157576 0.006562505310120909 0
0 219 0 1
219
0.0156928 0.006497105872541236 0
0 220 0 1
220
0.015628 0.006428201097378931 0
0 221 0 1
221
0.0155632 0.006356060222084546 0
0 222 0 1
222
0.0154984 0.006280965128796136 0
0 223 0 1
223
0.0154336 0.006203209242917358 0
0 224 0 1
224
0.0153688 0.006123096386591604 0
0 225 0 1
225
0.015304 0.006040939591552055 0
0 226 0 1
226
0.0152392 0.005957059875986347 0
0 227 0 1
227
0.0151744 0.005871784990195079 0
0 228 0 1
228
0.0151096 0.005785448135945363 0
0 229 0 1
229
0.0150448 0.00569838666452341 0
0 230 0 1
230
0.01498 0.005610940758573338 0
0 231 0 1
231
0.0149152 0.00552345210287278 0
0 232 0 1
232
0.0148504 0.005436262549239085 0
0 233 0 1
233
0.0147856 0.005349712780782819 0
0 234 0 1
234
0.0147208 0.005264140980727864 0
0 235 0 1
235
0.014656 0.005179881510999524 0
0 236 0 1
236
0.0145912 0.005097263605743926 0
0 237 0 1
237
0.0145264 0.005016610084883619 0
0 238 0 1
238
0.0144616 0.004938236092736009 0
0 239 0 1
239
0.0143968 0.00486244786662334 0
0 240 0 1
240
0.014332 0.004789541540285725 0
0 241 0 1
241
0.0142672 0.004719801986772762 0
0 242 0 1
242
0.0142024 0.004653501705334994 0
0 243 0 1
243
0.0141376 0.004590899756664561 0
0 244 0 1
244
0.0140728 0.004532240750645466 0
0 245 0 1
245
0.014008 0.004477753890568704 0
0 246 0 1
246
0.0139432 0.004427652077546879 0
0 247 0 1
247
0.0138784 0.004382131078627694 0
0 248 0 1
248
0.0138136 0.00434136876185682 0
0 249 0 1
249
0.0137488 0.004305524401279057 0
0 250 0 1
250
0.013684 0.004274738054593392 0
0 251 0 1
251
0.0136192 0.004249130015893728 0
0 252 0 1
252
0.0135544 0.004228800345633595 0
0 253 0 1
253
0.0134896 0.00421382847965149 0
0 254 0 1
254
0.0134248 0.004204272918784508 0
0 255 0 1
255
0.01336 0.004200171000283087 0
0 256 0 1
256
0.0132952 0.004201461814324004 0
0 257 0 1
257
0.0132304 0.004207952287895529 0
0 258 0 1
258
0.0131656 0.004219608510207663 0
0 259 0 1
259
0.0131008 0.004236384935917999 0
0 260 0 1
260
0.013036 0.004258216013080724 0
0 261 0 1
261
0.0129712 0.004285016439283281 0
0 262 0 1
262
0.0129064 0.004316681494955688 0
0 263 0 1
263
0.0128416 0.004353087452550171 0
0 264 0 1
264
0.0127768 0.004394092059992261 0
0 265 0 1
265
0.012712 0.004439535096514347 0
0 266 0 1
266
0.0126472 0.004489238998699814 0
0 267 0 1
267
0.0125824 0.004543009554291599 0
0 268 0 1
268
0.0125176 0.004600636661054141 0
0 269 0 1
269
0.0124528 0.004661895147723605 0
0 270 0 1
270
0.012388 0.00472654565383859 0
0 271 0 1
271
0.0123232 0.004794335565013485 0
0 272 0 1
272
0.0122584 0.004865 0
0 273 0 1
273
0.0121936 0.004938262845680059 0
0 274 0 1
274
0.0121288 0.005013837835945909 0
0 275 0 1
275
0.012064 0.005091429670251879 0
0 276 0 1
276
0.0119992 0.005170735167467156 0
0 277 0 1
277
0.0119344 0.005251444450521028 0
0 278 0 1
278
0.0118696 0.00533324215721176 0
0 279 0 1
279
0.0118048 0.005415808672447968 0
0 280 0 1
280
0.01174 0.005498821377107664 0
0 281 0 1
281
0.0116752 0.00558195590863523 0
0 282 0 1
282
0.0116104 0.00566488742845063 0
0 283 0 1
283
0.0115456 0.005747291891218646 0
0 284 0 1
284
0.0114808 0.005828847311018597 0
0 285 0 1
285
0.011416 0.005909235019467138 0
0 286 0 1
286
0.0113512 0.005988140910878163 0
0 287 0 1
287
0.0112864 0.006065256669594487 0
0 288 0 1
288
0.0112216 0.006140280974695678 0
0 289 0 1
289
0.0111568 0.00621292067737474 0
0 290 0 1
290
0.011092 0.006282891946383228 0
0 291 0 1
291
0.0110272 0.006349921377069062 0
0 292 0 1
292
0.0109624 0.006413747059673634 0
0 293 0 1
293
0.0108976 0.006474119602713928 0
0 294 0 1
294
0.0108328 0.006530803107450953 0
0 295 0 1
295
0.010768 0.006583576089636802 0
0 296 0 1
296
0.0107032 0.006632232344938782 0
0 297 0 1
297
0.0106384 0.00667658175465902 0
0 298 0 1
298
0.0105736 0.006716451028601324 0
0 299 0 1
299
0.0105088 0.006751684382182602 0
0 300 0 1
300
0.010444 0.006782144145143131 0
0 301 0 1
301
0.0103792 0.006807711299477198 0
0 302 0 1
302
0.0103144 0.006828285944482209 0
0 303 0 1
303
0.0102496 0.006843787687109147 0
0 304 0 1
304
0.0101848 0.006854155956089125 0
0 305 0 1
305
0.01012 0.00685935023860862 0
0 306 0 1
306
0.0100552 0.00685935023860862 0
0 307 0 1
307
0.009990400000000002 0.006854155956089125 0
0 308 0 1
308
0.0099256 0.006843787687109147 0
0 309 0 1
309
0.009860800000000001 0.006828285944482209 0
0 310 0 1
310
0.009795999999999999 0.006807711299477198 0
0 311 0 1
311
0.009731200000000001 0.006782144145143131 0
0 312 0 1
312
0.0096664 0.006751684382182602 0
0 313 0 1
313
0.009601600000000002 0.006716451028601324 0
0 314 0 1
314
0.0095368 0.00667658175465902 0
0 315 0 1
315
0.009472 0.006632232344938782 0
0 316 0 1
316
0.009407199999999999 0.006583576089636802 0
0 317 0 1
317
0.009342400000000001 0.006530803107450953 0
0 318 0 1
318
0.0092776 0.006474119602713928 0
0 319 0 1
319
0.0092128 0.006413747059673634 0
0 320 0 1
320
0.009148 0.006349921377069062 0
0 321 0 1
321
0.009083200000000001 0.006282891946383228 0
0 322 0 1
322
0.009018399999999999 0.00621292067737474 0
0 323 0 1
323
0.008953600000000001 0.006140280974695678 0
0 324 0 1
324
0.008888800000000001 0.006065256669594487 0
0 325 0 1
325
0.008824 0.005988140910878163 0
0 326 0 1
326
0.008759200000000002 0.005909235019467138 0
0 327 0 1
327
0.0086944 0.005828847311018597 0
0 328 0 1
328
0.008629599999999999 0.005747291891218646 0
0 329 0 1
329
0.008564800000000001 0.00566488742845063 0
0 330 0 1
330
0.008500000000000001 0.00558195590863523 0
0 331 0 1
331
0.0084352 0.005498821377107664 0
0 332 0 1
332
0.0083704 0.005415808672447968 0
0 333 0 1
333
0.0083056 0.00533324215721176 0
0 334 0 1
334
0.0082408 0.005251444450521028 0
0 335 0 1
335
0.008176000000000001 0.005170735167467156 0
0 336 0 1
336
0.008111200000000001 0.005091429670251879 0
0 337 0 1
337
0.008046399999999999 0.005013837835945909 0
0 338 0 1
338
0.0079816 0.004938262845680059 0
0 339 0 1
339
0.0079168 0.004865 0
0 340 0 1
340
0.007852000000000001 0.004794335565013485 0
0 341 0 1
341
0.0077872 0.00472654565383859 0
0 342 0 1
342
0.007722399999999999 0.004661895147723605 0
0 343 0 1
343
0.007657600000000001 0.00460063666105414 0
0 344 0 1
344
0.0075928 0.004543009554291599 0
0 345 0 1
345
0.007528000000000001 0.004489238998699814 0
0 346 0 1
346
0.007463200000000001 0.004439535096514347 0
0 347 0 1
347
0.007398399999999999 0.004394092059992261 0
0 348 0 1
348
0.007333600000000001 0.004353087452550172 0
0 349 0 1
349
0.007268800000000001 0.004316681494955688 0
0 350 0 1
350
0.007203999999999999 0.004285016439283281 0
0 351 0 1
351
0.007139200000000001 0.004258216013080725 0
0 352 0 1
352
0.007074399999999999 0.004236384935917999 0
0 353 0 1
353
0.007009600000000001 0.004219608510207663 0
0 354 0 1
354
0.006944800000000001 0.004207952287895529 0
0 355 0 1
355
0.006879999999999999 0.004201538751920005 0
0 356 0 1
356
0.006815200000000001 0.004200171000283087 0
0 357 0 1
357
0.006750399999999999 0.004204272918784508 0
0 358 0 1
358
0.006685600000000001 0.00421382847965149 0
0 359 0 1
359
0.006620800000000001 0.004228800345633595 0
0 360 0 1
360
0.006555999999999999 0.004249130015893729 0
0 361 0 1
361
0.006491200000000001 0.004274738054593392 0
0 362 0 1
362
0.0064264 0.004305524401279057 0
0 363 0 1
363
0.006361599999999999 0.004341368761856821 0
0 364 0 1
364
0.006296800000000001 0.004382131078627694 0
0 365 0 1
365
0.006232 0.004427652077546878 0
0 366 0 1
366
0.006167200000000001 0.004477753890568703 0
0 367 0 1
367
0.006102399999999999 0.004532240750645466 0
0 368 0 1
368
0.0060376 0.004590899756664561 0
0 369 0 1
369
0.005972800000000001 0.004653501705334994 0
0 370 0 1
370
0.005907999999999999 0.004719801986772762 0
0 371 0 1
371
0.0058432 0.004789541540285724 0
0 372 0 1
372
0.0057784 0.00486244786662334 0
0 373 0 1
373
0.0057136 0.004938236092736009 0
0 374 0 1
374
0.005648800000000002 0.00501661008488362 0
0 375 0 1
375
0.005584 0.005097263605743926 0
0 376 0 1
376
0.0055192 0.005179881510999524 0
0 377 0 1
377
0.0054544 0.005264140980727864 0
0 378 0 1
378
0.0053896 0.00534971278078282 0
0 379 0 1
379
0.005324800000000002 0.005436262549239086 0
0 380 0 1
380
0.00526 0.005523452102872781 0
0 381 0 1
381
0.0051952 0.005610940758573336 0
0 382 0 1
382
0.0051304 0.005698386664523409 0
0 383 0 1
383
0.0050656 0.005785448135945362 0
0 384 0 1
384
0.0050008 0.005871784990195078 0
0 385 0 1
385
0.004936 0.005957059875986347 0
0 386 0 1
386
0.0048712 0.006040939591552054 0
0 387 0 1
387
0.0048064 0.006123096386591604 0
0 388 0 1
388
0.0047416 0.006203209242917358 0
0 389 0 1
389
0.0046768 0.006280965128796136 0
0 390 0 1
390
0.004612 0.006356060222084547 0
0 391 0 1
391
0.0045472 0.006428201097378931 0
0 392 0 1
392
0.0044824 0.006497105872541237 0
0 393 0 1
393
0.004417600000000001 0.006562505310120909 0
0 394 0 1
394
0.0043528 0.006624143869369137 0
0 395 0 1
395
0.004288 0.006681780704734817 0
0 396 0 1
396
0.004223200000000001 0.006735190606940719 0
0 397 0 1
397
0.0041584 0.006784164882962737 0
0 398 0 1
398
0.0040936 0.006828512171473763 0
0 399 0 1
399
0.004028800000000001 0.006868059190565987 0
0 400 0 1
400
0.003964000000000001 0.006902651414829921 0
0 401 0 1
401
0.003899200000000001 0.006932153679144603 0
0 402 0 1
402
0.0038344 0.006956450706819689 0
0 403 0 1
403
0.003769600000000001 0.006975447560025806 0
0 404 0 1
404
0.003704800000000001 0.00698907001075316 0
0 405 0 1
405
0.003639999999999999 0.006997264830848902 0
0 406 0 1
406
0 0.007 0
1 1 0 3
407
408
409
0.0001000000000000001 0 0
0.0002000000000000005 0 0
0.0003000000000000004 0 0
1 2 0 0
1 3 0 0
1 4 0 0
1 5 0 0
1 6 0 0
1 7 0 0
1 8 0 0
1 9 0 0
1 10 0 0
1 11 0 0
1 12 0 0
1 13 0 0
1 14 0 0
1 15 0 0
1 16 0 0
1 17 0 0
1 18 0 0
1 19 0 1
410
0.001534 0.000757912814143253 0
1 20 0 1
411
0.0015988 0.0008368471852455187 0
1 21 0 1
412
0.0016636 0.0009179820109281706 0
1 22 0 1
413
0.0017284 0.001001000266230799 0
1 23 0 1
414
0.0017932 0.001085577566909287 0
1 24 0 1
415
0.001858 0.001171383436929779 0
1 25 0 1
416
0.0019228 0.001258082599765613 0
1 26 0 1
417
0.0019876 0.001345336288451626 0
1 27 0 1
418
0.0020524 0.001432803569276942 0
1 28 0 1
419
0.0021172 0.001520142673944068 0
1 29 0 1
420
0.002182 0.001607012334989048 0
1 30 0 1
421
0.0022468 0.001693073119244659 0
1 31 0 1
422
0.0023116 0.001777988754136307 0
1 32 0 1
423
0.0023764 0.001861427441628276 0
1 33 0 1
424
0.0024412 0.001943063154686228 0
1 34 0 1
425
0.002506 0.002022576911190187 0
1 35 0 0
1 36 0 0
1 37 0 0
1 38 0 0
1 39 0 0
1 40 0 0
1 41 0 0
1 42 0 0
1 43 0 0
1 44 0 0
1 45 0 0
1 46 0 0
1 47 0 0
1 48 0 0
1 49 0 0
1 50 0 0
1 51 0 0
1 52 0 0
1 53 0 0
1 54 0 0
1 55 0 0
1 56 0 0
1 57 0 0
1 58 0 0
1 59 0 0
1 60 0 0
1 61 0 0
1 62 0 0
1 63 0 0
1 64 0 0
1 65 0 0
1 66 0 0
1 67 0 0
1 68 0 0
1 69 0 0
1 70 0 0
1 71 0 1
426
0.0049036 0.001947366246901107 0
1 72 0 1
427
0.0049684 0.001868917581140483 0
1 73 0 1
428
0.0050332 0.001788910191005909 0
1 74 0 1
429
0.005098 0.001707656696133606 0
1 75 0 1
430
0.0051628 0.001625474585170136 0
1 76 0 1
431
0.0052276 0.001542684975222185 0
1 77 0 1
432
0.005292400000000001 0.001459611357128553 0
1 78 0 1
433
0.0053572 0.00137657833145707 0
1 79 0 1
434
0.005422 0.001293910340165362 0
1 80 0 1
435
0.0054868 0.001211930398881379 0
1 81 0 1
436
0.005551600000000001 0.001130958834757132 0
1 82 0 1
437
0.005616400000000001 0.00105131203482735 0
1 83 0 0
1 84 0 0
1 85 0 0
1 86 0 0
1 87 0 0
1 88 0 0
1 89 0 0
1 90 0 0
1 91 0 0
1 92 0 0
1 93 0 0
1 94 0 0
1 95 0 0
1 96 0 0
1 97 0 0
1 98 0 0
1 99 0 0
1 100 0 0
1 101 0 0
1 102 0 0
1 103 0 0
1 104 0 0
1 105 0 0
1 106 0 0
1 107 0 0
1 108 0 0
1 109 0 0
1 110 0 0
1 111 0 0
1 112 0 0
1 113 0 0
1 114 0 0
1 115 0 0
1 116 0 0
1 117 0 0
1 118 0 0
1 119 0 0
1 120 0 0
1 121 0 0
1 122 0 1
438
0.008208399999999999 0.00105131203482735 0
1 123 0 1
439
0.008273199999999998 0.001130958834757132 0
1 124 0 1
440
0.008338 0.001211930398881379 0
1 125 0 1
441
0.0084028 0.001293910340165362 0
1 126 0 1
442
0.0084676 0.00137657833145707 0
1 127 0 1
443
0.008532400000000001 0.001459611357128553 0
1 128 0 1
444
0.008597199999999999 0.001542684975222185 0
1 129 0 1
445
0.008662 0.001625474585170136 0
1 130 0 1
446
0.0087268 0.001707656696133606 0
1 131 0 1
447
0.0087916 0.001788910191005908 0
1 132 0 1
448
0.0088564 0.001868917581140483 0
1 133 0 1
449
0.008921200000000001 0.001947366246901106 0
1 134 0 0
1 135 0 0
1 136 0 0
1 137 0 0
1 138 0 0
1 139 0 0
1 140 0 0
1 141 0 0
1 142 0 0
1 143 0 0
1 144 0 0
1 145 0 0
1 146 0 0
1 147 0 0
1 148 0 0
1 149 0 0
1 150 0 0
1 151 0 0
1 152 0 0
1 153 0 0
1 154 0 0
1 155 0 0
1 156 0 0
1 157 0 0
1 158 0 0
1 159 0 0
1 160 0 0
1 161 0 0
1 162 0 0
1 163 0 0
1 164 0 0
1 165 0 0
1 166 0 0
1 167 0 0
1 168 0 0
1 169 0 0
1 170 0 1
450
0.0113188 0.002022576911190186 0
1 171 0 1
451
0.0113836 0.001943063154686227 0
1 172 0 1
452
0.0114484 0.001861427441628275 0
1 173 0 1
453
0.0115132 0.001777988754136306 0
1 174 0 1
454
0.011578 0.001693073119244658 0
1 175 0 1
455
0.0116428 0.001607012334989047 0
1 176 0 1
456
0.0117076 0.001520142673944067 0
1 177 0 1
457
0.0117724 0.001432803569276941 0
1 178 0 1
458
0.0118372 0.001345336288451628 0
1 179 0 1
459
0.011902 0.001258082599765615 0
1 180 0 1
460
0.0119668 0.00117138343692978 0
1 181 0 1
461
0.0120316 0.001085577566909288 0
1 182 0 1
462
0.0120964 0.0010010002662308 0
1 183 0 1
463
0.0121612 0.0009179820109281714 0
1 184 0 1
464
0.012226 0.0008368471852455191 0
1 185 0 1
465
0.0122908 0.000757912814143253 0
1 186 0 0
1 187 0 0
1 188 0 0
1 189 0 0
1 190 0 0
1 191 0 0
1 192 0 0
1 193 0 0
1 194 0 0
1 195 0 0
1 196 0 0
1 197 0 0
1 198 0 0
1 199 0 0
1 200 0 0
1 201 0 0
1 202 0 36
466
467
468
469
470
471
472
473
474
475
476
477
478
479
480
481
482
483
484
485
486
487
488
489
490
491
492
493
494
495
496
497
498
499
500
501
0.01345837837837838 2.661245660527411e-06 0
0.01355675675675676 2.587322169957205e-06 0
0.01365513513513514 2.513398679386999e-06 0
0.01375351351351351 2.439475188816793e-06 0
0.01385189189189189 2.365551698246588e-06 0
0.01395027027027027 2.291628207676382e-06 0
0.01404864864864865 2.217704717106176e-06 0
0.01414702702702703 2.14378122653597e-06 0
0.01424540540540541 2.069857735965764e-06 0
0.01434378378378378 1.995934245395559e-06 0
0.01444216216216216 1.922010754825353e-06 0
0.01454054054054054 1.848087264255147e-06 0
0.01463891891891892 1.774163773684941e-06 0
0.0147372972972973 1.700240283114736e-06 0
0.01483567567567568 1.62631679254453e-06 0
0.01493405405405406 1.552393301974324e-06 0
0.01503243243243243 1.478469811404118e-06 0
0.01513081081081081 1.404546320833913e-06 0
0.01522918918918919 1.330622830263707e-06 0
0.01532756756756757 1.256699339693501e-06 0
0.01542594594594595 1.182775849123295e-06 0
0.01552432432432433 1.108852358553089e-06 0
0.0156227027027027 1.034928867982883e-06 0
0.01572108108108108 9.610053774126769e-07 0
0.01581945945945946 8.870818868424709e-07 0
0.01591783783783784 8.131583962722646e-07 0
0.01601621621621622 7.392349057020587e-07 0
0.0161145945945946 6.653114151318528e-07 0
0.01621297297297298 5.913879245616469e-07 0
0.01631135135135135 5.174644339914406e-07 0
0.01640972972972973 4.435409434212347e-07 0
0.01650810810810811 3.696174528510288e-07 0
0.01660648648648649 2.956939622808229e-07 0
0.01670486486486487 2.217704717106176e-07 0
0.01680324324324324 1.478469811404113e-07 0
0.01690162162162162 7.392349057020605e-08 0
1 203 0 69
502
503
504
505
506
507
508
509
510
511
512
513
514
515
516
517
518
519
520
521
522
523
524
525
526
527
528
529
530
531
532
533
534
535
536
537
538
539
540
541
542
543
544
545
546
547
548
549
550
551
552
553
554
555
556
557
558
559
560
561
562
563
564
565
566
567
568
569
570
0.017 0.0001004873496759816 0
0.017 0.0002027203819143987 0
0.017 0.0003026803762980105 0
0.017 0.0004026403706816222 0
0.017 0.0005026003650652339 0
0.017 0.0006025603594488455 0
0.017 0.0007025203538324574 0
0.017 0.000802480348216069 0
0.017 0.0009024403425996805 0
0.017 0.001002400336983292 0
0.017 0.001102360331366904 0
0.017 0.001202320325750516 0
0.017 0.001302280320134128 0
0.017 0.001402240314517739 0
0.017 0.001502200308901351 0
0.017 0.001602160303284963 0
0.017 0.001702120297668575 0
0.017 0.001802080292052186 0
0.017 0.001902040286435798 0
0.017 0.00200200028081941 0
0.017 0.002101960275203022 0
0.017 0.002201920269586633 0
0.017 0.002301880263970245 0
0.017 0.002401840258353857 0
0.017 0.002501800252737469 0
0.017 0.00260176024712108 0
0.017 0.002701720241504692 0
0.017 0.002801680235888305 0
0.017 0.002901640230271916 0
0.017 0.003001600224655528 0
0.017 0.003101560219039139 0
0.017 0.003201520213422751 0
0.017 0.003301480207806363 0
0.017 0.003401440202189974 0
0.017 0.003501400196573586 0
0.017 0.003601360190957198 0
0.017 0.003701320185340811 0
0.017 0.003801280179724422 0
0.017 0.003901240174108034 0
0.017 0.004001200168491646 0
0.017 0.004101160162875258 0
0.017 0.00420112015725887 0
0.017 0.004301080151642481 0
0.017 0.004401040146026093 0
0.017 0.004501000140409705 0
0.017 0.004600960134793317 0
0.017 0.004700920129176929 0
0.017 0.004800880123560541 0
0.017 0.004900840117944152 0
0.017 0.005000800112327764 0
0.017 0.005100760106711376 0
0.017 0.005200720101094987 0
0.017 0.005300680095478599 0
0.017 0.005400640089862211 0
0.017 0.005500600084245823 0
0.017 0.005600560078629435 0
0.017 0.005700520073013047 0
0.017 0.005800480067396659 0
0.017 0.00590044006178027 0
0.017 0.006000400056163882 0
0.017 0.006100360050547494 0
0.017 0.006200320044931105 0
0.017 0.006300280039314717 0
0.017 0.006400240033698329 0
0.017 0.006500200028081941 0
0.017 0.006600160022465553 0
0.017 0.006700120016849164 0
0.017 0.006800080011232776 0
0.017 0.006900040005616388 0
1 204 0 3
571
572
573
0.0169 0.007 0
0.0168 0.007 0
0.0167 0.007 0
1 205 0 0
1 206 0 0
1 207 0 0
1 208 0 0
1 209 0 0
1 210 0 0
1 211 0 0
1 212 0 0
1 213 0 0
1 214 0 0
1 215 0 0
1 216 0 0
1 217 0 0
1 218 0 0
1 219 0 0
1 220 0 0
1 221 0 0
1 222 0 1
574
0.015466 0.006242087185856747 0
1 223 0 1
575
0.0154012 0.006163152814754482 0
1 224 0 1
576
0.0153364 0.00608201798907183 0
1 225 0 1
577
0.0152716 0.005998999733769201 0
1 226 0 1
578
0.0152068 0.005914422433090713 0
1 227 0 1
579
0.015142 0.005828616563070221 0
1 228 0 1
580
0.0150772 0.005741917400234386 0
1 229 0 1
581
0.0150124 0.005654663711548374 0
1 230 0 1
582
0.0149476 0.005567196430723059 0
1 231 0 1
583
0.0148828 0.005479857326055932 0
1 232 0 1
584
0.014818 0.005392987665010952 0
1 233 0 1
585
0.0147532 0.005306926880755342 0
1 234 0 1
586
0.0146884 0.005222011245863693 0
1 235 0 1
587
0.0146236 0.005138572558371725 0
1 236 0 1
588
0.0145588 0.005056936845313773 0
1 237 0 1
589
0.014494 0.004977423088809814 0
1 238 0 0
1 239 0 0
1 240 0 0
1 241 0 0
1 242 0 0
1 243 0 0
1 244 0 0
1 245 0 0
1 246 0 0
1 247 0 0
1 248 0 0
1 249 0 0
1 250 0 0
1 251 0 0
1 252 0 0
1 253 0 0
1 254 0 0
1 255 0 0
1 256 0 0
1 257 0 0
1 258 0 0
1 259 0 0
1 260 0 0
1 261 0 0
1 262 0 0
1 263 0 0
1 264 0 0
1 265 0 0
1 266 0 0
1 267 0 0
1 268 0 0
1 269 0 0
1 270 0 0
1 271 0 0
1 272 0 0
1 273 0 0
1 274 0 1
590
0.0120964 0.005052633753098894 0
1 275 0 1
591
0.0120316 0.005131082418859517 0
1 276 0 1
592
0.0119668 0.005211089808994092 0
1 277 0 1
593
0.011902 0.005292343303866394 0
1 278 0 1
594
0.0118372 0.005374525414829864 0
1 279 0 1
595
0.0117724 0.005457315024777816 0
1 280 0 1
596
0.0117076 0.005540388642871447 0
1 281 0 1
597
0.0116428 0.00562342166854293 0
1 282 0 1
598
0.011578 0.005706089659834638 0
1 283 0 1
599
0.0115132 0.005788069601118622 0
1 284 0 1
600
0.0114484 0.005869041165242867 0
1 285 0 1
601
0.0113836 0.00594868796517265 0
1 286 0 0
1 287 0 0
1 288 0 0
1 289 0 0
1 290 0 0
1 291 0 0
1 292 0 0
1 293 0 0
1 294 0 0
1 295 0 0
1 296 0 0
1 297 0 0
1 298 0 0
1 299 0 0
1 300 0 0
1 301 0 0
1 302 0 0
1 303 0 0
1 304 0 0
1 305 0 0
1 306 0 0
1 307 0 0
1 308 0 0
1 309 0 0
1 310 0 0
1 311 0 0
1 312 0 0
1 313 0 0
1 314 0 0
1 315 0 0
1 316 0 0
1 317 0 0
1 318 0 0
1 319 0 0
1 320 0 0
1 321 0 0
1 322 0 0
1 323 0 0
1 324 0 0
1 325 0 1
602
0.0087916 0.00594868796517265 0
1 326 0 1
603
0.0087268 0.005869041165242867 0
1 327 0 1
604
0.008662 0.005788069601118622 0
1 328 0 1
605
0.008597199999999999 0.005706089659834638 0
1 329 0 1
606
0.008532400000000001 0.00562342166854293 0
1 330 0 1
607
0.0084676 0.005540388642871446 0
1 331 0 1
608
0.0084028 0.005457315024777816 0
1 332 0 1
609
0.008338 0.005374525414829865 0
1 333 0 1
610
0.0082732 0.005292343303866394 0
1 334 0 1
611
0.008208399999999999 0.005211089808994092 0
1 335 0 1
612
0.008143600000000001 0.005131082418859518 0
1 336 0 1
613
0.008078800000000001 0.005052633753098894 0
1 337 0 0
1 338 0 0
1 339 0 0
1 340 0 0
1 341 0 0
1 342 0 0
1 343 0 0
1 344 0 0
1 345 0 0
1 346 0 0
1 347 0 0
1 348 0 0
1 349 0 0
1 350 0 0
1 351 0 0
1 352 0 0
1 353 0 0
1 354 0 0
1 355 0 0
1 356 0 0
1 357 0 0
1 358 0 0
1 359 0 0
1 360 0 0
1 361 0 0
1 362 0 0
1 363 0 0
1 364 0 0
1 365 0 0
1 366 0 0
1 367 0 0
1 368 0 0
1 369 0 0
1 370 0 0
1 371 0 0
1 372 0 0
1 373 0 1
614
0.005681200000000001 0.004977423088809814 0
1 374 0 1
615
0.005616400000000001 0.005056936845313773 0
1 375 0 1
616
0.0055516 0.005138572558371725 0
1 376 0 1
617
0.0054868 0.005222011245863694 0
1 377 0 1
618
0.005422 0.005306926880755342 0
1 378 0 1
619
0.0053572 0.005392987665010953 0
1 379 0 1
620
0.005292400000000001 0.005479857326055933 0
1 380 0 1
621
0.0052276 0.005567196430723059 0
1 381 0 1
622
0.0051628 0.005654663711548372 0
1 382 0 1
623
0.005098 0.005741917400234386 0
1 383 0 1
624
0.0050332 0.00582861656307022 0
1 384 0 1
625
0.0049684 0.005914422433090713 0
1 385 0 1
626
0.0049036 0.0059989997337692 0
1 386 0 1
627
0.0048388 0.006082017989071829 0
1 387 0 1
628
0.004774 0.006163152814754481 0
1 388 0 1
629
0.0047092 0.006242087185856747 0
1 389 0 0
1 390 0 0
1 391 0 0
1 392 0 0
1 393 0 0
1 394 0 0
1 395 0 0
1 396 0 0
1 397 0 0
1 398 0 0
1 399 0 0
1 400 0 0
1 401 0 0
1 402 0 0
1 403 0 0
1 404 0 0
1 405 0 36
630
631
632
633
634
635
636
637
638
639
640
641
642
643
644
645
646
647
648
649
650
651
652
653
654
655
656
657
658
659
660
661
662
663
664
665
0.003541621621621621 0.006997338754339472 0
0.003443243243243242 0.006997412677830043 0
0.003344864864864864 0.006997486601320613 0
0.003246486486486486 0.006997560524811183 0
0.003148108108108108 0.006997634448301753 0
0.003049729729729729 0.006997708371792324 0
0.002951351351351351 0.006997782295282894 0
0.002852972972972973 0.006997856218773464 0
0.002754594594594594 0.006997930142264034 0
0.002656216216216216 0.006998004065754604 0
0.002557837837837838 0.006998077989245175 0
0.002459459459459459 0.006998151912735745 0
0.002361081081081081 0.006998225836226315 0
0.002262702702702703 0.006998299759716885 0
0.002164324324324325 0.006998373683207455 0
0.002065945945945947 0.006998447606698026 0
0.001967567567567568 0.006998521530188596 0
0.00186918918918919 0.006998595453679166 0
0.001770810810810812 0.006998669377169736 0
0.001672432432432434 0.006998743300660307 0
0.001574054054054055 0.006998817224150877 0
0.001475675675675677 0.006998891147641447 0
0.001377297297297298 0.006998965071132017 0
0.001278918918918919 0.006999038994622587 0
0.001180540540540541 0.006999112918113158 0
0.001082162162162163 0.006999186841603728 0
0.0009837837837837842 0.006999260765094298 0
0.0008854054054054057 0.006999334688584868 0
0.0007870270270270268 0.006999408612075438 0
0.0006886486486486484 0.006999482535566009 0
0.0005902702702702699 0.006999556459056579 0
0.0004918918918918914 0.006999630382547149 0
0.000393513513513513 0.006999704306037719 0
0.0002951351351351345 0.00699977822952829 0
0.0001967567567567565 0.00699985215301886 0
9.837837837837801e-05 0.00699992607650943 0
1 406 0 69
666
667
668
669
670
671
672
673
674
675
676
677
678
679
680
681
682
683
684
685
686
687
688
689
690
691
692
693
694
695
696
697
698
699
700
701
702
703
704
705
706
707
708
709
710
711
712
713
714
715
716
717
718
719
720
721
722
723
724
725
726
727
728
729
730
731
732
733
734
0 0.006899512650324019 0
0 0.006797279618085602 0
0 0.00669731962370199 0
0 0.006597359629318378 0
0 0.006497399634934766 0
0 0.006397439640551155 0
0 0.006297479646167543 0
0 0.006197519651783931 0
0 0.00609755965740032 0
0 0.005997599663016708 0
0 0.005897639668633096 0
0 0.005797679674249484 0
0 0.005697719679865872 0
0 0.00559775968548226 0
0 0.005497799691098649 0
0 0.005397839696715037 0
0 0.005297879702331426 0
0 0.005197919707947814 0
0 0.005097959713564203 0
0 0.00499799971918059 0
0 0.004898039724796978 0
0 0.004798079730413367 0
0 0.004698119736029755 0
0 0.004598159741646143 0
0 0.004498199747262531 0
0 0.00439823975287892 0
0 0.004298279758495309 0
0 0.004198319764111696 0
0 0.004098359769728084 0
0 0.003998399775344472 0
0 0.003898439780960861 0
0 0.003798479786577249 0
0 0.003698519792193637 0
0 0.003598559797810026 0
0 0.003498599803426414 0
0 0.003398639809042802 0
0 0.00329867981465919 0
0 0.003198719820275578 0
0 0.003098759825891966 0
0 0.002998799831508354 0
0 0.002898839837124742 0
0 0.00279887984274113 0
0 0.002698919848357519 0
0 0.002598959853973907 0
0 0.002498999859590295 0
0 0.002399039865206684 0
0 0.002299079870823072 0
0 0.002199119876439459 0
0 0.002099159882055848 0
0 0.001999199887672236 0
0 0.001899239893288624 0
0 0.001799279898905013 0
0 0.001699319904521401 0
0 0.00159935991013779 0
0 0.001499399915754178 0
0 0.001399439921370565 0
0 0.001299479926986953 0
0 0.001199519932603341 0
0 0.00109955993821973 0
0 0.0009995999438361181 0
0 0.000899639949452506 0
0 0.0007996799550688948 0
0 0.0006997199606852827 0
0 0.0005997599663016715 0
0 0.0004997999719180595 0
0 0.0003998399775344474 0
0 0.0002998799831508362 0
0 0.0001999199887672241 0
0 9.995999438361207e-05 0
2 1 0 3938
735
736
737
738
739
740
741
742
743
744
745
746
747
748
749
750
751
752
753
754
755
756
757
758
759
760
761
762
763
764
765
766
767
768
769
770
771
772
773
774
775
776
777
778
779
780
781
782
783
784
785
786
787
788
789
790
791
792
793
794
795
796
797
798
799
800
801
802
803
804
805
806
807
808
809
810
811
812
813
814
815
816
817
818
819
820
821
822
823
824
825
826
827
828
829
830
831
832
833
834
835
836
837
838
839
840
841
842
843
844
845
846
847
848
849
850
851
852
853
854
855
856
857
858
859
860
861
862
863
864
865
866
867
868
869
870
871
872
873
874
875
876
877
878
879
880
881
882
883
884
885
886
887
888
889
890
891
892
893
894
895
896
897
898
899
900
901
902
903
904
905
906
907
908
909
910
911
912
913
914
915
916
917
918
919
920
921
922
923
924
925
926
927
928
929
930
931
932
933
934
935
936
937
938
939
940
941
942
943
944
945
946
947
948
949
950
951
952
953
954
955
956
957
958
959
960
961
962
963
964
965
966
967
968
969
970
971
972
973
974
975
976
977
978
979
980
981
982
983
984
985
986
987
988
989
990
991
992
993
994
995
996
997
998
999
1000
1001
1002
1003
1004
1005
1006
1007
1008
1009
1010
1011
1012
1013
1014
1015
1016
1017
1018
1019
1020
1021
1022
1023
1024
1025
1026
1027
1028
1029
1030
1031
1032
1033
1034
1035
1036
1037
1038
1039
1040
1041
1042
1043
1044
1045
1046
1047
1048
1049
1050
1051
1052
1053
1054
1055
1056
1057
1058
1059
1060
1061
1062
1063
1064
1065
1066
1067
1068
1069
1070
1071
1072
1073
1074
1075
1076
1077
1078
1079
1080
1081
1082
1083
1084
1085
1086
1087
1088
1089
1090
1091
1092
1093
1094
1095
1096
1097
1098
1099
1100
1101
1102
1103
1104
1105
1106
1107
1108
1109
1110
1111
1112
1113
1114
1115
1116
1117
1118
1119
1120
1121
1122
1123
1124
1125
1126
1127
1128
1129
1130
1131
1132
1133
1134
1135
1136
1137
1138
1139
1140
1141
1142
1143
1144
1145
1146
1147
1148
1149
1150
1151
1152
1153
1154
1155
1156
1157
1158
1159
1160
1161
1162
1163
1164
1165
1166
1167
1168
1169
1170
1171
1172
1173
1174
1175
1176
1177
1178
1179
1180
1181
1182
1183
1184
1185
1186
1187
1188
1189
1190
1191
1192
1193
1194
1195
1196
1197
1198
1199
1200
1201
1202
1203
1204
1205
1206
1207
1208
1209
1210
1211
1212
1213
1214
1215
1216
1217
1218
1219
1220
1221
1222
1223
1224
1225
1226
1227
1228
1229
1230
1231
1232
1233
1234
1235
1236
1237
1238
1239
1240
1241
1242
1243
1244
1245
1246
1247
1248
1249
1250
1251
1252
1253
1254
1255
1256
1257
1258
1259
1260
1261
1262
1263
1264
1265
1266
1267
1268
1269
1270
1271
1272
1273
1274
1275
1276
1277
1278
1279
1280
1281
1282
1283
1284
1285
1286
1287
1288
1289
1290
1291
1292
1293
1294
1295
1296
1297
1298
1299
1300
1301
1302
1303
1304
1305
1306
1307
1308
1309
1310
1311
1312
1313
1314
1315
1316
1317
1318
1319
1320
1321
1322
1323
1324
1325
1326
1327
1328
1329
1330
1331
1332
1333
1334
1335
1336
1337
1338
1339
1340
1341
1342
1343
1344
1345
1346
1347
1348
1349
1350
1351
1352
1353
1354
1355
1356
1357
1358
1359
1360
1361
1362
1363
1364
1365
1366
1367
1368
1369
1370
1371
1372
1373
1374
1375
1376
1377
1378
1379
1380
1381
1382
1383
1384
1385
1386
1387
1388
1389
1390
1391
1392
1393
1394
1395
1396
1397
1398
1399
1400
1401
1402
1403
1404
1405
1406
1407
1408
1409
1410
1411
1412
1413
1414
1415
1416
1417
1418
1419
1420
1421
1422
1423
1424
1425
1426
1427
1428
1429
1430
1431
1432
1433
1434
1435
1436
1437
1438
1439
1440
1441
1442
1443
1444
1445
1446
1447
1448
1449
1450
1451
1452
1453
1454
1455
1456
1457
1458
1459
1460
1461
1462
1463
1464
1465
1466
1467
1468
1469
1470
1471
1472
1473
1474
1475
1476
1477
1478
1479
1480
1481
1482
1483
1484
1485
1486
1487
1488
1489
1490
1491
1492
1493
1494
1495
1496
1497
1498
1499
1500
1501
1502
1503
1504
1505
1506
1507
1508
1509
1510
1511
1512
1513
1514
1515
1516
1517
1518
1519
1520
1521
1522
1523
1524
1525
1526
1527
1528
1529
1530
1531
1532
1533
1534
1535
1536
1537
1538
1539
1540
1541
1542
1543
1544
1545
1546
1547
1548
1549
1550
1551
1552
1553
1554
1555
1556
1557
1558
1559
1560
1561
1562
1563
1564
1565
1566
1567
1568
1569
1570
1571
1572
1573
1574
1575
1576
1577
1578
1579
1580
1581
1582
1583
1584
1585
1586
1587
1588
1589
1590
1591
1592
1593
1594
1595
1596
1597
1598
1599
1600
1601
1602
1603
1604
1605
1606
1607
1608
1609
1610
1611
1612
1613
1614
1615
1616
1617
1618
1619
1620
1621
1622
1623
1624
1625
1626
1627
1628
1629
1630
1631
1632
1633
1634
1635
1636
1637
1638
1639
1640
1641
1642
1643
1644
1645
1646
1647
1648
1649
1650
1651
1652
1653
1654
1655
1656
1657
1658
1659
1660
1661
1662
1663
1664
1665
1666
1667
1668
1669
1670
1671
1672
1673
1674
1675
1676
1677
1678
1679
1680
1681
1682
1683
1684
1685
1686
1687
1688
1689
1690
1691
1692
1693
1694
1695
1696
1697
1698
1699
1700
1701
1702
1703
1704
1705
1706
1707
1708
1709
1710
1711
1712
1713
1714
1715
1716
1717
1718
1719
1720
1721
1722
1723
1724
1725
1726
1727
1728
1729
1730
1731
1732
1733
1734
1735
1736
1737
1738
1739
1740
1741
1742
1743
1744
1745
1746
1747
1748
1749
1750
1751
1752
1753
1754
1755
1756
1757
1758
1759
1760
1761
1762
1763
1764
1765
1766
1767
1768
1769
1770
1771
1772
1773
1774
1775
1776
1777
1778
1779
1780
1781
1782
1783
1784
1785
1786
1787
1788
1789
1790
1791
1792
1793
1794
1795
1796
1797
1798
1799
1800
1801
1802
1803
1804
1805
1806
1807
1808
1809
1810
1811
1812
1813
1814
1815
1816
1817
1818
1819
1820
1821
1822
1823
1824
1825
1826
1827
1828
1829
1830
1831
1832
1833
1834
1835
1836
1837
1838
1839
1840
1841
1842
1843
1844
1845
1846
1847
1848
1849
1850
1851
1852
1853
1854
1855
1856
1857
1858
1859
1860
1861
1862
1863
1864
1865
1866
1867
1868
1869
1870
1871
1872
1873
1874
1875
1876
1877
1878
1879
1880
1881
1882
1883
1884
1885
1886
1887
1888
1889
1890
1891
1892
1893
1894
1895
1896
1897
1898
1899
1900
1901
1902
1903
1904
1905
1906
1907
1908
1909
1910
1911
1912
1913
1914
1915
1916
1917
1918
1919
1920
1921
1922
1923
1924
1925
1926
1927
1928
1929
1930
1931
1932
1933
1934
1935
1936
1937
1938
1939
1940
1941
1942
1943
1944
1945
1946
1947
1948
1949
1950
1951
1952
1953
1954
1955
1956
1957
1958
1959
1960
1961
1962
1963
1964
1965
1966
1967
1968
1969
1970
1971
1972
1973
1974
1975
1976
1977
1978
1979
1980
1981
1982
1983
1984
1985
1986
1987
1988
1989
1990
1991
1992
1993
1994
1995
1996
1997
1998
1999
2000
2001
2002
2003
2004
2005
2006
2007
2008
2009
2010
2011
2012
2013
2014
2015
2016
2017
2018
2019
2020
2021
2022
2023
2024
2025
2026
2027
2028
2029
2030
2031
2032
2033
2034
2035
2036
2037
2038
2039
2040
2041
2042
2043
2044
2045
2046
2047
2048
2049
2050
2051
2052
2053
2054
2055
2056
2057
2058
2059
2060
2061
2062
2063
2064
2065
2066
2067
2068
2069
2070
2071
2072
2073
2074
2075
2076
2077
2078
2079
2080
2081
2082
2083
2084
2085
2086
2087
2088
2089
2090
2091
2092
2093
2094
2095
2096
2097
2098
2099
2100
2101
2102
2103
2104
2105
2106
2107
2108
2109
2110
2111
2112
2113
2114
2115
2116
2117
2118
2119
2120
2121
2122
2123
2124
2125
2126
2127
2128
2129
2130
2131
2132
2133
2134
2135
2136
2137
2138
2139
2140
2141
2142
2143
2144
2145
2146
2147
2148
2149
2150
2151
2152
2153
2154
2155
2156
2157
2158
2159
2160
2161
2162
2163
2164
2165
2166
2167
2168
2169
2170
2171
2172
2173
2174
2175
2176
2177
2178
2179
2180
2181
2182
2183
2184
2185
2186
2187
2188
2189
2190
2191
2192
2193
2194
2195
2196
2197
2198
2199
2200
2201
2202
2203
2204
2205
2206
2207
2208
2209
2210
2211
2212
2213
2214
2215
2216
2217
2218
2219
2220
2221
2222
2223
2224
2225
2226
2227
2228
2229
2230
2231
2232
2233
2234
2235
2236
2237
2238
2239
2240
2241
2242
2243
2244
2245
2246
2247
2248
2249
2250
2251
2252
2253
2254
2255
2256
2257
2258
2259
2260
2261
2262
2263
2264
2265
2266
2267
2268
2269
2270
2271
2272
2273
2274
2275
2276
2277
2278
2279
2280
2281
2282
2283
2284
2285
2286
2287
2288
2289
2290
2291
2292
2293
2294
2295
2296
2297
2298
2299
2300
2301
2302
2303
2304
2305
2306
2307
2308
2309
2310
2311
2312
2313
2314
2315
2316
2317
2318
2319
2320
2321
2322
2323
2324
2325
2326
2327
2328
2329
2330
2331
2332
2333
2334
2335
2336
2337
2338
2339
2340
2341
2342
2343
2344
2345
2346
2347
2348
2349
2350
2351
2352
2353
2354
2355
2356
2357
2358
2359
2360
2361
2362
2363
2364
2365
2366
2367
2368
2369
2370
2371
2372
2373
2374
2375
2376
2377
2378
2379
2380
2381
2382
2383
2384
2385
2386
2387
2388
2389
2390
2391
2392
2393
2394
2395
2396
2397
2398
2399
2400
2401
2402
2403
2404
2405
2406
2407
2408
2409
2410
2411
2412
2413
2414
2415
2416
2417
2418
2419
2420
2421
2422
2423
2424
2425
2426
2427
2428
2429
2430
2431
2432
2433
2434
2435
2436
2437
2438
2439
2440
2441
2442
2443
2444
2445
2446
2447
2448
2449
2450
2451
2452
2453
2454
2455
2456
2457
2458
2459
2460
2461
2462
2463
2464
2465
2466
2467
2468
2469
2470
2471
2472
2473
2474
2475
2476
2477
2478
2479
2480
2481
2482
2483
2484
2485
2486
2487
2488
2489
2490
2491
2492
2493
2494
2495
2496
2497
2498
2499
2500
2501
2502
2503
2504
2505
2506
2507
2508
2509
2510
2511
2512
2513
2514
2515
2516
2517
2518
2519
2520
2521
2522
2523
2524
2525
2526
2527
2528
2529
2530
2531
2532
2533
2534
2535
2536
2537
2538
2539
2540
2541
2542
2543
2544
2545
2546
2547
2548
2549
2550
2551
2552
2553
2554
2555
2556
2557
2558
2559
2560
2561
2562
2563
2564
2565
2566
2567
2568
2569
2570
2571
2572
2573
2574
2575
2576
2577
2578
2579
2580
2581
2582
2583
2584
2585
2586
2587
2588
2589
2590
2591
2592
2593
2594
2595
2596
2597
2598
2599
2600
2601
2602
2603
2604
2605
2606
2607
2608
2609
2610
2611
2612
2613
2614
2615
2616
2617
2618
2619
2620
2621
2622
2623
2624
2625
2626
2627
2628
2629
2630
2631
2632
2633
2634
2635
2636
2637
2638
2639
2640
2641
2642
2643
2644
2645
2646
2647
2648
2649
2650
2651
2652
2653
2654
2655
2656
2657
2658
2659
2660
2661
2662
2663
2664
2665
2666
2667
2668
2669
2670
2671
2672
2673
2674
2675
2676
2677
2678
2679
2680
2681
2682
2683
2684
2685
2686
2687
2688
2689
2690
2691
2692
2693
2694
2695
2696
2697
2698
2699
2700
2701
2702
2703
2704
2705
2706
2707
2708
2709
2710
2711
2712
2713
2714
2715
2716
2717
2718
2719
2720
2721
2722
2723
2724
2725
2726
2727
2728
2729
2730
2731
2732
2733
2734
2735
2736
2737
2738
2739
2740
2741
2742
2743
2744
2745
2746
2747
2748
2749
2750
2751
2752
2753
2754
2755
2756
2757
2758
2759
2760
2761
2762
2763
2764
2765
2766
2767
2768
2769
2770
2771
2772
2773
2774
2775
2776
2777
2778
2779
2780
2781
2782
2783
2784
2785
2786
2787
2788
2789
2790
2791
2792
2793
2794
2795
2796
2797
2798
2799
2800
2801
2802
2803
2804
2805
2806
2807
2808
2809
2810
2811
2812
2813
2814
2815
2816
2817
2818
2819
2820
2821
2822
2823
2824
2825
2826
2827
2828
2829
2830
2831
2832
2833
2834
2835
2836
2837
2838
2839
2840
2841
2842
2843
2844
2845
2846
2847
2848
2849
2850
2851
2852
2853
2854
2855
2856
2857
2858
2859
2860
2861
2862
2863
2864
2865
2866
2867
2868
2869
2870
2871
2872
2873
2874
2875
2876
2877
2878
2879
2880
2881
2882
2883
2884
2885
2886
2887
2888
2889
2890
2891
2892
2893
2894
2895
2896
2897
2898
2899
2900
2901
2902
2903
2904
2905
2906
2907
2908
2909
2910
2911
2912
2913
2914
2915
2916
2917
2918
2919
2920
2921
2922
2923
2924
2925
2926
2927
2928
2929
2930
2931
2932
2933
2934
2935
2936
2937
2938
2939
2940
2941
2942
2943
2944
2945
2946
2947
2948
2949
2950
2951
2952
2953
2954
2955
2956
2957
2958
2959
2960
2961
2962
2963
2964
2965
2966
2967
2968
2969
2970
2971
2972
2973
2974
2975
2976
2977
2978
2979
2980
2981
2982
2983
2984
2985
2986
2987
2988
2989
2990
2991
2992
2993
2994
2995
2996
2997
2998
2999
3000
3001
3002
3003
3004
3005
3006
3007
3008
3009
3010
3011
3012
3013
3014
3015
3016
3017
3018
3019
3020
3021
3022
3023
3024
3025
3026
3027
3028
3029
3030
3031
3032
3033
3034
3035
3036
3037
3038
3039
3040
3041
3042
3043
3044
3045
3046
3047
3048
3049
3050
3051
3052
3053
3054
3055
3056
3057
3058
3059
3060
3061
3062
3063
3064
3065
3066
3067
3068
3069
3070
3071
3072
3073
3074
3075
3076
3077
3078
3079
3080
3081
3082
3083
3084
3085
3086
3087
3088
3089
3090
3091
3092
3093
3094
3095
3096
3097
3098
3099
3100
3101
3102
3103
3104
3105
3106
3107
3108
3109
3110
3111
3112
3113
3114
3115
3116
3117
3118
3119
3120
3121
3122
3123
3124
3125
3126
3127
3128
3129
3130
3131
3132
3133
3134
3135
3136
3137
3138
3139
3140
3141
3142
3143
3144
3145
3146
3147
3148
3149
3150
3151
3152
3153
3154
3155
3156
3157
3158
3159
3160
3161
3162
3163
3164
3165
3166
3167
3168
3169
3170
3171
3172
3173
3174
3175
3176
3177
3178
3179
3180
3181
3182
3183
3184
3185
3186
3187
3188
3189
3190
3191
3192
3193
3194
3195
3196
3197
3198
3199
3200
3201
3202
3203
3204
3205
3206
3207
3208
3209
3210
3211
3212
3213
3214
3215
3216
3217
3218
3219
3220
3221
3222
3223
3224
3225
3226
3227
3228
3229
3230
3231
3232
3233
3234
3235
3236
3237
3238
3239
3240
3241
3242
3243
3244
3245
3246
3247
3248
3249
3250
3251
3252
3253
3254
3255
3256
3257
3258
3259
3260
3261
3262
3263
3264
3265
3266
3267
3268
3269
3270
3271
3272
3273
3274
3275
3276
3277
3278
3279
3280
3281
3282
3283
3284
3285
3286
3287
3288
3289
3290
3291
3292
3293
3294
3295
3296
3297
3298
3299
3300
3301
3302
3303
3304
3305
3306
3307
3308
3309
3310
3311
3312
3313
3314
3315
3316
3317
3318
3319
3320
3321
3322
3323
3324
3325
3326
3327
3328
3329
3330
3331
3332
3333
3334
3335
3336
3337
3338
3339
3340
3341
3342
3343
3344
3345
3346
3347
3348
3349
3350
3351
3352
3353
3354
3355
3356
3357
3358
3359
3360
3361
3362
3363
3364
3365
3366
3367
3368
3369
3370
3371
3372
3373
3374
3375
3376
3377
3378
3379
3380
3381
3382
3383
3384
3385
3386
3387
3388
3389
3390
3391
3392
3393
3394
3395
3396
3397
3398
3399
3400
3401
3402
3403
3404
3405
3406
3407
3408
3409
3410
3411
3412
3413
3414
3415
3416
3417
3418
3419
3420
3421
3422
3423
3424
3425
3426
3427
3428
3429
3430
3431
3432
3433
3434
3435
3436
3437
3438
3439
3440
3441
3442
3443
3444
3445
3446
3447
3448
3449
3450
3451
3452
3453
3454
3455
3456
3457
3458
3459
3460
3461
3462
3463
3464
3465
3466
3467
3468
3469
3470
3471
3472
3473
3474
3475
3476
3477
3478
3479
3480
3481
3482
3483
3484
3485
3486
3487
3488
3489
3490
3491
3492
3493
3494
3495
3496
3497
3498
3499
3500
3501
3502
3503
3504
3505
3506
3507
3508
3509
3510
3511
3512
3513
3514
3515
3516
3517
3518
3519
3520
3521
3522
3523
3524
3525
3526
3527
3528
3529
3530
3531
3532
3533
3534
3535
3536
3537
3538
3539
3540
3541
3542
3543
3544
3545
3546
3547
3548
3549
3550
3551
3552
3553
3554
3555
3556
3557
3558
3559
3560
3561
3562
3563
3564
3565
3566
3567
3568
3569
3570
3571
3572
3573
3574
3575
3576
3577
3578
3579
3580
3581
3582
3583
3584
3585
3586
3587
3588
3589
3590
3591
3592
3593
3594
3595
3596
3597
3598
3599
3600
3601
3602
3603
3604
3605
3606
3607
3608
3609
3610
3611
3612
3613
3614
3615
3616
3617
3618
3619
3620
3621
3622
3623
3624
3625
3626
3627
3628
3629
3630
3631
3632
3633
3634
3635
3636
3637
3638
3639
3640
3641
3642
3643
3644
3645
3646
3647
3648
3649
3650
3651
3652
3653
3654
3655
3656
3657
3658
3659
3660
3661
3662
3663
3664
3665
3666
3667
3668
3669
3670
3671
3672
3673
3674
3675
3676
3677
3678
3679
3680
3681
3682
3683
3684
3685
3686
3687
3688
3689
3690
3691
3692
3693
3694
3695
3696
3697
3698
3699
3700
3701
3702
3703
3704
3705
3706
3707
3708
3709
3710
3711
3712
3713
3714
3715
3716
3717
3718
3719
3720
3721
3722
3723
3724
3725
3726
3727
3728
3729
3730
3731
3732
3733
3734
3735
3736
3737
3738
3739
3740
3741
3742
3743
3744
3745
3746
3747
3748
3749
3750
3751
3752
3753
3754
3755
3756
3757
3758
3759
3760
3761
3762
3763
3764
3765
3766
3767
3768
3769
3770
3771
3772
3773
3774
3775
3776
3777
3778
3779
3780
3781
3782
3783
3784
3785
3786
3787
3788
3789
3790
3791
3792
3793
3794
3795
3796
3797
3798
3799
3800
3801
3802
3803
3804
3805
3806
3807
3808
3809
3810
3811
3812
3813
3814
3815
3816
3817
3818
3819
3820
3821
3822
3823
3824
3825
3826
3827
3828
3829
3830
3831
3832
3833
3834
3835
3836
3837
3838
3839
3840
3841
3842
3843
3844
3845
3846
3847
3848
3849
3850
3851
3852
3853
3854
3855
3856
3857
3858
3859
3860
3861
3862
3863
3864
3865
3866
3867
3868
3869
3870
3871
3872
3873
3874
3875
3876
3877
3878
3879
3880
3881
3882
3883
3884
3885
3886
3887
3888
3889
3890
3891
3892
3893
3894
3895
3896
3897
3898
3899
3900
3901
3902
3903
3904
3905
3906
3907
3908
3909
3910
3911
3912
3913
3914
3915
3916
3917
3918
3919
3920
3921
3922
3923
3924
3925
3926
3927
3928
3929
3930
3931
3932
3933
3934
3935
3936
3937
3938
3939
3940
3941
3942
3943
3944
3945
3946
3947
3948
3949
3950
3951
3952
3953
3954
3955
3956
3957
3958
3959
3960
3961
3962
3963
3964
3965
3966
3967
3968
3969
3970
3971
3972
3973
3974
3975
3976
3977
3978
3979
3980
3981
3982
3983
3984
3985
3986
3987
3988
3989
3990
3991
3992
3993
3994
3995
3996
3997
3998
3999
4000
4001
4002
4003
4004
4005
4006
4007
4008
4009
4010
4011
4012
4013
4014
4015
4016
4017
4018
4019
4020
4021
4022
4023
4024
4025
4026
4027
4028
4029
4030
4031
4032
4033
4034
4035
4036
4037
4038
4039
4040
4041
4042
4043
4044
4045
4046
4047
4048
4049
4050
4051
4052
4053
4054
4055
4056
4057
4058
4059
4060
4061
4062
4063
4064
4065
4066
4067
4068
4069
4070
4071
4072
4073
4074
4075
4076
4077
4078
4079
4080
4081
4082
4083
4084
4085
4086
4087
4088
4089
4090
4091
4092
4093
4094
4095
4096
4097
4098
4099
4100
4101
4102
4103
4104
4105
4106
4107
4108
4109
4110
4111
4112
4113
4114
4115
4116
4117
4118
4119
4120
4121
4122
4123
4124
4125
4126
4127
4128
4129
4130
4131
4132
4133
4134
4135
4136
4137
4138
4139
4140
4141
4142
4143
4144
4145
4146
4147
4148
4149
4150
4151
4152
4153
4154
4155
4156
4157
4158
4159
4160
4161
4162
4163
4164
4165
4166
4167
4168
4169
4170
4171
4172
4173
4174
4175
4176
4177
4178
4179
4180
4181
4182
4183
4184
4185
4186
4187
4188
4189
4190
4191
4192
4193
4194
4195
4196
4197
4198
4199
4200
4201
4202
4203
4204
4205
4206
4207
4208
4209
4210
4211
4212
4213
4214
4215
4216
4217
4218
4219
4220
4221
4222
4223
4224
4225
4226
4227
4228
4229
4230
4231
4232
4233
4234
4235
4236
4237
4238
4239
4240
4241
4242
4243
4244
4245
4246
4247
4248
4249
4250
4251
4252
4253
4254
4255
4256
4257
4258
4259
4260
4261
4262
4263
4264
4265
4266
4267
4268
4269
4270
4271
4272
4273
4274
4275
4276
4277
4278
4279
4280
4281
4282
4283
4284
4285
4286
4287
4288
4289
4290
4291
4292
4293
4294
4295
4296
4297
4298
4299
4300
4301
4302
4303
4304
4305
4306
4307
4308
4309
4310
4311
4312
4313
4314
4315
4316
4317
4318
4319
4320
4321
4322
4323
4324
4325
4326
4327
4328
4329
4330
4331
4332
4333
4334
4335
4336
4337
4338
4339
4340
4341
4342
4343
4344
4345
4346
4347
4348
4349
4350
4351
4352
4353
4354
4355
4356
4357
4358
4359
4360
4361
4362
4363
4364
4365
4366
4367
4368
4369
4370
4371
4372
4373
4374
4375
4376
4377
4378
4379
4380
4381
4382
4383
4384
4385
4386
4387
4388
4389
4390
4391
4392
4393
4394
4395
4396
4397
4398
4399
4400
4401
4402
4403
4404
4405
4406
4407
4408
4409
4410
4411
4412
4413
4414
4415
4416
4417
4418
4419
4420
4421
4422
4423
4424
4425
4426
4427
4428
4429
4430
4431
4432
4433
4434
4435
4436
4437
4438
4439
4440
4441
4442
4443
4444
4445
4446
4447
4448
4449
4450
4451
4452
4453
4454
4455
4456
4457
4458
4459
4460
4461
4462
4463
4464
4465
4466
4467
4468
4469
4470
4471
4472
4473
4474
4475
4476
4477
4478
4479
4480
4481
4482
4483
4484
4485
4486
4487
4488
4489
4490
4491
4492
4493
4494
4495
4496
4497
4498
4499
4500
4501
4502
4503
4504
4505
4506
4507
4508
4509
4510
4511
4512
4513
4514
4515
4516
4517
4518
4519
4520
4521
4522
4523
4524
4525
4526
4527
4528
4529
4530
4531
4532
4533
4534
4535
4536
4537
4538
4539
4540
4541
4542
4543
4544
4545
4546
4547
4548
4549
4550
4551
4552
4553
4554
4555
4556
4557
4558
4559
4560
4561
4562
4563
4564
4565
4566
4567
4568
4569
4570
4571
4572
4573
4574
4575
4576
4577
4578
4579
4580
4581
4582
4583
4584
4585
4586
4587
4588
4589
4590
4591
4592
4593
4594
4595
4596
4597
4598
4599
4600
4601
4602
4603
4604
4605
4606
4607
4608
4609
4610
4611
4612
4613
4614
4615
4616
4617
4618
4619
4620
4621
4622
4623
4624
4625
4626
4627
4628
4629
4630
4631
4632
4633
4634
4635
4636
4637
4638
4639
4640
4641
4642
4643
4644
4645
4646
4647
4648
4649
4650
4651
4652
4653
4654
4655
4656
4657
4658
4659
4660
4661
4662
4663
4664
4665
4666
4667
4668
4669
4670
4671
4672
0.01231088293037865 0.0008084357385928359 0
0.004685199336562527 0.006194434327826711 0
0.008724043049515084 0.005771267303014168 0
0.008275956950484916 0.001228732696985833 0
0.01203070028160203 0.001172575237609632 0
0.00496929971839797 0.005827424762390369 0
0.01151684450600185 0.005681975443264275 0
0.005483155493998153 0.001318024556735728 0
0.008548204567841389 0.001562807557965749 0
0.008451795432158611 0.005437192442034251 0
0.005228339133144066 0.005464314830128523 0
0.01177166086685593 0.001535685169871474 0
0.005226320696450295 0.001640832421829858 0
0.0117736793035497 0.005359167578170139 0
0.01353432252956614 0.004158539979036844 0
0.003462966846879594 0.002827764697634009 0
0.0082367522087277 0.005153882888370135 0
0.008770442434442461 0.001834700046726912 0
0.005479489943679361 0.005170884159632559 0
0.0115332629139852 0.001826941725229818 0
0.01381153414570174 0.004262606349176146 0
0.003183907605641799 0.002736754522562133 0
0.0120161505409471 0.005081243374376024 0
0.004999595307377827 0.001933223086014883 0
0.006846399634617178 0.004133240938230781 0
0.0101516644886401 0.002861541998414243 0
0.002301643843673659 0.006900850194541079 0
0.01468562327378753 8.080803311771249e-05 0
0.003740046960426782 0.002862196201117298 0
0.01326205649693455 0.004126096875842605 0
0.0169132364776726 0.002340132986515339 0
8.656789449835826e-05 0.00464813973883795 0
0.01400348172810353 8.429193956345504e-05 0
0.003000370622899621 0.006932297616481165 0
0.01452069661498967 0.004920396886657249 0
0.002485533481511351 0.002082319639087774 0
0.01131205495116332 0.002143858566043724 0
0.005690085645463994 0.004857688948701338 0
0.009870547038296715 0.002808788644391967 0
0.007124744952099304 0.004180475974984821 0
0.002833117910237188 0.002505430464430954 0
0.01415179201354067 0.00450131419765955 0
0.006564881881318525 0.004173924403618037 0
0.0104354085524771 0.00282828071721841 0
0.002293664275446528 0.001825044771149878 0
0.01472508031739439 0.005164839237324856 0
7.776759624266751e-05 0.004047820247014203 0
0.01692549025041978 0.002952276340499939 0
0.01298347219365785 0.004211075743178997 0
0.004021814648584512 0.002785312242507846 0
9.379846030480379e-05 0.005243130503857584 0
0.01692137204226475 0.001751288497465441 0
0.007409181850753017 0.004305756431369556 0
0.009595367665327717 0.002675950502249703 0
0.01491035115013704 0.00541925899785552 0
0.002090498396363648 0.001565770124361577 0
0.01126901138879279 0.005984861660446867 0
0.005730988611207214 0.001015138339553134 0
0.006287318714908594 0.004303105739753611 0
0.01070830612981315 0.002693429428304233 0
0.001726069744530634 0.006902650404400809 0
0.01526478572409511 9.114821493917246e-05 0
0.004360994235879358 0.002596852648324112 0
0.01262765111279535 0.004408321398686009 0
0.01691133195384618 0.003548996257095902 0
8.770437858040235e-05 0.003449725119070287 0
0.001907716621743763 0.001323191673135709 0
0.01509531928797841 0.005693423494846514 0
0.007674383270392067 0.004516517955280982 0
0.01266737192826867 0.000461943751912516 0
0.004329468062291487 0.006533042471892952 0
0.009311866012916592 0.002485461353284074 0
0.007972238346347244 0.000884934082854586 0
0.009047863433514994 0.006118816170923518 0
0.008013013080276035 0.004847164462641171 0
0.00898791860293555 0.002154751712803851 0
0.006018566435841019 0.004509267372844496 0
0.01097109050980887 0.002496626862230284 0
0.01529526512842698 0.005929077788152706 0
0.001694779048659745 0.001050667668948615 0
0.004700158831363667 0.002292008627809696 0
0.01229759450795205 0.004704993481386439 0
8.490444301090423e-05 0.002945927594141074 0
0.01691343210550164 0.004051180165683451 0
0.009495555689755188 0.006552373864519156 0
0.007504802367696155 0.000451204858641792 0
0.006072154388361707 0.0006835517332712837 0
0.01093694234497716 0.006327858335469158 0
0.001516530713767609 0.000805411008695564 0
0.01547173207786523 0.006172115143558187 0
0.01691727917295915 0.00126169539673723 0
9.323726648465674e-05 0.005741388048440253 0
0.01691847303275031 0.004536572233432156 0
7.831440587331012e-05 0.002448605308818736 0
0.01577033428989104 8.612221849091948e-05 0
0.001221693972651408 0.006910749399491432 0
0.003846013285071778 0.006888864172111386 0
0.01316445922621989 0.0001092411362625645 0
0.006488866753569337 0.0003212300574735156 0
0.01050258228286778 0.006660516598144912 0
0.016916515959225 0.00504937231518281 0
9.262793209696869e-05 0.001948076636888313 0
0.01359505158329589 8.030229408378421e-05 0
0.003391760108866521 0.006913470306423285 0
0.01691624666147792 0.005449318587217655 0
8.045226469420054e-05 0.001564652395339416 0
0.009920351668547248 0.006771107695725691 0
0.007079648331452753 0.0002288923042743085 0
0.01691342633003327 0.0008524603454078752 0
8.464736056710588e-05 0.006147539654592133 0
0.0157254515938474 0.006412213769304858 0
0.001282273000796074 0.0005903779340029939 0
0.01616588650672201 8.708241285627916e-05 0
0.000835945800768699 0.006919261482245189 0
0.01690968336991722 0.005856647050808452 0
8.489412510969026e-05 0.001149539935411542 0
0.01190143295021424 0.001346092877488451 0
0.005098567049785755 0.005653907122511551 0
0.01602222796081605 0.006690841519990035 0
0.0009778819756648552 0.0003151004190147738 0
0.005359970804176416 0.001455978521045762 0
0.01164002919582358 0.005544021478954241 0
0.008594960297379568 0.005606894518014237 0
0.008404232103497456 0.001391950842208989 0
0.01216118312732674 0.001022235046923587 0
0.004838816872673264 0.005977764953076413 0
0.008856149652486463 0.00593244230355 0
0.008143850347513538 0.001067557696449999 0
0.002643449234211226 0.002299701376569355 0
0.01436206037659179 0.004697667416781936 0
0.01632198254037973 0.006887325869563403 0
0.0006771264535385332 0.0001186563762378095 0
8.897729207772882e-05 0.0007466416863003956 0
0.01691343210550164 0.006250300042122909 0
0.006783818768918347 0.0002171049915919423 0
0.01019549840825642 0.006785507949816591 0
0.01691848712625823 0.002053742893799484 0
8.656789449835826e-05 0.004948019721988788 0
8.656789449835826e-05 0.003748499789385447 0
8.204933542732031e-05 0.004346906511975474 0
0.01691128789309075 0.002639978359545836 0
0.01691096570308089 0.003247294810481153 0
0.004080229887368513 0.006748259941389296 0
0.01291176816779568 0.0002488480998638484 0
8.364277002646282e-05 0.006452046613838074 0
0.01691343210550164 0.0005525803622570369 0
0.01429465861421536 8.723107084947397e-05 0
0.002598805527284864 0.006912606769926501 0
0.01497721462729986 9.129572667726255e-05 0
0.002027546251110067 0.006901868673738266 0
0.009225826519748782 0.006320017861994544 0
0.007765615035675653 0.0006891055271921256 0
0.004520021811072326 0.006335782658549833 0
0.0124871132862915 0.0006624326076167179 0
0.0164712105527632 8.695895274808815e-05 0
0.0005413989958371508 0.006920143664129453 0
0.01074932073611438 0.006500334417492841 0
0.00624704159921777 0.0005033002568441414 0
0.0004503839532297021 6.351046636630595e-05 0
0.01654961604677029 0.006936489533633692 0
0.004887567260869896 0.002065764001382138 0
0.01211243273913011 0.004934235998617862 0
0.01144941817938449 0.001961051901043847 0
0.005550581820615504 0.005038948098956155 0
0.008138640050739906 0.005024774194547259 0
0.008857487581465887 0.001957184288432591 0
0.002185207938464974 0.00169915250870929 0
0.005352323204156274 0.005289486927942969 0
0.01480531894766336 0.005299012903377488 0
0.01164124250118007 0.001701252398912522 0
0.002388404254109295 0.001948347883887051 0
0.01461442107783499 0.005053521832337772 0
0.00198925240267827 0.001443592476295012 0
0.01500167772291369 0.005561013797998816 0
0.01188993406024417 0.005199786416944885 0
0.005095855074159139 0.001813018968452386 0
0.008666038933999228 0.001714653633836408 0
0.008345736098011449 0.005277236152586806 0
0.001784752472590885 0.001182417755502561 0
0.01520639501059192 0.005823324492775627 0
0.01141920455130601 0.005809076937972607 0
0.005580795448693988 0.001190923062027394 0
0.01540483460333661 0.00607427762996665 0
0.001594588991577368 0.0009296063901170571 0
8.229384743939881e-05 0.0004546061462472801 0
0.0169188326287005 0.006550180025273737 0
0.009671905896723709 0.006671065145921581 0
0.007340149756169265 0.0003123186648575685 0
0.005807356521762223 0.004701293658340018 0
0.01118372782123941 0.002298782304498431 0
0.01332959691375602 5.475175476663463e-05 0
0.003661201951098799 0.006943662592448976 0
0.01112824138271831 0.006123968412950565 0
0.005873072508190321 0.0008735704851859714 0
0.01028954700967237 0.002855121600799254 0
0.006710350833231064 0.004137326287666027 0
0.003598036285118384 0.002863207102296041 0
0.01339299826110988 0.004143895310040038 0
0.01367210120405499 0.00421116526197818 0
0.003326906130750599 0.002808869336142433 0
0.01056402264729105 0.002756496465329755 0
0.006431095312768401 0.004231940739500332 0
0.006980789806538935 0.004143687535907364 0
0.0100088316075493 0.002849943948641778 0
0.01311879018198506 0.004172337894210312 0
0.003882636564508337 0.002833000152364087 0
0.003031163987717034 0.002654745711207045 0
0.013960148879989 0.00435714441413875 0
0.01284062213433594 0.00427515176400859 0
0.00415041904033321 0.002747948702287041 0
0.007275534113098307 0.004241995917204367 0
0.00973610327295403 0.002757831104861185 0
0.006165312818954667 0.004391806717598582 0
0.01085613215780084 0.002599078456198776 0
0.007533481267677434 0.004402054483507812 0
0.009473696658276597 0.00258124789815455 0
0.004501406670298779 0.00248632227670896 0
0.01249468763540385 0.004521423065189675 0
0.007812313239628724 0.004637468849765814 0
0.009189933826972852 0.002361173566371918 0
8.896946992038683e-05 0.0009457310519580004 0
8.414807978040888e-05 0.005942764617934763 0
0.01691432222375836 0.004749843220737698 0
0.01691719956747838 0.006050380053355679 0
0.01691601097834786 0.001052380334175092 0
7.013373621810905e-05 0.002245232123124406 0
8.53633076256001e-05 0.00134736267609135 0
8.206096690276977e-05 0.005551620668971036 0
8.505882882664344e-05 0.001739824851279955 0
8.578349249952107e-05 0.00275958007878105 0
8.453399720180152e-05 0.003246863976874542 0
0.01691472295501837 0.005247424420833252 0
0.01692454656738459 0.004350584721580349 0
0.01692014748137684 0.001570115785638601 0
0.01691532975287217 0.005642821297919718 0
0.01691433956183811 0.003766433061368354 0
8.069835329943889e-05 0.006646843557832969 0
0.01691731274165097 0.000352537874470241 0
0.01664405214229637 9.203441797193523e-05 0
0.0003445820952193267 0.00692360169698301 0
0.0159670910466478 8.597437150977905e-05 0
0.01546562346540462 8.92675474813056e-05 0
0.01449549244293644 8.132604615013802e-05 0
0.001418927772446328 0.006920069424435944 0
0.002808919963710484 0.006917616869815593 0
0.003198767785863759 0.006913436784398151 0
0.01380276672232348 8.760068830232504e-05 0
0.001046052571295913 0.006909439029218013 0
0.01674983775579351 0.006917387897071503 0
0.0002486668775527404 8.031905169914293e-05 0
0.01584309949970322 0.006544769314650225 0
0.001159808447502301 0.0004594940038437647 0
0.007635743319597041 0.0005487685826626554 0
0.009359241838099244 0.006447708043160718 0
0.004202561333581181 0.006654347092806797 0
0.01278075531278446 0.0003388777334714034 0
0.0008448627061729006 0.0002140009365507126 0
0.01614675259769728 0.006790591517637959 0
0.001420818595947623 0.0007232359241726057 0
0.01557890439644099 0.00628861205329131 0
0.006368882551032066 0.0004057336555110423 0
0.01062526899374468 0.006588921390594729 0
0.005291673725287135 0.005379473266429757 0
0.005201627714616243 0.00537821876105438 0
0.0117044161723551 0.001619316818085423 0
0.01179253254195235 0.001620684092922477 0
0.01138191508484895 0.00204311693970958 0
0.01146336495163651 0.002041456692140809 0
0.005618029204113807 0.004957255500233893 0
0.005536663181177457 0.004958440810803212 0
0.005157266435743843 0.005573474033627126 0
0.005070531619947847 0.005553308094508938 0
0.01184273356425616 0.001426525966372875 0
0.01192846326802272 0.001446749864189595 0
0.005030956078315635 0.00574242731916417 0
0.004947057463743625 0.005730585387127422 0
0.01196904392168437 0.001257572680835832 0
0.01205542399260398 0.001271322681261449 0
0.008612273999067581 0.001646469938242795 0
0.008509396641277697 0.001644873585021078 0
0.008388127103387063 0.005353384374840487 0
0.008485752866735998 0.005358096680628628 0
0.01183826303001819 0.005280908601680298 0
0.01175609280891403 0.005283943270086171 0
0.005161471473318526 0.001721221422474079 0
0.005246343517724563 0.001719068626847351 0
0.01170871645752381 0.005442106140418729 0
0.01162522134367737 0.005446155750972393 0
0.005291283542476191 0.001557893859581269 0
0.005377827697097144 0.001555751577004028 0
0.008488434351264675 0.001487506640332319 0
0.008388762307108045 0.001476598947858392 0
0.008511565648735325 0.00551249335966768 0
0.00861086542913079 0.005526887537565184 0
0.01157640356151279 0.005620125303717426 0
0.01148711308752477 0.005599824948901802 0
0.005423596438487206 0.001379874696282575 0
0.005509167101986559 0.00139622227855732 0
0.01209841239182374 0.001088637769772792 0
0.01218871393912884 0.001107124528669185 0
0.01225397217542692 0.001031066765360786 0
0.01228541911780238 0.001119092988709217 0
0.0123508902396989 0.001038210507557692 0
0.01238729257514294 0.001134549046050904 0
0.01245904703624437 0.001050724348721574 0
0.01249972980349477 0.001158173949033064 0
0.01258311246587803 0.001063347753187388 0
0.01262859867924921 0.001197099444820108 0
0.01272182528967492 0.001080063262377411 0
0.01278321014423911 0.001222939917337977 0
0.01267312591456162 0.001351091100520153 0
0.01284830351948829 0.001386820587895744 0
0.01272274618559831 0.001531584815614871 0
0.01291840373687371 0.001574433385659235 0
0.01278500830387475 0.001722697135883546 0
0.01300955668533731 0.001781640075756352 0
0.01281096426966185 0.001952075487784095 0
0.01310108742937698 0.00202173429731474 0
0.01326649107957257 0.001823605090678397 0
0.01339739212521759 0.002080435450232905 0
0.01296513150109601 0.00123956188870668 0
0.0135794122750294 0.001793577535329018 0
0.01373193323960443 0.002130424862590343 0
0.01291752033482488 0.002224988548986739 0
0.01396057907820949 0.001876392265120774 0
0.01409869785592576 0.002214267597040395 0
0.01432559025460141 0.00193281126198898 0
0.01447888325955833 0.00229485584944834 0
0.01472291495567426 0.0019352728525034 0
0.01487097823726855 0.002346042679298162 0
0.01516846412829078 0.002038304740680826 0
0.01526202807742708 0.002424921218290971 0
0.01502860687422861 0.002718811311218514 0
0.01543259257225056 0.002758961763384914 0
0.01518189480614688 0.003060267539460338 0
0.01551471957970118 0.003102776519315637 0
0.01529736633319378 0.003379623486029824 0
0.01421692148698714 0.002600763605897771 0
0.01264562918327825 0.002170661177624876 0
0.01273249658308217 0.002432577289676272 0
0.01564874723364248 0.003406241740448697 0
0.01542310732781982 0.003678841398797578 0
0.01501616536039699 0.001684967432652903 0
0.01535116563122684 0.001727272919686241 0
0.01494383118372114 0.003369824824893375 0
0.01573215981918285 0.003716767134677986 0
0.01553824236393079 0.00395561255995241 0
0.01246519076953588 0.002368290394438258 0
0.01253104413516425 0.002638923820941969 0
0.01281636479061562 0.002712818104824902 0
0.01261089942572819 0.002951750819117739 0
0.0123237398818022 0.00284330438082992 0
0.01237139884882963 0.003111089886298922 0
0.01212720749014276 0.003028193256093879 0
0.0121729666342455 0.003345685145916218 0
0.01190805159767018 0.003196571474614223 0
0.01193205670560756 0.003499255943073466 0
0.01171288446076701 0.003393091453304366 0
0.01175584167656834 0.003662671816025258 0
0.01149562879079873 0.003544618600914194 0
0.01155582869390833 0.003837971976733652 0
0.01129793926523692 0.003748198893481834 0
0.01135104167314695 0.004023014974394644 0
0.01108904924430414 0.003932533281782023 0
0.01114579007188071 0.004205831135425503 0
0.01087611851764713 0.004108352082932299 0
0.01093226716470205 0.004403703730534963 0
0.01065407106632336 0.004307987513307457 0
0.01072511887694497 0.004639551880706731 0
0.01041597591027239 0.004504082459120795 0
0.01046765441097114 0.004818887367045416 0
0.01015756211480142 0.00470609694891543 0
0.01021274939682521 0.005014170647884706 0
0.01011646365960054 0.004343893815478932 0
0.009845059842056079 0.004587695030985024 0
0.009799544851173443 0.004219931042579943 0
0.009530852780625969 0.004485986359822771 0
0.009480061230656278 0.004166012300979779 0
0.009236546552443322 0.004364438864699622 0
0.009189345964190729 0.004073823329461389 0
0.01291298064273665 0.002994617039126029 0
0.009591373439409925 0.004810439137379469 0
0.01382749617089207 0.001542341901746614 0
0.01586706640000539 0.003983898774628033 0
0.01565227062464896 0.004225860747774374 0
0.01521143189719132 0.001433905710393837 0
0.01553570123802243 0.001445508414266476 0
0.01566484721900001 0.001742224928400863 0
0.008971744793921854 0.0042708225834954 0
0.008918291939941661 0.003987240120313123 0
0.009128955071769012 0.003790372262895791 0
0.008858686960492409 0.003689719047010757 0
0.008637463513685079 0.003923775667384832 0
0.008594535583951124 0.003600445308288441 0
0.008345800130040961 0.003790707349483793 0
0.008324820384343731 0.003509962883353158 0
0.008549273057480636 0.003327288336317191 0
0.008286899672535507 0.003243292935878326 0
0.008067783483102716 0.003413779161931947 0
0.008040095218045138 0.003143428671773391 0
0.007794959378693973 0.00334863058803095 0
0.007781948339839312 0.003044548259741181 0
0.007551711565661375 0.003218168565472512 0
0.007516085633621098 0.002947861645264197 0
0.007297538581529957 0.003116919185458159 0
0.007264077788754903 0.002834226312617164 0
0.007038522182643404 0.003016832271143881 0
0.007005367299998714 0.002722553681788699 0
0.006785434734840726 0.002915283246973111 0
0.006728476684224361 0.002622711554228467 0
0.006492362703619364 0.002823511271685519 0
0.006968398408321384 0.002437647475177906 0
0.007731818737906691 0.002764689883873999 0
0.006438659187681276 0.00251625277119249 0
0.006199352349103581 0.002714274723413039 0
0.006252774024360632 0.003018575272869837 0
0.005974128843840774 0.002905792572312306 0
0.006006973210290172 0.003195272771514259 0
0.005749816865781764 0.003100717536822421 0
0.005813299232839298 0.003403149488702374 0
0.005541019075731345 0.003281875053730266 0
0.005586349048572119 0.003543138849869461 0
0.005339473515438366 0.003442143116129965 0
0.005377674880608874 0.003703331311188218 0
0.005131786008009476 0.003608690435818503 0
0.005187478566360263 0.003892959353525314 0
0.004900441260921437 0.003730592563327802 0
0.004957229875577326 0.004054347899675338 0
0.004692755228797672 0.003945330449714064 0
0.004738857500699544 0.00425762391825246 0
0.00447826607637858 0.004132240925163234 0
0.004499239761630824 0.004420968700284624 0
0.004243307572944098 0.004311112408337685 0
0.004307745155335429 0.004648536005705083 0
0.004006775803067623 0.00450519897443991 0
0.00404700339984943 0.004824007940484197 0
0.003759132355642371 0.004694244117655308 0
0.003804877686392249 0.005015033863872746 0
0.003497331130685348 0.004897690683398804 0
0.003442363046224424 0.004550949153375405 0
0.00316132947232789 0.004779187325646216 0
0.003125046787499976 0.004363183318432991 0
0.002820239223231307 0.004635557084719698 0
0.002753671748622674 0.004281217729140588 0
0.002467828538679185 0.00451579625249013 0
0.002416760786578098 0.00418084350925628 0
0.002105821576518011 0.004403708274196455 0
0.002095472808933124 0.004010916738301356 0
0.002173444149533622 0.004726898279228747 0
0.003560297181317691 0.005221369965101114 0
0.001750626381948142 0.004280761552158063 0
0.001694772839465255 0.003918845760405873 0
0.001970011270484844 0.003670508534936301 0
0.001591102125653349 0.003597869841961714 0
0.001873642774250791 0.003366675855286184 0
0.001578934694326084 0.003266881385538654 0
0.002173188424132732 0.003431796923208133 0
0.004171344344019353 0.00400675277081086 0
0.001813814293258027 0.003077405409476545 0
0.001557200793003899 0.002937345043107604 0
0.001305133310516637 0.003156574881781006 0
0.001277633135511537 0.00286717933947819 0
0.00147088988804196 0.002669829474891596 0
0.001230098599439299 0.002596236591330715 0
0.001432661791092127 0.002416578898328441 0
0.00117159708477674 0.002342473798625989 0
0.001430878878133415 0.004163984550725893 0
0.00296350497892584 0.004045955981293545 0
0.001357322163457715 0.00217005649109378 0
0.001128495170247859 0.002094723150635808 0
0.01004329659768436 0.004043403061500083 0
0.00388620552956886 0.005319877400631706 0
0.003625977941352629 0.005517188467482253 0
0.0159276339396595 0.00425106997687209 0
0.01575527334524614 0.004467106905402409 0
0.01524603038241078 0.003911681568024284 0
0.01573392818252953 0.002874006594483679 0
0.01079314297316106 0.003805778079773253 0
0.01548587885023618 0.004440221188044798 0
0.01557292859064255 0.004700783030201978 0
0.01584995163938484 0.004714576936746154 0
0.01569906368277754 0.004920257570606096 0
0.01594050231986793 0.004942020408713799 0
0.0157919235784954 0.005131338426074378 0
0.01602212955945198 0.005170312414653868 0
0.01588047118276401 0.005341574604051734 0
0.0160970328280549 0.005381932380182079 0
0.0158438295604247 0.001531223221120179 0
0.01574686839948301 0.001258749483042282 0
0.01596462395103872 0.005542951964006003 0
0.01050509722229044 0.005117581707618385 0
0.01028305380616022 0.005299692097075523 0
0.01595816967924416 0.001777520930229736 0
0.008499627153058503 0.003075676737660265 0
0.008731405444392002 0.003143422039322315 0
0.001478577297182913 0.004469322965900306 0
0.005694989132116452 0.002804388031626993 0
0.001203068720493475 0.004368575543325539 0
0.001237309278945779 0.00464233077123585 0
0.001125564538310272 0.004095895513713437 0
0.004624113506136555 0.003678093890484309 0
0.001298245110691503 0.001938419788153825 0
0.001084647755116902 0.00186218934312222 0
0.00527912500042751 0.003166790738261602 0
0.0061440191138768 0.002398016543888133 0
0.01620277897385317 0.005570631619211964 0
0.001668093331325862 0.002511227719866101 0
0.01593103259373691 0.003497951895963176 0
0.006844516563629495 0.003181719316762279 0
0.01244084757903817 0.003388319938087893 0
0.009018128304720421 0.004520506994056822 0
0.01599393621577084 0.001295577147358519 0
0.01589784270730771 0.001065531815414416 0
0.01568691998100547 0.001001712460122582 0
0.01602015808266012 0.005744086997190216 0
0.003330676794327983 0.005434195987819083 0
0.003427844398683473 0.005749856846123001 0
0.003114476474302269 0.005644285123122362 0
0.00319806111565503 0.005944121859315759 0
0.002931371342426622 0.005844812884484121 0
0.003417905747661524 0.005984106677461085 0
0.008405036640736949 0.004035721772472133 0
0.008199196496929307 0.003976972157620529 0
0.001043823926679585 0.003044267054070046 0
0.00124986358207421 0.001695592222001082 0
0.001037286272626077 0.001638719283911846 0
0.01124633152421861 0.003484178377639948 0
0.003907906439422996 0.005626612318713666 0
0.004108069841337081 0.005472062208090064 0
0.01140555185185779 0.004301169580551488 0
0.01624098083918662 0.005769312526128629 0
0.01057186552972636 0.005412810754089458 0
0.01036308185799477 0.005559164725273675 0
0.01011250257274009 0.005495566266323561 0
0.0102049060822613 0.005753808167299195 0
0.009940320614595727 0.005679091871244822 0
0.01074546899037307 0.005219201112425084 0
0.009996127518182017 0.005930894783452713 0
0.01165544017043638 0.003153344353269595 0
0.01177107053737122 0.00392452984289404 0
0.006046165435008169 0.003457844889193179 0
0.0009979699389757622 0.004553060302622794 0
0.001033839148711732 0.004800922559268133 0
0.001266373827623496 0.004903133240623836 0
0.001014198373121638 0.005064764263771881 0
0.001280502390143043 0.005165366512164881 0
0.001071563530465686 0.005315411037673453 0
0.001307437017464695 0.005428232892478199 0
0.001099415503631376 0.005574746171557185 0
0.001337277079231454 0.005691248293622566 0
0.001084242539557037 0.005840370535988347 0
0.001357793057543952 0.00595259593000986 0
0.001573079162351812 0.005802469042863223 0
0.00157843540919845 0.006077113028272168 0
0.001154952871534142 0.006112714560654042 0
0.0009165851757512661 0.00602893939816359 0
0.01256922129402123 0.001638600931375383 0
0.001019756135520524 0.002496835784337684 0
0.004567057776848802 0.004689349815537628 0
0.001798191149614197 0.005911767640153342 0
0.001806322820681897 0.006146497099150204 0
0.01534305342333889 0.004657500511766178 0
0.01610648952557628 0.00408140173229327 0
0.01616601625282843 0.004275564823819124 0
0.0008745720147151654 0.001779590226218886 0
0.0008402892392359463 0.001566279930855617 0
0.0009956059915948385 0.001429926567223315 0
0.0008060268125566986 0.001361430926487225 0
0.01205637651456316 0.002757520972063571 0
0.0009715430869336955 0.001220175492858012 0
0.0007759599896924284 0.001164874790906708 0
0.002979872379819441 0.006086562309617505 0
0.007334575141930528 0.003373124119892138 0
0.01611991614934429 0.00591993107150703 0
0.01615801856921159 0.001113114219201023 0
0.01604957418957473 0.0008975549972392305 0
0.00978110077363133 0.005843578950335684 0
0.005203033363822829 0.004138720240032677 0
0.01632415035639388 0.005951272765815991 0
0.01491930788944621 0.001372636757345846 0
0.008690752659580418 0.002912285271493501 0
0.008894661996484683 0.002983528946610417 0
0.005611119166443783 0.003806569411742847 0
0.001514761805736159 0.001985901333764712 0
0.01620912343142226 0.001336866716806694 0
0.004140057103363547 0.005676838583755067 0
0.01021615679092809 0.005984923722708271 0
0.0161522132033183 0.004991753784577932 0
0.006377795359076838 0.002224128391760464 0
0.006120007781560884 0.002113648534181909 0
0.006325221139490359 0.001958719224101182 0
0.0009638385215996253 0.006220205535611022 0
0.01555133788574515 0.005122995272352032 0
0.00089296625102006 0.005464953732788311 0
0.004294003674205875 0.005556223486818461 0
0.01008012596221633 0.006123317897746379 0
0.002766386253478748 0.006023677191046933 0
0.0007680536636978279 0.006152079832062514 0
0.01619913120226625 0.006090780555054997 0
0.0008295498646802143 0.004947229043173315 0
0.006097978458522392 0.001877770914128616 0
0.006263961140466527 0.001706385293363244 0
0.006511191073259542 0.001806065851652531 0
0.006463955903891296 0.001565314023266133 0
0.006704018127333836 0.001649505229356363 0
0.00664770533765935 0.001379545248981859 0
0.006893907768145946 0.001467446444995314 0
0.006859311035985671 0.001224751241980056 0
0.007076133528352381 0.001297390209863845 0
0.007044824749906812 0.001051370460304363 0
0.007244075069844223 0.001149512889783373 0
0.007290566332575629 0.001353204213635859 0
0.005916353335459655 0.001992880955857504 0
0.006834398855787871 0.0009979758828660219 0
0.01079945997342851 0.005448567073120027 0
0.01094217095279884 0.005313542547740526 0
0.006972200695725204 0.0008578325624727201 0
0.01636911069459831 0.006126251736688753 0
0.006269867298252258 0.001506199812602515 0
0.01626147702259963 0.0009220818771844418 0
0.01617059102251792 0.0007205490279413832 0
0.0159620336765852 0.0007026406091941812 0
0.001648197552678211 0.006281560109613001 0
0.002810985338993379 0.006239632147325751 0
0.002998126245026045 0.006303801086604451 0
0.008243673018393211 0.004165232322613632 0
0.008066039287085039 0.004107002220406547 0
0.0007968107032951558 0.006332030813884519 0
0.00972521800043738 0.005635197720241457 0
0.001130492530220103 0.001308605937355802 0
0.01573159088903542 0.005490523178877191 0
0.01231948472627214 0.001214128889219734 0
0.007451318160214706 0.001197488181711347 0
0.007487633620399031 0.001397706946639172 0
0.0009103272384170039 0.001035302679349189 0
0.0007403185604027843 0.0009806250824850159 0
0.009557056427197522 0.005801000877577332 0
0.00951849136506675 0.005606380505698011 0
0.001825624699565387 0.006351450269531623 0
0.002618911769623627 0.006182447482732945 0
0.01629196563720205 0.005402995733034768 0
0.01630419609173522 0.004126678059300714 0
0.01636728354469161 0.004297505943259613 0
0.01639082488124412 0.0007750032520376332 0
0.004317097097201052 0.005745581907886321 0
0.004185249601875574 0.005860434069811204 0
0.0006028755249184951 0.006243251024504182 0
0.0006028005300327075 0.006068102974237563 0
0.00761418900480687 0.001285254441643418 0
0.00766051364694811 0.001451830395204573 0
0.007538797757672802 0.00158505027203708 0
0.007754304824806528 0.001624665627645768 0
0.007595908488899685 0.001775226886613895 0
0.007791406049048593 0.001820570910173893 0
0.002682421677053875 0.005783084969575329 0
0.006784213925281212 0.0007991038107512741 0
0.006644652566846878 0.0009221471427243791 0
0.01631329598967768 0.0006007341353224424 0
0.01626118595357699 0.006248376133084037 0
0.01644894957946532 0.006270086913429481 0
0.01026258564460111 0.006169084592487135 0
0.01039428637783317 0.006053639165652796 0
0.008473673430467722 0.002841440757451279 0
0.008640221371271834 0.002701796266309659 0
0.008461142314503636 0.002629982569280638 0
0.01011887067703035 0.006289755065739262 0
0.009962323901483336 0.006254441189673816 0
0.01096933968615568 0.005512090990341932 0
0.009645550971450641 0.005993050326252901 0
0.01085189939266661 0.005629749991786673 0
0.0006689461651827391 0.001682238536944348 0
0.0007102554148448858 0.001894024826728602 0
0.009381704952506254 0.005732709008859333 0
0.009336792230633098 0.005571610626247224 0
0.01594927933364267 0.005914730665102605 0
0.0009630226766020999 0.006405677949109723 0
0.007382661009532786 0.001017795183178179 0
0.008621769426267108 0.002492099998739958 0
0.008447271669370884 0.00244046486767829 0
0.0078482337811505 0.001486414415835249 0
0.00264745121708487 0.006366930947499528 0
0.002479458704170987 0.006315692209041657 0
0.0006486911799250799 0.006426145113344146 0
0.004459985664317347 0.005612269941292641 0
0.004447211395990271 0.005450015142936858 0
0.006948988812482074 0.0006802955764052673 0
0.005896233375989023 0.001798953592803231 0
0.00574097059820939 0.001911479218114057 0
0.005746062182352732 0.00208944590072566 0
0.00559264729875325 0.002012181405660041 0
0.000626323817780881 0.001284047157969325 0
0.008573010628085831 0.002326896046718215 0
0.008430598547658014 0.002273241506134041 0
0.0008714052253917838 0.0008679107202564313 0
0.0007057397426342496 0.0008097026975237725 0
0.01641941106782902 0.000955627841282022 0
0.01642993036144266 0.005796585129009456 0
0.005594837374253864 0.002188389056726122 0
0.005437293976268853 0.002090100556752852 0
0.005449834285852093 0.002276848249721417 0
0.005310260208914285 0.00219748974886833 0
0.005314004403659242 0.002357855792146065 0
0.008790458640457612 0.002572261673223788 0
0.001681131153517512 0.006476145076643924 0
0.0005752551548911244 0.0009175484007362786 0
0.0005430532534443939 0.0007538916705961927 0
0.0006689989488853874 0.0006492108185100708 0
0.0004964001968786255 0.0006091833436411543 0
0.0111206645267306 0.005416606214890913 0
0.01109468210911224 0.005221147413737922 0
0.009236359522378668 0.005705749705315009 0
0.009163848929443247 0.005562901546081116 0
0.007647461396924335 0.001977866496382861 0
0.007854871966054477 0.002025818564654961 0
0.007983367214828525 0.001865589821003977 0
0.008295861907706143 0.002362769013020215 0
0.008103021611569061 0.004277794630817973 0
0.008261740557095132 0.004339905844505434 0
0.01630823109489584 0.006403855258872259 0
0.01647811520681987 0.006425640236081431 0
0.007939154175386581 0.004238590267302 0
0.007904407519249633 0.004067171975504039 0
0.002513516534523833 0.00650530173044447 0
0.002360894086228765 0.006441613322650374 0
0.01647706254471213 0.000625114992769567 0
0.001520727811207324 0.006405311926163807 0
0.004322601976274419 0.005903157706144644 0
0.004234773860249943 0.00602805795756366 0
0.004070178090864161 0.00598434551602922 0
0.004098417646150457 0.006144521356821987 0
0.009278302042964988 0.005415713345683608 0
0.009118951414598139 0.005394759590466886 0
0.001029264336865681 0.0009160964471314923 0
0.001831768679549871 0.0065256150154564 0
0.002413023040984254 0.006106581180772524 0
0.0005389858211978151 0.001817071473832825 0
0.0005335184816507767 0.001996729100744973 0
0.0005000705831891186 0.001659286847534019 0
0.006785455079475004 0.0006284625340274991 0
0.005171414300346096 0.002268310050924855 0
0.00518217711966334 0.002435068848305274 0
0.007101910163492075 0.0007486300805576874 0
0.01648182014492321 0.004156309538027237 0
0.01642827666405312 0.003998945583886341 0
0.004901587608176261 0.00591136223022721 0
0.004811024026714518 0.005893002485285242 0
0.004745984152213648 0.005968954403631616 0
0.01576105565844577 0.002019087744739637 0
0.01605700675057225 0.002011188935419682 0
0.008659518713436398 0.005689349725910843 0
0.008741937894476167 0.005689255198892104 0
0.008339673687440626 0.001309495634312385 0
0.008257199490467066 0.001308924903372236 0
0.001090637489777906 0.003310833453923352 0
0.0008599191297894177 0.003229599722181572 0
0.0008939015412956748 0.003448101990341469 0
0.0006937741134786504 0.003364192440781097 0
0.0007224557382157258 0.003560449012637088 0
0.0006632655275140998 0.003173703671261172 0
0.0005422431089286521 0.003469547088345166 0
0.0005708133643270771 0.0036541787130335 0
0.01038343097824698 0.006729505670275959 0
0.006611543809648801 0.0002657037168158124 0
0.01043010462158167 0.006219237672755574 0
0.01054980259169722 0.006112104890381569 0
0.004601561013316446 0.005514949476611065 0
0.004589501680138669 0.005356358719922525 0
0.002659277171745822 0.006536597726658351 0
0.008555277133283743 0.002180086056856362 0
0.008417326856932018 0.002120205678068499 0
0.005645242777691032 0.001107469027387383 0
0.005654786496042194 0.001180738663953615 0
0.01135286064373314 0.005893245567887944 0
0.01133537510105696 0.005818429711995889 0
0.0004883716779470106 0.006366531309102933 0
0.0005152659536159371 0.006538710882499394 0
0.00695651054121087 0.001724479269015919 0
0.01619304507698868 0.001830600013888659 0
0.01631342256770203 0.002014146431964968 0
0.01617768414373025 0.00219260643981982 0
0.01637852406122754 0.002198008080462367 0
0.01628496338319121 0.00235508180203963 0
0.0163972123946562 0.00183607478440509 0
0.01646089096231328 0.002351061221409378 0
0.01638065412705467 0.002502992609844591 0
0.003965846708637044 0.006826270617864148 0
0.01303454759606675 0.000178619112666336 0
0.008126184063950662 0.004433691955779694 0
0.008257731188274288 0.004520503024072384 0
0.01610274560518121 0.006226115157867945 0
0.008788337744936372 0.005851729847345448 0
0.008870624979797631 0.005850507517943228 0
0.00821166225506363 0.001148270152654551 0
0.008129370980663556 0.001149375434884277 0
0.01124569168542139 0.005298410144026053 0
0.01123195330045923 0.005131531473404087 0
0.01654079141365902 0.004310616463571748 0
0.01643828880928143 0.004442598096229893 0
0.006893106617296773 0.0005363923017846764 0
0.0126697506974221 0.0009600894356361972 0
0.01281014264299005 0.0009649744725131744 0
0.01273848507942919 0.0008334239380935254 0
0.01289311275170175 0.0008448250981786176 0
0.001785424284434465 0.005656809189656857 0
0.01655061808520569 0.002204268397722615 0
0.01641791904194505 0.0004747800541968542 0
0.0162627373364482 0.0004390157892167085 0
0.01656019628775199 0.002500113525064552 0
0.01647148800943719 0.002641786587949319 0
0.01630562188487816 0.002651149225064861 0
0.0163991789730576 0.002787712160406544 0
0.01656096230546578 0.002789547207199464 0
0.01648451839345807 0.002928323585487981 0
0.01633113131660072 0.002938589797269749 0
0.0164309024743529 0.003068437265485043 0
0.0100118257744208 0.006419104804266116 0
0.00985816486631368 0.006371216845923962 0
0.01015611654178185 0.00643600328184689 0
0.01656947363532403 0.000502497528586123 0
0.01310555107167227 0.002780280747188484 0
0.01317373641132164 0.003054369793156361 0
0.01300239447581716 0.003251947658444996 0
0.01323217805192036 0.003299157661742432 0
0.01308637656534929 0.003459377099024894 0
0.01329338542428717 0.003531369842380915 0
0.01343515072650575 0.003363875280353405 0
0.01348984704853963 0.003556592191578926 0
0.01362361568538592 0.003422228174516343 0
0.01367895620897105 0.003619093384921152 0
0.01380311999352823 0.003478335681587266 0
0.01386572460687169 0.003654987496302884 0
0.01398106316121604 0.003530213002794375 0
0.01403217986802227 0.003709217662054248 0
0.01358500396844356 0.003228229452507037 0
0.01314713797255226 0.003647511496279013 0
0.01298519849924385 0.003617325877562496 0
0.01392372733033989 0.00329343553737269 0
0.01414903489974883 0.003572421966256834 0
0.01420166744540221 0.003762114805548789 0
0.01407777080142922 0.003882007439298983 0
0.01423220619407345 0.003925818044701803 0
0.01436953446604148 0.003820668941126567 0
0.01438052396996205 0.004006870017670128 0
0.0145382698415381 0.003883472266576395 0
0.01456055288175668 0.004062872083787332 0
0.01354132992848383 0.00370092554133756 0
0.0144348988048032 0.004173366437601086 0
0.01458378159929815 0.00422994632823948 0
0.01304290093066017 0.003791570459833023 0
0.0128931982802719 0.00374954520864543 0
0.01318467616915406 0.003801601744234152 0
0.0144668112461184 0.004324945895719287 0
0.01459899560800252 0.004376944865934319 0
0.0147292424593577 0.004292399166728803 0
0.01472537647214485 0.004460747549252004 0
0.01487765305947023 0.004357326827049048 0
0.005061893930199174 0.002354718673556707 0
0.005040007271798269 0.002495496794243043 0
0.005187085970476618 0.002586744469388507 0
0.005051491169894503 0.002665384305574742 0
0.004917296959951137 0.002588249836154647 0
0.004916682880669208 0.002738635575941617 0
0.007205525542400778 0.0002682603435198035 0
0.009780596581724733 0.006748016497485297 0
0.0006694714819550449 0.006586658560109996 0
0.01137144329915369 0.005211734680319028 0
0.01139059926344478 0.005046907836784407 0
0.01121746280060302 0.004964690144568473 0
0.01136376591238534 0.004870808858077245 0
0.01152233930770749 0.004934566798804852 0
0.01150769417894287 0.004782160844645202 0
0.01164969095563169 0.004862432340072623 0
0.01164371347921051 0.004704450486610046 0
0.01177384638820023 0.004777786770776554 0
0.01177284516939277 0.004629168120749486 0
0.0119058233240021 0.004715128783102768 0
0.01189807583475152 0.004558744974590133 0
0.007796799938593692 0.004172266605606977 0
0.007758760138695431 0.004026919170160176 0
0.01653354941395864 0.006142684715370265 0
0.004791931448499169 0.002662030741836692 0
0.004786643783898376 0.002804688667871806 0
0.0165876914939869 0.003036160027786537 0
0.01654756269507068 0.003180327854818255 0
0.005705783017582148 0.001737066181744713 0
0.005857539622634696 0.001632458021861328 0
0.004713174280649831 0.005880643754959535 0
0.000633962168049276 0.000495024306346529 0
0.0004906297569900967 0.0004552117493528841 0
0.01662453387893451 0.0006521440600871734 0
0.008405604856242706 0.004416614884965223 0
0.008408950068555283 0.004578140358804356 0
0.001537244574912475 0.006558123494377511 0
0.001399052127217385 0.006504715798274279 0
0.01488507685715524 0.004522075377359431 0
0.01476257259992301 0.004614930868609498 0
0.01489421226289511 0.004677875641405111 0
0.004674020024474148 0.002720025408791769 0
0.004641979032309169 0.002851631159154446 0
0.004781928015835422 0.002951115646624669 0
0.004642801683794124 0.003018801575998698 0
0.004516519465256306 0.00293240564029041 0
0.004504127271277765 0.003081961480769274 0
0.004384278646115402 0.002996053104957107 0
0.004369475455487319 0.003141891950144621 0
0.004254788168366257 0.00305699444790327 0
0.004237287432378086 0.003200967567236503 0
0.004115817457976977 0.003097508754172555 0
0.004103952434799741 0.00325759231614385 0
0.00398675760286506 0.00317289108923209 0
0.003971305644388293 0.003317698353072574 0
0.0038495150996799 0.003233984954692932 0
0.003837898613646687 0.003383066921376165 0
0.003708716183534655 0.003293953934962643 0
0.003699190518141068 0.00345481671145587 0
0.003563013583099266 0.003354304033178945 0
0.003542267752265175 0.003525018252631417 0
0.003409540633757136 0.003418302212498024 0
0.003428615466682303 0.003257817087404841 0
0.003283498044452647 0.003316786410782995 0
0.003694269039018778 0.003634345497839754 0
0.003309153067604886 0.003168319583218506 0
0.003165584458177835 0.003219234708981014 0
0.00313629261935253 0.003372806685680894 0
0.003009802264080133 0.003270138536830465 0
0.003060083470055112 0.003101993757939722 0
0.002893780174488715 0.0031620167784418 0
0.002819384925789223 0.003336486505814925 0
0.002929907087426836 0.003013879286276654 0
0.002782598647743749 0.003059756733129193 0
0.002829111170952893 0.002901928803037126 0
0.00267300178055566 0.002957769140539217 0
0.002706544707599308 0.002816969288462291 0
0.002564647052923989 0.002860998343435707 0
0.002610151312971977 0.002707415339563178 0
0.002457545131325316 0.002761948447137889 0
0.002489256912031842 0.002629702652788606 0
0.002349336310932199 0.002664632845708285 0
0.002394264169664456 0.002522114763757436 0
0.002241452821530822 0.002567045769506425 0
0.002269316778364576 0.002421748669279987 0
0.002412077755658404 0.002906007645461171 0
0.004093865679636733 0.003411752831730937 0
0.01239596325042256 0.00209699252098536 0
0.0007841463134248411 0.0005394171875607065 0
0.0004250611415492715 0.003589049600746166 0
0.0004430338155660962 0.0037457050936527 0
0.0005841664195282807 0.003814702681549328 0
0.0004558635733412676 0.003900702680764498 0
0.0005933780522589822 0.003971857800065948 0
0.0004429486777310157 0.004056834612049607 0
0.0006007908703036732 0.004128262671564568 0
0.0004714739744993857 0.004213608122322575 0
0.0003919026463752393 0.003449494582283546 0
0.009268031180202783 0.005836621735647544 0
0.01510391077728737 0.001117172238337632 0
0.01483512445716904 0.001095410839081995 0
0.01497354483962603 0.0008981369192965355 0
0.01476032497944971 0.0008639496036244531 0
0.01489571046862406 0.000707985732120023 0
0.01470221601553164 0.0006452898688720484 0
0.01456814305342812 0.0008078995674961603 0
0.01451315315105997 0.0006237161612361558 0
0.01438704503774468 0.0007553618598274458 0
0.01433900311817489 0.0005852632255392782 0
0.01421540965717198 0.0007063552540384171 0
0.01442845036877449 0.000944047256050609 0
0.01507647340879534 0.0007168045851790013 0
0.01418480040147032 0.0005392928187847711 0
0.01404317415742802 0.0006292093322827434 0
0.01409810889635691 0.0008539228278906285 0
0.01391292359652174 0.0007914013493067083 0
0.01386484785887342 0.000600629655988341 0
0.01373749778502741 0.0007199041778182254 0
0.01370563322859717 0.0005495071564112788 0
0.01357547934514606 0.0006583869080353045 0
0.01355441929283606 0.0004779601797758877 0
0.01342048907039356 0.0006003286963544093 0
0.01344113992018893 0.0007661334867389482 0
0.0148344389952132 0.0005122489672293971 0
0.01339669750515155 0.0004470351215543999 0
0.01327959472935441 0.0005452033487278129 0
0.0144459482240639 0.0004558678406864631 0
0.004731375042164082 0.00542509670857047 0
0.00472453801300846 0.005266023484193507 0
0.004779306226239195 0.003120581566153035 0
0.01283255022569576 0.0007175623571965793 0
0.003944423167623123 0.006104251518730856 0
0.003998487705237318 0.006272092895996941 0
0.004647737132069248 0.005961664493462051 0
0.009220443405193473 0.00524991961828933 0
0.009033476348413757 0.005240951258369079 0
0.009172114420073606 0.005066547055646471 0
0.008980538580688154 0.005042537403276386 0
0.008863665465472237 0.005182888970523138 0
0.00880840608488268 0.005020844056346618 0
0.01001157758017829 0.006789980577520409 0
0.006992037250900878 0.0002090740296520691 0
0.0163761478926005 0.003213598816737047 0
0.01648110447088234 0.00333338667271924 0
0.01382397470900355 0.0004420928543090704 0
0.002634924400080552 0.003108619821461078 0
0.01637837847726659 0.006536910147492607 0
0.01652162369200774 0.006573763379482253 0
0.01099629293581652 0.005682945592316941 0
0.01088729400317615 0.005787870229051424 0
0.01052523025219105 0.005939158259374444 0
0.01410936010740681 0.004025483104310194 0
0.01397741421860602 0.003990598676414664 0
0.0147595252598437 0.004759282800727496 0
0.01490276239242071 0.004819842912816631 0
0.008950039549798285 0.003182335366557636 0
0.009082644431335708 0.003043340500715234 0
0.009051439688718042 0.002876048240238615 0
0.009213972709365983 0.002915135355875118 0
0.009252107773294094 0.003079590420594475 0
0.009362774463740835 0.00297063371498804 0
0.009404851616673687 0.003114187245568224 0
0.009492809913047613 0.002999761887329708 0
0.009559214485663915 0.003123177661704768 0
0.009449283997732654 0.003258169855074241 0
0.009604668505856636 0.00328753842055027 0
0.009707379230803745 0.003169553760463515 0
0.009758694166538191 0.003313589752106633 0
0.00985137302670514 0.003197130971277529 0
0.009907531440626668 0.003337316293876196 0
0.01000065637175862 0.003200358478674142 0
0.0100562256527116 0.003358084036095673 0
0.01015627936585421 0.003218075315761028 0
0.01020585228113459 0.003380425052533668 0
0.01030019091847316 0.00326430972406644 0
0.009654555312962217 0.003472955243844171 0
0.0103561926173535 0.003407544285046955 0
0.01044956591462433 0.003286313902873969 0
0.009961364398342963 0.003484036502706003 0
0.000994464276246697 0.0007702203120198768 0
0.01376530759351804 0.0009042116033410059 0
0.0005385016736211504 8.245227190778557e-05 0
0.01645944229991958 0.006915658300768488 0
8.255424658373985e-05 0.0002589568089030178 0
0.01691323387612343 0.00675188775720433 0
0.007646837754297831 0.004119425548719222 0
0.007618046058740014 0.003976685676458094 0
0.007727239795201929 0.003882358265679956 0
0.00757468009985277 0.003842469106311061 0
0.007473524226343627 0.00395850403501218 0
0.007427516104857498 0.003816010734843625 0
0.007334171191641365 0.003922214773139702 0
0.007286830790773425 0.003788363171650062 0
0.007193470769190627 0.003910680886213308 0
0.007149704311745932 0.003761913809598321 0
0.007052776852977529 0.003880244525297002 0
0.00701517266179482 0.003735397105093226 0
0.006924921142696249 0.003836276038503105 0
0.006881830661903256 0.003706190378467786 0
0.006782968381827554 0.003826878017277726 0
0.006755780118291653 0.003675806019934108 0
0.006647407820902281 0.003783856810989047 0
0.006607016058157927 0.003640979146153739 0
0.006508282269554687 0.003754586216558249 0
0.01661824232218866 0.006457792623207276 0
0.01293338376155847 0.003890535576922213 0
0.01280697363814881 0.003865318986843059 0
0.0160835118288928 0.002371015549331889 0
0.005293903628556144 0.00205208034817552 0
0.004869749686115588 0.005352216326229024 0
0.004852744099572157 0.005183477034894995 0
0.009648902859936519 0.005443503841654897 0
0.01039787580460107 0.003153569917519268 0
0.01053122911282906 0.003173844266843322 0
0.01059896472684434 0.00330216562378231 0
0.01067404873419013 0.003162888004273787 0
0.01075120370263036 0.003316620151027766 0
0.01083736360023285 0.003185669196198986 0
0.01077670216263222 0.003049449457140289 0
0.01092009492150312 0.003060369363515798 0
0.01025532334991761 0.003542147164306332 0
0.008549576956901565 0.002036395207121761 0
0.008405830565570429 0.001980840452853097 0
0.003824849120479857 0.006218714427091505 0
0.003867594436095677 0.00637319144417353 0
0.003709503081235994 0.006333510059853139 0
0.00376606144892129 0.006501670325740652 0
0.003602720021724294 0.006449230997490812 0
0.003642246675555762 0.006590446218170748 0
0.003499940901455554 0.006558343588138048 0
0.003453110034947308 0.006409400562674825 0
0.00334835359766059 0.006547042632074515 0
0.01659217339638766 0.00445518457214253 0
0.01650738561122191 0.004578330355790682 0
0.01635553176609424 0.004570818949284884 0
0.008273602178803813 0.004675995097103772 0
0.008405340123423867 0.004728634297497756 0
0.0143232704904378 0.004276886853641792 0
0.004579009072338582 0.005188097972262853 0
0.009167216137997895 0.002771882519583257 0
0.00351259093082047 0.003715498833640063 0
0.003683747813026116 0.003839569691111761 0
0.0004228792188460413 0.0008653790126649163 0
0.01658004628764459 0.004025673017838322 0
0.01654604347324201 0.003863685632907951 0
0.01638786470772538 0.003842227856770801 0
0.0003747658617572047 0.0005366111291108407 0
0.0003615118026854495 0.00041032312440156 0
0.0004765060949717959 0.0001521625570856059 0
0.01648603791638607 0.003723885371346005 0
0.01223513644935832 0.002289550795028429 0
0.01217334387065747 0.00208459850112092 0
0.01203924286947079 0.00222352120213489 0
0.01199287807136956 0.002052039651869632 0
0.01209591718861494 0.001923919349487721 0
0.01185723626723941 0.002170834499470136 0
0.01184159227383156 0.002010650758125808 0
0.00238472681940958 0.006592724906325812 0
0.002257441509913184 0.006550424598665909 0
0.002231702792870584 0.006428031127571197 0
0.0004475323861896589 0.001009864513119489 0
0.002128377715506606 0.002466894346423818 0
0.002162408034898568 0.002324976695061685 0
0.009981189933974911 0.006701693814699199 0
0.01326135031656422 0.0003894270947379648 0
0.01314912593832449 0.0004929440854162465 0
0.01464794187428082 0.00468804800226964 0
0.0007139014572564309 0.002076085923544982 0
0.0005649319205503923 0.002164123623896887 0
0.0004203253976079839 0.002115896473440699 0
0.0004351962389506012 0.002254435378684925 0
0.0005714151677413317 0.002323367519887896 0
0.0004176248002187802 0.002407219948473088 0
0.000565107320805126 0.00247921625764001 0
0.0004347334257838609 0.00255889274575317 0
0.0005669470621774697 0.002631575204478743 0
0.0004378419506352923 0.002704760503846297 0
0.008537789602158305 0.004655413487095189 0
0.01085966929097078 0.002914387649372329 0
0.01099944337499894 0.002932758425102203 0
0.01106719275078114 0.003068515111481013 0
0.01114000069189347 0.002938797698979001 0
0.01107256935026959 0.002813737265116387 0
0.01120799267891254 0.002812730901902062 0
0.01317129278631239 0.0006091895556881123 0
0.008682730440805144 0.002227295465709901 0
0.002017820988804967 0.005767394492028317 0
0.003728970709636117 0.003145430294931458 0
0.004244989496447396 0.00618290830711129 0
0.01201008245269403 0.004635797987524202 0
0.01203246453369996 0.00450389579963849 0
0.01189555246391327 0.004416297177501858 0
0.01202521900795628 0.004346667808234566 0
0.01214907847833196 0.004418805903006827 0
0.01215218932537946 0.004278846788556979 0
0.01226759746343456 0.0043511155396961 0
0.01227441774546806 0.004217404160436875 0
0.002175575471177847 0.002733718664781163 0
0.006975372817634661 0.003595116838215338 0
0.004008103107204784 0.006420730658520737 0
0.0119076854218531 0.002335544594991872 0
0.01175704718083626 0.002298916487514355 0
0.01178688770433483 0.002446097063548903 0
0.0116322616382171 0.002383112150513612 0
0.01166543540344698 0.002548429010235066 0
0.01152738431529511 0.002494875037497405 0
0.01155043080143073 0.002644582483350727 0
0.01651978218301238 0.006844468565899235 0
0.0005696694672455236 0.002785888331588725 0
0.0004370889905322018 0.002864828012321368 0
0.008291527080742295 0.004802432368047949 0
0.008403219596466761 0.004861969795278634 0
0.01451059698214717 0.003685315020941873 0
0.01238122023664618 0.004292003991874386 0
0.01239443146431763 0.004159539181909103 0
0.01227816852193205 0.004077419727690192 0
0.01241101252893726 0.004015919047258904 0
0.01252552301438296 0.004112036220863112 0
0.01228428013798125 0.003926638249582044 0
0.01243759472016985 0.003855115152685604 0
0.01273898832446741 0.003756199895387763 0
0.008285451745904365 0.002080837139313195 0
0.001132722382002601 0.0008149317727665483 0
0.001165141312215635 0.0009474031211146091 0
0.006555182243659656 0.003890918750976225 0
0.006421488266100495 0.003863350236318398 0
0.007019944434217228 0.0002961435694312006 0
0.01178271838663367 0.004915075449289149 0
0.01667576315326136 0.003922161836478043 0
0.00894027822832316 0.005918228598176664 0
0.008059686681507429 0.001081538582651918 0
0.008024574730243445 0.001170808510634379 0
0.007959522308635508 0.001092685942947121 0
0.007923509620642838 0.001188651772458116 0
0.007858950312401761 0.001101600683409696 0
0.01633475244315281 0.003690596847662411 0
0.01662545270432814 0.003308191074959263 0
0.0006143495824076761 0.004285503768718955 0
0.0004639381211357964 0.004371747806802984 0
0.003436871521968458 0.003116040247275283 0
0.01651496799542294 0.0003708723870352142 0
0.01057835685065099 0.006253246273891747 0
0.01048977332197535 0.006354318369884184 0
0.01069351467641853 0.00614842776491199 0
0.01470965516115428 0.003758911612376338 0
0.01624468903394108 0.006529166825943503 0
0.006459137947667472 0.003608629317351833 0
0.01666316532219501 0.004582345805276137 0
0.01657368213704316 0.004703263137747116 0
0.004346659820626235 0.003269518440388146 0
0.009008815943853728 0.005525375175833354 0
0.01102110912065207 0.005829074523602981 0
0.01092524922408395 0.005921125136581541 0
0.0003815032291061473 0.006468272919736516 0
0.000348184601799648 0.00633265107525767 0
0.0003914164164561095 0.006603547530635611 0
0.00229592336936647 0.002288958217375038 0
0.002212666388161289 0.00218230498093357 0
0.002067380814508248 0.002222974283240003 0
0.002115882321203201 0.002078966492175886 0
0.001973426230801438 0.00212475261609514 0
0.002010420970493827 0.001995273044803118 0
0.0003913253825616209 0.001755854931515444 0
0.0003663125072163268 0.001615545274064436 0
0.01122402877437464 0.00307429998119885 0
0.01666134007331771 0.006584950220970891 0
0.01285551102429144 0.003988890486246484 0
0.003773043680827462 0.006647805089211522 0
0.01631853651319663 0.003365258982990419 0
0.01619938457365517 0.003237710056757889 0
0.006762941615879224 0.0004942033928054218 0
0.006659915785718274 0.000568793467680385 0
0.01113786050519044 0.00270012723549518 0
0.01148722097948155 0.002359809061952633 0
0.01139152273823277 0.002461347989495152 0
0.01349669032077942 0.0003461568228564096 0
0.008709561624221285 0.005150639530042673 0
0.004752638848579431 0.006108001790410987 0
0.01224736115142058 0.0008919982095890117 0
0.004384459873570146 0.002857327265169731 0
0.0007282669317030168 0.003884946910855014 0
0.008972505378753399 0.005831272552398094 0
0.01337745932091321 0.002852294485272938 0
0.001099410338782006 0.003552403896466142 0
0.01503196716279758 0.004454552837813821 0
0.0003386593701013903 0.004157433602764979 0
0.01664835094691396 0.0003943826795716229 0
0.003550901070097441 0.006690336458778062 0
0.01691495377703836 0.000152090695878215 0
7.697916710262299e-05 0.006850143808303958 0
0.003058955446211502 0.002961826622110609 0
0.001420644391525454 0.00664287464103058 0
0.001294288045083745 0.006599645970721039 0
0.00153799240851531 0.006694881346334922 0
0.007704492853441804 0.002192597905260872 0
0.01448579123144582 0.004452311951649432 0
0.008752642206894411 0.005285834034406032 0
0.009802158427019094 0.003068481939405626 0
0.004609843800402294 0.005865420649092226 0
0.0003197007454177909 0.002628322188886928 0
0.0100928406332454 0.003113037850158898 0
0.007988567186570249 0.00127115041696836 0
0.007815386024324869 0.004304958109612446 0
0.008512666234445392 0.001906537593813899 0
0.008387750894298201 0.001848896998941341 0
0.007534884213769712 0.00366390536385228 0
0.01126571626928994 0.005446502428258631 0
0.01658167201569356 0.003443046256089368 0
0.007420369751903359 0.001928170400264895 0
0.008278238515511394 0.002746267880568999 0
0.01135769984232043 0.004704108077209798 0
0.004980510517165563 0.005251492206193963 0
0.004972448252521459 0.005107214729842228 0
0.005100795838210444 0.005187505739884224 0
0.005094675851451623 0.005035002908691407 0
0.004975889156885871 0.00497766405118622 0
0.005083046932553936 0.004887354222304548 0
0.00521537267512801 0.004958274044518379 0
0.005211689225144332 0.004803317469063737 0
0.00506942613486681 0.004734088151825923 0
0.005219353812305395 0.004663083428597919 0
0.005352785590286458 0.004740772126499817 0
0.00535812997451129 0.004599572673799381 0
0.005478314987863138 0.00466822485278242 0
0.005483763838479815 0.004542173004576519 0
0.00506408027025319 0.004574115861459685 0
0.0006001786430755024 0.000365065014274225 0
0.004785519026986014 0.005797230414790175 0
0.002830151664001855 0.002767997853384271 0
0.003335654897699811 0.003038278544428175 0
0.01042543962743443 0.003573660006042454 0
0.001877109398740774 0.002028088725223753 0
0.001919154111320772 0.001898160785313233 0
0.01479061422111353 0.004887554750350524 0
0.01490755477401647 0.004949744568448684 0
0.01501628819348347 0.004881283439918245 0
0.01502191105652618 0.005015454253228443 0
0.01514017716556661 0.004944094149666973 0
0.01513891586494556 0.005082822974675162 0
0.01502559551950929 0.005130185698735913 0
0.01511906438094042 0.005219541219184328 0
0.009058214144406549 0.005899214429768387 0
0.01487381571785184 0.004194157853636103 0
0.0003334043741443585 0.003836143484732847 0
0.002614104763447027 0.00256515168974092 0
0.002010175062581585 0.005493182304048894 0
0.0006221328642413773 0.004442928929591637 0
0.000489143603157249 0.004525902948188689 0
0.0003587009416383818 0.004473552003725307 0
0.000369467176505137 0.004610636845513741 0
0.000494349351890461 0.004674799903110344 0
0.0003736025883770335 0.004750920642468519 0
0.0004933018314855295 0.004817008842584717 0
0.0003544716367919858 0.004892199310050234 0
0.0004903798466810924 0.0049579356166042 0
0.0003713249009485442 0.00503241262705943 0
0.0004949829485842352 0.00509884234214764 0
0.0003756357015629163 0.005167090162893195 0
0.0004964015439298686 0.005238510344824436 0
0.0003565136243408387 0.005305863899814459 0
0.0004938786553845154 0.00537924577015831 0
0.0003732856311414543 0.005447436983855907 0
0.000496411917572848 0.005520302440943306 0
0.000358870876497535 0.005587929890855922 0
0.0004952894582553966 0.005661235192564435 0
0.0003751234194944841 0.005732870176816719 0
0.0002650646294338789 0.005103253938032694 0
0.01670783075199569 0.003407354989149037 0
0.01667698499227876 0.00352970587662704 0
0.005711209033542481 0.001576279700486843 0
0.005818720288560978 0.001485463932592735 0
0.006462649357521134 0.00398284240233924 0
0.006344482657103497 0.003958779624827855 0
0.006290244576639077 0.003844485665212311 0
0.006216432010909869 0.003964558186665679 0
0.006153014459913255 0.003821050651772751 0
0.006066148561511144 0.003936470592849852 0
0.006118918405586591 0.004066693858771012 0
0.005984891007461496 0.004050509224158935 0
0.005966863478891896 0.003779599584557377 0
0.006040023773145432 0.004169161535481218 0
0.005910482977451828 0.004158608197788115 0
0.0059727901826676 0.004269115830099472 0
0.005842608075634317 0.004284681489879822 0
0.005778111405728927 0.004146875891253623 0
0.005701469277309159 0.004260656365417954 0
0.005765973488560176 0.004392179925017854 0
0.005620004200824551 0.004132568095498814 0
0.005540952501573621 0.004264677523189665 0
0.005362133327379823 0.004448267646691713 0
0.005600126974437049 0.002395790462474488 0
0.001827145130589602 0.002164616097188615 0
0.008911870643767637 0.005751242642662104 0
0.003996752443062898 0.003045057614284093 0
0.01462689806511009 0.001303040822326245 0
0.005589355177111004 0.004614389466501784 0
0.004791608464706134 0.002529675779804993 0
0.001244674528260802 0.006445187544644067 0
0.01047364606665371 0.003052721477610979 0
0.001514385665290129 0.005025508562754807 0
0.005196651837827363 0.002759632567939319 0
0.005594953272193073 0.001639100561133926 0
0.006572528127974684 0.003474814421250827 0
0.009457059699356427 0.002875715527338665 0
0.008654324260360747 0.005013900511636477 0
0.008574744383858275 0.005134296041053129 0
0.008736204313013342 0.004889459456754238 0
0.01270333115983635 0.0007022114868752926 0
0.01667881061090624 0.004351273133091789 0
0.0003142726908511358 0.002313077618543119 0
0.002871832198945083 0.005039667600749975 0
0.0122659385714274 0.004475477376434555 0
0.0002572025905263082 0.005389168578733724 0
0.005041483442068891 0.002235935680570105 0
0.004952890559469888 0.002290887952871976 0
0.0002956673289752007 0.003541443836888158 0
0.01401504196694346 0.004123011251108385 0
0.003476929852095625 0.003936615774453489 0
0.0002572849302637358 0.004810302696240286 0
0.009567823162191968 0.002894206454732585 0
0.01072731669909455 0.00292663339247475 0
0.01631983242448568 0.001678720841256308 0
0.01648740194618053 0.001704430806067021 0
0.01656090353363577 0.001837185321132713 0
0.01665672361275597 0.001730611927035783 0
0.01658392876421943 0.001592246247642543 0
0.01669800870173235 0.0018554767741956 0
0.002042618631084195 0.0018743126612368 0
0.001962631025392518 0.001784263178630135 0
0.001838765330643593 0.001800839476258808 0
0.001885736443204705 0.001670041818914899 0
0.001759480883487688 0.001702765202506176 0
0.001794052048265072 0.001582116592926805 0
0.001676065105106125 0.001609932716884013 0
0.001726812152620223 0.00147791306311666 0
0.00159840785003933 0.001510719352288954 0
0.001636537754617202 0.001390403647987407 0
0.001514360992617818 0.001415858665488135 0
0.001553801473281907 0.001296306760699886 0
0.01031353701113062 0.003722131673447747 0
0.01629793965478378 0.006639190314469989 0
0.002286926133185575 0.006699061135702131 0
0.002166959077374769 0.006649919617823016 0
0.002402140136369761 0.006716484341140773 0
0.01228310766770896 0.003747751373416638 0
0.01070772367768205 0.006285469388730776 0
0.007369420447583611 0.00404120910253219 0
0.01126971989832526 0.002693745159203868 0
0.01136385639898626 0.002811494560054811 0
0.01119197431921216 0.002592570374500571 0
0.0166306169933528 0.0019580767881413 0
0.009031226519016831 0.002721114945664729 0
0.009132044855254408 0.002637979763449665 0
0.009249634180543382 0.00266494903160038 0
0.009896507656066967 0.006516091570976556 0
0.00977291674705328 0.00647279125247744 0
0.009730133627598459 0.00635090060220266 0
0.008305835072362384 0.00492688232819425 0
0.01170164269585045 0.002708032802669603 0
0.01389127367359124 0.004107712381470703 0
0.01385420248044954 0.003978995597003949 0
0.0006559728476894528 0.005194260875266143 0
0.01296568036955337 0.00400476747316687 0
0.01525470305389583 0.005149574909729944 0
0.01524123879969612 0.00528932117522796 0
0.01513055762867879 0.005349434599408314 0
0.01523375177114354 0.005420365317474847 0
0.01535067625877871 0.005365425483851669 0
0.01533694242440037 0.005498261163458522 0
0.01545517304848879 0.005446842905139022 0
0.01543746994308486 0.005577148471989222 0
0.01532385907662725 0.005623922745819724 0
0.01541856749593838 0.005702931947706411 0
0.01553525261008409 0.005659666301921198 0
0.01551260831112974 0.005785423021097839 0
0.01564467476904822 0.005744079492511425 0
0.01560522896351481 0.005867105076635234 0
0.001429840934303082 0.001320204659977136 0
0.001476969058573693 0.001203728505906847 0
0.0002740206353592876 0.003413737437888133 0
0.000358388328868189 0.003327223678140239 0
0.0007532820564260783 0.004195469916805559 0
0.01312694888984815 0.0003644448722012845 0
0.01303276685240279 0.000445099638340806 0
0.01112270109016983 0.005739446308304003 0
0.0002939518878451522 0.0009564896181098932 0
0.0003267168269690413 0.001088145971673977 0
0.0002899589828271876 0.0008251315114929628 0
0.006835606072386835 0.003944539829078754 0
0.001099907977387763 0.000688084466214657 0
0.0009894474067574091 0.0006399536044639064 0
0.001629013508847435 0.001732914390087969 0
0.002187313115509475 0.00676867677326214 0
0.002088151883658121 0.006732916859352511 0
0.007102061798607982 0.003986192552526804 0
0.006374273823650243 0.003430957722152737 0
0.003689433555221896 0.004081637887665515 0
0.001251359191359235 0.0008512356372266361 0
0.001289603160934246 0.0009695198949309365 0
0.004744017047645805 0.005569704417992913 0
0.01272803370872161 0.003974980659962353 0
0.01278299645779337 0.004084162342252864 0
0.0002816787871180084 0.006555053381089523 0
0.0002982929110910033 0.006676884188545314 0
0.0004087747336008179 0.006731999000087132 0
0.01670362194935242 0.004703266309267789 0
0.01665422173756357 0.004822497046152356 0
0.01648895163535945 0.004820339495858006 0
0.0165639891220891 0.00494052836263785 0
0.01670181327333791 0.004957141645275583 0
0.0166305793941649 0.005066760424498228 0
0.01648740561044247 0.005061611922857217 0
0.01656074500891461 0.005179224118733958 0
0.01669467312415477 0.005181054792998554 0
0.0166319275229163 0.005289215717106979 0
0.01035624658586794 0.003036328201917588 0
0.007920574235928493 0.002234986488001837 0
0.01202680355906727 0.004749315947453455 0
0.01671082026508256 0.004047812326210924 0
0.00204696225659671 0.006607628323256563 0
0.001973238246091106 0.006712653618251518 0
0.01080200168230168 0.006205057181088307 0
0.003300841361724626 0.006374820640342647 0
0.003202266333599589 0.006496626574111604 0
0.003232988543000428 0.006633946208304769 0
0.003105891971966646 0.006602194200250612 0
0.01241511362667429 0.0009622771077691023 0
0.0005017987018049522 0.005806866243499364 0
0.0003772362752805323 0.005869252369519021 0
0.000670729465775035 0.005730191290994712 0
0.001311178105653095 0.006741134955310464 0
0.001201283863420531 0.006687840081947786 0
0.003861604802419946 0.003743159889353642 0
0.006868093420996814 0.0004023131196618187 0
0.008211528050158139 0.004880381766588044 0
0.006517310144973131 0.003300544064901435 0
0.009017132456877797 0.002586009652111177 0
0.002228969804589727 0.002067153182142863 0
0.009657459332253194 0.006452400045587305 0
0.009607426674383317 0.006339090785531104 0
0.008408390752119247 0.004979942382553536 0
0.01202198042905037 0.004172484539340379 0
0.01547446341885121 0.005902757510972136 0
0.01557365126708399 0.005982887027103103 0
0.01568839390253195 0.005951021665791145 0
0.01565612159024479 0.006063309470098213 0
0.01576945986495492 0.006036053108880234 0
0.01572470208064276 0.006160405915531252 0
0.01586418338913401 0.006123693072751402 0
0.01582194501460669 0.00623686019047758 0
0.006575976231417199 0.004010257500164953 0
0.01278194952263185 0.0006083010876737549 0
0.01290064125006428 0.0006059069992867048 0
0.01412830740226228 0.004155859313812959 0
0.01090548245203349 0.003340189774723979 0
0.01136782640105466 0.002325608552164004 0
0.01145157732429337 0.002242034697830577 0
0.009680795481574392 0.006235701485167281 0
0.009559109307018933 0.006217728985881459 0
0.0007081911394385826 0.002709430323277511 0
0.000634480978343982 0.00475025093091882 0
0.008623540088532141 0.001943533633835216 0
0.01320767657219841 0.0002834606874777177 0
0.0002606994386432377 0.004552105433801775 0
0.001398095767067613 0.001456713155334608 0
0.01080118246251739 0.006109114368647722 0
0.01088892473748447 0.006135290069716508 0
0.01080479183333666 0.005903183556153126 0
0.009012966402194365 0.005734227592626435 0
0.004919157052162646 0.004650618944603681 0
0.01673523414019167 0.001605199296930182 0
0.01667295442809348 0.001488595902226494 0
0.01653663156902521 0.001456775040750641 0
0.01663116342024634 0.001364102379818066 0
0.01675056538626087 0.001395821442770706 0
0.01673238561123976 0.00126978405257949 0
0.01659608120645496 0.001242863029090364 0
0.01668399034519389 0.001151355254209157 0
0.006641628333034976 0.0004540913082644238 0
0.006547326006599238 0.000519634122117937 0
0.006556441624608129 0.0006370798215475692 0
0.006448451987572232 0.0005823803600529189 0
0.006453463636395573 0.0006995935582786278 0
0.006349504743641911 0.000647238781794721 0
0.006355134601707908 0.000763509148221939 0
0.006254958991422435 0.0007112934614573393 0
0.006260372440745157 0.0008220814997559399 0
0.006365960662900082 0.0008856252035496373 0
0.006239788514832945 0.0009422862290820017 0
0.006372791001232008 0.001018218382263173 0
0.006250276308845561 0.001091635742795095 0
0.006127092789532097 0.001025894196774446 0
0.006128466655890216 0.001161855038347297 0
0.006013779126893893 0.001095546101817948 0
0.006007158095675855 0.001222988953598673 0
0.005903631679104728 0.001153539220954025 0
0.006388861712818517 0.001174568637131519 0
0.003143087299108183 0.006720642497937566 0
0.003023390840745419 0.006698460999411321 0
0.002980184929979185 0.006579566246555962 0
0.002906272387678829 0.006681387785448249 0
0.003269001039380949 0.006753953602802402 0
0.0007158164660372871 0.002885475515249484 0
0.01478657342415706 0.005011992171427518 0
0.0002518737220868639 0.005672914258316515 0
0.01101020341374387 0.002701488184304414 0
0.003793856584452492 0.006004344766196018 0
0.01660374085842723 0.0002723323761492113 0
0.01671661692819573 0.0002965376150331038 0
0.01164148716951725 0.004547511827104539 0
0.005348886050689623 0.002677107929124208 0
0.004961675167922707 0.003012582937336654 0
0.004938656094070954 0.003222850834572739 0
0.01153374284383601 0.001977397729437202 0
0.01156705892070349 0.002064504396494016 0
0.01161716966743198 0.001992970026876044 0
0.01166369061367971 0.00207547124833209 0
0.00547087915334123 0.005022810651153429 0
0.005433704606777498 0.004935532890238572 0
0.0008680917875139062 0.002790745023330242 0
0.005701122467336471 0.001442303169147442 0
0.005788208573926785 0.001337795942716735 0
0.01377850612303233 0.004063888022891796 0
0.01374218110362353 0.003957282193283149 0
0.01366770262433474 0.004040126483194136 0
0.0136329332615399 0.003935638795555246 0
0.003294724698131983 0.003784453318942893 0
0.01211837281163555 0.004696953261253564 0
0.0004623435332228535 0.001519629572478729 0
0.0003342340480061087 0.001488851266240763 0
0.01007847827480281 0.006707471655452715 0
0.01004113892670979 0.006623085252257463 0
0.01014975462007098 0.00662254777294582 0
0.01160883685080696 0.00216624200484931 0
0.009123054562238515 0.004862073263134157 0
0.01675106725336006 0.001957404886009751 0
0.01370632100780655 0.003848294029889543 0
0.00597804201485937 0.001512924575885714 0
0.00557161177850718 0.001321698877664015 0
0.01143006608403157 0.005670991401279753 0
0.0002511196227968967 0.00443115537871402 0
0.006161610956850689 0.004179668045928229 0
0.01674183564175977 0.006484211422975558 0
0.01670871673125051 0.006365521292551961 0
0.01681981094741507 0.006405780641473092 0
0.005003157401267347 0.005371820608785737 0
0.01105026128894591 0.00594696922414497 0
0.01296235559862158 0.0009786402449876745 0
0.01669712548120951 0.00205654858888701 0
0.00560211991555308 0.004488590992958725 0
0.005694241744292478 0.004562320146818841 0
0.004543875119629728 0.005950096077913181 0
0.004585395234391803 0.006050433509154664 0
0.004465385411191095 0.006053335170539057 0
0.004520406984927708 0.006139725324069633 0
0.007875994314604253 0.003586240068869389 0
0.01641836165533363 0.005184282631782479 0
0.004742271230867685 0.003318530608134134 0
0.001593214016365779 0.001184814465200036 0
0.001520401448557988 0.001096917347117496 0
0.0002610056340262429 0.001704891373408565 0
0.0002837820167653129 0.001834739704887702 0
0.01284379400932561 0.0005157311786755979 0
0.001984971519803778 0.006237145793541358 0
0.01621664016618665 0.003795673655167424 0
0.01304374411807878 0.0008572330301075161 0
0.01312892197275563 0.001006811214982244 0
0.009478393156560377 0.006331917332123804 0
0.009438925432481045 0.006208467831701076 0
0.01618071857140225 0.00661813324682765 0
0.01612947673365366 0.006524810984435888 0
0.01356099955452479 0.004013573351530055 0
0.01351667444198159 0.003909382368954524 0
0.01345779626724368 0.003990433404531809 0
0.01341442656265783 0.003899421005130665 0
0.01334553594571647 0.003976245763261772 0
0.002257804558554375 0.005602504472705423 0
0.009369076396847982 0.005120905444395808 0
0.005503092178607864 0.004865771638382341 0
0.00638561985403144 0.004075777904619467 0
0.006975149276874667 0.0004519240859141606 0
0.00183008757638238 0.00147672283807033 0
0.01065953496629049 0.003452478577106288 0
0.009102063487518049 0.002514687853297626 0
0.008991654469009944 0.002466825189459167 0
0.01648343555864526 0.0002475283788902025 0
0.0002486769668826345 0.0004918085247978079 0
0.0002418331105942268 0.000368600591908276 0
0.00034524569385363 0.0003004642798489633 0
0.0002695584055746741 0.0006064152744394888 0
0.001415702549195635 0.00109518916348903 0
0.001469103948034964 0.001013240291577532 0
0.01658836042203361 0.006691520779485495 0
0.01670975459493139 0.006697089138413923 0
0.005407228203231531 0.00392483669546962 0
0.01154468225319848 0.002805649953948153 0
0.006243875573765762 0.003702500309515203 0
0.007238358360783949 0.003647954759470891 0
0.0002378794212071558 0.003284250873982408 0
0.0003300272796446114 0.003209079565875738 0
0.0002226688433280485 0.003166816454012822 0
0.0003062037509195606 0.003094413228703622 0
0.01077989887047214 0.002826147485367455 0
0.01102758268428391 0.00466236277086538 0
0.01139067960269208 0.005585702532877336 0
0.01145428029954307 0.005509495624251302 0
0.01132720695859711 0.00566708407823433 0
0.0167963155353588 0.003952343246183139 0
0.0167630065894132 0.003843173621181991 0
0.001197722931905625 0.001069899077082133 0
0.01113502037873655 0.003203450826238451 0
0.01129309401512102 0.003258513734516015 0
0.01674553974970371 0.003294984467203521 0
0.0168192642581394 0.003381428908765013 0
0.0004194091307596227 0.00312816761695949 0
0.002263512907812866 0.005321842649389332 0
0.006009929813070667 0.0009635144265852588 0
0.00535540356118821 0.002851394829688412 0
0.008756390558489141 0.004442486852987929 0
0.009335015541335952 0.002849459230642688 0
0.00942370575921091 0.002755844754097538 0
0.01660938543120762 0.006855571739541528 0
0.0003864829037040496 0.0001474796500041901 0
0.0121246219116695 0.003837541371005518 0
0.007231127061338029 0.0009551115754650084 0
0.007359930719694903 0.0008576474764557321 0
0.007498827973575139 0.0009040212136952417 0
0.007465341916693577 0.0007654550001571711 0
0.007342577012984667 0.0007169034056479385 0
0.007605862785834697 0.0008003164112079797 0
0.007626075343094407 0.0009315076254486211 0
0.00771792349370334 0.0008504229322617934 0
0.007438374651514426 0.0006380620942248293 0
0.007332038698948906 0.0005946681115235291 0
0.007753103315742802 0.0009424041333979316 0
0.007674204174370319 0.001031411292383311 0
0.001374764258418561 0.0008859128234516554 0
0.00157860399318005 0.002217717032651361 0
0.0001673772921802746 0.0005800040959082517 0
0.01275823453325231 0.003186309078292828 0
0.009819584752444224 0.006012759407076991 0
0.01676056035494446 0.0004044762184331353 0
0.003440118593356452 0.002993702252437017 0
0.003537066502698775 0.003051476394245675 0
0.01330478751979988 0.002568971352466019 0
0.013602667611581 0.002647848532758345 0
0.0001697362057083984 0.004499129526286428 0
0.01513200384592543 0.005466851839725402 0
0.008793552298268874 0.002752645537813962 0
0.00861274264015391 0.005254799870748273 0
0.01338471968635494 0.003684623329278548 0
0.000446284304608054 0.001145141090305853 0
0.0003391915488179346 0.001215330684628742 0
0.0004149626101616136 0.001393934743560382 0
0.007877322460268734 0.001294727808758714 0
0.01675134913413457 0.0052893478211457 0
0.01670161062422303 0.005394264940783284 0
0.01657607388558105 0.005402580870385844 0
0.01664654141663269 0.005510150521568655 0
0.01652420381445064 0.005520501240312036 0
0.01659634626175881 0.005630120719709883 0
0.01673329594402886 0.005621234058312886 0
0.0166689918369918 0.005732770298166196 0
0.0003517738747062602 0.004278139203995923 0
0.0002473981313059117 0.004222168143825937 0
0.009799207538064503 0.006577283222396722 0
0.0002108816215368615 0.001042654648989404 0
0.016075385134139 0.001488660952793019 0
0.005004701636311991 0.004276735514119588 0
0.00872983628905737 0.004184044014405149 0
0.005384247353856985 0.005016153391222664 0
0.0001954574505365174 0.003069387965687777 0
0.0002652160557291856 0.002979250640331242 0
0.005579387247928762 0.004727610617268094 0
0.01463619758112472 0.004569438966728359 0
0.01454334262762672 0.004653083244076483 0
0.01455227461965687 0.004748089737327841 0
0.01641744124251209 0.006664954049425191 0
0.003916783163404429 0.006514626513650383 0
0.004049451742483558 0.006552858461863315 0
0.004124405121051914 0.00646586454373403 0
0.003961352644493082 0.006628013537104691 0
0.01136232541286903 0.005360629350189034 0
0.01148481651755821 0.005306063164612025 0
0.01014233169719488 0.003683150972191043 0
0.0133805817154351 0.0003152946563610929 0
0.01346697669022231 0.0002329542555753214 0
0.01357966719302019 0.0002470547819575079 0
0.008068343476795073 0.004925211847610265 0
0.008928259490646569 0.002083132527440743 0
0.008891885610058898 0.002176061110759927 0
0.00882806632330253 0.002101339129372611 0
0.008958492472645824 0.002249523589756375 0
0.008862451159222299 0.002271546558402269 0
0.01656377986713717 0.001121570367495751 0
0.01665150718081384 0.001032801174185746 0
0.01645957505642187 0.001214478530768759 0
0.004155190780041905 0.006278849338549909 0
0.004280559745255465 0.006305842084040216 0
0.004376661408436616 0.006235767445688956 0
0.01129448402843829 0.002408278612664262 0
0.01150194707173968 0.005156200055632072 0
0.004853988995172046 0.005494765412232609 0
0.0003136805238088524 0.002503548116095715 0
0.0002208364168878509 0.002564481807977386 0
0.008654620391245442 0.005366548374906391 0
0.008771693198311914 0.005419664709857827 0
0.008885595305913712 0.005331839632380769 0
0.01187680277607371 0.004850585287052593 0
0.01187525233162226 0.00496873100652952 0
0.01179763900236557 0.005035294520262436 0
0.005191642487096474 0.00212353001623289 0
0.005186739102745613 0.001998884436672324 0
0.005282167173340343 0.001927487800699915 0
0.005084536192278426 0.002062915532405114 0
0.0007297414409702749 0.0004057635211886434 0
0.0008493333575850179 0.0004261801891198803 0
0.0006912816394345914 0.0002807250979191904 0
0.008760934551997862 0.002424266208845015 0
0.009077072186119285 0.003526062242668054 0
0.009317808092949386 0.003593684109377364 0
0.00318062230445898 0.006183553414731483 0
0.009463360627381024 0.005936608477986194 0
0.008654613885949113 0.002114103128696298 0
0.01095039344428409 0.002809499881232032 0
0.01064717947783746 0.003022506164500767 0
0.01060581176714115 0.002915471684705004 0
0.01680695397087408 0.001868688306945977 0
0.0002275298495474538 0.004099782914955942 0
0.0003350938465947872 0.003959049579975663 0
0.0002387461159356757 0.003914347582432007 0
0.000260096149100263 0.004989030332292821 0
0.0003994704803622212 0.0007354676699711576 0
0.002975339564219049 0.002881275981227721 0
0.003085714455614869 0.002849312830159387 0
0.003165950986217769 0.002911588713127542 0
0.007257787354208822 0.004023676737240094 0
0.01582349933883492 0.003140257358218252 0
0.01601471660901341 0.002885712842799001 0
0.01591689771614537 0.002672791010105139 0
0.008316690339516212 0.005035808151524584 0
0.008409966995959008 0.00508504964417501 0
0.0008845355422233978 0.00567841876143956 0
0.0006823289854858503 0.00239908074780956 0
0.01460357633346689 0.0004863587435262277 0
0.01474893190907601 0.0003865462126482911 0
0.01454631774398251 0.0003474013393427785 0
0.01443662272325172 0.0003173099704114482 0
0.01467526420392947 0.0002589342043143408 0
0.01450122563237009 0.0002365321236076461 0
0.01440706724485956 0.0002112515594934316 0
0.01432863341829429 0.0002845540595617689 0
0.005605262218198707 0.001521289453694644 0
0.003678165564704152 0.006717390175503249 0
0.003593981939659829 0.006795420639315018 0
0.003483532163221279 0.006776035129145841 0
0.003787726001504816 0.006753632651836326 0
0.00343428047814348 0.006668746854013766 0
0.002744371635868684 0.002692308132798382 0
0.002846668318374454 0.002664372754928442 0
0.002935231922840829 0.00271340952991513 0
0.01680645363658631 0.003503904862331702 0
0.01676304056338975 0.00361839033983625 0
0.01678645626347895 0.005735216419741567 0
0.01673306367923319 0.005832296655035615 0
0.01658176117211534 0.005846786487206949 0
0.01668009780234425 0.005940679865020219 0
0.01656328309806412 0.005956455217267394 0
0.008108586324972298 0.003653127477241545 0
0.01311725733989932 0.003911089266040854 0
0.009924464807543498 0.003083466079493479 0
0.009883619127998821 0.002974426360356613 0
0.009776779650251375 0.002953670552889718 0
0.009980635517357448 0.002998529468385147 0
0.0002219801539603845 0.002685530815931546 0
0.002111441981534198 0.003141497750486558 0
0.002354019701277178 0.003262092901719564 0
0.002446533273113503 0.003480134511071026 0
0.002280821811333177 0.00370296357419527 0
0.002566794965477171 0.00370808063648841 0
0.01467231241316339 0.00485285489715912 0
0.0005777124683433322 0.0002573171009513427 0
0.01211744658720514 0.004809404742883779 0
0.01668202349851996 0.003190829802385247 0
0.01673043550969794 0.003061473437976203 0
0.01680995018472413 0.003188244597361208 0
0.01684164403072187 0.003072354543600226 0
0.002574858858369812 0.006642316132145228 0
0.002682641214499171 0.00666819676892598 0
0.002607645486226458 0.006747580432508437 0
0.002714634236066823 0.006789384441774385 0
0.01646742003513512 0.002087458318657282 0
0.001436679273278672 0.006762931292970048 0
0.001552052435339093 0.00681800319401886 0
0.001649229253718344 0.00674726710285899 0
0.001652417958424465 0.006629521591908992 0
0.001751143657987102 0.00670219176589026 0
0.014365951403153 0.004413892735426305 0
0.01426275243309804 0.004387127023956519 0
0.01438958192724915 0.004539751551635166 0
0.01289492062732841 0.004089808230929136 0
0.008596012736628019 0.001839578604061306 0
0.004505621555978869 0.005847734237864759 0
0.01114769558951032 0.005868925215762971 0
0.01661979361934644 0.002354006754762153 0
0.01669773673200688 0.002465315332321793 0
0.01674691315509551 0.00235900759959439 0
0.01680451208126924 0.002461638588132958 0
0.01676794253210973 0.00255276916227644 0
0.01669018031485694 0.002246919581864155 0
0.01681974219786241 0.002270834667161964 0
0.01266512143898327 0.0005810445580860164 0
0.0002611456057667657 0.005214896294514618 0
0.0002502397913233777 0.0002522885028329916 0
0.006107330869276611 0.0009023823669720523 0
0.006017594754281834 0.0008510172201570995 0
0.0002528728297681443 0.004688095438662358 0
0.001372463712324278 0.003876708616680409 0
0.01515665861635304 0.004782888607243424 0
0.01527711543831052 0.004870371490874823 0
0.002131321728662984 0.00195479193231479 0
0.00224443323603678 0.001952007519654335 0
0.01677978070033594 0.004622947049416105 0
0.0167204139300718 0.00446007747497556 0
0.006955775320185187 0.003955197955815708 0
0.01061437273711128 0.006373513083978719 0
0.01053282229234354 0.006458425736375239 0
0.01041234805516333 0.006458404062348008 0
0.01025027215373167 0.006331055804343432 0
0.007994769282017075 0.004383788487745423 0
0.008012010305554108 0.004519301911386827 0
0.007893155188943707 0.004470083076255678 0
0.002156058767708774 0.001848079792322785 0
0.002081426998717288 0.001769232525642003 0
0.002000153363929646 0.001682296533042688 0
0.001954016340544862 0.001589209318240195 0
0.009268923093022356 0.004656117757539989 0
0.0002601793627714649 0.005495441154222222 0
0.01217317243673297 0.004543264089572899 0
0.01174422530529615 0.002884409637676924 0
0.00489055958664686 0.00245836433350519 0
0.00803768802725704 0.002043360621752172 0
0.006163404567553585 0.0007569430292384415 0
0.0001642183120252449 0.004765433656585666 0
0.01431851535909057 0.004143269065786583 0
0.005907492984554206 0.001041020878426985 0
0.0001503120375662883 0.004181744110660784 0
0.007900313623425104 0.001028689383465042 0
0.00458283253780318 0.006273359400507568 0
0.01242076066387332 0.0007305616256006809 0
0.0125150150897709 0.0007567951628050804 0
0.01680772861758092 0.005920464912069455 0
0.01675406404699217 0.006036938232003028 0
0.0160106219119054 0.006072475843839123 0
0.007700767975425838 0.004265849702433371 0
0.007580443559253148 0.004228955638071955 0
0.007516661362261891 0.004133395991588523 0
0.007735788491454665 0.004374274017921497 0
0.008128428117914494 0.004575978732020806 0
0.008031633552271022 0.004643001427436686 0
0.008142996147886264 0.004707489224360139 0
0.01247086560964218 0.003647072117059127 0
0.0110792245967985 0.002602705958938736 0
0.01113080467183905 0.002484144473266114 0
0.01193957184125892 0.001906207543535428 0
0.01202614540979799 0.001785571918435971 0
0.01217781897310372 0.001789419699065256 0
0.01209122706747759 0.001648310023100896 0
0.01224401836937392 0.001653016720855829 0
0.01217319731026283 0.001529732983283641 0
0.01230830641690892 0.001527380489258311 0
0.01180714537301544 0.001876739092028945 0
0.01232743085548188 0.001782206663932281 0
0.01223828287554879 0.001409602922298582 0
0.0123870454005253 0.001417233581089833 0
0.01196292393138587 0.001686812583178441 0
0.01211785754188245 0.001437682333707173 0
0.01205987160233943 0.001532688287166639 0
0.01159431436418867 0.005225806686664609 0
0.01162409244622062 0.005111981237824456 0
0.006232084091094181 0.004093526045187163 0
0.01237053494233094 0.004408544110392307 0
0.01247863772187579 0.004356825720441589 0
0.01237762004943084 0.004524863757796315 0
0.007552867380225936 0.0006853389081166671 0
0.006671193016949767 0.003895838254011147 0
0.006746322431232044 0.004028755242011923 0
0.01675886492594004 0.001067822280663906 0
0.01673456761394693 0.0009560730176119718 0
0.01679497383903565 0.001164142261122305 0
0.004683070235899403 0.002594075787462669 0
0.004568822098753902 0.002640817566323096 0
0.004680216754628437 0.002459223728672987 0
0.004785259291501844 0.002410101301364642 0
0.01369252078998643 0.0004024742004880349 0
0.01379543096384139 0.0003105570018634958 0
0.01391591715049127 0.0003456664159265958 0
0.01388320543021133 0.0002277293791436482 0
0.01399606094044801 0.0002521663138702643 0
0.0140328899998633 0.0003648756153156914 0
0.01410771835975386 0.0002763502044070359 0
0.006729072090667665 0.000373460370942011 0
0.01500478364048301 0.000556791581019843 0
0.01517277564426639 0.0005627585305032073 0
0.01510232217185699 0.0004285154579445737 0
0.01525755714236554 0.0004114050615924543 0
0.01533320669743452 0.0005561488251614572 0
0.01540388528470895 0.0004261013974202746 0
0.01548312402661557 0.0005491582736358103 0
0.01555242157057965 0.0004212028732556612 0
0.01564371502828544 0.0005673578331243205 0
0.01569794912194454 0.0004159256025802671 0
0.01562184008131816 0.0003051471464010492 0
0.01544186295332035 0.0007023404039153054 0
0.01575011148689505 0.0002985193466016832 0
0.01582584552969184 0.000399406690805178 0
0.01517242531242709 0.00030583780555092 0
0.01504592319637293 0.0003045223916956757 0
0.01587021564900597 0.0002865533140306311 0
0.01594912793998714 0.000384004809526035 0
0.01599118254773423 0.0002571509664345321 0
0.01512307028215638 0.0002030260535926831 0
0.01606787045157206 0.0003649623071302118 0
0.01611966299543164 0.0002524543597020191 0
0.01568339519670367 0.0002092506820436648 0
0.01557205172633206 0.000199117976937036 0
0.006083678730006219 0.004269696487420603 0
0.006028508374923412 0.004363934227224092 0
0.005932297974380499 0.004373433976462367 0
0.005843683728159944 0.0044737615472079 0
0.000306828395427854 0.00369663999184698 0
0.0002029402927913922 0.003619641765701777 0
0.01027147061191488 0.003126816387159346 0
0.01024959466571543 0.003003957885727005 0
0.01531360925311082 0.005738733547018367 0
0.001368114364456077 0.006171553741888984 0
0.006922396521651292 0.000292366048752078 0
0.01633082960333667 0.006737648887493701 0
0.01678138480363979 0.00171153481336709 0
0.01404526424042918 0.00423327346521744 0
0.01394535644295959 0.004210454814739607 0
0.003875320593091276 0.00308318470120184 0
0.003772376093370461 0.00302400218877709 0
0.003862651292498769 0.002971255385407489 0
0.007068914065032016 0.003279641364510244 0
0.004504207399619013 0.00280217936867928 0
0.004415159069134143 0.002747607768408454 0
0.004314526948618725 0.00278074589589363 0
0.004087334452016407 0.005099658126321768 0
0.004304194108577753 0.004951468954476151 0
0.001745053072427991 0.005309857438633539 0
0.0167707166810234 0.006596865443898554 0
0.005784812214765831 0.003663132625088793 0
0.01070714148354744 0.004948584853535761 0
0.001208868365245004 0.0007323405981182955 0
0.01504715334755948 0.005405700952899729 0
0.01503182150483259 0.00529758067261459 0
0.01494206826125459 0.005245015810759382 0
0.004269050074172422 0.002930175462703457 0
0.004157663723577416 0.002971170163871999 0
0.004170125345432207 0.002856256338958245 0
0.004083517151193458 0.002907024417603975 0
0.01336145517633821 0.0002173111782832705 0
0.01604504443092826 0.0004763711661852866 0
0.01566720556472079 0.005299295264495497 0
0.0105203817499929 0.003767504778827847 0
0.01038144081505825 0.003928614419713371 0
0.009369020822211749 0.006305677874467339 0
0.009328997186626605 0.006203372386691903 0
0.009383582715265484 0.00611284237924246 0
0.009273210273252787 0.006109950985508095 0
0.009224984775704508 0.006212035517546081 0
0.01663110223990034 0.0009118379829345059 0
0.01672048052804494 0.000828207982758491 0
0.0157212000201823 0.00626052291457899 0
0.003350534891925746 0.002913457629842456 0
0.0002626634594798446 0.006429908151961887 0
0.0002343136728824875 0.006311059144142489 0
0.0003022517507972125 0.006211330501142046 0
0.0004352650877847645 0.006231161133279204 0
0.0003496861096427654 0.006111866997451977 0
0.0002500755920229625 0.006112084992539589 0
0.002544286024706396 0.00546232391003329 0
0.01666840094715483 0.003635483742699932 0
0.01429404699481091 0.004493576387078736 0
0.0001855101969635061 0.003723259797595965 0
0.002859181518226472 0.00657212399034534 0
0.005691062578296848 0.004683278243319807 0
0.004614961029706415 0.005668819274783347 0
0.00559021994691447 0.001862990019667973 0
0.005452317483394494 0.001747100423529971 0
0.005477805412177286 0.001935097411460908 0
0.003712237470961626 0.005780449112321617 0
0.01655759458645431 0.003596411701670254 0
0.01662585151815707 0.004141633446164058 0
0.01673438504970989 0.004163380755648731 0
0.01666631980969166 0.003815289194391726 0
0.01615685490622988 0.003612259345625443 0
0.0001636558452191416 0.005422276720665913 0
0.01205603643342774 0.005018429134238285 0
0.01202150704592404 0.004945934867983279 0
0.004944492621907477 0.001986990757482899 0
0.01056823249228959 0.005644401007178899 0
0.007929697303674271 0.001707635577042603 0
0.008017404634808392 0.001519187339548827 0
0.008104558901051079 0.00172449102993201 0
0.008138019875941578 0.001888351130779873 0
0.01188038806205062 0.001772607246420241 0
0.01176120069414319 0.001776455388708219 0
0.01169183942881287 0.001848167894949999 0
0.01603737656153198 0.004492208203441316 0
0.01611010510648984 0.004747624647369456 0
0.01047431172145871 0.006554686985707237 0
0.0103523333072836 0.006551442395466373 0
0.01468373916710193 0.004939569454345824 0
0.006118237241808368 0.001297530551600496 0
0.01522118529345391 0.0001959996714471584 0
0.01579775357948649 0.005684120003488474 0
0.008489530576047857 0.001787777500282787 0
0.00838498418209491 0.001736474304943892 0
0.01638424226910519 0.0003366407234139941 0
0.01636410068876288 0.0002174712960314284 0
0.01625350283108855 0.0002766614582545924 0
0.001665415804000609 0.001276426954988645 0
0.001734748143111018 0.001356155956404025 0
0.004385002645175308 0.00634960190301781 0
0.01686121786021853 0.003859480845098488 0
0.0003201445571483011 0.002782512872338393 0
0.007807525148665363 0.0008598350926463253 0
0.01068164982579995 0.002828152950478337 0
0.01192361841494215 0.002497472290810172 0
0.01414195628287942 0.004272008259885275 0
0.004939967853104927 0.002174737314322754 0
0.004854751210460416 0.002247172899560845 0
0.01406301131382614 0.00434594462450387 0
0.004357041013409266 0.006114420045427284 0
0.003213543705318784 0.003082856517849261 0
0.0006196850005240964 0.005460248635396092 0
0.01343239394932218 0.0001452599657919976 0
0.01110502766903367 0.005593984021866605 0
0.01539626448715653 0.005810515576637138 0
0.01536051794510658 0.001169852539613933 0
0.0152834444191432 0.0009750055096008881 0
0.01548327152664903 0.0002915438220775354 0
0.0153550899164878 0.0002980219768957361 0
0.01540615791686351 0.000199482420080332 0
0.002395769685556129 0.002378705259421848 0
0.002416248189525906 0.002253149207969781 0
0.002496217717847769 0.002441666855868166 0
0.002336397660756458 0.002176445041077214 0
0.002497179688835349 0.002333500137130135 0
0.002505890367012167 0.002236781811616088 0
0.01117970624752876 0.004455274169411772 0
0.009690596349601899 0.006571251940502404 0
0.0004012285254003899 0.001896166956436111 0
0.0002899549563947466 0.001956337848485967 0
0.002947445958239337 0.006792011696293111 0
0.01224970438188574 0.002575158175754472 0
0.0002524209576483128 0.005800486280827711 0
0.0002641123969492395 0.005925138858104393 0
0.001113985598509571 0.00632523958728881 0
0.0008585719636224455 0.005249598389890751 0
0.0004730963218848722 0.0003191680726207587 0
0.009015836425591135 0.006005563423909985 0
0.009115822690853979 0.005980808183282558 0
0.009214160540372041 0.002539630345351649 0
0.0155821480209931 0.002451627809347444 0
0.0152172201225323 0.005557705868167707 0
0.0037160440293505 0.006828293213983313 0
0.009687292263095415 0.00303469351873684 0
0.01466961431407152 0.003542275596145798 0
0.01445206975267316 0.003465693173630123 0
0.01464897981319906 0.003279004984431991 0
0.01439457573008337 0.003214728157149135 0
0.0145638709400381 0.003027051399966397 0
0.0008191659868477044 0.006515935920785208 0
0.0007878799922252568 0.006660876794474703 0
0.0006790491758382807 0.006719866902319759 0
0.0009783149220372747 0.006570570213545185 0
0.000570686916877285 0.006670533207211286 0
0.0007852326727356071 0.006771806514469844 0
0.0008892023552873433 0.00673763883276975 0
0.0006853822613568875 0.006835320252216389 0
0.01626266537578966 0.0001649955646989762 0
0.01549643277541905 0.002189638090668012 0
0.01652885788702017 0.000740440666262479 0
0.005169708926076004 0.001883092802741852 0
0.008935518908330772 0.002364399654138516 0
0.009029538827255226 0.002324477372514674 0
0.01256385806279491 0.001948671362745457 0
0.0002204016668660418 0.002454749350022132 0
0.002014083654897027 0.002892155290832 0
0.001812209792340884 0.002805626245949003 0
0.01522536076255197 0.005674983471118799 0
0.001075869018455409 0.0005789651800773444 0
0.000978643461406685 0.0005280106757256935 0
0.0149543204470006 0.0004068518594272015 0
0.01492800578279478 0.0002767870579471685 0
0.01249513072852439 0.004239009032644738 0
0.01261028610845051 0.004201740551458377 0
0.004319367800872006 0.00643037978576985 0
0.01159702807884328 0.004090910339817373 0
0.0002501967785919091 0.001576676271234615 0
0.0002136535183225596 0.001460374993441412 0
0.0002779007413202025 0.001371060488647812 0
0.007753745326051303 0.002482464574597699 0
0.007494985802170845 0.002359761754511685 0
0.00800212188903506 0.002454368646934748 0
0.01302616866715355 0.000340252657435374 0
0.01295513267011558 0.0004059621257351811 0
0.01082030883796974 0.006325564268403949 0
0.01511759113318053 0.005577021415127926 0
0.0003073636277717891 0.006788656428081166 0
0.0002215144324772701 0.006741789825861827 0
0.0002243264685966879 0.006849172048813804 0
0.005729905657861654 0.003989574778135166 0
0.003522114770718421 0.006879787521936412 0
0.007464497572052403 0.004219798145285149 0
0.01655440023924316 0.0001625437398455631 0
0.00357402694857506 0.003200420624695944 0
0.01634944634219659 0.005660663596601851 0
0.007554405549356414 0.003453137757106536 0
0.00968159966344671 0.003945579542771474 0
0.007121235790363205 0.0003118969103955808 0
0.007206172986680077 0.0003572220471460773 0
0.00712579915963309 0.0004188465809877766 0
0.007219427864570971 0.000454324387589192 0
0.007128426936486995 0.0005249030197790371 0
0.0001297124186398421 0.002615125293417595 0
0.01680665500600804 0.006285668627962556 0
0.0166922742273025 0.006253396907553921 0
0.0167714932072216 0.00617801468296264 0
0.0118954127523265 0.005078179077934284 0
0.01182186345382483 0.005130343741240238 0
0.01042604091127737 0.002932206503452974 0
0.01676253749113185 0.00550146661683452 0
0.009416166100400126 0.003838385569291299 0
0.006522809341535022 0.001082217953985969 0
0.001977932022497066 0.006454092656537931 0
0.008596426390967344 0.004898100962861781 0
0.01671615514565629 0.0005293438768475345 0
0.01674783599808734 0.0006563735356120053 0
0.01284407726570073 0.003425620713758422 0
0.009534231658660474 0.002791499887405262 0
0.01131834032913306 0.002570181139637444 0
0.003410995493334359 0.006252832089289258 0
0.001169495561662738 0.001492706941694473 0
0.0001952348664813162 0.002798846327100438 0
0.008502770466335862 0.005216876789766422 0
0.008829866975559002 0.004677301712823688 0
0.0008155447767934677 0.0003159705724049338 0
0.01615795225621429 0.006351142379008971 0
0.01602136070662625 0.006332224650467532 0
0.00742492665367854 0.0005212433774672456 0
0.01490783303549863 0.005081298376089125 0
0.002834212499826431 0.006771338549133414 0
0.01259411685451243 0.00067784216885381 0
0.01244753391303308 0.0008142156867983886 0
0.0125360769418895 0.000846690271462894 0
0.009636062266405152 0.003706104299521097 0
0.01644629981147101 0.003488134220781214 0
0.01554276646032457 0.006104062799608009 0
0.002113924677565953 0.006840804687430277 0
0.005142581575736157 0.005477685423718104 0
0.01185439269832812 0.001523434938905182 0
0.00989697041613998 0.006689428477844168 0
0.005270110881223356 0.005298177703134026 0
0.005311874326809557 0.005207222744828646 0
0.01141752953758846 0.003071964526893354 0
0.01600043360976055 0.003751492952657327 0
0.007911990807136893 0.004605235810753092 0
0.007953221295936549 0.004700667401605024 0
0.0002392819102880004 0.001149340125186877 0
0.002770744446249782 0.002584420111039459 0
0.005091467589152299 0.005310494481631531 0
0.01323392540881781 0.0008612948927204903 0
0.0133259014666764 0.001045486410583482 0
0.01680008654314825 0.002975751885312844 0
0.01668687125112066 0.002957374365896489 0
0.01675116619795392 0.002873618222441295 0
0.00485614496657992 0.005611503404838968 0
0.01198983091766923 0.001362366996630066 0
0.005009508256916811 0.005632419572761252 0
0.009164178732760958 0.006119395980411733 0
0.009205492924884002 0.006021677633491191 0
0.01562021249949813 0.006159088381913768 0
0.0006772874328504781 0.001480400407811975 0
0.006501199021037348 0.004100401039187043 0
0.016817602189113 0.005189960905764452 0
0.01675114378430093 0.005078441156760214 0
0.01683021863786368 0.004986839997846634 0
0.01677900219910131 0.004873024655787694 0
0.01316510598468577 0.001210610176348672 0
0.01342564653223403 0.001239858056505158 0
0.01327247251964515 0.001424804751576705 0
0.0008352340408822522 0.0006986475808222672 0
0.01631029998340283 0.004840797964563166 0
0.01430338052847573 0.00460744857880891 0
0.002003707596223044 0.006019137895039984 0
0.002253804984440429 0.005893765763016248 0
0.0005865054853353129 0.006775261684648734 0
0.01416114877141047 0.001597840226783378 0
0.01399640513196428 0.001276884431998131 0
0.00198523514104041 0.002689287430926013 0
0.0003144419839269264 0.002193311652086125 0
0.0002222821975887378 0.002246533986051731 0
0.0002117939450460241 0.00213367594090461 0
0.01228192773243298 0.00459140697814216 0
0.0106457508739048 0.006485690714485081 0
0.009829582479999759 0.003778723577069551 0
0.01115675345418079 0.005980887671777934 0
0.009588103648309249 0.006545235753308053 0
0.009532102164596136 0.006449236892805059 0
0.01366922066690095 0.002943505166640734 0
0.007293913760065842 0.004141207102434954 0
0.01643664897031704 0.00683415196726877 0
0.01614227980737582 0.003410812043202722 0
0.004287526279705661 0.005184703055424376 0
0.009153921704872848 0.003210550948951727 0
0.01428595411915235 0.0004329419684341715 0
0.0001779020585473412 0.0006836438819741702 0
0.007537919433858806 0.0005677546568675315 0
0.007404120181926953 0.0004281122942291129 0
0.005495650699067925 0.001576038217554193 0
0.01635735323080188 0.0001043175248693151 0
0.01595545260836121 0.006223950427169498 0
0.003062243012125118 0.006797888458336952 0
0.001791479662433378 0.004611083099327316 0
0.01604423692695874 0.0001644967274104878 0
0.005905653402685963 0.002592815787930001 0
0.005912973860040594 0.002350351495872557 0
0.0001833967687462756 0.0008916997147533369 0
0.008953666694989433 0.005648545474027119 0
0.01266197202742471 0.004086738791094897 0
0.01257728777279433 0.00395713698810496 0
0.01679731012559749 0.001490343572377535 0
0.01684542728084196 0.001405950986959872 0
0.003451744893490991 0.004223107057739618 0
0.01582819564417505 0.0008471545332637254 0
0.0157913436804455 0.0006487641207157478 0
0.01563396577819573 0.000758660012459804 0
0.01212512007162829 0.001187307159318641 0
0.01214841493212916 0.001276679967734998 0
0.01479905469547728 0.005120084845574838 0
0.00217737477001255 0.006146196723496252 0
0.0005551181282386231 0.003296913723857659 0
0.0139191737420324 0.003833220746715826 0
0.0151491143424576 0.004594549027231856 0
0.01678358690222068 0.004374282183422112 0
0.001371865243722602 0.006841172987879736 0
0.01368475774513574 0.001274769256612654 0
0.01096502907296539 0.002597560168485545 0
0.0001167776917152859 0.003140618215763416 0
0.0001688411516673986 0.005163685508118796 0
0.0001722772359936797 0.005058628833260888 0
0.01501129171084678 0.0001954616495260528 0
0.01490128409124495 0.000171306281558726 0
0.01482368873316773 0.0002311198099382225 0
0.01482371624818441 0.0001414332667649182 0
0.009141118757185884 0.005813644335112709 0
0.008827977166271681 0.003401671861942612 0
0.0001567694723515131 0.001650472308600583 0
0.009900596404816912 0.004905515242410165 0
0.009712266971362578 0.005078659773822222 0
0.009969157360227777 0.005215000612626826 0
0.01683340686622203 0.004469748492027885 0
0.009642698957855507 0.00281113601118187 0
0.004493724911427063 0.006236377921931818 0
0.01296137904527398 0.0007203306985731489 0
0.01562991728127456 0.0001117535139351484 0
0.01169561507278327 0.005366636188653516 0
0.005308693767135131 0.001636916253614953 0
0.006274263406541119 0.004203612260356157 0
0.00856448610466346 0.005429596657059574 0
0.008446158662525632 0.001566966570188672 0
0.008343694662568086 0.001574879971558464 0
0.008278593081309592 0.001491946912244232 0
0.008239984527634541 0.001590552766057604 0
0.008159044205553644 0.001507108100948769 0
0.000153560941521802 0.004866425249212622 0
0.010927009101304 0.005069185883209538 0
0.0006340929693478894 0.005893851363482298 0
0.01258915867308 0.004317572461313915 0
0.01269736157688549 0.004270797408129947 0
0.007661805458801562 0.0007025205955726497 0
0.007321840502690823 0.0004854944901845392 0
0.01355703313958788 0.001042706245855013 0
0.01688336651678595 0.004891800370062174 0
0.005808072216857275 0.001094915537328582 0
0.005807065323871298 0.001203939626592811 0
0.005897148177938011 0.001278012946781927 0
0.005998840801538348 0.001359828617673574 0
0.01323161161232946 0.003922713175937865 0
0.01316233797440104 0.004003052764634829 0
0.005443508178272159 0.00148362693565949 0
0.006878378145414066 0.004036475105607246 0
0.0001593506136536027 0.005332525622427378 0
0.002334849139886155 0.006800779577784436 0
0.002432723587225499 0.006831847219591993 0
0.01104131124211029 0.003646371215682353 0
0.0001879789688679634 0.003494799925963322 0
0.001210189486879636 0.006802495626841766 0
0.001119098593593962 0.006759551153726673 0
0.01512304593960093 0.003639563832352581 0
0.001090622814435139 0.006650781144454026 0
0.0001660071599523978 0.005885001156992033 0
0.01448570193291982 0.001613097171366951 0
0.01254956072081939 0.001462041648760758 0
0.01686097770617158 0.002546236304923287 0
0.01258929766216743 0.003789286714536321 0
0.01310221304323364 0.0002507656925210223 0
0.007019636235055919 0.004055667441868026 0
0.008675498489933901 0.005609476652581716 0
0.008785223858697443 0.005590359877634522 0
0.01089349281158381 0.002701389858002866 0
0.003541992249283734 0.002942301765618896 0
0.003618728459956378 0.003004683822674529 0
0.0001654467330614376 0.003368780208077559 0
0.006562965286295746 0.0007881417169220343 0
0.007912582783889562 0.003790865352288751 0
0.0168203368534366 0.005398209852036707 0
0.00535189730665217 0.001735340127619443 0
0.005087059120551267 0.001960200774200786 0
0.01683327196905089 0.001633078684898524 0
0.01548342520415241 0.004910812492222368 0
0.01414893268508865 0.000389529567346916 0
0.01495644929184248 0.003874199970118081 0
0.001706409917018515 0.002057465673657785 0
0.01529008435908822 0.005829134886457126 0
0.005337529385840513 0.004930700364997318 0
0.005255083391077265 0.005105484413087768 0
0.001438473509447996 0.001783725896657607 0
0.01538216720887589 0.004177863914235655 0
0.01579357566503993 0.0001936778614283607 0
0.01590229618349979 0.0001752092635220501 0
0.01182162897350945 0.004132991666974181 0
0.01168837282548426 0.004331077653319204 0
0.01096567623397428 0.006044117008274134 0
0.01405562979454867 0.0001742957701721653 0
0.01415346901942089 0.0001763792381454256 0
0.01461877922005783 0.002710714953474806 0
0.002592429558381439 0.002388458959432887 0
0.007621037502972871 0.004354238109873995 0
0.01167598657015641 0.004996085657437702 0
0.01300751174879117 0.004112480112707179 0
0.001360810214799486 0.001204642156354101 0
0.01140176696982158 0.002131881200823873 0
0.005215037496526356 0.005200443175546432 0
0.00932627644807006 0.002596005885083484 0
0.016856920910303 0.001955100218038704 0
0.002220305138950656 0.002917770667061417 0
0.007507118900172024 0.004308378680000114 0
0.01043468682828434 0.005764832951532208 0
0.006347534881033925 0.0005357959763316084 0
0.0107260779128226 0.00640336785553869 0
0.001692767537390767 0.001184264038298689 0
0.0166171710201025 0.00264984464902352 0
0.01671024497767695 0.00276154738450722 0
0.007363681100735753 0.004222480086625331 0
0.01634642625090754 0.00108421271404102 0
0.01623396917399723 0.005228453664896781 0
0.0001899581060749375 0.001897646868371682 0
0.0001815941833363428 0.002019232216798618 0
0.01622080092440701 0.006731553160580866 0
0.008323743273166689 0.001389492139651338 0
0.01649189937875181 0.006749783061729398 0
0.001101378755518427 0.006492187617250818 0
0.008195554815775082 0.001227386943297855 0
0.008149476777527542 0.001325416934821647 0
0.001321093818664009 0.0007623449272240214 0
0.007790220988416436 0.0007826845858882512 0
0.002678314597099322 0.003502273255061987 0
0.002811478156502898 0.003699043726214535 0
0.002689627391315606 0.003959412714687312 0
0.002198042968641057 0.006866016439840057 0
0.002023851079125638 0.002367120942459626 0
0.0009501976735173156 0.002246087123268602 0
0.000302671975005735 0.002080844169353229 0
0.0001107797222703582 0.002094653879259417 0
0.01549382156425838 0.005311161034103762 0
0.006890525457556958 0.00341631235648404 0
0.008251283411142899 0.001772385190006046 0
0.01510395518815983 0.004139678144537069 0
0.01674136178708129 0.003727495549104661 0
0.01683389166077377 0.001321117252621479 0
0.0005939726700992711 0.001100772283333186 0
0.01572975650602566 0.005831128708667523 0
0.01111387672195908 0.002370588763059495 0
0.005883720632794778 0.004633373902600575 0
0.002708589822688507 0.002368677323147728 0
0.002668145501345241 0.002458155195290195 0
0.007129857555902133 0.001526684950374175 0
0.007189429722824218 0.004114546533793824 0
0.01125042959479383 0.002221224708635538 0
0.01432097137031937 0.001339122649086874 0
0.01546414448062614 0.00601731403128102 0
0.004890309270094506 0.004483131300729586 0
0.0144643667040832 0.004717621274689477 0
0.0009474972489545361 0.004314500519698328 0
0.0008997497239238011 0.002015232591324834 0
0.00821771433372029 0.004996134223650108 0
0.004959018525411829 0.005552157202788716 0
0.006448272576695823 0.0004725195288893284 0
0.01390218402130495 0.002731202801617517 0
0.0139655443464366 0.00301394315555997 0
9.135701510909998e-05 0.00184478436997112 0
0.002927894376228346 0.002625046582380645 0
0.003028771209986091 0.002764282634612964 0
0.01283441135580054 0.004178545676870033 0
0.01272726915589152 0.004177365804860615 0
0.01616170445562459 0.0005544349810147667 0
0.01252856945604181 0.0009575983641238366 0
0.01421683270926359 0.001070399958539284 0
0.0001002253305975257 0.00356030814394797 0
0.0008323024572065903 0.004701238521361088 0
0.004638089681974499 0.002364404529164645 0
0.005744587845380072 0.004779644355147352 0
0.01539230856309805 0.005950334270045984 0
0.01377741302563813 0.0001929788912181695 0
0.008112124976443275 0.004828277514282241 0
0.00803616019282174 0.004751657800629219 0
0.004058513542759723 0.006648302847888834 0
0.01472343712934243 0.005076227600229135 0
0.01479800672726676 0.005218179791594073 0
0.004147550709009038 0.006564453967289746 0
0.004234465234160414 0.006498108850622381 0
0.01229424814504621 0.003552536321551989 0
0.01263800038781973 0.003510761371559773 0
0.007224002829849705 0.0006746654817161276 0
0.001003975400680828 0.006721538607960821 0
0.006256974581670675 0.0006007245111843027 0
0.006170028738259278 0.0006522209325840302 0
0.007164575782446605 0.003468473671035156 0
0.01303822450052061 0.0005822127557930296 0
0.00799523108587385 0.0009965917517766295 0
0.01556391915461187 0.005532773551781021 0
0.0166706219217153 0.0001940201714969668 0
0.01675281189934712 0.0001188397352185682 0
0.01262571602923168 0.0007793149639961491 0
0.009055072517881384 0.002225836529415297 0
0.01682153846321516 0.006699793466405796 0
0.01675503965251251 0.006783085007152309 0
0.01237235843292993 0.004631524482196342 0
0.01676083411720872 0.002155544442165183 0
0.01686165077259057 0.00215521250512031 0
0.01659117135966317 0.00633198533569245 0
0.01683214964107849 0.0004907035925902719 0
0.00136199332467236 0.003443383614046558 0
0.005667772945983698 0.001334331127407958 0
0.004878312078066194 0.005813737052896154 0
0.01607191429534237 0.006605655422901474 0
0.01601933950401765 0.006517742971440676 0
0.01598219824418752 0.006601985265931425 0
0.01691417438759782 0.0002523540786078301 0
0.01683389133320353 0.0001891716312720968 0
0.01682085696467578 0.0003027929904659255 0
7.724746450193769e-05 0.006748949606190936 0
0.01683614519111241 0.005580480223935425 0
0.01126684858725671 0.00588434537359757 0
0.00442945405664896 0.003852284599456223 0
0.004399603368578558 0.003598236127991382 0
0.00292842102393636 0.006453894378979723 0
0.0009021860971465036 0.00365662280847516 0
0.01155349444882546 0.00552014066501214 0
0.01152299755625775 0.005426252704877224 0
0.001136524371144443 0.006859495834440196 0
0.0002026169193067671 0.006630594896038063 0
0.0001699564024407307 0.006525161491505432 0
0.01422663678333684 0.0002705934054942297 0
0.009230161564069944 0.002452961077650556 0
0.0093435413026462 0.006001722912892422 0
0.01221482768852325 0.004769958008220491 0
0.01407721224837622 0.004440906517672302 0
0.0001502438744922941 8.464410958428353e-05 0
0.01685 0.006913397459621556 0
0.01691605808991989 0.005349492190151166 0
0.01690134771952589 0.001160921471410662 0
8.996664265255652e-05 0.0008471787187670182 0
0.0001843801723987824 0.0007856510625533194 0
8.576132492318402e-05 0.0006450448766321163 0
8.256128556797908e-05 0.001249150388447253 0
0.0001731704348767876 0.001299479926986919 0
0.01691836018408158 0.006150340047739294 0
0.01691876646110264 0.006650383551777353 0
8.552106945724017e-05 0.0003625965512352044 0
0.01689685900445722 0.005744283481445452 0
0.01691903800543114 0.0004506171559576768 0
0.0001004247551541874 0.001044307379466284 0
8.39239691255763e-05 0.006046770485560165 0
0.0001692665278836946 0.005985080214696428 0
0.0001021925085001978 0.001455909946480257 0
0.01691323558815988 0.002749739924568648 0
0.01682682956512321 0.002701720241504707 0
0.01691835655993019 0.002851442866231498 0
0.0169136541968529 0.004147202541812212 0
0.01692093388071578 0.00425036464686587 0
0.01689400816625291 0.004639042816067196 0
0.01691343210550168 0.005950420058972058 0
0.01691579358042218 0.0009524203397914869 0
8.412176824298088e-05 0.005642454896253328 0
0.01691343210550167 0.005150740103903161 0
0.01691616268176542 0.003652424281870613 0
8.984887281142037e-05 0.002850152252835528 0
7.364412095495383e-05 0.002348346150667113 0
8.008220816162377e-05 0.003948326523898996 0
7.806074607112634e-05 0.003848444241393455 0
0.01691388246444837 0.0007532923830977254 0
0.0168268295651232 0.0008024803482160892 0
0.01690903391609945 0.003448105105325721 0
8.21846469050147e-05 0.006247499648975753 0
0.0001805390220274011 0.006203507606422838 0
0.01691603190330209 0.006451143465519255 0
0.01691489134527681 0.003145982276750716 0
0.0001804972236560502 0.001784638071093133 0
0.003984631337998677 0.006730269556484364 0
0.01682686420407314 0.0009024403425997025 0
8.01334004166751e-05 0.006348230806041872 0
0.01691581765774888 0.000653464394059694 0
0.004408850151860759 0.006433660100949822 0
0.004589985670302876 0.002527621405077311 0
0.01517475164976486 0.0001301061485636237 0
0.0150899441682815 9.632354511309154e-05 0
0.003875491816674101 0.00583661227047789 0
0.005203159304002329 0.002971124177049346 0
0.006526767732723561 0.0004130834783791651 0
0.004932451150079782 0.003451892319215957 0
0.01040868110445824 0.006645463864044073 0
0.0103103969864409 0.006672905095409128 0
0.01024808686266144 0.006585402332212034 0
0.001184310753009319 0.0006146111311246829 0
0.01379948480799798 0.004167572185953937 0
0.0001731704348767842 0.005597759685482319 0
0.002707489667594052 0.006897816368788078 0
0.0143951498500864 0.0001036689539305829 0
0.0136947267093954 0.0001023058506242217 0
0.01367038410470596 0.0001936736328956631 0
0.001919869724038679 0.006911077746143215 0
0.001965047196349913 0.006825223648153482 0
0.001871653748446325 0.006837863258346371 0
0.01536821382887361 9.179562360508552e-05 0
0.01459004576022626 8.144582645028871e-05 0
0.001618505916602769 0.006912174075256135 0
0.0004433683445112385 0.00691704836514188 0
0.0004956085847184193 0.00682483617396968 0
0.002916890876016215 0.00690397218639407 0
0.003088556904869423 0.006900386857214544 0
0.002497631813469381 0.006913556582631411 0
0.001825925947768047 0.006915654847668496 0
0.00329549721959283 0.006914652991438191 0
0.003336409578876838 0.006837572944612286 0
0.01390147938896091 8.420038043839995e-05 0
0.01419734827701688 8.31051783957322e-05 0
0.001517632109620232 0.00691525655146543 0
0.0009366866013589825 0.006913947165326984 0
0.005808889780010313 0.0009432780835349052 0
0.009119139804707358 0.002300816867824057 0
0.01063793273876999 0.006028400924769451 0
0.01256461362270383 0.0005852016706305919 0
0.01690996037696213 0.001859972653916185 0
0.008272519490926195 0.002980845358516754 0
0.008031157937495181 0.002848528879858604 0
0.008804317336886736 0.005772219303114201 0
0.01123111195093169 0.005790203938044287 0
0.0112215653892677 0.005671600246846189 0
0.0001731704348767842 0.002898839837124736 0
0.000261569380360779 0.002876725444122881 0
0.006398646982839879 0.001353662889529501 0
0.004202215447495806 0.006390893161586515 0
0.008554251000779146 0.004504417158477913 0
0.01250129418747497 0.001304462868720902 0
0.005207827214746066 0.004339046849880071 0
0.00475576689823012 0.005693395895847804 0
0.008147170019048241 0.002232308185926602 0
0.006185677657626247 0.004292727722871247 0
0.01104279630452512 0.002438297068110201 0
0.005954005278063878 0.004569576057041638 0
0.002767951586099087 0.002432769998677841 0
0.007977878110356065 0.001387525485708112 0
0.004217536269439092 0.003740160188695512 0
0.009520933583228947 0.006070004574893333 0
0.005277740930785887 0.001817190363771586 0
0.009117941434742149 0.006199872461614814 0
0.003889413914487146 0.006706971342688219 0
0.01663484707233099 0.006048224759320767 0
0.01691377770294802 0.002451820255545644 0
0.007889065749356276 0.0008077836805554868 0
0.01106511614820671 0.006192893724847166 0
0.01680768094348835 0.002055592255670073 0
0.00173266745756572 0.006800421318212959 0
0.007209483018510017 0.001777174970898396 0
0.007040834075808536 0.001974802782577999 0
0.002472611147008975 0.005898494322372423 0
0.00603984606423587 0.00168569260024155 0
0.01692327509025952 0.002236986827458217 0
0.01691997691557721 0.005545918513679148 0
0.004584510069923266 0.00346815141628634 0
0.0102746415269867 0.006470292268694593 0
0.01059580974584555 0.004022921035291591 0
0.007744354911419765 0.004573732558482471 0
0.004573216462867433 0.002429173355141027 0
0.01428925816697397 0.002941205974745672 0
0.01352398944131229 0.00146212692819126 0
0.0112938012361791 0.005566193253204489 0
0.005918285326158472 0.003921890721088357 0
0.01622737527354929 0.002813457979728741 0
0.004295319010836801 0.002640062093603675 0
0.008576277850354752 0.001726531035365918 0
0.01586618016877993 8.655662686697391e-05 0
0.01396315097257364 0.0004867436866133612 0
0.004983454645666602 0.002069247720172525 0
0.01396233213852586 0.0009969362771280951 0
9.352499905020302e-05 0.00303941355084995 0
0.001850791511654334 0.004954383859007152 0
0.01643338433182328 0.001554945905285928 0
0.01639152128171916 0.001372848970514842 0
0.003716985565550668 0.004374164981383057 0
0.003952463739656699 0.004189852697422584 0
0.001653775488209433 0.00189295379018587 0
0.00776441239916396 0.004478615738724414 0
0.002546135100363785 0.005171763862638244 0
0.005356245059016364 0.005125994958136718 0
0.005421484991177975 0.004117270609182046 0
0.008794600026647949 0.002202990413517784 0
0.006826955775998537 0.0002808651860946119 0
0.01589202071027449 0.00632816059113405 0
0.01593823831341032 0.006433813439710064 0
0.01583149162728091 0.006412974249640133 0
0.0007370102023884027 0.006921538234503513 0
0.005934833214999368 0.0008069492364960631 0
0.002437304938097029 0.002142683834737624 0
0.002364709495329456 0.002081769747425645 0
0.001350429322240233 0.0006598672133086266 0
0.005602769691644185 0.004877603613244993 0
0.0008064382200445351 0.003052789301474399 0
0.01171334928129073 0.005189616328973364 0
0.006082644094376432 0.004437251631886923 0
0.01150840919314925 0.002152464159379531 0
0.002920222340607449 0.002548004213784641 0
0.01082289045270576 0.003606113574643481 0
0.01072490583550555 0.005748752105413397 0
0.004866749067407973 0.002347309587299285 0
0.01226472314810917 0.001929173679988889 0
0.003242785828672293 0.005122648368146497 0
0.007018173258793199 0.0005497446038258929 0
0.008206697010517626 0.001407284662122854 0
0.007605198825705504 0.004457776563876564 0
0.004433047408445469 0.00254295003387088 0
0.004448023865984363 0.002641595033285913 0
0.009400456390726061 0.002546689312780103 0
0.01256086576719009 0.004464947969036288 0
0.005042636066555035 0.002837042339571796 0
0.01691310826277917 0.00334600104164486 0
0.01460640415738202 0.004902774008109633 0
0.008314673008762617 0.005123820594128534 0
0.01565544961592638 0.006338371191244502 0
0.0004966418700000537 0.005956723716550901 0
0.01159882370184291 0.005341584714586291 0
0.002595272978568159 0.003292014810258312 0
0.00801027368250511 0.00394849669444894 0
0.01682723040743365 0.002806618144920882 0
0.0009747722076354024 0.006824241004914947 0
0.0008679164413526808 0.006837383780154286 0
0.006769518929709175 0.001893044109952352 0
0.01681430609554942 0.004713366426516043 0
0.001089978385688401 0.003812077632836572 0
0.00093259918429584 0.003977623509701574 0
0.006204144299934079 0.003305854641126613 0
0.00889219389012157 0.005460621232937574 0
0.008648166517083998 0.004751840720706144 0
0.008921955941965164 0.004868600437289414 0
0.01332084016749843 0.003828446409420647 0
0.009060605467457112 0.005628739693359964 0
0.01684927988720599 8.810027603226977e-05 0
0.01329463423127155 0.0006926267859288164 0
0.008401863666795748 0.004239568947801004 0
0.01119870305642139 0.004785116229204823 0
0.01105571223236148 0.004894747411033301 0
0.01593462145486662 0.002207705092542572 0
0.01586098990571807 0.002440015997292336 0
0.0006391903741134689 0.006922844763955514 0
7.723033298367814e-05 0.004245301878147313 0
0.01521498705291942 0.004390393468387045 0
0.009515251755356093 0.002706698879277706 0
0.008084146042269421 0.001416946752480825 0
0.01421780577014618 0.004549961183424825 0
0.01690932166037114 0.006348902141681809 0
0.01642924448952999 0.004942920253709923 0
0.006701494730662966 0.003329464170096776 0
0.009876572475490697 0.005451096605607915 0
0.01087844562161835 0.00638859818129125 0
0.001062492213898944 0.001061724371006296 0
0.01078215374984298 0.002651853433151273 0
0.005414089006719032 0.00165329879592196 0
0.012220589162591 0.001197868643256329 0
0.004631337720172319 0.003183972789265877 0
0.0154739926907381 0.0009191462016799549 0
0.009350411281317802 0.002685484141514437 0
0.004833662644844586 0.002151139382744195 0
0.001070824620853245 0.0004738062509701229 0
0.000965863029891028 0.0004264458830770027 0
0.001048810378557867 0.0003788902085823326 0
0.000169257881616541 0.003998527688057639 0
0.01643165395323999 0.004696647760943816 0
0.006652981566657687 0.002334025286578437 0
0.0135320414931551 0.0001565228010620748 0
0.01134644140052487 0.002227870585589496 0
0.007720832211427465 0.003721614721274769 0
0.002847465964684611 0.005573374238550786 0
0.008515874019143643 0.005026160231859122 0
0.001556574737006164 0.001008864493976066 0
0.001481394319300685 0.0009324599343252626 0
0.009451012913819999 0.006415900707503586 0
0.005995880084892754 0.0007452665403321146 0
0.01100190979161565 0.006260397579626112 0
0.008875845495774751 0.002453397775054416 0
0.001736706773449151 0.002311767633469519 0
0.01032997183265584 0.002931952012985078 0
9.464220369819094e-05 0.0001583837508202872 0
0.01692124310915826 0.006848907087982784 0
0.01444182638093095 0.004629349609820485 0
0.002979324203498114 0.003435142831190792 0
0.003151964261031513 0.00357827711502489 0
0.0144750107946974 0.004809289956671252 0
0.01220687953987102 0.004657926441593518 0
0.01577459309701969 0.006331517151063351 0
0.01690913539897802 0.00394644230950906 0
0.001631896205704148 0.001092420917569464 0
0.001652262711849634 0.0009942288794597309 0
0.001400546216522782 0.001613977897314529 0
0.01684282332815597 0.00610273218619259 0
0.01616915107308074 0.0003571405212287851 0
0.007233629060238471 0.000795565982922593 0
0.0001512640815269709 0.006912610719454072 0
0.009082157784001392 0.002406673512217304 0
0.003111403434886221 0.002701283823789285 0
0.01389237891506033 0.004292774317467274 0
0.002315844006511154 0.006284747485606699 0
0.008846113712220752 0.005672120881620604 0
0.009490082011017177 0.003421853097725682 0
0.009277864999018757 0.003372349411625883 0
0.01539527600073733 0.005059025223190119 0
0.01675645783734637 0.004270425347131496 0
0.008091859975839531 0.001246165365340857 0
0.00424399334250274 0.002701760297052346 0
0.01277423479259317 0.004318333881838992 0
0.008719162442893204 0.005517385416060628 0
0.0001670130869036741 0.004604624998617936 0
0.007527852791314384 0.001040830212166397 0
0.005693428237017911 0.002569588245321055 0
0.0104006823984977 0.004194629476814733 0
0.002129683769806451 0.006510959734034862 0
0.009673316461464713 0.002922567251465323 0
0.009772929597149841 0.002848942761741024 0
0.01431611774879345 0.0001851226283732057 0
0.003035248194429766 0.005363778646163792 0
0.01410093408246094 8.707226870340338e-05 0
0.01122365671687213 0.002485101329392982 0
0.001221111608766907 0.0005233907033261429 0
8.326339348062144e-05 0.004553903308110728 0
0.008396683870984379 0.005190223357090712 0
0.00538502815534575 0.001853359002892032 0
0.002782624284928949 0.00643846658589382 0
0.01159684330894423 0.00189810266277347 0
0.005128139133926896 0.003334160387188584 0
0.01269620102589233 0.004358108717745912 0
0.01155785014163361 0.002268665964138603 0
0.0168151358284038 0.004077534453346225 0
0.0106401309274864 0.002739937462536644 0
0.006357471249206389 0.004261176072963082 0
0.009452318657489172 0.005439762975361064 0
0.01325639783114038 0.004026929308716734 0
0.01333296673304292 0.004080632141998751 0
0.01620298266445985 0.002512198274618075 0
0.01293511301223718 0.0004957247757594332 0
0.0008858504968592053 0.0005909718519589895 0
0.005643047278572474 0.004370923166193734 0
0.005501482603160154 0.0044026200569968 0
0.005373978930907802 0.004289668350721672 0
0.01230476816245812 0.0009422121084516773 0
0.004692303822567696 0.00606163890855313 0
0.009662008160374373 0.002721413604660526 0
0.0005730173829465671 0.002923848256477547 0
0.001376427994520502 0.006346935882835232 0
0.0004221882279349873 0.0002334416263016109 0
0.002526633849949105 0.002144208393787079 0
0.0003864157359022916 0.006838692464744278 0
0.01664974082989791 0.002856135798489722 0
0.01487641269859744 7.812922796668603e-05 0
7.834277461680507e-05 0.0065507202394881 0
0.01654676307313021 0.0057382339978116 0
0.001756812921780134 0.001261453231971608 0
0.006621061968515681 0.003095424525540479 0
0.01104614118369893 0.006115100904135622 0
0.01374474509647412 0.004230469642549795 0
0.003253043902249599 0.002775740286133204 0
0.003256008647685864 0.002865998388167843 0
0.007352544146617951 0.001540414593835716 0
0.006734350774647613 0.0002717073230769527 0
0.01463700263397594 0.0001644015622423315 0
0.01090457406588001 0.006237972601350461 0
0.01628227490475045 0.006814446099795245 0
0.0001651793541647684 0.004290013748024147 0
0.004078062583239876 0.002752427124411802 0
0.01291175737288283 0.004245508396892085 0
0.0001876399392409626 0.005734078170945544 0
0.01301808556604083 0.002501839094402925 0
0.006605118527943949 0.000350755907334202 0
0.0003908323235454481 0.003014385753821048 0
0.008273458468429079 0.001929900877427791 0
0.003627242365372279 0.003102734029462404 0
0.0003725512381014106 0.006000493245961882 0
0.003244970376104292 0.002970107492551935 0
0.004765112086184265 0.002221604164766756 0
0.008302396770338304 0.002545465612235399 0
0.003874510997276 0.006799539653824598 0
0.009304029776505013 0.006374390051983432 0
0.007699844913446058 0.0006144746495642395 0
0.009343690633787033 0.00490210542659068 0
0.01349831453051464 0.004081162729673792 0
0.01049829675210415 0.002793474719522467 0
0.006497342068698536 0.004197547066807762 0
0.008315281815449755 0.002213872304492511 0
0.002410212094444338 0.006920767700596613 0
0.005786567962452908 0.00460825553521612 0
0.009818379081976525 0.006244344548607758 0
0.007204470424681279 0.004203576330130329 0
0.007101899264148543 0.00409518124381951 0
0.001542947217486892 0.005526927908011644 0
0.004630084109358971 0.00614661342407064 0
0.01692161864333586 0.001354484746385059 0
0.006372898433076354 0.003730687233186296 0
0.01495623924545882 0.005351727288418066 0
0.01496648312791093 0.005460303609478559 0
0.004714133134403685 0.005109029121151814 0
0.004588645371112703 0.005035028960627538 0
0.004710836040239622 0.004903851722382228 0
0.0006414943584560542 0.004601599380675364 0
0.0007996427069150653 0.004494903541850418 0
0.01625787577643632 0.00443346715078705 0
0.01278712745922313 0.003620020960248597 0
0.00540546669200085 0.004844906484690383 0
0.001931862640263889 0.006593438963046571 0
0.003176958764374182 0.00282548701312961 0
0.00316086008378214 0.006822839223218501 0
0.01600293264369504 0.003284724576101052 0
0.008716620845960119 0.001875352588468615 0
0.008724197262223943 0.001977090033609004 0
8.132866415830504e-05 0.005843471836146145 0
0.01136146627678005 0.005489021652248585 0
0.005450507328773878 0.002438979383241875 0
0.006531618053224318 0.001232232564529831 0
0.01607028178149748 7.917987460515953e-05 0
0.003399626665028138 0.002829893972133948 0
0.01360583562226784 0.004178289906291835 0
0.004675818116013138 0.00577898192544357 0
0.01683304298487807 0.0007045991470656337 0
0.00782524530925861 0.004553027206796294 0
0.01171493204060497 0.001963363167570499 0
0.002547683601246558 0.006827943582226887 0
0.01304969310827714 0.004191773824366329 0
0.003951786437847934 0.002814473062130258 0
0.003930009083570224 0.002900389322100739 0
0.010099143820437 0.00653798895900377 0
0.001788013347680849 0.001919545465719228 0
0.01141057162053638 0.002686530184711236 0
0.01036242805101378 0.002850822001528439 0
0.006637629071786113 0.004157601783881972 0
0.006652876079268199 0.004070750276511419 0
0.01275124006348125 0.0005056764169046992 0
0.008908963044225377 0.005993424230622765 0
0.008092401053827339 0.001006760818154257 0
0.005215918681384031 0.004508157929202934 0
0.003246942775412598 0.004023698308611736 0
0.01099228564891255 0.003208606598328863 0
0.009942279823071096 0.002832723449552085 0
0.007057720176928902 0.004167276550447916 0
0.01273311434925476 0.0004033348808183241 0
0.004259140889840354 0.006592646159452638 0
0.01081742551808751 0.006437131238815268 0
0.006175844912067228 0.0005586420178629622 0
0.003533717736052902 0.002852539689034871 0
0.01021931220658086 0.002859779034218824 0
0.006779295346196004 0.004129242381395498 0
0.01244301322355292 0.004588068622792015 0
0.0002816203400576155 0.0007126531699717985 0
0.0001984226125656702 0.0001614856865603609 0
0.006246788171529001 0.001234373123150888 0
0.002105287837321584 0.001685192839825658 0
7.819080434750235e-05 0.003346742416003183 0
0.01317940926328619 0.004148250235597291 0
0.003811861494107797 0.002848243592870724 0
0.01650181860721659 0.005294632947311856 0
0.003667264248502716 0.002865905727220464 0
0.004223328330227621 0.002783102951037478 0
0.001859880435185915 0.00667835365265049 0
0.003272883895150342 0.00345562840898734 0
0.01341212485766758 0.003123571973278818 0
0.01130102765769282 0.002937818790837599 0
0.007503081506467639 0.002645430895455552 0
0.01080864801360837 0.002735995503754245 0
0.007822296688712531 0.004399847210389689 0
0.006124772384716329 0.001437321754487404 0
0.01008098489434505 0.002860737592294175 0
0.01011722221087133 0.002939655911958342 0
0.006918469696683725 0.004143419545187032 0
0.008303840447584003 0.001666400930219164 0
0.0006408266996557645 0.005029248805085466 0
0.0007399844400876937 0.002251380245108326 0
0.004850188037137762 0.00501665848474523 0
0.004908352899488336 0.004835799853668369 0
0.003788638121155206 0.002928053051261678 0
0.01461450289255732 0.001026785932143161 0
0.005477697513596302 0.002994334774650725 0
0.00451054778005988 0.002569252212024877 0
0.01149984376822867 0.004620745140017334 0
0.01665031646342392 0.006930914741728207 0
0.0003502395615862658 6.561136669279346e-05 0
0.01578442345830691 0.006482454406761436 0
0.01358551038454075 0.0008366829413251984 0
0.01310834221354228 0.004096330352818317 0
0.01655722301979639 7.364402447121833e-05 0
0.01346543928492099 0.004153176881834291 0
0.003865967238673229 0.003956374766328012 0
0.01110536390876799 0.005056260465190664 0
8.524996886896848e-05 0.005132001596391665 0
0.01177926669261181 0.004496559950653044 0
0.0162620951815548 7.26202281856889e-05 0
0.0009026948185481805 0.00035568895575182 0
0.005312059903322565 0.002507539671805064 0
0.00337814459726553 0.003588731404929891 0
0.0030476857304815 0.00379889491474712 0
0.01151683933449518 0.003297500314032271 0
0.01213958552919728 0.004008055457074344 0
0.003670704679835836 0.006161381678417419 0
0.009304314978807326 0.003224059517099532 0
0.0153131364492732 0.0001937338180306317 0
0.01426916933386233 0.000866017431269277 0
0.006487930487355793 0.0009188339863014702 0
7.86925005353354e-05 0.0005475711303874926 0
0.007414792640741636 0.003542874851394232 0
0.0002902574960676092 0.0001673947057293096 0
0.01692019916777802 0.001661583780243277 0
0.0075857730242304 0.0004906697802168451 0
0.009431252101045094 0.006496599784179378 0
0.005864335274932475 0.004053491762484839 0
0.01238692309487663 0.001649775678787809 0
7.235934744035701e-05 0.002533628435015457 0
0.01332704495439406 0.004146195635898671 0
0.01196032126357951 0.001526821028795072 0
0.009540469481963113 0.006603872959553405 0
0.01217326831020545 0.004150842134619755 0
0.0119692947857132 0.003973105800264336 0
0.01617939126333929 0.000182239637526544 0
0.004903919061743764 0.002877922730307811 0
0.01538117559385192 0.005216250516409247 0
0.01471150941870882 0.003944995074223539 0
0.00644509093493102 0.0008111407226547417 0
0.00844152239021467 0.005281624448151789 0
9.247041901195956e-05 0.004807944554899047 0
0.0143361456309734 0.003635580709605643 0
0.01207342536590942 0.002418595022887343 0
0.01684350918350156 0.006809880964630347 0
0.009185515473943124 0.005917259909607266 0
0.01626758784785075 0.003085404312551781 0
0.006730262352000183 0.003520899364545485 0
0.01657458630307393 0.006784194195533968 0
0.01524123750469117 0.005021177749627403 0
0.005721771941288345 0.001119942198054407 0
0.01287791911160978 0.001099141435339349 0
0.006233421838297903 0.004359484667279603 0
0.01050782438300754 0.003430277472039918 0
0.0001022649575174693 0.003659845694776947 0
0.01054542677460648 0.006595342433619239 0
0.01632134001937348 0.005055809673718114 0
0.003851861198529143 0.003556895373458089 0
0.004034266011287859 0.003610549519093151 0
0.009948851005110487 0.006612168927968771 0
0.009999368151180407 0.00653311197722233 0
0.01180035488595977 0.002596982015939496 0
0.005178056561341142 0.001784959588362692 0
0.01577211288534521 0.0005053030688545119 0
0.00963076195115346 0.006125075095273092 0
0.01380135747040681 0.003875375835554953 0
0.002745192225334079 0.003191778929821061 0
0.01358340677708037 0.003817829667759253 0
0.009807275981680118 0.002774466011726034 0
0.01203075903384434 0.004860490966547308 0
0.007257775750300988 0.002483581201868565 0
0.007259738822194137 0.002182490371471476 0
0.01673724288183383 0.002649425562134164 0
0.004757198451966992 0.004680284073973882 0
0.01626299117863647 0.001515125410298818 0
0.004477155146958056 0.003238215318087434 0
0.01019121780693193 0.003876532991513014 0
0.005793805834049803 0.003836053785235919 0
0.002515690275064555 0.003007307299519358 0
0.005596339672346151 0.001415115052527792 0
0.01625705248808304 0.003957888966216742 0
0.001323079893756689 0.006920530813973026 0
0.009811145951736466 0.003445682370028852 0
0.0007499747437509814 0.004349356267281642 0
0.01317890984165201 0.0001866476086897976 0
0.01326694378870178 0.0002076489381435719 0
0.0106963728907054 0.006555661876266808 0
0.006309304961330033 0.0004484078567225111 0
0.01108855979018816 0.003393445317814948 0
0.001287363151428341 0.001359518239669915 0
0.01591367884343311 0.0005310437267689585 0
0.004220601645308372 0.003342390549620358 0
0.004230941405044891 0.00351989246647453 0
0.007408973626535186 0.00413903591519371 0
0.0001632386494556781 0.006393980975609555 0
0.006667367378264046 0.0006938356164270785 0
0.01581052515757343 0.005926100370059996 0
0.01186890991255798 0.001689949957311741 0
0.0004691497508384299 0.001282706700641722 0
0.01692267508000938 0.004442855552663112 0
0.01588137037200955 0.006012345397208743 0
0.00232195790285534 0.00279964038525641 0
0.00153702423112297 0.001630251221513249 0
0.004151521954150608 0.006707707249871886 0
0.01284847804584939 0.0002922927501281055 0
0.01373355879213395 0.003307268644354178 0
0.0141517056777071 0.00320953098297973 0
0.001915767682405992 0.002267535161814807 0
0.0007310203235169569 0.003732799289709547 0
0.007099980707649595 0.003621904072378509 0
0.01085344952155311 0.006011050175248655 0
0.005033908126381346 0.005467696132132115 0
0.01150580853803577 0.004459726720818493 0
0.01127263927713027 0.002313262212984481 0
0.003561202362714042 0.006294498121467961 0
0.0007443625386570514 0.005579251322367286 0
0.0152502766757953 0.0007054764643844753 0
0.01224066546773036 0.001296365264244025 0
0.01683845997007878 0.001002400336983274 0
7.771761633618667e-05 0.005453929680658619 0
0.002793448599500869 0.006680239369982188 0
0.01666611135082659 0.006147707559028955 0
8.212452725470283e-05 0.004449082802118204 0
0.000817599191510439 0.00586261211898289 0
0.01009782275923525 0.003514609866665836 0
0.01058686146086685 0.005794126280095912 0
0.01236609027980412 0.0008729624803638964 0
0.0006988139418257966 0.002550540065548095 0
0.009159990546039089 0.006272947832921546 0
0.01424926156574498 0.003386461195280442 0
0.001523152873855006 0.004767627083141545 0
0.003149027317549438 0.006367344121889473 0
0.0007540844437150477 0.004050833556067495 0
0.01501958552430558 0.00473257792476291 0
0.01565463820045322 0.005622232505715862 0
0.00234275495145933 0.003063099528550627 0
0.01120004180504989 0.006056164044825904 0
0.0006113396086991889 0.004885736261484194 0
0.005923565952139352 0.004473010436515078 0
0.01369544954774789 0.004140790013350513 0
0.0147205996618547 0.004123373733244779 0
0.003060652970342878 0.006467237768065304 0
0.01683768243930023 0.003699016675764701 0
0.01368048809804241 0.0002907290073948022 0
0.0006039867490730735 0.005327795472730478 0
0.008882806562212606 0.005566578214909497 0
0.01682822481684127 0.005809250982257737 0
0.01487112661640625 0.003054075551886861 0
0.0001611030068625792 0.0004169809067171345 0
0.01320972273771251 0.002293364549219005 0
0.005389044807620077 0.005235222706223923 0
0.01210345323459621 0.003633853033280069 0
0.01090453034811502 0.002536654169140088 0
0.01304970971007062 0.001406804544105437 0
0.01314824146754266 0.00160414089096002 0
0.01683798459051115 0.0006025603594488681 0
0.01608030353382168 0.003098338739188237 0
0.007939026548447855 0.004779635623745074 0
0.0007694623279262012 0.0002343451988540183 0
0.0007121848534113384 0.0001890034558191186 0
0.01548673692678245 0.0001744115813182832 0
0.003252107141499304 0.006848491109293906 0
0.0007836892191259871 0.0001666896723336846 0
0.008131766724722095 0.001615159289489781 0
0.01097735700093136 0.006173668173798735 0
0.00369681618272269 0.002945186137529841 0
0.01394949846512833 0.0001613607074731093 0
0.01611858655821457 0.006694666106760459 0
0.0009070973795299005 0.0002646806382142907 0
0.01608080062498131 0.006756245785931056 0
0.007499884930514857 0.002130691780739585 0
0.0002235346138944466 0.002354216724414305 0
0.0128474763419629 0.0004102189170082727 0
0.0005567401497799246 0.0001659893190619384 0
0.01611513937382053 0.002677816538268743 0
0.0059155171879253 0.0009522347100684673 0
0.01401031448843827 0.004409880304886101 0
0.01415589686260649 0.004385558452175189 0
0.00198843701962487 0.002520657345356753 0
0.00811593858076155 0.002621244447478639 0
0.01607609821320548 0.006429226212375046 0
0.000799823949753903 0.005097020275437511 0
0.006364150061020221 0.004181504535032517 0
0.01184919500516405 0.002752254254609112 0
0.01220726923094748 0.000948779737587082 0
0.004792306242290578 0.006051773431841091 0
0.01109431515266401 0.006040857200807508 0
0.0148859520687584 0.005371261123909689 0
0.009861300789664983 0.00289000436406334 0
0.002505634035850001 0.006735950857054482 0
0.009378481297913379 0.005299955261284439 0
0.002126125681066672 0.006926040446561191 0
0.007757337477789269 0.001321839257856028 0
0.007707830940119556 0.001209814813598549 0
7.257503232195942e-05 0.005347859699523255 0
0.008405925440508364 0.001648668206573731 0
0.006099286749563722 0.003685777128882247 0
0.01383630906544642 0.002435860124067742 0
0.01630765565417974 0.003532336876009194 0
0.01193986184799138 0.003759015449872159 0
0.01652299450677351 0.001330213590188535 0
0.007423420632720763 0.001721207424729997 0
0.004288755764093248 0.005373973840814478 0
0.01669053180886057 0.000722098113229382 0
0.01592883701395276 0.006525702759992825 0
0.01053279634294074 0.002975202242175811 0
0.01484034541602098 0.0003517325005217803 0
0.01445045988185059 0.001151942463627709 0
0.009604912562766329 0.006630743097090964 0
0.006436798269003465 0.0003699223228321182 0
0.01684582014563906 0.002906351368082109 0
0.01618422291616717 0.002964300734307502 0
0.01683134069522928 0.004201664649407838 0
0.01692822237229685 0.003049747688825845 0
0.01016929234983803 0.006715399467368668 0
0.01011640665901079 0.006795888011923535 0
0.006079788117968072 0.0007902731109503949 0
0.01171689341546375 0.001696661598196125 0
0.0001471904646518848 0.003806161983155719 0
0.004029845499500123 0.006796909580392555 0
0.01297077686441125 0.0001969466598152059 0
0.013497308923532 7.436338564047141e-05 0
0.006683131740542811 0.001133988154763439 0
0.006214379796714931 0.003528593839777099 0
0.009739149237894252 0.006637163580506485 0
0.002430141658260745 0.002043249860953839 0
0.002337815303423544 0.002006960947451416 0
0.006586512456965477 0.004102587000672685 0
0.01666071655825783 0.006779155925886186 0
0.004436089388883858 0.006168664987877302 0
0.0001649072918382642 0.006092874983056043 0
0.008905527077187508 0.002652654547682902 0
0.01189460854879312 0.004268557878511955 0
0.008233719104969435 0.005078018616608929 0
0.005518343853867689 0.002608265203548898 0
0.01051105934509008 0.002880181220258885 0
0.008671587567993494 0.004602663292075496 0
0.01684620736782454 0.00480626485071188 0
0.004575349143279288 0.005779366499203183 0
0.003596380334558336 0.00693825063214739 0
0.01339796215477802 6.876277887674174e-05 0
0.009951449047227607 0.002912946050208176 0
0.0119294271543754 0.005147711054224412 0
0.0001688613879890864 0.00439040559726446 0
0.0002537741828786289 0.004331209504986731 0
0.01323473559922298 0.000131381019564553 0
0.0001704561021290685 0.00138683760632955 0
0.007330099829057741 0.004285143637825102 0
0.01241944490394828 0.001229243911349278 0
0.001859475273866229 0.002426127655347229 0
0.007463843898995492 0.004368691151966713 0
0.0001336972536634014 0.002185508223655167 0
0.005697056664214746 0.004468014469710806 0
0.0168377036001296 0.006514723503600956 0
0.001224007652536771 0.001193029554621743 0
0.01306994521999223 0.004001366483395496 0
0.005102150940070079 0.003141501814881785 0
0.001833770188000656 0.002604942898526867 0
0.008810215990447347 0.00551092189028001 0
0.001409058027230875 0.0007968349583330155 0
0.007051985257067159 0.0003743533270473861 0
0.006899484291210837 0.000212454113272244 0
6.445611317447072e-05 0.001650725873975829 0
0.01683938569935529 0.003296257015300934 0
0.0001566359123376226 0.001108494869909406 0
0.01644158975132233 0.0001693229252681594 0
0.01572704956308852 0.002261614946918 0
0.01451289903108125 0.004556136769048843 0
0.01170637571860988 0.002184431684167018 0
0.0002477140588351221 0.006929817646276635 0
0.01365898458809277 0.003749045846957961 0
0.007862652783908334 0.003943162291616373 0
0.00737070489390529 0.003674348478085271 0
0.0121793414029717 0.004863372319080439 0
0.01359977135607326 0.004094018590593909 0
0.01145275786440157 0.002917625075997518 0
0.01031544120116281 0.00676175161413706 0
0.01684683919874697 0.006008819364988642 0
0.01684426053376634 0.001097685770690584 0
0.001177752894689008 0.006576121360075907 0
0.01682352164757027 0.003779119950503639 0
0.005650776147005816 0.004786668749996685 0
0.01620739534599622 0.006833528981953442 0
0.006967513782161432 0.0003634200301613284 0
0.005024422810423318 0.002144597911788792 0
0.0001624546766407185 0.002986563917626956 0
0.01193308501867722 0.002947852787703288 0
0.001052932126672393 0.002764198542100099 0
0.01422837756804312 0.004198199914384361 0
0.01488051917807807 0.003636955167177235 0
0.008671023041550863 0.001788684038743986 0
0.01619908705224395 0.004583653319947764 0
0.01259942139799115 0.0005137157595933952 0
0.01474064474529205 0.0001764427650032306 0
0.007803027237961966 0.001028080498159379 0
8.631118667848207e-05 0.005031125600598937 0
0.01045030619648881 0.006714386704044289 0
0.009732929958062086 0.006709593853703888 0
0.007274123246173617 0.0002996159669609215 0
0.00730956680319173 0.0003841127781044336 0
0.006550545818232418 0.0002807722308595592 0
0.008574268227867214 0.005347907479132878 0
0.0169234689248133 0.004968204396130094 0
0.01246005136519591 0.004442098793626471 0
0.01066396128509483 0.005905091878479716 0
0.006674764868018736 0.0002375715648284919 0
0.00953055330198915 0.002631708688166019 0
0.0001800160570928997 0.005250266194270776 0
0.004859913986025149 0.005716418281836578 0
0.001478065072562549 0.005291178662808614 0
0.007619585752715023 0.00114394293927969 0
0.002577930301006504 0.002478830965327297 0
0.00892446936348084 0.002809733550948418 0
0.01614293000914525 0.001655893489485505 0
0.006581834938160381 0.0020621946120176 0
0.0005082983323854394 0.00304167338064564 0
0.0007371601052151722 0.0001279088820832176 0
0.00390842542724551 0.006866500951825829 0
0.01310282161786205 0.0001484114093608666 0
7.621952635502791e-05 0.004730175833821935 0
0.005175204282847972 0.005277550895491505 0
0.002426388297812233 0.003913801755988463 0
0.009032385775501091 0.004716920032968814 0
0.003781330636521596 0.006901325053340761 0
0.00272853396675539 0.002522225891910687 0
0.01161520739596275 0.001817710681852636 0
0.01195709401878032 0.005022834785664272 0
0.01684532534902189 0.005098237925635812 0
0.01176814987211074 0.00209639030416027 0
0.01486909657397394 0.005182702050991039 0
0.01093368846892625 0.003488413106873101 0
0.01684608164943267 0.004307584855151691 0
0.0006122913698698371 0.005591169993379607 0
0.007229355713314074 0.0005628401406429489 0
0.006111605607737642 0.0006013096042661432 0
0.0007449803409109012 0.005371318030548385 0
0.000169687068688083 0.004958773089616873 0
0.002637062448924624 0.006834379038478273 0
0.01665656610069938 0.004243365254228701 0
0.0001629561095134961 0.000314217893382129 0
0.0005069076889987426 0.006731304795645552 0
0.000861591640281472 0.002618916753216904 0
0.008288035026640878 0.005214291507936814 0
0.003953926500695758 0.003458441130143269 0
0.007397565194157416 0.000352429213130021 0
0.005479588095773197 0.004776509501647751 0
0.007621882418940761 0.0006289380299635151 0
0.01345378537615027 0.003799627920145639 0
0.00181648941720085 0.001332598103715051 0
0.001848138776187948 0.001249096952153566 0
0.00187161460451722 0.001393067984520137 0
0.01646937522138267 0.006039954759011127 0
0.002455075339109398 0.005713389963967785 0
0.01036794171072275 0.006355106787882611 0
0.0102553635133697 0.002928429005494359 0
0.0001436091575053849 0.003291213787517658 0
0.01351380204989364 0.002359484145222393 0
0.005022980704037739 0.002001979123180344 0
0.005050911674588442 0.001882450791377442 0
0.01644251630707166 0.005406093082043106 0
0.005511896887323055 0.005078797330440216 0
0.0115010173874661 0.001905752705703188 0
0.01684504206958645 0.005300680095478572 0
0.002103815633776112 0.002595520711398834 0
0.0001665967061309087 0.001536320423354229 0
0.002005348911984292 0.005220102486760069 0
0.01690349812116962 0.001469271571146206 0
0.001313415500135123 0.001073028686806592 0
0.01590282503276791 0.006607680560821668 0
0.000257580452512467 0.001257878194697552 0
0.01651192581090822 0.001954406723544063 0
0.00332713190177217 0.00667779314081839 0
0.01455318998611518 0.004842630475691846 0
0.01457887448512806 0.004975119269142791 0
0.0154660939236197 0.00609692587020637 0
0.01499599122992222 0.004596326161714626 0
0.005562053395202982 0.00399410303565291 0
0.008155715321773777 0.004943985631926048 0
0.004756757443585745 0.003529452159489709 0
0.0003443306171065138 0.002913648462529489 0
0.005529606313331069 0.001244883281197035 0
0.01147063338131732 0.005754072472937789 0
0.003861330970426682 0.006599817361679094 0
0.001818378330150504 0.006769775472849803 0
0.004499600727836148 0.002710733468218097 0
0.01120319820624637 0.002393359615977628 0
0.007149921932843348 0.0002346104628460576 0
0.009843841116406963 0.006752006547666466 0
0.01454898444886464 0.0001594515625214805 0
0.01167087285198504 0.001763795542493421 0
0.008200734789606158 0.004782302870084888 0
0.0106215356920987 0.003605968748072207 0
0.005715051468764039 0.001240962426438248 0
0.0166562735298226 0.002145948594046272 0
0.0001569498704506577 0.001200538144764433 0
0.00360418529045492 0.005963178756421813 0
0.008894855416744852 0.002019226329747389 0
0.008807681057793322 0.002012957409916531 0
0.008791832022676711 0.001935969002271288 0
0.01421761508404975 0.004453026475002197 0
0.00105608462887011 0.00681485312605213 0
0.008840755503844094 0.002361650319281716 0
0.004030143733167896 0.003811399426856235 0
0.002488532461289955 0.003146626872301788 0
0.002768993496625929 0.005322181651627218 0
0.008059879831582488 0.001330416122599577 0
0.003639891672584515 0.006872988804810501 0
0.009113004908945456 0.005715904659124886 0
0.0007361754617137674 0.004823723900157078 0
0.004780721218464828 0.00231447866072442 0
0.0006095407485185427 0.0001041462323820258 0
0.01638591003112047 0.006898357520503124 0
0.007877351896906064 0.0009323352181373522 0
0.009799422885960229 0.003597208476618928 0
0.0005012486525829835 0.0002256157352042514 0
0.01407458964328479 0.0004819302040686962 0
0.01264016822900585 0.003333901863976044 0
0.006725786882316939 0.0002108620495812064 0
0.01682350435057878 0.002619431214109589 0
0.009752501130215026 0.006126460336579791 0
0.00129309332220397 0.00365612558228722 0
0.007862964721652802 0.004718988512581542 0
0.007924184992631613 0.002643147550680557 0
0.006438293203788605 0.004155981278147111 0
0.005619937408553695 0.001252256239781378 0
0.01137884804772272 0.005742892940948444 0
0.01003640194219245 0.002930814940235087 0
0.01008309198341607 0.003020036499877102 0
0.01144015877088684 0.002575309934098179 0
0.01377819673202078 0.003761254780529283 0
0.003443132754868775 0.002900097498605695 0
0.006368319192235732 0.003186624382298952 0
0.009305329800513776 0.002754745389343452 0
0.004437345969407936 0.005935420173358515 0
0.01059297944469292 0.002828024252285792 0
0.00595246390171668 0.003599574185237296 0
0.01310523296796064 0.0007261622968614619 0
0.01202041994604882 0.001442711696337056 0
0.01555192464294635 8.568037417374481e-05 0
0.01268801088607015 0.003865995731948571 0
0.002043731681521301 0.001608327228931681 0
0.002040105549093526 0.001535494505786016 0
0.001968130274938248 0.001507263319799919 0
0.01319370875586089 0.004080131907521955 0
0.001655704961551312 0.006836103218949551 0
0.01535265039649825 0.006013280147691349 0
0.007116738346140118 0.0008817021323444742 0
0.01326857606547804 7.237986055913699e-05 0
0.003712144714925902 0.006918464539227086 0
0.0168481733992905 0.003602521376242423 0
0.008479150940224294 0.005142465354828717 0
0.005169464392914713 0.005113243873204876 0
0.01018080675855898 0.003079943674125987 0
0.007106288811962297 0.0006257888489390991 0
0.005747473904416934 0.002266194567921932 0
0.006812252824969963 0.004062893410513078 0
0.01172658615077163 0.005092664297147639 0
0.001489687011474101 0.001525504058387895 0
0.005777221232869719 0.004509166839076413 0
0.003797476788278114 0.006829885462636642 0
0.002783560781224874 0.006842266916063492 0
0.01614173386408027 0.0004474251135294458 0
0.009495932568632416 0.003597692874735825 0
0.01181704719805153 0.005221405502172673 0
0.01684950960040232 0.006200320044931061 0
0.01504097075246318 0.005513185729849907 0
0.01504129294341155 0.005596918889707246 0
0.0009064866580438796 0.004132572010115859 0
0.008509843883025857 0.004801708074994365 0
0.008769730030703193 0.002298570667772974 0
0.001755268376932973 0.006602365420510013 0
0.008568937756897264 0.004321135818348474 0
0.00443980493578829 0.005276495363171586 0
0.01423764608855668 0.0001604863042516131 0
0.01683452302272308 0.002379157546494703 0
0.01057748066087331 0.006649189036817285 0
0.001740542180620793 0.001109500440149599 0
0.01440730922941334 0.004774520555402251 0
0.00113130587109913 0.006938624146757914 0
0.001459431366881385 0.006851486690154004 0
0.008487226664144516 0.004916886895407799 0
0.01654098912176911 0.0009945288272449281 0
0.009034827381668021 0.00334243069343389 0
0.00899209777772471 0.005396875448573163 0
0.0008957077314156806 0.006641312073907134 0
0.009554568757566207 0.005247412899548182 0
0.007461745445004102 0.004060449171670266 0
0.01658260965063214 0.002066461959592399 0
0.00138725002828244 0.0009879945714181292 0
0.01683236091035178 0.004552018876582532 0
0.005906214717408993 0.002173951907225908 0
0.002108697037760459 0.006338618074724712 0
0.0004434364382337828 0.003248563092682413 0
0.01159825882227381 0.002980061019532845 0
0.01692618867925932 7.440375902092013e-05 0
0.002585935936415267 0.002222291998806099 0
0.007699612061246563 0.003563850170647177 0
0.005094548481430678 0.005401183081464374 0
0.01647370004187973 0.005918210871662184 0
0.01685213988800075 0.005501730810126833 0
0.005438530459317093 0.005105393370079248 0
0.0001502181197010292 0.006799508920230775 0
0.00146064964714644 0.0008472381646711224 0
0.01299627626855263 0.0002565972828125376 0
0.0001487221914878573 0.006297479646167574 0
0.01073609159784681 0.002765613222501924 0
0.01684998354155617 0.0004002255663834503 0
0.01478653149512571 6.156138270468469e-05 0
7.119727179160165e-05 0.004145543312722079 0
0.0003895398672119268 0.002009194909692196 0
0.01693983627937322 0.001952020283627584 0
0.005203157428924812 0.005521224564213919 0
0.01179518253957289 0.001480829115652693 0
0.005269275560092659 0.005428788792124399 0
0.01172944774209787 0.001570497503802903 0
0.0004862747597180889 0.006117693908269856 0
0.01515107512382475 0.00572380898938385 0
0.001947144758880551 0.001391703349271952 0
0.006669354327833873 0.003988182365395682 0
0.00216304371688898 0.001651015810066926 0
0.001883885369541289 0.001539628345153354 0
0.003330316588376897 0.006111266506945552 0
0.01341432974110724 0.00406592763299304 0
0.01130700095316906 0.00248122726779746 0
0.005334948962746418 0.005342946525857023 0
0.01166315041779978 0.001654906073880059 0
0.0001679530640543575 0.005517583636903266 0
0.01569636601841537 6.986283200942616e-05 0
0.01293218327265493 0.0003241514745734391 0
0.0005375087406343983 0.00142074570116515 0
0.005892447005424946 0.001395928818346418 0
0.01236321925363455 0.0007704309838447534 0
0.004638593140964825 0.006226812693900087 0
0.00446790242088971 0.00485383543893271 0
0.0095097566702377 0.005003279404043815 0
7.321187255148603e-05 7.320115951243772e-05 0
0.01692678812744853 0.006926798840487585 0
0.008104088382699194 0.004983654667029755 0
0.0146582215328749 0.005104059421503021 0
0.002327862393989725 0.001898743029558499 0
0.00212236027201592 0.001613509298155968 0
0.002533114230706141 0.004845200665482611 0
0.0017338097117738 0.00180980366495161 0
0.01129647312394727 0.005737945286087103 0
0.01159736427718551 0.001756438747834199 0
0.002225743496101112 0.001737351768589562 0
0.01134438657256331 0.002091318769283176 0
0.005657626357760202 0.004913404342243206 0
0.009161356695206589 0.002448152235309367 0
0.003116577805972398 0.002775419914838081 0
0.01516827499847832 0.005782180636628397 0
0.01448145947916045 0.004874600255675939 0
0.01557547633413392 0.005405373774818481 0
0.008734432707927092 0.002062496156300764 0
0.0007478263060680251 0.006001117137385771 0
0.0001490603501018185 0.002401908210670356 0
0.004344584563075881 0.002695972905043319 0
0.01022657858416438 0.006665262736823796 0
0.0002303928454142328 0.003812403780498478 0
0.01243578047830843 0.001527246435162059 0
0.01502047563623978 0.004307221826284617 0
0.002964719811362081 0.003596116525865594 0
0.002229382082901655 0.001873300789440489 0
0.01459185198475983 0.004483116020522591 0
0.009924147442213656 0.006113406165363326 0
0.001498380626412113 0.006256494937754638 0
0.01522746615109137 0.00586508929018044 0
0.0001537699126886276 0.002506451859276753 0
0.003855159311168067 0.002896188300800943 0
0.01385596349092802 0.00014944871330142 0
0.01035505326629959 0.005899272453313382 0
7.393073653323701e-05 0.002027150092760464 0
0.009105734144939636 0.006056414652380947 0
0.01631827885721081 0.001220632193123014 0
0.01081456000851727 0.003440763036874923 0
0.0001443802333945584 0.006693535795553527 0
0.002242775834518096 0.001792782615635521 0
0.003148700796781491 0.003005674620715814 0
0.01235103626024997 0.001311839572820392 0
0.01326511011860297 0.003702432681051347 0
0.004943964546869632 0.00544773113643364 0
0.01263429888091107 0.003662711223751484 0
0.005865558801115706 0.004546222726526954 0
0.003939182690815442 0.002984938187984299 0
0.01167163904580392 0.00528151743779279 0
0.00447681653766211 0.006400302100077608 0
0.01602324209487713 0.002531589897296642 0
0.002044184273513348 0.006804690003256633 0
0.01132409085159226 0.005942442254625391 0
0.005672640666037319 0.001061144137788822 0
6.082629140032221e-05 0.002157096469890117 0
0.005526613793446947 0.001476688765278698 0
0.00943193291664207 0.00265262542291556 0
0.0003098421700646024 0.004059021225902485 0
7.120051203145759e-05 0.006928154137236846 0
0.01659315606222708 0.002933445171535548 0
0.004097680432206346 0.006365686119677626 0
0.0002343026029076115 0.005300414861886962 0
0.005249819601212324 0.00159250376756006 0
0.01175104216677136 0.005408206720893633 0
0.00531629640874995 0.00150608278753039 0
0.01168431339940495 0.005494298678064894 0
0.01241402542381056 0.001899546338580528 0
0.0002579932167568032 0.006022239479794362 0
0.01683567857675081 0.001239718174712433 0
0.0148690683235063 0.004035978557291427 0
0.01181496702849638 0.005326357404395647 0
0.005185467137498677 0.001674670979821933 0
0.007843430730081322 0.0007259982824749001 0
0.008449805752374036 0.001430135770644308 0
0.008549958275049138 0.005570330598485052 0
0.002913944551072383 0.002811679042958795 0
0.01586149453187768 0.005820033348901763 0
0.005119796621763761 0.001755082444980347 0
0.01187632885766278 0.005249177655037056 0
0.01675846921437633 0.004783542054739374 0
0.008618395500149973 0.005655339596958413 0
0.008381129812820954 0.001343992305577489 0
0.000633942144917252 0.003040666745185767 0
0.01104167957186063 0.002523568867891517 0
0.0125506192227426 0.004388812701167072 0
0.01140232399898484 0.001991285757983928 0
0.00559767600101516 0.005008714242016085 0
0.001549937667398874 0.0008607510076493663 0
0.01001463504367273 0.003077796584524937 0
0.005102699846442641 0.002167057838384351 0
0.006135297780506071 0.001569704807316086 0
0.01692777795737588 0.004826012376428294 0
0.0008782333901811304 0.003825895611707192 0
0.00409004338973733 0.002824394777652477 0
0.008318238962349591 0.001260861624046708 0
0.008683419931485529 0.005737046744030876 0
0.001797476359006431 0.001411638610902459 0
0.005369288398993268 0.001973777704657617 0
0.001100954377056031 0.001181469408502339 0
0.00447555323992033 0.005743394492069915 0
0.002857577466812385 0.006848323279974949 0
0.01423037699585591 0.004061434916858105 0
0.008173169005032472 0.00507404808119308 0
0.01636485679382244 0.005300146370906298 0
0.01595321543876395 0.006667701450251582 0
0.008736208152914843 0.001798624704731989 0
0.01359843853536723 0.0003537642580823288 0
0.00717116104888554 0.004028206841188248 0
0.008964129931746332 0.006065689377378348 0
0.0001658727745253528 0.0009742012962105587 0
0.01475670497831499 0.001583425830225115 0
0.003428778123046122 0.006846988331011029 0
0.003379855547406807 0.006760181667067286 0
0.009295094959768404 0.006280994583816564 0
0.008747579626267639 0.005818620985947057 0
0.008252394804264726 0.001181300263335355 0
0.001473724664557665 0.0007702723042931599 0
0.01553624660619807 0.006229944573316441 0
0.0001453920454035779 0.002296957569763846 0
0.00269391974241051 0.00261586008129205 0
0.01277477980310134 0.004244038907141635 0
0.0002958833406405958 0.002408350152746643 0
0.01685850471706057 0.004006875043680469 0
0.0001417683317329697 0.004094774786657406 0
0.01248509716726557 0.001788198653828588 0
0.008192648063745922 0.005121553434499763 0
0.009764171257913415 0.005289263424764533 0
0.006314382921198798 0.004118541466817179 0
0.008043494097209686 0.0009365498016990614 0
0.01476317673043908 0.005261044236928769 0
0.004013448542698128 0.002861508098939849 0
0.01667351351545319 0.002560208418135669 0
0.01377541102085099 0.003157276391286922 0
0.004407320687939181 0.003393276681317579 0
0.009249817974307489 0.002824249640446403 0
0.008186816716648145 0.001101456059869808 0
0.008813182475444093 0.005898520530695693 0
0.01670117342747199 0.006856595397094827 0
0.01639232649422794 0.005520810515183411 0
0.01196451721818573 0.004813637323371083 0
0.009810089399269055 0.006674727807773706 0
0.004071454264213212 0.002991643144315284 0
0.0008941057556235846 0.0005067831056799216 0
0.00871085647421945 0.001752752321551435 0
0.00549086563190161 0.002786228125627329 0
0.005603284944485443 0.001140170913731678 0
0.01139436805921923 0.005859805680513289 0
0.0004608588213160687 0.003363483625254989 0
0.006325869743575434 0.003594569846059972 0
0.008459890204537456 0.001707922853736207 0
0.01549341567381347 0.001941624796675192 0
0.01190833088567853 0.001607191700344429 0
0.009059086772854457 0.005816179704716928 0
0.01676415451057988 0.0007530077038611889 0
0.01658641118624325 0.006229172286215015 0
0.01555637381387878 0.00064857049325741 0
0.01207873096473604 0.001356741551465722 0
0.01397348842911652 0.004278156774658869 0
0.003623886062748436 0.002926477736986691 0
0.0007822974757204547 0.006857062052717845 0
0.004363429646106532 0.006006878210606631 0
0.01085842048618384 0.002797484075545785 0
0.000533932635831659 0.001203166808062522 0
0.007026957464829287 0.003466396181194543 0
0.01522898601101884 0.005755992077781604 0
0.01143717721260162 0.005418292499235635 0
0.008548627573434482 0.004140849244082319 0
0.01686017348373066 0.001709215293764387 0
0.01684198013790269 0.001783614788574329 0
0.01321275417818418 7.622074990815174e-05 0
0.006854301560768682 0.002157184808060634 0
0.01057040280628608 0.00308070664921582 0
0.0005368169405755782 0.003166510346006361 0
0.001269490790460853 0.0006697520112830175 0
0.01647436740295604 0.005646372012698993 0
0.01472134346323249 0.0004850272512483965 0
0.01329560151384754 0.0002826285110007236 0
0.00285284809059212 0.002584150717463032 0
0.003499218360396264 0.006127877305000515 0
0.01642646808232879 0.003606273003493816 0
0.01514478509242945 0.005646435206553254 0
0.01541989305730517 0.0061183233529418 0
0.004712637686178104 0.006146175084755551 0
0.01228558375401025 0.0008582077465542643 0
0.007680164097937813 0.00443628447713549 0
0.01302304094373555 0.001108043522162646 0
0.0117961815383941 0.001701755085761614 0
0.01194184705355378 0.004910416918974387 0
0.01057354141155303 0.006529101746942914 0
0.01597553681541933 0.0001602487097610845 0
0.006446159486059476 0.003012711515189863 0
0.007712576693464633 0.0007657180317231101 0
0.008840073451858657 0.001909560296678232 0
0.008804298076157291 0.001876761257825434 0
0.0003639982339760893 0.001312538010131551 0
0.01436941773563226 0.0003727954625655271 0
0.01585155295247734 0.003332293892682794 0
0.005996204833277482 0.004434193513740727 0
0.004690532552248133 0.004506271561755636 0
0.01494293612929247 0.005162251032981699 0
0.008660868407892462 0.005455477071320703 0
0.01497069702560374 0.005522108359310035 0
0.005083987489108416 0.004424861114788832 0
0.0003643630569260693 0.000640066117426888 0
0.01694094728081311 0.002550014348932015 0
0.005950189495693498 0.0008894572156985716 0
0.002162415968531789 0.001764306945729358 0
0.008658598495689602 0.002022428419316513 0
0.009965839176109867 0.0036398154721623 0
0.01694502109343154 0.002151940272394808 0
0.005306373036498041 0.004842344851302719 0
0.01378888033527334 0.001092095487251061 0
0.01693887137127024 0.003853913846234396 0
0.01292641465969216 0.004167483632115486 0
0.008172414317717007 0.002008094352673194 0
0.008115287883667447 0.003832033806216712 0
0.001594468350925859 0.002371211051204147 0
0.005761311070643189 0.002427087199072616 0
0.01120228647827299 0.00553066353493649 0
0.01200064066899937 0.0015989598320704 0
0.01475268662887358 0.0002968410959404018 0
0.01487004097995686 0.005290169181476185 0
0.01153185197204677 0.005050551907995891 0
0.01335812135662042 0.00162165103934708 0
7.508923394560982e-05 0.002681487232713781 0
0.002751843026059232 0.006597845112826359 0
0.002476175276904598 0.006638555593422153 0
0.0133224417332551 0.0001295255022739916 0
0.0003388828225767311 0.0002202137529434128 0
0.000153641087918429 0.003891008008778862 0
0.0002357796806903411 0.004897592245905239 0
0.006670970014185353 0.000299839776599494 0
0.001559006078060255 0.001848873852674039 0
0.002295356729875081 0.002105938511895148 0
0.008172697833377859 0.00244323118111912 0
0.005489039732587239 0.001834588091176952 0
0.004131475065406143 0.006636581300182782 0
0.01122384247407754 0.004628168693482383 0
0.002366495566164795 0.006862473660774947 0
0.004713970414146257 0.002368445057744267 0
0.01625977055822528 0.006874021209057323 0
0.001256046237542322 0.006275464316463194 0
0.000156637173791942 0.00321786064580344 0
0.004444513698068784 0.005081604957482535 0
0.0001528275635641948 0.005799591599229452 0
0.009387032536272415 0.006379205820433458 0
0.006231662415829167 0.001365817626274161 0
0.006944311606527205 0.004071835275266404 0
0.01135790935683088 0.004531874534688219 0
0.0009092589248139785 0.0029245491523502 0
0.01466105507161826 0.0003478806266646937 0
0.004035198765038899 0.005810419094398857 0
0.01256804043707576 0.003164131116108292 0
0.00938353382384843 0.005858595925636324 0
0.0005909957815329204 0.006858299820670741 0
0.01409422484357899 0.002833331873990506 0
0.01641050748476183 0.006757077515945426 0
0.01683831882809091 0.005665048478980987 0
0.01121007725493515 0.005929754980396335 0
0.01540959337942675 0.004788204966330537 0
0.01302374962372014 0.003924054489776977 0
0.01343660452377616 0.0009287552261626926 0
0.0160964239562445 0.0039054432245192 0
0.006020803868221818 0.002258992120292127 0
0.01531765773827199 0.0008362816911391441 0
0.008825859079453704 0.002864548326716575 0
0.006103006138522818 0.004350246077931987 0
0.00789491694140366 0.004359685995794569 0
0.01650483118382631 0.006670005317530584 0
0.002878074064306462 0.003875826834235628 0
0.002212414560308171 0.00694240791244441 0
0.001897639591244752 0.006764773930050334 0
0.01675210946278221 0.0002218331447634177 0
0.001668432798542651 0.002705794276468234 0
0.009427854557130414 0.006030294586253602 0
0.01473909275502005 0.005226043098487851 0
0.01563945253648144 0.00623949083831271 0
0.01685351156683426 0.00660238919819128 0
0.008916123627861523 0.00254622976750629 0
0.01423044801413948 0.004294826138737672 0
0.01628774589293185 0.004688915706201259 0
0.001298799399408586 0.001540725272351535 0
0.004931400399478923 0.005650302042841211 0
0.001114773016939332 0.0004065417411639586 0
0.0003370620234120787 0.004376286091539314 0
0.001146413345291608 0.0005330000865771982 0
0.0002549317454778911 0.004000628062754353 0
0.01409095852695137 0.003398412536936814 0
0.01526338601586527 0.0002859550012163006 0
0.0153696771913242 0.005884364006453018 0
0.00530267848936785 0.004018378671315413 0
0.005504047527287425 0.00167316480015058 0
0.01016248070599409 0.002996227510002206 0
0.0008259583236963101 0.002147196470811686 0
0.01446958392382343 0.0001584460491406555 0
0.01262676101990597 0.0008690026726403052 0
0.002880039223221183 0.006358948549700936 0
0.01386412450765546 0.004217558029073032 0
0.00666479978917197 0.0008008070717061911 0
0.004005727362592228 0.00294842679753804 0
0.0005749852989521218 0.001563755624528764 0
0.006302665059052089 0.004036753486501475 0
0.01600507859573828 0.00161332464840711 0
0.006846754281477342 0.003582864991529351 0
0.01178992099126147 0.00304348439728303 0
0.01204756280054727 0.002578302847189399 0
0.01586521798253082 0.006479942834150937 0
0.000250934158219791 0.00558447391141949 0
0.008206286802426924 0.001673797841140921 0
0.007817259371479804 0.001200797289325483 0
0.0146345338565948 0.004775304752337435 0
0.009009717497149333 0.002390593932082415 0
0.005832090440898385 0.001019639643083392 0
0.003687427124170753 0.003050090323195949 0
0.002180151772623173 0.002013229781571969 0
0.01437327245791978 0.004623192823920498 0
0.01210068189737635 0.004608646052737331 0
0.009277222941104907 0.005927175623454949 0
0.01652390612950608 0.0008621689361935857 0
0.009276021063150126 0.002404677443669206 0
0.004965932715022109 0.002385042927713425 0
0.007061585316960152 0.0004700050758948459 0
0.01032766357971861 0.006262773802641631 0
0.0034640782100551 0.006928539253473857 0
0.00852763951251995 0.005293175587528262 0
0.002568442167319095 0.002305049817773137 0
0.0052039125089221 0.005043002859840126 0
0.0001476287227800445 0.0004981941608115932 0
0.01657271761536937 0.004213044922572387 0
0.008020216257726072 0.00162789819256766 0
0.004411643967756521 0.005835057703464831 0
0.008200689408219714 0.004619991519389275 0
0.01138797341615838 0.003396202756775607 0
0.004271150283485118 0.002842116150442416 0
0.001287601340532686 0.006843216756699284 0
0.002850644338850327 0.003513812568829567 0
0.0008355859908363572 0.002418525580371268 0
0.0168399833170352 0.001559565283243284 0
0.005434085044938817 0.005187274570110667 0
0.006179754919783316 0.0008494668423486046 0
0.01676582554583531 0.004537427539655643 0
0.01618611134196656 0.006451184491701815 0
0.005288588085196025 0.005016746787046311 0
0.01483588533272977 0.005356567700632702 0
0.001910937087683642 0.001457345197303866 0
0.01663692829931887 0.003117197780741561 0
0.0166199020787111 0.0007861496235776031 0
0.01686634192930904 0.00300182997409093 0
0.010018553275386 0.003824223327977484 0
0.007286700809840833 0.003527066216700174 0
0.005853444559524025 0.004399092256781501 0
0.002026937645342008 0.001479140353657022 0
0.000157762992736895 0.0002290665284997574 0
0.00392981357433112 0.005959719634703185 0
0.002992884084656488 0.002584679671996241 0
0.002254907004143402 0.005045023100033387 0
0.01024547141977434 0.006738626066006975 0
0.001795802881092357 0.00684521585628883 0
0.01459497495579015 0.0002524335697822121 0
0.0001339861110809023 0.006593527967166599 0
0.01024033319388608 0.004060277617976251 0
0.009597580339902679 0.002750211033961648 0
0.01507603140949999 0.00564447489705112 0
0.00171221645355933 0.002187891609241821 0
0.01246868689141464 0.0008982987186793652 0
0.0001532482813717193 0.002725107233554157 0
0.010711941452426 0.005578209757036605 0
0.01360742357852901 0.0001593959082912709 0
0.01074827052059687 0.00602377939076436 0
0.004577725856598477 0.002745077394233337 0
0.01193542152423528 0.00263650647612235 0
0.01678975102237545 0.006859079466404491 0
0.01087740885545256 0.00482531190531928 0
0.009592375138244177 0.0029927542095099 0
0.002589396561141604 0.006012664420287264 0
0.007745469578352709 0.001113441474068617 0
0.004591773359134883 0.003316532450374865 0
0.007232606417104013 0.001965659631303192 0
0.008681635015571829 0.002353825677557213 0
0.005556060163326475 0.001749001679567353 0
0.000474432845621783 0.006654238865170378 0
0.01165473132519941 0.002266430570400543 0
0.0002995571237793138 0.006865294886711733 0
0.0167720361499447 0.00180098916598689 0
0.0006328783690028057 0.000188713313584716 0
0.006841091767225544 0.0001993836192522103 0
0.004390158147137908 0.006497510270756664 0
0.0151492219222817 0.0008777536608118356 0
0.01019260629852859 0.00293159855763583 0
0.002256820197878339 0.006812348006085026 0
0.0001489387593232652 0.004686376546008378 0
0.006749284532775257 0.003939836586099589 0
0.01636135892244436 0.006821501310094944 0
0.004571208171826597 0.006201719692144171 0
0.01571471769026491 0.0001341334215815043 0
0.01660389532373226 0.003726113359354373 0
0.00637098412511111 0.0004672081946592273 0
0.01216479035640536 0.0013554144078901 0
0.01686051154990725 0.004394843405558805 0
0.009874515373538055 0.003962372110379707 0
0.01611589189478983 0.000153090602420098 0
0.005035529009647297 0.001836916329393676 0
0.005560849630115299 0.004809251664673924 0
0.006617926454965123 0.003946299217637002 0
0.007030135115708148 0.003973029477041781 0
0.007916311755008135 0.001580358289399039 0
0.01517894513597003 5.790568775570701e-05 0
0.002516509478699042 0.002533972768749301 0
0.01467395758839531 0.005021257814691857 0
0.01646603627281294 0.001074083656166496 0
0.007542444281605694 0.00404409457878539 0
0.01018421671079598 0.006525033147173957 0
0.009870325202930198 0.006613940001391984 0
0.003002163622472096 0.006858337572952253 0
0.01264912427260823 0.001810390947550069 0
0.004453654489713537 0.006306771096564708 0
0.01605061048581781 0.0005970079022209153 0
0.0001568984882027048 0.005671848009646072 0
0.01197148074440488 0.005105297646420945 0
0.0150096698682824 0.005218468095179622 0
0.01556280165125782 0.00118546906835013 0
0.01571274678352241 0.002646941861101885 0
6.768514309092762e-05 0.004873811472027431 0
0.002420036132991178 0.00198666096442052 0
0.004131578373344252 0.005290054926256478 0
0.008733439222604044 0.002147058816893623 0
0.007464639691564486 0.0003838409209877577 0
0.005514119548386586 0.005128465422544533 0
0.01147683707864669 0.001868285821478713 0
$EndNodes
$Elements
407 9342 1 9342
1 1 1 4
1 1 407 
2 407 408 
3 408 409 
4 409 2 
1 2 1 1
5 2 3 
1 3 1 1
6 3 4 
1 4 1 1
7 4 5 
1 5 1 1
8 5 6 
1 6 1 1
9 6 7 
1 7 1 1
10 7 8 
1 8 1 1
11 8 9 
1 9 1 1
12 9 10 
1 10 1 1
13 10 11 
1 11 1 1
14 11 12 
1 12 1 1
15 12 13 
1 13 1 1
16 13 14 
1 14 1 1
17 14 15 
1 15 1 1
18 15 16 
1 16 1 1
19 16 17 
1 17 1 1
20 17 18 
1 18 1 1
21 18 19 
1 19 1 2
22 19 410 
23 410 20 
1 20 1 2
24 20 411 
25 411 21 
1 21 1 2
26 21 412 
27 412 22 
1 22 1 2
28 22 413 
29 413 23 
1 23 1 2
30 23 414 
31 414 24 
1 24 1 2
32 24 415 
33 415 25 
1 25 1 2
34 25 416 
35 416 26 
1 26 1 2
36 26 417 
37 417 27 
1 27 1 2
38 27 418 
39 418 28 
1 28 1 2
40 28 419 
41 419 29 
1 29 1 2
42 29 420 
43 420 30 
1 30 1 2
44 30 421 
45 421 31 
1 31 1 2
46 31 422 
47 422 32 
1 32 1 2
48 32 423 
49 423 33 
1 33 1 2
50 33 424 
51 424 34 
1 34 1 2
52 34 425 
53 425 35 
1 35 1 1
54 35 36 
1 36 1 1
55 36 37 
1 37 1 1
56 37 38 
1 38 1 1
57 38 39 
1 39 1 1
58 39 40 
1 40 1 1
59 40 41 
1 41 1 1
60 41 42 
1 42 1 1
61 42 43 
1 43 1 1
62 43 44 
1 44 1 1
63 44 45 
1 45 1 1
64 45 46 
1 46 1 1
65 46 47 
1 47 1 1
66 47 48 
1 48 1 1
67 48 49 
1 49 1 1
68 49 50 
1 50 1 1
69 50 51 
1 51 1 1
70 51 52 
1 52 1 1
71 52 53 
1 53 1 1
72 53 54 
1 54 1 1
73 54 55 
1 55 1 1
74 55 56 
1 56 1 1
75 56 57 
1 57 1 1
76 57 58 
1 58 1 1
77 58 59 
1 59 1 1
78 59 60 
1 60 1 1
79 60 61 
1 61 1 1
80 61 62 
1 62 1 1
81 62 63 
1 63 1 1
82 63 64 
1 64 1 1
83 64 65 
1 65 1 1
84 65 66 
1 66 1 1
85 66 67 
1 67 1 1
86 67 68 
1 68 1 1
87 68 69 
1 69 1 1
88 69 70 
1 70 1 1
89 70 71 
1 71 1 2
90 71 426 
91 426 72 
1 72 1 2
92 72 427 
93 427 73 
1 73 1 2
94 73 428 
95 428 74 
1 74 1 2
96 74 429 
97 429 75 
1 75 1 2
98 75 430 
99 430 76 
1 76 1 2
100 76 431 
101 431 77 
1 77 1 2
102 77 432 
103 432 78 
1 78 1 2
104 78 433 
105 433 79 
1 79 1 2
106 79 434 
107 434 80 
1 80 1 2
108 80 435 
109 435 81 
1 81 1 2
110 81 436 
111 436 82 
1 82 1 2
112 82 437 
113 437 83 
1 83 1 1
114 83 84 
1 84 1 1
115 84 85 
1 85 1 1
116 85 86 
1 86 1 1
117 86 87 
1 87 1 1
118 87 88 
1 88 1 1
119 88 89 
1 89 1 1
120 89 90 
1 90 1 1
121 90 91 
1 91 1 1
122 91 92 
1 92 1 1
123 92 93 
1 93 1 1
124 93 94 
1 94 1 1
125 94 95 
1 95 1 1
126 95 96 
1 96 1 1
127 96 97 
1 97 1 1
128 97 98 
1 98 1 1
129 98 99 
1 99 1 1
130 99 100 
1 100 1 1
131 100 101 
1 101 1 1
132 101 102 
1 102 1 1
133 102 103 
1 103 1 1
134 103 104 
1 104 1 1
135 104 105 
1 105 1 1
136 105 106 
1 106 1 1
137 106 107 
1 107 1 1
138 107 108 
1 108 1 1
139 108 109 
1 109 1 1
140 109 110 
1 110 1 1
141 110 111 
1 111 1 1
142 111 112 
1 112 1 1
143 112 113 
1 113 1 1
144 113 114 
1 114 1 1
145 114 115 
1 115 1 1
146 115 116 
1 116 1 1
147 116 117 
1 117 1 1
148 117 118 
1 118 1 1
149 118 119 
1 119 1 1
150 119 120 
1 120 1 1
151 120 121 
1 121 1 1
152 121 122 
1 122 1 2
153 122 438 
154 438 123 
1 123 1 2
155 123 439 
156 439 124 
1 124 1 2
157 124 440 
158 440 125 
1 125 1 2
159 125 441 
160 441 126 
1 126 1 2
161 126 442 
162 442 127 
1 127 1 2
163 127 443 
164 443 128 
1 128 1 2
165 128 444 
166 444 129 
1 129 1 2
167 129 445 
168 445 130 
1 130 1 2
169 130 446 
170 446 131 
1 131 1 2
171 131 447 
172 447 132 
1 132 1 2
173 132 448 
174 448 133 
1 133 1 2
175 133 449 
176 449 134 
1 134 1 1
177 134 135 
1 135 1 1
178 135 136 
1 136 1 1
179 136 137 
1 137 1 1
180 137 138 
1 138 1 1
181 138 139 
1 139 1 1
182 139 140 
1 140 1 1
183 140 141 
1 141 1 1
184 141 142 
1 142 1 1
185 142 143 
1 143 1 1
186 143 144 
1 144 1 1
187 144 145 
1 145 1 1
188 145 146 
1 146 1 1
189 146 147 
1 147 1 1
190 147 148 
1 148 1 1
191 148 149 
1 149 1 1
192 149 150 
1 150 1 1
193 150 151 
1 151 1 1
194 151 152 
1 152 1 1
195 152 153 
1 153 1 1
196 153 154 
1 154 1 1
197 154 155 
1 155 1 1
198 155 156 
1 156 1 1
199 156 157 
1 157 1 1
200 157 158 
1 158 1 1
201 158 159 
1 159 1 1
202 159 160 
1 160 1 1
203 160 161 
1 161 1 1
204 161 162 
1 162 1 1
205 162 163 
1 163 1 1
206 163 164 
1 164 1 1
207 164 165 
1 165 1 1
208 165 166 
1 166 1 1
209 166 167 
1 167 1 1
210 167 168 
1 168 1 1
211 168 169 
1 169 1 1
212 169 170 
1 170 1 2
213 170 450 
214 450 171 
1 171 1 2
215 171 451 
216 451 172 
1 172 1 2
217 172 452 
218 452 173 
1 173 1 2
219 173 453 
220 453 174 
1 174 1 2
221 174 454 
222 454 175 
1 175 1 2
223 175 455 
224 455 176 
1 176 1 2
225 176 456 
226 456 177 
1 177 1 2
227 177 457 
228 457 178 
1 178 1 2
229 178 458 
230 458 179 
1 179 1 2
231 179 459 
232 459 180 
1 180 1 2
233 180 460 
234 460 181 
1 181 1 2
235 181 461 
236 461 182 
1 182 1 2
237 182 462 
238 462 183 
1 183 1 2
239 183 463 
240 463 184 
1 184 1 2
241 184 464 
242 464 185 
1 185 1 2
243 185 465 
244 465 186 
1 186 1 1
245 186 187 
1 187 1 1
246 187 188 
1 188 1 1
247 188 189 
1 189 1 1
248 189 190 
1 190 1 1
249 190 191 
1 191 1 1
250 191 192 
1 192 1 1
251 192 193 
1 193 1 1
252 193 194 
1 194 1 1
253 194 195 
1 195 1 1
254 195 196 
1 196 1 1
255 196 197 
1 197 1 1
256 197 198 
1 198 1 1
257 198 199 
1 199 1 1
258 199 200 
1 200 1 1
259 200 201 
1 201 1 1
260 201 202 
1 202 1 37
261 202 466 
262 466 467 
263 467 468 
264 468 469 
265 469 470 
266 470 471 
267 471 472 
268 472 473 
269 473 474 
270 474 475 
271 475 476 
272 476 477 
273 477 478 
274 478 479 
275 479 480 
276 480 481 
277 481 482 
278 482 483 
279 483 484 
280 484 485 
281 485 486 
282 486 487 
283 487 488 
284 488 489 
285 489 490 
286 490 491 
287 491 492 
288 492 493 
289 493 494 
290 494 495 
291 495 496 
292 496 497 
293 497 498 
294 498 499 
295 499 500 
296 500 501 
297 501 203 
1 203 1 70
298 203 502 
299 502 503 
300 503 504 
301 504 505 
302 505 506 
303 506 507 
304 507 508 
305 508 509 
306 509 510 
307 510 511 
308 511 512 
309 512 513 
310 513 514 
311 514 515 
312 515 516 
313 516 517 
314 517 518 
315 518 519 
316 519 520 
317 520 521 
318 521 522 
319 522 523 
320 523 524 
321 524 525 
322 525 526 
323 526 527 
324 527 528 
325 528 529 
326 529 530 
327 530 531 
328 531 532 
329 532 533 
330 533 534 
331 534 535 
332 535 536 
333 536 537 
334 537 538 
335 538 539 
336 539 540 
337 540 541 
338 541 542 
339 542 543 
340 543 544 
341 544 545 
342 545 546 
343 546 547 
344 547 548 
345 548 549 
346 549 550 
347 550 551 
348 551 552 
349 552 553 
350 553 554 
351 554 555 
352 555 556 
353 556 557 
354 557 558 
355 558 559 
356 559 560 
357 560 561 
358 561 562 
359 562 563 
360 563 564 
361 564 565 
362 565 566 
363 566 567 
364 567 568 
365 568 569 
366 569 570 
367 570 204 
1 204 1 4
368 204 571 
369 571 572 
370 572 573 
371 573 205 
1 205 1 1
372 205 206 
1 206 1 1
373 206 207 
1 207 1 1
374 207 208 
1 208 1 1
375 208 209 
1 209 1 1
376 209 210 
1 210 1 1
377 210 211 
1 211 1 1
378 211 212 
1 212 1 1
379 212 213 
1 213 1 1
380 213 214 
1 214 1 1
381 214 215 
1 215 1 1
382 215 216 
1 216 1 1
383 216 217 
1 217 1 1
384 217 218 
1 218 1 1
385 218 219 
1 219 1 1
386 219 220 
1 220 1 1
387 220 221 
1 221 1 1
388 221 222 
1 222 1 2
389 222 574 
390 574 223 
1 223 1 2
391 223 575 
392 575 224 
1 224 1 2
393 224 576 
394 576 225 
1 225 1 2
395 225 577 
396 577 226 
1 226 1 2
397 226 578 
398 578 227 
1 227 1 2
399 227 579 
400 579 228 
1 228 1 2
401 228 580 
402 580 229 
1 229 1 2
403 229 581 
404 581 230 
1 230 1 2
405 230 582 
406 582 231 
1 231 1 2
407 231 583 
408 583 232 
1 232 1 2
409 232 584 
410 584 233 
1 233 1 2
411 233 585 
412 585 234 
1 234 1 2
413 234 586 
414 586 235 
1 235 1 2
415 235 587 
416 587 236 
1 236 1 2
417 236 588 
418 588 237 
1 237 1 2
419 237 589 
420 589 238 
1 238 1 1
421 238 239 
1 239 1 1
422 239 240 
1 240 1 1
423 240 241 
1 241 1 1
424 241 242 
1 242 1 1
425 242 243 
1 243 1 1
426 243 244 
1 244 1 1
427 244 245 
1 245 1 1
428 245 246 
1 246 1 1
429 246 247 
1 247 1 1
430 247 248 
1 248 1 1
431 248 249 
1 249 1 1
432 249 250 
1 250 1 1
433 250 251 
1 251 1 1
434 251 252 
1 252 1 1
435 252 253 
1 253 1 1
436 253 254 
1 254 1 1
437 254 255 
1 255 1 1
438 255 256 
1 256 1 1
439 256 257 
1 257 1 1
440 257 258 
1 258 1 1
441 258 259 
1 259 1 1
442 259 260 
1 260 1 1
443 260 261 
1 261 1 1
444 261 262 
1 262 1 1
445 262 263 
1 263 1 1
446 263 264 
1 264 1 1
447 264 265 
1 265 1 1
448 265 266 
1 266 1 1
449 266 267 
1 267 1 1
450 267 268 
1 268 1 1
451 268 269 
1 269 1 1
452 269 270 
1 270 1 1
453 270 271 
1 271 1 1
454 271 272 
1 272 1 1
455 272 273 
1 273 1 1
456 273 274 
1 274 1 2
457 274 590 
458 590 275 
1 275 1 2
459 275 591 
460 591 276 
1 276 1 2
461 276 592 
462 592 277 
1 277 1 2
463 277 593 
464 593 278 
1 278 1 2
465 278 594 
466 594 279 
1 279 1 2
467 279 595 
468 595 280 
1 280 1 2
469 280 596 
470 596 281 
1 281 1 2
471 281 597 
472 597 282 
1 282 1 2
473 282 598 
474 598 283 
1 283 1 2
475 283 599 
476 599 284 
1 284 1 2
477 284 600 
478 600 285 
1 285 1 2
479 285 601 
480 601 286 
1 286 1 1
481 286 287 
1 287 1 1
482 287 288 
1 288 1 1
483 288 289 
1 289 1 1
484 289 290 
1 290 1 1
485 290 291 
1 291 1 1
486 291 292 
1 292 1 1
487 292 293 
1 293 1 1
488 293 294 
1 294 1 1
489 294 295 
1 295 1 1
490 295 296 
1 296 1 1
491 296 297 
1 297 1 1
492 297 298 
1 298 1 1
493 298 299 
1 299 1 1
494 299 300 
1 300 1 1
495 300 301 
1 301 1 1
496 301 302 
1 302 1 1
497 302 303 
1 303 1 1
498 303 304 
1 304 1 1
499 304 305 
1 305 1 1
500 305 306 
1 306 1 1
501 306 307 
1 307 1 1
502 307 308 
1 308 1 1
503 308 309 
1 309 1 1
504 309 310 
1 310 1 1
505 310 311 
1 311 1 1
506 311 312 
1 312 1 1
507 312 313 
1 313 1 1
508 313 314 
1 314 1 1
509 314 315 
1 315 1 1
510 315 316 
1 316 1 1
511 316 317 
1 317 1 1
512 317 318 
1 318 1 1
513 318 319 
1 319 1 1
514 319 320 
1 320 1 1
515 320 321 
1 321 1 1
516 321 322 
1 322 1 1
517 322 323 
1 323 1 1
518 323 324 
1 324 1 1
519 324 325 
1 325 1 2
520 325 602 
521 602 326 
1 326 1 2
522 326 603 
523 603 327 
1 327 1 2
524 327 604 
525 604 328 
1 328 1 2
526 328 605 
527 605 329 
1 329 1 2
528 329 606 
529 606 330 
1 330 1 2
530 330 607 
531 607 331 
1 331 1 2
532 331 608 
533 608 332 
1 332 1 2
534 332 609 
535 609 333 
1 333 1 2
536 333 610 
537 610 334 
1 334 1 2
538 334 611 
539 611 335 
1 335 1 2
540 335 612 
541 612 336 
1 336 1 2
542 336 613 
543 613 337 
1 337 1 1
544 337 338 
1 338 1 1
545 338 339 
1 339 1 1
546 339 340 
1 340 1 1
547 340 341 
1 341 1 1
548 341 342 
1 342 1 1
549 342 343 
1 343 1 1
550 343 344 
1 344 1 1
551 344 345 
1 345 1 1
552 345 346 
1 346 1 1
553 346 347 
1 347 1 1
554 347 348 
1 348 1 1
555 348 349 
1 349 1 1
556 349 350 
1 350 1 1
557 350 351 
1 351 1 1
558 351 352 
1 352 1 1
559 352 353 
1 353 1 1
560 353 354 
1 354 1 1
561 354 355 
1 355 1 1
562 355 356 
1 356 1 1
563 356 357 
1 357 1 1
564 357 358 
1 358 1 1
565 358 359 
1 359 1 1
566 359 360 
1 360 1 1
567 360 361 
1 361 1 1
568 361 362 
1 362 1 1
569 362 363 
1 363 1 1
570 363 364 
1 364 1 1
571 364 365 
1 365 1 1
572 365 366 
1 366 1 1
573 366 367 
1 367 1 1
574 367 368 
1 368 1 1
575 368 369 
1 369 1 1
576 369 370 
1 370 1 1
577 370 371 
1 371 1 1
578 371 372 
1 372 1 1
579 372 373 
1 373 1 2
580 373 614 
581 614 374 
1 374 1 2
582 374 615 
583 615 375 
1 375 1 2
584 375 616 
585 616 376 
1 376 1 2
586 376 617 
587 617 377 
1 377 1 2
588 377 618 
589 618 378 
1 378 1 2
590 378 619 
591 619 379 
1 379 1 2
592 379 620 
593 620 380 
1 380 1 2
594 380 621 
595 621 381 
1 381 1 2
596 381 622 
597 622 382 
1 382 1 2
598 382 623 
599 623 383 
1 383 1 2
600 383 624 
601 624 384 
1 384 1 2
602 384 625 
603 625 385 
1 385 1 2
604 385 626 
605 626 386 
1 386 1 2
606 386 627 
607 627 387 
1 387 1 2
608 387 628 
609 628 388 
1 388 1 2
610 388 629 
611 629 389 
1 389 1 1
612 389 390 
1 390 1 1
613 390 391 
1 391 1 1
614 391 392 
1 392 1 1
615 392 393 
1 393 1 1
616 393 394 
1 394 1 1
617 394 395 
1 395 1 1
618 395 396 
1 396 1 1
619 396 397 
1 397 1 1
620 397 398 
1 398 1 1
621 398 399 
1 399 1 1
622 399 400 
1 400 1 1
623 400 401 
1 401 1 1
624 401 402 
1 402 1 1
625 402 403 
1 403 1 1
626 403 404 
1 404 1 1
627 404 405 
1 405 1 37
628 405 630 
629 630 631 
630 631 632 
631 632 633 
632 633 634 
633 634 635 
634 635 636 
635 636 637 
636 637 638 
637 638 639 
638 639 640 
639 640 641 
640 641 642 
641 642 643 
642 643 644 
643 644 645 
644 645 646 
645 646 647 
646 647 648 
647 648 649 
648 649 650 
649 650 651 
650 651 652 
651 652 653 
652 653 654 
653 654 655 
654 655 656 
655 656 657 
656 657 658 
657 658 659 
658 659 660 
659 660 661 
660 661 662 
661 662 663 
662 663 664 
663 664 665 
664 665 406 
1 406 1 70
665 406 666 
666 666 667 
667 667 668 
668 668 669 
669 669 670 
670 670 671 
671 671 672 
672 672 673 
673 673 674 
674 674 675 
675 675 676 
676 676 677 
677 677 678 
678 678 679 
679 679 680 
680 680 681 
681 681 682 
682 682 683 
683 683 684 
684 684 685 
685 685 686 
686 686 687 
687 687 688 
688 688 689 
689 689 690 
690 690 691 
691 691 692 
692 692 693 
693 693 694 
694 694 695 
695 695 696 
696 696 697 
697 697 698 
698 698 699 
699 699 700 
700 700 701 
701 701 702 
702 702 703 
703 703 704 
704 704 705 
705 705 706 
706 706 707 
707 707 708 
708 708 709 
709 709 710 
710 710 711 
711 711 712 
712 712 713 
713 713 714 
714 714 715 
715 715 716 
716 716 717 
717 717 718 
718 718 719 
719 719 720 
720 720 721 
721 721 722 
722 722 723 
723 723 724 
724 724 725 
725 725 726 
726 726 727 
727 727 728 
728 728 729 
729 729 730 
730 730 731 
731 731 732 
732 732 733 
733 733 734 
734 734 1 
2 1 2 8608
735 1995 3172 2810 
736 24 4184 414 
737 2958 3138 3121 
738 3648 4036 2307 
739 1126 3051 2510 
740 1513 4078 2582 
741 1116 3608 2627 
742 3259 4181 3544 
743 463 3892 183 
744 627 3893 386 
745 2469 4090 1817 
746 3178 4093 2654 
747 237 4081 588 
748 2318 3262 2573 
749 868 3476 2920 
750 3667 3880 3659 
751 334 4050 610 
752 2756 4099 1212 
753 2524 3198 2525 
754 2836 3330 976 
755 699 3762 698 
756 2007 3700 2010 
757 976 3868 2836 
758 1176 3663 3028 
759 1770 2986 2181 
760 2703 2834 2716 
761 22 3518 412 
762 2976 4361 2952 
763 683 3715 785 
764 1568 3687 3004 
765 2034 4266 2721 
766 500 3228 499 
767 81 4088 435 
768 284 4089 599 
769 2811 2812 2376 
770 1517 4078 1513 
771 2034 2721 1681 
772 2778 3614 923 
773 3363 4458 1912 
774 2402 3796 2401 
775 2230 3003 2358 
776 3530 4190 3009 
777 2434 2910 1930 
778 2139 3655 2386 
779 2544 2545 1978 
780 2878 4555 2375 
781 2732 4291 2084 
782 2548 4079 1822 
783 577 4153 225 
784 3439 4300 3139 
785 2961 4129 953 
786 2644 3016 2239 
787 2677 3673 930 
788 821 3222 2633 
789 800 3108 3091 
790 2843 4481 2394 
791 2210 3632 2929 
792 3255 4409 2474 
793 1307 3223 2735 
794 3448 3774 1662 
795 2808 3177 2166 
796 2166 3842 2808 
797 2952 4361 824 
798 3464 4144 1875 
799 2152 4043 3852 
800 583 3623 231 
801 3160 3967 2427 
802 2681 2683 2087 
803 2642 3854 849 
804 1570 2933 1558 
805 3512 3720 2317 
806 2866 2867 1599 
807 2523 4447 1442 
808 1714 3914 2887 
809 1900 4023 3598 
810 2607 3537 2254 
811 413 3518 22 
812 2200 2981 2980 
813 3237 3863 2931 
814 841 1731 308 
815 842 1732 105 
816 242 2988 241 
817 1307 2735 1139 
818 3121 3411 2958 
819 2566 2567 1191 
820 1212 4099 3429 
821 2040 2607 2254 
822 3813 4376 1571 
823 1820 2548 1822 
824 1644 2732 2084 
825 1817 4090 1958 
826 2318 3514 3262 
827 3131 3855 2865 
828 1931 2811 2376 
829 800 3204 700 
830 3537 3549 2437 
831 2677 4163 3673 
832 3091 3108 2170 
833 1217 2802 1322 
834 3217 3859 1089 
835 2121 4228 2626 
836 2674 4011 952 
837 2536 3914 1714 
838 3446 4223 3601 
839 3812 4236 3880 
840 2723 2724 2206 
841 338 2479 337 
842 135 2480 134 
843 941 3198 2551 
844 3170 3745 1327 
845 2070 3785 2743 
846 2588 2589 1828 
847 2512 2936 2213 
848 3030 3798 1356 
849 1520 3605 3305 
850 2595 2596 1542 
851 2528 4440 1075 
852 930 3658 2677 
853 3133 3142 2646 
854 306 3923 305 
855 2999 3145 891 
856 2601 3384 765 
857 2551 3197 941 
858 2714 3743 2813 
859 2856 4256 3260 
860 2460 4410 1127 
861 2529 3882 3395 
862 21 4331 411 
863 207 1773 894 
864 4 1772 893 
865 2741 4017 2090 
866 1268 3055 1226 
867 2649 2651 2650 
868 2616 3145 2999 
869 834 3317 2803 
870 2197 4323 2982 
871 2801 2802 1215 
872 849 3288 2642 
873 2260 3187 2016 
874 2922 3829 2643 
875 765 4182 2601 
876 1541 2813 2811 
877 2576 3303 876 
878 1285 3831 2533 
879 804 3659 2602 
880 2608 4128 1188 
881 704 3043 703 
882 2882 2994 1888 
883 4074 4581 3026 
884 946 3543 3057 
885 2751 4337 944 
886 2552 3299 799 
887 1365 2755 1220 
888 896 3777 2573 
889 1907 3025 1908 
890 2506 2507 1679 
891 2819 4120 2425 
892 3686 3720 3512 
893 1987 2496 2440 
894 3027 4074 3026 
895 2643 3520 2922 
896 2931 3863 2932 
897 3880 4236 2900 
898 3003 3502 2358 
899 3130 4181 3259 
900 2962 4129 2961 
901 2654 4093 3547 
902 1910 3025 1907 
903 2901 3590 822 
904 1995 3599 3172 
905 2920 3476 2335 
906 2859 4114 2545 
907 1494 4391 3036 
908 3038 3472 1296 
909 3305 3605 3373 
910 973 3227 2909 
911 819 3734 3003 
912 2569 4029 1182 
913 2524 4319 3198 
914 2834 3868 2716 
915 3216 3668 3215 
916 3477 3764 2987 
917 1202 3663 1176 
918 2179 4163 2677 
919 3317 3318 2804 
920 1417 2866 1599 
921 2672 2674 2102 
922 3187 4446 2016 
923 3318 3319 2804 
924 1869 4405 2515 
925 2573 3981 896 
926 2594 3001 2337 
927 2306 3648 2307 
928 1984 2584 2583 
929 2645 2646 1776 
930 1365 4260 2755 
931 1116 2627 1111 
932 3086 4163 2179 
933 2818 4087 3356 
934 2633 3924 821 
935 992 3875 3154 
936 2200 2980 2201 
937 895 3400 2823 
938 2427 4210 3501 
939 1161 4086 3316 
940 3501 4196 2427 
941 1648 2910 1878 
942 785 3715 3044 
943 3130 3546 3342 
944 944 3684 2751 
945 1187 2569 1182 
946 2877 4066 910 
947 1080 2960 1118 
948 3287 3454 2613 
949 3139 4300 3487 
950 390 2639 389 
951 187 2640 186 
952 3003 3734 3502 
953 3122 4476 1318 
954 952 3674 2674 
955 1290 3831 1285 
956 2197 2982 2200 
957 2651 3211 2650 
958 2544 2859 2545 
959 3010 3259 2542 
960 3129 3546 3130 
961 1912 3612 3363 
962 1244 3218 2652 
963 1414 3900 2445 
964 3073 3555 798 
965 3004 3687 1973 
966 2220 3823 2533 
967 805 3216 2891 
968 1296 2610 2609 
969 2788 2960 1242 
970 3225 4120 807 
971 2644 3808 1409 
972 2802 2987 1322 
973 2079 3412 2078 
974 876 3971 2576 
975 2445 3368 1414 
976 3074 3555 3073 
977 2852 3889 1279 
978 2929 3541 2210 
979 1606 3134 1604 
980 1147 3689 2896 
981 2163 2831 2725 
982 2312 4100 3080 
983 1869 2515 1870 
984 2896 3689 2897 
985 3779 4414 3381 
986 2609 3038 1296 
987 2157 2858 2438 
988 923 3207 2778 
989 2363 4055 3775 
990 1425 4406 3176 
991 3204 3762 699 
992 1082 2848 1841 
993 3414 4629 3969 
994 1942 2594 2337 
995 2656 2798 2666 
996 2374 4256 2856 
997 3209 3326 3325 
998 1440 2523 1442 
999 1600 2474 2473 
1000 3438 4264 797 
1001 2613 4197 3287 
1002 2188 3160 2427 
1003 829 3398 3124 
1004 1541 3521 2813 
1005 2829 4471 3948 
1006 1778 3497 3110 
1007 1826 4098 2651 
1008 1908 2890 2889 
1009 2602 4000 804 
1010 1124 2460 1127 
1011 3057 3543 3542 
1012 2533 3831 2220 
1013 2910 3600 1878 
1014 3124 3398 3125 
1015 944 4337 3593 
1016 2998 3514 2629 
1017 2835 3726 2836 
1018 2212 3590 2901 
1019 2508 2941 2506 
1020 2909 3973 889 
1021 954 3524 3346 
1022 2510 4190 3530 
1023 2823 3488 895 
1024 2121 2626 2625 
1025 1242 2960 1080 
1026 2833 3486 2832 
1027 799 4157 2552 
1028 2588 2775 2589 
1029 3235 3378 871 
1030 1067 3855 3131 
1031 2341 3614 2778 
1032 2359 3370 2249 
1033 2575 2577 2576 
1034 2151 3037 1743 
1035 3534 4264 2738 
1036 3042 3105 948 
1037 3173 4313 3117 
1038 1128 3051 1126 
1039 1308 2644 1409 
1040 2676 4647 1915 
1041 2302 3441 3314 
1042 2653 2654 2140 
1043 3283 3450 3148 
1044 2798 3805 2666 
1045 2844 3916 3002 
1046 3128 3894 3583 
1047 1101 2843 2394 
1048 2783 3313 2297 
1049 1279 3889 1334 
1050 2616 2617 1933 
1051 1226 3055 1107 
1052 13 3491 12 
1053 2375 3505 2878 
1054 1901 4098 1826 
1055 3096 3280 956 
1056 416 4057 25 
1057 2858 2902 2438 
1058 2612 4247 3934 
1059 1886 2672 2102 
1060 2284 2636 2407 
1061 1615 2681 2087 
1062 3162 3448 1662 
1063 1469 3035 2990 
1064 3127 3940 1882 
1065 2408 3703 3314 
1066 3948 4471 925 
1067 2887 2888 2708 
1068 2815 4340 2125 
1069 2032 3753 2855 
1070 1242 3007 2788 
1071 869 4629 3414 
1072 2769 3301 2772 
1073 703 3043 965 
1074 949 3142 3133 
1075 1847 4036 3648 
1076 3193 3917 3315 
1077 2457 4353 2176 
1078 2090 3403 2741 
1079 2760 3370 2359 
1080 2425 4120 4002 
1081 987 4054 3012 
1082 1882 3716 3127 
1083 1350 3071 1444 
1084 1428 2986 1770 
1085 1638 2749 1970 
1086 854 3491 3490 
1087 806 3139 2856 
1088 2860 3542 2563 
1089 241 2988 864 
1090 1405 4544 2977 
1091 3134 4466 1604 
1092 1930 2910 1653 
1093 1803 2723 2206 
1094 1186 2608 1188 
1095 3394 3785 2070 
1096 3154 3875 2360 
1097 1509 2770 1381 
1098 1812 2514 1503 
1099 2729 4627 2115 
1100 2717 2718 2073 
1101 1586 2588 1828 
1102 1189 2566 1191 
1103 2025 2945 2294 
1104 2432 2931 1977 
1105 2581 3828 2946 
1106 2767 2768 1945 
1107 2645 3133 2646 
1108 2575 2576 2574 
1109 3010 4439 1717 
1110 1763 4160 2723 
1111 2541 3544 3324 
1112 3181 4032 2035 
1113 2700 2834 2703 
1114 2997 3169 3153 
1115 3934 4247 905 
1116 2684 3431 2631 
1117 2006 3700 2007 
1118 2738 3684 3534 
1119 1819 2544 1978 
1120 2127 2815 2125 
1121 1571 4376 3195 
1122 2143 2856 2144 
1123 2753 4471 2829 
1124 2123 4228 2121 
1125 2768 3301 2769 
1126 2092 3014 2543 
1127 1558 2933 1556 
1128 2398 4366 3557 
1129 2098 2947 2602 
1130 1146 4414 3779 
1131 4208 4582 3411 
1132 3209 3851 3326 
1133 1168 4241 2740 
1134 3209 3325 981 
1135 496 3015 495 
1136 303 4600 3984 
1137 921 3916 2844 
1138 1991 4160 1763 
1139 2530 3882 2529 
1140 2850 3280 3096 
1141 1987 2440 1967 
1142 3012 4054 2675 
1143 3050 3753 2032 
1144 3148 3450 2970 
1145 2766 3586 934 
1146 1288 2726 1286 
1147 1176 3028 1174 
1148 1431 3580 2556 
1149 2675 3075 2420 
1150 1129 2559 1130 
1151 3411 4582 3858 
1152 1327 3745 3531 
1153 2720 4166 2077 
1154 1451 2620 1455 
1155 12 3491 854 
1156 1422 2780 1619 
1157 820 3012 2944 
1158 2893 2894 2320 
1159 2177 2963 2457 
1160 2418 2675 2420 
1161 4007 4052 3013 
1162 1261 3796 2402 
1163 1957 2591 2192 
1164 1225 2744 1271 
1165 1310 3029 1356 
1166 3561 3562 764 
1167 1855 2476 1715 
1168 2925 3656 778 
1169 3030 3031 2701 
1170 3105 3482 948 
1171 3052 3304 963 
1172 1518 2595 1542 
1173 912 4050 3550 
1174 3435 3474 3159 
1175 2960 4506 1118 
1176 2092 2543 2060 
1177 3313 4597 2297 
1178 2325 3608 1727 
1179 2254 3537 2437 
1180 2294 4652 2805 
1181 1494 3036 1491 
1182 2493 3192 2971 
1183 2709 3125 2711 
1184 1913 2745 2188 
1185 3412 4084 2078 
1186 3728 3747 3109 
1187 2087 2684 2631 
1188 2990 4060 3382 
1189 2966 4144 3464 
1190 2803 3763 834 
1191 3198 4319 2551 
1192 1812 4451 2514 
1193 2556 4206 1431 
1194 3076 4007 3013 
1195 1984 2583 1982 
1196 1961 2692 2224 
1197 1322 3764 3151 
1198 1660 2827 1657 
1199 2682 3310 2681 
1200 3388 3540 2757 
1201 2004 4028 2965 
1202 3628 3791 3189 
1203 1129 4459 2559 
1204 3275 4047 3856 
1205 1622 2506 1679 
1206 3298 3306 2764 
1207 3285 3920 3557 
1208 3798 4660 1356 
1209 1274 2892 1095 
1210 1405 2977 1300 
1211 2831 3119 2725 
1212 2294 2805 2024 
1213 3069 3474 3435 
1214 2809 3397 2592 
1215 3451 3452 2872 
1216 1730 3460 1728 
1217 2621 2961 2622 
1218 2867 2868 1599 
1219 3110 3497 2346 
1220 1850 4199 3527 
1221 1975 4268 3472 
1222 3095 3220 2869 
1223 2852 4043 2152 
1224 2094 2934 2110 
1225 2584 4152 3332 
1226 3531 3757 2610 
1227 2115 4627 2117 
1228 1288 4273 2726 
1229 2856 3139 2144 
1230 2510 3530 2511 
1231 1102 3540 3388 
1232 2734 4291 2732 
1233 1699 3010 1717 
1234 1168 2740 1170 
1235 1739 2830 2175 
1236 1612 2645 1776 
1237 1705 3401 1706 
1238 1471 4217 2845 
1239 1994 2809 2592 
1240 2749 4577 1970 
1241 2241 2978 2062 
1242 2637 3592 3471 
1243 2934 3057 2110 
1244 2176 4353 3022 
1245 3215 3668 989 
1246 1443 2830 1402 
1247 3234 3378 3235 
1248 1236 3122 1318 
1249 3362 3645 2779 
1250 3046 3047 883 
1251 3031 4399 2701 
1252 753 4582 4208 
1253 1855 4420 2476 
1254 2724 3507 2206 
1255 483 3312 482 
1256 1958 3373 2547 
1257 2224 3414 2727 
1258 2670 4466 3134 
1259 2333 2742 1956 
1260 2337 3894 3128 
1261 2945 3034 2294 
1262 1147 3351 1136 
1263 3011 3269 867 
1264 3180 3181 3132 
1265 2908 3142 787 
1266 840 4072 3052 
1267 3153 3168 2997 
1268 1322 3151 1219 
1269 2892 3127 1264 
1270 2744 3071 1271 
1271 934 3643 2766 
1272 2899 3101 2173 
1273 2269 3597 2692 
1274 3414 3969 2727 
1275 1274 3126 2892 
1276 2775 4107 2589 
1277 764 4151 3561 
1278 3105 3690 3482 
1279 2506 2941 2507 
1280 2655 2656 1845 
1281 2704 4399 3031 
1282 1170 2740 2739 
1283 1711 2685 1709 
1284 2542 4439 3010 
1285 1800 2493 1718 
1286 1963 2653 2140 
1287 2638 4120 3225 
1288 2929 3632 1468 
1289 700 3204 699 
1290 2244 4345 3996 
1291 2213 3839 2512 
1292 499 3228 973 
1293 2695 2887 2708 
1294 1373 2929 1468 
1295 1433 2782 1424 
1296 1679 2986 1441 
1297 1610 2499 1608 
1298 2056 2849 2295 
1299 2379 2853 1838 
1300 2474 4409 2473 
1301 879 3802 3258 
1302 1089 3859 1091 
1303 2683 3390 3206 
1304 3507 3656 2925 
1305 1474 2502 1435 
1306 2102 2998 2629 
1307 2121 2625 2119 
1308 2558 4206 2556 
1309 3597 4475 2692 
1310 2386 3655 1897 
1311 1070 2528 1075 
1312 3490 3718 854 
1313 3742 3907 2414 
1314 2004 2965 2002 
1315 2341 2778 2086 
1316 2071 2717 2073 
1317 889 3015 496 
1318 2636 3883 2407 
1319 3868 4146 2716 
1320 2888 3046 2708 
1321 2517 2820 2111 
1322 3226 4260 1365 
1323 870 4600 303 
1324 1823 2614 1938 
1325 3572 4023 1900 
1326 2770 4223 1381 
1327 2924 3950 909 
1328 2835 4532 3726 
1329 2845 2846 2352 
1330 2745 3160 2188 
1331 3192 4526 2971 
1332 1248 4664 3486 
1333 3259 3544 2542 
1334 950 4300 3439 
1335 3258 3802 2767 
1336 3091 3204 800 
1337 2894 4072 3281 
1338 1932 2616 1933 
1339 3699 3700 2006 
1340 3427 3556 2247 
1341 2837 2841 2839 
1342 1178 3164 1202 
1343 2591 3199 2192 
1344 2382 4196 3501 
1345 2449 2926 2452 
1346 2899 4211 3101 
1347 2344 3937 2826 
1348 2830 3354 2175 
1349 3287 4197 827 
1350 2107 2731 2150 
1351 1334 4116 3205 
1352 3472 4268 3173 
1353 1600 2473 1529 
1354 2755 3170 1327 
1355 3125 4433 2711 
1356 2837 2839 1673 
1357 2516 3913 2517 
1358 2162 2884 2858 
1359 873 3762 2776 
1360 2856 3260 806 
1361 2404 3299 2552 
1362 3486 4664 2832 
1363 2088 3157 2851 
1364 1540 2811 1931 
1365 2508 3866 2941 
1366 2595 2597 2596 
1367 1210 3173 3117 
1368 3310 3390 2683 
1369 3758 4100 1506 
1370 2867 2871 2868 
1371 3723 3741 2232 
1372 2693 2695 2694 
1373 3499 4158 2532 
1374 889 3711 2909 
1375 2818 2938 2565 
1376 500 3463 3228 
1377 2813 3743 2874 
1378 3051 4190 2510 
1379 3220 4192 2869 
1380 1180 3164 1178 
1381 2814 2815 2127 
1382 2938 3293 964 
1383 188 3348 888 
1384 819 3003 3002 
1385 3445 3515 845 
1386 2239 3808 2644 
1387 3167 4537 3190 
1388 2119 2625 2624 
1389 1908 2889 1905 
1390 2317 3721 3512 
1391 3371 3551 2504 
1392 1743 3037 1574 
1393 3703 4388 1231 
1394 1660 4285 2827 
1395 2423 3012 2675 
1396 3713 4110 1192 
1397 2511 2927 1125 
1398 2611 4270 2612 
1399 3697 3845 1334 
1400 3127 3716 2300 
1401 841 1854 1731 
1402 842 1917 1732 
1403 3397 3998 2592 
1404 3827 3902 2789 
1405 2682 3704 3310 
1406 2888 3047 3046 
1407 955 3268 3022 
1408 2017 2853 2572 
1409 3416 3888 3242 
1410 1953 2845 2352 
1411 2941 3876 3718 
1412 3144 4640 3193 
1413 3583 3872 3128 
1414 2847 4657 3335 
1415 3080 3081 2312 
1416 3275 3856 919 
1417 3029 3030 1356 
1418 3626 4241 1293 
1419 3659 3880 2353 
1420 3359 4179 2409 
1421 1232 3189 1234 
1422 1136 3351 1134 
1423 3220 3451 2872 
1424 2807 3311 796 
1425 3083 3461 2366 
1426 2693 2694 1702 
1427 2765 3515 3445 
1428 2463 3993 3355 
1429 2300 3820 3127 
1430 2409 4179 2460 
1431 835 4035 2981 
1432 2747 3622 2748 
1433 1681 2721 1680 
1434 787 3149 2908 
1435 2511 4170 2927 
1436 3005 3616 3183 
1437 3203 3401 1705 
1438 3164 4513 1202 
1439 3005 3149 945 
1440 2474 3447 3255 
1441 1888 3141 2882 
1442 2848 3751 1841 
1443 1559 1569 1558 
1444 3387 4061 2618 
1445 3394 3735 2906 
1446 2033 4313 3173 
1447 3314 3703 1238 
1448 2365 4055 2363 
1449 1693 1694 1692 
1450 1422 1619 1421 
1451 1296 3472 1213 
1452 2727 3991 2224 
1453 1211 2529 2528 
1454 1360 1451 1361 
1455 1512 1517 1513 
1456 1297 1376 1298 
1457 1194 4517 2883 
1458 1329 1379 1320 
1459 1557 1558 1556 
1460 2586 2587 2585 
1461 2131 3154 2360 
1462 863 3180 3132 
1463 1350 1402 1349 
1464 1815 2469 1817 
1465 3128 3872 2257 
1466 1695 1714 1694 
1467 3097 3185 2085 
1468 3189 4175 1234 
1469 1748 1830 1749 
1470 991 3876 2941 
1471 2499 2500 1918 
1472 1993 2648 2645 
1473 2020 2433 1930 
1474 2502 2503 1799 
1475 2538 2540 2537 
1476 1373 1438 1357 
1477 2351 3304 3052 
1478 1376 1477 1377 
1479 2333 3961 2742 
1480 2032 4396 3050 
1481 2524 2525 1981 
1482 1271 3071 1350 
1483 1742 2107 1743 
1484 1948 2840 1947 
1485 1585 2560 1583 
1486 1347 1421 1335 
1487 3011 3675 3269 
1488 2440 2939 2096 
1489 2115 2117 2114 
1490 1539 2600 2595 
1491 2685 2686 1735 
1492 910 3770 2877 
1493 1846 1847 1844 
1494 2175 2594 1942 
1495 3527 4199 3035 
1496 1843 1844 1842 
1497 1773 1898 894 
1498 1772 1839 893 
1499 1263 1320 1262 
1500 1271 1349 1266 
1501 1782 2527 1784 
1502 2193 3258 2767 
1503 1256 1360 1257 
1504 1800 4288 2493 
1505 2145 2456 2146 
1506 1691 1692 1690 
1507 1522 2621 2620 
1508 1910 3100 3025 
1509 2289 3017 2847 
1510 1770 2180 1913 
1511 2148 3191 2225 
1512 3152 3153 836 
1513 3076 4041 2917 
1514 3346 3524 2879 
1515 3048 4464 4001 
1516 2398 3557 2209 
1517 3213 4652 2294 
1518 2090 3838 3403 
1519 1988 2562 2561 
1520 3137 3427 2247 
1521 1209 2801 1215 
1522 1986 2590 2588 
1523 2672 4011 2674 
1524 2708 2712 2707 
1525 1878 2733 2732 
1526 2180 2745 1913 
1527 1841 1842 1678 
1528 2416 2418 2417 
1529 1965 2246 1964 
1530 2054 2628 2052 
1531 1890 2470 2469 
1532 2577 3303 2576 
1533 1665 2524 1663 
1534 1412 2509 1437 
1535 2854 4280 808 
1536 1318 3118 2428 
1537 3144 3221 892 
1538 1844 2655 1845 
1539 2623 4270 2611 
1540 1502 2578 1457 
1541 2794 2796 1449 
1542 1024 3085 3014 
1543 1958 2547 2544 
1544 3806 4237 2444 
1545 2789 3902 3087 
1546 2017 2508 2506 
1547 1947 2838 2837 
1548 3812 3880 990 
1549 3332 3343 2584 
1550 3116 3259 3010 
1551 1470 1953 1472 
1552 2877 3371 2504 
1553 2721 2722 2106 
1554 1503 2514 1876 
1555 1770 1913 1467 
1556 966 4070 2979 
1557 2907 4114 3947 
1558 1153 3703 1231 
1559 2844 3002 2229 
1560 2579 2580 2578 
1561 1403 2513 1371 
1562 2627 3608 2325 
1563 2620 4511 1455 
1564 1293 3781 3626 
1565 1954 2893 2320 
1566 793 3364 3063 
1567 2505 3113 2503 
1568 1961 2224 1533 
1569 2180 3320 2745 
1570 1934 2136 1932 
1571 2251 3627 3205 
1572 2877 3770 3371 
1573 2560 4504 1583 
1574 2901 3669 3145 
1575 1990 2495 2494 
1576 2800 3648 3553 
1577 2597 2598 2596 
1578 1473 1961 1533 
1579 2616 2999 2617 
1580 3024 3200 2890 
1581 1451 1455 1361 
1582 3570 4426 3619 
1583 1362 2866 1417 
1584 1737 2131 1936 
1585 2177 2457 2176 
1586 1550 2145 1551 
1587 2097 3460 1730 
1588 2386 3983 2139 
1589 2418 2420 2417 
1590 3127 3820 1264 
1591 1360 1361 1257 
1592 2944 3013 820 
1593 1919 2398 2209 
1594 1373 1468 1438 
1595 2476 2477 1966 
1596 2986 3565 2181 
1597 1988 2860 2563 
1598 2621 2622 2620 
1599 3731 4472 2604 
1600 1446 4115 3462 
1601 2527 4351 1784 
1602 2994 4071 1888 
1603 1428 1770 1467 
1604 2113 2115 2114 
1605 1228 1315 1229 
1606 1314 1690 1120 
1607 1953 2351 1954 
1608 2872 4192 3220 
1609 3653 3768 1550 
1610 2737 4264 3438 
1611 2247 3496 3137 
1612 851 1007 458 
1613 852 1005 622 
1614 3210 4085 2479 
1615 2153 2591 1957 
1616 1847 2662 2655 
1617 3399 4123 1704 
1618 2099 2614 1823 
1619 1215 2802 1217 
1620 1706 3401 1771 
1621 1410 2869 2866 
1622 2890 3073 2889 
1623 2455 3592 2637 
1624 1474 4333 2502 
1625 1879 2489 2488 
1626 1315 1316 1229 
1627 2695 2707 2696 
1628 2100 2996 2995 
1629 1245 2409 1123 
1630 1499 1932 1498 
1631 2731 4541 2150 
1632 2909 3227 2298 
1633 2987 3764 1322 
1634 2841 3132 2839 
1635 2146 2844 2229 
1636 1711 4350 2685 
1637 2703 2715 2705 
1638 2926 3248 2452 
1639 1680 2106 1688 
1640 2119 2624 2118 
1641 2131 2360 1936 
1642 2692 3414 2224 
1643 2111 2393 1869 
1644 3080 4100 3758 
1645 2780 4623 1619 
1646 3009 3725 3530 
1647 2549 2550 2019 
1648 3118 4607 2428 
1649 1610 4383 2499 
1650 2652 3217 1244 
1651 2895 3954 3272 
1652 2655 2798 2656 
1653 417 4225 801 
1654 1433 4341 2782 
1655 1552 3653 1550 
1656 1473 1533 1420 
1657 2686 3851 3209 
1658 1495 1680 1494 
1659 2296 3105 3042 
1660 2105 2823 2104 
1661 1958 2544 1819 
1662 2325 4030 2627 
1663 2136 3145 2616 
1664 623 1009 852 
1665 459 1011 851 
1666 1993 2645 1612 
1667 2790 4034 2791 
1668 3040 4187 978 
1669 1557 1559 1558 
1670 2225 4085 3210 
1671 1471 2845 1470 
1672 1748 1749 1747 
1673 2614 4584 1938 
1674 1376 1377 1298 
1675 3625 4241 3626 
1676 1161 3316 1159 
1677 2432 3237 2931 
1678 2762 4357 885 
1679 1656 2020 1930 
1680 1942 2337 1943 
1681 2750 2751 2749 
1682 1694 2693 1702 
1683 2937 4525 1259 
1684 2502 2505 2503 
1685 1477 1531 1377 
1686 2113 2114 1517 
1687 1512 1513 1483 
1688 2545 4114 2907 
1689 2579 2581 2580 
1690 1402 1739 1404 
1691 2662 2799 2798 
1692 2403 2404 2058 
1693 2835 2836 2834 
1694 1410 2866 1362 
1695 1295 1373 1357 
1696 1727 3608 2368 
1697 1739 1942 1740 
1698 1539 2595 1518 
1699 717 3196 716 
1700 1276 3628 3189 
1701 4032 4363 2035 
1702 1222 1227 1122 
1703 1515 1539 1518 
1704 2632 4458 3363 
1705 1570 3630 2933 
1706 1266 2793 1267 
1707 2379 3574 2853 
1708 1690 2833 2832 
1709 1227 1512 1483 
1710 1316 1748 1747 
1711 1502 2579 2578 
1712 1455 1993 1612 
1713 1919 2209 1834 
1714 1379 1461 1380 
1715 1944 2767 1945 
1716 1406 1470 1405 
1717 1796 2153 1957 
1718 1490 1491 1489 
1719 3335 4344 2847 
1720 1390 1473 1420 
1721 1256 1257 1129 
1722 1656 1930 1653 
1723 1154 4143 2743 
1724 833 3597 3315 
1725 2987 3493 2198 
1726 2292 3634 2288 
1727 1809 2111 1869 
1728 1531 2099 1823 
1729 1347 1422 1421 
1730 1555 1557 1556 
1731 1424 2780 1422 
1732 2107 2150 1743 
1733 1118 1297 1208 
1734 1994 2252 1812 
1735 1970 2737 2736 
1736 1503 1876 1426 
1737 2296 2653 1963 
1738 1900 4087 2818 
1739 2086 2464 2014 
1740 1915 2241 2062 
1741 3040 4578 2221 
1742 2493 2971 2190 
1743 2206 2925 2089 
1744 1412 1437 1398 
1745 1541 2811 1540 
1746 1990 2818 2565 
1747 3231 4521 3274 
1748 2068 2332 2071 
1749 1927 2403 2058 
1750 1522 2620 1451 
1751 1345 1411 1367 
1752 1759 2561 1761 
1753 2736 4613 1633 
1754 1751 2094 1753 
1755 2137 3005 2527 
1756 1555 1556 1115 
1757 1297 1298 1208 
1758 1488 1489 1258 
1759 1211 2528 1070 
1760 1873 2296 1963 
1761 1396 1498 1395 
1762 2024 2571 1744 
1763 1424 2782 2780 
1764 2143 2144 1830 
1765 2332 2717 2071 
1766 3324 3544 881 
1767 2733 2734 2732 
1768 1986 2588 1586 
1769 1529 1997 1443 
1770 1248 3031 3029 
1771 1608 1918 1606 
1772 1311 1403 1371 
1773 2002 2336 1800 
1774 1738 2468 1737 
1775 2286 2636 2284 
1776 739 1011 460 
1777 740 1009 624 
1778 1435 1799 1433 
1779 1715 2476 1966 
1780 1718 2190 1500 
1781 2416 2417 1411 
1782 2297 4103 2783 
1783 1608 2499 1918 
1784 2628 2789 2103 
1785 1569 1585 1583 
1786 1233 1276 1232 
1787 2099 3039 2614 
1788 1295 1357 1288 
1789 2148 2225 1901 
1790 796 3726 2807 
1791 1744 1857 1630 
1792 1718 2493 2190 
1793 2081 3942 3640 
1794 1860 4217 1471 
1795 2434 3600 2910 
1796 1880 2208 1610 
1797 1803 2206 2089 
1798 1225 1266 1226 
1799 1260 2937 1259 
1800 1591 2104 1474 
1801 1407 1689 1445 
1802 2871 2873 2868 
1803 1435 2502 1799 
1804 1006 2954 1005 
1805 1008 2955 1007 
1806 1715 1966 1711 
1807 1230 1232 1201 
1808 1886 2102 1884 
1809 1068 1211 1070 
1810 1619 2060 1620 
1811 1329 1418 1379 
1812 2268 2680 2266 
1813 1414 3368 2795 
1814 2284 2407 2282 
1815 2869 3157 3095 
1816 1586 1828 1581 
1817 1615 2087 1595 
1818 1632 2681 1615 
1819 2094 2110 1753 
1820 1904 2672 1886 
1821 2374 2856 2143 
1822 1443 4462 2830 
1823 1453 2942 1393 
1824 3017 4657 2847 
1825 1699 1717 1697 
1826 3551 4341 2504 
1827 1780 2137 1782 
1828 1083 2848 1082 
1829 2423 2675 2418 
1830 1948 4477 2840 
1831 847 3717 2874 
1832 1627 1984 1982 
1833 1193 2566 1189 
1834 2060 2311 2061 
1835 1400 1550 1401 
1836 1206 1262 1207 
1837 1693 1695 1694 
1838 1263 1329 1320 
1839 1663 1981 1660 
1840 2490 2816 2489 
1841 2476 2753 2477 
1842 2764 3306 2679 
1843 1231 3020 1151 
1844 1709 2685 1735 
1845 1235 4086 1161 
1846 1880 2318 2208 
1847 2520 2521 2034 
1848 1390 1420 1351 
1849 1591 2105 2104 
1850 1415 1502 1457 
1851 2254 2331 2039 
1852 2686 2688 2687 
1853 1152 1275 1154 
1854 1306 1359 1358 
1855 1817 1958 1819 
1856 1350 1443 1402 
1857 947 4510 3364 
1858 3285 3557 818 
1859 3004 4376 1568 
1860 1529 2473 1997 
1861 1249 4320 2808 
1862 1851 3176 2442 
1863 3281 3954 2894 
1864 2656 2666 2658 
1865 1967 2440 2096 
1866 2571 4554 1744 
1867 2424 4041 3076 
1868 3355 3356 2463 
1869 2724 4062 3507 
1870 2874 3743 847 
1871 1709 1735 1707 
1872 2106 3091 2170 
1873 1638 1970 1636 
1874 2377 2378 1838 
1875 1851 2176 1833 
1876 1271 1350 1349 
1877 3129 3874 767 
1878 1395 1400 1330 
1879 1729 1987 1967 
1880 3598 4087 1900 
1881 1757 1988 1759 
1882 2008 4454 3120 
1883 1742 1743 1574 
1884 2654 3365 3178 
1885 1478 1834 1477 
1886 2244 2730 2107 
1887 1563 1580 1561 
1888 2269 2692 1961 
1889 2086 2778 2464 
1890 2117 2518 2326 
1891 2923 3950 2924 
1892 3113 4066 2877 
1893 1492 1494 1491 
1894 2134 3088 2132 
1895 2233 4533 2831 
1896 3443 4080 2571 
1897 2381 4196 2382 
1898 1324 1347 1335 
1899 2024 2805 2571 
1900 1324 1335 1325 
1901 2098 2602 2242 
1902 1619 2092 2060 
1903 1848 2132 1849 
1904 1994 2592 2252 
1905 1691 1693 1692 
1906 2931 2932 1624 
1907 1793 3755 1791 
1908 1848 2134 2132 
1909 1286 2726 1289 
1910 2221 4578 3092 
1911 1865 2494 1863 
1912 1210 3094 1076 
1913 2660 2667 2664 
1914 1236 1318 1203 
1915 1717 2537 2535 
1916 1896 1964 1894 
1917 2060 2543 2311 
1918 1669 2549 1667 
1919 1857 2467 2466 
1920 2254 2437 2331 
1921 2173 2253 1855 
1922 2048 2057 2046 
1923 2882 3141 2566 
1924 1642 2750 1640 
1925 1984 2586 2585 
1926 1904 2673 2672 
1927 2042 2607 2040 
1928 1632 2682 2681 
1929 2849 3595 2295 
1930 1121 1222 1122 
1931 853 3243 3241 
1932 2204 2979 2446 
1933 1415 1457 1416 
1934 1082 1678 1073 
1935 1536 2098 1721 
1936 1214 1296 1213 
1937 2393 4405 1869 
1938 1962 2269 1961 
1939 3723 3742 2414 
1940 1640 2749 1638 
1941 3231 3274 1775 
1942 2990 3382 1469 
1943 2836 3868 2834 
1944 1075 1242 1080 
1945 2942 2943 1524 
1946 3141 3843 2566 
1947 1193 2882 2566 
1948 1575 1742 1574 
1949 3649 4045 882 
1950 2174 2899 2173 
1951 911 3998 3397 
1952 808 4352 2854 
1953 2650 2961 2621 
1954 2288 3017 2289 
1955 1314 1691 1690 
1956 1358 1415 1374 
1957 1428 1467 1369 
1958 174 4252 754 
1959 2111 2820 2393 
1960 2229 3003 2230 
1961 1967 2096 2095 
1962 2470 2472 2469 
1963 3106 4138 3671 
1964 2002 2965 2336 
1965 2262 3026 2261 
1966 1073 2880 1051 
1967 2265 3026 2262 
1968 1667 2019 1665 
1969 2137 2527 1782 
1970 2545 2546 1978 
1971 461 1033 739 
1972 625 1479 740 
1973 2219 2849 2056 
1974 2215 2288 2216 
1975 2239 3016 2240 
1976 1861 2995 1860 
1977 2693 2887 2695 
1978 1982 2583 2221 
1979 2215 2292 2288 
1980 2773 3498 1389 
1981 883 3312 3046 
1982 1754 2860 1757 
1983 1717 2538 2537 
1984 2145 2146 1551 
1985 1240 4382 2911 
1986 1142 3778 1140 
1987 1784 2185 1786 
1988 1389 4060 2773 
1989 2804 3387 2618 
1990 2261 2729 2115 
1991 1425 3176 1305 
1992 2097 3459 2940 
1993 1206 1263 1262 
1994 1306 1358 1331 
1995 2600 2601 2597 
1996 1636 2736 1633 
1997 1723 1890 1815 
1998 2538 2541 2540 
1999 2669 3447 2474 
2000 3208 4533 2233 
2001 1251 1255 1253 
2002 1569 1583 1570 
2003 1117 2993 2992 
2004 1438 1627 1460 
2005 1402 2830 1739 
2006 1665 4319 2524 
2007 3883 4556 3345 
2008 3577 4303 1546 
2009 1154 2743 1156 
2010 1792 2676 1915 
2011 3031 3486 2704 
2012 2583 3040 2221 
2013 2030 2945 2027 
2014 1113 1245 1123 
2015 2700 2703 2702 
2016 885 3836 2762 
2017 2455 2637 2519 
2018 2808 3842 1365 
2019 1232 1234 1201 
2020 1729 1967 1730 
2021 2410 2411 2094 
2022 1663 2524 1981 
2023 1786 2615 1788 
2024 2419 2423 2418 
2025 1321 1395 1330 
2026 1561 2441 1559 
2027 2590 2775 2588 
2028 1856 2173 1855 
2029 2865 3391 3131 
2030 2118 2623 2611 
2031 1225 1271 1266 
2032 2020 2766 2433 
2033 1210 3117 3094 
2034 3090 4038 3796 
2035 2658 2668 2660 
2036 2689 3874 3129 
2037 1178 1202 1176 
2038 2698 2834 2700 
2039 1127 1256 1129 
2040 2376 2909 2298 
2041 1012 2972 1011 
2042 1010 2973 1009 
2043 3115 3531 2610 
2044 1987 2498 2497 
2045 1714 2887 2693 
2046 1449 2797 2632 
2047 2129 2814 2127 
2048 1595 2631 1592 
2049 1139 2735 1141 
2050 2683 2684 2087 
2051 1739 2175 1942 
2052 2282 2605 2279 
2053 1685 4301 2520 
2054 3250 3251 1235 
2055 1675 2837 1673 
2056 704 3402 3043 
2057 2411 2934 2094 
2058 1253 1306 1254 
2059 1884 2629 1881 
2060 1135 2912 1137 
2061 2743 4143 2070 
2062 1156 1317 1158 
2063 1388 2794 1449 
2064 1133 2346 1135 
2065 1952 2611 1950 
2066 2057 3045 2522 
2067 2238 4520 2976 
2068 1843 1846 1844 
2069 945 3616 3005 
2070 1763 2723 1765 
2071 2334 2335 2333 
2072 3124 3125 2709 
2073 1970 2738 2737 
2074 2468 2728 2131 
2075 1239 1324 1323 
2076 4211 4236 878 
2077 1646 2732 1644 
2078 1841 1843 1842 
2079 2093 3755 1793 
2080 1245 2940 2409 
2081 3090 3796 1261 
2082 1309 1319 1246 
2083 2212 2901 2136 
2084 1375 4382 1240 
2085 1103 2744 1105 
2086 2106 2170 1688 
2087 2838 2841 2837 
2088 2594 3353 3249 
2089 2040 2254 2039 
2090 2981 4035 2980 
2091 1141 2735 1243 
2092 1464 2488 1723 
2093 1766 4121 2950 
2094 2772 4311 2771 
2095 1066 2857 1068 
2096 1115 2430 1085 
2097 2044 2109 2042 
2098 1965 2491 2246 
2099 2740 3008 2739 
2100 954 4256 3524 
2101 1500 2779 1418 
2102 1765 2723 1803 
2103 1790 2676 1792 
2104 1878 2732 1646 
2105 3584 3847 3321 
2106 2302 3744 3441 
2107 1982 2221 1983 
2108 2065 2671 2068 
2109 2165 2831 2163 
2110 1457 1848 1458 
2111 1391 3728 3109 
2112 1737 1936 1453 
2113 1870 2515 1873 
2114 2142 2143 1830 
2115 1120 2832 1121 
2116 2776 3926 873 
2117 2813 3521 2714 
2118 1697 2535 1695 
2119 1705 3727 3203 
2120 1749 2410 1751 
2121 189 3348 188 
2122 3102 3666 937 
2123 2456 2844 2146 
2124 2603 3044 2057 
2125 4002 4120 2638 
2126 2649 2650 2621 
2127 3564 3880 2900 
2128 1170 2739 1172 
2129 1491 1493 1489 
2130 1056 3392 1117 
2131 4001 4464 2539 
2132 1685 2520 1683 
2133 2176 2178 1833 
2134 1394 4398 3236 
2135 1281 2852 1279 
2136 1452 1522 1451 
2137 1218 2755 1327 
2138 2162 2858 2159 
2139 2696 2835 2698 
2140 1671 2035 1669 
2141 833 4008 3597 
2142 2512 4229 2936 
2143 2351 2893 1954 
2144 2159 2858 2157 
2145 1623 2017 1622 
2146 2783 4103 1251 
2147 2606 3924 2605 
2148 1137 1307 1139 
2149 2157 2438 2156 
2150 1400 1552 1550 
2151 2562 2564 2561 
2152 1251 4103 1255 
2153 2513 4497 1371 
2154 1247 1309 1246 
2155 1946 2193 1944 
2156 3391 3814 3195 
2157 1445 4115 1446 
2158 2455 2519 1976 
2159 1462 1879 1464 
2160 2192 3200 3024 
2161 1859 1860 1471 
2162 3995 4049 1292 
2163 1867 1990 1865 
2164 482 3312 883 
2165 1583 4504 1796 
2166 2219 2850 2849 
2167 2961 3647 2622 
2168 2678 2680 2268 
2169 3405 4281 2487 
2170 3617 3666 3102 
2171 1348 1390 1351 
2172 2547 2859 2544 
2173 578 4274 813 
2174 1348 1351 1344 
2175 1220 2755 1218 
2176 2578 4470 1457 
2177 2518 3349 3140 
2178 3083 3084 2560 
2179 1680 1688 1494 
2180 1761 1991 1763 
2181 2169 2349 2129 
2182 2098 2242 1721 
2183 1386 2794 1388 
2184 2231 3499 2532 
2185 2109 2634 2607 
2186 1601 2492 1600 
2187 3215 4480 2470 
2188 2561 4332 1761 
2189 1224 2808 1365 
2190 1931 2298 1977 
2191 1953 1954 1472 
2192 2470 4480 3212 
2193 1172 2739 1206 
2194 1344 2415 1345 
2195 2579 3828 2581 
2196 2853 4122 2572 
2197 2424 2944 2423 
2198 2132 2183 2133 
2199 1988 2561 1759 
2200 2441 4287 1559 
2201 1932 1933 1498 
2202 3144 3193 2272 
2203 1286 1289 1285 
2204 2027 2945 2025 
2205 1283 1328 1281 
2206 1397 1398 1315 
2207 2846 3152 2352 
2208 2708 3046 2712 
2209 1334 3205 1277 
2210 1950 2228 1948 
2211 3063 3364 2332 
2212 1273 3722 2959 
2213 2038 2039 1929 
2214 3174 4639 2774 
2215 2125 2372 2123 
2216 2181 2885 2180 
2217 1644 2084 1642 
2218 2552 2553 2059 
2219 1082 1841 1678 
2220 3020 3021 1239 
2221 1890 2469 1815 
2222 2454 2455 1976 
2223 1896 1965 1964 
2224 2017 2506 1622 
2225 1803 2089 1804 
2226 1105 2744 1225 
2227 2850 3096 2849 
2228 1582 1586 1581 
2229 1902 2148 1901 
2230 1806 2516 1809 
2231 2615 3086 2179 
2232 2233 2831 2165 
2233 1272 2431 1311 
2234 2695 2696 2694 
2235 2415 2416 1411 
2236 2173 3101 2253 
2237 1197 4517 1194 
2238 3101 4026 3792 
2239 1543 3147 1546 
2240 2052 2628 2103 
2241 1827 1901 1826 
2242 3959 4362 960 
2243 2695 2708 2707 
2244 1975 3472 3038 
2245 2163 2725 2162 
2246 2884 4424 2858 
2247 2765 4520 2238 
2248 3052 3970 840 
2249 2227 2374 2143 
2250 1879 2490 2489 
2251 1228 1229 1131 
2252 2100 2995 1861 
2253 968 4581 4074 
2254 1627 1982 1628 
2255 1788 2615 2179 
2256 2073 2719 2074 
2257 2286 3079 2636 
2258 2318 2573 2208 
2259 3138 4028 2004 
2260 3152 3304 2352 
2261 2368 4242 4193 
2262 859 1033 462 
2263 860 1479 626 
2264 1189 1191 1187 
2265 1407 1445 1408 
2266 1587 1986 1586 
2267 3403 3838 3018 
2268 1158 2385 1160 
2269 3364 3760 947 
2270 2891 4630 805 
2271 2136 2616 1932 
2272 2023 2118 1952 
2273 1934 2212 2136 
2274 3268 3269 3022 
2275 3122 3810 2182 
2276 3946 4343 2779 
2277 1160 1312 1162 
2278 2487 3908 3405 
2279 2940 3460 2097 
2280 1583 1796 1584 
2281 2730 2731 2107 
2282 2566 3843 2567 
2283 2062 2978 2370 
2284 2443 2963 2177 
2285 1853 1947 1675 
2286 1223 1246 1222 
2287 1212 3388 2756 
2288 2457 3972 3278 
2289 2555 3854 2642 
2290 1744 4554 1857 
2291 807 4372 3225 
2292 1513 1515 1514 
2293 1279 1334 1277 
2294 2052 2103 2050 
2295 1096 3090 1261 
2296 1947 2837 1675 
2297 2201 2980 2204 
2298 1321 1330 1272 
2299 1977 2931 1553 
2300 1938 2613 2196 
2301 1553 2931 1624 
2302 2292 3869 3634 
2303 3354 4462 3393 
2304 1819 1978 1820 
2305 2861 2863 1079 
2306 2996 4362 3959 
2307 2721 2776 2722 
2308 2118 2611 1952 
2309 2018 3645 3362 
2310 2950 4170 1766 
2311 1470 1472 1405 
2312 3005 3801 3149 
2313 1640 2750 2749 
2314 906 4246 236 
2315 905 4247 33 
2316 1328 2852 1281 
2317 1745 2024 1744 
2318 1289 1326 1290 
2319 3707 3731 984 
2320 1336 1353 1338 
2321 1399 1412 1398 
2322 1913 2188 1914 
2323 1335 3383 1336 
2324 1524 3016 2644 
2325 2274 3221 3144 
2326 1631 1744 1630 
2327 3089 3897 3649 
2328 2195 2903 2194 
2329 1927 2058 1998 
2330 2188 2427 2189 
2331 2116 2261 2115 
2332 942 4401 2825 
2333 2296 3042 2653 
2334 1788 2179 1790 
2335 2465 4271 1589 
2336 2380 2429 2377 
2337 2050 2603 2048 
2338 1439 1833 1440 
2339 1371 1407 1372 
2340 1344 4154 2415 
2341 957 3454 3287 
2342 2198 3477 2987 
2343 2025 2294 2024 
2344 3046 3312 2712 
2345 1409 4320 1249 
2346 2633 3222 2276 
2347 1398 2439 1315 
2348 1667 2549 2019 
2349 1653 2910 1650 
2350 2516 2517 2111 
2351 2650 3211 2962 
2352 3239 3787 2329 
2353 1863 2100 1861 
2354 1650 2910 1648 
2355 129 1013 743 
2356 332 1015 744 
2357 744 1027 331 
2358 743 1025 128 
2359 1275 4143 1154 
2360 2048 2603 2057 
2361 2503 2877 2504 
2362 1630 2465 1589 
2363 1355 1378 1354 
2364 2510 2511 1125 
2365 1395 2619 1400 
2366 3553 3648 2306 
2367 1835 4639 2787 
2368 1499 1934 1932 
2369 909 4171 2924 
2370 2712 2807 2707 
2371 1953 2352 2351 
2372 2265 3027 3026 
2373 3337 3649 882 
2374 2979 3291 966 
2375 1513 2582 1515 
2376 2517 4142 2820 
2377 2609 3841 3038 
2378 2010 3700 2260 
2379 1795 2333 1956 
2380 1687 1976 1685 
2381 2156 2747 2031 
2382 2890 3200 3074 
2383 1550 1551 1401 
2384 1614 4398 1394 
2385 2367 4060 2990 
2386 1453 4585 2942 
2387 2996 2997 2995 
2388 1413 1426 1412 
2389 1218 1327 1216 
2390 684 3715 683 
2391 2289 2847 2291 
2392 1837 2377 1838 
2393 2705 3124 2709 
2394 2345 3937 2344 
2395 2424 3076 2944 
2396 2797 4458 2632 
2397 1599 2870 1510 
2398 2167 2233 2165 
2399 1131 3051 1128 
2400 3278 4353 2457 
2401 597 1029 856 
2402 433 1031 855 
2403 1835 1919 1834 
2404 1105 1225 1107 
2405 2349 2814 2129 
2406 2176 3022 2178 
2407 2662 2800 2799 
2408 912 1015 333 
2409 911 1013 130 
2410 1470 2845 1953 
2411 2716 4146 3060 
2412 1573 1574 1567 
2413 2407 2606 2605 
2414 1822 2215 2214 
2415 1393 2942 1524 
2416 1249 2808 1224 
2417 1726 4191 2498 
2418 1567 3037 1565 
2419 2648 3133 2645 
2420 2680 4312 2266 
2421 2438 2746 2156 
2422 3194 3905 1072 
2423 1251 1253 1252 
2424 1915 2062 1916 
2425 2112 2113 1517 
2426 1326 1410 1362 
2427 1344 1345 1343 
2428 2890 3074 3073 
2429 3147 3148 1546 
2430 1427 1503 1426 
2431 1077 1120 1078 
2432 698 3762 873 
2433 1518 1542 1519 
2434 2077 4166 3960 
2435 2012 4053 3631 
2436 2140 3547 2935 
2437 2583 4187 3040 
2438 1310 1354 1309 
2439 2549 2964 2550 
2440 1680 2721 2106 
2441 2175 3353 2594 
2442 2896 4130 1147 
2443 1581 2635 1577 
2444 2927 2950 2913 
2445 3135 3963 3710 
2446 1990 2494 1865 
2447 2190 3362 2779 
2448 1754 4617 2860 
2449 1542 3147 1543 
2450 1585 3083 2560 
2451 2665 3360 3098 
2452 1371 4497 1407 
2453 84 792 83 
2454 287 791 286 
2455 2334 3236 2921 
2456 2550 2551 2019 
2457 1707 3399 1704 
2458 1504 1812 1503 
2459 2420 2422 2421 
2460 2231 2531 2148 
2461 2243 3224 3059 
2462 1172 1206 1184 
2463 1847 2655 1844 
2464 1244 3217 1089 
2465 1166 1293 1168 
2466 1978 2548 1820 
2467 3039 3056 2614 
2468 1367 1383 1368 
2469 1326 1362 1332 
2470 1438 2586 1627 
2471 2170 3108 2389 
2472 2787 4639 3174 
2473 1523 2649 1522 
2474 1844 1845 1842 
2475 2703 2705 2702 
2476 1311 1371 1363 
2477 2983 3861 1055 
2478 2711 3019 2714 
2479 1813 1994 1812 
2480 2622 3647 3409 
2481 2949 4539 3202 
2482 3480 3669 2901 
2483 2629 4560 1881 
2484 1859 1861 1860 
2485 1618 1927 1734 
2486 2909 3711 973 
2487 3276 3854 2554 
2488 1838 2853 1623 
2489 2207 3363 2898 
2490 1258 4493 3995 
2491 4080 4554 2571 
2492 2631 4564 1592 
2493 1246 2458 1222 
2494 1958 4090 3373 
2495 1990 2565 2495 
2496 2246 2247 1964 
2497 1995 2809 1994 
2498 1796 1957 1797 
2499 3663 3721 2317 
2500 3228 3463 3245 
2501 2552 4157 2553 
2502 2046 2522 2044 
2503 742 1031 434 
2504 741 1029 598 
2505 1679 3565 2986 
2506 1890 2471 2470 
2507 2056 2295 2054 
2508 3334 3576 2195 
2509 2703 2716 2715 
2510 1795 1956 1738 
2511 1495 1681 1680 
2512 3196 3304 3152 
2513 1156 2743 1317 
2514 1833 2523 1440 
2515 1929 2454 1687 
2516 1317 2385 1158 
2517 2447 2926 2449 
2518 3924 4583 2605 
2519 2492 2669 2474 
2520 1457 4470 1848 
2521 1683 2034 1681 
2522 1117 3041 2993 
2523 3131 3391 1072 
2524 1988 2563 2562 
2525 1947 2840 2838 
2526 1716 1855 1715 
2527 2662 2798 2655 
2528 2241 3935 2978 
2529 2750 2752 2751 
2530 2486 2678 2268 
2531 2698 2835 2834 
2532 1669 4363 2549 
2533 964 4609 2938 
2534 2109 2607 2042 
2535 970 4456 2817 
2536 1396 1499 1498 
2537 2351 3052 2893 
2538 3272 4077 2895 
2539 1137 2912 1307 
2540 2192 3024 2191 
2541 1285 2533 1283 
2542 1834 2785 1477 
2543 1601 4466 2492 
2544 1726 2498 1729 
2545 1342 1344 1343 
2546 387 3893 627 
2547 184 3892 463 
2548 2982 3078 2981 
2549 3996 4345 2635 
2550 2017 2572 2508 
2551 1938 2196 1939 
2552 1879 2488 1464 
2553 1097 2892 1264 
2554 3726 4532 2807 
2555 1253 2512 1306 
2556 2014 4053 2012 
2557 2220 3831 3072 
2558 170 771 169 
2559 373 772 372 
2560 2054 4551 2628 
2561 2161 2162 2159 
2562 3167 3190 1204 
2563 1272 1311 1270 
2564 2817 3988 970 
2565 2186 3931 3457 
2566 2183 2953 2184 
2567 1378 1430 1354 
2568 1851 2177 2176 
2569 1642 4385 2750 
2570 1439 3176 1851 
2571 1623 2853 2017 
2572 1213 3123 1119 
2573 1268 3479 3055 
2574 1946 2194 2193 
2575 2828 4043 3823 
2576 1462 4404 2826 
2577 2671 3063 2332 
2578 1247 3029 1310 
2579 1765 1803 1768 
2580 2575 2968 2577 
2581 1149 3020 1239 
2582 2366 3461 2365 
2583 2933 3630 3218 
2584 1135 4204 2912 
2585 2169 2350 2349 
2586 2358 2758 2359 
2587 1531 1823 1532 
2588 1648 1878 1646 
2589 305 3923 304 
2590 2498 3458 2497 
2591 2795 3474 3069 
2592 2353 3880 3564 
2593 1345 1367 1346 
2594 274 896 273 
2595 71 895 70 
2596 2646 2908 2647 
2597 4003 4044 3045 
2598 1077 1314 1120 
2599 2719 4594 2074 
2600 2153 3135 2591 
2601 1726 1729 1728 
2602 1110 1205 1108 
2603 1292 3167 1200 
2604 1446 1941 1466 
2605 1141 1243 1143 
2606 1694 1702 1692 
2607 1411 3538 1367 
2608 3097 4354 1063 
2609 1931 2376 2298 
2610 2105 2824 2823 
2611 2633 4583 3924 
2612 2799 4430 2798 
2613 757 4034 2790 
2614 1392 1459 1378 
2615 2062 2370 2063 
2616 1362 1417 1381 
2617 2354 2929 1373 
2618 1622 1679 1441 
2619 2240 2765 2238 
2620 1101 2394 1103 
2621 1299 1405 1300 
2622 1857 2466 2465 
2623 1248 3486 3031 
2624 222 994 221 
2625 19 993 18 
2626 690 3830 3549 
2627 2913 4643 1110 
2628 2681 3310 2683 
2629 3026 4581 2261 
2630 1207 2783 1251 
2631 1269 1321 1272 
2632 1034 3032 1033 
2633 1480 3240 1479 
2634 2715 3124 2705 
2635 1559 4287 1569 
2636 2753 2829 2477 
2637 1351 4154 1344 
2638 1402 1404 1349 
2639 2805 4652 4081 
2640 2221 3092 2222 
2641 2324 3556 3427 
2642 884 4295 2953 
2643 2515 3105 2296 
2644 1042 3360 1040 
2645 2488 4304 1723 
2646 830 3256 3092 
2647 1556 2933 2430 
2648 1900 2818 1867 
2649 1738 4512 2468 
2650 3011 3270 2429 
2651 1942 1943 1740 
2652 2696 4532 2835 
2653 4266 4473 3926 
2654 2334 2920 2335 
2655 2555 2642 2557 
2656 1150 3457 1152 
2657 1618 2574 1927 
2658 1195 1258 1196 
2659 2155 2156 2031 
2660 1540 1931 1553 
2661 2257 3818 3128 
2662 3550 3748 912 
2663 1224 1365 1220 
2664 1342 1348 1344 
2665 2946 4168 2581 
2666 1579 1581 1577 
2667 1633 4613 1632 
2668 1515 1518 1516 
2669 1678 2880 1073 
2670 1406 3190 1858 
2671 1429 2986 1428 
2672 2963 3972 2457 
2673 1190 1193 1189 
2674 2525 2526 1981 
2675 3117 3746 1935 
2676 1739 1740 1404 
2677 1379 1380 1320 
2678 1417 1509 1381 
2679 953 3647 2961 
2680 1491 3036 1493 
2681 1714 2693 1694 
2682 2844 3932 921 
2683 1976 4301 1685 
2684 2966 3464 1713 
2685 618 3858 377 
2686 1809 1869 1810 
2687 1386 4649 2794 
2688 2660 2668 2667 
2689 3496 3821 3184 
2690 2516 4415 3913 
2691 2261 3114 2729 
2692 2944 3012 2423 
2693 2927 4170 2950 
2694 812 4327 3042 
2695 1944 1945 1509 
2696 1455 1612 1456 
2697 2545 2907 2546 
2698 1227 1483 1482 
2699 1393 1524 1333 
2700 778 3943 2925 
2701 1957 2192 2191 
2702 1690 2832 1120 
2703 1162 2459 1164 
2704 1269 1272 1270 
2705 1536 3229 2098 
2706 1112 2927 2913 
2707 3195 3814 1571 
2708 1316 1747 1746 
2709 1683 2520 2034 
2710 1626 1826 1523 
2711 2376 3973 2909 
2712 1425 4237 3806 
2713 1392 1540 1459 
2714 1388 1449 1448 
2715 998 4205 2965 
2716 1266 1267 1226 
2717 1790 4635 2676 
2718 709 3737 2919 
2719 2908 3801 2647 
2720 1996 3730 2912 
2721 2193 2767 1944 
2722 2817 3516 2398 
2723 1580 2441 1561 
2724 1461 1462 1380 
2725 2174 2900 2899 
2726 1492 1495 1494 
2727 2238 2976 2236 
2728 1490 1492 1491 
2729 1355 1392 1378 
2730 2674 2998 2102 
2731 2669 4292 3447 
2732 1123 2460 1124 
2733 1362 1381 1332 
2734 1233 1277 1276 
2735 3411 4586 2461 
2736 1384 1414 1386 
2737 1689 3050 1445 
2738 2725 2884 2162 
2739 2838 2842 2841 
2740 1239 4507 1324 
2741 1931 1977 1553 
2742 2380 3011 2429 
2743 1510 1944 1509 
2744 2650 2962 2961 
2745 73 4645 427 
2746 2134 3089 3088 
2747 3641 3930 1340 
2748 2152 3889 2852 
2749 1283 2533 1328 
2750 2602 3659 2242 
2751 867 3270 3011 
2752 1262 2783 1207 
2753 1956 2742 2384 
2754 1792 1915 1794 
2755 3088 4633 2132 
2756 3023 3853 1941 
2757 2813 2874 2812 
2758 2023 2119 2118 
2759 1784 4351 2185 
2760 1597 2915 2914 
2761 2495 2881 2494 
2762 2518 3140 2326 
2763 1110 4643 1205 
2764 1391 3930 2928 
2765 1488 1490 1489 
2766 2868 2991 2870 
2767 864 3510 3188 
2768 1956 2383 1738 
2769 3407 3713 1192 
2770 1749 1751 1750 
2771 1704 4123 1703 
2772 766 3549 3537 
2773 1757 2860 1988 
2774 515 4074 3620 
2775 1201 2608 1186 
2776 1248 3029 1247 
2777 2352 3304 2351 
2778 1079 3997 2861 
2779 1970 2736 1636 
2780 1654 1656 1653 
2781 1199 1241 1197 
2782 2938 3355 3293 
2783 2201 2204 2203 
2784 1230 1233 1232 
2785 1358 3552 1415 
2786 2617 2803 2618 
2787 2264 2265 2262 
2788 1185 1201 1186 
2789 1540 1553 1459 
2790 2529 3864 2528 
2791 1731 3923 306 
2792 1107 3055 3053 
2793 2029 2030 2027 
2794 1406 1471 1470 
2795 1619 1620 1421 
2796 1203 2428 1199 
2797 2255 4525 3797 
2798 36 4203 3575 
2799 3249 4502 2594 
2800 1441 2986 1429 
2801 1853 1948 1947 
2802 2422 2819 2425 
2803 1629 1630 1589 
2804 1308 1409 1249 
2805 2554 4501 3276 
2806 2935 4231 1965 
2807 2447 3111 2926 
2808 3075 3607 886 
2809 2470 3212 2472 
2810 2974 3372 808 
2811 1209 1214 1213 
2812 1837 1838 1623 
2813 1194 2883 1193 
2814 2883 2994 2882 
2815 2816 2891 2489 
2816 1312 2459 1162 
2817 2947 3348 2602 
2818 2984 3077 3041 
2819 3610 4142 3943 
2820 1065 2875 1066 
2821 2270 3315 2269 
2822 3592 3952 3951 
2823 1294 1295 1288 
2824 1212 3090 1098 
2825 928 3883 3345 
2826 1817 1819 1818 
2827 1439 1851 1833 
2828 2979 4070 2446 
2829 1761 4332 1991 
2830 2013 2014 2012 
2831 1911 4289 3630 
2832 1954 2320 2319 
2833 1237 1259 1236 
2834 2082 3815 3506 
2835 3053 3054 1116 
2836 1417 1510 1509 
2837 2391 3043 2462 
2838 2050 4305 2603 
2839 2232 3742 3723 
2840 2236 2952 2234 
2841 3626 3700 3699 
2842 2686 2687 1735 
2843 2776 3762 2722 
2844 2015 2086 2014 
2845 1547 1617 1549 
2846 1130 2559 1133 
2847 2565 2919 2495 
2848 1703 3010 1699 
2849 1822 4079 2215 
2850 3267 4312 2680 
2851 1118 4506 1297 
2852 1420 1476 1351 
2853 1956 2384 2383 
2854 2929 4199 3541 
2855 1071 3094 1079 
2856 2598 3099 2599 
2857 1962 2270 2269 
2858 2146 2229 2147 
2859 3336 4657 3017 
2860 1687 2454 1976 
2861 2742 4521 3231 
2862 2170 2389 2171 
2863 2686 3209 2688 
2864 3395 3919 2529 
2865 2847 2946 2291 
2866 1856 2174 2173 
2867 239 4259 238 
2868 4063 4486 2389 
2869 2611 4558 1950 
2870 2836 3726 3330 
2871 2311 2312 2061 
2872 1742 2244 2107 
2873 2234 3186 2233 
2874 2098 3229 2947 
2875 2246 3821 3496 
2876 2117 2326 2141 
2877 2420 4435 2422 
2878 2132 4633 2183 
2879 3320 4417 2745 
2880 3736 4267 1291 
2881 3315 3917 833 
2882 2298 2299 1977 
2883 2060 2061 1620 
2884 2471 3215 2470 
2885 1612 1776 1613 
2886 3314 3964 2302 
2887 1488 3238 1974 
2888 2349 3146 2814 
2889 1299 1406 1405 
2890 2503 2504 1799 
2891 2500 2923 2501 
2892 2200 2982 2981 
2893 3016 3415 2240 
2894 1088 1303 1086 
2895 2728 3154 2131 
2896 1195 1488 1258 
2897 1225 1226 1107 
2898 2340 2341 2086 
2899 3261 4561 4497 
2900 963 3196 717 
2901 716 3196 836 
2902 2153 3963 3135 
2903 2635 4345 1577 
2904 2150 4541 3321 
2905 2167 2234 2233 
2906 2992 3185 3097 
2907 2299 3246 2432 
2908 1304 1364 1301 
2909 2500 2501 1918 
2910 2604 4472 2379 
2911 1287 1288 1286 
2912 872 4044 4003 
2913 2601 4182 2597 
2914 2646 3142 2908 
2915 1423 1424 1422 
2916 3547 4231 2935 
2917 2230 2358 2249 
2918 1291 4267 3098 
2919 822 3480 2901 
2920 1070 1075 1071 
2921 2860 4617 3542 
2922 2274 3144 2272 
2923 2368 4193 3898 
2924 1133 2559 2346 
2925 1211 2530 2529 
2926 1321 1396 1395 
2927 2328 3383 1620 
2928 1312 3568 3361 
2929 1011 2972 851 
2930 1009 2973 852 
2931 1315 4509 1316 
2932 2598 2599 2596 
2933 2567 2568 1191 
2934 2109 3070 2634 
2935 1489 3424 1258 
2936 425 3933 34 
2937 1216 3115 1214 
2938 1461 4404 1462 
2939 1563 4137 3978 
2940 2288 2289 2216 
2941 2215 2216 2214 
2942 748 3061 1018 
2943 747 3062 1020 
2944 2943 3888 3416 
2945 1554 1555 1115 
2946 2204 2446 2205 
2947 1553 1624 1459 
2948 2433 3106 2434 
2949 1873 1963 1874 
2950 2899 4236 4211 
2951 1795 3236 2334 
2952 2581 4168 3323 
2953 1454 1737 1453 
2954 1376 1478 1477 
2955 1027 3064 1028 
2956 1025 3065 1026 
2957 1120 1121 1078 
2958 3123 3472 3173 
2959 2337 3128 1943 
2960 1303 2848 1086 
2961 3250 3369 3251 
2962 1335 1336 1325 
2963 3044 3045 2057 
2964 2767 3802 2768 
2965 1125 2927 1114 
2966 853 4348 3243 
2967 1970 4577 2738 
2968 1247 1310 1309 
2969 2689 3129 2691 
2970 2503 3113 2877 
2971 1617 2969 2575 
2972 2576 3971 2403 
2973 1068 1070 1069 
2974 1185 1230 1201 
2975 1299 3190 1406 
2976 1206 1207 1184 
2977 2522 4474 2044 
2978 2975 4280 2855 
2979 1717 2535 1697 
2980 3042 4327 2653 
2981 2068 2071 2069 
2982 1569 1570 1558 
2983 1077 1078 1065 
2984 1326 1332 1290 
2985 1837 2380 2377 
2986 2811 2813 2812 
2987 1075 1080 1076 
2988 2796 2797 1449 
2989 1477 4572 1531 
2990 1419 1500 1418 
2991 2087 2631 1595 
2992 1806 1809 1808 
2993 2402 4576 1261 
2994 2771 4311 3601 
2995 1737 2468 2131 
2996 1310 1355 1354 
2997 2285 2286 2284 
2998 1392 1541 1540 
2999 1112 2913 1110 
3000 1510 1946 1944 
3001 836 3196 3152 
3002 1462 2826 1879 
3003 2102 2629 1884 
3004 2477 2478 1966 
3005 1097 1264 1099 
3006 1751 1753 1752 
3007 2194 3257 2193 
3008 1340 3930 1342 
3009 36 3575 35 
3010 1439 1440 1429 
3011 2824 3488 2823 
3012 824 4082 2952 
3013 2413 3731 3707 
3014 1432 1433 1424 
3015 1338 3357 1340 
3016 1652 1653 1650 
3017 1324 1325 1323 
3018 2132 2133 1849 
3019 1228 3350 1397 
3020 3048 4001 3049 
3021 1867 2818 1990 
3022 1080 1118 1081 
3023 2959 3722 2402 
3024 1264 2843 1099 
3025 1801 2002 1800 
3026 2838 3420 2842 
3027 1289 2851 1326 
3028 2003 2004 2002 
3029 1607 1608 1606 
3030 2477 3495 2478 
3031 2938 4609 2565 
3032 1605 1606 1604 
3033 1710 1711 1709 
3034 1719 1800 1718 
3035 2349 3517 3146 
3036 1118 1208 1119 
3037 2489 3358 2488 
3038 2822 2825 2730 
3039 1126 2510 1125 
3040 2912 4204 1996 
3041 2407 2605 2282 
3042 1712 1715 1711 
3043 1501 1718 1500 
3044 768 4657 3336 
3045 1434 1435 1433 
3046 2190 2779 1500 
3047 1188 1189 1187 
3048 2590 2988 2775 
3049 1370 1428 1369 
3050 3575 4203 2842 
3051 1963 2140 2138 
3052 2118 2624 2623 
3053 2612 3934 2228 
3054 1267 3143 1269 
3055 2950 3000 2913 
3056 2587 3379 2585 
3057 2467 3188 2466 
3058 2716 3060 2715 
3059 1417 1599 1510 
3060 1609 1610 1608 
3061 3153 4279 836 
3062 3085 4299 3014 
3063 1708 1709 1707 
3064 2446 3111 2447 
3065 1030 3254 1029 
3066 1032 3085 1031 
3067 2494 4365 1863 
3068 1415 1416 1374 
3069 1081 3123 1210 
3070 1400 1401 1330 
3071 2449 2452 2451 
3072 2320 2895 2444 
3073 1482 3974 2875 
3074 2057 2522 2046 
3075 3416 3417 3415 
3076 3075 4435 2420 
3077 1847 3648 2662 
3078 3237 3277 880 
3079 1438 1460 1357 
3080 1436 1474 1435 
3081 2919 4468 709 
3082 3434 4161 1420 
3083 1444 1529 1443 
3084 2038 2040 2039 
3085 2989 3035 2354 
3086 757 2790 275 
3087 758 2792 72 
3088 1751 2410 2094 
3089 3383 4334 1336 
3090 3014 3483 1024 
3091 1560 1561 1559 
3092 1222 4546 1227 
3093 1967 2095 1730 
3094 1574 3037 1567 
3095 3210 3211 2651 
3096 2283 2284 2282 
3097 3323 4045 2581 
3098 1397 3350 2000 
3099 2688 2689 2687 
3100 3514 4560 2629 
3101 888 3348 2947 
3102 1093 1274 1095 
3103 1806 4415 2516 
3104 1573 1575 1574 
3105 2722 3091 2106 
3106 2953 3899 884 
3107 2150 2313 2151 
3108 2595 2600 2597 
3109 2416 2419 2418 
3110 2419 2424 2423 
3111 1611 1880 1610 
3112 1289 1290 1285 
3113 762 4215 4001 
3114 1473 1962 1961 
3115 1358 1374 1331 
3116 3622 4465 2748 
3117 1457 1458 1416 
3118 2209 2786 2785 
3119 1394 1453 1393 
3120 3845 4116 1334 
3121 2690 3399 2687 
3122 2906 4084 1317 
3123 2585 4152 2584 
3124 1984 2585 2584 
3125 2134 3897 3089 
3126 3326 4611 3325 
3127 780 3213 3034 
3128 2244 2822 2730 
3129 2071 2073 2072 
3130 3644 3982 3847 
3131 1475 1591 1474 
3132 1848 1849 1458 
3133 3052 4072 2893 
3134 1748 2142 1830 
3135 2058 2552 2059 
3136 1306 1331 1254 
3137 3005 3183 2527 
3138 3191 4085 2225 
3139 2183 2184 2133 
3140 1696 1697 1695 
3141 2904 3257 2194 
3142 1348 1391 1390 
3143 2185 3617 3102 
3144 2260 3781 3187 
3145 2292 4356 3340 
3146 1061 3097 1063 
3147 761 4633 3088 
3148 1265 1431 1313 
3149 2310 4049 3995 
3150 1056 4467 3392 
3151 1521 4026 3101 
3152 2868 2870 1599 
3153 2441 4055 3461 
3154 2965 4028 998 
3155 2068 2671 2332 
3156 1530 1600 1529 
3157 2851 3157 1410 
3158 1360 1452 1451 
3159 2266 3175 2265 
3160 4037 4465 3214 
3161 1258 3995 1196 
3162 3961 4521 2742 
3163 1885 1886 1884 
3164 1087 1244 1089 
3165 3630 4289 3218 
3166 1384 3900 1414 
3167 1291 3098 1047 
3168 1522 2649 2621 
3169 1204 1236 1203 
3170 1873 2515 2296 
3171 2161 2163 2162 
3172 1596 1615 1595 
3173 2735 3171 1243 
3174 2311 3239 2312 
3175 2224 2371 1533 
3176 1103 4616 2744 
3177 2901 3145 2136 
3178 2452 2554 2453 
3179 1403 4127 3772 
3180 995 3917 3193 
3181 2116 2262 2261 
3182 2742 3231 2384 
3183 1620 3383 1421 
3184 1442 1622 1441 
3185 575 4425 824 
3186 1987 2497 2496 
3187 2496 4009 2440 
3188 2399 2817 2398 
3189 2600 3234 2601 
3190 2433 2434 1930 
3191 777 3611 2978 
3192 3412 3568 1312 
3193 3557 3920 2786 
3194 1442 1623 1622 
3195 3400 3992 2823 
3196 2964 4032 775 
3197 1614 4059 3374 
3198 2339 3378 3234 
3199 2531 3191 2148 
3200 2242 2353 2243 
3201 1041 3202 1534 
3202 1543 1546 1545 
3203 1223 1247 1246 
3204 1589 4271 1587 
3205 3505 4522 1437 
3206 2687 3399 1735 
3207 1253 1254 1252 
3208 1086 2848 1083 
3209 1698 1699 1697 
3210 3047 3578 883 
3211 2559 3110 2346 
3212 1729 1730 1728 
3213 2920 4172 868 
3214 2221 2222 1983 
3215 1887 1904 1886 
3216 2880 4658 1051 
3217 1700 1703 1699 
3218 1364 3797 2937 
3219 2422 3161 2819 
3220 1523 4575 2649 
3221 3180 3367 3181 
3222 1412 4622 2509 
3223 1795 2334 2333 
3224 3263 3885 776 
3225 1354 3150 1309 
3226 1616 1632 1615 
3227 1259 3122 1236 
3228 3012 3733 987 
3229 592 3950 276 
3230 2779 4343 1418 
3231 2366 3561 3083 
3232 2993 3185 2992 
3233 2272 3193 2270 
3234 1033 3032 739 
3235 1479 3240 740 
3236 3664 3796 2245 
3237 2646 2647 1776 
3238 1195 3238 1488 
3239 1908 3025 3024 
3240 805 3668 3216 
3241 1113 1123 1114 
3242 2511 3530 3529 
3243 1295 2989 2354 
3244 2535 4419 1695 
3245 3374 4059 2558 
3246 1484 3103 1485 
3247 2243 3564 3224 
3248 1780 1782 1781 
3249 973 3228 3227 
3250 1228 1397 1315 
3251 419 4149 28 
3252 2874 3015 2812 
3253 845 3515 3417 
3254 3234 3235 2601 
3255 1823 1938 1824 
3256 2674 3233 2998 
3257 1420 4161 1476 
3258 2011 2012 2009 
3259 1352 1614 1394 
3260 1018 4292 3425 
3261 2903 2905 2904 
3262 1092 1273 1090 
3263 3335 4657 768 
3264 3111 3266 839 
3265 1221 1375 1240 
3266 1556 2430 1115 
3267 1870 1873 1872 
3268 2885 3320 2180 
3269 3137 3496 771 
3270 122 3661 121 
3271 325 3660 324 
3272 1627 1628 1460 
3273 2299 2432 1977 
3274 2801 3999 2802 
3275 1293 4241 1168 
3276 1063 1077 1065 
3277 2985 3861 2983 
3278 1026 3155 858 
3279 2919 4275 2495 
3280 3324 4538 2541 
3281 3067 3155 1026 
3282 2636 4556 3883 
3283 2867 2872 2871 
3284 2211 4295 3328 
3285 1770 2181 2180 
3286 3627 3628 3205 
3287 2065 2068 2067 
3288 1066 2875 2857 
3289 1150 1152 1151 
3290 2759 2762 2761 
3291 2906 3785 3394 
3292 242 3475 2988 
3293 1512 2112 1517 
3294 2812 3973 2376 
3295 2018 3240 1480 
3296 1095 2892 1097 
3297 2846 3168 3153 
3298 3835 4580 4049 
3299 2228 4477 1948 
3300 1661 1663 1660 
3301 2805 4081 3443 
3302 2550 3197 2551 
3303 1072 3905 1060 
3304 3539 3942 2081 
3305 3256 4186 982 
3306 4075 4196 2381 
3307 1121 1122 1078 
3308 2623 4450 4284 
3309 1716 1856 1855 
3310 1121 1223 1222 
3311 2346 4204 1135 
3312 1182 4029 1180 
3313 2957 2958 902 
3314 3148 3780 3283 
3315 4001 4215 3049 
3316 2276 3221 2274 
3317 3245 3463 1979 
3318 2643 3829 3374 
3319 2782 4479 2780 
3320 1454 1738 1737 
3321 1572 3837 3750 
3322 1163 3250 1235 
3323 1703 3116 3010 
3324 3110 3979 1778 
3325 25 4057 415 
3326 2298 3227 2299 
3327 2113 2116 2115 
3328 1426 4622 1412 
3329 2332 3364 2717 
3330 1478 1835 1834 
3331 483 4650 3312 
3332 3357 3677 2287 
3333 1438 4178 2586 
3334 1109 1116 1111 
3335 3517 4184 3146 
3336 2257 3590 2212 
3337 3202 4539 1534 
3338 1982 1983 1628 
3339 2832 4664 1121 
3340 2768 2769 1945 
3341 2649 4575 2651 
3342 2789 3087 2103 
3343 2665 4286 3360 
3344 1662 4579 3162 
3345 2385 4534 1160 
3346 3028 3406 1174 
3347 1318 2428 1203 
3348 1208 2801 1209 
3349 1215 1216 1214 
3350 2183 3165 2953 
3351 2875 4394 1482 
3352 2007 2008 2005 
3353 1305 1369 1304 
3354 1927 1998 1734 
3355 1546 4303 1547 
3356 1468 4178 1438 
3357 2155 2157 2156 
3358 2919 4609 4468 
3359 3216 3358 2891 
3360 2116 3404 2263 
3361 2981 4010 835 
3362 1381 1382 1332 
3363 2019 4319 1665 
3364 851 1008 1007 
3365 852 1006 1005 
3366 3885 4107 776 
3367 1769 4121 3790 
3368 3251 3386 1235 
3369 3017 3634 3336 
3370 2574 2576 2403 
3371 2712 3311 2807 
3372 2787 3174 2399 
3373 1583 1584 1570 
3374 1111 2627 1113 
3375 3928 4211 878 
3376 1152 1154 1153 
3377 871 4453 3235 
3378 1310 1356 1355 
3379 1974 3455 3253 
3380 2181 2886 2885 
3381 1345 2415 1411 
3382 3943 4142 2517 
3383 3062 3112 1020 
3384 1965 4136 2935 
3385 2795 4649 1414 
3386 2142 2227 2143 
3387 3396 4264 3534 
3388 1191 2569 1187 
3389 1066 1068 1067 
3390 2707 4532 2696 
3391 1803 1804 1768 
3392 2943 3016 1524 
3393 1317 3785 2906 
3394 1180 4029 3164 
3395 1102 3388 1100 
3396 1827 1902 1901 
3397 1891 1892 1846 
3398 1231 3539 3020 
3399 1445 1446 1408 
3400 2941 3866 991 
3401 1272 4272 2431 
3402 1452 1523 1522 
3403 2623 4284 4270 
3404 1449 2632 1448 
3405 1034 3484 3032 
3406 1946 2195 2194 
3407 2236 2976 2952 
3408 1200 1203 1199 
3409 2378 2604 2379 
3410 1239 1323 1148 
3411 3121 4586 3411 
3412 3129 3130 2691 
3413 1600 2492 2474 
3414 3065 3066 1026 
3415 1842 3432 1678 
3416 3325 4611 837 
3417 914 4408 3119 
3418 1902 2231 2148 
3419 4419 4494 2536 
3420 1815 1817 1816 
3421 1690 4631 2833 
3422 1582 1587 1586 
3423 1186 1187 1182 
3424 1302 2977 1425 
3425 2656 2658 2657 
3426 2313 2315 2314 
3427 2970 3577 3148 
3428 2903 2904 2194 
3429 2798 4430 3805 
3430 3069 3871 2795 
3431 2889 3073 2673 
3432 1809 2516 2111 
3433 3034 3213 2294 
3434 1299 1300 1260 
3435 1579 1582 1581 
3436 1913 1914 1467 
3437 2150 3321 2313 
3438 2617 4432 2803 
3439 2873 2991 2868 
3440 2993 4455 3401 
3441 1198 1292 1200 
3442 982 4108 3256 
3443 2035 4363 1669 
3444 3281 4072 840 
3445 2974 4280 2975 
3446 2567 3448 2568 
3447 1302 1425 1305 
3448 3269 3675 2178 
3449 2598 3375 3099 
3450 2553 3850 3174 
3451 2701 3771 3030 
3452 1369 3481 1304 
3453 1603 1604 1601 
3454 2044 4474 2109 
3455 2204 2980 2979 
3456 1440 1441 1429 
3457 1840 4639 1835 
3458 630 4567 2907 
3459 1146 3779 3778 
3460 3710 4151 3680 
3461 2084 4385 1642 
3462 2748 4663 2747 
3463 3775 4055 1580 
3464 2409 2460 1123 
3465 1266 4610 2793 
3466 1448 2632 2207 
3467 2996 3959 2997 
3468 3550 4050 3444 
3469 1626 1827 1826 
3470 1782 1784 1783 
3471 1407 1408 1372 
3472 1637 1638 1636 
3473 2825 4401 2730 
3474 2480 4104 134 
3475 2894 3954 2895 
3476 1145 1150 1149 
3477 3363 4478 2898 
3478 2479 4245 337 
3479 2277 2633 2276 
3480 3409 3691 2622 
3481 1692 4631 1690 
3482 2227 2375 2374 
3483 1723 4304 1890 
3484 839 4207 3111 
3485 1352 1393 1333 
3486 1217 1218 1216 
3487 3060 4638 2715 
3488 2613 3454 2196 
3489 1397 1399 1398 
3490 1099 2843 1101 
3491 1757 1759 1758 
3492 2256 2257 2212 
3493 2758 2759 2359 
3494 2459 3187 1164 
3495 1777 1780 1779 
3496 3354 3393 2397 
3497 2182 4476 3122 
3498 1311 2431 1403 
3499 3636 4437 4106 
3500 1219 1220 1218 
3501 1349 4610 1266 
3502 1786 4648 2615 
3503 1892 3976 1846 
3504 2872 3452 2871 
3505 1065 1066 1064 
3506 2231 2532 2531 
3507 3411 3858 2958 
3508 1964 3556 1894 
3509 1276 3189 1232 
3510 2605 4583 2279 
3511 2705 2709 2706 
3512 1659 1660 1657 
3513 589 4081 237 
3514 1664 1665 1663 
3515 739 1012 1011 
3516 740 1010 1009 
3517 1706 1707 1704 
3518 3264 3676 3508 
3519 1056 1117 1059 
3520 1714 4419 2536 
3521 1195 1196 1194 
3522 1631 1745 1744 
3523 2722 3204 3091 
3524 2113 3404 2116 
3525 1883 1884 1881 
3526 3369 3800 3251 
3527 1562 1563 1561 
3528 1919 2399 2398 
3529 1594 1595 1592 
3530 975 3642 3019 
3531 2336 4288 1800 
3532 889 3973 3015 
3533 1524 2644 1333 
3534 1313 1333 1308 
3535 2830 4462 3354 
3536 1893 1894 1892 
3537 877 3305 3212 
3538 3261 4497 2513 
3539 3541 4199 1850 
3540 2433 4138 3106 
3541 3058 4659 2490 
3542 2391 2462 2392 
3543 3063 3559 793 
3544 1205 4604 1108 
3545 3041 4455 2993 
3546 2029 2031 2030 
3547 3397 4393 1014 
3548 1745 2025 2024 
3549 2992 3097 1061 
3550 2389 4486 2391 
3551 1657 2827 1656 
3552 3043 3402 2462 
3553 1403 3370 2513 
3554 2226 3582 3478 
3555 2188 2189 1914 
3556 2998 3233 816 
3557 1515 2582 1539 
3558 1117 2992 1059 
3559 3067 3435 3155 
3560 1096 1261 1094 
3561 976 4146 3868 
3562 2952 3186 2234 
3563 2521 4473 4266 
3564 2677 4635 2179 
3565 2401 3796 3664 
3566 1217 1322 1219 
3567 1292 4580 3167 
3568 744 3064 1027 
3569 743 3065 1025 
3570 1150 4139 3457 
3571 2360 3241 2361 
3572 3239 4132 4100 
3573 1889 4547 3171 
3574 1513 1514 1483 
3575 2197 2200 2199 
3576 1111 1113 1112 
3577 3257 3258 2193 
3578 3002 3003 2229 
3579 1065 4394 2875 
3580 3022 3269 2178 
3581 2658 2660 2659 
3582 3088 4482 761 
3583 2404 3442 3299 
3584 1265 2911 1431 
3585 2660 2664 2661 
3586 1399 1413 1412 
3587 3186 3208 2233 
3588 1132 1228 1131 
3589 3360 4286 3956 
3590 1127 1129 1128 
3591 864 4559 3510 
3592 1008 3739 2955 
3593 2266 4312 3175 
3594 1629 1631 1630 
3595 3092 4578 830 
3596 1240 1249 1224 
3597 1941 3853 3458 
3598 1198 1199 1197 
3599 2554 2555 2453 
3600 1154 1156 1155 
3601 2179 4635 1790 
3602 1183 3018 1181 
3603 1895 1896 1894 
3604 2030 4443 2945 
3605 816 3514 2998 
3606 2796 3172 2797 
3607 1371 1372 1363 
3608 1619 4623 2092 
3609 3262 3514 816 
3610 1908 3024 2890 
3611 1029 3254 856 
3612 1031 3085 855 
3613 3622 3623 789 
3614 2746 3623 3622 
3615 2420 2421 2417 
3616 2574 4589 2575 
3617 1277 3205 1276 
3618 1819 1820 1818 
3619 3136 4075 2381 
3620 2275 2276 2274 
3621 2360 2361 1936 
3622 3019 4644 2714 
3623 1185 1186 1182 
3624 2058 2059 1998 
3625 2739 4668 1206 
3626 2261 4581 3114 
3627 2009 4454 2008 
3628 2281 2282 2279 
3629 1327 3115 1216 
3630 3349 4218 3140 
3631 4235 4638 3060 
3632 2658 4463 2668 
3633 2378 2379 1838 
3634 1542 1543 1519 
3635 3092 3093 2222 
3636 2396 3254 1030 
3637 1149 1239 1148 
3638 1202 3721 3663 
3639 3165 3899 2953 
3640 1565 4137 1563 
3641 2074 2077 2076 
3642 2718 2719 2073 
3643 1536 1721 1537 
3644 2430 4496 1085 
3645 1410 3157 2869 
3646 1915 1916 1794 
3647 2537 4494 2535 
3648 1059 2992 1061 
3649 1383 1384 1368 
3650 1413 1427 1426 
3651 1113 2627 1245 
3652 1221 1224 1220 
3653 1074 1082 1073 
3654 1469 3527 3035 
3655 1006 3819 2954 
3656 3425 4171 1018 
3657 1796 1797 1584 
3658 2358 2359 2249 
3659 3417 3515 3415 
3660 3258 3579 879 
3661 4100 4132 1506 
3662 2117 2141 2114 
3663 1856 3224 2174 
3664 1639 1640 1638 
3665 1754 1757 1756 
3666 2196 2197 1939 
3667 1265 1308 1249 
3668 2137 3801 3005 
3669 1539 4101 2600 
3670 3799 4377 3800 
3671 3771 3798 3030 
3672 1206 4668 1263 
3673 2907 3947 630 
3674 2754 4660 3798 
3675 1320 4495 1262 
3676 2638 3225 1923 
3677 2825 3884 942 
3678 3133 3436 949 
3679 584 4587 232 
3680 3620 4074 3027 
3681 3951 3952 2331 
3682 2709 2711 2710 
3683 1830 4378 1749 
3684 1459 2876 1378 
3685 2047 2048 2046 
3686 1546 1547 1545 
3687 1147 4130 3351 
3688 1440 1442 1441 
3689 1167 3407 1192 
3690 1302 1304 1301 
3691 3461 4287 2441 
3692 1427 1504 1503 
3693 2315 2362 2316 
3694 1352 1394 1393 
3695 3549 3830 2437 
3696 2947 3229 2641 
3697 3092 3256 3093 
3698 2590 3975 3510 
3699 1274 3907 3742 
3700 2711 2714 2713 
3701 1617 1618 1549 
3702 3126 3940 3127 
3703 1358 4540 3552 
3704 2144 4140 1830 
3705 3103 3104 1485 
3706 2065 4545 2671 
3707 3505 4109 2878 
3708 2943 3415 3016 
3709 2993 3203 3185 
3710 1437 2439 1398 
3711 2617 2618 1933 
3712 2041 2042 2040 
3713 1309 4281 1319 
3714 3048 3049 3047 
3715 1666 1667 1665 
3716 3126 3742 2232 
3717 1107 3053 1106 
3718 1333 2644 1308 
3719 1515 1516 1514 
3720 1504 1813 1812 
3721 3423 3989 772 
3722 2422 2425 2421 
3723 2794 4573 2796 
3724 3301 3938 2772 
3725 913 3581 3146 
3726 1907 1908 1905 
3727 3737 4275 2919 
3728 3037 4137 1565 
3729 2553 3174 2774 
3730 1135 1137 1136 
3731 2473 3639 1997 
3732 2103 4305 2050 
3733 1635 1636 1633 
3734 1284 1286 1285 
3735 2486 2679 2678 
3736 1813 1995 1994 
3737 3194 3195 3004 
3738 1945 2770 1509 
3739 1295 2354 1373 
3740 1223 1248 1247 
3741 1695 4419 1714 
3742 1067 3131 1064 
3743 922 4052 4007 
3744 2218 2219 2056 
3745 1995 2810 2809 
3746 1379 4574 1461 
3747 3080 3758 3079 
3748 2793 3143 1267 
3749 1364 2937 1301 
3750 3123 3173 1210 
3751 3214 4465 903 
3752 1784 1786 1785 
3753 3126 3127 2892 
3754 2943 3416 3415 
3755 1857 2465 1630 
3756 3280 4311 3938 
3757 1534 1536 1535 
3758 1367 1368 1346 
3759 2696 2698 2697 
3760 1490 3253 1492 
3761 2762 2974 2761 
3762 1759 1761 1760 
3763 2471 3216 3215 
3764 2747 4663 2031 
3765 1531 1532 1377 
3766 956 3638 3096 
3767 1723 1815 1814 
3768 1414 4649 1386 
3769 3626 3781 3700 
3770 2840 3420 2838 
3771 2062 2063 1916 
3772 1297 3788 1376 
3773 2514 4669 1876 
3774 1151 3020 1149 
3775 1981 4285 1660 
3776 2791 3777 896 
3777 3492 4530 2519 
3778 1265 1313 1308 
3779 1196 1197 1194 
3780 1929 4528 2454 
3781 1227 1482 1122 
3782 1864 1865 1863 
3783 1854 2321 1731 
3784 842 2914 1917 
3785 1917 2727 1732 
3786 841 2956 1854 
3787 2258 4612 4012 
3788 1300 1302 1301 
3789 867 3269 3268 
3790 2381 2382 2350 
3791 2431 4127 1403 
3792 2053 2054 2052 
3793 1455 1456 1361 
3794 1213 3472 3123 
3795 3086 3695 759 
3796 3206 4483 2683 
3797 1311 1363 1270 
3798 3241 3243 3242 
3799 2273 2274 2272 
3800 3415 3515 2240 
3801 1316 1746 1229 
3802 1370 1429 1428 
3803 1257 4459 1129 
3804 3077 3709 1771 
3805 1300 2977 1302 
3806 2615 4491 3086 
3807 1442 1837 1623 
3808 3962 4075 3136 
3809 3079 3758 792 
3810 3321 3847 2313 
3811 860 1480 1479 
3812 859 1034 1033 
3813 3119 4408 2725 
3814 1518 1519 1516 
3815 1196 1198 1197 
3816 2894 2895 2320 
3817 3419 3503 2606 
3818 3143 4278 1269 
3819 1262 3313 2783 
3820 1193 2883 2882 
3821 1319 2458 1246 
3822 1190 1194 1193 
3823 1186 1188 1187 
3824 1111 1112 1110 
3825 1360 3465 1452 
3826 3106 3107 2434 
3827 1318 3408 3118 
3828 2452 4501 2554 
3829 3019 4433 975 
3830 1839 2413 893 
3831 1773 3006 1898 
3832 1898 2412 894 
3833 2700 2702 2701 
3834 2534 4580 3835 
3835 3364 4510 2717 
3836 1466 4191 1726 
3837 2826 4404 2344 
3838 2990 3035 2989 
3839 834 4004 3317 
3840 2667 4641 2664 
3841 1400 2619 1552 
3842 758 4065 2792 
3843 1940 4377 3799 
3844 2543 3787 2311 
3845 808 4280 2974 
3846 2857 4665 1068 
3847 3211 3865 2962 
3848 2509 3505 1437 
3849 3500 3501 918 
3850 2232 3940 3126 
3851 2104 4333 1474 
3852 1045 3360 1042 
3853 168 3184 924 
3854 371 3207 923 
3855 1298 3629 2801 
3856 3248 4501 2452 
3857 3014 4299 2543 
3858 2565 4609 2919 
3859 2311 3787 3239 
3860 797 4264 3396 
3861 2389 2391 2390 
3862 1085 1086 1083 
3863 1188 1190 1189 
3864 2343 2345 2344 
3865 1177 1178 1176 
3866 913 4184 24 
3867 1156 1158 1157 
3868 1935 3997 3117 
3869 1749 1750 1747 
3870 3083 3561 3084 
3871 2256 3818 2257 
3872 1109 1110 1108 
3873 1071 1079 1069 
3874 1564 1565 1563 
3875 1527 3158 1528 
3876 1525 3352 1526 
3877 1627 2586 1984 
3878 1109 1111 1110 
3879 1668 1669 1667 
3880 1701 3915 3203 
3881 3173 4268 2033 
3882 3150 4281 1309 
3883 1298 2801 1208 
3884 2923 2924 2501 
3885 3218 4124 2933 
3886 1313 1352 1333 
3887 3015 3717 495 
3888 2187 3406 3028 
3889 1641 1642 1640 
3890 1828 2635 1581 
3891 3636 4106 3637 
3892 2209 2785 1834 
3893 1081 1210 1076 
3894 1207 1251 1250 
3895 1013 1014 743 
3896 1015 1016 744 
3897 1345 1346 1343 
3898 1514 3468 1483 
3899 3146 3581 2814 
3900 2404 2552 2058 
3901 1957 2191 1797 
3902 3519 3810 3122 
3903 2698 2700 2699 
3904 1326 2851 1410 
3905 3172 3599 2797 
3906 1677 3800 3766 
3907 3187 4442 1164 
3908 1826 4575 1523 
3909 2043 2044 2042 
3910 2769 2772 2771 
3911 3135 3710 3650 
3912 3195 4499 3391 
3913 1133 1135 1134 
3914 1062 1072 1060 
3915 2490 4659 2816 
3916 3766 3800 3369 
3917 1452 3465 1625 
3918 2851 4485 2088 
3919 1656 2827 2020 
3920 1918 3134 1606 
3921 1221 1240 1224 
3922 1076 3094 1071 
3923 804 3667 3659 
3924 3748 4568 1016 
3925 1240 1265 1249 
3926 1198 3995 1292 
3927 2008 4570 2005 
3928 2195 4048 3334 
3929 2012 4454 2009 
3930 1312 3361 2459 
3931 3102 4491 2615 
3932 1267 1269 1268 
3933 1068 4665 1211 
3934 825 4312 3267 
3935 3069 3435 3067 
3936 2264 2266 2265 
3937 2863 3855 1079 
3938 2367 2990 1877 
3939 1454 1795 1738 
3940 1713 4505 2966 
3941 1300 1301 1260 
3942 3151 3764 2347 
3943 2505 4065 3113 
3944 3111 4207 2926 
3945 2204 2205 2203 
3946 800 3679 3108 
3947 1084 1115 1085 
3948 1087 1088 1086 
3949 1624 2876 1459 
3950 1192 3250 1165 
3951 3022 4353 955 
3952 1302 1305 1304 
3953 2492 2670 2669 
3954 1753 4617 1754 
3955 1809 1810 1808 
3956 2362 2364 2363 
3957 2051 2052 2050 
3958 2271 2272 2270 
3959 2657 3432 1845 
3960 3125 3398 975 
3961 1881 4560 1880 
3962 3671 4138 750 
3963 3606 4357 2758 
3964 742 1032 1031 
3965 741 1030 1029 
3966 3911 4590 1624 
3967 3224 4144 3059 
3968 1684 1685 1683 
3969 2596 4375 1542 
3970 1381 4223 1382 
3971 3414 3588 869 
3972 1464 1723 1722 
3973 1950 4558 2228 
3974 1592 4564 1591 
3975 2535 4494 4419 
3976 3041 3392 2984 
3977 2805 3443 2571 
3978 3203 3727 1701 
3979 2642 2643 2557 
3980 2647 4654 1776 
3981 1394 1454 1453 
3982 2791 4431 3777 
3983 2978 3935 777 
3984 2679 3826 2678 
3985 4034 4431 2791 
3986 1749 4378 2410 
3987 2814 3581 2815 
3988 2827 3602 2020 
3989 2803 4432 3763 
3990 1124 1126 1125 
3991 1712 1716 1715 
3992 2095 3499 2930 
3993 1010 4526 2973 
3994 1153 1231 1151 
3995 2411 3473 2934 
3996 3538 4018 1367 
3997 3976 4036 1846 
3998 3478 3582 1243 
3999 2246 3496 2247 
4000 322 3372 321 
4001 1269 1270 1268 
4002 1123 1124 1114 
4003 1866 1867 1865 
4004 1342 1343 1341 
4005 1670 1671 1669 
4006 2276 3222 3221 
4007 3169 4279 3153 
4008 1100 1212 1098 
4009 2888 3048 3047 
4010 1013 3397 1014 
4011 2803 3317 2804 
4012 1899 1900 1867 
4013 3053 3055 3054 
4014 1137 1139 1138 
4015 1124 1127 1126 
4016 1905 2889 1904 
4017 1652 1654 1653 
4018 2196 4323 2197 
4019 1058 1073 1051 
4020 2803 2804 2618 
4021 2096 4158 3499 
4022 3429 4099 2373 
4023 2209 3557 2786 
4024 2208 4383 1610 
4025 2184 4295 2211 
4026 3172 3696 2810 
4027 1462 1464 1463 
4028 1858 1859 1471 
4029 3045 4044 2522 
4030 2632 3363 2207 
4031 1306 2512 1359 
4032 2858 4424 2902 
4033 2120 2121 2119 
4034 1914 3481 1467 
4035 2170 2171 1688 
4036 1100 3388 1212 
4037 1799 4341 1433 
4038 2228 4558 2612 
4039 1786 1788 1787 
4040 1334 3889 3697 
4041 1049 1291 1047 
4042 3248 3385 969 
4043 1395 4566 2619 
4044 2651 4575 1826 
4045 1209 1213 1119 
4046 3640 3942 3719 
4047 2959 4201 1273 
4048 1869 1870 1810 
4049 3516 4366 2398 
4050 1729 2498 1987 
4051 2142 4020 3939 
4052 3841 4083 3038 
4053 1063 4354 1077 
4054 2388 3817 3223 
4055 2436 3004 1973 
4056 808 3372 322 
4057 3783 4377 1940 
4058 2206 3507 2925 
4059 3665 3949 3896 
4060 2859 4156 4114 
4061 2326 3378 2339 
4062 1217 1219 1218 
4063 2178 2523 1833 
4064 1761 1763 1762 
4065 3218 4289 2652 
4066 3231 3232 2384 
4067 1927 2574 2403 
4068 3112 3483 2781 
4069 2846 3153 3152 
4070 1928 1929 1687 
4071 2286 3080 3079 
4072 767 3546 3129 
4073 1347 1423 1422 
4074 2995 3168 1860 
4075 752 4437 3636 
4076 2714 4644 3743 
4077 1109 3053 1116 
4078 2483 3230 2879 
4079 2384 3936 2383 
4080 1219 1221 1220 
4081 2746 2747 2156 
4082 1158 1160 1159 
4083 1237 1260 1259 
4084 2229 2230 2147 
4085 3815 3957 3506 
4086 2168 2169 2129 
4087 3376 4120 2819 
4088 1986 3975 2590 
4089 1200 3167 1204 
4090 3056 3807 827 
4091 2396 3255 3254 
4092 3650 3710 939 
4093 3062 3483 3112 
4094 807 4120 3376 
4095 3182 3587 3380 
4096 1966 4350 1711 
4097 3421 3933 3420 
4098 2128 2129 2127 
4099 978 3789 3040 
4100 2446 2447 2205 
4101 2037 2038 1929 
4102 1179 1180 1178 
4103 1557 1560 1559 
4104 1294 2989 1295 
4105 2122 2123 2121 
4106 2584 4187 2583 
4107 2200 2201 2199 
4108 1973 3687 1555 
4109 1198 1200 1199 
4110 2869 4192 2866 
4111 2126 2127 2125 
4112 4012 4612 3347 
4113 2619 4061 3387 
4114 2124 2125 2123 
4115 1949 1950 1948 
4116 1672 1673 1671 
4117 2151 3773 3037 
4118 3336 3634 980 
4119 3368 3474 2795 
4120 1134 3351 3350 
4121 3032 3484 3033 
4122 2265 3175 3027 
4123 2239 2240 2238 
4124 1278 1279 1277 
4125 2507 3718 3490 
4126 2452 2453 2451 
4127 1287 1294 1288 
4128 1612 1613 1456 
4129 2442 2443 2177 
4130 1255 4229 1253 
4131 2350 3517 2349 
4132 1188 4128 3238 
4133 2973 4526 3192 
4134 1340 1342 1341 
4135 1378 4562 1430 
4136 1070 1071 1069 
4137 3457 4139 2186 
4138 1370 1439 1429 
4139 1643 1644 1642 
4140 2080 3662 3361 
4141 2928 3728 1391 
4142 2013 2015 2014 
4143 3138 4159 3121 
4144 1925 2638 1923 
4145 1284 1285 1283 
4146 2146 2147 1551 
4147 1798 3468 1514 
4148 2768 4212 3301 
4149 2235 2236 2234 
4150 1199 4460 1241 
4151 2538 2542 2541 
4152 1329 1419 1418 
4153 1209 1215 1214 
4154 1085 1087 1086 
4155 1075 1076 1071 
4156 968 3732 3114 
4157 3035 4199 2354 
4158 1455 4511 1993 
4159 2400 3481 1914 
4160 1212 3429 3090 
4161 1041 1534 1043 
4162 2513 4518 3261 
4163 2924 4171 3425 
4164 2226 4139 3582 
4165 1938 1939 1824 
4166 1204 1237 1236 
4167 939 3710 3680 
4168 3420 3933 770 
4169 1724 2343 2342 
4170 1037 2217 1039 
4171 2237 2238 2236 
4172 1566 1567 1565 
4173 3165 4633 761 
4174 2150 2151 1743 
4175 1087 1089 1088 
4176 2917 4007 3076 
4177 1305 1370 1369 
4178 1114 2927 1112 
4179 4193 4242 3054 
4180 2011 2013 2012 
4181 1542 4375 3147 
4182 2893 4072 2894 
4183 1577 4345 1575 
4184 1823 1824 1532 
4185 1282 1283 1281 
4186 2015 2340 2086 
4187 3676 4596 3508 
4188 2186 4392 3931 
4189 2866 4192 2867 
4190 3337 3613 3089 
4191 1835 2787 1919 
4192 4031 4156 2859 
4193 3212 3305 2472 
4194 1437 4522 3939 
4195 2335 3961 2333 
4196 2462 2463 2392 
4197 1742 4345 2244 
4198 2074 4594 2077 
4199 1862 1863 1861 
4200 3064 4444 1028 
4201 1674 1675 1673 
4202 1143 3582 1145 
4203 2944 3076 3013 
4204 1063 1065 1064 
4205 1498 4566 1395 
4206 2045 2046 2044 
4207 1654 1657 1656 
4208 2612 4558 2611 
4209 2186 4139 2226 
4210 1098 3090 1096 
4211 2816 3309 2891 
4212 871 3378 3140 
4213 911 3397 1013 
4214 2496 4444 3064 
4215 3193 3315 2270 
4216 1089 1090 1088 
4217 4011 4328 3440 
4218 2049 2050 2048 
4219 3783 4620 4377 
4220 2499 4431 2500 
4221 3825 4286 2664 
4222 1240 2911 1265 
4223 1951 1952 1950 
4224 1997 4462 1443 
4225 3824 4631 1702 
4226 775 4421 2964 
4227 1751 1752 1750 
4228 1303 4549 2848 
4229 2982 3945 3078 
4230 3531 3745 2154 
4231 4079 4356 2292 
4232 3542 4617 2110 
4233 3685 4178 1468 
4234 2035 4019 3181 
4235 2375 3524 2374 
4236 1215 1217 1216 
4237 2364 2366 2365 
4238 1604 4466 1601 
4239 1251 1252 1250 
4240 1350 1444 1443 
4241 1280 1281 1279 
4242 1353 3357 1338 
4243 1157 1238 1155 
4244 3420 3575 2842 
4245 3456 3840 1971 
4246 2550 4421 3197 
4247 1208 1209 1119 
4248 1339 3453 1337 
4249 3357 3641 1340 
4250 4508 4631 3824 
4251 1359 4540 1358 
4252 3199 3200 2192 
4253 1160 1162 1161 
4254 4006 4007 2915 
4255 2022 2023 1952 
4256 2726 4485 1289 
4257 2415 3522 2416 
4258 3071 3714 1444 
4259 1348 3930 1391 
4260 611 4050 334 
4261 2039 4528 1929 
4262 1904 2889 2673 
4263 3096 4488 2849 
4264 1863 4365 2100 
4265 1873 1874 1872 
4266 1080 1081 1076 
4267 2289 2291 2290 
4268 3089 3649 3337 
4269 813 4153 577 
4270 1954 2319 1472 
4271 3270 3729 2429 
4272 1301 2937 1260 
4273 2326 2339 2141 
4274 1430 3150 1354 
4275 1124 1125 1114 
4276 1496 3318 3317 
4277 1682 1683 1681 
4278 2743 3785 1317 
4279 1012 4400 2972 
4280 2364 4230 2366 
4281 3797 4525 2937 
4282 791 3844 3001 
4283 1852 1853 1675 
4284 1253 4229 2512 
4285 1163 1235 1161 
4286 3265 3752 3509 
4287 1693 1696 1695 
4288 1113 1114 1112 
4289 3241 3242 2361 
4290 2068 2069 2067 
4291 2007 2009 2008 
4292 2377 3856 2378 
4293 3438 3704 2682 
4294 1089 1091 1090 
4295 1319 4281 3405 
4296 1357 4273 1288 
4297 851 2972 1008 
4298 852 2973 1006 
4299 1068 1069 1067 
4300 1776 1777 1613 
4301 1084 1554 1115 
4302 746 2955 1000 
4303 998 2957 997 
4304 745 2954 998 
4305 1338 1340 1339 
4306 2553 4157 3850 
4307 1533 3434 1420 
4308 1423 1432 1424 
4309 1446 3462 1941 
4310 1200 1204 1203 
4311 2809 4393 3397 
4312 1963 2138 1874 
4313 503 1979 502 
4314 667 1980 666 
4315 948 3860 3042 
4316 1237 1299 1260 
4317 1526 3352 2083 
4318 1130 1133 1132 
4319 1192 3369 3250 
4320 1336 1338 1337 
4321 1686 1687 1685 
4322 1118 1119 1081 
4323 2288 3634 3017 
4324 1923 3225 1921 
4325 2055 2056 2054 
4326 2670 3425 2669 
4327 1181 1185 1182 
4328 2187 3407 3406 
4329 1788 1790 1789 
4330 1605 1607 1606 
4331 1000 3925 999 
4332 2142 3939 2227 
4333 1150 1151 1149 
4334 1314 2085 1691 
4335 3103 3536 3104 
4336 740 3240 1010 
4337 739 3032 1012 
4338 1316 4020 1748 
4339 1801 2003 2002 
4340 1719 1801 1800 
4341 1119 3123 1081 
4342 2283 2285 2284 
4343 3632 3685 1468 
4344 1708 1710 1709 
4345 3446 3601 2219 
4346 2003 2005 2004 
4347 2532 3444 2531 
4348 1432 1434 1433 
4349 1501 1719 1718 
4350 1817 1818 1816 
4351 1550 3768 2145 
4352 1139 1141 1140 
4353 928 3345 85 
4354 501 3463 500 
4355 1419 1501 1500 
4356 2759 4357 2762 
4357 2483 2879 2878 
4358 3086 4491 3695 
4359 1190 1195 1194 
4360 963 3970 3052 
4361 1607 1609 1608 
4362 2429 4571 2377 
4363 2685 3851 2686 
4364 3423 4646 3989 
4365 1062 3131 1072 
4366 1710 1712 1711 
4367 3235 3384 2601 
4368 2421 3538 2417 
4369 2941 3718 2507 
4370 3570 3619 2343 
4371 1763 1765 1764 
4372 610 4050 912 
4373 2071 2072 2069 
4374 1933 4061 1498 
4375 2195 3576 2903 
4376 1390 3803 1473 
4377 1359 3849 3252 
4378 2864 3814 3391 
4379 2886 3489 2885 
4380 1618 4589 2574 
4381 1434 1436 1435 
4382 1554 1973 1555 
4383 2954 4205 998 
4384 2733 3701 2734 
4385 1421 3383 1335 
4386 1129 1130 1128 
4387 3158 3533 1528 
4388 1181 1182 1180 
4389 2015 3567 2340 
4390 1164 4442 1166 
4391 2267 2268 2266 
4392 1769 4452 4121 
4393 2656 2657 1845 
4394 3403 4073 2741 
4395 3503 3924 2606 
4396 2439 4509 1315 
4397 2568 3162 2570 
4398 1234 2608 1201 
4399 372 3207 371 
4400 169 3184 168 
4401 1162 1164 1163 
4402 3786 3843 1676 
4403 1418 4343 1379 
4404 1603 1605 1604 
4405 3189 3791 2172 
4406 3029 3031 3030 
4407 3237 4214 3277 
4408 3265 4615 3752 
4409 1645 1646 1644 
4410 1609 1611 1610 
4411 2904 4283 3257 
4412 2525 3633 2526 
4413 859 1035 1034 
4414 860 1481 1480 
4415 2382 3500 2350 
4416 2218 3446 2219 
4417 2018 4016 3240 
4418 2320 2444 2319 
4419 183 3892 859 
4420 386 3893 860 
4421 1127 4410 1256 
4422 2079 3568 3412 
4423 2242 2243 1721 
4424 3900 4553 2445 
4425 2855 4280 2854 
4426 3827 4234 962 
4427 963 3304 3196 
4428 1382 3446 3072 
4429 1436 1475 1474 
4430 1284 1287 1286 
4431 2921 2922 2920 
4432 2720 4594 3846 
4433 3212 3811 877 
4434 1024 3062 1023 
4435 1022 3061 1021 
4436 855 3085 1024 
4437 856 3254 1022 
4438 2164 2165 2163 
4439 1706 1708 1707 
4440 1391 4542 1390 
4441 3609 3982 749 
4442 2140 2935 2138 
4443 1014 3065 743 
4444 1016 3064 744 
4445 2717 4510 2718 
4446 167 3178 166 
4447 370 3179 369 
4448 1028 3103 857 
4449 1183 3403 3018 
4450 1242 3635 3007 
4451 972 3244 504 
4452 971 3247 668 
4453 2689 2691 2690 
4454 3161 3376 2819 
4455 1221 3151 1375 
4456 2683 4483 2684 
4457 3222 3670 3221 
4458 3147 3780 3148 
4459 2870 4624 1510 
4460 1091 1093 1092 
4461 1734 2951 1959 
4462 2318 4560 3514 
4463 1728 3460 2325 
4464 2680 3986 3267 
4465 1753 1754 1752 
4466 3262 3981 2573 
4467 742 2329 1032 
4468 741 2330 1030 
4469 3098 3360 1045 
4470 3315 3597 2269 
4471 886 4435 3075 
4472 3224 3564 2174 
4473 2125 4340 2372 
4474 134 4104 449 
4475 1572 1573 1567 
4476 1444 1530 1529 
4477 1611 1881 1880 
4478 2240 3515 2765 
4479 2572 4628 2508 
4480 2778 3989 2464 
4481 3133 4428 3436 
4482 1367 4018 1383 
4483 3361 3568 2080 
4484 2763 2764 2679 
4485 3244 3246 3245 
4486 1365 3842 3226 
4487 1777 4654 1780 
4488 2971 3362 2190 
4489 1530 1601 1600 
4490 2641 3229 2949 
4491 2166 2167 2165 
4492 1487 3158 738 
4493 1485 3352 737 
4494 1486 3155 1487 
4495 1091 1092 1090 
4496 1330 4272 1272 
4497 1475 1592 1591 
4498 2184 2211 2210 
4499 2540 4602 2537 
4500 3160 3422 993 
4501 916 4088 81 
4502 915 4089 284 
4503 550 4010 3078 
4504 1227 4021 1512 
4505 3767 4656 2145 
4506 2242 3659 2353 
4507 1836 1840 1835 
4508 1264 4492 2843 
4509 2912 3730 1307 
4510 897 2304 1002 
4511 898 2308 1004 
4512 1002 3137 1001 
4513 4041 4161 2918 
4514 972 3246 3244 
4515 2462 3993 2463 
4516 909 4322 4171 
4517 1105 1107 1106 
4518 2095 2930 2097 
4519 2485 2486 2268 
4520 504 3244 503 
4521 668 3247 667 
4522 2440 4568 2939 
4523 2639 4240 389 
4524 2640 4239 186 
4525 1164 1166 1165 
4526 906 4652 4246 
4527 1883 1885 1884 
4528 2329 4132 3239 
4529 990 3880 3667 
4530 1885 1887 1886 
4531 2281 2283 2282 
4532 2876 4562 1378 
4533 1594 1596 1595 
4534 3777 4431 4383 
4535 3719 3942 2301 
4536 2619 3387 1552 
4537 667 3247 1980 
4538 503 3244 1979 
4539 3846 4594 2719 
4540 2592 3636 2252 
4541 1843 1891 1846 
4542 2252 4451 1812 
4543 2553 2774 2059 
4544 3225 4372 3661 
4545 2781 3551 3112 
4546 1596 1616 1615 
4547 2519 4367 3492 
4548 1175 1176 1174 
4549 1507 3249 1508 
4550 3093 4108 3220 
4551 1363 3479 1270 
4552 2073 2074 2072 
4553 2 3707 409 
4554 205 3706 573 
4555 891 3794 2999 
4556 2032 2854 1920 
4557 3225 3661 1921 
4558 435 4088 80 
4559 599 4089 283 
4560 3165 4514 3899 
4561 3523 4209 2905 
4562 2358 4489 2758 
4563 1780 1781 1779 
4564 2520 4530 2521 
4565 3115 4503 1214 
4566 951 3390 3310 
4567 1066 1067 1064 
4568 3475 4107 2775 
4569 1526 1920 861 
4570 1528 1921 862 
4571 714 4279 3169 
4572 2411 4140 3487 
4573 3015 3973 2812 
4574 1696 1698 1697 
4575 2428 4460 1199 
4576 2854 4352 3660 
4577 2625 3678 2624 
4578 588 4081 906 
4579 729 3270 728 
4580 4148 4248 3678 
4581 2712 3312 3311 
4582 2459 4446 3187 
4583 728 3270 867 
4584 1269 4278 1321 
4585 1152 1153 1151 
4586 3246 4214 2432 
4587 1774 4047 3275 
4588 1700 1704 1703 
4589 1317 4084 2385 
4590 1091 3907 1093 
4591 2491 3821 2246 
4592 3529 4170 2511 
4593 3024 3025 2191 
4594 1167 1192 1165 
4595 1166 1168 1167 
4596 2497 4444 2496 
4597 1822 2214 2213 
4598 2425 4002 2426 
4599 3049 3578 3047 
4600 814 4184 3517 
4601 2653 4327 2654 
4602 1698 1700 1699 
4603 2575 4589 1617 
4604 1659 1661 1660 
4605 1093 1095 1094 
4606 2295 4551 2054 
4607 2555 2557 2556 
4608 4246 4652 3213 
4609 1140 3778 3689 
4610 1172 1184 1173 
4611 2356 4144 2966 
4612 2328 4238 3082 
4613 1576 1577 1575 
4614 1820 1822 1821 
4615 1735 3399 1707 
4616 67 3206 66 
4617 992 3877 3875 
4618 2426 3538 2421 
4619 2185 4351 3617 
4620 2940 4030 3460 
4621 2839 4651 1673 
4622 1678 4310 2880 
4623 1103 1105 1104 
4624 1355 3201 1392 
4625 340 4129 3865 
4626 2389 2390 2171 
4627 2887 3914 2888 
4628 3075 4054 3607 
4629 572 3265 571 
4630 573 983 572 
4631 984 3264 408 
4632 409 984 408 
4633 983 3265 572 
4634 408 3264 407 
4635 1168 1170 1169 
4636 1887 1905 1904 
4637 2458 4546 1222 
4638 3302 3961 2335 
4639 536 3299 535 
4640 533 3303 532 
4641 509 3297 508 
4642 673 3300 672 
4643 545 967 544 
4644 549 957 548 
4645 552 835 551 
4646 556 839 555 
4647 562 958 561 
4648 567 920 566 
4649 569 1775 568 
4650 522 871 521 
4651 537 799 536 
4652 542 818 541 
4653 558 969 557 
4654 514 825 513 
4655 505 972 504 
4656 517 968 516 
4657 512 959 511 
4658 525 765 524 
4659 528 875 527 
4660 531 782 530 
4661 534 876 533 
4662 539 970 538 
4663 686 872 685 
4664 713 960 712 
4665 716 836 715 
4666 720 840 719 
4667 726 955 725 
4668 731 919 730 
4669 733 1774 732 
4670 678 826 677 
4671 689 766 688 
4672 701 800 700 
4673 706 817 705 
4674 722 961 721 
4675 669 971 668 
4676 674 844 673 
4677 680 962 679 
4678 698 873 697 
4679 703 965 702 
4680 728 867 727 
4681 683 785 682 
4682 718 963 717 
4683 695 781 694 
4684 708 964 707 
4685 711 828 710 
4686 724 850 723 
4687 544 3286 543 
4688 554 966 553 
4689 564 868 563 
4690 676 956 675 
4691 692 874 691 
4692 510 843 509 
4693 519 786 518 
4694 530 3284 529 
4695 547 827 546 
4696 560 849 559 
4697 559 3276 558 
4698 563 3273 562 
4699 508 3308 507 
4700 513 3267 512 
4701 568 3274 567 
4702 529 3282 528 
4703 543 3285 542 
4704 538 3292 537 
4705 553 3291 552 
4706 555 3266 554 
4707 723 3271 722 
4708 727 3268 726 
4709 732 3275 731 
4710 679 3290 678 
4711 548 3287 547 
4712 561 3288 560 
4713 506 3277 505 
4714 697 3296 696 
4715 707 3293 706 
4716 721 3281 720 
4717 511 3289 510 
4718 675 3279 674 
4719 672 3307 671 
4720 725 3278 724 
4721 712 3294 711 
4722 696 3295 695 
4723 2031 4663 2030 
4724 3244 3245 1979 
4725 844 3301 3300 
4726 843 3298 3297 
4727 962 3322 3290 
4728 3293 3355 817 
4729 3834 4239 2948 
4730 799 3299 536 
4731 876 3303 533 
4732 843 3297 509 
4733 844 3300 673 
4734 782 3284 530 
4735 849 3276 559 
4736 868 3273 563 
4737 967 3286 544 
4738 825 3267 513 
4739 850 3271 723 
4740 839 3266 555 
4741 867 3268 727 
4742 1775 3274 568 
4743 970 3292 538 
4744 873 3296 697 
4745 966 3291 553 
4746 962 3290 679 
4747 958 3288 561 
4748 961 3281 721 
4749 959 3289 511 
4750 1774 3275 732 
4751 964 3293 707 
4752 957 3287 548 
4753 955 3278 725 
4754 960 3294 712 
4755 956 3279 675 
4756 3297 3308 508 
4757 543 3286 3285 
4758 562 3273 958 
4759 528 3282 875 
4760 529 3284 3282 
4761 512 3267 959 
4762 558 3276 969 
4763 3300 3307 672 
4764 726 3268 955 
4765 722 3271 961 
4766 552 3291 835 
4767 554 3266 966 
4768 567 3274 920 
4769 505 3277 972 
4770 537 3292 799 
4771 542 3285 818 
4772 731 3275 919 
4773 678 3290 826 
4774 706 3293 817 
4775 720 3281 840 
4776 674 3279 844 
4777 547 3287 827 
4778 560 3288 849 
4779 510 3289 843 
4780 696 3296 3295 
4781 724 3278 850 
4782 695 3295 781 
4783 711 3294 828 
4784 2313 2314 2151 
4785 3098 4267 2665 
4786 1170 1172 1171 
4787 1616 1633 1632 
4788 3823 4043 1328 
4789 2969 2970 2968 
4790 2939 4568 3748 
4791 566 3302 565 
4792 3569 4427 3834 
4793 3112 3371 1020 
4794 1879 2826 2490 
4795 776 4107 3475 
4796 1790 1792 1791 
4797 920 3302 566 
4798 1015 3748 1016 
4799 3082 3692 2328 
4800 956 3280 3279 
4801 1214 4503 1296 
4802 3066 3067 1026 
4803 2158 2159 2157 
4804 2077 4594 2720 
4805 525 3375 765 
4806 1014 3903 3065 
4807 3197 4421 3428 
4808 1356 4660 1355 
4809 1127 1128 1126 
4810 1804 4415 1806 
4811 1047 3098 1045 
4812 2085 3702 1691 
4813 3078 4335 550 
4814 3054 4242 1116 
4815 2957 3138 2958 
4816 1560 1562 1561 
4817 810 2483 2481 
4818 809 3211 3210 
4819 2481 2482 2480 
4820 85 3345 84 
4821 3327 3329 3328 
4822 1152 3457 1275 
4823 507 880 506 
4824 671 879 670 
4825 1106 1109 1108 
4826 526 3375 525 
4827 3500 3517 2350 
4828 1934 2256 2212 
4829 2854 3660 1920 
4830 2820 4142 3558 
4831 880 3277 506 
4832 507 3308 880 
4833 671 3307 879 
4834 2847 4344 2946 
4835 2711 4433 3019 
4836 3253 3816 1492 
4837 519 3349 786 
4838 1618 1734 1733 
4839 3750 3837 2862 
4840 2762 3372 2974 
4841 2759 2761 2760 
4842 1802 3479 1363 
4843 3157 3987 3095 
4844 1537 3059 2356 
4845 1736 3774 3448 
4846 3093 3220 3095 
4847 1532 3629 1377 
4848 1765 1768 1767 
4849 2988 4559 864 
4850 2859 4167 4031 
4851 1328 4043 2852 
4852 4127 4272 3615 
4853 1782 1783 1781 
4854 1647 1648 1646 
4855 1130 1132 1131 
4856 3856 4047 2378 
4857 1141 1143 1142 
4858 1130 1131 1128 
4859 1095 1097 1096 
4860 2507 4386 1679 
4861 2160 2161 2159 
4862 1093 1094 1092 
4863 3276 4501 969 
4864 3087 3902 785 
4865 3328 4295 884 
4866 2965 4205 2336 
4867 2688 3874 2689 
4868 2032 2855 2854 
4869 1037 3569 2217 
4870 1724 3570 2343 
4871 2668 4145 2667 
4872 2563 3896 2562 
4873 520 3349 519 
4874 1446 1466 1465 
4875 3171 4407 1889 
4876 3859 3907 1091 
4877 849 3854 3276 
4878 3644 3847 933 
4879 2641 2948 2640 
4880 888 2947 2641 
4881 2663 3432 2657 
4882 103 3969 102 
4883 2705 2706 2702 
4884 2915 2916 2914 
4885 1064 3131 1062 
4886 1661 1664 1663 
4887 1934 4612 2256 
4888 1996 4204 3497 
4889 3490 4386 2507 
4890 2840 3421 3420 
4891 18 3422 17 
4892 2224 3991 2371 
4893 1757 1758 1756 
4894 2883 3965 2994 
4895 2542 3544 2541 
4896 2080 3567 2015 
4897 2263 2264 2262 
4898 1219 3151 1221 
4899 705 3402 704 
4900 1392 3201 1541 
4901 2871 4403 2873 
4902 2533 3823 1328 
4903 969 3385 557 
4904 556 3385 839 
4905 3094 3997 1079 
4906 2185 4648 1786 
4907 662 3333 661 
4908 648 3338 647 
4909 476 3324 475 
4910 469 3325 468 
4911 497 889 496 
4912 499 973 498 
4913 652 978 651 
4914 490 829 489 
4915 492 975 491 
4916 494 847 493 
4917 658 848 657 
4918 663 974 662 
4919 647 3327 646 
4920 649 795 648 
4921 643 761 642 
4922 650 3332 649 
4923 651 3343 650 
4924 654 830 653 
4925 656 982 655 
4926 661 890 660 
4927 632 838 631 
4928 634 980 633 
4929 636 768 635 
4930 638 979 637 
4931 639 3323 638 
4932 640 882 639 
4933 646 884 645 
4934 641 3337 640 
4935 468 837 467 
4936 472 767 471 
4937 477 977 476 
4938 482 883 481 
4939 635 3336 634 
4940 471 3341 470 
4941 470 981 469 
4942 475 881 474 
4943 479 762 478 
4944 485 796 484 
4945 487 976 486 
4946 633 3339 632 
4947 637 3335 636 
4948 478 3331 477 
4949 486 3330 485 
4950 474 3342 473 
4951 657 3344 656 
4952 2945 4037 3034 
4953 1726 1728 1727 
4954 1145 1149 1148 
4955 412 3518 918 
4956 1061 1063 1062 
4957 1101 1103 1102 
4958 339 809 338 
4959 136 810 135 
4960 2626 4148 2625 
4961 1466 1726 1725 
4962 2652 3100 1910 
4963 2114 4078 1517 
4964 2410 4140 2411 
4965 3425 4292 2669 
4966 1941 3462 3023 
4967 1635 1637 1636 
4968 788 4605 3473 
4969 3473 4605 2934 
4970 1097 1099 1098 
4971 1036 3484 1034 
4972 3553 4069 754 
4973 918 4331 21 
4974 2964 4363 4032 
4975 1154 1155 1153 
4976 3159 3533 3158 
4977 3247 4283 4209 
4978 2096 3499 2095 
4979 2942 3888 2943 
4980 3802 4212 2768 
4981 2822 3885 2825 
4982 4081 4652 906 
4983 3104 3528 1485 
4984 3182 3380 1511 
4985 2447 2449 2448 
4986 3239 4100 2312 
4987 810 3230 2483 
4988 3282 3283 875 
4989 1647 3765 1649 
4990 3362 4016 2018 
4991 1099 1101 1100 
4992 3306 3826 2679 
4993 1059 1061 1060 
4994 4018 4619 3901 
4995 765 3384 524 
4996 1063 1064 1062 
4997 2902 4173 2438 
4998 1891 1893 1892 
4999 86 928 85 
5000 289 927 288 
5001 120 807 119 
5002 323 808 322 
5003 2154 2155 2031 
5004 3625 4487 4241 
5005 3044 4015 785 
5006 3174 3988 2399 
5007 809 3210 2479 
5008 810 2481 2480 
5009 1547 4303 1617 
5010 524 3384 523 
5011 1370 3176 1439 
5012 774 3617 3183 
5013 1078 4394 1065 
5014 1229 3051 1131 
5015 3333 3334 890 
5016 3327 3328 884 
5017 3339 3340 838 
5018 3344 3451 982 
5019 1004 3423 1003 
5020 1578 1579 1577 
5021 3417 3708 845 
5022 2353 3564 2243 
5023 1361 3449 1257 
5024 188 888 187 
5025 391 887 390 
5026 1256 3465 1360 
5027 1851 2442 2177 
5028 751 3941 3444 
5029 3444 3941 2531 
5030 2085 4354 3097 
5031 2581 4045 2580 
5032 2696 2697 2694 
5033 1289 4485 2851 
5034 2654 3547 2140 
5035 1531 4046 2099 
5036 789 3623 583 
5037 1117 3392 3041 
5038 2343 3619 2345 
5039 1396 1741 1499 
5040 1035 3569 1037 
5041 1481 3570 1724 
5042 3797 3962 3136 
5043 3766 4051 1677 
5044 2275 2277 2276 
5045 1624 4590 2876 
5046 3352 3528 2083 
5047 2383 3936 3756 
5048 1481 1621 1480 
5049 1035 1036 1034 
5050 3295 3492 781 
5051 892 3795 3144 
5052 3032 3033 1012 
5053 3249 3353 1508 
5054 2973 3192 1006 
5055 1487 3159 3158 
5056 1485 3528 3352 
5057 2330 2395 1030 
5058 2304 2305 1002 
5059 2308 2309 1004 
5060 1028 3536 3103 
5061 1024 3483 3062 
5062 2546 2548 1978 
5063 3254 3255 1022 
5064 2041 2043 2042 
5065 1526 1972 1920 
5066 1528 1922 1921 
5067 1625 1626 1523 
5068 825 3620 3175 
5069 3495 4611 2478 
5070 2658 2659 2657 
5071 3316 3554 1159 
5072 2315 2316 2314 
5073 1637 1639 1638 
5074 1747 3009 1746 
5075 3119 4274 914 
5076 996 4432 2999 
5077 1893 1895 1894 
5078 1588 1589 1587 
5079 1936 4585 1453 
5080 2664 2665 2661 
5081 1877 2989 1294 
5082 3360 3956 1040 
5083 2628 4234 2789 
5084 3305 3373 2472 
5085 3299 3442 535 
5086 534 3442 876 
5087 2407 4449 2606 
5088 1547 1549 1548 
5089 1815 1816 1814 
5090 817 3402 705 
5091 880 3863 3237 
5092 2660 2661 2659 
5093 1854 2322 2321 
5094 557 3385 556 
5095 2648 4428 3133 
5096 1846 4036 1847 
5097 3432 4310 1678 
5098 3060 4146 488 
5099 1980 4209 3523 
5100 661 3333 890 
5101 475 3324 881 
5102 646 3327 884 
5103 647 3338 3327 
5104 981 3325 469 
5105 640 3337 882 
5106 632 3339 838 
5107 978 3343 651 
5108 882 3323 639 
5109 468 3325 837 
5110 767 3341 471 
5111 634 3336 980 
5112 638 3323 979 
5113 649 3332 795 
5114 977 3324 476 
5115 768 3336 635 
5116 974 3333 662 
5117 477 3331 977 
5118 979 3335 637 
5119 470 3341 981 
5120 795 3338 648 
5121 976 3330 486 
5122 650 3343 3332 
5123 848 3344 657 
5124 980 3339 633 
5125 636 3335 768 
5126 485 3330 796 
5127 762 3331 478 
5128 881 3342 474 
5129 656 3344 982 
5130 1792 1794 1793 
5131 3309 4630 2891 
5132 3327 3338 3329 
5133 1106 3053 1109 
5134 2105 3431 2824 
5135 564 3476 868 
5136 801 4225 4058 
5137 2335 3476 3302 
5138 3934 4667 3933 
5139 3006 3156 1898 
5140 1442 4447 1837 
5141 1804 1806 1805 
5142 2169 2381 2350 
5143 1384 1386 1385 
5144 3459 4176 1868 
5145 2711 2713 2710 
5146 3302 3476 565 
5147 2309 2369 1004 
5148 2466 3975 2465 
5149 1784 1785 1783 
5150 541 3516 540 
5151 2541 4538 2540 
5152 1664 1666 1665 
5153 2362 3609 2364 
5154 1448 2207 1985 
5155 1922 1923 1921 
5156 1972 2032 1920 
5157 3099 4448 875 
5158 1388 1448 1447 
5159 1673 4651 1671 
5160 2446 4070 3111 
5161 3375 4448 3099 
5162 1132 3350 1228 
5163 1526 2083 1972 
5164 1759 1760 1758 
5165 3344 3452 3451 
5166 2026 2027 2025 
5167 2999 3794 996 
5168 1896 4136 1965 
5169 2554 3854 2555 
5170 3114 4581 968 
5171 1095 1096 1094 
5172 3452 4403 2871 
5173 3405 3782 1319 
5174 2709 2710 2706 
5175 2395 2396 1030 
5176 3205 4116 2251 
5177 137 3230 136 
5178 272 3262 271 
5179 119 3376 118 
5180 2285 3081 2286 
5181 2207 2898 2896 
5182 1074 1083 1082 
5183 3057 3542 2110 
5184 3139 3487 2144 
5185 1386 1388 1387 
5186 1895 1897 1896 
5187 488 4235 3060 
5188 1621 2018 1480 
5189 1296 4503 2610 
5190 1061 1062 1060 
5191 809 2479 338 
5192 810 2480 135 
5193 693 3471 692 
5194 2112 3404 2113 
5195 933 3847 3584 
5196 1135 1136 1134 
5197 2784 4639 1840 
5198 2201 2203 2202 
5199 1450 4478 3363 
5200 3117 4313 3746 
5201 2169 3136 2381 
5202 1275 3931 3904 
5203 1864 1866 1865 
5204 17 3422 846 
5205 1649 1650 1648 
5206 1955 3688 2959 
5207 2334 2921 2920 
5208 1859 1862 1861 
5209 2822 4523 3885 
5210 2051 2053 2052 
5211 2855 3753 2975 
5212 2789 4234 3827 
5213 2330 2397 2395 
5214 2745 4417 3160 
5215 1035 1037 1036 
5216 1481 1724 1621 
5217 1899 3572 1900 
5218 1536 4539 3229 
5219 1877 2990 2989 
5220 2829 3495 2477 
5221 2394 4616 1103 
5222 2777 4469 3552 
5223 1160 4534 1312 
5224 3586 3602 2526 
5225 1181 3018 1185 
5226 2567 4111 3448 
5227 2273 2275 2274 
5228 1536 1537 1535 
5229 1336 4334 1353 
5230 290 3377 289 
5231 1262 4495 3313 
5232 3192 3819 1006 
5233 3154 3990 992 
5234 1094 3722 1092 
5235 2308 2461 2309 
5236 2304 2306 2305 
5237 3135 4457 2591 
5238 783 4457 3135 
5239 241 864 240 
5240 168 924 167 
5241 371 923 370 
5242 38 863 37 
5243 2898 4130 2896 
5244 1058 1074 1073 
5245 3801 4194 2647 
5246 2886 3490 3489 
5247 1839 3574 2413 
5248 1776 4654 1777 
5249 2673 4011 2672 
5250 1511 3453 1339 
5251 3481 4342 1304 
5252 3297 3646 3308 
5253 1562 1564 1563 
5254 3646 3863 3308 
5255 3694 4135 4134 
5256 2403 3971 2404 
5257 2666 4463 2658 
5258 734 3508 733 
5259 570 3509 569 
5260 1146 3778 1142 
5261 1245 4030 2940 
5262 814 3518 413 
5263 1143 1145 1144 
5264 1382 4223 3446 
5265 2408 4388 3703 
5266 3063 3890 3559 
5267 1237 3190 1299 
5268 935 4142 3610 
5269 491 3398 490 
5270 3140 4218 871 
5271 2322 2323 2321 
5272 3078 4010 2981 
5273 2766 3602 3586 
5274 2028 2029 2027 
5275 2382 3501 3500 
5276 1590 1629 1589 
5277 3064 4009 2496 
5278 975 3398 491 
5279 490 3398 829 
5280 2634 4634 2607 
5281 2728 3591 3154 
5282 1156 1157 1155 
5283 3162 3163 2570 
5284 1133 1134 1132 
5285 848 3452 3344 
5286 1482 4394 1122 
5287 801 4057 416 
5288 3478 3755 2093 
5289 2625 4148 3678 
5290 3402 3993 2462 
5291 1528 3533 1922 
5292 3357 4490 3677 
5293 2145 4656 2456 
5294 3404 3405 2263 
5295 2993 3401 3203 
5296 17 846 16 
5297 220 845 219 
5298 2432 4214 3237 
5299 1580 4055 2441 
5300 40 3367 39 
5301 2369 3423 1004 
5302 3901 4553 3900 
5303 658 3418 848 
5304 792 4556 3079 
5305 3200 4364 3074 
5306 1639 1641 1640 
5307 3542 3543 2563 
5308 3724 4422 4103 
5309 690 3549 689 
5310 2678 3986 2680 
5311 2145 3768 3767 
5312 1454 3236 1795 
5313 3219 4161 4041 
5314 2827 4285 3602 
5315 965 4063 3679 
5316 3230 3346 2879 
5317 3034 3214 780 
5318 1327 3531 3115 
5319 887 3058 2639 
5320 888 2641 2640 
5321 1617 4589 1618 
5322 4077 4438 2895 
5323 2308 4208 2461 
5324 3020 4461 3021 
5325 2461 4208 3411 
5326 225 4153 576 
5327 1943 2258 1740 
5328 659 3418 658 
5329 136 3230 810 
5330 2930 4176 3459 
5331 2997 3168 2995 
5332 1666 1668 1667 
5333 2600 4101 3234 
5334 3242 3912 3416 
5335 2047 2049 2048 
5336 3482 3690 794 
5337 1771 4455 3077 
5338 2575 2969 2968 
5339 2449 2451 2450 
5340 2391 2392 2390 
5341 1267 1268 1226 
5342 2950 4121 3000 
5343 2568 2570 2569 
5344 1304 4342 1364 
5345 2865 3855 2863 
5346 1394 3236 1454 
5347 2436 3194 3004 
5348 1175 1177 1176 
5349 927 3894 3844 
5350 2698 2699 2697 
5351 2362 2363 2316 
5352 846 4417 3320 
5353 2372 4228 2123 
5354 1145 4434 1150 
5355 2884 4408 4224 
5356 2385 4084 3412 
5357 1313 4059 1352 
5358 2347 3764 2202 
5359 3312 4650 3311 
5360 1106 1108 1104 
5361 2023 2120 2119 
5362 3220 4108 3451 
5363 2700 2701 2699 
5364 1002 3427 3137 
5365 669 3579 971 
5366 1231 3942 3539 
5367 2562 3949 2564 
5368 2792 4065 3400 
5369 3447 4292 3061 
5370 2147 3615 1551 
5371 2467 3513 3188 
5372 1534 1535 1043 
5373 87 3419 86 
5374 2891 3358 2489 
5375 2612 4270 4247 
5376 138 3346 137 
5377 68 815 67 
5378 271 816 270 
5379 1341 3182 1511 
5380 917 4153 3186 
5381 3421 3934 3933 
5382 2366 4230 3562 
5383 2059 2784 1998 
5384 3284 3450 3282 
5385 1741 3347 1499 
5386 1137 1138 1136 
5387 3602 4285 2526 
5388 3938 4311 2772 
5389 1462 1463 1380 
5390 3001 4502 791 
5391 1723 1814 1722 
5392 1467 3481 1369 
5393 1825 3629 1532 
5394 1557 3687 1560 
5395 2045 2047 2046 
5396 3143 3833 1741 
5397 1962 2271 2270 
5398 1169 3407 1167 
5399 2526 3633 3586 
5400 1974 4128 3455 
5401 2099 3532 3039 
5402 1875 3224 1856 
5403 2271 2273 2272 
5404 3350 3351 2000 
5405 3199 3594 943 
5406 3631 4053 2369 
5407 3288 3985 2642 
5408 899 4085 3191 
5409 3155 3435 1487 
5410 535 3442 534 
5411 3786 4111 3843 
5412 1175 3433 2101 
5413 879 3579 670 
5414 1786 1787 1785 
5415 3234 4101 2339 
5416 1928 2037 1929 
5417 3188 3510 2466 
5418 1233 1278 1277 
5419 1853 1949 1948 
5420 2038 2041 2040 
5421 1974 3253 1490 
5422 2914 4094 1597 
5423 343 3389 342 
5424 2933 4124 2430 
5425 1097 1098 1096 
5426 1259 3519 3122 
5427 3323 4168 979 
5428 890 3470 660 
5429 843 3306 3298 
5430 1495 1682 1681 
5431 1761 1762 1760 
5432 3289 3306 843 
5433 514 3620 825 
5434 3207 3989 2778 
5435 2978 4131 2370 
5436 2230 2249 2248 
5437 1806 1808 1807 
5438 2253 4420 1855 
5439 2974 2975 2761 
5440 4034 4662 2923 
5441 452 4672 172 
5442 616 4671 375 
5443 630 3947 405 
5444 466 3948 202 
5445 1766 4170 3529 
5446 2343 2344 2342 
5447 2217 3202 1039 
5448 3245 4516 3228 
5449 1543 1545 1544 
5450 3371 3770 1020 
5451 826 3638 677 
5452 676 3638 956 
5453 1488 1974 1490 
5454 1332 4262 1290 
5455 1190 3238 1195 
5456 1234 3455 2608 
5457 221 3445 220 
5458 1651 1652 1650 
5459 729 3729 3270 
5460 565 3476 564 
5461 2313 3847 2315 
5462 3457 3931 1275 
5463 919 3729 730 
5464 2181 3565 2886 
5465 1177 1179 1178 
5466 3913 3943 2517 
5467 3367 4032 3181 
5468 2895 4438 2444 
5469 924 3178 167 
5470 923 3179 370 
5471 1108 4604 3540 
5472 2528 3864 3635 
5473 1668 1670 1669 
5474 1563 3978 1580 
5475 2437 3951 2331 
5476 1305 3176 1370 
5477 1355 4660 3201 
5478 2818 3356 2938 
5479 3676 3731 2604 
5480 39 3180 38 
5481 1493 3424 1489 
5482 2175 3354 3353 
5483 3282 3450 3283 
5484 2951 4423 3906 
5485 2597 4182 2598 
5486 1684 1686 1685 
5487 3433 3545 2101 
5488 3140 3378 2326 
5489 2456 3932 2844 
5490 786 3732 518 
5491 517 3732 968 
5492 3425 4164 2924 
5493 3374 3829 1614 
5494 3033 4400 1012 
5495 813 4274 3119 
5496 2785 4572 1477 
5497 875 4126 3099 
5498 2167 2235 2234 
5499 3320 3548 846 
5500 1207 1250 1184 
5501 1158 1159 1157 
5502 3319 3387 2804 
5503 1282 1284 1283 
5504 1022 3447 3061 
5505 818 3516 541 
5506 2362 3982 3609 
5507 1483 3468 1482 
5508 3044 3715 3045 
5509 1406 1858 1471 
5510 1431 4206 1313 
5511 3271 3272 961 
5512 965 3679 702 
5513 701 3679 800 
5514 3839 3849 1359 
5515 2377 4571 3856 
5516 798 4328 3073 
5517 2438 4173 2746 
5518 1641 1643 1642 
5519 2782 4341 3551 
5520 1084 1085 1083 
5521 3629 3999 2801 
5522 3186 4153 3208 
5523 1185 3018 1230 
5524 3205 3628 1276 
5525 3718 3876 854 
5526 2746 3622 2747 
5527 340 3865 339 
5528 2738 4264 2737 
5529 2555 2556 2453 
5530 1564 1566 1565 
5531 1998 2951 1734 
5532 3231 3752 3232 
5533 2063 2065 2064 
5534 1464 1722 1463 
5535 2915 2917 2916 
5536 3934 4477 2228 
5537 3101 3792 2253 
5538 2976 4520 4361 
5539 1175 2101 1177 
5540 2940 3944 2409 
5541 3431 4564 2631 
5542 472 3546 767 
5543 3342 3546 473 
5544 759 4163 3086 
5545 2055 2218 2056 
5546 3223 4593 2388 
5547 1179 1181 1180 
5548 3885 4523 2589 
5549 2751 4577 2749 
5550 1166 4442 1293 
5551 1534 4539 1536 
5552 952 4011 3440 
5553 692 3471 874 
5554 3130 3259 2691 
5555 3562 3738 764 
5556 903 4373 3214 
5557 1862 1864 1863 
5558 2417 3538 1411 
5559 888 2640 187 
5560 887 2639 390 
5561 3461 4055 2365 
5562 3007 3906 2788 
5563 1670 1672 1671 
5564 3820 4492 1264 
5565 1853 3166 1949 
5566 2481 3413 2482 
5567 710 3737 709 
5568 2289 2290 2216 
5569 974 3576 3333 
5570 2202 3764 3477 
5571 2061 2328 1620 
5572 2168 3136 2169 
5573 2907 4355 2546 
5574 2500 4431 4034 
5575 821 3924 3503 
5576 2664 4286 2665 
5577 1364 3962 3797 
5578 2053 2055 2054 
5579 820 3733 3012 
5580 2293 4493 3424 
5581 1243 3582 1143 
5582 2100 3879 2996 
5583 3847 3982 2315 
5584 1231 4388 3942 
5585 1775 3752 3231 
5586 342 953 341 
5587 270 3233 269 
5588 139 954 138 
5589 2108 2317 1831 
5590 2364 2365 2363 
5591 3904 4143 1275 
5592 2120 2122 2121 
5593 883 3578 481 
5594 2128 2168 2129 
5595 659 3470 3418 
5596 660 3470 659 
5597 3246 4516 3245 
5598 3084 3963 2560 
5599 2580 3897 2578 
5600 3587 3909 3380 
5601 2972 4400 4145 
5602 414 4184 23 
5603 2126 2128 2127 
5604 337 4245 613 
5605 2758 4489 3606 
5606 3183 3616 774 
5607 2267 2485 2268 
5608 389 4240 629 
5609 186 4239 465 
5610 2122 2124 2123 
5611 1538 1877 1294 
5612 2124 2126 2125 
5613 3124 4638 829 
5614 2715 4638 3124 
5615 937 4491 3102 
5616 3161 4435 886 
5617 3070 3749 2634 
5618 2471 3358 3216 
5619 2490 3937 3058 
5620 1336 1337 1325 
5621 955 4353 3278 
5622 2116 2263 2262 
5623 1092 3722 1273 
5624 3002 3740 819 
5625 2968 4591 2577 
5626 3409 3647 3389 
5627 1894 4625 1892 
5628 2184 2210 2133 
5629 693 4216 3471 
5630 2774 4639 2784 
5631 1682 1684 1683 
5632 70 3488 69 
5633 2305 3427 1002 
5634 762 3589 3331 
5635 320 885 319 
5636 89 821 88 
5637 292 822 291 
5638 117 886 116 
5639 2237 2239 2238 
5640 2637 4367 2519 
5641 1693 3702 1696 
5642 1165 3250 1163 
5643 3370 3772 2249 
5644 1343 3182 1341 
5645 230 4174 581 
5646 4134 4135 2564 
5647 1716 1875 1856 
5648 1672 1674 1673 
5649 1303 4614 4549 
5650 2036 2367 1877 
5651 761 3613 642 
5652 641 3613 3337 
5653 773 3896 3543 
5654 827 3807 546 
5655 545 3807 967 
5656 807 3376 119 
5657 1139 1140 1138 
5658 1160 1161 1159 
5659 1741 4278 3143 
5660 3330 3726 796 
5661 2641 2949 2948 
5662 2406 2773 2367 
5663 3298 3646 3297 
5664 1788 1789 1787 
5665 2691 3259 3116 
5666 1845 3432 1842 
5667 2219 3601 2850 
5668 2483 2484 2481 
5669 137 3346 3230 
5670 271 3262 816 
5671 1278 1280 1279 
5672 2568 3448 3162 
5673 2419 3219 2424 
5674 2505 3992 3400 
5675 2235 2237 2236 
5676 1324 4198 1347 
5677 680 3827 962 
5678 1949 1951 1950 
5679 3043 4486 965 
5680 691 3830 690 
5681 2589 4523 1828 
5682 289 3377 927 
5683 3195 4376 3004 
5684 2501 3134 1918 
5685 1088 3994 1303 
5686 3611 4131 2978 
5687 2580 4045 3649 
5688 3109 4542 1391 
5689 1179 1183 1181 
5690 733 3508 1774 
5691 569 3509 1775 
5692 1487 3435 3159 
5693 847 3642 493 
5694 492 3642 975 
5695 2737 4092 2736 
5696 785 3902 682 
5697 1866 1899 1867 
5698 2167 3177 2235 
5699 2675 4054 3075 
5700 2674 3674 3233 
5701 3582 4434 1145 
5702 450 4254 170 
5703 614 4255 373 
5704 1721 3059 1537 
5705 1099 1100 1098 
5706 1763 1764 1762 
5707 815 3206 67 
5708 1774 4596 4047 
5709 3113 4065 758 
5710 1780 4194 2137 
5711 2682 4092 3438 
5712 1870 1872 1871 
5713 3001 3894 2337 
5714 3516 4456 540 
5715 2603 4015 3044 
5716 3175 3620 3027 
5717 1499 3347 1934 
5718 3636 3637 2252 
5719 1263 3910 1329 
5720 302 3984 301 
5721 1280 1282 1281 
5722 2161 2164 2163 
5723 1319 3782 2458 
5724 2328 4334 3383 
5725 2426 4619 4018 
5726 3643 4138 2766 
5727 2875 3974 2857 
5728 3471 3592 874 
5729 961 3954 3281 
5730 872 4666 3070 
5731 901 4450 3678 
5732 1340 1341 1339 
5733 1951 2022 1952 
5734 4145 4400 2667 
5735 369 3366 368 
5736 166 3365 165 
5737 2197 2199 2198 
5738 1849 1850 1458 
5739 3079 4556 2636 
5740 2010 2011 2009 
5741 1674 1852 1675 
5742 771 3496 3184 
5743 1145 1148 1144 
5744 1717 4439 2538 
5745 3169 4298 714 
5746 2095 2097 1730 
5747 3552 4469 1502 
5748 2049 2051 2050 
5749 827 4197 3056 
5750 1094 4576 3722 
5751 2043 2045 2044 
5752 3101 4211 1521 
5753 3558 4213 2820 
5754 3418 3470 2873 
5755 3160 4417 3422 
5756 1643 1645 1644 
5757 4114 4156 926 
5758 1331 1389 1254 
5759 502 4202 203 
5760 2476 4420 2753 
5761 1416 1469 1374 
5762 3690 4213 794 
5763 1573 1576 1575 
5764 203 4202 501 
5765 1188 3238 1190 
5766 3379 4601 795 
5767 2991 4498 3334 
5768 86 3419 928 
5769 2065 2067 2066 
5770 2577 3921 3303 
5771 2997 3959 3169 
5772 1377 3629 1298 
5773 1919 2787 2399 
5774 1323 3494 1148 
5775 1366 3484 1036 
5776 2874 3717 3015 
5777 573 3706 983 
5778 409 3707 984 
5779 3145 3669 891 
5780 2291 2777 2290 
5781 2205 3682 2203 
5782 2248 3615 2147 
5783 2800 4097 2799 
5784 2911 4418 1431 
5785 1859 3698 1862 
5786 2380 3675 3011 
5787 1836 1926 1840 
5788 2478 4611 3326 
5789 2991 4048 2870 
5790 665 3523 664 
5791 4224 4424 2884 
5792 3375 4182 765 
5793 3328 4515 2211 
5794 882 4045 3323 
5795 3333 3576 3334 
5796 973 3711 498 
5797 497 3711 889 
5798 1993 3691 2648 
5799 3532 4046 2786 
5800 1566 1572 1567 
5801 1087 4496 1244 
5802 2005 4159 2004 
5803 1852 3166 1853 
5804 2786 4046 2785 
5805 840 3970 719 
5806 718 3970 963 
5807 1878 4557 2733 
5808 974 4626 3576 
5809 3179 3366 369 
5810 3178 3365 166 
5811 1686 1928 1687 
5812 218 985 217 
5813 15 986 14 
5814 394 805 393 
5815 191 804 190 
5816 1162 1163 1161 
5817 3255 3447 1022 
5818 2083 3528 3023 
5819 494 3717 847 
5820 1968 4426 3570 
5821 1969 4427 3569 
5822 2684 4117 3431 
5823 3567 3568 2079 
5824 2482 4105 4104 
5825 2414 3859 2135 
5826 3920 4039 3532 
5827 3913 4415 2089 
5828 38 3180 863 
5829 3303 3921 532 
5830 531 3921 782 
5831 2076 3566 2079 
5832 243 3475 242 
5833 3406 3407 1169 
5834 2537 4602 4494 
5835 3107 3600 2434 
5836 2178 3675 2523 
5837 2689 2690 2687 
5838 1313 4206 4059 
5839 2977 4237 1425 
5840 3039 4642 3056 
5841 3042 3860 812 
5842 1338 1339 1337 
5843 2573 3777 2208 
5844 62 3396 61 
5845 2323 4655 3319 
5846 2934 4605 3057 
5847 2582 4195 1539 
5848 3619 4426 736 
5849 1655 2223 1832 
5850 2594 4502 3001 
5851 88 3503 87 
5852 291 3504 290 
5853 689 3549 766 
5854 2759 2760 2359 
5855 2006 2007 2005 
5856 1261 4576 1094 
5857 885 4357 3606 
5858 66 3390 65 
5859 781 4367 4216 
5860 3273 3520 958 
5861 761 4514 3165 
5862 1585 3461 3083 
5863 2483 2878 2484 
5864 2304 3553 2306 
5865 1000 4430 3925 
5866 2020 3602 2766 
5867 3148 3577 1546 
5868 1820 1821 1818 
5869 345 3436 344 
5870 142 3439 141 
5871 806 3439 3139 
5872 3326 3851 2478 
5873 2691 3116 2690 
5874 4209 4283 2904 
5875 1059 1060 1057 
5876 2948 4608 3834 
5877 2454 3952 2455 
5878 4494 4602 2539 
5879 3497 4204 2346 
5880 3212 4480 3811 
5881 1547 1548 1545 
5882 3184 3821 924 
5883 2938 3356 3355 
5884 2472 4090 2469 
5885 2317 3720 1831 
5886 473 3546 472 
5887 2692 3588 3414 
5888 986 4529 3489 
5889 998 4028 2957 
5890 3377 3583 927 
5891 2702 3771 2701 
5892 775 4032 3367 
5893 2967 3077 2984 
5894 2155 2158 2157 
5895 3093 3095 2222 
5896 2964 4421 2550 
5897 1383 3900 1384 
5898 1204 3190 1237 
5899 3448 4111 1736 
5900 984 3676 3264 
5901 2373 4282 3429 
5902 2088 3987 3157 
5903 1658 1659 1657 
5904 3061 4292 1018 
5905 2784 2951 1998 
5906 293 3480 292 
5907 3558 4142 935 
5908 1983 2088 1628 
5909 1777 1779 1778 
5910 1164 1165 1163 
5911 830 3789 653 
5912 652 3789 978 
5913 2766 4138 2433 
5914 1093 3907 1274 
5915 2291 3828 2777 
5916 2495 4275 2881 
5917 685 4003 684 
5918 2521 4266 2034 
5919 2166 3177 2167 
5920 551 4010 550 
5921 3739 4463 4395 
5922 3038 4083 1975 
5923 3906 4423 1926 
5924 3057 3571 946 
5925 1602 1603 1601 
5926 912 3748 1015 
5927 2988 3475 2775 
5928 1790 1791 1789 
5929 795 4152 3379 
5930 1955 2959 2402 
5931 2164 2166 2165 
5932 2849 4488 3595 
5933 1594 3441 1596 
5934 3489 4529 2885 
5935 2922 4172 2920 
5936 2482 4104 2480 
5937 688 4027 687 
5938 1108 3540 1104 
5939 2512 3839 1359 
5940 1705 1706 1704 
5941 2627 4030 1245 
5942 3339 3869 3340 
5943 3340 3869 2292 
5944 830 4186 3256 
5945 1173 1174 1171 
5946 3070 4044 872 
5947 4166 4290 3614 
5948 975 4433 3125 
5949 1446 1465 1408 
5950 1141 1142 1140 
5951 2825 3885 3263 
5952 2366 3562 3561 
5953 2330 4133 2397 
5954 670 3579 669 
5955 3363 3612 1450 
5956 1882 1883 1881 
5957 3692 4334 2328 
5958 2112 4021 3782 
5959 1765 1767 1764 
5960 3310 3704 951 
5961 2932 3911 1624 
5962 2769 2771 2770 
5963 2730 4401 2731 
5964 1415 3552 1502 
5965 1593 1594 1592 
5966 2820 4213 2393 
5967 1157 3554 1238 
5968 1843 3751 1891 
5969 1105 1106 1104 
5970 1645 1647 1646 
5971 3471 4216 2637 
5972 411 4331 20 
5973 1555 3687 1557 
5974 3456 4175 3840 
5975 3625 3626 3624 
5976 1055 4429 2983 
5977 1166 1167 1165 
5978 516 4074 515 
5979 1671 4651 2035 
5980 3424 4493 1258 
5981 1626 1868 1827 
5982 3167 4580 3698 
5983 2823 3992 2104 
5984 3945 4335 3078 
5985 1688 4391 1494 
5986 1804 1805 1768 
5987 2873 4498 2991 
5988 923 3614 3179 
5989 3318 4265 3319 
5990 3272 4102 4077 
5991 481 3578 480 
5992 3162 4579 3163 
5993 3701 3873 763 
5994 3334 4498 890 
5995 2409 3944 3359 
5996 1478 1836 1835 
5997 1101 1102 1100 
5998 3241 3875 853 
5999 1798 3469 3468 
6000 3373 3605 2547 
6001 3792 4026 832 
6002 1452 1625 1523 
6003 3100 4147 3025 
6004 1618 1733 1549 
6005 2225 4098 1901 
6006 4140 4378 1830 
6007 1922 3533 1992 
6008 1915 4647 2241 
6009 3679 4063 3108 
6010 1822 2213 1821 
6011 3865 4129 2962 
6012 905 4667 3934 
6013 1582 1588 1587 
6014 2029 2154 2031 
6015 2924 4164 2501 
6016 3665 3896 773 
6017 16 3548 15 
6018 972 4214 3246 
6019 41 775 40 
6020 165 812 164 
6021 368 811 367 
6022 244 776 243 
6023 2161 3226 2164 
6024 3132 4569 863 
6025 2063 4545 2065 
6026 1943 3818 2258 
6027 2999 4432 2617 
6028 3033 4641 4400 
6029 785 4015 3087 
6030 2939 4158 2096 
6031 2915 4007 2917 
6032 1168 1169 1167 
6033 3301 4212 3300 
6034 2925 3913 2089 
6035 3678 4450 2624 
6036 844 3938 3301 
6037 1754 1756 1755 
6038 1903 2862 2861 
6039 884 3899 645 
6040 220 3445 845 
6041 37 4203 36 
6042 1560 3687 1568 
6043 1649 3765 1655 
6044 3219 3522 1476 
6045 2074 2076 2075 
6046 1103 1104 1102 
6047 1172 1173 1171 
6048 817 3993 3402 
6049 2568 2569 1191 
6050 2816 4293 3309 
6051 3071 4616 3467 
6052 3021 4507 1239 
6053 1170 1171 1169 
6054 3818 4612 2258 
6055 2329 3787 1032 
6056 3280 3938 3279 
6057 2722 3762 3204 
6058 2684 4483 4117 
6059 407 4243 1 
6060 571 4244 204 
6061 3543 3776 773 
6062 1 4243 734 
6063 204 4244 570 
6064 2900 4236 2899 
6065 2435 2436 1973 
6066 3072 3446 2218 
6067 781 4216 694 
6068 3319 4265 2323 
6069 871 4218 521 
6070 1983 3987 2088 
6071 3149 3801 2908 
6072 922 4007 4006 
6073 1234 3456 3455 
6074 1090 3994 1088 
6075 1372 1802 1363 
6076 2189 2400 1914 
6077 687 4666 686 
6078 2448 3682 2205 
6079 2532 3550 3444 
6080 954 3346 138 
6081 816 3233 270 
6082 2753 4420 3793 
6083 1397 2000 1399 
6084 2315 3982 2362 
6085 715 4279 714 
6086 2862 2864 2863 
6087 39 3367 3180 
6088 3206 3390 66 
6089 803 3409 3389 
6090 713 4298 960 
6091 3614 4290 3179 
6092 1745 2026 2025 
6093 550 4335 549 
6094 2841 4569 3132 
6095 2154 3757 3531 
6096 1056 1059 1057 
6097 2345 4637 3058 
6098 2264 2267 2266 
6099 2370 4131 3890 
6100 1032 4299 3085 
6101 2473 4409 3639 
6102 2723 4160 2724 
6103 2077 3566 2076 
6104 2201 2202 2199 
6105 3488 3603 69 
6106 3056 4584 2614 
6107 2408 3314 2091 
6108 709 4468 708 
6109 539 4456 970 
6110 268 952 267 
6111 65 951 64 
6112 344 803 343 
6113 141 806 140 
6114 2598 4182 3375 
6115 875 4448 527 
6116 522 4453 871 
6117 3844 3894 3001 
6118 1138 1147 1136 
6119 1734 1959 1733 
6120 2752 4337 2751 
6121 1906 1907 1905 
6122 2158 2160 2159 
6123 1174 3406 1171 
6124 1384 1385 1368 
6125 3089 4482 3088 
6126 1510 4624 1946 
6127 1634 1635 1633 
6128 2324 3427 2305 
6129 3117 3997 3094 
6130 3490 3491 3489 
6131 3455 4336 3253 
6132 2160 3226 2161 
6133 3689 3778 2897 
6134 515 3620 514 
6135 3307 3802 879 
6136 2923 4662 3950 
6137 2038 3627 2041 
6138 3617 4351 3183 
6139 3108 4063 2389 
6140 1008 4145 3739 
6141 1676 3843 3141 
6142 2449 2450 2448 
6143 69 3603 68 
6144 1576 1578 1577 
6145 2954 4219 1005 
6146 2955 4220 1007 
6147 3501 4331 918 
6148 1273 4548 1090 
6149 2280 2281 2279 
6150 1689 3753 3050 
6151 1437 3939 2439 
6152 2211 3632 2210 
6153 2285 3082 3081 
6154 3778 3779 2897 
6155 526 4448 3375 
6156 2278 2279 2277 
6157 488 4146 487 
6158 2247 3556 1964 
6159 520 4218 3349 
6160 68 3603 815 
6161 663 3977 974 
6162 3106 3671 931 
6163 3592 3951 874 
6164 1244 4496 4124 
6165 642 3613 641 
6166 1772 3881 1839 
6167 3384 4453 523 
6168 2468 4500 2728 
6169 1792 1793 1791 
6170 1889 4407 3817 
6171 1413 1450 1427 
6172 3289 3826 3306 
6173 809 3865 3211 
6174 677 3638 676 
6175 2076 2079 2078 
6176 4549 4614 2821 
6177 1728 2325 1727 
6178 2447 2448 2205 
6179 3193 4640 995 
6180 2187 3713 3407 
6181 3506 3957 1241 
6182 1543 1544 1519 
6183 1726 1727 1725 
6184 2907 4567 4355 
6185 1238 3703 1155 
6186 3790 4121 1766 
6187 318 988 317 
6188 115 987 114 
6189 1466 1725 1465 
6190 1290 4262 3831 
6191 2425 2426 2421 
6192 2543 4299 3787 
6193 2130 2475 1811 
6194 3358 4304 2488 
6195 4002 4619 2426 
6196 3536 4444 2497 
6197 3185 3915 2085 
6198 1173 1175 1174 
6199 1828 3996 2635 
6200 3834 4608 2217 
6201 730 3729 729 
6202 489 4235 488 
6203 3586 3633 3585 
6204 1159 3554 1157 
6205 2547 4167 2859 
6206 902 4232 2957 
6207 2806 3082 2285 
6208 1121 4664 1223 
6209 1875 4144 3224 
6210 1504 1912 1813 
6211 2321 3923 1731 
6212 2371 3434 1533 
6213 1647 1649 1648 
6214 3018 3838 1230 
6215 2642 3985 2643 
6216 2905 3977 3523 
6217 1813 3599 1995 
6218 2864 3391 2865 
6219 2626 4150 4149 
6220 2117 4627 2518 
6221 1797 1911 1584 
6222 3235 4453 3384 
6223 1691 3702 1693 
6224 2022 3654 2023 
6225 1143 1144 1142 
6226 3118 3654 2022 
6227 927 3844 288 
6228 2356 2966 2357 
6229 4135 4536 4160 
6230 2486 2763 2679 
6231 2286 3081 3080 
6232 1551 3615 1401 
6233 493 3642 492 
6234 2930 3459 2097 
6235 631 4567 630 
6236 1909 1910 1907 
6237 2172 4175 3189 
6238 1597 4006 2915 
6239 4133 4251 2397 
6240 2197 2198 1939 
6241 2340 3567 3566 
6242 3081 4238 2312 
6243 941 3525 3198 
6244 3499 4188 2930 
6245 3502 4489 2358 
6246 2303 2348 1720 
6247 1148 3494 1144 
6248 2310 4493 2293 
6249 518 3732 517 
6250 931 4402 3106 
6251 666 4302 406 
6252 1537 2356 2338 
6253 1472 4544 1405 
6254 2777 3552 3252 
6255 2806 3692 3082 
6256 3334 4048 2991 
6257 3290 4661 826 
6258 2740 4487 3008 
6259 3626 3699 3624 
6260 1696 3702 1701 
6261 1346 3182 1343 
6262 3112 3551 3371 
6263 2112 3782 3404 
6264 574 4361 222 
6265 2810 4393 2809 
6266 3066 3068 3067 
6267 3817 4407 3223 
6268 3547 4093 2491 
6269 3284 3918 3450 
6270 957 3945 3454 
6271 1270 3479 1268 
6272 290 3504 3377 
6273 3347 4612 1934 
6274 2063 2064 1916 
6275 406 4302 665 
6276 3403 4599 4073 
6277 3424 4326 2293 
6278 1575 4345 1742 
6279 1314 4354 2085 
6280 1075 4440 1242 
6281 993 3967 3160 
6282 2802 4524 2987 
6283 2557 2558 2556 
6284 2105 4564 3431 
6285 1448 1985 1447 
6286 3203 3915 3185 
6287 2207 2896 1985 
6288 790 4248 4148 
6289 1388 1447 1387 
6290 342 3389 953 
6291 3311 4650 796 
6292 3576 4626 2903 
6293 2662 3648 2800 
6294 2463 3598 2392 
6295 1625 3359 1626 
6296 3386 4620 2348 
6297 1516 1798 1514 
6298 1039 3202 1041 
6299 848 4403 3452 
6300 1922 1924 1923 
6301 1386 1387 1385 
6302 2083 2259 1972 
6303 2080 3568 3567 
6304 2769 2770 1945 
6305 654 4186 830 
6306 982 4186 655 
6307 392 4293 391 
6308 2135 2652 1910 
6309 2826 3937 2490 
6310 2360 3875 3241 
6311 367 3426 366 
6312 245 3263 244 
6313 42 3428 41 
6314 2149 2386 1897 
6315 1992 4113 3368 
6316 2587 4178 3685 
6317 2464 4053 2014 
6318 702 3679 701 
6319 2135 3859 3217 
6320 3556 4625 1894 
6321 1588 1590 1589 
6322 3049 4215 3578 
6323 479 4215 762 
6324 2886 4386 3490 
6325 2816 4659 4293 
6326 2673 4328 4011 
6327 2307 2324 2305 
6328 1635 3485 1637 
6329 304 3923 870 
6330 3192 4288 3819 
6331 3442 3971 876 
6332 2817 4456 3516 
6333 2397 3393 2395 
6334 2174 3564 2900 
6335 2026 2028 2027 
6336 1037 1038 1036 
6337 1724 1989 1621 
6338 1104 3540 1102 
6339 2508 4628 3867 
6340 1456 3449 1361 
6341 2443 4077 2963 
6342 3228 4516 3227 
6343 1794 1937 1793 
6344 2484 3413 2481 
6345 1746 3051 1229 
6346 2980 4035 2979 
6347 2461 3120 2309 
6348 2306 2307 2305 
6349 796 4650 484 
6350 1038 1366 1036 
6351 981 4277 3209 
6352 2383 3756 3156 
6353 87 3503 3419 
6354 3171 3478 1243 
6355 3724 4103 2297 
6356 3591 3990 3154 
6357 3698 4580 2534 
6358 1924 1925 1923 
6359 2969 3577 2970 
6360 1922 1992 1924 
6361 1184 3433 1173 
6362 2230 2248 2147 
6363 2626 4149 4148 
6364 4139 4434 3582 
6365 2083 3023 2259 
6366 643 4514 761 
6367 2279 4583 2277 
6368 2714 3521 2713 
6369 272 3981 3262 
6370 2182 4250 3408 
6371 267 3440 266 
6372 64 3437 63 
6373 2694 3824 1702 
6374 3058 3937 2345 
6375 1134 3350 1132 
6376 2203 2347 2202 
6377 1051 4658 1049 
6378 2734 4276 3652 
6379 1806 1807 1805 
6380 2220 3072 2218 
6381 3191 4346 899 
6382 1590 1975 1629 
6383 1750 3009 1747 
6384 3074 4364 3535 
6385 2733 4557 3873 
6386 1724 2342 1989 
6387 1037 1039 1038 
6388 1649 1651 1650 
6389 2258 4012 3430 
6390 1796 4504 2153 
6391 837 3929 467 
6392 2347 4347 3151 
6393 3068 3069 3067 
6394 1740 3430 1404 
6395 396 989 395 
6396 193 990 192 
6397 116 3607 115 
6398 319 3606 318 
6399 4095 4384 2956 
6400 1841 3751 1843 
6401 755 3584 3321 
6402 2287 3641 3357 
6403 3408 3654 3118 
6404 3084 4151 3710 
6405 3466 3467 2394 
6406 1626 3359 1868 
6407 3111 4070 3266 
6408 3543 3896 2563 
6409 1069 3855 1067 
6410 3295 4473 3492 
6411 2322 3653 2323 
6412 2293 3572 1899 
6413 1287 1538 1294 
6414 4241 4487 2740 
6415 2718 4441 2719 
6416 1870 1871 1810 
6417 3221 3670 892 
6418 3389 3647 953 
6419 1052 1058 1051 
6420 3314 3441 2091 
6421 2731 4401 3526 
6422 989 4480 3215 
6423 1585 4287 3461 
6424 2250 2293 1899 
6425 1898 3756 2412 
6426 1050 1051 1049 
6427 3896 3949 2562 
6428 3787 4299 1032 
6429 2378 4047 2604 
6430 1274 3742 3126 
6431 3553 4033 2800 
6432 2824 3603 3488 
6433 92 892 91 
6434 295 891 294 
6435 1048 1049 1047 
6436 3176 4406 2442 
6437 2764 4397 3298 
6438 2013 2080 2015 
6439 3114 4411 2729 
6440 2761 3261 2760 
6441 1020 3770 1019 
6442 3484 3825 3033 
6443 3305 3927 1520 
6444 1046 1047 1045 
6445 498 3711 497 
6446 910 4321 3770 
6447 2394 4481 3466 
6448 970 3850 3292 
6449 2932 3863 3646 
6450 1505 3758 1506 
6451 2643 3374 2557 
6452 3055 4370 3054 
6453 2651 4098 3210 
6454 1044 1045 1042 
6455 2926 4207 3248 
6456 2956 3767 1854 
6457 2226 3478 2093 
6458 3589 4001 2539 
6459 828 3737 710 
6460 3222 4042 3670 
6461 2955 4395 1000 
6462 495 3717 494 
6463 2007 2010 2009 
6464 3685 4515 4091 
6465 1573 3750 1576 
6466 45 3525 44 
6467 248 3526 247 
6468 757 4662 4034 
6469 4016 4526 1010 
6470 3746 3848 1579 
6471 2970 3918 2968 
6472 3073 4328 2673 
6473 3873 4557 3107 
6474 2088 4485 3573 
6475 772 4255 3423 
6476 959 3826 3289 
6477 1463 4597 4495 
6478 3850 3988 3174 
6479 3163 3164 2570 
6480 1654 1658 1657 
6481 3141 3809 1676 
6482 1495 3816 1682 
6483 3309 4293 392 
6484 2069 3394 2067 
6485 3065 3903 3066 
6486 4014 4300 950 
6487 846 3548 16 
6488 2760 4518 3370 
6489 775 3367 40 
6490 1849 3541 1850 
6491 1992 3368 2445 
6492 2928 3930 3641 
6493 822 3590 3504 
6494 1044 1055 1046 
6495 3706 4381 983 
6496 2902 4174 4173 
6497 3688 3983 2959 
6498 2283 2806 2285 
6499 1808 2245 1807 
6500 1041 1043 1042 
6501 3348 4000 2602 
6502 2061 4238 2328 
6503 2758 4357 2759 
6504 1941 4191 1466 
6505 2971 4016 3362 
6506 1155 3703 1153 
6507 1039 1041 1040 
6508 1858 3698 1859 
6509 1777 1778 1613 
6510 2138 2139 1874 
6511 1501 1829 1719 
6512 1603 2001 1605 
6513 2003 2006 2005 
6514 1938 4584 2613 
6515 1655 3765 2223 
6516 2951 3906 1959 
6517 1432 2081 1434 
6518 895 3488 70 
6519 1587 4271 1986 
6520 3589 4096 3331 
6521 1706 1771 1708 
6522 3257 4603 3258 
6523 3416 4550 3417 
6524 1607 2300 1609 
6525 2519 4530 4301 
6526 1053 1056 1054 
6527 1824 1825 1532 
6528 2388 4593 3980 
6529 1252 3545 1250 
6530 1050 1053 1052 
6531 1416 3527 1469 
6532 2400 4075 3962 
6533 1014 4393 3903 
6534 2873 4403 3418 
6535 3500 3518 3517 
6536 3652 4291 2734 
6537 758 4066 3113 
6538 1857 4554 2467 
6539 1719 3624 1801 
6540 3271 4102 3272 
6541 1710 1713 1712 
6542 2725 4408 2884 
6543 3430 3833 2793 
6544 190 4000 189 
6545 219 3708 218 
6546 1323 4022 3494 
6547 1173 3433 1175 
6548 1554 2435 1973 
6549 1530 1602 1601 
6550 1883 2232 1885 
6551 3721 4269 3512 
6552 3781 4442 3187 
6553 269 3674 268 
6554 1611 1882 1881 
6555 2643 3985 3520 
6556 2971 4526 4016 
6557 2475 3832 1811 
6558 2917 2918 2916 
6559 3495 3929 837 
6560 1754 1755 1752 
6561 1475 1593 1592 
6562 2531 3941 3191 
6563 2299 4516 3246 
6564 323 4352 808 
6565 1079 3855 1069 
6566 2065 2066 2064 
6567 1074 1084 1083 
6568 2500 4034 2923 
6569 3077 4455 3041 
6570 120 4372 807 
6571 3437 3438 797 
6572 2304 4069 3553 
6573 163 948 162 
6574 366 947 365 
6575 2848 4549 3751 
6576 1700 1705 1704 
6577 1578 3746 1579 
6578 2108 3663 2317 
6579 1492 3816 1495 
6580 2036 2406 2367 
6581 1888 3809 3141 
6582 2243 3059 1721 
6583 2948 4239 2640 
6584 3473 4300 4014 
6585 1538 2036 1877 
6586 2400 4342 3481 
6587 2624 4450 2623 
6588 1891 3751 2821 
6589 3308 3863 880 
6590 1781 1996 1779 
6591 795 4601 3338 
6592 1746 4190 3051 
6593 2953 4295 2184 
6594 2406 3410 2773 
6595 2074 2075 2072 
6596 3523 3977 664 
6597 1434 3640 1436 
6598 2622 4511 2620 
6599 4234 4551 3322 
6600 1254 3498 1252 
6601 1939 3493 1824 
6602 1999 3878 3779 
6603 2089 4415 1804 
6604 2082 3118 2022 
6605 1458 3527 1416 
6606 2628 4551 4234 
6607 3380 3381 1511 
6608 2502 4333 2505 
6609 63 797 62 
6610 346 949 345 
6611 143 950 142 
6612 266 798 265 
6613 1696 1701 1698 
6614 4197 4584 3056 
6615 1659 1662 1661 
6616 977 4538 3324 
6617 2793 3833 3143 
6618 2155 3745 2158 
6619 3891 4614 1303 
6620 192 3667 191 
6621 395 3668 394 
6622 2404 3971 3442 
6623 3150 4653 2487 
6624 3209 4277 2688 
6625 1058 3596 1074 
6626 3492 4367 781 
6627 2348 3485 1720 
6628 3437 3704 3438 
6629 1862 3698 2534 
6630 1044 3759 1055 
6631 1887 1906 1905 
6632 2309 3631 2369 
6633 3146 4184 913 
6634 1616 1634 1633 
6635 1651 3720 1652 
6636 2037 3627 2038 
6637 2718 4510 3426 
6638 4118 4628 3881 
6639 2774 2784 2059 
6640 2133 3541 1849 
6641 3749 4666 687 
6642 899 4245 4085 
6643 754 4252 4033 
6644 294 3669 293 
6645 91 3670 90 
6646 2004 4159 3138 
6647 994 4520 3445 
6648 2029 3757 2154 
6649 2984 2985 2983 
6650 2967 2983 2357 
6651 3520 3985 958 
6652 12 854 11 
6653 215 853 214 
6654 4263 4275 828 
6655 803 3389 343 
6656 1805 3761 1768 
6657 3566 3567 2079 
6658 2010 2016 2011 
6659 1342 3930 1348 
6660 684 4003 3715 
6661 2744 4616 3071 
6662 1909 2414 2135 
6663 1341 1511 1339 
6664 826 4661 3595 
6665 1872 1955 1871 
6666 546 3807 545 
6667 2416 3522 2419 
6668 786 4411 3732 
6669 3840 4175 2172 
6670 1560 1568 1562 
6671 2295 4661 3322 
6672 3421 4477 3934 
6673 2067 2070 2066 
6674 1959 3906 3007 
6675 2395 3639 2396 
6676 1758 1766 1756 
6677 821 3503 88 
6678 822 3504 291 
6679 2610 4503 3115 
6680 113 820 112 
6681 316 819 315 
6682 2935 3655 2138 
6683 1171 3406 1169 
6684 3135 3650 783 
6685 2211 3685 3632 
6686 3766 4110 2223 
6687 3806 4406 1425 
6688 2355 2788 1926 
6689 2713 2754 2710 
6690 1545 3395 1544 
6691 1634 2302 1720 
6692 3645 3946 2779 
6693 2427 4196 2189 
6694 845 3708 219 
6695 1621 3645 2018 
6696 3243 3912 3242 
6697 653 3789 652 
6698 2975 3261 2761 
6699 165 3365 812 
6700 368 3366 811 
6701 2706 3771 2702 
6702 3181 4019 3132 
6703 2280 2928 2287 
6704 2070 4143 3904 
6705 1891 2821 1893 
6706 2275 2278 2277 
6707 2399 3988 2817 
6708 1241 4517 1197 
6709 3283 4126 875 
6710 687 4027 3749 
6711 146 3571 145 
6712 681 3827 680 
6713 3188 4185 864 
6714 1903 3750 2862 
6715 2786 3920 3532 
6716 1331 4618 1389 
6717 1971 4336 3456 
6718 3451 4108 982 
6719 2659 2663 2657 
6720 2051 2828 2053 
6721 2078 2906 2075 
6722 2041 2251 2043 
6723 886 4316 3161 
6724 3939 4020 2439 
6725 681 3902 3827 
6726 2316 2327 2314 
6727 874 3830 691 
6728 776 3475 243 
6729 501 4202 3463 
6730 3765 3766 2223 
6731 1712 3464 1716 
6732 2340 3960 2341 
6733 682 3902 681 
6734 3119 4533 813 
6735 2842 4569 2841 
6736 3273 4172 3520 
6737 3233 3674 269 
6738 288 3844 287 
6739 3941 4346 3191 
6740 994 3445 221 
6741 1962 3803 2271 
6742 4361 4520 994 
6743 2557 3374 2558 
6744 1785 2388 1783 
6745 1664 1736 1666 
6746 1895 2149 1897 
6747 1794 3621 1937 
6748 1593 2301 2091 
6749 3199 4457 3594 
6750 1537 2338 1535 
6751 1602 3466 1603 
6752 2085 3915 3702 
6753 3242 3888 2361 
6754 3529 3530 1755 
6755 1233 3838 1278 
6756 920 3961 3302 
6757 3161 4316 3376 
6758 3590 3872 3504 
6759 2808 4320 3177 
6760 3823 4040 2828 
6761 2392 2405 2390 
6762 3474 4113 3159 
6763 1602 3467 3466 
6764 2939 3748 3550 
6765 2862 2863 2861 
6766 1376 3788 1478 
6767 1767 2021 1811 
6768 3450 3918 2970 
6769 3765 4051 3766 
6770 1598 4384 4095 
6771 2278 3728 2280 
6772 943 4364 3199 
6773 1876 4622 1426 
6774 1593 2091 1594 
6775 866 4628 4118 
6776 1906 3723 1909 
6777 1628 3573 1460 
6778 771 4254 3137 
6779 2699 2704 2697 
6780 1917 3991 2727 
6781 782 4591 3918 
6782 1572 3750 1573 
6783 1639 1940 1641 
6784 3199 4364 3200 
6785 2028 3757 2029 
6786 1716 3464 1875 
6787 2530 4665 3469 
6788 3377 3872 3583 
6789 2515 4405 3105 
6790 2047 2152 2049 
6791 1430 4653 3150 
6792 2055 2220 2218 
6793 1779 3497 1778 
6794 2648 3691 3409 
6795 1183 4599 3403 
6796 3589 4602 4096 
6797 1519 3563 1516 
6798 1814 2297 1722 
6799 1658 3512 3511 
6800 2793 4610 3430 
6801 3995 4493 2310 
6802 3918 4591 2968 
6803 2271 3109 2273 
6804 3142 3958 787 
6805 2255 4165 3519 
6806 3509 3752 1775 
6807 1408 3560 1372 
6808 2258 3430 1740 
6809 1035 3892 3569 
6810 1481 3893 3570 
6811 1053 4467 1056 
6812 1144 3494 1146 
6813 1768 3761 1767 
6814 2101 4249 1177 
6815 2023 3654 2120 
6816 1862 2534 1864 
6817 2076 2078 2075 
6818 3526 4541 2731 
6819 1762 1769 1760 
6820 2864 2865 2863 
6821 2671 4371 3063 
6822 3502 3734 988 
6823 1658 3511 1659 
6824 1955 2401 1871 
6825 2505 4333 3992 
6826 3404 3782 3405 
6827 2021 2756 2130 
6828 2010 2260 2016 
6829 3780 4375 2599 
6830 959 3986 3826 
6831 2773 4112 3498 
6832 3236 4398 2921 
6833 1668 1676 1670 
6834 969 4501 3248 
6835 3307 4212 3802 
6836 1903 1935 1578 
6837 467 3929 466 
6838 2280 2287 2281 
6839 1230 3838 1233 
6840 2591 4457 3199 
6841 4536 4632 2724 
6842 2041 3627 2251 
6843 2431 4272 4127 
6844 769 4080 3443 
6845 1564 1571 1566 
6846 65 3390 951 
6847 3832 4452 1769 
6848 1906 1909 1907 
6849 1959 3007 1960 
6850 1250 3433 1184 
6851 1072 4499 3194 
6852 2267 2487 2485 
6853 1407 4497 1689 
6854 1538 2741 2036 
6855 2278 2280 2279 
6856 1634 1720 1635 
6857 2756 3388 2757 
6858 3279 3938 844 
6859 3458 3966 2497 
6860 2066 2387 2064 
6861 1682 1971 1684 
6862 2128 2255 2168 
6863 1686 2172 1928 
6864 1866 2250 1899 
6865 2419 3522 3219 
6866 2122 2182 2124 
6867 2946 3828 2291 
6868 3286 3920 3285 
6869 1756 3529 1755 
6870 2214 3849 3839 
6871 1975 4083 1629 
6872 3332 4152 795 
6873 3240 4016 1010 
6874 2966 2967 2357 
6875 2154 3745 2155 
6876 1389 3498 1254 
6877 1672 1888 1674 
6878 1850 3527 1458 
6879 247 942 246 
6880 162 3482 161 
6881 44 941 43 
6882 1789 1889 1787 
6883 2303 3316 2348 
6884 4077 4102 2963 
6885 1383 4018 3901 
6886 2519 4301 1976 
6887 1548 3395 1545 
6888 3099 4126 2599 
6889 1643 1677 1645 
6890 2290 3849 2216 
6891 265 3555 264 
6892 3106 4402 3107 
6893 1836 2355 1926 
6894 1278 2090 1280 
6895 1951 2082 2022 
6896 767 3874 3341 
6897 189 4000 3348 
6898 2777 3252 2290 
6899 1733 3754 1549 
6900 2383 4512 1738 
6901 2216 3849 2214 
6902 3957 3965 1241 
6903 1909 2135 1910 
6904 2139 3983 3688 
6905 2303 3554 3316 
6906 2331 4528 2039 
6907 250 3584 249 
6908 47 3585 46 
6909 2210 3541 2133 
6910 2213 2936 1821 
6911 1396 4278 1741 
6912 2356 2357 2338 
6913 4189 4562 2763 
6914 1807 2373 1805 
6915 3646 4397 2932 
6916 3445 4520 2765 
6917 2609 2610 2028 
6918 321 3836 320 
6919 1959 1960 1733 
6920 292 3480 822 
6921 1649 1655 1651 
6922 3534 3684 944 
6923 1937 2093 1793 
6924 1767 1811 1764 
6925 2862 3837 2864 
6926 3578 4215 480 
6927 1372 3560 1802 
6928 1144 1146 1142 
6929 2026 2609 2028 
6930 1588 2033 1590 
6931 3072 4262 1382 
6932 3156 3756 1898 
6933 1576 1903 1578 
6934 3779 4621 1999 
6935 84 3345 792 
6936 3349 4412 786 
6937 2091 3441 1594 
6938 2223 3713 1832 
6939 1937 2186 2093 
6940 2135 3217 2652 
6941 2467 4554 4080 
6942 2896 2897 1985 
6943 2158 3170 2160 
6944 1447 1999 1387 
6945 4553 4619 1925 
6946 3850 4157 3292 
6947 770 3575 3420 
6948 3171 4547 3755 
6949 1727 2368 1725 
6950 393 4630 392 
6951 3134 4164 2670 
6952 1352 4059 1614 
6953 1473 3803 1962 
6954 2149 2630 2386 
6955 1655 1831 1651 
6956 2199 3477 2198 
6957 3186 4082 917 
6958 2952 4082 3186 
6959 1579 3848 1582 
6960 821 4042 3222 
6961 1912 3599 1813 
6962 2664 4641 3825 
6963 1502 4469 2579 
6964 2323 3922 2321 
6965 317 3734 316 
6966 114 3733 113 
6967 398 877 397 
6968 195 878 194 
6969 297 996 296 
6970 94 995 93 
6971 2979 4035 3291 
6972 3468 3974 1482 
6973 2250 2310 2293 
6974 3372 3836 321 
6975 873 3926 3296 
6976 2263 3908 2264 
6977 1584 3630 1570 
6978 1832 2108 1831 
6979 1050 1052 1051 
6980 1549 3754 1548 
6981 748 4307 3061 
6982 747 4306 3062 
6983 929 3656 3507 
6984 1368 3587 1346 
6985 2187 3028 2108 
6986 1854 3767 2322 
6987 1048 1050 1049 
6988 1399 3604 1413 
6989 1476 4161 3219 
6990 1234 4175 3456 
6991 1992 2445 1924 
6992 1046 1048 1047 
6993 2215 4079 2292 
6994 3023 3462 2259 
6995 15 3548 986 
6996 2903 4626 2905 
6997 2342 2593 1989 
6998 1039 1040 1038 
6999 1044 1046 1045 
7000 2198 3493 1939 
7001 14 4527 13 
7002 3504 3872 3377 
7003 2518 4412 3349 
7004 813 4533 3208 
7005 3251 4377 3386 
7006 949 3958 3142 
7007 1916 3621 1794 
7008 3539 4461 3020 
7009 3540 4604 2757 
7010 3376 4316 118 
7011 1569 4287 1585 
7012 3368 4113 3474 
7013 2607 4634 3537 
7014 719 3970 718 
7015 3508 4596 1774 
7016 3773 4137 3037 
7017 1631 3841 1745 
7018 1179 4249 1183 
7019 339 3865 809 
7020 3929 3948 466 
7021 2735 4407 3171 
7022 3190 4537 1858 
7023 1043 1044 1042 
7024 3345 4556 792 
7025 3128 3818 1943 
7026 1041 1042 1040 
7027 2067 3394 2070 
7028 771 3184 169 
7029 772 3207 372 
7030 3698 4537 3167 
7031 1808 3664 2245 
7032 794 4213 3558 
7033 1056 1057 1054 
7034 3208 4153 813 
7035 3912 4076 985 
7036 1053 1054 1052 
7037 1427 3612 1504 
7038 984 3731 3676 
7039 2559 4459 3110 
7040 645 3899 644 
7041 1318 4476 3408 
7042 1655 1832 1831 
7043 2719 4441 3846 
7044 960 4298 3959 
7045 1832 2187 2108 
7046 3342 4181 3130 
7047 4061 4566 1498 
7048 3147 4375 3780 
7049 2186 2226 2093 
7050 980 3869 3339 
7051 780 4246 3213 
7052 2914 3968 1917 
7053 3247 4209 1980 
7054 4179 4410 2460 
7055 1955 2402 2401 
7056 782 3918 3284 
7057 2354 4199 2929 
7058 3532 4039 3039 
7059 3962 4342 2400 
7060 3658 3935 2241 
7061 3739 4145 2668 
7062 3382 4618 1469 
7063 2355 2960 2788 
7064 3007 3635 1960 
7065 3660 4352 324 
7066 532 3921 531 
7067 3883 4449 2407 
7068 240 4185 239 
7069 3826 3986 2678 
7070 1196 3995 1198 
7071 2302 2303 1720 
7072 2301 2408 2091 
7073 3102 4648 2185 
7074 3661 4372 121 
7075 2021 2130 1811 
7076 1074 3596 1084 
7077 2967 2984 2983 
7078 2984 3392 2985 
7079 1903 2861 1935 
7080 993 3422 18 
7081 3238 4128 1974 
7082 1911 4147 3100 
7083 2733 3873 3701 
7084 1090 4548 3994 
7085 2000 3604 1399 
7086 2756 2757 2130 
7087 2391 4486 3043 
7088 3343 4187 2584 
7089 141 3439 806 
7090 344 3436 803 
7091 3381 3453 1511 
7092 2414 3907 3859 
7093 3615 4272 1401 
7094 2471 4304 3358 
7095 1868 4176 1827 
7096 4261 4451 3637 
7097 1000 4395 3805 
7098 3983 4201 2959 
7099 1016 4009 3064 
7100 763 3873 3683 
7101 2222 3987 1983 
7102 3110 4459 3449 
7103 2788 3906 1926 
7104 1840 4423 2784 
7105 2963 4102 3972 
7106 953 4129 341 
7107 2921 3829 2922 
7108 2615 4648 3102 
7109 3380 3909 1999 
7110 4468 4609 964 
7111 2214 3839 2213 
7112 3036 4416 1493 
7113 4105 4261 3637 
7114 351 3616 350 
7115 2088 3573 1628 
7116 791 4502 3249 
7117 2293 4326 3572 
7118 1465 3560 1408 
7119 2475 4452 3832 
7120 3278 3972 850 
7121 885 3606 319 
7122 886 3607 116 
7123 3662 4446 3361 
7124 1603 3466 2001 
7125 3025 4147 2191 
7126 2202 3477 2199 
7127 2110 4617 1753 
7128 3369 4110 3766 
7129 2303 3964 3554 
7130 3758 4297 792 
7131 1617 4303 2969 
7132 1297 4506 3788 
7133 3156 4500 2468 
7134 1848 4470 2134 
7135 4115 4396 2259 
7136 3317 4004 1496 
7137 2985 3862 3861 
7138 3492 4473 2521 
7139 1284 3618 1287 
7140 3684 4577 2751 
7141 3890 4371 2370 
7142 3853 3966 3458 
7143 2748 4465 4037 
7144 1484 4324 3103 
7145 4135 4160 1991 
7146 1450 3612 1427 
7147 3248 4207 3385 
7148 2590 4559 2988 
7149 4224 4408 4258 
7150 1539 4195 4101 
7151 2453 3580 2451 
7152 1720 3485 1635 
7153 320 3836 885 
7154 3536 3966 3104 
7155 244 3263 776 
7156 41 3428 775 
7157 811 3426 367 
7158 315 3740 314 
7159 1810 3664 1808 
7160 2455 3952 3592 
7161 3171 3755 3478 
7162 1880 4560 2318 
7163 61 3534 60 
7164 264 3535 263 
7165 145 788 144 
7166 348 787 347 
7167 978 4187 3343 
7168 4103 4422 1255 
7169 1250 3545 3433 
7170 2905 4209 2904 
7171 1816 3724 1814 
7172 2101 4112 3410 
7173 1544 3563 1519 
7174 4395 4463 2666 
7175 2966 4505 2967 
7176 3379 4152 2585 
7177 1591 4564 2105 
7178 364 793 363 
7179 161 794 160 
7180 3151 4347 1375 
7181 365 3760 364 
7182 4022 4414 3494 
7183 2370 4545 2063 
7184 3405 3908 2263 
7185 3355 3993 817 
7186 1576 3750 1903 
7187 268 3674 952 
7188 2244 3996 2822 
7189 1346 3587 3182 
7190 3291 4035 835 
7191 1996 3497 1779 
7192 3431 4117 2824 
7193 2773 4060 2367 
7194 3426 4441 2718 
7195 1909 3723 2414 
7196 2661 3736 2659 
7197 3634 3869 980 
7198 1084 3596 1554 
7199 2011 3662 2013 
7200 3077 4505 3709 
7201 392 4630 3309 
7202 1897 4136 1896 
7203 2016 3662 2011 
7204 2380 4447 3675 
7205 2203 3682 2347 
7206 4119 4636 3006 
7207 287 3844 791 
7208 3286 4039 3920 
7209 3524 4256 2374 
7210 1652 3686 1654 
7211 3821 4093 924 
7212 1818 3822 1816 
7213 1659 3511 1662 
7214 3453 4022 1337 
7215 1337 4022 1325 
7216 218 3708 985 
7217 2280 3728 2928 
7218 2652 4289 3100 
7219 2850 4311 3280 
7220 3267 3986 959 
7221 2412 3706 894 
7222 2413 3707 893 
7223 2987 4524 3493 
7224 3232 3936 2384 
7225 3569 3834 2217 
7226 954 4563 3260 
7227 2373 4099 3761 
7228 3410 4249 2101 
7229 1050 3862 1053 
7230 1632 4613 2682 
7231 213 992 212 
7232 10 991 9 
7233 2375 4522 3505 
7234 2493 4288 3192 
7235 252 3644 251 
7236 49 3643 48 
7237 1682 3816 1971 
7238 3746 4313 3848 
7239 296 3794 295 
7240 93 3795 92 
7241 2348 4086 3386 
7242 2450 4418 4382 
7243 3520 4172 2922 
7244 3104 3853 3528 
7245 952 3440 267 
7246 951 3437 64 
7247 2556 3580 2453 
7248 3058 4637 2639 
7249 397 3811 396 
7250 194 3812 193 
7251 860 3893 1481 
7252 859 3892 1035 
7253 1821 3822 1818 
7254 3623 4445 231 
7255 1872 3688 1955 
7256 3972 4102 850 
7257 1282 3618 1284 
7258 1476 4154 1351 
7259 1703 4123 3116 
7260 1874 3688 1872 
7261 2045 3697 2047 
7262 3653 4655 2323 
7263 3583 3894 927 
7264 3657 3935 3658 
7265 2442 3806 2443 
7266 3263 3884 2825 
7267 2829 3948 3929 
7268 3486 4508 2704 
7269 3066 3696 3068 
7270 3779 3878 2897 
7271 273 3981 272 
7272 2724 4632 4062 
7273 2281 3677 2283 
7274 1353 4490 3357 
7275 2792 3400 895 
7276 2790 2791 896 
7277 1766 3529 1756 
7278 1385 3587 1368 
7279 3155 4325 858 
7280 958 3985 3288 
7281 1516 3563 1798 
7282 3008 4668 2739 
7283 2972 4145 1008 
7284 164 3860 163 
7285 3201 4169 1541 
7286 3266 4070 966 
7287 1383 3901 3900 
7288 664 3977 663 
7289 3354 4251 3353 
7290 3700 3781 2260 
7291 2928 3641 2287 
7292 2763 4590 2764 
7293 1801 3699 2003 
7294 3739 4395 2955 
7295 1605 3705 1607 
7296 830 4578 3789 
7297 2373 3761 1805 
7298 1708 3709 1710 
7299 2487 4281 3150 
7300 3507 4062 929 
7301 3351 3887 2000 
7302 3585 3633 756 
7303 2158 3745 3170 
7304 139 4563 954 
7305 1244 4124 3218 
7306 951 3704 3437 
7307 872 4003 685 
7308 1413 3604 1450 
7309 2397 4251 3354 
7310 3166 3957 3815 
7311 2957 4028 3138 
7312 2654 4327 3365 
7313 3272 3954 961 
7314 920 4521 3961 
7315 835 4010 551 
7316 3400 4065 2505 
7317 1752 3725 1750 
7318 824 4425 4082 
7319 3430 4012 3833 
7320 3456 4336 3455 
7321 2831 4533 3119 
7322 2092 4535 3014 
7323 3401 4455 1771 
7324 3430 4610 1404 
7325 1463 4495 1380 
7326 3441 3744 1596 
7327 1609 3716 1611 
7328 3658 4226 2677 
7329 3498 3545 1252 
7330 1436 3719 1475 
7331 3321 4541 755 
7332 3487 4300 2411 
7333 3163 4579 4269 
7334 2037 3628 3627 
7335 1444 3714 1530 
7336 3223 4407 2735 
7337 2081 4461 3539 
7338 2917 4041 2918 
7339 2885 4529 3320 
7340 1911 3630 1584 
7341 2072 3735 2069 
7342 1652 3720 3686 
7343 1504 3612 1912 
7344 2486 4189 2763 
7345 1679 4386 3565 
7346 2130 3784 2475 
7347 353 3666 352 
7348 150 3665 149 
7349 2271 3803 3109 
7350 896 3981 273 
7351 2857 3974 3469 
7352 3874 4277 3341 
7353 967 4039 3286 
7354 1478 3788 1836 
7355 2829 3929 3495 
7356 1829 3624 1719 
7357 2888 3914 3048 
7358 766 4027 688 
7359 3164 4029 2570 
7360 3470 4498 2873 
7361 3082 4238 3081 
7362 1885 3741 1887 
7363 1596 3744 1616 
7364 2064 3621 1916 
7365 769 4259 4080 
7366 3545 4112 2101 
7367 4049 4580 1292 
7368 841 4095 2956 
7369 842 4094 2914 
7370 3410 4112 2773 
7371 3198 4257 2525 
7372 2967 4505 3077 
7373 1713 3464 1712 
7374 877 3927 3305 
7375 3359 3944 1868 
7376 1698 3727 1700 
7377 1202 4513 3721 
7378 60 944 59 
7379 263 943 262 
7380 2287 3677 2281 
7381 3967 4360 4210 
7382 1278 3838 2090 
7383 3814 4531 1571 
7384 1122 4394 1078 
7385 2363 3775 2316 
7386 3163 4269 3721 
7387 2081 3640 1434 
7388 4216 4367 2637 
7389 3028 3663 2108 
7390 3132 4019 2839 
7391 2762 3836 3372 
7392 735 4239 3834 
7393 949 3436 345 
7394 950 3439 142 
7395 3825 4641 3033 
7396 4091 4515 3329 
7397 3068 3871 3069 
7398 3408 4476 2182 
7399 850 4102 3271 
7400 394 3668 805 
7401 191 3667 804 
7402 1403 3772 3370 
7403 1996 3980 3730 
7404 3761 4099 2021 
7405 249 755 248 
7406 46 756 45 
7407 160 3558 159 
7408 363 3559 362 
7409 1831 3720 1651 
7410 3175 4312 825 
7411 3506 4607 2082 
7412 1767 3761 2021 
7413 2273 3747 2275 
7414 2491 4093 3821 
7415 4284 4450 4253 
7416 2392 3598 2405 
7417 51 3671 50 
7418 1935 3746 1578 
7419 2138 3655 2139 
7420 1535 3759 1043 
7421 3256 4108 3093 
7422 1192 4110 3369 
7423 971 4283 3247 
7424 1138 3689 1147 
7425 1389 4618 3382 
7426 3166 3815 1949 
7427 3260 4563 806 
7428 3066 3903 3696 
7429 1613 3979 1456 
7430 2189 4196 4075 
7431 3438 4092 2737 
7432 4337 4374 784 
7433 2881 4275 4263 
7434 1797 4147 1911 
7435 3469 4665 2857 
7436 2314 3773 2151 
7437 2443 4438 4077 
7438 313 921 312 
7439 110 922 109 
7440 299 834 298 
7441 96 833 95 
7442 1883 3940 2232 
7443 3252 4540 1359 
7444 1745 3841 2026 
7445 2396 4409 3255 
7446 1893 3769 1895 
7447 1238 3964 3314 
7448 3059 4144 2356 
7449 1773 4119 3006 
7450 1661 3774 1664 
7451 3253 4336 3816 
7452 2249 3772 2248 
7453 246 3884 245 
7454 1325 4022 1323 
7455 2845 4217 2846 
7456 3453 4414 4022 
7457 2796 4552 3172 
7458 1329 3910 1419 
7459 1882 3940 1883 
7460 3708 4550 985 
7461 1928 3791 2037 
7462 1287 3618 1538 
7463 3366 3846 811 
7464 3292 4157 799 
7465 1527 4359 3158 
7466 1525 4358 3352 
7467 1637 3783 1639 
7468 1316 4509 4020 
7469 1852 3886 3166 
7470 3120 3631 2309 
7471 1582 3848 1588 
7472 3980 4593 3730 
7473 197 1521 196 
7474 400 1520 399 
7475 2264 3908 2267 
7476 3232 4615 4381 
7477 1077 4354 1314 
7478 3926 4473 3296 
7479 2509 4109 3505 
7480 3177 3804 2235 
7481 2257 3872 3590 
7482 1824 3493 1825 
7483 812 3860 164 
7484 1554 3596 2435 
7485 3381 4621 3779 
7486 968 4074 516 
7487 1666 3786 1668 
7488 1760 3790 1758 
7489 3252 3849 2290 
7490 2692 4475 3588 
7491 1085 4496 1087 
7492 3393 3639 2395 
7493 293 3669 3480 
7494 3409 4428 2648 
7495 1925 4002 2638 
7496 803 4428 3409 
7497 1960 3754 1733 
7498 3013 4670 820 
7499 2945 4443 4037 
7500 864 4185 240 
7501 53 3683 52 
7502 1787 3817 1785 
7503 2916 3968 2914 
7504 1989 3645 1621 
7505 1562 3813 1564 
7506 1018 4171 1017 
7507 2754 4169 3201 
7508 318 3606 988 
7509 115 3607 987 
7510 3426 4510 947 
7511 2436 3905 3194 
7512 868 4172 3273 
7513 1965 4231 2491 
7514 3989 4646 2464 
7515 3227 4516 2299 
7516 2983 4429 2357 
7517 2586 4178 2587 
7518 787 3955 3149 
7519 1634 3744 2302 
7520 2016 4446 3662 
7521 117 4316 886 
7522 1456 3979 3449 
7523 934 3586 3585 
7524 1508 4133 915 
7525 1506 4132 916 
7526 2451 4418 2450 
7527 3601 4311 2850 
7528 1641 3799 1643 
7529 1864 3835 1866 
7530 2278 3747 3728 
7531 1871 3664 1810 
7532 13 4527 3491 
7533 3149 3955 945 
7534 1750 3725 3009 
7535 152 3693 151 
7536 355 3695 354 
7537 214 3877 213 
7538 11 3876 10 
7539 826 4488 3638 
7540 366 3426 947 
7541 2697 3824 2694 
7542 1684 3840 1686 
7543 89 4042 821 
7544 3050 4115 1445 
7545 4173 4174 908 
7546 2001 3705 1605 
7547 2411 4300 3473 
7548 2610 3757 2028 
7549 3331 4096 977 
7550 3792 3793 2253 
7551 1829 3625 3624 
7552 2168 3797 3136 
7553 3857 4064 2435 
7554 2013 3662 2080 
7555 1431 4418 3580 
7556 793 3760 3364 
7557 1783 3980 1781 
7558 2710 3798 2706 
7559 918 3518 3500 
7560 2906 3735 2075 
7561 1771 3709 1708 
7562 2235 3804 2237 
7563 1670 3809 1672 
7564 1303 3994 3891 
7565 570 4244 3509 
7566 734 4243 3508 
7567 3210 4098 2225 
7568 3899 4514 644 
7569 3535 3555 3074 
7570 1493 4326 3424 
7571 2302 3964 2303 
7572 3705 3820 2300 
7573 2069 3735 3394 
7574 3557 4366 818 
7575 1949 3815 1951 
7576 3569 3892 1969 
7577 3570 3893 1968 
7578 1906 3741 3723 
7579 2932 4397 3911 
7580 3807 4642 967 
7581 4497 4561 1689 
7582 2546 4356 2548 
7583 2422 4435 3161 
7584 3530 3725 1755 
7585 797 3396 62 
7586 3624 3699 1801 
7587 2124 3810 2126 
7588 2415 4154 3522 
7589 2690 4123 3399 
7590 2688 4277 3874 
7591 2241 4226 3658 
7592 4283 4603 3257 
7593 971 4603 4283 
7594 1832 3713 2187 
7595 2211 4515 3685 
7596 2958 3858 902 
7597 1593 3719 2301 
7598 3675 4447 2523 
7599 1140 3689 1138 
7600 63 3437 797 
7601 266 3440 798 
7602 147 946 146 
7603 350 945 349 
7604 262 3594 261 
7605 59 3593 58 
7606 2300 3716 1609 
7607 1654 3686 1658 
7608 1980 4302 666 
7609 2549 4363 2964 
7610 2551 4319 2019 
7611 1390 4542 3803 
7612 3385 4207 839 
7613 1748 4020 2142 
7614 3455 4128 2608 
7615 2183 4633 3165 
7616 3485 3783 1637 
7617 3002 3916 3740 
7618 3300 4212 3307 
7619 3417 4550 3708 
7620 3831 4262 3072 
7621 3767 3768 2322 
7622 3277 4214 972 
7623 1602 3714 3467 
7624 3156 4512 2383 
7625 1060 3905 1057 
7626 3120 4586 2008 
7627 2564 4332 2561 
7628 772 3989 3207 
7629 2750 4385 2752 
7630 1000 4222 746 
7631 998 4221 745 
7632 999 4222 1000 
7633 997 4221 998 
7634 2237 3808 2239 
7635 1658 3686 3512 
7636 2232 3741 1885 
7637 3544 4181 881 
7638 159 935 158 
7639 362 936 361 
7640 1227 4546 4021 
7641 3830 3951 2437 
7642 1469 4618 1374 
7643 2283 3677 2806 
7644 3640 3719 1436 
7645 970 3988 3850 
7646 239 4185 3513 
7647 2139 3688 1874 
7648 2301 4388 2408 
7649 4381 4615 983 
7650 3561 4151 3084 
7651 762 4001 3589 
7652 1629 4083 1631 
7653 1043 3759 1044 
7654 1979 4202 502 
7655 3517 3518 814 
7656 2670 4164 3425 
7657 1764 3832 1762 
7658 4058 4340 4056 
7659 3702 3915 1701 
7660 2755 4260 3170 
7661 3356 4087 2463 
7662 3219 4041 2424 
7663 1242 4440 3635 
7664 3782 4021 2458 
7665 1890 4304 2471 
7666 3712 4230 3609 
7667 1946 4624 2195 
7668 3921 4591 782 
7669 3413 4669 2482 
7670 2003 3699 2006 
7671 2047 3697 2152 
7672 2570 4029 2569 
7673 932 4230 3712 
7674 1607 3705 2300 
7675 1631 4083 3841 
7676 3732 4411 3114 
7677 2043 3845 2045 
7678 3469 3974 3468 
7679 3780 4126 3283 
7680 3159 4113 3533 
7681 1701 3727 1698 
7682 2217 4608 3202 
7683 2401 3664 1871 
7684 9 3870 8 
7685 3681 3701 763 
7686 1307 4593 3223 
7687 3621 4392 1937 
7688 3755 4547 1791 
7689 4249 4599 1183 
7690 2879 4555 2878 
7691 3391 4499 1072 
7692 865 4636 4119 
7693 1741 4012 3347 
7694 3197 4598 941 
7695 1710 3709 1713 
7696 2727 3969 1732 
7697 3226 3842 2164 
7698 1052 3857 1058 
7699 3795 4640 3144 
7700 1538 3618 2741 
7701 3977 4626 974 
7702 2426 4018 3538 
7703 3510 4559 2590 
7704 4263 4362 3879 
7705 3467 3714 3071 
7706 694 4216 693 
7707 2049 3852 2051 
7708 3595 4661 2295 
7709 3260 4256 954 
7710 521 4218 520 
7711 487 4146 976 
7712 2035 4651 4019 
7713 1662 3774 1661 
7714 1755 3725 1752 
7715 1611 3716 1882 
7716 962 4234 3322 
7717 2387 3621 2064 
7718 2322 3768 3653 
7719 1475 3719 1593 
7720 3519 4525 2255 
7721 90 4042 89 
7722 1530 3714 1602 
7723 341 4129 340 
7724 979 4344 3335 
7725 3265 4244 571 
7726 3264 4243 407 
7727 655 4186 654 
7728 1781 3980 1996 
7729 2589 4107 3885 
7730 2339 4195 2141 
7731 3895 4465 3622 
7732 1778 3979 1613 
7733 4424 4606 2902 
7734 2659 3736 2663 
7735 3510 3975 2466 
7736 3655 4136 1897 
7737 2936 3822 1821 
7738 1508 4251 4133 
7739 3694 4134 3693 
7740 3183 4351 2527 
7741 2806 4490 3692 
7742 2307 3976 2324 
7743 95 3917 94 
7744 314 3916 313 
7745 2109 4474 3070 
7746 1401 4272 1330 
7747 1700 3727 1705 
7748 3651 3652 940 
7749 2807 4532 2707 
7750 2075 3735 2072 
7751 3960 4166 2341 
7752 1321 4278 1396 
7753 2164 3842 2166 
7754 3639 4409 2396 
7755 946 3776 3543 
7756 836 4279 715 
7757 480 4215 479 
7758 3202 4608 2949 
7759 1024 4308 855 
7760 1022 4309 856 
7761 1021 4309 1022 
7762 1023 4308 1024 
7763 919 4571 3729 
7764 1512 4021 2112 
7765 1814 3724 2297 
7766 857 4318 1028 
7767 858 4317 1026 
7768 1026 4317 1025 
7769 1028 4318 1027 
7770 1887 3741 1906 
7771 1616 3744 1634 
7772 938 4134 3949 
7773 1055 3861 1046 
7774 806 4563 140 
7775 1018 4314 748 
7776 1020 4315 747 
7777 1017 4314 1018 
7778 1019 4315 1020 
7779 3249 4296 791 
7780 985 4076 217 
7781 714 4298 713 
7782 3597 4008 1497 
7783 1758 3790 1766 
7784 2746 4173 3623 
7785 3942 4388 2301 
7786 3749 4027 2634 
7787 347 3958 346 
7788 324 4352 323 
7789 3454 4323 2196 
7790 58 784 57 
7791 148 3776 147 
7792 261 783 260 
7793 399 3927 398 
7794 196 3928 195 
7795 3649 3897 2580 
7796 2883 4517 3965 
7797 1259 4525 3519 
7798 801 4058 4056 
7799 2821 3769 1893 
7800 3603 4117 815 
7801 4377 4620 3386 
7802 3105 4405 3690 
7803 2312 4238 2061 
7804 1382 4262 1332 
7805 2220 4040 3823 
7806 754 4033 3553 
7807 960 4362 3294 
7808 2587 4091 3379 
7809 121 4372 120 
7810 2277 4583 2633 
7811 245 3884 3263 
7812 549 4335 957 
7813 2526 4285 1981 
7814 738 4338 1487 
7815 737 4339 1485 
7816 1485 4339 1484 
7817 1487 4338 1486 
7818 2316 3775 2327 
7819 924 4093 3178 
7820 881 4181 3342 
7821 415 4057 913 
7822 1054 4064 3857 
7823 2267 3908 2487 
7824 745 4219 2954 
7825 746 4220 2955 
7826 1568 3813 1562 
7827 3353 4251 1508 
7828 2534 3835 1864 
7829 2618 4061 1933 
7830 2501 4164 3134 
7831 1496 3984 3318 
7832 1507 4296 3249 
7833 3799 3800 1677 
7834 2275 3747 2278 
7835 2757 3784 2130 
7836 3657 3658 930 
7837 990 3667 192 
7838 989 3668 395 
7839 2957 4232 997 
7840 251 933 250 
7841 48 934 47 
7842 361 3611 360 
7843 158 3610 157 
7844 1816 3822 3724 
7845 98 1497 97 
7846 108 1597 107 
7847 311 1598 310 
7848 301 1496 300 
7849 1004 4330 898 
7850 1002 4329 897 
7851 3565 4386 2886 
7852 3095 3987 2222 
7853 1003 4330 1004 
7854 1001 4329 1002 
7855 2592 3998 3636 
7856 274 2790 896 
7857 71 2792 895 
7858 3691 4511 2622 
7859 2508 3867 3866 
7860 3560 4193 1802 
7861 902 3858 618 
7862 2706 3798 3771 
7863 818 4366 3516 
7864 829 4235 489 
7865 2338 3759 1535 
7866 2077 3960 3566 
7867 1997 3639 3393 
7868 3100 4289 1911 
7869 2824 4117 3603 
7870 3109 3747 2273 
7871 217 4076 216 
7872 3340 4355 838 
7873 874 3951 3830 
7874 2327 3773 2314 
7875 2026 3841 2609 
7876 3819 4288 2336 
7877 987 3733 114 
7878 988 3734 317 
7879 3386 4086 1235 
7880 1895 3769 2149 
7881 1736 3786 1666 
7882 3396 3534 61 
7883 1664 3774 1736 
7884 3137 4254 1001 
7885 3715 4003 3045 
7886 1971 3840 1684 
7887 3524 4555 2879 
7888 3685 4091 2587 
7889 1785 3817 2388 
7890 1836 3788 2355 
7891 3681 4276 3701 
7892 3104 3966 3853 
7893 3341 4277 981 
7894 1588 3848 2033 
7895 892 3670 91 
7896 891 3669 294 
7897 540 4456 539 
7898 1968 3893 387 
7899 1969 3892 184 
7900 427 4066 758 
7901 2371 3991 3968 
7902 1647 4051 3765 
7903 3489 4527 986 
7904 916 4389 1506 
7905 915 4390 1508 
7906 1639 3783 1940 
7907 3968 3991 1917 
7908 210 865 209 
7909 199 832 198 
7910 402 831 401 
7911 7 866 6 
7912 1921 3661 862 
7913 1920 3660 861 
7914 3370 4518 2513 
7915 1508 4390 1507 
7916 1506 4389 1505 
7917 2172 3791 1928 
7918 742 4088 2329 
7919 741 4089 2330 
7920 760 3694 3693 
7921 2053 4040 2055 
7922 2141 4195 4078 
7923 1839 4122 3574 
7924 3828 4469 2777 
7925 4069 4672 754 
7926 2599 4375 2596 
7927 2864 3837 3814 
7928 2259 4396 1972 
7929 3881 4122 1839 
7930 2599 4126 3780 
7931 427 4645 4066 
7932 3322 4551 2295 
7933 2388 3980 1783 
7934 1223 4664 1248 
7935 3792 3953 3793 
7936 1769 3790 1760 
7937 163 3860 948 
7938 4117 4483 815 
7939 1940 3799 1641 
7940 948 3482 162 
7941 1282 4017 3618 
7942 3061 4307 1021 
7943 3062 4306 1023 
7944 3800 4377 3251 
7945 1668 3786 1676 
7946 861 4380 1526 
7947 862 4379 1528 
7948 1528 4379 1527 
7949 1526 4380 1525 
7950 3463 4202 1979 
7951 3939 4522 2227 
7952 938 3949 3665 
7953 832 3953 3792 
7954 3294 4263 828 
7955 2005 4570 4159 
7956 3103 4324 857 
7957 527 4448 526 
7958 2191 4147 1797 
7959 897 4069 2304 
7960 898 4068 2308 
7961 1531 4572 4046 
7962 1564 3813 1571 
7963 3596 3857 2435 
7964 1889 3817 1787 
7965 523 4453 522 
7966 3296 4473 3295 
7967 3867 3870 3866 
7968 2828 4040 2053 
7969 2037 3791 3628 
7970 1825 3999 3629 
7971 1643 3799 1677 
7972 3608 4242 2368 
7973 1837 4447 2380 
7974 708 4468 964 
7975 4326 4416 4023 
7976 1541 4169 3521 
7977 1486 4325 3155 
7978 3000 4643 2913 
7979 2251 3845 2043 
7980 2189 4075 2400 
7981 1866 3835 2250 
7982 4009 4568 2440 
7983 798 3555 265 
7984 2051 3852 2828 
7985 3352 4358 737 
7986 3158 4359 738 
7987 3274 4521 920 
7988 2485 4189 2486 
7989 2754 3798 2710 
7990 3525 4257 3198 
7991 1672 3809 1888 
7992 1676 3809 1670 
7993 3932 4384 4005 
7994 2478 4350 1966 
7995 3243 4076 3912 
7996 1951 3815 2082 
7997 3373 4090 2472 
7998 4368 4658 2880 
7999 3429 4038 3090 
8000 3579 4603 971 
8001 349 3955 348 
8002 3366 4290 3846 
8003 3573 4273 1460 
8004 2141 4078 2114 
8005 2342 4141 2593 
8006 2925 3943 3913 
8007 2255 3797 2168 
8008 1366 3825 3484 
8009 1811 3832 1764 
8010 3550 4158 2939 
8011 2704 3824 2697 
8012 1380 4495 1320 
8013 1058 3857 3596 
8014 1432 4162 2081 
8015 4096 4602 2540 
8016 3009 4190 1746 
8017 144 4014 143 
8018 3848 4313 2033 
8019 2182 3810 2124 
8020 3999 4524 2802 
8021 352 774 351 
8022 57 3651 56 
8023 260 3650 259 
8024 149 773 148 
8025 2897 3878 1985 
8026 1686 3840 2172 
8027 811 4441 3426 
8028 3763 4432 996 
8029 2878 4109 2484 
8030 3636 4349 752 
8031 1868 3944 3459 
8032 3635 3864 1960 
8033 1501 4180 1829 
8034 1028 4444 3536 
8035 3816 4336 1971 
8036 3709 4505 1713 
8037 3975 4271 2465 
8038 2840 4477 3421 
8039 118 4316 117 
8040 3562 4230 932 
8041 3365 4327 812 
8042 1762 3832 1769 
8043 2468 4512 3156 
8044 983 4615 3265 
8045 2504 4341 1799 
8046 2000 3887 3604 
8047 2861 3997 1935 
8048 1999 3909 1387 
8049 3696 3903 2810 
8050 686 4666 872 
8051 1291 4368 3736 
8052 3581 4056 2815 
8053 2713 4169 2754 
8054 947 3760 365 
8055 1985 3878 1447 
8056 1460 4273 1357 
8057 967 4642 4039 
8058 1674 4071 1852 
8059 1423 4162 1432 
8060 4562 4590 2763 
8061 3294 4362 4263 
8062 3829 4398 1614 
8063 3710 3963 3084 
8064 3947 4114 926 
8065 828 4275 3737 
8066 232 3895 789 
8067 360 777 359 
8068 157 778 156 
8069 831 4167 3605 
8070 3469 4294 2530 
8071 2867 4192 2872 
8072 3595 4488 826 
8073 2368 3898 1725 
8074 3633 4257 756 
8075 2572 4122 3881 
8076 804 4000 190 
8077 1404 4610 1349 
8078 1280 4017 1282 
8079 3194 4499 3195 
8080 1702 4631 1692 
8081 644 4514 643 
8082 2467 4080 3513 
8083 3537 4634 766 
8084 391 4293 887 
8085 247 3526 942 
8086 44 3525 941 
8087 3050 4396 4115 
8088 1725 3898 1465 
8089 3554 3964 1238 
8090 2484 4177 3413 
8091 2846 4217 3168 
8092 1732 3969 103 
8093 3418 4403 848 
8094 749 3982 3644 
8095 1827 4176 1902 
8096 373 4255 772 
8097 170 4254 771 
8098 2379 4472 3574 
8099 1038 3956 1366 
8100 1960 3864 3754 
8101 2720 4290 4166 
8102 3070 4666 3749 
8103 1798 4294 3469 
8104 2412 4381 3706 
8105 1049 4658 1291 
8106 1419 4180 1501 
8107 2152 3852 2049 
8108 3509 4244 3265 
8109 3508 4243 3264 
8110 3329 4515 3328 
8111 1937 4392 2186 
8112 2532 4158 3550 
8113 3697 3889 2152 
8114 232 4587 3895 
8115 4229 4422 2936 
8116 3756 3936 2412 
8117 1048 3862 1050 
8118 3846 4290 2720 
8119 3322 4661 3290 
8120 1926 4423 1840 
8121 3528 3853 3023 
8122 790 4149 419 
8123 484 4650 483 
8124 4355 4567 838 
8125 2530 4294 3882 
8126 1054 3857 1052 
8127 957 4335 3945 
8128 3465 4179 1625 
8129 3422 4417 846 
8130 3898 4193 3560 
8131 3087 4305 2103 
8132 3395 3882 1544 
8133 3751 4549 2821 
8134 3904 3931 2387 
8135 2323 4265 3922 
8136 3605 4167 2547 
8137 3871 4573 2795 
8138 2498 4191 3458 
8139 4495 4597 3313 
8140 4039 4642 3039 
8141 761 4482 3613 
8142 3519 4165 3810 
8143 2436 4064 3905 
8144 4056 4340 2815 
8145 3793 4471 2753 
8146 1046 3861 1048 
8147 1387 3909 1385 
8148 212 3990 211 
8149 2540 4538 4096 
8150 915 4133 4089 
8151 916 4132 4088 
8152 2231 4188 3499 
8153 56 940 55 
8154 259 939 258 
8155 847 4644 3642 
8156 3879 4362 2996 
8157 2881 4365 2494 
8158 1580 3978 3775 
8159 3789 4578 3040 
8160 890 4498 3470 
8161 1888 4071 1674 
8162 887 4659 3058 
8163 2055 4040 2220 
8164 838 4567 631 
8165 2525 4257 3633 
8166 3458 4191 1941 
8167 863 4203 37 
8168 3952 4528 2331 
8169 1566 4531 1572 
8170 2090 4017 1280 
8171 2066 3904 2387 
8172 2021 4099 2756 
8173 3901 4619 4553 
8174 4226 4635 2677 
8175 2128 4165 2255 
8176 3886 3957 3166 
8177 1447 3878 1999 
8178 106 842 105 
8179 309 841 308 
8180 3566 3960 2340 
8181 2371 4565 3434 
8182 42 4598 3428 
8183 1645 4051 1647 
8184 2784 4423 2951 
8185 2918 4161 3434 
8186 253 749 252 
8187 156 3656 155 
8188 50 750 49 
8189 359 3657 358 
8190 2070 3904 2066 
8191 1572 4531 3837 
8192 3320 4529 3548 
8193 2435 4064 2436 
8194 3637 4106 4105 
8195 1902 4188 2231 
8196 736 4240 3619 
8197 3473 4014 788 
8198 3600 4557 1878 
8199 3487 4140 2144 
8200 2078 4084 2906 
8201 2344 4141 2342 
8202 2752 4374 4337 
8203 1677 4051 1645 
8204 2122 4250 2182 
8205 1205 4592 3784 
8206 208 1773 207 
8207 5 1772 4 
8208 3998 4349 3636 
8209 2949 4608 2948 
8210 2369 4646 3423 
8211 1791 4547 1789 
8212 3460 4030 2325 
8213 2781 4479 3551 
8214 111 4052 110 
8215 2149 3891 2630 
8216 4400 4641 2667 
8217 3449 3979 3110 
8218 2482 4669 4261 
8219 222 4361 994 
8220 3670 4042 90 
8221 1347 4198 1423 
8222 1548 3919 3395 
8223 770 3933 425 
8224 2699 4399 2704 
8225 3338 4601 3329 
8226 396 3811 989 
8227 193 3812 990 
8228 3423 4255 1003 
8229 109 4006 108 
8230 312 4005 311 
8231 300 4004 299 
8232 97 4008 96 
8233 3574 4122 2853 
8234 2250 4049 2310 
8235 988 4489 3502 
8236 2324 4625 3556 
8237 3888 4585 2361 
8238 1544 3882 3563 
8239 151 938 150 
8240 354 937 353 
8241 55 3681 54 
8242 258 3680 257 
8243 942 3884 246 
8244 2833 4631 4508 
8245 92 3795 892 
8246 295 3794 891 
8247 2045 3845 3697 
8248 2463 4087 3598 
8249 3775 3978 2327 
8250 3443 4081 769 
8251 4225 4588 4058 
8252 3796 4038 2245 
8253 2126 4165 2128 
8254 3465 4410 4179 
8255 346 3958 949 
8256 791 4296 286 
8257 792 4297 83 
8258 2036 4073 2406 
8259 304 870 303 
8260 101 869 100 
8261 3701 4276 2734 
8262 2390 4200 2171 
8263 4066 4645 910 
8264 316 3734 819 
8265 113 3733 820 
8266 2405 4200 2390 
8267 3654 4250 2120 
8268 35 3575 770 
8269 3006 4500 3156 
8270 161 3482 794 
8271 2630 4201 2386 
8272 4005 4384 1598 
8273 3444 4050 751 
8274 1972 4396 2032 
8275 254 3712 253 
8276 155 929 154 
8277 358 930 357 
8278 3523 4302 1980 
8279 3804 3808 2237 
8280 264 3555 3535 
8281 3606 4489 988 
8282 2444 4237 2319 
8283 1802 4370 3479 
8284 4047 4596 2604 
8285 2245 4282 1807 
8286 2387 4392 3621 
8287 3382 4060 1389 
8288 1374 4618 1331 
8289 3610 3943 778 
8290 3861 3862 1048 
8291 2336 4205 3819 
8292 301 3984 1496 
8293 3638 4488 3096 
8294 4343 4574 1379 
8295 202 925 201 
8296 405 926 404 
8297 1211 4665 2530 
8298 1465 3898 3560 
8299 3637 4451 2252 
8300 8 4024 7 
8301 198 4026 197 
8302 401 4025 400 
8303 3819 4205 2954 
8304 3428 4421 775 
8305 3910 4180 1419 
8306 143 4014 950 
8307 2461 4586 3120 
8308 2297 4597 1722 
8309 2630 4548 4201 
8310 257 764 256 
8311 54 763 53 
8312 3754 3919 1548 
8313 2661 4267 3736 
8314 3574 4472 2413 
8315 3526 4401 942 
8316 307 1731 306 
8317 104 1732 103 
8318 3201 4660 2754 
8319 3721 4513 3163 
8320 3805 4430 1000 
8321 4180 4487 1829 
8322 255 932 254 
8323 52 931 51 
8324 357 3673 356 
8325 154 3672 153 
8326 3170 4260 2160 
8327 909 3950 592 
8328 206 894 205 
8329 3 893 2 
8330 4208 4671 753 
8331 756 3525 45 
8332 755 3526 248 
8333 2033 4268 1590 
8334 2799 4097 3925 
8335 153 760 152 
8336 356 759 355 
8337 256 3738 255 
8338 837 4611 3495 
8339 3851 4350 2478 
8340 2935 4136 3655 
8341 1040 3956 1038 
8342 3705 4492 3820 
8343 1852 4071 3886 
8344 2593 3946 1989 
8345 3179 4290 3366 
8346 1520 4025 3605 
8347 1999 4621 3380 
8348 1057 4064 1054 
8349 3513 4185 3188 
8350 1430 4562 4189 
8351 145 3571 788 
8352 3652 4276 940 
8353 2548 4356 4079 
8354 364 3760 793 
8355 4210 4360 823 
8356 894 3706 205 
8357 893 3707 2 
8358 2771 4223 2770 
8359 4310 4368 2880 
8360 1385 3909 3587 
8361 2491 4231 3547 
8362 216 4348 215 
8363 665 4302 3523 
8364 3298 4397 3646 
8365 99 4013 98 
8366 2497 3966 3536 
8367 3968 4565 2371 
8368 2393 4213 3690 
8369 140 4563 139 
8370 4141 4574 2593 
8371 3533 4113 1992 
8372 3434 4565 2918 
8373 3563 4294 1798 
8374 3769 3891 2149 
8375 1255 4422 4229 
8376 2726 4273 3573 
8377 2120 4250 2122 
8378 1912 4458 3599 
8379 2741 4073 2036 
8380 2833 4508 3486 
8381 3945 4323 3454 
8382 2223 4110 3713 
8383 4293 4659 887 
8384 4176 4188 1902 
8385 3609 4230 2364 
8386 2171 4391 1688 
8387 4068 4671 4208 
8388 3380 4621 3381 
8389 1324 4507 4198 
8390 3361 4446 2459 
8391 777 3935 3657 
8392 3886 3965 3957 
8393 1989 3946 3645 
8394 3891 3994 2630 
8395 3034 4037 3214 
8396 3229 4539 2949 
8397 2001 4492 3705 
8398 2538 4439 2542 
8399 1409 3808 3804 
8400 2663 4310 3432 
8401 2487 4653 2485 
8402 403 4031 402 
8403 3599 4458 2797 
8404 3419 4449 928 
8405 2492 4466 2670 
8406 2665 4267 2661 
8407 3116 4123 2690 
8408 19 4360 993 
8409 819 3740 315 
8410 2160 4260 3226 
8411 4150 4588 907 
8412 2985 4467 3862 
8413 1497 4475 3597 
8414 298 4183 297 
8415 3319 4655 3387 
8416 802 4424 4224 
8417 4080 4259 3513 
8418 3107 4557 3600 
8419 3598 4023 2405 
8420 1590 4268 1975 
8421 774 3666 3617 
8422 2428 4607 3506 
8423 3559 3890 936 
8424 769 4081 589 
8425 3810 4165 2126 
8426 2341 4166 3614 
8427 2450 4067 2448 
8428 3837 4531 3814 
8429 3607 4054 987 
8430 3522 4154 1476 
8431 3494 4414 1146 
8432 3316 4086 2348 
8433 1828 4523 3996 
8434 3440 4328 798 
8435 4411 4412 2729 
8436 3491 4527 3489 
8437 2361 4585 1936 
8438 3882 4294 3563 
8439 2509 4177 4109 
8440 3759 4429 1055 
8441 3449 4459 1257 
8442 3410 4599 4249 
8443 2227 4522 2375 
8444 3651 4374 3652 
8445 3925 4097 904 
8446 2969 4303 3577 
8447 3695 4491 937 
8448 1177 4249 1179 
8449 815 4483 3206 
8450 750 4138 3643 
8451 2994 3965 3886 
8452 3214 4519 780 
8453 4027 4634 2634 
8454 932 3738 3562 
8455 3459 3944 2940 
8456 3552 4540 3252 
8457 3867 4628 866 
8458 3462 4115 2259 
8459 2445 4553 1924 
8460 2529 3919 3864 
8461 60 3534 944 
8462 263 3535 943 
8463 1807 4282 2373 
8464 2099 4046 3532 
8465 2448 4067 3682 
8466 793 3559 363 
8467 794 3558 160 
8468 3413 4177 1876 
8469 3521 4169 2713 
8470 3591 4636 865 
8471 2728 4636 3591 
8472 870 3923 3922 
8473 3834 4427 735 
8474 107 4094 106 
8475 310 4095 309 
8476 3852 4043 2828 
8477 853 3877 214 
8478 854 3876 11 
8479 3967 4210 2427 
8480 3014 4535 3483 
8481 3063 4371 3890 
8482 2916 4565 3968 
8483 787 3958 347 
8484 996 3794 296 
8485 995 3795 93 
8486 2482 4261 4105 
8487 946 3571 146 
8488 3512 4269 3511 
8489 2514 4451 4261 
8490 4105 4106 900 
8491 3788 4506 2355 
8492 2606 4449 3419 
8493 2319 4544 1472 
8494 877 3811 397 
8495 878 3812 194 
8496 2375 4555 3524 
8497 2521 4530 3492 
8498 3956 4286 1366 
8499 249 3584 755 
8500 46 3585 756 
8501 2902 4606 4174 
8502 3258 4603 3579 
8503 3978 4137 2327 
8504 2248 4127 3615 
8505 941 4598 43 
8506 4382 4418 2911 
8507 2307 4036 3976 
8508 913 4057 3581 
8509 3722 4576 2402 
8510 1423 4198 4162 
8511 3856 4571 919 
8512 2701 4399 2699 
8513 3056 4642 3807 
8514 789 3895 3622 
8515 3864 3919 3754 
8516 3976 4625 2324 
8517 2405 4416 4200 
8518 788 4014 144 
8519 3769 4614 3891 
8520 3835 4049 2250 
8521 209 4119 208 
8522 6 4118 5 
8523 1625 4179 3359 
8524 4203 4569 2842 
8525 1736 4111 3786 
8526 3513 4259 239 
8527 3862 4467 1053 
8528 1375 4347 4067 
8529 3890 4131 936 
8530 4247 4270 779 
8531 4056 4057 801 
8532 3498 4112 3545 
8533 3393 4462 1997 
8534 3163 4513 3164 
8535 43 4598 42 
8536 1293 4442 3781 
8537 3833 4012 1741 
8538 100 4125 99 
8539 3678 4227 901 
8540 2327 4137 3773 
8541 1925 4619 4002 
8542 215 4348 853 
8543 3953 4471 3793 
8544 4443 4663 2748 
8545 3936 4381 2412 
8546 3232 4381 3936 
8547 878 4236 3812 
8548 3168 4217 1860 
8549 3387 4655 1552 
8550 749 3712 3609 
8551 2084 4543 4385 
8552 348 3955 787 
8553 3692 4490 1353 
8554 3696 4552 3068 
8555 3887 4130 2898 
8556 3949 4134 2564 
8557 4200 4391 2171 
8558 4237 4544 2319 
8559 1291 4658 4368 
8560 4291 4543 2084 
8561 3694 4536 4135 
8562 3690 4405 2393 
8563 1263 4668 3910 
8564 3805 4395 2666 
8565 3873 4402 3683 
8566 3752 4615 3232 
8567 2372 4340 4058 
8568 2338 4429 3759 
8569 3351 4130 3887 
8570 3428 4598 3197 
8571 4104 4105 900 
8572 404 4156 403 
8573 201 4155 200 
8574 751 4050 611 
8575 3618 4017 2741 
8576 3605 4025 831 
8577 3963 4504 2560 
8578 4240 4637 3619 
8579 3879 4365 2881 
8580 986 4527 14 
8581 4189 4653 1430 
8582 907 4588 4225 
8583 3743 4644 847 
8584 993 4360 3967 
8585 4067 4347 3682 
8586 3922 3923 2321 
8587 3843 4111 2567 
8588 3619 4637 2345 
8589 760 4632 3694 
8590 3730 4593 1307 
8591 3613 4482 3089 
8592 1493 4416 4326 
8593 3172 4552 3696 
8594 943 3594 262 
8595 944 3593 59 
8596 4383 4431 2499 
8597 3506 4460 2428 
8598 2776 4266 3926 
8599 350 3616 945 
8600 933 3584 250 
8601 934 3585 47 
8602 3412 4534 2385 
8603 2676 4635 4226 
8604 375 4068 898 
8605 172 4069 897 
8606 2251 4116 3845 
8607 4570 4586 3121 
8608 4033 4097 2800 
8609 159 3558 935 
8610 362 3559 936 
8611 4073 4599 2406 
8612 4201 4548 1273 
8613 985 4550 3912 
8614 1772 4118 3881 
8615 3588 4125 869 
8616 3729 4571 2429 
8617 929 4062 3672 
8618 3914 4464 3048 
8619 3261 4518 2760 
8620 3593 4337 784 
8621 405 3947 926 
8622 202 3948 925 
8623 2355 4506 2960 
8624 2881 4263 3879 
8625 80 4088 742 
8626 283 4089 741 
8627 172 4672 4069 
8628 375 4671 4068 
8629 2357 4429 2338 
8630 3642 4644 3019 
8631 2930 4188 4176 
8632 4464 4494 2539 
8633 4101 4195 2339 
8634 94 3917 995 
8635 4121 4452 3000 
8636 928 4449 3883 
8637 3784 4604 1205 
8638 3694 4632 4536 
8639 2738 4577 3684 
8640 286 4296 601 
8641 83 4297 437 
8642 2456 4656 4384 
8643 1312 4534 3412 
8644 2509 4622 4177 
8645 865 4484 3591 
8646 112 4670 111 
8647 1571 4531 1566 
8648 195 3928 878 
8649 398 3927 877 
8650 4033 4252 4097 
8651 1722 4597 1463 
8652 4023 4416 2405 
8653 820 4670 112 
8654 1876 4669 3413 
8655 3903 4393 2810 
8656 2348 4620 3485 
8657 3875 3877 853 
8658 2413 4472 3731 
8659 1789 4547 1889 
8660 2918 4565 2916 
8661 2386 4201 3983 
8662 3905 4064 1057 
8663 213 3877 992 
8664 10 3876 991 
8665 4412 4627 2729 
8666 449 4104 900 
8667 410 4360 19 
8668 3483 4535 2781 
8669 3392 4467 2985 
8670 1505 4297 3758 
8671 3740 3916 314 
8672 766 4634 4027 
8673 4270 4284 779 
8674 756 4257 3525 
8675 3911 4397 2764 
8676 3551 4479 2782 
8677 3910 4668 3008 
8678 3777 4383 2208 
8679 755 4541 3526 
8680 805 4630 393 
8681 4078 4195 2582 
8682 1924 4553 1925 
8683 2982 4323 3945 
8684 4038 4282 2245 
8685 3922 4600 870 
8686 4168 4344 979 
8687 802 4606 4424 
8688 2781 4623 4479 
8689 2456 4384 3932 
8690 4500 4636 2728 
8691 3006 4636 4500 
8692 1116 4242 3608 
8693 3867 4024 3870 
8694 4059 4206 2558 
8695 4384 4656 2956 
8696 3680 4151 764 
8697 3897 4470 2578 
8698 3436 4428 803 
8699 4067 4382 1375 
8700 1780 4654 4194 
8701 774 3616 351 
8702 3959 4298 3169 
8703 3580 4418 2451 
8704 2942 4585 3888 
8705 3846 4441 811 
8706 945 3955 349 
8707 3866 3870 991 
8708 3479 4370 3055 
8709 4109 4177 2484 
8710 3931 4392 2387 
8711 2905 4626 3977 
8712 2604 4596 3676 
8713 2137 4194 3801 
8714 1256 4410 3465 
8715 2975 4561 3261 
8716 251 3644 933 
8717 48 3643 934 
8718 3772 4127 2248 
8719 2876 4590 4562 
8720 4076 4348 216 
8721 211 4484 210 
8722 2082 4607 3118 
8723 4058 4588 2372 
8724 147 3776 946 
8725 261 3594 783 
8726 58 3593 784 
8727 4269 4579 3511 
8728 3753 4561 2975 
8729 2195 4624 4048 
8730 3408 4250 3654 
8731 3107 4402 3873 
8732 2539 4602 3589 
8733 2921 4398 3829 
8734 4135 4332 2564 
8735 3793 4420 2253 
8736 3604 4478 1450 
8737 829 4638 4235 
8738 2603 4305 4015 
8739 297 4183 996 
8740 3057 4605 3571 
8741 936 3611 361 
8742 935 3610 158 
8743 3466 4481 2001 
8744 1825 4524 3999 
8745 4228 4588 4150 
8746 2372 4588 4228 
8747 2685 4350 3851 
8748 3381 4414 3453 
8749 3887 4478 3604 
8750 2577 4591 3921 
8751 4465 4587 903 
8752 238 4259 769 
8753 3548 4529 986 
8754 576 4153 917 
8755 200 4413 199 
8756 908 4174 230 
8757 1461 4574 4141 
8758 1366 4286 3825 
8759 991 3870 9 
8760 3070 4474 4044 
8761 1829 4487 3625 
8762 3008 4180 3910 
8763 2626 4228 4150 
8764 2406 4599 3410 
8765 3806 4438 2443 
8766 1241 4460 3506 
8767 3932 4005 921 
8768 996 4183 3763 
8769 3804 4320 1409 
8770 23 4184 814 
8771 3682 4347 2347 
8772 3068 4552 3871 
8773 3996 4523 2822 
8774 352 3666 774 
8775 149 3665 773 
8776 749 3644 252 
8777 750 3643 49 
8778 965 4486 4063 
8779 2956 4656 3767 
8780 3925 4430 2799 
8781 3573 4485 2726 
8782 833 3917 95 
8783 313 3916 921 
8784 3770 4321 1019 
8785 1568 4376 3813 
8786 3008 4487 4180 
8787 2442 4406 3806 
8788 2475 4592 4452 
8789 4200 4416 3036 
8790 3912 4550 3416 
8791 2030 4663 4443 
8792 2668 4463 3739 
8793 3763 4183 834 
8794 992 3990 212 
8795 1205 4643 4592 
8796 2092 4623 4535 
8797 1520 3927 399 
8798 1521 3928 196 
8799 3784 4592 2475 
8800 4177 4622 1876 
8801 783 3650 260 
8802 773 3776 148 
8803 784 3651 57 
8804 936 4131 3611 
8805 3467 4616 2394 
8806 3886 4071 2994 
8807 2100 4365 3879 
8808 2764 4590 3911 
8809 1858 4537 3698 
8810 1521 4211 3928 
8811 3511 4579 1662 
8812 3673 4163 759 
8813 4031 4167 831 
8814 157 3610 778 
8815 360 3611 777 
8816 938 3665 150 
8817 937 3666 353 
8818 4193 4370 1802 
8819 3635 4440 2528 
8820 3677 4490 2806 
8821 3811 4480 989 
8822 50 3671 750 
8823 457 4220 177 
8824 621 4219 380 
8825 620 4221 379 
8826 456 4222 176 
8827 3992 4333 2104 
8828 4160 4536 2724 
8829 582 908 230 
8830 418 907 27 
8831 178 1007 457 
8832 381 1005 621 
8833 580 4224 228 
8834 382 852 622 
8835 179 851 458 
8836 27 4225 417 
8837 1991 4332 4135 
8838 30 4227 420 
8839 4371 4545 2370 
8840 29 790 419 
8841 232 789 583 
8842 380 745 620 
8843 177 746 456 
8844 4091 4601 3379 
8845 3329 4601 4091 
8846 1353 4334 3692 
8847 786 4412 4411 
8848 455 4233 175 
8849 619 4232 378 
8850 383 1009 623 
8851 180 1011 459 
8852 229 802 580 
8853 26 801 416 
8854 4210 4331 3501 
8855 823 4331 4210 
8856 4053 4646 2369 
8857 861 3660 325 
8858 862 3661 122 
8859 4162 4461 2081 
8860 629 4240 736 
8861 465 4239 735 
8862 613 4245 899 
8863 110 4052 922 
8864 420 4248 29 
8865 379 997 619 
8866 176 999 455 
8867 3881 4628 2572 
8868 4015 4305 3087 
8869 415 913 24 
8870 181 739 460 
8871 384 740 624 
8872 579 914 227 
8873 3895 4587 4465 
8874 454 4252 174 
8875 1001 4254 450 
8876 1003 4255 614 
8877 228 4258 579 
8878 3340 4356 4355 
8879 3177 4320 3804 
8880 4265 4600 3922 
8881 3736 4368 2663 
8882 3318 4600 4265 
8883 931 3671 51 
8884 1016 4568 4009 
8885 31 4253 421 
8886 585 903 233 
8887 175 904 454 
8888 378 902 618 
8889 421 901 30 
8890 2579 4469 3828 
8891 354 3695 937 
8892 151 3693 938 
8893 182 1033 461 
8894 385 1479 625 
8895 2593 4343 3946 
8896 4162 4198 3021 
8897 227 4274 578 
8898 2134 4470 3897 
8899 2946 4344 4168 
8900 2008 4586 4570 
8901 3120 4454 3631 
8902 4355 4356 2546 
8903 763 3683 53 
8904 52 3683 931 
8905 4089 4133 2330 
8906 4088 4132 2329 
8907 56 3651 940 
8908 259 3650 939 
8909 3803 4542 3109 
8910 3693 4134 938 
8911 834 4183 298 
8912 453 754 173 
8913 32 779 422 
8914 617 753 376 
8915 235 780 586 
8916 422 4284 31 
8917 2444 4438 3806 
8918 4037 4443 2748 
8919 760 3693 152 
8920 759 3695 355 
8921 299 4004 834 
8922 921 4005 312 
8923 922 4006 109 
8924 96 4008 833 
8925 2593 4574 4343 
8926 2796 4573 3871 
8927 183 859 462 
8928 386 860 626 
8929 226 813 577 
8930 23 814 413 
8931 4573 4649 2795 
8932 2464 4646 4053 
8933 4096 4538 977 
8934 777 3657 359 
8935 778 3656 156 
8936 3535 4364 943 
8937 4535 4623 2781 
8938 2977 4544 4237 
8939 20 4331 823 
8940 2704 4508 3824 
8941 4385 4543 2752 
8942 595 4307 279 
8943 431 4306 76 
8944 432 4308 77 
8945 596 4309 280 
8946 3054 4370 4193 
8947 607 1027 330 
8948 443 1025 127 
8949 78 855 432 
8950 281 856 596 
8951 908 4445 4173 
8952 608 744 331 
8953 280 1021 595 
8954 77 1023 431 
8955 444 743 128 
8956 1993 4511 3691 
8957 594 4314 278 
8958 430 4315 75 
8959 606 857 329 
8960 282 1029 597 
8961 442 858 126 
8962 79 1031 433 
8963 330 4318 606 
8964 127 4317 442 
8965 3631 4454 2012 
8966 3994 4548 2630 
8967 3822 4422 3724 
8968 102 4629 101 
8969 423 4247 32 
8970 587 4246 235 
8971 3036 4391 4200 
8972 445 1013 129 
8973 76 747 430 
8974 279 748 594 
8975 609 1015 332 
8976 4097 4252 904 
8977 197 4026 1521 
8978 400 4025 1520 
8979 441 1486 125 
8980 80 742 434 
8981 283 741 598 
8982 605 1484 328 
8983 593 4322 277 
8984 429 4321 74 
8985 4452 4592 3000 
8986 2153 4504 3963 
8987 329 4324 605 
8988 126 4325 441 
8989 3493 4524 1825 
8990 412 918 21 
8991 576 917 224 
8992 1986 4271 3975 
8993 2536 4494 4464 
8994 451 4329 171 
8995 615 4330 374 
8996 610 912 333 
8997 75 1019 429 
8998 446 911 130 
8999 278 1017 593 
9000 4173 4445 3623 
9001 866 4024 3867 
9002 440 738 124 
9003 604 737 327 
9004 4068 4208 2308 
9005 2536 4464 3914 
9006 4481 4492 2001 
9007 234 4373 585 
9008 2450 4382 4067 
9009 125 4338 440 
9010 328 4339 604 
9011 3572 4326 4023 
9012 2344 4404 4141 
9013 939 3680 258 
9014 940 3681 55 
9015 3485 4620 3783 
9016 3683 4402 931 
9017 784 4374 3651 
9018 3858 4582 377 
9019 335 751 611 
9020 132 752 447 
9021 447 4349 131 
9022 277 909 592 
9023 74 910 428 
9024 336 4346 612 
9025 588 906 236 
9026 375 898 615 
9027 172 897 451 
9028 424 905 33 
9029 907 4595 4150 
9030 253 3712 749 
9031 155 3656 929 
9032 358 3657 930 
9033 439 1527 123 
9034 603 1525 326 
9035 3588 4475 4013 
9036 436 916 81 
9037 600 915 284 
9038 2898 4478 3887 
9039 4062 4632 3672 
9040 3870 4024 8 
9041 464 1969 184 
9042 628 1968 387 
9043 327 4358 603 
9044 124 4359 439 
9045 3871 4552 2796 
9046 1364 4342 3962 
9047 1552 4655 3653 
9048 824 4361 574 
9049 4092 4613 2736 
9050 2757 4604 3784 
9051 131 4387 446 
9052 3984 4600 3318 
9053 448 4437 132 
9054 427 758 72 
9055 591 757 275 
9056 612 4369 335 
9057 4020 4509 2439 
9058 231 4445 582 
9059 3243 4348 4076 
9060 602 861 325 
9061 437 1505 82 
9062 601 1507 285 
9063 438 862 122 
9064 82 4389 436 
9065 285 4390 600 
9066 2663 4368 4310 
9067 911 4387 3998 
9068 54 3681 763 
9069 257 3680 764 
9070 326 4380 602 
9071 123 4379 438 
9072 2936 4422 3822 
9073 930 3673 357 
9074 929 3672 154 
9075 932 3712 254 
9076 374 1003 614 
9077 35 770 425 
9078 171 1001 450 
9079 238 769 589 
9080 4301 4530 2520 
9081 2454 4528 3952 
9082 995 4640 3795 
9083 4479 4623 2780 
9084 3652 4543 4291 
9085 4150 4595 4149 
9086 4148 4149 790 
9087 223 824 574 
9088 629 736 388 
9089 465 735 185 
9090 20 823 410 
9091 940 4276 3681 
9092 613 899 336 
9093 590 2790 274 
9094 426 2792 71 
9095 449 900 133 
9096 185 4427 464 
9097 388 4426 628 
9098 153 3672 760 
9099 356 3673 759 
9100 764 3738 256 
9101 255 3738 932 
9102 224 4425 575 
9103 311 4005 1598 
9104 108 4006 1597 
9105 1497 4008 97 
9106 1496 4004 300 
9107 133 4436 448 
9108 4021 4546 2458 
9109 2241 4647 4226 
9110 2752 4543 4374 
9111 4374 4543 3652 
9112 4124 4496 2430 
9113 4044 4474 2522 
9114 3429 4282 4038 
9115 111 4670 4052 
9116 1689 4561 3753 
9117 751 4369 3941 
9118 4149 4595 28 
9119 831 4025 401 
9120 832 4026 198 
9121 7 4024 866 
9122 2485 4653 4189 
9123 2410 4378 4140 
9124 586 4519 234 
9125 2619 4566 4061 
9126 3594 4457 783 
9127 3581 4057 4056 
9128 3933 4667 34 
9129 3571 4605 788 
9130 98 4013 1497 
9131 4019 4651 2839 
9132 28 4595 418 
9133 4155 4471 3953 
9134 3925 4233 999 
9135 904 4233 3925 
9136 863 4569 4203 
9137 4046 4572 2785 
9138 4159 4570 3121 
9139 581 4606 229 
9140 3965 4517 1241 
9141 377 4582 617 
9142 3950 4662 276 
9143 2671 4545 4371 
9144 1597 4094 107 
9145 1598 4095 310 
9146 2518 4627 4412 
9147 402 4031 831 
9148 4048 4624 2870 
9149 832 4413 3953 
9150 4141 4404 1461 
9151 2682 4613 4092 
9152 866 4118 6 
9153 865 4119 209 
9154 4085 4245 2479 
9155 1150 4434 4139 
9156 2613 4584 4197 
9157 3969 4629 102 
9158 3990 4484 211 
9159 4082 4425 917 
9160 4194 4654 2647 
9161 210 4484 865 
9162 2821 4614 3769 
9163 34 4667 424 
9164 4171 4322 1017 
9165 2794 4649 4573 
9166 276 4662 591 
9167 4258 4408 914 
9168 4253 4450 901 
9169 2256 4612 3818 
9170 2639 4637 4240 
9171 106 4094 842 
9172 309 4095 841 
9173 1892 4625 3976 
9174 4106 4436 900 
9175 199 4413 832 
9176 4198 4507 3021 
9177 753 4671 376 
9178 754 4672 173 
9179 208 4119 1773 
9180 5 4118 1772 
9181 4261 4669 2514 
9182 3021 4461 4162 
9183 2843 4492 4481 
9184 4013 4475 1497 
9185 3672 4632 760 
9186 99 4125 4013 
9187 869 4125 100 
9188 4592 4643 3000 
9189 4013 4125 3588 
9190 601 4296 1507 
9191 437 4297 1505 
9192 925 4155 201 
9193 926 4156 404 
9194 403 4156 4031 
9195 903 4587 233 
9196 4226 4647 2676 
9197 925 4471 4155 
9198 823 4360 410 
9199 101 4629 869 
9200 4174 4606 581 
9201 233 4587 584 
9202 4052 4670 3013 
9203 4155 4413 200 
9204 428 4645 73 
9205 173 4672 452 
9206 376 4671 616 
9207 3953 4413 4155 
9208 910 4645 428 
9209 3591 4484 3990 
9210 1007 4220 457 
9211 1005 4219 621 
9212 380 4219 745 
9213 177 4220 746 
9214 907 4225 27 
9215 745 4221 620 
9216 746 4222 456 
9217 176 4222 999 
9218 379 4221 997 
9219 802 4224 580 
9220 29 4248 790 
9221 4227 4248 420 
9222 4224 4258 228 
9223 999 4233 455 
9224 997 4232 619 
9225 901 4227 30 
9226 175 4233 904 
9227 378 4232 902 
9228 579 4258 914 
9229 904 4252 454 
9230 914 4274 227 
9231 421 4253 901 
9232 31 4284 4253 
9233 3941 4369 4346 
9234 582 4445 908 
9235 585 4373 903 
9236 779 4284 422 
9237 32 4247 779 
9238 235 4246 780 
9239 418 4595 907 
9240 280 4309 1021 
9241 77 4308 1023 
9242 855 4308 432 
9243 856 4309 596 
9244 1021 4307 595 
9245 1023 4306 431 
9246 229 4606 802 
9247 76 4306 747 
9248 279 4307 748 
9249 1025 4317 127 
9250 1027 4318 330 
9251 606 4318 857 
9252 442 4317 858 
9253 3678 4248 4227 
9254 748 4314 594 
9255 747 4315 430 
9256 278 4314 1017 
9257 75 4315 1019 
9258 857 4324 329 
9259 858 4325 126 
9260 441 4325 1486 
9261 605 4324 1484 
9262 1017 4322 593 
9263 1019 4321 429 
9264 74 4321 910 
9265 277 4322 909 
9266 1486 4338 125 
9267 1484 4339 328 
9268 604 4339 737 
9269 440 4338 738 
9270 780 4519 586 
9271 234 4519 4373 
9272 446 4387 911 
9273 4349 4387 131 
9274 897 4329 451 
9275 898 4330 615 
9276 617 4582 753 
9277 737 4358 327 
9278 738 4359 124 
9279 374 4330 1003 
9280 171 4329 1001 
9281 752 4349 447 
9282 132 4437 752 
9283 335 4369 751 
9284 603 4358 1525 
9285 439 4359 1527 
9286 917 4425 224 
9287 436 4389 916 
9288 600 4390 915 
9289 4346 4369 612 
9290 899 4346 336 
9291 1525 4380 326 
9292 1527 4379 123 
9293 464 4427 1969 
9294 628 4426 1968 
9295 602 4380 861 
9296 438 4379 862 
9297 1507 4390 285 
9298 1505 4389 82 
9299 4436 4437 448 
9300 900 4436 133 
9301 735 4427 185 
9302 736 4426 388 
9303 424 4667 905 
9304 591 4662 757 
9305 3998 4387 4349 
9306 4106 4437 4436 
9307 4373 4519 3214 
9308 128 1025 443 
9309 174 754 453 
9310 331 1027 607 
9311 4 893 3 
9312 417 801 26 
9313 33 4247 423 
9314 72 2792 426 
9315 433 855 78 
9316 434 1031 79 
9317 105 1732 104 
9318 129 743 444 
9319 130 1013 445 
9320 458 1007 178 
9321 459 851 179 
9322 460 1011 180 
9323 461 739 181 
9324 462 1033 182 
9325 207 894 206 
9326 575 824 223 
9327 578 813 226 
9328 236 4246 587 
9329 275 2790 590 
9330 597 856 281 
9331 598 1029 282 
9332 303 3984 302 
9333 308 1731 307 
9334 332 744 608 
9335 333 1015 609 
9336 622 1005 381 
9337 623 852 382 
9338 624 1009 383 
9339 625 740 384 
9340 626 1479 385 
9341 2721 4266 2776 
9342 3601 4223 2771 
$EndElements
