$MeshFormat
4.1 0 8
$EndMeshFormat
$PhysicalNames
4
1 101 "Source"
1 102 "Microphone"
1 103 "FreeSurface"
2 201 "Domain"
$EndPhysicalNames
$Entities
406 406 1 0
1 0 0 0 0 
2 0.0004 0 0 0 
3 0.0004648 1.856007638244811e-06 0 0 
4 0.0005296000000000001 7.41677841749897e-06 0 0 
5 0.0005944 1.66605842682027e-05 0 0 
6 0.0006592 2.955130608663946e-05 0 0 
7 0.000724 4.603857486616185e-05 0 0 
8 0.0007888 6.605796850826771e-05 0 0 
9 0.0008535999999999999 8.953126354450896e-05 0 0 
10 0.0009184 0.0001163667407856603 0 0 
11 0.0009832 0.0001464595437038575 0 0 
12 0.001048 0.0001796920881473692 0 0 
13 0.0011128 0.0002159345217870891 0 0 
14 0.0011776 0.0002550452314995145 0 0 
15 0.0012424 0.0002968713967036695 0 0 
16 0.0013072 0.0003412495864898753 0 0 
17 0.001372 0.0003880063982071538 0 0 
18 0.0014368 0.000436959135014058 0 0 
19 0.0015016 0.0004879165197454795 0 0 
20 0.0015664 0.000540679442306078 0 0 
21 0.0016312 0.0005950417376699832 0 0 
22 0.001696 0.00065079099144682 0 0 
23 0.0017608 0.0007077093698664074 0 0 
24 0.0018256 0.0007655744709390536 0 0 
25 0.0018904 0.0008241601934656464 0 0 
26 0.0019552 0.0008832376205019718 0 0 
27 0.00202 0.0009425759138252353 0 0 
28 0.0020848 0.001001943215907757 0 0 
29 0.0021496 0.001061107555873478 0 0 
30 0.0022144 0.001119837755897373 0 0 
31 0.0022792 0.001177904334506093 0 0 
32 0.002344 0.001235080403250324 0 0 
33 0.0024088 0.001291142553245193 0 0 
34 0.0024736 0.001345871728114687 0 0 
35 0.0025384 0.001399054079929137 0 0 
36 0.0026032 0.001450481804791306 0 0 
37 0.002668 0.001499953954806116 0 0 
38 0.0027328 0.001547277223261341 0 0 
39 0.0027976 0.001592266699951254 0 0 
40 0.0028624 0.001634746593691905 0 0 
41 0.0029272 0.001674550919204863 0 0 
42 0.002992 0.001711524145685522 0 0 
43 0.0030568 0.001745521804521761 0 0 
44 0.0031216 0.001776411053788351 0 0 
45 0.0031864 0.001804071197311444 0 0 
46 0.0032512 0.001828394156274926 0 0 
47 0.003316 0.001849284891525912 0 0 
48 0.0033808 0.001866661774929256 0 0 
49 0.0034456 0.00188045690832006 0 0 
50 0.0035104 0.001890616388807918 0 0 
51 0.0035752 0.001897100519396228 0 0 
52 0.00364 0.00189988396409362 0 0 
53 0.0037048 0.001899008054565855 0 0 
54 0.0037696 0.00189460380464232 0 0 
55 0.0038344 0.001886694225216229 0 0 
56 0.0038992 0.001875310222055643 0 0 
57 0.003964 0.00186049627683808 0 0 
58 0.0040288 0.001842310273343489 0 0 
59 0.0040936 0.001820823271280069 0 0 
60 0.0041584 0.00179611922862667 0 0 
61 0.004223200000000001 0.00176829467357668 0 0 
62 0.004288 0.001737458327365266 0 0 
63 0.0043528 0.001703730679453698 0 0 
64 0.004417600000000001 0.001667243516730701 0 0 
65 0.0044824 0.001628139408570405 0 0 
66 0.0045472 0.001586571149758982 0 0 
67 0.004612 0.001542701163466671 0 0 
68 0.004676800000000001 0.001496700866597992 0 0 
69 0.0047416 0.00144875 0 0 
70 0.0048064 0.001399035926145675 0 0 
71 0.0048712 0.001347752897036705 0 0 
72 0.004936 0.001295101295186225 0 0 
73 0.005000800000000001 0.001241286850647288 0 0 
74 0.0050656 0.001186519837146446 0 0 
75 0.0051304 0.001131014250463448 0 0 
76 0.0051952 0.001074986972267451 0 0 
77 0.005260000000000001 0.001018656922676942 0 0 
78 0.005324800000000001 0.0009622442048546655 0 0 
79 0.0053896 0.0009059692449799297 0 0 
80 0.0054544 0.0008500519309587762 0 0 
81 0.005519200000000001 0.0007947107532373806 0 0 
82 0.005584 0.0007401619510758705 0 0 
83 0.005648800000000001 0.0006866186676183898 0 0 
84 0.0057136 0.0006342901170608838 0 0 
85 0.0057784 0.0005833807671707904 0 0 
86 0.005843200000000001 0.0005340895403528551 0 0 
87 0.005908 0.0004866090363828096 0 0 
88 0.0059728 0.0004411247798459932 0 0 
89 0.0060376 0.0003978144952214631 0 0 
90 0.0061024 0.0003568474124441204 0 0 
91 0.0061672 0.0003183836056582823 0 0 
92 0.006232000000000001 0.0002825733677464559 0 0 
93 0.0062968 0.0002495566230772553 0 0 
94 0.0063616 0.0002194623807670931 0 0 
95 0.006426400000000001 0.0001924082305919586 0 0 
96 0.0064912 0.0001684998835189492 0 0 
97 0.006556 0.0001478307586528759 0 0 
98 0.0066208 0.0001304816182119016 0 0 
99 0.0066856 0.0001165202519585009 0 0 
100 0.0067504 0.0001060012123187928 0 0 
101 0.0068152 9.896560122523697e-05 0 0 
102 0.006880000000000001 9.544090951557953e-05 0 0 
103 0.0069448 9.544090951557953e-05 0 0 
104 0.0070096 9.896560122523697e-05 0 0 
105 0.0070744 0.0001060012123187928 0 0 
106 0.0071392 0.0001165202519585009 0 0 
107 0.007204000000000001 0.0001304816182119016 0 0 
108 0.0072688 0.0001478307586528759 0 0 
109 0.0073336 0.0001684998835189492 0 0 
110 0.007398399999999999 0.0001924082305919586 0 0 
111 0.007463200000000001 0.0002194623807670931 0 0 
112 0.007528000000000001 0.0002495566230772553 0 0 
113 0.007592799999999999 0.0002825733677464559 0 0 
114 0.0076576 0.0003183836056582823 0 0 
115 0.007722400000000001 0.0003568474124441204 0 0 
116 0.0077872 0.0003978144952214631 0 0 
117 0.007852000000000001 0.0004411247798459932 0 0 
118 0.0079168 0.0004866090363828096 0 0 
119 0.0079816 0.0005340895403528551 0 0 
120 0.0080464 0.0005833807671707904 0 0 
121 0.008111200000000001 0.0006342901170608838 0 0 
122 0.008176000000000001 0.0006866186676183898 0 0 
123 0.008240799999999998 0.0007401619510758705 0 0 
124 0.0083056 0.0007947107532373806 0 0 
125 0.0083704 0.0008500519309587762 0 0 
126 0.0084352 0.0009059692449799297 0 0 
127 0.008500000000000001 0.0009622442048546655 0 0 
128 0.008564800000000001 0.001018656922676942 0 0 
129 0.008629599999999999 0.001074986972267451 0 0 
130 0.0086944 0.001131014250463448 0 0 
131 0.0087592 0.001186519837146446 0 0 
132 0.008824 0.001241286850647288 0 0 
133 0.008888800000000001 0.001295101295186225 0 0 
134 0.008953600000000003 0.001347752897036705 0 0 
135 0.009018399999999999 0.001399035926145675 0 0 
136 0.0090832 0.00144875 0 0 
137 0.009148 0.001496700866597992 0 0 
138 0.0092128 0.001542701163466671 0 0 
139 0.009277600000000002 0.001586571149758983 0 0 
140 0.009342399999999999 0.001628139408570405 0 0 
141 0.009407199999999999 0.0016672435167307 0 0 
142 0.009472 0.001703730679453698 0 0 
143 0.0095368 0.001737458327365266 0 0 
144 0.009601600000000002 0.00176829467357668 0 0 
145 0.0096664 0.001796119228626669 0 0 
146 0.009731199999999999 0.001820823271280069 0 0 
147 0.009796000000000001 0.001842310273343489 0 0 
148 0.009860799999999999 0.00186049627683808 0 0 
149 0.009925600000000001 0.001875310222055643 0 0 
150 0.0099904 0.001886694225216229 0 0 
151 0.0100552 0.00189460380464232 0 0 
152 0.01012 0.001898955846911426 0 0 
153 0.0101848 0.00189988396409362 0 0 
154 0.0102496 0.001897100519396228 0 0 
155 0.0103144 0.001890616388807918 0 0 
156 0.0103792 0.00188045690832006 0 0 
157 0.010444 0.001866661774929255 0 0 
158 0.0105088 0.001849284891525912 0 0 
159 0.0105736 0.001828394156274926 0 0 
160 0.0106384 0.001804071197311444 0 0 
161 0.0107032 0.00177641105378835 0 0 
162 0.010768 0.001745521804521761 0 0 
163 0.0108328 0.001711524145685523 0 0 
164 0.0108976 0.001674550919204863 0 0 
165 0.0109624 0.001634746593691905 0 0 
166 0.0110272 0.001592266699951255 0 0 
167 0.011092 0.001547277223261341 0 0 
168 0.0111568 0.001499953954806116 0 0 
169 0.0112216 0.001450481804791306 0 0 
170 0.0112864 0.001399054079929137 0 0 
171 0.0113512 0.001345871728114687 0 0 
172 0.011416 0.001291142553245193 0 0 
173 0.0114808 0.001235080403250323 0 0 
174 0.0115456 0.001177904334506093 0 0 
175 0.0116104 0.001119837755897372 0 0 
176 0.0116752 0.001061107555873478 0 0 
177 0.01174 0.001001943215907756 0 0 
178 0.0118048 0.0009425759138252364 0 0 
179 0.0118696 0.0008832376205019725 0 0 
180 0.0119344 0.000824160193465647 0 0 
181 0.0119992 0.0007655744709390543 0 0 
182 0.012064 0.0007077093698664077 0 0 
183 0.0121288 0.0006507909914468205 0 0 
184 0.0121936 0.0005950417376699834 0 0 
185 0.0122584 0.0005406794423060782 0 0 
186 0.0123232 0.0004879165197454795 0 0 
187 0.012388 0.0004369591350140579 0 0 
188 0.0124528 0.0003880063982071535 0 0 
189 0.0125176 0.000341249586489875 0 0 
190 0.0125824 0.0002968713967036691 0 0 
191 0.0126472 0.0002550452314995141 0 0 
192 0.012712 0.0002159345217870888 0 0 
193 0.0127768 0.0001796920881473688 0 0 
194 0.0128416 0.000146459543703857 0 0 
195 0.0129064 0.0001163667407856608 0 0 
196 0.0129712 8.953126354450929e-05 0 0 
197 0.013036 6.605796850826802e-05 0 0 
198 0.0131008 4.603857486616206e-05 0 0 
199 0.0131656 2.955130608663956e-05 0 0 
200 0.0132304 1.66605842682027e-05 0 0 
201 0.0132952 7.41677841749897e-06 0 0 
202 0.01336 1.856007638244811e-06 0 0 
203 0.017 0 0 0 
204 0.017 0.007 0 0 
205 0.0166 0.007 0 0 
206 0.0165352 0.006998143992361755 0 0 
207 0.0164704 0.006992583221582502 0 0 
208 0.0164056 0.006983339415731798 0 0 
209 0.0163408 0.006970448693913361 0 0 
210 0.016276 0.006953961425133839 0 0 
211 0.0162112 0.006933942031491732 0 0 
212 0.0161464 0.006910468736455492 0 0 
213 0.0160816 0.006883633259214339 0 0 
214 0.0160168 0.006853540456296143 0 0 
215 0.015952 0.00682030791185263 0 0 
216 0.0158872 0.006784065478212911 0 0 
217 0.0158224 0.006744954768500486 0 0 
218 0.0157576 0.00670312860329633 0 0 
219 0.0156928 0.006658750413510124 0 0 
220 0.015628 0.006611993601792846 0 0 
221 0.0155632 0.006563040864985941 0 0 
222 0.0154984 0.00651208348025452 0 0 
223 0.0154336 0.006459320557693922 0 0 
224 0.0153688 0.006404958262330017 0 0 
225 0.015304 0.00634920900855318 0 0 
226 0.0152392 0.006292290630133593 0 0 
227 0.0151744 0.006234425529060946 0 0 
228 0.0151096 0.006175839806534354 0 0 
229 0.0150448 0.006116762379498028 0 0 
230 0.01498 0.006057424086174765 0 0 
231 0.0149152 0.005998056784092244 0 0 
232 0.0148504 0.005938892444126521 0 0 
233 0.0147856 0.005880162244102627 0 0 
234 0.0147208 0.005822095665493908 0 0 
235 0.014656 0.005764919596749676 0 0 
236 0.0145912 0.005708857446754807 0 0 
237 0.0145264 0.005654128271885312 0 0 
238 0.0144616 0.005600945920070864 0 0 
239 0.0143968 0.005549518195208695 0 0 
240 0.014332 0.005500046045193885 0 0 
241 0.0142672 0.00545272277673866 0 0 
242 0.0142024 0.005407733300048745 0 0 
243 0.0141376 0.005365253406308095 0 0 
244 0.0140728 0.005325449080795137 0 0 
245 0.014008 0.005288475854314478 0 0 
246 0.0139432 0.005254478195478239 0 0 
247 0.0138784 0.005223588946211649 0 0 
248 0.0138136 0.005195928802688556 0 0 
249 0.0137488 0.005171605843725073 0 0 
250 0.013684 0.005150715108474088 0 0 
251 0.0136192 0.005133338225070744 0 0 
252 0.0135544 0.00511954309167994 0 0 
253 0.0134896 0.005109383611192083 0 0 
254 0.0134248 0.005102899480603773 0 0 
255 0.01336 0.00510011603590638 0 0 
256 0.0132952 0.005100991945434146 0 0 
257 0.0132304 0.00510539619535768 0 0 
258 0.0131656 0.005113305774783771 0 0 
259 0.0131008 0.005124689777944356 0 0 
260 0.013036 0.005139503723161919 0 0 
261 0.0129712 0.005157689726656512 0 0 
262 0.0129064 0.00517917672871993 0 0 
263 0.0128416 0.005203880771373331 0 0 
264 0.0127768 0.00523170532642332 0 0 
265 0.012712 0.005262541672634734 0 0 
266 0.0126472 0.005296269320546302 0 0 
267 0.0125824 0.005332756483269299 0 0 
268 0.0125176 0.005371860591429595 0 0 
269 0.0124528 0.005413428850241018 0 0 
270 0.012388 0.00545729883653333 0 0 
271 0.0123232 0.005503299133402008 0 0 
272 0.0122584 0.00555125 0 0 
273 0.0121936 0.005600964073854325 0 0 
274 0.0121288 0.005652247102963295 0 0 
275 0.012064 0.005704898704813775 0 0 
276 0.0119992 0.005758713149352712 0 0 
277 0.0119344 0.005813480162853555 0 0 
278 0.0118696 0.005868985749536553 0 0 
279 0.0118048 0.005925013027732549 0 0 
280 0.01174 0.005981343077323057 0 0 
281 0.0116752 0.006037755795145335 0 0 
282 0.0116104 0.006094030755020071 0 0 
283 0.0115456 0.006149948069041224 0 0 
284 0.0114808 0.00620528924676262 0 0 
285 0.011416 0.006259838048924129 0 0 
286 0.0113512 0.00631338133238161 0 0 
287 0.0112864 0.006365709882939117 0 0 
288 0.0112216 0.006416619232829209 0 0 
289 0.0111568 0.006465910459647145 0 0 
290 0.011092 0.006513390963617191 0 0 
291 0.0110272 0.006558875220154007 0 0 
292 0.0109624 0.006602185504778537 0 0 
293 0.0108976 0.006643152587555879 0 0 
294 0.0108328 0.006681616394341718 0 0 
295 0.010768 0.006717426632253544 0 0 
296 0.0107032 0.006750443376922745 0 0 
297 0.0106384 0.006780537619232907 0 0 
298 0.0105736 0.006807591769408042 0 0 
299 0.0105088 0.006831500116481051 0 0 
300 0.010444 0.006852169241347125 0 0 
301 0.0103792 0.006869518381788098 0 0 
302 0.0103144 0.006883479748041499 0 0 
303 0.0102496 0.006893998787681208 0 0 
304 0.0101848 0.006901034398774763 0 0 
305 0.01012 0.006904559090484421 0 0 
306 0.0100552 0.006904559090484421 0 0 
307 0.009990400000000002 0.006901034398774763 0 0 
308 0.0099256 0.006893998787681208 0 0 
309 0.009860800000000001 0.006883479748041499 0 0 
310 0.009795999999999999 0.006869518381788098 0 0 
311 0.009731200000000001 0.006852169241347125 0 0 
312 0.0096664 0.006831500116481051 0 0 
313 0.009601600000000002 0.006807591769408042 0 0 
314 0.0095368 0.006780537619232907 0 0 
315 0.009472 0.006750443376922745 0 0 
316 0.009407199999999999 0.006717426632253544 0 0 
317 0.009342400000000001 0.006681616394341718 0 0 
318 0.0092776 0.006643152587555879 0 0 
319 0.0092128 0.006602185504778537 0 0 
320 0.009148 0.006558875220154007 0 0 
321 0.009083200000000001 0.006513390963617191 0 0 
322 0.009018399999999999 0.006465910459647145 0 0 
323 0.008953600000000001 0.006416619232829209 0 0 
324 0.008888800000000001 0.006365709882939117 0 0 
325 0.008824 0.00631338133238161 0 0 
326 0.008759200000000002 0.006259838048924129 0 0 
327 0.0086944 0.00620528924676262 0 0 
328 0.008629599999999999 0.006149948069041224 0 0 
329 0.008564800000000001 0.006094030755020071 0 0 
330 0.008500000000000001 0.006037755795145335 0 0 
331 0.0084352 0.005981343077323057 0 0 
332 0.0083704 0.005925013027732549 0 0 
333 0.0083056 0.005868985749536553 0 0 
334 0.0082408 0.005813480162853555 0 0 
335 0.008176000000000001 0.005758713149352713 0 0 
336 0.008111200000000001 0.005704898704813776 0 0 
337 0.008046399999999999 0.005652247102963295 0 0 
338 0.0079816 0.005600964073854325 0 0 
339 0.0079168 0.00555125 0 0 
340 0.007852000000000001 0.005503299133402008 0 0 
341 0.0077872 0.00545729883653333 0 0 
342 0.007722399999999999 0.005413428850241018 0 0 
343 0.007657600000000001 0.005371860591429595 0 0 
344 0.0075928 0.0053327564832693 0 0 
345 0.007528000000000001 0.005296269320546302 0 0 
346 0.007463200000000001 0.005262541672634734 0 0 
347 0.007398399999999999 0.00523170532642332 0 0 
348 0.007333600000000001 0.005203880771373331 0 0 
349 0.007268800000000001 0.005179176728719931 0 0 
350 0.007203999999999999 0.005157689726656512 0 0 
351 0.007139200000000001 0.00513950372316192 0 0 
352 0.007074399999999999 0.005124689777944356 0 0 
353 0.007009600000000001 0.005113305774783771 0 0 
354 0.006944800000000001 0.00510539619535768 0 0 
355 0.006879999999999999 0.005101044153088575 0 0 
356 0.006815200000000001 0.00510011603590638 0 0 
357 0.006750399999999999 0.005102899480603773 0 0 
358 0.006685600000000001 0.005109383611192083 0 0 
359 0.006620800000000001 0.00511954309167994 0 0 
360 0.006555999999999999 0.005133338225070744 0 0 
361 0.006491200000000001 0.005150715108474088 0 0 
362 0.0064264 0.005171605843725074 0 0 
363 0.006361599999999999 0.005195928802688556 0 0 
364 0.006296800000000001 0.00522358894621165 0 0 
365 0.006232 0.005254478195478239 0 0 
366 0.006167200000000001 0.005288475854314477 0 0 
367 0.006102399999999999 0.005325449080795137 0 0 
368 0.0060376 0.005365253406308095 0 0 
369 0.005972800000000001 0.005407733300048745 0 0 
370 0.005907999999999999 0.005452722776738659 0 0 
371 0.0058432 0.005500046045193884 0 0 
372 0.0057784 0.005549518195208695 0 0 
373 0.0057136 0.005600945920070864 0 0 
374 0.005648800000000002 0.005654128271885312 0 0 
375 0.005584 0.005708857446754808 0 0 
376 0.0055192 0.005764919596749676 0 0 
377 0.0054544 0.005822095665493908 0 0 
378 0.0053896 0.005880162244102628 0 0 
379 0.005324800000000002 0.005938892444126522 0 0 
380 0.00526 0.005998056784092245 0 0 
381 0.0051952 0.006057424086174764 0 0 
382 0.0051304 0.006116762379498027 0 0 
383 0.0050656 0.006175839806534353 0 0 
384 0.0050008 0.006234425529060946 0 0 
385 0.004936 0.006292290630133592 0 0 
386 0.0048712 0.00634920900855318 0 0 
387 0.0048064 0.006404958262330017 0 0 
388 0.0047416 0.006459320557693922 0 0 
389 0.0046768 0.00651208348025452 0 0 
390 0.004612 0.006563040864985942 0 0 
391 0.0045472 0.006611993601792846 0 0 
392 0.0044824 0.006658750413510125 0 0 
393 0.004417600000000001 0.00670312860329633 0 0 
394 0.0043528 0.006744954768500486 0 0 
395 0.004288 0.006784065478212911 0 0 
396 0.004223200000000001 0.006820307911852631 0 0 
397 0.0041584 0.006853540456296143 0 0 
398 0.0040936 0.006883633259214339 0 0 
399 0.004028800000000001 0.006910468736455492 0 0 
400 0.003964000000000001 0.006933942031491732 0 0 
401 0.003899200000000001 0.006953961425133839 0 0 
402 0.0038344 0.006970448693913361 0 0 
403 0.003769600000000001 0.006983339415731798 0 0 
404 0.003704800000000001 0.006992583221582502 0 0 
405 0.003639999999999999 0.006998143992361755 0 0 
406 0 0.007 0 0 
1 -1.000000000000024e-07 -1e-07 -1e-07 0.0004001 1e-07 1e-07 1 103 2 1 -2 
2 0.0003999 -1.000000000000001e-07 -1e-07 0.0004649 1.956007638244811e-06 1e-07 1 103 2 2 -3 
3 0.0004647 1.756007638244811e-06 -1e-07 0.0005297 7.51677841749897e-06 1e-07 1 103 2 3 -4 
4 0.0005295000000000001 7.31677841749897e-06 -1e-07 0.0005945 1.67605842682027e-05 1e-07 1 103 2 4 -5 
5 0.0005943000000000001 1.65605842682027e-05 -1e-07 0.0006592999999999999 2.965130608663945e-05 1e-07 1 103 2 5 -6 
6 0.0006591 2.945130608663946e-05 -1e-07 0.0007241 4.613857486616185e-05 1e-07 1 103 2 6 -7 
7 0.0007239000000000001 4.593857486616185e-05 -1e-07 0.0007888999999999999 6.615796850826771e-05 1e-07 1 103 2 7 -8 
8 0.0007887 6.59579685082677e-05 -1e-07 0.0008536999999999999 8.963126354450897e-05 1e-07 1 103 2 8 -9 
9 0.0008535 8.943126354450896e-05 -1e-07 0.0009184999999999999 0.0001164667407856603 1e-07 1 103 2 9 -10 
10 0.0009183 0.0001162667407856603 -1e-07 0.0009833000000000001 0.0001465595437038575 1e-07 1 103 2 10 -11 
11 0.0009831 0.0001463595437038575 -1e-07 0.0010481 0.0001797920881473692 1e-07 1 103 2 11 -12 
12 0.0010479 0.0001795920881473692 -1e-07 0.0011129 0.0002160345217870891 1e-07 1 103 2 12 -13 
13 0.0011127 0.0002158345217870891 -1e-07 0.0011777 0.0002551452314995145 1e-07 1 103 2 13 -14 
14 0.0011775 0.0002549452314995145 -1e-07 0.0012425 0.0002969713967036695 1e-07 1 103 2 14 -15 
15 0.0012423 0.0002967713967036695 -1e-07 0.0013073 0.0003413495864898753 1e-07 1 103 2 15 -16 
16 0.0013071 0.0003411495864898753 -1e-07 0.0013721 0.0003881063982071538 1e-07 1 103 2 16 -17 
17 0.0013719 0.0003879063982071538 -1e-07 0.0014369 0.000437059135014058 1e-07 1 103 2 17 -18 
18 0.0014367 0.000436859135014058 -1e-07 0.0015017 0.0004880165197454795 1e-07 1 103 2 18 -19 
19 0.0015015 0.0004878165197454795 -1e-07 0.0015665 0.000540779442306078 1e-07 1 103 2 19 -20 
20 0.0015663 0.0005405794423060781 -1e-07 0.0016313 0.0005951417376699831 1e-07 1 103 2 20 -21 
21 0.0016311 0.0005949417376699832 -1e-07 0.0016961 0.0006508909914468199 1e-07 1 103 2 21 -22 
22 0.0016959 0.00065069099144682 -1e-07 0.0017609 0.0007078093698664074 1e-07 1 103 2 22 -23 
23 0.0017607 0.0007076093698664075 -1e-07 0.0018257 0.0007656744709390535 1e-07 1 103 2 23 -24 
24 0.0018255 0.0007654744709390536 -1e-07 0.0018905 0.0008242601934656463 1e-07 1 103 2 24 -25 
25 0.0018903 0.0008240601934656464 -1e-07 0.0019553 0.0008833376205019717 1e-07 1 103 2 25 -26 
26 0.0019551 0.0008831376205019718 -1e-07 0.0020201 0.0009426759138252352 1e-07 1 103 2 26 -27 
27 0.0020199 0.0009424759138252353 -1e-07 0.0020849 0.001002043215907757 1e-07 1 103 2 27 -28 
28 0.0020847 0.001001843215907757 -1e-07 0.0021497 0.001061207555873479 1e-07 1 103 2 28 -29 
29 0.0021495 0.001061007555873478 -1e-07 0.0022145 0.001119937755897373 1e-07 1 103 2 29 -30 
30 0.0022143 0.001119737755897373 -1e-07 0.0022793 0.001178004334506093 1e-07 1 103 2 30 -31 
31 0.0022791 0.001177804334506093 -1e-07 0.0023441 0.001235180403250324 1e-07 1 103 2 31 -32 
32 0.0023439 0.001234980403250324 -1e-07 0.0024089 0.001291242553245193 1e-07 1 103 2 32 -33 
33 0.0024087 0.001291042553245193 -1e-07 0.0024737 0.001345971728114687 1e-07 1 103 2 33 -34 
34 0.0024735 0.001345771728114687 -1e-07 0.0025385 0.001399154079929137 1e-07 1 103 2 34 -35 
35 0.0025383 0.001398954079929137 -1e-07 0.0026033 0.001450581804791306 1e-07 1 103 2 35 -36 
36 0.0026031 0.001450381804791306 -1e-07 0.0026681 0.001500053954806116 1e-07 1 103 2 36 -37 
37 0.0026679 0.001499853954806116 -1e-07 0.002732899999999999 0.001547377223261341 1e-07 1 103 2 37 -38 
38 0.0027327 0.00154717722326134 -1e-07 0.0027977 0.001592366699951254 1e-07 1 103 2 38 -39 
39 0.0027975 0.001592166699951254 -1e-07 0.0028625 0.001634846593691905 1e-07 1 103 2 39 -40 
40 0.0028623 0.001634646593691905 -1e-07 0.002927299999999999 0.001674650919204863 1e-07 1 103 2 40 -41 
41 0.0029271 0.001674450919204863 -1e-07 0.0029921 0.001711624145685522 1e-07 1 103 2 41 -42 
42 0.0029919 0.001711424145685522 -1e-07 0.0030569 0.001745621804521761 1e-07 1 103 2 42 -43 
43 0.0030567 0.00174542180452176 -1e-07 0.0031217 0.001776511053788351 1e-07 1 103 2 43 -44 
44 0.0031215 0.001776311053788351 -1e-07 0.0031865 0.001804171197311444 1e-07 1 103 2 44 -45 
45 0.0031863 0.001803971197311444 -1e-07 0.0032513 0.001828494156274927 1e-07 1 103 2 45 -46 
46 0.0032511 0.001828294156274926 -1e-07 0.0033161 0.001849384891525912 1e-07 1 103 2 46 -47 
47 0.0033159 0.001849184891525912 -1e-07 0.0033809 0.001866761774929256 1e-07 1 103 2 47 -48 
48 0.0033807 0.001866561774929256 -1e-07 0.0034457 0.00188055690832006 1e-07 1 103 2 48 -49 
49 0.0034455 0.00188035690832006 -1e-07 0.0035105 0.001890716388807918 1e-07 1 103 2 49 -50 
50 0.0035103 0.001890516388807918 -1e-07 0.0035753 0.001897200519396228 1e-07 1 103 2 50 -51 
51 0.0035751 0.001897000519396227 -1e-07 0.0036401 0.00189998396409362 1e-07 1 103 2 51 -52 
52 0.0036399 0.001898908054565855 -1e-07 0.0037049 0.00189998396409362 1e-07 1 103 2 52 -53 
53 0.0037047 0.00189450380464232 -1e-07 0.0037697 0.001899108054565855 1e-07 1 103 2 53 -54 
54 0.0037695 0.001886594225216229 -1e-07 0.003834499999999999 0.00189470380464232 1e-07 1 103 2 54 -55 
55 0.0038343 0.001875210222055643 -1e-07 0.0038993 0.001886794225216229 1e-07 1 103 2 55 -56 
56 0.0038991 0.00186039627683808 -1e-07 0.0039641 0.001875410222055644 1e-07 1 103 2 56 -57 
57 0.003963899999999999 0.001842210273343489 -1e-07 0.0040289 0.00186059627683808 1e-07 1 103 2 57 -58 
58 0.0040287 0.001820723271280069 -1e-07 0.0040937 0.001842410273343489 1e-07 1 103 2 58 -59 
59 0.0040935 0.00179601922862667 -1e-07 0.0041585 0.001820923271280069 1e-07 1 103 2 59 -60 
60 0.004158299999999999 0.00176819467357668 -1e-07 0.004223300000000001 0.00179621922862667 1e-07 1 103 2 60 -61 
61 0.0042231 0.001737358327365266 -1e-07 0.0042881 0.00176839467357668 1e-07 1 103 2 61 -62 
62 0.0042879 0.001703630679453698 -1e-07 0.004352900000000001 0.001737558327365266 1e-07 1 103 2 62 -63 
63 0.0043527 0.001667143516730701 -1e-07 0.004417700000000001 0.001703830679453698 1e-07 1 103 2 63 -64 
64 0.0044175 0.001628039408570405 -1e-07 0.0044825 0.001667343516730701 1e-07 1 103 2 64 -65 
65 0.0044823 0.001586471149758982 -1e-07 0.004547300000000001 0.001628239408570405 1e-07 1 103 2 65 -66 
66 0.0045471 0.001542601163466671 -1e-07 0.0046121 0.001586671149758982 1e-07 1 103 2 66 -67 
67 0.0046119 0.001496600866597992 -1e-07 0.004676900000000001 0.001542801163466671 1e-07 1 103 2 67 -68 
68 0.004676700000000001 0.00144865 -1e-07 0.004741700000000001 0.001496800866597993 1e-07 1 103 2 68 -69 
69 0.0047415 0.001398935926145674 -1e-07 0.0048065 0.00144885 1e-07 1 103 2 69 -70 
70 0.004806299999999999 0.001347652897036705 -1e-07 0.0048713 0.001399135926145675 1e-07 1 103 2 70 -71 
71 0.0048711 0.001295001295186225 -1e-07 0.004936100000000001 0.001347852897036705 1e-07 1 103 2 71 -72 
72 0.0049359 0.001241186850647288 -1e-07 0.005000900000000001 0.001295201295186225 1e-07 1 103 2 72 -73 
73 0.0050007 0.001186419837146446 -1e-07 0.0050657 0.001241386850647288 1e-07 1 103 2 73 -74 
74 0.0050655 0.001130914250463448 -1e-07 0.005130500000000001 0.001186619837146446 1e-07 1 103 2 74 -75 
75 0.0051303 0.001074886972267451 -1e-07 0.0051953 0.001131114250463448 1e-07 1 103 2 75 -76 
76 0.005195099999999999 0.001018556922676942 -1e-07 0.005260100000000001 0.001075086972267451 1e-07 1 103 2 76 -77 
77 0.005259900000000001 0.0009621442048546655 -1e-07 0.005324900000000001 0.001018756922676942 1e-07 1 103 2 77 -78 
78 0.005324700000000001 0.0009058692449799298 -1e-07 0.0053897 0.0009623442048546654 1e-07 1 103 2 78 -79 
79 0.005389499999999999 0.0008499519309587763 -1e-07 0.0054545 0.0009060692449799297 1e-07 1 103 2 79 -80 
80 0.0054543 0.0007946107532373806 -1e-07 0.005519300000000001 0.0008501519309587762 1e-07 1 103 2 80 -81 
81 0.005519100000000001 0.0007400619510758706 -1e-07 0.005584100000000001 0.0007948107532373805 1e-07 1 103 2 81 -82 
82 0.0055839 0.0006865186676183898 -1e-07 0.005648900000000001 0.0007402619510758705 1e-07 1 103 2 82 -83 
83 0.0056487 0.0006341901170608839 -1e-07 0.0057137 0.0006867186676183897 1e-07 1 103 2 83 -84 
84 0.0057135 0.0005832807671707905 -1e-07 0.005778500000000001 0.0006343901170608837 1e-07 1 103 2 84 -85 
85 0.0057783 0.0005339895403528551 -1e-07 0.005843300000000001 0.0005834807671707904 1e-07 1 103 2 85 -86 
86 0.0058431 0.0004865090363828096 -1e-07 0.0059081 0.000534189540352855 1e-07 1 103 2 86 -87 
87 0.0059079 0.0004410247798459932 -1e-07 0.005972900000000001 0.0004867090363828096 1e-07 1 103 2 87 -88 
88 0.0059727 0.0003977144952214631 -1e-07 0.0060377 0.0004412247798459932 1e-07 1 103 2 88 -89 
89 0.006037499999999999 0.0003567474124441204 -1e-07 0.0061025 0.0003979144952214631 1e-07 1 103 2 89 -90 
90 0.0061023 0.0003182836056582823 -1e-07 0.006167300000000001 0.0003569474124441205 1e-07 1 103 2 90 -91 
91 0.0061671 0.0002824733677464559 -1e-07 0.006232100000000001 0.0003184836056582823 1e-07 1 103 2 91 -92 
92 0.0062319 0.0002494566230772553 -1e-07 0.0062969 0.0002826733677464559 1e-07 1 103 2 92 -93 
93 0.0062967 0.0002193623807670931 -1e-07 0.006361700000000001 0.0002496566230772553 1e-07 1 103 2 93 -94 
94 0.0063615 0.0001923082305919586 -1e-07 0.006426500000000001 0.0002195623807670931 1e-07 1 103 2 94 -95 
95 0.0064263 0.0001683998835189492 -1e-07 0.0064913 0.0001925082305919586 1e-07 1 103 2 95 -96 
96 0.0064911 0.0001477307586528759 -1e-07 0.0065561 0.0001685998835189492 1e-07 1 103 2 96 -97 
97 0.0065559 0.0001303816182119016 -1e-07 0.006620900000000001 0.0001479307586528759 1e-07 1 103 2 97 -98 
98 0.0066207 0.0001164202519585009 -1e-07 0.0066857 0.0001305816182119016 1e-07 1 103 2 98 -99 
99 0.0066855 0.0001059012123187928 -1e-07 0.0067505 0.0001166202519585009 1e-07 1 103 2 99 -100 
100 0.0067503 9.886560122523696e-05 -1e-07 0.006815300000000001 0.0001061012123187928 1e-07 1 103 2 100 -101 
101 0.0068151 9.534090951557953e-05 -1e-07 0.006880100000000001 9.906560122523697e-05 1e-07 1 103 2 101 -102 
102 0.0068799 9.534090951557953e-05 -1e-07 0.0069449 9.554090951557953e-05 1e-07 1 103 2 102 -103 
103 0.0069447 9.534090951557953e-05 -1e-07 0.007009700000000001 9.906560122523697e-05 1e-07 1 103 2 103 -104 
104 0.0070095 9.886560122523696e-05 -1e-07 0.0070745 0.0001061012123187928 1e-07 1 103 2 104 -105 
105 0.0070743 0.0001059012123187928 -1e-07 0.0071393 0.0001166202519585009 1e-07 1 103 2 105 -106 
106 0.0071391 0.0001164202519585009 -1e-07 0.007204100000000001 0.0001305816182119016 1e-07 1 103 2 106 -107 
107 0.007203900000000001 0.0001303816182119016 -1e-07 0.0072689 0.0001479307586528759 1e-07 1 103 2 107 -108 
108 0.007268699999999999 0.0001477307586528759 -1e-07 0.0073337 0.0001685998835189492 1e-07 1 103 2 108 -109 
109 0.0073335 0.0001683998835189492 -1e-07 0.0073985 0.0001925082305919586 1e-07 1 103 2 109 -110 
110 0.007398299999999999 0.0001923082305919586 -1e-07 0.007463300000000001 0.0002195623807670931 1e-07 1 103 2 110 -111 
111 0.0074631 0.0002193623807670931 -1e-07 0.007528100000000001 0.0002496566230772553 1e-07 1 103 2 111 -112 
112 0.007527900000000001 0.0002494566230772553 -1e-07 0.0075929 0.0002826733677464559 1e-07 1 103 2 112 -113 
113 0.007592699999999999 0.0002824733677464559 -1e-07 0.0076577 0.0003184836056582823 1e-07 1 103 2 113 -114 
114 0.007657499999999999 0.0003182836056582823 -1e-07 0.007722500000000001 0.0003569474124441205 1e-07 1 103 2 114 -115 
115 0.007722300000000001 0.0003567474124441204 -1e-07 0.0077873 0.0003979144952214631 1e-07 1 103 2 115 -116 
116 0.0077871 0.0003977144952214631 -1e-07 0.007852100000000001 0.0004412247798459932 1e-07 1 103 2 116 -117 
117 0.007851900000000002 0.0004410247798459932 -1e-07 0.007916899999999999 0.0004867090363828096 1e-07 1 103 2 117 -118 
118 0.0079167 0.0004865090363828096 -1e-07 0.0079817 0.000534189540352855 1e-07 1 103 2 118 -119 
119 0.007981500000000001 0.0005339895403528551 -1e-07 0.0080465 0.0005834807671707904 1e-07 1 103 2 119 -120 
120 0.008046300000000001 0.0005832807671707905 -1e-07 0.0081113 0.0006343901170608837 1e-07 1 103 2 120 -121 
121 0.008111100000000001 0.0006341901170608839 -1e-07 0.0081761 0.0006867186676183897 1e-07 1 103 2 121 -122 
122 0.008175900000000002 0.0006865186676183898 -1e-07 0.008240899999999997 0.0007402619510758705 1e-07 1 103 2 122 -123 
123 0.008240699999999998 0.0007400619510758706 -1e-07 0.008305699999999999 0.0007948107532373805 1e-07 1 103 2 123 -124 
124 0.0083055 0.0007946107532373806 -1e-07 0.008370499999999999 0.0008501519309587762 1e-07 1 103 2 124 -125 
125 0.008370300000000001 0.0008499519309587763 -1e-07 0.0084353 0.0009060692449799297 1e-07 1 103 2 125 -126 
126 0.008435100000000001 0.0009058692449799298 -1e-07 0.0085001 0.0009623442048546654 1e-07 1 103 2 126 -127 
127 0.008499900000000001 0.0009621442048546655 -1e-07 0.0085649 0.001018756922676942 1e-07 1 103 2 127 -128 
128 0.008564700000000001 0.001018556922676942 -1e-07 0.008629699999999999 0.001075086972267451 1e-07 1 103 2 128 -129 
129 0.0086295 0.001074886972267451 -1e-07 0.008694499999999999 0.001131114250463448 1e-07 1 103 2 129 -130 
130 0.0086943 0.001130914250463448 -1e-07 0.008759299999999999 0.001186619837146446 1e-07 1 103 2 130 -131 
131 0.008759100000000001 0.001186419837146446 -1e-07 0.0088241 0.001241386850647288 1e-07 1 103 2 131 -132 
132 0.008823900000000001 0.001241186850647288 -1e-07 0.0088889 0.001295201295186225 1e-07 1 103 2 132 -133 
133 0.008888700000000001 0.001295001295186225 -1e-07 0.008953700000000002 0.001347852897036705 1e-07 1 103 2 133 -134 
134 0.008953500000000003 0.001347652897036705 -1e-07 0.009018499999999999 0.001399135926145675 1e-07 1 103 2 134 -135 
135 0.0090183 0.001398935926145674 -1e-07 0.009083299999999999 0.00144885 1e-07 1 103 2 135 -136 
136 0.0090831 0.00144865 -1e-07 0.009148099999999999 0.001496800866597993 1e-07 1 103 2 136 -137 
137 0.0091479 0.001496600866597992 -1e-07 0.0092129 0.001542801163466671 1e-07 1 103 2 137 -138 
138 0.009212700000000001 0.001542601163466671 -1e-07 0.009277700000000002 0.001586671149758983 1e-07 1 103 2 138 -139 
139 0.009277500000000003 0.001586471149758982 -1e-07 0.009342499999999998 0.001628239408570405 1e-07 1 103 2 139 -140 
140 0.0093423 0.001628039408570405 -1e-07 0.009407299999999999 0.0016673435167307 1e-07 1 103 2 140 -141 
141 0.0094071 0.0016671435167307 -1e-07 0.009472099999999999 0.001703830679453698 1e-07 1 103 2 141 -142 
142 0.0094719 0.001703630679453698 -1e-07 0.009536899999999999 0.001737558327365266 1e-07 1 103 2 142 -143 
143 0.0095367 0.001737358327365266 -1e-07 0.009601700000000001 0.00176839467357668 1e-07 1 103 2 143 -144 
144 0.009601500000000002 0.00176819467357668 -1e-07 0.0096665 0.001796219228626669 1e-07 1 103 2 144 -145 
145 0.009666300000000001 0.001796019228626669 -1e-07 0.009731299999999998 0.001820923271280069 1e-07 1 103 2 145 -146 
146 0.009731099999999999 0.001820723271280069 -1e-07 0.0097961 0.001842410273343489 1e-07 1 103 2 146 -147 
147 0.009795900000000001 0.001842210273343489 -1e-07 0.009860899999999999 0.00186059627683808 1e-07 1 103 2 147 -148 
148 0.0098607 0.00186039627683808 -1e-07 0.009925700000000001 0.001875410222055644 1e-07 1 103 2 148 -149 
149 0.009925500000000002 0.001875210222055643 -1e-07 0.009990499999999999 0.001886794225216229 1e-07 1 103 2 149 -150 
150 0.009990300000000001 0.001886594225216229 -1e-07 0.0100553 0.00189470380464232 1e-07 1 103 2 150 -151 
151 0.0100551 0.00189450380464232 -1e-07 0.0101201 0.001899055846911426 1e-07 1 103 2 151 -152 
152 0.0101199 0.001898855846911426 -1e-07 0.0101849 0.00189998396409362 1e-07 1 103 2 152 -153 
153 0.0101847 0.001897000519396227 -1e-07 0.0102497 0.00189998396409362 1e-07 1 103 2 153 -154 
154 0.0102495 0.001890516388807918 -1e-07 0.0103145 0.001897200519396228 1e-07 1 103 2 154 -155 
155 0.0103143 0.00188035690832006 -1e-07 0.0103793 0.001890716388807918 1e-07 1 103 2 155 -156 
156 0.0103791 0.001866561774929255 -1e-07 0.0104441 0.00188055690832006 1e-07 1 103 2 156 -157 
157 0.0104439 0.001849184891525912 -1e-07 0.0105089 0.001866761774929256 1e-07 1 103 2 157 -158 
158 0.0105087 0.001828294156274926 -1e-07 0.0105737 0.001849384891525912 1e-07 1 103 2 158 -159 
159 0.0105735 0.001803971197311444 -1e-07 0.0106385 0.001828494156274926 1e-07 1 103 2 159 -160 
160 0.0106383 0.00177631105378835 -1e-07 0.0107033 0.001804171197311444 1e-07 1 103 2 160 -161 
161 0.0107031 0.001745421804521761 -1e-07 0.0107681 0.00177651105378835 1e-07 1 103 2 161 -162 
162 0.0107679 0.001711424145685523 -1e-07 0.0108329 0.001745621804521761 1e-07 1 103 2 162 -163 
163 0.0108327 0.001674450919204863 -1e-07 0.0108977 0.001711624145685523 1e-07 1 103 2 163 -164 
164 0.0108975 0.001634646593691905 -1e-07 0.0109625 0.001674650919204863 1e-07 1 103 2 164 -165 
165 0.0109623 0.001592166699951255 -1e-07 0.0110273 0.001634846593691905 1e-07 1 103 2 165 -166 
166 0.0110271 0.001547177223261341 -1e-07 0.0110921 0.001592366699951255 1e-07 1 103 2 166 -167 
167 0.0110919 0.001499853954806116 -1e-07 0.0111569 0.001547377223261341 1e-07 1 103 2 167 -168 
168 0.0111567 0.001450381804791306 -1e-07 0.0112217 0.001500053954806116 1e-07 1 103 2 168 -169 
169 0.0112215 0.001398954079929137 -1e-07 0.0112865 0.001450581804791306 1e-07 1 103 2 169 -170 
170 0.0112863 0.001345771728114687 -1e-07 0.0113513 0.001399154079929137 1e-07 1 103 2 170 -171 
171 0.0113511 0.001291042553245193 -1e-07 0.0114161 0.001345971728114687 1e-07 1 103 2 171 -172 
172 0.0114159 0.001234980403250323 -1e-07 0.0114809 0.001291242553245193 1e-07 1 103 2 172 -173 
173 0.0114807 0.001177804334506092 -1e-07 0.0115457 0.001235180403250323 1e-07 1 103 2 173 -174 
174 0.0115455 0.001119737755897372 -1e-07 0.0116105 0.001178004334506093 1e-07 1 103 2 174 -175 
175 0.0116103 0.001061007555873478 -1e-07 0.0116753 0.001119937755897372 1e-07 1 103 2 175 -176 
176 0.0116751 0.001001843215907756 -1e-07 0.0117401 0.001061207555873478 1e-07 1 103 2 176 -177 
177 0.0117399 0.0009424759138252364 -1e-07 0.0118049 0.001002043215907756 1e-07 1 103 2 177 -178 
178 0.0118047 0.0008831376205019726 -1e-07 0.0118697 0.0009426759138252363 1e-07 1 103 2 178 -179 
179 0.0118695 0.0008240601934656471 -1e-07 0.0119345 0.0008833376205019725 1e-07 1 103 2 179 -180 
180 0.0119343 0.0007654744709390544 -1e-07 0.0119993 0.000824260193465647 1e-07 1 103 2 180 -181 
181 0.0119991 0.0007076093698664078 -1e-07 0.0120641 0.0007656744709390543 1e-07 1 103 2 181 -182 
182 0.0120639 0.0006506909914468206 -1e-07 0.0121289 0.0007078093698664077 1e-07 1 103 2 182 -183 
183 0.0121287 0.0005949417376699835 -1e-07 0.0121937 0.0006508909914468205 1e-07 1 103 2 183 -184 
184 0.0121935 0.0005405794423060783 -1e-07 0.0122585 0.0005951417376699834 1e-07 1 103 2 184 -185 
185 0.0122583 0.0004878165197454795 -1e-07 0.0123233 0.0005407794423060782 1e-07 1 103 2 185 -186 
186 0.0123231 0.0004368591350140579 -1e-07 0.0123881 0.0004880165197454795 1e-07 1 103 2 186 -187 
187 0.0123879 0.0003879063982071535 -1e-07 0.0124529 0.0004370591350140579 1e-07 1 103 2 187 -188 
188 0.0124527 0.000341149586489875 -1e-07 0.0125177 0.0003881063982071535 1e-07 1 103 2 188 -189 
189 0.0125175 0.0002967713967036691 -1e-07 0.0125825 0.000341349586489875 1e-07 1 103 2 189 -190 
190 0.0125823 0.0002549452314995141 -1e-07 0.0126473 0.0002969713967036691 1e-07 1 103 2 190 -191 
191 0.0126471 0.0002158345217870888 -1e-07 0.0127121 0.0002551452314995141 1e-07 1 103 2 191 -192 
192 0.0127119 0.0001795920881473688 -1e-07 0.0127769 0.0002160345217870888 1e-07 1 103 2 192 -193 
193 0.0127767 0.000146359543703857 -1e-07 0.0128417 0.0001797920881473688 1e-07 1 103 2 193 -194 
194 0.0128415 0.0001162667407856608 -1e-07 0.0129065 0.000146559543703857 1e-07 1 103 2 194 -195 
195 0.0129063 8.943126354450929e-05 -1e-07 0.0129713 0.0001164667407856608 1e-07 1 103 2 195 -196 
196 0.0129711 6.595796850826802e-05 -1e-07 0.0130361 8.963126354450929e-05 1e-07 1 103 2 196 -197 
197 0.0130359 4.593857486616206e-05 -1e-07 0.0131009 6.615796850826802e-05 1e-07 1 103 2 197 -198 
198 0.0131007 2.945130608663956e-05 -1e-07 0.0131657 4.613857486616206e-05 1e-07 1 103 2 198 -199 
199 0.0131655 1.65605842682027e-05 -1e-07 0.0132305 2.965130608663956e-05 1e-07 1 103 2 199 -200 
200 0.0132303 7.31677841749897e-06 -1e-07 0.0132953 1.67605842682027e-05 1e-07 1 103 2 200 -201 
201 0.0132951 1.756007638244811e-06 -1e-07 0.0133601 7.51677841749897e-06 1e-07 1 103 2 201 -202 
202 0.0133599 -1.000000000000002e-07 -1e-07 0.0170001 1.956007638244811e-06 1e-07 1 103 2 202 -203 
203 0.0169999 -9.99999999998398e-08 -1e-07 0.0170001 0.0070001 1e-07 1 102 2 203 -204 
204 0.0165999 0.0069999 -1e-07 0.0170001 0.0070001 1e-07 1 103 2 204 -205 
205 0.0165351 0.006998043992361755 -1e-07 0.0166001 0.0070001 1e-07 1 103 2 205 -206 
206 0.0164703 0.006992483221582501 -1e-07 0.0165353 0.006998243992361756 1e-07 1 103 2 206 -207 
207 0.0164055 0.006983239415731798 -1e-07 0.0164705 0.006992683221582502 1e-07 1 103 2 207 -208 
208 0.0163407 0.00697034869391336 -1e-07 0.0164057 0.006983439415731798 1e-07 1 103 2 208 -209 
209 0.0162759 0.006953861425133838 -1e-07 0.0163409 0.006970548693913361 1e-07 1 103 2 209 -210 
210 0.0162111 0.006933842031491732 -1e-07 0.0162761 0.006954061425133839 1e-07 1 103 2 210 -211 
211 0.0161463 0.006910368736455491 -1e-07 0.0162113 0.006934042031491732 1e-07 1 103 2 211 -212 
212 0.0160815 0.006883533259214339 -1e-07 0.0161465 0.006910568736455492 1e-07 1 103 2 212 -213 
213 0.0160167 0.006853440456296143 -1e-07 0.0160817 0.00688373325921434 1e-07 1 103 2 213 -214 
214 0.0159519 0.00682020791185263 -1e-07 0.0160169 0.006853640456296143 1e-07 1 103 2 214 -215 
215 0.0158871 0.006783965478212911 -1e-07 0.0159521 0.00682040791185263 1e-07 1 103 2 215 -216 
216 0.0158223 0.006744854768500485 -1e-07 0.0158873 0.006784165478212911 1e-07 1 103 2 216 -217 
217 0.0157575 0.00670302860329633 -1e-07 0.0158225 0.006745054768500486 1e-07 1 103 2 217 -218 
218 0.0156927 0.006658650413510124 -1e-07 0.0157577 0.006703228603296331 1e-07 1 103 2 218 -219 
219 0.0156279 0.006611893601792846 -1e-07 0.0156929 0.006658850413510125 1e-07 1 103 2 219 -220 
220 0.0155631 0.006562940864985941 -1e-07 0.0156281 0.006612093601792847 1e-07 1 103 2 220 -221 
221 0.0154983 0.00651198348025452 -1e-07 0.0155633 0.006563140864985942 1e-07 1 103 2 221 -222 
222 0.0154335 0.006459220557693922 -1e-07 0.0154985 0.006512183480254521 1e-07 1 103 2 222 -223 
223 0.0153687 0.006404858262330016 -1e-07 0.0154337 0.006459420557693923 1e-07 1 103 2 223 -224 
224 0.0153039 0.006349109008553179 -1e-07 0.0153689 0.006405058262330017 1e-07 1 103 2 224 -225 
225 0.0152391 0.006292190630133592 -1e-07 0.0153041 0.00634930900855318 1e-07 1 103 2 225 -226 
226 0.0151743 0.006234325529060946 -1e-07 0.0152393 0.006292390630133593 1e-07 1 103 2 226 -227 
227 0.0151095 0.006175739806534354 -1e-07 0.0151745 0.006234525529060946 1e-07 1 103 2 227 -228 
228 0.0150447 0.006116662379498028 -1e-07 0.0151097 0.006175939806534354 1e-07 1 103 2 228 -229 
229 0.0149799 0.006057324086174765 -1e-07 0.0150449 0.006116862379498028 1e-07 1 103 2 229 -230 
230 0.0149151 0.005997956784092244 -1e-07 0.0149801 0.006057524086174765 1e-07 1 103 2 230 -231 
231 0.0148503 0.005938792444126521 -1e-07 0.0149153 0.005998156784092244 1e-07 1 103 2 231 -232 
232 0.0147855 0.005880062244102627 -1e-07 0.0148505 0.005938992444126522 1e-07 1 103 2 232 -233 
233 0.0147207 0.005821995665493907 -1e-07 0.0147857 0.005880262244102628 1e-07 1 103 2 233 -234 
234 0.0146559 0.005764819596749676 -1e-07 0.0147209 0.005822195665493908 1e-07 1 103 2 234 -235 
235 0.0145911 0.005708757446754807 -1e-07 0.0146561 0.005765019596749676 1e-07 1 103 2 235 -236 
236 0.0145263 0.005654028271885312 -1e-07 0.0145913 0.005708957446754807 1e-07 1 103 2 236 -237 
237 0.0144615 0.005600845920070863 -1e-07 0.0145265 0.005654228271885313 1e-07 1 103 2 237 -238 
238 0.0143967 0.005549418195208694 -1e-07 0.0144617 0.005601045920070864 1e-07 1 103 2 238 -239 
239 0.0143319 0.005499946045193885 -1e-07 0.0143969 0.005549618195208695 1e-07 1 103 2 239 -240 
240 0.0142671 0.005452622776738659 -1e-07 0.0143321 0.005500146045193885 1e-07 1 103 2 240 -241 
241 0.0142023 0.005407633300048745 -1e-07 0.0142673 0.00545282277673866 1e-07 1 103 2 241 -242 
242 0.0141375 0.005365153406308095 -1e-07 0.0142025 0.005407833300048745 1e-07 1 103 2 242 -243 
243 0.0140727 0.005325349080795136 -1e-07 0.0141377 0.005365353406308095 1e-07 1 103 2 243 -244 
244 0.0140079 0.005288375854314477 -1e-07 0.0140729 0.005325549080795137 1e-07 1 103 2 244 -245 
245 0.0139431 0.005254378195478239 -1e-07 0.0140081 0.005288575854314478 1e-07 1 103 2 245 -246 
246 0.0138783 0.005223488946211649 -1e-07 0.0139433 0.00525457819547824 1e-07 1 103 2 246 -247 
247 0.0138135 0.005195828802688556 -1e-07 0.0138785 0.00522368894621165 1e-07 1 103 2 247 -248 
248 0.0137487 0.005171505843725073 -1e-07 0.0138137 0.005196028802688556 1e-07 1 103 2 248 -249 
249 0.0136839 0.005150615108474087 -1e-07 0.0137489 0.005171705843725074 1e-07 1 103 2 249 -250 
250 0.0136191 0.005133238225070744 -1e-07 0.0136841 0.005150815108474088 1e-07 1 103 2 250 -251 
251 0.0135543 0.005119443091679939 -1e-07 0.0136193 0.005133438225070745 1e-07 1 103 2 251 -252 
252 0.0134895 0.005109283611192082 -1e-07 0.0135545 0.00511964309167994 1e-07 1 103 2 252 -253 
253 0.0134247 0.005102799480603773 -1e-07 0.0134897 0.005109483611192083 1e-07 1 103 2 253 -254 
254 0.0133599 0.00510001603590638 -1e-07 0.0134249 0.005102999480603773 1e-07 1 103 2 254 -255 
255 0.0132951 0.00510001603590638 -1e-07 0.0133601 0.005101091945434146 1e-07 1 103 2 255 -256 
256 0.0132303 0.005100891945434146 -1e-07 0.0132953 0.005105496195357681 1e-07 1 103 2 256 -257 
257 0.0131655 0.00510529619535768 -1e-07 0.0132305 0.005113405774783772 1e-07 1 103 2 257 -258 
258 0.0131007 0.005113205774783771 -1e-07 0.0131657 0.005124789777944357 1e-07 1 103 2 258 -259 
259 0.0130359 0.005124589777944356 -1e-07 0.0131009 0.00513960372316192 1e-07 1 103 2 259 -260 
260 0.0129711 0.005139403723161919 -1e-07 0.0130361 0.005157789726656512 1e-07 1 103 2 260 -261 
261 0.0129063 0.005157589726656512 -1e-07 0.0129713 0.005179276728719931 1e-07 1 103 2 261 -262 
262 0.0128415 0.00517907672871993 -1e-07 0.0129065 0.005203980771373331 1e-07 1 103 2 262 -263 
263 0.0127767 0.005203780771373331 -1e-07 0.0128417 0.005231805326423321 1e-07 1 103 2 263 -264 
264 0.0127119 0.00523160532642332 -1e-07 0.0127769 0.005262641672634735 1e-07 1 103 2 264 -265 
265 0.0126471 0.005262441672634734 -1e-07 0.0127121 0.005296369320546303 1e-07 1 103 2 265 -266 
266 0.0125823 0.005296169320546302 -1e-07 0.0126473 0.005332856483269299 1e-07 1 103 2 266 -267 
267 0.0125175 0.005332656483269299 -1e-07 0.0125825 0.005371960591429596 1e-07 1 103 2 267 -268 
268 0.0124527 0.005371760591429595 -1e-07 0.0125177 0.005413528850241018 1e-07 1 103 2 268 -269 
269 0.0123879 0.005413328850241018 -1e-07 0.0124529 0.00545739883653333 1e-07 1 103 2 269 -270 
270 0.0123231 0.005457198836533329 -1e-07 0.0123881 0.005503399133402008 1e-07 1 103 2 270 -271 
271 0.0122583 0.005503199133402008 -1e-07 0.0123233 0.00555135 1e-07 1 103 2 271 -272 
272 0.0121935 0.005551149999999999 -1e-07 0.0122585 0.005601064073854326 1e-07 1 103 2 272 -273 
273 0.0121287 0.005600864073854325 -1e-07 0.0121937 0.005652347102963295 1e-07 1 103 2 273 -274 
274 0.0120639 0.005652147102963295 -1e-07 0.0121289 0.005704998704813775 1e-07 1 103 2 274 -275 
275 0.0119991 0.005704798704813775 -1e-07 0.0120641 0.005758813149352712 1e-07 1 103 2 275 -276 
276 0.0119343 0.005758613149352712 -1e-07 0.0119993 0.005813580162853555 1e-07 1 103 2 276 -277 
277 0.0118695 0.005813380162853554 -1e-07 0.0119345 0.005869085749536553 1e-07 1 103 2 277 -278 
278 0.0118047 0.005868885749536553 -1e-07 0.0118697 0.005925113027732549 1e-07 1 103 2 278 -279 
279 0.0117399 0.005924913027732548 -1e-07 0.0118049 0.005981443077323057 1e-07 1 103 2 279 -280 
280 0.0116751 0.005981243077323057 -1e-07 0.0117401 0.006037855795145335 1e-07 1 103 2 280 -281 
281 0.0116103 0.006037655795145334 -1e-07 0.0116753 0.006094130755020071 1e-07 1 103 2 281 -282 
282 0.0115455 0.006093930755020071 -1e-07 0.0116105 0.006150048069041224 1e-07 1 103 2 282 -283 
283 0.0114807 0.006149848069041224 -1e-07 0.0115457 0.00620538924676262 1e-07 1 103 2 283 -284 
284 0.0114159 0.00620518924676262 -1e-07 0.0114809 0.006259938048924129 1e-07 1 103 2 284 -285 
285 0.0113511 0.006259738048924129 -1e-07 0.0114161 0.00631348133238161 1e-07 1 103 2 285 -286 
286 0.0112863 0.00631328133238161 -1e-07 0.0113513 0.006365809882939117 1e-07 1 103 2 286 -287 
287 0.0112215 0.006365609882939116 -1e-07 0.0112865 0.006416719232829209 1e-07 1 103 2 287 -288 
288 0.0111567 0.006416519232829209 -1e-07 0.0112217 0.006466010459647145 1e-07 1 103 2 288 -289 
289 0.0110919 0.006465810459647145 -1e-07 0.0111569 0.006513490963617192 1e-07 1 103 2 289 -290 
290 0.0110271 0.006513290963617191 -1e-07 0.0110921 0.006558975220154007 1e-07 1 103 2 290 -291 
291 0.0109623 0.006558775220154006 -1e-07 0.0110273 0.006602285504778537 1e-07 1 103 2 291 -292 
292 0.0108975 0.006602085504778536 -1e-07 0.0109625 0.006643252587555879 1e-07 1 103 2 292 -293 
293 0.0108327 0.006643052587555879 -1e-07 0.0108977 0.006681716394341718 1e-07 1 103 2 293 -294 
294 0.0107679 0.006681516394341717 -1e-07 0.0108329 0.006717526632253544 1e-07 1 103 2 294 -295 
295 0.0107031 0.006717326632253544 -1e-07 0.0107681 0.006750543376922745 1e-07 1 103 2 295 -296 
296 0.0106383 0.006750343376922745 -1e-07 0.0107033 0.006780637619232907 1e-07 1 103 2 296 -297 
297 0.0105735 0.006780437619232907 -1e-07 0.0106385 0.006807691769408042 1e-07 1 103 2 297 -298 
298 0.0105087 0.006807491769408041 -1e-07 0.0105737 0.006831600116481052 1e-07 1 103 2 298 -299 
299 0.0104439 0.006831400116481051 -1e-07 0.0105089 0.006852269241347125 1e-07 1 103 2 299 -300 
300 0.0103791 0.006852069241347124 -1e-07 0.0104441 0.006869618381788099 1e-07 1 103 2 300 -301 
301 0.0103143 0.006869418381788098 -1e-07 0.0103793 0.006883579748041499 1e-07 1 103 2 301 -302 
302 0.0102495 0.006883379748041499 -1e-07 0.0103145 0.006894098787681208 1e-07 1 103 2 302 -303 
303 0.0101847 0.006893898787681207 -1e-07 0.0102497 0.006901134398774763 1e-07 1 103 2 303 -304 
304 0.0101199 0.006900934398774762 -1e-07 0.0101849 0.006904659090484421 1e-07 1 103 2 304 -305 
305 0.0100551 0.00690445909048442 -1e-07 0.0101201 0.006904659090484421 1e-07 1 103 2 305 -306 
306 0.009990300000000002 0.006900934398774762 -1e-07 0.0100553 0.006904659090484421 1e-07 1 103 2 306 -307 
307 0.0099255 0.006893898787681207 -1e-07 0.009990500000000001 0.006901134398774763 1e-07 1 103 2 307 -308 
308 0.009860700000000002 0.006883379748041499 -1e-07 0.009925699999999999 0.006894098787681208 1e-07 1 103 2 308 -309 
309 0.0097959 0.006869418381788098 -1e-07 0.009860900000000001 0.006883579748041499 1e-07 1 103 2 309 -310 
310 0.009731100000000001 0.006852069241347124 -1e-07 0.009796099999999999 0.006869618381788099 1e-07 1 103 2 310 -311 
311 0.009666300000000001 0.006831400116481051 -1e-07 0.0097313 0.006852269241347125 1e-07 1 103 2 311 -312 
312 0.009601500000000002 0.006807491769408041 -1e-07 0.0096665 0.006831600116481052 1e-07 1 103 2 312 -313 
313 0.0095367 0.006780437619232907 -1e-07 0.009601700000000001 0.006807691769408042 1e-07 1 103 2 313 -314 
314 0.0094719 0.006750343376922745 -1e-07 0.009536899999999999 0.006780637619232907 1e-07 1 103 2 314 -315 
315 0.0094071 0.006717326632253544 -1e-07 0.009472099999999999 0.006750543376922745 1e-07 1 103 2 315 -316 
316 0.009342300000000001 0.006681516394341717 -1e-07 0.009407299999999999 0.006717526632253544 1e-07 1 103 2 316 -317 
317 0.009277500000000001 0.006643052587555879 -1e-07 0.0093425 0.006681716394341718 1e-07 1 103 2 317 -318 
318 0.009212700000000001 0.006602085504778536 -1e-07 0.0092777 0.006643252587555879 1e-07 1 103 2 318 -319 
319 0.0091479 0.006558775220154006 -1e-07 0.0092129 0.006602285504778537 1e-07 1 103 2 319 -320 
320 0.009083100000000002 0.006513290963617191 -1e-07 0.009148099999999999 0.006558975220154007 1e-07 1 103 2 320 -321 
321 0.0090183 0.006465810459647145 -1e-07 0.009083300000000001 0.006513490963617192 1e-07 1 103 2 321 -322 
322 0.008953500000000001 0.006416519232829209 -1e-07 0.009018499999999999 0.006466010459647145 1e-07 1 103 2 322 -323 
323 0.008888700000000001 0.006365609882939116 -1e-07 0.0089537 0.006416719232829209 1e-07 1 103 2 323 -324 
324 0.008823900000000001 0.00631328133238161 -1e-07 0.0088889 0.006365809882939117 1e-07 1 103 2 324 -325 
325 0.008759100000000002 0.006259738048924129 -1e-07 0.0088241 0.00631348133238161 1e-07 1 103 2 325 -326 
326 0.0086943 0.00620518924676262 -1e-07 0.008759300000000001 0.006259938048924129 1e-07 1 103 2 326 -327 
327 0.0086295 0.006149848069041224 -1e-07 0.008694499999999999 0.00620538924676262 1e-07 1 103 2 327 -328 
328 0.008564700000000001 0.006093930755020071 -1e-07 0.008629699999999999 0.006150048069041224 1e-07 1 103 2 328 -329 
329 0.008499900000000001 0.006037655795145334 -1e-07 0.0085649 0.006094130755020071 1e-07 1 103 2 329 -330 
330 0.008435100000000001 0.005981243077323057 -1e-07 0.0085001 0.006037855795145335 1e-07 1 103 2 330 -331 
331 0.008370300000000001 0.005924913027732548 -1e-07 0.0084353 0.005981443077323057 1e-07 1 103 2 331 -332 
332 0.0083055 0.005868885749536553 -1e-07 0.008370499999999999 0.005925113027732549 1e-07 1 103 2 332 -333 
333 0.0082407 0.005813380162853554 -1e-07 0.008305699999999999 0.005869085749536553 1e-07 1 103 2 333 -334 
334 0.008175900000000002 0.005758613149352713 -1e-07 0.008240899999999999 0.005813580162853555 1e-07 1 103 2 334 -335 
335 0.008111100000000001 0.005704798704813776 -1e-07 0.0081761 0.005758813149352713 1e-07 1 103 2 335 -336 
336 0.008046299999999999 0.005652147102963295 -1e-07 0.0081113 0.005704998704813776 1e-07 1 103 2 336 -337 
337 0.007981500000000001 0.005600864073854325 -1e-07 0.008046499999999998 0.005652347102963295 1e-07 1 103 2 337 -338 
338 0.0079167 0.005551149999999999 -1e-07 0.0079817 0.005601064073854326 1e-07 1 103 2 338 -339 
339 0.007851900000000002 0.005503199133402008 -1e-07 0.007916899999999999 0.00555135 1e-07 1 103 2 339 -340 
340 0.0077871 0.005457198836533329 -1e-07 0.007852100000000001 0.005503399133402008 1e-07 1 103 2 340 -341 
341 0.007722299999999999 0.005413328850241018 -1e-07 0.0077873 0.00545739883653333 1e-07 1 103 2 341 -342 
342 0.0076575 0.005371760591429595 -1e-07 0.007722499999999999 0.005413528850241018 1e-07 1 103 2 342 -343 
343 0.0075927 0.005332656483269299 -1e-07 0.007657700000000001 0.005371960591429596 1e-07 1 103 2 343 -344 
344 0.007527900000000001 0.005296169320546302 -1e-07 0.007592900000000001 0.0053328564832693 1e-07 1 103 2 344 -345 
345 0.0074631 0.005262441672634734 -1e-07 0.007528100000000001 0.005296369320546303 1e-07 1 103 2 345 -346 
346 0.007398299999999998 0.00523160532642332 -1e-07 0.007463300000000001 0.005262641672634735 1e-07 1 103 2 346 -347 
347 0.007333500000000001 0.005203780771373331 -1e-07 0.007398499999999999 0.005231805326423321 1e-07 1 103 2 347 -348 
348 0.0072687 0.005179076728719931 -1e-07 0.007333700000000001 0.005203980771373331 1e-07 1 103 2 348 -349 
349 0.007203899999999998 0.005157589726656512 -1e-07 0.007268900000000001 0.005179276728719932 1e-07 1 103 2 349 -350 
350 0.007139100000000001 0.00513940372316192 -1e-07 0.007204099999999999 0.005157789726656512 1e-07 1 103 2 350 -351 
351 0.007074299999999999 0.005124589777944356 -1e-07 0.007139300000000001 0.005139603723161921 1e-07 1 103 2 351 -352 
352 0.007009500000000001 0.005113205774783771 -1e-07 0.007074499999999999 0.005124789777944357 1e-07 1 103 2 352 -353 
353 0.006944700000000001 0.00510529619535768 -1e-07 0.007009700000000002 0.005113405774783772 1e-07 1 103 2 353 -354 
354 0.006879899999999999 0.005100944153088574 -1e-07 0.006944900000000001 0.005105496195357681 1e-07 1 103 2 354 -355 
355 0.006815100000000001 0.00510001603590638 -1e-07 0.006880099999999999 0.005101144153088575 1e-07 1 103 2 355 -356 
356 0.006750299999999999 0.00510001603590638 -1e-07 0.006815300000000002 0.005102999480603773 1e-07 1 103 2 356 -357 
357 0.0066855 0.005102799480603773 -1e-07 0.0067505 0.005109483611192083 1e-07 1 103 2 357 -358 
358 0.006620700000000001 0.005109283611192082 -1e-07 0.006685700000000001 0.00511964309167994 1e-07 1 103 2 358 -359 
359 0.006555899999999999 0.005119443091679939 -1e-07 0.006620900000000002 0.005133438225070745 1e-07 1 103 2 359 -360 
360 0.006491100000000001 0.005133238225070744 -1e-07 0.0065561 0.005150815108474089 1e-07 1 103 2 360 -361 
361 0.006426299999999999 0.005150615108474088 -1e-07 0.006491300000000001 0.005171705843725075 1e-07 1 103 2 361 -362 
362 0.006361499999999999 0.005171505843725074 -1e-07 0.0064265 0.005196028802688556 1e-07 1 103 2 362 -363 
363 0.006296700000000001 0.005195828802688556 -1e-07 0.0063617 0.00522368894621165 1e-07 1 103 2 363 -364 
364 0.006231899999999999 0.00522348894621165 -1e-07 0.006296900000000001 0.005254578195478239 1e-07 1 103 2 364 -365 
365 0.006167100000000001 0.005254378195478238 -1e-07 0.0062321 0.005288575854314477 1e-07 1 103 2 365 -366 
366 0.006102299999999999 0.005288375854314476 -1e-07 0.006167300000000001 0.005325549080795137 1e-07 1 103 2 366 -367 
367 0.006037499999999999 0.005325349080795136 -1e-07 0.006102499999999999 0.005365353406308095 1e-07 1 103 2 367 -368 
368 0.005972700000000001 0.005365153406308095 -1e-07 0.0060377 0.005407833300048745 1e-07 1 103 2 368 -369 
369 0.005907899999999999 0.005407633300048745 -1e-07 0.005972900000000001 0.005452822776738659 1e-07 1 103 2 369 -370 
370 0.0058431 0.005452622776738658 -1e-07 0.005908099999999999 0.005500146045193884 1e-07 1 103 2 370 -371 
371 0.005778299999999999 0.005499946045193884 -1e-07 0.0058433 0.005549618195208695 1e-07 1 103 2 371 -372 
372 0.0057135 0.005549418195208694 -1e-07 0.0057785 0.005601045920070864 1e-07 1 103 2 372 -373 
373 0.005648700000000001 0.005600845920070863 -1e-07 0.0057137 0.005654228271885313 1e-07 1 103 2 373 -374 
374 0.005583899999999999 0.005654028271885312 -1e-07 0.005648900000000002 0.005708957446754808 1e-07 1 103 2 374 -375 
375 0.0055191 0.005708757446754808 -1e-07 0.0055841 0.005765019596749676 1e-07 1 103 2 375 -376 
376 0.0054543 0.005764819596749676 -1e-07 0.0055193 0.005822195665493909 1e-07 1 103 2 376 -377 
377 0.005389499999999999 0.005821995665493908 -1e-07 0.0054545 0.005880262244102629 1e-07 1 103 2 377 -378 
378 0.005324700000000002 0.005880062244102628 -1e-07 0.0053897 0.005938992444126523 1e-07 1 103 2 378 -379 
379 0.0052599 0.005938792444126522 -1e-07 0.005324900000000002 0.005998156784092245 1e-07 1 103 2 379 -380 
380 0.005195099999999999 0.005997956784092245 -1e-07 0.0052601 0.006057524086174764 1e-07 1 103 2 380 -381 
381 0.0051303 0.006057324086174764 -1e-07 0.0051953 0.006116862379498027 1e-07 1 103 2 381 -382 
382 0.0050655 0.006116662379498027 -1e-07 0.005130500000000001 0.006175939806534353 1e-07 1 103 2 382 -383 
383 0.005000699999999999 0.006175739806534353 -1e-07 0.0050657 0.006234525529060946 1e-07 1 103 2 383 -384 
384 0.0049359 0.006234325529060946 -1e-07 0.0050009 0.006292390630133592 1e-07 1 103 2 384 -385 
385 0.0048711 0.006292190630133592 -1e-07 0.004936100000000001 0.00634930900855318 1e-07 1 103 2 385 -386 
386 0.004806299999999999 0.006349109008553179 -1e-07 0.0048713 0.006405058262330017 1e-07 1 103 2 386 -387 
387 0.0047415 0.006404858262330016 -1e-07 0.0048065 0.006459420557693923 1e-07 1 103 2 387 -388 
388 0.0046767 0.006459220557693922 -1e-07 0.004741700000000001 0.006512183480254521 1e-07 1 103 2 388 -389 
389 0.0046119 0.00651198348025452 -1e-07 0.0046769 0.006563140864985943 1e-07 1 103 2 389 -390 
390 0.0045471 0.006562940864985942 -1e-07 0.0046121 0.006612093601792847 1e-07 1 103 2 390 -391 
391 0.0044823 0.006611893601792846 -1e-07 0.004547300000000001 0.006658850413510125 1e-07 1 103 2 391 -392 
392 0.0044175 0.006658650413510125 -1e-07 0.0044825 0.006703228603296331 1e-07 1 103 2 392 -393 
393 0.0043527 0.00670302860329633 -1e-07 0.004417700000000001 0.006745054768500487 1e-07 1 103 2 393 -394 
394 0.0042879 0.006744854768500486 -1e-07 0.004352900000000001 0.006784165478212911 1e-07 1 103 2 394 -395 
395 0.0042231 0.006783965478212911 -1e-07 0.0042881 0.006820407911852631 1e-07 1 103 2 395 -396 
396 0.0041583 0.006820207911852631 -1e-07 0.004223300000000001 0.006853640456296143 1e-07 1 103 2 396 -397 
397 0.0040935 0.006853440456296143 -1e-07 0.004158500000000001 0.00688373325921434 1e-07 1 103 2 397 -398 
398 0.004028700000000001 0.006883533259214339 -1e-07 0.0040937 0.006910568736455492 1e-07 1 103 2 398 -399 
399 0.0039639 0.006910368736455491 -1e-07 0.004028900000000001 0.006934042031491732 1e-07 1 103 2 399 -400 
400 0.003899100000000001 0.006933842031491732 -1e-07 0.003964100000000001 0.006954061425133839 1e-07 1 103 2 400 -401 
401 0.003834300000000001 0.006953861425133838 -1e-07 0.003899300000000001 0.006970548693913361 1e-07 1 103 2 401 -402 
402 0.003769500000000001 0.00697034869391336 -1e-07 0.0038345 0.006983439415731798 1e-07 1 103 2 402 -403 
403 0.003704700000000001 0.006983239415731798 -1e-07 0.0037697 0.006992683221582502 1e-07 1 103 2 403 -404 
404 0.003639899999999999 0.006992483221582501 -1e-07 0.003704900000000001 0.006998243992361756 1e-07 1 103 2 404 -405 
405 -9.99999999998398e-08 0.006998043992361755 -1e-07 0.003640099999999999 0.0070001 1e-07 1 103 2 405 -406 
406 -1e-07 -9.99999999998398e-08 -1e-07 1e-07 0.0070001 1e-07 1 101 2 406 -1 
1 -9.999999999940612e-08 -9.99999999998398e-08 -1e-07 0.0170001 0.0070001 1e-07 1 201 406 1 2 3 4 5 6 7 8 9 10 11 12 13 14 15 16 17 18 19 20 21 22 23 24 25 26 27 28 29 30 31 32 33 34 35 36 37 38 39 40 41 42 43 44 45 46 47 48 49 50 51 52 53 54 55 56 57 58 59 60 61 62 63 64 65 66 67 68 69 70 71 72 73 74 75 76 77 78 79 80 81 82 83 84 85 86 87 88 89 90 91 92 93 94 95 96 97 98 99 100 101 102 103 104 105 106 107 108 109 110 111 112 113 114 115 116 117 118 119 120 121 122 123 124 125 126 127 128 129 130 131 132 133 134 135 136 137 138 139 140 141 142 143 144 145 146 147 148 149 150 151 152 153 154 155 156 157 158 159 160 161 162 163 164 165 166 167 168 169 170 171 172 173 174 175 176 177 178 179 180 181 182 183 184 185 186 187 188 189 190 191 192 193 194 195 196 197 198 199 200 201 202 203 204 205 206 207 208 209 210 211 212 213 214 215 216 217 218 219 220 221 222 223 224 225 226 227 228 229 230 231 232 233 234 235 236 237 238 239 240 241 242 243 244 245 246 247 248 249 250 251 252 253 254 255 256 257 258 259 260 261 262 263 264 265 266 267 268 269 270 271 272 273 274 275 276 277 278 279 280 281 282 283 284 285 286 287 288 289 290 291 292 293 294 295 296 297 298 299 300 301 302 303 304 305 306 307 308 309 310 311 312 313 314 315 316 317 318 319 320 321 322 323 324 325 326 327 328 329 330 331 332 333 334 335 336 337 338 339 340 341 342 343 344 345 346 347 348 349 350 351 352 353 354 355 356 357 358 359 360 361 362 363 364 365 366 367 368 369 370 371 372 373 374 375 376 377 378 379 380 381 382 383 384 385 386 387 388 389 390 391 392 393 394 395 396 397 398 399 400 401 402 403 404 405 406 
$EndEntities
$Nodes
813 4359 1 4359
0 1 0 1
1
0 0 0
0 2 0 1
2
0.0004 0 0
0 3 0 1
3
0.0004648 1.856007638244811e-06 0
0 4 0 1
4
0.0005296000000000001 7.41677841749897e-06 0
0 5 0 1
5
0.0005944 1.66605842682027e-05 0
0 6 0 1
6
0.0006592 2.955130608663946e-05 0
0 7 0 1
7
0.000724 4.603857486616185e-05 0
0 8 0 1
8
0.0007888 6.605796850826771e-05 0
0 9 0 1
9
0.0008535999999999999 8.953126354450896e-05 0
0 10 0 1
10
0.0009184 0.0001163667407856603 0
0 11 0 1
11
0.0009832 0.0001464595437038575 0
0 12 0 1
12
0.001048 0.0001796920881473692 0
0 13 0 1
13
0.0011128 0.0002159345217870891 0
0 14 0 1
14
0.0011776 0.0002550452314995145 0
0 15 0 1
15
0.0012424 0.0002968713967036695 0
0 16 0 1
16
0.0013072 0.0003412495864898753 0
0 17 0 1
17
0.001372 0.0003880063982071538 0
0 18 0 1
18
0.0014368 0.000436959135014058 0
0 19 0 1
19
0.0015016 0.0004879165197454795 0
0 20 0 1
20
0.0015664 0.000540679442306078 0
0 21 0 1
21
0.0016312 0.0005950417376699832 0
0 22 0 1
22
0.001696 0.00065079099144682 0
0 23 0 1
23
0.0017608 0.0007077093698664074 0
0 24 0 1
24
0.0018256 0.0007655744709390536 0
0 25 0 1
25
0.0018904 0.0008241601934656464 0
0 26 0 1
26
0.0019552 0.0008832376205019718 0
0 27 0 1
27
0.00202 0.0009425759138252353 0
0 28 0 1
28
0.0020848 0.001001943215907757 0
0 29 0 1
29
0.0021496 0.001061107555873478 0
0 30 0 1
30
0.0022144 0.001119837755897373 0
0 31 0 1
31
0.0022792 0.001177904334506093 0
0 32 0 1
32
0.002344 0.001235080403250324 0
0 33 0 1
33
0.0024088 0.001291142553245193 0
0 34 0 1
34
0.0024736 0.001345871728114687 0
0 35 0 1
35
0.0025384 0.001399054079929137 0
0 36 0 1
36
0.0026032 0.001450481804791306 0
0 37 0 1
37
0.002668 0.001499953954806116 0
0 38 0 1
38
0.0027328 0.001547277223261341 0
0 39 0 1
39
0.0027976 0.001592266699951254 0
0 40 0 1
40
0.0028624 0.001634746593691905 0
0 41 0 1
41
0.0029272 0.001674550919204863 0
0 42 0 1
42
0.002992 0.001711524145685522 0
0 43 0 1
43
0.0030568 0.001745521804521761 0
0 44 0 1
44
0.0031216 0.001776411053788351 0
0 45 0 1
45
0.0031864 0.001804071197311444 0
0 46 0 1
46
0.0032512 0.001828394156274926 0
0 47 0 1
47
0.003316 0.001849284891525912 0
0 48 0 1
48
0.0033808 0.001866661774929256 0
0 49 0 1
49
0.0034456 0.00188045690832006 0
0 50 0 1
50
0.0035104 0.001890616388807918 0
0 51 0 1
51
0.0035752 0.001897100519396228 0
0 52 0 1
52
0.00364 0.00189988396409362 0
0 53 0 1
53
0.0037048 0.001899008054565855 0
0 54 0 1
54
0.0037696 0.00189460380464232 0
0 55 0 1
55
0.0038344 0.001886694225216229 0
0 56 0 1
56
0.0038992 0.001875310222055643 0
0 57 0 1
57
0.003964 0.00186049627683808 0
0 58 0 1
58
0.0040288 0.001842310273343489 0
0 59 0 1
59
0.0040936 0.001820823271280069 0
0 60 0 1
60
0.0041584 0.00179611922862667 0
0 61 0 1
61
0.004223200000000001 0.00176829467357668 0
0 62 0 1
62
0.004288 0.001737458327365266 0
0 63 0 1
63
0.0043528 0.001703730679453698 0
0 64 0 1
64
0.004417600000000001 0.001667243516730701 0
0 65 0 1
65
0.0044824 0.001628139408570405 0
0 66 0 1
66
0.0045472 0.001586571149758982 0
0 67 0 1
67
0.004612 0.001542701163466671 0
0 68 0 1
68
0.004676800000000001 0.001496700866597992 0
0 69 0 1
69
0.0047416 0.00144875 0
0 70 0 1
70
0.0048064 0.001399035926145675 0
0 71 0 1
71
0.0048712 0.001347752897036705 0
0 72 0 1
72
0.004936 0.001295101295186225 0
0 73 0 1
73
0.005000800000000001 0.001241286850647288 0
0 74 0 1
74
0.0050656 0.001186519837146446 0
0 75 0 1
75
0.0051304 0.001131014250463448 0
0 76 0 1
76
0.0051952 0.001074986972267451 0
0 77 0 1
77
0.005260000000000001 0.001018656922676942 0
0 78 0 1
78
0.005324800000000001 0.0009622442048546655 0
0 79 0 1
79
0.0053896 0.0009059692449799297 0
0 80 0 1
80
0.0054544 0.0008500519309587762 0
0 81 0 1
81
0.005519200000000001 0.0007947107532373806 0
0 82 0 1
82
0.005584 0.0007401619510758705 0
0 83 0 1
83
0.005648800000000001 0.0006866186676183898 0
0 84 0 1
84
0.0057136 0.0006342901170608838 0
0 85 0 1
85
0.0057784 0.0005833807671707904 0
0 86 0 1
86
0.005843200000000001 0.0005340895403528551 0
0 87 0 1
87
0.005908 0.0004866090363828096 0
0 88 0 1
88
0.0059728 0.0004411247798459932 0
0 89 0 1
89
0.0060376 0.0003978144952214631 0
0 90 0 1
90
0.0061024 0.0003568474124441204 0
0 91 0 1
91
0.0061672 0.0003183836056582823 0
0 92 0 1
92
0.006232000000000001 0.0002825733677464559 0
0 93 0 1
93
0.0062968 0.0002495566230772553 0
0 94 0 1
94
0.0063616 0.0002194623807670931 0
0 95 0 1
95
0.006426400000000001 0.0001924082305919586 0
0 96 0 1
96
0.0064912 0.0001684998835189492 0
0 97 0 1
97
0.006556 0.0001478307586528759 0
0 98 0 1
98
0.0066208 0.0001304816182119016 0
0 99 0 1
99
0.0066856 0.0001165202519585009 0
0 100 0 1
100
0.0067504 0.0001060012123187928 0
0 101 0 1
101
0.0068152 9.896560122523697e-05 0
0 102 0 1
102
0.006880000000000001 9.544090951557953e-05 0
0 103 0 1
103
0.0069448 9.544090951557953e-05 0
0 104 0 1
104
0.0070096 9.896560122523697e-05 0
0 105 0 1
105
0.0070744 0.0001060012123187928 0
0 106 0 1
106
0.0071392 0.0001165202519585009 0
0 107 0 1
107
0.007204000000000001 0.0001304816182119016 0
0 108 0 1
108
0.0072688 0.0001478307586528759 0
0 109 0 1
109
0.0073336 0.0001684998835189492 0
0 110 0 1
110
0.007398399999999999 0.0001924082305919586 0
0 111 0 1
111
0.007463200000000001 0.0002194623807670931 0
0 112 0 1
112
0.007528000000000001 0.0002495566230772553 0
0 113 0 1
113
0.007592799999999999 0.0002825733677464559 0
0 114 0 1
114
0.0076576 0.0003183836056582823 0
0 115 0 1
115
0.007722400000000001 0.0003568474124441204 0
0 116 0 1
116
0.0077872 0.0003978144952214631 0
0 117 0 1
117
0.007852000000000001 0.0004411247798459932 0
0 118 0 1
118
0.0079168 0.0004866090363828096 0
0 119 0 1
119
0.0079816 0.0005340895403528551 0
0 120 0 1
120
0.0080464 0.0005833807671707904 0
0 121 0 1
121
0.008111200000000001 0.0006342901170608838 0
0 122 0 1
122
0.008176000000000001 0.0006866186676183898 0
0 123 0 1
123
0.008240799999999998 0.0007401619510758705 0
0 124 0 1
124
0.0083056 0.0007947107532373806 0
0 125 0 1
125
0.0083704 0.0008500519309587762 0
0 126 0 1
126
0.0084352 0.0009059692449799297 0
0 127 0 1
127
0.008500000000000001 0.0009622442048546655 0
0 128 0 1
128
0.008564800000000001 0.001018656922676942 0
0 129 0 1
129
0.008629599999999999 0.001074986972267451 0
0 130 0 1
130
0.0086944 0.001131014250463448 0
0 131 0 1
131
0.0087592 0.001186519837146446 0
0 132 0 1
132
0.008824 0.001241286850647288 0
0 133 0 1
133
0.008888800000000001 0.001295101295186225 0
0 134 0 1
134
0.008953600000000003 0.001347752897036705 0
0 135 0 1
135
0.009018399999999999 0.001399035926145675 0
0 136 0 1
136
0.0090832 0.00144875 0
0 137 0 1
137
0.009148 0.001496700866597992 0
0 138 0 1
138
0.0092128 0.001542701163466671 0
0 139 0 1
139
0.009277600000000002 0.001586571149758983 0
0 140 0 1
140
0.009342399999999999 0.001628139408570405 0
0 141 0 1
141
0.009407199999999999 0.0016672435167307 0
0 142 0 1
142
0.009472 0.001703730679453698 0
0 143 0 1
143
0.0095368 0.001737458327365266 0
0 144 0 1
144
0.009601600000000002 0.00176829467357668 0
0 145 0 1
145
0.0096664 0.001796119228626669 0
0 146 0 1
146
0.009731199999999999 0.001820823271280069 0
0 147 0 1
147
0.009796000000000001 0.001842310273343489 0
0 148 0 1
148
0.009860799999999999 0.00186049627683808 0
0 149 0 1
149
0.009925600000000001 0.001875310222055643 0
0 150 0 1
150
0.0099904 0.001886694225216229 0
0 151 0 1
151
0.0100552 0.00189460380464232 0
0 152 0 1
152
0.01012 0.001898955846911426 0
0 153 0 1
153
0.0101848 0.00189988396409362 0
0 154 0 1
154
0.0102496 0.001897100519396228 0
0 155 0 1
155
0.0103144 0.001890616388807918 0
0 156 0 1
156
0.0103792 0.00188045690832006 0
0 157 0 1
157
0.010444 0.001866661774929255 0
0 158 0 1
158
0.0105088 0.001849284891525912 0
0 159 0 1
159
0.0105736 0.001828394156274926 0
0 160 0 1
160
0.0106384 0.001804071197311444 0
0 161 0 1
161
0.0107032 0.00177641105378835 0
0 162 0 1
162
0.010768 0.001745521804521761 0
0 163 0 1
163
0.0108328 0.001711524145685523 0
0 164 0 1
164
0.0108976 0.001674550919204863 0
0 165 0 1
165
0.0109624 0.001634746593691905 0
0 166 0 1
166
0.0110272 0.001592266699951255 0
0 167 0 1
167
0.011092 0.001547277223261341 0
0 168 0 1
168
0.0111568 0.001499953954806116 0
0 169 0 1
169
0.0112216 0.001450481804791306 0
0 170 0 1
170
0.0112864 0.001399054079929137 0
0 171 0 1
171
0.0113512 0.001345871728114687 0
0 172 0 1
172
0.011416 0.001291142553245193 0
0 173 0 1
173
0.0114808 0.001235080403250323 0
0 174 0 1
174
0.0115456 0.001177904334506093 0
0 175 0 1
175
0.0116104 0.001119837755897372 0
0 176 0 1
176
0.0116752 0.001061107555873478 0
0 177 0 1
177
0.01174 0.001001943215907756 0
0 178 0 1
178
0.0118048 0.0009425759138252364 0
0 179 0 1
179
0.0118696 0.0008832376205019725 0
0 180 0 1
180
0.0119344 0.000824160193465647 0
0 181 0 1
181
0.0119992 0.0007655744709390543 0
0 182 0 1
182
0.012064 0.0007077093698664077 0
0 183 0 1
183
0.0121288 0.0006507909914468205 0
0 184 0 1
184
0.0121936 0.0005950417376699834 0
0 185 0 1
185
0.0122584 0.0005406794423060782 0
0 186 0 1
186
0.0123232 0.0004879165197454795 0
0 187 0 1
187
0.012388 0.0004369591350140579 0
0 188 0 1
188
0.0124528 0.0003880063982071535 0
0 189 0 1
189
0.0125176 0.000341249586489875 0
0 190 0 1
190
0.0125824 0.0002968713967036691 0
0 191 0 1
191
0.0126472 0.0002550452314995141 0
0 192 0 1
192
0.012712 0.0002159345217870888 0
0 193 0 1
193
0.0127768 0.0001796920881473688 0
0 194 0 1
194
0.0128416 0.000146459543703857 0
0 195 0 1
195
0.0129064 0.0001163667407856608 0
0 196 0 1
196
0.0129712 8.953126354450929e-05 0
0 197 0 1
197
0.013036 6.605796850826802e-05 0
0 198 0 1
198
0.0131008 4.603857486616206e-05 0
0 199 0 1
199
0.0131656 2.955130608663956e-05 0
0 200 0 1
200
0.0132304 1.66605842682027e-05 0
0 201 0 1
201
0.0132952 7.41677841749897e-06 0
0 202 0 1
202
0.01336 1.856007638244811e-06 0
0 203 0 1
203
0.017 0 0
0 204 0 1
204
0.017 0.007 0
0 205 0 1
205
0.0166 0.007 0
0 206 0 1
206
0.0165352 0.006998143992361755 0
0 207 0 1
207
0.0164704 0.006992583221582502 0
0 208 0 1
208
0.0164056 0.006983339415731798 0
0 209 0 1
209
0.0163408 0.006970448693913361 0
0 210 0 1
210
0.016276 0.006953961425133839 0
0 211 0 1
211
0.0162112 0.006933942031491732 0
0 212 0 1
212
0.0161464 0.006910468736455492 0
0 213 0 1
213
0.0160816 0.006883633259214339 0
0 214 0 1
214
0.0160168 0.006853540456296143 0
0 215 0 1
215
0.015952 0.00682030791185263 0
0 216 0 1
216
0.0158872 0.006784065478212911 0
0 217 0 1
217
0.0158224 0.006744954768500486 0
0 218 0 1
218
0.0157576 0.00670312860329633 0
0 219 0 1
219
0.0156928 0.006658750413510124 0
0 220 0 1
220
0.015628 0.006611993601792846 0
0 221 0 1
221
0.0155632 0.006563040864985941 0
0 222 0 1
222
0.0154984 0.00651208348025452 0
0 223 0 1
223
0.0154336 0.006459320557693922 0
0 224 0 1
224
0.0153688 0.006404958262330017 0
0 225 0 1
225
0.015304 0.00634920900855318 0
0 226 0 1
226
0.0152392 0.006292290630133593 0
0 227 0 1
227
0.0151744 0.006234425529060946 0
0 228 0 1
228
0.0151096 0.006175839806534354 0
0 229 0 1
229
0.0150448 0.006116762379498028 0
0 230 0 1
230
0.01498 0.006057424086174765 0
0 231 0 1
231
0.0149152 0.005998056784092244 0
0 232 0 1
232
0.0148504 0.005938892444126521 0
0 233 0 1
233
0.0147856 0.005880162244102627 0
0 234 0 1
234
0.0147208 0.005822095665493908 0
0 235 0 1
235
0.014656 0.005764919596749676 0
0 236 0 1
236
0.0145912 0.005708857446754807 0
0 237 0 1
237
0.0145264 0.005654128271885312 0
0 238 0 1
238
0.0144616 0.005600945920070864 0
0 239 0 1
239
0.0143968 0.005549518195208695 0
0 240 0 1
240
0.014332 0.005500046045193885 0
0 241 0 1
241
0.0142672 0.00545272277673866 0
0 242 0 1
242
0.0142024 0.005407733300048745 0
0 243 0 1
243
0.0141376 0.005365253406308095 0
0 244 0 1
244
0.0140728 0.005325449080795137 0
0 245 0 1
245
0.014008 0.005288475854314478 0
0 246 0 1
246
0.0139432 0.005254478195478239 0
0 247 0 1
247
0.0138784 0.005223588946211649 0
0 248 0 1
248
0.0138136 0.005195928802688556 0
0 249 0 1
249
0.0137488 0.005171605843725073 0
0 250 0 1
250
0.013684 0.005150715108474088 0
0 251 0 1
251
0.0136192 0.005133338225070744 0
0 252 0 1
252
0.0135544 0.00511954309167994 0
0 253 0 1
253
0.0134896 0.005109383611192083 0
0 254 0 1
254
0.0134248 0.005102899480603773 0
0 255 0 1
255
0.01336 0.00510011603590638 0
0 256 0 1
256
0.0132952 0.005100991945434146 0
0 257 0 1
257
0.0132304 0.00510539619535768 0
0 258 0 1
258
0.0131656 0.005113305774783771 0
0 259 0 1
259
0.0131008 0.005124689777944356 0
0 260 0 1
260
0.013036 0.005139503723161919 0
0 261 0 1
261
0.0129712 0.005157689726656512 0
0 262 0 1
262
0.0129064 0.00517917672871993 0
0 263 0 1
263
0.0128416 0.005203880771373331 0
0 264 0 1
264
0.0127768 0.00523170532642332 0
0 265 0 1
265
0.012712 0.005262541672634734 0
0 266 0 1
266
0.0126472 0.005296269320546302 0
0 267 0 1
267
0.0125824 0.005332756483269299 0
0 268 0 1
268
0.0125176 0.005371860591429595 0
0 269 0 1
269
0.0124528 0.005413428850241018 0
0 270 0 1
270
0.012388 0.00545729883653333 0
0 271 0 1
271
0.0123232 0.005503299133402008 0
0 272 0 1
272
0.0122584 0.00555125 0
0 273 0 1
273
0.0121936 0.005600964073854325 0
0 274 0 1
274
0.0121288 0.005652247102963295 0
0 275 0 1
275
0.012064 0.005704898704813775 0
0 276 0 1
276
0.0119992 0.005758713149352712 0
0 277 0 1
277
0.0119344 0.005813480162853555 0
0 278 0 1
278
0.0118696 0.005868985749536553 0
0 279 0 1
279
0.0118048 0.005925013027732549 0
0 280 0 1
280
0.01174 0.005981343077323057 0
0 281 0 1
281
0.0116752 0.006037755795145335 0
0 282 0 1
282
0.0116104 0.006094030755020071 0
0 283 0 1
283
0.0115456 0.006149948069041224 0
0 284 0 1
284
0.0114808 0.00620528924676262 0
0 285 0 1
285
0.011416 0.006259838048924129 0
0 286 0 1
286
0.0113512 0.00631338133238161 0
0 287 0 1
287
0.0112864 0.006365709882939117 0
0 288 0 1
288
0.0112216 0.006416619232829209 0
0 289 0 1
289
0.0111568 0.006465910459647145 0
0 290 0 1
290
0.011092 0.006513390963617191 0
0 291 0 1
291
0.0110272 0.006558875220154007 0
0 292 0 1
292
0.0109624 0.006602185504778537 0
0 293 0 1
293
0.0108976 0.006643152587555879 0
0 294 0 1
294
0.0108328 0.006681616394341718 0
0 295 0 1
295
0.010768 0.006717426632253544 0
0 296 0 1
296
0.0107032 0.006750443376922745 0
0 297 0 1
297
0.0106384 0.006780537619232907 0
0 298 0 1
298
0.0105736 0.006807591769408042 0
0 299 0 1
299
0.0105088 0.006831500116481051 0
0 300 0 1
300
0.010444 0.006852169241347125 0
0 301 0 1
301
0.0103792 0.006869518381788098 0
0 302 0 1
302
0.0103144 0.006883479748041499 0
0 303 0 1
303
0.0102496 0.006893998787681208 0
0 304 0 1
304
0.0101848 0.006901034398774763 0
0 305 0 1
305
0.01012 0.006904559090484421 0
0 306 0 1
306
0.0100552 0.006904559090484421 0
0 307 0 1
307
0.009990400000000002 0.006901034398774763 0
0 308 0 1
308
0.0099256 0.006893998787681208 0
0 309 0 1
309
0.009860800000000001 0.006883479748041499 0
0 310 0 1
310
0.009795999999999999 0.006869518381788098 0
0 311 0 1
311
0.009731200000000001 0.006852169241347125 0
0 312 0 1
312
0.0096664 0.006831500116481051 0
0 313 0 1
313
0.009601600000000002 0.006807591769408042 0
0 314 0 1
314
0.0095368 0.006780537619232907 0
0 315 0 1
315
0.009472 0.006750443376922745 0
0 316 0 1
316
0.009407199999999999 0.006717426632253544 0
0 317 0 1
317
0.009342400000000001 0.006681616394341718 0
0 318 0 1
318
0.0092776 0.006643152587555879 0
0 319 0 1
319
0.0092128 0.006602185504778537 0
0 320 0 1
320
0.009148 0.006558875220154007 0
0 321 0 1
321
0.009083200000000001 0.006513390963617191 0
0 322 0 1
322
0.009018399999999999 0.006465910459647145 0
0 323 0 1
323
0.008953600000000001 0.006416619232829209 0
0 324 0 1
324
0.008888800000000001 0.006365709882939117 0
0 325 0 1
325
0.008824 0.00631338133238161 0
0 326 0 1
326
0.008759200000000002 0.006259838048924129 0
0 327 0 1
327
0.0086944 0.00620528924676262 0
0 328 0 1
328
0.008629599999999999 0.006149948069041224 0
0 329 0 1
329
0.008564800000000001 0.006094030755020071 0
0 330 0 1
330
0.008500000000000001 0.006037755795145335 0
0 331 0 1
331
0.0084352 0.005981343077323057 0
0 332 0 1
332
0.0083704 0.005925013027732549 0
0 333 0 1
333
0.0083056 0.005868985749536553 0
0 334 0 1
334
0.0082408 0.005813480162853555 0
0 335 0 1
335
0.008176000000000001 0.005758713149352713 0
0 336 0 1
336
0.008111200000000001 0.005704898704813776 0
0 337 0 1
337
0.008046399999999999 0.005652247102963295 0
0 338 0 1
338
0.0079816 0.005600964073854325 0
0 339 0 1
339
0.0079168 0.00555125 0
0 340 0 1
340
0.007852000000000001 0.005503299133402008 0
0 341 0 1
341
0.0077872 0.00545729883653333 0
0 342 0 1
342
0.007722399999999999 0.005413428850241018 0
0 343 0 1
343
0.007657600000000001 0.005371860591429595 0
0 344 0 1
344
0.0075928 0.0053327564832693 0
0 345 0 1
345
0.007528000000000001 0.005296269320546302 0
0 346 0 1
346
0.007463200000000001 0.005262541672634734 0
0 347 0 1
347
0.007398399999999999 0.00523170532642332 0
0 348 0 1
348
0.007333600000000001 0.005203880771373331 0
0 349 0 1
349
0.007268800000000001 0.005179176728719931 0
0 350 0 1
350
0.007203999999999999 0.005157689726656512 0
0 351 0 1
351
0.007139200000000001 0.00513950372316192 0
0 352 0 1
352
0.007074399999999999 0.005124689777944356 0
0 353 0 1
353
0.007009600000000001 0.005113305774783771 0
0 354 0 1
354
0.006944800000000001 0.00510539619535768 0
0 355 0 1
355
0.006879999999999999 0.005101044153088575 0
0 356 0 1
356
0.006815200000000001 0.00510011603590638 0
0 357 0 1
357
0.006750399999999999 0.005102899480603773 0
0 358 0 1
358
0.006685600000000001 0.005109383611192083 0
0 359 0 1
359
0.006620800000000001 0.00511954309167994 0
0 360 0 1
360
0.006555999999999999 0.005133338225070744 0
0 361 0 1
361
0.006491200000000001 0.005150715108474088 0
0 362 0 1
362
0.0064264 0.005171605843725074 0
0 363 0 1
363
0.006361599999999999 0.005195928802688556 0
0 364 0 1
364
0.006296800000000001 0.00522358894621165 0
0 365 0 1
365
0.006232 0.005254478195478239 0
0 366 0 1
366
0.006167200000000001 0.005288475854314477 0
0 367 0 1
367
0.006102399999999999 0.005325449080795137 0
0 368 0 1
368
0.0060376 0.005365253406308095 0
0 369 0 1
369
0.005972800000000001 0.005407733300048745 0
0 370 0 1
370
0.005907999999999999 0.005452722776738659 0
0 371 0 1
371
0.0058432 0.005500046045193884 0
0 372 0 1
372
0.0057784 0.005549518195208695 0
0 373 0 1
373
0.0057136 0.005600945920070864 0
0 374 0 1
374
0.005648800000000002 0.005654128271885312 0
0 375 0 1
375
0.005584 0.005708857446754808 0
0 376 0 1
376
0.0055192 0.005764919596749676 0
0 377 0 1
377
0.0054544 0.005822095665493908 0
0 378 0 1
378
0.0053896 0.005880162244102628 0
0 379 0 1
379
0.005324800000000002 0.005938892444126522 0
0 380 0 1
380
0.00526 0.005998056784092245 0
0 381 0 1
381
0.0051952 0.006057424086174764 0
0 382 0 1
382
0.0051304 0.006116762379498027 0
0 383 0 1
383
0.0050656 0.006175839806534353 0
0 384 0 1
384
0.0050008 0.006234425529060946 0
0 385 0 1
385
0.004936 0.006292290630133592 0
0 386 0 1
386
0.0048712 0.00634920900855318 0
0 387 0 1
387
0.0048064 0.006404958262330017 0
0 388 0 1
388
0.0047416 0.006459320557693922 0
0 389 0 1
389
0.0046768 0.00651208348025452 0
0 390 0 1
390
0.004612 0.006563040864985942 0
0 391 0 1
391
0.0045472 0.006611993601792846 0
0 392 0 1
392
0.0044824 0.006658750413510125 0
0 393 0 1
393
0.004417600000000001 0.00670312860329633 0
0 394 0 1
394
0.0043528 0.006744954768500486 0
0 395 0 1
395
0.004288 0.006784065478212911 0
0 396 0 1
396
0.004223200000000001 0.006820307911852631 0
0 397 0 1
397
0.0041584 0.006853540456296143 0
0 398 0 1
398
0.0040936 0.006883633259214339 0
0 399 0 1
399
0.004028800000000001 0.006910468736455492 0
0 400 0 1
400
0.003964000000000001 0.006933942031491732 0
0 401 0 1
401
0.003899200000000001 0.006953961425133839 0
0 402 0 1
402
0.0038344 0.006970448693913361 0
0 403 0 1
403
0.003769600000000001 0.006983339415731798 0
0 404 0 1
404
0.003704800000000001 0.006992583221582502 0
0 405 0 1
405
0.003639999999999999 0.006998143992361755 0
0 406 0 1
406
0 0.007 0
1 1 0 3
407
408
409
0.0001000000000000001 0 0
0.0002000000000000005 0 0
0.0003000000000000004 0 0
1 2 0 0
1 3 0 0
1 4 0 0
1 5 0 0
1 6 0 0
1 7 0 0
1 8 0 0
1 9 0 0
1 10 0 0
1 11 0 0
1 12 0 0
1 13 0 0
1 14 0 0
1 15 0 0
1 16 0 0
1 17 0 0
1 18 0 0
1 19 0 0
1 20 0 0
1 21 0 0
1 22 0 0
1 23 0 0
1 24 0 0
1 25 0 0
1 26 0 0
1 27 0 0
1 28 0 0
1 29 0 0
1 30 0 0
1 31 0 0
1 32 0 0
1 33 0 0
1 34 0 0
1 35 0 0
1 36 0 0
1 37 0 0
1 38 0 0
1 39 0 0
1 40 0 0
1 41 0 0
1 42 0 0
1 43 0 0
1 44 0 0
1 45 0 0
1 46 0 0
1 47 0 0
1 48 0 0
1 49 0 0
1 50 0 0
1 51 0 0
1 52 0 0
1 53 0 0
1 54 0 0
1 55 0 0
1 56 0 0
1 57 0 0
1 58 0 0
1 59 0 0
1 60 0 0
1 61 0 0
1 62 0 0
1 63 0 0
1 64 0 0
1 65 0 0
1 66 0 0
1 67 0 0
1 68 0 0
1 69 0 0
1 70 0 0
1 71 0 0
1 72 0 0
1 73 0 0
1 74 0 0
1 75 0 0
1 76 0 0
1 77 0 0
1 78 0 0
1 79 0 0
1 80 0 0
1 81 0 0
1 82 0 0
1 83 0 0
1 84 0 0
1 85 0 0
1 86 0 0
1 87 0 0
1 88 0 0
1 89 0 0
1 90 0 0
1 91 0 0
1 92 0 0
1 93 0 0
1 94 0 0
1 95 0 0
1 96 0 0
1 97 0 0
1 98 0 0
1 99 0 0
1 100 0 0
1 101 0 0
1 102 0 0
1 103 0 0
1 104 0 0
1 105 0 0
1 106 0 0
1 107 0 0
1 108 0 0
1 109 0 0
1 110 0 0
1 111 0 0
1 112 0 0
1 113 0 0
1 114 0 0
1 115 0 0
1 116 0 0
1 117 0 0
1 118 0 0
1 119 0 0
1 120 0 0
1 121 0 0
1 122 0 0
1 123 0 0
1 124 0 0
1 125 0 0
1 126 0 0
1 127 0 0
1 128 0 0
1 129 0 0
1 130 0 0
1 131 0 0
1 132 0 0
1 133 0 0
1 134 0 0
1 135 0 0
1 136 0 0
1 137 0 0
1 138 0 0
1 139 0 0
1 140 0 0
1 141 0 0
1 142 0 0
1 143 0 0
1 144 0 0
1 145 0 0
1 146 0 0
1 147 0 0
1 148 0 0
1 149 0 0
1 150 0 0
1 151 0 0
1 152 0 0
1 153 0 0
1 154 0 0
1 155 0 0
1 156 0 0
1 157 0 0
1 158 0 0
1 159 0 0
1 160 0 0
1 161 0 0
1 162 0 0
1 163 0 0
1 164 0 0
1 165 0 0
1 166 0 0
1 167 0 0
1 168 0 0
1 169 0 0
1 170 0 0
1 171 0 0
1 172 0 0
1 173 0 0
1 174 0 0
1 175 0 0
1 176 0 0
1 177 0 0
1 178 0 0
1 179 0 0
1 180 0 0
1 181 0 0
1 182 0 0
1 183 0 0
1 184 0 0
1 185 0 0
1 186 0 0
1 187 0 0
1 188 0 0
1 189 0 0
1 190 0 0
1 191 0 0
1 192 0 0
1 193 0 0
1 194 0 0
1 195 0 0
1 196 0 0
1 197 0 0
1 198 0 0
1 199 0 0
1 200 0 0
1 201 0 0
1 202 0 36
410
411
412
413
414
415
416
417
418
419
420
421
422
423
424
425
426
427
428
429
430
431
432
433
434
435
436
437
438
439
440
441
442
443
444
445
0.01345837837837838 1.8058452696436e-06 0
0.01355675675675676 1.755682901042389e-06 0
0.01365513513513514 1.705520532441177e-06 0
0.01375351351351352 1.655358163839966e-06 0
0.0138518918918919 1.605195795238755e-06 0
0.01395027027027027 1.555033426637544e-06 0
0.01404864864864865 1.504871058036333e-06 0
0.01414702702702703 1.454708689435122e-06 0
0.01424540540540541 1.40454632083391e-06 0
0.01434378378378379 1.354383952232699e-06 0
0.01444216216216217 1.304221583631488e-06 0
0.01454054054054054 1.254059215030277e-06 0
0.01463891891891892 1.203896846429066e-06 0
0.0147372972972973 1.153734477827855e-06 0
0.01483567567567568 1.103572109226643e-06 0
0.01493405405405406 1.053409740625432e-06 0
0.01503243243243244 1.003247372024221e-06 0
0.01513081081081081 9.530850034230102e-07 0
0.01522918918918919 9.029226348217993e-07 0
0.01532756756756757 8.527602662205884e-07 0
0.01542594594594595 8.025978976193773e-07 0
0.01552432432432433 7.52435529018166e-07 0
0.01562270270270271 7.022731604169548e-07 0
0.01572108108108108 6.521107918157437e-07 0
0.01581945945945946 6.019484232145326e-07 0
0.01591783783783784 5.517860546133213e-07 0
0.01601621621621622 5.016236860121102e-07 0
0.0161145945945946 4.514613174108988e-07 0
0.01621297297297298 4.012989488096877e-07 0
0.01631135135135136 3.511365802084766e-07 0
0.01640972972972973 3.009742116072655e-07 0
0.01650810810810811 2.508118430060543e-07 0
0.01660648648648649 2.006494744048432e-07 0
0.01670486486486487 1.504871058036323e-07 0
0.01680324324324324 1.003247372024216e-07 0
0.01690162162162162 5.016236860121053e-08 0
1 203 0 69
446
447
448
449
450
451
452
453
454
455
456
457
458
459
460
461
462
463
464
465
466
467
468
469
470
471
472
473
474
475
476
477
478
479
480
481
482
483
484
485
486
487
488
489
490
491
492
493
494
495
496
497
498
499
500
501
502
503
504
505
506
507
508
509
510
511
512
513
514
0.017 0.0001004885686151119 0
0.017 0.0002027227909338035 0
0.017 0.0003026827498906593 0
0.017 0.0004026427088475151 0
0.017 0.0005026026678043708 0
0.017 0.0006025626267612265 0
0.017 0.0007025225857180823 0
0.017 0.0008024825446749381 0
0.017 0.0009024425036317938 0
0.017 0.00100240246258865 0
0.017 0.001102362421545505 0
0.017 0.001202322380502361 0
0.017 0.001302282339459217 0
0.017 0.001402242298416073 0
0.017 0.001502202257372929 0
0.017 0.001602162216329785 0
0.017 0.00170212217528664 0
0.017 0.001802082134243496 0
0.017 0.001902042093200352 0
0.017 0.002002002052157207 0
0.017 0.002101962011114063 0
0.017 0.002201921970070919 0
0.017 0.002301881929027775 0
0.017 0.002401841887984631 0
0.017 0.002501801846941487 0
0.017 0.002601761805898343 0
0.017 0.002701721764855199 0
0.017 0.002801681723812054 0
0.017 0.00290164168276891 0
0.017 0.003001601641725766 0
0.017 0.003101561600682622 0
0.017 0.003201521559639478 0
0.017 0.003301481518596333 0
0.017 0.00340144147755319 0
0.017 0.003501401436510045 0
0.017 0.003601361395466902 0
0.017 0.003701321354423757 0
0.017 0.003801281313380613 0
0.017 0.003901241272337469 0
0.017 0.004001201231294325 0
0.017 0.00410116119025118 0
0.017 0.004201121149208037 0
0.017 0.004301081108164893 0
0.017 0.004401041067121748 0
0.017 0.004501001026078605 0
0.017 0.00460096098503546 0
0.017 0.004700920943992317 0
0.017 0.004800880902949172 0
0.017 0.004900840861906028 0
0.017 0.005000800820862883 0
0.017 0.005100760779819739 0
0.017 0.005200720738776594 0
0.017 0.005300680697733451 0
0.017 0.005400640656690307 0
0.017 0.005500600615647162 0
0.017 0.005600560574604019 0
0.017 0.005700520533560874 0
0.017 0.00580048049251773 0
0.017 0.005900440451474586 0
0.017 0.006000400410431442 0
0.017 0.006100360369388298 0
0.017 0.006200320328345154 0
0.017 0.006300280287302009 0
0.017 0.006400240246258865 0
0.017 0.00650020020521572 0
0.017 0.006600160164172576 0
0.017 0.006700120123129432 0
0.017 0.006800080082086288 0
0.017 0.006900040041043143 0
1 204 0 3
515
516
517
0.0169 0.007 0
0.0168 0.007 0
0.0167 0.007 0
1 205 0 0
1 206 0 0
1 207 0 0
1 208 0 0
1 209 0 0
1 210 0 0
1 211 0 0
1 212 0 0
1 213 0 0
1 214 0 0
1 215 0 0
1 216 0 0
1 217 0 0
1 218 0 0
1 219 0 0
1 220 0 0
1 221 0 0
1 222 0 0
1 223 0 0
1 224 0 0
1 225 0 0
1 226 0 0
1 227 0 0
1 228 0 0
1 229 0 0
1 230 0 0
1 231 0 0
1 232 0 0
1 233 0 0
1 234 0 0
1 235 0 0
1 236 0 0
1 237 0 0
1 238 0 0
1 239 0 0
1 240 0 0
1 241 0 0
1 242 0 0
1 243 0 0
1 244 0 0
1 245 0 0
1 246 0 0
1 247 0 0
1 248 0 0
1 249 0 0
1 250 0 0
1 251 0 0
1 252 0 0
1 253 0 0
1 254 0 0
1 255 0 0
1 256 0 0
1 257 0 0
1 258 0 0
1 259 0 0
1 260 0 0
1 261 0 0
1 262 0 0
1 263 0 0
1 264 0 0
1 265 0 0
1 266 0 0
1 267 0 0
1 268 0 0
1 269 0 0
1 270 0 0
1 271 0 0
1 272 0 0
1 273 0 0
1 274 0 0
1 275 0 0
1 276 0 0
1 277 0 0
1 278 0 0
1 279 0 0
1 280 0 0
1 281 0 0
1 282 0 0
1 283 0 0
1 284 0 0
1 285 0 0
1 286 0 0
1 287 0 0
1 288 0 0
1 289 0 0
1 290 0 0
1 291 0 0
1 292 0 0
1 293 0 0
1 294 0 0
1 295 0 0
1 296 0 0
1 297 0 0
1 298 0 0
1 299 0 0
1 300 0 0
1 301 0 0
1 302 0 0
1 303 0 0
1 304 0 0
1 305 0 0
1 306 0 0
1 307 0 0
1 308 0 0
1 309 0 0
1 310 0 0
1 311 0 0
1 312 0 0
1 313 0 0
1 314 0 0
1 315 0 0
1 316 0 0
1 317 0 0
1 318 0 0
1 319 0 0
1 320 0 0
1 321 0 0
1 322 0 0
1 323 0 0
1 324 0 0
1 325 0 0
1 326 0 0
1 327 0 0
1 328 0 0
1 329 0 0
1 330 0 0
1 331 0 0
1 332 0 0
1 333 0 0
1 334 0 0
1 335 0 0
1 336 0 0
1 337 0 0
1 338 0 0
1 339 0 0
1 340 0 0
1 341 0 0
1 342 0 0
1 343 0 0
1 344 0 0
1 345 0 0
1 346 0 0
1 347 0 0
1 348 0 0
1 349 0 0
1 350 0 0
1 351 0 0
1 352 0 0
1 353 0 0
1 354 0 0
1 355 0 0
1 356 0 0
1 357 0 0
1 358 0 0
1 359 0 0
1 360 0 0
1 361 0 0
1 362 0 0
1 363 0 0
1 364 0 0
1 365 0 0
1 366 0 0
1 367 0 0
1 368 0 0
1 369 0 0
1 370 0 0
1 371 0 0
1 372 0 0
1 373 0 0
1 374 0 0
1 375 0 0
1 376 0 0
1 377 0 0
1 378 0 0
1 379 0 0
1 380 0 0
1 381 0 0
1 382 0 0
1 383 0 0
1 384 0 0
1 385 0 0
1 386 0 0
1 387 0 0
1 388 0 0
1 389 0 0
1 390 0 0
1 391 0 0
1 392 0 0
1 393 0 0
1 394 0 0
1 395 0 0
1 396 0 0
1 397 0 0
1 398 0 0
1 399 0 0
1 400 0 0
1 401 0 0
1 402 0 0
1 403 0 0
1 404 0 0
1 405 0 36
518
519
520
521
522
523
524
525
526
527
528
529
530
531
532
533
534
535
536
537
538
539
540
541
542
543
544
545
546
547
548
549
550
551
552
553
0.00354162162162162 0.006998194154730356 0
0.003443243243243242 0.006998244317098958 0
0.003344864864864864 0.006998294479467559 0
0.003246486486486485 0.00699834464183616 0
0.003148108108108106 0.006998394804204762 0
0.003049729729729728 0.006998444966573363 0
0.00295135135135135 0.006998495128941963 0
0.002852972972972971 0.006998545291310565 0
0.002754594594594593 0.006998595453679166 0
0.002656216216216214 0.006998645616047768 0
0.002557837837837835 0.006998695778416369 0
0.002459459459459457 0.00699874594078497 0
0.002361081081081079 0.006998796103153571 0
0.0022627027027027 0.006998846265522172 0
0.002164324324324322 0.006998896427890773 0
0.002065945945945944 0.006998946590259375 0
0.001967567567567565 0.006998996752627976 0
0.001869189189189188 0.006999046914996577 0
0.00177081081081081 0.006999097077365179 0
0.001672432432432431 0.00699914723973378 0
0.001574054054054053 0.00699919740210238 0
0.001475675675675674 0.006999247564470982 0
0.001377297297297296 0.006999297726839583 0
0.001278918918918918 0.006999347889208184 0
0.001180540540540539 0.006999398051576786 0
0.001082162162162161 0.006999448213945387 0
0.000983783783783782 0.006999498376313988 0
0.0008854054054054036 0.006999548538682589 0
0.0007870270270270253 0.00699959870105119 0
0.0006886486486486469 0.006999648863419792 0
0.0005902702702702686 0.006999699025788393 0
0.0004918918918918897 0.006999749188156994 0
0.0003935135135135118 0.006999799350525596 0
0.0002951351351351343 0.006999849512894197 0
0.0001967567567567564 0.006999899675262797 0
9.837837837837845e-05 0.006999949837631399 0
1 406 0 69
554
555
556
557
558
559
560
561
562
563
564
565
566
567
568
569
570
571
572
573
574
575
576
577
578
579
580
581
582
583
584
585
586
587
588
589
590
591
592
593
594
595
596
597
598
599
600
601
602
603
604
605
606
607
608
609
610
611
612
613
614
615
616
617
618
619
620
621
622
0 0.006899511431384888 0
0 0.006797277209066197 0
0 0.006697317250109341 0
0 0.006597357291152485 0
0 0.006497397332195629 0
0 0.006397437373238774 0
0 0.006297477414281918 0
0 0.006197517455325062 0
0 0.006097557496368206 0
0 0.00599759753741135 0
0 0.005897637578454495 0
0 0.005797677619497639 0
0 0.005697717660540783 0
0 0.005597757701583927 0
0 0.005497797742627071 0
0 0.005397837783670215 0
0 0.00529787782471336 0
0 0.005197917865756504 0
0 0.005097957906799649 0
0 0.004997997947842793 0
0 0.004898037988885937 0
0 0.004798078029929081 0
0 0.004698118070972226 0
0 0.004598158112015369 0
0 0.004498198153058514 0
0 0.004398238194101657 0
0 0.004298278235144802 0
0 0.004198318276187945 0
0 0.00409835831723109 0
0 0.003998398358274234 0
0 0.003898438399317378 0
0 0.003798478440360522 0
0 0.003698518481403667 0
0 0.003598558522446811 0
0 0.003498598563489955 0
0 0.003398638604533098 0
0 0.003298678645576243 0
0 0.003198718686619387 0
0 0.003098758727662531 0
0 0.002998798768705675 0
0 0.00289883880974882 0
0 0.002798878850791963 0
0 0.002698918891835107 0
0 0.002598958932878252 0
0 0.002498998973921395 0
0 0.00239903901496454 0
0 0.002299079056007684 0
0 0.002199119097050829 0
0 0.002099159138093973 0
0 0.001999199179137117 0
0 0.001899239220180261 0
0 0.001799279261223406 0
0 0.001699319302266549 0
0 0.001599359343309693 0
0 0.001499399384352838 0
0 0.001399439425395981 0
0 0.001299479466439126 0
0 0.00119951950748227 0
0 0.001099559548525414 0
0 0.0009995995895685584 0
0 0.0008996396306117024 0
0 0.0007996796716548465 0
0 0.0006997197126979915 0
0 0.0005997597537411347 0
0 0.0004997997947842805 0
0 0.0003998398358274237 0
0 0.0002998798768705678 0
0 0.0001999199179137118 0
0 9.995995895685679e-05 0
2 1 0 3737
623
624
625
626
627
628
629
630
631
632
633
634
635
636
637
638
639
640
641
642
643
644
645
646
647
648
649
650
651
652
653
654
655
656
657
658
659
660
661
662
663
664
665
666
667
668
669
670
671
672
673
674
675
676
677
678
679
680
681
682
683
684
685
686
687
688
689
690
691
692
693
694
695
696
697
698
699
700
701
702
703
704
705
706
707
708
709
710
711
712
713
714
715
716
717
718
719
720
721
722
723
724
725
726
727
728
729
730
731
732
733
734
735
736
737
738
739
740
741
742
743
744
745
746
747
748
749
750
751
752
753
754
755
756
757
758
759
760
761
762
763
764
765
766
767
768
769
770
771
772
773
774
775
776
777
778
779
780
781
782
783
784
785
786
787
788
789
790
791
792
793
794
795
796
797
798
799
800
801
802
803
804
805
806
807
808
809
810
811
812
813
814
815
816
817
818
819
820
821
822
823
824
825
826
827
828
829
830
831
832
833
834
835
836
837
838
839
840
841
842
843
844
845
846
847
848
849
850
851
852
853
854
855
856
857
858
859
860
861
862
863
864
865
866
867
868
869
870
871
872
873
874
875
876
877
878
879
880
881
882
883
884
885
886
887
888
889
890
891
892
893
894
895
896
897
898
899
900
901
902
903
904
905
906
907
908
909
910
911
912
913
914
915
916
917
918
919
920
921
922
923
924
925
926
927
928
929
930
931
932
933
934
935
936
937
938
939
940
941
942
943
944
945
946
947
948
949
950
951
952
953
954
955
956
957
958
959
960
961
962
963
964
965
966
967
968
969
970
971
972
973
974
975
976
977
978
979
980
981
982
983
984
985
986
987
988
989
990
991
992
993
994
995
996
997
998
999
1000
1001
1002
1003
1004
1005
1006
1007
1008
1009
1010
1011
1012
1013
1014
1015
1016
1017
1018
1019
1020
1021
1022
1023
1024
1025
1026
1027
1028
1029
1030
1031
1032
1033
1034
1035
1036
1037
1038
1039
1040
1041
1042
1043
1044
1045
1046
1047
1048
1049
1050
1051
1052
1053
1054
1055
1056
1057
1058
1059
1060
1061
1062
1063
1064
1065
1066
1067
1068
1069
1070
1071
1072
1073
1074
1075
1076
1077
1078
1079
1080
1081
1082
1083
1084
1085
1086
1087
1088
1089
1090
1091
1092
1093
1094
1095
1096
1097
1098
1099
1100
1101
1102
1103
1104
1105
1106
1107
1108
1109
1110
1111
1112
1113
1114
1115
1116
1117
1118
1119
1120
1121
1122
1123
1124
1125
1126
1127
1128
1129
1130
1131
1132
1133
1134
1135
1136
1137
1138
1139
1140
1141
1142
1143
1144
1145
1146
1147
1148
1149
1150
1151
1152
1153
1154
1155
1156
1157
1158
1159
1160
1161
1162
1163
1164
1165
1166
1167
1168
1169
1170
1171
1172
1173
1174
1175
1176
1177
1178
1179
1180
1181
1182
1183
1184
1185
1186
1187
1188
1189
1190
1191
1192
1193
1194
1195
1196
1197
1198
1199
1200
1201
1202
1203
1204
1205
1206
1207
1208
1209
1210
1211
1212
1213
1214
1215
1216
1217
1218
1219
1220
1221
1222
1223
1224
1225
1226
1227
1228
1229
1230
1231
1232
1233
1234
1235
1236
1237
1238
1239
1240
1241
1242
1243
1244
1245
1246
1247
1248
1249
1250
1251
1252
1253
1254
1255
1256
1257
1258
1259
1260
1261
1262
1263
1264
1265
1266
1267
1268
1269
1270
1271
1272
1273
1274
1275
1276
1277
1278
1279
1280
1281
1282
1283
1284
1285
1286
1287
1288
1289
1290
1291
1292
1293
1294
1295
1296
1297
1298
1299
1300
1301
1302
1303
1304
1305
1306
1307
1308
1309
1310
1311
1312
1313
1314
1315
1316
1317
1318
1319
1320
1321
1322
1323
1324
1325
1326
1327
1328
1329
1330
1331
1332
1333
1334
1335
1336
1337
1338
1339
1340
1341
1342
1343
1344
1345
1346
1347
1348
1349
1350
1351
1352
1353
1354
1355
1356
1357
1358
1359
1360
1361
1362
1363
1364
1365
1366
1367
1368
1369
1370
1371
1372
1373
1374
1375
1376
1377
1378
1379
1380
1381
1382
1383
1384
1385
1386
1387
1388
1389
1390
1391
1392
1393
1394
1395
1396
1397
1398
1399
1400
1401
1402
1403
1404
1405
1406
1407
1408
1409
1410
1411
1412
1413
1414
1415
1416
1417
1418
1419
1420
1421
1422
1423
1424
1425
1426
1427
1428
1429
1430
1431
1432
1433
1434
1435
1436
1437
1438
1439
1440
1441
1442
1443
1444
1445
1446
1447
1448
1449
1450
1451
1452
1453
1454
1455
1456
1457
1458
1459
1460
1461
1462
1463
1464
1465
1466
1467
1468
1469
1470
1471
1472
1473
1474
1475
1476
1477
1478
1479
1480
1481
1482
1483
1484
1485
1486
1487
1488
1489
1490
1491
1492
1493
1494
1495
1496
1497
1498
1499
1500
1501
1502
1503
1504
1505
1506
1507
1508
1509
1510
1511
1512
1513
1514
1515
1516
1517
1518
1519
1520
1521
1522
1523
1524
1525
1526
1527
1528
1529
1530
1531
1532
1533
1534
1535
1536
1537
1538
1539
1540
1541
1542
1543
1544
1545
1546
1547
1548
1549
1550
1551
1552
1553
1554
1555
1556
1557
1558
1559
1560
1561
1562
1563
1564
1565
1566
1567
1568
1569
1570
1571
1572
1573
1574
1575
1576
1577
1578
1579
1580
1581
1582
1583
1584
1585
1586
1587
1588
1589
1590
1591
1592
1593
1594
1595
1596
1597
1598
1599
1600
1601
1602
1603
1604
1605
1606
1607
1608
1609
1610
1611
1612
1613
1614
1615
1616
1617
1618
1619
1620
1621
1622
1623
1624
1625
1626
1627
1628
1629
1630
1631
1632
1633
1634
1635
1636
1637
1638
1639
1640
1641
1642
1643
1644
1645
1646
1647
1648
1649
1650
1651
1652
1653
1654
1655
1656
1657
1658
1659
1660
1661
1662
1663
1664
1665
1666
1667
1668
1669
1670
1671
1672
1673
1674
1675
1676
1677
1678
1679
1680
1681
1682
1683
1684
1685
1686
1687
1688
1689
1690
1691
1692
1693
1694
1695
1696
1697
1698
1699
1700
1701
1702
1703
1704
1705
1706
1707
1708
1709
1710
1711
1712
1713
1714
1715
1716
1717
1718
1719
1720
1721
1722
1723
1724
1725
1726
1727
1728
1729
1730
1731
1732
1733
1734
1735
1736
1737
1738
1739
1740
1741
1742
1743
1744
1745
1746
1747
1748
1749
1750
1751
1752
1753
1754
1755
1756
1757
1758
1759
1760
1761
1762
1763
1764
1765
1766
1767
1768
1769
1770
1771
1772
1773
1774
1775
1776
1777
1778
1779
1780
1781
1782
1783
1784
1785
1786
1787
1788
1789
1790
1791
1792
1793
1794
1795
1796
1797
1798
1799
1800
1801
1802
1803
1804
1805
1806
1807
1808
1809
1810
1811
1812
1813
1814
1815
1816
1817
1818
1819
1820
1821
1822
1823
1824
1825
1826
1827
1828
1829
1830
1831
1832
1833
1834
1835
1836
1837
1838
1839
1840
1841
1842
1843
1844
1845
1846
1847
1848
1849
1850
1851
1852
1853
1854
1855
1856
1857
1858
1859
1860
1861
1862
1863
1864
1865
1866
1867
1868
1869
1870
1871
1872
1873
1874
1875
1876
1877
1878
1879
1880
1881
1882
1883
1884
1885
1886
1887
1888
1889
1890
1891
1892
1893
1894
1895
1896
1897
1898
1899
1900
1901
1902
1903
1904
1905
1906
1907
1908
1909
1910
1911
1912
1913
1914
1915
1916
1917
1918
1919
1920
1921
1922
1923
1924
1925
1926
1927
1928
1929
1930
1931
1932
1933
1934
1935
1936
1937
1938
1939
1940
1941
1942
1943
1944
1945
1946
1947
1948
1949
1950
1951
1952
1953
1954
1955
1956
1957
1958
1959
1960
1961
1962
1963
1964
1965
1966
1967
1968
1969
1970
1971
1972
1973
1974
1975
1976
1977
1978
1979
1980
1981
1982
1983
1984
1985
1986
1987
1988
1989
1990
1991
1992
1993
1994
1995
1996
1997
1998
1999
2000
2001
2002
2003
2004
2005
2006
2007
2008
2009
2010
2011
2012
2013
2014
2015
2016
2017
2018
2019
2020
2021
2022
2023
2024
2025
2026
2027
2028
2029
2030
2031
2032
2033
2034
2035
2036
2037
2038
2039
2040
2041
2042
2043
2044
2045
2046
2047
2048
2049
2050
2051
2052
2053
2054
2055
2056
2057
2058
2059
2060
2061
2062
2063
2064
2065
2066
2067
2068
2069
2070
2071
2072
2073
2074
2075
2076
2077
2078
2079
2080
2081
2082
2083
2084
2085
2086
2087
2088
2089
2090
2091
2092
2093
2094
2095
2096
2097
2098
2099
2100
2101
2102
2103
2104
2105
2106
2107
2108
2109
2110
2111
2112
2113
2114
2115
2116
2117
2118
2119
2120
2121
2122
2123
2124
2125
2126
2127
2128
2129
2130
2131
2132
2133
2134
2135
2136
2137
2138
2139
2140
2141
2142
2143
2144
2145
2146
2147
2148
2149
2150
2151
2152
2153
2154
2155
2156
2157
2158
2159
2160
2161
2162
2163
2164
2165
2166
2167
2168
2169
2170
2171
2172
2173
2174
2175
2176
2177
2178
2179
2180
2181
2182
2183
2184
2185
2186
2187
2188
2189
2190
2191
2192
2193
2194
2195
2196
2197
2198
2199
2200
2201
2202
2203
2204
2205
2206
2207
2208
2209
2210
2211
2212
2213
2214
2215
2216
2217
2218
2219
2220
2221
2222
2223
2224
2225
2226
2227
2228
2229
2230
2231
2232
2233
2234
2235
2236
2237
2238
2239
2240
2241
2242
2243
2244
2245
2246
2247
2248
2249
2250
2251
2252
2253
2254
2255
2256
2257
2258
2259
2260
2261
2262
2263
2264
2265
2266
2267
2268
2269
2270
2271
2272
2273
2274
2275
2276
2277
2278
2279
2280
2281
2282
2283
2284
2285
2286
2287
2288
2289
2290
2291
2292
2293
2294
2295
2296
2297
2298
2299
2300
2301
2302
2303
2304
2305
2306
2307
2308
2309
2310
2311
2312
2313
2314
2315
2316
2317
2318
2319
2320
2321
2322
2323
2324
2325
2326
2327
2328
2329
2330
2331
2332
2333
2334
2335
2336
2337
2338
2339
2340
2341
2342
2343
2344
2345
2346
2347
2348
2349
2350
2351
2352
2353
2354
2355
2356
2357
2358
2359
2360
2361
2362
2363
2364
2365
2366
2367
2368
2369
2370
2371
2372
2373
2374
2375
2376
2377
2378
2379
2380
2381
2382
2383
2384
2385
2386
2387
2388
2389
2390
2391
2392
2393
2394
2395
2396
2397
2398
2399
2400
2401
2402
2403
2404
2405
2406
2407
2408
2409
2410
2411
2412
2413
2414
2415
2416
2417
2418
2419
2420
2421
2422
2423
2424
2425
2426
2427
2428
2429
2430
2431
2432
2433
2434
2435
2436
2437
2438
2439
2440
2441
2442
2443
2444
2445
2446
2447
2448
2449
2450
2451
2452
2453
2454
2455
2456
2457
2458
2459
2460
2461
2462
2463
2464
2465
2466
2467
2468
2469
2470
2471
2472
2473
2474
2475
2476
2477
2478
2479
2480
2481
2482
2483
2484
2485
2486
2487
2488
2489
2490
2491
2492
2493
2494
2495
2496
2497
2498
2499
2500
2501
2502
2503
2504
2505
2506
2507
2508
2509
2510
2511
2512
2513
2514
2515
2516
2517
2518
2519
2520
2521
2522
2523
2524
2525
2526
2527
2528
2529
2530
2531
2532
2533
2534
2535
2536
2537
2538
2539
2540
2541
2542
2543
2544
2545
2546
2547
2548
2549
2550
2551
2552
2553
2554
2555
2556
2557
2558
2559
2560
2561
2562
2563
2564
2565
2566
2567
2568
2569
2570
2571
2572
2573
2574
2575
2576
2577
2578
2579
2580
2581
2582
2583
2584
2585
2586
2587
2588
2589
2590
2591
2592
2593
2594
2595
2596
2597
2598
2599
2600
2601
2602
2603
2604
2605
2606
2607
2608
2609
2610
2611
2612
2613
2614
2615
2616
2617
2618
2619
2620
2621
2622
2623
2624
2625
2626
2627
2628
2629
2630
2631
2632
2633
2634
2635
2636
2637
2638
2639
2640
2641
2642
2643
2644
2645
2646
2647
2648
2649
2650
2651
2652
2653
2654
2655
2656
2657
2658
2659
2660
2661
2662
2663
2664
2665
2666
2667
2668
2669
2670
2671
2672
2673
2674
2675
2676
2677
2678
2679
2680
2681
2682
2683
2684
2685
2686
2687
2688
2689
2690
2691
2692
2693
2694
2695
2696
2697
2698
2699
2700
2701
2702
2703
2704
2705
2706
2707
2708
2709
2710
2711
2712
2713
2714
2715
2716
2717
2718
2719
2720
2721
2722
2723
2724
2725
2726
2727
2728
2729
2730
2731
2732
2733
2734
2735
2736
2737
2738
2739
2740
2741
2742
2743
2744
2745
2746
2747
2748
2749
2750
2751
2752
2753
2754
2755
2756
2757
2758
2759
2760
2761
2762
2763
2764
2765
2766
2767
2768
2769
2770
2771
2772
2773
2774
2775
2776
2777
2778
2779
2780
2781
2782
2783
2784
2785
2786
2787
2788
2789
2790
2791
2792
2793
2794
2795
2796
2797
2798
2799
2800
2801
2802
2803
2804
2805
2806
2807
2808
2809
2810
2811
2812
2813
2814
2815
2816
2817
2818
2819
2820
2821
2822
2823
2824
2825
2826
2827
2828
2829
2830
2831
2832
2833
2834
2835
2836
2837
2838
2839
2840
2841
2842
2843
2844
2845
2846
2847
2848
2849
2850
2851
2852
2853
2854
2855
2856
2857
2858
2859
2860
2861
2862
2863
2864
2865
2866
2867
2868
2869
2870
2871
2872
2873
2874
2875
2876
2877
2878
2879
2880
2881
2882
2883
2884
2885
2886
2887
2888
2889
2890
2891
2892
2893
2894
2895
2896
2897
2898
2899
2900
2901
2902
2903
2904
2905
2906
2907
2908
2909
2910
2911
2912
2913
2914
2915
2916
2917
2918
2919
2920
2921
2922
2923
2924
2925
2926
2927
2928
2929
2930
2931
2932
2933
2934
2935
2936
2937
2938
2939
2940
2941
2942
2943
2944
2945
2946
2947
2948
2949
2950
2951
2952
2953
2954
2955
2956
2957
2958
2959
2960
2961
2962
2963
2964
2965
2966
2967
2968
2969
2970
2971
2972
2973
2974
2975
2976
2977
2978
2979
2980
2981
2982
2983
2984
2985
2986
2987
2988
2989
2990
2991
2992
2993
2994
2995
2996
2997
2998
2999
3000
3001
3002
3003
3004
3005
3006
3007
3008
3009
3010
3011
3012
3013
3014
3015
3016
3017
3018
3019
3020
3021
3022
3023
3024
3025
3026
3027
3028
3029
3030
3031
3032
3033
3034
3035
3036
3037
3038
3039
3040
3041
3042
3043
3044
3045
3046
3047
3048
3049
3050
3051
3052
3053
3054
3055
3056
3057
3058
3059
3060
3061
3062
3063
3064
3065
3066
3067
3068
3069
3070
3071
3072
3073
3074
3075
3076
3077
3078
3079
3080
3081
3082
3083
3084
3085
3086
3087
3088
3089
3090
3091
3092
3093
3094
3095
3096
3097
3098
3099
3100
3101
3102
3103
3104
3105
3106
3107
3108
3109
3110
3111
3112
3113
3114
3115
3116
3117
3118
3119
3120
3121
3122
3123
3124
3125
3126
3127
3128
3129
3130
3131
3132
3133
3134
3135
3136
3137
3138
3139
3140
3141
3142
3143
3144
3145
3146
3147
3148
3149
3150
3151
3152
3153
3154
3155
3156
3157
3158
3159
3160
3161
3162
3163
3164
3165
3166
3167
3168
3169
3170
3171
3172
3173
3174
3175
3176
3177
3178
3179
3180
3181
3182
3183
3184
3185
3186
3187
3188
3189
3190
3191
3192
3193
3194
3195
3196
3197
3198
3199
3200
3201
3202
3203
3204
3205
3206
3207
3208
3209
3210
3211
3212
3213
3214
3215
3216
3217
3218
3219
3220
3221
3222
3223
3224
3225
3226
3227
3228
3229
3230
3231
3232
3233
3234
3235
3236
3237
3238
3239
3240
3241
3242
3243
3244
3245
3246
3247
3248
3249
3250
3251
3252
3253
3254
3255
3256
3257
3258
3259
3260
3261
3262
3263
3264
3265
3266
3267
3268
3269
3270
3271
3272
3273
3274
3275
3276
3277
3278
3279
3280
3281
3282
3283
3284
3285
3286
3287
3288
3289
3290
3291
3292
3293
3294
3295
3296
3297
3298
3299
3300
3301
3302
3303
3304
3305
3306
3307
3308
3309
3310
3311
3312
3313
3314
3315
3316
3317
3318
3319
3320
3321
3322
3323
3324
3325
3326
3327
3328
3329
3330
3331
3332
3333
3334
3335
3336
3337
3338
3339
3340
3341
3342
3343
3344
3345
3346
3347
3348
3349
3350
3351
3352
3353
3354
3355
3356
3357
3358
3359
3360
3361
3362
3363
3364
3365
3366
3367
3368
3369
3370
3371
3372
3373
3374
3375
3376
3377
3378
3379
3380
3381
3382
3383
3384
3385
3386
3387
3388
3389
3390
3391
3392
3393
3394
3395
3396
3397
3398
3399
3400
3401
3402
3403
3404
3405
3406
3407
3408
3409
3410
3411
3412
3413
3414
3415
3416
3417
3418
3419
3420
3421
3422
3423
3424
3425
3426
3427
3428
3429
3430
3431
3432
3433
3434
3435
3436
3437
3438
3439
3440
3441
3442
3443
3444
3445
3446
3447
3448
3449
3450
3451
3452
3453
3454
3455
3456
3457
3458
3459
3460
3461
3462
3463
3464
3465
3466
3467
3468
3469
3470
3471
3472
3473
3474
3475
3476
3477
3478
3479
3480
3481
3482
3483
3484
3485
3486
3487
3488
3489
3490
3491
3492
3493
3494
3495
3496
3497
3498
3499
3500
3501
3502
3503
3504
3505
3506
3507
3508
3509
3510
3511
3512
3513
3514
3515
3516
3517
3518
3519
3520
3521
3522
3523
3524
3525
3526
3527
3528
3529
3530
3531
3532
3533
3534
3535
3536
3537
3538
3539
3540
3541
3542
3543
3544
3545
3546
3547
3548
3549
3550
3551
3552
3553
3554
3555
3556
3557
3558
3559
3560
3561
3562
3563
3564
3565
3566
3567
3568
3569
3570
3571
3572
3573
3574
3575
3576
3577
3578
3579
3580
3581
3582
3583
3584
3585
3586
3587
3588
3589
3590
3591
3592
3593
3594
3595
3596
3597
3598
3599
3600
3601
3602
3603
3604
3605
3606
3607
3608
3609
3610
3611
3612
3613
3614
3615
3616
3617
3618
3619
3620
3621
3622
3623
3624
3625
3626
3627
3628
3629
3630
3631
3632
3633
3634
3635
3636
3637
3638
3639
3640
3641
3642
3643
3644
3645
3646
3647
3648
3649
3650
3651
3652
3653
3654
3655
3656
3657
3658
3659
3660
3661
3662
3663
3664
3665
3666
3667
3668
3669
3670
3671
3672
3673
3674
3675
3676
3677
3678
3679
3680
3681
3682
3683
3684
3685
3686
3687
3688
3689
3690
3691
3692
3693
3694
3695
3696
3697
3698
3699
3700
3701
3702
3703
3704
3705
3706
3707
3708
3709
3710
3711
3712
3713
3714
3715
3716
3717
3718
3719
3720
3721
3722
3723
3724
3725
3726
3727
3728
3729
3730
3731
3732
3733
3734
3735
3736
3737
3738
3739
3740
3741
3742
3743
3744
3745
3746
3747
3748
3749
3750
3751
3752
3753
3754
3755
3756
3757
3758
3759
3760
3761
3762
3763
3764
3765
3766
3767
3768
3769
3770
3771
3772
3773
3774
3775
3776
3777
3778
3779
3780
3781
3782
3783
3784
3785
3786
3787
3788
3789
3790
3791
3792
3793
3794
3795
3796
3797
3798
3799
3800
3801
3802
3803
3804
3805
3806
3807
3808
3809
3810
3811
3812
3813
3814
3815
3816
3817
3818
3819
3820
3821
3822
3823
3824
3825
3826
3827
3828
3829
3830
3831
3832
3833
3834
3835
3836
3837
3838
3839
3840
3841
3842
3843
3844
3845
3846
3847
3848
3849
3850
3851
3852
3853
3854
3855
3856
3857
3858
3859
3860
3861
3862
3863
3864
3865
3866
3867
3868
3869
3870
3871
3872
3873
3874
3875
3876
3877
3878
3879
3880
3881
3882
3883
3884
3885
3886
3887
3888
3889
3890
3891
3892
3893
3894
3895
3896
3897
3898
3899
3900
3901
3902
3903
3904
3905
3906
3907
3908
3909
3910
3911
3912
3913
3914
3915
3916
3917
3918
3919
3920
3921
3922
3923
3924
3925
3926
3927
3928
3929
3930
3931
3932
3933
3934
3935
3936
3937
3938
3939
3940
3941
3942
3943
3944
3945
3946
3947
3948
3949
3950
3951
3952
3953
3954
3955
3956
3957
3958
3959
3960
3961
3962
3963
3964
3965
3966
3967
3968
3969
3970
3971
3972
3973
3974
3975
3976
3977
3978
3979
3980
3981
3982
3983
3984
3985
3986
3987
3988
3989
3990
3991
3992
3993
3994
3995
3996
3997
3998
3999
4000
4001
4002
4003
4004
4005
4006
4007
4008
4009
4010
4011
4012
4013
4014
4015
4016
4017
4018
4019
4020
4021
4022
4023
4024
4025
4026
4027
4028
4029
4030
4031
4032
4033
4034
4035
4036
4037
4038
4039
4040
4041
4042
4043
4044
4045
4046
4047
4048
4049
4050
4051
4052
4053
4054
4055
4056
4057
4058
4059
4060
4061
4062
4063
4064
4065
4066
4067
4068
4069
4070
4071
4072
4073
4074
4075
4076
4077
4078
4079
4080
4081
4082
4083
4084
4085
4086
4087
4088
4089
4090
4091
4092
4093
4094
4095
4096
4097
4098
4099
4100
4101
4102
4103
4104
4105
4106
4107
4108
4109
4110
4111
4112
4113
4114
4115
4116
4117
4118
4119
4120
4121
4122
4123
4124
4125
4126
4127
4128
4129
4130
4131
4132
4133
4134
4135
4136
4137
4138
4139
4140
4141
4142
4143
4144
4145
4146
4147
4148
4149
4150
4151
4152
4153
4154
4155
4156
4157
4158
4159
4160
4161
4162
4163
4164
4165
4166
4167
4168
4169
4170
4171
4172
4173
4174
4175
4176
4177
4178
4179
4180
4181
4182
4183
4184
4185
4186
4187
4188
4189
4190
4191
4192
4193
4194
4195
4196
4197
4198
4199
4200
4201
4202
4203
4204
4205
4206
4207
4208
4209
4210
4211
4212
4213
4214
4215
4216
4217
4218
4219
4220
4221
4222
4223
4224
4225
4226
4227
4228
4229
4230
4231
4232
4233
4234
4235
4236
4237
4238
4239
4240
4241
4242
4243
4244
4245
4246
4247
4248
4249
4250
4251
4252
4253
4254
4255
4256
4257
4258
4259
4260
4261
4262
4263
4264
4265
4266
4267
4268
4269
4270
4271
4272
4273
4274
4275
4276
4277
4278
4279
4280
4281
4282
4283
4284
4285
4286
4287
4288
4289
4290
4291
4292
4293
4294
4295
4296
4297
4298
4299
4300
4301
4302
4303
4304
4305
4306
4307
4308
4309
4310
4311
4312
4313
4314
4315
4316
4317
4318
4319
4320
4321
4322
4323
4324
4325
4326
4327
4328
4329
4330
4331
4332
4333
4334
4335
4336
4337
4338
4339
4340
4341
4342
4343
4344
4345
4346
4347
4348
4349
4350
4351
4352
4353
4354
4355
4356
4357
4358
4359
0.01345726321775154 0.005042004757586037 0
0.003542831601623278 0.001962722855484055 0
0.0102277173952349 0.001954955041366564 0
0.006778331464020291 0.005036898454142537 0
0.003876998021695355 0.001932672897689742 0
0.01313511916285065 0.005060375311674038 0
0.007116446411350265 0.005072898712218899 0
0.009870034932738397 0.001934074855608069 0
0.01379873755732998 0.00510930441016437 0
0.003192761343614117 0.001889058279488855 0
0.006447205809039808 0.005101890960219027 0
0.01056138961442915 0.001885497933794694 0
0.007457496119071807 0.005180202514242975 0
0.004801263466039572 0.006312245543054063 0
0.01220714685378238 0.0006803124635704405 0
0.004212329443489767 0.00186359356504087 0
0.01277653944085066 0.005154988875924213 0
0.008364215799617342 0.0009253672011058102 0
0.008644559393147825 0.006064052670013251 0
0.002607173367366915 0.00692742307459889 0
0.0143927397255795 8.475043627164964e-05 0
9.032428266345614e-05 0.004345912953567242 0
0.01691074554419722 0.002651990877648212 0
0.00533417949253423 0.001050922412070377 0
0.01165153213678028 0.005968744791439336 0
0.005245385972786923 0.00592179088613895 0
0.01176492008611704 0.001090533496340644 0
0.009536363295642126 0.001808067406694009 0
0.008815009195449419 0.00132581818515231 0
0.00819000047681347 0.005675933364925006 0
0.01089042723798001 0.001739446698190585 0
0.006102320182681786 0.005255449710141054 0
0.009202247536833774 0.001625813296204415 0
0.007792485007841036 0.005379699624761076 0
0.004936620383978045 0.001380344428028269 0
0.01205909737618435 0.005623166879233006 0
0.004556678823643132 0.001661460854624223 0
0.01244798231376445 0.005323671609391647 0
0.005626535182434735 0.005569678752215231 0
0.01136455453054556 0.001428212480304227 0
0.002862902998808436 0.001713808609645678 0
0.01413574830301969 0.00530156305872951 0
0.009159062913551057 0.006482267631038831 0
0.007838386959326409 0.0005234447770418585 0
8.631964261505455e-05 0.00374141993614258 0
0.01691284614359735 0.00325022917957651 0
0.01380230218384425 8.636258647737229e-05 0
0.003195788195130096 0.006920173701806262 0
0.01120366374482124 0.006329345317103804 0
0.005787647682551947 0.00066653959194732 0
0.01690785585885193 0.002051670008853974 0
8.656786381788621e-05 0.004948017968364365 0
0.002008916154538011 0.006905511915788433 0
0.01498328668512877 8.622650341511776e-05 0
0.009837098530402145 0.006801969540854933 0
0.006667983854833862 0.0002013476706478456 0
0.002526585651930507 0.00148047893798723 0
0.01447819306863199 0.005524116326176963 0
0.01692240546611726 0.003853266336680502 0
8.359581876287055e-05 0.003146776916607819 0
0.004286851675866644 0.006708926079502058 0
0.01272379748714176 0.0002911682111414893 0
0.01076926707758196 0.006631192575797687 0
0.01690410906427674 0.004456866879367209 0
8.367385336974405e-05 0.002548801396770206 0
8.653270894544082e-05 0.005447699310755293 0
0.01691608239208828 0.001552182236851343 0
0.002189994201498188 0.001206823529889788 0
0.01480486132724694 0.005792955867870498 0
0.01546922254432011 7.752905114884884e-05 0
0.001517941482380736 0.006920280658834028 0
0.007408984265124898 0.0002576924330141392 0
0.006167819042344702 0.0003932427108996818 0
8.165516135700233e-05 0.002060503855473078 0
0.01691831120877044 0.004950820841384452 0
0.003728689582650226 0.006921618683316569 0
0.01327077981940848 6.797801044830434e-05 0
0.001865795996839708 0.0009168876647357772 0
0.01512715481890618 0.006087598705294068 0
0.001547965106483866 0.0006433542371323603 0
0.01544382912936689 0.006370945725543562 0
8.72557567928884e-05 0.005955405253330255 0
0.01691116396788528 0.001054276775664659 0
0.01691479133415376 0.005460094881462126 0
7.985876772915318e-05 0.001542641056774406 0
0.01032636584850592 0.006811367004982046 0
0.01595929007193374 8.609536286968093e-05 0
0.001027978931152227 0.006919101244067927 0
0.001240457428567699 0.0003628630828299436 0
0.01575827549336116 0.006621117145999354 0
0.009465507622584055 0.006669779961622557 0
9.673855714079777e-05 0.00115827042510093 0
0.01690671826615604 0.005847873159064234 0
0.01607502226359334 0.00681298277576271 0
0.0009249777364066574 0.0001870172242372905 0
0.007031493958557704 0.000169938260393973 0
0.008103140857331112 0.0007217979815301902 0
0.008901953763278632 0.006283375968531644 0
0.01246890802966494 0.0004792483823110477 0
0.004543519282697548 0.006543562638802037 0
0.0006156881588364853 7.896374100434256e-05 0
0.01639592424341257 0.006914300399318533 0
0.01692340446713159 0.0006553136748248985 0
8.284287937480525e-05 0.006350906968201502 0
8.656786381788621e-05 0.0007496996921764216 0
0.01691780548510816 0.00625030030782356 0
0.01110052019590561 0.001626898112618715 0
0.005907696587819282 0.005375722801764954 0
0.004038161322512055 0.006841419182987606 0
0.01296520032188656 0.0001691403916678474 0
0.006419544423125896 0.0002640988121804331 0
0.01225019680106379 0.005475096008557946 0
0.004752066335192704 0.001528677562753709 0
0.01636566497840536 7.805185674865812e-05 0
0.0006266045519341037 0.006926722081878998 0
0.009000364025386952 0.001483443038133965 0
0.007989681221190705 0.005516462792843237 0
8.656786381788621e-05 0.00344861858401153 0
8.725114570509555e-05 0.002843812231546032 0
8.167677197922808e-05 0.004052125626247787 0
7.91407264286656e-05 0.004653478927802122 0
0.01691343213618211 0.00355138141598847 0
0.01691052019376495 0.004147648982358753 0
0.01691850818329634 0.002954452281861265 0
0.01691343213618211 0.002351861908506199 0
0.01156787893604895 0.001260210510332992 0
0.005430557728179949 0.005745939596073956 0
0.002913195376327165 0.006914705696489656 0
0.002309262598215192 0.00692374450033959 0
0.01410054318891141 8.537488039002221e-05 0
0.01468815154999363 8.637699052092178e-05 0
0.008631552932922537 0.001161219428116966 0
0.008386424670667575 0.005840992408458185 0
0.005134017233679616 0.001221264407238515 0
0.01185406557434732 0.005785271908525507 0
0.01195306613064187 0.0009097115912118851 0
0.005045300664719707 0.006088522345166461 0
0.01006486843654318 0.006846394221722853 0
0.005538561478690147 0.0008757233532385262 0
0.01146618417802422 0.006120486844496842 0
0.01101459432476474 0.006470841722768675 0
0.003492843923023269 0.006914250626474629 0
0.01350760819387228 8.145702516659152e-05 0
0.005979906666136344 0.0005325223343550546 0
0.007665263696252491 0.0004035575484986021 0
9.484719843306545e-05 0.0004478452000258606 0
0.016917508092476 0.006550180184694137 0
0.01058880455575416 0.006747489894536831 0
0.009661603072467086 0.006759324991199939 0
0.007219359320314773 0.00019321495822378 0
0.01691020024079094 0.0003550869922029892 0
8.910441608912974e-05 0.006646723204830989 0
0.006859389384397827 0.0001602276392576839 0
0.0004326131251610795 6.924680319653209e-05 0
0.01657159049700846 0.006941653250887425 0
0.0003413278743286726 0.006911561313416819 0
0.01665778753297273 8.51707666266791e-05 0
0.006573862457720995 0.005054097641497605 0
0.01042329926867455 0.001945569524730881 0
0.01360016920171515 0.005079578376406533 0
0.003397102974361084 0.001941642684717979 0
0.01333283335179604 0.005032600345014415 0
0.003666037566874798 0.001967759308526607 0
0.006306402172059059 0.005146832530771674 0
0.01069838217526953 0.00184584019301004 0
0.003064243434057167 0.001824472351767967 0
0.01393730322008017 0.005183434658538176 0
0.01001585993903025 0.001944795987379849 0
0.006987004124960239 0.005036898130618112 0
0.01298798221203478 0.005082777563320756 0
0.004014044460776974 0.001915611563152246 0
0.009748042783871936 0.001905999415194714 0
0.007268664530874199 0.005103846467173978 0
0.002720211366191022 0.001642299957531871 0
0.01427616397870932 0.005374247314033642 0
0.01265173656127281 0.005233618676323416 0
0.004345320546124654 0.001770553635652338 0
0.007591719572007853 0.005258890372923665 0
0.009411094929556777 0.001749904447845937 0
9.400808773342775e-05 0.00134877280130529 0
9.491453953995067e-05 0.006142948684396226 0
8.562147769178817e-05 0.0009496196100901443 0
0.01690262264566196 0.0008450490764958878 0
8.094948960887111e-05 0.005247897845234943 0
8.648616504287714e-05 0.00184737086716808 0
0.0001010456160416267 0.00233915716591825 0
8.915552271119946e-05 0.005736411449246305 0
0.01691343213618211 0.00465094096451388 0
0.01691028425272423 0.005659974989418396 0
0.01691709582167043 0.001252302359980774 0
0.01691173012861644 0.006041540484805439 0
0.01691910691088823 0.005152623735335892 0
0.01691004448917377 0.001752713441557432 0
0.00577044081022016 0.005463858182679672 0
0.01122978661005087 0.001537511871311472 0
0.01615977779352986 8.220026239006122e-05 0
0.01576507061601009 8.127271446986334e-05 0
0.001710502797784626 0.006916475749399967 0
0.01518765848864266 8.954313839070133e-05 0
0.001341966318562799 0.006903434727089198 0
0.00083464270987857 0.006920603694409577 0
0.01461464521478231 0.005605551523126161 0
0.002394194201458063 0.001382974197568677 0
0.01493471277674094 0.005919845954706801 0
0.002059096137145021 0.001083971924742158 0
0.01675 0.006913397459621557 0
0.0002491395488347474 8.053740026284315e-05 0
0.008483586279636286 0.001046521769013066 0
0.008508720290150035 0.005964678000032341 0
0.01525862877790465 0.006198523126324044 0
0.001741999655595565 0.0007998748974371197 0
0.004915582496575808 0.006201125566810881 0
0.01206269235191498 0.0007975814135611262 0
0.008773861052809938 0.006176658548166667 0
0.008210341624592036 0.0008272714070433852 0
0.01133144456044528 0.006243831236775205 0
0.005666625678611131 0.0007672335893332966 0
0.01557460280216446 0.006481860303397208 0
0.001423319002410003 0.00052598272203424 0
0.004664760783602531 0.006426385464671853 0
0.01233848841249732 0.000565558510090226 0
0.007971913881005526 0.000620347317497807 0
0.009031542832722231 0.006385686374544318 0
0.009281002580594968 0.006557394665705884 0
0.001109127645706345 0.0003013534321391286 0
0.01589732343523159 0.006713272094184397 0
0.01258465143207554 0.0003772200926278834 0
0.004410297263400831 0.006614972703934229 0
0.0108794131880318 0.006557536347616813 0
0.00629152427669691 0.0003311119376111084 0
0.007531116659566234 0.0003294439184337002 0
0.01283989409340354 0.0002364495154252915 0
0.004161451520393031 0.006773675177797027 0
0.01620039749563318 0.006862233736539802 0
0.0008024453831716617 0.0001258450949488412 0
0.003909322223657487 0.006875077159524285 0
0.01308122364954902 0.00011075099749514 0
0.00653475411217988 0.0002386461377466694 0
0.01045862295039903 0.00678610165578867 0
0.0102078796496192 0.006830935871387014 0
0.01013780541345862 0.006768746742467111 0
0.009978682319843012 0.006835384328144127 0
0.01691343213618211 0.006750100102607848 0
7.986726555436231e-05 0.0002634936520177706 0
0.01691105403703311 0.0001568113169868493 0
7.83394366542043e-05 0.006853002381212135 0
0.01025188326887555 0.006755740399335094 0
0.01018389522088056 0.006668179711228415 0
0.01028529165422323 0.006651738529110568 0
0.01021983873767253 0.006565110285682717 0
0.01033021999675184 0.006549442065783848 0
0.01026023434248603 0.006451107118607921 0
0.01013503875885432 0.00647223120087373 0
0.01017808554362011 0.006344573400034897 0
0.01032021312939497 0.006321056290993915 0
0.01022674888596998 0.006196647661039338 0
0.01038884837531136 0.006176583668021478 0
0.01028616945571867 0.006031490766405242 0
0.01011222622399802 0.00605921982108636 0
0.01016704723562545 0.005868978667004122 0
0.01037481966191143 0.005840173545332139 0
0.01023954915134561 0.005661698012529953 0
0.01048200391678782 0.005623652252968951 0
0.01031003318186656 0.005437033166503716 0
0.01058753017837246 0.00538474843449511 0
0.01041534751012404 0.005165808101266164 0
0.01070289310249915 0.005114527880180358 0
0.01051333734762318 0.0048791632889073 0
0.01017913605168947 0.004958772665765523 0
0.01082395403652856 0.004829761642457049 0
0.01062138746473411 0.004575521929157687 0
0.01093577166056813 0.004534010463217627 0
0.01073782053953955 0.004256175730194919 0
0.01109317895882867 0.004196923121732202 0
0.009986151691423042 0.005723132024649286 0
0.01086154367020748 0.003902956128830659 0
0.01124120590294439 0.003841783171660436 0
0.0104876242160117 0.003958532286800063 0
0.01142097073005518 0.004110259725648368 0
0.01162768906790408 0.003839194871787884 0
0.01138530948138852 0.003495160542100876 0
0.01174995492726238 0.003456169613992388 0
0.01199319102619051 0.003751325162404063 0
0.01209668297581352 0.003397002840643402 0
0.01233613954207707 0.00370273601913963 0
0.0124567488028301 0.003357747325851525 0
0.01269592107816953 0.003660566797612142 0
0.01284235569068097 0.003334030380369115 0
0.01260081655811812 0.003016475447303833 0
0.01298873180929173 0.002986426046030363 0
0.01321705167358358 0.003304567106839036 0
0.01337219489210192 0.002955896037001885 0
0.01358376958007262 0.003274838547152488 0
0.01375858964732766 0.002933165250955462 0
0.01396559752496709 0.003291303008392323 0
0.01414806920939262 0.002912942520639059 0
0.01436591034738062 0.003215414939039 0
0.0145455186732829 0.002877235135626409 0
0.01354423240115503 0.002602570459418234 0
0.0147629581871966 0.003208026489727277 0
0.01494293589241234 0.002853568799550087 0
0.01472465962883224 0.002521990052296732 0
0.01511628714892478 0.002501863516243459 0
0.01490469746023708 0.002174924516838652 0
0.01453394644849038 0.003553382314973859 0
0.01496278954071622 0.003534324510035499 0
0.01532507724243184 0.002174015845080558 0
0.01508038917845384 0.001838434676520787 0
0.01480124305230111 0.0038797582304741 0
0.01516799812541508 0.003846467478785801 0
0.0149755030267947 0.004183145700832353 0
0.01535218765292711 0.004146007466575509 0
0.01520558103667449 0.004432185118012023 0
0.01552516950431068 0.004417648024910403 0
0.01539031211726201 0.004680826449243981 0
0.0154722422036159 0.001820320656851488 0
0.01531063393687107 0.002817374552427867 0
0.01444433949912716 0.003899424317006262 0
0.01062320241436892 0.003626584538122377 0
0.01025517992932846 0.00366903881358727 0
0.01151757747692383 0.003159785466237312 0
0.01569077716968684 0.004667512541382942 0
0.01556002933447054 0.004921393029767046 0
0.01554041450152496 0.003833905361747681 0
0.01521593323429236 0.001492558434932529 0
0.01487031763404959 0.001564840317402688 0
0.01556225390844711 0.001493529376089321 0
0.01342297882980288 0.003625947631657493 0
0.01110900819346517 0.004801188886856128 0
0.01563658473872576 0.002096773484086969 0
0.010409005898799 0.003344926382555467 0
0.01003323186935767 0.003398664014776717 0
0.009905757784673164 0.003720134067199379 0
0.009685773079837607 0.003442462532369861 0
0.009551066696621303 0.003776205165264095 0
0.009339736599502366 0.003486470647800846 0
0.009189487200358934 0.003829285923761997 0
0.008967476689770692 0.003461552518212619 0
0.00881609601127134 0.003875400150723524 0
0.008532914762216477 0.003609977772344651 0
0.008680732683908461 0.003202157320294474 0
0.008337307691743479 0.003270533001861703 0
0.008143432022017691 0.00358013546760879 0
0.007967692129480952 0.003287996919096869 0
0.008135785477933087 0.002988552353831213 0
0.007755300325479586 0.003023025333818 0
0.007596299870056198 0.003326693801888152 0
0.007374347278292737 0.003039090183076338 0
0.007528110475297079 0.002736475560641291 0
0.007136299648266001 0.002731596034206831 0
0.006980387418374093 0.003082991187450013 0
0.006737269819263259 0.002770591140474284 0
0.006577562118562152 0.003196853796710437 0
0.006913709472331591 0.002427921828189167 0
0.006339546974409752 0.002827048222956429 0
0.006179456819583217 0.003182885045122609 0
0.005925126370822055 0.00281441014740742 0
0.00579179289051595 0.003213944430379267 0
0.00553795010565681 0.002915975731379261 0
0.005406899849572821 0.003259270031773226 0
0.005627291759654819 0.003567648690263992 0
0.00523372131744133 0.003649696338001174 0
0.00503096990924135 0.003310776284063076 0
0.00488341486380102 0.0036318593137876 0
0.004627433623745377 0.003321954976666792 0
0.004512858445159247 0.003670347344622916 0
0.004281940248650749 0.003409399215072819 0
0.004178806056023377 0.003719491735217203 0
0.003965730420706508 0.003448691473347642 0
0.003828048908608194 0.003756243976717065 0
0.003617287199524659 0.00345011628578187 0
0.003477323000005408 0.003806236172915693 0
0.00326408713903817 0.003533072795661339 0
0.003117132554180732 0.003869792939231397 0
0.002917929315881315 0.003596432956246487 0
0.00274553360310058 0.003921427948002681 0
0.00338029946407965 0.004142981137170616 0
0.002542280986750196 0.003575042767465403 0
0.002363028239845532 0.003969588412817259 0
0.004352018928605652 0.004023466073443613 0
0.0021329281569836 0.00365493840637742 0
0.001919224323337514 0.004015040916889487 0
0.002196661644635991 0.004337385284067174 0
0.001809372813426347 0.00439787423843861 0
0.002047548688323294 0.004696152668842277 0
0.002268707126700074 0.003295743484058908 0
0.001905146460558007 0.003351139557008223 0
0.002074659396078945 0.002979373085382464 0
0.001693760387609325 0.003053651524959264 0
0.001826658857324189 0.002736121899539637 0
0.001639564224437819 0.004747164802390783 0
0.001898821759166706 0.005042072174715416 0
0.006154182518797637 0.002504501510775447 0
0.001544508247965511 0.00510079514790978 0
0.001757507501543795 0.00536309982557617 0
0.0021268657074788 0.005371896188649268 0
0.001394963797571346 0.005405829931591764 0
0.001505188983519202 0.002782274851555174 0
0.001666929221247389 0.002445444078255247 0
0.001550601430793178 0.003370231472755737 0
0.005501165266167852 0.003911198971730327 0
0.005869889511149657 0.003871090919361362 0
0.006851325391080129 0.003437889425512705 0
0.001290448559248412 0.002502522004534806 0
0.001448097212275568 0.00223192912278114 0
0.002410611253663604 0.002987365588569323 0
0.001475920977124132 0.004435180338948803 0
0.00948161491153561 0.003164716377222018 0
0.004825545949604775 0.002982526243484436 0
0.01583486450787346 0.004904155570148425 0
0.01571184627037282 0.005141088509421268 0
0.001204862063156635 0.002777599729242735 0
0.001612874031438939 0.005653734110528269 0
0.001324191972404826 0.005700758135153527 0
0.01221648858587996 0.003977151138701687 0
0.003359349219879518 0.003203408785120028 0
0.01581957041222178 0.004420370359962414 0
0.005708027067495366 0.004146970336127517 0
0.005977516476872165 0.004137388747229508 0
0.001160303689767469 0.002267915153162675 0
0.001280802930930328 0.002026213788835165 0
0.004093207746110461 0.003134401126173044 0
0.01015224729149234 0.003109233870776541 0
0.01042966137490099 0.003038498662493223 0
0.01539883698386161 0.001232030100945154 0
0.01569013199262993 0.001233715758965711 0
0.01585115334000557 0.001458055884396834 0
0.01599010420378069 0.001221304215286062 0
0.01491304643977657 0.004479168841254954 0
0.00125152193480263 0.005132143598602344 0
0.01596834768205773 0.005127359529969685 0
0.01582552918914639 0.005376777931660782 0
0.001943767078338206 0.002445138855476528 0
0.01086443885022748 0.00535072817337879 0
0.001546116008776003 0.001977708420603093 0
0.001391193634434262 0.001779896804817869 0
0.001133698188245994 0.001813241793964067 0
0.0012186966711492 0.001582244733929726 0
0.0009637691228308607 0.001614998787664709 0
0.001110368513963236 0.001368201101842398 0
0.01583564826856501 0.001005069523393328 0
0.01606263936882192 0.0009882613743831931 0
0.01525834389243643 0.004930806615359892 0
0.005859177893959467 0.004356781916507644 0
0.005614259296906255 0.004393191074212321 0
0.006108328946974905 0.004311991787383155 0
0.001488889185206881 0.005955366386479137 0
0.001763302104289417 0.00589478093591586 0
0.001223989557644476 0.005949429954614013 0
0.001065722415136092 0.00575133971720662 0
0.0009745172877050658 0.00597906576359727 0
0.01609770822011609 0.004881176840911815 0
0.0009096595168321345 0.001845015469753546 0
0.01025197463546211 0.002856446446951958 0
0.01047858304046947 0.002798617819560255 0
0.01611557055582766 0.00532714857267321 0
0.01598935528605363 0.005553883351848156 0
0.0008661969390053557 0.001402407945653353 0
0.0009619982649766677 0.001204109807352155 0
0.009040825608437726 0.00417158638336511 0
0.008643314994294552 0.004251869852346046 0
0.008885761161936845 0.004482537959752243 0
0.00859535109744085 0.004552264242068804 0
0.008770717351361451 0.004756852126623757 0
0.008520174555946367 0.004781987807226304 0
0.008351634714130935 0.004617884590030408 0
0.008648579167396487 0.004993320650094176 0
0.008902997178108068 0.004957931170989171 0
0.008784283096312732 0.005196664746497755 0
0.009029514805638727 0.005156465825950404 0
0.008939709843595432 0.00536071345932677 0
0.01061932151395211 0.005829665552473333 0
0.01558786149207318 0.005339617347107384 0
0.01610652784287656 0.00145020022199652 0
0.005782963395912494 0.004582171861876524 0
0.005542614982246044 0.004610261977226841 0
0.01275745988008031 0.002675447534674942 0
0.00111600853269038 0.006156790320151474 0
0.0009104336551635757 0.006191619351631547 0
0.001639691595313054 0.001748985732800797 0
0.001656272062254358 0.006126580201742822 0
0.001885739602800598 0.006099796645261148 0
0.0008289281982741545 0.005789816691433159 0
0.01621354237040477 0.005538888100740333 0
0.01610828956047257 0.00573533712009878 0
0.01590066538184626 0.005753804669896785 0
0.01601562066553774 0.005927382854029027 0
0.01621900296931999 0.00591049962189834 0
0.01613581101108883 0.006087373824879585 0
0.008268833887373914 0.004825595085938552 0
0.008129770813141224 0.004664445047922104 0
0.0007462288302839864 0.00123734477585609 0
0.0008095264872351061 0.00104601951277895 0
0.01592618243398985 0.0008004696597922207 0
0.01572798667937091 0.0008064709238068644 0
0.01614418236178773 0.0007946752093275357 0
0.001330268299930294 0.001366387764692907 0
0.01632492989517199 0.006077015967063598 0
0.0162387205411168 0.006242886313994182 0
0.0103273994962629 0.002613237462659856 0
0.0101202923766161 0.002673937320089618 0
0.01053757761094424 0.002590062727457659 0
0.01626712995178026 0.0009574978103423161 0
0.005669530738671408 0.004801525116811813 0
0.005460902303417134 0.00481725501284316 0
0.005328919598897028 0.004654831649661196 0
0.005263758083635913 0.004851788749339819 0
0.005859350178601567 0.004765056922812201 0
0.01635153907130964 0.000780972819823277 0
0.01632292234148477 0.005365484324614525 0
0.009139587540042489 0.005343592523447334 0
0.009044440209256056 0.005527541478510181 0
0.001041302222934139 0.001021239194539445 0
0.0009331072704976484 0.0008461159537343048 0
0.0007308135981042522 0.0008720813343806302 0
0.005390031251953435 0.005002789754677226 0
0.005206381844383006 0.005040080327510952 0
0.005061615295174994 0.004894420956185122 0
0.005018672405008856 0.005121257264186232 0
0.004854264265078763 0.004951466623847574 0
0.004800790555963615 0.005161682600974774 0
0.004630076676363298 0.005000817477074329 0
0.004583277976810572 0.005256026798982513 0
0.004387659096332008 0.005059784399504228 0
0.004332340356489082 0.005306248118975532 0
0.004476059554920126 0.005474353979079722 0
0.004270412913620995 0.00554451217512076 0
0.004088753114844936 0.005375216516854806 0
0.004040891345944824 0.005623362665053422 0
0.00384653734245577 0.005460519816927243 0
0.003792938077138746 0.005721215794923865 0
0.00359291445243683 0.005558581514065213 0
0.003545241875816237 0.005813835162843044 0
0.00373920774145818 0.005982559188864994 0
0.00350257126440807 0.006057837489434357 0
0.003313575741188024 0.005909834649165671 0
0.003294615935746153 0.006128137005820477 0
0.00310066983471135 0.006007564037041635 0
0.003113840465843003 0.005775088194481191 0
0.002892514861133019 0.005879075614201059 0
0.002878875912751614 0.006155653111536244 0
0.004233536477655968 0.005759282895797309 0
0.003665192152589866 0.006216010220138591 0
0.004933446881017838 0.005292505991550348 0
0.003880323622165479 0.005201628460323623 0
0.004913246352021642 0.004730274488522942 0
0.008583198796093025 0.005188606766823527 0
0.008056552365185302 0.004845472081950131 0
0.007935845030849762 0.004709576466415379 0
0.0006613473410581137 0.001409630673482148 0
0.001804462657229698 0.006318106430064965 0
0.00200786261016331 0.006280390124238501 0
0.002095199570913475 0.006098127712872238 0
0.002194595323315289 0.006271008584873664 0
0.000812056723521074 0.0007193018219030013 0
0.0006330943974283288 0.0007359909874439605 0
0.007986861305066947 0.004514926293617692 0
0.007778522778492028 0.004588957882383241 0
0.01068090055500699 0.00273323191548445 0
0.01071994458613202 0.002538400179415991 0
0.009176324217065646 0.004950699521720235 0
0.01582582462640963 0.00596149842008462 0
0.01624740386435073 0.000627459803805101 0
0.01641309725638142 0.0006193415030187163 0
0.007842125292038005 0.004366170546235167 0
0.007643939408202065 0.004427780992976133 0
0.007586364239520723 0.00460085920324586 0
0.007451844547224546 0.004478484015727903 0
0.007498045383501586 0.004284018630780246 0
0.007308411830785992 0.004354918613458162 0
0.007272238592046709 0.004539159841881855 0
0.007132836568221669 0.004424743602880088 0
0.01641421174551032 0.006228724042857392 0
0.01633828180727234 0.006382975310589906 0
0.01017666866861381 0.002489639534076499 0
0.01001008814609116 0.002522506333814799 0
0.001025900871586573 0.006346548570200968 0
0.000839523921290667 0.006372767407685579 0
0.000719131871894727 0.00622762734830232 0
0.0006735630432398772 0.006419142491885734 0
0.008864165143999 0.005542088230282551 0
0.008959376171227799 0.005709244766671935 0
0.009137830511634226 0.00568878133130556 0
0.005338421232574379 0.005170624961540454 0
0.01580156875355388 0.0006365944959753349 0
0.01562718474822079 0.0006411756643607304 0
0.01642529495116499 0.005913753091184375 0
0.009061630430373517 0.005831011693197565 0
0.009212887351484086 0.005858423727630249 0
0.009316141236161592 0.005685321418140757 0
0.009403806705722389 0.005844926441146316 0
0.009307102984819135 0.005994087427761315 0
0.009481057185174639 0.005999670894642242 0
0.007110656470225277 0.004595737379222421 0
0.006973434641802844 0.004491152266596576 0
0.006991440575107824 0.004313820315991189 0
0.006828428693886971 0.004386505236378445 0
0.006193559266119617 0.004148006212913051 0
0.006822964068434184 0.004578036076367007 0
0.002905481189246294 0.005622238534183211 0
0.002433063298383211 0.004688946620245862 0
0.01004187349970872 0.00637706372558736 0
0.01059393248231494 0.00241357363344034 0
0.01075732018986839 0.002365733328868791 0
0.01089279446821034 0.002474417711269629 0
0.01090989545122619 0.00228516954379585 0
0.01105399820666409 0.002408639886950221 0
0.01108659381348192 0.002241722909543678 0
0.01122135007535179 0.002350266027545138 0
0.01125417601621795 0.002179668735325794 0
0.01139432088975365 0.002297487584533534 0
0.01142745884972208 0.002117081622879786 0
0.01157093246424795 0.002236993203847508 0
0.01159828211301915 0.002022018034536701 0
0.01175386878086338 0.002170276951759672 0
0.01178807318844594 0.001976777977155762 0
0.01105302532534128 0.002577772034559664 0
0.01194431805067791 0.002107001695077484 0
0.01197627018609361 0.001905508864869665 0
0.01182141457191198 0.001789536952951835 0
0.01198794474917777 0.001690385918568657 0
0.01216085871375761 0.001823966741924324 0
0.01218330074343642 0.001627095484563307 0
0.01235072850677376 0.001747341753478739 0
0.01237183418145522 0.001538745757004425 0
0.01254782751234641 0.001664361657250669 0
0.01257059692404282 0.001450265865013629 0
0.01275712104655571 0.00158256808654952 0
0.01276414624341056 0.001323408124814614 0
0.0129703455688687 0.001480913802806769 0
0.01299980649807917 0.001246005422797731 0
0.01320072748310093 0.001387983461874976 0
0.01321282682318473 0.001114474762598064 0
0.01343651223342456 0.001289589024463088 0
0.01348497363327764 0.001005463054923493 0
0.01367602256259318 0.001183613934333238 0
0.01372616579075366 0.0009416988548980607 0
0.01328284571500333 0.0008822332335261199 0
0.01284455637304549 0.001110188489947143 0
0.01390055684680463 0.001084689062287468 0
0.01392418622219216 0.0008570325298891909 0
0.01389467246760347 0.00134852126776121 0
0.01374723129543298 0.0007241005865416786 0
0.01410700339901822 0.0009868021145943394 0
0.01411477402205136 0.0007492482832767433 0
0.01429975210187463 0.0008926029055348625 0
0.01433491369382264 0.000667255892284932 0
0.01448251405111782 0.0008036195588382658 0
0.0123904953107355 0.001327123870803679 0
0.01451984304640322 0.0006190156761761781 0
0.01465248075151369 0.0007267488443999663 0
0.01190922025521427 0.002321369786807497 0
0.0146694200889697 0.0005536928081464904 0
0.01480887222881226 0.0006513864423168085 0
0.01201880332426488 0.001505507341551949 0
0.0007026306400747251 0.0005948643924090623 0
0.0005460594609845715 0.0006018854627560331 0
0.007338320979505697 0.004145195455935079 0
0.01296943583437496 0.001757466952598192 0
0.01340456574298817 0.001594431182403862 0
0.01416120691017519 0.0005543415839971552 0
0.0005394729826058084 0.0008797004127321403 0
0.005799129074173884 0.004916886809443846 0
0.01651955957692654 0.006375262528627932 0
0.01047750107262577 0.006323295882392684 0
0.01605918007659499 0.00625998188698682 0
0.005952009628390653 0.004892328861327707 0
0.001602882572513033 0.006328296780731338 0
0.007888964775862576 0.004884454701607147 0
0.007988012084859756 0.00500464901905602 0
0.0005475742173423528 0.006276732507239828 0
0.000486032448523922 0.00643009917613151 0
0.002114618431820873 0.006431930103814554 0
0.002289387291740934 0.006451389249614757 0
0.005499698506634239 0.00514197926440425 0
0.01644860937475559 0.000940298672155275 0
0.009389446253983056 0.00613504950714924 0
0.009549403301193766 0.006147790601007464 0
0.01142986140464114 0.001942709161651574 0
0.001107112431314239 0.0008491820180236329 0
0.01008157900920103 0.006677252278293903 0
0.01481348579842964 0.0004700649686114212 0
0.01495746593817436 0.0005650753112445939 0
0.01498202411119736 0.0007460941895386076 0
0.01451799722537555 0.00219489163997042 0
0.01643058163249063 0.006508835089330462 0
0.003881134024633123 0.006149621540492247 0
0.003832099307305558 0.006329517429833956 0
0.004016802978786203 0.006294417758233276 0
0.003673258502706708 0.006399898557499407 0
0.007231867059975384 0.00469710305656524 0
0.001700241433708891 0.006468541148978632 0
0.001515305959739037 0.006482037039575093 0
0.01006721414403283 0.002348025086673082 0
0.009914587972388603 0.002392077613183867 0
0.009848417839938575 0.002543951659901975 0
0.009752680310650725 0.002411620377481135 0
0.01021788098912767 0.002331245228334985 0
0.009681722487866987 0.002565316436512801 0
0.009579912661432459 0.002423860527549014 0
0.009507818079204838 0.002583390576481792 0
0.009403249760090319 0.002439822609340709 0
0.009495777144182784 0.00227625711444896 0
0.009308319586770666 0.00229602072799023 0
0.009224268624810291 0.002456048107715127 0
0.009125542245717178 0.002302091888159356 0
0.009037239174088428 0.002465822257462366 0
0.008942936513579497 0.00229819586284141 0
0.009051936137511922 0.002131855728529414 0
0.008852158197943339 0.002138478957501131 0
0.008934622088386499 0.00198948015921003 0
0.008769615470586606 0.001993942810526102 0
0.008668306067574247 0.002135979476694499 0
0.008588361498214334 0.001967815246136519 0
0.008474470978127421 0.002138222032678 0
0.008382251140061754 0.001961892164731694 0
0.008470167567849081 0.001817506326633472 0
0.008295138473541715 0.001788562720555633 0
0.008183138169895141 0.001946329710672707 0
0.00809793915934719 0.001761376865497878 0
0.008225518789628565 0.001594823118480041 0
0.008022126334351436 0.001573848374628059 0
0.007891749296646409 0.001731969436924692 0
0.007825501359882732 0.001536126157717158 0
0.007948370412059747 0.001379284380409002 0
0.007752300523337459 0.001344394016901371 0
0.007619956097729266 0.001496269813523917 0
0.007560333725558046 0.001293570774523904 0
0.007410299290614408 0.00144609158855108 0
0.007359555639118789 0.00120076562670978 0
0.007184995963942903 0.0013933348727156 0
0.007118035741071116 0.001167753506808829 0
0.006943532001457631 0.001347150387127788 0
0.006884740633369104 0.001084032170009373 0
0.006698967761246123 0.001289828991438951 0
0.006609954717286426 0.001042923614862541 0
0.00645977092562534 0.001229981376182235 0
0.006773971900329308 0.0008859786690137445 0
0.007272601177461687 0.001011074167323267 0
0.006526710135761052 0.001450280197831557 0
0.00630158060985728 0.001382322647369654 0
0.00624601599382635 0.001180131483313774 0
0.006104180179193186 0.001319690348271508 0
0.007460085908718919 0.001648535558452648 0
0.006591929667339467 0.000839663876263475 0
0.007682887669617376 0.001147174054920471 0
0.006138441090297193 0.001527200111995508 0
0.005929802201405781 0.001431431704642822 0
0.006709262402641048 0.0006884588236708202 0
0.008571308967031229 0.002323384032706697 0
0.006066820931560008 0.001126777605735103 0
0.005976077337179593 0.001663351338472958 0
0.005785242669597335 0.00158107918574322 0
0.005722061770585686 0.001386721471617107 0
0.005608233343137617 0.001520382678541867 0
0.005635825854409627 0.00169946468292128 0
0.005470065418557386 0.001626919102778045 0
0.005487039993618641 0.00180467117939847 0
0.005313282821388619 0.00171229567281249 0
0.005340413906338937 0.001907383712318123 0
0.00518306981105516 0.001834309888840422 0
0.005200432947267958 0.002011972459202386 0
0.005030444712682561 0.001921114624776933 0
0.005057650886232508 0.002114266497403351 0
0.004880558661866388 0.002026586808703142 0
0.004914954812867676 0.002216812292871857 0
0.004756144307519829 0.002147713429216746 0
0.005395563150005436 0.002091927447329966 0
0.005636122956178258 0.001888533160663142 0
0.005083742423710444 0.002297163952348132 0
0.006189415373314877 0.00174943664283961 0
0.004775963565496928 0.002324868788827917 0
0.004619354974299645 0.002253451007792686 0
0.006885088932603563 0.0007342328827574271 0
0.006538473917080768 0.0006743626338748302 0
0.006190751021707333 0.0009952927634771253 0
0.004633796026464848 0.00243273821229415 0
0.004459872700091556 0.002333845457207924 0
0.004480590231104569 0.002534938937305851 0
0.004317358068933594 0.002457936698065936 0
0.004284863820177647 0.002302036010055609 0
0.004158627761133919 0.002391080388849116 0
0.006840662811573776 0.0005822862787082175 0
0.006990319560541504 0.0006092463639669316 0
0.00885000923070375 0.001847731884267264 0
0.009385447342720918 0.002156151926077413 0
0.006673749997860398 0.004463904158742034 0
0.006667467350669405 0.004626359679841151 0
0.009089313648606091 0.001966954219884905 0
0.006807604711990676 0.004197969904435713 0
0.01428856949577769 0.001114727660586485 0
0.003797233518335327 0.006494669589711547 0
0.003655563850835323 0.006570905372932313 0
0.002664230742815786 0.005736843231327885 0
0.0109633325183756 0.002140171703621301 0
0.0157017543549285 0.0004946048206025695 0
0.01554171126227176 0.0004978385658853451 0
0.0158698104938623 0.0004666909102877489 0
0.01545719280535362 0.0006370797374108009 0
0.01537816567741365 0.0004895127916746136 0
0.0009568664714526033 0.006506661741208374 0
0.004607964310461253 0.002086379552415029 0
0.01455084952287914 0.0004677607943012587 0
0.005459547035907529 0.001453475972785315 0
0.0006271436927371664 0.0004612740278640394 0
0.0004646903938269244 0.0004691026940214908 0
0.01631820974016315 0.0004769188059123406 0
0.01647738997296223 0.0004711816061223101 0
0.001113111767395107 0.00648942568584261 0
0.004879787772274762 0.001865964276429356 0
0.01232360262198918 0.001927565963109704 0
0.0008664378819794975 0.0005722358337110225 0
0.01153593261217468 0.002440003815117382 0
0.01628634905815017 0.006522898162778998 0
0.01640680480037384 0.005524776745113001 0
0.01651100222685305 0.005369777149401683 0
0.01642644925492759 0.005224849471914789 0
0.001781170348719122 0.001921458600515319 0
0.001861658711741784 0.001733444376910715 0
0.001983920787781639 0.001875000753105359 0
0.002056833368979633 0.001686426320801099 0
0.002154261794261004 0.001825547886601813 0
0.001937768487558379 0.001569482465680215 0
0.008793090680888991 0.005695105039969792 0
0.008706878073405405 0.005569103284980671 0
0.009444216073738855 0.006281626352702324 0
0.009608766070565752 0.006284583441744081 0
0.006028445347074005 0.0009647637169398933 0
0.006123980547030211 0.0008502992491030868 0
0.005918726593977667 0.001071602606496785 0
0.0149606348419662 0.000417496699229465 0
0.001210295374482384 0.0009792813024434429 0
0.002377077190326518 0.00628025115995417 0
0.002461577580406651 0.00643470245951949 0
0.007545267654673862 0.004063228353208282 0
0.0005860141090477614 0.006552342770249083 0
0.0004511457857214549 0.006568559191168028 0
0.01657027117585947 0.005517721621811354 0
0.01601067225155101 0.001647315921910816 0
0.01623609952519734 0.001624319117488134 0
0.01616417972000337 0.001806598323377755 0
0.01638257918685072 0.001764983462589867 0
0.01630014551439302 0.001946252363822928 0
0.01640636516528979 0.001598130792459817 0
0.01647673057085352 0.001920782842286034 0
0.01641343467459831 0.002080422055647998 0
0.01623873886537879 0.002118169890602538 0
0.01635915765719147 0.00224890727366482 0
0.01618012081466738 0.002292190177067395 0
0.01631872348715985 0.002432472624106686 0
0.01612371501142811 0.002474393385728894 0
0.01625654505396289 0.002612845453072752 0
0.01643730636054489 0.002571604967941231 0
0.01638291380823447 0.002740584889463684 0
0.01620563740693435 0.002793594547069233 0
0.01636523508392015 0.002922672434462039 0
0.01616663596564882 0.002979169220445729 0
0.01633134861700258 0.003121126213666303 0
0.01612108201669184 0.003170136835676822 0
0.0162631414352705 0.003304626942035632 0
0.01646079362144538 0.00303557209260416 0
0.01652894160690754 0.002208291373905451 0
0.01638726139317035 0.001095975187958711 0
0.01607014516010529 0.003363168380886537 0
0.01621994415701158 0.003498269574934593 0
0.01639721271324871 0.003433725269737507 0
0.01638666949325428 0.003621288014500254 0
0.01618725307600901 0.00368876407343588 0
0.01633697679558289 0.003799156762685823 0
0.01649495154825879 0.003747869594317803 0
0.0164571414609414 0.003907832804817446 0
0.01629967583366116 0.003963406788492749 0
0.01644648906243878 0.004066405019207238 0
0.01654354690937883 0.002693471532778879 0
0.01659542188996731 0.002557315974569729 0
0.01654822901410462 0.001070450262614695 0
0.01657736522021232 0.006511529857226527 0
0.00218855315654282 0.006574444581167176 0
0.002049420868050739 0.006577617275990192 0
0.01063568450513263 0.002257201776223105 0
0.00914399351925009 0.002641484508935873 0
0.006019769366722228 0.004760813311446297 0
0.006104588689647632 0.004874395019114106 0
0.006167232992844888 0.004750129727060248 0
0.006527430628863605 0.00453625625206922 0
0.01657792419417908 0.006223937397655303 0
0.00417144482876907 0.002556458239804082 0
0.004021931916669179 0.002475992824227586 0
0.004015193670744569 0.002317695984975883 0
0.003884648885995116 0.002397674134452567 0
0.003880694323099993 0.002560963917632228 0
0.003731873000009058 0.00245375203926676 0
0.003727532644460581 0.002643340769428943 0
0.003583843553575429 0.002546908072936616 0
0.003584868299657245 0.00239815362524921 0
0.003447624539654957 0.002462377351793214 0
0.003430349928674331 0.002623046697610179 0
0.003291690271815689 0.0025243010566602 0
0.003336621800310885 0.002379234287211502 0
0.003166935388441539 0.002395066814618645 0
0.003131398571173456 0.002587530724202162 0
0.00299525320360833 0.002474941393005675 0
0.00302067791543817 0.002300796506932188 0
0.002866812602625104 0.002361801393195072 0
0.002899834608604631 0.002204958858611073 0
0.002748862172380126 0.002254516838395699 0
0.002796056792261243 0.002088474992525801 0
0.00263354928327724 0.002148781987864829 0
0.002594440551383599 0.002310819292004022 0
0.002671405385461258 0.002005094850780063 0
0.002467146920896158 0.002196041948385373 0
0.002953351552208745 0.002663697015949237 0
0.002216129900672895 0.001682919747779094 0
0.002304855294213571 0.001791321237852955 0
0.005151227142095836 0.001677041287266775 0
0.0005591330009591684 0.00126631571645634 0
0.0004721402733117632 0.001413576400659192 0
0.0005723843937000019 0.001553825820670612 0
0.009814852233349283 0.002262711484322092 0
0.01660210107421339 0.003983838863736151 0
0.01657781557781825 0.00415333213476779 0
0.01644349180774832 0.004224810747601648 0
0.01656991811595408 0.004303314436163583 0
0.01643802149478422 0.004376484963547293 0
0.01658639837353148 0.004454008006082793 0
0.01643536884559402 0.004527843593742956 0
0.01656459542944073 0.004602662515717313 0
0.01657224989371901 0.0005900769916731118 0
0.002101455975327575 0.001998753793047114 0
0.001278192053888383 0.0008213153591552173 0
0.001361645937243544 0.0009452195301883708 0
0.00118340374329225 0.000715828987467958 0
0.008344300171660081 0.002324820652794144 0
0.009524340457356431 0.002132684101235464 0
0.005454358959861513 0.005306031121295882 0
0.005895674391350248 0.00502725415619146 0
0.006775461036909816 0.004720261854598528 0
0.0004131923815321303 0.001559853897466877 0
0.000489992401987693 0.001685680209513681 0
0.0003933828151731957 0.0006034421645113464 0
0.009768094032992005 0.004080499709812277 0
0.01657657268998749 0.005221284772742769 0
0.01650726568733334 0.005092124716194953 0
0.006665000688838685 0.004768221310152464 0
0.009779476847639943 0.002679076838093577 0
0.006244856811502407 0.004883017672513201 0
0.01464476952894789 0.0009120276058175733 0
0.009239831285261086 0.006133883431024528 0
0.007844917702897386 0.005030742923984042 0
0.007084981600669024 0.004751734620197456 0
0.003887890918419049 0.002249644280547619 0
0.008058976849940747 0.004303010789465937 0
0.0004078854504086602 0.001272608871933511 0
0.00353355963022274 0.006473231176702204 0
0.0164955421756132 0.006637615694896203 0
0.00694065513363055 0.0004726415347231141 0
0.007088682723545884 0.0004789156127325148 0
0.007138125939237138 0.0006235293211729275 0
0.00722473048988495 0.000512292315668887 0
0.007277432122571485 0.0006362241738990847 0
0.01590583874243608 0.003218052393728191 0
0.007748505447285534 0.004929221380667488 0
0.01570964266715173 0.005787159984850263 0
0.0156313165097917 0.005955744047496435 0
0.01555257132720729 0.005813008662925901 0
0.01572294307114118 0.006090520124518509 0
0.0009093013654804041 0.005583781076769637 0
0.0006997599749940285 0.005616569877127935 0
0.0007612373926854038 0.005437662206560392 0
0.0005756961126460961 0.005475650235037485 0
0.0006315786673084158 0.005306017697665488 0
0.000523778681886463 0.0056365150489588 0
0.0004677546659921251 0.005355265745074548 0
0.0004918734843051935 0.005186380250348409 0
0.0006741676108290209 0.005145606042966032 0
0.0005593291501884024 0.005027028310919914 0
0.0007277008655617243 0.004982684593224318 0
0.0005931587487498537 0.004855079355246381 0
0.0007791522927587729 0.004813047956896949 0
0.0006514033821605272 0.004687839362544136 0
0.000485456825105977 0.004730503218437359 0
0.0005317066241347177 0.004565563899204771 0
0.0006955323442175984 0.004520031324438546 0
0.0005694309639946403 0.004399820405778971 0
0.0007295750913077622 0.004350812450675781 0
0.0005801705337846047 0.004221582641373285 0
0.0007625514066828785 0.004173701766149439 0
0.0006369473408572232 0.004051829210620799 0
0.0008117266432052708 0.003995450005551671 0
0.0006794034415188235 0.003874045107936575 0
0.0008566153507874302 0.003810225724894659 0
0.0006879105111150044 0.003678486227594082 0
0.0005151815214377159 0.003938647538856126 0
0.000997327998895509 0.003917161040988008 0
0.0009024973633510371 0.003620965479046489 0
0.0007504149809388671 0.003488420020683021 0
0.0005685728295996943 0.003525398205690233 0
0.0006135411883835852 0.00336384217082571 0
0.0007813225547045333 0.003302726345974498 0
0.0006418783860927032 0.003192769782095544 0
0.0004650480065337068 0.003252507339318434 0
0.0005065072145076319 0.003088835029230121 0
0.0006609428628050144 0.00302234358654795 0
0.0005034062776644518 0.002919014030848928 0
0.0006721985315221186 0.002854365921274073 0
0.0005400149817890477 0.002758149168629028 0
0.0006881286916495897 0.002687538426221214 0
0.0005533100736230465 0.002596620910896583 0
0.0004490607038474242 0.004292239569768027 0
0.0003768578993501616 0.003012434617629025 0
0.0004125586890076621 0.00505934630484871 0
0.0004157527909662093 0.002666993140392032 0
0.0004034022981299502 0.002514794190090121 0
0.0005555973215816534 0.002438855282777729 0
0.0004060970121523254 0.002355997979091186 0
0.0005557965365916521 0.002286104941690716 0
0.0004287385753397755 0.002208398178584421 0
0.006805244631420936 0.0004497125390569884 0
0.01558472291938139 0.006106060610913637 0
0.01561955592726153 0.0003695906926467398 0
0.01601819080949336 0.002846226022466851 0
0.003512003412183182 0.006611468873814817 0
0.003398697522060641 0.006528951074681683 0
0.003384621967156368 0.006661337204313662 0
0.003278035279875751 0.0065873045961054 0
0.003037105345791338 0.00215182630042661 0
0.01659766746518906 0.0009300519478829972 0
0.01662205526296795 0.0004635013952773172 0
0.0005617374567192714 0.002135684494633987 0
0.0004328563273065088 0.002065004157436844 0
0.005304094364805776 0.005322017204716502 0
0.01664781899293742 0.00662040141979268 0
0.007931931803902547 0.005141380466584017 0
0.008068730033043089 0.005119761346740607 0
0.001637830490481948 0.006607923747554662 0
0.001494208720519421 0.006626707469144164 0
0.005395735457242506 0.005431830807666509 0
0.005274559533767246 0.005457486141482947 0
0.00241126178115191 0.002376926930845047 0
0.0101385797547537 0.002224188971191091 0
0.01025549730138292 0.002202195580166263 0
0.01485893929270332 0.0003337823403776205 0
0.0003958709487788085 0.006299943926396431 0
0.000437731504210552 0.006166712926655608 0
0.01655357336928005 0.0003499578805949907 0
0.01649407028951798 0.001215010008093717 0
0.000346234715787935 0.001680673266613687 0
0.007058615301087996 0.001587123453122263 0
0.01566337826748159 0.006212305786042786 0
0.0009007020761754476 0.004444022594909797 0
0.01119328787396109 0.0031985876967894 0
0.000385200638650612 0.004611931166043472 0
0.0003386806896727764 0.004744055070955565 0
0.005586903252952337 0.005263880492734158 0
0.002599112778881177 0.002518389206971691 0
0.008009911380017465 0.005241090388309952 0
0.008131447257178868 0.005247874734641694 0
0.003779547654960451 0.006639146403482015 0
0.003897783756416509 0.006593240798465551 0
0.008907587778075866 0.002648136570114085 0
0.01664680769549703 0.005099245069012588 0
0.01658612025439551 0.004975793494435823 0
0.007352974507524234 0.0005291974150375689 0
0.007409589283091982 0.0006468125885184467 0
0.00445687324804985 0.004799411641735584 0
0.009532570224046633 0.006399457158375107 0
0.009666629852801503 0.006408451748844807 0
0.000528311729729513 0.0003432135723336108 0
0.0003968313654578916 0.0003514677769002363 0
0.004000910862613069 0.002181378194862504 0
0.01628698343217808 0.004304331924505262 0
0.008649900878687429 0.005703543585125479 0
0.008569401430576017 0.005602740631236195 0
0.009515277421423957 0.005679622410160665 0
0.00871937333056731 0.005811605069695363 0
0.0005641744461818057 0.001984012626864716 0
0.009701925950161405 0.006163628564084872 0
0.0007149148007743657 0.002367219376328363 0
0.01642388625473992 0.004677627072194082 0
0.01629058490836519 0.004597458222409774 0
0.001047664591537469 0.00662601402764685 0
0.0009159127636385401 0.006647235254555601 0
0.001179028170060697 0.006620431144950397 0
0.004797203580675303 0.002503164371790378 0
0.007192378663209265 0.004839804969433257 0
0.007318560388358146 0.004802904592901169 0
0.01665317348476816 0.001177390829127864 0
0.01659010244905527 0.00132624261402761 0
0.01529205733270033 0.0006358263298185136 0
0.005869807875014997 0.0009305354780944895 0
0.00578027658001887 0.001029950618253202 0
0.002789452169118829 0.001948510447259945 0
0.002694818313475459 0.001875043944592599 0
0.002581719682429175 0.001916822122692812 0
0.01667603748594598 0.0003446456358366786 0
0.002679266037375646 0.005451571824636089 0
0.002953631937979235 0.005324222270990676 0
0.007373931958451292 0.003904819842122443 0
0.0005304254070046081 0.006673440051381836 0
0.01054979720126956 0.006166021213587699 0
0.01063643256898642 0.006291379717237136 0
0.01070285974447874 0.006156042095241223 0
0.01078492738044145 0.006289474754346892 0
0.0108452264191796 0.006150768133826208 0
0.01058666683193406 0.006419420744323201 0
0.01091718258143155 0.00625996684998404 0
0.01097743774609911 0.006139991017709231 0
0.01089588357311049 0.006026016976883949 0
0.01103420380640232 0.006013345498931912 0
0.01095329948699945 0.005893837231868424 0
0.01111986227716487 0.005898396783641962 0
0.01103458407833775 0.005758889579648508 0
0.01118866994061725 0.005755467839452856 0
0.01126998944672012 0.005875767153529394 0
0.01135967120593606 0.005757279852785317 0
0.0112670100252483 0.005622782695740874 0
0.01142589269705865 0.005619694358181044 0
0.01134449591928491 0.005486419800652622 0
0.01150399655807639 0.005488159332171817 0
0.01142407361353472 0.005345821109662424 0
0.01158790292470318 0.005349948115506047 0
0.01150790938150009 0.005198417020027709 0
0.01169486084944958 0.005212102745294306 0
0.01160567300264667 0.005049689381584566 0
0.01178156516942593 0.005054993982344257 0
0.01186296443954946 0.005207424898256129 0
0.01194377207136694 0.005066414957513911 0
0.01188112164775331 0.004907100824294079 0
0.0120609044863168 0.004943709187390895 0
0.01198576107459363 0.004750264153137231 0
0.0121654723293363 0.004773015711599201 0
0.01223735213454168 0.004933147975363249 0
0.0123339036130958 0.004800200879462029 0
0.01239380161271846 0.004942890020396237 0
0.01248554106102647 0.004822531250272175 0
0.0124296887213895 0.004674277256612532 0
0.01258831780561587 0.004700600935313893 0
0.0125337629334801 0.004540708747992961 0
0.01269957384299336 0.004575400782490881 0
0.012758224769593 0.004739360718440193 0
0.01286764707906888 0.004606775659693052 0
0.01281475845053296 0.004453869976543357 0
0.01297908685815595 0.004492597754853361 0
0.01300930169863576 0.00464264597289051 0
0.01314168824078525 0.004564579069390363 0
0.01310150124830324 0.004376582908797982 0
0.01326518884330554 0.004432511936045963 0
0.01330664735579666 0.004597314975969588 0
0.01342326098857768 0.004486519899964835 0
0.01345077339056946 0.004640506245081458 0
0.01357596599860311 0.004539817342804331 0
0.01354862376763813 0.004372538741146406 0
0.01370887313260304 0.004437949203487037 0
0.01371973065156345 0.004625493932911611 0
0.01386611481177977 0.004507641106713521 0
0.01388124610540201 0.004672083887574704 0
0.01401561902920141 0.004577383568898109 0
0.01402388506376738 0.00475498902982354 0
0.01416417607158723 0.004646388599818401 0
0.01417984550310854 0.004825513567471025 0
0.01368916554578089 0.004252483406133351 0
0.0143171996537828 0.004708710942317635 0
0.01433683928458216 0.004868726071643684 0
0.01402843801630913 0.004418128802674795 0
0.01178365444943472 0.004732721373128806 0
0.01429530774236415 0.004533106418527348 0
0.01166304330021301 0.005495421596850507 0
0.01200636623092821 0.005210257974730197 0
0.01446977882460505 0.004770525356325279 0
0.01448450676284676 0.004932187364514808 0
0.01322387370138462 0.004247701009163932 0
0.01376771868141513 0.004775186312069569 0
0.01435695039328764 0.005017433192877326 0
0.01448253001275027 0.005100160318953537 0
0.01462117083486416 0.005005545159044703 0
0.01462768520621362 0.005146983317472096 0
0.01475629464147727 0.005073953369364874 0
0.01475051594997046 0.005232449607732633 0
0.01231422320966554 0.00507086076187541 0
0.01190779438207566 0.00455221858469089 0
0.01194977564896978 0.005329377077397163 0
0.01235939804027564 0.004517547698001206 0
0.01405941375492607 0.004891465655013721 0
0.01303957673387704 0.004184363851726486 0
0.01334573615949888 0.004738341112840041 0
0.01346909606554345 0.004776089164790901 0
0.01253327876179486 0.004957241354484524 0
0.01452380758835708 0.005220256289280511 0
0.01489543482389082 0.0051438016208616 0
0.0148954732400682 0.005298799392495585 0
0.01489142200845544 0.004978285087803023 0
0.01477754616603137 0.00537961267371523 0
0.01490240897363634 0.005446553864703825 0
0.01502637702449505 0.005371752069771245 0
0.01502640251019081 0.00552056668516022 0
0.01515082646330846 0.005451545892313841 0
0.01514383513624574 0.005597302886850303 0
0.01140302862712843 0.005880360829253013 0
0.01502080148782302 0.005662913463015563 0
0.0151347276258679 0.005732858514416558 0
0.01526167989583518 0.005690798014240083 0
0.01523842087427732 0.005812568934807971 0
0.002129526391473164 0.006689740884923716 0
0.001996671007419894 0.006700870487171782 0
0.002245817998696252 0.006691910477991686 0
0.009442494243094025 0.002031544133235028 0
0.0006552979650656914 0.0003253573617135507 0
0.0004039165913653359 0.006689587018182771 0
0.000327720875075611 0.00658938126624195 0
0.0002885575804977003 0.006712057230148826 0
0.009234168599465303 0.00445423792985552 0
0.01247073686118401 0.004364138842270435 0
0.003114584589324067 0.002792306746330959 0
0.002912531820499753 0.002877514287344364 0
0.002346721677106472 0.001655850168992412 0
0.002272685701802654 0.00156385744609947 0
0.007791503534794049 0.005156156412848617 0
0.01644632393003427 0.004961342888623223 0
0.01537033510165186 0.0007885451927052535 0
0.01133039985908176 0.005192134381119762 0
0.01110382248820282 0.006125873402284715 0
0.002615755284019181 0.001797014993775511 0
0.01669391447844816 0.004551781722430232 0
0.01668398211816781 0.004668031046756611 0
0.00140835729228965 0.0008143080546806057 0
0.001494006442307122 0.0009194775848726687 0
0.001451807102767816 0.00104527231559529 0
0.001583411042687365 0.001017031591851298 0
0.001544813548246716 0.001142034911091871 0
0.0016875644752606 0.001104071595095019 0
0.001638814061510993 0.001239367563011208 0
0.001772133049575826 0.001210355143918533 0
0.001736557800295549 0.001344414286519424 0
0.001864365660050857 0.001300460224152524 0
0.007496885970887474 0.0005339062256713304 0
0.007543923902936554 0.0006569954978041291 0
0.01671017414250917 0.005218354698656027 0
0.006306565099080275 0.004743961833691859 0
0.006374797312664758 0.004856814343342951 0
0.00031552702694722 0.002135739788315499 0
0.0003085453568587339 0.002012235973321085 0
0.001255511843426181 0.006510377796555744 0
0.01669112239086734 0.004237150407335745 0
0.007464948726227733 0.0007637876052389151 0
0.007598131895848284 0.0007710035244791274 0
0.007669371414670081 0.0006675632366850677 0
0.007725503829062801 0.0007738444526641077 0
0.0003084999855952116 0.002429137099633337 0
0.009564827892650446 0.002001418599080289 0
0.006428383038907562 0.0007721847524059795 0
0.006404178830747661 0.000631611816188842 0
0.006491738965662604 0.0005392448938418446 0
0.008205891815683227 0.005108405846883675 0
0.0082783423044338 0.005228832104517754 0
0.008219594713348913 0.005351746475960811 0
0.008366508704589274 0.005357148123092605 0
0.008289485645869503 0.005457154845417467 0
0.006530818544095297 0.004364549743899106 0
0.01616894038956457 0.0004833135918787322 0
0.01622589731879445 0.0003570812858387988 0
0.01609496980564535 0.0003611625645920757 0
0.005756338703110705 0.005056987080849304 0
0.005839996202078169 0.005150523856661197 0
0.01234061365613803 0.002678928867609495 0
0.01670309146907029 0.002660331554664785 0
0.01664786417695716 0.002787253284230846 0
0.01672346244642419 0.002531333364784976 0
0.007524876842629726 0.0008793723961321594 0
0.01207428913450996 0.005328123918389183 0
0.006171309101863139 0.00498678724767964 0
0.003887743415794559 0.00274351816740796 0
0.003725547954818158 0.002847933691508994 0
0.009599268896600026 0.006511444759449723 0
0.009718937645859184 0.00652047918598567 0
0.01670052035031476 0.006514667269845452 0
0.01664877481911553 0.002434364295591534 0
0.01477397340841649 0.005516217742318075 0
0.01467015701126025 0.005445744237017479 0
0.009409502621670141 0.006406735917286663 0
0.0004803867554769199 0.006782562094050363 0
0.0006545954113329529 0.006670966836372529 0
0.002551098326668696 0.006287524071771905 0
0.002624913902744346 0.006439069196771875 0
0.00253596025938531 0.006569512724837613 0
0.002685658303740795 0.00659909602594828 0
0.002778311308784189 0.006458279838491122 0
0.002838272338167446 0.006593764923963672 0
0.002924494147109446 0.006474572270826149 0
0.002971474557857135 0.006608149374393723 0
0.002770893931822485 0.006708984823538424 0
0.002492617434435165 0.006112775196553681 0
0.009644365186639759 0.002110035459143077 0
0.007030472261221464 0.0003665198924775273 0
0.01513345457849686 0.005863974118332992 0
0.01522354408588153 0.005929054174058021 0
0.004075424778860468 0.006083341720093713 0
0.004181224581470117 0.006232797443041405 0
0.004150411675607965 0.006379354034273748 0
0.004283511999438172 0.006336670083723524 0
0.004326944186573062 0.006204917907154323 0
0.004411588027910005 0.006307829897505057 0
0.004477681992023587 0.006190418267798052 0
0.004243689367699238 0.00646526592285623 0
0.004128262329947247 0.006510014931901834 0
0.00436503088132067 0.006062963527649956 0
0.004509290930255779 0.006042283645899529 0
0.004604543170003878 0.006142029865688891 0
0.0046511055307089 0.006031884952288415 0
0.004570258071645814 0.005921834015852779 0
0.004708562215858656 0.005915284240184175 0
0.004781211117139763 0.006021275744143149 0
0.004833861058476684 0.005912729291547545 0
0.004771436663526369 0.005797225365331862 0
0.004913312736601982 0.005811087264137463 0
0.00483868156288276 0.005676755658088789 0
0.004978324226646173 0.005679710143573619 0
0.005046232863554689 0.005789732909433796 0
0.005103352111670315 0.00568398798104366 0
0.0008474494779067681 0.002937550762723134 0
0.008464841069286263 0.002530825355158011 0
0.0003072286106048285 0.006201005116736371 0
0.0003231588589119733 0.006068429955925303 0
0.0004704716547954887 0.006030949666863756 0
0.0003677006758525479 0.005941293684102941 0
0.000523227967849909 0.005886515986673916 0
0.01672089888902102 0.0005793651205111437 0
0.01658477380731632 0.006731035741147626 0
0.01670812510320294 0.00671856430595234 0
0.01049631945075736 0.002294459677861317 0
0.01054803945156258 0.002167802732943157 0
0.01066099506985044 0.002129096148856125 0
0.01646542463411618 0.006751108735786744 0
0.006008223856472721 0.001900942561103939 0
0.006242549758794786 0.001995553793342352 0
0.01515187262490174 0.005310589985734893 0
0.0149778760633727 0.0002919893177481285 0
0.01508045900034261 0.0003590802625689309 0
0.003267346321299172 0.006710962847721934 0
0.01579091644733968 0.006211842102839604 0
0.01573491975776104 0.006320523226652774 0
0.0007023218069227549 0.002063938271712794 0
0.006375220115138916 0.0005124361845240556 0
0.006291226449554765 0.0005859934158042707 0
0.01650997035917859 0.005646222067137063 0
0.01665118161937028 0.005632578438896127 0
0.01671381148113892 0.005508629131006061 0
0.001777640981086497 0.006596008460626173 0
0.00642170061542653 0.004754114186679989 0
0.006758235630141371 0.00484180531067736 0
0.009065388642645091 0.002848242024359365 0
0.006656782430290852 0.004889410317650078 0
0.01584494276199851 0.00343927357800731 0
0.01567083558348253 0.003264924539793846 0
0.001125504024322412 0.006731143313834648 0
0.001257784540574984 0.006730321923285162 0
0.007064209147550236 0.004873628324232931 0
0.00686598983194465 0.004803291768743649 0
0.01087892796122841 0.006366500656980069 0
0.01319300240879809 0.004040972655347314 0
0.005370021287435609 0.005563510814654362 0
0.009998998871792467 0.006510828280339659 0
0.00980396141488369 0.006410255739719345 0
0.01659517134618255 0.005755318692603782 0
0.01673745441431131 0.005733536191887365 0
0.01668326532574425 0.005873135404993275 0
0.003051378670398148 0.006497310570713033 0
0.00328326986987678 0.006450411813441814 0
0.007284518788600167 0.004934389106086724 0
0.007399002968398327 0.00489190517995982 0
0.01671916226924755 0.001302516759221382 0
0.01667788573178536 0.00142050561137519 0
0.01680714403569096 0.00140570756338966 0
0.01675585483539176 0.001509607439689294 0
0.01487921379904083 0.0002229850295463721 0
0.01477578783118583 0.0002555867262662688 0
0.01214028346065185 0.005203153116077655 0
0.01201182248459367 0.005431682480006302 0
0.01190000283998721 0.005440304191422664 0
0.008350702479981639 0.005097225405130949 0
0.002370534491432183 0.002571215651514163 0
0.01133945619897442 0.005980286887329224 0
0.005058068407035821 0.005570078405656253 0
0.001541653612848628 0.0008124160239619898 0
0.00595266491041418 0.005138079239404298 0
0.00623466381382745 0.004620652402552998 0
0.008586311788160262 0.005457326956978942 0
0.001722817257474169 0.006729127549091872 0
0.00190587205292588 0.001172854724859407 0
0.001975788088978615 0.001260814109022783 0
0.0166656344278913 0.0006915539577618478 0
0.007378529096710567 0.005002080168286413 0
0.007477380156902115 0.004971227853747871 0
0.007520563451105595 0.00486581182473317 0
0.0004602418551175411 0.001144701686846634 0
0.0003246045707257592 0.001159389234125361 0
0.0003735228455183214 0.001044244365272719 0
0.0002539063339873325 0.001065801902588081 0
0.0002897599655782672 0.0009502863113856805 0
0.007300543582830967 0.0004205099102081149 0
0.003889841492730348 0.002126991907971757 0
0.003786057615014404 0.002185465953948779 0
0.003367498072279505 0.006775459230712469 0
0.001595472573035203 0.001378251630730968 0
0.01671351288734033 0.004986966038325855 0
0.0006128598091769306 0.005995138116603875 0
0.01337289794327771 0.004859304862914873 0
0.01325679706378194 0.004829631289346031 0
0.008167789236196276 0.005461075450439203 0
0.0002776708052232603 0.00128035749655504 0
0.0004512756045788567 0.0002420014105720234 0
0.0003367434671397492 0.0002547471203939748 0
0.0002777936024551796 0.0003519437174684596 0
0.0002829860790429326 0.001570277607475594 0
0.0002254156067048266 0.001680223579509378 0
0.0002694918014730843 0.001783828268781546 0
0.009303288409175648 0.002024042018202578 0
0.009381993956623522 0.00192291461131001 0
0.0002707153829729254 0.006316032128801207 0
0.01678244225266207 0.002766256301126747 0
0.01674361125763008 0.002867711511529692 0
0.01645492640353111 0.001361226130132201 0
0.005806805267718589 0.001152319025736507 0
0.005684163115288997 0.00110037777698962 0
0.01607913134464695 0.002156219761612592 0
0.001704466334295619 0.0009739182480200184 0
0.01213940346480896 0.002254296561669202 0
0.009291910670061878 0.002812322958928462 0
0.0113042335071261 0.002888702548402939 0
0.01162920017237611 0.002851129197125213 0
0.01117992776962131 0.005483411577397209 0
0.01552918875821021 0.006229326525776083 0
0.01546220067368667 0.006130993325619737 0
0.01541989930513488 0.006230033307594314 0
0.01594281236669503 0.001852874727347009 0
0.001185058194347417 0.006826622020513007 0
0.004183441528430185 0.004856936340595381 0
0.002285337052576434 0.002239478650274798 0
0.01168319100969915 0.004542236837608575 0
0.01181040439032288 0.004334701238625723 0
0.006458812430877689 0.0004327796286525531 0
0.006572274442119348 0.000445249259819102 0
0.002197078440723906 0.006791116826340023 0
0.008522284914888099 0.005717100331895418 0
0.008440988279177509 0.005635566656070112 0
0.01509059604183086 0.0002453925237903155 0
0.01516459517823768 0.0003054034355205668 0
0.01664521372732995 0.001535040728762979 0
0.01672241972156632 0.001624280862438369 0
0.007904236654039238 0.004136866527979351 0
0.00386944266621646 0.006719978824420391 0
0.003990072311327034 0.006683275863559135 0
0.003770584658204377 0.006753298398668661 0
0.01158313036607198 0.004738844824131 0
0.01585626118387973 0.006321686557687316 0
0.01580001851363097 0.006422700603951113 0
0.01591728913059216 0.006423481273257635 0
0.01677242661269099 0.001198183215475141 0
0.0009062101225417009 0.004953531557381354 0
0.0009726173072066493 0.004764036820103335 0
0.00425877253455713 0.004568198536077692 0
0.003950098357319403 0.004632408276926503 0
0.007619844140081875 0.003824735583104118 0
0.007164283925259128 0.004001815138115657 0
0.004603947454978823 0.004552219126732748 0
0.007782952296410652 0.0006782145862210412 0
0.007841697997163838 0.0007759687631674625 0
0.007782861588026685 0.0008792799952419355 0
0.007907084271069051 0.0008791200568474553 0
0.01017876131575598 0.002121005759482294 0
0.01007362448418099 0.002130157284166288 0
0.01028896739640043 0.002098944470099603 0
0.01518876325376323 0.0004070649298959905 0
0.0103958410863901 0.006635209297361686 0
0.001418967029879457 0.00632271367306718 0
0.006436439799600019 0.001833480147923982 0
0.007183320986617348 0.003731190973963193 0
0.01348350486953303 0.004891101666561427 0
0.01357152114580822 0.004829694865759061 0
0.001359326612061202 0.00487517588064156 0
0.007187943128346618 0.0007655078662858069 0
0.009417242628687639 0.005502722619420131 0
0.009636354150572896 0.005491418807379881 0
0.009493537678604004 0.005251750804561419 0
0.009765129757272978 0.005267367833826032 0
0.00964742082064865 0.005003920430893833 0
0.01146144131006319 0.005974599748332086 0
0.01151433007264819 0.005893611912881414 0
0.008388460054523381 0.005467796251179655 0
0.003788650571925021 0.002056911314372919 0
0.003692807645453179 0.002122805376562783 0
0.01533237505698127 0.005889380370404828 0
0.01531020415056629 0.00599625237817427 0
0.01542408724858638 0.005961782797459799 0
0.005468707823369287 0.005527273980717611 0
0.006842531247444117 0.004902053688198095 0
0.01122299467555998 0.005985943512259107 0
0.008601741269286091 0.005810505684566026 0
0.01351036428824457 0.00418300180679791 0
0.01366187467344699 0.004042880812399055 0
0.01387050745689573 0.004118954000013145 0
0.01383952514808161 0.003891799930546254 0
0.008136359601019926 0.004068584657748814 0
0.01202447063011627 0.004341000241854727 0
0.005665192504728136 0.0009785114470839715 0
0.005577552517370592 0.00105450373434657 0
0.005590860330737682 0.001168023273944989 0
0.00548902550191431 0.001124835468006756 0
0.005474906685098363 0.001240172388320779 0
0.005393086718575183 0.001177296894228405 0
0.0002473032182227219 0.004651591394600487 0
0.0002850544212236687 0.004519425332865894 0
0.0002225761058808669 0.004773413202710583 0
0.0002923094134673846 0.004861704552760008 0
0.01578766781565397 0.002987270532981462 0
0.01664813791481141 0.004868568992799917 0
0.01044242718167166 0.006539766901124221 0
0.008674188778579336 0.005907972344235089 0
0.008775295719082756 0.005922257363089476 0
0.002429336417221457 0.00175140173842249 0
0.00245297239093673 0.001633598371190694 0
0.002388069463130998 0.001885252626639362 0
0.01660878711925773 0.0002498618702335255 0
0.01672434486451738 0.0002451258533753527 0
0.01648930392386574 0.0002450710966090401 0
0.003987589664269611 0.002064252910551734 0
0.004086169662578764 0.002103966229781519 0
0.01036829145355361 0.002157327632926343 0
0.01531036614141929 0.005357185059018447 0
0.006950207887389714 0.003908729599817608 0
0.0003492070650480371 0.006410485213164945 0
0.0002355351959470661 0.00642348371243282 0
0.0161551890500077 0.0002498857890629808 0
0.0160340844862491 0.0002564140577121644 0
0.01627190258899876 0.0002506967694936718 0
0.01675852852381481 0.002416536594313267 0
0.01669438495315596 0.002322108639702943 0
0.01682675113054557 0.002494272723498786 0
0.01106178919313523 0.002984268074807915 0
0.01087781202492112 0.003155750429981708 0
0.004889603177038454 0.006020481725124677 0
0.005485542902496873 0.001026022491974166 0
0.007846063786825227 0.0009845558783971469 0
0.00797490394024951 0.0009853305307202854 0
0.007916155574599262 0.001099589213976616 0
0.008045528256947937 0.001096961947054066 0
0.008099262788436316 0.0009864974161267336 0
0.008172150314204499 0.001091573703225854 0
0.008117820455678699 0.001203048806428486 0
0.00824631286123604 0.001195982070673374 0
0.008193106196946305 0.001312677713423728 0
0.008321307943345692 0.00129752652933542 0
0.008370895859752835 0.001183703504469741 0
0.008459743117167276 0.00127184619065465 0
0.00839938768788781 0.00139415168816748 0
0.008520078357211493 0.00137560465021502 0
0.008471080167944661 0.001500453331768387 0
0.008597740790760592 0.001470979041543918 0
0.008631601777530782 0.001362681373779202 0
0.008707568280872487 0.001449466865891593 0
0.008673301282336926 0.001556683172573812 0
0.008787419768204975 0.001532248373843655 0
0.008754250184707567 0.001643497694505697 0
0.008862992062016149 0.001604184343119601 0
0.01145204326516197 0.004558488239906854 0
0.01676395702676252 0.004888259432730904 0
0.003815324632552243 0.003199437602694478 0
0.01662366082047832 0.002908578389817527 0
0.01672095892810601 0.002986195776093381 0
0.004713863475947871 0.005684124241898493 0
0.004765263405770992 0.005536619621920761 0
0.01344639833570707 0.000776953273102037 0
0.01328547649334901 0.0006882953291814462 0
0.01312821341925404 0.0007562248310926641 0
0.01313144049145377 0.0005707881259528801 0
0.01298206489251993 0.0006510535488391551 0
0.013293321786112 0.0005179018861945573 0
0.0131785639658078 0.0004257142564980734 0
0.01330377476640578 0.0003744199880252284 0
0.01342037649051326 0.0004506129730850322 0
0.01343340575394444 0.0003000274882619149 0
0.01354528767436705 0.0003780738710366864 0
0.01319906238780289 0.0003013215314886237 0
0.01308998700390525 0.0003381708260313402 0
0.01296535360132607 0.0008394628960927916 0
0.01283342202506082 0.0007050180544289873 0
0.01286138401847248 0.0005626603565292965 0
0.01273478741195341 0.000607729908486114 0
0.01270486174945097 0.0007391605575124065 0
0.01261508710719222 0.000642386557935918 0
0.01257576965810493 0.0007659031400721922 0
0.01354272226348422 0.0005187079447330689 0
0.01366146429234888 0.0004538654363060754 0
0.013661119570138 0.0003152341611130441 0
0.01377216188953069 0.0003853512249627931 0
0.01275863895572502 0.0004890421373815561 0
0.01286677804830131 0.0004368806976055343 0
0.01266610965430036 0.000867532465551971 0
0.01253321692520306 0.0008951345983356906 0
0.01244259673477235 0.0007932323269899105 0
0.01239096381314879 0.0009029261162947799 0
0.01250092441502501 0.001024229670084363 0
0.01235051388471417 0.001040427657708898 0
0.0122646284186276 0.0009407833591962827 0
0.01221894242642245 0.001056000699598301 0
0.01213827774685252 0.0009492585037078997 0
0.0120987745297376 0.001068840909159041 0
0.01216946134725965 0.001170778495495878 0
0.01204358658870911 0.001181648146059498 0
0.01211526233469707 0.001288017952394561 0
0.01198650863403308 0.00128806219064804 0
0.01197910882846097 0.001085741844911603 0
0.01376388154593367 0.0002580799653079772 0
0.01387340882740418 0.0003083972072397806 0
0.01388175336741028 0.000427244495236729 0
0.01398243749674952 0.000354807865016969 0
0.01365831323630876 0.0001874878150636044 0
0.01396652225597486 0.0002394731351615005 0
0.01406664161065446 0.0002914529869357191 0
0.01256611306137865 0.001279650180946049 0
0.003011560203442735 0.006352418753968579 0
0.01299272903225362 0.003976076910153508 0
0.01282947215478892 0.00414811463537224 0
0.0002515536808976905 0.005964322344162032 0
0.000270715177584516 0.005860927030105082 0
0.008179105038650344 0.00253420266636168 0
0.008093452415350862 0.00231307031831513 0
0.01463174022679498 0.004139226001794688 0
0.01432418511405645 0.00415931160364319 0
0.01085894052608712 0.005767472943688739 0
0.00169583165339654 0.001485292238804649 0
0.000642261239659752 0.001694270342681011 0
0.01393419323287611 0.0006449870386256522 0
0.008308495429525687 0.004252009378402789 0
0.0005970713440104376 0.00676715624824827 0
0.0007151591243645047 0.006773337059717264 0
0.01256823356213729 0.002385628270173555 0
0.01291519791836827 0.002289168878405769 0
0.006974618981519956 0.004647800392608863 0
0.004494667186441082 0.003012396223288796 0
0.008849490567835114 0.005821711875607169 0
0.008888194133853512 0.005939419911757519 0
0.008829343899265957 0.006024313094579016 0
0.008936871189725953 0.006041707643943316 0
0.0107061630337203 0.006404173822236802 0
0.01065504962791879 0.00651192856265892 0
0.005250010495423521 0.005578639347554579 0
0.009299146334840358 0.006250027088723819 0
0.009174231652477367 0.00624545243340551 0
0.009111966592351325 0.006141510968262112 0
0.009073152834929352 0.006242014888523592 0
0.0143184951836174 0.000488353329102346 0
0.01558834135283914 0.00565895642155227 0
0.009242478642429115 0.006355364282375256 0
0.01661061517065827 0.001652824074529254 0
0.01668194233870407 0.001733557695861833 0
0.002941865202720424 0.002067216696280343 0
0.003059618546898289 0.002028529666880059 0
0.003156243167236524 0.002098945998422004 0
0.002975753861689753 0.001961969309622246 0
0.01127305299758396 0.00607236796929345 0
0.01218537163606724 0.005325558204868438 0
0.01225577506123241 0.005240721976634133 0
0.01228348841351875 0.005338771478948645 0
0.007953755733263086 0.0007773653285389438 0
0.002661611106239782 0.005084924815178074 0
0.003016660759948529 0.004965154190022201 0
0.01421534362315285 0.0004029296258492411 0
0.01432894139536726 0.0003540734073479391 0
0.0009574148291432048 0.005381315094575259 0
0.00533102998142726 0.001545921491084552 0
0.005311536785760882 0.001412341698040297 0
0.00521299031662161 0.001481119506201794 0
0.005201720432782261 0.001371447094280308 0
0.00510751514600826 0.001443263685115579 0
0.005293579938693923 0.001306489764651703 0
0.005106897798365709 0.001331849699239554 0
0.003188564378958345 0.006647172837330862 0
0.003147566032570453 0.006753574609161936 0
0.0005730598467414173 0.0002391263404866711 0
0.0006849272783259596 0.0002037911037080578 0
0.0007603911358061268 0.000292943687883677 0
0.0007441828756782672 0.0004000246444566492 0
0.0008406010801887669 0.0003607320966196315 0
0.005044800168605504 0.001759124926394393 0
0.005025771406498032 0.00162814079319311 0
0.00493171082148301 0.001693545472497187 0
0.004921851413958987 0.001586118142172911 0
0.004825675368845738 0.001647186713488501 0
0.009660790064146017 0.00229468565204346 0
0.01388597039971572 0.004820782521072914 0
0.01378893108514409 0.004898302545025175 0
0.01388913716987749 0.004942642045769773 0
0.006375548024539893 0.00447712522911009 0
0.005556985513437312 0.004978672364283288 0
0.007184460161685913 0.0003902756772224628 0
0.007121956334824392 0.0002954865249350071 0
0.0003074398535494721 0.00225918895155427 0
0.0002154309405607447 0.00219707907769057 0
0.003107944918720532 0.003031922511405152 0
0.002860900508751448 0.003119710050873404 0
0.01586461967063644 0.006515120530905941 0
0.01597661034895616 0.006520868160008656 0
0.006724774720594675 0.0005429483967260892 0
0.0167629573233046 0.005105148282361137 0
0.01057257166454507 0.00205521161974382 0
0.010679033949019 0.002016011515317791 0
0.01076264962183408 0.002082041848588625 0
0.01077955261716003 0.001972588351129122 0
0.009664936532256047 0.006610224837581872 0
0.009768839775329524 0.00662167053203926 0
0.001812510342415795 0.001093476054038109 0
0.001922555731853809 0.001070745605744476 0
0.009478313736363026 0.006503013227350849 0
0.01038661853038044 0.002033713749779975 0
0.006893620030308608 0.0003547762715143221 0
0.006760814582780324 0.0003420731621631614 0
0.00130947894166236 0.0007000578102807371 0
0.001227796038124614 0.0006035677117003646 0
0.001108650043468924 0.0006122376113079368 0
0.001154522203857497 0.0005130574201905897 0
0.001049341033437437 0.0005135470693014028 0
0.001259370514362606 0.0005027446402882069 0
0.004721929561280523 0.001995525270369198 0
0.004594596102727814 0.001945688553014268 0
0.004488745688589773 0.002021560688319981 0
0.004686086276164483 0.001867189720976993 0
0.004480839453235292 0.001895141392838892 0
0.004384537164335395 0.001961397893056545 0
0.004383285222723927 0.002074641811287538 0
0.004282977576040025 0.002015279653885652 0
0.01245757963637558 0.005063039290240011 0
0.01257530046225666 0.00506990745400529 0
0.01265464278151703 0.004976709156325874 0
0.01251332472778524 0.005176861922077639 0
0.005565178391089189 0.005389581631181987 0
0.005661127476469155 0.00535402282256172 0
0.005704077431213492 0.005251396266742947 0
0.002378513350845836 0.001542998946988588 0
0.005157025474946251 0.0057826174751589 0
0.00510077158627619 0.005879530169354649 0
0.005003343859534382 0.005898105796967559 0
0.01668297362163405 0.001035414980684862 0
0.01672654340091344 0.0009015867286875359 0
0.01423487792477353 0.004974107818482549 0
0.01407823959783568 0.005030545565936307 0
0.01425447013748464 0.005103140353267371 0
0.01435558733688608 0.00515181521790979 0
0.006493775809753636 0.002102765278762925 0
0.008443895265713873 0.003984721098907426 0
0.01575676652165346 0.0003611825734693109 0
0.01567894753548624 0.0002575135419030485 0
0.01555785899906662 0.0002610261476515738 0
0.01579914884963262 0.0002447640444116486 0
0.01562035966407242 0.0001674056078385467 0
0.002400233374214685 0.00657587485290397 0
0.002469525025121208 0.006690631278066047 0
0.002583294975646402 0.0066958442642704 0
0.002515929299323212 0.006785647598957671 0
0.002410488137612384 0.006783573373244289 0
0.00741979258310814 0.0004389173094955017 0
0.004209945441567831 0.006576178966900767 0
0.00208305469681486 0.001525359549392606 0
0.009006493922881569 0.001855179014885001 0
0.009136103732774034 0.001845551055483942 0
0.009068727528901132 0.001745595333325504 0
0.004580111804103471 0.001830648421582596 0
0.004666096899003498 0.001754769170622381 0
0.004488457645237225 0.001796056826725631 0
0.004767110530221708 0.001802423966111131 0
0.0142604666937802 0.005213417703712803 0
0.01435568715970412 0.005254574519113486 0
0.005984275571397589 0.0008307381287292171 0
0.006071530141568143 0.0007300009061411194 0
0.005954482099227837 0.0007185590064815619 0
0.006189405746142453 0.0007351009786262441 0
0.001435472579656628 0.0006887810722483231 0
0.0004213490017322841 0.005506880640568376 0
0.0003245384247837994 0.005393094466211444 0
0.0002664233712452221 0.005521963390726909 0
0.0003524597376778817 0.005260721220094708 0
0.0003713103643791672 0.005662993568077349 0
0.0002323439051600696 0.005648078247782143 0
0.0002409549638831329 0.005291322235862651 0
0.0002567679199818717 0.005179873868521909 0
0.0003965612893032881 0.00280536016908246 0
0.0002913913428499778 0.002725388771181912 0
0.0002776467388874368 0.002842961966498218 0
0.000295073530628685 0.002603671574779657 0
0.0001877978508746398 0.002655592156153774 0
0.001545594674899078 0.001519611793378794 0
0.0166937546711653 0.004362621430733184 0
0.01680028770087359 0.004304727729856111 0
0.001001379202352275 0.006745550581484442 0
0.0008791776478299946 0.006769599325419566 0
0.007101325849596005 0.0009344953568103278 0
0.01029450328342187 0.002002169516582764 0
0.005912086100967907 0.005226281643992823 0
0.01544553279384312 0.002519581028944147 0
0.01578836285111054 0.002311005922244131 0
0.001593567181306156 0.006725599847071179 0
0.00147210352668379 0.006747267249591168 0
0.009206610097538676 0.00324454179226638 0
0.01655387605124339 0.0001489810284977439 0
0.002723844185586303 0.001752786842424034 0
0.0107737789814593 0.006520883141100672 0
0.0004698277161573755 0.004093448765868083 0
0.0003433656426953362 0.004178559173832209 0
0.0003664535271082729 0.003978582543299049 0
0.0003963873288398631 0.003846730680208799 0
0.0002694801095182459 0.003898546294582293 0
0.0002702252647490948 0.003771029850798352 0
0.0004018751570779178 0.003715937520633577 0
0.0003003370494672093 0.003644879393090461 0
0.0002412558271209959 0.004021166212570079 0
0.003685214224552535 0.002229943122507719 0
0.003592811876275456 0.002168455602257159 0
0.006340290265688683 0.004966178806562599 0
0.006444575851097423 0.004947918147375123 0
0.008223471644558994 0.0009833116099609396 0
0.003300692577719384 0.005207830870226015 0
0.003340535769350297 0.004845238178974203 0
0.003054186507089601 0.004586873562249268 0
0.01644727240144609 0.003262711540762369 0
0.01655901046239867 0.00339018682820042 0
0.01659437241031276 0.003179759466974484 0
0.01653323233035091 0.003531196643122597 0
0.01666500076965564 0.003478107416780259 0
0.01669360105163908 0.003357296680535771 0
0.01678110131315063 0.003428978839522854 0
0.01665320334321789 0.003602453384887273 0
0.01678037685538423 0.003547401276734087 0
0.01675498912396026 0.003671409547553539 0
0.0117271449068649 0.005355309415321511 0
0.00517221355286307 0.005363050865708995 0
0.0004688821927264896 0.004931001604790564 0
0.008951855192401258 0.001742436273657265 0
0.009019400248918525 0.001653870585024124 0
0.002001123375583745 0.001440247992652841 0
0.002129370137366672 0.001404862070748369 0
0.01602947398202332 0.006413184972522018 0
0.01608670763517629 0.006526206908324497 0
0.01603206433128047 0.006618335009001838 0
0.01613870536603421 0.006628556021364741 0
0.01355770877842872 0.0002578495517236833 0
0.01510368675610047 0.004684910915850608 0
0.01482028196452318 0.004736210722231975 0
0.01466108505801193 0.004517278882870754 0
0.009949611713661313 0.002250343062961436 0
0.009883806229384133 0.002147094358573854 0
0.01216296183345679 0.005062446238631508 0
0.01467261190535695 0.0004048585056746277 0
0.01456021747936323 0.0003112873570965411 0
0.01466167496837377 0.005336064524697582 0
0.01457836290446966 0.005399458750376221 0
0.006730212901719518 0.001885457188067855 0
0.008096955449274029 0.005368933081999699 0
0.007977648915742494 0.005359010977435408 0
0.01358466055426609 0.004938167887902422 0
0.01676892920463644 0.005610175260501392 0
0.001609693939758149 0.0008967609969195928 0
0.01240604643759485 0.005163271767141294 0
0.004100250435007871 0.006623478083905557 0
0.002753168604945162 0.002709201606371198 0
0.0001714107183311275 0.005569429465605798 0
0.0003834423814808464 0.005810758110569912 0
0.01617481835594983 0.006413590449656188 0
0.0002378546402223517 0.0002528927130087625 0
0.01050578368054729 0.006625603655787423 0
0.007167977115092101 0.004944289232557825 0
0.003302921154858011 0.002921628326534395 0
0.01596708059436319 0.00609358047009064 0
0.006128924146306328 0.0006368593216663637 0
0.007713451929020866 0.005054815218649408 0
0.006374113648377104 0.001037878580022156 0
0.01164196205624214 0.00183258341366934 0
0.0116809706868818 0.001679347393508012 0
0.01149733632974275 0.00176705655189144 0
0.01181540694240606 0.00161812006345567 0
0.01169257206732824 0.00153662361984062 0
0.01157868475127014 0.00157950989452281 0
0.01159727023803214 0.001458348514504551 0
0.01170200617362464 0.001411658295889897 0
0.01149073099102126 0.001505419928784163 0
0.0115110879525167 0.001409198913110444 0
0.01187052417435299 0.001451519586623749 0
0.0114563197579187 0.001597342032519356 0
0.01099445353968084 0.006367232449875424 0
0.01103744936744882 0.006251346527276039 0
0.01645873399259054 0.002355450590296415 0
0.001711239746400849 0.002143903034682297 0
0.01250651616327188 0.00395163562191932 0
0.002081515603185818 0.006809620566545925 0
0.01665272872007928 0.005327989757002261 0
0.01676880121948797 0.005318961005849874 0
0.002896273860413447 0.006728418878110969 0
0.002808600820966027 0.006817592610883825 0
0.002713824575947801 0.006799448914193995 0
0.008038483412958531 0.0008799352646377784 0
0.014087745487299 0.003970819376851476 0
0.01424279092914347 0.003707775154764399 0
0.001955181906151401 0.006447895978627669 0
0.01424086756057683 0.0002924904255349448 0
0.01433663491095118 0.0002502511026518362 0
0.01424439524346305 0.0001847900586572611 0
0.006055808897158628 0.004980403894340435 0
0.006123761005058784 0.005085423386217291 0
0.0168488871911129 0.00283465536489706 0
0.0001585520939131023 0.003938778502678901 0
0.004040510863319132 0.004285919434590545 0
0.01490075945663428 0.005580435383454186 0
0.01479177447824318 0.005629262996390739 0
0.01488436439334523 0.005702851258175838 0
0.01497514865002667 0.00575943467335684 0
0.01663070874423685 0.003735466069377427 0
0.01675069917039997 0.003786160772386752 0
0.01684124909188308 0.003719883980281766 0
0.003490468148998208 0.006746013385336341 0
0.003607525800751197 0.006693599097306357 0
0.003587506820590872 0.006808384984265364 0
0.01635501775715456 0.00662181246812656 0
0.01636078651596909 0.00677576248390467 0
0.009684615092037562 0.001984011022844104 0
0.00961658827381914 0.001922636390970218 0
0.00974696506824806 0.002088004925560823 0
0.00437797150895544 0.006437783693723613 0
0.00449779372064166 0.006396428005643309 0
0.004533544133057735 0.006296734751664097 0
0.004647121619926909 0.006277237697186105 0
0.01666046212585275 0.003854701379996292 0
0.0167638544455008 0.003897551681950095 0
0.005768908823976687 0.005347984557098399 0
0.01650464215938732 0.0008141736868119832 0
0.01518428006325788 0.0007779543243799057 0
0.01527173475868679 0.0009771951681787766 0
0.01546128224857169 0.0009802126069334573 0
0.01513628867423325 0.001180181137530813 0
0.0003404929293908433 0.001458596523007246 0
0.0002252030349437807 0.001467235190945182 0
0.006967115771983851 0.0002542848303682412 0
0.01677639179399781 0.0006919116309728008 0
0.0009351935965365241 0.000689386048978613 0
0.00516127032214289 0.002973484938808219 0
0.005303293675649237 0.002633310283388179 0
0.005621262804591581 0.00259026728288993 0
0.01633957734124162 0.0003457395657118709 0
0.001153350113054418 0.001147091578757641 0
0.01415893392132258 0.005170515514338232 0
0.001378779234580537 0.006669948816644392 0
0.01043305075798606 0.002437668303526831 0
0.01544728365338178 0.005162901483704287 0
0.01011186086369001 0.00203789771909157 0
0.01665592781028394 0.006826209658225215 0
0.01267453999967677 0.002080978578705214 0
0.01184969177345154 0.003106987045854998 0
0.01195427074963469 0.002780498012839934 0
0.008468808501250726 0.001148030412075071 0
0.01264142126741233 0.0005236056324682925 0
0.01211705375331123 0.005422718523172727 0
0.007605260039946552 0.004970216086280678 0
0.007610183642325451 0.005084260460357638 0
0.0164999249466053 0.006086044081876889 0
0.01665169254899038 0.006103487587561357 0
0.01671780118083214 0.006221909649650896 0
0.01666204075005257 0.006331975470814113 0
0.01677106862998221 0.006312150198193607 0
0.01676780196738601 0.006108945996607186 0
0.01671606818602394 0.006002800367445677 0
0.01195227955683065 0.005527759182748715 0
0.01184908033654461 0.005539292076531489 0
0.01190448357744017 0.00562929067291913 0
0.01179561568168486 0.005633867162716131 0
0.0159594083031397 0.0006178931826323038 0
0.008285707465127429 0.001089871117019345 0
0.006529762096304742 0.0003449426429300208 0
0.006642196894567793 0.0003643998886469278 0
0.004014339233415703 0.005858530889206029 0
0.007891706070857787 0.005256671760010581 0
0.0001920824362054638 0.006224526474603636 0
0.00021818450389041 0.006121500621955759 0
0.01562254777538227 0.006318229330394786 0
0.01330846710509491 0.0002492829817935787 0
0.01340382522616067 0.0001889918815907044 0
0.01321397322440937 0.0001989178240370615 0
0.001029026608226109 0.002590080412560116 0
0.005315566931640894 0.005648120578667693 0
0.01656694605369448 0.004742854697689706 0
0.005864106690446572 0.0008047679341392526 0
0.005784008297512859 0.0008655507655319912 0
0.009825269245433491 0.003118576125277086 0
0.007746102821755751 0.0005704145027787297 0
0.007624717747976006 0.0005658112208372732 0
0.0008145351734765646 0.006532477486614731 0
0.001850163992420331 0.006703821978740667 0
0.001811409224725898 0.006815852030993531 0
0.001909361483404126 0.00679620376731753 0
0.004605850981996524 0.002807329445905315 0
0.004371178841526756 0.002817810141985456 0
0.01340607228836391 8.88746046060554e-05 0
0.003590767368925286 0.006912970898687251 0
0.01100928298513646 0.005070912736634256 0
0.01618386084705163 0.005095496951612464 0
0.01305735099034941 0.003582536233471083 0
0.0002050728554701606 0.002310291782670749 0
0.01681925573588752 0.002597510672198045 0
0.003600839577987718 0.002043390945194396 0
0.003504119081788069 0.002107719881258485 0
0.003493257951670252 0.002216543106297812 0
0.003402695034187021 0.002151794613745001 0
0.009191178483970917 0.001728775455927535 0
0.009250745543446522 0.001832236862227299 0
0.001573285430251606 0.004141051433537284 0
0.001297216122900375 0.004203050489730962 0
0.00137143326766738 0.003904451248105298 0
0.005600141291324235 0.00128813544558371 0
0.008641912535755305 0.001681295704883225 0
0.001098759238224643 0.0004081399780129628 0
0.0009950357929927808 0.0004220673255713684 0
0.01128487096374932 0.002008929182901139 0
0.01130790322738707 0.001858146996481004 0
0.01118879711524487 0.001897285219413565 0
0.01120798917150296 0.001762563885094577 0
0.01110185048543316 0.001816787773581458 0
0.01106831134486994 0.001927901523341312 0
0.01131921444054255 0.001728377884449251 0
0.01099637842860531 0.001857781308200621 0
0.01094830436807675 0.001952968363795029 0
0.01089109238400528 0.00188065686060814 0
0.0110249188058957 0.001764599605561487 0
0.01124615970292088 0.001633881544000443 0
0.01111195644701403 0.002115333930676464 0
0.01134413709978185 0.001618962247147111 0
0.0002253863162745614 0.00207891306972863 0
0.0002002646864953904 0.001965420227557832 0
0.006488420590972844 0.004839832712847126 0
0.008216659869677569 0.005564898758080992 0
0.008124211000241615 0.005538869829062131 0
0.008566933715190492 0.001294208928851742 0
0.008650370637011431 0.001261832853324271 0
0.01594439952586818 0.004661523081713635 0
0.007526717267160611 0.00112626523486168 0
0.009473886462642963 0.001936232826635243 0
0.01094379225884467 0.005601637003732979 0
0.01072600454071194 0.005592984060122983 0
0.01156949273542809 0.005620182083230096 0
0.0115080242498014 0.005728730936476864 0
0.01163231040611659 0.00573032452189697 0
0.0004148017007405986 0.00444185410401161 0
0.0002858290792294906 0.004398432062749204 0
0.0001862509102775467 0.004457795826480469 0
0.0131145951280696 0.0002338173542028449 0
0.01674906418831407 0.0004514395813785682 0
0.0168172576838917 0.000530592140067055 0
0.01548152494805123 0.0003676003286117672 0
0.01543836487509783 0.0002525299443959803 0
0.01536235103817306 0.0003432978533784515 0
0.0153244066226182 0.0002292283237895557 0
0.005399631916308377 0.001334338015541426 0
0.0129805132847943 0.0005059016096485881 0
0.003933893867995274 0.006453512742274373 0
0.006278727459340491 0.0004854351994813713 0
0.01681035303426879 0.004624067845819418 0
0.01677821851274004 0.004713079943811819 0
0.01682281454904616 0.003313835560043054 0
0.01671364508972314 0.003227818561324512 0
0.01219849036544219 0.0008468035764844211 0
0.01229643124312902 0.000824146310719641 0
0.01234780799536744 0.0007229902749671113 0
0.0161133708382112 0.004441333598369646 0
0.01594859663627669 0.004200377524618458 0
0.0156735522172352 0.004162658837978489 0
0.01585537459614995 0.003957644290056469 0
0.001323112118289447 0.006154716805871672 0
0.01001697798404205 0.002887487304694369 0
0.007778533960134079 0.004774725010643697 0
0.0001835446476879821 0.002785915467740395 0
0.0001635459646584826 0.0003391345217506592 0
0.000213667244291435 0.0004448576076591915 0
0.0001556784057602494 0.0005367251506680657 0
0.007519174497938076 0.0004169872471433628 0
0.0111032962130279 0.006335725528900401 0
0.005015346304177996 0.001516720560582798 0
0.007942764248673193 0.003861453062164554 0
0.002415099054455588 0.005568310922547017 0
0.01632276662465533 0.005723962945480037 0
0.003147014943299449 0.002231038796630076 0
0.003277661212261513 0.002165455265576964 0
0.003257184659061389 0.002047417838368023 0
0.01321741048386547 0.004706378622919668 0
0.01314397426820235 0.004805905643079891 0
0.01317892012461911 0.004911404557934428 0
0.01306890873386113 0.004892485105295189 0
0.01568465907638192 0.006427753013610992 0
0.001159058835477486 0.004466820780931159 0
0.01596782189347972 0.0003593011088498157 0
0.00727993015200322 0.0003113565737551979 0
0.00600784421153481 0.003526054663703808 0
0.006351218358513492 0.003511917469678313 0
0.007406185871691204 0.004663036748194786 0
0.005413231518506608 0.002381227291386409 0
0.005688656971780556 0.002306085655280753 0
0.00599956694570191 0.00449897112131966 0
0.009280467900356944 0.001746613459241644 0
0.0150671422786433 0.0009406482848110694 0
0.01490041626290153 0.00110558957443723 0
0.01478711450905456 0.0001550487750365511 0
0.006553604867546471 0.004944391290940988 0
0.01680482907621657 0.004407684248128231 0
0.006297197469140477 0.0008602333828532254 0
0.01513298238882984 0.005976390040657627 0
0.01262263275187775 0.004848248335909078 0
0.0127528528459855 0.004889992934599902 0
0.01286406415471702 0.00482176359731816 0
0.01285721878046574 0.004949125819151494 0
0.002794807059616334 0.001841625291949858 0
0.0001874730322290914 0.003843429301050672 0
0.01620909187606227 0.001134219139626355 0
0.009222565784367453 0.002163758196227665 0
0.01656146317318923 0.001784552876033956 0
0.01663021516873468 0.001913961002113509 0
0.0004526933732616461 0.003411344478960787 0
0.0003390897974484362 0.003327870265461093 0
0.0003164108550919691 0.003453638405918513 0
0.0002327058539077029 0.00336793995295238 0
0.000243580189591492 0.003262258833814796 0
0.0001585730060781488 0.003303903218873461 0
0.000399856854730431 0.00356421703169242 0
0.0001867698621809463 0.003481013226549037 0
0.01675813813891045 0.006610871738606588 0
0.0001739883768980162 0.004886519922701715 0
0.0002549548151793996 0.004961519179075426 0
0.0001183614875029382 0.00479637117466052 0
0.00140978111162546 0.001176802042117628 0
0.004324915135086312 0.006557421799659458 0
0.005427393509222861 0.004205981227643142 0
0.005199215414792821 0.004014827720416052 0
0.005164704230350804 0.004287511621733914 0
0.00490521165870201 0.004124679203815931 0
0.002154552169187408 0.006885110757119839 0
0.01679885205463088 0.0003363841316725144 0
0.0013304238932499 0.003064790145137677 0
0.001192397191009245 0.003351083897560757 0
0.001093186880409823 0.003128722487129676 0
0.001906217854496932 0.005651389193300325 0
0.005457851968799948 0.005608763871860244 0
0.002460226500818528 0.00687953257655017 0
0.003017500683911725 0.006730461453727254 0
0.003060783687689294 0.006830360974642194 0
0.0003942454867254825 0.00179843163866343 0
0.01506127400058007 0.005045933080059756 0
0.006025111279243267 0.0006264913743703419 0
0.005929337297160934 0.0006247698503811247 0
0.002310972264947529 0.001450032541252735 0
0.01300306843834388 0.001032605283244265 0
0.01269449025519868 0.005091324810895027 0
0.007932613122532709 0.002476258713836679 0
0.007822448292958716 0.002253223708599396 0
0.01380156169769961 0.005008395805384942 0
0.01388190059357313 0.005052976109410651 0
0.01370138551225055 0.004962739969501249 0
0.009169552102589915 0.006019111481363427 0
0.004273229798112517 0.002110617762842924 0
0.004146276767838686 0.002239892490053187 0
0.0003650046376136532 0.003132798695566165 0
0.0002667794158304985 0.003059281356714074 0
0.01535411286621231 0.006164728916398793 0
0.0002634303787046096 0.000546371326255438 0
0.0002027131759649962 0.0006369579566005783 0
0.01192347326800584 0.001190676873141732 0
0.01185729645077252 0.001278591864424061 0
0.011807106715409 0.00118229659505526 0
0.0001351771126365392 0.006047577516889771 0
0.007443618013659594 0.005083533496954072 0
0.00877771784822357 0.002907850100520218 0
0.01688756412475396 0.003394797930130119 0
0.01399850158844253 0.0004922092905284459 0
0.005032374136488266 0.002727178563846415 0
0.01218825756878814 0.001448424434388985 0
0.0005002365952542446 0.000144080052789871 0
0.00133295584987844 0.0005682213040104443 0
0.002685949840011948 0.005998449827203746 0
0.01301456527517846 0.0002579786242717401 0
0.0137212458136957 0.005048322113069734 0
0.01653788092624314 0.0068210166440259 0
0.01679838052163002 0.005844497808280939 0
0.0168521365648629 0.005751315834490598 0
0.01685174153080626 0.005937250334648779 0
0.01343091786307493 0.003948511157744712 0
0.0003663516319824828 0.006800376553373122 0
0.0002598532918355687 0.006817458150415449 0
0.0001805903510792295 0.006733505400653657 0
0.0002019197826439792 0.006634834125467153 0
0.0001356935442819538 0.006553426104824974 0
0.0001922422989074773 0.003694192335972221 0
0.0001982780920573943 0.005411903971450894 0
0.0006200316767282239 0.001116393675102209 0
0.00778155139650381 0.005282191220737767 0
0.007708650030613766 0.005204122313204213 0
0.01683233069924676 0.0002296655462801982 0
0.01676665964740193 0.0001453136418376336 0
0.003421452946732969 0.002036542223664049 0
0.01253563673278309 0.0005584558219617099 0
0.01250327808958305 0.0006683767791355179 0
0.009794716620702569 0.001990814396377404 0
0.008897423658336102 0.001507065730443678 0
0.00046879381083266 0.0007335154754228874 0
0.0003404352953108834 0.0007367926834136776 0
0.01628013680163505 0.004769516578171012 0
0.006209756715938512 0.00379008357602901 0
0.006527558781493406 0.003795662500622297 0
0.005646027671725271 0.005115307810801201 0
0.009621117030251742 0.002927541273416728 0
0.005632831822778095 0.005461378365465229 0
0.01656829170921769 0.002048493047766125 0
0.0167048522956081 0.002019878955575746 0
0.01676070481646894 0.001913678019912018 0
0.008338616914192607 0.00555867318753723 0
0.01673610827927098 0.0007891725851151086 0
0.001867144231939988 0.006892146602043664 0
0.01186828618235805 0.001095743757417266 0
0.01169983627697308 0.001173810154033254 0
0.01174191317364316 0.001267635402823571 0
0.01115071998971676 0.006241376547332311 0
0.001357799442072495 0.006785253132921207 0
0.003452144595477348 0.006239135066696344 0
0.008409331362148928 0.005736547838559989 0
0.005225323681795841 0.005688500247990873 0
0.00526285656481665 0.005787062031545263 0
0.002372895180158987 0.002052537389021716 0
0.01457664238421076 0.005504936016386373 0
0.003168549076465286 0.001985769557958961 0
0.01680532968703103 0.004185468456844626 0
0.01670512000866015 0.004106490219471195 0
0.01681633841535434 0.004077491016652102 0
0.00506692319190385 0.005982281249641215 0
0.002523898731388538 0.002049679725217785 0
0.004446624546440904 0.005694963463248083 0
0.01574832380749134 0.006522925313768817 0
0.008996844859412732 0.006148594991039407 0
0.01517564847627754 0.00318986855079099 0
0.004726567651614872 0.006139753926117722 0
0.0002120736567826648 0.001168575831641847 0
0.01328824145902501 0.004950845505680161 0
0.01319368586049386 0.005001358326428834 0
0.004852555160374198 0.006115805557001154 0
0.004810872097646953 0.006214629800413668 0
0.01681563450655362 0.002310069611393097 0
0.01673778304743051 0.002217754839442652 0
0.01683556518845457 0.002207772915423066 0
0.006954700020968891 0.004873843360629425 0
0.001010498541285488 0.002051560749625674 0
0.0009190487520201749 0.002274494016289406 0
0.009361614397455295 0.006508964960745133 0
0.004069851704657911 0.001989954485836443 0
0.01297325813061255 0.0003630496899818614 0
0.01099038039658002 0.003516866674168732 0
0.0002007876594984949 0.002546497090100658 0
0.002755371162582195 0.006892904509456108 0
0.01359281651102514 0.004685256157199595 0
0.008506849809187315 0.005331979510796538 0
0.01680299349058871 0.001712990692769786 0
0.004911172579749839 0.001476959685726254 0
0.00272385902816377 0.006300627621119405 0
0.002112068390514418 0.002674514945670996 0
0.001056849670453441 0.004256007234779277 0
0.016831272519537 0.005207298248361504 0
0.01687823104848894 0.005309662995448288 0
0.01385668281726281 0.0001798796069816147 0
0.01395140418054497 0.0001291937354252811 0
0.0003863193283562185 0.0001555913626250832 0
0.002415637868131119 0.005864067941017263 0
0.01206311448346693 0.002507152633235373 0
0.01542330958453966 0.005689774789155975 0
0.008410698181265421 0.001645164626602177 0
0.0041828688900845 0.002036842224987448 0
0.004153627589436223 0.001933638634113056 0
0.01285996277823547 0.000330607134763552 0
0.006092600509374824 0.0005288832282833631 0
0.008823770356983066 0.001429633556723407 0
0.001658707325380882 0.006825489743860064 0
0.0001572546298472637 0.001260917807974269 0
0.01684302690078262 0.0007696664984578766 0
0.01682937517618203 0.005521671680267795 0
0.01276033383774247 0.005004749980454614 0
0.01285130683099456 0.005052242651853675 0
0.001749343439996007 0.003652303320929982 0
0.003255739384437245 0.006828973253803505 0
0.00335010964464641 0.006882179037235133 0
0.0030855153213916 0.001920002437332718 0
0.00163995854511039 0.000799558483702157 0
0.01375198964527755 0.003573744872729189 0
0.007199136947292841 0.003412393994032403 0
0.01340455063708993 0.004970826269827941 0
0.01087603733395058 0.002042667574613099 0
0.0003349659666515396 0.0004611975478026938 0
0.007073978678645315 0.004989256403774604 0
0.001380214343141365 0.006561383723212744 0
0.0122017865222132 0.003042611977782677 0
0.01470855514700427 0.005591276258598293 0
0.01469507984678747 0.005681481942931501 0
0.01610355968480767 0.004019244444883291 0
0.0007953217191787876 0.006690433116992163 0
0.006009101661974351 0.002216188556407178 0
0.0006265495749729223 0.005766302467516685 0
0.0148863515240256 0.0001032029352289908 0
0.0106452200441396 0.006022696075399784 0
0.006528321068439969 0.002436709078378852 0
0.009432645055148046 0.006592293359218646 0
0.009252603885171152 0.006466721629094044 0
0.01202939749555462 0.0009837648873815183 0
0.01444002957893463 0.0003031398701952765 0
0.01450707369966165 0.0002046879622802367 0
0.01461161358002421 0.0002081192576981242 0
0.01457002325268573 0.0001278384406196206 0
0.006231489317636103 0.005092182576473772 0
0.006182010218672776 0.005157613256435281 0
0.01680664961415477 0.001010441292679991 0
0.009211360964791949 0.00193758746806651 0
0.01462525094172944 0.004836094502736729 0
0.004489693775672863 0.002158274884508797 0
0.01531993395272361 0.003537908618308398 0
0.01001312629267704 0.002024061755465655 0
0.006737968698374822 0.004950699685021662 0
0.01315229771237734 0.00262883191118951 0
0.01331298811921612 0.002223580911389277 0
0.01372902588985332 0.002248578045992064 0
0.01353257360426429 0.00193148972739705 0
0.01392140338965166 0.001916753414430372 0
0.002630722551033297 0.001682106257158416 0
0.0026418940498301 0.001587251034446255 0
0.001910406606803118 0.006584172274104152 0
0.01077502570155092 0.002219815636509559 0
0.01296041099988164 0.004910432681411366 0
0.009548058566015894 0.006610260210726394 0
0.01540373020193265 0.0001540409322607758 0
0.01529320248330974 0.0001318942730342545 0
0.0005574878395450261 0.006856296369127695 0
0.001439618300174217 0.006851833492107095 0
0.001852983054643896 0.001441029623825392 0
0.01642634509230665 0.0001561867914228409 0
0.01302754072523565 0.00478872652646825 0
0.01301931312315123 0.004993548150935195 0
0.01397518035436893 0.005001660956682654 0
0.01401141164229527 0.005102051859874947 0
0.0004531445910840402 0.006899181773624575 0
0.005943498410660377 0.00124941554026946 0
0.008270998229607187 0.001425487151884811 0
0.01367889037949271 0.004865882709346521 0
0.006646515357336727 0.004991261006555321 0
0.007723602558993521 0.0009929553441273319 0
0.008735161283250902 0.001768941377636663 0
0.01470861980641863 0.001863245422393401 0
0.01451349663243758 0.001532346451862141 0
0.0001339218011169457 0.005644036649004827 0
0.001229310526893773 0.00634601595047291 0
0.008867766362364424 0.006127107348921678 0
0.01591812263559501 0.0002562331912245729 0
0.01682430078567356 0.006705768053212951 0
0.01677280168658691 0.006807553576564215 0
0.01684726831683555 0.006899943814903549 0
0.01578050064950348 0.005574560800766917 0
0.01685544379855944 0.0004464513634883037 0
0.0005484207989354447 0.003777389914270461 0
0.0120580287007673 0.005529709285343952 0
0.009124650002755256 0.006342970343230113 0
0.01035586325688117 0.002290705427290504 0
0.002957561652645442 0.006810613868550159 0
0.01432994041667616 0.001878522670112132 0
0.01415632341904138 0.001545147891969877 0
0.003888527885936363 0.002961564864634571 0
0.004060083250954722 0.002853671493575753 0
0.0009505471750357302 0.003434644193038537 0
0.004397718377371344 0.005878984968844998 0
0.01433320042695269 0.002554022185308345 0
0.0003865797593730486 0.0008491548639983494 0
0.003950821164219224 0.006792550259767957 0
0.0001926618636053905 0.004355060134695583 0
0.0002712037901996256 0.004277581688899677 0
0.0001746837908239689 0.004255439532502155 0
0.007987457441098501 0.001218989441771466 0
0.01503677560270746 0.005911587855218586 0
0.01610066653963176 0.0001685593663570666 0
0.005119641349895722 0.001551829592905018 0
0.0009539862004267884 0.006844134307419137 0
0.005164132178034412 0.005964736494426956 0
9.820298568293147e-05 0.0006355310080052713 0
0.0001619653886677473 0.001772360220428123 0
0.0001188729985915713 0.001687289083644358 0
0.01003374953781187 0.006762237997477638 0
0.009976216841536621 0.006681620298677587 0
0.004221087158826293 0.005956833661052542 0
0.009735125069308239 0.005691815341534918 0
0.004415294390522202 0.006528428926844366 0
0.0001502643803465275 8.463005650969236e-05 0
8.931892142841936e-05 0.006249517740965682 0
0.01691874134631432 0.004750900923470731 0
6.937530373613693e-05 0.00224803139001387 0
0.000192234798390074 0.002424700160998772 0
8.405821398081194e-05 0.005147937886278084 0
8.518195073483996e-05 0.005047977927321238 0
0.0001725818251591526 0.005108017008262869 0
0.01691605544249698 0.001852163994853983 0
0.01691343213618218 0.0009524224831101969 0
0.01691075026489121 0.001352839863099907 0
0.01691891460540924 0.006148867031349305 0
8.641591338067779e-05 0.0008496596511332814 0
0.0001685437265027939 0.0008021295169088126 0
0.0169177774989517 0.006651081465331588 0
0.01691900933283005 0.006351270372193882 0
0.01690142063438058 0.004248518085679285 0
0.01690177441262458 0.004353319853052913 0
0.01691943043262062 0.003657294324111743 0
0.01691426875279146 0.003052059647490174 0
0.01683038079729365 0.0030107567786792 0
0.01683095967028112 0.003102406738382228 0
9.652313587765575e-05 0.004549460233765372 0
7.867775109682458e-05 0.001451724339952144 0
8.56709986531614e-05 0.001048572943780318 0
8.711956971306674e-05 0.005847074516413478 0
0.0001761087130378019 0.005799437983938898 0
0.0001020104009284359 0.001952093975034877 0
8.57287618119696e-05 0.003048451783095252 0
0.01691841043285142 0.003948113905102933 0
8.577666239457764e-05 0.005350182426756354 0
0.01691153895886385 0.004553661405131247 0
0.01691343213618218 0.00165214219580819 0
0.01691958787112498 0.005051094629680925 0
8.956537011838191e-05 0.003645522107727312 0
0.0001737512012046534 0.003591864827430192 0
0.01691863438118105 0.001152658123290187 0
0.01690737423071378 0.002754298552829923 0
8.634876747948619e-05 0.004446605630189004 0
8.565737595522295e-05 0.002646958709755722 0
7.824486192156872e-05 0.002166768319263782 0
8.343150033183859e-05 0.006460546947678914 0
0.01691343213618213 0.001452222277894477 0
0.01691592401418808 0.001951987049070496 0
0.01682242495469256 0.001994094199713316 0
0.01679696434525652 0.002110240277703828 0
0.01691416369376736 0.003151550047568404 0
0.01692231380271327 0.004850860882427579 0
8.656786381786886e-05 0.002948818789227267 0
8.236835118020404e-05 0.0041445727299042 0
0.01691560614146342 0.006451398682052975 0
0.01682272426560142 0.006502506122328945 0
0.0001763397726281622 0.0009001640891786785 0
0.0001728504951295871 0.005898301305832413 0
0.0002711530825713453 0.005749931700368315 0
0.0169123896606889 0.004045119445084392 0
0.006354488219803373 0.000403608850368178 0
0.002646464238789776 0.004354552524418966 0
0.01520727855229992 0.0002095399774268676 0
0.01065417951765994 0.002963951647202468 0
0.01591618927704524 0.006620617640530743 0
0.01054686028502872 0.006526439349720465 0
0.01061802277634935 0.00661719963539706 0
0.01120943944126324 0.006155716451683703 0
0.01626237632562885 8.139361420701329e-05 0
0.01585342246460266 8.399780012350363e-05 0
0.0141965204794555 8.859661330760417e-05 0
0.01414843470742571 0.0001566501845983001 0
0.001131250634073705 0.006915420448015814 0
0.001617047728913773 0.006914141922264865 0
0.0007301340986921208 0.006918956688765543 0
0.01370436776620985 8.687861420693431e-05 0
0.01507461654066311 8.754432814184285e-05 0
0.01360650301724145 8.640717309117132e-05 0
0.00876445925115747 0.005397134275826724 0
0.004288930047807867 0.001911139434217823 0
0.003528985097332416 0.002957777338340146 0
0.0001771888125147846 0.00289715015880039 0
0.0001731357345781358 0.002998798768705712 0
0.003005250237394111 0.006912330085565863 0
0.01655903984513066 0.001448012190110224 0
0.01191513330315128 0.004065548711312053 0
0.0001694606354106752 0.004095587478842188 0
0.01161235850681442 0.001353662191785936 0
0.01658855641871311 0.005974713743091506 0
0.0002403408620893829 0.006913700944638274 0
0.0107790164877752 0.005921246930118544 0
0.007316411644091334 0.002382358573724017 0
0.007667545046479736 0.005282694746506959 0
0.006845596353878791 0.0002565262432805441 0
0.003259610251686342 0.001953863820140663 0
0.007352533813993865 0.005096790262324582 0
0.008708326378693117 0.002516930728460702 0
0.007891655772298861 0.0006813836117311031 0
0.007049857565409278 0.002076575538757636 0
0.007383046564216431 0.002073311887742351 0
0.009445612238587453 0.001841554839516635 0
0.01649745301749166 0.002837523985662535 0
8.944238288697941e-05 0.003544029305275806 0
0.009598193271929806 0.005849175460435212 0
0.009814699198864626 0.005905421275817989 0
0.009051407149768192 0.006041799443630163 0
0.008491218936066526 0.00581655947489833 0
0.009404018398762712 0.004140305642949892 0
0.009618920090334935 0.004424527888273369 0
0.01000901537198421 0.004384860118059506 0
0.009874530439998032 0.004743968268190279 0
0.009428906858863511 0.004752938680632052 0
0.003846470438087521 0.006813618415072348 0
0.004189327510558486 0.006682606855072106 0
0.01581723622866985 0.003684936253388061 0
0.01546539485623949 0.005488648168423238 0
0.01429430536042197 8.568124649213724e-05 0
0.01243240486507466 0.0005844079963916774 0
0.01192016382427922 0.001008188569436036 0
0.01205036816274892 0.0008886426408621323 0
0.01682690759593423 0.00320152155963941 0
0.009861716878300395 0.006529930306483792 0
0.009874981447116031 0.006637434483265628 0
0.009809320214639525 0.006713668763933044 0
0.006749222307784238 0.0002324088220050746 0
0.01608798762497539 0.006724931575925202 0
0.01619911198887856 0.006717226012373548 0
0.01624132594197633 0.006629418939941564 0
0.008150279417344862 0.0009003302265840792 0
0.0126634866451677 0.0004271606506236259 0
0.01156051981719109 0.005967832583902334 0
0.0137928955213051 0.0005415894223959779 0
0.01691825990073838 0.005557005295171958 0
0.01602703240572597 0.0004827477542266234 0
0.007235278509496437 0.005018061402722369 0
0.004948654564237497 0.006103183451355526 0
0.001994598151177352 0.005900762137119628 0
0.002178168289009621 0.005716123137002342 0
0.002269149482049678 0.00500924917829295 0
0.01262640580638121 0.0009933590695440603 0
0.002531298418291896 0.001714893561369107 0
0.002816941323522318 0.002533884692760589 0
0.0152131902989401 0.006035711930962601 0
0.002578763983217276 0.003220159028100801 0
0.01574195706512111 0.001702181726049794 0
0.005767537584601801 0.0007699664039520306 0
0.01691734874677144 0.002451483240794964 0
0.001804073160553728 0.0009905460167977751 0
0.002304497018433231 0.006781076181491459 0
0.00847732419752263 0.002974254433357129 0
0.007968090358732756 0.001925309928130134 0
0.00776163981599792 0.001888288063184197 0
0.00832377826674653 0.005773427140619718 0
0.008337006924089571 0.005678204254756729 0
0.01169082899470864 0.00563193687397957 0
0.01175594522302167 0.005736531261783908 0
0.01168321816566297 0.005822477920985317 0
0.01108048246491995 0.005296698097877418 0
0.01682843699877974 0.001814419867235181 0
0.004017458597895505 0.006549298617357207 0
0.004094490734990037 0.006724840887910158 0
0.003776233043249322 0.002320800068917231 0
0.01405299940192667 0.0001740696650209461 0
0.002000395883144245 0.001167610097687012 0
0.002086046836328717 0.001235885083339675 0
0.000968076920586548 0.002777446895538051 0
0.005174985316734396 0.005203370775225606 0
0.0060163293729291 0.00521776326654829 0
0.01276125717912673 0.0003779684894945259 0
0.001932923880956211 0.00205361096251178 0
0.002075899955035399 0.002219951785578793 0
0.000774464532291924 0.006055036319255112 0
0.00691514493714074 0.004972342261122114 0
0.01246082097936069 0.001161269583659079 0
0.005966041433762564 0.005313818617273466 0
0.01682682755807915 0.00499921810367405 0
0.01598153688539892 0.006703251377116288 0
0.009117270708505966 0.001647449525104994 0
0.009069070509085366 0.001551515962209458 0
0.01394128410930967 0.002579238888329384 0
0.0001877446319910568 0.004559604848978757 0
0.007688741567084406 0.0004860348456899896 0
0.002260469404410959 0.001266491674717408 0
0.002162526673480073 0.001301787642194654 0
0.002238171703732215 0.001366312029791397 0
0.002259081154143222 0.001936024145334881 0
0.001590867737117433 0.0007294891621522576 0
0.01307405034121056 0.002050872558736357 0
0.0007157583446157946 0.001870553230016241 0
0.0001986301943619085 0.001358705686826729 0
0.01330466950743191 0.0001367350478076778 0
0.01642978347986879 0.00683566793660908 0
0.01649158833477218 0.006910211131610739 0
0.008124055743976183 0.001436108774580252 0
0.003057547927675461 0.003300135254450674 0
0.01682889910854587 0.006206116262902132 0
0.01512344908824853 0.0006144459249178436 0
0.003680550133871344 0.004400520333923336 0
0.01486988080841469 0.005858358238742501 0
0.002130976281232682 0.001146769705355353 0
0.0053654919275599 0.005801983501919393 0
0.0008701298698735229 0.0002522989063860163 0
0.0009396413217716325 0.0003418325741036538 0
0.01110498590817387 0.001716087650992111 0
0.002000938282769382 0.001028430540463597 0
0.001154039819116882 0.00552164538793485 0
0.001555207311942777 0.006828909367727372 0
0.01682559717669649 0.001592234280821642 0
0.01440981911288015 0.005467403731674357 0
0.01682185952751454 0.005415115740511046 0
0.00477326493867628 0.005350004419365711 0
0.002327501205967666 0.001319631641202332 0
0.001393947947548855 0.003647906480664254 0
8.302408782123218e-05 0.006750326946922825 0
0.01500029825340159 0.0001757958305693566 0
0.005534915223579216 0.00559132837941093 0
0.01191973340575747 0.005727906212404005 0
0.0019374995164561 0.000970628658697984 0
0.001771823546076413 0.000898252512843888 0
0.01529256867959797 0.005545875801666982 0
0.01236518935192047 0.005264890179832889 0
0.01146637969958638 0.002650621243153217 0
0.009551950144775683 0.006696028424505783 0
0.00764456806989584 0.004828223210568279 0
0.001082075201817446 0.00682890168811311 0
0.005158683878794833 0.005496341317413113 0
0.01217182913691443 0.005510252807669128 0
0.001233620553654126 0.00691338531774453 0
0.0125575663039989 0.0004648182537059205 0
9.405641441262436e-05 0.0001586216531316085 0
0.003347879707271789 0.005670898763606139 0
0.0009797278529398556 0.0002425090069539337 0
0.002049782787483009 0.001332724435040936 0
0.002464902845291769 0.001436011108731143 0
0.007924577700893217 0.005449597583384156 0
0.005206116215420906 0.001167427866168144 0
0.01178241885995698 0.005839849704829989 0
0.01600408026003779 0.003801932802649807 0
8.575397393825908e-05 0.002746151885680037 0
0.005272381743460928 0.001107077173701768 0
0.008555463253667106 0.001108512157978435 0
0.0001461936883849855 0.006920002576294696 0
0.01684935800987896 8.197324573632706e-05 0
0.01532658327846709 0.006259489595412638 0
8.303911517533805e-05 0.002449018994442988 0
0.01198519952318653 0.005675933364925008 0
0.008454078231842745 0.005898986736355165 0
0.000762296396512022 0.001562607686671364 0
0.004687839377724982 0.001593764448002115 0
0.0123119125729451 0.005423696097878407 0
0.01519219234635167 0.006149616342260937 0
0.005702795589567618 0.005515735336937877 0
0.01129821434806949 0.00148047893798723 0
0.01138489190484057 0.001519931884877799 0
0.01682924334434095 0.001285645356944859 0
0.0002970212861903871 0.001893322357699956 0
0.01413458708117672 0.002224154867663143 0
0.01566990629032948 8.141066085988816e-05 0
0.01037679939715011 0.006441735289458345 0
0.008936634402436817 0.001427630434363851 0
0.008574685957261949 0.006008032068589854 0
0.008419129948658292 0.0009899194582170491 0
0.006200228811308412 0.0005592507365873413 0
0.01062419204490993 0.003180074266785707 0
0.00976338872550284 0.006291213884468979 0
0.009832413885771909 0.006175145471486584 0
0.01691235019290029 0.002549803527829973 0
0.00481949784202177 0.001472056637403762 0
0.01152953698204175 0.006054028237213748 0
0.01680694201624126 0.004508118671821365 0
0.0128121729349374 0.0008511305759512458 0
0.0005438174623312829 0.00182360145234181 0
0.009873854345901593 0.005495100029763157 0
0.01006313528720115 0.005276675277313554 0
0.005298826448086987 0.001195059281197666 0
0.0007989417755193034 0.005265819925989621 0
0.0009944483473405367 0.005163398568808491 0
0.01036782824836436 0.006735564821940022 0
0.005838706643732827 0.005415826745406277 0
0.01116485057360053 0.001582418912220495 0
0.01434212237356881 0.005419149518446516 0
0.01442435054377622 0.00538631304038035 0
0.01224074730954055 0.001277285807643297 0
0.006339732589084154 0.004285064236473831 0
0.006574416926058981 0.004190199907383797 0
0.01550151983807353 0.003054691533166808 0
0.01214389894177362 0.0007583079808680835 0
0.01602393360730534 0.003579390777217031 0
0.01632265403689693 0.001453161357710907 0
0.01473899240819419 0.001313924882514194 0
0.01175292922657544 0.00255832510020167 0
0.01409197843995759 0.005242435151646392 0
0.002931488046247535 0.001740576396228809 0
0.008285334487511304 0.000898462128502552 0
0.008708752907162092 0.00611805817392556 0
0.0001707532815285202 0.003101394206266858 0
0.01449773531826628 8.943837888483741e-05 0
0.01251463777209316 0.005293709262844334 0
0.004490317639606567 0.001705732472553928 0
0.007880307232015497 0.005354271085855063 0
0.01691176242512834 0.002152649926017096 0
0.002888110442270586 0.001904314189039194 0
0.008070837488970748 0.005483698587962972 0
0.0004220304132601937 0.001932268784335398 0
0.003051573581904842 0.004231263542079789 0
0.01621305841229748 0.000167964801767046 0
0.006790333882226845 0.001579195065593177 0
0.01225169546894934 0.004362010456350953 0
0.01638093231214338 0.0002488061082821852 0
0.00632863566873532 0.005061985138239095 0
0.0002290718595338963 0.006530543824822328 0
0.0153836587215507 0.006322152583471909 0
0.01139865376161315 0.006177391863471176 0
0.005601520498783581 0.0008224518489326946 0
0.00492825759469155 0.005550171633900864 0
0.01083803293728638 0.001797947733996475 0
0.01079266772941318 0.001881574045047155 0
0.01364962139926312 0.001452418938339046 0
0.01038282584773011 0.004306621579082108 0
0.008388970218555619 0.001076854014866159 0
0.004613292106907426 0.001612381948031835 0
0.01237489544202479 0.005370292842137656 0
0.002794349796852091 0.001682340085726926 0
0.01420497676427353 0.005329691947116822 0
0.005751212295165451 0.002039192330099884 0
0.005395827038144138 0.004448013231811799 0
0.004588263303689502 0.006374815943975236 0
0.004937601708099624 0.004448499795382096 0
8.285212347901479e-05 0.004241896026088911 0
0.01103124824825105 0.001669105808653005 0
0.008841532225398546 0.006226273886633896 0
0.008164965917056488 0.0007650313969473892 0
0.01213855578714405 0.004564070769535859 0
0.01691578475174389 0.002257314182840948 0
0.009658328142935449 0.006020249275914377 0
0.01320220206961565 0.0001031105929650499 0
0.008726405908551515 0.00601282599442827 0
0.01559887386580835 0.002774319202299191 0
0.01226922855452134 0.0006226643844469016 0
0.004734347811617182 0.006368556950473328 0
0.01124133701980038 0.006247614675116343 0
0.01505698036931792 0.006027169859035638 0
0.004735434247860675 0.001684045814537404 0
0.01634820634053454 0.001246799624941712 0
9.456403358341046e-05 0.00384704234224296 0
0.01648165916698625 0.005781663744378544 0
0.01342570915775063 0.0006041694497752118 0
0.006491983675250501 0.005028864416758698 0
0.0001759178502813551 0.0009998722928085189 0
0.01046119386670876 0.006031559822937198 0
0.01683485720383156 0.001114973352656676 0
0.0169103427005926 0.0005450053367530368 0
0.0007858443851661862 0.006829709580901027 0
0.001354189088898075 0.0004734114158150976 0
0.01564965147326812 0.00653154648440647 0
0.003098879626621681 0.006921359878197845 0
0.007158423577248728 0.004229831883769191 0
0.01658520957826101 0.003046267151529596 0
0.01668883085327466 0.003106247401868929 0
0.0150829043526329 0.0004830725973245637 0
0.01551040302558665 0.0064311691023279 0
0.001487532857256009 0.0005724225643363961 0
0.005691737753818789 0.0008644206430880683 0
0.0114949370733223 0.001316901822563149 0
0.009608374278928107 0.001841161752090346 0
0.01258456257706527 0.005248686187290843 0
0.01409071401686893 0.004213485976163207 0
0.003373290708801409 0.002252634407260361 0
0.008135200006129391 0.004982136162372704 0
0.0008684259929229938 0.002462570462839505 0
0.01664586570005598 0.006925796672104573 0
0.008965631178477188 0.00157225367308867 0
0.005806266281298936 0.005239151679790112 0
0.008844389163592476 0.001714462334738553 0
0.008768661364025177 0.002311609320058711 0
0.008967853416430048 0.006337492009008116 0
0.008041034389115376 0.0006741860505729016 0
0.01356595957733824 0.0006725452923551246 0
0.002989280360239269 0.00178522663979635 0
0.0140109386961619 0.005205299442517462 0
0.0003478943597644609 7.0881141096245e-05 0
0.01447195040062934 0.004381207571458905 0
0.007331180293667331 0.000760429562269026 0
0.005011709748255785 0.001322347486386736 0
0.01692046807530105 0.0002552991240316023 0
0.01142901830645181 0.001372282960708203 0
0.005798784161500498 0.001795427209834071 0
0.01138615984666122 0.006068887182693681 0
0.005706403244758016 0.001221805450640467 0
0.01665323406702791 0.002134809385703527 0
0.0002619883895877261 0.0008449329361091074 0
0.01635425956653395 0.005088818907842869 0
0.01628065314565648 0.004935147549970908 0
0.01671618587294807 0.005398707921231912 0
0.005505383310821869 0.005683468496672628 0
0.0001653058128360339 0.003200700048565608 0
0.01284579708607825 0.005130921171041275 0
0.007530047073429192 0.005218103021017325 0
0.009474289670428709 0.001778444649418339 0
0.004580567071896686 0.00647063124863711 0
0.01410061124086615 0.001228562508853337 0
0.006403044723151176 0.004638081163617339 0
0.01448291928604256 0.001012777339103999 0
0.01450104909749586 0.001238963812492879 0
0.009264144147476202 0.005168995419157251 0
0.0168361849525947 0.006388286706063573 0
0.0007016790641562135 0.002527890064298514 0
0.01275338251608817 0.003942450619784455 0
0.01480305897085283 0.0008139676964325458 0
0.01673863573178139 0.004007414233362532 0
0.004383746367135001 0.001840443167689995 0
0.002283601773844932 0.006101351447079278 0
0.001116736531220597 0.003605936282615721 0
0.01557161847045175 8.249906077852e-05 0
0.01527561114802384 0.006103645122189579 0
0.01629668410228588 0.004135152937913001 0
0.00743906128757502 0.004793431092471104 0
0.0002698917963882361 0.002953829644334459 0
0.010131630477952 0.004014535923546829 0
0.0034398332771922 0.006848070779438811 0
0.01093929089416781 0.006437328786391855 0
0.01606360081554472 0.002658158450890754 0
0.01605449846027514 8.610488046118404e-05 0
0.004290254400759549 0.001815247133923829 0
0.01271792597713149 0.005191490556828307 0
0.008415636761859677 0.005227196407845367 0
0.009026414791490365 0.004719083267536161 0
0.0001964356097339127 0.0001614782615298352 0
0.007384812141367938 0.0003308777898643712 0
0.006541691827748499 0.004708410460137319 0
0.002354071620235095 0.006686933527746773 0
0.003336766287795582 0.00199690641550586 0
0.003129588391186815 0.001845685981798747 0
0.01387246883522372 0.00514946042395603 0
0.0008011791436861211 0.003123090436345725 0
0.002201105199594254 0.001482705482738709 0
0.006683003774778464 0.004320625790167819 0
0.00669128027293091 0.004006481377990777 0
0.0155101924591569 0.0001658384573457079 0
0.0002570802845684294 0.003164445455154173 0
0.01156742075980397 0.005814924697472483 0
0.007772712035683558 0.0004741890340232402 0
0.01087885714752352 0.00265967038152822 0
0.0008356544375264507 0.00463422826020872 0
0.008253957176366735 0.005721940487564268 0
0.003898753812860889 0.002005327833298975 0
0.008553634186511738 0.001585101400672567 0
0.003573106108852278 0.002726942022807092 0
0.0126455451231123 0.00441026131574469 0
0.01261613768653927 0.004197847016585828 0
0.01552412001378952 0.006333638778393826 0
0.01571667149251123 0.0001618602551985309 0
0.007909423158540463 0.0005646355555945747 0
0.01108536879725866 0.006424039535962838 0
0.00909801326119522 0.006432506992119245 0
0.01584960685523321 0.00270600440836203 0
7.89886416743546e-05 0.003347358782000267 0
0.01063067833785178 0.001876339292472754 0
0.006374666538283656 0.00512562270581563 0
0.01338594559659975 0.004307158626396356 0
0.01502911609485656 0.005216140967012174 0
0.0001773885498491772 0.001587391191318229 0
0.002523334498115504 0.002752157275267125 0
0.002425153299237618 0.005284717883419893 0
0.009676177072061984 0.001872833222735944 0
0.001029487203936237 0.0003266314804175677 0
0.007550993758321827 0.004743497116566575 0
0.005469101923734426 0.0009313817882382201 0
0.007847313988149951 0.005428833252787126 0
0.009230105126952482 0.005520643932179001 0
0.009895715537334655 0.006736406137260821 0
0.003624175905806888 0.005040626501391395 0
6.765208572918208e-05 0.0003500386172984563 0
0.01110468460867282 0.005619793938591255 0
0.006038645287869349 0.0004685608887095689 0
0.007040296567244823 0.0007588108829628508 0
0.0005937055982853292 0.00612536614748675 0
0.009273262268424655 0.001668643322125484 0
0.01171050233071427 0.005906525678743378 0
0.009340081236412568 0.001813653156690914 0
0.007250293219036961 0.001807805897684004 0
0.0121449976759122 0.002035196283965509 0
0.01169241318775234 0.004890634400530286 0
0.01653064272852914 0.004874797379796479 0
0.004611568307238387 0.005777493437807585 0
0.001300689166737391 0.000418554295336479 0
0.004475889166737382 0.006581445704663507 0
0.01292449480318061 0.004325373768877381 0
0.003274664805038405 0.002702020335875721 0
0.006610864764225388 0.0002722102738654942 0
0.01012413238719876 0.006587051293958413 0
0.003153798547662253 0.006386379077111297 0
0.003106750694953081 0.006215611925720224 0
0.004084525254409934 0.00189441517271495 0
0.01291736660319572 0.00510700066618178 0
0.002716273896820335 0.002406808839041434 0
0.0001880472207125578 0.001866751898782296 0
0.009336316426377373 0.002612929714479862 0
0.007696002295854244 0.004211854358494851 0
0.006050374979796738 0.005134255224814079 0
0.005121190341262329 0.004691381583011973 0
0.002673218444865459 0.002944351306087702 0
0.01050344633888721 0.001919524373927947 0
0.01049446006150264 0.002001665746379766 0
0.003328119383541778 0.001916336215922153 0
0.007386876506944133 0.005159603719625996 0
0.004032500740897406 0.002649514660724088 0
0.01569815662953233 0.00658367394273675 0
0.004140496457467185 0.001861717974355123 0
0.0002923021551274677 0.0001664575001291812 0
0.009910272033870404 0.00504457389499173 0
0.0001511563610701663 0.004711811045927551 0
0.007188191906038498 0.005086843418419845 0
0.009811853114994912 0.001910362801225737 0
0.009897469689856308 0.002034082102177351 0
0.01422480995729227 0.004368190012554059 0
0.002863420120050351 0.0063483103191883 0
0.01222388207675898 0.0007640827271055942 0
0.01182831212424583 0.001014928353194362 0
0.0001753001582284735 0.005004741426597048 0
0.01387563549670625 0.004324773749197509 0
0.01239020026144739 0.0005108181087104978 0
0.0005101082054841024 0.001019636615190928 0
0.003818235397152376 0.001954845403734703 0
0.004186206938107267 0.002140932815296963 0
0.008645020548182161 0.005314342451384698 0
0.008260148664086968 0.002131260504919034 0
7.722201057790146e-05 0.005549552125121837 0
0.01305797560510676 0.005072670361981373 0
0.003944363691773924 0.001923734914462683 0
0.005302817524619978 0.005861998938736724 0
0.003469181990037666 0.001955986469546776 0
0.01354550695812148 0.005038188820742684 0
0.004335102992123347 0.002631436758244207 0
0.006916164936229827 0.005047161925564869 0
0.0100779405537233 0.001959308910859762 0
0.004139760260283896 0.005121312700554777 0
0.005481798540225392 0.001940267789241705 0
0.006707215542670637 0.005041662093068099 0
0.009952081809050332 0.001949836524650466 0
0.007052432581157617 0.005059613458784629 0
0.0001639285427854666 0.005208086850796358 0
0.00028275565387351 0.005062321025344521 0
0.0109456624681134 0.006514298341436671 0
0.009214336604685949 0.006529129594818701 0
0.007466570174571201 0.003629356252025409 0
0.0133958894413275 0.005049689377787709 0
0.00360498174929716 0.001954171518538981 0
0.008350977599169564 0.001522549769314534 0
0.01554840761406614 0.000803927412763002 0
0.005217650959139624 0.002184751216733008 0
0.003742117058905479 0.001968071580820093 0
0.00888356279097386 0.0013651872736925 0
0.001279528049339021 0.006833902369169512 0
0.01655478944175823 0.005859716935250297 0
0.01386537819997085 0.00161453087648968 0
0.005716842189152976 0.0007049296739823838 0
0.006852027891285929 0.005038723617307062 0
0.01015724508195347 0.001965170808947998 0
0.001681652065918294 0.0007290066412289353 0
0.0008336316940752873 0.0004654919461763345 0
0.005504459733430091 0.001341046865251275 0
0.01310885456082912 0.004984411372014193 0
0.01272629304433858 0.001807395184281855 0
0.01323745468183903 0.001817919524171446 0
0.008744750909840854 0.001260534290870307 0
0.01453503874545363 0.005576514528329839 0
0.004416065690336067 0.001740303548167039 0
0.01682643075351451 0.003980552107195049 0
0.001499180954605084 0.001279067071788766 0
0.01133897247065777 0.002480662634450654 0
0.01124004355030385 0.002644604762514165 0
0.01161404287178616 0.001201945310924702 0
0.002614490490672775 0.006789484834491405 0
0.004937846082631529 0.002394725144026411 0
0.005119446529088021 0.002514211494266239 0
0.01086369882684662 0.006464041825267615 0
0.006365001520597911 0.001600652822489021 0
0.008424073874027748 0.004963367737288025 0
0.01586459637704566 0.0003452915439848703 0
0.01236666051884729 0.004175597221707817 0
0.01609629036710755 0.001988768627207693 0
0.01122713049074235 0.004997878813719651 0
0.009716069035876559 0.006695358903122051 0
0.009747500769998654 0.006785294493007604 0
0.009345798195782603 0.00660712306269794 0
0.01292333954249944 0.004723963098810738 0
0.001174148505501305 0.0003420716047373789 0
0.01266046545725195 0.0003375723453484516 0
0.004348226214131977 0.006664765036753084 0
0.01582454874440803 0.006670516371619311 0
0.006104194835280832 0.0004330014398005481 0
0.008041339680611286 0.0007754699602375444 0
0.001311139265576322 0.001087735029853188 0
0.01446969184714088 0.004597163650358192 0
0.005558799601832811 0.0009604089556968527 0
0.01682973213367209 0.0009085768035483432 0
0.007686942343766204 0.001689092829570419 0
0.002192703170806365 0.002429990914666886 0
0.006972863595173696 0.00477226293281169 0
0.01597644554574471 0.0001788212061468687 0
0.005400982261136862 0.0009963311129003762 0
0.0147428840782099 0.004926017768236261 0
0.003749438773322253 0.006842355588152008 0
0.003677222811626879 0.006776967891993206 0
0.003820030180458481 0.006904237271908565 0
0.009929475762783017 0.006423145810705331 0
0.007657397476896895 0.0008819633243812761 0
0.0006879104362286113 0.002212036918969906 0
0.0123051635430055 0.001172147685818189 0
0.0100874525933426 0.006235964558885531 0
0.01228540369824826 0.004665822463042165 0
0.01630831137414283 0.004448958040889169 0
0.00463750006831102 0.002615386558781715 0
0.007532114151017942 0.005131619654643517 0
0.008210048392316078 0.004463149488112097 0
0.01362145723193679 0.00381657688101534 0
0.01319386849867035 0.003817653940747414 0
0.007789433764146852 0.003585061847647982 0
0.01409105152573428 0.0003915010305014441 0
0.01070084763337716 0.00667055532197593 0
0.009930390229666387 0.002700371849735898 0
0.01692572209578283 0.005234197283131146 0
0.01083342849480663 0.006608859015740559 0
0.006288223295179765 0.002256145929736162 0
0.01692342922481791 0.006846459941202535 0
0.0002717926276169323 0.003549969039099438 0
0.0001725101750798871 0.006318174860928772 0
0.006305467976870465 0.0007065848726665442 0
0.0009325875998349841 0.006926662599297476 0
0.01538793683642801 0.006064848457723098 0
0.01599988306998482 0.003040171001059811 0
0.01683156570024294 0.004797839642463111 0
0.01170457666781514 0.002345393771546746 0
0.004864954279729723 0.006273064903724385 0
0.002229283898949098 0.006928651596166125 0
0.0152215132757303 0.005159718078837607 0
0.01125852392694983 0.005333287481189568 0
0.0169244781185436 0.0007488323625590787 0
0.008726326441742779 0.001350220681798849 0
0.01251281037783969 0.001897927426228541 0
0.01142915742121481 0.005030581220000384 0
0.01136643638082734 0.004820915704306533 0
0.008920320387184575 0.006201274800043151 0
0.003474704066680785 0.002330499257241481 0
0.01498473374975326 0.005982816907845607 0
0.002596746808173169 0.001526108872602269 0
0.01600205403851444 0.002330667194846953 0
0.01589359205287285 0.002091614065518753 0
0.01681507974244278 0.006021860300819042 0
0.002465994994482221 0.001539805462622715 0
0.01205274722642077 0.00138945502494565 0
0.01026337208729318 0.004641484641527067 0
0.0109623200413598 0.001707264612969638 0
0.009615159555145919 0.002719386028982096 0
0.01076005656839382 0.001809458966072756 0
0.004691681599298475 0.004806837871582635 0
0.007595012110157991 0.0003718636090613166 0
0.006227946583905245 0.0003466456023980863 0
0.01686026121364303 0.003474796183881424 0
0.01632004661829674 0.0001638499903202362 0
0.01277137055821875 0.0002489684486200955 0
0.01291973354632306 0.0002516744285391984 0
0.004226889133032112 0.006750311258194991 0
8.107721322523666e-05 0.003249356049707131 0
0.01693382781674863 0.005752033001810366 0
0.005862100091408693 0.0007090823871172673 0
0.01614723112384464 0.004218450639358058 0
0.009182092139721744 0.002046331709771868 0
0.01470204870062735 0.0001894093845186493 0
0.01561248063697588 0.003511526957741644 0
0.005120391206931594 0.006041945310981484 0
0.01673624209036253 0.006412114574309997 0
0.01179125009171752 0.001363809091955192 0
7.337194720791022e-05 0.003951245110940036 0
0.00738193795837629 0.0008809373929379262 0
0.01588316944419563 0.0001680650287734344 0
7.346491046043846e-05 0.001761123746946103 0
0.01647017590124539 7.516214699333562e-05 0
0.01293288095388224 0.00501860739884474 0
0.01456657688034264 0.005306409045813314 0
0.01115414575102156 0.00639432801488868 0
0.0008347213660298671 0.005106085792365315 0
0.01504230422194175 0.004874033076260834 0
0.005034583350479224 0.005422650256676074 0
0.007845641302663723 0.001218590060214225 0
0.01375359414333485 0.0001597864690428062 0
0.01408519113977189 0.005139506645618126 0
0.01683808503169354 0.003626343353412058 0
0.01601014214192502 0.006780345742761614 0
0.002504438119992116 0.001836452370022693 0
0.006987511300462069 0.00412467596339532 0
0.006197516145262677 0.00446842105494833 0
0.004237141119168562 0.006103139233639137 0
0.0108749939907804 0.002877565743399054 0
0.01175829026309219 0.005550807740283235 0
0.008601328161124324 0.002729517544376208 0
0.005848491023492607 0.0006082851138661349 0
0.0001681895115228146 0.00682723407965668 0
0.01355163708252446 0.0001595137077491254 0
7.018828777864174e-05 0.001249499486960718 0
0.009711775040403844 0.002187266623845208 0
0.009976896077376791 0.002133782562293489 0
0.006357427587040042 0.0003026073691046001 0
0.007463921349826758 0.0002921046000475477 0
0.01063556519765503 0.006706049889705377 0
0.007348354177435089 0.0002452791299226154 0
0.003705378817480677 0.002035301599078154 0
0.006425039338518464 0.000345702044325609 0
0.002549459266382561 0.001594891785339526 0
0.01307075257531473 0.0004407249016225487 0
0.01669843150142483 0.004771498979541594 0
0.01046898725627439 0.006703222000523892 0
0.001112605626454275 0.00493021109662167 0
0.001177299688190047 0.004708116736844048 0
0.01289749329808421 0.0001841680132402945 0
0.004095078301748632 0.006807889845458056 0
0.01020984255607611 0.002030023885928466 0
0.01034750874690566 0.00194944441339233 0
0.0001633656183067569 0.0007143130919793446 0
0.006646798671545672 0.005063189488798609 0
0.01536634588039945 7.02044438310942e-05 0
0.008997258294818421 0.005947005123698137 0
0.007532721443570844 0.005046233288074286 0
0.001408871903461556 0.0006097995715164898 0
0.0005213272302916974 0.003652285779976154 0
0.01101030266090671 0.005444764237819853 0
0.01673823331104082 0.001823996303149316 0
0.01684280048436169 0.001502202257372872 0
0.01002596557094044 0.006610859878273317 0
0.006912582009629594 0.0001978094600180659 0
0.01618138408346437 0.003855187486051672 0
0.003740469852701872 0.004063746607617021 0
0.01663920207979037 0.002241908544191386 0
0.002192420896504789 0.005923230959208114 0
0.007061736373918893 0.0002409844309203975 0
0.007148638233589476 0.0001999799351744803 0
0.01070599738954159 0.001930056153164245 0
0.00199300579488699 0.006800139062023308 0
0.008053591675641117 0.005574423456682621 0
0.01663023270156697 0.0008068721825557033 0
0.001791392792461954 0.001594560446680795 0
0.01478680457135522 6.906107329461911e-05 0
0.006687092870682402 0.0002872241524504637 0
0.01365991433161556 0.004762023472066025 0
0.002763534741996136 0.004755676270655698 0
0.01655928681601122 6.195308068703389e-05 0
0.01449526164756737 0.005440274894045565 0
0.0008558975895111027 0.0001632193465986409 0
0.01613836549742341 0.00685296911855646 0
0.01241419714249185 0.0006780253417306807 0
0.003497704417508666 0.002023937756286596 0
0.01626678545725622 0.006883908962286849 0
0.01626037161415212 0.006798843959483434 0
0.01633923099099979 0.006853046602178029 0
0.0007407117622954002 0.0001233656200425584 0
0.003339714404249245 0.002082419878181011 0
0.01388251026876284 7.971923162122937e-05 0
0.005016622140280579 0.001418951818295682 0
0.004832521520428758 0.001559189081452922 0
0.01070339321933731 0.006590351847386053 0
0.004732334814735719 0.006260272003356682 0
0.0105925110508252 0.001954900947828717 0
0.001939355680580946 0.006867763033875382 0
0.004979653062338793 0.006003991845657269 0
0.003583570576952784 0.002277480880307721 0
0.005559703326088747 0.002165451234119167 0
0.01666229104307863 0.000174890632114187 0
0.0164470324812315 0.0003357500976483869 0
0.01683274463867982 0.00291757223605851 0
0.01304121041697284 0.0001845887263462794 0
0.006469692605953674 0.0002335632618028858 0
0.01052173135149608 0.006766779082098761 0
0.008321487307215301 0.0009965681330759871 0
0.01444093625624378 0.0004073719414834087 0
0.001829586716995921 0.006482944858480318 0
0.0006044252639809625 0.0001462720518968781 0
0.0005562646269548065 7.403366924721736e-05 0
0.01692412235461144 0.003755890724589635 0
0.01504683538271738 0.005826385287759914 0
0.005201808838806018 0.001279231124165951 0
0.01640568548971007 0.004825426825433729 0
0.001430499814818144 0.006934818833868176 0
0.01683207653775465 0.00268866288521819 0
0.01245370510168253 0.005237541960721516 0
0.004641173698182228 0.004232045795601208 0
0.003977364209516027 0.006869655487529261 0
0.00637711270855458 0.004026450030046556 0
0.01402077313806039 7.833963706418458e-05 0
0.004580703678422975 0.001741190680505568 0
7.028223412641928e-05 0.0005440852606959984 0
0.01610124354866417 0.0006081251671190601 0
0.01693371027340778 0.00595042043095299 0
0.01550258519419388 0.006026632456436292 0
0.01460739249184493 0.004685939796545914 0
0.0001648614793690623 0.001088218679183939 0
0.01366105397747375 0.0005795168387489917 0
0.0003478576271437207 0.005147873223389811 0
0.007599961705661333 0.0004679436925514122 0
0.00582171417902569 0.001288338638581272 0
0.007274172087258573 0.0002219065082355171 0
0.006460315708210207 0.0009105768412814752 0
0.01613951992936985 0.004674631326141217 0
0.004809931302974084 0.002698190032224204 0
0.0144319466473388 0.0001520263064683654 0
0.01692990384812858 0.002854018864476985 0
0.007727263459804091 0.000423688667175483 0
0.008479379020084285 0.005528830759480423 0
0.01684870924532526 0.001905268626156999 0
0.009148887432879524 0.001571334391654942 0
0.008123677170395627 0.005618545202754637 0
0.0008333320567553114 0.001996405444175146 0
0.01468029044267461 0.0002867936273017284 0
0.003176177623739742 0.006529007414256618 0
0.002980709980196481 0.001868746799132122 0
0.01261580046710561 0.005165863465269321 0
0.009995514857100794 0.005923697629873964 0
0.005552653458653896 0.005496034805753837 0
0.006093475456866935 0.004624459329166239 0
0.01685119200052992 0.003899872828005926 0
0.006598080546247826 0.0001981032918249572 0
0.01039520340945386 0.006810944221169192 0
0.01595670774423302 0.006327850477494804 0
0.009804739413633566 0.002880555966463277 0
7.585373002360132e-05 0.004866615433498263 0
0.006726649351274929 0.0001645429690929987 0
0.009339254771759816 0.006345815988400765 0
0.01085738812538747 0.002153973261425687 0
0.01477986660266082 0.005712111877767609 0
0.006603446182591319 0.000547054651224255 0
0.008983514517869755 0.003103531768177375 0
0.01223293196294655 0.005150172816956092 0
0.008297394805872027 0.002758052391557208 0
0.007833704201666427 0.0006036186066734617 0
0.01632317285176408 0.006913608260823118 0
0.0006714920772398041 0.0001046637329341067 0
0.01048605095368206 0.006450131633403783 0
0.006693130280793384 0.0004465930833749739 0
0.01077364125373672 0.006055354042293942 0
0.01165476487365467 0.001265520564723557 0
0.007619264839173866 0.005183922973257225 0
0.0007857505031639619 0.0001935772932612988 0
0.01434819957476202 0.0001588388743160004 0
0.01366413783913451 0.005088590876036521 0
0.0002961607329542825 0.0006428537427808972 0
0.01675638265967235 6.254169320872843e-05 0
0.01349509724735242 0.004976057880524102 0
0.009345679689386299 0.001695947163049925 0
0.001817589043828688 0.0008395647404951701 0
0.003142696965089229 0.006852753466688871 0
0.001290263626356753 0.006618492680929688 0
0.003419000838945013 0.006388813579180423 0
0.003290303824028579 0.006300628275270814 0
0.006510318404051385 0.00509115106015338 0
0.009909505971966354 0.006820247758012786 0
0.01027002575340014 0.006835104362285372 0
0.00289234844541506 0.00180177567670126 0
0.005063804956060222 0.001260653656131707 0
0.001696033283336243 0.000866028370958556 0
0.01047061138469686 0.002103215679500856 0
0.01212489404395742 0.00558073025708701 0
0.01179095590095196 0.005454867412063425 0
0.01142734347920324 0.001697446210152018 0
0.01533810473055654 0.005788141428769714 0
0.002878247693612166 0.001994097126945506 0
0.01231483320467196 0.005177983500487963 0
0.008074162049951887 0.001310021823322587 0
0.006962998623361857 0.0001606006982074189 0
0.004362248846141765 0.002193358475094479 0
0.01332734432304086 6.057208978355651e-05 0
0.003663096061036698 0.006939163151814405 0
0.01558326653866096 0.006398530105624942 0
0.005873852385462088 0.002487520332822264 0
0.006791076232889298 0.000169778747863389 0
0.00640439225644962 0.005034595181946865 0
0.005404945582498416 0.001093125000871694 0
0.0009409943412686406 0.0004997400923381842 0
0.0101430706999242 0.006850334064967233 0
0.0006687168906187296 0.006845363004773132 0
0.008568518122649716 0.005909098428287619 0
0.001866151976395612 0.002261609743300929 0
0.0111941946373609 0.004553669199773635 0
0.008278194846140743 0.004976060030312653 0
0.0142735652969951 0.005291838239366006 0
0.002389200942670125 0.006928092810325518 0
0.01592093692116771 0.002506870419997599 0
0.004277276106227286 0.006632140806786661 0
0.0001805366049194724 0.005715579206068098 0
0.0118459686924503 0.005702573443669737 0
0.004237824311429622 0.002962967802524278 0
0.002655065176935886 0.006162914695004539 0
0.01652173097730623 0.002946487570521884 0
0.0002839286697806712 0.00138723313207337 0
0.01497238964273418 0.00133141886936349 0
0.01469114063410234 0.001119148666279187 0
0.002685928128262478 0.006929915219975416 0
0.01325825153740305 0.005048666781543031 0
0.0007073497455915628 0.005892917580061292 0
0.01240154924294461 0.002146193032497586 0
0.0003213109685788352 0.004075307392289998 0
0.01684023206553281 0.003814732723142217 0
0.0007048058912551888 0.006573072540422848 0
0.01591247648081394 0.006219878272107123 0
0.01660158028310395 0.003283554615559511 0
0.007272857936680237 0.001576578274105119 0
0.01154472794307562 0.001679725238754218 0
0.003360393263406806 0.004495942647040012 0
0.01118227977892614 0.006074284481265543 0
0.001179174146479066 0.003816022750252326 0
0.005739357783674637 0.005155503679473529 0
6.973171500035402e-05 0.0047315714498583 0
0.01430180564306514 0.00133631286978559 0
0.001498024593628635 0.00617753476957843 0
0.005591832071921939 0.001398801197120712 0
0.002673471594108644 0.00672791409712725 0
0.008616727695277977 0.001800942582448971 0
0.003276512589707721 0.006924856472829664 0
0.002302116091976432 0.002783526836889099 0
0.006911954003477856 0.0001419039233028652 0
0.003254958865918992 0.00228123064560147 0
0.016854451472743 0.001200752481669528 0
0.01310798308334489 0.004701647166949737 0
0.001190889129879571 0.0004263275938003828 0
0.003909966847370478 0.004927108869138027 0
0.003644286712854204 0.004723640801232246 0
0.01693807593116764 0.000452622688325919 0
0.01685624643001921 0.006801965097698219 0
0.0161964291852461 0.001299519687036261 0
0.004027970921851645 0.003969773565517089 0
0.002528739011103346 0.006930611774503229 0
0.01658316595345737 0.002331539938458051 0
0.003169853759491905 0.00550248462588184 0
0.001067317679611819 0.0007097762374204514 0
0.008264079448891661 0.005637631394088572 0
0.01489567099935167 0.005790495933284267 0
0.000844795774127511 0.002638602812208932 0
0.01348100501553816 0.0002090388801047043 0
0.01251758021545372 0.0004095035491783749 0
0.01277861288565202 0.00508252619404282 0
0.007724316290164917 0.005345975006735283 0
0.0001501628979396468 0.003399367078054518 0
0.01684713941644964 0.002401558252522175 0
0.000353250563243113 0.004958900298398374 0
0.01630250798243082 0.006708182048820919 0
0.006005509308740637 0.005061458930557696 0
0.0004909933336405808 0.00575764707279976 0
0.009928000561114737 0.006285949633252309 0
0.01274996292182289 0.0009878521947029851 0
0.008980748932474622 0.006255451017821311 0
0.00471243640838126 0.003926690437211696 0
0.01511208957536763 0.000161563159663816 0
0.004374938490701147 0.004320590973064525 0
0.003414178990593998 0.006928207847943017 0
0.0116055163407645 0.006023379952618829 0
0.0001601599441730436 0.004020882089244879 0
0.003267859765392009 0.001887663425517235 0
0.0111474046603767 0.002005403536236938 0
0.01693225149491582 0.003464763688812649 0
0.009607409578545768 0.002200185790143234 0
0.005700782962762482 0.005427226829556185 0
0.01450296399380879 0.005365134828501738 0
0.01445025211610123 0.005296430037381745 0
0.0155090597041857 0.005923070599911628 0
0.002200681439233177 0.002117456187713491 0
0.01684972284516635 0.006602160852265576 0
0.01028674588511249 0.00193885717590916 0
0.009598175232376167 0.006746979698754381 0
0.01302054156936218 0.00012555181149565 0
0.001055828540516487 0.0002532241058890174 0
0.001067631737182265 0.002944586252216722 0
0.01086191310043109 0.00195888477512709 0
0.002391147311171911 0.001462228426764185 0
0.0118413873806554 0.005349089977592559 0
0.0008295446478561418 0.002135004183638448 0
0.0008100454255089203 0.002783543363908761 0
0.003697794243278202 0.006688751115038336 0
0.01156053542960107 0.00433839531691713 0
0.008217619086902607 0.0009054441688088888 0
0.0003967388452199988 0.00484010740122446 0
0.0002388678231045743 0.0007296633212987369 0
0.004764376041439389 0.001603698582637213 0
0.01107670999162569 0.002771075758636537 0
0.003419111342028716 0.002786536379698371 0
0.009398710174702941 0.006653647882026882 0
0.004481199314101923 0.006483548537799417 0
0.0123007572491354 0.002403318657098437 0
7.321187856230288e-05 7.320115604207526e-05 0
0.01276433267924418 0.004299434594537974 0
0.005372006341352566 0.001250671268787996 0
0.009798073019672957 0.006062219608253124 0
0.01401180770470664 0.003644070562487396 0
0.00746376344636143 0.0003616661729968964 0
0.01435502035051248 0.005341072972401413 0
0.0141580940489111 0.00506804878441375 0
0.002804428228605814 0.001758254074299298 0
0.0167700405008075 0.005928170424378584 0
0.000947753422388729 0.004107694887581563 0
0.01029882144632909 0.002432583069932195 0
0.001009066468915216 0.004603445038599411 0
0.01474776751373729 0.004336233893719539 0
0.004868978161149931 0.001415229914868133 0
0.01142061323363118 0.001809977310516134 0
0.01130668127122787 0.006160968229838926 0
0.003607040096579346 0.00531396938078955 0
0.001470491265866892 0.001415035374487085 0
0.006174681641245216 0.005223386428263388 0
0.0168545935018122 0.006301624769435351 0
0.01693225630236118 0.006928794632295012 0
0.0110161263224982 0.002036308906852057 0
0.006044272035264473 0.005297035105146458 0
0.005685602340223716 0.00497387583643789 0
0.0001626435861030468 0.005976120867519828 0
0.001273769914395689 0.001231467933863693 0
0.001629034280253855 0.0006681131167497645 0
0.01220566625028821 0.005412528602324175 0
0.000796809545538419 0.001715406845677597 0
0.0061082462333974 0.005178981878736564 0
0.01363450779456196 0.005018605839661835 0
0.008781226026030785 0.006091792632004238 0
0.002263482470092056 0.00685293658803748 0
0.00887098215237187 0.00245232568135172 0
0.0001608497176101547 0.004631970923407912 0
0.005226127873350897 0.001592138240946581 0
0.01564336753939129 0.0009757814619415365 0
0.01529412040289165 0.0004249033840235486 0
7.120844812774814e-05 0.006928162998496957 0
0.01693063603240006 6.981029601239516e-05 0
0.009446657904846821 0.002744509525477206 0
0.01311846159942241 0.000925000201310781 0
0.01293865042310622 0.00379585690035372 0
0.01653430356290504 0.002454690701241433 0
0.01685327951128751 0.005100760779819625 0
0.003990287050596929 0.001981248597849662 0
0.01161458721380013 0.005895686264237377 0
0.0001539775501458885 0.00530187866602024 0
0.001393588610891303 0.004662953206255677 0
0.0002398878106710453 0.004153659866542447 0
0.01683379346304296 0.0006165012218533788 0
5.839609917168698e-05 0.006547377311674079 0
0.001504700286707837 0.0007345500926548756 0
0.01653146292930074 0.001565829806576985 0
0.01396572931856401 0.004880438106640659 0
0.009173335003284402 0.006410504953563194 0
0.01618501539131489 0.006546999592396897 0
0.006577648924202775 0.001667351399407603 0
0.01319661131214951 0.005065820477957471 0
0.009951236653677028 0.006077425047984091 0
0.009948555882666943 0.006596658914740653 0
0.01009253142341404 0.005500733781319689 0
0.01692760988853981 0.003326904910654141 0
0.008026358158679355 0.002106771143659598 0
0.01671709336947852 0.004456216277042787 0
0.006880740303660357 0.004700946296844633 0
5.834883259601444e-05 0.006047577516889797 0
0.01584384824401352 0.006115463877928099 0
0.004660776654676192 0.006348048952434978 0
0.003912869252271281 0.005988922700414092 0
0.007547080049162901 0.002255982534353267 0
0.01545195682749411 0.005324758428801507 0
0.004946448720369848 0.001793870829889661 0
0.00515432134233125 0.005596021311287442 0
0.0004198887517119099 0.0009486045137159635 0
0.000146473979604345 0.006406591731924123 0
0.006937084776628561 0.0008795099923107445 0
0.01523618278670811 0.0005208209378283367 0
0.0001428534122524527 0.001493937153304298 0
0.01476022305407007 0.0003502172336463331 0
0.01334598691070032 0.00412971287175725 0
0.0167500161074159 0.001107280734124907 0
0.002353932898412535 0.006852653819938218 0
0.01653991806462599 0.003645157942869264 0
0.01360322142597681 0.0008198670948680971 0
0.009294129327817285 0.001906376616224297 0
0.004506643301060684 0.005819877216478885 0
0.004846619744170351 0.001738908248742496 0
0.01205776114159023 0.005100454082084822 0
0.009245508842627299 0.003015840699293878 0
0.005868490131151993 0.005315061217235513 0
0.01143605673707518 0.001447009233556967 0
0.01685267083236495 0.005602656804268204 0
0.01570116526458437 0.002520985777591585 0
0.0008766994856280004 0.006852914259783894 0
0.007970041231216928 0.0006978618455893248 0
0.007441401154688488 0.0009944914845112511 0
0.004486044623012444 0.002681380368444509 0
0.008003235151512411 0.005437009401750069 0
0.005189648583350784 0.004506047576320196 0
0.007667796561272899 0.00470725248468153 0
0.01128556103348572 0.006298384807157055 0
0.01580037958032603 0.0001509881398150926 0
0.01045368714663681 0.002203572595232076 0
0.004924092916598865 0.005931376505688181 0
0.00561278634368669 0.000899162583805633 0
0.0006466035197025023 0.000987835106141653 0
0.007741622998664483 0.004019627576990231 0
0.004787094560361573 0.001911538008517964 0
0.01675944263090756 0.003151604210612769 0
0.01526224953847476 0.000315793271443265 0
0.01554511202804812 0.001118053546185469 0
0.01072714689176208 0.003380711684464612 0
0.01583305515508601 0.006594865037058235 0
0.008484438215871715 0.005093943393436409 0
0.01199994532906115 0.0008371340620079693 0
0.0009970484270725825 0.0005995003981242829 0
0.001410194066626101 0.001557170658271588 0
0.0126447042572035 0.001125708187671185 0
0.002791484544455139 0.003362296011427354 0
0.005188641770656506 0.00586395569578004 0
0.01594564049251111 0.006760248520825568 0
0.008649772945554704 0.005987935776235791 0
0.0002840824189050354 0.002347633567868723 0
0.000933794128120783 0.003233047422622256 0
0.0002767021863402472 0.002510853678311657 0
0.002828193444410771 0.006927473583251531 0
0.006983201768294451 0.003643618161586187 0
0.01543129517033513 0.005848190801571805 0
0.0003095626526063312 0.006487140920451667 0
0.006813840163870073 0.004976733927640488 0
0.01443357284275976 0.005204647276527813 0
0.01649849712505775 0.001673264202437976 0
0.009326824605450137 0.005339461289467913 0
0.01080149923673921 0.00640901483998641 0
0.008953953077635015 0.005853089365280961 0
0.009099827336346998 0.005937912196656402 0
0.007256619555582777 0.0008764691421529361 0
0.004054488886679088 0.006432269284036798 0
0.01664211298850541 0.006430759238023939 0
0.0140521689383863 0.0006101965491069989 0
0.001147766002691968 0.00532405277292456 0
0.01287502285389515 0.0009642478879876861 0
0.009402066744531602 0.005025660971392959 0
0.004645346779334621 0.005440838101778945 0
0.001794972526755374 0.006928315349105063 0
0.0005430720580606955 0.006938500504574219 0
0.006975862573896119 0.001787231428644987 0
0.001016583360318051 0.003750052429615567 0
0.006999521280420735 0.004945099147701236 0
0.005942103476842457 0.004647768357669902 0
0.007201963046046713 0.000267718900757343 0
0.0003648728003187163 0.002906720085678618 0
0.01472736959403729 0.005754367357496595 0
0.006259861738071189 0.0004051180953697818 0
0.0001660412159398203 0.006474918464336632 0
0.0116669465842069 0.004137619972858232 0
0.004201355827616821 0.002745309849476311 0
0.01659322325888824 0.006876502225189976 0
0.006607037220554638 0.003546623696812413 0
0.01655637179075438 0.003839934258963458 0
0.01692878187322567 0.005377247201654085 0
0.006763037648279039 0.002170526505375352 0
0.01662372841651966 0.005422843971790317 0
0.004596588306250604 0.005603612154489854 0
0.004323890124362785 0.003171055988434962 0
0.0003528521833424947 0.004317733319852145 0
0.0165536525730431 0.0007031814710831779 0
0.01134418460420156 0.004351547120795638 0
0.007091093713213215 0.0001666848181532295 0
0.01365047873187214 0.001699996382612326 0
0.01527840653932067 5.610704837884619e-05 0
0.0168561733844546 0.004900840861905972 0
0.01192952165026029 0.001379490850024774 0
0.005232456643132532 0.002388150133355998 0
0.0001581897105438716 0.005489134147961332 0
0.01179842949953475 0.001488685375297263 0
0.0001401557266791295 0.002497044950191727 0
0.003080972668180248 0.006635949744175947 0
0.002888595671285233 0.006839703735356617 0
0.004229811085768959 0.001960000524582858 0
0.01314079110846927 0.0001570838089775366 0
0.01669126334433708 0.003935876539761267 0
0.01676558846118571 0.003061727689502496 0
0.00731821562967352 0.005146895860672457 0
0.006125566935726906 0.003994603897115897 0
0.00624362500035801 0.005195451418194274 0
0.006588906873938992 0.004829701386858781 0
0.009799259079690039 0.002162979882366014 0
0.01315650586223436 0.001607742984771049 0
0.01664880804056064 0.00181884687142226 0
0.01118147792566375 0.002492389069203968 0
0.004996694407015458 0.006163495261522144 0
0.003520283907745967 0.006845938134840479 0
0.0141331303911249 0.00494693227688391 0
0.01093009615463172 0.001807077217033291 0
0.009829639436727058 0.002085692312294882 0
0.004658861169014252 0.006211559081414311 0
0.001141625771464085 0.004034064608572906 0
0.008533200837628537 0.001699258173323294 0
0.0009099808460594225 0.0004179728069618346 0
0.001946375786725432 0.001353926020783009 0
0.009544329264003712 0.001889855006875233 0
0.0162810045342004 0.005223951868740879 0
0.009631036457898187 0.006688837707226171 0
0.01390183592750851 0.0005265075616967011 0
0.01685504261649908 0.004703269675779319 0
0.007592813828331103 0.001003703639822362 0
0.01443300754059324 0.0005299515266696244 0
0.01573743768540613 0.001912752931970803 0
0.008933915976124352 0.001656581604951106 0
0.01639555238389963 0.0004073975188487273 0
0.005330998003885825 0.005730900113400862 0
0.00193043456476314 0.006932693043866407 0
0.007683943735109047 0.005134305190957113 0
0.01234429308118065 0.0006435508491592959 0
0.01414567016335084 0.004508639480494543 0
0.0160326408610821 0.0007098553443697169 0
0.0003624872711546143 0.00136498770718481 0
0.01313812336552679 8.930705607810598e-05 0
0.01495983736999313 0.005844351323844818 0
0.0004967028694740257 5.932666225787328e-05 0
0.003666120236358704 0.0068669101997048 0
0.008696054895954965 0.001200224131984288 0
0.01146083057919759 0.006054500503184089 0
0.01683163000953307 0.005671512345253375 0
0.0001420733772836361 0.002592176061935837 0
0.002293868167332804 0.006598535002783191 0
5.421037875386926e-05 0.005647737681062375 0
0.008711975035606714 0.001875874780203104 0
0.01504437828660874 0.005745397984637218 0
0.01686021894869972 0.0006964450777336068 0
0.01686297070912467 0.0002968867752550699 0
0.007106392870319413 0.0003827994268418783 0
0.01479533944229497 0.0009626085791047873 0
0.00248044945485999 0.001953329177236874 0
0.01153429493034518 0.004904308803243912 0
0.002655090234637508 0.006857943896905408 0
0.003864838576070978 0.005887807143352245 0
0.005903942483603502 0.0005519370472745013 0
0.006768435220290542 0.003723167460390331 0
0.01130132218482621 0.001555061308330844 0
0.003674667885647211 0.00233195659931359 0
0.006183905399286743 0.0004674885684036816 0
7.013549923287274e-05 0.001620877632438424 0
0.007306044499981184 0.005035894854075576 0
0.01187261002545931 0.0009508827618750788 0
0.00942497682736413 0.002929758483422517 0
0.01463231861329395 0.0001328922412872453 0
0.005070198906770404 0.005281612362080924 0
0.00904140959064542 0.006314151293084517 0
0.0001558298243360869 0.004173605434610501 0
0.008424551242090935 0.00442662082923365 0
0.0021723766929016 0.001585809259147676 0
0.01685238267388971 0.006102965290770112 0
0.002089587616971625 0.006926984230925977 0
0.01191131178617857 0.001550549984354094 0
0.01680239895038839 0.0008368195321372183 0
0.01644315371965788 0.006949396387017697 0
0.0004606061491211864 0.004196457537710401 0
0.004651142939848319 0.001675978465334431 0
0.008554704320863634 0.001203206507855604 0
0.01004373805450096 0.002216956810416351 0
0.01559126313595341 0.002316469769359077 0
0.01563201683696307 0.005507645252661856 0
0.007929943310601779 0.002714115839667307 0
0.004886963234127177 0.005430390384682751 0
0.005583282038410233 0.00564310966441106 0
0.01211691410965318 0.0008535921220682867 0
0.01146559684270925 0.005812677342444309 0
0.0001618914139046405 0.003767290185126897 0
0.003556029592003985 0.006340524068289684 0
0.01648493570669445 0.003144732388480162 0
0.01420402050238262 0.003456230095054337 0
0.0016354861139095 0.001605659537997636 0
0.01491751495646151 0.0008990752899198633 0
0.004029140995026629 0.00677011026129486 0
0.0003318138399033294 0.003229650389629302 0
0.0141878964789571 0.005252066589623134 0
0.01462901306409895 0.005247943424176942 0
0.001873677112941362 0.001010646437117683 0
0.005487752308672848 0.005436967725532038 0
0.01198511258846019 0.005601338262716209 0
0.003711018932196241 0.00303442480651671 0
0.01116490111042077 0.001664370020985268 0
0.01644964338655679 0.0007257613622157896 0
0.004986799932623688 0.003869550602646491 0
0.001359861940615963 0.006444505636576735 0
0.01215488970138883 0.004184261553985448 0
0.01113317425815212 0.006006380519596085 0
0.006859151043193342 0.004059464211409855 0
0.01415219652819386 0.0002477624846091574 0
0.01415322016966246 0.000325227310686101 0
0.002558961718122994 0.006859597675828835 0
0.01441592141425407 0.0002207804107478232 0
0.01643726685080008 0.002453554720896442 0
0.01459152665216616 6.016983041252574e-05 0
0.01644667541172622 0.001480943921447416 0
0.0004860591529505798 0.004839172894924691 0
0.00752795172948084 0.001863047278081579 0
0.000156190590982647 0.002030997807594003 0
0.0008794863334016531 0.004266447786819172 0
0.01227344297966769 0.0007108433038853835 0
0.01616020941410933 0.006794864529773525 0
0.00811249794662069 0.000819521492926749 0
0.005564880053532657 0.002025074392290773 0
0.01152458516825957 0.001872371227029747 0
0.008465501875308904 0.005428616320305633 0
0.003599229895723897 0.003195941155013151 0
0.007802870178539822 0.001088572910327158 0
0.0123694499466044 0.0008108237572428609 0
0.01178158939412983 0.005280981759116126 0
0.005974465533904981 0.004984879849388323 0
0.004945575404770634 0.002563511375032511 0
0.001603743170186449 0.003886537271813624 0
0.01466509080587736 0.005530575363404015 0
0.0001484439072240943 0.002243414773372802 0
0.0001550513764252172 0.0002235688354088714 0
0.01117127442506311 0.005151042513304936 0
0.008235963927364526 0.003829405946075957 0
0.009959139444218312 0.006770248006094129 0
0.01346146295046513 0.0001405723523739957 0
0.006222739948825082 0.0006494731426459326 0
0.001753321435708473 0.001041412375464683 0
0.00768129392844762 0.002482243857625078 0
0.01393711726521965 0.00510198783298728 0
0.001735115565834285 0.006843383723375102 0
0.0001549492877366884 0.002134766011102391 0
0.01545608369750662 0.003311784039960337 0
0.01286855995328071 0.00197428473244818 0
0.009332429344020449 0.006427736897652426 0
0.005749500353875186 0.0009421819065274823 0
0.0003847337653950719 0.00649713315343162 0
0.0007454732860309333 0.0004952384440648459 0
0.00784084783030347 0.002048968455085835 0
0.0002147581685921444 0.006040562659815671 0
0.007647169047020046 0.002063803654507771 0
0.0010139035679435 0.002402822933103226 0
0.0001388964560064716 0.004401343636233074 0
0.0127934276342025 0.0003029145392163929 0
0.005402740966752195 0.00567227568608344 0
0.0001504530078649344 0.001422419011478058 0
0.003401939135897528 0.005440431914025198 0
0.000821314940965677 0.005929209088586708 0
0.0111996020218395 0.002077333846285084 0
0.004250565234075577 0.002197367510668632 0
0.004584050745940591 0.006230896821879369 0
0.00647598879500112 0.00029075419841978 0
0.001362945339897524 0.0007522904551508737 0
0.01372752260619273 0.005117261563248708 0
0.007165670034990265 0.005022355405734796 0
0.01683985059839019 0.0001534409377102518 0
0.01639776293333747 0.006704171873809212 0
0.01546013918561044 0.006297219384155939 0
0.005340479513514662 0.001127757133961423 0
0.01169658962320747 0.001334123742417794 0
0.01055648246967938 0.006694390693008223 0
0.006259101537991205 0.005001054480861118 0
0.001987866375723814 0.00109797043316575 0
0.000948648273461152 0.003073399472207502 0
0.001524432017036398 0.001642264905453337 0
0.008053990750553214 0.005304227295596688 0
$EndNodes
$Elements
407 8716 1 8716
1 1 1 4
1 1 407 
2 407 408 
3 408 409 
4 409 2 
1 2 1 1
5 2 3 
1 3 1 1
6 3 4 
1 4 1 1
7 4 5 
1 5 1 1
8 5 6 
1 6 1 1
9 6 7 
1 7 1 1
10 7 8 
1 8 1 1
11 8 9 
1 9 1 1
12 9 10 
1 10 1 1
13 10 11 
1 11 1 1
14 11 12 
1 12 1 1
15 12 13 
1 13 1 1
16 13 14 
1 14 1 1
17 14 15 
1 15 1 1
18 15 16 
1 16 1 1
19 16 17 
1 17 1 1
20 17 18 
1 18 1 1
21 18 19 
1 19 1 1
22 19 20 
1 20 1 1
23 20 21 
1 21 1 1
24 21 22 
1 22 1 1
25 22 23 
1 23 1 1
26 23 24 
1 24 1 1
27 24 25 
1 25 1 1
28 25 26 
1 26 1 1
29 26 27 
1 27 1 1
30 27 28 
1 28 1 1
31 28 29 
1 29 1 1
32 29 30 
1 30 1 1
33 30 31 
1 31 1 1
34 31 32 
1 32 1 1
35 32 33 
1 33 1 1
36 33 34 
1 34 1 1
37 34 35 
1 35 1 1
38 35 36 
1 36 1 1
39 36 37 
1 37 1 1
40 37 38 
1 38 1 1
41 38 39 
1 39 1 1
42 39 40 
1 40 1 1
43 40 41 
1 41 1 1
44 41 42 
1 42 1 1
45 42 43 
1 43 1 1
46 43 44 
1 44 1 1
47 44 45 
1 45 1 1
48 45 46 
1 46 1 1
49 46 47 
1 47 1 1
50 47 48 
1 48 1 1
51 48 49 
1 49 1 1
52 49 50 
1 50 1 1
53 50 51 
1 51 1 1
54 51 52 
1 52 1 1
55 52 53 
1 53 1 1
56 53 54 
1 54 1 1
57 54 55 
1 55 1 1
58 55 56 
1 56 1 1
59 56 57 
1 57 1 1
60 57 58 
1 58 1 1
61 58 59 
1 59 1 1
62 59 60 
1 60 1 1
63 60 61 
1 61 1 1
64 61 62 
1 62 1 1
65 62 63 
1 63 1 1
66 63 64 
1 64 1 1
67 64 65 
1 65 1 1
68 65 66 
1 66 1 1
69 66 67 
1 67 1 1
70 67 68 
1 68 1 1
71 68 69 
1 69 1 1
72 69 70 
1 70 1 1
73 70 71 
1 71 1 1
74 71 72 
1 72 1 1
75 72 73 
1 73 1 1
76 73 74 
1 74 1 1
77 74 75 
1 75 1 1
78 75 76 
1 76 1 1
79 76 77 
1 77 1 1
80 77 78 
1 78 1 1
81 78 79 
1 79 1 1
82 79 80 
1 80 1 1
83 80 81 
1 81 1 1
84 81 82 
1 82 1 1
85 82 83 
1 83 1 1
86 83 84 
1 84 1 1
87 84 85 
1 85 1 1
88 85 86 
1 86 1 1
89 86 87 
1 87 1 1
90 87 88 
1 88 1 1
91 88 89 
1 89 1 1
92 89 90 
1 90 1 1
93 90 91 
1 91 1 1
94 91 92 
1 92 1 1
95 92 93 
1 93 1 1
96 93 94 
1 94 1 1
97 94 95 
1 95 1 1
98 95 96 
1 96 1 1
99 96 97 
1 97 1 1
100 97 98 
1 98 1 1
101 98 99 
1 99 1 1
102 99 100 
1 100 1 1
103 100 101 
1 101 1 1
104 101 102 
1 102 1 1
105 102 103 
1 103 1 1
106 103 104 
1 104 1 1
107 104 105 
1 105 1 1
108 105 106 
1 106 1 1
109 106 107 
1 107 1 1
110 107 108 
1 108 1 1
111 108 109 
1 109 1 1
112 109 110 
1 110 1 1
113 110 111 
1 111 1 1
114 111 112 
1 112 1 1
115 112 113 
1 113 1 1
116 113 114 
1 114 1 1
117 114 115 
1 115 1 1
118 115 116 
1 116 1 1
119 116 117 
1 117 1 1
120 117 118 
1 118 1 1
121 118 119 
1 119 1 1
122 119 120 
1 120 1 1
123 120 121 
1 121 1 1
124 121 122 
1 122 1 1
125 122 123 
1 123 1 1
126 123 124 
1 124 1 1
127 124 125 
1 125 1 1
128 125 126 
1 126 1 1
129 126 127 
1 127 1 1
130 127 128 
1 128 1 1
131 128 129 
1 129 1 1
132 129 130 
1 130 1 1
133 130 131 
1 131 1 1
134 131 132 
1 132 1 1
135 132 133 
1 133 1 1
136 133 134 
1 134 1 1
137 134 135 
1 135 1 1
138 135 136 
1 136 1 1
139 136 137 
1 137 1 1
140 137 138 
1 138 1 1
141 138 139 
1 139 1 1
142 139 140 
1 140 1 1
143 140 141 
1 141 1 1
144 141 142 
1 142 1 1
145 142 143 
1 143 1 1
146 143 144 
1 144 1 1
147 144 145 
1 145 1 1
148 145 146 
1 146 1 1
149 146 147 
1 147 1 1
150 147 148 
1 148 1 1
151 148 149 
1 149 1 1
152 149 150 
1 150 1 1
153 150 151 
1 151 1 1
154 151 152 
1 152 1 1
155 152 153 
1 153 1 1
156 153 154 
1 154 1 1
157 154 155 
1 155 1 1
158 155 156 
1 156 1 1
159 156 157 
1 157 1 1
160 157 158 
1 158 1 1
161 158 159 
1 159 1 1
162 159 160 
1 160 1 1
163 160 161 
1 161 1 1
164 161 162 
1 162 1 1
165 162 163 
1 163 1 1
166 163 164 
1 164 1 1
167 164 165 
1 165 1 1
168 165 166 
1 166 1 1
169 166 167 
1 167 1 1
170 167 168 
1 168 1 1
171 168 169 
1 169 1 1
172 169 170 
1 170 1 1
173 170 171 
1 171 1 1
174 171 172 
1 172 1 1
175 172 173 
1 173 1 1
176 173 174 
1 174 1 1
177 174 175 
1 175 1 1
178 175 176 
1 176 1 1
179 176 177 
1 177 1 1
180 177 178 
1 178 1 1
181 178 179 
1 179 1 1
182 179 180 
1 180 1 1
183 180 181 
1 181 1 1
184 181 182 
1 182 1 1
185 182 183 
1 183 1 1
186 183 184 
1 184 1 1
187 184 185 
1 185 1 1
188 185 186 
1 186 1 1
189 186 187 
1 187 1 1
190 187 188 
1 188 1 1
191 188 189 
1 189 1 1
192 189 190 
1 190 1 1
193 190 191 
1 191 1 1
194 191 192 
1 192 1 1
195 192 193 
1 193 1 1
196 193 194 
1 194 1 1
197 194 195 
1 195 1 1
198 195 196 
1 196 1 1
199 196 197 
1 197 1 1
200 197 198 
1 198 1 1
201 198 199 
1 199 1 1
202 199 200 
1 200 1 1
203 200 201 
1 201 1 1
204 201 202 
1 202 1 37
205 202 410 
206 410 411 
207 411 412 
208 412 413 
209 413 414 
210 414 415 
211 415 416 
212 416 417 
213 417 418 
214 418 419 
215 419 420 
216 420 421 
217 421 422 
218 422 423 
219 423 424 
220 424 425 
221 425 426 
222 426 427 
223 427 428 
224 428 429 
225 429 430 
226 430 431 
227 431 432 
228 432 433 
229 433 434 
230 434 435 
231 435 436 
232 436 437 
233 437 438 
234 438 439 
235 439 440 
236 440 441 
237 441 442 
238 442 443 
239 443 444 
240 444 445 
241 445 203 
1 203 1 70
242 203 446 
243 446 447 
244 447 448 
245 448 449 
246 449 450 
247 450 451 
248 451 452 
249 452 453 
250 453 454 
251 454 455 
252 455 456 
253 456 457 
254 457 458 
255 458 459 
256 459 460 
257 460 461 
258 461 462 
259 462 463 
260 463 464 
261 464 465 
262 465 466 
263 466 467 
264 467 468 
265 468 469 
266 469 470 
267 470 471 
268 471 472 
269 472 473 
270 473 474 
271 474 475 
272 475 476 
273 476 477 
274 477 478 
275 478 479 
276 479 480 
277 480 481 
278 481 482 
279 482 483 
280 483 484 
281 484 485 
282 485 486 
283 486 487 
284 487 488 
285 488 489 
286 489 490 
287 490 491 
288 491 492 
289 492 493 
290 493 494 
291 494 495 
292 495 496 
293 496 497 
294 497 498 
295 498 499 
296 499 500 
297 500 501 
298 501 502 
299 502 503 
300 503 504 
301 504 505 
302 505 506 
303 506 507 
304 507 508 
305 508 509 
306 509 510 
307 510 511 
308 511 512 
309 512 513 
310 513 514 
311 514 204 
1 204 1 4
312 204 515 
313 515 516 
314 516 517 
315 517 205 
1 205 1 1
316 205 206 
1 206 1 1
317 206 207 
1 207 1 1
318 207 208 
1 208 1 1
319 208 209 
1 209 1 1
320 209 210 
1 210 1 1
321 210 211 
1 211 1 1
322 211 212 
1 212 1 1
323 212 213 
1 213 1 1
324 213 214 
1 214 1 1
325 214 215 
1 215 1 1
326 215 216 
1 216 1 1
327 216 217 
1 217 1 1
328 217 218 
1 218 1 1
329 218 219 
1 219 1 1
330 219 220 
1 220 1 1
331 220 221 
1 221 1 1
332 221 222 
1 222 1 1
333 222 223 
1 223 1 1
334 223 224 
1 224 1 1
335 224 225 
1 225 1 1
336 225 226 
1 226 1 1
337 226 227 
1 227 1 1
338 227 228 
1 228 1 1
339 228 229 
1 229 1 1
340 229 230 
1 230 1 1
341 230 231 
1 231 1 1
342 231 232 
1 232 1 1
343 232 233 
1 233 1 1
344 233 234 
1 234 1 1
345 234 235 
1 235 1 1
346 235 236 
1 236 1 1
347 236 237 
1 237 1 1
348 237 238 
1 238 1 1
349 238 239 
1 239 1 1
350 239 240 
1 240 1 1
351 240 241 
1 241 1 1
352 241 242 
1 242 1 1
353 242 243 
1 243 1 1
354 243 244 
1 244 1 1
355 244 245 
1 245 1 1
356 245 246 
1 246 1 1
357 246 247 
1 247 1 1
358 247 248 
1 248 1 1
359 248 249 
1 249 1 1
360 249 250 
1 250 1 1
361 250 251 
1 251 1 1
362 251 252 
1 252 1 1
363 252 253 
1 253 1 1
364 253 254 
1 254 1 1
365 254 255 
1 255 1 1
366 255 256 
1 256 1 1
367 256 257 
1 257 1 1
368 257 258 
1 258 1 1
369 258 259 
1 259 1 1
370 259 260 
1 260 1 1
371 260 261 
1 261 1 1
372 261 262 
1 262 1 1
373 262 263 
1 263 1 1
374 263 264 
1 264 1 1
375 264 265 
1 265 1 1
376 265 266 
1 266 1 1
377 266 267 
1 267 1 1
378 267 268 
1 268 1 1
379 268 269 
1 269 1 1
380 269 270 
1 270 1 1
381 270 271 
1 271 1 1
382 271 272 
1 272 1 1
383 272 273 
1 273 1 1
384 273 274 
1 274 1 1
385 274 275 
1 275 1 1
386 275 276 
1 276 1 1
387 276 277 
1 277 1 1
388 277 278 
1 278 1 1
389 278 279 
1 279 1 1
390 279 280 
1 280 1 1
391 280 281 
1 281 1 1
392 281 282 
1 282 1 1
393 282 283 
1 283 1 1
394 283 284 
1 284 1 1
395 284 285 
1 285 1 1
396 285 286 
1 286 1 1
397 286 287 
1 287 1 1
398 287 288 
1 288 1 1
399 288 289 
1 289 1 1
400 289 290 
1 290 1 1
401 290 291 
1 291 1 1
402 291 292 
1 292 1 1
403 292 293 
1 293 1 1
404 293 294 
1 294 1 1
405 294 295 
1 295 1 1
406 295 296 
1 296 1 1
407 296 297 
1 297 1 1
408 297 298 
1 298 1 1
409 298 299 
1 299 1 1
410 299 300 
1 300 1 1
411 300 301 
1 301 1 1
412 301 302 
1 302 1 1
413 302 303 
1 303 1 1
414 303 304 
1 304 1 1
415 304 305 
1 305 1 1
416 305 306 
1 306 1 1
417 306 307 
1 307 1 1
418 307 308 
1 308 1 1
419 308 309 
1 309 1 1
420 309 310 
1 310 1 1
421 310 311 
1 311 1 1
422 311 312 
1 312 1 1
423 312 313 
1 313 1 1
424 313 314 
1 314 1 1
425 314 315 
1 315 1 1
426 315 316 
1 316 1 1
427 316 317 
1 317 1 1
428 317 318 
1 318 1 1
429 318 319 
1 319 1 1
430 319 320 
1 320 1 1
431 320 321 
1 321 1 1
432 321 322 
1 322 1 1
433 322 323 
1 323 1 1
434 323 324 
1 324 1 1
435 324 325 
1 325 1 1
436 325 326 
1 326 1 1
437 326 327 
1 327 1 1
438 327 328 
1 328 1 1
439 328 329 
1 329 1 1
440 329 330 
1 330 1 1
441 330 331 
1 331 1 1
442 331 332 
1 332 1 1
443 332 333 
1 333 1 1
444 333 334 
1 334 1 1
445 334 335 
1 335 1 1
446 335 336 
1 336 1 1
447 336 337 
1 337 1 1
448 337 338 
1 338 1 1
449 338 339 
1 339 1 1
450 339 340 
1 340 1 1
451 340 341 
1 341 1 1
452 341 342 
1 342 1 1
453 342 343 
1 343 1 1
454 343 344 
1 344 1 1
455 344 345 
1 345 1 1
456 345 346 
1 346 1 1
457 346 347 
1 347 1 1
458 347 348 
1 348 1 1
459 348 349 
1 349 1 1
460 349 350 
1 350 1 1
461 350 351 
1 351 1 1
462 351 352 
1 352 1 1
463 352 353 
1 353 1 1
464 353 354 
1 354 1 1
465 354 355 
1 355 1 1
466 355 356 
1 356 1 1
467 356 357 
1 357 1 1
468 357 358 
1 358 1 1
469 358 359 
1 359 1 1
470 359 360 
1 360 1 1
471 360 361 
1 361 1 1
472 361 362 
1 362 1 1
473 362 363 
1 363 1 1
474 363 364 
1 364 1 1
475 364 365 
1 365 1 1
476 365 366 
1 366 1 1
477 366 367 
1 367 1 1
478 367 368 
1 368 1 1
479 368 369 
1 369 1 1
480 369 370 
1 370 1 1
481 370 371 
1 371 1 1
482 371 372 
1 372 1 1
483 372 373 
1 373 1 1
484 373 374 
1 374 1 1
485 374 375 
1 375 1 1
486 375 376 
1 376 1 1
487 376 377 
1 377 1 1
488 377 378 
1 378 1 1
489 378 379 
1 379 1 1
490 379 380 
1 380 1 1
491 380 381 
1 381 1 1
492 381 382 
1 382 1 1
493 382 383 
1 383 1 1
494 383 384 
1 384 1 1
495 384 385 
1 385 1 1
496 385 386 
1 386 1 1
497 386 387 
1 387 1 1
498 387 388 
1 388 1 1
499 388 389 
1 389 1 1
500 389 390 
1 390 1 1
501 390 391 
1 391 1 1
502 391 392 
1 392 1 1
503 392 393 
1 393 1 1
504 393 394 
1 394 1 1
505 394 395 
1 395 1 1
506 395 396 
1 396 1 1
507 396 397 
1 397 1 1
508 397 398 
1 398 1 1
509 398 399 
1 399 1 1
510 399 400 
1 400 1 1
511 400 401 
1 401 1 1
512 401 402 
1 402 1 1
513 402 403 
1 403 1 1
514 403 404 
1 404 1 1
515 404 405 
1 405 1 37
516 405 518 
517 518 519 
518 519 520 
519 520 521 
520 521 522 
521 522 523 
522 523 524 
523 524 525 
524 525 526 
525 526 527 
526 527 528 
527 528 529 
528 529 530 
529 530 531 
530 531 532 
531 532 533 
532 533 534 
533 534 535 
534 535 536 
535 536 537 
536 537 538 
537 538 539 
538 539 540 
539 540 541 
540 541 542 
541 542 543 
542 543 544 
543 544 545 
544 545 546 
545 546 547 
546 547 548 
547 548 549 
548 549 550 
549 550 551 
550 551 552 
551 552 553 
552 553 406 
1 406 1 70
553 406 554 
554 554 555 
555 555 556 
556 556 557 
557 557 558 
558 558 559 
559 559 560 
560 560 561 
561 561 562 
562 562 563 
563 563 564 
564 564 565 
565 565 566 
566 566 567 
567 567 568 
568 568 569 
569 569 570 
570 570 571 
571 571 572 
572 572 573 
573 573 574 
574 574 575 
575 575 576 
576 576 577 
577 577 578 
578 578 579 
579 579 580 
580 580 581 
581 581 582 
582 582 583 
583 583 584 
584 584 585 
585 585 586 
586 586 587 
587 587 588 
588 588 589 
589 589 590 
590 590 591 
591 591 592 
592 592 593 
593 593 594 
594 594 595 
595 595 596 
596 596 597 
597 597 598 
598 598 599 
599 599 600 
600 600 601 
601 601 602 
602 602 603 
603 603 604 
604 604 605 
605 605 606 
606 606 607 
607 607 608 
608 608 609 
609 609 610 
610 610 611 
611 611 612 
612 612 613 
613 613 614 
614 614 615 
615 615 616 
616 616 617 
617 617 618 
618 618 619 
619 619 620 
620 620 621 
621 621 622 
622 622 1 
2 1 2 8094
623 2403 2404 2401 
624 2398 3372 702 
625 2926 3225 1996 
626 2532 2533 1899 
627 2626 3794 1887 
628 2250 2521 940 
629 2845 2959 822 
630 2223 4116 3184 
631 3000 4047 2999 
632 2335 2955 2929 
633 803 2601 2600 
634 3513 3773 3514 
635 516 2981 515 
636 1168 3667 2086 
637 2544 3475 794 
638 2096 2976 2694 
639 307 864 760 
640 744 3699 2453 
641 3295 3798 3448 
642 3294 3703 1068 
643 673 3311 3060 
644 2797 3630 1283 
645 2336 3729 781 
646 1121 2488 1288 
647 2547 2755 1925 
648 2799 3293 1271 
649 649 2841 2792 
650 2571 2987 1951 
651 2496 3812 1358 
652 773 2983 2761 
653 2578 3330 830 
654 1371 3840 2325 
655 778 2811 2810 
656 2385 2386 1411 
657 2493 4065 1184 
658 2614 3912 1202 
659 2893 3301 1274 
660 1927 2994 1928 
661 2468 3694 1813 
662 2453 3670 744 
663 2337 2561 1915 
664 3412 3440 1970 
665 2321 2492 1038 
666 2698 2699 768 
667 2399 2400 1595 
668 1813 3613 2468 
669 1065 2467 937 
670 2411 3249 3054 
671 781 3514 2336 
672 2551 4180 1542 
673 1126 4021 2316 
674 2598 3012 1918 
675 2577 2893 1886 
676 2499 3916 2497 
677 1095 4069 2572 
678 3323 4013 3398 
679 2734 2962 2954 
680 2564 2565 981 
681 2497 3916 2498 
682 2479 2599 1678 
683 2517 2518 1912 
684 1065 3694 2467 
685 1397 3840 1371 
686 3136 4301 716 
687 685 3771 2427 
688 2563 3943 1136 
689 2878 4175 3019 
690 2512 3891 1021 
691 1966 2706 1437 
692 2630 3378 2708 
693 3643 3722 2684 
694 1136 3943 1302 
695 1313 2720 1708 
696 2427 3634 685 
697 3337 3410 2548 
698 2133 2669 1674 
699 1464 2740 1467 
700 2242 3527 1163 
701 2398 3735 3372 
702 3410 3995 2548 
703 1283 3630 2289 
704 2611 2695 1045 
705 1843 2844 2510 
706 1984 3957 3617 
707 2251 3101 1094 
708 2583 2584 1508 
709 1786 3531 3377 
710 2545 3475 2544 
711 2187 3722 3643 
712 1325 3969 2311 
713 652 3821 2657 
714 2690 3623 1702 
715 2523 3786 1173 
716 2136 3466 1643 
717 2005 2482 1848 
718 1857 3809 2613 
719 2287 3149 1223 
720 3275 3957 1984 
721 2427 3587 851 
722 1288 2488 2462 
723 2216 3142 2214 
724 2556 2557 1047 
725 2426 2950 796 
726 550 2966 549 
727 2832 4021 1884 
728 2402 3808 1596 
729 1183 3437 3122 
730 2015 2581 2014 
731 1913 2892 2802 
732 2678 3073 2957 
733 2444 3756 3072 
734 616 3007 727 
735 1223 3756 2287 
736 3137 4301 3136 
737 1412 3447 3295 
738 1928 2994 1931 
739 2202 3947 2466 
740 2929 2955 713 
741 3003 3611 3433 
742 794 2825 2544 
743 1507 3440 3412 
744 3398 4013 2282 
745 2624 4040 909 
746 688 3045 2816 
747 2993 4122 2763 
748 2683 3046 810 
749 2574 2980 828 
750 2863 2902 714 
751 1163 3503 2242 
752 774 2813 2812 
753 1826 2617 2615 
754 1815 2532 1899 
755 2286 2520 2090 
756 1209 3565 3099 
757 1247 2799 1271 
758 2399 2403 2401 
759 3338 4097 3511 
760 2806 2807 715 
761 3611 3687 709 
762 1174 2523 1173 
763 2315 3703 3294 
764 2707 3930 1522 
765 2943 3713 3525 
766 3514 3773 2327 
767 3045 4045 2816 
768 851 3634 2427 
769 676 3225 2926 
770 3019 4123 2878 
771 1359 2496 1358 
772 3074 3705 2161 
773 1821 2535 2534 
774 2148 2784 1692 
775 2710 3932 1767 
776 1843 2510 1729 
777 2697 3249 2411 
778 1126 2316 1127 
779 2640 2641 1301 
780 1804 3343 3318 
781 2717 3717 3439 
782 1448 3837 2269 
783 1788 3526 3392 
784 2984 3736 1614 
785 2853 3031 2414 
786 2111 3534 3456 
787 2702 2844 671 
788 2202 2466 2203 
789 2479 3310 2599 
790 2423 3217 2959 
791 2371 4317 962 
792 2086 3338 1168 
793 796 3333 2426 
794 2353 2483 1801 
795 3338 3511 1168 
796 2927 3360 1094 
797 2514 4253 675 
798 2853 2855 745 
799 1195 2583 1508 
800 2956 3449 2676 
801 1697 2139 2119 
802 709 3687 3080 
803 1525 2707 1522 
804 1702 3813 2690 
805 2041 3052 2529 
806 425 2926 424 
807 2301 2302 1829 
808 954 2611 1045 
809 1770 2710 1767 
810 3433 3611 709 
811 2705 3148 1018 
812 1823 3230 2894 
813 1200 2614 1202 
814 2761 2983 2673 
815 2680 3721 2196 
816 2441 2595 2169 
817 675 3749 2514 
818 3025 3057 1994 
819 2005 2911 2482 
820 2774 3222 825 
821 2779 2780 631 
822 1887 3794 2041 
823 1056 2665 887 
824 644 3000 2998 
825 2657 3821 2658 
826 3139 3988 2441 
827 2585 3206 2587 
828 2416 3363 2923 
829 2197 2680 2196 
830 2236 3142 2216 
831 2678 4108 3073 
832 1498 2364 1709 
833 2818 3310 656 
834 2653 3264 2508 
835 1762 2733 2732 
836 1837 2360 2142 
837 1094 2665 2251 
838 3072 3315 2444 
839 1674 2669 1604 
840 3037 3053 2671 
841 3206 4017 2587 
842 2364 4079 1709 
843 889 2622 1056 
844 1857 2613 1858 
845 2782 4134 1211 
846 702 4050 2398 
847 2339 3735 2398 
848 1103 3923 1069 
849 2664 2665 1056 
850 1643 3642 2136 
851 3285 3791 3246 
852 3435 3826 2776 
853 960 3841 2424 
854 1217 2260 1221 
855 2547 3014 2755 
856 946 2693 2692 
857 2742 2743 1623 
858 3589 3893 1112 
859 207 3203 206 
860 2626 3277 645 
861 3179 4337 2898 
862 1968 3220 2904 
863 1578 2337 1915 
864 3195 3222 2774 
865 1325 2311 1322 
866 3448 3798 2831 
867 2509 3464 763 
868 2066 3164 2838 
869 2749 3113 740 
870 3461 3882 3371 
871 2133 2670 2669 
872 2788 2916 1562 
873 1214 2782 1211 
874 816 3970 2553 
875 1209 3099 2583 
876 803 2793 2601 
877 137 3189 136 
878 2421 3659 3658 
879 2394 2395 1451 
880 403 3616 402 
881 3174 3210 3175 
882 908 2919 911 
883 2484 3171 2073 
884 2218 3179 2898 
885 1196 2488 1121 
886 2830 4183 1024 
887 1021 3891 1055 
888 650 4200 3111 
889 1306 3207 2555 
890 3658 3659 2046 
891 2770 3266 2037 
892 3111 4200 2663 
893 1109 2493 1184 
894 866 4315 2698 
895 3525 3550 2943 
896 1032 2661 1074 
897 2382 2701 1857 
898 2792 2841 2790 
899 2260 4063 1221 
900 2221 3761 2824 
901 2697 3092 741 
902 2663 4200 1871 
903 1333 2385 1411 
904 3151 3720 2950 
905 1677 3152 2485 
906 2959 3217 693 
907 2854 2855 2853 
908 2041 3794 3052 
909 961 2371 962 
910 2699 2700 768 
911 779 3778 2425 
912 2190 3780 3035 
913 2815 3050 2435 
914 2388 2389 2348 
915 3492 3909 2048 
916 2605 3346 3201 
917 1592 2399 1595 
918 236 2921 235 
919 2954 3690 2735 
920 3085 3889 3363 
921 2015 3234 2581 
922 1494 3426 2922 
923 2722 3335 2924 
924 2394 2609 2396 
925 2852 2910 632 
926 933 2249 931 
927 2894 3230 3126 
928 692 3449 2956 
929 817 4239 2651 
930 2827 2828 1562 
931 644 3339 3000 
932 2923 3363 2257 
933 2337 3104 2561 
934 2315 3412 2007 
935 1031 3814 2798 
936 2599 3310 2818 
937 2949 2990 2989 
938 2335 2874 1901 
939 2422 2423 1658 
940 1688 2335 1901 
941 2801 3735 2339 
942 1756 2353 1801 
943 2553 3289 816 
944 2866 2867 2862 
945 2221 2824 2212 
946 2415 2416 1704 
947 3304 3784 2441 
948 3245 3310 2479 
949 3201 3346 699 
950 1821 2534 2532 
951 1909 2517 1912 
952 2957 3073 821 
953 1069 3923 2694 
954 933 4010 2249 
955 2671 3191 3037 
956 2286 3603 2520 
957 2409 3092 2697 
958 1646 2539 2024 
959 3087 3961 3225 
960 3194 3195 2461 
961 1614 3736 1619 
962 2570 2845 1977 
963 1437 2706 1106 
964 2950 3720 2951 
965 3104 3741 2561 
966 2981 4018 515 
967 2150 3647 2572 
968 1448 2269 1299 
969 778 3100 2811 
970 2042 3780 2190 
971 1433 3909 3492 
972 2785 2786 1632 
973 2723 4148 1097 
974 885 2665 1094 
975 1655 2599 1839 
976 2603 2604 2202 
977 1921 2547 1925 
978 807 3507 3042 
979 2399 2401 2400 
980 1331 3679 2739 
981 2584 2585 1508 
982 2763 4122 2764 
983 2572 4069 2150 
984 1690 2301 1829 
985 311 3595 310 
986 1018 3148 2765 
987 3212 3242 3213 
988 1193 2720 1313 
989 3377 3531 2122 
990 2174 3330 2578 
991 1595 2402 1596 
992 1962 2714 2602 
993 1933 2866 2862 
994 2656 2728 2440 
995 717 3242 3212 
996 2685 3131 668 
997 2209 2579 2217 
998 1047 2558 2556 
999 1671 2602 2053 
1000 2949 3566 2990 
1001 1725 2266 1723 
1002 2360 3661 2142 
1003 1066 2723 1097 
1004 827 3210 3174 
1005 906 2919 908 
1006 1094 3360 883 
1007 3060 3311 2870 
1008 2365 3751 2839 
1009 3541 4118 2849 
1010 2675 2676 2374 
1011 3122 3437 1833 
1012 3260 4025 2285 
1013 2175 4259 2659 
1014 1872 3812 2730 
1015 3087 3225 676 
1016 2599 2818 1839 
1017 1987 4006 2589 
1018 2791 2843 2792 
1019 2107 3122 3121 
1020 1038 3205 2321 
1021 3050 3113 2749 
1022 634 3773 3513 
1023 1871 4200 2545 
1024 1901 3837 1448 
1025 1697 2119 1694 
1026 673 3060 3059 
1027 3603 4093 3387 
1028 2963 3690 2954 
1029 2404 2486 2401 
1030 1828 2663 1871 
1031 1562 2916 1428 
1032 660 3332 3231 
1033 1542 4158 2551 
1034 1263 2254 1267 
1035 1436 2488 1196 
1036 2597 3754 2338 
1037 2338 3848 2597 
1038 2435 2748 2434 
1039 1275 2473 1304 
1040 2385 2387 2386 
1041 2721 3561 1390 
1042 824 2921 236 
1043 2821 3778 779 
1044 107 3747 106 
1045 2283 2580 1891 
1046 2924 3883 2722 
1047 982 2564 981 
1048 2394 2396 2395 
1049 3301 3644 1274 
1050 3198 3575 2946 
1051 2578 4259 2175 
1052 3005 3235 710 
1053 822 3564 2845 
1054 1903 2257 2256 
1055 3525 3713 2471 
1056 2316 4021 2832 
1057 2740 2741 1467 
1058 1957 3647 2150 
1059 176 2842 175 
1060 3312 3867 3825 
1061 2831 3798 2830 
1062 1915 3746 2318 
1063 1672 2886 2715 
1064 2326 2887 1859 
1065 2654 2655 1863 
1066 2871 3610 1978 
1067 2729 3032 686 
1068 3096 4286 2125 
1069 2275 4328 2930 
1070 887 2665 885 
1071 1682 3707 3107 
1072 1095 2572 1033 
1073 2631 3188 655 
1074 2133 2671 2670 
1075 3825 3867 3389 
1076 2026 2326 1683 
1077 2568 4023 1062 
1078 1020 2762 1034 
1079 2687 4266 3297 
1080 941 2877 898 
1081 1967 2481 1986 
1082 2031 2863 2017 
1083 2415 3235 3005 
1084 2418 3729 2336 
1085 344 3103 343 
1086 1685 2382 1857 
1087 2986 4248 2272 
1088 3042 3507 2655 
1089 1031 2798 2564 
1090 2800 2891 776 
1091 1808 2880 2100 
1092 2864 2914 784 
1093 2622 3168 1056 
1094 2429 4164 2999 
1095 2761 4230 773 
1096 1692 2784 1511 
1097 1403 3879 1400 
1098 312 3595 311 
1099 3126 3230 2150 
1100 963 3841 960 
1101 1990 2491 1707 
1102 2783 2896 2352 
1103 1529 3875 2278 
1104 1234 2640 1301 
1105 2417 3486 2102 
1106 2243 4040 3628 
1107 648 4118 3541 
1108 2999 4047 2429 
1109 1450 2394 1451 
1110 978 2719 2718 
1111 2159 3277 2626 
1112 2055 3254 2787 
1113 2667 4267 1737 
1114 2902 3711 714 
1115 1634 2410 1635 
1116 2244 3460 3418 
1117 2860 2977 2265 
1118 2600 3016 803 
1119 2391 4085 1432 
1120 2020 3359 3067 
1121 2453 2454 2452 
1122 489 3032 488 
1123 1825 2514 1826 
1124 1693 3623 2690 
1125 2847 3117 755 
1126 2938 3024 705 
1127 2061 3096 2125 
1128 2346 2388 2348 
1129 1311 2681 1310 
1130 2506 3374 3098 
1131 2326 4042 2887 
1132 1725 4132 2266 
1133 2130 3999 2131 
1134 2838 3818 2066 
1135 947 2558 1047 
1136 2673 2674 1948 
1137 1083 2371 961 
1138 1620 2742 1623 
1139 828 2981 516 
1140 2300 2769 2768 
1141 2168 3139 2441 
1142 38 2951 37 
1143 2812 3224 774 
1144 2344 3933 3496 
1145 2561 3746 1915 
1146 2651 3290 817 
1147 1400 3879 2941 
1148 2521 2522 940 
1149 3245 3479 3310 
1150 2441 3784 2595 
1151 2401 2816 2400 
1152 745 3031 2853 
1153 2283 4025 2580 
1154 2636 3399 1376 
1155 2441 3988 3304 
1156 1703 2415 1704 
1157 2847 3164 2066 
1158 2730 3812 2496 
1159 1529 2278 1527 
1160 2026 3186 2326 
1161 1907 3925 2379 
1162 2187 4170 3186 
1163 2550 3337 2549 
1164 1907 2379 1906 
1165 2908 3860 2300 
1166 2472 3842 1998 
1167 1657 2422 1658 
1168 2856 3775 2363 
1169 3299 3354 2043 
1170 3091 3993 3458 
1171 3117 3890 3257 
1172 830 3251 2578 
1173 2031 2902 2863 
1174 987 4163 2261 
1175 1027 2512 1021 
1176 2642 2643 2641 
1177 1739 2667 1737 
1178 2318 4149 2317 
1179 1418 2372 1420 
1180 2589 3099 1987 
1181 2698 3483 866 
1182 2762 3980 1034 
1183 2731 3153 701 
1184 2487 3069 2403 
1185 1053 2623 1078 
1186 2790 2841 2233 
1187 3089 3536 1091 
1188 779 3856 2821 
1189 1464 4130 2740 
1190 2683 3280 3046 
1191 1114 2817 1115 
1192 2410 4123 1635 
1193 2770 3314 3266 
1194 672 3677 3156 
1195 1225 2571 1951 
1196 1861 2656 2440 
1197 2961 3671 736 
1198 909 2513 907 
1199 1712 4329 2610 
1200 763 3431 2509 
1201 3297 4266 835 
1202 2181 3650 2900 
1203 2596 4345 860 
1204 2734 2735 2733 
1205 2474 3785 2932 
1206 1414 2681 1681 
1207 369 3185 368 
1208 2606 4335 1026 
1209 785 3718 2627 
1210 2640 2642 2641 
1211 3378 3930 2708 
1212 2230 2790 2233 
1213 860 3500 2596 
1214 2574 2805 1949 
1215 3843 4263 2247 
1216 1398 2730 2496 
1217 3472 4076 2560 
1218 1279 2827 1562 
1219 2666 2667 1739 
1220 756 3791 2298 
1221 3602 4241 2899 
1222 1954 3202 2543 
1223 2539 3430 2024 
1224 981 2566 979 
1225 2744 2745 2743 
1226 1165 2846 1157 
1227 1762 2734 2733 
1228 1895 2955 2335 
1229 2254 4138 1267 
1230 2285 4025 2283 
1231 3440 4185 2656 
1232 2059 3609 3181 
1233 910 2624 909 
1234 1220 3294 1068 
1235 778 2966 550 
1236 847 3598 2638 
1237 2751 3530 674 
1238 2682 4152 3071 
1239 3501 3740 1983 
1240 1411 3679 1331 
1241 1438 1460 1437 
1242 667 3049 2815 
1243 1655 1839 1571 
1244 617 3007 616 
1245 2473 4077 1304 
1246 1700 3619 2873 
1247 3288 3723 861 
1248 1041 1066 1040 
1249 975 4157 2719 
1250 518 2621 405 
1251 410 2620 202 
1252 2701 3809 1857 
1253 1662 2091 1663 
1254 1086 1087 1085 
1255 2817 4104 1115 
1256 2480 4028 3543 
1257 1577 2542 1308 
1258 1671 2053 1641 
1259 1664 1996 1958 
1260 3295 3448 1412 
1261 2718 2830 1024 
1262 1289 1558 1285 
1263 1762 2732 1759 
1264 1948 4048 2562 
1265 1808 2028 1807 
1266 1559 1971 1566 
1267 2278 2279 1648 
1268 2550 4066 3337 
1269 2460 2461 2384 
1270 1076 1122 1077 
1271 1110 2706 1209 
1272 1594 2399 1592 
1273 1960 2908 2300 
1274 851 3587 3554 
1275 2734 3597 2962 
1276 1316 1662 1320 
1277 1897 3066 2750 
1278 1676 2357 1557 
1279 2467 2468 1051 
1280 3378 3655 1521 
1281 1204 1446 1203 
1282 1292 1571 1291 
1283 2502 2503 2501 
1284 1045 1076 1046 
1285 1921 1925 1920 
1286 1361 4094 1352 
1287 1838 2360 1837 
1288 1554 2339 1552 
1289 3184 4116 2241 
1290 1649 2364 1498 
1291 2760 4253 2514 
1292 1445 2384 1443 
1293 1588 1641 1586 
1294 2096 4285 2976 
1295 1886 2919 2577 
1296 1173 1314 1290 
1297 2209 2217 2208 
1298 2187 3186 2026 
1299 2715 4009 1672 
1300 2199 2204 2200 
1301 1642 2675 2374 
1302 3150 4116 2223 
1303 3319 3671 2961 
1304 2266 2267 1727 
1305 1650 2673 1948 
1306 1873 1964 1874 
1307 2387 2631 2386 
1308 1707 1978 1572 
1309 1573 2022 1692 
1310 1790 1891 1803 
1311 2269 2270 1570 
1312 1165 4269 2846 
1313 3007 3730 727 
1314 2627 3762 624 
1315 1497 1887 1496 
1316 2660 4259 754 
1317 2273 4206 1269 
1318 1367 1397 1371 
1319 1675 2134 2132 
1320 2661 3813 1074 
1321 2200 2603 2202 
1322 1712 2609 2394 
1323 1130 1285 1126 
1324 2428 2430 1615 
1325 1373 1450 1398 
1326 1199 1423 1200 
1327 2445 2446 1488 
1328 1425 2474 2473 
1329 1640 2337 1578 
1330 2808 3803 813 
1331 1541 2471 2470 
1332 2294 2295 2293 
1333 2312 2313 1794 
1334 1414 1680 1415 
1335 1903 2256 1721 
1336 2627 3558 785 
1337 1828 1871 1556 
1338 1313 1707 1572 
1339 1283 2289 2273 
1340 2741 2837 2836 
1341 1500 1825 1501 
1342 1084 1085 1083 
1343 2319 2320 1862 
1344 2497 2498 1242 
1345 1132 1437 1106 
1346 1809 2354 2353 
1347 1762 3597 2734 
1348 2196 2199 2198 
1349 2714 3882 2602 
1350 1624 2785 1632 
1351 1796 2369 1795 
1352 941 4110 2877 
1353 1314 1657 1315 
1354 2249 2250 940 
1355 1676 2358 2357 
1356 1865 2854 2853 
1357 2823 3128 721 
1358 1795 2368 2366 
1359 1297 1557 1206 
1360 2408 2411 2410 
1361 3530 3553 3022 
1362 2308 2309 2307 
1363 3169 3738 2882 
1364 1642 2373 2372 
1365 2869 3400 3060 
1366 2741 2835 1467 
1367 1424 2346 2345 
1368 3543 3857 2480 
1369 3702 4288 2151 
1370 2834 3828 2357 
1371 2553 4088 3289 
1372 2035 3472 2560 
1373 2292 2293 1426 
1374 2679 3999 2130 
1375 1952 2327 1953 
1376 1951 1952 1502 
1377 2495 2582 2581 
1378 2577 3301 2893 
1379 1297 1676 1557 
1380 2269 2275 2270 
1381 2379 2380 2378 
1382 2787 3254 832 
1383 1087 3589 1112 
1384 3489 4044 3167 
1385 2666 2668 2667 
1386 1352 4094 2662 
1387 2855 3070 745 
1388 1683 2326 1859 
1389 2480 2969 2781 
1390 2860 3654 2977 
1391 2481 4223 1986 
1392 2574 4156 2805 
1393 2810 2966 778 
1394 3091 3458 1894 
1395 1313 1572 1216 
1396 715 2808 2806 
1397 1408 1828 1556 
1398 3231 3332 2285 
1399 2306 2307 1537 
1400 1310 1414 1312 
1401 834 2867 2866 
1402 2102 4135 2417 
1403 2882 3047 815 
1404 1996 3225 1958 
1405 1024 1040 1023 
1406 2289 2524 2290 
1407 1913 3422 2892 
1408 2281 2910 2279 
1409 2887 4042 814 
1410 2040 2600 1943 
1411 1225 1502 1226 
1412 1260 2194 2193 
1413 2819 4212 1839 
1414 1309 1310 1165 
1415 1130 1289 1285 
1416 1358 1367 1360 
1417 1264 3411 2990 
1418 2890 3768 415 
1419 2702 3464 2509 
1420 2868 3344 747 
1421 2741 2836 2835 
1422 2450 2451 2449 
1423 2657 3944 652 
1424 2510 2844 2702 
1425 415 3799 2890 
1426 1673 2050 943 
1427 2524 2525 2290 
1428 2356 3376 3308 
1429 2270 2986 2272 
1430 1681 2072 1680 
1431 861 3832 3288 
1432 2478 4096 2479 
1433 1208 1418 1207 
1434 2810 2811 1832 
1435 1705 1976 1703 
1436 1172 1539 1538 
1437 1419 1642 1418 
1438 2117 2944 1971 
1439 2289 2290 2273 
1440 1972 4087 3841 
1441 2238 3088 3086 
1442 2581 3734 2014 
1443 1969 2009 1657 
1444 2217 3179 2218 
1445 2584 2588 2585 
1446 2682 3071 1964 
1447 828 3381 2574 
1448 2763 2764 2762 
1449 1367 1371 1360 
1450 4007 4196 2886 
1451 676 2926 425 
1452 3090 3434 3421 
1453 1452 1712 1450 
1454 2323 2859 2077 
1455 3055 4325 4314 
1456 3496 3933 711 
1457 1331 2739 1328 
1458 2347 2349 2346 
1459 1081 2568 1062 
1460 655 3488 2631 
1461 3653 3892 2186 
1462 931 2249 940 
1463 2425 3757 779 
1464 1707 2491 1978 
1465 1891 1999 1803 
1466 1794 3755 1776 
1467 686 3280 2729 
1468 1299 2269 1570 
1469 1497 1889 1887 
1470 1820 2108 2003 
1471 1968 2481 1967 
1472 1058 1102 1057 
1473 858 3123 2997 
1474 1906 2378 2377 
1475 2708 3767 2630 
1476 2195 2196 2194 
1477 668 4060 2685 
1478 1156 1165 1157 
1479 1132 1438 1437 
1480 2317 4149 2717 
1481 3098 3374 748 
1482 1923 2548 2547 
1483 2022 2147 1692 
1484 1296 1500 1295 
1485 1136 1302 1135 
1486 624 3558 2627 
1487 2659 4259 2660 
1488 2367 4192 4004 
1489 864 3010 760 
1490 1578 1915 1579 
1491 3000 4249 4047 
1492 1865 2414 2413 
1493 1675 2132 1674 
1494 2579 3140 2217 
1495 2108 4222 3398 
1496 3363 3889 2257 
1497 1971 1973 1566 
1498 1123 1197 1122 
1499 2205 2803 2672 
1500 2316 2832 1297 
1501 1488 2448 1489 
1502 1104 1173 1103 
1503 2450 2685 2451 
1504 952 3659 2421 
1505 3421 3578 2390 
1506 1431 1703 1423 
1507 2946 3575 2948 
1508 1883 2154 1882 
1509 929 2420 925 
1510 2966 4144 549 
1511 1041 1068 1066 
1512 1964 2062 1874 
1513 2792 2842 649 
1514 1171 2696 1180 
1515 2302 3846 3766 
1516 1265 2254 1263 
1517 647 4044 3489 
1518 2193 4082 1257 
1519 3082 4289 3173 
1520 1425 2473 1275 
1521 1545 2413 1547 
1522 1460 1968 1967 
1523 1283 2273 1269 
1524 2502 2505 2503 
1525 2982 4262 1054 
1526 3330 3784 3272 
1527 1102 1441 1440 
1528 2899 4241 3273 
1529 2768 4176 2300 
1530 1024 1041 1040 
1531 136 3189 738 
1532 937 2467 935 
1533 1365 1373 1364 
1534 3274 4110 953 
1535 1292 1655 1571 
1536 1827 2064 1825 
1537 1862 2654 1863 
1538 1723 2266 1727 
1539 3568 4128 3183 
1540 2959 3793 822 
1541 1070 1103 1069 
1542 1881 1882 1429 
1543 3556 3629 2084 
1544 1441 1443 1442 
1545 1721 1902 1830 
1546 2400 2405 2402 
1547 2367 2964 1805 
1548 1728 2509 1980 
1549 2642 2644 2643 
1550 205 3381 517 
1551 402 3616 401 
1552 1076 2695 1123 
1553 2407 2408 1634 
1554 1407 2458 2385 
1555 2278 2281 2279 
1556 1539 1575 1538 
1557 1443 1535 1444 
1558 719 3603 3387 
1559 1305 3207 1306 
1560 690 3194 3175 
1561 1117 1207 1116 
1562 2625 3019 808 
1563 2073 3170 2484 
1564 3426 3678 2922 
1565 2623 4201 1078 
1566 798 3826 3435 
1567 1808 2099 2028 
1568 1923 2547 1921 
1569 1376 3810 1370 
1570 2436 2530 2432 
1571 1678 2599 1655 
1572 1407 2385 1333 
1573 1559 1566 1410 
1574 1535 1837 1536 
1575 680 3758 2851 
1576 2555 2725 1306 
1577 813 3660 2808 
1578 1664 1958 1453 
1579 2900 3650 651 
1580 2742 2744 2743 
1581 2532 2534 2533 
1582 2524 2526 2525 
1583 1568 1892 1505 
1584 1847 2005 1848 
1585 1304 1664 1453 
1586 1333 1411 1331 
1587 1193 1313 1216 
1588 3668 3809 2701 
1589 1259 1265 1263 
1590 2422 3217 2423 
1591 1408 1556 1325 
1592 1962 2602 1671 
1593 1272 1425 1275 
1594 1221 1559 1410 
1595 1683 1859 1564 
1596 1780 2312 1778 
1597 3055 4314 3018 
1598 1673 2160 2050 
1599 3057 3739 1994 
1600 2615 2616 2009 
1601 2211 2579 2209 
1602 1659 2116 1982 
1603 1558 2006 1885 
1604 2367 3698 2965 
1605 1809 2353 1756 
1606 1728 1980 1725 
1607 1149 2858 1164 
1608 1644 2539 1646 
1609 2802 2892 1416 
1610 1267 1283 1269 
1611 2329 2953 1953 
1612 1837 2142 2141 
1613 2518 2519 1912 
1614 1983 4058 3132 
1615 954 1045 953 
1616 1772 1807 1770 
1617 1717 2761 2673 
1618 1891 2580 1999 
1619 1097 1130 1126 
1620 1299 1570 1214 
1621 1446 1694 1447 
1622 1138 1297 1206 
1623 1091 1169 1089 
1624 1688 1901 1448 
1625 1527 1648 1525 
1626 3231 3795 660 
1627 1198 1316 1197 
1628 3661 3982 3244 
1629 1552 1847 1553 
1630 1588 1671 1641 
1631 2369 2392 2368 
1632 590 3675 3467 
1633 2414 3032 2729 
1634 2413 4062 1547 
1635 1919 1921 1920 
1636 1861 2439 1568 
1637 1879 2030 1877 
1638 1919 1920 1311 
1639 1086 1089 1087 
1640 818 3316 3003 
1641 1475 1497 1496 
1642 1640 2338 2337 
1643 1220 4183 3798 
1644 947 3904 2558 
1645 1554 2340 2339 
1646 1087 1112 1088 
1647 1895 2335 1688 
1648 1284 2996 2827 
1649 1756 1801 1754 
1650 2638 3476 847 
1651 1084 1086 1085 
1652 1100 1199 1101 
1653 1723 1727 1287 
1654 3392 3526 2250 
1655 1694 2065 1695 
1656 1381 2292 1379 
1657 1172 1538 1114 
1658 1730 3101 1732 
1659 1302 1552 1454 
1660 1573 1692 1511 
1661 2566 3883 979 
1662 1056 3737 2664 
1663 1596 3808 1633 
1664 2414 2729 2413 
1665 1034 2606 1026 
1666 1527 2278 1648 
1667 3350 4066 3772 
1668 2298 3868 756 
1669 1594 2403 2399 
1670 1619 2742 1620 
1671 3554 3587 3431 
1672 1134 1203 1093 
1673 2006 2419 1885 
1674 1772 2880 1808 
1675 1992 1994 1993 
1676 2347 2941 2351 
1677 1308 2542 1436 
1678 2403 3956 2487 
1679 1790 1803 1748 
1680 1772 1808 1807 
1681 1820 2003 1736 
1682 2889 3697 669 
1683 2205 2672 2204 
1684 3308 3795 2356 
1685 1968 3404 3220 
1686 2401 4173 2816 
1687 1691 2032 1690 
1688 2080 3724 3287 
1689 2266 2427 2267 
1690 1897 2750 1654 
1691 1054 4262 1095 
1692 2065 3117 2847 
1693 1405 1578 1406 
1694 1665 2040 1943 
1695 2498 2502 2501 
1696 1982 4338 2607 
1697 2449 2453 2452 
1698 1669 2035 1560 
1699 2207 2208 2197 
1700 1581 2021 1685 
1701 3299 3938 3354 
1702 1948 2562 2012 
1703 1698 3314 3282 
1704 2261 2618 1031 
1705 1170 1292 1291 
1706 2019 3359 2020 
1707 935 2467 1051 
1708 2204 2603 2200 
1709 1026 4335 1042 
1710 1532 1714 1529 
1711 2021 2382 1685 
1712 1059 2872 1075 
1713 1873 1874 1397 
1714 1462 1466 1464 
1715 2943 3546 2573 
1716 1228 3838 1417 
1717 2564 2798 2565 
1718 2354 2356 2353 
1719 2430 2436 2432 
1720 1925 2383 1926 
1721 2674 4048 1948 
1722 2447 3369 2686 
1723 1662 1663 1320 
1724 1815 1899 1814 
1725 1861 2440 2439 
1726 3031 3032 2414 
1727 1608 2428 1610 
1728 1452 2967 2044 
1729 907 1037 905 
1730 2681 3170 1681 
1731 2508 3264 2505 
1732 1184 1586 1585 
1733 2602 3882 3461 
1734 2314 2779 2313 
1735 1603 1675 1674 
1736 2280 2852 2709 
1737 691 3839 2534 
1738 1112 1170 1113 
1739 1870 4123 3019 
1740 1480 2445 1482 
1741 1311 4136 2681 
1742 1631 4164 2429 
1743 1709 2079 1992 
1744 1590 1594 1592 
1745 1575 2017 2016 
1746 2938 3607 3024 
1747 1778 1794 1776 
1748 1637 2319 1639 
1749 2689 3761 2221 
1750 766 2899 2772 
1751 907 2513 1037 
1752 2446 2450 2449 
1753 1134 1204 1203 
1754 2409 2697 2408 
1755 1604 2669 1606 
1756 2218 2876 2680 
1757 888 3284 891 
1758 2851 3758 2476 
1759 3169 3819 2837 
1760 1577 4350 2542 
1761 2215 2238 2234 
1762 640 3784 3304 
1763 1714 3875 1529 
1764 2039 2663 1828 
1765 2396 2772 2395 
1766 987 2261 1031 
1767 2357 4279 1557 
1768 946 2692 934 
1769 2250 3377 2521 
1770 2495 2581 1584 
1771 2227 2687 2225 
1772 1385 2306 1383 
1773 1446 1697 1694 
1774 1646 2024 1960 
1775 2498 2501 2500 
1776 1302 1554 1552 
1777 1445 2460 2384 
1778 1022 2763 2762 
1779 2297 3791 3285 
1780 2091 2093 1663 
1781 2207 2209 2208 
1782 1184 1588 1586 
1783 1694 2119 2065 
1784 2262 2263 2140 
1785 1078 1132 1106 
1786 1316 1320 1197 
1787 946 3125 2693 
1788 2694 2976 1100 
1789 1690 1829 1427 
1790 2728 2970 780 
1791 1370 3810 2967 
1792 767 3809 3668 
1793 1899 1900 1814 
1794 1124 1225 1182 
1795 1911 2517 1909 
1796 1431 2976 1864 
1797 2579 3239 3140 
1798 2204 2605 2603 
1799 1379 1426 1377 
1800 2243 3628 1981 
1801 2557 4109 1047 
1802 3289 4088 730 
1803 2358 2834 2357 
1804 1879 2657 2030 
1805 1889 2626 1887 
1806 2766 4338 1982 
1807 935 1051 933 
1808 1872 1873 1397 
1809 1298 1498 1485 
1810 1170 1291 1171 
1811 2395 2772 2494 
1812 2199 2200 2198 
1813 2507 4171 1277 
1814 951 2622 892 
1815 2032 2891 2800 
1816 1654 2750 1950 
1817 1314 1315 1290 
1818 1076 1077 1046 
1819 991 1044 989 
1820 1909 1912 1907 
1821 1050 1096 1049 
1822 2432 2737 2433 
1823 3181 3609 1055 
1824 1535 1838 1837 
1825 2263 2264 2140 
1826 2344 3364 2801 
1827 2609 3677 2396 
1828 1074 2623 1053 
1829 1358 1360 1356 
1830 2398 4050 1847 
1831 3195 3446 2461 
1832 2750 2979 1950 
1833 2079 3265 1992 
1834 1715 2736 1714 
1835 1990 3145 2491 
1836 2714 3365 840 
1837 2032 2301 1690 
1838 1066 1097 1067 
1839 790 3546 2943 
1840 1450 1451 1398 
1841 2953 3838 1228 
1842 1405 1640 1578 
1843 2211 2823 2579 
1844 1933 2862 1930 
1845 2576 2919 906 
1846 2075 3653 2186 
1847 931 940 927 
1848 3282 3314 2770 
1849 987 1031 985 
1850 1845 3280 2683 
1851 1998 2283 1891 
1852 1383 1537 1381 
1853 1045 1046 953 
1854 1441 1445 1443 
1855 1389 2345 1387 
1856 2772 2773 766 
1857 3837 4328 2275 
1858 1789 3165 2666 
1859 973 2913 1025 
1860 1023 2757 984 
1861 2045 2126 1713 
1862 1242 2500 1243 
1863 963 3160 2795 
1864 1785 2366 1782 
1865 1852 2333 1854 
1866 1122 2571 1124 
1867 940 2522 927 
1868 3140 3239 849 
1869 1905 1906 1456 
1870 3775 4102 2363 
1871 2028 2914 2864 
1872 1030 2611 956 
1873 1796 4129 2369 
1874 808 4314 2625 
1875 1579 2317 1581 
1876 850 3600 2755 
1877 2137 2187 2026 
1878 2740 4188 2741 
1879 1462 1464 1463 
1880 3140 3599 3179 
1881 2464 3187 3075 
1882 1848 2482 1850 
1883 1238 2497 1242 
1884 1940 2361 1939 
1885 2429 3910 2428 
1886 1590 1592 1591 
1887 917 4001 2912 
1888 1039 2690 2661 
1889 1532 1715 1714 
1890 1035 2765 1070 
1891 2859 3365 2714 
1892 2933 3307 2935 
1893 1877 2478 1679 
1894 1083 4250 2255 
1895 1122 1124 1077 
1896 886 3284 888 
1897 1309 1311 1310 
1898 2754 3580 1119 
1899 2165 2520 2168 
1900 1665 1943 1666 
1901 3473 3512 1028 
1902 1965 2682 1964 
1903 956 2611 954 
1904 1610 2428 1615 
1905 1657 1658 1315 
1906 2077 2714 1962 
1907 1456 2377 1296 
1908 1542 2854 1543 
1909 1091 3536 1169 
1910 1375 1376 1370 
1911 1064 2738 1050 
1912 1817 2532 1815 
1913 1624 1632 1626 
1914 1039 2661 944 
1915 638 4178 2897 
1916 768 3483 2698 
1917 2764 3980 2762 
1918 3297 3528 2687 
1919 2035 2560 2559 
1920 1541 2470 1317 
1921 1789 2666 1741 
1922 2255 2371 1083 
1923 1606 2669 1631 
1924 962 4317 965 
1925 1176 1295 1174 
1926 1105 1590 1589 
1927 1838 2774 2360 
1928 1782 1805 1780 
1929 2434 2984 2431 
1930 1482 2445 1488 
1931 1010 1028 1008 
1932 1508 2586 1286 
1933 3125 3298 3248 
1934 1493 1542 1495 
1935 2041 2529 2042 
1936 1387 1432 1385 
1937 1016 2101 1013 
1938 2079 3931 3265 
1939 1298 1649 1498 
1940 1628 1634 1630 
1941 678 3754 3500 
1942 1844 2426 1715 
1943 2467 3694 2468 
1944 2988 3094 750 
1945 2169 2595 2171 
1946 1069 2694 1071 
1947 1415 2540 1644 
1948 1978 3610 1572 
1949 2738 3938 1050 
1950 1414 1415 1312 
1951 1976 2415 1703 
1952 2009 2422 1657 
1953 2349 2388 2346 
1954 1918 4067 2598 
1955 1173 1290 1103 
1956 1712 2394 1450 
1957 799 3578 3421 
1958 1977 2057 1976 
1959 1294 1665 1293 
1960 1236 2497 1238 
1961 2312 2314 2313 
1962 1373 1398 1364 
1963 1669 2036 2035 
1964 1741 2666 1739 
1965 1068 2723 1066 
1966 2361 2362 1939 
1967 1505 2527 1289 
1968 3392 3605 1788 
1969 2168 2441 2169 
1970 2346 2348 2345 
1971 1902 2810 1830 
1972 1209 2583 1120 
1973 1558 1885 1884 
1974 2926 3753 424 
1975 2161 3705 2160 
1976 2651 4239 2653 
1977 2991 2992 1044 
1978 2931 3130 2227 
1979 1371 1405 1396 
1980 1255 1260 1257 
1981 1560 2559 1539 
1982 2931 3129 758 
1983 1164 3012 2598 
1984 1623 2785 1624 
1985 2571 4008 2987 
1986 2540 3615 2541 
1987 1458 1721 1459 
1988 1120 2583 1195 
1989 2333 2334 2010 
1990 1927 3012 2994 
1991 2090 2520 2165 
1992 2433 2815 2435 
1993 2171 2595 2174 
1994 2017 2019 2018 
1995 1082 1084 1083 
1996 1949 2805 1954 
1997 2446 2449 2448 
1998 2294 2296 2295 
1999 2373 2375 2372 
2000 1892 2528 2527 
2001 1013 1029 1006 
2002 669 3768 2889 
2003 1858 2613 1868 
2004 911 2919 1886 
2005 3787 3846 2302 
2006 2235 2889 2239 
2007 2292 2294 2293 
2008 1749 1790 1748 
2009 2643 2651 2646 
2010 800 3851 3103 
2011 2161 3274 3074 
2012 2615 2952 1826 
2013 1439 1564 1438 
2014 1804 3622 3343 
2015 1986 2806 1987 
2016 1661 3609 2059 
2017 1649 2365 2364 
2018 2270 2272 2271 
2019 2196 2198 2194 
2020 3391 3520 829 
2021 975 2719 978 
2022 1278 1434 1177 
2023 1464 1467 1465 
2024 1845 2683 1846 
2025 2072 2074 1680 
2026 1902 2966 2810 
2027 1512 1573 1511 
2028 2117 4128 2944 
2029 1131 1298 1125 
2030 2448 4081 1489 
2031 2816 4045 2405 
2032 3073 4108 2068 
2033 1571 2495 1584 
2034 2085 3702 2151 
2035 1944 2245 1946 
2036 1418 1420 1207 
2037 1260 2193 1257 
2038 1097 1126 1098 
2039 2807 3676 715 
2040 2203 2466 2215 
2041 1854 2010 1856 
2042 1521 3655 1518 
2043 2534 3945 691 
2044 938 952 929 
2045 1703 1704 1423 
2046 1737 1820 1736 
2047 1776 3755 2880 
2048 2698 4315 2489 
2049 2447 3914 2445 
2050 2540 2541 2539 
2051 1778 2312 1794 
2052 1850 2047 1852 
2053 1317 2470 1316 
2054 2108 3398 2003 
2055 1966 3356 2706 
2056 649 2842 176 
2057 1029 2634 2633 
2058 1825 1826 1501 
2059 1019 1052 1016 
2060 2533 2920 1899 
2061 2175 2659 2177 
2062 892 2622 889 
2063 2400 2402 1595 
2064 942 953 941 
2065 1199 1200 1101 
2066 1868 2612 2087 
2067 1228 1417 1230 
2068 2336 3870 2149 
2069 1475 1496 1476 
2070 1269 4206 1272 
2071 1911 2768 2517 
2072 1821 2532 1817 
2073 1780 4052 2312 
2074 2407 2409 2408 
2075 2029 2864 2712 
2076 1934 2162 1933 
2077 993 2188 991 
2078 1925 2755 2383 
2079 945 2572 1065 
2080 2017 2863 2019 
2081 2611 3834 2695 
2082 2602 3461 2053 
2083 2461 3446 2384 
2084 1649 3751 2365 
2085 983 1024 1023 
2086 1428 1690 1427 
2087 1950 2980 2574 
2088 1979 2117 1971 
2089 1721 1830 1459 
2090 1498 1709 1668 
2091 925 2420 939 
2092 1395 1424 1389 
2093 2340 2801 2339 
2094 1824 1916 1822 
2095 1557 1659 1653 
2096 2116 2766 1982 
2097 2261 2619 2618 
2098 2430 2432 2431 
2099 2323 4111 2859 
2100 2688 4300 2689 
2101 1575 2031 2017 
2102 2154 2156 1882 
2103 1999 2985 2590 
2104 2306 2308 2307 
2105 1755 1756 1754 
2106 3103 3851 2819 
2107 2111 3562 3534 
2108 1542 3420 2854 
2109 1896 2331 1895 
2110 1096 1462 1461 
2111 2728 4185 1973 
2112 2781 4028 2480 
2113 2308 2310 2309 
2114 2064 2514 1825 
2115 2225 2688 2222 
2116 909 3418 2513 
2117 3183 4128 2117 
2118 2374 2376 2373 
2119 1795 2366 1785 
2120 1709 4079 2079 
2121 3495 4084 2858 
2122 1639 1862 1652 
2123 670 3860 2908 
2124 3313 4096 2478 
2125 2157 2159 1889 
2126 2755 3014 850 
2127 2372 3590 1420 
2128 1798 1810 1796 
2129 1381 4033 2292 
2130 1310 2681 1414 
2131 1952 1953 1502 
2132 2585 2587 2586 
2133 2162 2866 1933 
2134 774 2814 2813 
2135 2506 3098 2503 
2136 1654 1949 1577 
2137 1363 1364 1359 
2138 1435 3301 3232 
2139 200 3346 199 
2140 2530 3355 2737 
2141 1225 1951 1502 
2142 1792 1795 1785 
2143 1830 2810 1832 
2144 1500 1501 1295 
2145 2408 2410 1634 
2146 2731 3352 3002 
2147 2195 2197 2196 
2148 1379 2292 1426 
2149 2910 3443 632 
2150 1500 1827 1825 
2151 2400 2816 2405 
2152 1757 1809 1756 
2153 1642 2372 1418 
2154 2286 4093 3603 
2155 2309 2703 2307 
2156 1109 1184 1108 
2157 944 2661 1032 
2158 1970 3440 2656 
2159 1639 2319 1862 
2160 1424 2345 1389 
2161 2007 3703 2315 
2162 2918 4285 1315 
2163 2009 2901 2422 
2164 1257 4082 1259 
2165 1681 2073 2072 
2166 1118 1131 1125 
2167 2837 3059 2836 
2168 2298 3769 3394 
2169 2505 2506 2503 
2170 1689 1895 1688 
2171 1906 2379 2378 
2172 2053 2055 2054 
2173 1127 2316 1138 
2174 3471 3647 1957 
2175 1557 4279 1659 
2176 1424 2941 2347 
2177 989 4163 987 
2178 3287 3724 1052 
2179 2869 3060 2870 
2180 1626 4150 2407 
2181 1903 3912 2923 
2182 2780 3444 631 
2183 2065 2847 2066 
2184 1489 1492 1491 
2185 1310 1312 1165 
2186 1620 1623 1622 
2187 2411 2878 2410 
2188 1697 2262 2140 
2189 1953 2953 1502 
2190 1035 1069 1036 
2191 2279 2852 2280 
2192 1659 1982 1660 
2193 2870 3344 2868 
2194 1667 2144 1717 
2195 1048 1050 1049 
2196 2907 3223 1022 
2197 2177 2659 2180 
2198 1163 3527 2884 
2199 2296 3769 2298 
2200 1069 1071 1036 
2201 1850 2482 2047 
2202 3318 3343 2125 
2203 3347 4120 2139 
2204 3075 3187 848 
2205 2884 3901 1163 
2206 1419 2675 1642 
2207 1854 2333 2010 
2208 2676 3449 2374 
2209 1905 1907 1906 
2210 3257 3890 831 
2211 1271 3620 3184 
2212 2327 2328 1953 
2213 1022 2762 1011 
2214 995 1038 993 
2215 1819 1821 1817 
2216 2177 2180 2179 
2217 1982 2607 2268 
2218 2716 3144 1420 
2219 2110 3818 2838 
2220 1565 1683 1564 
2221 2295 2297 2293 
2222 2730 3639 1872 
2223 1383 2306 1537 
2224 2174 2578 2175 
2225 2979 3029 865 
2226 1153 1156 1155 
2227 1930 2862 1929 
2228 1138 1206 1139 
2229 2719 2830 2718 
2230 2791 2792 2790 
2231 2486 4173 2401 
2232 2801 3364 841 
2233 1148 2858 1149 
2234 2795 3707 1682 
2235 1917 2731 1916 
2236 1080 1172 1114 
2237 1881 1883 1882 
2238 2643 4282 2651 
2239 1626 2407 1628 
2240 2215 2234 2216 
2241 2226 2227 2225 
2242 1968 2904 2481 
2243 730 3185 369 
2244 1736 2118 1733 
2245 2720 3427 1708 
2246 2648 4019 2915 
2247 1754 2472 1751 
2248 904 2576 906 
2249 1677 3506 3152 
2250 1131 2554 1298 
2251 2045 2127 2126 
2252 2038 2039 1828 
2253 2439 4355 1568 
2254 1812 1814 1800 
2255 1592 1595 1593 
2256 2658 3750 3313 
2257 1073 4341 1105 
2258 1156 1309 1165 
2259 1603 1674 1604 
2260 1225 1226 1182 
2261 2683 2684 1846 
2262 903 1673 943 
2263 3049 3050 2815 
2264 3212 3852 3759 
2265 686 3032 489 
2266 488 3032 3031 
2267 2561 3878 718 
2268 2032 2800 2301 
2269 1199 1431 1423 
2270 1543 2854 1865 
2271 2692 2693 2691 
2272 3132 3617 1983 
2273 1232 2640 1234 
2274 2741 3738 2837 
2275 1635 1870 1637 
2276 1547 1845 1549 
2277 1669 2770 2037 
2278 1950 2574 1949 
2279 1430 1650 1550 
2280 1883 2155 2154 
2281 2233 3129 2931 
2282 991 2188 1044 
2283 1375 1377 1376 
2284 1117 1208 1207 
2285 1460 1967 1966 
2286 1414 1681 1680 
2287 1628 2407 1634 
2288 1208 1419 1418 
2289 2696 4098 1180 
2290 2745 2746 2743 
2291 3453 3992 3705 
2292 1994 3265 3025 
2293 1712 2610 2609 
2294 3418 3460 2513 
2295 2690 3678 1693 
2296 2380 2381 2378 
2297 2735 2905 2733 
2298 1468 1484 1470 
2299 3890 4120 3271 
2300 1093 3089 1091 
2301 2522 4271 927 
2302 1029 2715 2634 
2303 2387 3188 2631 
2304 1826 3749 2617 
2305 3120 3663 3121 
2306 1449 1688 1448 
2307 2763 3423 2993 
2308 3352 3656 3002 
2309 1402 1403 1400 
2310 2367 4004 3698 
2311 1708 1990 1707 
2312 2345 4106 1387 
2313 1939 2363 1936 
2314 1115 1136 1135 
2315 2317 2717 2021 
2316 1193 1216 1194 
2317 1177 2563 1136 
2318 1642 2374 2373 
2319 1958 2067 1959 
2320 1868 2087 1869 
2321 1373 1452 1450 
2322 757 3247 3166 
2323 1176 1296 1295 
2324 2146 2425 2144 
2325 1424 2347 2346 
2326 1156 1157 1155 
2327 1650 1948 1550 
2328 2171 2174 2173 
2329 1373 2967 1452 
2330 2319 2625 2320 
2331 1452 1713 1712 
2332 978 2718 980 
2333 2514 3749 1826 
2334 1763 3597 1762 
2335 1472 1475 1474 
2336 1326 1408 1325 
2337 3777 4303 3335 
2338 2565 2721 2566 
2339 666 3844 2612 
2340 2392 2569 2368 
2341 1199 2976 1431 
2342 760 3010 863 
2343 1634 1635 1630 
2344 1385 4070 2306 
2345 2527 4310 1289 
2346 3182 3487 2027 
2347 1100 1101 1073 
2348 1713 4329 1712 
2349 1969 2615 2009 
2350 1025 4157 975 
2351 2985 4280 2590 
2352 1390 3777 2721 
2353 2280 2709 2708 
2354 1540 1560 1539 
2355 1371 2325 1405 
2356 2435 3637 2748 
2357 2772 2899 2494 
2358 1160 3503 1163 
2359 2482 3869 2047 
2360 1009 2907 1022 
2361 2732 2733 2355 
2362 1568 4355 1892 
2363 1949 1954 1577 
2364 1234 1301 1236 
2365 1287 3847 3269 
2366 1847 4050 2005 
2367 950 2624 913 
2368 1319 1541 1317 
2369 2965 4323 2964 
2370 1543 1865 1545 
2371 3214 4282 2643 
2372 2784 4343 1403 
2373 1422 2675 1419 
2374 2745 2747 2746 
2375 1415 3986 2540 
2376 1201 3487 3182 
2377 3194 3243 3175 
2378 1284 2827 1178 
2379 2815 4268 667 
2380 2983 3362 2674 
2381 1795 2369 2368 
2382 1076 1123 1122 
2383 2199 2205 2204 
2384 1600 1603 1602 
2385 1986 2807 2806 
2386 1431 1705 1703 
2387 1404 2784 1403 
2388 1251 1261 1253 
2389 2458 2459 2387 
2390 2615 2617 2616 
2391 1886 2258 1099 
2392 1124 2571 1225 
2393 2771 3647 3471 
2394 2028 2864 2029 
2395 2612 3452 666 
2396 2685 2796 2451 
2397 1865 2413 1545 
2398 2405 2406 2402 
2399 1063 1116 1064 
2400 1478 1483 1480 
2401 1287 3269 877 
2402 2023 2111 2022 
2403 1314 1969 1657 
2404 2342 2344 2340 
2405 2447 4270 3368 
2406 2964 4323 2780 
2407 2347 2350 2349 
2408 1190 2720 1193 
2409 1510 1511 1404 
2410 2727 3680 753 
2411 1189 2720 1190 
2412 875 3501 1983 
2413 1721 2256 1902 
2414 2565 2566 981 
2415 675 3774 3749 
2416 3957 4057 3621 
2417 810 4204 2683 
2418 1243 1277 1245 
2419 1356 2417 1354 
2420 1425 3785 2474 
2421 1070 1104 1103 
2422 1422 2677 2675 
2423 1096 3299 1462 
2424 2737 4268 2433 
2425 12 3242 11 
2426 1482 1488 1487 
2427 1726 1728 1725 
2428 2979 3975 3029 
2429 1104 1174 1173 
2430 315 3233 314 
2431 1260 2195 2194 
2432 1614 1619 1618 
2433 1071 1100 1073 
2434 2717 3439 2021 
2435 1705 1977 1976 
2436 2245 2246 1946 
2437 1859 2887 2516 
2438 2695 3632 1123 
2439 929 4261 2420 
2440 1610 1615 1612 
2441 2349 2390 2388 
2442 1300 1448 1299 
2443 2517 4177 2518 
2444 1871 2544 1914 
2445 2744 2749 2745 
2446 1062 4023 1119 
2447 947 1047 949 
2448 1743 1789 1741 
2449 2024 3430 2909 
2450 2139 4120 3890 
2451 1906 2377 1456 
2452 2415 3005 2416 
2453 2891 3520 3391 
2454 1185 1429 1186 
2455 2140 3347 2139 
2456 2029 2712 2711 
2457 2569 4276 3302 
2458 1938 1939 1936 
2459 1596 1633 1598 
2460 1578 1579 1406 
2461 897 3115 3013 
2462 2652 4342 1232 
2463 2377 4225 1296 
2464 1247 1271 1249 
2465 2983 3936 3362 
2466 2913 4125 1025 
2467 1204 2262 1446 
2468 1887 2041 1888 
2469 1043 1058 1057 
2470 2231 3293 2799 
2471 2474 3823 2473 
2472 2024 2908 1960 
2473 674 3835 2751 
2474 3296 3348 2136 
2475 1912 3925 1907 
2476 1998 4086 2472 
2477 3003 3316 2154 
2478 1073 1105 1072 
2479 3448 4288 1412 
2480 3170 4136 1926 
2481 2010 2011 1856 
2482 958 1030 956 
2483 1102 1440 1057 
2484 3828 4279 2357 
2485 2111 3456 2022 
2486 3050 3637 2435 
2487 2234 2889 2235 
2488 1839 4212 2495 
2489 1973 2970 2728 
2490 1230 2652 1232 
2491 1564 2515 1438 
2492 2721 4172 3561 
2493 2163 3886 3612 
2494 1105 2925 1590 
2495 2165 2168 2167 
2496 718 3746 2561 
2497 1078 1106 1079 
2498 1032 1074 1053 
2499 2668 3451 2667 
2500 2898 3673 2876 
2501 2047 3869 3229 
2502 913 2624 910 
2503 1354 1361 1352 
2504 1606 1631 1608 
2505 1045 2695 1076 
2506 2791 3684 2843 
2507 2008 3089 1447 
2508 915 950 913 
2509 1662 2092 2091 
2510 1429 1430 1186 
2511 630 3525 2825 
2512 1082 1083 961 
2513 1238 1242 1241 
2514 2238 3710 3088 
2515 950 3627 2809 
2516 2296 2298 2295 
2517 2425 3778 2144 
2518 2365 2938 2364 
2519 1030 2833 2611 
2520 1667 1717 1650 
2521 1747 1748 1745 
2522 1814 2475 1800 
2523 2258 2575 2259 
2524 939 2861 923 
2525 2923 3912 2614 
2526 1021 1055 1012 
2527 2428 3910 2430 
2528 1180 1189 1188 
2529 2003 2282 2118 
2530 1542 1543 1495 
2531 1441 1442 1440 
2532 2384 4251 1443 
2533 1116 1118 1064 
2534 1900 2851 2476 
2535 3569 3728 2573 
2536 1899 4313 1900 
2537 1809 2732 2355 
2538 1047 1048 949 
2539 2033 2891 2032 
2540 2920 2921 824 
2541 3703 3829 2723 
2542 2369 2393 2392 
2543 3090 4178 638 
2544 1691 2033 2032 
2545 1922 1923 1921 
2546 1202 1294 1293 
2547 2445 3914 2446 
2548 3121 3122 3119 
2549 3072 3756 1223 
2550 1991 2013 1990 
2551 1504 1505 1289 
2552 2088 2286 2090 
2553 869 3288 708 
2554 2395 2494 2397 
2555 820 3084 2901 
2556 2771 3694 1065 
2557 1753 1754 1751 
2558 2889 2890 2239 
2559 3632 3834 1567 
2560 2461 3243 3194 
2561 1443 1444 1442 
2562 945 1065 937 
2563 2144 2145 1717 
2564 1149 1164 1151 
2565 2217 2218 2208 
2566 1332 1333 1331 
2567 1236 4304 2497 
2568 2099 2914 2028 
2569 1967 1986 1985 
2570 2320 2654 1862 
2571 1458 1459 1294 
2572 1279 1427 1278 
2573 1709 1992 1710 
2574 2616 4324 2009 
2575 2373 3462 2375 
2576 2230 2233 2228 
2577 1178 1278 1177 
2578 1646 1960 1647 
2579 1724 1725 1723 
2580 2088 3108 2286 
2581 840 3882 2714 
2582 2643 2646 2641 
2583 2431 2984 1615 
2584 2469 3605 3392 
2585 1845 1846 1549 
2586 2259 3198 2946 
2587 1608 4257 2428 
2588 1443 4251 1535 
2589 1999 2590 2000 
2590 1363 1365 1364 
2591 2920 4313 1899 
2592 947 949 938 
2593 2053 2054 1641 
2594 1994 1995 1993 
2595 2259 2946 2945 
2596 2232 2790 2230 
2597 1035 1070 1069 
2598 1215 1299 1214 
2599 1535 1536 1444 
2600 905 3096 902 
2601 2181 2900 2183 
2602 1017 1019 1016 
2603 2748 3637 2744 
2604 1063 1064 1050 
2605 2925 3908 1947 
2606 1480 4270 2445 
2607 2882 3218 3047 
2608 1468 2835 1484 
2609 1446 1447 1203 
2610 2077 2859 2714 
2611 1824 1917 1916 
2612 1735 1736 1733 
2613 1971 2944 1973 
2614 2848 2849 2361 
2615 1932 1933 1930 
2616 1717 2673 1650 
2617 1123 1198 1197 
2618 1087 1088 1085 
2619 1195 1508 1286 
2620 1417 2652 1230 
2621 2657 2658 2030 
2622 1011 2762 1020 
2623 1729 2510 1728 
2624 1467 2835 1468 
2625 2783 3535 2896 
2626 3467 3675 2747 
2627 1847 1848 1553 
2628 2274 2982 1585 
2629 1334 1407 1333 
2630 1632 4150 1626 
2631 273 3237 272 
2632 2178 3457 2895 
2633 3121 3663 891 
2634 1357 1358 1356 
2635 2307 3004 1537 
2636 2809 3628 950 
2637 1185 1186 1131 
2638 2933 3815 3307 
2639 2605 3201 2603 
2640 2092 2573 2091 
2641 1122 4008 2571 
2642 1837 2141 1536 
2643 3369 4107 2686 
2644 381 3006 380 
2645 2355 2776 2354 
2646 1112 3379 1170 
2647 657 3769 2883 
2648 2423 2845 2570 
2649 2159 2626 1889 
2650 2064 4030 2760 
2651 632 3105 2852 
2652 1499 1577 1308 
2653 2235 2239 2237 
2654 2930 4053 2275 
2655 2993 3423 1617 
2656 1190 1193 1192 
2657 1294 2152 1665 
2658 2518 2879 2519 
2659 665 4053 2930 
2660 932 933 931 
2661 932 2942 946 
2662 2309 2883 2703 
2663 1731 1843 1729 
2664 1127 1138 1129 
2665 1644 1646 1645 
2666 3798 4183 2830 
2667 1343 2895 1340 
2668 1269 1272 1270 
2669 942 954 953 
2670 2064 2760 2514 
2671 1997 2727 1996 
2672 1267 1269 1268 
2673 1263 1267 1266 
2674 1272 1275 1273 
2675 3425 3641 2787 
2676 1552 1553 1454 
2677 999 3917 3315 
2678 3772 4066 2550 
2679 3111 3409 650 
2680 2454 2538 2537 
2681 1259 1263 1262 
2682 1871 2545 2544 
2683 1035 1036 1019 
2684 1423 2614 1200 
2685 2078 2323 2077 
2686 1121 1288 1111 
2687 2581 3234 1584 
2688 1304 1453 1305 
2689 1364 2496 1359 
2690 2449 2452 2448 
2691 1619 2748 2742 
2692 2405 3552 2406 
2693 1458 1903 1721 
2694 2296 3004 2703 
2695 1547 4062 1845 
2696 2876 3673 2803 
2697 3166 3247 3167 
2698 1350 1368 1348 
2699 1039 2692 2691 
2700 1511 2784 1404 
2701 1694 1695 1447 
2702 3293 3620 1271 
2703 3855 3990 2789 
2704 1062 1119 1060 
2705 1302 1454 1135 
2706 2882 3738 2277 
2707 1071 1073 1072 
2708 1118 1185 1131 
2709 3348 3466 2136 
2710 2768 2988 2517 
2711 1275 1304 1276 
2712 2065 2066 1695 
2713 2275 2986 2270 
2714 1430 1667 1650 
2715 1324 1325 1322 
2716 2752 3553 3530 
2717 1654 1950 1949 
2718 2143 4233 2850 
2719 800 3103 344 
2720 934 935 933 
2721 2432 2433 2431 
2722 1792 1796 1795 
2723 3325 3695 2004 
2724 2426 2736 1715 
2725 1873 1965 1964 
2726 2491 2917 1978 
2727 1157 1159 1158 
2728 1141 1166 1143 
2729 2760 4030 3646 
2730 2218 2898 2876 
2731 2446 2448 1488 
2732 1197 4008 1122 
2733 3430 3963 2909 
2734 2314 2780 2779 
2735 1137 1177 1136 
2736 2134 3522 2132 
2737 2485 3473 1677 
2738 1586 1587 1585 
2739 1865 2853 2414 
2740 1839 2495 1571 
2741 3315 3917 2444 
2742 2188 2991 1044 
2743 1667 2146 2144 
2744 1074 3813 2829 
2745 1507 3412 2315 
2746 2279 2280 1648 
2747 1925 1926 1920 
2748 3141 3279 2108 
2749 3173 4289 2240 
2750 1581 2317 2021 
2751 2028 2029 1807 
2752 2530 3685 3355 
2753 2366 4192 1782 
2754 1862 1863 1652 
2755 2673 2983 2674 
2756 2769 2988 2768 
2757 2228 2931 2227 
2758 2997 3123 2072 
2759 1499 1654 1577 
2760 2593 3166 3165 
2761 2359 2553 2358 
2762 2210 2211 2209 
2763 1185 1881 1429 
2764 2779 2781 2313 
2765 2383 2484 1926 
2766 2200 2202 2201 
2767 1221 1410 1409 
2768 2503 2504 2501 
2769 2076 2077 1962 
2770 1063 1117 1116 
2771 1506 1568 1505 
2772 1961 1962 1671 
2773 2341 2342 2340 
2774 1947 3908 2027 
2775 2062 2596 2063 
2776 1408 2739 2038 
2777 1819 1822 1821 
2778 1656 1678 1655 
2779 2233 2931 2228 
2780 2837 3738 3169 
2781 1145 1148 1147 
2782 1917 3153 2731 
2783 2479 4096 3245 
2784 1420 3590 2716 
2785 2180 2181 2179 
2786 631 2804 2779 
2787 2224 2225 2222 
2788 1561 1669 1560 
2789 1516 1517 1514 
2790 2183 2826 2185 
2791 2562 2839 2012 
2792 2492 3091 1038 
2793 2189 3112 1888 
2794 1295 2523 1174 
2795 894 951 892 
2796 741 3249 2697 
2797 1571 1584 1291 
2798 1447 3089 1203 
2799 2963 3573 3539 
2800 2396 2773 2772 
2801 3628 4040 2624 
2802 2468 2469 1051 
2803 1033 2572 945 
2804 2562 2903 2839 
2805 1284 4072 2996 
2806 1198 1317 1316 
2807 722 3995 3410 
2808 1832 2813 1831 
2809 2932 2933 2474 
2810 1637 4121 2319 
2811 1112 1113 1088 
2812 2686 3131 2685 
2813 2331 4202 2955 
2814 2769 3094 2988 
2815 3175 3210 690 
2816 1761 1762 1759 
2817 1882 2567 1429 
2818 1253 2775 1255 
2819 1722 1723 1287 
2820 2647 2650 2644 
2821 1157 2846 1159 
2822 1106 2706 1107 
2823 2659 2660 2180 
2824 1964 3071 2062 
2825 2585 2586 1508 
2826 889 1056 887 
2827 1845 4062 3280 
2828 2498 2500 1242 
2829 2430 2431 1615 
2830 2706 3356 1209 
2831 1928 1929 1924 
2832 2380 2767 2381 
2833 1343 3204 2968 
2834 1308 1436 1196 
2835 1415 1644 1576 
2836 3600 3897 2755 
2837 2009 4324 2901 
2838 1493 4158 1542 
2839 1017 1035 1019 
2840 2129 2163 2127 
2841 1048 1063 1050 
2842 3153 3261 701 
2843 1704 2923 2614 
2844 2463 2464 2324 
2845 1428 1691 1690 
2846 1202 1458 1294 
2847 1940 2848 2361 
2848 3156 3677 2609 
2849 1205 1210 1204 
2850 1216 2260 1217 
2851 2194 3357 2193 
2852 2671 2998 2670 
2853 1892 2936 2528 
2854 2888 4159 3220 
2855 2284 2285 2283 
2856 1943 2601 1944 
2857 1976 3235 2415 
2858 1685 1857 1686 
2859 2245 3068 2246 
2860 2933 2934 2474 
2861 2162 3146 2866 
2862 3012 3704 1918 
2863 2368 4004 2366 
2864 1178 2827 1279 
2865 1405 1406 1396 
2866 1066 1067 1040 
2867 1102 3752 1441 
2868 930 938 929 
2869 2132 2133 1674 
2870 3066 3975 2750 
2871 1830 1832 1831 
2872 2526 4289 3082 
2873 1812 1815 1814 
2874 1623 1624 1622 
2875 1960 2300 2299 
2876 855 3171 3124 
2877 2617 2840 2616 
2878 2451 2453 2449 
2879 2464 3075 2324 
2880 2883 3769 2703 
2881 1207 2594 1116 
2882 1918 1919 1311 
2883 2858 2994 1164 
2884 1492 1493 1491 
2885 951 3892 3653 
2886 1619 1620 1618 
2887 2765 3147 1070 
2888 3252 3709 3100 
2889 1257 1259 1258 
2890 1226 2953 1228 
2891 2800 3788 3787 
2892 1071 2694 1100 
2893 1559 1979 1971 
2894 1184 1585 1108 
2895 1680 3986 1415 
2896 1011 1012 1010 
2897 1020 1034 1026 
2898 2478 4359 1679 
2899 2050 2051 943 
2900 1346 1347 1344 
2901 2349 3421 2390 
2902 1283 4138 2797 
2903 1878 1879 1877 
2904 1771 1772 1770 
2905 2651 2653 2646 
2906 1858 1868 1867 
2907 2279 2910 2852 
2908 1488 1489 1487 
2909 1370 2967 1365 
2910 2645 2647 2644 
2911 2111 3718 3562 
2912 1526 1527 1525 
2913 2408 2697 2411 
2914 2943 3550 790 
2915 1376 3924 2636 
2916 2135 2751 2134 
2917 1400 2941 1395 
2918 2153 3638 2040 
2919 1170 1171 1113 
2920 2057 3235 1976 
2921 2933 2935 2934 
2922 2900 3270 2826 
2923 1790 1998 1891 
2924 2155 3003 2154 
2925 2588 3206 2585 
2926 2751 2753 2134 
2927 2500 4254 1243 
2928 1585 2982 1108 
2929 1367 1872 1397 
2930 2158 2868 2157 
2931 2404 2975 2486 
2932 2174 2175 2173 
2933 2472 4086 1751 
2934 1635 4123 1870 
2935 1665 1666 1293 
2936 2423 2959 2845 
2937 3179 3599 684 
2938 1107 1109 1108 
2939 2145 2820 2761 
2940 3510 3955 2528 
2941 2150 4069 3126 
2942 1110 1209 1120 
2943 2302 2303 1829 
2944 2331 2955 1895 
2945 969 3629 3556 
2946 2030 2478 1877 
2947 1579 4231 2317 
2948 1916 3790 1822 
2949 1090 1091 1089 
2950 1924 2549 1923 
2951 1765 1766 1763 
2952 1664 1997 1996 
2953 3202 3765 2543 
2954 3313 3750 739 
2955 2241 4116 1251 
2956 1432 4106 2391 
2957 1330 1331 1328 
2958 1900 2476 2475 
2959 2017 2018 2016 
2960 2658 3313 2030 
2961 985 2564 982 
2962 1860 1861 1568 
2963 2887 2888 2516 
2964 716 4301 3760 
2965 2608 3722 2137 
2966 1014 1016 1013 
2967 2041 2042 1888 
2968 2859 4111 712 
2969 1974 3298 3125 
2970 1684 2026 1683 
2971 3766 3852 2302 
2972 1520 1521 1518 
2973 2678 2956 2676 
2974 1820 2109 2108 
2975 2942 3681 946 
2976 1354 2417 1361 
2977 2955 4202 3233 
2978 2975 3538 2486 
2979 2433 4268 2815 
2980 2869 2870 2868 
2981 2849 4118 2361 
2982 936 937 935 
2983 2989 2990 2974 
2984 953 4110 941 
2985 1195 1196 1121 
2986 3083 3235 2057 
2987 1286 1308 1196 
2988 2256 2958 1902 
2989 3926 4197 2637 
2990 2713 2963 2954 
2991 2073 2997 2072 
2992 3500 3831 678 
2993 2137 3722 2187 
2994 930 947 938 
2995 2203 2215 2214 
2996 2338 3104 2337 
2997 2973 2974 948 
2998 1892 2527 1505 
2999 1195 1286 1196 
3000 2363 4102 1936 
3001 2220 2221 2212 
3002 1573 2023 2022 
3003 1286 1499 1308 
3004 925 939 923 
3005 2114 3641 3425 
3006 1053 1078 1054 
3007 1160 1163 1162 
3008 1031 2564 985 
3009 1217 1221 1219 
3010 1018 2765 1017 
3011 1558 1884 1285 
3012 658 4280 2985 
3013 2703 3769 2296 
3014 1844 2950 2426 
3015 1342 1343 1340 
3016 2246 3068 3041 
3017 1402 1404 1403 
3018 1120 1195 1121 
3019 3625 3851 3408 
3020 1080 1114 1081 
3021 811 3676 2807 
3022 698 3616 403 
3023 1012 2885 1010 
3024 2776 3826 2354 
3025 2035 2559 1560 
3026 1059 1060 1058 
3027 2427 3771 2267 
3028 1026 1042 1027 
3029 1048 1049 949 
3030 1251 4116 1261 
3031 1009 1010 1008 
3032 2204 2672 2605 
3033 979 1015 977 
3034 1058 4358 1102 
3035 2343 2638 2342 
3036 467 3344 3311 
3037 1852 4321 2333 
3038 780 3358 2728 
3039 973 1025 975 
3040 1644 2540 2539 
3041 2055 2787 2054 
3042 2775 4039 1255 
3043 2270 2271 1570 
3044 1289 4310 1558 
3045 2631 2632 2386 
3046 2565 4172 2721 
3047 1528 1529 1527 
3048 2690 3813 2661 
3049 1903 2923 2257 
3050 784 3907 2864 
3051 1202 1293 1201 
3052 3967 4019 2645 
3053 1092 1093 1091 
3054 2735 2906 2905 
3055 2800 3787 2301 
3056 1498 1668 1485 
3057 2484 3170 1926 
3058 2293 2679 1426 
3059 846 2930 2874 
3060 3619 3984 2873 
3061 885 1094 883 
3062 3954 4350 2543 
3063 1006 2633 1004 
3064 1590 1591 1589 
3065 1856 2960 1855 
3066 1896 2332 2331 
3067 1887 1888 1496 
3068 2451 3670 2453 
3069 1859 2516 2515 
3070 1052 2101 1016 
3071 2845 3564 1977 
3072 1133 1134 1093 
3073 3199 3282 2253 
3074 3166 3167 2668 
3075 1008 3154 1000 
3076 2885 3928 1010 
3077 1595 1596 1593 
3078 3060 3400 2836 
3079 1805 4052 1780 
3080 1249 2241 1251 
3081 628 3573 2865 
3082 2733 2905 2355 
3083 3719 4345 2596 
3084 1581 1685 1582 
3085 2757 4284 984 
3086 2396 3677 2773 
3087 2070 2882 2277 
3088 1110 1111 1109 
3089 2008 4305 2881 
3090 645 3794 2626 
3091 1998 2284 2283 
3092 1366 4297 3491 
3093 2234 3697 2889 
3094 1338 1339 1336 
3095 863 3010 1303 
3096 2313 2969 1794 
3097 2989 3267 2949 
3098 2618 3814 1031 
3099 2654 4298 2655 
3100 1271 2241 1249 
3101 2816 4173 688 
3102 1499 1897 1654 
3103 1537 4033 1381 
3104 2520 3139 2168 
3105 1277 4171 3662 
3106 671 3692 2702 
3107 1575 2016 1538 
3108 2119 3117 2065 
3109 1938 1940 1939 
3110 1010 3928 1028 
3111 1743 2455 1789 
3112 2677 2678 2676 
3113 4004 4192 2366 
3114 791 4147 2917 
3115 1032 1053 1033 
3116 928 931 927 
3117 1769 1770 1767 
3118 786 4184 2936 
3119 2650 4193 3664 
3120 2719 2831 2830 
3121 3096 4154 902 
3122 1460 1966 1437 
3123 1118 1125 1064 
3124 1200 1202 1201 
3125 1213 1214 1211 
3126 1387 4106 1432 
3127 2360 3982 3661 
3128 1948 2012 1550 
3129 2939 4083 2038 
3130 1464 1465 1463 
3131 1592 1593 1591 
3132 967 4263 3843 
3133 1970 2656 1861 
3134 1475 1476 1474 
3135 2403 3069 2404 
3136 2206 2207 2197 
3137 2743 4275 1623 
3138 2685 4060 2796 
3139 2958 3889 737 
3140 2865 4056 628 
3141 1745 2455 1743 
3142 832 3425 2787 
3143 2168 2169 2167 
3144 1298 1485 1125 
3145 1319 2311 1541 
3146 1261 2775 1253 
3147 2858 4162 3495 
3148 1809 2355 2354 
3149 1462 1463 1461 
3150 2037 3008 2036 
3151 1097 1098 1067 
3152 1829 2304 1427 
3153 2580 2985 1999 
3154 1107 2706 1110 
3155 1716 1844 1715 
3156 2342 3933 2344 
3157 2818 2819 1839 
3158 1557 1653 1206 
3159 2510 2702 2509 
3160 1105 1589 1072 
3161 1524 1525 1522 
3162 1484 2511 1470 
3163 2543 4350 1954 
3164 2145 2761 1717 
3165 898 2877 899 
3166 983 1023 984 
3167 1598 2457 1600 
3168 2272 2860 2271 
3169 2553 3970 2358 
3170 3084 3217 2901 
3171 1612 2984 1614 
3172 1603 1604 1602 
3173 1992 1993 1710 
3174 2300 4176 2299 
3175 2530 2737 2432 
3176 1296 4225 1500 
3177 1732 3101 2251 
3178 2549 4344 2550 
3179 2631 2724 2632 
3180 1371 1396 1360 
3181 1029 2633 1006 
3182 1776 2880 1773 
3183 2873 3380 1700 
3184 2712 2713 2711 
3185 3494 3792 2608 
3186 753 3753 2727 
3187 2148 3535 2784 
3188 796 2951 38 
3189 1020 1021 1012 
3190 2100 2480 2099 
3191 2183 2900 2826 
3192 1050 3938 1096 
3193 1805 4192 2367 
3194 1059 1075 1061 
3195 2212 2824 2211 
3196 3009 4242 3472 
3197 2902 3200 802 
3198 2734 2954 2735 
3199 1965 3273 2682 
3200 2852 3105 2709 
3201 1633 2457 1598 
3202 3134 3481 677 
3203 1888 3112 1496 
3204 2153 4073 3638 
3205 1096 1461 1049 
3206 2961 3689 2425 
3207 2062 3719 2596 
3208 2100 2969 2480 
3209 1430 1550 1186 
3210 1510 1512 1511 
3211 1530 1532 1529 
3212 1151 2598 1153 
3213 2634 2635 2633 
3214 1164 2598 1151 
3215 1357 1359 1358 
3216 3166 3899 757 
3217 1242 1243 1241 
3218 2147 2875 2148 
3219 936 1039 944 
3220 3586 4172 2565 
3221 2454 3699 2538 
3222 906 907 905 
3223 1245 2799 1247 
3224 3780 3816 746 
3225 2378 3441 2377 
3226 2014 2794 2013 
3227 2774 3446 3195 
3228 2689 4308 2688 
3229 1747 1749 1748 
3230 1689 1896 1895 
3231 2695 3834 3632 
3232 1065 3647 2771 
3233 1467 1468 1465 
3234 2888 3633 498 
3235 3415 4141 2105 
3236 1979 2871 2117 
3237 1434 2563 1177 
3238 917 4271 4001 
3239 2503 3098 2504 
3240 2603 3201 2604 
3241 2072 3123 2074 
3242 3841 4087 2424 
3243 2786 3428 1632 
3244 2335 2929 2874 
3245 908 909 907 
3246 3246 3791 756 
3247 1020 1026 1021 
3248 2876 3721 2680 
3249 1061 1080 1062 
3250 1432 4070 1385 
3251 2753 3835 575 
3252 3302 4276 664 
3253 3528 4300 2688 
3254 1120 1121 1111 
3255 944 945 937 
3256 1697 2140 2139 
3257 1669 2037 2036 
3258 1876 1877 1679 
3259 2442 3942 1719 
3260 3124 3897 683 
3261 2573 3728 2091 
3262 2462 3833 1288 
3263 815 3169 2882 
3264 2584 2589 2588 
3265 995 3205 1038 
3266 897 3827 3115 
3267 2548 3995 2547 
3268 2024 2909 2908 
3269 2590 2592 2591 
3270 2604 3201 2620 
3271 1279 1428 1427 
3272 2385 2458 2387 
3273 2013 4243 1990 
3274 2438 2627 2112 
3275 988 989 987 
3276 3108 3463 844 
3277 2996 3401 2828 
3278 2656 4185 2728 
3279 1986 1987 1985 
3280 2298 3791 2295 
3281 1439 1565 1564 
3282 310 3595 677 
3283 3224 3709 868 
3284 2232 2791 2790 
3285 2544 2825 2546 
3286 1735 1737 1736 
3287 1470 2511 1472 
3288 900 942 941 
3289 980 981 979 
3290 3156 3567 672 
3291 899 901 896 
3292 2398 4346 2339 
3293 2727 2926 1996 
3294 1057 2512 1027 
3295 2650 3214 2644 
3296 1132 1439 1438 
3297 3153 3425 3261 
3298 3312 3825 2281 
3299 2872 3822 1075 
3300 2468 3613 2940 
3301 2281 3825 2910 
3302 1789 3706 3165 
3303 1489 4081 1492 
3304 2936 4184 2937 
3305 1830 1831 1459 
3306 2034 2698 2489 
3307 1755 1757 1756 
3308 2600 2601 1943 
3309 1126 1127 1098 
3310 1640 3848 2338 
3311 3046 3280 686 
3312 1408 2038 1828 
3313 3317 4145 2477 
3314 1753 1755 1754 
3315 1189 1190 1188 
3316 1347 3204 1344 
3317 2850 4233 2857 
3318 958 2424 1030 
3319 1932 1934 1933 
3320 1054 1095 1033 
3321 1322 2311 1319 
3322 2811 2812 1832 
3323 2239 3173 2240 
3324 1288 2493 1111 
3325 1871 1914 1556 
3326 2039 3111 2663 
3327 3478 3606 2163 
3328 1728 2510 2509 
3329 771 3595 312 
3330 1172 1540 1539 
3331 974 2928 976 
3332 1572 2260 1216 
3333 2477 4055 3317 
3334 3002 4218 3790 
3335 1810 4129 1796 
3336 2888 3220 2516 
3337 2608 3792 1701 
3338 2034 2489 2033 
3339 3018 4314 808 
3340 2851 4313 824 
3341 1277 2799 1245 
3342 1313 1708 1707 
3343 2715 2886 2634 
3344 2093 2418 2336 
3345 1579 1581 1580 
3346 3124 3171 2484 
3347 1007 1013 1006 
3348 2215 2466 2238 
3349 2694 3923 2096 
3350 1777 1778 1776 
3351 1563 3120 3119 
3352 2334 4356 2010 
3353 1659 1660 1653 
3354 2508 3873 2653 
3355 1391 3397 3335 
3356 1017 2765 1035 
3357 2479 4359 2478 
3358 1071 1072 1036 
3359 3015 3438 3240 
3360 2138 2490 2095 
3361 3183 4147 791 
3362 380 3006 648 
3363 2864 2865 2712 
3364 2688 4308 2222 
3365 944 1032 945 
3366 1265 3142 2254 
3367 1173 3786 1314 
3368 1573 3172 2023 
3369 1255 4039 1260 
3370 2538 3699 3033 
3371 1432 4085 4070 
3372 2693 2922 2691 
3373 1042 2873 2872 
3374 2644 3214 2643 
3375 1752 3343 1753 
3376 2239 2240 2237 
3377 2226 2228 2227 
3378 639 3435 2776 
3379 1061 1062 1060 
3380 2063 3848 3840 
3381 2850 2857 1533 
3382 1898 2157 1889 
3383 1350 2662 1368 
3384 2470 4260 1316 
3385 2196 3721 2199 
3386 2110 2838 1879 
3387 2630 2822 2628 
3388 1449 1689 1688 
3389 3133 3134 2332 
3390 1709 1710 1668 
3391 2362 2856 2363 
3392 2007 3829 3703 
3393 2717 3811 3717 
3394 1676 2359 2358 
3395 1982 2268 1660 
3396 679 3720 3661 
3397 2010 3174 2011 
3398 2518 4177 4124 
3399 1102 4272 3752 
3400 2704 3629 965 
3401 3009 3472 2036 
3402 2867 3772 2862 
3403 2631 3488 2724 
3404 1943 1944 1666 
3405 1908 1909 1907 
3406 2648 2649 2647 
3407 1757 2732 1809 
3408 2023 2112 2111 
3409 2990 3566 1264 
3410 926 929 925 
3411 2344 2801 2340 
3412 2495 4212 2582 
3413 3266 3314 1863 
3414 2128 2129 2127 
3415 2109 4267 3451 
3416 2607 2848 2268 
3417 2087 2088 1869 
3418 2265 2977 2264 
3419 1107 1110 1109 
3420 783 3542 2822 
3421 2508 3916 3873 
3422 1855 2960 2252 
3423 1096 3938 3299 
3424 1169 4112 1089 
3425 2208 2680 2197 
3426 1316 4260 1662 
3427 911 1886 1099 
3428 2586 4137 1286 
3429 3677 3708 2773 
3430 2093 2336 2149 
3431 2542 3138 1436 
3432 2641 4012 1301 
3433 679 3661 3244 
3434 1043 1057 1027 
3435 575 3921 2753 
3436 1110 1120 1111 
3437 1115 1135 1081 
3438 2840 4143 2616 
3439 3100 3709 2811 
3440 2791 4171 3684 
3441 1923 2549 2548 
3442 2954 2962 2713 
3443 2234 2235 2216 
3444 1552 4346 1847 
3445 2142 3151 2141 
3446 2002 3609 1661 
3447 1138 1139 1129 
3448 2915 3981 2648 
3449 3350 3772 636 
3450 1407 3384 2458 
3451 1011 1020 1012 
3452 4143 4324 2616 
3453 1124 1182 1181 
3454 3276 3957 3275 
3455 1042 2872 1043 
3456 2507 4254 4174 
3457 2395 2397 1451 
3458 1378 1379 1377 
3459 1026 1027 1021 
3460 2309 3770 2883 
3461 2256 3889 2958 
3462 2367 2965 2964 
3463 2146 2961 2425 
3464 2992 3900 1044 
3465 2152 2153 2040 
3466 2037 3507 3008 
3467 2130 2131 2129 
3468 3076 3077 2490 
3469 2023 3172 2437 
3470 2429 4257 1631 
3471 821 4169 2957 
3472 1868 2613 2612 
3473 1032 1033 945 
3474 1138 2316 1297 
3475 1111 2493 1109 
3476 2299 4176 3824 
3477 3154 4117 1000 
3478 2687 2688 2225 
3479 3108 3844 3463 
3480 2686 3914 2447 
3481 2814 4049 3056 
3482 2889 3768 2890 
3483 2731 3002 1916 
3484 1352 2662 1350 
3485 1924 4344 2549 
3486 1153 4236 1156 
3487 1910 1911 1909 
3488 1014 1017 1016 
3489 2525 2932 2290 
3490 879 1287 877 
3491 1616 4196 4007 
3492 1148 1149 1147 
3493 1009 1022 1011 
3494 3135 3884 3104 
3495 1653 3177 1206 
3496 930 948 947 
3497 1478 3902 1483 
3498 2604 3947 2202 
3499 1775 1776 1773 
3500 667 4268 3355 
3501 3870 4101 2149 
3502 2558 2725 2556 
3503 1193 1194 1192 
3504 1137 1178 1177 
3505 2224 2226 2225 
3506 1279 1562 1428 
3507 1827 3159 2064 
3508 2463 2465 2464 
3509 2980 2981 828 
3510 2843 3850 2842 
3511 2866 3146 834 
3512 701 3352 2731 
3513 863 869 862 
3514 1675 2135 2134 
3515 1958 1959 1453 
3516 2339 4346 1552 
3517 498 4159 2888 
3518 2650 3340 3214 
3519 3059 3060 2836 
3520 2056 3155 1461 
3521 990 991 989 
3522 914 2945 921 
3523 2537 3911 2552 
3524 2049 4087 1972 
3525 3109 3110 3102 
3526 936 944 937 
3527 3368 4270 1483 
3528 3598 3933 2638 
3529 2823 3239 2579 
3530 1958 3225 2067 
3531 1684 2137 2026 
3532 2610 3156 2609 
3533 1472 4293 1475 
3534 1003 1008 1000 
3535 1178 1279 1278 
3536 1779 1780 1778 
3537 1324 1326 1325 
3538 1301 4304 1236 
3539 1135 2568 1081 
3540 1356 4074 2417 
3541 903 943 904 
3542 2725 4273 1306 
3543 1455 1456 1296 
3544 272 3237 734 
3545 1461 3155 1049 
3546 2355 2905 2776 
3547 2356 2483 2353 
3548 2119 3890 3117 
3549 3302 3698 2569 
3550 2352 3090 2350 
3551 1085 4250 1083 
3552 2483 3876 1801 
3553 3019 4121 1870 
3554 706 3143 2904 
3555 986 987 985 
3556 750 4177 2988 
3557 1018 3474 2705 
3558 470 3277 3157 
3559 1300 1449 1448 
3560 1928 1930 1929 
3561 1380 1381 1379 
3562 1080 1081 1062 
3563 1106 1107 1079 
3564 2383 3124 2484 
3565 2722 3777 3335 
3566 3165 3166 2668 
3567 1137 1284 1178 
3568 2267 3077 3076 
3569 2518 4124 2879 
3570 2619 4095 2618 
3571 1561 2770 1669 
3572 2423 2570 1658 
3573 2155 3611 3003 
3574 2595 3330 2174 
3575 2129 3886 2163 
3576 2904 3220 706 
3577 3008 3009 2036 
3578 1726 1729 1728 
3579 1130 1504 1289 
3580 1995 3218 2070 
3581 826 4218 3002 
3582 1059 1061 1060 
3583 1502 2953 1226 
3584 2988 4177 2517 
3585 1672 4299 2886 
3586 2485 3512 3473 
3587 2132 3191 2133 
3588 1967 1985 1966 
3589 3715 4002 3439 
3590 1637 1639 1638 
3591 4298 4325 696 
3592 635 3516 2794 
3593 2031 4216 3903 
3594 1326 2739 1408 
3595 2433 2435 2434 
3596 2807 4223 811 
3597 1232 4342 2640 
3598 1986 4223 2807 
3599 1977 3861 2570 
3600 875 1983 1224 
3601 2827 2996 2828 
3602 3128 3532 721 
3603 2062 2063 1874 
3604 1545 1547 1546 
3605 2390 3800 2388 
3606 852 3714 3071 
3607 1382 1383 1381 
3608 2972 3926 2637 
3609 1421 1422 1419 
3610 1009 1011 1010 
3611 2263 2265 2264 
3612 2044 2045 1713 
3613 1429 4209 1430 
3614 2087 3108 2088 
3615 2760 3646 532 
3616 1189 3477 2720 
3617 1868 1869 1867 
3618 1034 3176 2606 
3619 934 936 935 
3620 1594 3956 2403 
3621 1216 1217 1194 
3622 2046 3659 3592 
3623 3490 3858 801 
3624 2721 2722 2566 
3625 1801 2472 1754 
3626 1904 1905 1456 
3627 3689 3757 2425 
3628 1847 4346 2398 
3629 2428 4257 2429 
3630 1068 3703 2723 
3631 2748 3736 2434 
3632 2456 3177 1653 
3633 2454 2537 2536 
3634 1999 2000 1803 
3635 3421 3434 799 
3636 2158 2869 2868 
3637 703 3461 3371 
3638 2215 2216 2214 
3639 3657 3720 679 
3640 2145 2821 2820 
3641 2528 3955 2527 
3642 2003 2118 1736 
3643 3909 3996 2048 
3644 900 941 898 
3645 1516 1518 1517 
3646 1641 3804 1586 
3647 922 927 919 
3648 2497 4304 2499 
3649 2875 3504 2897 
3650 932 946 934 
3651 2249 3392 2250 
3652 1298 2554 1649 
3653 1600 4296 1603 
3654 962 963 960 
3655 1954 4350 1577 
3656 2317 4231 2318 
3657 1346 1348 1347 
3658 2812 3709 3224 
3659 1761 1763 1762 
3660 3008 3507 807 
3661 2789 3007 2700 
3662 2812 2813 1832 
3663 2019 2020 2018 
3664 2191 4162 2192 
3665 1384 1385 1383 
3666 1226 1228 1227 
3667 3225 3961 2067 
3668 3723 4354 3783 
3669 1055 2885 1012 
3670 2092 2943 2573 
3671 1782 4192 1805 
3672 2595 3784 3330 
3673 2829 3403 1074 
3674 2524 4289 2526 
3675 2601 4333 1944 
3676 1919 1922 1921 
3677 3189 3382 738 
3678 2471 3713 2470 
3679 960 2424 958 
3680 2828 3855 1562 
3681 2147 2148 1692 
3682 1648 2707 1525 
3683 2544 2546 1914 
3684 721 3239 2823 
3685 3353 4258 3259 
3686 1043 2872 1059 
3687 1116 4215 1118 
3688 1623 4275 2785 
3689 2114 3153 1917 
3690 1708 1991 1990 
3691 4152 4241 695 
3692 2328 2330 2329 
3693 2332 3594 2331 
3694 2534 3839 2533 
3695 1369 1370 1365 
3696 2750 3975 2979 
3697 1724 1726 1725 
3698 1807 2710 1770 
3699 2010 4356 3174 
3700 1843 3078 2844 
3701 3335 4303 1391 
3702 1039 2691 2690 
3703 2386 2939 1411 
3704 2596 2597 2063 
3705 2258 2259 1099 
3706 1748 4309 1745 
3707 932 934 933 
3708 943 2576 904 
3709 1215 1300 1299 
3710 964 3160 963 
3711 2006 3178 2419 
3712 3156 3373 839 
3713 993 4306 2188 
3714 3714 3719 3071 
3715 2678 2957 2956 
3716 1347 3696 3001 
3717 1053 1054 1033 
3718 915 2912 950 
3719 2826 3382 2185 
3720 1374 1375 1370 
3721 917 2912 915 
3722 3824 4176 1988 
3723 912 2945 914 
3724 2211 2824 2823 
3725 2736 3312 1714 
3726 2459 3188 2387 
3727 2758 4097 3338 
3728 867 3395 2820 
3729 2163 3606 2127 
3730 2460 3243 2461 
3731 2875 2897 2896 
3732 1005 1006 1004 
3733 1291 2696 1171 
3734 2968 3559 1343 
3735 1670 4145 3317 
3736 1365 2967 1373 
3737 2625 4121 3019 
3738 1567 3834 3665 
3739 1114 1115 1081 
3740 2067 3073 2068 
3741 1043 1059 1058 
3742 2835 3400 1484 
3743 805 4255 2903 
3744 1476 3112 1478 
3745 2752 3530 2751 
3746 2318 4231 1915 
3747 1781 1782 1780 
3748 3135 3754 678 
3749 1078 1079 1054 
3750 2039 3490 3111 
3751 2944 2970 1973 
3752 2897 3519 638 
3753 2034 2699 2698 
3754 2389 2391 2348 
3755 3070 3579 3044 
3756 2067 2068 1959 
3757 758 3130 2931 
3758 2855 3579 3070 
3759 1074 3403 2623 
3760 2529 3816 3780 
3761 3164 3944 2838 
3762 1915 4231 1579 
3763 873 2095 871 
3764 3592 3659 2056 
3765 1175 1176 1174 
3766 1386 1387 1385 
3767 2841 3129 2233 
3768 1922 1924 1923 
3769 2324 3075 2323 
3770 2803 3673 732 
3771 1994 3739 1995 
3772 714 3806 2863 
3773 2724 3858 3490 
3774 3132 3133 2332 
3775 2647 4193 2650 
3776 2776 3949 639 
3777 659 4258 3800 
3778 2502 2508 2505 
3779 1977 3564 2057 
3780 2220 2222 2221 
3781 2438 2628 2627 
3782 926 930 929 
3783 3022 3553 2406 
3784 1859 2515 1564 
3785 2975 4226 3538 
3786 1100 2976 1199 
3787 3422 3745 2892 
3788 1015 3883 2924 
3789 2822 3442 783 
3790 1920 4136 1311 
3791 2893 3996 1886 
3792 2865 3573 2712 
3793 2792 2843 2842 
3794 3411 3922 2990 
3795 1040 2756 1023 
3796 1540 1561 1560 
3797 3451 4267 2667 
3798 2202 2203 2201 
3799 904 905 902 
3800 1061 3258 1080 
3801 1624 1626 1625 
3802 1042 1043 1027 
3803 1315 4285 2096 
3804 1330 1332 1331 
3805 2501 4174 2500 
3806 2715 4046 3725 
3807 2109 3141 2108 
3808 1115 1137 1136 
3809 2113 2114 1917 
3810 1944 4333 2245 
3811 1565 1684 1683 
3812 2440 3885 2439 
3813 2681 4136 3170 
3814 2445 4270 2447 
3815 2540 3986 3615 
3816 2042 2190 2189 
3817 1410 3440 1507 
3818 1332 1334 1333 
3819 1929 4344 1924 
3820 1395 2941 1424 
3821 1292 1656 1655 
3822 1255 1257 1256 
3823 1163 2802 1162 
3824 1646 1647 1645 
3825 2535 3945 2534 
3826 2264 3347 2140 
3827 1872 3639 1873 
3828 1492 4081 2536 
3829 2356 3826 3376 
3830 1879 2838 2657 
3831 3259 3991 3353 
3832 2979 2980 1950 
3833 334 3163 333 
3834 2850 3196 2143 
3835 1405 2325 1640 
3836 853 3668 2701 
3837 980 2718 983 
3838 1493 1495 1494 
3839 1451 2730 1398 
3840 694 3715 3439 
3841 923 2861 922 
3842 992 993 991 
3843 1342 1344 1343 
3844 2450 2686 2685 
3845 2886 4196 2634 
3846 2078 2324 2323 
3847 1340 2895 1339 
3848 2465 3136 2464 
3849 2253 4026 3199 
3850 1344 3204 1343 
3851 1041 1220 1068 
3852 2794 3625 635 
3853 529 3895 2767 
3854 2965 3390 789 
3855 2918 3861 1864 
3856 1691 2034 2033 
3857 2362 2363 1939 
3858 3041 3069 2246 
3859 3685 3965 742 
3860 1765 1767 1766 
3861 1388 1389 1387 
3862 3540 4043 3456 
3863 2649 3327 3326 
3864 1991 2014 2013 
3865 2351 2352 2350 
3866 1271 3184 2241 
3867 2794 3106 2013 
3868 936 2692 1039 
3869 1722 1724 1723 
3870 2584 3099 2589 
3871 1368 4205 2971 
3872 978 979 977 
3873 1588 1961 1671 
3874 1280 3367 2085 
3875 3276 4057 3957 
3876 2917 4348 629 
3877 2767 3940 529 
3878 1554 2341 2340 
3879 1003 2907 1009 
3880 2420 3348 939 
3881 2133 3191 2671 
3882 1200 1201 1101 
3883 928 932 931 
3884 2101 4046 1013 
3885 1051 4010 933 
3886 3066 3683 3416 
3887 2590 2591 2000 
3888 1628 1630 1629 
3889 1658 2918 1315 
3890 3368 3369 2447 
3891 1269 1270 1268 
3892 2287 3474 3149 
3893 1267 1268 1266 
3894 1263 1266 1262 
3895 2453 3699 2454 
3896 1848 1850 1849 
3897 1737 4267 1820 
3898 1520 1522 1521 
3899 1272 1273 1270 
3900 1304 1305 1276 
3901 1172 3258 1540 
3902 747 3952 2868 
3903 3186 4042 2326 
3904 2890 3173 2239 
3905 2207 2210 2209 
3906 1483 4270 1480 
3907 1204 4133 2262 
3908 2958 2966 1902 
3909 1673 2877 2161 
3910 3086 3697 2238 
3911 2844 3351 671 
3912 738 3382 2826 
3913 1543 1545 1544 
3914 2139 3890 2119 
3915 1159 1160 1158 
3916 2405 4045 3552 
3917 1213 1215 1214 
3918 2874 3596 846 
3919 939 3296 2861 
3920 2068 4108 2094 
3921 1784 1785 1782 
3922 4068 4322 3102 
3923 3790 4228 1822 
3924 1854 1856 1855 
3925 2913 3556 2098 
3926 924 925 923 
3927 3311 3344 2870 
3928 899 902 901 
3929 1504 1506 1505 
3930 1275 1276 1273 
3931 2038 4083 2039 
3932 2900 3563 3270 
3933 1852 1854 1853 
3934 3130 4266 2227 
3935 2593 3899 3166 
3936 1673 2161 2160 
3937 2642 2645 2644 
3938 1960 2299 1647 
3939 1644 1645 1576 
3940 1259 1262 1258 
3941 1107 1108 1079 
3942 206 3203 777 
3943 2864 3907 2865 
3944 2583 3099 2584 
3945 1134 1205 1204 
3946 2489 3520 2033 
3947 1678 4359 2479 
3948 1003 1009 1008 
3949 737 3889 3085 
3950 2383 3897 3124 
3951 1850 1852 1851 
3952 983 2718 1024 
3953 2200 2201 2198 
3954 1228 1230 1229 
3955 2076 2078 2077 
3956 1338 1340 1339 
3957 2154 3316 2156 
3958 2778 4061 2248 
3959 1808 2100 2099 
3960 2728 3358 2440 
3961 1639 1652 1651 
3962 1635 1637 1636 
3963 2675 2677 2676 
3964 2047 3229 3158 
3965 3112 3902 1478 
3966 2466 3710 2238 
3967 1857 1858 1686 
3968 3309 3800 2390 
3969 1221 4063 1559 
3970 1221 1409 1219 
3971 2267 3076 1727 
3972 2861 2942 928 
3973 705 3361 2938 
3974 532 4253 2760 
3975 3056 4153 2814 
3976 696 4325 3055 
3977 980 982 981 
3978 740 3951 2749 
3979 2767 4080 2381 
3980 1589 3216 1072 
3981 2973 2989 2974 
3982 1539 4216 1575 
3983 984 985 982 
3984 1086 1090 1089 
3985 930 2973 948 
3986 1823 1824 1822 
3987 2513 3591 1037 
3988 2533 2921 2920 
3989 959 1082 961 
3990 1446 2262 1697 
3991 972 3102 971 
3992 2210 2212 2211 
3993 2205 2876 2803 
3994 1394 1395 1389 
3995 2257 3889 2256 
3996 1631 4257 1608 
3997 2343 2639 2638 
3998 2291 3216 1589 
3999 1497 1898 1889 
4000 1304 4077 1664 
4001 1870 4121 1637 
4002 2181 2183 2182 
4003 2907 4312 3223 
4004 2683 4204 2684 
4005 860 4345 3782 
4006 1210 4133 1204 
4007 3213 3476 2639 
4008 2842 3850 3583 
4009 2341 2343 2342 
4010 1243 4254 1277 
4011 949 3155 938 
4012 3355 4268 2737 
4013 1570 2782 1214 
4014 561 3016 560 
4015 1900 2475 1814 
4016 2958 4144 2966 
4017 1004 2907 1003 
4018 979 3883 1015 
4019 2406 3552 3022 
4020 1961 2076 1962 
4021 2796 4060 479 
4022 1773 2880 1772 
4023 1797 1798 1796 
4024 1969 2952 2615 
4025 2418 3728 625 
4026 3090 3421 2350 
4027 1532 2857 1716 
4028 1438 4161 1460 
4029 2824 3128 2823 
4030 2805 3202 1954 
4031 1002 3962 2531 
4032 2883 3770 3278 
4033 3389 3867 3303 
4034 1082 1833 1084 
4035 2701 4002 853 
4036 2716 2978 2155 
4037 2421 4261 952 
4038 1037 3096 905 
4039 2627 3718 2112 
4040 1309 1918 1311 
4041 693 3217 3084 
4042 3280 4062 2729 
4043 1620 1622 1621 
4044 1157 1158 1155 
4045 1415 1576 1312 
4046 2976 4285 1864 
4047 2036 3472 2035 
4048 1489 1491 1490 
4049 1759 2732 1757 
4050 2930 3555 665 
4051 1019 4139 1052 
4052 2160 3992 2050 
4053 3456 3534 627 
4054 2084 3629 2704 
4055 2416 2923 1704 
4056 1992 3265 1994 
4057 1143 3221 1145 
4058 3237 4025 734 
4059 1990 4243 3145 
4060 1148 4162 2858 
4061 3612 3886 646 
4062 1791 1792 1785 
4063 2442 4340 3942 
4064 2454 2536 2452 
4065 1358 3812 1367 
4066 1522 3930 1521 
4067 3158 3229 700 
4068 2021 3439 2382 
4069 2977 3341 836 
4070 755 3163 2847 
4071 2592 2593 2591 
4072 3401 3990 2828 
4073 708 3866 869 
4074 2050 3232 2051 
4075 1362 1363 1359 
4076 2146 3319 2961 
4077 3104 3884 775 
4078 555 868 554 
4079 447 867 446 
4080 2246 3069 2487 
4081 912 913 910 
4082 2756 3336 2758 
4083 2221 4308 2689 
4084 1769 1771 1770 
4085 2537 2552 2551 
4086 1665 2152 2040 
4087 1816 1817 1815 
4088 777 3381 205 
4089 966 967 964 
4090 2871 3183 2117 
4091 1285 4021 1126 
4092 914 915 913 
4093 2582 3734 2581 
4094 2183 2185 2184 
4095 3572 3924 1426 
4096 3438 4315 3240 
4097 2741 4188 3738 
4098 1944 1946 1945 
4099 1410 1507 1409 
4100 1506 1860 1568 
4101 1995 3739 3218 
4102 1542 4180 3420 
4103 2756 2758 2757 
4104 1205 1211 1210 
4105 3192 3452 2612 
4106 1089 3589 1087 
4107 1767 3932 1766 
4108 814 3633 2887 
4109 1355 1356 1354 
4110 2600 3638 3016 
4111 3016 3638 726 
4112 1524 1526 1525 
4113 1656 1679 1678 
4114 1230 1232 1231 
4115 2945 2946 921 
4116 948 3904 947 
4117 997 3205 995 
4118 3049 3113 3050 
4119 2778 4332 4061 
4120 2175 2177 2176 
4121 681 3911 3789 
4122 2936 2937 2528 
4123 2022 3456 2147 
4124 625 3976 2418 
4125 1878 2110 1879 
4126 1203 3089 1093 
4127 1604 1606 1605 
4128 2612 3844 2087 
4129 3669 4152 695 
4130 2610 3373 3156 
4131 3242 3476 3213 
4132 3580 4015 1119 
4133 1014 1018 1017 
4134 976 3102 972 
4135 3684 4171 2507 
4136 3279 4222 2108 
4137 2950 2951 796 
4138 1538 2817 1114 
4139 1416 2892 2705 
4140 2915 4019 1417 
4141 1399 1400 1395 
4142 3122 4141 1183 
4143 1936 4102 1934 
4144 1547 1549 1548 
4145 2597 3848 2063 
4146 2388 3800 2389 
4147 962 964 963 
4148 2947 3267 3190 
4149 1426 3924 1377 
4150 2813 3321 1831 
4151 2030 3313 2478 
4152 994 995 993 
4153 1790 4086 1998 
4154 824 4313 2920 
4155 3174 3175 2011 
4156 2509 3431 1980 
4157 1751 4086 1749 
4158 2742 2748 2744 
4159 2881 3536 2008 
4160 1615 2984 1612 
4161 922 928 927 
4162 1055 3891 3181 
4163 2059 2850 1533 
4164 1876 1878 1877 
4165 2536 4158 1492 
4166 2875 2896 2148 
4167 1162 2802 1416 
4168 2238 3697 2234 
4169 1163 3901 2802 
4170 4263 4322 2777 
4171 955 956 954 
4172 1698 3282 3199 
4173 1685 1686 1582 
4174 2974 3300 948 
4175 2003 3398 2282 
4176 2370 4160 2928 
4177 1897 3683 3066 
4178 2940 3805 2468 
4179 4174 4254 2500 
4180 1799 1800 1798 
4181 983 984 982 
4182 2862 4195 1929 
4183 848 3601 3075 
4184 1007 1014 1013 
4185 1626 1628 1627 
4186 1532 1716 1715 
4187 922 2861 928 
4188 1833 3437 1084 
4189 560 3016 726 
4190 803 3016 561 
4191 1886 3996 2258 
4192 3741 3878 2561 
4193 1348 3696 1347 
4194 3220 4159 706 
4195 2116 3226 2766 
4196 1818 1819 1817 
4197 2666 3165 2668 
4198 3157 3277 2159 
4199 2177 2179 2178 
4200 2098 4125 2913 
4201 3009 3688 606 
4202 927 4271 919 
4203 2138 3076 2490 
4204 939 3348 3296 
4205 3772 4195 2862 
4206 879 1722 1287 
4207 2806 4006 1987 
4208 1398 2496 1364 
4209 2839 4255 2365 
4210 924 2995 1307 
4211 1476 1478 1477 
4212 1526 1528 1527 
4213 2093 2149 1663 
4214 3495 4162 2191 
4215 1420 3144 2594 
4216 1608 1610 1609 
4217 3139 4302 837 
4218 1896 3132 2332 
4219 3446 4251 2384 
4220 2 3391 409 
4221 980 983 982 
4222 1153 1155 1154 
4223 2662 4205 1368 
4224 2901 4324 820 
4225 2145 3778 2821 
4226 1466 4130 1464 
4227 2552 3911 3830 
4228 1952 3870 2327 
4229 2928 4160 976 
4230 3223 4312 2635 
4231 1771 1773 1772 
4232 1540 3258 2253 
4233 1514 3172 1512 
4234 793 3504 2875 
4235 1898 2158 2157 
4236 1612 1614 1613 
4237 3033 3699 744 
4238 2639 4198 3213 
4239 978 980 979 
4240 2541 4191 2539 
4241 969 3556 2913 
4242 924 926 925 
4243 2350 3421 2349 
4244 2607 4210 2848 
4245 2978 3590 2375 
4246 1590 2925 1594 
4247 2628 3762 2627 
4248 1811 1812 1800 
4249 2934 3823 2474 
4250 2990 3922 2974 
4251 1315 2096 1290 
4252 952 4261 929 
4253 3491 4297 3110 
4254 1202 3912 1458 
4255 2645 2648 2647 
4256 1278 4331 1434 
4257 903 2877 1673 
4258 1704 2614 1423 
4259 3037 4032 743 
4260 2070 3218 2882 
4261 1090 1092 1091 
4262 971 4322 4263 
4263 951 3593 2622 
4264 1232 1234 1233 
4265 1028 3512 3154 
4266 2901 3217 2422 
4267 2633 4312 1004 
4268 2376 3462 2373 
4269 1005 1007 1006 
4270 2272 3959 2860 
4271 1180 4098 1189 
4272 825 3982 2774 
4273 1436 4054 2488 
4274 920 2995 924 
4275 2775 4140 2206 
4276 1860 1970 1861 
4277 2613 3192 2612 
4278 1480 1482 1481 
4279 1980 4132 1725 
4280 1328 2739 1326 
4281 2247 4263 2777 
4282 2895 3559 2178 
4283 973 975 974 
4284 2265 3116 2860 
4285 1587 2894 2274 
4286 3895 4080 2767 
4287 2261 3900 2619 
4288 1119 4023 2754 
4289 2946 2947 921 
4290 3462 4100 2375 
4291 4314 4325 2320 
4292 2751 3835 2753 
4293 2095 3723 3288 
4294 1562 3855 2788 
4295 2779 2804 2781 
4296 2785 3450 2786 
4297 1092 1133 1093 
4298 401 3616 858 
4299 2169 2171 2170 
4300 2095 3288 871 
4301 1401 1402 1400 
4302 2195 2206 2197 
4303 1094 3101 2927 
4304 1253 1255 1254 
4305 3481 3865 677 
4306 2974 3922 3414 
4307 1015 2928 977 
4308 1517 4240 1514 
4309 2303 3212 2305 
4310 2903 3649 805 
4311 2359 3383 2553 
4312 2660 3650 2180 
4313 3176 3980 1941 
4314 946 3681 3125 
4315 2280 2708 2707 
4316 2572 3647 1065 
4317 2820 4349 867 
4318 896 3892 894 
4319 966 969 968 
4320 962 965 964 
4321 2530 3965 3685 
4322 1318 1319 1317 
4323 2789 3730 3007 
4324 2301 3787 2302 
4325 975 977 974 
4326 1061 4026 3258 
4327 698 4220 3614 
4328 1428 2916 1691 
4329 1614 1618 1617 
4330 2922 3742 1494 
4331 3077 3771 3631 
4332 969 970 968 
4333 1036 3216 1019 
4334 2582 3851 3625 
4335 2709 3767 2708 
4336 1141 4247 1166 
4337 1131 4283 2554 
4338 1478 1480 1479 
4339 1596 1598 1597 
4340 975 978 977 
4341 3119 3122 1833 
4342 1171 1180 1179 
4343 2465 3137 3136 
4344 517 828 516 
4345 409 829 408 
4346 829 3015 408 
4347 408 3015 407 
4348 2029 2711 2710 
4349 2171 2173 2172 
4350 2529 3780 2042 
4351 3335 3397 1955 
4352 577 743 576 
4353 598 687 597 
4354 600 808 599 
4355 619 768 618 
4356 490 686 489 
4357 492 810 491 
4358 511 769 510 
4359 560 726 559 
4360 583 742 582 
4361 589 740 588 
4362 481 744 480 
4363 595 741 594 
4364 487 745 486 
4365 513 865 512 
4366 557 774 556 
4367 562 803 561 
4368 569 688 568 
4369 574 674 573 
4370 586 667 585 
4371 592 682 591 
4372 495 697 494 
4373 504 715 503 
4374 506 813 505 
4375 621 866 620 
4376 564 704 563 
4377 571 806 570 
4378 580 644 579 
4379 605 807 604 
4380 608 707 607 
4381 610 802 609 
4382 616 727 615 
4383 478 668 477 
4384 484 681 483 
4385 603 696 602 
4386 612 714 611 
4387 614 804 613 
4388 461 689 460 
4389 469 747 468 
4390 456 705 455 
4391 458 812 457 
4392 466 673 465 
4393 449 773 448 
4394 472 645 471 
4395 452 725 451 
4396 454 805 453 
4397 463 815 462 
4398 497 814 496 
4399 500 706 499 
4400 502 811 501 
4401 508 728 507 
4402 475 746 474 
4403 566 809 565 
4404 573 3021 572 
4405 579 3053 578 
4406 602 3055 601 
4407 597 3054 596 
4408 582 3064 581 
4409 477 3061 476 
4410 594 3063 593 
4411 460 3057 459 
4412 465 3058 464 
4413 494 3062 493 
4414 601 3018 600 
4415 613 3039 612 
4416 572 3020 571 
4417 615 3027 614 
4418 609 3038 608 
4419 570 3045 569 
4420 593 3043 592 
4421 604 3042 603 
4422 587 3049 586 
4423 578 3037 577 
4424 565 3040 564 
4425 509 3030 508 
4426 488 3031 487 
4427 507 3026 506 
4428 464 3023 463 
4429 482 3033 481 
4430 493 3017 492 
4431 485 3044 484 
4432 496 3048 495 
4433 512 3029 511 
4434 476 3034 475 
4435 459 3025 458 
4436 473 3052 472 
4437 455 3024 454 
4438 491 3046 490 
4439 462 3047 461 
4440 457 3051 456 
4441 920 924 923 
4442 3347 4029 3305 
4443 727 3028 3027 
4444 741 3092 3063 
4445 742 3097 3064 
4446 809 3041 3040 
4447 3021 3022 3020 
4448 3034 3035 746 
4449 928 2942 932 
4450 2417 4135 1361 
4451 2391 4106 2348 
4452 697 3062 494 
4453 674 3021 573 
4454 689 3057 460 
4455 673 3058 465 
4456 668 3061 477 
4457 687 3054 597 
4458 696 3055 602 
4459 644 3053 579 
4460 742 3064 582 
4461 741 3063 594 
4462 727 3027 615 
4463 705 3024 455 
4464 728 3026 507 
4465 806 3045 570 
4466 804 3039 613 
4467 807 3042 604 
4468 802 3038 609 
4469 809 3040 565 
4470 812 3051 457 
4471 815 3047 462 
4472 814 3048 496 
4473 865 3029 512 
4474 810 3046 491 
4475 572 3021 3020 
4476 601 3055 3018 
4477 578 3053 3037 
4478 493 3062 3017 
4479 464 3058 3023 
4480 593 3063 3043 
4481 600 3018 808 
4482 571 3020 806 
4483 612 3039 714 
4484 614 3027 804 
4485 608 3038 707 
4486 577 3037 743 
4487 569 3045 688 
4488 592 3043 682 
4489 603 3042 696 
4490 586 3049 667 
4491 481 3033 744 
4492 492 3017 810 
4493 508 3030 728 
4494 463 3023 815 
4495 475 3034 746 
4496 454 3024 805 
4497 459 3057 3025 
4498 458 3025 812 
4499 476 3061 3034 
4500 487 3031 745 
4501 506 3026 813 
4502 511 3029 769 
4503 564 3040 704 
4504 490 3046 686 
4505 484 3044 681 
4506 456 3051 705 
4507 461 3047 689 
4508 472 3052 645 
4509 495 3048 697 
4510 3092 3093 3063 
4511 3041 3068 3040 
4512 1468 1470 1469 
4513 916 917 915 
4514 974 976 972 
4515 3063 3093 3043 
4516 3040 3068 704 
4517 1586 3973 1587 
4518 745 3070 486 
4519 485 3070 3044 
4520 3019 3255 808 
4521 486 3070 485 
4522 3873 3916 2499 
4523 1528 1530 1529 
4524 2645 4019 2648 
4525 2788 2789 2700 
4526 920 923 922 
4527 1355 1357 1356 
4528 510 3065 509 
4529 1501 2523 1295 
4530 1001 1005 1004 
4531 2314 2964 2780 
4532 1005 3072 1223 
4533 2040 3638 2600 
4534 769 3065 510 
4535 509 3065 3030 
4536 1075 4026 1061 
4537 1600 1602 1601 
4538 970 972 971 
4539 1482 1487 1486 
4540 1139 3177 1141 
4541 2303 2305 2304 
4542 2236 4203 3142 
4543 1297 2832 1676 
4544 1610 1612 1611 
4545 3197 4050 702 
4546 904 906 905 
4547 906 908 907 
4548 2126 4103 3373 
4549 3539 3573 628 
4550 1234 1236 1235 
4551 2227 4266 2687 
4552 2130 3572 2679 
4553 2491 4348 2917 
4554 2156 2567 1882 
4555 973 974 972 
4556 1052 3724 2101 
4557 1509 1510 1404 
4558 1360 4074 1356 
4559 2126 4329 1713 
4560 2382 4002 2701 
4561 1124 1181 1077 
4562 3232 3301 2051 
4563 2948 2949 2947 
4564 2799 3662 2231 
4565 1420 2594 1207 
4566 803 4064 2793 
4567 2793 4064 704 
4568 559 3056 558 
4569 3178 4027 654 
4570 2826 3270 738 
4571 3190 3267 2995 
4572 2284 3231 2285 
4573 726 3056 559 
4574 2207 3281 2210 
4575 1822 4228 1821 
4576 2365 3607 2938 
4577 1563 3119 3118 
4578 3092 3428 3093 
4579 957 3118 959 
4580 1060 4115 1058 
4581 3664 4193 653 
4582 520 3927 2909 
4583 918 2995 920 
4584 920 922 919 
4585 1001 3072 1005 
4586 1679 4359 1678 
4587 1001 1004 1003 
4588 1606 1608 1607 
4589 3748 3773 3468 
4590 3543 4028 782 
4591 2948 3575 1282 
4592 2105 4131 3415 
4593 1581 1582 1580 
4594 2987 4101 1951 
4595 996 997 995 
4596 1022 3223 2763 
4597 3631 3716 3077 
4598 2547 3995 3014 
4599 2362 3006 2856 
4600 772 3747 107 
4601 2053 4351 2055 
4602 1243 1245 1244 
4603 1496 3112 1476 
4604 2881 3436 1169 
4605 2909 3963 520 
4606 3203 4156 777 
4607 824 3577 2851 
4608 2206 4039 2775 
4609 802 3711 2902 
4610 1598 1600 1599 
4611 1738 1739 1737 
4612 3120 3121 3119 
4613 871 3288 869 
4614 2127 3606 2126 
4615 970 971 968 
4616 1846 2608 1549 
4617 2805 4156 3203 
4618 1158 3241 1155 
4619 2526 3082 3081 
4620 2735 3690 2906 
4621 1257 1258 1256 
4622 1145 4142 1148 
4623 841 3735 2801 
4624 1343 3559 2895 
4625 728 3206 3026 
4626 2205 3721 2876 
4627 1251 1253 1252 
4628 2885 3609 2002 
4629 986 988 987 
4630 3333 4005 2426 
4631 2459 3382 3189 
4632 1587 4126 2894 
4633 1472 1474 1473 
4634 2051 2577 2576 
4635 740 3113 588 
4636 587 3113 3049 
4637 1267 4138 1283 
4638 2898 4337 854 
4639 3214 3340 729 
4640 2598 4236 1153 
4641 938 4207 952 
4642 2745 3951 2747 
4643 1501 2952 2523 
4644 668 3131 3061 
4645 965 966 964 
4646 1965 4320 3273 
4647 1905 2884 1908 
4648 2727 3753 2926 
4649 1013 4046 1029 
4650 2669 4164 1631 
4651 1935 1936 1934 
4652 1750 1751 1749 
4653 2192 4162 4142 
4654 1556 3969 1325 
4655 2879 4235 2519 
4656 1125 2738 1064 
4657 2093 3728 2418 
4658 967 3160 964 
4659 1028 3154 1008 
4660 1029 4046 2715 
4661 3325 4264 3695 
4662 2880 3755 2100 
4663 543 3083 542 
4664 435 3080 434 
4665 426 676 425 
4666 413 3086 412 
4667 414 669 413 
4668 428 821 427 
4669 431 692 430 
4670 420 643 419 
4671 423 753 422 
4672 417 752 416 
4673 539 693 538 
4674 538 3084 537 
4675 544 710 543 
4676 531 751 530 
4677 537 820 536 
4678 546 823 545 
4679 548 737 547 
4680 551 778 550 
4681 541 822 540 
4682 534 675 533 
4683 522 670 521 
4684 528 642 527 
4685 411 765 410 
4686 519 764 518 
4687 525 750 524 
4688 436 709 435 
4689 438 818 437 
4690 443 779 442 
4691 440 736 439 
4692 434 819 433 
4693 427 3087 426 
4694 418 3081 417 
4695 412 3088 411 
4696 439 3079 438 
4697 547 3085 546 
4698 2558 2726 2725 
4699 1236 1238 1237 
4700 2045 2128 2127 
4701 970 2913 973 
4702 1239 3992 3453 
4703 2338 3135 3104 
4704 2789 3990 3730 
4705 1988 4176 1911 
4706 2379 3584 2380 
4707 2005 3197 2911 
4708 966 968 967 
4709 957 958 956 
4710 1740 1741 1739 
4711 1307 3267 2989 
4712 606 4242 3009 
4713 555 3224 868 
4714 641 3347 3305 
4715 2929 3596 2874 
4716 2998 3000 2999 
4717 524 3094 523 
4718 1530 2857 1532 
4719 3272 3784 640 
4720 969 2913 970 
4721 2848 4210 2849 
4722 1905 1908 1907 
4723 970 973 972 
4724 1078 4201 1132 
4725 2536 4081 2452 
4726 2946 2948 2947 
4727 2526 3853 2525 
4728 754 4221 2660 
4729 1249 1251 1250 
4730 1742 1743 1741 
4731 1293 3487 1201 
4732 2070 2277 2276 
4733 2559 4216 1539 
4734 902 4154 901 
4735 2580 4025 3237 
4736 3399 3810 1376 
4737 2471 4194 3525 
4738 1375 1378 1377 
4739 811 3143 501 
4740 500 3143 706 
4741 1775 1777 1776 
4742 1245 1247 1246 
4743 2531 3939 1002 
4744 2137 3494 2608 
4745 2834 3262 661 
4746 1937 1938 1936 
4747 1377 3924 1376 
4748 950 3628 2624 
4749 2222 4308 2221 
4750 2135 3989 3953 
4751 1047 4109 1048 
4752 3023 3169 815 
4753 1846 3722 2608 
4754 724 3765 3202 
4755 3054 3249 596 
4756 595 3249 741 
4757 899 2877 903 
4758 2180 3650 2181 
4759 1247 1249 1248 
4760 1099 2945 912 
4761 2118 4287 1733 
4762 2726 4273 2725 
4763 552 3100 551 
4764 1445 2960 2460 
4765 2433 2434 2431 
4766 1744 1745 1743 
4767 1603 3989 1675 
4768 3081 3082 752 
4769 3003 3433 818 
4770 3439 3717 694 
4771 2575 4327 2259 
4772 3424 3449 692 
4773 2549 3337 2548 
4774 3010 3011 1303 
4775 976 3109 3102 
4776 1579 1580 1406 
4777 1470 1472 1471 
4778 1417 4019 2652 
4779 588 3113 587 
4780 3242 3979 3476 
4781 918 919 917 
4782 656 3950 2818 
4783 2781 2969 2313 
4784 3167 4044 3451 
4785 3047 3218 689 
4786 1180 1188 1187 
4787 2057 3238 3083 
4788 3373 4329 2126 
4789 1430 3779 1667 
4790 3438 3520 2489 
4791 1238 1241 1240 
4792 1001 1003 1000 
4793 3212 3213 2305 
4794 470 3157 469 
4795 2802 3901 1913 
4796 984 986 985 
4797 734 4025 3260 
4798 3142 3807 2214 
4799 1151 1153 1152 
4800 2515 4161 1438 
4801 1513 1514 1512 
4802 2165 2167 2166 
4803 924 1307 926 
4804 873 2138 2095 
4805 1883 2716 2155 
4806 3545 3568 3183 
4807 1746 1747 1745 
4808 2804 4028 2781 
4809 2146 3779 3319 
4810 1321 1322 1319 
4811 2838 3944 2657 
4812 2310 4085 3353 
4813 1208 1421 1419 
4814 808 3255 599 
4815 598 3255 687 
4816 769 3066 3065 
4817 2455 3872 1789 
4818 918 920 919 
4819 863 870 869 
4820 3082 3173 752 
4821 908 910 909 
4822 761 3606 3478 
4823 5 3788 4 
4824 3191 4032 3037 
4825 2297 2679 2293 
4826 3266 3507 2037 
4827 3120 3429 3329 
4828 2088 2090 2089 
4829 2492 3993 3091 
4830 2542 4350 3954 
4831 899 903 902 
4832 2944 3549 2970 
4833 2936 3320 786 
4834 998 1000 997 
4835 988 990 989 
4836 2042 2189 1888 
4837 1353 1354 1352 
4838 1512 3172 1573 
4839 1226 1227 1182 
4840 1046 3274 953 
4841 2258 3909 2575 
4842 2142 3720 3151 
4843 3273 4320 2494 
4844 903 904 902 
4845 710 3083 543 
4846 434 3080 819 
4847 537 3084 820 
4848 736 3079 439 
4849 764 2621 518 
4850 765 2620 410 
4851 3086 3088 412 
4852 669 3086 413 
4853 709 3080 435 
4854 546 3085 823 
4855 693 3084 538 
4856 417 3081 752 
4857 821 3087 427 
4858 426 3087 676 
4859 438 3079 818 
4860 411 3088 765 
4861 737 3085 547 
4862 2090 2165 2164 
4863 2229 2230 2228 
4864 2114 3425 3153 
4865 3125 3248 2693 
4866 1752 1753 1751 
4867 998 3072 1001 
4868 2468 3805 2469 
4869 1176 1455 1296 
4870 1149 1151 1150 
4871 3115 3345 3114 
4872 961 962 960 
4873 750 3094 524 
4874 3357 3388 2193 
4875 1563 3118 957 
4876 2703 3004 2307 
4877 2655 3266 1863 
4878 977 2928 974 
4879 2328 2329 1953 
4880 551 3100 778 
4881 2038 3679 2939 
4882 1766 3597 1763 
4883 2957 3732 2956 
4884 2001 3893 3589 
4885 1452 2044 1713 
4886 1453 3370 1305 
4887 896 4166 3892 
4888 3067 3401 2020 
4889 2825 3524 630 
4890 1777 1779 1778 
4891 774 3224 556 
4892 2713 3573 2963 
4893 1190 1192 1191 
4894 419 3127 418 
4895 1908 1910 1909 
4896 2992 4155 3900 
4897 2086 3667 1687 
4898 2039 4083 3490 
4899 1910 1988 1911 
4900 1931 1932 1930 
4901 2231 2232 2230 
4902 837 4302 3342 
4903 934 2692 936 
4904 2128 2130 2129 
4905 4125 4238 1025 
4906 1826 2952 1501 
4907 1758 1759 1757 
4908 3327 3748 787 
4909 501 3143 500 
4910 2135 2752 2751 
4911 1127 1129 1128 
4912 3064 3339 581 
4913 580 3339 644 
4914 1048 4034 1063 
4915 1101 3182 1073 
4916 1549 2608 1701 
4917 3510 4027 3178 
4918 1431 1864 1705 
4919 1139 1141 1140 
4920 959 960 958 
4921 479 3968 2796 
4922 2814 3321 2813 
4923 959 961 960 
4924 643 3127 419 
4925 418 3127 3081 
4926 3331 4258 659 
4927 912 914 913 
4928 596 3249 595 
4929 1734 1735 1733 
4930 2290 3785 2273 
4931 447 3395 867 
4932 2437 2438 2112 
4933 3193 3195 3194 
4934 715 3803 2808 
4935 2850 3974 3196 
4936 622 3240 621 
4937 3132 4058 3133 
4938 1118 3802 1185 
4939 535 4143 2840 
4940 2699 2788 2700 
4941 1014 3149 1018 
4942 1995 2070 2069 
4943 710 3235 3083 
4944 916 918 917 
4945 2389 3353 2391 
4946 1104 1175 1174 
4947 1005 1223 1007 
4948 918 3190 2995 
4949 1951 4101 1952 
4950 730 4088 3185 
4951 911 1099 912 
4952 2854 3420 2855 
4953 1097 4148 1130 
4954 2908 3927 670 
4955 1730 1731 1729 
4956 2499 4304 4012 
4957 2625 4314 2320 
4958 1292 3379 1656 
4959 1378 1380 1379 
4960 2235 2237 2236 
4961 725 3362 451 
4962 1732 1733 1731 
4963 914 916 915 
4964 831 3890 3271 
4965 1038 4306 993 
4966 1206 3177 1139 
4967 1277 4254 2507 
4968 3248 3298 1490 
4969 1044 4163 989 
4970 3334 4276 3894 
4971 3601 4111 3075 
4972 1558 3955 2006 
4973 2894 4126 3874 
4974 1363 1369 1365 
4975 1351 1352 1350 
4976 2459 3189 3188 
4977 3006 4118 648 
4978 2311 3712 1541 
4979 773 3936 2983 
4980 3102 4322 971 
4981 2749 3951 2745 
4982 1213 3114 1215 
4983 863 1303 870 
4984 1108 2982 1079 
4985 1323 1324 1322 
4986 3323 3398 762 
4987 1802 3343 1752 
4988 2397 3639 2730 
4989 1349 1350 1348 
4990 2094 4108 4035 
4991 2123 3627 2912 
4992 1112 3893 3379 
4993 471 3277 470 
4994 2061 2125 1802 
4995 3034 3036 3035 
4996 1727 3847 1287 
4997 3326 4193 2649 
4998 2887 3633 2888 
4999 2436 3965 2530 
5000 3034 3061 3036 
5001 2091 3728 2093 
5002 1575 4216 2031 
5003 1380 1382 1381 
5004 1492 4158 1493 
5005 2162 3775 3146 
5006 725 4048 3362 
5007 667 3355 585 
5008 627 3540 3456 
5009 1307 2973 926 
5010 1946 2487 1947 
5011 2949 3267 2947 
5012 2347 2351 2350 
5013 1639 1651 1638 
5014 2511 4293 1472 
5015 3472 4242 707 
5016 469 3157 747 
5017 467 3311 466 
5018 1159 3503 1160 
5019 3048 3186 697 
5020 914 921 916 
5021 2374 3449 2376 
5022 1421 1711 1422 
5023 854 3673 2898 
5024 1969 3786 2952 
5025 2912 3627 950 
5026 1141 1143 1142 
5027 2288 2442 1719 
5028 4012 4304 1301 
5029 2977 3654 3341 
5030 1161 3241 1158 
5031 1635 1636 1630 
5032 1824 2113 1917 
5033 710 3640 3005 
5034 1550 4165 1186 
5035 3705 3992 2160 
5036 1455 1904 1456 
5037 3081 3127 2526 
5038 1515 1516 1514 
5039 661 3828 2834 
5040 2210 3281 2219 
5041 673 3059 3058 
5042 1904 2884 1905 
5043 1382 1384 1383 
5044 870 871 869 
5045 3176 3946 2606 
5046 959 3118 1082 
5047 3136 3187 2464 
5048 1835 2492 2321 
5049 599 3255 598 
5050 1779 1781 1780 
5051 1327 1328 1326 
5052 1440 2512 1057 
5053 3221 4142 1145 
5054 1368 3696 1348 
5055 3854 4028 2804 
5056 1434 4331 3571 
5057 2320 4325 2654 
5058 2223 2224 2222 
5059 1143 1145 1144 
5060 468 3344 467 
5061 776 4219 2800 
5062 3028 3067 3027 
5063 1803 3983 1748 
5064 3027 3067 804 
5065 421 3307 420 
5066 3867 4005 663 
5067 2914 3857 623 
5068 3128 4213 843 
5069 1806 2244 2243 
5070 2359 3920 3383 
5071 2294 3004 2296 
5072 1918 3704 1919 
5073 2409 3428 3092 
5074 2419 3383 1885 
5075 2295 3791 2297 
5076 2218 2680 2208 
5077 990 992 991 
5078 1760 1761 1759 
5079 2434 3736 2984 
5080 3093 3306 3043 
5081 1145 1147 1146 
5082 2910 3825 788 
5083 773 3395 448 
5084 1545 1546 1544 
5085 3900 4155 2619 
5086 1372 3385 3107 
5087 2956 3732 692 
5088 3061 3131 3036 
5089 998 1001 1000 
5090 2997 3797 858 
5091 1745 4309 2455 
5092 2629 2630 2628 
5093 2157 3952 2159 
5094 2965 3698 3390 
5095 2201 3357 2198 
5096 2947 3190 921 
5097 1874 3840 1397 
5098 893 894 892 
5099 1843 4287 3918 
5100 1444 1551 1442 
5101 890 892 889 
5102 3284 3521 891 
5103 1089 4112 3589 
5104 1384 1386 1385 
5105 1848 1849 1553 
5106 2963 3539 792 
5107 898 899 896 
5108 2856 3682 759 
5109 1927 1928 1924 
5110 2589 3660 2588 
5111 1369 1374 1370 
5112 2899 3273 2494 
5113 1166 3221 1143 
5114 1339 3926 1336 
5115 901 4166 896 
5116 732 3781 2803 
5117 2300 3860 2769 
5118 2890 3799 3173 
5119 759 3775 2856 
5120 2310 3770 2309 
5121 1620 1621 1618 
5122 3109 3491 3110 
5123 3542 3762 2822 
5124 1624 1625 1622 
5125 3022 3552 3020 
5126 842 3410 3337 
5127 1307 2989 2973 
5128 3216 4139 1019 
5129 2700 3801 768 
5130 3025 3265 812 
5131 2765 3148 3147 
5132 2462 2463 2324 
5133 541 3238 822 
5134 3083 3238 542 
5135 895 896 894 
5136 2246 2487 1946 
5137 3168 3648 2052 
5138 2894 3874 1823 
5139 3052 3816 2529 
5140 3011 3481 3133 
5141 2687 3528 2688 
5142 2031 3200 2902 
5143 834 3645 2867 
5144 2203 2214 2213 
5145 2756 2757 1023 
5146 3111 3490 801 
5147 1844 3151 2950 
5148 1493 1494 1491 
5149 2094 4075 3370 
5150 888 889 887 
5151 1489 1490 1487 
5152 2521 3377 2122 
5153 1372 3107 1942 
5154 2051 3301 2577 
5155 1547 1548 1546 
5156 1305 3370 3207 
5157 1764 1765 1763 
5158 3196 3974 1551 
5159 1792 1797 1796 
5160 3607 4255 805 
5161 2560 3903 2559 
5162 2141 2143 1536 
5163 1637 1638 1636 
5164 1819 1823 1822 
5165 1345 1346 1344 
5166 2739 3679 2038 
5167 3140 3179 2217 
5168 2475 4277 1800 
5169 2747 3406 2746 
5170 2181 2182 2179 
5171 1475 4041 1497 
5172 2288 2444 2443 
5173 2457 4296 1600 
5174 3789 3911 2538 
5175 1286 4137 1499 
5176 1454 2568 1135 
5177 2055 3322 3254 
5178 1519 1520 1518 
5179 819 3268 433 
5180 2634 4196 2635 
5181 3787 3788 723 
5182 2891 3391 776 
5183 2099 3857 2914 
5184 1386 1388 1387 
5185 552 3252 3100 
5186 1211 4134 1210 
5187 921 3190 916 
5188 3078 3918 2282 
5189 3202 3203 724 
5190 942 955 954 
5191 2712 3573 2713 
5192 1587 2274 1585 
5193 1695 2008 1447 
5194 688 4173 3538 
5195 556 3224 555 
5196 1080 3258 1172 
5197 1835 3499 2492 
5198 926 2973 930 
5199 4127 4330 1831 
5200 590 3467 589 
5201 794 3524 2825 
5202 1086 3437 1090 
5203 693 3793 2959 
5204 1543 1544 1495 
5205 3665 3834 2833 
5206 3078 3351 2844 
5207 883 3360 880 
5208 1781 1784 1782 
5209 1858 1867 1866 
5210 1024 4183 1041 
5211 1280 2085 1720 
5212 2330 2915 2329 
5213 1228 1229 1227 
5214 3503 3863 3502 
5215 736 3689 2961 
5216 2498 3916 2502 
5217 2868 3952 2157 
5218 4246 4294 753 
5219 2333 4278 2334 
5220 1336 4227 1334 
5221 1329 1330 1328 
5222 1217 1219 1218 
5223 866 3483 620 
5224 619 3483 768 
5225 3043 3306 682 
5226 2436 4047 3097 
5227 2521 4001 2522 
5228 2113 2115 2114 
5229 2375 3590 2372 
5230 2327 3870 3514 
5231 3201 3880 2620 
5232 3108 4093 2286 
5233 3200 3903 2560 
5234 2085 2151 2098 
5235 1596 1597 1593 
5236 3980 4357 1941 
5237 965 3629 966 
5238 1626 1627 1625 
5239 1079 2982 1054 
5240 2717 4149 3811 
5241 2987 4008 1320 
5242 1049 3155 949 
5243 2818 3103 2819 
5244 1806 3498 2244 
5245 1514 4240 3172 
5246 1812 1816 1815 
5247 1652 3314 1698 
5248 3759 3852 857 
5249 1282 4168 2948 
5250 2721 3777 2722 
5251 2327 3773 2328 
5252 581 3339 580 
5253 2354 3826 2356 
5254 2752 3953 3553 
5255 1981 3628 2809 
5256 1946 1947 1945 
5257 789 4323 2965 
5258 688 3538 568 
5259 409 3391 829 
5260 1978 4147 2871 
5261 3064 4249 3339 
5262 2361 4118 2362 
5263 886 887 885 
5264 2555 3207 1711 
5265 1335 1336 1334 
5266 3203 4256 724 
5267 1160 1162 1161 
5268 1341 1342 1340 
5269 774 4049 2814 
5270 2175 2176 2173 
5271 1388 1394 1389 
5272 1854 1855 1853 
5273 1503 2049 1972 
5274 1133 3480 1134 
5275 2720 3477 3427 
5276 895 900 898 
5277 2219 2220 2212 
5278 1435 3644 3301 
5279 809 4226 2975 
5280 1852 1853 1851 
5281 792 3690 2963 
5282 3013 3115 3114 
5283 2798 3586 2565 
5284 2704 4105 2084 
5285 1294 4330 2152 
5286 1850 1851 1849 
5287 2082 2086 1687 
5288 3065 3416 3030 
5289 3073 3961 821 
5290 2863 3806 2019 
5291 526 3906 2879 
5292 2621 3881 405 
5293 2620 3880 202 
5294 1000 4117 997 
5295 971 4263 968 
5296 2978 3611 2155 
5297 629 3551 2917 
5298 3958 4116 3150 
5299 996 998 997 
5300 2016 2817 1538 
5301 649 3529 2841 
5302 522 3366 670 
5303 1561 3282 2770 
5304 2362 4118 3006 
5305 2144 3778 2145 
5306 1549 1701 1548 
5307 2047 4321 1852 
5308 1731 4287 1843 
5309 1563 3429 3120 
5310 1792 2940 1797 
5311 1462 3299 1466 
5312 621 3240 866 
5313 3651 3909 1433 
5314 1663 2987 1320 
5315 2107 4141 3122 
5316 3094 3366 523 
5317 1768 1769 1767 
5318 2596 3500 2597 
5319 1105 3908 2925 
5320 1427 4331 1278 
5321 1162 1416 1222 
5322 804 3359 3039 
5323 1984 3617 3132 
5324 2828 3990 3855 
5325 4115 4358 1058 
5326 2351 2783 2352 
5327 2803 3781 2672 
5328 2640 3967 2642 
5329 992 994 993 
5330 3079 3316 818 
5331 1798 4277 1810 
5332 3906 4235 2879 
5333 2289 4290 2524 
5334 1652 1698 1651 
5335 3818 4305 2008 
5336 333 3163 755 
5337 3306 3406 682 
5338 2303 2304 1829 
5339 2123 4001 2521 
5340 2045 3399 2128 
5341 3021 3530 3022 
5342 1784 1791 1785 
5343 1375 3397 1378 
5344 1995 2069 1993 
5345 2691 3678 2690 
5346 916 3190 918 
5347 1198 1318 1317 
5348 1416 2705 1718 
5349 2280 2707 1648 
5350 1524 3152 1526 
5351 2125 3343 1802 
5352 3416 4017 3030 
5353 2896 4178 2352 
5354 498 3633 497 
5355 451 3362 450 
5356 2303 3852 3212 
5357 1357 1362 1359 
5358 542 3238 541 
5359 513 3636 865 
5360 2652 4019 3967 
5361 2376 3449 3424 
5362 2836 3400 2835 
5363 1184 4065 1588 
5364 1523 1524 1522 
5365 715 3676 503 
5366 502 3676 811 
5367 2029 2710 1807 
5368 1434 4114 2563 
5369 1584 2696 1291 
5370 2450 3914 2686 
5371 2288 2443 2442 
5372 2774 3982 2360 
5373 805 3649 453 
5374 452 3649 725 
5375 1230 1231 1229 
5376 2105 4141 2107 
5377 1055 3609 2885 
5378 431 3424 692 
5379 1302 3943 1554 
5380 1337 1338 1336 
5381 2777 2778 2248 
5382 2304 4331 1427 
5383 2632 2939 2386 
5384 2156 3319 2567 
5385 1485 2738 1125 
5386 436 3433 709 
5387 818 3433 437 
5388 1171 1179 1113 
5389 1394 1399 1395 
5390 591 3675 590 
5391 2974 3414 3300 
5392 2994 4084 1931 
5393 2570 3861 2918 
5394 3441 4225 2377 
5395 1440 3180 2512 
5396 1566 4185 3440 
5397 1604 1605 1602 
5398 2149 4101 2987 
5399 2465 3138 3137 
5400 2879 4124 526 
5401 2183 2184 2182 
5402 445 3253 444 
5403 553 3252 552 
5404 1212 1213 1211 
5405 2190 3369 3368 
5406 3370 4075 3207 
5407 2277 2740 2276 
5408 2213 3357 2201 
5409 2639 3476 2638 
5410 606 3688 605 
5411 714 3711 611 
5412 610 3711 802 
5413 3067 3359 804 
5414 3175 3243 2011 
5415 583 3685 742 
5416 2978 3687 3611 
5417 630 3550 3525 
5418 1402 1509 1404 
5419 421 4294 3307 
5420 3177 4247 1141 
5421 3698 4004 2569 
5422 1628 1629 1627 
5423 1938 2004 1940 
5424 1656 3379 1875 
5425 1281 3575 3198 
5426 11 3242 717 
5427 1610 1611 1609 
5428 2247 2248 1555 
5429 2480 3857 2099 
5430 3052 3794 645 
5431 1288 3913 2493 
5432 1636 3417 1630 
5433 3525 4194 2825 
5434 2169 2170 2167 
5435 3151 3701 2141 
5436 1067 2756 1040 
5437 1797 1799 1798 
5438 532 3646 531 
5439 2051 2576 943 
5440 2375 3687 2978 
5441 911 912 910 
5442 1463 2056 1461 
5443 865 3937 2979 
5444 1541 4186 2471 
5445 3004 4033 1537 
5446 2995 3267 1307 
5447 433 3268 432 
5448 2769 3366 3094 
5449 1478 1479 1477 
5450 2104 3013 1696 
5451 1606 1607 1605 
5452 645 3277 471 
5453 2679 3572 1426 
5454 1791 2940 1792 
5455 999 3315 996 
5456 1566 3440 1410 
5457 2758 3338 2759 
5458 1614 1617 1613 
5459 2979 3937 2980 
5460 884 885 883 
5461 1893 2992 2991 
5462 2537 2551 2536 
5463 3163 3164 2847 
5464 2033 3520 2891 
5465 2259 2945 1099 
5466 3033 3789 2538 
5467 1077 3074 1046 
5468 737 4144 2958 
5469 2755 3897 2383 
5470 585 3355 584 
5471 1816 1818 1817 
5472 677 3595 3134 
5473 626 3549 2944 
5474 1255 1256 1254 
5475 2713 2962 2711 
5476 1844 3701 3151 
5477 1591 2291 1589 
5478 3039 3806 714 
5479 2020 3401 2996 
5480 2177 2178 2176 
5481 807 3688 3008 
5482 2190 3368 2189 
5483 2267 3771 3077 
5484 1875 1876 1679 
5485 1572 3610 2260 
5486 3213 4198 2305 
5487 1482 1486 1481 
5488 1232 1233 1231 
5489 1681 3170 2073 
5490 1476 1477 1474 
5491 2424 4087 1030 
5492 2986 3465 845 
5493 1689 1984 1896 
5494 1176 3422 1455 
5495 704 4022 2793 
5496 2023 2437 2112 
5497 2271 2782 1570 
5498 2392 4276 2569 
5499 3522 4032 2132 
5500 1227 3453 1182 
5501 3238 3564 822 
5502 2654 4325 4298 
5503 1243 1244 1241 
5504 1399 1401 1400 
5505 1799 1811 1800 
5506 681 3789 483 
5507 482 3789 3033 
5508 466 3311 673 
5509 2909 3927 2908 
5510 2892 3148 2705 
5511 1468 1469 1465 
5512 3121 3521 2107 
5513 1484 3941 2511 
5514 1747 1750 1749 
5515 813 3803 505 
5516 504 3803 715 
5517 638 3434 3090 
5518 1261 4140 2775 
5519 2837 3819 3059 
5520 1277 3662 2799 
5521 3118 3119 1833 
5522 1444 3196 1551 
5523 2994 3012 1164 
5524 994 996 995 
5525 2185 3384 2184 
5526 2998 2999 2670 
5527 746 3816 474 
5528 473 3816 3052 
5529 1881 3144 1883 
5530 3660 4006 2808 
5531 1735 1738 1737 
5532 1787 2075 2060 
5533 713 3233 315 
5534 2135 3953 2752 
5535 2960 3752 2252 
5536 636 3772 2867 
5537 2758 2759 2757 
5538 3160 3707 2795 
5539 575 3835 574 
5540 3133 3481 3134 
5541 2490 3723 2095 
5542 1510 1513 1512 
5543 1170 3379 1292 
5544 895 898 896 
5545 2842 3583 175 
5546 2554 3751 1649 
5547 829 3438 3015 
5548 1838 3446 2774 
5549 1932 1935 1934 
5550 2416 4092 3363 
5551 1507 2315 1880 
5552 1836 2485 1534 
5553 2894 3126 2274 
5554 1025 4238 4157 
5555 2851 3577 680 
5556 3023 3819 3169 
5557 3013 3114 1696 
5558 1864 3861 1705 
5559 3894 4276 2392 
5560 1944 1945 1666 
5561 1600 1601 1599 
5562 1710 2043 1668 
5563 1460 4161 1968 
5564 2393 3894 2392 
5565 994 999 996 
5566 233 3209 232 
5567 30 3210 29 
5568 544 3640 710 
5569 823 3640 545 
5570 1004 4312 2907 
5571 2922 3678 2691 
5572 2438 2629 2628 
5573 1883 3144 2716 
5574 998 3315 3072 
5575 415 3768 414 
5576 28 3215 27 
5577 3268 3462 2376 
5578 2411 4224 2878 
5579 3218 3739 689 
5580 3051 3361 705 
5581 1234 1235 1233 
5582 2050 3582 3232 
5583 2551 4158 2536 
5584 2655 4298 3042 
5585 3553 3953 1633 
5586 420 3307 643 
5587 2282 3918 2118 
5588 2122 3531 1783 
5589 1569 3905 3413 
5590 1730 3849 3101 
5591 2124 2255 1574 
5592 3229 3869 833 
5593 416 3799 415 
5594 955 957 956 
5595 3085 3363 823 
5596 2358 3970 2834 
5597 2811 3709 2812 
5598 2833 4038 3665 
5599 449 3936 773 
5600 957 959 958 
5601 232 826 231 
5602 380 648 379 
5603 177 649 176 
5604 29 827 28 
5605 2587 3683 2586 
5606 2786 3306 3093 
5607 1422 4035 2677 
5608 1518 3655 1517 
5609 2171 2172 2170 
5610 1190 1191 1188 
5611 2860 3116 2271 
5612 383 759 382 
5613 26 700 25 
5614 180 758 179 
5615 229 701 228 
5616 2185 4208 3384 
5617 2592 3899 2593 
5618 1533 2857 1530 
5619 744 3968 480 
5620 3167 3451 2668 
5621 2833 3834 2611 
5622 440 3689 736 
5623 2162 4102 3775 
5624 2795 3841 963 
5625 407 3997 1 
5626 1 3997 622 
5627 747 3344 468 
5628 27 3228 26 
5629 2867 3645 636 
5630 1503 3508 2049 
5631 2873 3984 2872 
5632 1755 1758 1757 
5633 988 1002 990 
5634 4232 4273 2726 
5635 1612 1613 1611 
5636 1774 1775 1773 
5637 3413 3905 3414 
5638 1127 1128 1098 
5639 2226 2229 2228 
5640 479 4060 478 
5641 2952 3786 2523 
5642 557 4049 774 
5643 704 4064 563 
5644 562 4064 803 
5645 1608 1609 1607 
5646 838 4013 3323 
5647 1470 1471 1469 
5648 2178 3559 2176 
5649 3353 4085 2391 
5650 1633 3953 2457 
5651 33 3222 32 
5652 1660 2456 1653 
5653 3232 3581 1435 
5654 2088 2089 1869 
5655 1253 1254 1252 
5656 607 4242 606 
5657 499 4159 498 
5658 1070 3147 1104 
5659 566 4226 809 
5660 3080 4100 819 
5661 2206 3281 2207 
5662 1480 1481 1479 
5663 448 3395 447 
5664 3392 4010 2469 
5665 31 690 30 
5666 234 691 233 
5667 378 3211 377 
5668 2670 4164 2669 
5669 1028 3928 3473 
5670 3154 3512 2322 
5671 530 3895 529 
5672 1223 3149 1007 
5673 1236 1237 1235 
5674 1984 3132 1896 
5675 833 3859 3229 
5676 2268 3236 1660 
5677 1993 3095 1710 
5678 2957 4169 3732 
5679 1975 2136 1583 
5680 1149 1150 1147 
5681 1084 3437 1086 
5682 1072 3216 1036 
5683 692 3732 430 
5684 182 835 181 
5685 385 834 384 
5686 24 833 23 
5687 227 832 226 
5688 3192 3809 767 
5689 1544 3426 1495 
5690 527 3906 526 
5691 1139 1140 1129 
5692 728 4017 3206 
5693 3383 3920 1885 
5694 1290 3923 1103 
5695 1863 3314 1652 
5696 2034 2916 2699 
5697 2330 3748 3327 
5698 2131 3886 2129 
5699 1531 1533 1530 
5700 1156 4067 1309 
5701 3761 4213 3128 
5702 3056 4049 558 
5703 3614 4220 3615 
5704 2328 3748 2330 
5705 521 3927 520 
5706 1180 1187 1179 
5707 1710 3095 2043 
5708 423 3753 753 
5709 700 4278 3158 
5710 1272 4206 1425 
5711 1318 1321 1319 
5712 529 3940 528 
5713 779 3757 442 
5714 1007 3149 1014 
5715 277 3227 276 
5716 1928 1931 1930 
5717 1090 3437 1183 
5718 2008 3536 3089 
5719 2266 4132 2427 
5720 1800 4277 1798 
5721 1738 1740 1739 
5722 2747 3951 3467 
5723 3343 3622 1753 
5724 2821 3856 3253 
5725 2380 4291 2767 
5726 996 3315 998 
5727 2507 4174 3684 
5728 377 749 376 
5729 174 748 173 
5730 32 3193 31 
5731 520 3963 519 
5732 1251 1252 1250 
5733 1353 1355 1354 
5734 1312 4269 1165 
5735 2794 3516 3106 
5736 1245 1246 1244 
5737 3008 3688 3009 
5738 4210 4338 749 
5739 1300 1699 1449 
5740 1104 3147 1175 
5741 2753 3522 2134 
5742 228 3261 227 
5743 2744 3637 2749 
5744 1801 3842 2472 
5745 674 3530 3021 
5746 1740 1742 1741 
5747 3329 3663 3120 
5748 1691 2916 2034 
5749 882 883 880 
5750 1153 1154 1152 
5751 822 3793 540 
5752 539 3793 693 
5753 1935 1937 1936 
5754 226 3254 225 
5755 2699 2916 2788 
5756 819 3462 3268 
5757 1997 3680 2727 
5758 1742 1744 1743 
5759 1238 1240 1237 
5760 2235 2236 2216 
5761 2649 3981 3327 
5762 2136 3642 1583 
5763 1249 1250 1248 
5764 1247 1248 1246 
5765 2724 3490 2632 
5766 523 3366 522 
5767 1726 1730 1729 
5768 515 4018 204 
5769 3197 3570 2911 
5770 204 4018 514 
5771 1324 1327 1326 
5772 2159 3952 3157 
5773 3155 4207 938 
5774 3261 3425 832 
5775 2198 3357 2194 
5776 77 3250 76 
5777 1169 3536 2881 
5778 764 3963 3430 
5779 849 3599 3140 
5780 1676 2832 2359 
5781 1472 1473 1471 
5782 712 3518 2859 
5783 1750 1752 1751 
5784 2426 4005 2736 
5785 517 3381 828 
5786 1744 1746 1745 
5787 526 4124 525 
5788 2439 3885 3320 
5789 2682 4241 4152 
5790 2932 4292 2933 
5791 536 4143 535 
5792 2112 3718 2111 
5793 35 3244 34 
5794 3268 3424 432 
5795 533 4253 532 
5796 281 647 280 
5797 78 646 77 
5798 128 830 127 
5799 331 831 330 
5800 2121 2122 1783 
5801 3020 3552 806 
5802 1346 1349 1348 
5803 129 3251 128 
5804 332 3257 331 
5805 2050 3992 3582 
5806 2248 3537 1555 
5807 443 3856 779 
5808 2577 2919 2576 
5809 2580 3237 2985 
5810 554 4036 406 
5811 446 4037 203 
5812 625 3728 3569 
5813 1661 2059 1533 
5814 3481 4318 3865 
5815 1619 3736 2748 
5816 2087 3844 3108 
5817 3227 3899 2592 
5818 2165 2166 2164 
5819 279 3247 278 
5820 76 3246 75 
5821 130 754 129 
5822 333 755 332 
5823 2638 3933 2342 
5824 3079 3671 3316 
5825 2203 2213 2201 
5826 1598 1599 1597 
5827 329 641 328 
5828 126 640 125 
5829 3307 4294 2935 
5830 387 636 386 
5831 184 637 183 
5832 2302 3852 2303 
5833 3134 3594 2332 
5834 2485 3152 1534 
5835 3173 3799 752 
5836 2182 3457 2179 
5837 769 3975 3066 
5838 878 879 877 
5839 3538 4173 2486 
5840 3456 4043 2147 
5841 833 3869 2911 
5842 3840 3848 2325 
5843 406 4036 553 
5844 203 4037 445 
5845 3576 3650 2660 
5846 2705 3474 1718 
5847 2090 2164 2089 
5848 1584 3234 2696 
5849 1516 1519 1518 
5850 1186 4283 1131 
5851 1761 1764 1763 
5852 2542 3954 3138 
5853 1151 1152 1150 
5854 75 756 74 
5855 278 757 277 
5856 2490 4354 3723 
5857 330 3271 329 
5858 127 3272 126 
5859 908 911 910 
5860 1115 4104 1137 
5861 2123 2521 2122 
5862 2914 3557 784 
5863 2220 2223 2222 
5864 699 3346 200 
5865 2975 3898 809 
5866 284 762 283 
5867 81 761 80 
5868 2057 3564 3238 
5869 1217 1218 1194 
5870 2875 4043 793 
5871 2229 2231 2230 
5872 2825 4194 2546 
5873 1321 1323 1322 
5874 1818 3230 1819 
5875 3212 3759 717 
5876 1259 4082 1265 
5877 2840 4211 535 
5878 1831 4330 1459 
5879 3461 4351 2053 
5880 872 873 871 
5881 2809 4078 1981 
5882 1454 3604 2568 
5883 1922 1927 1924 
5884 576 3921 575 
5885 1513 1515 1514 
5886 2655 3507 3266 
5887 2151 4288 3448 
5888 3327 3981 2330 
5889 237 824 236 
5890 34 825 33 
5891 3361 3931 2079 
5892 283 3279 282 
5893 2083 3208 2531 
5894 183 3297 182 
5895 1445 3752 2960 
5896 1351 1353 1352 
5897 2397 2730 1451 
5898 3165 3706 2593 
5899 124 837 123 
5900 327 836 326 
5901 3400 3744 1484 
5902 3059 3819 3058 
5903 1647 1989 1645 
5904 955 1563 957 
5905 1812 3471 1816 
5906 1732 1734 1733 
5907 3485 3602 2899 
5908 753 4294 422 
5909 224 703 223 
5910 21 702 20 
5911 1342 1345 1344 
5912 548 4144 737 
5913 432 3424 431 
5914 875 1224 876 
5915 1540 2253 1561 
5916 428 4169 821 
5917 1722 2927 1724 
5918 2822 3762 2628 
5919 2376 3424 3268 
5920 534 4211 675 
5921 1580 3486 1406 
5922 2904 4090 2481 
5923 1347 3877 3204 
5924 2924 3635 1015 
5925 2648 3981 2649 
5926 2078 2462 2324 
5927 3815 4292 3853 
5928 2684 3722 1846 
5929 2653 4239 3264 
5930 3093 3428 2786 
5931 135 3270 134 
5932 1730 1732 1731 
5933 2841 3529 3129 
5934 2173 2968 2172 
5935 2237 2797 2236 
5936 3024 3607 805 
5937 1141 1142 1140 
5938 2525 4292 2932 
5939 3211 4210 749 
5940 1477 3432 1474 
5941 1192 1280 1191 
5942 3362 4048 2674 
5943 1332 1335 1334 
5944 437 3433 436 
5945 1208 3560 1421 
5946 2749 3637 3050 
5947 1305 1306 1276 
5948 2570 2918 1658 
5949 3115 4057 4000 
5950 1758 1760 1759 
5951 1401 3544 1402 
5952 276 3256 275 
5953 133 651 132 
5954 336 652 335 
5955 1625 3445 1622 
5956 3206 4252 3026 
5957 1565 1840 1684 
5958 2334 3228 3215 
5959 1155 3241 1154 
5960 1765 1768 1767 
5961 1349 1351 1350 
5962 125 3304 124 
5963 328 3305 327 
5964 2156 3671 3319 
5965 3208 3743 2531 
5966 286 838 285 
5967 83 839 82 
5968 3013 3283 897 
5969 3594 4202 2331 
5970 2556 2725 2555 
5971 3355 3685 584 
5972 1442 3180 1440 
5973 2068 2094 1959 
5974 1268 1413 1266 
5975 1338 1341 1340 
5976 1858 1866 1686 
5977 3303 3867 663 
5978 589 3467 740 
5979 1520 1523 1522 
5980 876 877 874 
5981 1991 2015 2014 
5982 1160 1161 1158 
5983 2269 3837 2275 
5984 271 3260 270 
5985 68 3259 67 
5986 1273 1569 1270 
5987 1262 1264 1258 
5988 3193 3194 690 
5989 768 3801 618 
5990 1143 1144 1142 
5991 374 661 373 
5992 171 662 170 
5993 3382 4208 2185 
5994 2955 3233 713 
5995 3066 3416 3065 
5996 882 897 884 
5997 1893 3517 2992 
5998 2356 3795 2483 
5999 900 3429 942 
6000 1841 2555 1711 
6001 2128 3399 2636 
6002 1698 3199 1963 
6003 3926 4227 1336 
6004 2329 3838 2953 
6005 3200 4339 802 
6006 2860 3959 3654 
6007 225 3322 224 
6008 1393 1955 1374 
6009 942 3429 955 
6010 2213 3388 3357 
6011 2254 4203 2797 
6012 1937 3325 1938 
6013 1378 3397 1391 
6014 2210 2219 2212 
6015 3329 3429 900 
6016 1145 1146 1144 
6017 3028 3401 3067 
6018 389 842 388 
6019 186 843 185 
6020 2259 4327 3198 
6021 2621 4191 2541 
6022 1701 2829 1702 
6023 891 3521 3121 
6024 3105 3442 2709 
6025 1536 3196 1444 
6026 1618 2993 1617 
6027 3159 3441 2381 
6028 2223 3184 2224 
6029 1362 3588 1363 
6030 1082 3118 1833 
6031 1630 3417 1629 
6032 2167 3001 2166 
6033 890 893 892 
6034 275 658 274 
6035 72 657 71 
6036 620 3483 619 
6037 870 872 871 
6038 2967 3810 2044 
6039 966 3629 969 
6040 2016 3533 2817 
6041 1695 3818 2008 
6042 617 3801 3007 
6043 2592 3256 3227 
6044 2255 3626 1574 
6045 893 895 894 
6046 1885 3920 1884 
6047 1463 3592 2056 
6048 872 875 874 
6049 2097 2477 2370 
6050 2417 4074 3486 
6051 285 3323 284 
6052 82 3324 81 
6053 1927 3704 3012 
6054 2150 3230 1818 
6055 1956 2924 1955 
6056 2264 4029 3347 
6057 325 720 324 
6058 122 719 121 
6059 230 3352 229 
6060 888 890 889 
6061 1985 3356 1966 
6062 1979 3610 2871 
6063 1393 2097 1956 
6064 1487 3298 1486 
6065 1327 1329 1328 
6066 3621 4057 881 
6067 1521 3930 3378 
6068 1841 2557 2556 
6069 1119 4115 1060 
6070 1339 4197 3926 
6071 3287 3693 2080 
6072 2462 2488 2463 
6073 823 4092 3640 
6074 2085 2098 1720 
6075 672 3708 3677 
6076 3048 4042 3186 
6077 2948 4168 2949 
6078 3384 4208 2458 
6079 855 3727 3171 
6080 2846 3863 1159 
6081 748 3850 3098 
6082 241 3291 240 
6083 3146 3775 759 
6084 1749 4086 1790 
6085 2938 4079 2364 
6086 1205 1212 1211 
6087 873 3269 2138 
6088 2567 4209 1429 
6089 1884 3920 2832 
6090 2911 3570 833 
6091 3972 4003 2393 
6092 1940 4071 2848 
6093 2052 3737 3168 
6094 836 4029 2977 
6095 660 3795 3308 
6096 3971 3972 3691 
6097 2964 4052 1805 
6098 3186 4170 697 
6099 2773 4237 766 
6100 2325 3848 1640 
6101 2505 4089 2506 
6102 170 3263 169 
6103 36 679 35 
6104 239 680 238 
6105 373 3262 372 
6106 2912 4001 2123 
6107 2044 3399 2045 
6108 1656 1875 1679 
6109 2002 3928 2885 
6110 1506 2007 1860 
6111 2972 3384 1407 
6112 2070 2276 2069 
6113 984 4284 986 
6114 1867 1890 1866 
6115 1507 1880 1409 
6116 2027 3908 3182 
6117 1374 3397 1375 
6118 886 888 887 
6119 1495 3426 1494 
6120 3265 3931 812 
6121 3223 3423 2763 
6122 1787 3493 2075 
6123 2587 4017 3416 
6124 1182 3453 1181 
6125 3367 3702 2085 
6126 1605 3454 1602 
6127 2629 3378 2630 
6128 2651 4282 3290 
6129 1934 4102 2162 
6130 2469 3805 3605 
6131 1133 4131 3480 
6132 185 3349 184 
6133 388 3350 387 
6134 1855 2252 2025 
6135 1810 4277 3691 
6136 3137 3954 3764 
6137 19 841 18 
6138 222 840 221 
6139 3286 3287 2291 
6140 2726 3904 3300 
6141 955 3429 1563 
6142 123 3342 122 
6143 326 3341 325 
6144 3388 3807 1265 
6145 1696 3114 1213 
6146 288 671 287 
6147 85 672 84 
6148 2905 3949 2776 
6149 895 3329 900 
6150 821 3961 3087 
6151 2796 3670 2451 
6152 568 3538 567 
6153 878 881 880 
6154 3687 4100 3080 
6155 2877 4110 2161 
6156 3959 4248 3386 
6157 3126 4069 1095 
6158 2176 3559 2968 
6159 1455 3422 1913 
6160 2575 3909 3651 
6161 716 3700 3136 
6162 1551 3181 3180 
6163 651 3563 2900 
6164 3362 3936 450 
6165 2483 3795 3231 
6166 2897 4178 2896 
6167 1090 1183 1092 
6168 1175 3422 1176 
6169 1771 1774 1773 
6170 1515 3458 1516 
6171 1201 3182 1101 
6172 2328 3773 3748 
6173 1760 3459 1761 
6174 3339 4249 3000 
6175 1941 3985 3176 
6176 1219 1412 1218 
6177 2693 3248 2922 
6178 2219 3150 2220 
6179 683 3674 3124 
6180 3377 3526 1786 
6181 1162 1222 1161 
6182 3184 3620 2224 
6183 2539 4191 3430 
6184 1341 3161 1342 
6185 1244 3492 1241 
6186 1823 3874 1824 
6187 1747 3493 1750 
6188 2594 4215 1116 
6189 1335 1337 1336 
6190 1416 1718 1222 
6191 1789 3872 3706 
6192 2649 4193 2647 
6193 2149 2987 1663 
6194 2141 3701 2143 
6195 2430 3910 2436 
6196 2018 3533 2016 
6197 3042 4298 696 
6198 1117 3560 1208 
6199 2941 3879 2351 
6200 1582 2102 1580 
6201 2271 3116 2782 
6202 2314 4052 2964 
6203 1735 3484 1738 
6204 70 3278 69 
6205 339 739 338 
6206 136 738 135 
6207 2247 2777 2248 
6208 173 3374 172 
6209 2848 4071 2268 
6210 2476 3691 2475 
6211 1528 1531 1530 
6212 1239 3453 1227 
6213 2184 2972 2637 
6214 884 886 885 
6215 3394 3769 657 
6216 372 816 371 
6217 240 3219 239 
6218 169 817 168 
6219 3136 3700 3187 
6220 2924 3335 1955 
6221 1700 3417 1636 
6222 3319 3779 2567 
6223 3127 3853 2526 
6224 1485 3354 2738 
6225 2672 4179 2605 
6226 2195 4039 2206 
6227 2538 3911 2537 
6228 1355 3317 1357 
6229 3114 3345 1215 
6230 1768 1793 1769 
6231 120 844 119 
6232 323 845 322 
6233 3264 4089 2505 
6234 2004 3695 3236 
6235 1510 3517 1513 
6236 2153 4127 3321 
6237 1159 3863 3503 
6238 3099 3565 1987 
6239 1474 3432 1473 
6240 3051 3931 3361 
6241 3158 4278 2333 
6242 1212 1696 1213 
6243 1523 1534 1524 
6244 20 3372 19 
6245 223 3371 222 
6246 188 721 187 
6247 391 722 390 
6248 2562 4229 2903 
6249 2147 4043 2875 
6250 1659 4279 2116 
6251 1531 1677 1661 
6252 2151 4238 4125 
6253 1957 2150 1818 
6254 1932 3495 1935 
6255 2446 3914 2450 
6256 2977 4029 2264 
6257 1191 3509 1188 
6258 3117 3257 755 
6259 2911 3869 2482 
6260 65 3309 64 
6261 268 3308 267 
6262 809 3898 3041 
6263 3253 3856 444 
6264 1181 3074 1077 
6265 662 3264 3263 
6266 1774 2120 1783 
6267 1261 4116 3958 
6268 3171 4274 2073 
6269 2250 3526 3377 
6270 376 3405 375 
6271 1813 2771 1811 
6272 172 3396 171 
6273 2075 2186 2060 
6274 1867 3618 1890 
6275 3783 4354 770 
6276 1910 2242 1988 
6277 3185 4088 2419 
6278 965 4317 2704 
6279 2516 3404 2515 
6280 3062 3643 3017 
6281 2083 2531 2082 
6282 3482 3934 1167 
6283 18 3364 17 
6284 221 3365 220 
6285 3071 3719 2062 
6286 3380 3417 1700 
6287 243 3334 242 
6288 40 3333 39 
6289 3123 3614 2074 
6290 1601 2081 2080 
6291 3077 4354 2490 
6292 1486 1974 1583 
6293 3383 4088 2553 
6294 1494 3742 1491 
6295 2237 3630 2797 
6296 829 3520 3438 
6297 1591 3286 2291 
6298 1123 3632 1198 
6299 854 4337 3672 
6300 73 3394 72 
6301 3457 4197 2895 
6302 1875 2001 1876 
6303 3294 3295 1880 
6304 1856 4199 2960 
6305 340 3245 339 
6306 272 734 271 
6307 69 735 68 
6308 2635 3919 3223 
6309 1849 3604 1553 
6310 1777 1786 1779 
6311 2073 4274 2997 
6312 2128 2636 2130 
6313 2427 4132 3587 
6314 3476 3979 847 
6315 1733 4287 1731 
6316 2305 3571 2304 
6317 2179 3457 2178 
6318 2124 2371 2255 
6319 2590 4280 2592 
6320 1534 3152 1524 
6321 1546 1693 1544 
6322 3300 3905 2726 
6323 1378 1391 1380 
6324 1406 3486 1396 
6325 858 3616 3123 
6326 3178 3185 2419 
6327 121 3387 120 
6328 324 3386 323 
6329 2996 4072 2020 
6330 371 3289 370 
6331 168 3290 167 
6332 1486 3298 1974 
6333 1955 3397 1374 
6334 1811 3471 1812 
6335 2120 2809 2121 
6336 862 3888 863 
6337 3316 3671 2156 
6338 1455 1913 1904 
6339 863 3888 760 
6340 3764 4301 3137 
6341 2960 4199 2460 
6342 2315 3294 1880 
6343 1150 3547 1147 
6344 1983 3617 1224 
6345 1337 3537 1338 
6346 1421 1841 1711 
6347 1638 1700 1636 
6348 1382 1390 1384 
6349 882 884 883 
6350 775 3741 3104 
6351 3680 4246 753 
6352 868 3709 3252 
6353 2406 3808 2402 
6354 1113 3626 1088 
6355 1593 3286 1591 
6356 1519 3499 1520 
6357 1140 3511 1129 
6358 1764 3498 1765 
6359 2220 3150 2223 
6360 3615 3986 2074 
6361 618 3801 617 
6362 1212 2103 1696 
6363 1523 1835 1534 
6364 497 3633 814 
6365 1092 3415 1133 
6366 1860 3412 1970 
6367 514 3636 513 
6368 2951 3657 37 
6369 390 3410 389 
6370 1660 3236 2456 
6371 736 3671 3079 
6372 1768 1806 1793 
6373 1801 3876 3842 
6374 1369 1393 1374 
6375 1621 2993 1618 
6376 2006 3510 3178 
6377 1324 3508 1327 
6378 3226 3405 2766 
6379 1975 3296 2136 
6380 1192 3367 1280 
6381 1449 3275 1689 
6382 1490 3298 1487 
6383 1509 3517 1510 
6384 2116 4279 3828 
6385 2191 2192 1937 
6386 1417 3838 2915 
6387 1188 3509 1187 
6388 1187 2071 1574 
6389 1551 3180 1442 
6390 1622 3445 1621 
6391 4124 4177 750 
6392 1774 1783 1775 
6393 877 3269 874 
6394 503 3676 502 
6395 1067 3336 2756 
6396 1323 3508 1324 
6397 1827 4225 3441 
6398 1602 3454 1601 
6399 1701 1702 1548 
6400 2069 3095 1993 
6401 3223 3919 3423 
6402 1553 3604 1454 
6403 1386 1392 1388 
6404 1240 2048 1274 
6405 1335 1372 1337 
6406 2143 3196 1536 
6407 859 4179 3781 
6408 1781 1788 1784 
6409 1627 1941 1625 
6410 1819 3230 1823 
6411 1746 3493 1747 
6412 1947 2027 1945 
6413 1229 1239 1227 
6414 3071 4152 852 
6415 2541 4220 2621 
6416 1241 3492 1240 
6417 1698 1963 1651 
6418 1693 3426 1544 
6419 2968 3204 2172 
6420 3804 3973 1586 
6421 1718 1719 1222 
6422 1699 3276 3275 
6423 453 3649 452 
6424 1531 1661 1533 
6425 893 3329 895 
6426 163 3326 162 
6427 1787 1802 1752 
6428 1048 4109 4034 
6429 788 3443 2910 
6430 3002 3656 826 
6431 2287 2288 1719 
6432 894 3892 951 
6433 3198 4327 1281 
6434 1855 2025 1853 
6435 1342 3161 1345 
6436 1098 3336 1067 
6437 2176 2968 2173 
6438 2859 3518 3365 
6439 1851 2754 1849 
6440 3318 4286 3591 
6441 1734 3484 1735 
6442 1129 3511 1128 
6443 2121 2123 2122 
6444 2381 3441 2378 
6445 2071 2704 2124 
6446 1613 1616 1611 
6447 2105 2107 2106 
6448 1441 3752 1445 
6449 1947 3956 2925 
6450 2103 2105 2104 
6451 1402 3544 1509 
6452 766 3485 2899 
6453 1037 4286 3096 
6454 878 880 879 
6455 1938 3325 2004 
6456 1607 1672 1605 
6457 1931 3495 1932 
6458 1394 1706 1399 
6459 2170 3001 2167 
6460 3101 3849 2927 
6461 3250 3285 3246 
6462 1327 1503 1329 
6463 1357 3317 1362 
6464 1666 3487 1293 
6465 2617 3774 2840 
6466 545 3640 544 
6467 1479 1643 1477 
6468 1459 4330 1294 
6469 2184 2637 2182 
6470 2935 4294 4246 
6471 2060 2061 1802 
6472 888 891 890 
6473 335 3455 334 
6474 1486 1583 1481 
6475 321 665 320 
6476 118 666 117 
6477 88 766 87 
6478 291 763 290 
6479 1147 3547 1146 
6480 1835 2321 1836 
6481 2245 4022 3068 
6482 1146 1687 1144 
6483 1816 1957 1818 
6484 1280 1457 1191 
6485 2251 2664 1734 
6486 3306 3450 3406 
6487 3781 4179 2672 
6488 1758 1804 1760 
6489 1471 2046 1469 
6490 1799 1813 1811 
6491 1142 1168 1140 
6492 1349 1366 1351 
6493 1806 2243 1981 
6494 3291 3292 3219 
6495 802 4339 3038 
6496 1513 1893 1515 
6497 3552 4045 806 
6498 1256 1282 1254 
6499 2321 3205 2322 
6500 3193 3222 3195 
6501 2820 4230 2761 
6502 1235 1435 1233 
6503 1318 1567 1321 
6504 1893 1894 1515 
6505 1187 1574 1179 
6506 1732 2251 1734 
6507 4014 4340 2442 
6508 2229 3293 2231 
6509 2102 3486 1580 
6510 1750 1787 1752 
6511 1392 3586 3585 
6512 830 3330 3272 
6513 3149 3474 1018 
6514 1240 1274 1237 
6515 1152 1167 1150 
6516 2164 2971 2089 
6517 1246 1433 1244 
6518 1601 2080 1599 
6519 242 797 241 
6520 167 729 166 
6521 370 730 369 
6522 39 796 38 
6523 1738 2052 1740 
6524 1935 2191 1937 
6525 1742 1842 1744 
6526 2443 3482 2442 
6527 80 3478 79 
6528 669 3697 3086 
6529 1252 1281 1250 
6530 1372 1942 1555 
6531 2861 4326 2942 
6532 1353 1670 1355 
6533 2192 3325 1937 
6534 2477 4145 3109 
6535 1804 1834 1760 
6536 719 4302 3603 
6537 1015 3635 2928 
6538 1280 1720 1457 
6539 2944 4128 626 
6540 682 3675 591 
6541 2884 3527 1908 
6542 1684 3494 2137 
6543 2294 4033 3004 
6544 2787 3641 2054 
6545 1989 3824 3502 
6546 1753 3622 1755 
6547 280 3489 279 
6548 689 3739 3057 
6549 2620 4319 2604 
6550 1900 4313 2851 
6551 2244 3418 2243 
6552 3455 3944 3164 
6553 872 874 873 
6554 1146 2058 1687 
6555 1838 4251 3446 
6556 178 3529 177 
6557 3571 4198 3887 
6558 1841 2556 2555 
6559 1821 4228 2535 
6560 4165 4283 1186 
6561 393 850 392 
6562 16 711 15 
6563 190 849 189 
6564 219 712 218 
6565 2716 3590 2978 
6566 2896 3535 2148 
6567 876 878 877 
6568 1516 3458 1519 
6569 3484 3737 2052 
6570 531 3646 751 
6571 2906 3949 2905 
6572 2487 3956 1947 
6573 3208 3935 3917 
6574 3199 4026 1075 
6575 2058 2083 2082 
6576 2499 4012 3873 
6577 1959 3370 1453 
6578 2253 3282 1561 
6579 1503 1682 1329 
6580 3351 4013 838 
6581 3075 4111 2323 
6582 2184 3384 2972 
6583 1761 3459 1764 
6584 1881 3802 3144 
6585 2138 3847 3076 
6586 3292 4003 3972 
6587 3181 3974 2059 
6588 1393 1956 1955 
6589 3636 3937 865 
6590 3074 3274 1046 
6591 1465 3592 1463 
6592 2969 3755 1794 
6593 1503 1972 1682 
6594 3161 3162 1345 
6595 2152 4127 2153 
6596 3420 3579 2855 
6597 2637 3457 2182 
6598 2985 3871 658 
6599 2883 4011 657 
6600 611 3711 610 
6601 2067 3961 3073 
6602 2097 2370 1956 
6603 584 3685 583 
6604 875 876 874 
6605 2821 4349 2820 
6606 1972 2795 1682 
6607 3670 3968 744 
6608 1362 4055 3588 
6609 139 655 138 
6610 342 656 341 
6611 270 3332 269 
6612 67 3331 66 
6613 1765 3498 1768 
6614 2437 3776 2438 
6615 379 3541 378 
6616 2224 3620 2226 
6617 2058 2082 1687 
6618 827 3215 28 
6619 605 3688 807 
6620 1597 3286 1593 
6621 2671 4336 2998 
6622 3514 3870 2336 
6623 29 3210 827 
6624 232 3209 826 
6625 2338 3754 3135 
6626 1716 3701 1844 
6627 3088 3710 765 
6628 1720 2084 1457 
6629 1668 3354 1485 
6630 1804 3318 1834 
6631 1718 2287 1719 
6632 1372 1555 1337 
6633 2104 3283 3013 
6634 727 3730 3028 
6635 2252 2412 2025 
6636 1968 4161 3404 
6637 2589 4006 3660 
6638 3215 3228 27 
6639 1194 3367 1192 
6640 1699 3275 1449 
6641 1893 2991 1894 
6642 1520 3499 1523 
6643 2805 3203 3202 
6644 2623 3403 3402 
6645 1869 3618 1867 
6646 1806 1981 1793 
6647 3406 3675 682 
6648 2747 3675 3406 
6649 2251 2665 2664 
6650 3439 4002 2382 
6651 1835 1836 1534 
6652 1942 2247 1555 
6653 2103 2104 1696 
6654 2630 3767 2822 
6655 1439 3402 1565 
6656 881 882 880 
6657 2083 3935 3208 
6658 3010 4318 3011 
6659 1346 3608 1349 
6660 1974 1975 1583 
6661 2321 2322 1836 
6662 1787 2060 1802 
6663 1677 2002 1661 
6664 2120 2121 1783 
6665 2048 2893 1274 
6666 2071 2124 1574 
6667 2105 2106 2104 
6668 1258 3328 1256 
6669 2287 3756 2288 
6670 119 3463 118 
6671 322 3465 321 
6672 290 3464 289 
6673 1973 4185 1566 
6674 2115 3641 2114 
6675 623 3557 2914 
6676 1215 3345 1300 
6677 26 3228 700 
6678 137 3820 3189 
6679 3251 4259 2578 
6680 2278 3875 2281 
6681 441 3689 440 
6682 2593 3706 2591 
6683 691 3209 233 
6684 690 3210 30 
6685 1941 3445 1625 
6686 1303 3501 870 
6687 882 3827 897 
6688 1689 3275 1984 
6689 1421 3560 1841 
6690 3743 3939 2531 
6691 1816 3471 1957 
6692 3110 4068 3102 
6693 2928 3635 2370 
6694 207 4256 3203 
6695 166 3340 165 
6696 2092 3713 2943 
6697 1827 3441 3159 
6698 837 3988 3139 
6699 2895 4197 1339 
6700 3168 4316 3648 
6701 2488 4054 2463 
6702 3428 4150 1632 
6703 3811 4149 772 
6704 2839 3751 2012 
6705 2132 4032 3191 
6706 731 3797 2997 
6707 994 3743 999 
6708 2520 4302 3139 
6709 2199 3721 2205 
6710 3356 3565 1209 
6711 845 4248 2986 
6712 1030 4245 2833 
6713 2874 4328 1901 
6714 3159 4030 2064 
6715 3361 4079 2938 
6716 2458 4208 2459 
6717 2998 4336 644 
6718 3649 4229 725 
6719 2808 4006 2806 
6720 3188 3820 655 
6721 3749 3774 2617 
6722 23 3570 22 
6723 43 3389 42 
6724 246 3390 245 
6725 117 3452 116 
6726 2014 3734 2794 
6727 3014 3995 3497 
6728 1987 3565 1985 
6729 3379 3893 1875 
6730 341 3479 340 
6731 187 3532 186 
6732 764 4191 2621 
6733 2240 3630 2237 
6734 1836 3512 2485 
6735 175 3583 174 
6736 3482 4014 2442 
6737 66 659 65 
6738 269 660 268 
6739 3228 4278 700 
6740 1643 3432 1477 
6741 701 3261 228 
6742 392 3497 391 
6743 17 3496 16 
6744 3243 4199 2011 
6745 2797 4138 2254 
6746 1330 3385 1332 
6747 1345 3608 1346 
6748 3058 3819 3023 
6749 2546 3712 1914 
6750 346 3408 345 
6751 143 3409 142 
6752 844 4093 3108 
6753 1898 3941 2158 
6754 3403 3792 1840 
6755 2588 4252 3206 
6756 3007 3801 2700 
6757 2917 4147 1978 
6758 2020 4072 2018 
6759 319 846 318 
6760 293 851 292 
6761 879 3360 1722 
6762 31 3193 690 
6763 377 3211 749 
6764 787 3666 3327 
6765 1718 3474 2287 
6766 1393 3588 2097 
6767 132 3576 131 
6768 1873 3639 1965 
6769 3385 4031 3107 
6770 2962 3597 1766 
6771 220 3518 219 
6772 89 3485 88 
6773 3247 3489 3167 
6774 839 3373 3324 
6775 134 3563 133 
6776 1219 3447 1412 
6777 820 4324 4143 
6778 3163 3455 3164 
6779 1265 3807 3142 
6780 3538 4226 567 
6781 2917 3551 791 
6782 1708 3427 1991 
6783 3491 3915 1366 
6784 2610 4329 3373 
6785 2892 3745 3148 
6786 2494 4320 2397 
6787 84 3567 83 
6788 3490 4083 2632 
6789 32 3222 3193 
6790 872 3501 875 
6791 2729 4062 2413 
6792 3800 4258 2389 
6793 3342 4302 719 
6794 2015 3477 3234 
6795 2275 4053 2986 
6796 238 3577 237 
6797 1945 3487 1666 
6798 3691 3972 1810 
6799 3152 3506 1526 
6800 3879 4343 2783 
6801 1270 3413 1268 
6802 1266 3411 1262 
6803 1320 4008 1197 
6804 430 3732 429 
6805 227 3261 832 
6806 2282 4013 3078 
6807 3220 3404 2516 
6808 2962 3932 2711 
6809 3125 3681 1974 
6810 244 664 243 
6811 41 663 40 
6812 1766 3932 2962 
6813 3014 3497 850 
6814 140 3488 139 
6815 1128 3336 1098 
6816 2274 4262 2982 
6817 229 3352 701 
6818 1334 4227 1407 
6819 2788 3855 2789 
6820 1985 3565 3356 
6821 1711 4075 1422 
6822 3141 3964 3279 
6823 1686 3393 1582 
6824 1633 3808 3553 
6825 878 3621 881 
6826 2664 3737 3484 
6827 79 3612 78 
6828 1672 3454 1605 
6829 3207 4075 1711 
6830 2231 3662 2232 
6831 652 3944 3455 
6832 2407 4150 2409 
6833 3648 4316 1842 
6834 3109 4160 2477 
6835 1276 3419 1273 
6836 2100 3755 2969 
6837 3594 3595 771 
6838 3062 4170 3643 
6839 1338 3537 1341 
6840 2925 3956 1594 
6841 1409 3447 1219 
6842 3497 3995 722 
6843 3614 3616 698 
6844 395 683 394 
6845 14 847 13 
6846 192 684 191 
6847 217 848 216 
6848 1314 3786 1969 
6849 997 4117 3205 
6850 3107 3707 1942 
6851 707 4076 3472 
6852 2261 4163 3900 
6853 1919 3704 1922 
6854 3643 4204 3017 
6855 1793 3470 1769 
6856 3408 3851 800 
6857 1876 3436 1878 
6858 424 3753 423 
6859 832 3254 226 
6860 441 3757 3689 
6861 263 3407 262 
6862 3035 3780 746 
6863 1875 3893 2001 
6864 3144 3802 2594 
6865 2771 3471 1811 
6866 3502 3824 1988 
6867 3716 4354 3077 
6868 1667 3779 2146 
6869 3240 4315 866 
6870 1750 3493 1787 
6871 2793 4333 2601 
6872 442 3757 441 
6873 231 3656 230 
6874 1433 3492 1244 
6875 115 767 114 
6876 91 695 90 
6877 1430 4209 3779 
6878 675 4211 3774 
6879 2043 3354 1668 
6880 2056 4207 3155 
6881 1769 3470 1771 
6882 483 3789 482 
6883 631 4347 2804 
6884 386 3645 385 
6885 1513 3517 1893 
6886 3197 4024 3570 
6887 646 3250 77 
6888 825 3222 33 
6889 3713 4260 2470 
6890 795 3523 3145 
6891 1738 3484 2052 
6892 2939 3679 1411 
6893 749 4338 3405 
6894 3402 3403 1840 
6895 76 3250 3246 
6896 869 3866 862 
6897 128 3251 830 
6898 331 3257 831 
6899 1793 4078 3470 
6900 3827 4057 3115 
6901 1457 3509 1191 
6902 654 4020 3178 
6903 2001 3436 1876 
6904 505 3803 504 
6905 755 3257 332 
6906 754 3251 129 
6907 2997 4274 731 
6908 320 3555 319 
6909 292 3554 291 
6910 45 3443 44 
6911 248 3444 247 
6912 659 3800 3309 
6913 1264 3566 3328 
6914 182 3297 835 
6915 2189 3902 3112 
6916 874 3269 873 
6917 3413 3414 1413 
6918 3593 3652 1842 
6919 1601 3454 2081 
6920 381 3682 3006 
6921 334 3455 3163 
6922 1878 4305 2110 
6923 757 3227 277 
6924 3943 4114 2341 
6925 1185 3802 1881 
6926 830 3272 127 
6927 831 3271 330 
6928 1840 3494 1684 
6929 1935 3495 2191 
6930 713 3994 2929 
6931 2381 4080 3159 
6932 1134 3480 1205 
6933 1300 3345 1699 
6934 2780 4323 3444 
6935 3910 4047 2436 
6936 414 3768 669 
6937 2970 3731 780 
6938 2288 3756 2444 
6939 540 3793 539 
6940 474 3816 473 
6941 3229 3859 700 
6942 1701 3792 2829 
6943 75 3246 756 
6944 278 3247 757 
6945 245 3302 244 
6946 367 654 366 
6947 42 3303 41 
6948 164 653 163 
6949 3107 4031 1682 
6950 3028 3990 3401 
6951 2921 4151 235 
6952 986 3960 988 
6953 880 3360 879 
6954 3145 4243 795 
6955 846 3555 2930 
6956 3226 3828 661 
6957 3035 4181 2190 
6958 1526 3506 1528 
6959 3002 3790 1916 
6960 1535 4251 1838 
6961 2074 3986 1680 
6962 1645 3862 1576 
6963 2754 3604 1849 
6964 177 3529 649 
6965 637 3528 3297 
6966 1349 3608 1366 
6967 2857 4233 1716 
6968 382 3682 381 
6969 329 3271 641 
6970 126 3272 640 
6971 345 800 344 
6972 142 801 141 
6973 267 3376 266 
6974 3211 3541 2849 
6975 1264 3328 1258 
6976 3174 4356 827 
6977 1250 3574 1248 
6978 1218 3367 1194 
6979 648 3541 379 
6980 2949 4168 3566 
6981 1898 4041 3941 
6982 3790 4218 2535 
6983 3078 4013 3351 
6984 3115 4000 3345 
6985 1998 3842 2284 
6986 3041 3898 3069 
6987 1327 3508 1503 
6988 1894 3458 1515 
6989 2833 4245 4038 
6990 2094 3370 1959 
6991 2824 3761 3128 
6992 3640 4092 3005 
6993 748 3374 173 
6994 2519 3925 1912 
6995 1834 3459 1760 
6996 3460 3591 2513 
6997 1118 4215 3802 
6998 1168 3511 1140 
6999 574 3835 674 
7000 1167 3547 1150 
7001 2935 4246 2934 
7002 3227 3256 276 
7003 3626 4250 1088 
7004 3005 4092 2416 
7005 295 685 294 
7006 3001 3696 2166 
7007 3336 4097 2758 
7008 2927 3849 1724 
7009 1908 3527 1910 
7010 1775 3531 1777 
7011 34 3244 825 
7012 3643 4170 2187 
7013 2569 4004 2368 
7014 2097 4055 2477 
7015 2903 4255 2839 
7016 2980 3937 2981 
7017 752 3799 416 
7018 2249 4010 3392 
7019 3815 3853 643 
7020 1262 3411 1264 
7021 3662 4171 2232 
7022 3684 4174 2504 
7023 3133 4058 3011 
7024 2460 4199 3243 
7025 749 3405 376 
7026 2822 3767 3442 
7027 2214 3807 2213 
7028 2089 3618 1869 
7029 1565 3402 1840 
7030 1469 3592 1465 
7031 1268 3413 1413 
7032 2226 3620 2229 
7033 1841 3560 2557 
7034 2344 3496 3364 
7035 1755 3622 1758 
7036 3591 4286 1037 
7037 218 3601 217 
7038 191 3599 190 
7039 15 3598 14 
7040 394 3600 393 
7041 3405 4338 2766 
7042 146 3475 145 
7043 378 3541 3211 
7044 637 3297 183 
7045 1491 3742 1490 
7046 3431 3587 1980 
7047 2814 4153 3321 
7048 762 3279 283 
7049 3614 3615 2074 
7050 743 3921 576 
7051 1768 3498 1806 
7052 643 3853 3127 
7053 812 3931 3051 
7054 3254 3322 225 
7055 1273 3419 1569 
7056 3321 4153 2153 
7057 1002 3939 990 
7058 1233 3581 1231 
7059 1380 3548 1382 
7060 640 3304 125 
7061 641 3305 328 
7062 2684 4204 3643 
7063 1523 3499 1835 
7064 3143 4090 2904 
7065 2054 3804 1641 
7066 843 3532 3128 
7067 90 3602 89 
7068 691 3945 3209 
7069 3076 3847 1727 
7070 999 3743 3208 
7071 2292 4033 2294 
7072 1117 4034 3560 
7073 1384 3561 1386 
7074 2834 3970 3262 
7075 1240 3492 2048 
7076 37 3657 36 
7077 1187 3509 2071 
7078 2312 4052 2314 
7079 3376 3826 798 
7080 3148 3745 3147 
7081 1722 3360 2927 
7082 3442 3767 2709 
7083 2007 3412 1860 
7084 3853 4292 2525 
7085 2937 4027 2528 
7086 3480 4131 2103 
7087 826 3656 231 
7088 2190 4181 3369 
7089 2066 3818 1695 
7090 1531 3506 1677 
7091 3259 4258 3331 
7092 2297 3999 2679 
7093 318 3596 317 
7094 1961 3913 2076 
7095 1332 3385 1335 
7096 1783 3531 1775 
7097 662 4089 3264 
7098 795 4243 3106 
7099 1670 3317 1355 
7100 64 3578 63 
7101 2348 4106 2345 
7102 63 799 62 
7103 266 798 265 
7104 2736 4005 3867 
7105 839 3567 3156 
7106 2334 4278 3228 
7107 444 3856 443 
7108 1183 3415 1092 
7109 1179 3626 1113 
7110 2736 3867 3312 
7111 1555 3537 1337 
7112 1137 4104 1284 
7113 1363 3588 1369 
7114 2606 3946 3380 
7115 1911 4176 2768 
7116 3221 4264 2192 
7117 3710 4319 765 
7118 2872 3984 3822 
7119 1774 3470 2120 
7120 194 854 193 
7121 397 855 396 
7122 1651 3619 1638 
7123 1198 3632 1318 
7124 124 3304 837 
7125 327 3305 836 
7126 2881 4305 1878 
7127 1367 3812 1872 
7128 3044 3830 681 
7129 113 853 112 
7130 316 713 315 
7131 93 852 92 
7132 1647 3824 1989 
7133 174 3583 748 
7134 1548 3623 1546 
7135 3359 3806 3039 
7136 1894 4281 3091 
7137 2940 3613 1797 
7138 81 3324 761 
7139 284 3323 762 
7140 2664 3484 1734 
7141 684 4337 3179 
7142 1499 4137 1897 
7143 2533 3839 2921 
7144 759 3682 382 
7145 1643 3466 3432 
7146 622 3997 3240 
7147 679 3244 35 
7148 1490 3742 3248 
7149 3320 3885 3469 
7150 2306 4070 2308 
7151 1813 3694 2771 
7152 2986 4053 3465 
7153 275 3256 658 
7154 3189 3820 3188 
7155 1413 3411 1266 
7156 3712 4186 1541 
7157 1991 3427 2015 
7158 1569 3413 1270 
7159 1866 3393 1686 
7160 763 3554 3431 
7161 3673 3726 732 
7162 647 3489 280 
7163 3371 3882 840 
7164 2242 3502 1988 
7165 3295 3447 1880 
7166 1922 3704 1927 
7167 919 4271 917 
7168 1834 3460 3459 
7169 2459 4208 3382 
7170 3232 3582 3581 
7171 1306 3419 1276 
7172 224 3322 703 
7173 2465 4054 3138 
7174 279 3489 3247 
7175 3288 3832 708 
7176 2653 3873 2646 
7177 867 4037 446 
7178 868 4036 554 
7179 1677 3473 2002 
7180 48 3515 47 
7181 387 3350 636 
7182 184 3349 637 
7183 1388 3585 1394 
7184 833 3570 23 
7185 3366 3860 670 
7186 1582 3393 2102 
7187 968 4263 967 
7188 3236 3695 2456 
7189 3625 3734 2582 
7190 1403 4343 3879 
7191 289 3692 288 
7192 1853 3580 1851 
7193 4047 4249 3097 
7194 3953 3989 2457 
7195 351 3523 350 
7196 148 3524 147 
7197 294 3634 293 
7198 3292 3758 3219 
7199 3129 4244 758 
7200 967 3843 3160 
7201 3029 3975 769 
7202 450 3936 449 
7203 2272 4248 3959 
7204 2186 4166 3987 
7205 758 4113 3130 
7206 4213 4300 3349 
7207 1705 3861 1977 
7208 3641 3804 2054 
7209 726 4073 3056 
7210 3727 4274 3171 
7211 2242 3503 3502 
7212 1260 4039 2195 
7213 1146 3547 2058 
7214 661 3262 373 
7215 662 3263 170 
7216 247 789 246 
7217 44 788 43 
7218 2629 3655 3378 
7219 144 650 143 
7220 265 3435 264 
7221 347 635 346 
7222 62 3434 61 
7223 806 4045 3045 
7224 1458 3912 1903 
7225 2560 4339 3200 
7226 2858 4084 2994 
7227 751 3895 530 
7228 3406 3450 2746 
7229 1726 3849 1730 
7230 857 3852 3766 
7231 171 3396 662 
7232 838 3323 285 
7233 839 3324 82 
7234 2308 4085 2310 
7235 3253 4349 2821 
7236 2531 3962 2082 
7237 3571 3887 1434 
7238 3732 4169 429 
7239 2076 3833 2078 
7240 2109 4044 3141 
7241 1880 3447 1409 
7242 836 3341 326 
7243 837 3342 123 
7244 2677 4108 2678 
7245 2930 4328 2874 
7246 1878 3436 2881 
7247 647 3964 3141 
7248 2106 3284 3283 
7249 3130 4113 835 
7250 480 3968 479 
7251 2452 4081 2448 
7252 699 3880 3201 
7253 1784 3605 1791 
7254 801 3409 3111 
7255 1224 3621 876 
7256 2341 4114 2343 
7257 11 717 10 
7258 214 716 213 
7259 1504 3829 1506 
7260 3097 3965 2436 
7261 642 3906 527 
7262 3011 3740 1303 
7263 2081 3724 2080 
7264 2255 4250 3626 
7265 886 4059 3284 
7266 761 3478 80 
7267 3374 3396 172 
7268 385 3645 834 
7269 1724 3849 1726 
7270 3030 4017 728 
7271 2552 3579 3420 
7272 165 3664 164 
7273 1693 3678 3426 
7274 633 3885 3358 
7275 4070 4085 2308 
7276 3001 3877 1347 
7277 86 3708 85 
7278 1797 3613 1799 
7279 230 3656 3352 
7280 1183 4141 3415 
7281 1212 3480 2103 
7282 296 3631 295 
7283 742 3965 3097 
7284 2330 3981 2915 
7285 2106 3283 2104 
7286 4235 4291 3584 
7287 78 3612 646 
7288 652 3455 335 
7289 3138 3954 3137 
7290 2719 4157 2831 
7291 3341 3654 720 
7292 2081 3725 3724 
7293 2613 3809 3192 
7294 3363 4092 823 
7295 1771 3470 1774 
7296 2352 4178 3090 
7297 754 4259 3251 
7298 2438 3776 2629 
7299 72 3394 657 
7300 3054 4224 2411 
7301 3604 4023 2568 
7302 3553 3808 2406 
7303 2936 4355 3320 
7304 55 3534 54 
7305 2444 3917 2443 
7306 2322 3512 1836 
7307 1335 3385 1372 
7308 2767 4291 3940 
7309 814 4042 3048 
7310 670 3927 521 
7311 3011 4318 3481 
7312 253 3543 252 
7313 50 3542 49 
7314 3358 3885 2440 
7315 864 4318 3010 
7316 4001 4271 2522 
7317 2878 4123 2410 
7318 2722 3883 2566 
7319 3015 3997 407 
7320 1500 4225 1827 
7321 3529 4244 3129 
7322 738 3270 135 
7323 2213 3807 3388 
7324 2818 3950 3103 
7325 3147 3745 1175 
7326 2158 3744 2869 
7327 150 3550 149 
7328 353 3551 352 
7329 2078 3833 2462 
7330 3205 4117 2322 
7331 2343 3887 2639 
7332 528 3940 642 
7333 811 4090 3143 
7334 2591 3872 2000 
7335 843 3349 185 
7336 842 3350 388 
7337 3142 4203 2254 
7338 1956 3635 2924 
7339 1205 3480 1212 
7340 700 3859 25 
7341 3204 3877 2172 
7342 2932 3785 2290 
7343 703 3371 223 
7344 702 3372 20 
7345 114 3668 113 
7346 92 3669 91 
7347 348 3516 347 
7348 61 638 60 
7349 264 639 263 
7350 145 3375 144 
7351 193 3672 192 
7352 396 3674 395 
7353 3068 4022 704 
7354 3947 4319 3710 
7355 3264 4239 3263 
7356 364 786 363 
7357 161 787 160 
7358 3661 3720 2142 
7359 237 3577 824 
7360 122 3342 719 
7361 325 3341 720 
7362 338 3750 337 
7363 2409 4150 3428 
7364 2027 3487 1945 
7365 3423 4146 1617 
7366 870 3501 872 
7367 1952 4101 3870 
7368 3470 4078 2120 
7369 893 3663 3329 
7370 3124 3674 855 
7371 759 4190 3146 
7372 3176 3985 3946 
7373 3162 3608 1345 
7374 1528 3506 1531 
7375 52 3558 51 
7376 255 3557 254 
7377 1546 3623 1693 
7378 1399 3624 1401 
7379 2575 3651 3574 
7380 773 4230 3395 
7381 2869 3744 3400 
7382 111 694 110 
7383 95 733 94 
7384 298 770 297 
7385 239 3219 680 
7386 372 3262 816 
7387 169 3263 817 
7388 2206 4140 3281 
7389 1256 3328 1282 
7390 3499 3993 2492 
7391 651 3576 132 
7392 558 4049 557 
7393 3038 4076 707 
7394 196 732 195 
7395 399 731 398 
7396 563 4064 562 
7397 519 3963 764 
7398 2369 4129 2393 
7399 2061 4154 3096 
7400 636 3645 386 
7401 3751 4165 2012 
7402 478 4060 668 
7403 653 4193 3326 
7404 1063 4034 1117 
7405 2079 4079 3361 
7406 1638 3619 1700 
7407 3182 4341 1073 
7408 3823 4077 2473 
7409 2107 3521 2106 
7410 2636 3572 2130 
7411 1791 3805 2940 
7412 2906 3690 3505 
7413 2116 3828 3226 
7414 2098 3556 1720 
7415 3588 4055 2097 
7416 3146 4190 834 
7417 3469 3885 633 
7418 162 3666 161 
7419 2829 3792 3403 
7420 133 3563 651 
7421 3533 4104 2817 
7422 1910 3527 2242 
7423 3141 4044 647 
7424 3473 3928 2002 
7425 1281 3574 1250 
7426 1777 3531 1786 
7427 3138 4054 1436 
7428 1506 3829 2007 
7429 24 3859 833 
7430 2646 4012 2641 
7431 1758 3622 1804 
7432 787 3748 3468 
7433 697 4170 3062 
7434 711 3933 3598 
7435 1167 3934 3547 
7436 240 3291 3219 
7437 2263 3733 2265 
7438 1892 4355 2936 
7439 1481 3642 1479 
7440 3098 4353 2504 
7441 3733 4133 1210 
7442 1391 3548 1380 
7443 2011 4199 1856 
7444 3498 3998 2244 
7445 2281 3875 3312 
7446 2229 3620 3293 
7447 2829 3813 1702 
7448 2971 3618 2089 
7449 739 4096 3313 
7450 3270 3563 134 
7451 180 4113 758 
7452 60 3519 59 
7453 3593 3653 3652 
7454 687 4224 3054 
7455 1265 4082 3388 
7456 3486 4074 1396 
7457 3097 4249 3064 
7458 2063 3840 1874 
7459 758 4244 179 
7460 2046 3592 1469 
7461 3636 4018 2981 
7462 249 631 248 
7463 46 632 45 
7464 160 3468 159 
7465 363 3469 362 
7466 3286 3693 3287 
7467 1435 3581 1233 
7468 3513 3514 781 
7469 1390 3561 1384 
7470 1382 3548 1390 
7471 1042 4335 2873 
7472 2004 4071 1940 
7473 706 4159 499 
7474 383 4190 759 
7475 3145 4348 2491 
7476 1719 3942 1222 
7477 2192 4264 3325 
7478 1720 3556 2084 
7479 3017 4204 810 
7480 3887 4114 1434 
7481 25 3859 24 
7482 3701 4233 2143 
7483 3255 4175 687 
7484 2809 3627 2121 
7485 313 771 312 
7486 1237 3644 1235 
7487 1386 3561 1392 
7488 1687 3667 1144 
7489 719 3387 121 
7490 720 3386 324 
7491 3006 3682 2856 
7492 2831 4238 3448 
7493 215 3700 214 
7494 337 3821 336 
7495 9 857 8 
7496 212 856 211 
7497 734 3260 271 
7498 735 3259 68 
7499 234 4151 691 
7500 2404 3898 2975 
7501 2786 3450 3306 
7502 3208 3917 999 
7503 2319 4121 2625 
7504 1670 3915 3491 
7505 680 3577 238 
7506 3069 3898 2404 
7507 19 3372 841 
7508 222 3371 840 
7509 644 4336 3053 
7510 389 3410 842 
7511 3157 3952 747 
7512 1843 3918 3078 
7513 1979 4063 3610 
7514 1558 4310 3955 
7515 2469 4010 1051 
7516 1330 4031 3385 
7517 339 3245 739 
7518 69 3278 735 
7519 651 3650 3576 
7520 3659 4207 2056 
7521 1961 4065 3913 
7522 3287 4139 2291 
7523 567 4226 566 
7524 3427 3477 2015 
7525 1181 3705 3074 
7526 729 4282 3214 
7527 1574 3626 1179 
7528 3307 3815 643 
7529 1740 3648 1742 
7530 2708 3930 2707 
7531 4175 4224 687 
7532 2878 4224 4175 
7533 3502 3863 1989 
7534 1603 4296 3989 
7535 2299 3824 1647 
7536 1318 3632 1567 
7537 3764 3765 3763 
7538 549 4144 548 
7539 1394 3585 1706 
7540 707 4242 607 
7541 3618 4205 1890 
7542 992 3743 994 
7543 816 3289 371 
7544 817 3290 168 
7545 3353 3991 2310 
7546 3168 3737 1056 
7547 1248 3651 1246 
7548 2025 3580 1853 
7549 83 3567 839 
7550 2711 3932 2710 
7551 3842 3876 2284 
7552 2277 4188 2740 
7553 1744 3652 1746 
7554 3053 4336 2671 
7555 3320 4355 2439 
7556 1392 3585 1388 
7557 1175 3745 3422 
7558 835 4113 181 
7559 429 4169 428 
7560 3416 3683 2587 
7561 1799 3613 1813 
7562 1369 3588 1393 
7563 1473 3658 1471 
7564 1824 3874 2113 
7565 1963 3619 1651 
7566 2543 3765 3764 
7567 702 4024 3197 
7568 1583 3642 1481 
7569 1274 3644 1237 
7570 1840 3792 3494 
7571 59 3504 58 
7572 350 795 349 
7573 147 794 146 
7574 262 3505 261 
7575 3547 3934 2058 
7576 1851 3580 2754 
7577 3318 3591 1834 
7578 1742 3648 1842 
7579 2092 4260 3713 
7580 834 4190 384 
7581 525 4124 750 
7582 2106 3521 3284 
7583 74 3868 73 
7584 2019 3806 3359 
7585 756 3868 74 
7586 3106 4182 795 
7587 2115 3804 3641 
7588 1788 3605 1784 
7589 1682 4031 1329 
7590 2794 3734 3625 
7591 535 4211 534 
7592 159 634 158 
7593 362 633 361 
7594 2322 4117 3154 
7595 2746 4275 2743 
7596 3248 3742 2922 
7597 632 3966 3105 
7598 3019 4175 3255 
7599 3478 3612 79 
7600 300 861 299 
7601 97 860 96 
7602 2558 3904 2726 
7603 3026 4252 813 
7604 1321 3665 1323 
7605 3453 3705 1181 
7606 281 3964 647 
7607 2012 4165 1550 
7608 820 4143 536 
7609 2754 4023 3604 
7610 3862 4269 1576 
7611 1702 3623 1548 
7612 797 3291 241 
7613 841 3364 18 
7614 840 3365 221 
7615 198 859 197 
7616 401 858 400 
7617 186 3532 843 
7618 3116 4134 2782 
7619 1210 4134 3733 
7620 1834 3591 3460 
7621 678 3836 3135 
7622 635 3625 3408 
7623 1926 4136 1920 
7624 2528 4027 3510 
7625 1662 4260 2092 
7626 112 3715 111 
7627 94 3714 93 
7628 297 3716 296 
7629 3450 4275 2746 
7630 138 3820 137 
7631 3345 4000 1699 
7632 3606 4103 2126 
7633 1599 3693 1597 
7634 1559 4063 1979 
7635 3372 3735 841 
7636 3240 3997 3015 
7637 2080 3693 1599 
7638 1913 3901 1904 
7639 2262 4133 2263 
7640 1353 3915 1670 
7641 120 3387 844 
7642 323 3386 845 
7643 422 4294 421 
7644 3560 4034 2557 
7645 838 4099 3351 
7646 1706 3624 1399 
7647 2059 3974 2850 
7648 2121 3627 2123 
7649 3500 3754 2597 
7650 3260 3332 270 
7651 3259 3331 67 
7652 274 3871 273 
7653 2550 4344 4195 
7654 195 3726 194 
7655 398 3727 397 
7656 3881 4220 698 
7657 1914 3969 1556 
7658 1884 4021 1285 
7659 1989 3862 1645 
7660 1904 3901 2884 
7661 1144 3667 1142 
7662 2981 3937 3636 
7663 36 3657 679 
7664 1224 3957 3621 
7665 2172 3877 2170 
7666 3226 4265 3405 
7667 336 3821 652 
7668 58 793 57 
7669 261 792 260 
7670 1392 4172 3586 
7671 1439 4201 3402 
7672 1479 3642 1643 
7673 3746 3747 2318 
7674 3300 3904 948 
7675 2971 4307 1368 
7676 890 3663 893 
7677 3180 3891 2512 
7678 3231 3876 2483 
7679 835 4266 3130 
7680 2504 4174 2501 
7681 3106 4243 2013 
7682 723 3788 5 
7683 2370 3635 1956 
7684 3337 4066 842 
7685 1972 3841 2795 
7686 3103 3950 343 
7687 3706 3872 2591 
7688 3279 3964 282 
7689 2686 4107 3131 
7690 3917 3935 2443 
7691 672 3567 84 
7692 3785 4206 2273 
7693 2071 4105 2704 
7694 876 3621 878 
7695 158 3513 157 
7696 2502 3916 2508 
7697 108 772 107 
7698 3686 4094 1361 
7699 1088 4250 1085 
7700 675 4253 533 
7701 130 4221 754 
7702 3747 4167 106 
7703 722 3410 390 
7704 1052 4139 3287 
7705 1235 3644 1435 
7706 116 3817 115 
7707 1396 4074 1360 
7708 3873 4012 2646 
7709 110 3717 109 
7710 951 3653 3593 
7711 370 3289 730 
7712 167 3290 729 
7713 2265 3733 3116 
7714 1413 3922 3411 
7715 3942 4340 3241 
7716 2052 3648 1740 
7717 2632 4083 2939 
7718 1842 3652 1744 
7719 1664 4077 1997 
7720 1551 3974 3181 
7721 1246 3651 1433 
7722 2785 4275 3450 
7723 2915 3838 2329 
7724 2055 4351 3322 
7725 1716 4233 3701 
7726 661 4265 3226 
7727 3482 3935 3934 
7728 891 3663 890 
7729 2291 4139 3216 
7730 3436 4112 1169 
7731 3269 3847 2138 
7732 3278 3770 735 
7733 3291 4003 3292 
7734 1567 3665 1321 
7735 791 3545 3183 
7736 1166 4264 3221 
7737 2463 4054 2465 
7738 1142 3667 1168 
7739 3296 4326 2861 
7740 3589 4112 2001 
7741 1471 3658 2046 
7742 149 630 148 
7743 352 629 351 
7744 260 3539 259 
7745 57 3540 56 
7746 340 3479 3245 
7747 3262 3970 816 
7748 3310 3479 656 
7749 3983 4309 1748 
7750 3603 4302 2520 
7751 3451 4044 2109 
7752 2188 4281 2991 
7753 3894 4003 797 
7754 1616 4007 1611 
7755 3615 4220 2541 
7756 2832 3920 2359 
7757 976 4160 3109 
7758 3584 4291 2380 
7759 2086 3796 3338 
7760 1675 3989 2135 
7761 2903 4229 3649 
7762 3744 3941 1484 
7763 3172 4240 2437 
7764 1554 3943 2341 
7765 99 678 98 
7766 310 677 309 
7767 302 708 301 
7768 360 780 359 
7769 49 783 48 
7770 157 781 156 
7771 252 782 251 
7772 1407 4227 2972 
7773 2031 3903 3200 
7774 1820 4267 2109 
7775 242 3334 797 
7776 39 3333 796 
7777 1786 4214 1779 
7778 2000 3983 1803 
7779 658 3871 274 
7780 282 3964 281 
7781 6 723 5 
7782 209 724 208 
7783 10 3759 9 
7784 213 3760 212 
7785 2284 3876 3231 
7786 3285 3999 2297 
7787 2096 3923 1290 
7788 2186 3987 2060 
7789 721 3532 187 
7790 2005 4050 3197 
7791 1890 3686 1866 
7792 1672 4009 3454 
7793 2552 4180 2551 
7794 3466 3896 3432 
7795 1974 3681 1975 
7796 765 4319 2620 
7797 3958 4140 1261 
7798 2081 4009 3725 
7799 844 3463 119 
7800 845 3465 322 
7801 2170 3877 3001 
7802 1422 4075 4035 
7803 641 4120 3347 
7804 3574 3651 1248 
7805 3707 3843 1942 
7806 56 627 55 
7807 259 628 258 
7808 1412 3702 1218 
7809 1366 3915 1351 
7810 3712 3969 1914 
7811 1597 3693 3286 
7812 2120 4078 2809 
7813 21 4024 702 
7814 1282 4187 1254 
7815 2769 3860 3366 
7816 73 3868 3394 
7817 3770 3991 735 
7818 2456 4247 3177 
7819 1351 3915 1353 
7820 739 3750 338 
7821 3579 3830 3044 
7822 2192 4142 3221 
7823 3199 3822 1963 
7824 2849 4210 3211 
7825 4035 4108 2677 
7826 1781 4214 1788 
7827 1167 4014 3482 
7828 2642 3967 2645 
7829 3252 4036 868 
7830 3253 4037 867 
7831 2689 4300 4213 
7832 201 699 200 
7833 404 698 403 
7834 1132 4201 1439 
7835 374 4265 661 
7836 3696 4307 2166 
7837 3522 3921 743 
7838 1284 4104 3533 
7839 3468 3773 634 
7840 3583 3850 748 
7841 2268 4071 3236 
7842 2351 3879 2783 
7843 2365 4255 3607 
7844 156 3729 155 
7845 2043 4295 3299 
7846 141 3858 140 
7847 151 790 150 
7848 354 791 353 
7849 2871 4147 3183 
7850 1627 3985 1941 
7851 359 3731 358 
7852 657 4011 71 
7853 304 862 303 
7854 308 864 307 
7855 105 718 104 
7856 3258 4026 2253 
7857 8 3766 7 
7858 211 3763 210 
7859 1075 3822 3199 
7860 2082 3962 2086 
7861 3638 4073 726 
7862 96 3782 95 
7863 299 3783 298 
7864 2232 4171 2791 
7865 2389 4258 3353 
7866 254 623 253 
7867 358 3549 357 
7868 51 624 50 
7869 391 3497 722 
7870 288 3692 671 
7871 3733 4134 3116 
7872 22 4024 21 
7873 729 3340 166 
7874 2629 3776 3655 
7875 2412 4015 2025 
7876 856 3764 3763 
7877 986 4284 3960 
7878 3764 3954 2543 
7879 1942 3843 2247 
7880 1281 4187 3575 
7881 1864 4285 2918 
7882 767 3817 3192 
7883 3415 4131 1133 
7884 3460 3998 3459 
7885 178 4244 3529 
7886 54 3562 53 
7887 3364 3496 17 
7888 355 3545 354 
7889 152 3546 151 
7890 656 3479 341 
7891 1613 4146 1616 
7892 102 775 101 
7893 3987 4166 901 
7894 1229 4189 1239 
7895 3390 3698 3302 
7896 357 626 356 
7897 154 625 153 
7898 85 3708 672 
7899 3 776 2 
7900 206 777 205 
7901 3365 3518 220 
7902 153 3569 152 
7903 356 3568 355 
7904 53 785 52 
7905 256 784 255 
7906 306 760 305 
7907 3405 4265 375 
7908 3466 4091 3896 
7909 400 3797 399 
7910 1475 4293 4041 
7911 3273 4241 2682 
7912 1621 4122 2993 
7913 189 3948 188 
7914 3833 3913 1288 
7915 3312 3875 1714 
7916 1152 4014 1167 
7917 3508 4038 2049 
7918 2419 4088 3383 
7919 1629 3985 1627 
7920 3095 4295 2043 
7921 181 4113 180 
7922 1239 4189 3582 
7923 761 4103 3606 
7924 273 3871 3237 
7925 3548 4303 1390 
7926 2285 3332 3260 
7927 988 3960 1002 
7928 286 4099 838 
7929 3354 3938 2738 
7930 659 3309 65 
7931 660 3308 268 
7932 2704 4317 2124 
7933 664 3334 243 
7934 663 3333 40 
7935 3582 3992 1239 
7936 553 4036 3252 
7937 445 4037 3253 
7938 776 3391 2 
7939 1329 4031 1330 
7940 3414 3922 1413 
7941 3294 3798 3295 
7942 3320 3469 786 
7943 2058 3934 2083 
7944 3605 3805 1791 
7945 881 3827 882 
7946 3036 4181 3035 
7947 2069 4051 3095 
7948 1588 4065 1961 
7949 71 4011 70 
7950 3584 3925 2519 
7951 66 3331 659 
7952 269 3332 660 
7953 763 3464 290 
7954 321 3465 665 
7955 118 3463 666 
7956 3131 4107 3036 
7957 3862 3863 2846 
7958 3158 4321 2047 
7959 3467 3951 740 
7960 2635 4312 2633 
7961 3327 3666 3326 
7962 3368 3902 2189 
7963 3299 4295 1466 
7964 2044 3810 3399 
7965 1034 3980 3176 
7966 782 4028 3854 
7967 3338 3796 2759 
7968 2393 4129 3972 
7969 109 3811 108 
7970 2420 4091 3348 
7971 1130 4148 1504 
7972 3430 4191 764 
7973 884 4059 886 
7974 1519 3993 3499 
7975 990 3939 992 
7976 1252 4187 1281 
7977 139 3488 655 
7978 860 3831 3500 
7979 235 4151 234 
7980 1764 3998 3498 
7981 2753 3921 3522 
7982 3386 4248 845 
7983 1218 3702 3367 
7984 1997 4077 3823 
7985 3432 3896 1473 
7986 1309 4067 1918 
7987 3454 4009 2081 
7988 992 3939 3743 
7989 384 4190 383 
7990 2248 4061 3537 
7991 1497 4041 1898 
7992 70 4011 3278 
7993 343 3950 342 
7994 1607 4299 1672 
7995 642 4291 4235 
7996 2333 4321 3158 
7997 721 3948 3239 
7998 3582 4189 3581 
7999 3181 3891 3180 
8000 703 4351 3461 
8001 664 4276 3334 
8002 4091 4261 2421 
8003 1323 4038 3508 
8004 3219 3758 680 
8005 3187 4119 848 
8006 2506 3396 3374 
8007 4195 4344 1929 
8008 1866 3686 3393 
8009 1457 4105 3509 
8010 179 4244 178 
8011 287 4099 286 
8012 2103 4131 2105 
8013 666 3452 117 
8014 2164 4307 2971 
8015 3830 3911 681 
8016 1842 4316 3593 
8017 867 4349 3253 
8018 850 3497 392 
8019 16 3496 711 
8020 3105 3515 3442 
8021 2592 4280 3256 
8022 3526 4214 1786 
8023 3185 4020 368 
8024 2640 4342 3967 
8025 2258 3996 3909 
8026 3570 4024 22 
8027 3398 4222 762 
8028 1788 4214 3526 
8029 2060 3987 2061 
8030 3624 4095 1401 
8031 98 3831 97 
8032 301 3832 300 
8033 3373 4103 3324 
8034 3308 3376 267 
8035 219 3518 712 
8036 1154 4014 1152 
8037 88 3485 766 
8038 1989 3863 3862 
8039 3239 3948 849 
8040 2437 4240 3776 
8041 671 4099 287 
8042 1161 3942 3241 
8043 3581 4189 1231 
8044 2244 3998 3460 
8045 3192 3817 3452 
8046 772 4149 3747 
8047 3872 3983 2000 
8048 3575 4187 1282 
8049 1156 4236 4067 
8050 3351 4099 671 
8051 3680 3823 2934 
8052 3414 3905 3300 
8053 1041 4183 1220 
8054 1509 4155 3517 
8055 2131 3999 3285 
8056 723 3846 3787 
8057 3533 4072 1284 
8058 3393 4135 2102 
8059 2151 4125 2098 
8060 3537 4061 1341 
8061 2276 4051 2069 
8062 3309 3578 64 
8063 131 4221 130 
8064 1002 3960 3796 
8065 7 3846 6 
8066 210 3845 209 
8067 3747 4149 2318 
8068 1699 4000 3276 
8069 1611 4007 1609 
8070 291 3554 763 
8071 665 3555 320 
8072 251 3854 250 
8073 3134 3595 3594 
8074 813 4252 3660 
8075 1303 3740 3501 
8076 1368 4307 3696 
8077 3624 3814 2618 
8078 3464 3692 289 
8079 3458 3993 1519 
8080 2519 4235 3584 
8081 3244 3982 825 
8082 819 4100 3462 
8083 100 3836 99 
8084 3576 4221 131 
8085 2951 3720 3657 
8086 1128 4097 3336 
8087 1361 4135 3686 
8088 3509 4105 2071 
8089 3459 3998 1764 
8090 1390 4303 3777 
8091 1504 4148 3829 
8092 361 3864 360 
8093 3278 4011 2883 
8094 2971 4205 3618 
8095 1095 4262 3126 
8096 375 4265 374 
8097 3281 3958 2219 
8098 2310 3991 3770 
8099 757 3899 3227 
8100 646 4352 3250 
8101 13 3979 12 
8102 653 3326 163 
8103 2619 4155 3544 
8104 3178 4020 3185 
8105 771 4202 3594 
8106 2048 3996 2893 
8107 3796 3962 1002 
8108 733 3719 3714 
8109 897 4059 884 
8110 368 4020 367 
8111 1473 3896 3658 
8112 2113 4126 2115 
8113 797 4003 3291 
8114 3684 4353 2843 
8115 1220 3798 3294 
8116 718 4167 3746 
8117 2554 4165 3751 
8118 3340 3664 165 
8119 2084 4105 1457 
8120 2607 4338 4210 
8121 12 3979 3242 
8122 655 3820 138 
8123 3250 4352 3285 
8124 1401 4095 3544 
8125 303 3866 302 
8126 309 3865 308 
8127 317 3994 316 
8128 3546 3569 2573 
8129 3654 3959 720 
8130 41 3303 663 
8131 244 3302 664 
8132 3746 4167 3747 
8133 3233 3977 314 
8134 1341 4061 3161 
8135 3517 4155 2992 
8136 4142 4162 1148 
8137 3723 3783 861 
8138 1706 3814 3624 
8139 3562 3718 785 
8140 2076 3913 3833 
8141 2375 4100 3687 
8142 188 3948 721 
8143 3491 4145 1670 
8144 3505 3690 792 
8145 3695 4264 1166 
8146 1981 4078 1793 
8147 2412 4358 4115 
8148 190 3599 849 
8149 711 3598 15 
8150 712 3601 218 
8151 393 3600 850 
8152 2563 4114 3943 
8153 777 4156 3381 
8154 3448 4238 2151 
8155 245 3390 3302 
8156 42 3389 3303 
8157 3123 3616 3614 
8158 1617 4146 1613 
8159 3725 4009 2715 
8160 2006 3955 3510 
8161 101 3884 100 
8162 2476 3971 3691 
8163 104 3878 103 
8164 202 3880 201 
8165 405 3881 404 
8166 1576 4269 1312 
8167 3730 3990 3028 
8168 3750 3821 337 
8169 2163 3612 3478 
8170 3395 4230 2820 
8171 1779 4214 1781 
8172 2018 4072 3533 
8173 2305 4198 3571 
8174 2933 4292 3815 
8175 2999 4164 2670 
8176 366 4016 365 
8177 305 3888 304 
8178 3381 4156 2574 
8179 3285 4352 2131 
8180 2702 3692 3464 
8181 142 3409 801 
8182 345 3408 800 
8183 3908 4341 3182 
8184 851 3554 292 
8185 319 3555 846 
8186 3349 4300 637 
8187 2796 3968 3670 
8188 1222 3942 1161 
8189 1231 4189 1229 
8190 3402 4201 2623 
8191 3896 4091 2421 
8192 3887 4198 2639 
8193 3686 4135 3393 
8194 2552 3830 3579 
8195 2800 4219 3788 
8196 743 4032 3522 
8197 87 4237 86 
8198 2393 4003 3894 
8199 3653 4234 3652 
8200 314 3977 313 
8201 2252 4272 2412 
8202 2740 4130 2276 
8203 751 4080 3895 
8204 3407 3949 2906 
8205 257 3907 256 
8206 2942 4326 3681 
8207 1254 4187 1252 
8208 1997 3823 3680 
8209 89 3602 3485 
8210 3317 4055 1362 
8211 2219 3958 3150 
8212 3284 4059 3283 
8213 3442 3515 783 
8214 3758 3971 2476 
8215 3304 3988 837 
8216 663 4005 3333 
8217 3941 4041 2511 
8218 2263 4133 3733 
8219 3886 4352 646 
8220 3324 4103 761 
8221 3417 3946 1629 
8222 3724 3725 2101 
8223 197 3978 196 
8224 342 3950 656 
8225 4030 4080 751 
8226 3610 4063 2260 
8227 164 3664 653 
8228 3326 3666 162 
8229 3523 4348 3145 
8230 216 4119 215 
8231 47 3966 46 
8232 3586 4311 3585 
8233 2777 4322 2778 
8234 3544 4155 1509 
8235 3463 3844 666 
8236 3237 3871 2985 
8237 691 4151 3839 
8238 3236 4071 2004 
8239 103 3929 102 
8240 788 3389 43 
8241 789 3390 246 
8242 2158 3941 3744 
8243 3874 4126 2113 
8244 3511 4097 1128 
8245 2636 3924 3572 
8246 2622 4316 3168 
8247 266 3376 798 
8248 3477 4098 3234 
8249 4107 4181 3036 
8250 3334 3894 797 
8251 3946 3985 1629 
8252 2477 4160 2370 
8253 3283 4059 897 
8254 846 3596 318 
8255 514 4018 3636 
8256 650 3409 143 
8257 635 3408 346 
8258 217 3601 848 
8259 683 3600 394 
8260 14 3598 847 
8261 684 3599 191 
8262 2934 4246 3680 
8263 3683 4137 2586 
8264 849 3948 189 
8265 3159 4080 4030 
8266 3695 4247 2456 
8267 2506 4089 3396 
8268 63 3578 799 
8269 2240 4290 3630 
8270 3292 3972 3971 
8271 293 3634 851 
8272 695 3602 90 
8273 3631 3771 685 
8274 4061 4332 3161 
8275 140 3858 3488 
8276 3646 4030 751 
8277 3465 4053 665 
8278 3234 4098 2696 
8279 3418 4040 2243 
8280 3504 3519 2897 
8281 637 4300 3528 
8282 766 4237 87 
8283 2086 3962 3796 
8284 639 3949 3407 
8285 3566 4168 3328 
8286 909 4040 3418 
8287 3796 3960 2759 
8288 3681 4326 1975 
8289 1609 4299 1607 
8290 3652 4234 1746 
8291 788 3825 3389 
8292 2466 3947 3710 
8293 155 3976 154 
8294 720 3959 3386 
8295 3452 3817 116 
8296 3394 3868 2298 
8297 3126 4262 2274 
8298 724 3845 3765 
8299 856 4301 3764 
8300 770 4354 3716 
8301 3822 3984 1963 
8302 3358 3864 633 
8303 3346 4217 199 
8304 3445 4122 1621 
8305 695 4241 3602 
8306 247 3444 789 
8307 44 3443 788 
8308 3380 3946 3417 
8309 3617 3957 1224 
8310 799 3434 62 
8311 798 3435 265 
8312 3660 4252 2588 
8313 365 4184 364 
8314 2379 3925 3584 
8315 1483 3902 3368 
8316 2161 4110 3274 
8317 3420 4180 2552 
8318 2759 4284 2757 
8319 2166 4307 2164 
8320 3209 4218 826 
8321 1706 4311 3814 
8322 3292 3971 3758 
8323 3375 3475 2545 
8324 780 3864 3358 
8325 3245 4096 739 
8326 2991 4281 1894 
8327 3587 4132 1980 
8328 827 4356 3215 
8329 4051 4295 3095 
8330 3305 4029 836 
8331 2846 4269 3862 
8332 2124 4317 2371 
8333 1931 4084 3495 
8334 801 3858 141 
8335 2001 4112 3436 
8336 3160 3843 3707 
8337 192 3672 684 
8338 395 3674 683 
8339 3369 4181 4107 
8340 1890 4205 4094 
8341 3913 4065 2493 
8342 3639 4320 1965 
8343 842 4066 3350 
8344 91 3669 695 
8345 767 3668 114 
8346 685 3634 294 
8347 2906 3505 3407 
8348 2546 4186 3712 
8349 1616 4146 3919 
8350 639 3407 263 
8351 3396 4089 662 
8352 3321 4127 1831 
8353 258 4056 257 
8354 4007 4299 1609 
8355 2276 4130 4051 
8356 3091 4306 1038 
8357 3574 4327 2575 
8358 2311 3969 3712 
8359 2489 4315 3438 
8360 4015 4115 1119 
8361 3665 4038 1323 
8362 349 4182 348 
8363 3672 4337 684 
8364 4087 4245 1030 
8365 683 3897 3600 
8366 624 3762 3542 
8367 115 3817 767 
8368 1975 4326 3296 
8369 367 4020 654 
8370 632 3443 45 
8371 631 3444 248 
8372 1281 4327 3574 
8373 2420 4261 4091 
8374 2972 4227 3926 
8375 145 3475 3375 
8376 3161 4332 3162 
8377 2504 4353 3684 
8378 1963 3984 3619 
8379 735 3991 3259 
8380 4073 4153 3056 
8381 3271 4120 641 
8382 3419 4273 4232 
8383 264 3435 639 
8384 144 3375 650 
8385 347 3516 635 
8386 61 3434 638 
8387 3322 4351 703 
8388 3655 3776 1517 
8389 2443 3935 3482 
8390 2115 4126 3973 
8391 3387 4093 844 
8392 3388 4082 2193 
8393 295 3631 685 
8394 1746 4234 3493 
8395 2412 4115 4015 
8396 3658 3896 2421 
8397 1154 4340 4014 
8398 3774 4211 2840 
8399 3407 3505 262 
8400 86 4237 3708 
8401 3493 4234 2075 
8402 654 4016 366 
8403 2025 4015 3580 
8404 1897 4137 3683 
8405 161 3666 787 
8406 2637 4197 3457 
8407 2245 4333 4022 
8408 731 4274 3727 
8409 2660 4221 3576 
8410 2343 4114 3887 
8411 3109 4145 3491 
8412 2618 4095 3624 
8413 3215 4356 2334 
8414 106 4167 105 
8415 852 4152 3669 
8416 2115 3973 3804 
8417 2873 4335 3380 
8418 113 3668 853 
8419 852 3669 92 
8420 855 3674 396 
8421 854 3672 193 
8422 3419 4232 1569 
8423 2689 4213 3761 
8424 199 4217 198 
8425 794 3475 146 
8426 4281 4306 3091 
8427 811 4223 4090 
8428 3593 4316 2622 
8429 4157 4238 2831 
8430 4022 4333 2793 
8431 4272 4358 2412 
8432 762 4222 3279 
8433 638 3519 60 
8434 786 3469 363 
8435 787 3468 160 
8436 3241 4340 1154 
8437 3892 4166 2186 
8438 3960 4284 2759 
8439 3571 4331 2304 
8440 1189 4098 3477 
8441 847 3979 13 
8442 3328 4168 1282 
8443 2545 4200 3375 
8444 3404 4161 2515 
8445 1569 4232 3905 
8446 854 3726 3673 
8447 2797 4203 2236 
8448 2455 3983 3872 
8449 3348 4091 3466 
8450 4 4219 3 
8451 623 3857 3543 
8452 3919 4196 1616 
8453 1901 4328 3837 
8454 848 4119 216 
8455 147 3524 794 
8456 350 3523 795 
8457 881 4057 3827 
8458 3934 3935 2083 
8459 2125 4286 3318 
8460 2535 4228 3790 
8461 3725 4046 2101 
8462 733 4345 3719 
8463 2605 4179 3346 
8464 2778 4322 4068 
8465 3829 4148 2723 
8466 843 4213 3349 
8467 4035 4075 2094 
8468 2550 4195 3772 
8469 250 4347 249 
8470 853 3715 112 
8471 93 3714 852 
8472 59 3519 3504 
8473 3850 4353 3098 
8474 159 3468 634 
8475 362 3469 633 
8476 397 3727 855 
8477 194 3726 854 
8478 2658 3821 3750 
8479 3561 4172 1392 
8480 214 3700 716 
8481 3445 4357 4122 
8482 3596 3994 317 
8483 3738 4188 2277 
8484 654 4027 4016 
8485 1890 4094 3686 
8486 3544 4095 2619 
8487 3011 4058 3740 
8488 629 3523 351 
8489 630 3524 148 
8490 3263 4239 817 
8491 783 3515 48 
8492 4289 4290 2240 
8493 3549 3731 2970 
8494 2397 4320 3639 
8495 296 3716 3631 
8496 2650 3664 3340 
8497 4000 4057 3276 
8498 3256 4280 658 
8499 3162 4334 4297 
8500 3290 4282 729 
8501 2621 4220 3881 
8502 4297 4334 3110 
8503 3945 4218 3209 
8504 1941 4357 3445 
8505 3740 4058 1983 
8506 2075 4234 3653 
8507 3233 4202 3977 
8508 2429 4047 3910 
8509 261 3505 792 
8510 58 3504 793 
8511 3779 4209 2567 
8512 149 3550 630 
8513 352 3551 629 
8514 252 3543 782 
8515 49 3542 783 
8516 634 3513 158 
8517 3691 4277 2475 
8518 316 3994 713 
8519 3752 4272 2252 
8520 3865 4318 864 
8521 627 3534 55 
8522 111 3715 694 
8523 733 3714 94 
8524 770 3716 297 
8525 3380 4335 2606 
8526 2390 3578 3309 
8527 3851 4212 2819 
8528 717 3759 10 
8529 716 3760 213 
8530 623 3543 253 
8531 624 3542 50 
8532 791 3551 353 
8533 790 3550 150 
8534 364 4184 786 
8535 3802 4215 2594 
8536 731 3727 398 
8537 732 3726 195 
8538 3281 4140 3958 
8539 2153 4153 4073 
8540 3900 4163 1044 
8541 3038 4339 4076 
8542 1166 4247 3695 
8543 3534 3562 54 
8544 2843 4353 3850 
8545 3515 3966 47 
8546 3776 4240 1517 
8547 792 3539 260 
8548 793 3540 57 
8549 3836 3884 3135 
8550 2582 4212 3851 
8551 51 3558 624 
8552 254 3557 623 
8553 2798 4311 3586 
8554 712 4111 3601 
8555 4068 4334 2778 
8556 157 3513 781 
8557 4034 4109 2557 
8558 3535 4343 2784 
8559 725 4229 4048 
8560 1425 4206 3785 
8561 784 3557 255 
8562 785 3558 52 
8563 2188 4306 4281 
8564 208 4256 207 
8565 3972 4129 1810 
8566 348 4182 3516 
8567 3839 4151 2921 
8568 694 3717 110 
8569 2535 4218 3945 
8570 2604 4319 3947 
8571 642 4235 3906 
8572 4094 4205 2662 
8573 46 3966 632 
8574 4076 4339 2560 
8575 3919 4146 3423 
8576 3814 4311 2798 
8577 853 4002 3715 
8578 633 3864 361 
8579 952 4207 3659 
8580 56 3540 627 
8581 259 3539 628 
8582 4051 4130 1466 
8583 298 3783 770 
8584 95 3782 733 
8585 4048 4229 2562 
8586 3987 4154 2061 
8587 781 3729 156 
8588 780 3731 359 
8589 2546 4194 4186 
8590 626 4128 3568 
8591 3444 4323 789 
8592 399 3797 731 
8593 215 4119 3700 
8594 3608 4297 1366 
8595 9 3759 857 
8596 212 3760 856 
8597 1466 4295 4051 
8598 3903 4216 2559 
8599 2783 4343 3535 
8600 2131 4352 3886 
8601 2886 4299 4007 
8602 358 3731 3549 
8603 782 3854 251 
8604 2049 4245 4087 
8605 3375 4200 650 
8606 3905 4232 2726 
8607 360 3864 780 
8608 151 3546 790 
8609 354 3545 791 
8610 357 3549 626 
8611 795 4182 349 
8612 3585 4311 1706 
8613 793 4043 3540 
8614 3973 4126 1587 
8615 3940 4291 642 
8616 626 3568 356 
8617 625 3569 153 
8618 249 4347 631 
8619 53 3562 785 
8620 857 3766 8 
8621 856 3763 211 
8622 152 3569 3546 
8623 355 3568 3545 
8624 1102 4358 4272 
8625 3630 4290 2289 
8626 861 3783 299 
8627 860 3782 96 
8628 3488 3858 2724 
8629 4186 4194 2471 
8630 2635 4196 3919 
8631 3781 3978 859 
8632 196 3978 732 
8633 858 3797 400 
8634 2778 4334 4332 
8635 4090 4223 2481 
8636 313 3977 771 
8637 1306 4273 3419 
8638 3788 4219 4 
8639 4016 4184 365 
8640 3708 4237 2773 
8641 3717 3811 109 
8642 3765 3845 3763 
8643 3162 4297 3608 
8644 4016 4027 2937 
8645 97 3831 860 
8646 300 3832 861 
8647 108 3811 772 
8648 3918 4287 2118 
8649 256 3907 784 
8650 3955 4310 2527 
8651 3729 3976 155 
8652 732 3978 3781 
8653 628 4056 258 
8654 154 3976 625 
8655 775 3929 3741 
8656 859 3978 197 
8657 724 4256 208 
8658 2764 4357 3980 
8659 708 3832 301 
8660 678 3831 98 
8661 901 4154 3987 
8662 4122 4357 2764 
8663 3967 4342 2652 
8664 3766 3846 7 
8665 3763 3845 210 
8666 2524 4290 4289 
8667 6 3846 723 
8668 209 3845 724 
8669 99 3836 678 
8670 859 4217 4179 
8671 3741 3929 3878 
8672 302 3866 708 
8673 677 3865 309 
8674 3977 4202 771 
8675 3854 4347 250 
8676 2554 4283 4165 
8677 198 4217 859 
8678 3110 4334 4068 
8679 862 3866 303 
8680 308 3865 864 
8681 4038 4245 2049 
8682 201 3880 699 
8683 404 3881 698 
8684 4067 4236 2598 
8685 718 3878 104 
8686 257 4056 3907 
8687 304 3888 862 
8688 775 3884 101 
8689 4332 4334 3162 
8690 3105 3966 3515 
8691 3700 4119 3187 
8692 3989 4296 2457 
8693 760 3888 305 
8694 1105 4341 3908 
8695 2455 4309 3983 
8696 1391 4303 3548 
8697 102 3929 775 
8698 4179 4217 3346 
8699 100 3884 3836 
8700 4041 4293 2511 
8701 2929 3994 3596 
8702 2152 4330 4127 
8703 629 4348 3523 
8704 3782 4345 733 
8705 105 4167 718 
8706 3760 4301 856 
8707 3878 3929 103 
8708 3 4219 776 
8709 1412 4288 3702 
8710 3516 4182 3106 
8711 2110 4305 3818 
8712 2937 4184 4016 
8713 2418 3976 3729 
8714 2804 4347 3854 
8715 3907 4056 2865 
8716 307 760 306 
$EndElements
