$MeshFormat
4.1 0 8
$EndMeshFormat
$PhysicalNames
4
1 101 "Source"
1 102 "Microphone"
1 103 "FreeSurface"
2 201 "Domain"
$EndPhysicalNames
$Entities
406 406 1 0
1 0 0 0 0 
2 0.0004 0 0 0 
3 0.0004648 1.562953800627209e-06 0 0 
4 0.0005296000000000001 6.245708141051765e-06 0 0 
5 0.0005944 1.402996569953912e-05 0 0 
6 0.0006592 2.488531038874902e-05 0 0 
7 0.000724 3.876932620308367e-05 0 0 
8 0.0007888 5.56277629543307e-05 0 0 
9 0.0008535999999999999 7.539474824800757e-05 0 0 
10 0.0009184 9.799304487213503e-05 0 0 
11 0.0009832 0.0001233343525927221 0 0 
12 0.001048 0.000151319653176732 0 0 
13 0.0011128 0.0001818395972943908 0 0 
14 0.0011776 0.0002147749317890648 0 0 
15 0.0012424 0.0002499969656451954 0 0 
16 0.0013072 0.0002873680728335792 0 0 
17 0.001372 0.0003267422300691822 0 0 
18 0.0014368 0.0003679655873802594 0 0 
19 0.0015016 0.0004108770692593512 0 0 
20 0.0015664 0.0004553090040472236 0 0 
21 0.0016312 0.0005010877790905122 0 0 
22 0.001696 0.0005480345191131116 0 0 
23 0.0017608 0.000595965785150659 0 0 
24 0.0018256 0.0006446942913170978 0 0 
25 0.0018904 0.0006940296366026497 0 0 
26 0.0019552 0.0007437790488437658 0 0 
27 0.00202 0.000793748137958093 0 0 
28 0.0020848 0.0008437416555012689 0 0 
29 0.0021496 0.000893564257577666 0 0 
30 0.0022144 0.0009430212681241037 0 0 
31 0.0022792 0.0009919194395840783 0 0 
32 0.002344 0.001040067708000273 0 0 
33 0.0024088 0.0010872779395749 0 0 
34 0.0024736 0.001133365665780789 0 0 
35 0.0025384 0.001178150804150852 0 0 
36 0.0026032 0.001221458361929521 0 0 
37 0.002668 0.001263119119836729 0 0 
38 0.0027328 0.001302970293272708 0 0 
39 0.0027976 0.001340856168380004 0 0 
40 0.0028624 0.001376628710477394 0 0 
41 0.0029272 0.001410148142488306 0 0 
42 0.002992 0.001441283491103598 0 0 
43 0.0030568 0.001469913098544641 0 0 
44 0.0031216 0.001495925097927033 0 0 
45 0.0031864 0.001519217850367532 0 0 
46 0.0032512 0.001539700342126254 0 0 
47 0.003316 0.001557292540232347 0 0 
48 0.0033808 0.001571925705203584 0 0 
49 0.0034456 0.001583542659637946 0 0 
50 0.0035104 0.001592098011627721 0 0 
51 0.0035752 0.001597558332123139 0 0 
52 0.00364 0.001599902285552522 0 0 
53 0.0037048 0.001599164677529141 0 0 
54 0.0037696 0.00159545583548827 0 0 
55 0.0038344 0.001588795137024193 0 0 
56 0.0038992 0.001579208608046858 0 0 
57 0.003964 0.001566733706811015 0 0 
58 0.0040288 0.001551419177552412 0 0 
59 0.0040936 0.001533324860025322 0 0 
60 0.0041584 0.001512521455685617 0 0 
61 0.004223200000000001 0.001489090251432994 0 0 
62 0.004288 0.001463122801991803 0 0 
63 0.0043528 0.001434720572171535 0 0 
64 0.004417600000000001 0.001403994540404801 0 0 
65 0.0044824 0.00137106476511192 0 0 
66 0.0045472 0.001336059915586511 0 0 
67 0.004612 0.001299116769235091 0 0 
68 0.004676800000000001 0.001260379677135152 0 0 
69 0.0047416 0.00122 0 0 
70 0.0048064 0.001178135516754253 0 0 
71 0.0048712 0.00113494980803091 0 0 
72 0.004936 0.001090611616998927 0 0 
73 0.005000800000000001 0.001045294190018769 0 0 
74 0.0050656 0.0009991745997022701 0 0 
75 0.0051304 0.000952433053021851 0 0 
76 0.0051952 0.0009052521871725903 0 0 
77 0.005260000000000001 0.0008578163559384779 0 0 
78 0.005324800000000001 0.0008103109093512972 0 0 
79 0.0053896 0.000762921469456783 0 0 
80 0.0054544 0.0007158332050179168 0 0 
81 0.005519200000000001 0.0006692301079893731 0 0 
82 0.005584 0.0006232942745902068 0 0 
83 0.005648800000000001 0.0005782051937839073 0 0 
84 0.0057136 0.0005341390459460075 0 0 
85 0.0057784 0.000491268014459613 0 0 
86 0.005843200000000001 0.0004497596129287201 0 0 
87 0.005908 0.0004097760306381555 0 0 
88 0.0059728 0.0003714734988176785 0 0 
89 0.0060376 0.0003350016801864953 0 0 
90 0.0061024 0.0003005030841634698 0 0 
91 0.0061672 0.0002681125100280272 0 0 
92 0.006232000000000001 0.0002379565202075418 0 0 
93 0.0062968 0.0002101529457492676 0 0 
94 0.0063616 0.0001848104259091311 0 0 
95 0.006426400000000001 0.0001620279836563862 0 0 
96 0.0064912 0.0001418946387527993 0 0 
97 0.006556 0.0001244890599182113 0 0 
98 0.0066208 0.0001098792574416014 0 0 
99 0.0066856 9.81223174387376e-05 0 0 
100 0.0067504 8.92641787947729e-05 0 0 
101 0.0068152 8.333945366335745e-05 0 0 
102 0.006880000000000001 8.037129222364592e-05 0 0 
103 0.0069448 8.037129222364592e-05 0 0 
104 0.0070096 8.333945366335745e-05 0 0 
105 0.0070744 8.92641787947729e-05 0 0 
106 0.0071392 9.81223174387376e-05 0 0 
107 0.007204000000000001 0.0001098792574416014 0 0 
108 0.0072688 0.0001244890599182113 0 0 
109 0.0073336 0.0001418946387527993 0 0 
110 0.007398399999999999 0.0001620279836563862 0 0 
111 0.007463200000000001 0.0001848104259091311 0 0 
112 0.007528000000000001 0.0002101529457492676 0 0 
113 0.007592799999999999 0.0002379565202075418 0 0 
114 0.0076576 0.0002681125100280272 0 0 
115 0.007722400000000001 0.0003005030841634698 0 0 
116 0.0077872 0.0003350016801864953 0 0 
117 0.007852000000000001 0.0003714734988176785 0 0 
118 0.0079168 0.0004097760306381555 0 0 
119 0.0079816 0.0004497596129287201 0 0 
120 0.0080464 0.000491268014459613 0 0 
121 0.008111200000000001 0.0005341390459460075 0 0 
122 0.008176000000000001 0.0005782051937839073 0 0 
123 0.008240799999999998 0.0006232942745902068 0 0 
124 0.0083056 0.0006692301079893731 0 0 
125 0.0083704 0.0007158332050179168 0 0 
126 0.0084352 0.000762921469456783 0 0 
127 0.008500000000000001 0.0008103109093512972 0 0 
128 0.008564800000000001 0.0008578163559384779 0 0 
129 0.008629599999999999 0.0009052521871725903 0 0 
130 0.0086944 0.000952433053021851 0 0 
131 0.0087592 0.0009991745997022701 0 0 
132 0.008824 0.001045294190018769 0 0 
133 0.008888800000000001 0.001090611616998926 0 0 
134 0.008953600000000003 0.00113494980803091 0 0 
135 0.009018399999999999 0.001178135516754253 0 0 
136 0.0090832 0.00122 0 0 
137 0.009148 0.001260379677135152 0 0 
138 0.0092128 0.001299116769235091 0 0 
139 0.009277600000000002 0.001336059915586512 0 0 
140 0.009342399999999999 0.00137106476511192 0 0 
141 0.009407199999999999 0.001403994540404801 0 0 
142 0.009472 0.001434720572171535 0 0 
143 0.0095368 0.001463122801991803 0 0 
144 0.009601600000000002 0.001489090251432994 0 0 
145 0.0096664 0.001512521455685616 0 0 
146 0.009731199999999999 0.001533324860025321 0 0 
147 0.009796000000000001 0.001551419177552412 0 0 
148 0.009860799999999999 0.001566733706811015 0 0 
149 0.009925600000000001 0.001579208608046858 0 0 
150 0.0099904 0.001588795137024193 0 0 
151 0.0100552 0.00159545583548827 0 0 
152 0.01012 0.001599120713188569 0 0 
153 0.0101848 0.001599902285552522 0 0 
154 0.0102496 0.001597558332123139 0 0 
155 0.0103144 0.001592098011627721 0 0 
156 0.0103792 0.001583542659637946 0 0 
157 0.010444 0.001571925705203584 0 0 
158 0.0105088 0.001557292540232347 0 0 
159 0.0105736 0.001539700342126254 0 0 
160 0.0106384 0.001519217850367532 0 0 
161 0.0107032 0.001495925097927032 0 0 
162 0.010768 0.001469913098544641 0 0 
163 0.0108328 0.001441283491103598 0 0 
164 0.0108976 0.001410148142488306 0 0 
165 0.0109624 0.001376628710477394 0 0 
166 0.0110272 0.001340856168380004 0 0 
167 0.011092 0.001302970293272708 0 0 
168 0.0111568 0.00126311911983673 0 0 
169 0.0112216 0.001221458361929521 0 0 
170 0.0112864 0.001178150804150852 0 0 
171 0.0113512 0.001133365665780789 0 0 
172 0.011416 0.001087277939574899 0 0 
173 0.0114808 0.001040067708000272 0 0 
174 0.0115456 0.0009919194395840779 0 0 
175 0.0116104 0.0009430212681241029 0 0 
176 0.0116752 0.0008935642575776654 0 0 
177 0.01174 0.000843741655501268 0 0 
178 0.0118048 0.0007937481379580938 0 0 
179 0.0118696 0.0007437790488437663 0 0 
180 0.0119344 0.0006940296366026501 0 0 
181 0.0119992 0.0006446942913170985 0 0 
182 0.012064 0.0005959657851506593 0 0 
183 0.0121288 0.0005480345191131121 0 0 
184 0.0121936 0.0005010877790905124 0 0 
185 0.0122584 0.0004553090040472239 0 0 
186 0.0123232 0.0004108770692593512 0 0 
187 0.012388 0.0003679655873802594 0 0 
188 0.0124528 0.000326742230069182 0 0 
189 0.0125176 0.000287368072833579 0 0 
190 0.0125824 0.0002499969656451951 0 0 
191 0.0126472 0.0002147749317890646 0 0 
192 0.012712 0.0001818395972943906 0 0 
193 0.0127768 0.0001513196531767316 0 0 
194 0.0128416 0.0001233343525927217 0 0 
195 0.0129064 9.799304487213539e-05 0 0 
196 0.0129712 7.539474824800784e-05 0 0 
197 0.013036 5.562776295433097e-05 0 0 
198 0.0131008 3.876932620308385e-05 0 0 
199 0.0131656 2.488531038874911e-05 0 0 
200 0.0132304 1.402996569953912e-05 0 0 
201 0.0132952 6.245708141051765e-06 0 0 
202 0.01336 1.562953800627209e-06 0 0 
203 0.017 0 0 0 
204 0.017 0.007 0 0 
205 0.0166 0.007 0 0 
206 0.0165352 0.006998437046199372 0 0 
207 0.0164704 0.006993754291858949 0 0 
208 0.0164056 0.006985970034300461 0 0 
209 0.0163408 0.006975114689611251 0 0 
210 0.016276 0.006961230673796916 0 0 
211 0.0162112 0.00694437223704567 0 0 
212 0.0161464 0.006924605251751992 0 0 
213 0.0160816 0.006902006955127865 0 0 
214 0.0160168 0.006876665647407279 0 0 
215 0.015952 0.006848680346823268 0 0 
216 0.0158872 0.00681816040270561 0 0 
217 0.0158224 0.006785225068210935 0 0 
218 0.0157576 0.006750003034354805 0 0 
219 0.0156928 0.006712631927166421 0 0 
220 0.015628 0.006673257769930818 0 0 
221 0.0155632 0.006632034412619741 0 0 
222 0.0154984 0.006589122930740649 0 0 
223 0.0154336 0.006544690995952777 0 0 
224 0.0153688 0.006498912220909488 0 0 
225 0.015304 0.006451965480886888 0 0 
226 0.0152392 0.006404034214849342 0 0 
227 0.0151744 0.006355305708682903 0 0 
228 0.0151096 0.00630597036339735 0 0 
229 0.0150448 0.006256220951156234 0 0 
230 0.01498 0.006206251862041907 0 0 
231 0.0149152 0.006156258344498731 0 0 
232 0.0148504 0.006106435742422334 0 0 
233 0.0147856 0.006056978731875896 0 0 
234 0.0147208 0.006008080560415922 0 0 
235 0.014656 0.005959932291999728 0 0 
236 0.0145912 0.0059127220604251 0 0 
237 0.0145264 0.005866634334219211 0 0 
238 0.0144616 0.005821849195849148 0 0 
239 0.0143968 0.00577854163807048 0 0 
240 0.014332 0.005736880880163272 0 0 
241 0.0142672 0.005697029706727292 0 0 
242 0.0142024 0.005659143831619996 0 0 
243 0.0141376 0.005623371289522606 0 0 
244 0.0140728 0.005589851857511694 0 0 
245 0.014008 0.005558716508896402 0 0 
246 0.0139432 0.005530086901455359 0 0 
247 0.0138784 0.005504074902072968 0 0 
248 0.0138136 0.005480782149632468 0 0 
249 0.0137488 0.005460299657873746 0 0 
250 0.013684 0.005442707459767653 0 0 
251 0.0136192 0.005428074294796416 0 0 
252 0.0135544 0.005416457340362055 0 0 
253 0.0134896 0.005407901988372279 0 0 
254 0.0134248 0.005402441667876861 0 0 
255 0.01336 0.005400097714447478 0 0 
256 0.0132952 0.00540083532247086 0 0 
257 0.0132304 0.00540454416451173 0 0 
258 0.0131656 0.005411204862975807 0 0 
259 0.0131008 0.005420791391953142 0 0 
260 0.013036 0.005433266293188985 0 0 
261 0.0129712 0.005448580822447589 0 0 
262 0.0129064 0.005466675139974678 0 0 
263 0.0128416 0.005487478544314383 0 0 
264 0.0127768 0.005510909748567006 0 0 
265 0.012712 0.005536877198008197 0 0 
266 0.0126472 0.005565279427828465 0 0 
267 0.0125824 0.005596005459595199 0 0 
268 0.0125176 0.005628935234888081 0 0 
269 0.0124528 0.005663940084413489 0 0 
270 0.012388 0.005700883230764908 0 0 
271 0.0123232 0.005739620322864849 0 0 
272 0.0122584 0.00578 0 0 
273 0.0121936 0.005821864483245748 0 0 
274 0.0121288 0.005865050191969091 0 0 
275 0.012064 0.005909388383001073 0 0 
276 0.0119992 0.005954705809981232 0 0 
277 0.0119344 0.00600082540029773 0 0 
278 0.0118696 0.006047566946978149 0 0 
279 0.0118048 0.00609474781282741 0 0 
280 0.01174 0.006142183644061523 0 0 
281 0.0116752 0.006189689090648702 0 0 
282 0.0116104 0.006237078530543217 0 0 
283 0.0115456 0.006284166794982083 0 0 
284 0.0114808 0.006330769892010628 0 0 
285 0.011416 0.006376705725409793 0 0 
286 0.0113512 0.006421794806216094 0 0 
287 0.0112864 0.006465860954053992 0 0 
288 0.0112216 0.006508731985540387 0 0 
289 0.0111568 0.006550240387071279 0 0 
290 0.011092 0.006590223969361844 0 0 
291 0.0110272 0.006628526501182321 0 0 
292 0.0109624 0.006664998319813505 0 0 
293 0.0108976 0.00669949691583653 0 0 
294 0.0108328 0.006731887489971972 0 0 
295 0.010768 0.006762043479792459 0 0 
296 0.0107032 0.006789847054250733 0 0 
297 0.0106384 0.00681518957409087 0 0 
298 0.0105736 0.006837972016343614 0 0 
299 0.0105088 0.006858105361247201 0 0 
300 0.010444 0.006875510940081789 0 0 
301 0.0103792 0.006890120742558399 0 0 
302 0.0103144 0.006901877682561263 0 0 
303 0.0102496 0.006910735821205227 0 0 
304 0.0101848 0.006916660546336643 0 0 
305 0.01012 0.006919628707776355 0 0 
306 0.0100552 0.006919628707776355 0 0 
307 0.009990400000000002 0.006916660546336643 0 0 
308 0.0099256 0.006910735821205227 0 0 
309 0.009860800000000001 0.006901877682561263 0 0 
310 0.009795999999999999 0.006890120742558399 0 0 
311 0.009731200000000001 0.006875510940081789 0 0 
312 0.0096664 0.006858105361247201 0 0 
313 0.009601600000000002 0.006837972016343614 0 0 
314 0.0095368 0.00681518957409087 0 0 
315 0.009472 0.006789847054250733 0 0 
316 0.009407199999999999 0.006762043479792459 0 0 
317 0.009342400000000001 0.006731887489971972 0 0 
318 0.0092776 0.00669949691583653 0 0 
319 0.0092128 0.006664998319813505 0 0 
320 0.009148 0.006628526501182321 0 0 
321 0.009083200000000001 0.006590223969361844 0 0 
322 0.009018399999999999 0.006550240387071279 0 0 
323 0.008953600000000001 0.006508731985540387 0 0 
324 0.008888800000000001 0.006465860954053992 0 0 
325 0.008824 0.006421794806216094 0 0 
326 0.008759200000000002 0.006376705725409793 0 0 
327 0.0086944 0.006330769892010628 0 0 
328 0.008629599999999999 0.006284166794982083 0 0 
329 0.008564800000000001 0.006237078530543217 0 0 
330 0.008500000000000001 0.006189689090648702 0 0 
331 0.0084352 0.006142183644061523 0 0 
332 0.0083704 0.00609474781282741 0 0 
333 0.0083056 0.006047566946978149 0 0 
334 0.0082408 0.00600082540029773 0 0 
335 0.008176000000000001 0.005954705809981232 0 0 
336 0.008111200000000001 0.005909388383001073 0 0 
337 0.008046399999999999 0.005865050191969091 0 0 
338 0.0079816 0.005821864483245748 0 0 
339 0.0079168 0.00578 0 0 
340 0.007852000000000001 0.005739620322864849 0 0 
341 0.0077872 0.005700883230764908 0 0 
342 0.007722399999999999 0.005663940084413488 0 0 
343 0.007657600000000001 0.00562893523488808 0 0 
344 0.0075928 0.005596005459595199 0 0 
345 0.007528000000000001 0.005565279427828465 0 0 
346 0.007463200000000001 0.005536877198008197 0 0 
347 0.007398399999999999 0.005510909748567006 0 0 
348 0.007333600000000001 0.005487478544314383 0 0 
349 0.007268800000000001 0.005466675139974678 0 0 
350 0.007203999999999999 0.005448580822447589 0 0 
351 0.007139200000000001 0.005433266293188986 0 0 
352 0.007074399999999999 0.005420791391953142 0 0 
353 0.007009600000000001 0.005411204862975807 0 0 
354 0.006944800000000001 0.00540454416451173 0 0 
355 0.006879999999999999 0.005400879286811431 0 0 
356 0.006815200000000001 0.005400097714447478 0 0 
357 0.006750399999999999 0.005402441667876861 0 0 
358 0.006685600000000001 0.005407901988372279 0 0 
359 0.006620800000000001 0.005416457340362055 0 0 
360 0.006555999999999999 0.005428074294796416 0 0 
361 0.006491200000000001 0.005442707459767653 0 0 
362 0.0064264 0.005460299657873747 0 0 
363 0.006361599999999999 0.005480782149632469 0 0 
364 0.006296800000000001 0.005504074902072969 0 0 
365 0.006232 0.005530086901455359 0 0 
366 0.006167200000000001 0.005558716508896402 0 0 
367 0.006102399999999999 0.005589851857511694 0 0 
368 0.0060376 0.005623371289522606 0 0 
369 0.005972800000000001 0.005659143831619996 0 0 
370 0.005907999999999999 0.005697029706727292 0 0 
371 0.0058432 0.005736880880163271 0 0 
372 0.0057784 0.00577854163807048 0 0 
373 0.0057136 0.005821849195849148 0 0 
374 0.005648800000000002 0.005866634334219211 0 0 
375 0.005584 0.0059127220604251 0 0 
376 0.0055192 0.005959932291999728 0 0 
377 0.0054544 0.006008080560415923 0 0 
378 0.0053896 0.006056978731875897 0 0 
379 0.005324800000000002 0.006106435742422335 0 0 
380 0.00526 0.006156258344498732 0 0 
381 0.0051952 0.006206251862041906 0 0 
382 0.0051304 0.006256220951156233 0 0 
383 0.0050656 0.00630597036339735 0 0 
384 0.0050008 0.006355305708682902 0 0 
385 0.004936 0.006404034214849342 0 0 
386 0.0048712 0.006451965480886888 0 0 
387 0.0048064 0.006498912220909488 0 0 
388 0.0047416 0.006544690995952777 0 0 
389 0.0046768 0.006589122930740649 0 0 
390 0.004612 0.006632034412619742 0 0 
391 0.0045472 0.006673257769930818 0 0 
392 0.0044824 0.006712631927166421 0 0 
393 0.004417600000000001 0.006750003034354805 0 0 
394 0.0043528 0.006785225068210935 0 0 
395 0.004288 0.00681816040270561 0 0 
396 0.004223200000000001 0.006848680346823269 0 0 
397 0.0041584 0.006876665647407279 0 0 
398 0.0040936 0.006902006955127865 0 0 
399 0.004028800000000001 0.006924605251751992 0 0 
400 0.003964000000000001 0.006944372237045669 0 0 
401 0.003899200000000001 0.006961230673796916 0 0 
402 0.0038344 0.006975114689611251 0 0 
403 0.003769600000000001 0.006985970034300461 0 0 
404 0.003704800000000001 0.006993754291858949 0 0 
405 0.003639999999999999 0.006998437046199372 0 0 
406 0 0.007 0 0 
1 -1.000000000000024e-07 -1e-07 -1e-07 0.0004001 1e-07 1e-07 1 103 2 1 -2 
2 0.0003999 -1e-07 -1e-07 0.0004649 1.662953800627209e-06 1e-07 1 103 2 2 -3 
3 0.0004647 1.462953800627209e-06 -1e-07 0.0005297 6.345708141051765e-06 1e-07 1 103 2 3 -4 
4 0.0005295000000000001 6.145708141051765e-06 -1e-07 0.0005945 1.412996569953912e-05 1e-07 1 103 2 4 -5 
5 0.0005943000000000001 1.392996569953912e-05 -1e-07 0.0006592999999999999 2.498531038874902e-05 1e-07 1 103 2 5 -6 
6 0.0006591 2.478531038874902e-05 -1e-07 0.0007241 3.886932620308367e-05 1e-07 1 103 2 6 -7 
7 0.0007239000000000001 3.866932620308367e-05 -1e-07 0.0007888999999999999 5.57277629543307e-05 1e-07 1 103 2 7 -8 
8 0.0007887 5.552776295433069e-05 -1e-07 0.0008536999999999999 7.549474824800757e-05 1e-07 1 103 2 8 -9 
9 0.0008535 7.529474824800757e-05 -1e-07 0.0009184999999999999 9.809304487213503e-05 1e-07 1 103 2 9 -10 
10 0.0009183 9.789304487213503e-05 -1e-07 0.0009833000000000001 0.0001234343525927221 1e-07 1 103 2 10 -11 
11 0.0009831 0.0001232343525927221 -1e-07 0.0010481 0.000151419653176732 1e-07 1 103 2 11 -12 
12 0.0010479 0.000151219653176732 -1e-07 0.0011129 0.0001819395972943908 1e-07 1 103 2 12 -13 
13 0.0011127 0.0001817395972943908 -1e-07 0.0011777 0.0002148749317890648 1e-07 1 103 2 13 -14 
14 0.0011775 0.0002146749317890648 -1e-07 0.0012425 0.0002500969656451954 1e-07 1 103 2 14 -15 
15 0.0012423 0.0002498969656451954 -1e-07 0.0013073 0.0002874680728335792 1e-07 1 103 2 15 -16 
16 0.0013071 0.0002872680728335792 -1e-07 0.0013721 0.0003268422300691822 1e-07 1 103 2 16 -17 
17 0.0013719 0.0003266422300691822 -1e-07 0.0014369 0.0003680655873802594 1e-07 1 103 2 17 -18 
18 0.0014367 0.0003678655873802594 -1e-07 0.0015017 0.0004109770692593512 1e-07 1 103 2 18 -19 
19 0.0015015 0.0004107770692593512 -1e-07 0.0015665 0.0004554090040472236 1e-07 1 103 2 19 -20 
20 0.0015663 0.0004552090040472236 -1e-07 0.0016313 0.0005011877790905121 1e-07 1 103 2 20 -21 
21 0.0016311 0.0005009877790905122 -1e-07 0.0016961 0.0005481345191131116 1e-07 1 103 2 21 -22 
22 0.0016959 0.0005479345191131117 -1e-07 0.0017609 0.0005960657851506589 1e-07 1 103 2 22 -23 
23 0.0017607 0.000595865785150659 -1e-07 0.0018257 0.0006447942913170978 1e-07 1 103 2 23 -24 
24 0.0018255 0.0006445942913170979 -1e-07 0.0018905 0.0006941296366026496 1e-07 1 103 2 24 -25 
25 0.0018903 0.0006939296366026497 -1e-07 0.0019553 0.0007438790488437658 1e-07 1 103 2 25 -26 
26 0.0019551 0.0007436790488437659 -1e-07 0.0020201 0.000793848137958093 1e-07 1 103 2 26 -27 
27 0.0020199 0.0007936481379580931 -1e-07 0.0020849 0.0008438416555012688 1e-07 1 103 2 27 -28 
28 0.0020847 0.0008436416555012689 -1e-07 0.0021497 0.000893664257577666 1e-07 1 103 2 28 -29 
29 0.0021495 0.0008934642575776661 -1e-07 0.0022145 0.0009431212681241036 1e-07 1 103 2 29 -30 
30 0.0022143 0.0009429212681241038 -1e-07 0.0022793 0.0009920194395840784 1e-07 1 103 2 30 -31 
31 0.0022791 0.0009918194395840782 -1e-07 0.0023441 0.001040167708000273 1e-07 1 103 2 31 -32 
32 0.0023439 0.001039967708000273 -1e-07 0.0024089 0.0010873779395749 1e-07 1 103 2 32 -33 
33 0.0024087 0.0010871779395749 -1e-07 0.0024737 0.001133465665780789 1e-07 1 103 2 33 -34 
34 0.0024735 0.001133265665780789 -1e-07 0.0025385 0.001178250804150852 1e-07 1 103 2 34 -35 
35 0.0025383 0.001178050804150852 -1e-07 0.0026033 0.001221558361929521 1e-07 1 103 2 35 -36 
36 0.0026031 0.001221358361929521 -1e-07 0.0026681 0.001263219119836729 1e-07 1 103 2 36 -37 
37 0.0026679 0.001263019119836729 -1e-07 0.002732899999999999 0.001303070293272708 1e-07 1 103 2 37 -38 
38 0.0027327 0.001302870293272708 -1e-07 0.0027977 0.001340956168380004 1e-07 1 103 2 38 -39 
39 0.0027975 0.001340756168380004 -1e-07 0.0028625 0.001376728710477394 1e-07 1 103 2 39 -40 
40 0.0028623 0.001376528710477394 -1e-07 0.002927299999999999 0.001410248142488306 1e-07 1 103 2 40 -41 
41 0.0029271 0.001410048142488306 -1e-07 0.0029921 0.001441383491103598 1e-07 1 103 2 41 -42 
42 0.0029919 0.001441183491103598 -1e-07 0.0030569 0.001470013098544641 1e-07 1 103 2 42 -43 
43 0.0030567 0.00146981309854464 -1e-07 0.0031217 0.001496025097927033 1e-07 1 103 2 43 -44 
44 0.0031215 0.001495825097927032 -1e-07 0.0031865 0.001519317850367532 1e-07 1 103 2 44 -45 
45 0.0031863 0.001519117850367532 -1e-07 0.0032513 0.001539800342126254 1e-07 1 103 2 45 -46 
46 0.0032511 0.001539600342126254 -1e-07 0.0033161 0.001557392540232347 1e-07 1 103 2 46 -47 
47 0.0033159 0.001557192540232347 -1e-07 0.0033809 0.001572025705203584 1e-07 1 103 2 47 -48 
48 0.0033807 0.001571825705203584 -1e-07 0.0034457 0.001583642659637946 1e-07 1 103 2 48 -49 
49 0.0034455 0.001583442659637946 -1e-07 0.0035105 0.001592198011627721 1e-07 1 103 2 49 -50 
50 0.0035103 0.001591998011627721 -1e-07 0.0035753 0.001597658332123139 1e-07 1 103 2 50 -51 
51 0.0035751 0.001597458332123139 -1e-07 0.0036401 0.001600002285552522 1e-07 1 103 2 51 -52 
52 0.0036399 0.001599064677529141 -1e-07 0.0037049 0.001600002285552522 1e-07 1 103 2 52 -53 
53 0.0037047 0.00159535583548827 -1e-07 0.0037697 0.001599264677529141 1e-07 1 103 2 53 -54 
54 0.0037695 0.001588695137024193 -1e-07 0.003834499999999999 0.00159555583548827 1e-07 1 103 2 54 -55 
55 0.0038343 0.001579108608046858 -1e-07 0.0038993 0.001588895137024193 1e-07 1 103 2 55 -56 
56 0.0038991 0.001566633706811015 -1e-07 0.0039641 0.001579308608046858 1e-07 1 103 2 56 -57 
57 0.003963899999999999 0.001551319177552412 -1e-07 0.0040289 0.001566833706811015 1e-07 1 103 2 57 -58 
58 0.0040287 0.001533224860025321 -1e-07 0.0040937 0.001551519177552412 1e-07 1 103 2 58 -59 
59 0.0040935 0.001512421455685617 -1e-07 0.0041585 0.001533424860025322 1e-07 1 103 2 59 -60 
60 0.004158299999999999 0.001488990251432994 -1e-07 0.004223300000000001 0.001512621455685617 1e-07 1 103 2 60 -61 
61 0.0042231 0.001463022801991803 -1e-07 0.0042881 0.001489190251432994 1e-07 1 103 2 61 -62 
62 0.0042879 0.001434620572171535 -1e-07 0.004352900000000001 0.001463222801991803 1e-07 1 103 2 62 -63 
63 0.0043527 0.001403894540404801 -1e-07 0.004417700000000001 0.001434820572171535 1e-07 1 103 2 63 -64 
64 0.0044175 0.00137096476511192 -1e-07 0.0044825 0.001404094540404801 1e-07 1 103 2 64 -65 
65 0.0044823 0.001335959915586511 -1e-07 0.004547300000000001 0.00137116476511192 1e-07 1 103 2 65 -66 
66 0.0045471 0.001299016769235091 -1e-07 0.0046121 0.001336159915586512 1e-07 1 103 2 66 -67 
67 0.0046119 0.001260279677135152 -1e-07 0.004676900000000001 0.001299216769235091 1e-07 1 103 2 67 -68 
68 0.004676700000000001 0.0012199 -1e-07 0.004741700000000001 0.001260479677135152 1e-07 1 103 2 68 -69 
69 0.0047415 0.001178035516754252 -1e-07 0.0048065 0.0012201 1e-07 1 103 2 69 -70 
70 0.004806299999999999 0.00113484980803091 -1e-07 0.0048713 0.001178235516754253 1e-07 1 103 2 70 -71 
71 0.0048711 0.001090511616998927 -1e-07 0.004936100000000001 0.00113504980803091 1e-07 1 103 2 71 -72 
72 0.0049359 0.001045194190018769 -1e-07 0.005000900000000001 0.001090711616998927 1e-07 1 103 2 72 -73 
73 0.0050007 0.00099907459970227 -1e-07 0.0050657 0.001045394190018769 1e-07 1 103 2 73 -74 
74 0.0050655 0.0009523330530218511 -1e-07 0.005130500000000001 0.0009992745997022701 1e-07 1 103 2 74 -75 
75 0.0051303 0.0009051521871725904 -1e-07 0.0051953 0.000952533053021851 1e-07 1 103 2 75 -76 
76 0.005195099999999999 0.0008577163559384779 -1e-07 0.005260100000000001 0.0009053521871725903 1e-07 1 103 2 76 -77 
77 0.005259900000000001 0.0008102109093512973 -1e-07 0.005324900000000001 0.0008579163559384778 1e-07 1 103 2 77 -78 
78 0.005324700000000001 0.000762821469456783 -1e-07 0.0053897 0.0008104109093512972 1e-07 1 103 2 78 -79 
79 0.005389499999999999 0.0007157332050179169 -1e-07 0.0054545 0.0007630214694567829 1e-07 1 103 2 79 -80 
80 0.0054543 0.0006691301079893732 -1e-07 0.005519300000000001 0.0007159332050179168 1e-07 1 103 2 80 -81 
81 0.005519100000000001 0.0006231942745902069 -1e-07 0.005584100000000001 0.0006693301079893731 1e-07 1 103 2 81 -82 
82 0.0055839 0.0005781051937839073 -1e-07 0.005648900000000001 0.0006233942745902068 1e-07 1 103 2 82 -83 
83 0.0056487 0.0005340390459460076 -1e-07 0.0057137 0.0005783051937839072 1e-07 1 103 2 83 -84 
84 0.0057135 0.000491168014459613 -1e-07 0.005778500000000001 0.0005342390459460075 1e-07 1 103 2 84 -85 
85 0.0057783 0.0004496596129287201 -1e-07 0.005843300000000001 0.0004913680144596129 1e-07 1 103 2 85 -86 
86 0.0058431 0.0004096760306381555 -1e-07 0.0059081 0.0004498596129287201 1e-07 1 103 2 86 -87 
87 0.0059079 0.0003713734988176785 -1e-07 0.005972900000000001 0.0004098760306381555 1e-07 1 103 2 87 -88 
88 0.0059727 0.0003349016801864953 -1e-07 0.0060377 0.0003715734988176785 1e-07 1 103 2 88 -89 
89 0.006037499999999999 0.0003004030841634698 -1e-07 0.0061025 0.0003351016801864953 1e-07 1 103 2 89 -90 
90 0.0061023 0.0002680125100280272 -1e-07 0.006167300000000001 0.0003006030841634698 1e-07 1 103 2 90 -91 
91 0.0061671 0.0002378565202075418 -1e-07 0.006232100000000001 0.0002682125100280272 1e-07 1 103 2 91 -92 
92 0.0062319 0.0002100529457492676 -1e-07 0.0062969 0.0002380565202075418 1e-07 1 103 2 92 -93 
93 0.0062967 0.0001847104259091311 -1e-07 0.006361700000000001 0.0002102529457492676 1e-07 1 103 2 93 -94 
94 0.0063615 0.0001619279836563862 -1e-07 0.006426500000000001 0.0001849104259091311 1e-07 1 103 2 94 -95 
95 0.0064263 0.0001417946387527993 -1e-07 0.0064913 0.0001621279836563862 1e-07 1 103 2 95 -96 
96 0.0064911 0.0001243890599182113 -1e-07 0.0065561 0.0001419946387527993 1e-07 1 103 2 96 -97 
97 0.0065559 0.0001097792574416014 -1e-07 0.006620900000000001 0.0001245890599182113 1e-07 1 103 2 97 -98 
98 0.0066207 9.80223174387376e-05 -1e-07 0.0066857 0.0001099792574416014 1e-07 1 103 2 98 -99 
99 0.0066855 8.916417879477289e-05 -1e-07 0.0067505 9.82223174387376e-05 1e-07 1 103 2 99 -100 
100 0.0067503 8.323945366335744e-05 -1e-07 0.006815300000000001 8.93641787947729e-05 1e-07 1 103 2 100 -101 
101 0.0068151 8.027129222364592e-05 -1e-07 0.006880100000000001 8.343945366335745e-05 1e-07 1 103 2 101 -102 
102 0.0068799 8.027129222364592e-05 -1e-07 0.0069449 8.047129222364593e-05 1e-07 1 103 2 102 -103 
103 0.0069447 8.027129222364592e-05 -1e-07 0.007009700000000001 8.343945366335745e-05 1e-07 1 103 2 103 -104 
104 0.0070095 8.323945366335744e-05 -1e-07 0.0070745 8.93641787947729e-05 1e-07 1 103 2 104 -105 
105 0.0070743 8.916417879477289e-05 -1e-07 0.0071393 9.82223174387376e-05 1e-07 1 103 2 105 -106 
106 0.0071391 9.80223174387376e-05 -1e-07 0.007204100000000001 0.0001099792574416014 1e-07 1 103 2 106 -107 
107 0.007203900000000001 0.0001097792574416014 -1e-07 0.0072689 0.0001245890599182113 1e-07 1 103 2 107 -108 
108 0.007268699999999999 0.0001243890599182113 -1e-07 0.0073337 0.0001419946387527993 1e-07 1 103 2 108 -109 
109 0.0073335 0.0001417946387527993 -1e-07 0.0073985 0.0001621279836563862 1e-07 1 103 2 109 -110 
110 0.007398299999999999 0.0001619279836563862 -1e-07 0.007463300000000001 0.0001849104259091311 1e-07 1 103 2 110 -111 
111 0.0074631 0.0001847104259091311 -1e-07 0.007528100000000001 0.0002102529457492676 1e-07 1 103 2 111 -112 
112 0.007527900000000001 0.0002100529457492676 -1e-07 0.0075929 0.0002380565202075418 1e-07 1 103 2 112 -113 
113 0.007592699999999999 0.0002378565202075418 -1e-07 0.0076577 0.0002682125100280272 1e-07 1 103 2 113 -114 
114 0.007657499999999999 0.0002680125100280272 -1e-07 0.007722500000000001 0.0003006030841634698 1e-07 1 103 2 114 -115 
115 0.007722300000000001 0.0003004030841634698 -1e-07 0.0077873 0.0003351016801864953 1e-07 1 103 2 115 -116 
116 0.0077871 0.0003349016801864953 -1e-07 0.007852100000000001 0.0003715734988176785 1e-07 1 103 2 116 -117 
117 0.007851900000000002 0.0003713734988176785 -1e-07 0.007916899999999999 0.0004098760306381555 1e-07 1 103 2 117 -118 
118 0.0079167 0.0004096760306381555 -1e-07 0.0079817 0.0004498596129287201 1e-07 1 103 2 118 -119 
119 0.007981500000000001 0.0004496596129287201 -1e-07 0.0080465 0.0004913680144596129 1e-07 1 103 2 119 -120 
120 0.008046300000000001 0.000491168014459613 -1e-07 0.0081113 0.0005342390459460075 1e-07 1 103 2 120 -121 
121 0.008111100000000001 0.0005340390459460076 -1e-07 0.0081761 0.0005783051937839072 1e-07 1 103 2 121 -122 
122 0.008175900000000002 0.0005781051937839073 -1e-07 0.008240899999999997 0.0006233942745902068 1e-07 1 103 2 122 -123 
123 0.008240699999999998 0.0006231942745902069 -1e-07 0.008305699999999999 0.0006693301079893731 1e-07 1 103 2 123 -124 
124 0.0083055 0.0006691301079893732 -1e-07 0.008370499999999999 0.0007159332050179168 1e-07 1 103 2 124 -125 
125 0.008370300000000001 0.0007157332050179169 -1e-07 0.0084353 0.0007630214694567829 1e-07 1 103 2 125 -126 
126 0.008435100000000001 0.000762821469456783 -1e-07 0.0085001 0.0008104109093512972 1e-07 1 103 2 126 -127 
127 0.008499900000000001 0.0008102109093512973 -1e-07 0.0085649 0.0008579163559384778 1e-07 1 103 2 127 -128 
128 0.008564700000000001 0.0008577163559384779 -1e-07 0.008629699999999999 0.0009053521871725903 1e-07 1 103 2 128 -129 
129 0.0086295 0.0009051521871725904 -1e-07 0.008694499999999999 0.000952533053021851 1e-07 1 103 2 129 -130 
130 0.0086943 0.0009523330530218511 -1e-07 0.008759299999999999 0.0009992745997022701 1e-07 1 103 2 130 -131 
131 0.008759100000000001 0.00099907459970227 -1e-07 0.0088241 0.001045394190018769 1e-07 1 103 2 131 -132 
132 0.008823900000000001 0.001045194190018768 -1e-07 0.0088889 0.001090711616998926 1e-07 1 103 2 132 -133 
133 0.008888700000000001 0.001090511616998926 -1e-07 0.008953700000000002 0.00113504980803091 1e-07 1 103 2 133 -134 
134 0.008953500000000003 0.00113484980803091 -1e-07 0.009018499999999999 0.001178235516754253 1e-07 1 103 2 134 -135 
135 0.0090183 0.001178035516754252 -1e-07 0.009083299999999999 0.0012201 1e-07 1 103 2 135 -136 
136 0.0090831 0.0012199 -1e-07 0.009148099999999999 0.001260479677135152 1e-07 1 103 2 136 -137 
137 0.0091479 0.001260279677135152 -1e-07 0.0092129 0.001299216769235091 1e-07 1 103 2 137 -138 
138 0.009212700000000001 0.001299016769235091 -1e-07 0.009277700000000002 0.001336159915586512 1e-07 1 103 2 138 -139 
139 0.009277500000000003 0.001335959915586512 -1e-07 0.009342499999999998 0.00137116476511192 1e-07 1 103 2 139 -140 
140 0.0093423 0.00137096476511192 -1e-07 0.009407299999999999 0.001404094540404801 1e-07 1 103 2 140 -141 
141 0.0094071 0.001403894540404801 -1e-07 0.009472099999999999 0.001434820572171535 1e-07 1 103 2 141 -142 
142 0.0094719 0.001434620572171535 -1e-07 0.009536899999999999 0.001463222801991803 1e-07 1 103 2 142 -143 
143 0.0095367 0.001463022801991803 -1e-07 0.009601700000000001 0.001489190251432994 1e-07 1 103 2 143 -144 
144 0.009601500000000002 0.001488990251432994 -1e-07 0.0096665 0.001512621455685616 1e-07 1 103 2 144 -145 
145 0.009666300000000001 0.001512421455685616 -1e-07 0.009731299999999998 0.001533424860025321 1e-07 1 103 2 145 -146 
146 0.009731099999999999 0.001533224860025321 -1e-07 0.0097961 0.001551519177552412 1e-07 1 103 2 146 -147 
147 0.009795900000000001 0.001551319177552412 -1e-07 0.009860899999999999 0.001566833706811015 1e-07 1 103 2 147 -148 
148 0.0098607 0.001566633706811015 -1e-07 0.009925700000000001 0.001579308608046858 1e-07 1 103 2 148 -149 
149 0.009925500000000002 0.001579108608046858 -1e-07 0.009990499999999999 0.001588895137024193 1e-07 1 103 2 149 -150 
150 0.009990300000000001 0.001588695137024193 -1e-07 0.0100553 0.00159555583548827 1e-07 1 103 2 150 -151 
151 0.0100551 0.00159535583548827 -1e-07 0.0101201 0.001599220713188569 1e-07 1 103 2 151 -152 
152 0.0101199 0.001599020713188569 -1e-07 0.0101849 0.001600002285552522 1e-07 1 103 2 152 -153 
153 0.0101847 0.001597458332123139 -1e-07 0.0102497 0.001600002285552522 1e-07 1 103 2 153 -154 
154 0.0102495 0.001591998011627721 -1e-07 0.0103145 0.001597658332123139 1e-07 1 103 2 154 -155 
155 0.0103143 0.001583442659637946 -1e-07 0.0103793 0.001592198011627721 1e-07 1 103 2 155 -156 
156 0.0103791 0.001571825705203584 -1e-07 0.0104441 0.001583642659637946 1e-07 1 103 2 156 -157 
157 0.0104439 0.001557192540232347 -1e-07 0.0105089 0.001572025705203584 1e-07 1 103 2 157 -158 
158 0.0105087 0.001539600342126254 -1e-07 0.0105737 0.001557392540232347 1e-07 1 103 2 158 -159 
159 0.0105735 0.001519117850367532 -1e-07 0.0106385 0.001539800342126254 1e-07 1 103 2 159 -160 
160 0.0106383 0.001495825097927032 -1e-07 0.0107033 0.001519317850367532 1e-07 1 103 2 160 -161 
161 0.0107031 0.001469813098544641 -1e-07 0.0107681 0.001496025097927032 1e-07 1 103 2 161 -162 
162 0.0107679 0.001441183491103598 -1e-07 0.0108329 0.001470013098544641 1e-07 1 103 2 162 -163 
163 0.0108327 0.001410048142488306 -1e-07 0.0108977 0.001441383491103598 1e-07 1 103 2 163 -164 
164 0.0108975 0.001376528710477394 -1e-07 0.0109625 0.001410248142488306 1e-07 1 103 2 164 -165 
165 0.0109623 0.001340756168380004 -1e-07 0.0110273 0.001376728710477394 1e-07 1 103 2 165 -166 
166 0.0110271 0.001302870293272708 -1e-07 0.0110921 0.001340956168380004 1e-07 1 103 2 166 -167 
167 0.0110919 0.00126301911983673 -1e-07 0.0111569 0.001303070293272708 1e-07 1 103 2 167 -168 
168 0.0111567 0.001221358361929521 -1e-07 0.0112217 0.00126321911983673 1e-07 1 103 2 168 -169 
169 0.0112215 0.001178050804150852 -1e-07 0.0112865 0.001221558361929521 1e-07 1 103 2 169 -170 
170 0.0112863 0.001133265665780789 -1e-07 0.0113513 0.001178250804150852 1e-07 1 103 2 170 -171 
171 0.0113511 0.001087177939574899 -1e-07 0.0114161 0.001133465665780789 1e-07 1 103 2 171 -172 
172 0.0114159 0.001039967708000272 -1e-07 0.0114809 0.001087377939574899 1e-07 1 103 2 172 -173 
173 0.0114807 0.0009918194395840778 -1e-07 0.0115457 0.001040167708000272 1e-07 1 103 2 173 -174 
174 0.0115455 0.000942921268124103 -1e-07 0.0116105 0.0009920194395840779 1e-07 1 103 2 174 -175 
175 0.0116103 0.0008934642575776654 -1e-07 0.0116753 0.0009431212681241029 1e-07 1 103 2 175 -176 
176 0.0116751 0.0008436416555012681 -1e-07 0.0117401 0.0008936642575776653 1e-07 1 103 2 176 -177 
177 0.0117399 0.0007936481379580938 -1e-07 0.0118049 0.000843841655501268 1e-07 1 103 2 177 -178 
178 0.0118047 0.0007436790488437664 -1e-07 0.0118697 0.0007938481379580937 1e-07 1 103 2 178 -179 
179 0.0118695 0.0006939296366026502 -1e-07 0.0119345 0.0007438790488437663 1e-07 1 103 2 179 -180 
180 0.0119343 0.0006445942913170986 -1e-07 0.0119993 0.0006941296366026501 1e-07 1 103 2 180 -181 
181 0.0119991 0.0005958657851506593 -1e-07 0.0120641 0.0006447942913170984 1e-07 1 103 2 181 -182 
182 0.0120639 0.0005479345191131121 -1e-07 0.0121289 0.0005960657851506592 1e-07 1 103 2 182 -183 
183 0.0121287 0.0005009877790905124 -1e-07 0.0121937 0.000548134519113112 1e-07 1 103 2 183 -184 
184 0.0121935 0.0004552090040472239 -1e-07 0.0122585 0.0005011877790905123 1e-07 1 103 2 184 -185 
185 0.0122583 0.0004107770692593512 -1e-07 0.0123233 0.0004554090040472239 1e-07 1 103 2 185 -186 
186 0.0123231 0.0003678655873802594 -1e-07 0.0123881 0.0004109770692593512 1e-07 1 103 2 186 -187 
187 0.0123879 0.000326642230069182 -1e-07 0.0124529 0.0003680655873802594 1e-07 1 103 2 187 -188 
188 0.0124527 0.000287268072833579 -1e-07 0.0125177 0.000326842230069182 1e-07 1 103 2 188 -189 
189 0.0125175 0.0002498969656451951 -1e-07 0.0125825 0.000287468072833579 1e-07 1 103 2 189 -190 
190 0.0125823 0.0002146749317890646 -1e-07 0.0126473 0.0002500969656451951 1e-07 1 103 2 190 -191 
191 0.0126471 0.0001817395972943906 -1e-07 0.0127121 0.0002148749317890646 1e-07 1 103 2 191 -192 
192 0.0127119 0.0001512196531767316 -1e-07 0.0127769 0.0001819395972943906 1e-07 1 103 2 192 -193 
193 0.0127767 0.0001232343525927217 -1e-07 0.0128417 0.0001514196531767316 1e-07 1 103 2 193 -194 
194 0.0128415 9.789304487213539e-05 -1e-07 0.0129065 0.0001234343525927217 1e-07 1 103 2 194 -195 
195 0.0129063 7.529474824800784e-05 -1e-07 0.0129713 9.80930448721354e-05 1e-07 1 103 2 195 -196 
196 0.0129711 5.552776295433096e-05 -1e-07 0.0130361 7.549474824800784e-05 1e-07 1 103 2 196 -197 
197 0.0130359 3.866932620308384e-05 -1e-07 0.0131009 5.572776295433097e-05 1e-07 1 103 2 197 -198 
198 0.0131007 2.478531038874911e-05 -1e-07 0.0131657 3.886932620308385e-05 1e-07 1 103 2 198 -199 
199 0.0131655 1.392996569953912e-05 -1e-07 0.0132305 2.498531038874911e-05 1e-07 1 103 2 199 -200 
200 0.0132303 6.145708141051766e-06 -1e-07 0.0132953 1.412996569953912e-05 1e-07 1 103 2 200 -201 
201 0.0132951 1.46295380062721e-06 -1e-07 0.0133601 6.345708141051765e-06 1e-07 1 103 2 201 -202 
202 0.0133599 -1.000000000000002e-07 -1e-07 0.0170001 1.662953800627209e-06 1e-07 1 103 2 202 -203 
203 0.0169999 -9.99999999998398e-08 -1e-07 0.0170001 0.0070001 1e-07 1 102 2 203 -204 
204 0.0165999 0.0069999 -1e-07 0.0170001 0.0070001 1e-07 1 103 2 204 -205 
205 0.0165351 0.006998337046199372 -1e-07 0.0166001 0.0070001 1e-07 1 103 2 205 -206 
206 0.0164703 0.006993654291858949 -1e-07 0.0165353 0.006998537046199372 1e-07 1 103 2 206 -207 
207 0.0164055 0.006985870034300461 -1e-07 0.0164705 0.006993854291858949 1e-07 1 103 2 207 -208 
208 0.0163407 0.006975014689611251 -1e-07 0.0164057 0.006986070034300461 1e-07 1 103 2 208 -209 
209 0.0162759 0.006961130673796916 -1e-07 0.0163409 0.006975214689611251 1e-07 1 103 2 209 -210 
210 0.0162111 0.00694427223704567 -1e-07 0.0162761 0.006961330673796917 1e-07 1 103 2 210 -211 
211 0.0161463 0.006924505251751992 -1e-07 0.0162113 0.006944472237045671 1e-07 1 103 2 211 -212 
212 0.0160815 0.006901906955127865 -1e-07 0.0161465 0.006924705251751992 1e-07 1 103 2 212 -213 
213 0.0160167 0.006876565647407278 -1e-07 0.0160817 0.006902106955127866 1e-07 1 103 2 213 -214 
214 0.0159519 0.006848580346823268 -1e-07 0.0160169 0.006876765647407279 1e-07 1 103 2 214 -215 
215 0.0158871 0.006818060402705609 -1e-07 0.0159521 0.006848780346823269 1e-07 1 103 2 215 -216 
216 0.0158223 0.006785125068210935 -1e-07 0.0158873 0.00681826040270561 1e-07 1 103 2 216 -217 
217 0.0157575 0.006749903034354804 -1e-07 0.0158225 0.006785325068210935 1e-07 1 103 2 217 -218 
218 0.0156927 0.006712531927166421 -1e-07 0.0157577 0.006750103034354805 1e-07 1 103 2 218 -219 
219 0.0156279 0.006673157769930818 -1e-07 0.0156929 0.006712731927166421 1e-07 1 103 2 219 -220 
220 0.0155631 0.00663193441261974 -1e-07 0.0156281 0.006673357769930818 1e-07 1 103 2 220 -221 
221 0.0154983 0.006589022930740649 -1e-07 0.0155633 0.006632134412619741 1e-07 1 103 2 221 -222 
222 0.0154335 0.006544590995952776 -1e-07 0.0154985 0.006589222930740649 1e-07 1 103 2 222 -223 
223 0.0153687 0.006498812220909487 -1e-07 0.0154337 0.006544790995952777 1e-07 1 103 2 223 -224 
224 0.0153039 0.006451865480886888 -1e-07 0.0153689 0.006499012220909488 1e-07 1 103 2 224 -225 
225 0.0152391 0.006403934214849341 -1e-07 0.0153041 0.006452065480886888 1e-07 1 103 2 225 -226 
226 0.0151743 0.006355205708682902 -1e-07 0.0152393 0.006404134214849342 1e-07 1 103 2 226 -227 
227 0.0151095 0.006305870363397349 -1e-07 0.0151745 0.006355405708682903 1e-07 1 103 2 227 -228 
228 0.0150447 0.006256120951156234 -1e-07 0.0151097 0.00630607036339735 1e-07 1 103 2 228 -229 
229 0.0149799 0.006206151862041907 -1e-07 0.0150449 0.006256320951156235 1e-07 1 103 2 229 -230 
230 0.0149151 0.006156158344498731 -1e-07 0.0149801 0.006206351862041907 1e-07 1 103 2 230 -231 
231 0.0148503 0.006106335742422334 -1e-07 0.0149153 0.006156358344498731 1e-07 1 103 2 231 -232 
232 0.0147855 0.006056878731875896 -1e-07 0.0148505 0.006106535742422334 1e-07 1 103 2 232 -233 
233 0.0147207 0.006007980560415922 -1e-07 0.0147857 0.006057078731875896 1e-07 1 103 2 233 -234 
234 0.0146559 0.005959832291999727 -1e-07 0.0147209 0.006008180560415922 1e-07 1 103 2 234 -235 
235 0.0145911 0.0059126220604251 -1e-07 0.0146561 0.005960032291999728 1e-07 1 103 2 235 -236 
236 0.0145263 0.005866534334219211 -1e-07 0.0145913 0.005912822060425101 1e-07 1 103 2 236 -237 
237 0.0144615 0.005821749195849148 -1e-07 0.0145265 0.005866734334219212 1e-07 1 103 2 237 -238 
238 0.0143967 0.00577844163807048 -1e-07 0.0144617 0.005821949195849148 1e-07 1 103 2 238 -239 
239 0.0143319 0.005736780880163272 -1e-07 0.0143969 0.00577864163807048 1e-07 1 103 2 239 -240 
240 0.0142671 0.005696929706727292 -1e-07 0.0143321 0.005736980880163272 1e-07 1 103 2 240 -241 
241 0.0142023 0.005659043831619996 -1e-07 0.0142673 0.005697129706727293 1e-07 1 103 2 241 -242 
242 0.0141375 0.005623271289522606 -1e-07 0.0142025 0.005659243831619996 1e-07 1 103 2 242 -243 
243 0.0140727 0.005589751857511694 -1e-07 0.0141377 0.005623471289522606 1e-07 1 103 2 243 -244 
244 0.0140079 0.005558616508896401 -1e-07 0.0140729 0.005589951857511695 1e-07 1 103 2 244 -245 
245 0.0139431 0.005529986901455359 -1e-07 0.0140081 0.005558816508896402 1e-07 1 103 2 245 -246 
246 0.0138783 0.005503974902072968 -1e-07 0.0139433 0.005530186901455359 1e-07 1 103 2 246 -247 
247 0.0138135 0.005480682149632468 -1e-07 0.0138785 0.005504174902072968 1e-07 1 103 2 247 -248 
248 0.0137487 0.005460199657873746 -1e-07 0.0138137 0.005480882149632468 1e-07 1 103 2 248 -249 
249 0.0136839 0.005442607459767652 -1e-07 0.0137489 0.005460399657873746 1e-07 1 103 2 249 -250 
250 0.0136191 0.005427974294796416 -1e-07 0.0136841 0.005442807459767653 1e-07 1 103 2 250 -251 
251 0.0135543 0.005416357340362055 -1e-07 0.0136193 0.005428174294796416 1e-07 1 103 2 251 -252 
252 0.0134895 0.005407801988372278 -1e-07 0.0135545 0.005416557340362055 1e-07 1 103 2 252 -253 
253 0.0134247 0.005402341667876861 -1e-07 0.0134897 0.005408001988372279 1e-07 1 103 2 253 -254 
254 0.0133599 0.005399997714447478 -1e-07 0.0134249 0.005402541667876862 1e-07 1 103 2 254 -255 
255 0.0132951 0.005399997714447478 -1e-07 0.0133601 0.00540093532247086 1e-07 1 103 2 255 -256 
256 0.0132303 0.005400735322470859 -1e-07 0.0132953 0.005404644164511731 1e-07 1 103 2 256 -257 
257 0.0131655 0.00540444416451173 -1e-07 0.0132305 0.005411304862975808 1e-07 1 103 2 257 -258 
258 0.0131007 0.005411104862975807 -1e-07 0.0131657 0.005420891391953142 1e-07 1 103 2 258 -259 
259 0.0130359 0.005420691391953142 -1e-07 0.0131009 0.005433366293188985 1e-07 1 103 2 259 -260 
260 0.0129711 0.005433166293188985 -1e-07 0.0130361 0.005448680822447589 1e-07 1 103 2 260 -261 
261 0.0129063 0.005448480822447589 -1e-07 0.0129713 0.005466775139974679 1e-07 1 103 2 261 -262 
262 0.0128415 0.005466575139974678 -1e-07 0.0129065 0.005487578544314383 1e-07 1 103 2 262 -263 
263 0.0127767 0.005487378544314383 -1e-07 0.0128417 0.005511009748567006 1e-07 1 103 2 263 -264 
264 0.0127119 0.005510809748567005 -1e-07 0.0127769 0.005536977198008198 1e-07 1 103 2 264 -265 
265 0.0126471 0.005536777198008197 -1e-07 0.0127121 0.005565379427828465 1e-07 1 103 2 265 -266 
266 0.0125823 0.005565179427828464 -1e-07 0.0126473 0.005596105459595199 1e-07 1 103 2 266 -267 
267 0.0125175 0.005595905459595199 -1e-07 0.0125825 0.005629035234888081 1e-07 1 103 2 267 -268 
268 0.0124527 0.005628835234888081 -1e-07 0.0125177 0.00566404008441349 1e-07 1 103 2 268 -269 
269 0.0123879 0.005663840084413489 -1e-07 0.0124529 0.005700983230764909 1e-07 1 103 2 269 -270 
270 0.0123231 0.005700783230764908 -1e-07 0.0123881 0.005739720322864849 1e-07 1 103 2 270 -271 
271 0.0122583 0.005739520322864848 -1e-07 0.0123233 0.0057801 1e-07 1 103 2 271 -272 
272 0.0121935 0.005779899999999999 -1e-07 0.0122585 0.005821964483245748 1e-07 1 103 2 272 -273 
273 0.0121287 0.005821764483245747 -1e-07 0.0121937 0.005865150191969091 1e-07 1 103 2 273 -274 
274 0.0120639 0.005864950191969091 -1e-07 0.0121289 0.005909488383001074 1e-07 1 103 2 274 -275 
275 0.0119991 0.005909288383001073 -1e-07 0.0120641 0.005954805809981232 1e-07 1 103 2 275 -276 
276 0.0119343 0.005954605809981231 -1e-07 0.0119993 0.006000925400297731 1e-07 1 103 2 276 -277 
277 0.0118695 0.00600072540029773 -1e-07 0.0119345 0.00604766694697815 1e-07 1 103 2 277 -278 
278 0.0118047 0.006047466946978149 -1e-07 0.0118697 0.00609484781282741 1e-07 1 103 2 278 -279 
279 0.0117399 0.006094647812827409 -1e-07 0.0118049 0.006142283644061523 1e-07 1 103 2 279 -280 
280 0.0116751 0.006142083644061522 -1e-07 0.0117401 0.006189789090648702 1e-07 1 103 2 280 -281 
281 0.0116103 0.006189589090648702 -1e-07 0.0116753 0.006237178530543217 1e-07 1 103 2 281 -282 
282 0.0115455 0.006236978530543217 -1e-07 0.0116105 0.006284266794982083 1e-07 1 103 2 282 -283 
283 0.0114807 0.006284066794982082 -1e-07 0.0115457 0.006330869892010628 1e-07 1 103 2 283 -284 
284 0.0114159 0.006330669892010627 -1e-07 0.0114809 0.006376805725409793 1e-07 1 103 2 284 -285 
285 0.0113511 0.006376605725409793 -1e-07 0.0114161 0.006421894806216094 1e-07 1 103 2 285 -286 
286 0.0112863 0.006421694806216093 -1e-07 0.0113513 0.006465960954053993 1e-07 1 103 2 286 -287 
287 0.0112215 0.006465760954053992 -1e-07 0.0112865 0.006508831985540388 1e-07 1 103 2 287 -288 
288 0.0111567 0.006508631985540387 -1e-07 0.0112217 0.00655034038707128 1e-07 1 103 2 288 -289 
289 0.0110919 0.006550140387071279 -1e-07 0.0111569 0.006590323969361845 1e-07 1 103 2 289 -290 
290 0.0110271 0.006590123969361844 -1e-07 0.0110921 0.006628626501182322 1e-07 1 103 2 290 -291 
291 0.0109623 0.006628426501182321 -1e-07 0.0110273 0.006665098319813505 1e-07 1 103 2 291 -292 
292 0.0108975 0.006664898319813505 -1e-07 0.0109625 0.00669959691583653 1e-07 1 103 2 292 -293 
293 0.0108327 0.00669939691583653 -1e-07 0.0108977 0.006731987489971973 1e-07 1 103 2 293 -294 
294 0.0107679 0.006731787489971972 -1e-07 0.0108329 0.006762143479792459 1e-07 1 103 2 294 -295 
295 0.0107031 0.006761943479792459 -1e-07 0.0107681 0.006789947054250733 1e-07 1 103 2 295 -296 
296 0.0106383 0.006789747054250733 -1e-07 0.0107033 0.00681528957409087 1e-07 1 103 2 296 -297 
297 0.0105735 0.006815089574090869 -1e-07 0.0106385 0.006838072016343615 1e-07 1 103 2 297 -298 
298 0.0105087 0.006837872016343614 -1e-07 0.0105737 0.006858205361247201 1e-07 1 103 2 298 -299 
299 0.0104439 0.006858005361247201 -1e-07 0.0105089 0.006875610940081789 1e-07 1 103 2 299 -300 
300 0.0103791 0.006875410940081789 -1e-07 0.0104441 0.006890220742558399 1e-07 1 103 2 300 -301 
301 0.0103143 0.006890020742558399 -1e-07 0.0103793 0.006901977682561263 1e-07 1 103 2 301 -302 
302 0.0102495 0.006901777682561262 -1e-07 0.0103145 0.006910835821205228 1e-07 1 103 2 302 -303 
303 0.0101847 0.006910635821205227 -1e-07 0.0102497 0.006916760546336644 1e-07 1 103 2 303 -304 
304 0.0101199 0.006916560546336643 -1e-07 0.0101849 0.006919728707776355 1e-07 1 103 2 304 -305 
305 0.0100551 0.006919528707776354 -1e-07 0.0101201 0.006919728707776355 1e-07 1 103 2 305 -306 
306 0.009990300000000002 0.006916560546336643 -1e-07 0.0100553 0.006919728707776355 1e-07 1 103 2 306 -307 
307 0.0099255 0.006910635821205227 -1e-07 0.009990500000000001 0.006916760546336644 1e-07 1 103 2 307 -308 
308 0.009860700000000002 0.006901777682561262 -1e-07 0.009925699999999999 0.006910835821205228 1e-07 1 103 2 308 -309 
309 0.0097959 0.006890020742558399 -1e-07 0.009860900000000001 0.006901977682561263 1e-07 1 103 2 309 -310 
310 0.009731100000000001 0.006875410940081789 -1e-07 0.009796099999999999 0.006890220742558399 1e-07 1 103 2 310 -311 
311 0.009666300000000001 0.006858005361247201 -1e-07 0.0097313 0.006875610940081789 1e-07 1 103 2 311 -312 
312 0.009601500000000002 0.006837872016343614 -1e-07 0.0096665 0.006858205361247201 1e-07 1 103 2 312 -313 
313 0.0095367 0.006815089574090869 -1e-07 0.009601700000000001 0.006838072016343615 1e-07 1 103 2 313 -314 
314 0.0094719 0.006789747054250733 -1e-07 0.009536899999999999 0.00681528957409087 1e-07 1 103 2 314 -315 
315 0.0094071 0.006761943479792459 -1e-07 0.009472099999999999 0.006789947054250733 1e-07 1 103 2 315 -316 
316 0.009342300000000001 0.006731787489971972 -1e-07 0.009407299999999999 0.006762143479792459 1e-07 1 103 2 316 -317 
317 0.009277500000000001 0.00669939691583653 -1e-07 0.0093425 0.006731987489971973 1e-07 1 103 2 317 -318 
318 0.009212700000000001 0.006664898319813505 -1e-07 0.0092777 0.00669959691583653 1e-07 1 103 2 318 -319 
319 0.0091479 0.006628426501182321 -1e-07 0.0092129 0.006665098319813505 1e-07 1 103 2 319 -320 
320 0.009083100000000002 0.006590123969361844 -1e-07 0.009148099999999999 0.006628626501182322 1e-07 1 103 2 320 -321 
321 0.0090183 0.006550140387071279 -1e-07 0.009083300000000001 0.006590323969361845 1e-07 1 103 2 321 -322 
322 0.008953500000000001 0.006508631985540387 -1e-07 0.009018499999999999 0.00655034038707128 1e-07 1 103 2 322 -323 
323 0.008888700000000001 0.006465760954053992 -1e-07 0.0089537 0.006508831985540388 1e-07 1 103 2 323 -324 
324 0.008823900000000001 0.006421694806216093 -1e-07 0.0088889 0.006465960954053993 1e-07 1 103 2 324 -325 
325 0.008759100000000002 0.006376605725409793 -1e-07 0.0088241 0.006421894806216094 1e-07 1 103 2 325 -326 
326 0.0086943 0.006330669892010627 -1e-07 0.008759300000000001 0.006376805725409793 1e-07 1 103 2 326 -327 
327 0.0086295 0.006284066794982082 -1e-07 0.008694499999999999 0.006330869892010628 1e-07 1 103 2 327 -328 
328 0.008564700000000001 0.006236978530543217 -1e-07 0.008629699999999999 0.006284266794982083 1e-07 1 103 2 328 -329 
329 0.008499900000000001 0.006189589090648702 -1e-07 0.0085649 0.006237178530543217 1e-07 1 103 2 329 -330 
330 0.008435100000000001 0.006142083644061522 -1e-07 0.0085001 0.006189789090648702 1e-07 1 103 2 330 -331 
331 0.008370300000000001 0.006094647812827409 -1e-07 0.0084353 0.006142283644061523 1e-07 1 103 2 331 -332 
332 0.0083055 0.006047466946978149 -1e-07 0.008370499999999999 0.00609484781282741 1e-07 1 103 2 332 -333 
333 0.0082407 0.00600072540029773 -1e-07 0.008305699999999999 0.00604766694697815 1e-07 1 103 2 333 -334 
334 0.008175900000000002 0.005954605809981231 -1e-07 0.008240899999999999 0.006000925400297731 1e-07 1 103 2 334 -335 
335 0.008111100000000001 0.005909288383001073 -1e-07 0.0081761 0.005954805809981232 1e-07 1 103 2 335 -336 
336 0.008046299999999999 0.005864950191969091 -1e-07 0.0081113 0.005909488383001074 1e-07 1 103 2 336 -337 
337 0.007981500000000001 0.005821764483245747 -1e-07 0.008046499999999998 0.005865150191969091 1e-07 1 103 2 337 -338 
338 0.0079167 0.005779899999999999 -1e-07 0.0079817 0.005821964483245748 1e-07 1 103 2 338 -339 
339 0.007851900000000002 0.005739520322864848 -1e-07 0.007916899999999999 0.0057801 1e-07 1 103 2 339 -340 
340 0.0077871 0.005700783230764908 -1e-07 0.007852100000000001 0.005739720322864849 1e-07 1 103 2 340 -341 
341 0.007722299999999999 0.005663840084413488 -1e-07 0.0077873 0.005700983230764909 1e-07 1 103 2 341 -342 
342 0.0076575 0.00562883523488808 -1e-07 0.007722499999999999 0.005664040084413489 1e-07 1 103 2 342 -343 
343 0.0075927 0.005595905459595199 -1e-07 0.007657700000000001 0.00562903523488808 1e-07 1 103 2 343 -344 
344 0.007527900000000001 0.005565179427828464 -1e-07 0.007592900000000001 0.005596105459595199 1e-07 1 103 2 344 -345 
345 0.0074631 0.005536777198008197 -1e-07 0.007528100000000001 0.005565379427828465 1e-07 1 103 2 345 -346 
346 0.007398299999999998 0.005510809748567005 -1e-07 0.007463300000000001 0.005536977198008198 1e-07 1 103 2 346 -347 
347 0.007333500000000001 0.005487378544314383 -1e-07 0.007398499999999999 0.005511009748567006 1e-07 1 103 2 347 -348 
348 0.0072687 0.005466575139974678 -1e-07 0.007333700000000001 0.005487578544314383 1e-07 1 103 2 348 -349 
349 0.007203899999999998 0.005448480822447589 -1e-07 0.007268900000000001 0.005466775139974679 1e-07 1 103 2 349 -350 
350 0.007139100000000001 0.005433166293188986 -1e-07 0.007204099999999999 0.005448680822447589 1e-07 1 103 2 350 -351 
351 0.007074299999999999 0.005420691391953142 -1e-07 0.007139300000000001 0.005433366293188986 1e-07 1 103 2 351 -352 
352 0.007009500000000001 0.005411104862975807 -1e-07 0.007074499999999999 0.005420891391953142 1e-07 1 103 2 352 -353 
353 0.006944700000000001 0.00540444416451173 -1e-07 0.007009700000000002 0.005411304862975808 1e-07 1 103 2 353 -354 
354 0.006879899999999999 0.005400779286811431 -1e-07 0.006944900000000001 0.005404644164511731 1e-07 1 103 2 354 -355 
355 0.006815100000000001 0.005399997714447478 -1e-07 0.006880099999999999 0.005400979286811432 1e-07 1 103 2 355 -356 
356 0.006750299999999999 0.005399997714447478 -1e-07 0.006815300000000002 0.005402541667876862 1e-07 1 103 2 356 -357 
357 0.0066855 0.005402341667876861 -1e-07 0.0067505 0.005408001988372279 1e-07 1 103 2 357 -358 
358 0.006620700000000001 0.005407801988372278 -1e-07 0.006685700000000001 0.005416557340362055 1e-07 1 103 2 358 -359 
359 0.006555899999999999 0.005416357340362055 -1e-07 0.006620900000000002 0.005428174294796416 1e-07 1 103 2 359 -360 
360 0.006491100000000001 0.005427974294796416 -1e-07 0.0065561 0.005442807459767653 1e-07 1 103 2 360 -361 
361 0.006426299999999999 0.005442607459767652 -1e-07 0.006491300000000001 0.005460399657873747 1e-07 1 103 2 361 -362 
362 0.006361499999999999 0.005460199657873747 -1e-07 0.0064265 0.005480882149632469 1e-07 1 103 2 362 -363 
363 0.006296700000000001 0.005480682149632468 -1e-07 0.0063617 0.005504174902072969 1e-07 1 103 2 363 -364 
364 0.006231899999999999 0.005503974902072968 -1e-07 0.006296900000000001 0.005530186901455359 1e-07 1 103 2 364 -365 
365 0.006167100000000001 0.005529986901455359 -1e-07 0.0062321 0.005558816508896402 1e-07 1 103 2 365 -366 
366 0.006102299999999999 0.005558616508896401 -1e-07 0.006167300000000001 0.005589951857511695 1e-07 1 103 2 366 -367 
367 0.006037499999999999 0.005589751857511694 -1e-07 0.006102499999999999 0.005623471289522606 1e-07 1 103 2 367 -368 
368 0.005972700000000001 0.005623271289522606 -1e-07 0.0060377 0.005659243831619996 1e-07 1 103 2 368 -369 
369 0.005907899999999999 0.005659043831619996 -1e-07 0.005972900000000001 0.005697129706727293 1e-07 1 103 2 369 -370 
370 0.0058431 0.005696929706727292 -1e-07 0.005908099999999999 0.005736980880163271 1e-07 1 103 2 370 -371 
371 0.005778299999999999 0.005736780880163271 -1e-07 0.0058433 0.00577864163807048 1e-07 1 103 2 371 -372 
372 0.0057135 0.00577844163807048 -1e-07 0.0057785 0.005821949195849148 1e-07 1 103 2 372 -373 
373 0.005648700000000001 0.005821749195849148 -1e-07 0.0057137 0.005866734334219212 1e-07 1 103 2 373 -374 
374 0.005583899999999999 0.005866534334219211 -1e-07 0.005648900000000002 0.005912822060425101 1e-07 1 103 2 374 -375 
375 0.0055191 0.0059126220604251 -1e-07 0.0055841 0.005960032291999728 1e-07 1 103 2 375 -376 
376 0.0054543 0.005959832291999727 -1e-07 0.0055193 0.006008180560415923 1e-07 1 103 2 376 -377 
377 0.005389499999999999 0.006007980560415922 -1e-07 0.0054545 0.006057078731875897 1e-07 1 103 2 377 -378 
378 0.005324700000000002 0.006056878731875897 -1e-07 0.0053897 0.006106535742422335 1e-07 1 103 2 378 -379 
379 0.0052599 0.006106335742422335 -1e-07 0.005324900000000002 0.006156358344498732 1e-07 1 103 2 379 -380 
380 0.005195099999999999 0.006156158344498732 -1e-07 0.0052601 0.006206351862041906 1e-07 1 103 2 380 -381 
381 0.0051303 0.006206151862041906 -1e-07 0.0051953 0.006256320951156234 1e-07 1 103 2 381 -382 
382 0.0050655 0.006256120951156233 -1e-07 0.005130500000000001 0.00630607036339735 1e-07 1 103 2 382 -383 
383 0.005000699999999999 0.006305870363397349 -1e-07 0.0050657 0.006355405708682902 1e-07 1 103 2 383 -384 
384 0.0049359 0.006355205708682901 -1e-07 0.0050009 0.006404134214849342 1e-07 1 103 2 384 -385 
385 0.0048711 0.006403934214849341 -1e-07 0.004936100000000001 0.006452065480886888 1e-07 1 103 2 385 -386 
386 0.004806299999999999 0.006451865480886888 -1e-07 0.0048713 0.006499012220909488 1e-07 1 103 2 386 -387 
387 0.0047415 0.006498812220909487 -1e-07 0.0048065 0.006544790995952777 1e-07 1 103 2 387 -388 
388 0.0046767 0.006544590995952776 -1e-07 0.004741700000000001 0.006589222930740649 1e-07 1 103 2 388 -389 
389 0.0046119 0.006589022930740649 -1e-07 0.0046769 0.006632134412619742 1e-07 1 103 2 389 -390 
390 0.0045471 0.006631934412619741 -1e-07 0.0046121 0.006673357769930818 1e-07 1 103 2 390 -391 
391 0.0044823 0.006673157769930818 -1e-07 0.004547300000000001 0.006712731927166421 1e-07 1 103 2 391 -392 
392 0.0044175 0.006712531927166421 -1e-07 0.0044825 0.006750103034354805 1e-07 1 103 2 392 -393 
393 0.0043527 0.006749903034354804 -1e-07 0.004417700000000001 0.006785325068210935 1e-07 1 103 2 393 -394 
394 0.0042879 0.006785125068210935 -1e-07 0.004352900000000001 0.00681826040270561 1e-07 1 103 2 394 -395 
395 0.0042231 0.006818060402705609 -1e-07 0.0042881 0.006848780346823269 1e-07 1 103 2 395 -396 
396 0.0041583 0.006848580346823269 -1e-07 0.004223300000000001 0.006876765647407279 1e-07 1 103 2 396 -397 
397 0.0040935 0.006876565647407278 -1e-07 0.004158500000000001 0.006902106955127866 1e-07 1 103 2 397 -398 
398 0.004028700000000001 0.006901906955127865 -1e-07 0.0040937 0.006924705251751992 1e-07 1 103 2 398 -399 
399 0.0039639 0.006924505251751992 -1e-07 0.004028900000000001 0.00694447223704567 1e-07 1 103 2 399 -400 
400 0.003899100000000001 0.006944272237045669 -1e-07 0.003964100000000001 0.006961330673796917 1e-07 1 103 2 400 -401 
401 0.003834300000000001 0.006961130673796916 -1e-07 0.003899300000000001 0.006975214689611251 1e-07 1 103 2 401 -402 
402 0.003769500000000001 0.006975014689611251 -1e-07 0.0038345 0.006986070034300461 1e-07 1 103 2 402 -403 
403 0.003704700000000001 0.006985870034300461 -1e-07 0.0037697 0.006993854291858949 1e-07 1 103 2 403 -404 
404 0.003639899999999999 0.006993654291858949 -1e-07 0.003704900000000001 0.006998537046199372 1e-07 1 103 2 404 -405 
405 -1.000000000000566e-07 0.006998337046199372 -1e-07 0.003640099999999999 0.0070001 1e-07 1 103 2 405 -406 
406 -1e-07 -9.99999999998398e-08 -1e-07 1e-07 0.0070001 1e-07 1 101 2 406 -1 
1 -9.999999999940612e-08 -9.99999999998398e-08 -1e-07 0.0170001 0.0070001 1e-07 1 201 406 1 2 3 4 5 6 7 8 9 10 11 12 13 14 15 16 17 18 19 20 21 22 23 24 25 26 27 28 29 30 31 32 33 34 35 36 37 38 39 40 41 42 43 44 45 46 47 48 49 50 51 52 53 54 55 56 57 58 59 60 61 62 63 64 65 66 67 68 69 70 71 72 73 74 75 76 77 78 79 80 81 82 83 84 85 86 87 88 89 90 91 92 93 94 95 96 97 98 99 100 101 102 103 104 105 106 107 108 109 110 111 112 113 114 115 116 117 118 119 120 121 122 123 124 125 126 127 128 129 130 131 132 133 134 135 136 137 138 139 140 141 142 143 144 145 146 147 148 149 150 151 152 153 154 155 156 157 158 159 160 161 162 163 164 165 166 167 168 169 170 171 172 173 174 175 176 177 178 179 180 181 182 183 184 185 186 187 188 189 190 191 192 193 194 195 196 197 198 199 200 201 202 203 204 205 206 207 208 209 210 211 212 213 214 215 216 217 218 219 220 221 222 223 224 225 226 227 228 229 230 231 232 233 234 235 236 237 238 239 240 241 242 243 244 245 246 247 248 249 250 251 252 253 254 255 256 257 258 259 260 261 262 263 264 265 266 267 268 269 270 271 272 273 274 275 276 277 278 279 280 281 282 283 284 285 286 287 288 289 290 291 292 293 294 295 296 297 298 299 300 301 302 303 304 305 306 307 308 309 310 311 312 313 314 315 316 317 318 319 320 321 322 323 324 325 326 327 328 329 330 331 332 333 334 335 336 337 338 339 340 341 342 343 344 345 346 347 348 349 350 351 352 353 354 355 356 357 358 359 360 361 362 363 364 365 366 367 368 369 370 371 372 373 374 375 376 377 378 379 380 381 382 383 384 385 386 387 388 389 390 391 392 393 394 395 396 397 398 399 400 401 402 403 404 405 406 
$EndEntities
$Nodes
813 4341 1 4341
0 1 0 1
1
0 0 0
0 2 0 1
2
0.0004 0 0
0 3 0 1
3
0.0004648 1.562953800627209e-06 0
0 4 0 1
4
0.0005296000000000001 6.245708141051765e-06 0
0 5 0 1
5
0.0005944 1.402996569953912e-05 0
0 6 0 1
6
0.0006592 2.488531038874902e-05 0
0 7 0 1
7
0.000724 3.876932620308367e-05 0
0 8 0 1
8
0.0007888 5.56277629543307e-05 0
0 9 0 1
9
0.0008535999999999999 7.539474824800757e-05 0
0 10 0 1
10
0.0009184 9.799304487213503e-05 0
0 11 0 1
11
0.0009832 0.0001233343525927221 0
0 12 0 1
12
0.001048 0.000151319653176732 0
0 13 0 1
13
0.0011128 0.0001818395972943908 0
0 14 0 1
14
0.0011776 0.0002147749317890648 0
0 15 0 1
15
0.0012424 0.0002499969656451954 0
0 16 0 1
16
0.0013072 0.0002873680728335792 0
0 17 0 1
17
0.001372 0.0003267422300691822 0
0 18 0 1
18
0.0014368 0.0003679655873802594 0
0 19 0 1
19
0.0015016 0.0004108770692593512 0
0 20 0 1
20
0.0015664 0.0004553090040472236 0
0 21 0 1
21
0.0016312 0.0005010877790905122 0
0 22 0 1
22
0.001696 0.0005480345191131116 0
0 23 0 1
23
0.0017608 0.000595965785150659 0
0 24 0 1
24
0.0018256 0.0006446942913170978 0
0 25 0 1
25
0.0018904 0.0006940296366026497 0
0 26 0 1
26
0.0019552 0.0007437790488437658 0
0 27 0 1
27
0.00202 0.000793748137958093 0
0 28 0 1
28
0.0020848 0.0008437416555012689 0
0 29 0 1
29
0.0021496 0.000893564257577666 0
0 30 0 1
30
0.0022144 0.0009430212681241037 0
0 31 0 1
31
0.0022792 0.0009919194395840783 0
0 32 0 1
32
0.002344 0.001040067708000273 0
0 33 0 1
33
0.0024088 0.0010872779395749 0
0 34 0 1
34
0.0024736 0.001133365665780789 0
0 35 0 1
35
0.0025384 0.001178150804150852 0
0 36 0 1
36
0.0026032 0.001221458361929521 0
0 37 0 1
37
0.002668 0.001263119119836729 0
0 38 0 1
38
0.0027328 0.001302970293272708 0
0 39 0 1
39
0.0027976 0.001340856168380004 0
0 40 0 1
40
0.0028624 0.001376628710477394 0
0 41 0 1
41
0.0029272 0.001410148142488306 0
0 42 0 1
42
0.002992 0.001441283491103598 0
0 43 0 1
43
0.0030568 0.001469913098544641 0
0 44 0 1
44
0.0031216 0.001495925097927033 0
0 45 0 1
45
0.0031864 0.001519217850367532 0
0 46 0 1
46
0.0032512 0.001539700342126254 0
0 47 0 1
47
0.003316 0.001557292540232347 0
0 48 0 1
48
0.0033808 0.001571925705203584 0
0 49 0 1
49
0.0034456 0.001583542659637946 0
0 50 0 1
50
0.0035104 0.001592098011627721 0
0 51 0 1
51
0.0035752 0.001597558332123139 0
0 52 0 1
52
0.00364 0.001599902285552522 0
0 53 0 1
53
0.0037048 0.001599164677529141 0
0 54 0 1
54
0.0037696 0.00159545583548827 0
0 55 0 1
55
0.0038344 0.001588795137024193 0
0 56 0 1
56
0.0038992 0.001579208608046858 0
0 57 0 1
57
0.003964 0.001566733706811015 0
0 58 0 1
58
0.0040288 0.001551419177552412 0
0 59 0 1
59
0.0040936 0.001533324860025322 0
0 60 0 1
60
0.0041584 0.001512521455685617 0
0 61 0 1
61
0.004223200000000001 0.001489090251432994 0
0 62 0 1
62
0.004288 0.001463122801991803 0
0 63 0 1
63
0.0043528 0.001434720572171535 0
0 64 0 1
64
0.004417600000000001 0.001403994540404801 0
0 65 0 1
65
0.0044824 0.00137106476511192 0
0 66 0 1
66
0.0045472 0.001336059915586511 0
0 67 0 1
67
0.004612 0.001299116769235091 0
0 68 0 1
68
0.004676800000000001 0.001260379677135152 0
0 69 0 1
69
0.0047416 0.00122 0
0 70 0 1
70
0.0048064 0.001178135516754253 0
0 71 0 1
71
0.0048712 0.00113494980803091 0
0 72 0 1
72
0.004936 0.001090611616998927 0
0 73 0 1
73
0.005000800000000001 0.001045294190018769 0
0 74 0 1
74
0.0050656 0.0009991745997022701 0
0 75 0 1
75
0.0051304 0.000952433053021851 0
0 76 0 1
76
0.0051952 0.0009052521871725903 0
0 77 0 1
77
0.005260000000000001 0.0008578163559384779 0
0 78 0 1
78
0.005324800000000001 0.0008103109093512972 0
0 79 0 1
79
0.0053896 0.000762921469456783 0
0 80 0 1
80
0.0054544 0.0007158332050179168 0
0 81 0 1
81
0.005519200000000001 0.0006692301079893731 0
0 82 0 1
82
0.005584 0.0006232942745902068 0
0 83 0 1
83
0.005648800000000001 0.0005782051937839073 0
0 84 0 1
84
0.0057136 0.0005341390459460075 0
0 85 0 1
85
0.0057784 0.000491268014459613 0
0 86 0 1
86
0.005843200000000001 0.0004497596129287201 0
0 87 0 1
87
0.005908 0.0004097760306381555 0
0 88 0 1
88
0.0059728 0.0003714734988176785 0
0 89 0 1
89
0.0060376 0.0003350016801864953 0
0 90 0 1
90
0.0061024 0.0003005030841634698 0
0 91 0 1
91
0.0061672 0.0002681125100280272 0
0 92 0 1
92
0.006232000000000001 0.0002379565202075418 0
0 93 0 1
93
0.0062968 0.0002101529457492676 0
0 94 0 1
94
0.0063616 0.0001848104259091311 0
0 95 0 1
95
0.006426400000000001 0.0001620279836563862 0
0 96 0 1
96
0.0064912 0.0001418946387527993 0
0 97 0 1
97
0.006556 0.0001244890599182113 0
0 98 0 1
98
0.0066208 0.0001098792574416014 0
0 99 0 1
99
0.0066856 9.81223174387376e-05 0
0 100 0 1
100
0.0067504 8.92641787947729e-05 0
0 101 0 1
101
0.0068152 8.333945366335745e-05 0
0 102 0 1
102
0.006880000000000001 8.037129222364592e-05 0
0 103 0 1
103
0.0069448 8.037129222364592e-05 0
0 104 0 1
104
0.0070096 8.333945366335745e-05 0
0 105 0 1
105
0.0070744 8.92641787947729e-05 0
0 106 0 1
106
0.0071392 9.81223174387376e-05 0
0 107 0 1
107
0.007204000000000001 0.0001098792574416014 0
0 108 0 1
108
0.0072688 0.0001244890599182113 0
0 109 0 1
109
0.0073336 0.0001418946387527993 0
0 110 0 1
110
0.007398399999999999 0.0001620279836563862 0
0 111 0 1
111
0.007463200000000001 0.0001848104259091311 0
0 112 0 1
112
0.007528000000000001 0.0002101529457492676 0
0 113 0 1
113
0.007592799999999999 0.0002379565202075418 0
0 114 0 1
114
0.0076576 0.0002681125100280272 0
0 115 0 1
115
0.007722400000000001 0.0003005030841634698 0
0 116 0 1
116
0.0077872 0.0003350016801864953 0
0 117 0 1
117
0.007852000000000001 0.0003714734988176785 0
0 118 0 1
118
0.0079168 0.0004097760306381555 0
0 119 0 1
119
0.0079816 0.0004497596129287201 0
0 120 0 1
120
0.0080464 0.000491268014459613 0
0 121 0 1
121
0.008111200000000001 0.0005341390459460075 0
0 122 0 1
122
0.008176000000000001 0.0005782051937839073 0
0 123 0 1
123
0.008240799999999998 0.0006232942745902068 0
0 124 0 1
124
0.0083056 0.0006692301079893731 0
0 125 0 1
125
0.0083704 0.0007158332050179168 0
0 126 0 1
126
0.0084352 0.000762921469456783 0
0 127 0 1
127
0.008500000000000001 0.0008103109093512972 0
0 128 0 1
128
0.008564800000000001 0.0008578163559384779 0
0 129 0 1
129
0.008629599999999999 0.0009052521871725903 0
0 130 0 1
130
0.0086944 0.000952433053021851 0
0 131 0 1
131
0.0087592 0.0009991745997022701 0
0 132 0 1
132
0.008824 0.001045294190018769 0
0 133 0 1
133
0.008888800000000001 0.001090611616998926 0
0 134 0 1
134
0.008953600000000003 0.00113494980803091 0
0 135 0 1
135
0.009018399999999999 0.001178135516754253 0
0 136 0 1
136
0.0090832 0.00122 0
0 137 0 1
137
0.009148 0.001260379677135152 0
0 138 0 1
138
0.0092128 0.001299116769235091 0
0 139 0 1
139
0.009277600000000002 0.001336059915586512 0
0 140 0 1
140
0.009342399999999999 0.00137106476511192 0
0 141 0 1
141
0.009407199999999999 0.001403994540404801 0
0 142 0 1
142
0.009472 0.001434720572171535 0
0 143 0 1
143
0.0095368 0.001463122801991803 0
0 144 0 1
144
0.009601600000000002 0.001489090251432994 0
0 145 0 1
145
0.0096664 0.001512521455685616 0
0 146 0 1
146
0.009731199999999999 0.001533324860025321 0
0 147 0 1
147
0.009796000000000001 0.001551419177552412 0
0 148 0 1
148
0.009860799999999999 0.001566733706811015 0
0 149 0 1
149
0.009925600000000001 0.001579208608046858 0
0 150 0 1
150
0.0099904 0.001588795137024193 0
0 151 0 1
151
0.0100552 0.00159545583548827 0
0 152 0 1
152
0.01012 0.001599120713188569 0
0 153 0 1
153
0.0101848 0.001599902285552522 0
0 154 0 1
154
0.0102496 0.001597558332123139 0
0 155 0 1
155
0.0103144 0.001592098011627721 0
0 156 0 1
156
0.0103792 0.001583542659637946 0
0 157 0 1
157
0.010444 0.001571925705203584 0
0 158 0 1
158
0.0105088 0.001557292540232347 0
0 159 0 1
159
0.0105736 0.001539700342126254 0
0 160 0 1
160
0.0106384 0.001519217850367532 0
0 161 0 1
161
0.0107032 0.001495925097927032 0
0 162 0 1
162
0.010768 0.001469913098544641 0
0 163 0 1
163
0.0108328 0.001441283491103598 0
0 164 0 1
164
0.0108976 0.001410148142488306 0
0 165 0 1
165
0.0109624 0.001376628710477394 0
0 166 0 1
166
0.0110272 0.001340856168380004 0
0 167 0 1
167
0.011092 0.001302970293272708 0
0 168 0 1
168
0.0111568 0.00126311911983673 0
0 169 0 1
169
0.0112216 0.001221458361929521 0
0 170 0 1
170
0.0112864 0.001178150804150852 0
0 171 0 1
171
0.0113512 0.001133365665780789 0
0 172 0 1
172
0.011416 0.001087277939574899 0
0 173 0 1
173
0.0114808 0.001040067708000272 0
0 174 0 1
174
0.0115456 0.0009919194395840779 0
0 175 0 1
175
0.0116104 0.0009430212681241029 0
0 176 0 1
176
0.0116752 0.0008935642575776654 0
0 177 0 1
177
0.01174 0.000843741655501268 0
0 178 0 1
178
0.0118048 0.0007937481379580938 0
0 179 0 1
179
0.0118696 0.0007437790488437663 0
0 180 0 1
180
0.0119344 0.0006940296366026501 0
0 181 0 1
181
0.0119992 0.0006446942913170985 0
0 182 0 1
182
0.012064 0.0005959657851506593 0
0 183 0 1
183
0.0121288 0.0005480345191131121 0
0 184 0 1
184
0.0121936 0.0005010877790905124 0
0 185 0 1
185
0.0122584 0.0004553090040472239 0
0 186 0 1
186
0.0123232 0.0004108770692593512 0
0 187 0 1
187
0.012388 0.0003679655873802594 0
0 188 0 1
188
0.0124528 0.000326742230069182 0
0 189 0 1
189
0.0125176 0.000287368072833579 0
0 190 0 1
190
0.0125824 0.0002499969656451951 0
0 191 0 1
191
0.0126472 0.0002147749317890646 0
0 192 0 1
192
0.012712 0.0001818395972943906 0
0 193 0 1
193
0.0127768 0.0001513196531767316 0
0 194 0 1
194
0.0128416 0.0001233343525927217 0
0 195 0 1
195
0.0129064 9.799304487213539e-05 0
0 196 0 1
196
0.0129712 7.539474824800784e-05 0
0 197 0 1
197
0.013036 5.562776295433097e-05 0
0 198 0 1
198
0.0131008 3.876932620308385e-05 0
0 199 0 1
199
0.0131656 2.488531038874911e-05 0
0 200 0 1
200
0.0132304 1.402996569953912e-05 0
0 201 0 1
201
0.0132952 6.245708141051765e-06 0
0 202 0 1
202
0.01336 1.562953800627209e-06 0
0 203 0 1
203
0.017 0 0
0 204 0 1
204
0.017 0.007 0
0 205 0 1
205
0.0166 0.007 0
0 206 0 1
206
0.0165352 0.006998437046199372 0
0 207 0 1
207
0.0164704 0.006993754291858949 0
0 208 0 1
208
0.0164056 0.006985970034300461 0
0 209 0 1
209
0.0163408 0.006975114689611251 0
0 210 0 1
210
0.016276 0.006961230673796916 0
0 211 0 1
211
0.0162112 0.00694437223704567 0
0 212 0 1
212
0.0161464 0.006924605251751992 0
0 213 0 1
213
0.0160816 0.006902006955127865 0
0 214 0 1
214
0.0160168 0.006876665647407279 0
0 215 0 1
215
0.015952 0.006848680346823268 0
0 216 0 1
216
0.0158872 0.00681816040270561 0
0 217 0 1
217
0.0158224 0.006785225068210935 0
0 218 0 1
218
0.0157576 0.006750003034354805 0
0 219 0 1
219
0.0156928 0.006712631927166421 0
0 220 0 1
220
0.015628 0.006673257769930818 0
0 221 0 1
221
0.0155632 0.006632034412619741 0
0 222 0 1
222
0.0154984 0.006589122930740649 0
0 223 0 1
223
0.0154336 0.006544690995952777 0
0 224 0 1
224
0.0153688 0.006498912220909488 0
0 225 0 1
225
0.015304 0.006451965480886888 0
0 226 0 1
226
0.0152392 0.006404034214849342 0
0 227 0 1
227
0.0151744 0.006355305708682903 0
0 228 0 1
228
0.0151096 0.00630597036339735 0
0 229 0 1
229
0.0150448 0.006256220951156234 0
0 230 0 1
230
0.01498 0.006206251862041907 0
0 231 0 1
231
0.0149152 0.006156258344498731 0
0 232 0 1
232
0.0148504 0.006106435742422334 0
0 233 0 1
233
0.0147856 0.006056978731875896 0
0 234 0 1
234
0.0147208 0.006008080560415922 0
0 235 0 1
235
0.014656 0.005959932291999728 0
0 236 0 1
236
0.0145912 0.0059127220604251 0
0 237 0 1
237
0.0145264 0.005866634334219211 0
0 238 0 1
238
0.0144616 0.005821849195849148 0
0 239 0 1
239
0.0143968 0.00577854163807048 0
0 240 0 1
240
0.014332 0.005736880880163272 0
0 241 0 1
241
0.0142672 0.005697029706727292 0
0 242 0 1
242
0.0142024 0.005659143831619996 0
0 243 0 1
243
0.0141376 0.005623371289522606 0
0 244 0 1
244
0.0140728 0.005589851857511694 0
0 245 0 1
245
0.014008 0.005558716508896402 0
0 246 0 1
246
0.0139432 0.005530086901455359 0
0 247 0 1
247
0.0138784 0.005504074902072968 0
0 248 0 1
248
0.0138136 0.005480782149632468 0
0 249 0 1
249
0.0137488 0.005460299657873746 0
0 250 0 1
250
0.013684 0.005442707459767653 0
0 251 0 1
251
0.0136192 0.005428074294796416 0
0 252 0 1
252
0.0135544 0.005416457340362055 0
0 253 0 1
253
0.0134896 0.005407901988372279 0
0 254 0 1
254
0.0134248 0.005402441667876861 0
0 255 0 1
255
0.01336 0.005400097714447478 0
0 256 0 1
256
0.0132952 0.00540083532247086 0
0 257 0 1
257
0.0132304 0.00540454416451173 0
0 258 0 1
258
0.0131656 0.005411204862975807 0
0 259 0 1
259
0.0131008 0.005420791391953142 0
0 260 0 1
260
0.013036 0.005433266293188985 0
0 261 0 1
261
0.0129712 0.005448580822447589 0
0 262 0 1
262
0.0129064 0.005466675139974678 0
0 263 0 1
263
0.0128416 0.005487478544314383 0
0 264 0 1
264
0.0127768 0.005510909748567006 0
0 265 0 1
265
0.012712 0.005536877198008197 0
0 266 0 1
266
0.0126472 0.005565279427828465 0
0 267 0 1
267
0.0125824 0.005596005459595199 0
0 268 0 1
268
0.0125176 0.005628935234888081 0
0 269 0 1
269
0.0124528 0.005663940084413489 0
0 270 0 1
270
0.012388 0.005700883230764908 0
0 271 0 1
271
0.0123232 0.005739620322864849 0
0 272 0 1
272
0.0122584 0.00578 0
0 273 0 1
273
0.0121936 0.005821864483245748 0
0 274 0 1
274
0.0121288 0.005865050191969091 0
0 275 0 1
275
0.012064 0.005909388383001073 0
0 276 0 1
276
0.0119992 0.005954705809981232 0
0 277 0 1
277
0.0119344 0.00600082540029773 0
0 278 0 1
278
0.0118696 0.006047566946978149 0
0 279 0 1
279
0.0118048 0.00609474781282741 0
0 280 0 1
280
0.01174 0.006142183644061523 0
0 281 0 1
281
0.0116752 0.006189689090648702 0
0 282 0 1
282
0.0116104 0.006237078530543217 0
0 283 0 1
283
0.0115456 0.006284166794982083 0
0 284 0 1
284
0.0114808 0.006330769892010628 0
0 285 0 1
285
0.011416 0.006376705725409793 0
0 286 0 1
286
0.0113512 0.006421794806216094 0
0 287 0 1
287
0.0112864 0.006465860954053992 0
0 288 0 1
288
0.0112216 0.006508731985540387 0
0 289 0 1
289
0.0111568 0.006550240387071279 0
0 290 0 1
290
0.011092 0.006590223969361844 0
0 291 0 1
291
0.0110272 0.006628526501182321 0
0 292 0 1
292
0.0109624 0.006664998319813505 0
0 293 0 1
293
0.0108976 0.00669949691583653 0
0 294 0 1
294
0.0108328 0.006731887489971972 0
0 295 0 1
295
0.010768 0.006762043479792459 0
0 296 0 1
296
0.0107032 0.006789847054250733 0
0 297 0 1
297
0.0106384 0.00681518957409087 0
0 298 0 1
298
0.0105736 0.006837972016343614 0
0 299 0 1
299
0.0105088 0.006858105361247201 0
0 300 0 1
300
0.010444 0.006875510940081789 0
0 301 0 1
301
0.0103792 0.006890120742558399 0
0 302 0 1
302
0.0103144 0.006901877682561263 0
0 303 0 1
303
0.0102496 0.006910735821205227 0
0 304 0 1
304
0.0101848 0.006916660546336643 0
0 305 0 1
305
0.01012 0.006919628707776355 0
0 306 0 1
306
0.0100552 0.006919628707776355 0
0 307 0 1
307
0.009990400000000002 0.006916660546336643 0
0 308 0 1
308
0.0099256 0.006910735821205227 0
0 309 0 1
309
0.009860800000000001 0.006901877682561263 0
0 310 0 1
310
0.009795999999999999 0.006890120742558399 0
0 311 0 1
311
0.009731200000000001 0.006875510940081789 0
0 312 0 1
312
0.0096664 0.006858105361247201 0
0 313 0 1
313
0.009601600000000002 0.006837972016343614 0
0 314 0 1
314
0.0095368 0.00681518957409087 0
0 315 0 1
315
0.009472 0.006789847054250733 0
0 316 0 1
316
0.009407199999999999 0.006762043479792459 0
0 317 0 1
317
0.009342400000000001 0.006731887489971972 0
0 318 0 1
318
0.0092776 0.00669949691583653 0
0 319 0 1
319
0.0092128 0.006664998319813505 0
0 320 0 1
320
0.009148 0.006628526501182321 0
0 321 0 1
321
0.009083200000000001 0.006590223969361844 0
0 322 0 1
322
0.009018399999999999 0.006550240387071279 0
0 323 0 1
323
0.008953600000000001 0.006508731985540387 0
0 324 0 1
324
0.008888800000000001 0.006465860954053992 0
0 325 0 1
325
0.008824 0.006421794806216094 0
0 326 0 1
326
0.008759200000000002 0.006376705725409793 0
0 327 0 1
327
0.0086944 0.006330769892010628 0
0 328 0 1
328
0.008629599999999999 0.006284166794982083 0
0 329 0 1
329
0.008564800000000001 0.006237078530543217 0
0 330 0 1
330
0.008500000000000001 0.006189689090648702 0
0 331 0 1
331
0.0084352 0.006142183644061523 0
0 332 0 1
332
0.0083704 0.00609474781282741 0
0 333 0 1
333
0.0083056 0.006047566946978149 0
0 334 0 1
334
0.0082408 0.00600082540029773 0
0 335 0 1
335
0.008176000000000001 0.005954705809981232 0
0 336 0 1
336
0.008111200000000001 0.005909388383001073 0
0 337 0 1
337
0.008046399999999999 0.005865050191969091 0
0 338 0 1
338
0.0079816 0.005821864483245748 0
0 339 0 1
339
0.0079168 0.00578 0
0 340 0 1
340
0.007852000000000001 0.005739620322864849 0
0 341 0 1
341
0.0077872 0.005700883230764908 0
0 342 0 1
342
0.007722399999999999 0.005663940084413488 0
0 343 0 1
343
0.007657600000000001 0.00562893523488808 0
0 344 0 1
344
0.0075928 0.005596005459595199 0
0 345 0 1
345
0.007528000000000001 0.005565279427828465 0
0 346 0 1
346
0.007463200000000001 0.005536877198008197 0
0 347 0 1
347
0.007398399999999999 0.005510909748567006 0
0 348 0 1
348
0.007333600000000001 0.005487478544314383 0
0 349 0 1
349
0.007268800000000001 0.005466675139974678 0
0 350 0 1
350
0.007203999999999999 0.005448580822447589 0
0 351 0 1
351
0.007139200000000001 0.005433266293188986 0
0 352 0 1
352
0.007074399999999999 0.005420791391953142 0
0 353 0 1
353
0.007009600000000001 0.005411204862975807 0
0 354 0 1
354
0.006944800000000001 0.00540454416451173 0
0 355 0 1
355
0.006879999999999999 0.005400879286811431 0
0 356 0 1
356
0.006815200000000001 0.005400097714447478 0
0 357 0 1
357
0.006750399999999999 0.005402441667876861 0
0 358 0 1
358
0.006685600000000001 0.005407901988372279 0
0 359 0 1
359
0.006620800000000001 0.005416457340362055 0
0 360 0 1
360
0.006555999999999999 0.005428074294796416 0
0 361 0 1
361
0.006491200000000001 0.005442707459767653 0
0 362 0 1
362
0.0064264 0.005460299657873747 0
0 363 0 1
363
0.006361599999999999 0.005480782149632469 0
0 364 0 1
364
0.006296800000000001 0.005504074902072969 0
0 365 0 1
365
0.006232 0.005530086901455359 0
0 366 0 1
366
0.006167200000000001 0.005558716508896402 0
0 367 0 1
367
0.006102399999999999 0.005589851857511694 0
0 368 0 1
368
0.0060376 0.005623371289522606 0
0 369 0 1
369
0.005972800000000001 0.005659143831619996 0
0 370 0 1
370
0.005907999999999999 0.005697029706727292 0
0 371 0 1
371
0.0058432 0.005736880880163271 0
0 372 0 1
372
0.0057784 0.00577854163807048 0
0 373 0 1
373
0.0057136 0.005821849195849148 0
0 374 0 1
374
0.005648800000000002 0.005866634334219211 0
0 375 0 1
375
0.005584 0.0059127220604251 0
0 376 0 1
376
0.0055192 0.005959932291999728 0
0 377 0 1
377
0.0054544 0.006008080560415923 0
0 378 0 1
378
0.0053896 0.006056978731875897 0
0 379 0 1
379
0.005324800000000002 0.006106435742422335 0
0 380 0 1
380
0.00526 0.006156258344498732 0
0 381 0 1
381
0.0051952 0.006206251862041906 0
0 382 0 1
382
0.0051304 0.006256220951156233 0
0 383 0 1
383
0.0050656 0.00630597036339735 0
0 384 0 1
384
0.0050008 0.006355305708682902 0
0 385 0 1
385
0.004936 0.006404034214849342 0
0 386 0 1
386
0.0048712 0.006451965480886888 0
0 387 0 1
387
0.0048064 0.006498912220909488 0
0 388 0 1
388
0.0047416 0.006544690995952777 0
0 389 0 1
389
0.0046768 0.006589122930740649 0
0 390 0 1
390
0.004612 0.006632034412619742 0
0 391 0 1
391
0.0045472 0.006673257769930818 0
0 392 0 1
392
0.0044824 0.006712631927166421 0
0 393 0 1
393
0.004417600000000001 0.006750003034354805 0
0 394 0 1
394
0.0043528 0.006785225068210935 0
0 395 0 1
395
0.004288 0.00681816040270561 0
0 396 0 1
396
0.004223200000000001 0.006848680346823269 0
0 397 0 1
397
0.0041584 0.006876665647407279 0
0 398 0 1
398
0.0040936 0.006902006955127865 0
0 399 0 1
399
0.004028800000000001 0.006924605251751992 0
0 400 0 1
400
0.003964000000000001 0.006944372237045669 0
0 401 0 1
401
0.003899200000000001 0.006961230673796916 0
0 402 0 1
402
0.0038344 0.006975114689611251 0
0 403 0 1
403
0.003769600000000001 0.006985970034300461 0
0 404 0 1
404
0.003704800000000001 0.006993754291858949 0
0 405 0 1
405
0.003639999999999999 0.006998437046199372 0
0 406 0 1
406
0 0.007 0
1 1 0 3
407
408
409
0.0001000000000000001 0 0
0.0002000000000000005 0 0
0.0003000000000000004 0 0
1 2 0 0
1 3 0 0
1 4 0 0
1 5 0 0
1 6 0 0
1 7 0 0
1 8 0 0
1 9 0 0
1 10 0 0
1 11 0 0
1 12 0 0
1 13 0 0
1 14 0 0
1 15 0 0
1 16 0 0
1 17 0 0
1 18 0 0
1 19 0 0
1 20 0 0
1 21 0 0
1 22 0 0
1 23 0 0
1 24 0 0
1 25 0 0
1 26 0 0
1 27 0 0
1 28 0 0
1 29 0 0
1 30 0 0
1 31 0 0
1 32 0 0
1 33 0 0
1 34 0 0
1 35 0 0
1 36 0 0
1 37 0 0
1 38 0 0
1 39 0 0
1 40 0 0
1 41 0 0
1 42 0 0
1 43 0 0
1 44 0 0
1 45 0 0
1 46 0 0
1 47 0 0
1 48 0 0
1 49 0 0
1 50 0 0
1 51 0 0
1 52 0 0
1 53 0 0
1 54 0 0
1 55 0 0
1 56 0 0
1 57 0 0
1 58 0 0
1 59 0 0
1 60 0 0
1 61 0 0
1 62 0 0
1 63 0 0
1 64 0 0
1 65 0 0
1 66 0 0
1 67 0 0
1 68 0 0
1 69 0 0
1 70 0 0
1 71 0 0
1 72 0 0
1 73 0 0
1 74 0 0
1 75 0 0
1 76 0 0
1 77 0 0
1 78 0 0
1 79 0 0
1 80 0 0
1 81 0 0
1 82 0 0
1 83 0 0
1 84 0 0
1 85 0 0
1 86 0 0
1 87 0 0
1 88 0 0
1 89 0 0
1 90 0 0
1 91 0 0
1 92 0 0
1 93 0 0
1 94 0 0
1 95 0 0
1 96 0 0
1 97 0 0
1 98 0 0
1 99 0 0
1 100 0 0
1 101 0 0
1 102 0 0
1 103 0 0
1 104 0 0
1 105 0 0
1 106 0 0
1 107 0 0
1 108 0 0
1 109 0 0
1 110 0 0
1 111 0 0
1 112 0 0
1 113 0 0
1 114 0 0
1 115 0 0
1 116 0 0
1 117 0 0
1 118 0 0
1 119 0 0
1 120 0 0
1 121 0 0
1 122 0 0
1 123 0 0
1 124 0 0
1 125 0 0
1 126 0 0
1 127 0 0
1 128 0 0
1 129 0 0
1 130 0 0
1 131 0 0
1 132 0 0
1 133 0 0
1 134 0 0
1 135 0 0
1 136 0 0
1 137 0 0
1 138 0 0
1 139 0 0
1 140 0 0
1 141 0 0
1 142 0 0
1 143 0 0
1 144 0 0
1 145 0 0
1 146 0 0
1 147 0 0
1 148 0 0
1 149 0 0
1 150 0 0
1 151 0 0
1 152 0 0
1 153 0 0
1 154 0 0
1 155 0 0
1 156 0 0
1 157 0 0
1 158 0 0
1 159 0 0
1 160 0 0
1 161 0 0
1 162 0 0
1 163 0 0
1 164 0 0
1 165 0 0
1 166 0 0
1 167 0 0
1 168 0 0
1 169 0 0
1 170 0 0
1 171 0 0
1 172 0 0
1 173 0 0
1 174 0 0
1 175 0 0
1 176 0 0
1 177 0 0
1 178 0 0
1 179 0 0
1 180 0 0
1 181 0 0
1 182 0 0
1 183 0 0
1 184 0 0
1 185 0 0
1 186 0 0
1 187 0 0
1 188 0 0
1 189 0 0
1 190 0 0
1 191 0 0
1 192 0 0
1 193 0 0
1 194 0 0
1 195 0 0
1 196 0 0
1 197 0 0
1 198 0 0
1 199 0 0
1 200 0 0
1 201 0 0
1 202 0 36
410
411
412
413
414
415
416
417
418
419
420
421
422
423
424
425
426
427
428
429
430
431
432
433
434
435
436
437
438
439
440
441
442
443
444
445
0.01345837837837838 1.520711806015663e-06 0
0.01355675675675676 1.478469811404117e-06 0
0.01365513513513514 1.436227816792571e-06 0
0.01375351351351352 1.393985822181024e-06 0
0.01385189189189189 1.351743827569478e-06 0
0.01395027027027027 1.309501832957932e-06 0
0.01404864864864865 1.267259838346386e-06 0
0.01414702702702703 1.22501784373484e-06 0
0.01424540540540541 1.182775849123293e-06 0
0.01434378378378379 1.140533854511747e-06 0
0.01444216216216217 1.098291859900201e-06 0
0.01454054054054054 1.056049865288654e-06 0
0.01463891891891892 1.013807870677108e-06 0
0.0147372972972973 9.715658760655617e-07 0
0.01483567567567568 9.293238814540153e-07 0
0.01493405405405406 8.87081886842469e-07 0
0.01503243243243244 8.448398922309228e-07 0
0.01513081081081082 8.025978976193765e-07 0
0.01522918918918919 7.603559030078302e-07 0
0.01532756756756757 7.181139083962839e-07 0
0.01542594594594595 6.758719137847378e-07 0
0.01552432432432433 6.336299191731918e-07 0
0.01562270270270271 5.913879245616458e-07 0
0.01572108108108108 5.491459299500997e-07 0
0.01581945945945946 5.069039353385535e-07 0
0.01591783783783784 4.646619407270075e-07 0
0.01601621621621622 4.224199461154615e-07 0
0.0161145945945946 3.801779515039154e-07 0
0.01621297297297298 3.379359568923694e-07 0
0.01631135135135135 2.956939622808233e-07 0
0.01640972972972973 2.534519676692773e-07 0
0.01650810810810811 2.112099730577313e-07 0
0.01660648648648649 1.68967978446185e-07 0
0.01670486486486487 1.267259838346386e-07 0
0.01680324324324324 8.448398922309241e-08 0
0.01690162162162162 4.2241994611546e-08 0
1 203 0 69
446
447
448
449
450
451
452
453
454
455
456
457
458
459
460
461
462
463
464
465
466
467
468
469
470
471
472
473
474
475
476
477
478
479
480
481
482
483
484
485
486
487
488
489
490
491
492
493
494
495
496
497
498
499
500
501
502
503
504
505
506
507
508
509
510
511
512
513
514
0.017 0.0001004889753318174 0
0.017 0.0002027235942011327 0
0.017 0.0003026835413452336 0
0.017 0.0004026434884893345 0
0.017 0.0005026034356334354 0
0.017 0.0006025633827775363 0
0.017 0.0007025233299216374 0
0.017 0.0008024832770657382 0
0.017 0.000902443224209839 0
0.017 0.00100240317135394 0
0.017 0.001102363118498041 0
0.017 0.001202323065642142 0
0.017 0.001302283012786243 0
0.017 0.001402242959930344 0
0.017 0.001502202907074445 0
0.017 0.001602162854218546 0
0.017 0.001702122801362647 0
0.017 0.001802082748506747 0
0.017 0.001902042695650848 0
0.017 0.002002002642794949 0
0.017 0.00210196258993905 0
0.017 0.002201922537083152 0
0.017 0.002301882484227252 0
0.017 0.002401842431371354 0
0.017 0.002501802378515455 0
0.017 0.002601762325659555 0
0.017 0.002701722272803656 0
0.017 0.002801682219947758 0
0.017 0.002901642167091858 0
0.017 0.00300160211423596 0
0.017 0.00310156206138006 0
0.017 0.003201522008524161 0
0.017 0.003301481955668262 0
0.017 0.003401441902812363 0
0.017 0.003501401849956464 0
0.017 0.003601361797100566 0
0.017 0.003701321744244666 0
0.017 0.003801281691388768 0
0.017 0.003901241638532868 0
0.017 0.00400120158567697 0
0.017 0.004101161532821071 0
0.017 0.004201121479965172 0
0.017 0.004301081427109273 0
0.017 0.004401041374253374 0
0.017 0.004501001321397475 0
0.017 0.004600961268541576 0
0.017 0.004700921215685677 0
0.017 0.004800881162829778 0
0.017 0.004900841109973878 0
0.017 0.00500080105711798 0
0.017 0.005100761004262081 0
0.017 0.005200720951406182 0
0.017 0.005300680898550282 0
0.017 0.005400640845694383 0
0.017 0.005500600792838485 0
0.017 0.005600560739982586 0
0.017 0.005700520687126687 0
0.017 0.005800480634270788 0
0.017 0.005900440581414889 0
0.017 0.00600040052855899 0
0.017 0.006100360475703091 0
0.017 0.006200320422847192 0
0.017 0.006300280369991293 0
0.017 0.006400240317135394 0
0.017 0.006500200264279495 0
0.017 0.006600160211423596 0
0.017 0.006700120158567698 0
0.017 0.006800080105711798 0
0.017 0.0069000400528559 0
1 204 0 3
515
516
517
0.0169 0.007 0
0.0168 0.007 0
0.0167 0.007 0
1 205 0 0
1 206 0 0
1 207 0 0
1 208 0 0
1 209 0 0
1 210 0 0
1 211 0 0
1 212 0 0
1 213 0 0
1 214 0 0
1 215 0 0
1 216 0 0
1 217 0 0
1 218 0 0
1 219 0 0
1 220 0 0
1 221 0 0
1 222 0 0
1 223 0 0
1 224 0 0
1 225 0 0
1 226 0 0
1 227 0 0
1 228 0 0
1 229 0 0
1 230 0 0
1 231 0 0
1 232 0 0
1 233 0 0
1 234 0 0
1 235 0 0
1 236 0 0
1 237 0 0
1 238 0 0
1 239 0 0
1 240 0 0
1 241 0 0
1 242 0 0
1 243 0 0
1 244 0 0
1 245 0 0
1 246 0 0
1 247 0 0
1 248 0 0
1 249 0 0
1 250 0 0
1 251 0 0
1 252 0 0
1 253 0 0
1 254 0 0
1 255 0 0
1 256 0 0
1 257 0 0
1 258 0 0
1 259 0 0
1 260 0 0
1 261 0 0
1 262 0 0
1 263 0 0
1 264 0 0
1 265 0 0
1 266 0 0
1 267 0 0
1 268 0 0
1 269 0 0
1 270 0 0
1 271 0 0
1 272 0 0
1 273 0 0
1 274 0 0
1 275 0 0
1 276 0 0
1 277 0 0
1 278 0 0
1 279 0 0
1 280 0 0
1 281 0 0
1 282 0 0
1 283 0 0
1 284 0 0
1 285 0 0
1 286 0 0
1 287 0 0
1 288 0 0
1 289 0 0
1 290 0 0
1 291 0 0
1 292 0 0
1 293 0 0
1 294 0 0
1 295 0 0
1 296 0 0
1 297 0 0
1 298 0 0
1 299 0 0
1 300 0 0
1 301 0 0
1 302 0 0
1 303 0 0
1 304 0 0
1 305 0 0
1 306 0 0
1 307 0 0
1 308 0 0
1 309 0 0
1 310 0 0
1 311 0 0
1 312 0 0
1 313 0 0
1 314 0 0
1 315 0 0
1 316 0 0
1 317 0 0
1 318 0 0
1 319 0 0
1 320 0 0
1 321 0 0
1 322 0 0
1 323 0 0
1 324 0 0
1 325 0 0
1 326 0 0
1 327 0 0
1 328 0 0
1 329 0 0
1 330 0 0
1 331 0 0
1 332 0 0
1 333 0 0
1 334 0 0
1 335 0 0
1 336 0 0
1 337 0 0
1 338 0 0
1 339 0 0
1 340 0 0
1 341 0 0
1 342 0 0
1 343 0 0
1 344 0 0
1 345 0 0
1 346 0 0
1 347 0 0
1 348 0 0
1 349 0 0
1 350 0 0
1 351 0 0
1 352 0 0
1 353 0 0
1 354 0 0
1 355 0 0
1 356 0 0
1 357 0 0
1 358 0 0
1 359 0 0
1 360 0 0
1 361 0 0
1 362 0 0
1 363 0 0
1 364 0 0
1 365 0 0
1 366 0 0
1 367 0 0
1 368 0 0
1 369 0 0
1 370 0 0
1 371 0 0
1 372 0 0
1 373 0 0
1 374 0 0
1 375 0 0
1 376 0 0
1 377 0 0
1 378 0 0
1 379 0 0
1 380 0 0
1 381 0 0
1 382 0 0
1 383 0 0
1 384 0 0
1 385 0 0
1 386 0 0
1 387 0 0
1 388 0 0
1 389 0 0
1 390 0 0
1 391 0 0
1 392 0 0
1 393 0 0
1 394 0 0
1 395 0 0
1 396 0 0
1 397 0 0
1 398 0 0
1 399 0 0
1 400 0 0
1 401 0 0
1 402 0 0
1 403 0 0
1 404 0 0
1 405 0 36
518
519
520
521
522
523
524
525
526
527
528
529
530
531
532
533
534
535
536
537
538
539
540
541
542
543
544
545
546
547
548
549
550
551
552
553
0.00354162162162162 0.006998479288193984 0
0.003443243243243242 0.006998521530188595 0
0.003344864864864863 0.006998563772183206 0
0.003246486486486485 0.006998606014177819 0
0.003148108108108106 0.00699864825617243 0
0.003049729729729728 0.006998690498167042 0
0.00295135135135135 0.006998732740161653 0
0.002852972972972971 0.006998774982156264 0
0.002754594594594593 0.006998817224150876 0
0.002656216216216215 0.006998859466145488 0
0.002557837837837836 0.0069989017081401 0
0.002459459459459457 0.006998943950134711 0
0.002361081081081079 0.006998986192129322 0
0.0022627027027027 0.006999028434123934 0
0.002164324324324321 0.006999070676118545 0
0.002065945945945943 0.006999112918113158 0
0.001967567567567564 0.006999155160107769 0
0.001869189189189185 0.00699919740210238 0
0.001770810810810807 0.006999239644096992 0
0.001672432432432429 0.006999281886091603 0
0.001574054054054051 0.006999324128086215 0
0.001475675675675673 0.006999366370080827 0
0.001377297297297295 0.006999408612075438 0
0.001278918918918917 0.00699945085407005 0
0.001180540540540539 0.006999493096064661 0
0.001082162162162161 0.006999535338059273 0
0.0009837837837837827 0.006999577580053884 0
0.0008854054054054048 0.006999619822048496 0
0.0007870270270270268 0.006999662064043108 0
0.0006886486486486488 0.006999704306037719 0
0.0005902702702702708 0.006999746548032331 0
0.0004918918918918929 0.006999788790026942 0
0.0003935135135135149 0.006999831032021554 0
0.0002951351351351356 0.006999873274016166 0
0.0001967567567567572 0.006999915516010777 0
9.837837837837841e-05 0.006999957758005389 0
1 406 0 69
554
555
556
557
558
559
560
561
562
563
564
565
566
567
568
569
570
571
572
573
574
575
576
577
578
579
580
581
582
583
584
585
586
587
588
589
590
591
592
593
594
595
596
597
598
599
600
601
602
603
604
605
606
607
608
609
610
611
612
613
614
615
616
617
618
619
620
621
622
0 0.006899511024668183 0
0 0.006797276405798867 0
0 0.006697316458654767 0
0 0.006597356511510666 0
0 0.006497396564366565 0
0 0.006397436617222464 0
0 0.006297476670078362 0
0 0.006197516722934262 0
0 0.006097556775790161 0
0 0.005997596828646061 0
0 0.005897636881501959 0
0 0.005797676934357858 0
0 0.005697716987213757 0
0 0.005597757040069656 0
0 0.005497797092925555 0
0 0.005397837145781454 0
0 0.005297877198637353 0
0 0.005197917251493253 0
0 0.005097957304349152 0
0 0.004997997357205051 0
0 0.00489803741006095 0
0 0.004798077462916849 0
0 0.004698117515772747 0
0 0.004598157568628646 0
0 0.004498197621484545 0
0 0.004398237674340445 0
0 0.004298277727196344 0
0 0.004198317780052242 0
0 0.004098357832908142 0
0 0.003998397885764041 0
0 0.00389843793861994 0
0 0.003798477991475839 0
0 0.003698518044331738 0
0 0.003598558097187637 0
0 0.003498598150043536 0
0 0.003398638202899434 0
0 0.003298678255755334 0
0 0.003198718308611233 0
0 0.003098758361467132 0
0 0.00299879841432303 0
0 0.002898838467178929 0
0 0.002798878520034828 0
0 0.002698918572890727 0
0 0.002598958625746627 0
0 0.002498998678602525 0
0 0.002399038731458424 0
0 0.002299078784314323 0
0 0.002199118837170222 0
0 0.002099158890026122 0
0 0.00199919894288202 0
0 0.001899238995737919 0
0 0.001799279048593818 0
0 0.001699319101449718 0
0 0.001599359154305617 0
0 0.001499399207161516 0
0 0.001399439260017414 0
0 0.001299479312873313 0
0 0.001199519365729212 0
0 0.001099559418585111 0
0 0.0009995994714410098 0
0 0.0008996395242969095 0
0 0.0007996795771528084 0
0 0.0006997196300087072 0
0 0.0005997596828646061 0
0 0.0004997997357205049 0
0 0.0003998397885764046 0
0 0.0002998798414323026 0
0 0.0001999198942882023 0
0 9.995994714410029e-05 0
2 1 0 3719
623
624
625
626
627
628
629
630
631
632
633
634
635
636
637
638
639
640
641
642
643
644
645
646
647
648
649
650
651
652
653
654
655
656
657
658
659
660
661
662
663
664
665
666
667
668
669
670
671
672
673
674
675
676
677
678
679
680
681
682
683
684
685
686
687
688
689
690
691
692
693
694
695
696
697
698
699
700
701
702
703
704
705
706
707
708
709
710
711
712
713
714
715
716
717
718
719
720
721
722
723
724
725
726
727
728
729
730
731
732
733
734
735
736
737
738
739
740
741
742
743
744
745
746
747
748
749
750
751
752
753
754
755
756
757
758
759
760
761
762
763
764
765
766
767
768
769
770
771
772
773
774
775
776
777
778
779
780
781
782
783
784
785
786
787
788
789
790
791
792
793
794
795
796
797
798
799
800
801
802
803
804
805
806
807
808
809
810
811
812
813
814
815
816
817
818
819
820
821
822
823
824
825
826
827
828
829
830
831
832
833
834
835
836
837
838
839
840
841
842
843
844
845
846
847
848
849
850
851
852
853
854
855
856
857
858
859
860
861
862
863
864
865
866
867
868
869
870
871
872
873
874
875
876
877
878
879
880
881
882
883
884
885
886
887
888
889
890
891
892
893
894
895
896
897
898
899
900
901
902
903
904
905
906
907
908
909
910
911
912
913
914
915
916
917
918
919
920
921
922
923
924
925
926
927
928
929
930
931
932
933
934
935
936
937
938
939
940
941
942
943
944
945
946
947
948
949
950
951
952
953
954
955
956
957
958
959
960
961
962
963
964
965
966
967
968
969
970
971
972
973
974
975
976
977
978
979
980
981
982
983
984
985
986
987
988
989
990
991
992
993
994
995
996
997
998
999
1000
1001
1002
1003
1004
1005
1006
1007
1008
1009
1010
1011
1012
1013
1014
1015
1016
1017
1018
1019
1020
1021
1022
1023
1024
1025
1026
1027
1028
1029
1030
1031
1032
1033
1034
1035
1036
1037
1038
1039
1040
1041
1042
1043
1044
1045
1046
1047
1048
1049
1050
1051
1052
1053
1054
1055
1056
1057
1058
1059
1060
1061
1062
1063
1064
1065
1066
1067
1068
1069
1070
1071
1072
1073
1074
1075
1076
1077
1078
1079
1080
1081
1082
1083
1084
1085
1086
1087
1088
1089
1090
1091
1092
1093
1094
1095
1096
1097
1098
1099
1100
1101
1102
1103
1104
1105
1106
1107
1108
1109
1110
1111
1112
1113
1114
1115
1116
1117
1118
1119
1120
1121
1122
1123
1124
1125
1126
1127
1128
1129
1130
1131
1132
1133
1134
1135
1136
1137
1138
1139
1140
1141
1142
1143
1144
1145
1146
1147
1148
1149
1150
1151
1152
1153
1154
1155
1156
1157
1158
1159
1160
1161
1162
1163
1164
1165
1166
1167
1168
1169
1170
1171
1172
1173
1174
1175
1176
1177
1178
1179
1180
1181
1182
1183
1184
1185
1186
1187
1188
1189
1190
1191
1192
1193
1194
1195
1196
1197
1198
1199
1200
1201
1202
1203
1204
1205
1206
1207
1208
1209
1210
1211
1212
1213
1214
1215
1216
1217
1218
1219
1220
1221
1222
1223
1224
1225
1226
1227
1228
1229
1230
1231
1232
1233
1234
1235
1236
1237
1238
1239
1240
1241
1242
1243
1244
1245
1246
1247
1248
1249
1250
1251
1252
1253
1254
1255
1256
1257
1258
1259
1260
1261
1262
1263
1264
1265
1266
1267
1268
1269
1270
1271
1272
1273
1274
1275
1276
1277
1278
1279
1280
1281
1282
1283
1284
1285
1286
1287
1288
1289
1290
1291
1292
1293
1294
1295
1296
1297
1298
1299
1300
1301
1302
1303
1304
1305
1306
1307
1308
1309
1310
1311
1312
1313
1314
1315
1316
1317
1318
1319
1320
1321
1322
1323
1324
1325
1326
1327
1328
1329
1330
1331
1332
1333
1334
1335
1336
1337
1338
1339
1340
1341
1342
1343
1344
1345
1346
1347
1348
1349
1350
1351
1352
1353
1354
1355
1356
1357
1358
1359
1360
1361
1362
1363
1364
1365
1366
1367
1368
1369
1370
1371
1372
1373
1374
1375
1376
1377
1378
1379
1380
1381
1382
1383
1384
1385
1386
1387
1388
1389
1390
1391
1392
1393
1394
1395
1396
1397
1398
1399
1400
1401
1402
1403
1404
1405
1406
1407
1408
1409
1410
1411
1412
1413
1414
1415
1416
1417
1418
1419
1420
1421
1422
1423
1424
1425
1426
1427
1428
1429
1430
1431
1432
1433
1434
1435
1436
1437
1438
1439
1440
1441
1442
1443
1444
1445
1446
1447
1448
1449
1450
1451
1452
1453
1454
1455
1456
1457
1458
1459
1460
1461
1462
1463
1464
1465
1466
1467
1468
1469
1470
1471
1472
1473
1474
1475
1476
1477
1478
1479
1480
1481
1482
1483
1484
1485
1486
1487
1488
1489
1490
1491
1492
1493
1494
1495
1496
1497
1498
1499
1500
1501
1502
1503
1504
1505
1506
1507
1508
1509
1510
1511
1512
1513
1514
1515
1516
1517
1518
1519
1520
1521
1522
1523
1524
1525
1526
1527
1528
1529
1530
1531
1532
1533
1534
1535
1536
1537
1538
1539
1540
1541
1542
1543
1544
1545
1546
1547
1548
1549
1550
1551
1552
1553
1554
1555
1556
1557
1558
1559
1560
1561
1562
1563
1564
1565
1566
1567
1568
1569
1570
1571
1572
1573
1574
1575
1576
1577
1578
1579
1580
1581
1582
1583
1584
1585
1586
1587
1588
1589
1590
1591
1592
1593
1594
1595
1596
1597
1598
1599
1600
1601
1602
1603
1604
1605
1606
1607
1608
1609
1610
1611
1612
1613
1614
1615
1616
1617
1618
1619
1620
1621
1622
1623
1624
1625
1626
1627
1628
1629
1630
1631
1632
1633
1634
1635
1636
1637
1638
1639
1640
1641
1642
1643
1644
1645
1646
1647
1648
1649
1650
1651
1652
1653
1654
1655
1656
1657
1658
1659
1660
1661
1662
1663
1664
1665
1666
1667
1668
1669
1670
1671
1672
1673
1674
1675
1676
1677
1678
1679
1680
1681
1682
1683
1684
1685
1686
1687
1688
1689
1690
1691
1692
1693
1694
1695
1696
1697
1698
1699
1700
1701
1702
1703
1704
1705
1706
1707
1708
1709
1710
1711
1712
1713
1714
1715
1716
1717
1718
1719
1720
1721
1722
1723
1724
1725
1726
1727
1728
1729
1730
1731
1732
1733
1734
1735
1736
1737
1738
1739
1740
1741
1742
1743
1744
1745
1746
1747
1748
1749
1750
1751
1752
1753
1754
1755
1756
1757
1758
1759
1760
1761
1762
1763
1764
1765
1766
1767
1768
1769
1770
1771
1772
1773
1774
1775
1776
1777
1778
1779
1780
1781
1782
1783
1784
1785
1786
1787
1788
1789
1790
1791
1792
1793
1794
1795
1796
1797
1798
1799
1800
1801
1802
1803
1804
1805
1806
1807
1808
1809
1810
1811
1812
1813
1814
1815
1816
1817
1818
1819
1820
1821
1822
1823
1824
1825
1826
1827
1828
1829
1830
1831
1832
1833
1834
1835
1836
1837
1838
1839
1840
1841
1842
1843
1844
1845
1846
1847
1848
1849
1850
1851
1852
1853
1854
1855
1856
1857
1858
1859
1860
1861
1862
1863
1864
1865
1866
1867
1868
1869
1870
1871
1872
1873
1874
1875
1876
1877
1878
1879
1880
1881
1882
1883
1884
1885
1886
1887
1888
1889
1890
1891
1892
1893
1894
1895
1896
1897
1898
1899
1900
1901
1902
1903
1904
1905
1906
1907
1908
1909
1910
1911
1912
1913
1914
1915
1916
1917
1918
1919
1920
1921
1922
1923
1924
1925
1926
1927
1928
1929
1930
1931
1932
1933
1934
1935
1936
1937
1938
1939
1940
1941
1942
1943
1944
1945
1946
1947
1948
1949
1950
1951
1952
1953
1954
1955
1956
1957
1958
1959
1960
1961
1962
1963
1964
1965
1966
1967
1968
1969
1970
1971
1972
1973
1974
1975
1976
1977
1978
1979
1980
1981
1982
1983
1984
1985
1986
1987
1988
1989
1990
1991
1992
1993
1994
1995
1996
1997
1998
1999
2000
2001
2002
2003
2004
2005
2006
2007
2008
2009
2010
2011
2012
2013
2014
2015
2016
2017
2018
2019
2020
2021
2022
2023
2024
2025
2026
2027
2028
2029
2030
2031
2032
2033
2034
2035
2036
2037
2038
2039
2040
2041
2042
2043
2044
2045
2046
2047
2048
2049
2050
2051
2052
2053
2054
2055
2056
2057
2058
2059
2060
2061
2062
2063
2064
2065
2066
2067
2068
2069
2070
2071
2072
2073
2074
2075
2076
2077
2078
2079
2080
2081
2082
2083
2084
2085
2086
2087
2088
2089
2090
2091
2092
2093
2094
2095
2096
2097
2098
2099
2100
2101
2102
2103
2104
2105
2106
2107
2108
2109
2110
2111
2112
2113
2114
2115
2116
2117
2118
2119
2120
2121
2122
2123
2124
2125
2126
2127
2128
2129
2130
2131
2132
2133
2134
2135
2136
2137
2138
2139
2140
2141
2142
2143
2144
2145
2146
2147
2148
2149
2150
2151
2152
2153
2154
2155
2156
2157
2158
2159
2160
2161
2162
2163
2164
2165
2166
2167
2168
2169
2170
2171
2172
2173
2174
2175
2176
2177
2178
2179
2180
2181
2182
2183
2184
2185
2186
2187
2188
2189
2190
2191
2192
2193
2194
2195
2196
2197
2198
2199
2200
2201
2202
2203
2204
2205
2206
2207
2208
2209
2210
2211
2212
2213
2214
2215
2216
2217
2218
2219
2220
2221
2222
2223
2224
2225
2226
2227
2228
2229
2230
2231
2232
2233
2234
2235
2236
2237
2238
2239
2240
2241
2242
2243
2244
2245
2246
2247
2248
2249
2250
2251
2252
2253
2254
2255
2256
2257
2258
2259
2260
2261
2262
2263
2264
2265
2266
2267
2268
2269
2270
2271
2272
2273
2274
2275
2276
2277
2278
2279
2280
2281
2282
2283
2284
2285
2286
2287
2288
2289
2290
2291
2292
2293
2294
2295
2296
2297
2298
2299
2300
2301
2302
2303
2304
2305
2306
2307
2308
2309
2310
2311
2312
2313
2314
2315
2316
2317
2318
2319
2320
2321
2322
2323
2324
2325
2326
2327
2328
2329
2330
2331
2332
2333
2334
2335
2336
2337
2338
2339
2340
2341
2342
2343
2344
2345
2346
2347
2348
2349
2350
2351
2352
2353
2354
2355
2356
2357
2358
2359
2360
2361
2362
2363
2364
2365
2366
2367
2368
2369
2370
2371
2372
2373
2374
2375
2376
2377
2378
2379
2380
2381
2382
2383
2384
2385
2386
2387
2388
2389
2390
2391
2392
2393
2394
2395
2396
2397
2398
2399
2400
2401
2402
2403
2404
2405
2406
2407
2408
2409
2410
2411
2412
2413
2414
2415
2416
2417
2418
2419
2420
2421
2422
2423
2424
2425
2426
2427
2428
2429
2430
2431
2432
2433
2434
2435
2436
2437
2438
2439
2440
2441
2442
2443
2444
2445
2446
2447
2448
2449
2450
2451
2452
2453
2454
2455
2456
2457
2458
2459
2460
2461
2462
2463
2464
2465
2466
2467
2468
2469
2470
2471
2472
2473
2474
2475
2476
2477
2478
2479
2480
2481
2482
2483
2484
2485
2486
2487
2488
2489
2490
2491
2492
2493
2494
2495
2496
2497
2498
2499
2500
2501
2502
2503
2504
2505
2506
2507
2508
2509
2510
2511
2512
2513
2514
2515
2516
2517
2518
2519
2520
2521
2522
2523
2524
2525
2526
2527
2528
2529
2530
2531
2532
2533
2534
2535
2536
2537
2538
2539
2540
2541
2542
2543
2544
2545
2546
2547
2548
2549
2550
2551
2552
2553
2554
2555
2556
2557
2558
2559
2560
2561
2562
2563
2564
2565
2566
2567
2568
2569
2570
2571
2572
2573
2574
2575
2576
2577
2578
2579
2580
2581
2582
2583
2584
2585
2586
2587
2588
2589
2590
2591
2592
2593
2594
2595
2596
2597
2598
2599
2600
2601
2602
2603
2604
2605
2606
2607
2608
2609
2610
2611
2612
2613
2614
2615
2616
2617
2618
2619
2620
2621
2622
2623
2624
2625
2626
2627
2628
2629
2630
2631
2632
2633
2634
2635
2636
2637
2638
2639
2640
2641
2642
2643
2644
2645
2646
2647
2648
2649
2650
2651
2652
2653
2654
2655
2656
2657
2658
2659
2660
2661
2662
2663
2664
2665
2666
2667
2668
2669
2670
2671
2672
2673
2674
2675
2676
2677
2678
2679
2680
2681
2682
2683
2684
2685
2686
2687
2688
2689
2690
2691
2692
2693
2694
2695
2696
2697
2698
2699
2700
2701
2702
2703
2704
2705
2706
2707
2708
2709
2710
2711
2712
2713
2714
2715
2716
2717
2718
2719
2720
2721
2722
2723
2724
2725
2726
2727
2728
2729
2730
2731
2732
2733
2734
2735
2736
2737
2738
2739
2740
2741
2742
2743
2744
2745
2746
2747
2748
2749
2750
2751
2752
2753
2754
2755
2756
2757
2758
2759
2760
2761
2762
2763
2764
2765
2766
2767
2768
2769
2770
2771
2772
2773
2774
2775
2776
2777
2778
2779
2780
2781
2782
2783
2784
2785
2786
2787
2788
2789
2790
2791
2792
2793
2794
2795
2796
2797
2798
2799
2800
2801
2802
2803
2804
2805
2806
2807
2808
2809
2810
2811
2812
2813
2814
2815
2816
2817
2818
2819
2820
2821
2822
2823
2824
2825
2826
2827
2828
2829
2830
2831
2832
2833
2834
2835
2836
2837
2838
2839
2840
2841
2842
2843
2844
2845
2846
2847
2848
2849
2850
2851
2852
2853
2854
2855
2856
2857
2858
2859
2860
2861
2862
2863
2864
2865
2866
2867
2868
2869
2870
2871
2872
2873
2874
2875
2876
2877
2878
2879
2880
2881
2882
2883
2884
2885
2886
2887
2888
2889
2890
2891
2892
2893
2894
2895
2896
2897
2898
2899
2900
2901
2902
2903
2904
2905
2906
2907
2908
2909
2910
2911
2912
2913
2914
2915
2916
2917
2918
2919
2920
2921
2922
2923
2924
2925
2926
2927
2928
2929
2930
2931
2932
2933
2934
2935
2936
2937
2938
2939
2940
2941
2942
2943
2944
2945
2946
2947
2948
2949
2950
2951
2952
2953
2954
2955
2956
2957
2958
2959
2960
2961
2962
2963
2964
2965
2966
2967
2968
2969
2970
2971
2972
2973
2974
2975
2976
2977
2978
2979
2980
2981
2982
2983
2984
2985
2986
2987
2988
2989
2990
2991
2992
2993
2994
2995
2996
2997
2998
2999
3000
3001
3002
3003
3004
3005
3006
3007
3008
3009
3010
3011
3012
3013
3014
3015
3016
3017
3018
3019
3020
3021
3022
3023
3024
3025
3026
3027
3028
3029
3030
3031
3032
3033
3034
3035
3036
3037
3038
3039
3040
3041
3042
3043
3044
3045
3046
3047
3048
3049
3050
3051
3052
3053
3054
3055
3056
3057
3058
3059
3060
3061
3062
3063
3064
3065
3066
3067
3068
3069
3070
3071
3072
3073
3074
3075
3076
3077
3078
3079
3080
3081
3082
3083
3084
3085
3086
3087
3088
3089
3090
3091
3092
3093
3094
3095
3096
3097
3098
3099
3100
3101
3102
3103
3104
3105
3106
3107
3108
3109
3110
3111
3112
3113
3114
3115
3116
3117
3118
3119
3120
3121
3122
3123
3124
3125
3126
3127
3128
3129
3130
3131
3132
3133
3134
3135
3136
3137
3138
3139
3140
3141
3142
3143
3144
3145
3146
3147
3148
3149
3150
3151
3152
3153
3154
3155
3156
3157
3158
3159
3160
3161
3162
3163
3164
3165
3166
3167
3168
3169
3170
3171
3172
3173
3174
3175
3176
3177
3178
3179
3180
3181
3182
3183
3184
3185
3186
3187
3188
3189
3190
3191
3192
3193
3194
3195
3196
3197
3198
3199
3200
3201
3202
3203
3204
3205
3206
3207
3208
3209
3210
3211
3212
3213
3214
3215
3216
3217
3218
3219
3220
3221
3222
3223
3224
3225
3226
3227
3228
3229
3230
3231
3232
3233
3234
3235
3236
3237
3238
3239
3240
3241
3242
3243
3244
3245
3246
3247
3248
3249
3250
3251
3252
3253
3254
3255
3256
3257
3258
3259
3260
3261
3262
3263
3264
3265
3266
3267
3268
3269
3270
3271
3272
3273
3274
3275
3276
3277
3278
3279
3280
3281
3282
3283
3284
3285
3286
3287
3288
3289
3290
3291
3292
3293
3294
3295
3296
3297
3298
3299
3300
3301
3302
3303
3304
3305
3306
3307
3308
3309
3310
3311
3312
3313
3314
3315
3316
3317
3318
3319
3320
3321
3322
3323
3324
3325
3326
3327
3328
3329
3330
3331
3332
3333
3334
3335
3336
3337
3338
3339
3340
3341
3342
3343
3344
3345
3346
3347
3348
3349
3350
3351
3352
3353
3354
3355
3356
3357
3358
3359
3360
3361
3362
3363
3364
3365
3366
3367
3368
3369
3370
3371
3372
3373
3374
3375
3376
3377
3378
3379
3380
3381
3382
3383
3384
3385
3386
3387
3388
3389
3390
3391
3392
3393
3394
3395
3396
3397
3398
3399
3400
3401
3402
3403
3404
3405
3406
3407
3408
3409
3410
3411
3412
3413
3414
3415
3416
3417
3418
3419
3420
3421
3422
3423
3424
3425
3426
3427
3428
3429
3430
3431
3432
3433
3434
3435
3436
3437
3438
3439
3440
3441
3442
3443
3444
3445
3446
3447
3448
3449
3450
3451
3452
3453
3454
3455
3456
3457
3458
3459
3460
3461
3462
3463
3464
3465
3466
3467
3468
3469
3470
3471
3472
3473
3474
3475
3476
3477
3478
3479
3480
3481
3482
3483
3484
3485
3486
3487
3488
3489
3490
3491
3492
3493
3494
3495
3496
3497
3498
3499
3500
3501
3502
3503
3504
3505
3506
3507
3508
3509
3510
3511
3512
3513
3514
3515
3516
3517
3518
3519
3520
3521
3522
3523
3524
3525
3526
3527
3528
3529
3530
3531
3532
3533
3534
3535
3536
3537
3538
3539
3540
3541
3542
3543
3544
3545
3546
3547
3548
3549
3550
3551
3552
3553
3554
3555
3556
3557
3558
3559
3560
3561
3562
3563
3564
3565
3566
3567
3568
3569
3570
3571
3572
3573
3574
3575
3576
3577
3578
3579
3580
3581
3582
3583
3584
3585
3586
3587
3588
3589
3590
3591
3592
3593
3594
3595
3596
3597
3598
3599
3600
3601
3602
3603
3604
3605
3606
3607
3608
3609
3610
3611
3612
3613
3614
3615
3616
3617
3618
3619
3620
3621
3622
3623
3624
3625
3626
3627
3628
3629
3630
3631
3632
3633
3634
3635
3636
3637
3638
3639
3640
3641
3642
3643
3644
3645
3646
3647
3648
3649
3650
3651
3652
3653
3654
3655
3656
3657
3658
3659
3660
3661
3662
3663
3664
3665
3666
3667
3668
3669
3670
3671
3672
3673
3674
3675
3676
3677
3678
3679
3680
3681
3682
3683
3684
3685
3686
3687
3688
3689
3690
3691
3692
3693
3694
3695
3696
3697
3698
3699
3700
3701
3702
3703
3704
3705
3706
3707
3708
3709
3710
3711
3712
3713
3714
3715
3716
3717
3718
3719
3720
3721
3722
3723
3724
3725
3726
3727
3728
3729
3730
3731
3732
3733
3734
3735
3736
3737
3738
3739
3740
3741
3742
3743
3744
3745
3746
3747
3748
3749
3750
3751
3752
3753
3754
3755
3756
3757
3758
3759
3760
3761
3762
3763
3764
3765
3766
3767
3768
3769
3770
3771
3772
3773
3774
3775
3776
3777
3778
3779
3780
3781
3782
3783
3784
3785
3786
3787
3788
3789
3790
3791
3792
3793
3794
3795
3796
3797
3798
3799
3800
3801
3802
3803
3804
3805
3806
3807
3808
3809
3810
3811
3812
3813
3814
3815
3816
3817
3818
3819
3820
3821
3822
3823
3824
3825
3826
3827
3828
3829
3830
3831
3832
3833
3834
3835
3836
3837
3838
3839
3840
3841
3842
3843
3844
3845
3846
3847
3848
3849
3850
3851
3852
3853
3854
3855
3856
3857
3858
3859
3860
3861
3862
3863
3864
3865
3866
3867
3868
3869
3870
3871
3872
3873
3874
3875
3876
3877
3878
3879
3880
3881
3882
3883
3884
3885
3886
3887
3888
3889
3890
3891
3892
3893
3894
3895
3896
3897
3898
3899
3900
3901
3902
3903
3904
3905
3906
3907
3908
3909
3910
3911
3912
3913
3914
3915
3916
3917
3918
3919
3920
3921
3922
3923
3924
3925
3926
3927
3928
3929
3930
3931
3932
3933
3934
3935
3936
3937
3938
3939
3940
3941
3942
3943
3944
3945
3946
3947
3948
3949
3950
3951
3952
3953
3954
3955
3956
3957
3958
3959
3960
3961
3962
3963
3964
3965
3966
3967
3968
3969
3970
3971
3972
3973
3974
3975
3976
3977
3978
3979
3980
3981
3982
3983
3984
3985
3986
3987
3988
3989
3990
3991
3992
3993
3994
3995
3996
3997
3998
3999
4000
4001
4002
4003
4004
4005
4006
4007
4008
4009
4010
4011
4012
4013
4014
4015
4016
4017
4018
4019
4020
4021
4022
4023
4024
4025
4026
4027
4028
4029
4030
4031
4032
4033
4034
4035
4036
4037
4038
4039
4040
4041
4042
4043
4044
4045
4046
4047
4048
4049
4050
4051
4052
4053
4054
4055
4056
4057
4058
4059
4060
4061
4062
4063
4064
4065
4066
4067
4068
4069
4070
4071
4072
4073
4074
4075
4076
4077
4078
4079
4080
4081
4082
4083
4084
4085
4086
4087
4088
4089
4090
4091
4092
4093
4094
4095
4096
4097
4098
4099
4100
4101
4102
4103
4104
4105
4106
4107
4108
4109
4110
4111
4112
4113
4114
4115
4116
4117
4118
4119
4120
4121
4122
4123
4124
4125
4126
4127
4128
4129
4130
4131
4132
4133
4134
4135
4136
4137
4138
4139
4140
4141
4142
4143
4144
4145
4146
4147
4148
4149
4150
4151
4152
4153
4154
4155
4156
4157
4158
4159
4160
4161
4162
4163
4164
4165
4166
4167
4168
4169
4170
4171
4172
4173
4174
4175
4176
4177
4178
4179
4180
4181
4182
4183
4184
4185
4186
4187
4188
4189
4190
4191
4192
4193
4194
4195
4196
4197
4198
4199
4200
4201
4202
4203
4204
4205
4206
4207
4208
4209
4210
4211
4212
4213
4214
4215
4216
4217
4218
4219
4220
4221
4222
4223
4224
4225
4226
4227
4228
4229
4230
4231
4232
4233
4234
4235
4236
4237
4238
4239
4240
4241
4242
4243
4244
4245
4246
4247
4248
4249
4250
4251
4252
4253
4254
4255
4256
4257
4258
4259
4260
4261
4262
4263
4264
4265
4266
4267
4268
4269
4270
4271
4272
4273
4274
4275
4276
4277
4278
4279
4280
4281
4282
4283
4284
4285
4286
4287
4288
4289
4290
4291
4292
4293
4294
4295
4296
4297
4298
4299
4300
4301
4302
4303
4304
4305
4306
4307
4308
4309
4310
4311
4312
4313
4314
4315
4316
4317
4318
4319
4320
4321
4322
4323
4324
4325
4326
4327
4328
4329
4330
4331
4332
4333
4334
4335
4336
4337
4338
4339
4340
4341
0.003534228154994047 0.001648532033572758 0
0.0134594437824826 0.00535659282766431 0
0.01014902698259411 0.001657086993297789 0
0.006850459722558176 0.005331526406906472 0
0.003883959195677141 0.001650042622813633 0
0.01312492088005661 0.005360035539378649 0
0.01048454755135075 0.001629900448330377 0
0.00650383503199682 0.005372169433369557 0
0.009747295828797731 0.001599191417507608 0
0.007248431135060747 0.005408732982904643 0
0.004212276675679363 0.00154714747913867 0
0.01279390825108115 0.005426250995368267 0
0.008355773419410142 0.000784996965837329 0
0.008632041271681379 0.006215318343047505 0
0.01380674681658547 0.005407420383294628 0
0.003203093944627453 0.001595669584805707 0
0.004805344785389373 0.006429961203838808 0
0.01220168441918164 0.0005804412882064042 0
0.005400207151628015 0.0008439079670775986 0
0.01159849386873446 0.006153677234586126 0
0.005308306256410246 0.006020022395730972 0
0.01167990458203648 0.0009789962183286852 0
0.007653520859506787 0.005551459783070873 0
0.008182707793018711 0.005876126335837157 0
0.008823187097933229 0.001115297798655591 0
0.01082723584815941 0.001511777068320099 0
0.006164132281988793 0.00548969907548234 0
0.009344654486124076 0.001447685769416187 0
0.00280374787723542 0.006915172495095082 0
0.01420029920621301 8.849416253885667e-05 0
0.004941840285916261 0.00116866866079829 0
0.01206579299952052 0.005823981006878268 0
0.01122592189047543 0.001305448550993847 0
0.005768981971126517 0.005688755738659316 0
8.18096696520703e-05 0.004245464723681308 0
0.01690064347887083 0.002753356379872668 0
0.009204123508170108 0.006598855245198147 0
0.006039223514449233 0.0004125018678068433 0
0.002860867388252257 0.001451609181357688 0
0.01414369721714824 0.005553378477849149 0
0.004544945423127737 0.001418833681342756 0
0.01244948751860326 0.005590837438523513 0
0.01109690548788593 0.006506814340963955 0
0.01690376003260027 0.003446606109531272 0
7.481207747793428e-05 0.003566481592454806 0
0.007852048736033131 0.0004532792670946103 0
0.01488965599196762 8.846488212265044e-05 0
0.002115098552494692 0.006913893622257057 0
0.004166736717014183 0.006806954433978884 0
0.01282944831261804 0.0001833828990940377 0
0.01691101352221079 0.002146661763555836 0
8.483554435464828e-05 0.004851069105573758 0
0.01446572569853467 0.005737658925935843 0
0.002535692543632739 0.001255883900255793 0
8.432329279199798e-05 0.002945521990296308 0
0.01691950612560578 0.004053384005789094 0
0.010392906835384 0.006820229075141036 0
0.007093281960222983 0.0001606360828829948 0
0.003394945200819429 0.006914909182602274 0
0.01360693208054451 8.554523679722139e-05 0
0.01478916108570186 0.005990676133157439 0
0.002205136475217933 0.001022867658557313 0
0.01691343214641226 0.001552182880646497 0
8.656785358774136e-05 0.005447817119353504 0
8.584349806351789e-05 0.002347911362160453 0
0.01690497402094218 0.00465907900768376 0
0.0153760754283379 9.228109037639652e-05 0
0.00161433365918268 0.006913015981028554 0
0.009709184766967704 0.006795187062270116 0
0.01511973011549777 0.006210207808584965 0
0.001875952347494611 0.0007715473975932084 0
0.006476138503052505 0.0002077659975685659 0
0.01690290504256543 0.005146586118259714 0
8.245573910712831e-05 0.001843955642140125 0
0.001563986340509887 0.0005373426398452967 0
0.01544188376599894 0.006464264148263137 0
0.01586868333708958 8.127251184144408e-05 0
0.001133262842467985 0.006910730357352958 0
0.005711177932843169 0.0006148533345679283 0
0.0157573371519566 0.006675592949071196 0
0.001242560038510079 0.0003312703760559215 0
0.009072522119777524 0.001305769690841949 0
0.007928881688903421 0.005697201245741017 0
0.007481625683080932 0.0002552311514972807 0
0.01691137548809386 0.005652923902749735 0
8.810329255910451e-05 0.001337479330015416 0
0.01691427742780516 0.001041022929993824 0
8.231009719041234e-05 0.005944053314987187 0
0.01078012285438116 0.006681670730669364 0
0.00447518448055912 0.006640343398324294 0
0.01251909615142575 0.0003775320206826781 0
0.0160695472580455 0.006824189447525516 0
0.0009337978195028424 0.0001571852344029278 0
0.005067755025494695 0.006235523073630041 0
0.01194392691837605 0.0007841550600768128 0
0.01321897078821607 8.663422967508964e-05 0
0.003792630265176433 0.006924610575914035 0
0.008890579094384286 0.006379770516036151 0
0.01134455250066158 0.00632862170597108 0
8.656785358774136e-05 0.0009496194978689592 0
0.01691690813652853 0.006050380502131053 0
0.008106413662213029 0.0006173172865168624 0
0.01003859797164687 0.006851789139884316 0
0.01625969487546906 8.339486467753713e-05 0
0.0007358240452143361 0.006914870545626993 0
0.00678408236920473 0.0001581597946130079 0
0.0006236737749664347 6.686353708096511e-05 0
0.01639275527975612 0.006914480123624268 0
0.009946977045056734 0.001644433293542111 0
0.00704573861814187 0.005357701201621202 0
0.009469543459362092 0.006695703992312851 0
0.009543753960689804 0.001536475016486776 0
0.007454260554268618 0.005457549476681272 0
9.319192779697408e-05 0.006357410411993651 0
0.01689842054010869 0.0006468511626318819 0
0.00596781437659742 0.005575077188143183 0
0.01102555763268896 0.001414458205806685 0
0.01141923155095883 0.001169097615947704 0
0.005581027682870368 0.005844301109093796 0
0.01226105494474521 0.005712883023230936 0
0.004751836868271358 0.001297916203486637 0
0.01691228327949607 0.003745569732008697 0
0.01691473198912878 0.004348806900207149 0
0.01691808360814581 0.003149211195845411 0
0.01692875347336779 0.001847231701987057 0
0.01691343214641226 0.002451822404943407 0
8.630021008943119e-05 0.002646203921499676 0
8.830076742039235e-05 0.004561884444743641 0
8.273082004733694e-05 0.003253582883371679 0
9.394793030425078e-05 0.003848987647226809 0
8.105668295077875e-05 0.0006497396564366467 0
8.933816329087865e-05 0.00514793937340959 0
0.01690935415372867 0.006360994659860709 0
0.01449138793399179 8.627534572138796e-05 0
0.002510625942095644 0.006916044807471107 0
0.003106238096516299 0.006918755106783069 0
0.01391607480529293 0.0001000972996329777 0
0.01185877642615657 0.005957103298207819 0
0.005141417848992881 0.001044280673360572 0
0.008604935927095882 0.000994225304844415 0
0.008370758731918344 0.006024670452598682 0
0.01656186905138929 8.241272583432496e-05 0
0.0004331226001984007 0.0069046875840612 0
0.006218438391547258 0.000302271089556987 0
0.007663880202358063 0.0003510300468815763 0
0.01665181728110341 0.006926787572836295 0
0.0003500000000000048 7.136865392211181e-05 0
0.01058638940687673 0.006770802471704331 0
0.007282167207587526 0.0002065440172071731 0
0.003978515415751567 0.006876359398954259 0
0.01301732174453277 0.0001138177915817012 0
0.01021077993249622 0.006857598728027955 0
0.01691520143879575 0.0003600324425809664 0
8.690615745727583e-05 0.006646127271659552 0
0.003590780439922872 0.006927726689371618 0
0.01341084233374397 6.247045850039544e-05 0
0.01691343214641226 0.006650140184995653 0
8.656785358774136e-05 0.0003498598150043514 0
0.01691343214641226 0.002951622140663916 0
0.01691215029286945 0.004956557709935298 0
0.016919305848028 0.00085684907947164 0
0.01691008965230799 0.001352938321144827 0
0.01690843528946298 0.005452317008971608 0
0.01691270081852489 0.005852528081063579 0
9.104742126331278e-05 0.00403913614096128 0
8.656785358774136e-05 0.00614753674936221 0
8.650561611385672e-05 0.002049178916454064 0
8.094820830527143e-05 0.001545807945737776 0
8.656785358774136e-05 0.005647737013641706 0
7.56026020841058e-05 0.001159585530662814 0
0.01468853824759001 9.273203921682715e-05 0
0.01606571033899224 7.991139352586879e-05 0
0.0009368450218077149 0.006921558470908263 0
0.01557565086992606 0.0001015075149829008 0
0.01507730832283042 7.544820672042906e-05 0
0.00181996341735956 0.006914020348240893 0
0.002311855839460572 0.00691504395481317 0
0.001320505773993787 0.00690206824417447 0
0.01035419029661413 0.001643795965994741 0
0.006643106040043431 0.005333813763626167 0
0.01366100562223755 0.005384937410003844 0
0.003335362542890755 0.001641237594512995 0
0.01062672431369022 0.001596688799348975 0
0.006376874494193899 0.005408932694149159 0
0.01332220660722124 0.005342672355300694 0
0.003690057875713398 0.001663639896989639 0
0.003064997041158449 0.001544545119861654 0
0.01393239853520951 0.005444762184926322 0
0.01298820176156994 0.005377551665249735 0
0.004006972396077214 0.001627958928354113 0
0.002730961929504342 0.001379798073916648 0
0.01427138919444584 0.005609840029466099 0
0.004350540373377344 0.001513856466627869 0
0.01265244234558882 0.005483443557536832 0
0.007781865444267935 0.005618145973811295 0
0.009212246952175984 0.001375456929523608 0
0.002394823766216054 0.001157190204363846 0
0.01459552666107639 0.005832994738353971 0
0.008055454119252719 0.005775962556633667 0
0.008951833651363818 0.001201958599641779 0
0.01156137362914505 0.001068278932072054 0
0.005442509309936489 0.005927540302583684 0
0.01491951183845143 0.006073271082988284 0
0.002074111039720856 0.000924695084202877 0
0.01182110688451673 0.0008784743834789111 0
0.00517603357895309 0.006129499595518133 0
0.005265885080412572 0.0009274544638470652 0
0.01173621044106018 0.006058249415173494 0
0.008509574503147552 0.006109511791824229 0
0.00848257648777247 0.0009096371003087878 0
0.01524386219396735 0.006332015370324654 0
0.001755138706408677 0.0006800243539742917 0
0.005532358092224031 0.0007516639689650511 0
0.01208497873377616 0.0006791623252084202 0
0.004923760810266454 0.006322773596636787 0
0.01147293856509229 0.006251486206076988 0
0.008771671763607698 0.006293710866624346 0
0.008229393745983894 0.0007070768925721413 0
0.01232443403508756 0.0004952774410009247 0
0.004674890251437102 0.006505776307849726 0
0.001429689511963636 0.0004445562326925909 0
0.01556742540164391 0.006556331292585094 0
0.009023513486061068 0.006469177696796368 0
0.005848357709549143 0.0005333229752839544 0
0.0112170502263753 0.006431446511261891 0
0.007978242239429728 0.0005263363170789149 0
0.01095563508954831 0.006585959310374088 0
0.0126431537319699 0.0002907939232057065 0
0.004345863289409746 0.006704421952190133 0
0.001114259132346319 0.0002661982275282836 0
0.01587500544304164 0.006736938614450193 0
0.01675600810063512 7.919398623837783e-05 0
0.0002625330333527933 0.006921217287333735 0
0.009336193573242399 0.006647772594935432 0
0.006354378657853628 0.0002610736306712701 0
0.01621411309533449 0.006873648303455184 0
0.0007949683430156541 0.0001268615445485866 0
0.009592679837094538 0.006763360270156261 0
0.006599058680730898 0.0001662816858537964 0
0.009831727948354494 0.006846493622060405 0
0.006977080809404251 0.0001424348572412726 0
0.0004857341760994126 7.004008309891658e-05 0
0.01650371020986723 0.006938457641660822 0
0.01684144403909935 0.006910289640231253 0
0.000150000000000013 8.660254037844367e-05 0
7.946758901183383e-05 0.006845779951538431 0
0.0169016560522205 0.0001534571339549366 0
0.0002529342574751296 8.243712529064275e-05 0
0.0003120762974490147 0.0001626946313925902 0
0.0004221544096551302 0.0001391683422414121 0
0.0003780978501913643 0.0002426041747675112 0
0.000478832444366856 0.0002275098803453234 0
0.0004397455117819953 0.000330168358727981 0
0.0005529341856360098 0.0003133585296842272 0
0.000508353702734228 0.0004204476799469655 0
0.0006252630414749841 0.0004049149588399932 0
0.0005812959583399238 0.0005305260420760574 0
0.0007253705543109725 0.0004924325452225356 0
0.0006664361531821834 0.0006480591602295561 0
0.0008221162443503918 0.0006275233934583168 0
0.0007583387172289732 0.0007786090662035608 0
0.0009266033541867006 0.0007589555159925833 0
0.0008459846182295016 0.0009256191757169023 0
0.00105854910678279 0.0008880264576004758 0
0.0009539875438584911 0.0010745611656754 0
0.001156081587084327 0.00104664893890579 0
0.001069876285059581 0.001230669967077649 0
0.001263822968399848 0.001198606275723264 0
0.001198736844370944 0.00138818577301532 0
0.001407619718229483 0.001364553787526861 0
0.001327745600116814 0.001562191454960149 0
0.001572475658412405 0.001524269468561475 0
0.001460290286417374 0.001745303286760949 0
0.001685891683058511 0.001720880077723333 0
0.001594037306157665 0.001938056407908915 0
0.001834103699073305 0.001914892216394248 0
0.001735236677523969 0.002135859139123513 0
0.001988112380172638 0.002112740242985612 0
0.00188501834758904 0.002349398836101797 0
0.002152953160247647 0.002323611466767564 0
0.00203277252749754 0.002572198022773757 0
0.002322447892591712 0.002540052226350472 0
0.002182141567799707 0.002816791573463193 0
0.002500282122395116 0.002780130937407194 0
0.002364756277491499 0.003084003108407822 0
0.002702742204253679 0.003037236212660404 0
0.002555575722893056 0.003365602078153298 0
0.002930651656796619 0.003308186743807853 0
0.002777864355154231 0.003658608764287344 0
0.003221895208649116 0.003571611907039761 0
0.003021221111723529 0.003968071735196569 0
0.003409554848208424 0.003922033493905473 0
0.002614866934866415 0.004013865100572587 0
0.003254984233561263 0.004292182098168421 0
0.003631668670930414 0.00423101700648919 0
0.003806677741862556 0.003884727353298561 0
0.001976884269830554 0.003124259929363766 0
0.004036848020007815 0.004250331624863574 0
0.004202778253672924 0.003818284149581234 0
0.003471577305255089 0.004597667700254358 0
0.001611274550166456 0.002382465607296311 0
0.004456500616783548 0.00415171200217938 0
0.00459976854257065 0.003770145771827224 0
0.004842615664375693 0.004084005464827681 0
0.004990120485465907 0.003717703639221354 0
0.005227008514096719 0.004024883143482203 0
0.005384852888394004 0.003667615038971299 0
0.005164469419687799 0.00336987510104979 0
0.005542419428843322 0.003332093609043782 0
0.005778299825955535 0.003628930485447362 0
0.005931001422694541 0.003269462673368818 0
0.006155421946669678 0.003583142674080365 0
0.006322359923488662 0.003230563925446465 0
0.006546016197793015 0.003598223528537131 0
0.006709374577357578 0.003188574327701267 0
0.006941413515973762 0.003508732023366163 0
0.00709913548912529 0.003142412349459376 0
0.007330777307305122 0.003460234664765426 0
0.006845803732221299 0.002810917908053459 0
0.007492183298478327 0.003098254950973748 0
0.007723812672093631 0.003401602811098313 0
0.007888705867198234 0.003053984632015199 0
0.008120043720880269 0.003357522921532188 0
0.00562851622381557 0.002949603880161611 0
0.008277130637672164 0.003011128465383629 0
0.008511865256509477 0.003331316787724272 0
0.008288260364812694 0.003724926174721829 0
0.008726122489613226 0.0036591061399378 0
0.008889227757393149 0.003282882474035094 0
0.009134305415972221 0.00360510576139459 0
0.008990671848018232 0.003982111607989594 0
0.00938756360015712 0.003934520980343596 0
0.009557249703248945 0.003508988347515129 0
0.009782359607436794 0.003879875842011139 0
0.009629537341103771 0.004253963288984072 0
0.01002748663655244 0.004205528989400888 0
0.01018166943072958 0.003837727351199531 0
0.01042709689230591 0.004156640266400834 0
0.01058313871260953 0.003790723121446158 0
0.01082276859527379 0.004107573205961601 0
0.01097871714724312 0.003753988175901348 0
0.009862956701187291 0.00456894517526336 0
0.01123709174320043 0.004113892008058803 0
0.01140054566126692 0.003655145670073328 0
0.01162617210838238 0.004002363662775182 0
0.01177055041696505 0.003650121464304623 0
0.01197147670456774 0.003942916706906832 0
0.01212468459687326 0.003590816948931029 0
0.0119279135979841 0.00329568268099056 0
0.0123020139199569 0.003245481398550753 0
0.01250900612596319 0.003616652088545551 0
0.01269432164959212 0.003215894148648061 0
0.01291801560678505 0.00353461882447014 0
0.01308780997653948 0.003175020293009393 0
0.01331206224824002 0.003488395488466258 0
0.01348048340771627 0.003131184713780273 0
0.01374455136569392 0.003489642724996692 0
0.01388033691206869 0.003095749739735404 0
0.01414220874142264 0.00339145978159316 0
0.01427796333906532 0.003048171259197063 0
0.01363178386371288 0.002781584868798558 0
0.01451846229668748 0.003366180737160834 0
0.01467279348328089 0.003011724130311382 0
0.01244414816152425 0.002903945171893764 0
0.01496790231486202 0.003345419260561411 0
0.01476441083033263 0.003688440507151924 0
0.01508346073733253 0.002953161641674478 0
0.01483734967476708 0.002653834553568267 0
0.008064681224234205 0.002710073325371781 0
0.01514051476607046 0.003692969267847992 0
0.01496814495354863 0.004012550370621939 0
0.001201124924864284 0.001755773512311243 0
0.0152230184340494 0.002601356739047319 0
0.01499476418394296 0.002297203573524567 0
0.01078975638718044 0.003397482805586753 0
0.01101533979045927 0.004440846531743421 0
0.003023758390635507 0.002982112093913809 0
0.004716447713024648 0.004438716915048898 0
0.01534078152677657 0.003979524026873244 0
0.01518051986799096 0.004297891242720879 0
0.01536357430628411 0.002268518128764185 0
0.01514821269347339 0.001965095850522841 0
0.01455594220362666 0.004019504137476083 0
0.007605953434611824 0.003768824794843585 0
0.01553375049815824 0.001955909798600116 0
0.01530444085780361 0.001655840470125974 0
0.01495832774409295 0.001675360680512659 0
0.01548789430056032 0.003694312148074299 0
0.01552124826140972 0.004265591530863163 0
0.01538582007625853 0.004571317142646595 0
0.01566149266661482 0.001627226822341511 0
0.008409015632123595 0.002665901444874135 0
0.008228598472616757 0.002399287090393862 0
0.01351323226073143 0.003809958589254662 0
0.01182690431575424 0.004313202849684849 0
0.0122009389613574 0.004201953293167416 0
0.006026225801475263 0.00389338354419137 0
0.006820318302535349 0.003783753779803195 0
0.01545153511248878 0.001373339823294841 0
0.01573977090393313 0.001333136791690907 0
0.01558433542451656 0.002556453620092482 0
0.01569338859173738 0.004539798771096669 0
0.01558505013613848 0.004820621643704471 0
0.01507301861912711 0.00462859586357598 0
0.008522168029037701 0.002358702421624278 0
0.008389607043812674 0.002099622482364818 0
0.00808013742250125 0.002140917688586704 0
0.008210483606292777 0.001896705888501175 0
0.007944186968830431 0.001905420440742 0
0.0158355719381208 0.004265782944967962 0
0.00259206003053051 0.002508496948609627 0
0.0008588940747928844 0.001244867612732825 0
0.01206646703633017 0.0045258224607786 0
0.01233829223685316 0.004484618411558923 0
0.01580034985514139 0.001871565739492342 0
0.01583963281344869 0.004784585972063821 0
0.01573344986257837 0.005046034143510053 0
0.01548459260054041 0.005088336964333449 0
0.01562380721728471 0.005325047360409795 0
0.01588505901418739 0.005270514786388833 0
0.01579829232363088 0.005498950863822519 0
0.008090864992292255 0.001668089331591384 0
0.007821084827160447 0.001686692761732795 0
0.0160563846864239 0.005469781832098672 0
0.01590872690056182 0.005716175067221109 0
0.01558968193369643 0.001087394068294821 0
0.01530822785750956 0.001128886871967808 0
0.01585577025684042 0.001099141879238139 0
0.00794866876228202 0.001489075442227066 0
0.007718751445492372 0.001455425292799819 0
0.01600025559695711 0.00129080778058462 0
0.01608355906175754 0.001070425397415946 0
0.007571415696133643 0.001691796410059278 0
0.007450201782271955 0.001472879644284688 0
0.008653008661994938 0.002110419339023235 0
0.00878782142356602 0.002305501551911207 0
0.007568710748296102 0.001262595421744036 0
0.007334984367888514 0.001261970636514801 0
0.007194475695940582 0.001464131319765098 0
0.007091354213109622 0.00120383734547718 0
0.006931934851155422 0.001447981339613136 0
0.006818376580680343 0.001213486512454702 0
0.006664742897495992 0.001432940411784029 0
0.006556773548903301 0.001174144255893928 0
0.00640962232544111 0.001404658379585442 0
0.003095554141054305 0.004663695464502103 0
0.003336392842070366 0.004974883796655558 0
0.002955757165780609 0.005031907542792626 0
0.003194068741631565 0.005302037000125714 0
0.002834765585348835 0.005329408325664762 0
0.00355340256121283 0.00527194740924368 0
0.00338796412425253 0.005585850129217213 0
0.003727737283158609 0.005553890015153331 0
0.003622864967878825 0.005830329971530065 0
0.003316484018413452 0.005907798271958041 0
0.003888491360616865 0.005795298094747214 0
0.002591499532519682 0.005084452725778452 0
0.002489746160283248 0.005443867427322258 0
0.002241419232508373 0.005154120350896902 0
0.002123181227136597 0.00547753577258338 0
0.001889731352816668 0.005216697849244618 0
0.001793623935521249 0.005527178960800835 0
0.001561188550073641 0.005282157928582861 0
0.001476793716473371 0.005613930718353489 0
0.001227394513802545 0.005337540350493654 0
0.001348412118271876 0.005054838090364661 0
0.0011258324229452 0.005626910783106081 0
0.001315858273894033 0.005847402702967436 0
0.00106432961378095 0.005880214964415487 0
0.002314639911001233 0.005727979347207294 0
0.001081264536097176 0.005106006638287607 0
0.001129262642814113 0.004854366802377405 0
0.01223208785828254 0.004722198891141009 0
0.0120002944648313 0.00476946325536408 0
0.0124748973579703 0.004720122582532954 0
0.002247557469354739 0.002061007350864735 0
0.001422338387497607 0.004789129190814883 0
0.001223025119641165 0.004596319975960175 0
0.01612189235347038 0.005245552696306328 0
0.00695586315045593 0.001004588747027684 0
0.003795161623905278 0.006022264998733359 0
0.004054076778631534 0.006010675381343185 0
0.004132059668294621 0.005788667542505677 0
0.0009872821385010673 0.004632507589780411 0
0.00104768591708055 0.004402126988007646 0
0.001325028917761087 0.004318795191922155 0
0.001096185157459796 0.00415442832504632 0
0.01535359792141977 0.005355726236915158 0
0.006279384028874425 0.001177881841828925 0
0.006161822305147027 0.001389640131866625 0
0.006285709180346501 0.001604881435884031 0
0.00602916936032207 0.001570379656113734 0
0.001226344999876561 0.006072007131957382 0
0.0009882291113794198 0.006094971980856399 0
0.01615320189483391 0.005682326967096201 0
0.01605820521943823 0.005880095098304667 0
0.01593517126167173 0.0008784353240338899 0
0.016160857827167 0.0008646459993487906 0
0.0008425788702977758 0.00592730572196766 0
0.0007500481289408585 0.006131514565146811 0
0.008884348625751567 0.002054519566641147 0
0.009016616465414469 0.002243204198330603 0
0.008734799767683077 0.001918917822010396 0
0.009490759010759579 0.004624050327822106 0
0.009699505679788289 0.00491370237945034 0
0.00936695969562383 0.004966646316600726 0
0.009556815167526846 0.005242414250164318 0
0.009885771788461731 0.005198060024513928 0
0.009767429736325555 0.005491906321266048 0
0.01004842087542654 0.005468878501135933 0
0.009918165166526494 0.005741122870787168 0
0.01019341528456775 0.005714735949268824 0
0.009237340857029173 0.005268272226437877 0
0.009067944906581239 0.0050348605354259 0
0.009681884775567957 0.005715611401790357 0
0.01009292239222096 0.005945752511475982 0
0.01034022964746578 0.005947231523706138 0
0.0104430389820892 0.005717134625934093 0
0.008959541948303951 0.005285573553534669 0
0.008807940638468917 0.005105024984160953 0
0.01058715581632275 0.005930741281116848 0
0.01068128214234557 0.005723753580110524 0
0.001448951294609384 0.006049554266788288 0
0.007458805940716434 0.001064868097199405 0
0.004335879991780328 0.003413870287557313 0
0.006407760311412296 0.001001056121259907 0
0.01541011313955493 0.000901652996333433 0
0.01518281874084432 0.0009170389889786019 0
0.008731095172231446 0.005328627798562692 0
0.008586171904871752 0.005163228505221003 0
0.008869825489964355 0.005495715791703347 0
0.0008930693358448292 0.004245709275083099 0
0.0008985413375531192 0.004009015232293087 0
0.01568343856976008 0.00570996626215067 0
0.005942286332485707 0.001374986858604197 0
0.005798568959687597 0.001548737188313857 0
0.004263200857727647 0.005956943235876566 0
0.004353963191242489 0.005778691831470011 0
0.000670323825077453 0.0009399672855651985 0
0.01056813390501647 0.005515777826872921 0
0.01080541872906831 0.00552651694448579 0
0.0109148741572684 0.005728339274794368 0
0.01103343336495939 0.005543408833662664 0
0.001115369707142554 0.003894603824598489 0
0.0009397775805803435 0.003771130450649435 0
0.01216145658826796 0.004953201149090398 0
0.01194284548515396 0.004984184975251921 0
0.01020870281091822 0.006134806500172478 0
0.01000873949360449 0.00615245081417904 0
0.009100828531038566 0.002049842707652458 0
0.009223315727968336 0.002202111212131614 0
0.001914010832479202 0.001693118512546658 0
0.005875413346314069 0.00174479643692841 0
0.00565552063107012 0.001709934481534723 0
0.01627322935008461 0.005845989518342544 0
0.0162110419029249 0.006035688055619375 0
0.008148339517896619 0.001457965513015588 0
0.008051869758074079 0.001311531554760339 0
0.004239270055836085 0.005594135767907783 0
0.004459156599437112 0.005596603879362975 0
0.01623145722398628 0.001248280095516533 0
0.01258219977112456 0.004471985170913401 0
0.01270011970574306 0.004674293601330919 0
0.004563221312451516 0.005800418545025493 0
0.004665846329507574 0.005609431229843387 0
0.003939681535605231 0.006195540456974246 0
0.003745265630451085 0.006231888040280863 0
0.01598058278536803 0.006063325276669113 0
0.01609124142261629 0.00623536111617831 0
0.01628964470561851 0.006206660000092522 0
0.01112252103726107 0.00573058719213383 0
0.01123200907950091 0.005566596285160699 0
0.001377521166287981 0.006244634115114653 0
0.001573530777699964 0.006224382181885627 0
0.00780097644596345 0.002137227144043466 0
0.005591667419211483 0.001526331418575198 0
0.005447142776782774 0.001673999147603972 0
0.005510166105709115 0.001870950171788559 0
0.005305230659039148 0.001818853441424798 0
0.0008849211360329873 0.00628703888004587 0
0.0007065707703204221 0.006318890390082965 0
0.005356409245386942 0.002020999267911818 0
0.005144257668582708 0.001965723673212921 0
0.005574504495980764 0.002081293945655261 0
0.005221157969782749 0.002172149910627621 0
0.004994232717531308 0.002122015450409484 0
0.004936658743686933 0.001917718354732606 0
0.004795361282129033 0.002064348619634818 0
0.004841445867882317 0.002269111290560022 0
0.004639308022457292 0.002202952337214432 0
0.000744704290056933 0.003842279733171805 0
0.000760822325444859 0.003627379117179759 0
0.0009672379929232646 0.003551627576489901 0
0.0007811789792984032 0.003419981117511175 0
0.0009891545542071627 0.003337759841922663 0
0.0008185861332147548 0.003206855790993067 0
0.001208453789143309 0.003468035446609166 0
0.01527367383212737 0.0007025194453942796 0
0.01506764712191668 0.0007369558171891094 0
0.01497288316747341 0.0009177257997799943 0
0.01487771504486491 0.0007505320332530422 0
0.01476888847712586 0.0009187892276290048 0
0.01467923441261682 0.0007260647187735687 0
0.01456563969826776 0.0009149186253110796 0
0.0144596275812694 0.0007397341976941277 0
0.01435897199729237 0.0009166272262328607 0
0.0142610703585177 0.0007502976949822376 0
0.01415522031309692 0.0009186852646346621 0
0.01406851904333623 0.0007179499019310497 0
0.01394899825638359 0.000916019209290663 0
0.01405403676213318 0.001112023479937959 0
0.01382370229809246 0.001106389871687622 0
0.01373244089777927 0.0009182634585550259 0
0.01359223631099827 0.001097489106951794 0
0.01350681573820628 0.0008677186504442241 0
0.01336232723662588 0.001078129401102609 0
0.01346310855299708 0.001306434419160071 0
0.01320990900230348 0.00128946396371652 0
0.01325503620113852 0.0008718971669989905 0
0.01394781560185754 0.001319316821606846 0
0.01331855484823043 0.001535716239655685 0
0.01303979455494071 0.001510544401289615 0
0.01292429938079784 0.001258610837280715 0
0.01277466299100081 0.001469085917195966 0
0.01266815486626304 0.001255687187438509 0
0.01253748053497642 0.001432790482051406 0
0.01245549864592908 0.001246246838465837 0
0.01233011808253916 0.001405175980302125 0
0.01240166968846984 0.001604406905707629 0
0.01217090036228482 0.001548256910613222 0
0.01286730522450667 0.001726738993742584 0
0.01257004807846069 0.001078508893117137 0
0.01226188077705102 0.001773261658504299 0
0.01204560885135363 0.001727929109862855 0
0.006219965908567155 0.0009846486592705876 0
0.008529229090329327 0.005379539313725276 0
0.008392721300457475 0.005210116177763737 0
0.008442892978510213 0.005011829140787682 0
0.008229276424688386 0.005082072621254879 0
0.00829609438459155 0.004858830233390848 0
0.008094536301274194 0.004918676130212031 0
0.01102370279706941 0.005892284957746338 0
0.01635438438841263 0.005678492156761637 0
0.01337949528084337 0.0006956196773675407 0
0.01318899450530702 0.0006825090261217805 0
0.01196638995983202 0.001536137733639869 0
0.0118263528464546 0.00166171106310593 0
0.0119023338202685 0.001883816424698651 0
0.01170983026037316 0.001831649063175138 0
0.01176016344621224 0.00203762055478234 0
0.01155229180687125 0.001970694523015511 0
0.01161342592888524 0.002195816184630794 0
0.01139902624978305 0.002145788755429633 0
0.01146164754455105 0.002361850178236572 0
0.0112434584961214 0.002303653338711103 0
0.01119577593439844 0.002075861780752639 0
0.01104208912968356 0.00223883261340393 0
0.01197352763079917 0.002093690938728509 0
0.01097043591993197 0.002037873505253335 0
0.01084266209248019 0.002185560079359411 0
0.01089461137034943 0.002380800834237097 0
0.01070820408230892 0.002314524194114817 0
0.01262530963571452 0.004861546432345067 0
0.01281321104380359 0.004864562053377496 0
0.0128929112154589 0.004674148461988575 0
0.0129941723037763 0.004833355112352239 0
0.01307870375460757 0.004676554563010584 0
0.01316442856236264 0.004825338943230124 0
0.01325463282599433 0.004673507296625884 0
0.01334518447903661 0.004827253671700765 0
0.01343082177767579 0.004672084120780472 0
0.01352977747756655 0.004815820588429527 0
0.01360867576685076 0.00466746880896491 0
0.01369667291105113 0.004818241489301828 0
0.01378530316474176 0.004668329565302588 0
0.01387715886086343 0.004830501862374332 0
0.01298843027184314 0.004509592868912362 0
0.004677799665656557 0.002417324832235132 0
0.004476288560709639 0.002340579384438461 0
0.004902290883427832 0.002492666407059894 0
0.004435893969343859 0.002134226644048052 0
0.004280606798738927 0.002270455193408842 0
0.00161111650367124 0.001337893798493576 0
0.01206529141684736 0.005137468547955765 0
0.01188166485636274 0.005168901050590959 0
0.008043261509670026 0.005098570522823115 0
0.007901090071731462 0.004990915800383669 0
0.007948945242949496 0.004784434109604861 0
0.007764643127145979 0.004848572010914369 0
0.009284562196460421 0.00202464985938612 0
0.009407358934221014 0.002163226672386847 0
0.009350033570008534 0.002344656583196211 0
0.009538650422124257 0.002302075099817294 0
0.009577298901684272 0.002129221100400971 0
0.009727596701744307 0.002226468297101314 0
0.009676736130997295 0.002438662506413583 0
0.00986734594944723 0.002385380391756202 0
0.009907059583687339 0.002199672025054347 0
0.00982086455809715 0.002588763357133994 0
0.009622255666842987 0.002640251132997645 0
0.004311620809950621 0.002469604042265988 0
0.00412335733690747 0.002388644364210359 0
0.004107185166261899 0.002219057509224861 0
0.003950233010348138 0.002318712700266498 0
0.003961635144147998 0.002510582417283974 0
0.003782052189783317 0.002415586863927963 0
0.003789745174705609 0.002217116007969002 0
0.003617950810627512 0.002320350065928752 0
0.003783646858951069 0.002627667545758901 0
0.004346148259595679 0.005394390095576973 0
0.01605340551904073 0.0006893410540821008 0
0.0162503375035552 0.0006839670179323736 0
0.01635570319803279 0.0008334286261549571 0
0.01644255298112064 0.0006543741221777641 0
0.01110361594641993 0.001915575272470822 0
0.01066463762244747 0.002135430886306519 0
0.01130274155978294 0.002537110872340576 0
0.01002087484106991 0.002527989643086443 0
0.00997584028367734 0.002754104297907642 0
0.006321339726194274 0.0008403933001489162 0
0.001024304920175541 0.003132602111940192 0
0.0008363920989883748 0.003001370924774896 0
0.0006473679085671011 0.003092143623414876 0
0.000682966302621513 0.002896183710008926 0
0.0008466893260175717 0.002805697444112644 0
0.0006535255885223509 0.002696903327357324 0
0.0008422229894171681 0.002608127110965918 0
0.0006772690453572053 0.002503270660259115 0
0.01174298071217906 0.005029140034582783 0
0.01115537672928521 0.005370894245239287 0
0.0101205895711837 0.006328756043962191 0
0.01030435035986181 0.006299557958470378 0
0.009936157638102083 0.006325477319821216 0
0.004750420383574047 0.005779775838752889 0
0.004871804457218834 0.005635444888496884 0
0.004785642894036315 0.005437739750674199 0
0.004969445119632075 0.005461982172125141 0
0.01225373184669292 0.001216549804597741 0
0.01164485070157593 0.001653488449764701 0
0.01446095293045202 0.001103305677474472 0
0.003609005720184844 0.002142671103483236 0
0.003462968851624251 0.002234659394447913 0
0.0006435526619432679 0.005958992683905687 0
0.000700515786732173 0.005784467586906653 0
0.01621209771691775 0.006358029701889602 0
0.0163823574872013 0.006342295542394008 0
0.005259415689063515 0.001647112079633491 0
0.000497878750612548 0.0006739208614549058 0
0.01397048131239691 0.004668347739339314 0
0.01406103356256522 0.004824818868893583 0
0.004758362364532911 0.001879744381066699 0
0.004865408477179847 0.001753086776239576 0
0.0133517083973679 0.004500507175111773 0
0.01130992891069015 0.005761839158685412 0
0.0005941313706377474 0.003730065111959923 0
0.0005673592963476564 0.003899537066794474 0
0.008505442107658402 0.004793385506389183 0
0.004682622555172405 0.00593221167702572 0
0.0114117183589552 0.005591889131103976 0
0.001336204790546493 0.001008863186926057 0
0.01171572344414584 0.002430100386591096 0
0.009177639489465756 0.001885477252319012 0
0.00771833499891458 0.005022833675463566 0
0.007585834790665328 0.004905564739801285 0
0.007620651649862342 0.00472277546016294 0
0.007441658359420842 0.004792876553217551 0
0.01369249358100747 0.004502566197511007 0
0.00346821114825918 0.002053598806388575 0
0.003322426198978559 0.002152372393689652 0
0.001504016713729563 0.00641780599450374 0
0.001686136320061258 0.006381238363122937 0
0.001323569192668475 0.006426692073834591 0
0.007469250002447613 0.00460649731231686 0
0.007292291628168258 0.004680819445859781 0
0.007655173937583697 0.004505140501517068 0
0.007267505216124334 0.004860647063032026 0
0.00712699670102446 0.004757427510002449 0
0.003878727684827527 0.006382017517407423 0
0.003700536592499212 0.006405026930329544 0
0.004037397455732189 0.006318768727017398 0
0.008244347240468341 0.001280554139616583 0
0.008326692378254426 0.001428906082535954 0
0.01435861432507413 0.0005726016629052999 0
0.01020137287661476 0.002686046614640154 0
0.005064079086714644 0.005621258447756644 0
0.005142984318586933 0.005475905477451866 0
0.005074267291963119 0.005310228552702049 0
0.00525732104085075 0.0053289767264173 0
0.005184653679486983 0.005160577703789616 0
0.005376400103397124 0.005178875875477395 0
0.005299627494945288 0.005002475585057224 0
0.005494235685545077 0.005028649364278005 0
0.00555297960836341 0.005206339993778002 0
0.005691508088600743 0.005086631471408979 0
0.005621586850410427 0.00488490831123657 0
0.005805873578995861 0.004929183935405467 0
0.005863548195117879 0.005095935598638823 0
0.00598174553492419 0.004963517787288134 0
0.005930299066903319 0.004789886731508826 0
0.006112396435462852 0.004840103331814032 0
0.006777278312285265 0.001745928836140535 0
0.008342933171359739 0.005388979752352761 0
0.008434294615048837 0.005521195787047684 0
0.008136609711221938 0.001156227944958709 0
0.01200671641985217 0.005300326243914793 0
0.01397187353735086 0.004979610733377424 0
0.01415024181859196 0.004971770423102154 0
0.01424024188472462 0.004834177706024227 0
0.01431721874312419 0.004988751712479354 0
0.001766617044646781 0.006220566730193961 0
0.00185547161721856 0.006375234175797148 0
0.007121336099257117 0.004925328365121977 0
0.00697674350880665 0.004854814137832791 0
0.006986120949137644 0.004659012689413197 0
0.006830555890020764 0.004739957901384078 0
0.006816755059176696 0.004905893185300431 0
0.006683801891866886 0.004816533602451414 0
0.006680679084224883 0.004608864082440978 0
0.01075460968428826 0.00251926235780078 0
0.01497055952784034 0.0005719340347071149 0
0.00730245860477497 0.004492902428592231 0
0.01591758728381641 0.00623524445001877 0
0.01328434199895859 0.0005433890913090467 0
0.01344775301595756 0.0005348495461176077 0
0.01647646153147415 0.006202235145729649 0
0.01311868148325374 0.0005322108897635107 0
0.01302357657231082 0.0006567350303606201 0
0.006154609160325491 0.005021823335985854 0
0.01215638517071038 0.005268980486973655 0
0.01068600730564223 0.005322008528211286 0
0.0005208793531818797 0.005823608819345072 0
0.0005749952369025011 0.005662435107541983 0
0.0008468848056556663 0.002415522333575171 0
0.0006806845781656187 0.002322804198268249 0
0.01460609631608888 0.002332191502129086 0
0.0008215198471018441 0.00644894072101765 0
0.0006556432755679825 0.006490653410575331 0
0.0005508828505123523 0.006360750820953965 0
0.00048890118520452 0.00649265578493526 0
0.01645747683244285 0.005816039567390689 0
0.01547604804036639 0.0007014459030077859 0
0.003742853563084397 0.002056454617497527 0
0.0005143078840719306 0.00279405810726708 0
0.003322492803447982 0.00199948448277797 0
0.00318567956559576 0.002077709476983335 0
0.003183362366832437 0.002237993907042347 0
0.00345679464047546 0.002413094250227592 0
0.01538252243104197 0.0005493173342510566 0
0.01554340205433056 0.0005359236686799419 0
0.01271270824813328 0.005006643216959794 0
0.00108560048751846 0.0007239897512670607 0
0.0004719039597863729 0.005983314633682379 0
0.006144383451449975 0.000842353742192319 0
0.0003840488157675452 0.0004369864006860472 0
0.01633323522928904 0.0005271790834816127 0
0.01648287113563544 0.0004986738182996683 0
0.00649185224460259 0.0008376131587146808 0
0.006406207847879282 0.0006949627299234359 0
0.006570071093912586 0.0006927848187214315 0
0.007542405323114582 0.005074554154327737 0
0.0163170354202417 0.006484896730544254 0
0.01646870727116671 0.006473553983611798 0
0.01422326219841502 0.005128917946108727 0
0.01439031012521605 0.005146491764837412 0
0.0144848194549967 0.005011575011216039 0
0.01454706376212103 0.005165673242541607 0
0.005298752188221614 0.005473099708245489 0
0.006686011773859585 0.004992292194162327 0
0.01095664591325302 0.001875979023595998 0
0.01361493253122994 0.004943219706555641 0
0.0005293849021510959 0.002412351320439043 0
0.0005036782856449908 0.00223994910525508 0
0.0006699246565921042 0.002145112926444947 0
0.0005206228636299246 0.00206999484227467 0
0.0006622732773166329 0.001976342517684483 0
0.0004950424837773127 0.001904456135671908 0
0.0006542700209611532 0.001810038930289305 0
0.0005078766325529692 0.001734471726080137 0
0.003038841973532541 0.002159042302769535 0
0.00305812779268483 0.001978880577040521 0
0.002900089427761149 0.002069280780567039 0
0.00291006037691712 0.001912380109657054 0
0.007678474321509679 0.005177320105839451 0
0.004966972848912012 0.005124602514763668 0
0.01148559882253625 0.005738328711463663 0
0.01157370252673218 0.005609904080004766 0
0.01023944622041409 0.006448562490653013 0
0.01039288839599472 0.006452907452897514 0
0.008348122864154454 0.004620050065275952 0
0.01256885659918905 0.005022115173268693 0
0.01053260526708604 0.002250240097391905 0
0.01050442732600529 0.002081853326017853 0
0.01062558824865314 0.001978005926241394 0
0.009335346982479684 0.001866204085613494 0
0.01654506785797287 0.00567139419478893 0
0.007237760755370087 0.005015916992252948 0
0.00379948760900257 0.006529175910527337 0
0.003652702323522171 0.006572607806442617 0
0.00354842823589274 0.006446052695786502 0
0.006064205536297718 0.004654083191556557 0
0.005899429754951276 0.004625562302804114 0
0.002768533444224256 0.001985479913023362 0
0.002787339757275392 0.001816709841923023 0
0.01142441248448105 0.005880761691082952 0
0.01104596307978872 0.001761258237193253 0
0.0111953127501459 0.001795279866447042 0
0.004831350611358709 0.005925671501223052 0
0.01445632030354669 0.005292040218801091 0
0.01459830509269256 0.005307986674422626 0
0.01470699980794941 0.005192320978784366 0
0.0147442453717485 0.005361152176214915 0
0.01615671085052569 0.006503606347131966 0
0.01307940478287127 0.004968949025397618 0
0.008393184885635722 0.001284611239320123 0
0.008480654123988636 0.001409107458040788 0
0.01487009247737997 0.005223739336794342 0
0.0129625760271583 0.0005136201038367949 0
0.01286721881655599 0.0006135727453510384 0
0.01652678442251782 0.0008006800477553767 0
0.001019321781947905 0.002710104274442925 0
0.001412282219283347 0.006557421103714321 0
0.001272731254051401 0.006575359109667986 0
0.01037825115620661 0.002189830367785559 0
0.01035936089308892 0.002015827465861532 0
0.007664672271066722 0.001071709201621727 0
0.007581277185869104 0.000909415043580834 0
0.007744538607226302 0.0009098154022210013 0
0.007666058346178197 0.0007747449284958483 0
0.007517867428656742 0.0007622095522619543 0
0.001792130745736558 0.006542749172664184 0
0.001947966416173839 0.006521273354492605 0
0.002022645520351543 0.006379951953676857 0
0.002097494102163462 0.006518545475262476 0
0.002181529491190532 0.006384384106532012 0
0.002252628722853738 0.006542079092310122 0
0.002339762384930668 0.006391448379642577 0
0.002410784470680443 0.006528911633871268 0
0.002496014252503552 0.006394393944188177 0
0.002566347029520849 0.00655213104118149 0
0.002653045127115332 0.006400647996417762 0
0.002723082404855062 0.006537451405865761 0
0.002807662625926884 0.006403933309377526 0
0.002735251577547984 0.006259150718021709 0
0.002876927569558414 0.006557556425012021 0
0.002962902318302236 0.006410147220149327 0
0.003035547607349717 0.006545001486560127 0
0.003117011241859542 0.006414450906518754 0
0.003175928361281298 0.00654620858349042 0
0.006549600654536377 0.004893952392520926 0
0.006545210806200132 0.005039715800411272 0
0.003504258065616908 0.00658981456001529 0
0.006054086498276684 0.0009597480097445475 0
0.004714036410097652 0.002660866933486861 0
0.009830217053939345 0.006184589912338537 0
0.009771990572829943 0.00634623019168884 0
0.009664602536119567 0.006222424371131159 0
0.009616906417402541 0.006386994959637458 0
0.00951397720999175 0.006258980572269431 0
0.009870603156229292 0.006457242877998797 0
0.008957314382638706 0.002482854146517388 0
0.01614846698652574 0.001450302342547824 0
0.01635080023857107 0.001421181080136953 0
0.01629183076295878 0.001591489419857519 0
0.0164681532388118 0.001555313178336174 0
0.01641517905904916 0.001715352700780155 0
0.01652816664199061 0.001397302379670535 0
0.01647303741966033 0.0009469624998031303 0
0.01657087985255289 0.001670415802032385 0
0.01654764605707782 0.001830198031515945 0
0.01637125570321161 0.001870273692975779 0
0.01650439798018571 0.001996361909369475 0
0.01632426200999482 0.002028325861283727 0
0.01643805974104831 0.002147920996251907 0
0.01626960070975083 0.002189710832156695 0
0.01638782492586744 0.002310938210746782 0
0.01621524987761003 0.00235890559957484 0
0.01636609601018613 0.002490270445079357 0
0.01654657865116323 0.002263519838256455 0
0.01616326334418466 0.002536960787644183 0
0.01632076371923964 0.002687368176432918 0
0.01610945829743916 0.00272638261531863 0
0.01624113787410886 0.002868252376192314 0
0.01605228320413982 0.002923587216941338 0
0.01618620423795159 0.003067983457188022 0
0.01637098502583957 0.003007213234903312 0
0.01635137767202481 0.003198314084735888 0
0.01647569614045531 0.002627884092663704 0
0.01614330002704878 0.003256617259405244 0
0.01629093937474898 0.003380275056302035 0
0.01647327195331657 0.003330386746470827 0
0.01642630235672263 0.003499134423785605 0
0.01625619174177885 0.003560130219343122 0
0.01642050108121849 0.003680393996800712 0
0.01623321733255152 0.003740040694656534 0
0.01637398690867992 0.003852763835029742 0
0.01655975136930584 0.00358288639364806 0
0.01644464868676255 0.005532952393190649 0
0.01581059059200904 0.006106911580615795 0
0.0157462489669363 0.006266516597070895 0
0.01565956704538748 0.006144308780563202 0
0.004715554168024267 0.001716805448495416 0
0.004821685737617057 0.001611385962144242 0
0.006488296150314812 0.0005672864555892206 0
0.006635830303434889 0.0005400263198623171 0
0.01014775718704355 0.002930147203616719 0
0.01492852965500013 0.005385979172185468 0
0.01481936624373022 0.005508113454083181 0
0.01496620146617504 0.005542730068412152 0
0.0004287246297539366 0.003807648244985188 0
0.0004598885473993865 0.003645382777334079 0
0.0004196069319446164 0.00396040251756983 0
0.003977904137984251 0.002725158110760198 0
0.003787328945936988 0.002869599095361196 0
0.0005717872390966858 0.006614796207293085 0
0.0004394688026511592 0.006623730529231755 0
0.005991721038698793 0.0008330421094146791 0
0.005906206880220574 0.0009448327366831416 0
0.0008762341429837915 0.0004898900804364329 0
0.01584368280579534 0.006370087330835534 0
0.003042828371862834 0.006263993026847547 0
0.003216891493696713 0.006273213561120192 0
0.01486983341128595 0.005646105586636721 0
0.01500580899884834 0.005679595070565643 0
0.004760484597696795 0.006052381953806037 0
0.004626077083200922 0.006067222604062103 0
0.009250549278707054 0.001730880178029365 0
0.009098222321399166 0.001759425301222456 0
0.008284787526897508 0.005535089935589481 0
0.008360026762317938 0.005659392834322747 0
0.008513372282667634 0.005639886947332605 0
0.008191086546084627 0.005423350444002753 0
0.01046116269821981 0.006303954918004853 0
0.01053930997821227 0.006431714713326609 0
0.01060811660173692 0.006309735950073423 0
0.01153363744240125 0.005468427433865464 0
0.01265604026020753 0.005159078282867284 0
0.01278656080430485 0.005129054742602231 0
0.004610757142328915 0.001823973454177038 0
0.01319187185604807 0.0003989761948963548 0
0.0003512495660232592 0.006523020811530182 0
0.01639413531131479 0.0003680845016957889 0
0.01623375036322728 0.000396950059878142 0
0.01653606782472142 0.0003723899036937842 0
0.01661892121733945 0.0004736591684704919 0
0.002093454716647525 0.006208114012652463 0
0.0145006835576823 0.005414824319430693 0
0.0004228389078083216 0.005691533938628649 0
0.000467721719891118 0.005544969943977794 0
0.0006200625833290615 0.005507300633989026 0
0.000507988269382427 0.005392231984938989 0
0.008533532038632391 0.001277049244684297 0
0.008635506030899527 0.001375089564181576 0
0.01211340463460431 0.005434503579789586 0
0.01196847547259105 0.005445802727762293 0
0.01115545616398885 0.001649659813468325 0
0.01640333076222376 0.006601992145867484 0
0.0165456481068499 0.006609243527150806 0
0.01661162262569869 0.00647286755168305 0
0.006070469432115888 0.0007083190607783921 0
0.000384084657123045 0.002136643142657323 0
0.01251446242718228 0.005161063909823302 0
0.01544898842072387 0.000407999623248109 0
0.01530832686671886 0.0004176025120010076 0
0.01559973792659863 0.000379108352870145 0
0.01660096136766625 0.005526437229980634 0
0.01652513024595992 0.005395618702353029 0
0.0005308284945489388 0.004050673286931909 0
0.0003892547622950659 0.004091031949913941 0
0.0004881583717282825 0.004190734276715558 0
0.01663198501615649 0.00194702917510552 0
0.01163477849247327 0.00574168441098845 0
0.007814784558149221 0.0007578914498926731 0
0.01292423997597586 0.0007764304767327516 0
0.01067590057417722 0.006427384876859284 0
0.01074595790489606 0.006315082748751946 0
0.002638639105330613 0.001901507498506984 0
0.002647499156143712 0.001752495526549028 0
0.007600160894446597 0.0006400843403452047 0
0.007471991747753584 0.0006170924242624998 0
0.007373403267365778 0.000743962370266154 0
0.007322461851893492 0.0006086018128094424 0
0.006354453458480477 0.0005591631250471628 0
0.00857389285414533 0.001522864853259083 0
0.008714391462167348 0.001494558265121742 0
0.009470767736436611 0.006394393834015123 0
0.009361565481312936 0.006300684927907875 0
0.009414014441638306 0.006148949934812981 0
0.009250881028438728 0.00619500223801586 0
0.009312786378968131 0.006037935180893452 0
0.009166803884179123 0.006069443639603839 0
0.009213082470036112 0.005919059137119582 0
0.009063927737309727 0.005954166425629361 0
0.009020769045167361 0.006094095642374476 0
0.008926152012568796 0.005993037307585818 0
0.0166217450908772 0.0009164337903917754 0
0.002973305234977059 0.006661903759342412 0
0.007117624788760233 0.005067290921836009 0
0.01569081510937108 0.0005069671948982313 0
0.01574288378289396 0.0003730906743426082 0
0.007890145523436157 0.0008906890058351627 0
0.01128823606730879 0.001688931120469935 0
0.006812035974284382 0.005052854845743703 0
0.003031984731147588 0.001836399002252565 0
0.004574555934441189 0.001689901483844183 0
0.004484506849009666 0.001772980574417934 0
0.01225169632903233 0.005386149820851319 0
0.00266084083616848 0.006659999705730469 0
0.01277236710479799 0.0007429003444635049 0
0.01272006889721911 0.0006084773805375534 0
0.01263016301256358 0.0007128282683690236 0
0.0006469115146801822 0.001644133957139629 0
0.0004986674213235277 0.001575987090335782 0
0.0003774576924015002 0.001658017253645049 0
0.0003681067179949656 0.001512079578873632 0
0.0004824995091607127 0.001429977849589735 0
0.0003402895906756322 0.001369805473386462 0
0.0004645265657442915 0.001290827767557567 0
0.0003411728397312262 0.004223399154267232 0
0.0004510774370405542 0.004325874002216205 0
0.0003188446288831352 0.004349532580099255 0
0.000394002838162183 0.004457170386317112 0
0.0005516174343795314 0.004415142460914287 0
0.0005102575079040626 0.004563377026234651 0
0.0003708506702904211 0.00459650403411256 0
0.0004665355553845323 0.004701354591415342 0
0.0166090252778674 0.005809732714272189 0
0.002422187112206688 0.006250830041404014 0
0.002511728497485932 0.001821822157055258 0
0.002530176843041573 0.001658778818948107 0
0.002385498540905352 0.001741461406881109 0
0.00239951988704634 0.001595375263720043 0
0.00066050563886004 0.005352886559796685 0
0.0005434397200391513 0.005242498655897808 0
0.0003999402255171897 0.005289730662560266 0
0.0004092109719205251 0.005139902041612745 0
0.0005695223260126087 0.005088480066181231 0
0.0003317601419915786 0.003697413860220397 0
0.0003476799192551634 0.003557174570687638 0
0.01657471163098745 0.001053108352172112 0
0.003430874555961609 0.001917034797159867 0
0.003029811364832683 0.002338956029115157 0
0.0003407440955255827 0.001231111446862194 0
0.002025558297320076 0.006643482428489353 0
0.0008206604092551211 0.00205364447692714 0
0.01125539218296482 0.001563912379382736 0
0.0004723655512813407 0.003500452736323372 0
0.0003584339932600367 0.003419128136018079 0
0.01041417012475623 0.002861811793183022 0
0.01608110121461844 0.003626546208045379 0
0.008457881078699065 0.005759692996327297 0
0.008590792824246369 0.005748751584874718 0
0.006725791158019729 0.0006812507686368725 0
0.006783875333028476 0.0005437675721280894 0
0.006707396396313958 0.0004228677059789029 0
0.006841462456599721 0.0004198408457265104 0
0.006921252150665202 0.000528453295691901 0
0.006969679573638932 0.0004061485472632411 0
0.01472972517673046 0.005619998689237961 0
0.008467934973297736 0.001175539512884829 0
0.01030815051248898 0.006565384072640986 0
0.0101902411552018 0.006576489779433993 0
0.002610402031982404 0.002046421711244422 0
0.002509950693994407 0.001524623245177596 0
0.00240810621900167 0.001470356717187377 0
0.00228756527792946 0.001515691238474753 0
0.002314776399869414 0.001387343525363117 0
0.002187310800365214 0.001439833241677026 0
0.002196574068526758 0.001314620818197433 0
0.002082614789343498 0.00136458772007097 0
0.002097730928879706 0.001248666456911391 0
0.001978102380305953 0.001291774606064882 0
0.002006056087147439 0.001163358445072431 0
0.01666592305991452 0.0007862318832260649 0
0.01620358849537937 0.003921300094915765 0
0.01635165432001833 0.004030546643194039 0
0.01650476430469528 0.003958622854872289 0
0.01651076126641844 0.004125891843644351 0
0.01634231348797374 0.004201292736414838 0
0.01650126483086838 0.004299934916653679 0
0.01633123747758941 0.004369562388407812 0
0.0164669089921953 0.004462439885243302 0
0.01631661697858737 0.004536263396298719 0
0.01645639911796957 0.004622750730588199 0
0.01660763571590929 0.004224925141646133 0
0.01659150578795545 0.004549709571683184 0
0.016600787064699 0.004700609714271328 0
0.01645623165203076 0.004778028031785564 0
0.01660458391014648 0.004857431284202421 0
0.01646118378421495 0.004928290278050325 0
0.01658498523908893 0.005003640516588919 0
0.01646154629320305 0.005073252354136889 0
0.01205263701887951 0.005554331764180291 0
0.0119376010009191 0.005575784755469115 0
0.009153204495958907 0.001631603729329674 0
0.009015458066999302 0.001631313565267644 0
0.007548496228313267 0.005224209836091142 0
0.003322589820035122 0.001865971944270895 0
0.0003315311581260343 0.004723564928557849 0
0.00199798728397196 0.004874757428804726 0
0.004713061213360893 0.006182614300616228 0
0.004569445549198744 0.006188740892342514 0
0.009241145413313921 0.006308663632751637 0
0.01666290850425789 0.0003563675271006108 0
0.007646972512766782 0.005304526497916991 0
0.007765690869042064 0.005269430851806512 0
0.01666200180060705 0.005409162071291927 0
0.01435775744075771 0.005412293867296812 0
0.003761252608250762 0.006658534614767975 0
0.003881090587286602 0.006639685609388473 0
0.0163214834239032 0.004872716342172762 0
0.01181151370146334 0.005499628935883074 0
0.01670355363315874 0.004784548304462562 0
0.009386609644704055 0.00173177436022175 0
0.009464618708654306 0.001823583996708902 0
0.01091044131537587 0.001750222425060848 0
0.007211249970251503 0.005151702313065986 0
0.009104834743149727 0.005793810884616578 0
0.006248749627286232 0.004715224567456051 0
0.006203800586515137 0.004512360350407208 0
0.01481605542006161 0.00504647518492093 0
0.008537127475282527 0.005862626403500425 0
0.008655561819190527 0.00585156139202996 0
0.01560044572877116 0.006263995753424951 0
0.01552462070544565 0.006170781872709532 0
0.01556526210504714 0.006041566909198037 0
0.01541578736895104 0.006086584805361509 0
0.01546756167114051 0.005943381950936579 0
0.0153337526389573 0.005977238542918924 0
0.01537250832710749 0.005839436865284393 0
0.01523624908129134 0.005870778372703736 0
0.01527616888160002 0.005730494488384376 0
0.00740120622637999 0.0005006365921991591 0
0.007286382834583808 0.0004845430795342074 0
0.00722444735413181 0.0007261550171716682 0
0.00276405209796777 0.001680536244746047 0
0.009541586498130288 0.006495711760899631 0
0.008146438985152382 0.005554565327350488 0
0.008059358499641681 0.005461890106060473 0
0.0003298678267829435 0.005576077570740745 0
0.002343590245156187 0.006653045078865764 0
0.008597289222232912 0.004550360417845182 0
0.005852083593404939 0.000825387101437943 0
0.005779602556679038 0.0009267250784474527 0
0.0004594255934515061 0.004974956190385901 0
0.0006140954352618286 0.004956756373955762 0
0.000614734535266245 0.00467649233397132 0
0.0003314586339255628 0.005029720964464003 0
0.005819490573627815 0.001053553573334727 0
0.005682230729296432 0.001015206032790849 0
0.0002794079673416501 0.005712912498687814 0
0.01259460412351143 0.0005863824814101191 0
0.01250662738197116 0.0006803044893639696 0
0.01608529133974932 0.00222386864532652 0
0.008768519639080079 0.001375621785987402 0
0.0003155003061498796 0.006645590274445537 0
0.01137218886476784 0.001590591693821036 0
0.0002729889022834078 0.0002584977911017591 0
0.01022890725017108 0.002114022369512023 0
0.01021570675871508 0.0019774332555974 0
0.01030535889377124 0.001890967260724991 0
0.01280141015043718 0.003888236428885274 0
0.01487826678595908 0.001113945979340801 0
0.01258365817611693 0.005271357241497095 0
0.01520283110732548 0.006001028106781164 0
0.01511366025823047 0.005908071074496179 0
0.004898352550223703 0.006048548456383281 0
0.004963905641956385 0.005935839544963089 0
0.01062566853335225 0.00654749307358011 0
0.01668086372000751 0.006585113511624273 0
0.01663349994652607 0.006700401862392685 0
0.0004854515286155641 0.003356570229971215 0
0.000363929763792006 0.003287611800543266 0
0.0149111769690997 0.005778057693071052 0
0.005719838394393034 0.001170644004572935 0
0.005591827587103549 0.001134137145601082 0
0.008841186146943743 0.001469757161991772 0
0.00880276830148501 0.001593553035207068 0
0.0004511417396815907 0.001153740809974818 0
0.000328471048014211 0.001099620805808795 0
0.009272341749207358 0.005755395490372935 0
0.009094225826424839 0.001523424947362745 0
0.01080171509227929 0.006428112013369888 0
0.01087102821141879 0.006321970547294215 0
0.01081205995422725 0.006202776345721334 0
0.01094371118642748 0.006215075064234746 0
0.007326054052693974 0.005113669641517661 0
0.0009810643817694852 0.006447620853212705 0
0.0009084883722725451 0.006581071244306411 0
0.004967963039326643 0.002746126884802617 0
0.009851823652328994 0.00299005203558678 0
0.007949111838896197 0.0007767558872774209 0
0.008017014445243269 0.0008875805348624931 0
0.01281855943959001 0.0009193599652225085 0
0.01500600015499577 0.005082176747724331 0
0.001357906240306865 0.006684578406635647 0
0.001482583522763034 0.006671843042336452 0
0.001228205598483246 0.006698991430141247 0
0.0167570714866588 0.0004457188169336265 0
0.001876103178321696 0.001218005157344472 0
0.001886592642655035 0.001090422811357636 0
0.001770371632266542 0.001142487054006712 0
0.00178661789420302 0.001025860035825001 0
0.001665622091445616 0.001067960401695977 0
0.001696534589899463 0.0009422745310559682 0
0.004651474702036439 0.006303946747010979 0
0.004513678255865301 0.006308634717896144 0
0.01246547724248437 0.005282064421696449 0
0.01658497742225296 0.005146772267010441 0
0.005546946359958511 0.001013975406926792 0
0.00546386879978942 0.00111204871948056 0
0.004743054072349381 0.002963787842441634 0
0.01133206986128816 0.001476213465946629 0
0.01144800941293097 0.001495171312836243 0
0.01140798643777335 0.001385657128083604 0
0.01152584968958674 0.00140376116257511 0
0.01019276066879373 0.001859245390388004 0
0.01009801568665336 0.001932451865611873 0
0.01008287656275316 0.001820965570866803 0
0.009980806635595307 0.001880734943813018 0
0.0006554961272832657 0.0002881936530721293 0
0.01671766977512714 0.005077313450617174 0
0.005737651520155528 0.0008118328165679796 0
0.008410797416657886 0.004357651790499307 0
0.004437625308401557 0.006202588676739449 0
0.004388453017579002 0.006321395604551076 0
0.004460965378919463 0.006419535390027832 0
0.00434778611094213 0.006435800027289947 0
0.005504086165706483 0.001235404100908374 0
0.005375080765864119 0.001207736515478965 0
0.01583002504440833 0.0004817317146885375 0
0.01587451933735529 0.00035351299780154 0
0.006422093354735101 0.004967416584366309 0
0.006425976978470129 0.005102789925609304 0
0.006538759668334797 0.005164811521642415 0
0.004957849737422564 0.001628279393201663 0
0.004909118444007585 0.001509211812700681 0
0.01267209304965134 0.0004900129951965807 0
0.006419393285698282 0.0004540784358861107 0
0.0144242235376723 0.005517430976439556 0
0.01099016028231811 0.006328896102336798 0
0.01106567729857151 0.006230661934441859 0
0.01646107979557799 0.0002643039787633 0
0.00796282829782719 0.001148117508350671 0
0.008129660466963288 0.004453176872355927 0
0.006427449690998192 0.005219077496525606 0
0.006324148673967802 0.005165334991846287 0
0.0008094368414289163 0.001721582441442547 0
0.003585346072806314 0.002751489250939457 0
0.003562677316967775 0.003025070960328024 0
0.003828458297073203 0.003154475440114757 0
0.008888417584161925 0.006123037712977075 0
0.008803835207285253 0.006033573598695103 0
0.0004356421349442034 0.001021869746639854 0
0.0003173491771718655 0.0009704196375136423 0
0.01550421091227292 0.0002751147589101226 0
0.004797023368458359 0.001483841855795478 0
0.0003040348396151638 0.004007813575465518 0
0.01672729810440088 0.005516132768413947 0
0.005399797228993855 0.001338249101355111 0
0.00528189933027154 0.001297102956613662 0
0.01082801502591148 0.001833848103019261 0
0.01079860585055806 0.00172016171731156 0
0.01141993686205042 0.001723177141770992 0
0.01674131857289745 0.006472858838170821 0
0.01667498074738164 0.006359948168083976 0
0.0005084671722492377 0.006738395035371299 0
0.0006345711824990493 0.006722874221911389 0
0.004462074684199914 0.002828497090527587 0
0.01236914986399728 0.005172846690552776 0
0.008969129483326637 0.006225634126672713 0
0.003854229389375453 0.005276760360341132 0
0.01655692866091788 0.005937190928535186 0
0.01668881979655819 0.005919629494047106 0
0.01664380755552375 0.006034493912726931 0
0.000787880315799178 0.005462030632056337 0
0.00706152284255648 0.0005136793531698076 0
0.007090619123404385 0.0003786762295643876 0
0.006999449878232374 0.0006309127492385327 0
0.01020730057227472 0.005244050851592743 0
0.01007025048117005 0.003211983892357431 0
0.00189363520292913 0.0009731439596423292 0
0.006892736531099589 0.0003101854426546674 0
0.0103989418903315 0.002358958568078485 0
0.009159600218204125 0.005621400643465842 0
0.001866910386462512 0.001376249880259769 0
0.01672227459977252 0.001024887978290532 0
0.0166667756052359 0.001146593557299634 0
0.007721662098953047 0.005399410871358682 0
0.007845048553819987 0.005362321660222042 0
0.003422431594551615 0.00179888335241069 0
0.003520328536098386 0.001844996881624746 0
0.01596338439852578 0.0004551632242932283 0
0.01601382068802422 0.000330160671277432 0
0.01455509890493992 0.005526207641222267 0
0.004279355690696571 0.006222817509812545 0
0.0002568297467693079 0.001457263980785496 0
0.01540697265352803 0.006215143913581848 0
0.008585011302398856 0.001166697045257625 0
0.01025785202462506 0.00667465372490926 0
0.01014171531585559 0.006684012402668089 0
0.01006035458066807 0.006577629415615786 0
0.01668949472852026 0.0005803108461562693 0
0.01674053888139191 0.005794209735182836 0
0.000255140175946791 0.003351009074942133 0
0.0002452712183420962 0.003227894048580971 0
0.0003611426980596553 0.003164301621604242 0
0.0002566462398135919 0.00310135156061499 0
0.0003615500495491725 0.003041308121653419 0
0.002164562804230156 0.00157292079695697 0
0.0002395158129396818 0.006556112510231837 0
0.0002654376761259038 0.006440055385726458 0
0.008718444403475795 0.005749529963026163 0
0.007356488999205093 0.0003976354870260049 0
0.01616567778791009 0.00444990422267963 0
0.01615245345661363 0.004631794958442225 0
0.01509462455749207 0.005592859641749734 0
0.01578838533540221 0.000260296859233909 0
0.01070708932960995 0.001797055084279476 0
0.008602652245823895 0.005973043752252429 0
0.01622656988417133 0.001909046130439751 0
0.01253740798675926 0.0008055742281317759 0
0.0124162608826678 0.0007686943508607045 0
0.00949984756609577 0.001693923515202636 0
0.009577378966968909 0.00179107458037409 0
0.0005860118184125313 0.006821902275415372 0
0.0004084726335735062 0.0008865566918214783 0
0.000294040651271657 0.0008439489436493116 0
0.0167033164843252 0.005204476377607065 0
0.001429702268979692 0.006772015549169601 0
0.01036447602023541 0.00666023441692514 0
0.007289964134246474 0.005234051290979246 0
0.01674095095445924 0.00668158753074743 0
0.004456419702005748 0.001658175719412871 0
0.004367616490054224 0.001735288684169136 0
0.004399849390877338 0.001853916123990675 0
0.004272194291593175 0.001812425030862635 0
0.004292882251687244 0.001936430427614097 0
0.004172454285443163 0.001888863218275625 0
0.004160422156711879 0.001771219132090748 0
0.00406322641967904 0.001842640471791562 0
0.01578461292595293 0.0006223400332950398 0
0.004867598068347974 0.001399671725864563 0
0.004979234301725482 0.001415578742421137 0
0.01541822840217758 0.005690497705010431 0
0.003836061174683563 0.006753109182938891 0
0.003721430948030232 0.006771531233698509 0
0.0002452144869206797 0.002976563118154231 0
0.00834123392340101 0.005784783977648431 0
0.002202595396134278 0.001209072673110178 0
0.001162170912818035 0.006613673389005811 0
0.00109955029441356 0.006714835659844404 0
0.0007319156633591138 0.005040713858183305 0
0.000732879896682144 0.004848795046062058 0
0.005257678706749707 0.001178937414008888 0
0.005165164054551296 0.001255477038712339 0
0.005178201132168892 0.001371137703706673 0
0.01652205474954121 0.001172955911279422 0
0.007906036849411439 0.0006870585910798972 0
0.007467084995975374 0.0004100927826229564 0
0.005021976507440754 0.006057572162244065 0
0.005086876774894874 0.005947678576577209 0
0.01122065811205518 0.001456722202337862 0
0.009415667472806911 0.001621671933474979 0
0.008068911466321093 0.0007833283804091506 0
0.008122877118662697 0.0008797443509918701 0
0.01609330954421199 0.001641442638164898 0
0.01094676706134399 0.00259763389258222 0
0.01080059785674012 0.002757889035757967 0
0.0110266807619108 0.002843418494554955 0
0.01002767384705921 0.006694417957531449 0
0.003405120145928282 0.00648474751831662 0
0.009430349999704737 0.006508206157644246 0
0.0002480109965353871 0.004636228437142322 0
0.01248564184593758 0.001827101436455765 0
0.01234378302899942 0.002016361926027658 0
0.01259857232545606 0.002075872076645007 0
0.01243624144185824 0.002305778030863765 0
0.01270191519567496 0.002321725608700392 0
0.01238304537007286 0.0006512323996845661 0
0.01230199683380367 0.0007362925713653564 0
0.01232723315434893 0.0008509418981573042 0
0.01221169083294062 0.0008114025042795822 0
0.01223438780960845 0.0009271520159727514 0
0.01212538809209091 0.000890178288100292 0
0.01214494532190127 0.001006295156178909 0
0.01202079227450775 0.0009556398673216653 0
0.01205286470755301 0.001084752150578557 0
0.01193881101914927 0.001047683495168956 0
0.01196361413402342 0.001168376435768241 0
0.0118499634142179 0.001128761883922765 0
0.01187205785642921 0.001250515918258756 0
0.01175982501656686 0.001206843612182867 0
0.01177840484815338 0.001332286282118996 0
0.01199308567481738 0.001294196919290825 0
0.001550838683245527 0.006764592785807534 0
0.001596807147049991 0.006659297173879485 0
0.001657253472276946 0.006754587129630538 0
0.0005841155772902448 0.00120970299222514 0
0.01253619007517143 0.005370672955066687 0
0.007177416314503123 0.005275885166670376 0
0.00516584620881361 0.002553090385958598 0
0.01243334939415792 0.005391131292369419 0
0.01509045744538631 0.006023753748364939 0
0.01501167511007339 0.005945061994517298 0
0.01202133643680797 0.005663935939517686 0
0.01191306396725358 0.005685467324508465 0
0.004543084963313043 0.001578558386843681 0
0.004073517072077816 0.001964779364001353 0
0.003963145669905336 0.001913829486046073 0
0.003960845458913106 0.001798489768017403 0
0.003854410586181833 0.001860873828287482 0
0.007247633301741734 0.0008677181009387304 0
0.0135907054190289 0.001554415553421323 0
0.01344123958389115 0.001827082494987879 0
0.01381057058796429 0.001801049276958485 0
0.01359627707390301 0.002136577940840025 0
0.01399504102207605 0.002123977871998051 0
0.01412867367945854 0.001819775710501976 0
0.00629914049570574 0.0004605676143352691 0
0.006232519775573216 0.0005479839273484235 0
0.01235219962947805 0.0009715654871313962 0
0.009344366107675705 0.005584569170466401 0
0.009614981616102891 0.001670245416676336 0
0.009685319835611446 0.001766514366616175 0
0.009656031792850172 0.001875080857763413 0
0.009766208355196695 0.001848471295687515 0
0.009738309997309309 0.001962233615990503 0
0.009790266307858831 0.001746441199802275 0
0.01298038150288047 0.0009276000838451103 0
0.003945015584678279 0.006727967846944627 0
0.003992228164458604 0.006630017713353233 0
0.005037381095614109 0.005839044267119694 0
0.005154748898380993 0.005856008425443031 0
0.003373286071810764 0.006628185674089121 0
0.00346700080952099 0.006714416555534966 0
0.003341752236599765 0.006747645277517639 0
0.01088545975615673 0.006095184574595167 0
0.003412606628011939 0.006299980836089144 0
0.008946727023192881 0.001764260083107775 0
0.0002318253992384649 0.001048287257806916 0
0.006181619886896889 0.0004427722811457531 0
0.006131540769950801 0.0005301720963526322 0
0.008827241675179674 0.005911035614182927 0
0.01028019184809083 0.001782434561218626 0
0.01037964635257422 0.001800765223310172 0
0.007611094468329484 0.005419530475662966 0
0.005431269145069327 0.0009993327288444508 0
0.007796103864437059 0.005462346203559446 0
0.0104949683450206 0.006546911489717738 0
0.01170410829442135 0.005211339788211098 0
0.0115379624754239 0.005073389633420409 0
0.01161625758538063 0.004808560923922525 0
0.01136914210211957 0.004904247386864162 0
0.01141720925614573 0.004689538292448159 0
0.003968269588442949 0.002034833239785478 0
0.009717587833679181 0.006055131397602648 0
0.00945232827551656 0.006023288453330781 0
0.008022876605176019 0.00556886845899889 0
0.0156633918993317 0.00224860906409076 0
0.0002075215108680115 0.004736647654009546 0
0.0002717675655756896 0.004842613770280113 0
0.01637129012319521 0.005387353360752798 0
0.002516980845695252 0.00142045620366765 0
0.002616126997533877 0.001470610238191146 0
0.008876729297017787 0.001359320971262686 0
0.0091925438560115 0.001520267230858039 0
0.01166889514749915 0.001274689189335271 0
0.01166111324616445 0.001405643187411834 0
0.008090200562389094 0.005334843459879837 0
0.006322606175568483 0.00527324725271513 0
0.006228491144766717 0.005224312964634876 0
0.006229688680732093 0.005329540270880315 0
0.006116318331030685 0.005290259962346375 0
0.006929778639516803 0.0049940095719249 0
0.00690752026263282 0.005125654979543591 0
0.006815216170482061 0.005166668552950696 0
0.003147297501637669 0.006096697395841351 0
0.008881731911406255 0.004844768439276476 0
0.0005724194241549848 0.006111127960976754 0
0.0004141301787793181 0.006121623015463394 0
0.0003269047752889696 0.006021327558469937 0
0.0002865776820747557 0.006141884513808881 0
0.0003451520679078439 0.006248440440724772 0
0.0002403986431885555 0.006257943172972772 0
0.0002410774239318247 0.003607409245514667 0
0.0002280702947862027 0.003734717471527575 0
0.006212713588599351 0.0007348494484678615 0
0.01293793843515644 0.00498498280963651 0
0.0130176658830633 0.005096639840471564 0
0.01314197096090883 0.005089816679568345 0
0.01307926186259787 0.005195286990878885 0
0.01319321548421125 0.005192479302847747 0
0.01325491718883252 0.005104508159375086 0
0.01296444510189398 0.005206499082146937 0
0.001564865712304915 0.0009902538498941641 0
0.001578836355243531 0.0008656810599803094 0
0.001540992317552475 0.001114144339683582 0
0.0142374492046119 0.001305582822231668 0
0.0003557699380503793 0.002919872111300889 0
0.000259282771789866 0.002856908779655705 0
0.002903341516188799 0.006112187612999538 0
0.003047849284829977 0.00590821119540025 0
0.002812399812063406 0.005867601695276265 0
0.006406614707578298 0.004564805470332307 0
0.006353172162255255 0.004350031919250962 0
0.003580469505021518 0.006687367730930909 0
0.01330271220163883 0.005196280254390767 0
0.01336216473558794 0.005114095297158876 0
0.01340957181073457 0.005211015528164287 0
0.01346911542233258 0.005121866319372788 0
0.0135168657672265 0.005211009799688166 0
0.01342164229591288 0.005025891174867746 0
0.009733395529816787 0.006484034768454751 0
0.009826290561049333 0.006587149776294338 0
0.009687310220028271 0.006608007131990409 0
0.01679024760736173 0.001136680806139855 0
0.01675332288369717 0.001229890893975181 0
0.01684597396629979 0.001214442444176836 0
0.001686845534945987 0.0008184309449672531 0
0.001591222775840815 0.0007539526235211683 0
0.00148794851875632 0.0007886998297909481 0
0.001502403288081079 0.0006846524510381374 0
0.001401632377185479 0.0007188611844969042 0
0.00141965413277389 0.0006107599883922238 0
0.001318673246991708 0.0006462585952713971 0
0.001290718737760772 0.000761461895949883 0
0.01358511463017559 0.005126984938914379 0
0.01362546106981658 0.005218171431588444 0
0.01368471849021163 0.005150514394209527 0
0.01373275850980894 0.005227350975402826 0
0.01378654394619755 0.005140918060952484 0
0.01384299981987979 0.005240341738371969 0
0.01325139276513715 0.002143199845932997 0
0.002666813935402545 0.001625784869941552 0
0.002764774407122745 0.001567204812591871 0
0.002852356983412274 0.001623461040699389 0
0.000793066735815591 0.00154380925842125 0
0.01000655974356078 0.002006931085320521 0
0.01628466264326401 0.0002717234373883983 0
0.01618605537248679 0.0002827561013533882 0
0.01641162999297734 0.0001686695708640229 0
0.0002054674313335895 0.006050103112988908 0
0.0002445505913031554 0.005944806053672378 0
0.0003797422707464328 0.005806375889816754 0
0.004756041638927787 0.006280728192825309 0
0.01078304982416722 0.002031343156844335 0
0.003237370600788506 0.002441831684524908 0
0.00302436260906983 0.002556847187547399 0
0.003220859084431601 0.002644500482304339 0
0.01597069262192264 0.002577072808982353 0
0.01118801418157295 0.005900776826748158 0
0.01110120527390719 0.006017911951134023 0
0.0112519499404714 0.006040141887503831 0
0.01390490735689716 0.005138309212856117 0
0.01395820335829848 0.00525043705900947 0
0.01402087071529453 0.005152987417233348 0
0.01406853913979324 0.00525991369430011 0
0.002466930018305651 0.006657947841946565 0
0.0024053371300024 0.006752384592064229 0
0.002301335282492977 0.006749190006579916 0
0.002513603754743889 0.006753151338513263 0
0.002149462007912957 0.006644343870829678 0
0.002085656279671423 0.006757929814628042 0
0.00196695989379184 0.006753681710065204 0
0.002778910330986614 0.006661776077154647 0
0.002716842605390828 0.006754621743266803 0
0.00281491365208756 0.006755339521164553 0
0.001335362589221656 0.0005415481958043517 0
0.001235319607181323 0.0005774874375818308 0
0.001252146437173933 0.0004737601329482363 0
0.001153985920357595 0.0005074188114622064 0
0.002928063278617412 0.001778614283904562 0
0.003036458139408696 0.001708460469910605 0
0.003137468507029825 0.001773597182909596 0
0.008807849268941875 0.001266878565053489 0
0.008658297846495787 0.001242400599689427 0
0.001770330914152849 0.0008711354686625791 0
0.0007798955958418681 0.006595838087836321 0
0.0008641585660827348 0.006699476904526094 0
0.002601178458306698 0.001377502415383299 0
0.004931719523007134 0.001317319419064973 0
0.01264218884395529 0.005385240698071174 0
0.01356668600021324 0.005286809321079508 0
0.01669319562914163 0.006781645483210473 0
0.01659025527642331 0.006791996062158582 0
0.01680494366463963 0.006779855257283656 0
0.006543631054000307 0.0004452281416440886 0
0.006611430497378835 0.0003390424925970217 0
0.008220149722852444 0.005649877010391349 0
0.01376737493445359 0.004934426221369534 0
0.01573043675443553 0.006399918647087126 0
0.01580033051845418 0.006482098708896735 0
0.01591632691980685 0.006473133863393066 0
0.01559122447250667 0.00641037625229623 0
0.01587172364492985 0.006569090206395832 0
0.01597673561346344 0.006569424322195217 0
0.01626623304477685 0.006618319889959997 0
0.01634465695608809 0.006716790282465209 0
0.01613696808111 0.00663836567535654 0
0.01622583025616254 0.006722541185793861 0
0.01156037351508949 0.005859945072918842 0
0.01150714272552334 0.005973903074697227 0
0.01169262662587298 0.005858306959708105 0
0.011623322896717 0.005955183047989577 0
0.01176074527041924 0.005764617493986997 0
0.01477025972100693 0.005751428771472577 0
0.008200692154604349 0.004151960811117178 0
0.007939411056676322 0.004237999743842006 0
0.00795453470635882 0.003929758176804934 0
0.01670977877262136 0.004945517916492856 0
0.01680228335830233 0.004858798097380024 0
0.008786836739056204 0.006138013786221998 0
0.005925808195126045 0.0007004929020384201 0
0.005998400163920095 0.0006087201132205142 0
0.004839201909639195 0.006150780176693198 0
0.01675899939626811 0.0008876441983729074 0
0.01679061683949783 0.0007642441098961263 0
0.01148857976732026 0.001304406227886236 0
0.01139282250453168 0.001272851144781372 0
0.0107480873328014 0.006524243832416277 0
0.0167563528301673 0.006016840048409099 0
0.01671366431776012 0.006138863145229313 0
0.00894693314747521 0.001443609134137034 0
0.01566854016982337 0.0002677633157798331 0
0.0157267656716284 0.0001682458009007104 0
0.00828356900432799 0.001125571473038804 0
0.008214302376692937 0.001032705267975764 0
0.008332053505745904 0.001016396339708697 0
0.009976185016490651 0.001777418286145651 0
0.01537450571086698 0.0002987465934391103 0
0.01524160061762792 0.000286466852240212 0
0.01518120702367575 0.00042293266582507 0
0.01511976484418765 0.0003022808143361036 0
0.01516966442481641 0.0002032760418507191 0
0.006572178203238292 0.004421105158331521 0
0.006508817767421488 0.004219139138692478 0
0.006729046572316934 0.004230995057760346 0
0.008277039393752655 0.0009390938643602576 0
0.003566939535655586 0.003319724411277311 0
0.01663330186012283 0.001512304993858319 0
0.01671054084107615 0.001633057150053189 0
0.01675486534373251 0.001510389644572944 0
0.01668162693246654 0.001758935088336395 0
0.01679340837640221 0.001717094136530522 0
0.01676930876079662 0.001823572202240826 0
0.01665360286926668 0.001385471136752782 0
0.0005161407615721317 0.00256303703696413 0
0.0003883647211880888 0.002477668599867897 0
0.0003789290833594843 0.00269372842199874 0
0.0003853472583735477 0.002344932584462979 0
0.0002722559387891687 0.002417401012238643 0
0.000268596432445525 0.002532431009773789 0
0.0002602792439425385 0.002293047641008205 0
0.0001749353324473572 0.00248246270033993 0
0.009346401173647755 0.006425951359684615 0
0.009250150420852431 0.006451486122728568 0
0.01645633012398013 0.006711538364862787 0
0.01086276011439569 0.001650554988754841 0
0.001504259607685274 0.006862375396431564 0
0.005259412582386319 0.002831659644270687 0
0.01279354475741624 0.0005014895602066943 0
0.01288227104732362 0.0003993696676781156 0
0.01274852326386336 0.000402937543750682 0
0.00752111767741466 0.0005037755085445291 0
0.007646234539263559 0.0005180203100005796 0
0.01053838826563087 0.00617750272446264 0
0.01527905751348864 0.006090938616213426 0
0.01275226400171057 0.005250814454021145 0
0.01431001683358191 0.005274642705254151 0
0.01422981384311681 0.005373890677721794 0
0.01660695524846773 0.004411828661159289 0
0.01671291509780158 0.004488707566707528 0
0.01674126013788127 0.004368856752203435 0
0.01670492150820361 0.004608689348490648 0
0.00772346267343268 0.000671732810371993 0
0.01211909835810494 0.005649933905154728 0
0.01221985516753586 0.005517721128302431 0
0.0123174323134021 0.005493203793561312 0
0.01652720876887954 0.003816972752676412 0
0.01663873371383269 0.003910374648883263 0
0.0166747099757142 0.003720571148696474 0
0.01663272729416425 0.004035298933864339 0
0.01674463830896181 0.003975267992006983 0
0.01674317361463641 0.00386944471919123 0
0.01675136523015353 0.004101529958476702 0
0.01683500776726087 0.003913060243416302 0
0.0004424571984293791 0.002982285794698882 0
0.0002445677250166971 0.003469920895581272 0
0.0001664921044459439 0.003410917028666333 0
0.006478976910351808 0.0003563497986021251 0
0.01183394111954392 0.001019544071850016 0
0.01608867662074161 0.00638935833999869 0
0.004045676801030955 0.00671708613235731 0
0.004103098744329794 0.006622178704302968 0
0.004051018116328624 0.006525862911338828 0
0.004158023796430567 0.006523944622016485 0
0.004202263879362031 0.006624071716293523 0
0.007885661642488917 0.005255201756418874 0
0.00842587501760114 0.005868001630046796 0
0.01175137914104599 0.001095515085198691 0
0.006736678877878446 0.001004469435368434 0
0.007006971516913003 0.0003000617443107349 0
0.0002388490713318529 0.00427307983683457 0
0.0001932666627318842 0.004381081287674888 0
0.0002597395433433184 0.004119378186926267 0
0.01659100401510648 0.00211947677428907 0
0.01668420005006209 0.002233418861307515 0
0.01664873990024207 0.002354401555740765 0
0.016769223945984 0.002312578546369637 0
0.01675748972499368 0.002434278312545409 0
0.01672276339474721 0.002055793775714883 0
0.01663092365321668 0.002475934880500019 0
0.0167253013741128 0.002555256004170189 0
0.01590693712299198 0.0002445923833849944 0
0.01643079330815749 0.00283510172200811 0
0.01653833314893981 0.002970697932324563 0
0.0165828561065431 0.002758499137606151 0
0.01650838556249846 0.003104846746788972 0
0.01661471413905641 0.003247824637920395 0
0.01664563109305149 0.003055533580876933 0
0.01667724772071155 0.002942187375416518 0
0.01675684936238082 0.003025551114828229 0
0.01674303493660993 0.003143124441329245 0
0.00852071803423334 0.001072106476880233 0
0.01166095275403999 0.0011623173445446 0
0.009101140874104907 0.00619756529715932 0
0.009063291387097348 0.006313959235346194 0
0.003616470789832027 0.001998090764992717 0
0.008444604429687653 0.00184612316086637 0
0.008325043585525072 0.001698864323687964 0
0.002017819764492717 0.005763560004463517 0
0.001739350241020255 0.005805796357313837 0
0.0110998958555947 0.006332794905620323 0
0.01117380813667564 0.006242963967462056 0
0.01335424281045712 0.0004100861216178426 0
0.01350325088506668 0.0003989003978213889 0
0.01359954971478141 0.0005088485618886126 0
0.01364403282072619 0.0003762639758284458 0
0.01373883645358274 0.0004797527816859325 0
0.0137769685718954 0.0003365458516747613 0
0.01387313665586954 0.000448841326929995 0
0.01391196142298026 0.0003238714845303901 0
0.01400140834145426 0.0004218069863286705 0
0.01403583615629888 0.0002822416987278164 0
0.01412806907285286 0.0003941201629264124 0
0.01327910571709092 0.0002964021146334293 0
0.01315704055908722 0.0002824642086624919 0
0.01416347007563099 0.0002589250880245058 0
0.01424727819664203 0.0003646457773708615 0
0.01428176130265039 0.0002370813120068957 0
0.01436347779536612 0.0003388523365555267 0
0.01354550917240503 0.0002805674070630172 0
0.01383449826943888 0.0005858579465590043 0
0.01440088358488232 0.0002341772331954455 0
0.01447427418394821 0.0003126172601487253 0
0.01408635410307717 0.0001880296011922012 0
0.01383262174921968 0.0002396515741240417 0
0.01434008599357719 0.0001511584265453318 0
0.01367100623407943 0.0002497747802256119 0
0.0135499928456139 0.0006625968968802559 0
0.0130563951449569 0.0004022638124039223 0
0.01303296544518404 0.0002748831347341037 0
0.01392655212590774 0.0002103366516301793 0
0.0008305014047991985 0.005304352175625943 0
0.01102891149901972 0.001623514288221527 0
0.01109594421398594 0.001559944765435593 0
0.01101399046658441 0.001520423191031222 0
0.0146735379444571 0.005720666200369586 0
0.01532112145682629 0.005572778407133872 0
0.01234640870699859 0.004896122430989421 0
0.003324825494747347 0.0017482095498837 0
0.01409255702017353 0.000531541633269289 0
0.01567746270191804 0.003937265627214167 0
0.0166781444662205 0.00562513381970477 0
0.01682607947356856 0.004562096227366984 0
0.002053243936648295 0.001885871721540511 0
0.007113529958629544 0.0002570267937916271 0
0.007198215468286057 0.0003410202542321271 0
0.005433898978327272 0.005361727669995884 0
0.00560506093937828 0.005367883974423163 0
0.005523419992499061 0.005485199088811218 0
0.005654511799380173 0.005496218079766549 0
0.005735968671774736 0.00539809765621274 0
0.005590702778507431 0.005606459007169915 0
0.005774929234158941 0.005512463074169058 0
0.005853429308819447 0.005428802150546252 0
0.005823720396508033 0.005317041262769492 0
0.005933410534843266 0.005355334465952846 0
0.00545619796887737 0.0055896569749979 0
0.005501534506259641 0.00569032481888221 0
0.005389721925702584 0.005684400268609531 0
0.005610749024687316 0.005707639827832681 0
0.005444523991260201 0.00577921527033788 0
0.005342421461324302 0.005789714845206455 0
0.005278163820849099 0.00568574458832399 0
0.0002702223257106517 0.004533080872828807 0
0.006644472173893256 0.005125091264877708 0
0.01049497226922648 0.001939009361223065 0
0.009260971641402622 0.001592362260556794 0
0.01341191547663124 0.0002737263578702328 0
0.01348061761497689 0.0001911197041266077 0
0.008331952669379123 0.005884035256210091 0
0.005349733237755731 0.001095161757060675 0
0.008699475390943415 0.00605190676016233 0
0.009939493106931166 0.006630098121606134 0
0.009920787757785427 0.006720788373204179 0
0.005807328838898842 0.0007216105965298426 0
0.008085809186217563 0.00566376309640615 0
0.01601041389609315 0.0002186878028173208 0
0.003097729278338745 0.006667650260971035 0
0.003029501641813504 0.006760106836773205 0
0.00313964669707815 0.006772955318231083 0
0.004649272407567669 0.001608020401383831 0
0.01468114431745566 0.005498554234414839 0
0.01548478347724796 0.005518013329356667 0
0.0157015477127294 0.006493007972442139 0
0.0002404930302271052 0.001172350875997487 0
0.0002439735487185443 0.001285296424012724 0
0.01454070434430527 0.0005709857845382525 0
0.01471636400134522 0.0005469924214333648 0
0.014622960817566 0.0004272917671535102 0
0.01476808082203486 0.0004129330977484112 0
0.01469498617120565 0.0003042451141602128 0
0.01481856549472855 0.0002957504031940888 0
0.01490873902352189 0.0004020707539706737 0
0.01494295786884704 0.0002700848426066991 0
0.00121143894394847 0.006280957231256412 0
0.00794895618282563 0.00549992209935 0
0.0001568267885536656 0.006472810036412603 0
0.00663534633684165 0.00523128365316214 0
0.003545214884729255 0.006098200675504756 0
0.002296118167616826 0.001260612351317254 0
0.002385411187934984 0.00131806892598448 0
0.001986587992420644 0.001045362517201599 0
0.002085821345556379 0.001094161461166705 0
0.01681794791710379 0.001410929606445946 0
0.01055646784737536 0.006631408597443938 0
0.00159364580853385 0.0006430708227891345 0
0.006136724653199326 0.004300062456509183 0
0.002807815261997659 0.002723216144265576 0
0.01560364604750053 0.0008439201479556071 0
0.0002918136030700246 0.003819086142090369 0
0.005498179620622155 0.0009078210801590739 0
0.005597772346769224 0.0009096153038254582 0
0.01065484270838107 0.006645057310972311 0
0.0168253366877778 0.004453542237174118 0
0.006054980830971255 0.001214117191705116 0
0.008167330071750129 0.005761849222057929 0
0.0003853622749699272 0.006737812148659759 0
0.0002774468179722513 0.00675342523442079 0
0.0009893163802596212 0.0006062055295327326 0
0.0009970622394040981 0.0004647067586123856 0
0.0009234198203038196 0.0003719942042637965 0
0.0008060803029220354 0.0003795963143381287 0
0.000864999896236323 0.0002858346640463734 0
0.01681947595983016 0.0005558304666735858 0
0.01400430336228246 0.005372719966830222 0
0.005146779060298884 0.001779916363255573 0
0.01411745601980489 0.005362575429488618 0
0.01407057920283494 0.005439084106692912 0
0.01544723599859636 0.002875842046092948 0
0.01535820889873127 0.003199687702042567 0
0.01571666990416153 0.003106246442194038 0
0.003549374181953932 0.006811046440323319 0
0.01389143314904866 0.005355395858437475 0
0.01586580547053932 0.005937964193186559 0
0.0131571587847824 0.003828002053192689 0
0.01335762737789269 0.004106085496693637 0
0.01366160671949979 0.00408170405440202 0
0.01302872080271393 0.004105750416038867 0
0.01385165569903287 0.003839343780601434 0
0.01398798404635804 0.004125884442340513 0
0.01418433398211568 0.003903516692886683 0
0.01272433914976876 0.004208920259315644 0
0.0124915266138908 0.004007429564606226 0
0.0006287866423104749 0.004163258982668016 0
0.002434614156505311 0.00229026162577322 0
0.0003824077892754865 0.002010050438099033 0
0.0002756909776742197 0.002063643375097783 0
0.0002677290319601493 0.001952712809578491 0
0.01431545847242424 0.005525669383334938 0
0.01680792126686174 0.002917746643555529 0
0.01671709721010268 0.002823425180359184 0
0.005055588501203055 0.001319632165089088 0
0.005051422348820942 0.001193153881417533 0
0.0003493367151044102 0.005431348412671236 0
0.0002686993243420331 0.0053225528009802 0
0.0002338247924324622 0.005499066582870599 0
0.0002902880552885234 0.005209820630084151 0
0.0001813774697057031 0.00523759097777099 0
0.0002048010327796047 0.005600946541560102 0
0.00320905987083038 0.001932258824212573 0
0.01680789024627982 0.00657277040083078 0
0.01685265637903518 0.006464205521980307 0
0.001899080838552383 0.006650677217791561 0
0.00185164303671968 0.006764311658405793 0
0.0001373304119731845 0.004658467686586586 0
0.005215365599089868 0.005964508554764663 0
0.0002497251411140381 0.001582615166578479 0
0.0002630073978190216 0.00171839001950575 0
0.000161893937957772 0.00166920685524799 0
0.00037538448024238 0.001792411593371062 0
0.005483733919691685 0.002614538255404788 0
0.00584125623601344 0.00259797388548289 0
0.01679828715187781 0.005410640897135676 0
0.01659480973573506 0.000677411752702185 0
0.01658379454930707 0.0002574875593961616 0
0.01669891902828947 0.0002481103859129411 0
0.01677130367180659 0.0003255996826009278 0
0.01680924425785399 0.0002267038510956588 0
0.000142260304684198 0.00365929128661679 0
0.01628066314959529 0.006803319505705658 0
0.010732961555517 0.006072420801748954 0
0.009504248857282632 0.006592288430328734 0
0.001037925828922225 0.000337330836371295 0
0.005969344658478464 0.005473296821398087 0
0.006041974212111438 0.005383865003738448 0
0.01251346763397771 0.005465609840748289 0
0.004417975501108416 0.006517869631667332 0
0.004526719773049278 0.006507358348719346 0
0.00457348052206981 0.006403048302797847 0
0.01086912565756085 0.006531385068027449 0
0.0109188346431056 0.006425598413523756 0
0.008684780766965853 0.001151293900960652 0
0.01474720441913569 0.0001977004322838522 0
0.01463561736823834 0.0002055427822830447 0
0.01505669424137259 0.0002038513332473396 0
0.002205870811624787 0.005998195166473737 0
0.002449674923312405 0.005956188927446943 0
0.002578388427872703 0.005773700673108251 0
0.001938537848732356 0.006031349975420645 0
0.01482443112100187 0.004375574754314299 0
0.01448667223256809 0.00437078511048621 0
0.01466066388203529 0.004607409839166786 0
0.004612170941588843 0.002000589048081844 0
0.007774616166745133 0.001216685665799357 0
0.01280884741679271 0.0003077490292422119 0
0.01082868958119823 0.005921877325284128 0
0.004945696662446064 0.006153702547391662 0
0.008493430825018168 0.005964997538025225 0
0.005715159212553269 0.005598383187797004 0
0.01609623483864808 0.0004386893502210019 0
0.004256505583419248 0.001704828747138963 0
0.004155869633038 0.001665048251450415 0
0.004056100931081177 0.001714897171201905 0
0.004343389039404371 0.001616375744900251 0
0.0004101255424730655 0.004830571982572288 0
0.0009817814255435892 0.001639976793954706 0
0.004670593949267822 0.006413611769924625 0
0.01594302840559425 0.00401175999151684 0
0.01172970622927704 0.005636741838633339 0
0.01218981530275429 0.0006930227964405899 0
0.009462909480980055 0.001984362500999644 0
0.01516196887815461 0.006111132794101181 0
0.01523161072231004 0.006188622789374043 0
0.01506655476157334 0.006117703710463098 0
0.01481957219800477 0.005850418274520923 0
0.01472874101900483 0.005842006309825523 0
0.01542640516205373 0.0001897310011653715 0
0.01532221916802505 0.0001895612965492764 0
0.01190613512646576 0.0009389149740937344 0
0.007095345120533289 0.005177598579164685 0
0.006896943587402725 0.00524531205730314 0
0.009762509017788979 0.006709580286865238 0
0.003239537545351655 0.006674483689706539 0
0.01501654933735023 0.005823181055454629 0
0.006778925042125414 0.0003197574302934683 0
0.01068737977330311 0.001674332381207282 0
0.01060405290961861 0.001749503516626417 0
0.01076925484399694 0.001618758740233398 0
0.004319425145763702 0.006535483028810286 0
0.008021382646892533 0.0006773400279405312 0
0.007146210574779491 0.003825815949341693 0
0.007389531479766299 0.004071394486483868 0
0.00711872327233137 0.004097567602725753 0
0.007405953362096062 0.004969702957825782 0
0.01681789458841936 0.002205805713906864 0
0.01688212287490334 0.002290646394284399 0
0.007536337625068717 0.005336168865140112 0
0.007453306122804318 0.00527587225677162 0
0.004432454035818517 0.005947602697450562 0
0.0001986950433001903 0.0009263440609366398 0
0.0001826011262830666 0.0008001524901544584 0
0.0002627523252354737 0.0007260770997530633 0
0.004115872461768335 0.006191802020857475 0
0.003727598051998814 0.001912306942122581 0
0.006129988799959757 0.00516533556026613 0
0.006037590193901789 0.005220887436068394 0
0.00572993238616752 0.001348624369532026 0
0.01181950897340362 0.004631906633242792 0
0.0098732433352234 0.001951381203276744 0
0.01439650812231568 0.004629394386585642 0
0.01422162348146991 0.00443053733036562 0
0.005076053507285606 0.00436584130670104 0
0.005476839365143539 0.00432953220042918 0
0.004943750930847004 0.004701404789652201 0
0.004603855180840252 0.004771092141609571 0
0.005315305173212822 0.004620451995939953 0
0.004355279535170689 0.004519980915445637 0
0.00429435648769737 0.004865725960710278 0
0.004032269466246706 0.004675760123561551 0
0.004526987515705835 0.005039191172373404 0
0.005658391903913436 0.003998066345697163 0
0.00576615856981801 0.004284446863355065 0
0.009323040429946042 0.006537637837270226 0
0.008691695980705644 0.005501590405147102 0
0.01447445911885762 0.005634981268207367 0
0.01457309498295695 0.005644608612558933 0
0.01321856311268509 0.0001817991549659314 0
0.01333347401416498 0.0001938983623898847 0
0.01311253142478574 0.000187027492168717 0
0.01136449200747501 0.001965440983620734 0
0.000894280075469372 0.005734124564264163 0
0.0002012987239336812 0.005138964865407389 0
0.0001380129035315428 0.005052219511907066 0
0.01639012270573566 0.006817303117062324 0
0.001304030825768354 0.0067949962879067 0
0.00119215642080924 0.006808986994781914 0
0.0145149945356975 0.0002019281021585079 0
0.01639726285157621 0.005964191629593829 0
0.01680716440436869 0.005011535960645277 0
0.007198958958245913 0.0005755334936361272 0
0.0003791250038978813 0.0007580117897747003 0
0.0003371304147666652 0.0006395501660068901 0
0.0002312740497423787 0.0006180852696506616 0
0.01629579662997422 0.001052362177791475 0
0.01571752683127957 0.002818750433715188 0
0.01681373186022635 0.005904929868074197 0
0.01081329413400381 0.003033130985670371 0
0.01108835267202766 0.003139266016290129 0
0.01131555691276023 0.00286646754048068 0
0.0113771195586726 0.003245629183115113 0
0.01444959283127736 0.0004420179710629738 0
0.01599655557327659 0.00500628702122722 0
0.01255760919513954 0.000474967416627353 0
0.01248152853323316 0.0005675308977806516 0
0.01246410557557144 0.0004679022979664229 0
0.01001148117828007 0.006449235139743052 0
0.008676036631116662 0.002930351763469187 0
0.009047107482052341 0.002946723040164778 0
0.009264018363832041 0.003225907186326699 0
0.009342686179818144 0.002915609572790284 0
0.000162559916145907 0.003053510350073072 0
0.000164488308542458 0.003147075423347145 0
0.008087094445571858 0.001004061989485508 0
0.01680384236356759 0.005610430739229679 0
0.0003374539069797792 0.006842078300908759 0
0.0122804293362553 0.005588566204554588 0
0.0008377807158600342 0.004466406125308354 0
0.01548250876580456 0.006283110237735036 0
0.01539040466144167 0.006320225762122376 0
0.008380364877127131 0.0009296725530747443 0
0.005585102650291412 0.004567854960314519 0
0.01157134909153566 0.00123049979792705 0
0.0009645949770103763 0.0002730869022875026 0
0.01579918855450416 0.003677449642809754 0
0.006078660457381388 0.005468047805666947 0
0.005031234762361087 0.001519799687604295 0
0.01527711767071924 9.228338191574065e-05 0
0.003856747051871641 0.001740474103989987 0
0.01291975132285045 0.0003057520559673643 0
0.007589906879575821 0.000409339487344939 0
0.01130063407866599 0.005172327995736784 0
0.01110986728210372 0.004974523824565633 0
0.0005876303722376162 0.0002101597460456234 0
0.0007094155337076143 0.0001770087815514423 0
0.01645380477012593 0.005239695718297235 0
0.006313150917659877 0.005047086980106458 0
0.006277151610207908 0.004900773044825881 0
0.01658033305916717 0.003451752124147018 0
0.0166853184024104 0.003528356883213281 0
0.01670886202992248 0.003416504157519856 0
0.01679850045392461 0.003489103847314287 0
0.01677796574524366 0.0035912952103696 0
0.01682066585590943 0.003378389883835355 0
0.01674203699761574 0.003301121518762576 0
0.01684013696072355 0.003286958900007335 0
0.0169000320837604 0.003562756407430941 0
0.0001562453393867767 0.005349485688508264 0
0.001779768269497623 0.001539597076018513 0
0.001943793289118149 0.001515295774324729 0
0.01622233885511733 0.005056713608588881 0
0.01512956333237407 0.001390808145228422 0
0.01180769734706536 0.005866344295072446 0
0.001710412899575137 0.006654292503032167 0
0.01006660969066307 0.001716823043378065 0
0.002013448987466977 0.006842049270729381 0
0.001923796999185426 0.006840962995459927 0
0.01040234894205828 0.002571150616111797 0
0.01681929274079522 0.0009832476961117238 0
0.0001978874656461387 0.00667740796885585 0
0.01494007504286112 0.004876875227252395 0
0.01514181478270853 0.004891340410745182 0
0.007836406976590587 0.001030547363007187 0
0.01653924096998003 0.006347845478605771 0
0.01662543606480455 0.006240322367715604 0
0.01504258282767315 0.0004159424731352297 0
0.0003876853432796899 0.006387736758856521 0
0.01174415098498462 0.005958785572056055 0
0.01190860871465873 0.005863887814806472 0
0.002390141094850457 0.001916746993028371 0
0.00869955909784054 0.004279851083700778 0
0.008893262868138168 0.004526222974485589 0
0.009242425023501685 0.00430747823375772 0
0.0001711241047573954 0.006795986000922715 0
0.002942135814399495 0.005707043888041488 0
0.0006348846127678786 0.00328942110935562 0
0.0006021690522747432 0.003438302234372403 0
0.008860158149443471 0.006235619084819776 0
0.009879445202624508 0.0018204792022533 0
0.003950498491736278 0.003502956416938433 0
0.006317781830133564 0.003831698189480656 0
0.01417883519485894 0.005261302383312018 0
0.01561046333320917 0.005904540223334222 0
0.0168612510592538 0.0004508233608320374 0
0.004613841522457239 0.001494383903568478 0
0.0002103766190088181 0.000176926318404155 0
0.0001655088824940743 0.0002782599206099649 0
0.0002333950384501553 0.0003475238573516634 0
0.01008974107527266 0.006769955834703582 0
0.01323808931803034 0.004966954877066365 0
0.01263305578441191 0.0003842108394201483 0
0.01167422318249795 0.003014253653547006 0
0.01207084463882339 0.002956710308194031 0
0.005700713281035295 0.0007058085913654107 0
0.003411040695283171 0.00170248696673715 0
0.01180834749088036 0.001461785899426115 0
0.01005461916726431 0.002332810674703674 0
0.01157319514898607 0.006055088066149865 0
0.01146680997009138 0.006074479764739571 0
0.01138784093726902 0.006005924620518183 0
0.01135732895714022 0.006111167185854173 0
0.00146786459252205 0.0009176294676177372 0
0.0161754127202736 0.00410601524881524 0
0.01152023029513666 0.004285717974637746 0
0.006408736505386289 0.004796509324591629 0
0.005381997828427012 0.001503769029884645 0
0.01679131747514193 0.006365418180086341 0
0.01683937624835432 0.006277158369453037 0
0.00607150428866381 0.002900706661509603 0
0.006213030320477844 0.002548633987654733 0
0.005979734484360876 0.002249911564352012 0
0.006347646567424704 0.00220488108517617 0
0.006589952123073613 0.002494943535494363 0
0.006704151264447742 0.002126330110165425 0
0.006970254857240236 0.002432924657130169 0
0.007082927171785977 0.002004282136329868 0
0.007336936561795431 0.002387474723356855 0
0.006410488701355793 0.001861295635357273 0
0.0061573369316993 0.002004802491533874 0
0.01680205305643684 0.005155818771286801 0
0.01680228920283972 0.005254912777138771 0
0.005853757117173211 0.0006306295552272472 0
0.006991254290006464 0.005202720377370495 0
0.006356245432180114 0.0003601796221268309 0
0.0001659557063075096 0.001779381473154558 0
0.0002668790125334199 0.001842742762346841 0
0.01558260437552812 0.000204706865484685 0
0.007654885099431188 0.002688507851846508 0
0.005267559729878505 0.005869088822740245 0
0.006538632753968971 0.005279852920830648 0
0.006717400954770109 0.005287163643852758 0
0.009568219478684473 0.003125734557653631 0
0.01065730101150482 0.004471694953688567 0
0.0001064632587882922 0.0001948037478224037 0
0.01485591942940999 0.000191095076250846 0
0.0006854227031388768 0.006823587901829634 0
0.0009790702897890888 0.005430310833205277 0
0.01513787138481828 0.0005803350788591618 0
0.01221997088186426 0.005130589628704585 0
0.007445039768778082 0.005163042351970206 0
0.005622170665742394 0.0007939776616204676 0
0.003249390325338138 0.001675779223220267 0
0.007915049893638003 0.00559705855342759 0
0.00372264194118507 0.004913940461450542 0
0.0001976818434120953 0.003839108916354702 0
0.0103416332170609 0.003430006448090383 0
0.003141754529385559 0.001664986329270897 0
0.01512733486457821 0.005747421048726612 0
0.01210742702822637 0.0007743997294853392 0
0.01202553186261991 0.0008331846336809561 0
0.002714696087533398 0.004722247625765608 0
0.01026079063311022 0.004518982377945575 0
0.01052995466679892 0.004804902544334686 0
0.01472652800354197 0.004846155643975465 0
0.01683454624447286 0.001603373135806406 0
0.0004928457380789144 0.003215607462341523 0
0.0001714128288628613 0.00258632510034913 0
0.0002667760839424691 0.002640808409532134 0
0.01158002594665576 0.001516793764832033 0
0.01052798834253929 0.003164516682814212 0
0.001175787588482741 0.0004013609879197845 0
0.0159628874255607 0.004541227174196878 0
0.01612327877969193 0.006747255510611122 0
0.01603547419081049 0.006671726995464292 0
0.0003101396299378684 0.0005332726868144803 0
0.0001889487391129718 0.0005155254419011894 0
0.009157180569335125 0.004717337804561419 0
0.001630072909287773 0.006522317826287588 0
0.002857255745164603 0.004339002908806538 0
0.002467631427686375 0.004390779197547793 0
0.002217553741670231 0.004042086441791595 0
0.002033444029483405 0.00447552481060834 0
0.001822542071428532 0.004072698296237481 0
0.001996672492312614 0.0037324851435755 0
0.00165018742722157 0.00374324827864698 0
0.001647522327412027 0.004379265723788711 0
0.001808704932824003 0.003442435584646321 0
0.01458803678319099 0.0001082876056293729 0
0.0001401909561515313 0.001244295549730678 0
0.01660821832221441 0.002601287739114643 0
0.01670564319264799 0.002677263559562844 0
0.0168142106835945 0.002631079525451486 0
0.01683178600523058 0.002523718892905901 0
0.004264002892415085 0.00634467445148486 0
0.01662913454941119 0.0001632804355738786 0
0.006856217292103351 0.000834739422405262 0
0.007067676584725829 0.0008303106947951449 0
0.004247875117609908 0.002097605039467297 0
0.01678945629203672 0.0006556026249561766 0
0.00588204148424592 0.005537210780919797 0
0.01215359975855633 0.001364841130788657 0
0.01482715028545886 0.00139335911935689 0
0.01464288978840127 0.001673266318821904 0
0.01478842644223588 0.001987487535564026 0
0.01660745200475187 0.005284405288836866 0
0.012096503225215 0.005736239188077773 0
0.01022198637276776 0.002460689887660718 0
0.008724694428772023 0.00594303343983838 0
0.000983291956244677 0.006690828560559415 0
0.0009304376688100968 0.006784293823009487 0
0.0008390154029435399 0.006803554007510596 0
0.004446004312205321 0.001540562207433147 0
0.008979159393983091 0.001342481644128795 0
0.009054239105221304 0.001412940653490113 0
0.01427439958794745 0.004181639543951868 0
0.01395190009579092 0.00435171983542514 0
0.001509641538376925 0.004046561284380333 0
0.0167378732925126 0.006868246271311008 0
0.01691414951788981 0.006828637545077482 0
0.01103099948515062 0.006440888634805051 0
0.001165538529097481 0.006470772283251077 0
0.01679859802642284 0.002737702340654995 0
0.009813154556819269 0.002083999623089508 0
0.01689641431208051 0.001694879887176578 0
0.01691266260095824 0.0002517730247726252 0
0.01682036161654052 0.002100363697623607 0
0.01032075205585065 0.006764791464361347 0
0.01325142769876625 0.00528103546092727 0
0.01125571584583531 0.006163068206783142 0
0.01136330903105704 0.006226071338758289 0
0.0169120711141684 0.002050040478285986 0
0.01682510431113585 0.001998730440603004 0
0.0159846183491665 0.003115206712252636 0
0.01593140749922282 0.003322941585089478 0
0.01567086223997436 0.003413458669171122 0
0.0006268635297310074 0.001485059702271626 0
0.002296387988742847 0.001165411201631286 0
0.008667743632819297 0.001633222062469464 0
0.008510437787547743 0.001671514970296914 0
0.007471845366009445 0.002021645002254551 0
0.0009658175254639622 0.001885202679974006 0
0.001149593624441418 0.002001309876688282 0
0.01479071027912801 9.821866613627175e-05 0
0.01495773294702367 0.000161177012818892 0
0.0001716608156299392 0.004185712432902751 0
0.01547352432307502 9.652086037077734e-05 0
0.005869728345646485 0.00120620579388911 0
0.004769120317913083 0.003340211890656841 0
0.01342233330106494 0.002480804467458172 0
0.01404022402393873 0.002739777064513936 0
0.01690811597662765 0.002858461220026424 0
0.0169083908157784 0.00535831445753002 0
0.01690982260394182 0.00525215318133662 0
0.0169040559106049 0.0007562186149258974 0
0.016904394215774 0.004853973010807741 0
0.0168491086499336 0.004771537938160242 0
0.01691343214641227 0.005750500660698757 0
0.01691843903056666 0.003051193614623564 0
0.01691357525309364 0.004250608307428898 0
0.01682945737597574 0.004298674534690775 0
0.01682975986832957 0.004192365880618699 0
0.01672119649767988 0.004233438824523829 0
0.01691605252077023 0.004149967123240671 0
0.01691343214641228 0.005950420554986961 0
0.01691343214641228 0.005550580766410556 0
8.844560651441284e-05 0.0004543596013349568 0
8.693900372640229e-05 0.006242530968097916 0
8.65678535877535e-05 0.0005497797092925498 0
8.650102317556488e-05 0.00214913886359816 0
8.628216550935798e-05 0.002248907578121288 0
0.0001753381973404848 0.002212237964068635 0
8.683969543204183e-05 0.005748157974101444 0
0.0001731703939661985 0.005697716987213696 0
0.0001762324014770358 0.00578541459431881 0
0.0001113404701877513 0.005532889419852697 0
8.438997997591881e-05 0.005845096096794872 0
8.656785358776911e-05 0.00434825770076839 0
8.656785358773095e-05 0.00444821764791249 0
0.01691557277112786 0.002656904188113087 0
8.595100255491712e-05 0.002748442766826269 0
8.529861718232883e-05 0.002848233121925022 0
0.01691343214641228 0.001452222933502417 0
0.01691070407847715 0.005049489262983537 0
8.828832001010062e-05 0.004960633278442463 0
0.0001707094611901275 0.004902105180498133 0
8.623923110083823e-05 0.0007497784224143609 0
8.656785358777605e-05 0.0008496595507248563 0
8.656785358774136e-05 0.004748097489344794 0
7.942915233105814e-05 0.001053837242602745 0
7.499165624637143e-05 0.003738337830032646 0
0.0001473965142988146 0.003937637054106991 0
8.56882316554973e-05 0.001448474676287119 0
8.587791055153678e-05 0.001948335072639015 0
9.737283422830804e-05 0.006044374163669977 0
7.816468299067653e-05 0.006543077247709089 0
0.01692301222933693 0.006151336187583891 0
0.003667664220149028 0.00692635367927337 0
0.01333453086345218 8.39064007552813e-05 0
0.00385301327446881 0.001980298819205069 0
0.01017747437854099 0.001739190794210923 0
0.01026181190346332 0.001707876121761131 0
0.009161256625051016 0.002664047283021307 0
0.002668220779948 0.002289323660918433 0
0.002834479047721085 0.002443495793561097 0
0.01684960630961483 0.003662504091171984 0
0.01681613937408402 0.003737467733147923 0
0.01416231613533128 0.004657468723599912 0
0.01436888290850513 0.005608383510838961 0
0.005816037889972266 0.005605017536219125 0
0.005405943946811525 0.004846629258033253 0
0.01221635761558297 0.002576939505999763 0
0.01350053893077726 9.07511717967908e-05 0
0.003494239349841847 0.00691296660196191 0
0.003432017934132884 0.006823126955148671 0
0.002387578670764529 0.003706766735035959 0
0.01645895550155933 8.543050582913948e-05 0
0.001723221220790581 0.006915614842610501 0
0.01596710424687174 7.517317109703237e-05 0
0.01370451839688868 8.463790698127376e-05 0
0.01616371860856115 8.433789803627455e-05 0
0.01621304674126097 0.0001721386432106879 0
0.00270537022728492 0.006916911189997985 0
0.003295794301847904 0.006915015151525936 0
0.01380525684445345 8.490238815507317e-05 0
0.003007832694341636 0.006915654400741225 0
0.001035716144756706 0.006917455219108182 0
0.001226505265653165 0.006911188105964043 0
0.002609340469493977 0.006917560718791951 0
0.002213478067007906 0.006916497351493417 0
0.002164250556036351 0.006827269968864757 0
0.01400474608291801 7.076047750338059e-05 0
0.002410570790767338 0.006917547116477726 0
0.002903348785183576 0.00691798716978098 0
0.01409387534815317 9.193409287027885e-05 0
0.0008333780262935056 0.006906121380122728 0
0.01577124099449704 8.272384803344451e-05 0
0.000538756263532671 0.006911440088747531 0
0.003199765570353594 0.00691870635613254 0
0.003245826483567806 0.006821947771851833 0
0.0006374889582028906 0.006911875277614931 0
0.01285537851140701 0.005224321623714098 0
0.0128183360084259 0.005329113406973453 0
0.01292149940676232 0.005317958470606694 0
0.01089395723585316 0.004753862184663181 0
0.005927529344189147 0.005231225552147379 0
0.0001731703939661846 0.001899238995737917 0
0.0001731357141220424 0.001999198942882043 0
0.01130069729864496 0.001371074096851137 0
0.007240536056906933 0.002764781054940033 0
0.0152274779742153 0.005146290474233896 0
0.01517534647695967 0.005339260776144889 0
0.003302970710784844 0.002849983606144517 0
0.005240428816179473 0.001073743451855642 0
0.005153118637793878 0.001143531534775819 0
0.005068378083204002 0.001089264008127126 0
0.006458670827547135 0.002862390057643315 0
0.01442765025598213 0.004848002272167475 0
0.01444815518133584 0.002694517303467143 0
0.01650384750170406 0.00240758925612248 0
0.00452300146016606 0.003130524006242636 0
0.004263454078239134 0.003062749046376522 0
0.01692010121040361 0.003855037339193303 0
0.003268287089889579 0.006420002501666668 0
0.008916612708606678 0.001553511358400327 0
0.01303910021894117 0.005299909347143956 0
0.008230858701159039 0.005256396120732416 0
0.01592493707691631 0.006664693902279398 0
0.01691638304134581 0.0009481247813061455 0
0.007958694570466347 0.005374104171167842 0
0.0135040328156148 0.004330890491319728 0
0.01575510880923683 0.006578026736559878 0
0.01564925780959319 0.006582574823425797 0
0.0001703886704494343 0.002799558991637213 0
0.003268148803248242 0.003176114953751879 0
0.01415722424074831 0.005465142985532223 0
0.001770737042522804 0.006827438936843195 0
0.00993749393002312 0.003530013321349441 0
0.01651501189804437 0.0001707634973339592 0
0.01187019663357183 0.00578240058583891 0
0.001234597523923687 0.0009005575525220795 0
0.008967757441752001 0.005669692209442826 0
0.01235503343124908 0.005311581042594014 0
0.006979022569924768 0.005291725751425139 0
0.0001746729927515501 0.004495831562297756 0
0.01198114202628699 0.005776005456494961 0
0.01284087434956072 0.002875044800893095 0
0.01590454159513943 0.001512576513563936 0
0.001082088393874116 0.006827734630805497 0
0.01276615773226315 0.001095278537413254 0
0.0118467424278428 0.005327240814168529 0
0.01167658036549728 0.005380708846143606 0
0.007304348684362509 0.001721636189807038 0
0.01691556616008178 0.003344396788991803 0
0.005699778072985436 0.005254086122437737 0
0.001665754672252048 0.006031624920003817 0
0.003510185265471761 0.001726056357106033 0
0.003606824838388066 0.001786600546830113 0
0.006417118937709869 0.005329454220655233 0
0.004154648368805217 0.006724507703340646 0
0.00409638928932909 0.006814086286588788 0
0.01006751773349038 0.002158056891440504 0
0.008438216205529708 0.001004849619989406 0
0.01691733304529729 0.00195049080421129 0
0.004388961942322136 0.006612314472275253 0
0.01690147343670913 0.004501495488817582 0
0.01492293038181791 0.005883037462662049 0
0.007257870330969666 0.001073094372977185 0
0.01691835411570747 0.006539616145702884 0
0.0007493345921200023 0.006731578128264493 0
0.00682246506953611 0.0002361331475022855 0
0.006725702015710345 0.000224705693942426 0
0.006850526145812259 0.004577275909810458 0
0.006991587467288722 0.004478681782498366 0
0.008960007665901815 0.005839221261763144 0
0.00686698218740898 0.0001613905978357969 0
0.001778845332290177 0.0007786510354168899 0
0.003762922158415366 0.001811484034140445 0
0.003758412073981733 0.001710247185915436 0
0.005138319411219086 0.006043015960509332 0
0.0168085194544088 0.004659685215629372 0
0.01452719618078399 0.001359049754948963 0
0.004903991324111377 0.005799417426831979 0
0.01492216551664492 0.005981456408974177 0
0.006145250153250039 0.00540325328798271 0
8.923088614544265e-05 0.006743315676238364 0
0.0003594097383186039 0.002801288219918632 0
0.01013173461113652 0.004909405040772917 0
0.01287429827781209 0.005387012908939099 0
0.000439328336992147 0.0005565059721766297 0
0.009896769604529971 0.001710419775167002 0
0.009818228062126875 0.001645793856235859 0
0.01611136726409746 0.0001745965173151976 0
0.0004969950993099319 0.006838310431510057 0
8.291407081474807e-05 0.005263111277004808 0
0.008700342119897031 0.002582523967012887 0
0.009662882639673095 0.006723848828598816 0
0.009576313080809796 0.006672642417269543 0
0.0001980245318580834 0.004021541049713245 0
0.0151771146058904 9.983295431179604e-05 0
0.01683207193714008 0.006107892585085863 0
0.01567523462654563 8.332742392923699e-05 0
0.016632340610212 0.00126241312417763 0
0.002884604239947821 0.002244134790910388 0
0.001655163842433392 0.004987317523909331 0
0.006020009236388946 0.005111641840836131 0
0.004254827973501766 0.006704494007356275 0
0.01266928698816919 0.0008460547108924796 0
0.01378022502969542 0.005318004194852856 0
8.692962632644678e-05 0.002539224739941666 0
0.008596217161581557 0.006065988703641867 0
0.01439241856269769 7.759978159049569e-05 0
0.0047731250344077 0.004979378227162536 0
0.01119368121958571 0.006347669223191093 0
0.001427935891765176 0.006922207490334792 0
0.002654841220243526 0.006059082237883371 0
0.01228451527018987 0.0006359469301183878 0
0.006548209077973821 0.004736883888048298 0
0.002958861782832204 0.006833963049514788 0
0.004839590037402882 0.001306187183555307 0
0.007516709315062563 0.0003299757349916545 0
0.008173451881940469 0.0007860184060322476 0
0.01643164837184846 0.001283136638943696 0
0.0168543753054738 0.002374099975951264 0
0.004445208235215399 0.001977127165078853 0
0.01325032180672253 0.002832771860644974 0
0.000199063548568492 0.006359063035417832 0
0.01625759115861619 0.005522865253990448 0
0.006658724530848708 0.0008375866900114828 0
0.0003528573886109991 0.004929230634265444 0
0.01684965062000912 7.481353785053057e-05 0
0.0001600387856157941 0.006903293099727632 0
8.152275975941738e-05 0.004148337806480188 0
0.01242417631676926 0.005046413768713658 0
0.0001549663695405955 0.002298155262913599 0
0.01375358610737887 0.0001704595524133798 0
0.005111264888820756 0.005754253626530528 0
0.00332981033273738 0.006120865567416126 0
0.01093566182120325 0.005340460884283043 0
0.01084454669586524 0.005086564398925785 0
0.01020484796626275 0.006778813214501904 0
0.01673291195100442 0.006258592218119745 0
0.008412604453654571 0.001548922017955774 0
0.01635796075980921 8.337067754175895e-05 0
0.01458184209412982 0.000304392170519589 0
0.01683231720050928 0.001298929166225592 0
0.005638779236214929 0.002337349108188297 0
0.0001785329877675313 0.002109582348240738 0
0.01155320217869687 0.002661698609759221 0
0.01187110196247655 0.00267507636171705 0
0.01197352438465171 0.002382420337124688 0
0.004575826877460359 0.005427849237891618 0
0.004772709683022416 0.001384005840104539 0
0.004687213079888453 0.001344022049698667 0
0.01135570236238646 0.005405457551730419 0
0.001493621211739052 0.003466956562169775 0
0.001581677213100959 0.003155233435428541 0
0.001831751527686624 0.002847695760741098 0
0.001525513705525329 0.002843027938182187 0
0.00127606685927535 0.003055417013157119 0
0.0006674616623018759 0.004516020863315442 0
0.01245932668763501 0.00427279042146492 0
0.003902909058743576 0.006829189525184024 0
0.003951164824541799 0.001693457691104575 0
0.003991977892079355 0.005560629734459007 0
0.009019969547715974 0.001904963874422963 0
0.007696062241334665 0.004091714673987425 0
0.01151810416979937 0.00528527520818463 0
0.008503831380478322 0.004006413662197764 0
0.007212428804411963 0.000240105229548811 0
0.00729446171472168 0.0003077809484681878 0
0.007358064829437307 0.0002389408055007707 0
0.005093550274964343 0.006116662462694092 0
0.0007944491328602124 0.004659620900130159 0
0.0001724356426002667 0.002694558571865185 0
0.01474711536276175 0.005923273306715336 0
0.00227683419318769 0.001072814569080861 0
0.008142418978673325 0.00471039433669147 0
0.006530934137334481 0.000276067464233315 0
0.01356861458921399 0.0001757456291697447 0
0.0007625079975656611 0.0002842777084947354 0
0.008965517506355727 0.006340073961188068 0
0.005641555525312061 0.005786879835312084 0
0.01691250026772753 0.002561181619264815 0
0.01318682795919343 0.004341141955676988 0
0.003222977654342359 0.001797219891089544 0
0.002139015047413823 0.0009746128860610918 0
0.011613560590963 0.001012312557862168 0
0.005376772843386322 0.00597338663906653 0
0.005360509422680969 0.005893499440363124 0
0.005227000926504673 0.005776603267234621 0
0.0117513717172563 0.0009244907872987419 0
0.005237137474278716 0.006069956765574027 0
0.0001684185641450571 0.00139943926001741 0
0.01439477355619441 0.005693785277749927 0
0.002006321587909699 0.0008734167838189079 0
0.01421161340050725 0.0001850813533709854 0
0.01434074581239466 0.001623929578309082 0
0.005502935660923487 0.005865062609979639 0
0.01148911804235411 0.001119561749906827 0
0.006927911905722241 0.0002108692835429463 0
0.01310478055359699 0.00104553347116269 0
0.01031170327936734 0.005479030827736345 0
0.01116002085842055 0.001340966002883911 0
0.007915028318712772 0.002421508737613694 0
0.00113210833781557 0.0006164676514738834 0
0.01113047543076645 0.006424988219830705 0
0.01683117111010397 0.005500600792838482 0
0.004882785560695085 0.001227817145003648 0
0.00863946549817265 0.001081655702899672 0
0.01188032112593937 0.0008246831430744994 0
0.001941952520923941 0.0008235334455563561 0
0.008313587602661942 0.005968204944456166 0
0.0005635978679646436 0.001072492740434377 0
0.0007273276631478316 0.001111039682559122 0
0.002464086679417531 0.001210586972285417 0
0.0145312733110856 0.005787047510252833 0
0.00801198826947502 0.005703485863251215 0
0.003173998450933729 0.00571747489365584 0
0.0007056654580882595 0.004318482348419602 0
0.009894351024624293 0.005997133296713965 0
0.01691979387903125 0.0005352158784349809 0
0.009158066253413475 0.00238771225665444 0
0.01313770275694929 0.001806977988699601 0
0.005203594122138364 0.0009848708227803149 0
0.0002705589910166808 0.002175486227834381 0
0.00874139888390316 0.001087452468201764 0
0.01067441243543124 0.006190087477469823 0
0.00134175298678229 0.003764335541061366 0
0.005699367126605457 0.005743133775787019 0
0.01129543302463595 0.001258417254826155 0
0.0001843167559106365 0.006167232571208967 0
0.008446390935338768 0.006046375526745891 0
0.008557283831291042 0.0009347911297381338 0
0.0160235752282866 0.00382327879787236 0
0.01231777286320345 0.005657458656153703 0
0.004504413627111809 0.002558546664660818 0
0.0001674549610245352 0.001499399207161487 0
0.007569412159100211 0.004283442297735834 0
0.007717813653171829 0.005503667853943676 0
0.00811753576504206 0.005830607199434061 0
0.008252579382789265 0.005821303817874377 0
0.008873062902654274 0.001178362312148251 0
0.01057033686269068 0.002445222226146704 0
0.00687150564644951 0.0006640604073159038 0
0.0006027400664485889 0.0007963820073872041 0
0.004498627356329842 0.006078612578779423 0
0.004894546674791205 0.006238626738067155 0
0.004725503296685177 0.005217779032894129 0
0.01531289563859638 0.00637217079092332 0
0.001687104361403589 0.0006278292090767042 0
0.007449203134557472 0.005371987345209663 0
0.007359071362791582 0.005331710721005271 0
0.007385228192137367 0.005431335735000355 0
0.004989200819984592 0.006252745010754772 0
0.01201591075716641 0.0007349376127285469 0
0.01518430568599771 0.006275071211955242 0
0.008129169944205599 0.0007031936025961457 0
0.008268502350215227 0.0007890515661245832 0
0.005335282008058259 0.0008925814914194198 0
0.01166653775515151 0.006109925243213823 0
0.0003365049661914477 0.0003418771189166695 0
0.0001649863470097133 0.0006905987702122947 0
0.009546175617195764 0.00190190957333724 0
0.01422270088211807 0.005537417591197536 0
0.005178004692444586 0.004848773712300346 0
0.01279975076689862 0.004474897269934645 0
0.0009059983804001921 0.004989474917851273 0
0.0001615374874519172 0.003306774557524333 0
0.007808822997244151 0.005134801929376591 0
0.00424377415423665 0.006466281451742412 0
0.0001683470137808663 0.002898838467178941 0
0.01096024637212723 0.001451860924262838 0
0.01199275757582125 0.00587749837382206 0
0.008413242516269433 0.0008438569087407788 0
0.008573236643344816 0.006157544060334417 0
0.009014099012278752 0.001255875434477567 0
0.01218567582413881 0.005739181102878126 0
0.01690086569623 0.001146259174972769 0
0.01529923649211267 0.006268006795463068 0
0.0142153558457923 0.0004891352266338973 0
0.003607451393557524 0.002523107315397206 0
0.005596486878289562 0.0007005602703118478 0
0.005469911872038149 0.0008026536430588249 0
0.01153251020405001 0.006203614381971536 0
0.00292664342647632 0.00148625705726822 0
0.01038099964303841 0.006151475654339225 0
0.004476407044184977 0.001448429473838208 0
0.01252037794181816 0.005554179352143406 0
0.00508884017155939 0.00142611144003697 0
0.01109218192621846 0.001377641356756584 0
0.005901518391887942 0.005623580188088066 0
0.007852860316472962 0.005660161346547839 0
0.009140488750663761 0.001346021674052208 0
0.01213635966043179 0.0006251607804062206 0
0.004857005201519744 0.006377408600752253 0
0.01644058466992252 0.001084346894096414 0
0.008700458243526358 0.006248817443934792 0
8.579953328073479e-05 0.002442717996952068 0
0.008793052023474341 0.001747714865018332 0
0.007591994565765991 0.005518250435720998 0
0.009409936137999531 0.0014796399518288 0
0.009342525403838762 0.001537346221868156 0
0.002341112932283866 0.004783647023233637 0
0.002798325125124767 0.001416119739770582 0
0.002721708482756242 0.001471611998249331 0
0.01239127244146869 0.005635148988187763 0
0.002082184199194976 0.001722302062372124 0
0.0002678703317433567 0.002747808565767935 0
0.0161036987412452 0.003445437685681296 0
0.00227189967094098 0.001663029895284453 0
0.002450694409870695 0.002083645487482118 0
0.01614665096504449 0.004875591811504839 0
0.0114124143088387 0.006300614799700073 0
0.01651348193708024 0.006060054874338945 0
0.007721901860819483 0.001888556351766418 0
0.01618056635451832 0.0005448131560887351 0
0.00193676946640832 0.006227101683757499 0
0.01537887519562442 0.006414095343395482 0
0.0009625113694557239 0.001425605941778725 0
0.01060228364096065 0.001862882121376966 0
0.01049766993492139 0.001799117236163987 0
0.0105320624518619 0.001693240990162254 0
0.0104317171667533 0.001704616472499964 0
0.01384470530243606 0.0007215621440092457 0
0.01498327568332082 7.641642327746272e-05 0
0.006240545631591731 0.00543579246086554 0
0.01076516824555265 0.001540595762896686 0
0.01241068444603295 0.005510279720531691 0
0.009279181010898974 0.001410913492334284 0
0.007717034143664644 0.005583649448454077 0
0.01630906664440052 0.004712549241384375 0
0.001036416228768837 0.002918568100618396 0
0.005549638612534742 0.001366682796127562 0
0.004295273445419313 0.00515284088946033 0
0.01239379571177719 0.0005326287107595045 0
0.01685030700583766 0.004102332646608503 0
0.0008399103707556616 0.002230143443291123 0
0.001025484556353618 0.002320679194082117 0
0.01592540675510372 0.0005873626949820291 0
0.01683662822367411 0.003093036575791053 0
0.01180115781073515 0.006021303125131262 0
0.008832039291450662 0.006334836517074 0
0.004607037893474587 0.006553669307658331 0
0.00245938917520583 0.006835257292839656 0
0.003925569239153546 0.006530185164313995 0
0.0124447000465419 0.000889506004815902 0
0.004735242421239891 0.006466940133844272 0
0.01226404830167076 0.0005405894205365203 0
0.01088692511063992 0.00147504722828216 0
0.000691486351205051 0.00400556505129275 0
0.0136993702980631 0.0006137273185807556 0
0.01150502041635947 0.001625059988375171 0
0.00960861900700238 0.00156887789670921 0
0.01665825263623269 7.715990972242612e-05 0
0.000699329067611559 0.005198463205893402 0
0.01258462041098283 0.005517835336039273 0
0.004411630597826504 0.001475098654004911 0
0.01127647142692985 0.006376273346821667 0
0.01081055702969176 0.006605821766808719 0
0.003622955534703373 0.001883818934184016 0
0.003332584531739844 0.002295990325986482 0
0.01212229923737772 0.001937611352542409 0
8.187191093313347e-05 0.003354628178656362 0
0.003590410394316846 0.006296229835598162 0
0.002995496783620619 0.001519123772907403 0
0.003002757926120312 0.001607273577880344 0
0.005194630393364706 0.001500833353765187 0
0.0136609314816211 0.0001532326211174466 0
0.01563820811930432 0.0006621178270697432 0
0.0005510428288004014 0.004825135525035657 0
0.001370622738189819 0.0004002347008700523 0
0.00572157627335703 0.001915460747577223 0
0.001497319629002115 0.0004949527001141337 0
0.01551006763054365 0.006511464046543881 0
0.0111860085691626 0.004713558914180396 0
0.009477160014401223 0.001506835568976645 0
0.007525510779431669 0.005487802270035886 0
0.004144951911468849 0.001581955989363624 0
0.005051898531083312 0.002335433251847162 0
0.01407540558497504 0.005515841368028804 0
0.001208554172865485 0.0006858619752355606 0
0.009544882184036202 0.00162375233965496 0
0.009087779343801736 0.00651073344036651 0
0.009097155111890595 0.006421721885615409 0
0.00590980403184016 0.0004852011055531554 0
0.005329125299311767 0.0009916108493017535 0
0.007889307063794848 0.0044760734649911 0
0.01432686379883039 0.0004414505949057118 0
0.0169252185859693 0.006250300396419264 0
0.003865007927087223 0.002091941511985618 0
0.005781636482673835 0.0005750146909050033 0
0.008958003586603343 0.0064251330360851 0
0.0080348859527487 0.0005756366099327675 0
0.009482957744794518 0.002489919090315084 0
0.007803554104830414 0.004652909619003377 0
0.01395247077211808 0.0005712599898378755 0
0.004279049093754639 0.001541650083487206 0
0.01271922693054974 0.005452894568044167 0
0.01465022648817004 0.005032399949334789 0
0.01679861486173292 0.006191132830989007 0
0.005733944607366561 0.004714088624380308 0
0.004148294351649845 0.002594682600486964 0
0.003803318972671534 0.006841568685839646 0
0.01102140123875249 0.006119875084182857 0
0.0001670887428470678 0.00238867176920941 0
0.0128984855639727 0.005110817888749918 0
0.003132757687914364 0.001569242532382674 0
0.006316521769174913 0.005437359705424474 0
0.01386693451459883 0.005434189099255569 0
0.01069835452942382 0.001574253105330151 0
0.006230077739335928 0.005124778766567921 0
0.004699318272520106 0.001435984037460253 0
0.01684294683492418 0.001887255460588021 0
0.016745286137272 0.001929335349854502 0
8.047105365359582e-05 0.00345917814372106 0
0.01629010242424829 0.005240135115805395 0
0.01673392282521984 0.005316417263643371 0
0.0005264789677240662 0.0001429105875208501 0
0.01687786662033532 0.006733298782204956 0
0.01370971617390889 0.001319259241603829 0
0.00224272773892507 0.001825860392352685 0
0.009597684153308516 0.006577796579500507 0
0.01582486443585445 0.0001643481088133203 0
0.00257905785064474 0.006247749328558625 0
0.001369827756782467 0.0008493455195506022 0
0.007192479532574442 0.00537495181706277 0
0.002745722431563321 0.002137959151566863 0
0.00972269798861386 0.001668228192859472 0
0.01466310504796953 0.005879408215077085 0
0.002264366098071907 0.006241238710339565 0
0.01022503726170527 0.002269061459863494 0
0.009681865740086143 0.001592064873243928 0
0.009410528595620037 0.006612477337428931 0
0.01425332624151728 0.001071244894102324 0
8.031276366811911e-05 0.001740080208077313 0
0.01467134905967459 0.001133894730676869 0
0.0137323125206356 0.005392890568507133 0
0.003270060253083597 0.001603414021126184 0
0.01055623370515347 0.001611063977104649 0
0.006443085692780117 0.005402712693163069 0
0.005107443806460544 0.001630695202203437 0
0.001644538642329131 0.001198065718197176 0
0.002890397281965747 0.00628988237747913 0
0.003628191613823097 0.006846018670546102 0
0.004543723349058656 0.006597213744455604 0
0.0007824916148851573 0.001889362209263496 0
0.001019259221640926 0.002515311093554321 0
0.001280425205601864 0.002397730317252275 0
0.004081049145277542 0.001612434062991298 0
0.01209773451998089 0.001208988854420318 0
0.01216951099824229 0.001125216685497886 0
0.00778247743728437 0.0004127965281417712 0
0.007785463111444965 0.0005051955233328596 0
0.007868935992583613 0.0005411343388246458 0
0.007702318730906214 0.000443682823746073 0
0.007411713541790042 0.0003068384774170701 0
0.01317206064180127 0.004540260771867519 0
0.001755145272472792 0.001273014930247131 0
0.007919525393609295 0.0004760571133130094 0
0.01604379957316732 0.0005430738959334189 0
0.008624501145910488 0.001789355679449219 0
0.0002809687706827914 0.006338146522391464 0
0.0005936059238057165 0.003577070984762793 0
0.01422621789726334 0.002391600429995879 0
0.01314409461930647 0.00527708205172991 0
0.01508374595694225 0.001109231689118226 0
0.01682893912005196 0.005712916803169379 0
0.00536287930974679 0.00238254214258636 0
0.01042087137896908 0.001631856971434454 0
0.006572474765201845 0.005366073550596968 0
0.01584217072684979 0.006661053892046132 0
0.001466671616283906 0.002170993992560218 0
0.01001990780762536 0.00165084718949141 0
0.003808098782409991 0.001651458768238548 0
0.01319340329398979 0.005347999581368904 0
0.01225778978705156 0.001043712070074979 0
0.01190876535547085 0.00138218971276514 0
0.009987908042398274 0.006786983932092137 0
0.01383816941126467 0.005032066898298562 0
0.01305780457211355 0.005378310847382894 0
0.007115387924989353 0.005356324094090206 0
0.003941059283259231 0.001623480311426039 0
0.0111116269604117 0.001466746792165341 0
0.003469165423593211 0.001647390499060699 0
0.01144917029451296 0.006166261265643607 0
0.001708802320344368 0.004695393218601029 0
0.004051475054186401 0.005040009070270456 0
0.01351648018489234 0.004522082303042799 0
0.001311042131332913 0.0003682972951858264 0
0.006776727837317089 0.005339072121823749 0
0.01088903559186446 0.006625121637189979 0
0.00610508655209412 0.0003800566121163382 0
0.01339454533872879 0.005341960513819983 0
0.003606449319237186 0.001676403055179316 0
0.01545526710770953 0.006377033657267682 0
0.005974879309660923 0.0004501429072103066 0
0.006043203875939516 0.0005108565748617624 0
0.009147707146669147 0.006555056551747134 0
0.01102749285333086 0.006555056551747129 0
0.0007544728177689298 0.001378770965721198 0
0.006795837435222188 0.005261542731199337 0
0.0002529821722981399 0.004955681444620503 0
0.0005275521775904967 0.0009183664479216909 0
0.00692231974331488 0.005338071077631797 0
0.01551893532698486 0.005789660786699624 0
0.01307950155186828 0.0008267842092036575 0
0.005033567601688728 0.003060363011391938 0
0.007139580524943239 0.0045841085894286 0
0.01156511071017592 0.001771137567226019 0
0.0148434189885025 0.0005122062321915523 0
0.008842887721088825 0.005776533846047621 0
0.01292841739695853 0.004319431673896323 0
0.01570884767399585 0.005997799243107973 0
0.00740614290921991 0.0009035445895373773 0
0.009563343977184249 0.006104757201196645 0
0.005625621220253908 0.001259582429438147 0
0.002660784675097779 0.006837371397762557 0
0.005970149606742213 0.001076133602432816 0
0.01262827841543273 0.001655045310781494 0
0.01684047298091279 0.005802292345247186 0
0.0006031815466609799 0.001340473960887092 0
0.01184129802952423 0.005619225372469517 0
0.0004827058110408733 0.003080280324398346 0
0.0161598637946935 0.002064459758625169 0
0.01595331803169193 0.002047427961316293 0
0.01271509798624151 0.000257636820630442 0
0.0110953964073425 0.002453780634792299 0
0.008655148551234481 0.004942415881604718 0
0.01182437744418972 0.00484465116447282 0
0.01258038306085924 0.0003209672058899758 0
0.004420462519199442 0.006680699135843949 0
0.001367350851537131 0.001952660958005361 0
0.01134901741602529 0.001202376497097375 0
0.01114495962236892 0.006135770505251294 0
0.01400407208609369 0.005480298724867512 0
0.009362410193950021 0.005892566265205806 0
0.009470943676910211 0.005736100353666717 0
0.0001730957998219308 0.0004222487315623507 0
0.0111419617908604 0.003451262760363547 0
0.01256265271137774 0.0009331881004921638 0
0.01180727296693884 0.002227929680371485 0
0.01617537772357794 0.004280909781433795 0
0.01682664071693283 0.002823005093023831 0
0.01623560847067299 0.001758666728668003 0
0.01605012581754181 0.001855558587851308 0
0.01602973960923949 0.002391277959081165 0
0.0007471989898311712 0.005620059278283475 0
0.006043838732433368 0.00554544109315468 0
0.0164957963598282 0.006800078749085624 0
0.0001696168454893478 0.0058839986607294 0
0.0160208491700241 0.004198522263468986 0
0.01686843236978192 0.001779783394522646 0
0.01238223640570136 0.001106379706174464 0
9.058861239545635e-05 0.003097928946243319 0
0.007183968464238679 0.0004455653556184802 0
0.01596227074697159 0.006757647885544236 0
0.001045019930790411 0.0002334164163718907 0
0.007598087048536291 0.0003087265533033515 0
0.008249604574641507 0.005917533594109459 0
0.005544490271444378 0.0008335453644145899 0
0.009269546689963251 0.006619464755821175 0
0.00773165527410973 0.000368602832623877 0
0.001178836843253688 0.0003008172955772425 0
0.003342846829870064 0.006842599954935741 0
0.00185890946668771 0.0008661965789402495 0
0.01692121765230016 0.003246989592851409 0
0.006718276338802968 0.005199513604359209 0
0.0169195136199069 0.001262331827279903 0
0.01438972727970266 0.001993175563902858 0
0.007846504204104796 0.005547428872490012 0
0.01298613624106855 0.002475361785670352 0
0.007055226394033453 0.001675082626148741 0
0.009050802853834031 0.005467115196929603 0
0.01289227638807111 0.00206000348984665 0
0.01158315738842125 0.0013237999130271 0
0.0001640537199085676 0.003530785751422947 0
0.01683485128432918 0.004014416264917347 0
0.01260427883421162 0.002576465817336855 0
0.01033729101173442 0.001718593065462214 0
0.007264032763397149 0.00534228509214114 0
0.0002283220389237024 0.005045920434662411 0
0.005979718487529918 0.004441052916019253 0
0.01405099729112766 0.001566860647733896 0
0.002181695394352709 0.003409258763197111 0
0.01071375067373213 0.00670584895294553 0
0.006169771589268964 0.0003472013834734246 0
0.002851179725998557 0.001535560602099851 0
0.006273412997070562 0.004109937338984327 0
0.009768156801828555 0.002764345185994084 0
0.001825187277238692 0.0007137893429808276 0
0.008689917263942077 0.001026936094468084 0
0.0014315769459928 0.002603591847553054 0
0.001680189530787399 0.0007250770847928695 0
0.007026236770604518 0.0002044864254031895 0
0.01381864619699316 0.002442387107267437 0
0.01630080774720308 0.00689849552147161 0
0.0003442944381106643 0.006930249444617558 0
0.002616735822213887 0.006753157244372684 0
0.01360048917776521 0.005361744227929322 0
0.01485647545067769 0.00603129559325134 0
0.004356269213815485 0.006085645779650358 0
0.01047724363233202 0.005116143608734278 0
0.004334383413199283 0.002665687547673531 0
0.002190760206367837 0.001110469124533089 0
0.009393173125644905 0.006689976978888328 0
0.005918405807360278 0.0005801557222328527 0
0.009143124326807747 0.001422466324087331 0
0.01429462424645823 7.021857999136823e-05 0
0.012893665652629 0.0001704488779246806 0
0.01295121569356872 0.0002241748575670635 0
0.004230626173107611 0.006778233481082105 0
0.01278014297688722 0.0002222898659156201 0
0.01008214889617651 0.001643866754968821 0
0.01073685242575374 0.001908291177741416 0
0.0127343208088838 0.005360642394508425 0
0.008788064961196296 0.005638468218816433 0
0.007937967699195726 0.0006044591268019794 0
0.000477534998860803 0.006241103058046379 0
0.01674188822656875 0.005693950874071046 0
0.004128443725696671 0.006416305871963107 0
0.0023603644360921 0.006839620855162942 0
0.002938075028099387 0.001670257244868572 0
7.797869324301793e-05 0.001641680823339967 0
0.004617419716332256 0.001388066726148626 0
0.00961423188176296 0.001988202361007311 0
0.01045427719446127 0.00664660686145991 0
0.0105050207635452 0.006727427742221707 0
0.008403304718783807 0.001091648320479068 0
0.01354501347058086 0.005030393914041377 0
0.00628362453110942 0.0002935210886903113 0
0.003685876192686944 0.001748519402276957 0
0.01684684475962674 0.001505819640194842 0
6.514545275785287e-05 0.005351225685857077 0
0.004978158278066322 0.001243987618304885 0
0.01217762222321154 0.002218800348547799 0
0.005220499158231486 0.005590117116368518 0
0.01601088723390266 0.006812248309192054 0
0.0009925396464635387 0.0001907232815731375 0
0.003412679072146282 0.00260810357691827 0
0.01084202309518747 0.006668799708095313 0
0.01498571607553292 0.0061318502640849 0
0.01693142059779185 0.004750901189257748 0
0.004904366290245739 0.005310466404631837 0
0.002371021351893429 0.006113768775820196 0
0.001634387302089466 0.0005714729939829515 0
0.01684063662836266 0.003192994113734695 0
0.002564060470735881 0.006835507452871788 0
0.007067360806349812 0.005276992528390351 0
0.01126735776626675 0.006275483369232546 0
0.003075953211383888 0.002751331902835128 0
0.01012334143451814 0.002037779093496464 0
0.002603116479065112 0.00129281427767886 0
0.007262628523542901 0.004280164719313036 0
0.01367127684716751 0.005312844018480561 0
0.00952530764510171 0.006749058144813629 0
0.01065023353768605 0.006739963183415244 0
0.001031784576076733 0.006593141690836744 0
0.0105271838924296 0.006801582446337806 0
0.01574720681181764 0.0007723923926085453 0
0.01609141914662217 0.0002718416218945611 0
0.008908411448151151 0.002721300040037109 0
0.009823539124682411 0.003265295097358533 0
0.01432797041166907 0.005668350041644692 0
0.0001555974567162225 0.00659260601574407 0
0.01013177295710207 0.006855828754205986 0
0.00196950676453305 0.006909918374125816 0
0.003591113165222392 0.003640210716491908 0
0.005648235618433605 0.0006445443329238603 0
0.01332860282834379 0.005028389910532305 0
0.002927751645621245 0.001573655549287296 0
0.001384395016091244 0.006846286548679283 0
0.00412411489582846 0.005341765454839648 0
0.006167543349618384 0.0006270686229230831 0
0.01631859666271773 0.0001712547556541474 0
0.0001779522879180994 0.004578376909646442 0
0.006406015597658184 0.0002242427766942796 0
0.01041184839913094 0.00674312883821539 0
0.007633605634762704 0.002342831947010498 0
0.002759094633517423 0.006838108925884713 0
0.001000374680644589 0.002119714913073271 0
0.006713819716496273 0.005351444041205659 0
0.001243518258105526 0.002789702729290359 0
0.01132839427346162 0.00182621132951219 0
0.002520321027904021 0.00195402876946343 0
6.722180267452332e-05 0.003948417912191986 0
0.008764394276201456 0.001191558065396418 0
0.006510254940173302 0.001614789305742024 0
0.01684542223144644 0.0009027825866959071 0
0.0008674571799410728 0.0001398649279791566 0
0.01296323920682256 0.0001464816231855318 0
0.0161354348797528 0.00684950049869699 0
0.0130797756094382 0.0001054093899498926 0
0.003920014189068392 0.006905266979811619 0
0.0007403089775385573 9.790950725642846e-05 0
0.01484905974886853 0.00467476272350907 0
0.0168285232009737 0.006675944177803631 0
0.005120139345798648 0.006183314643444062 0
0.007008708155205096 0.005097894492031418 0
0.009541304574371919 0.005532073661702623 0
0.0001590202295120458 0.001114005264132553 0
0.009646549448747068 0.006795694707723202 0
6.563667986826324e-05 0.006453626175540874 0
0.007225870966111558 0.0001676314111565204 0
0.01502025648879329 0.005262253418735402 0
0.001048982992385497 0.00629834285513617 0
0.01419922331857878 0.0006123052239443544 0
0.00225975456765609 0.006837609869770439 0
0.002194372294501461 0.006740915954677695 0
0.008875779397563569 0.001878075242240122 0
0.002667767824389941 0.001336802102198153 0
0.0143817564219531 0.003673660901957434 0
0.0002379998875485026 0.003919039044619908 0
0.01238881348570205 0.0004404785104077879 0
0.01131242929089692 0.005917888836907708 0
0.0005650610687094205 0.004282698414186733 0
0.01443210073189606 0.0001517934160503022 0
0.00340700650191253 0.001629976765216791 0
0.01499934679127705 0.006045516201565449 0
0.01046495998174829 0.006804330733874155 0
0.006545162579618565 0.0001948928792516657 0
0.00372400222807499 0.00687441328161844 0
0.006662344917568437 0.0001664472985630086 0
0.01033704146121297 0.00684221367710198 0
0.01325852751999546 0.005355417376915892 0
0.00108833604253214 0.0004238191953163679 0
0.004991460952674602 0.004928383864084546 0
0.005287305182645201 0.001402218429065056 0
0.01091868100014896 0.001560779671969577 0
0.006281555246068011 0.000644170180041309 0
0.001983741851306411 0.0009536582990914235 0
0.001212899828203502 0.002197807906788774 0
0.009575984467207484 0.005912532812903702 0
0.009776057190604707 0.006812507091876563 0
0.004715856474495234 0.001540027552047169 0
0.008001581519726114 0.005235456549298165 0
0.009902200972709593 0.006826507799412355 0
0.01646188855514559 0.006879960371201598 0
0.004014790665395533 0.002970664851635213 0
0.0003468853998701178 0.005913411310126113 0
0.01107106053206135 0.005186112661668676 0
0.003858745414276656 0.006906163521692916 0
0.01314937348918752 0.000104087483891911 0
0.0006809145586543271 9.21474776611397e-05 0
0.007958697937733811 0.0009921992803082042 0
0.01683028199085481 0.005330632311433366 0
0.002067674875510063 0.001009527487406991 0
0.01607482262582155 0.006561202314550102 0
0.007164718614896008 0.0001722335153767156 0
0.01327171835887991 6.606916117227321e-05 0
0.003731027763551839 0.006937600386753137 0
0.01667517058075389 0.001857813969410638 0
0.003971158034734351 0.002171004875471013 0
0.006980296186276305 0.005360649411633135 0
0.0002673235032019435 0.005831796924630778 0
0.0137473820194186 0.004307046297183051 0
0.01692998606535788 0.002364058738155535 0
0.008909545898718731 0.001268610973669656 0
0.001503706880426873 0.0005955339226062415 0
0.0001642803871152437 0.004816106639941269 0
0.001067573358928359 0.0005380557363901671 0
0.009887775512191105 0.001628316868841552 0
0.01691824439793324 0.003956390179587647 0
0.01258578186193522 0.005444560477492451 0
0.01027290356930377 0.006842671764626612 0
0.006721625860496702 0.0001473398566703902 0
0.006251473387784731 0.000367752179888096 0
0.007821014385510413 0.0006191901173621937 0
0.001418535041112288 0.0005260973322340971 0
0.001119029087107423 0.0003459053085425952 0
0.004290679807556073 0.006621104893853327 0
0.0001657242754387542 0.00498019258135127 0
0.009854960370814394 0.006681153291078663 0
0.009841373876342933 0.006766171744082899 0
0.009968941397350948 0.006858535447786137 0
0.007036873241268417 0.0001385786130581553 0
0.0005647959974172129 7.458971417124852e-05 0
0.003746193746421024 0.001643993272832207 0
0.01560192952645994 0.006485198403680193 0
0.001603547076965127 0.006827052710451991 0
0.008176355470480503 0.0006458174500118528 0
0.01596096029192883 0.006373543117357588 0
0.01060129063072546 0.001664965932889915 0
0.00101774113777689 0.006771597310309491 0
0.0165671207846723 0.006946759045114012 0
0.0004245377171509107 5.642800661261353e-05 0
0.01672390729879287 0.0001577699815910895 0
0.00480487513991276 0.001246857887652153 0
0.01652313628599128 0.002518982710590812 0
0.01170413804634622 0.001539884472908123 0
0.01352165667873537 0.00535010756466461 0
0.007124079516200556 0.000995909852243185 0
0.005304405480556737 0.005944369862583955 0
0.01669720778335598 0.0006883989002380653 0
0.007717987054281041 0.0005666944571711212 0
0.00822412160535196 0.0008638670466552169 0
0.01588916065471735 0.0007099742998003212 0
0.01096041754573925 0.006507777595695496 0
0.004200150221777993 0.002807906541243336 0
0.01673896765497677 0.001332209814882625 0
0.001114518411314352 0.003689946567881672 0
0.0121319817512623 0.005796813270670192 0
0.01582577513584866 0.002430840881652884 0
0.005539296265078382 0.005777740241481533 0
0.001176290238566165 0.003255715924675584 0
0.008895415172318599 0.00166233856759457 0
0.006623315301384471 0.0002384065485757036 0
0.001719651267409633 0.002599729668774701 0
0.004076668334153002 0.003250902739842519 0
0.009155534313224563 0.006284295806137808 0
0.009176878820096306 0.006377402224138419 0
0.009021496215601617 0.006394013163006229 0
0.01335359573530622 0.005269514773059624 0
0.01552160315841481 0.006434440503430233 0
0.01693614592251757 0.006450220290707468 0
0.0023781845490993 0.001239642282148819 0
0.0009147119840510779 0.004802824591555434 0
0.004004726918735625 0.006806068771579027 0
0.001182118592295055 0.0007907682579538504 0
0.009783392537644204 0.005860274617532957 0
0.01148687025199184 0.001215838134211527 0
7.18816186803771e-05 0.0001232880810113101 0
0.003991129190363386 0.006436315150369842 0
0.01684665400597912 0.003007830017892458 0
0.01593237969297914 0.00015361273678356 0
0.003636006501336838 0.006760419645978137 0
0.01463160817695681 0.005575065284071334 0
0.001411536129888352 0.001153039142859174 0
0.00048453653753458 0.0007929302156820333 0
0.01525500229958938 0.0005337661552157398 0
0.008639247932852038 0.005636846835505306 0
0.01194883935984559 0.0008691577627762833 0
0.01673219950679615 0.002145648904519758 0
0.007946975849807476 0.003631069896315085 0
0.01144604513200684 0.001851332309029089 0
0.01684708754546933 0.006001882250544238 0
0.001526699718759763 0.006566496056610777 0
0.003295167731795773 0.006545356968673461 0
0.004173176497240088 0.001993124674493594 0
7.441569538343268e-05 0.0002709480232917769 0
0.001735028748314509 0.001398877679006454 0
0.01658926549889092 0.002865982269542905 0
0.000160781975838211 0.006276836031938227 0
0.004997554429613918 0.005732533631944682 0
0.01234034987939487 0.005405825613455323 0
0.01221267600306965 0.005637206381744234 0
0.005801216819480247 0.005196984001480482 0
0.01655914238280455 0.006876425399324069 0
0.002857610803884589 0.006838868602176631 0
0.002917119412814913 0.006751024322303172 0
0.0129685224665673 0.0003761363728687016 0
0.002116592792817128 0.001165145632158759 0
0.01659457028132856 0.006135193889148089 0
0.01411544611066601 0.00517425984279197 0
0.000241719329735603 0.006843199984662726 0
0.01384828633368033 0.0001583421637802516 0
0.01291883572182569 0.001049276578984855 0
0.01619586403210741 0.006799253000852563 0
0.006309505616192878 0.005360297878532374 0
0.01581226483344238 0.006721369652803367 0
0.004221761278309858 0.006101034034004691 0
0.01063627235362211 0.002894909204161602 0
0.0003852345995245844 0.002599035961546575 0
0.007263903496207064 0.0003953090249758013 0
0.01012442254114955 0.006476134573881607 0
0.0158803142957724 0.002947601691742482 0
0.01662472551241309 0.003350044368912315 0
0.0002710221648803222 0.0004329057062054001 0
6.077937015894902e-05 0.001248071817802287 0
0.0001661836330855877 0.001323409129680817 0
0.00703083823830918 0.004987867497749419 0
0.006100134919866112 0.000455271886456666 0
0.0008753351182747247 0.005150459078678987 0
0.01366936148556315 0.0007567536281801006 0
0.009340259105763892 0.001645407383618419 0
0.002563554037875357 0.006678278448212756 0
0.005847547650597345 0.005670252809971413 0
0.009694118407864024 0.002078024999517921 0
0.01116323464279098 0.006484247048643497 0
0.00611124629436071 0.005530351268142412 0
0.01684563739556204 0.0007057291281025203 0
0.0001496602888663521 0.001006457778011182 0
0.005773951570033889 0.002115191829854488 0
0.01602237282171948 0.006476251417435985 0
0.01644607067590855 0.00694161167492172 0
0.006433781539738453 0.0002809465483160647 0
0.0001529896976730626 0.004292380517592255 0
0.002067336692905698 0.001482292828191377 0
0.01401086226989988 0.0001646840125127907 0
0.01675273903601284 0.003685938655597397 0
0.0008250144309730444 0.0002060796994866336 0
0.01524087402082022 0.0001728667237613003 0
0.01683509699684109 0.003817401697250379 0
0.01550877151533744 0.0001757770724799862 0
0.01674172960101051 0.003773851257568329 0
0.01340557104738302 0.0001497656295694123 0
0.01166502805307422 0.005519082226906049 0
0.01347045847628035 0.004928846516631418 0
0.01049115274060743 0.006053991495537099 0
0.0001454227527293277 0.006099982731666374 0
0.000607800089643196 0.006232179270118805 0
0.005325677051284347 0.003108719049183562 0
0.0001676217589267025 0.005439104548547754 0
0.01693924927541616 0.0004502637211941515 0
0.008119035743526532 0.005201467854797683 0
0.008690656513912487 0.006145831916263833 0
0.004244193839063686 0.001614794130512703 0
0.009313845004353198 0.00251286858200823 0
0.009415500178176028 0.002678541794579485 0
0.007309860575564474 0.005411369702556745 0
0.002344169189629318 0.001104552324530233 0
0.01622380416694856 0.005375606716478536 0
0.001749572634108035 0.006747589025718349 0
0.001800568030938358 0.006671923915522411 0
0.01157785614568334 0.001146608646173411 0
0.009228501242681895 0.006533624675446832 0
0.001529341639649818 0.005869661793085373 0
0.003066272437257688 0.006842640502209219 0
0.01677360665266079 0.004735645277304109 0
0.01683441465064489 0.001061317651161839 0
0.006981786526856767 0.004282682000363319 0
0.01591852338446285 0.003515565848678354 0
0.002535508458400907 0.001333903528934877 0
0.006688574281349737 0.0003014083255886879 0
0.01346033787334676 0.00528957290402007 0
0.008321469156436072 0.0008604743804036508 0
0.0001603990143708139 0.004102821123396746 0
0.01692678811943336 0.006926798845115042 0
0.01680809326590232 0.0001383876981461188 0
5.977269589047332e-05 0.005047977330777096 0
0.00245913055796902 0.001292655123031575 0
0.01692682820869236 0.00442781868733495 0
0.005405903541022205 0.0009241051754701316 0
0.004040406324763257 0.006864625332800385 0
0.01569097032091538 0.006646600518493676 0
0.0163775785857348 0.006093765941074865 0
0.01302617485405534 0.0001752990481978358 0
0.001687760120915555 0.006833685720089447 0
0.01085499982180349 0.001937466993290869 0
0.0166464567723971 0.006849020157768085 0
0.006570357902729068 0.0009709739322496867 0
0.005347577789407342 0.005588606411644282 0
0.0003607896872201595 0.002238011740243594 0
0.003131923711206997 0.00186367109550096 0
0.01692694173767417 0.004572116394180569 0
0.001143849153730749 0.001560049206795606 0
5.918310942131834e-05 0.004648137542200693 0
0.01419519910513631 0.005596045117659501 0
0.01166605442792816 0.006028843014606439 0
0.004511082811927893 0.001884719598621224 0
0.001524839674422804 0.006940678633952018 0
0.001512879863498229 0.001247099190128998 0
0.005002622967246531 0.001758149084276637 0
0.01520569331897165 0.005481683327001574 0
0.004165014445261769 0.006298873716227078 0
0.0006782463770251181 0.006631148011176124 0
0.0163606313177353 0.005012137703127586 0
0.009161427213364265 0.006475879795501744 0
7.541252584060409e-05 0.003172317632414503 0
0.01537042444994078 0.004888379770854262 0
0.001895562302044029 0.006927142897796779 0
0.01152577571247356 0.006129811185039935 0
0.01524023318860941 0.004739427178062569 0
0.01028936502199195 0.001650927363666866 0
0.0001555416475691601 0.001581506910250092 0
0.007515281312331193 0.00541460768654598 0
0.01693058565877024 6.576037782637977e-05 0
7.121109495581389e-05 0.006928165950968993 0
0.009379369676627482 0.005419078794475236 0
0.00260037710371203 0.001553869683186127 0
0.009272413097065293 0.001492672474244856 0
0.01575408209599131 0.000937845455235909 0
0.01270977405213841 0.0003305521320946512 0
0.002853977429074448 0.001713915731228319 0
0.01225413860818326 0.003856024896258549 0
0.002506575116514042 0.00612353273488931 0
0.007543444409335957 0.0002684085811498196 0
0.008778542857071296 0.006220319410262978 0
0.01282892464801061 0.005023409233928161 0
0.004832599960414284 0.006301942998804076 0
0.01203430630271272 0.001418215523856277 0
0.008403674890635541 0.005956824278926536 0
0.01097209172941681 0.006009426778588503 0
0.01327742957372535 0.0001308213180196338 0
0.01683354692317902 0.004934905350555531 0
0.01532460388894751 0.006172797729959993 0
0.007422600810861656 0.0002295697687961281 0
0.006579703206479307 0.003975118358437305 0
0.007429863126670675 0.005080242276410346 0
0.004356749809170731 0.002036970558076242 0
0.007928083548172133 0.005142989311660083 0
0.002666516680440345 0.001410850325932809 0
0.004758328951256478 0.006367791378142903 0
0.0001597922760340712 0.005975500124017577 0
0.004534093035285419 0.001496076825883201 0
0.0009815731033883043 0.006846399481272339 0
0.005692380337241152 0.0008929374737790389 0
0.01368883820201626 0.005051217733477357 0
0.01575475069506102 0.002059912924128686 0
0.01246236737431195 0.0009958296383462124 0
0.00146666156572571 0.004554694207715303 0
0.007977632514959676 0.005757134080093691 0
0.01121236482267961 0.001377218371027854 0
0.008260708985524589 0.001560549453757333 0
0.0004298527458962021 0.005881677663242579 0
0.0145677070147122 0.004763964146106834 0
0.003528200720761556 0.001939694186280366 0
0.01453529252008382 0.005711064563865538 0
5.768838163824203e-05 0.003649886211927701 0
0.008306389512110086 0.0007337130135949463 0
0.0007140416942716821 0.0003689531384737056 0
0.0001556970836537365 0.003226675627162175 0
0.004297719983741169 0.006757069989822893 0
0.01634612696019037 0.001182004764184689 0
0.00710544423425266 0.0006749671496951897 0
0.01506803929998368 0.005455101535126335 0
7.452534307537603e-05 0.003024333424168557 0
0.01244406189536574 0.0003944997571924116 0
0.009234295942674104 0.005472087206354992 0
0.01461078601245127 0.005417278841336778 0
0.0003364359783864478 0.003902797904946163 0
0.01040012213660271 0.001899852553535889 0
0.01229915219536423 0.005024846911616398 0
0.008558166462507486 0.005527504786392398 0
0.0003570709896570413 0.001904431014933409 0
0.01175238396586137 0.001009916330652206 0
0.01591649583217386 0.002768915300664135 0
0.004999180006453402 0.001115327242333747 0
0.0008992099614073953 0.006853348861401379 0
0.01602644507428976 0.004761157776417016 0
0.01683491010878164 0.005084497291495988 0
0.01405175658922779 0.004496884755106458 0
0.01113742854062809 0.002659682286950146 0
0.0001492604294135846 0.0006033211733174992 0
0.007748897874503419 0.004330016023374108 0
0.006120391600391129 0.001769810399729794 0
0.01685426747644595 0.005202367712005477 0
0.002045316202112431 0.001598113114198203 0
0.005949358362510976 0.004157673144003656 0
0.01663794216231933 0.004312866859737662 0
0.01685172104006714 0.0003067253057935527 0
0.001982276226026801 0.001404394395326255 0
0.002436649786566063 0.001383948247940525 0
0.01589074031370158 0.002235573002485787 0
0.01072644612473226 0.006607416997174674 0
0.01415112242671632 0.0001624928595993654 0
0.01554718399668711 0.005644405327281336 0
0.006742416743628962 0.005122630606211942 0
0.0007701076131274211 0.004131999865271334 0
0.008729609417317928 0.001292790274976598 0
0.004727634821425767 0.001621741496013777 0
0.0166481791484764 0.004137131303340464 0
0.01165677297268218 0.001067706444975974 0
0.01030035987051401 0.003119693204012354 0
0.01574139749778295 0.005851503771750024 0
0.00963537656373728 0.00651050904009655 0
0.01683825269803745 0.002447322522964286 0
0.01235750039288738 0.005574499532870507 0
0.007885660297987922 0.005434779311418682 0
0.01667799395309815 0.003629331691379446 0
0.01502724894950025 0.00028855867501519 0
0.004079153759382312 0.002077945323109593 0
0.01465266481873213 0.005646855071234039 0
0.01670061611439856 0.003221341828334924 0
0.0002897835170061237 0.005114858704622407 0
0.01227031525441902 0.00524297919076965 0
0.01040269271881002 0.006570314962530663 0
0.005126242279112193 0.005006042256175447 0
0.01336233980061636 0.004948333748455072 0
0.01683812581737804 0.0003777026205981069 0
0.002673960185305487 0.001537816320432005 0
0.01692889685497528 0.002225116849699824 0
0.005416221536221087 0.00549504277190855 0
0.008267137639148251 0.005733802878061644 0
0.01408572330496833 0.005068177773005643 0
0.00896770350099825 0.00425084095769123 0
0.01664765819717274 0.003806641625595211 0
0.009569999848196308 0.00284855510634436 0
0.00184600863671662 0.006846209032124432 0
0.0146032502923852 0.005734354999980436 0
0.01588186114220955 0.001696301158252703 0
0.01484783684644835 0.005936299145635019 0
0.006871232433973876 0.004047024723998785 0
0.001003001657381106 0.005263743676232388 0
0.001464292708562858 0.001036785997396143 0
0.0001611915791234764 0.0003485693225447292 0
0.01650938762381 0.003221213926304802 0
0.01386869866097639 0.004509051212863541 0
0.007378696752342637 0.005223793049193596 0
0.003075745064797476 0.001618901605861235 0
0.008188827532512179 0.0009432601521909504 0
0.005968938637744194 0.0005270152846157182 0
0.01021878610090101 0.001652333652754941 0
0.01062531131007109 0.002657197523382439 0
0.01654804944837425 0.006725388623089466 0
0.0124909404521738 0.004909522380450337 0
0.0004918266362480619 0.002682067665956381 0
0.01635768473208598 0.005124386899991197 0
0.01382196101477746 0.001512180308264876 0
0.00133498634042581 0.0004546698696579737 0
0.006919354980507095 0.0001350874646134617 0
0.01656556223557173 0.0005728638257907247 0
0.001118041157194037 0.006181381669962261 0
0.01530747430987301 0.003476379584293457 0
0.01669712749592801 0.004698524360443487 0
0.005057579609953764 0.001855376868869434 0
0.01193814676871276 0.005934755870769157 0
0.009219901848591901 0.001444355290209624 0
0.01293231988922887 0.005399555801443559 0
0.007896327261197827 0.001331719207272701 0
0.001277595661504531 0.004035744833401732 0
0.001198820282657805 0.002603288052418587 0
0.001936912125951379 0.0008979898134098534 0
0.01510157951601166 0.0001436868094271083 0
0.01269441483988083 0.001868952261494301 0
0.01564575914269032 0.0001651101842154736 0
0.01603207280903873 0.004347269277349451 0
0.01694374768541694 0.001755517324022707 0
0.005924639621812583 0.001949251455904152 0
0.006624572062781997 0.0004367911650205824 0
0.005682916238506848 0.005675136418998406 0
0.01665392053375226 0.005717553370436886 0
0.01670504991855723 0.004861573900634466 0
0.004605898861119759 0.006479580242298787 0
0.002797626940022838 0.001488807512163477 0
0.01658463722423149 0.003706132934799386 0
0.01503531814211183 0.0001321159570982461 0
0.01555015027829945 0.006352781018783261 0
0.002041936733211386 0.006926438050517358 0
0.001357578778840537 0.003281555543076821 0
0.002246061623019666 0.006666412965659478 0
0.01386364418598314 0.004944151428854963 0
0.006547682817796163 0.004593022393761373 0
0.01182300202600919 0.005697690523087446 0
0.008525008612528541 0.00603808470000915 0
0.01131236403871104 0.00446429359305441 0
0.005033120651482731 0.006162044477349415 0
0.005774809417939902 0.0006485238869265672 0
0.003690590890385915 0.001842741694606789 0
0.005428856993647159 0.002199366799281264 0
0.004813123087955554 0.006232918325983682 0
0.00835846816450272 0.001191584937067881 0
0.01123670103139594 0.001917662956406342 0
0.008706574932134043 0.00473143064392023 0
0.009483646471931824 0.001585857306008286 0
0.006082231518308936 0.0005970272936272765 0
0.01693640605588834 0.003653742473328875 0
0.01060481416270186 0.006084948756067072 0
0.01497408873504401 0.001265320403564304 0
0.002872235240084911 0.006677520020995361 0
0.01520498861589365 0.005625047382599233 0
0.003770812184430047 0.004505225648575127 0
0.007451784645489878 0.004433629451895005 0
0.01675000000000003 0.006946672978260737 0
0.009928052222393062 0.002087836079562049 0
0.009276996091829753 0.006380813249821616 0
0.003064992657756873 0.005525851450867765 0
0.006784777142181467 0.004426906140923523 0
0.01684368004516906 0.0008335477178724958 0
0.0006154848674512128 0.0001272799740052117 0
0.01083247836624184 0.001583877040137801 0
0.005429387711003458 0.005856896169997877 0
0.01453242564885036 0.0003915322569175753 0
0.003671550306012329 0.006683713282635561 0
0.0105948898307855 0.006699581566300085 0
0.01158541241075532 0.004532203377831747 0
0.007975468496114756 0.005639388189553255 0
0.0126711176164856 0.005285933485680102 0
0.003187496461426166 0.001724711733156828 0
0.01565792686305418 0.006431470128683804 0
0.01467240344765 0.005793476539179863 0
0.01684494303873304 0.004374924881994646 0
0.008515439407724984 0.0009882252515420139 0
0.0141031278025435 0.004291721455307106 0
0.01268572679577482 0.0009715676579719751 0
0.0009058224142064388 0.005571218009488807 0
0.01117087692407152 0.001535614228031958 0
0.00899950938084164 0.00151524627137475 0
0.01685725624000401 0.002694760608523059 0
0.006980058727152745 0.0007269980846900067 0
0.01310956825131906 0.0003396468376742185 0
0.002551081601538236 0.002187606418597184 0
0.007990576035630326 0.00461587271370798 0
0.0004489156658659139 0.002886396230466958 0
0.0001499842049924992 0.003767553004475509 0
0.01584767120283129 0.00385884589326801 0
0.01164620832468555 0.003391104852969889 0
0.0001512642208236301 0.002975005769589888 0
0.00942578710019565 0.001546270196431373 0
0.002137681590013206 0.001042327723545038 0
0.01692999584295565 0.001625478235086911 0
0.001249916180835415 0.0004008712286159483 0
0.00275893141134665 0.005592801937839375 0
0.01663424153848637 0.00315860441777504 0
0.01045007773892656 0.005335402328629515 0
0.01375854566564334 0.000249107939609449 0
0.01287693979446925 0.0005014438407817353 0
0.01694620427418415 0.006748110134006632 0
0.01425659097583303 0.00546288290101666 0
0.01604415636263065 0.006760169226522452 0
0.005532376645618549 0.00472678662998092 0
0.0002418607357121492 0.001373431843521143 0
0.007571854078695878 0.0005634707970814277 0
0.0004235967123407246 0.006814081082900702 0
0.004477894920139681 0.006567721329004858 0
0.01498005631504774 0.0003549654622123774 0
0.0121420341388614 0.005561733371418267 0
0.009950222060838149 0.006529087802557284 0
0.01453557445530851 0.0004617812794280775 0
0.0002528555675090846 0.004200392402732706 0
0.00713560832948132 0.00442370790403911 0
0.007771864261929252 0.005543047670451702 0
0.00875940023420938 0.005837079521707536 0
0.01504085152239953 0.006190030122697773 0
0.004493947878973273 0.005246410085639291 0
0.005742055960164103 0.004475447530109524 0
0.01677329232754209 0.003229108160433755 0
0.007650587843649641 0.005481918422731098 0
0.001256253684057185 0.006849282040822199 0
0.005183629007445584 0.005689442050360146 0
0.01662509617803729 0.002034178369742999 0
0.0118260394076567 0.0009483826084685128 0
0.01580296516914826 0.002630406609021408 0
0.01645252731859888 0.00272721328217772 0
0.0006844440702059307 0.003515683363456533 0
0.01457449232904715 0.004901715185010307 0
0.004236416185564791 0.006548880977866767 0
0.002092276760252482 0.006847456811903394 0
0.006305454102185229 0.0007285939146453803 0
0.01482090879615555 0.0006246500459420059 0
0.01559006373326606 0.0002785631393761923 0
0.0005364534617661194 0.002955224631709178 0
0.0002351455860384773 0.005408311606715611 0
0.01601707509671165 0.0001395980724333526 0
0.0007649875143543421 0.00684349607650052 0
0.009979730329335993 0.001701766466263961 0
0.006116404511710465 0.001078344309240249 0
0.0140401221597395 0.00365769780534335 0
0.01115798636962705 0.00140615096133094 0
0.01686865665581598 0.006206294852699657 0
0.01637703919041478 0.0002486427035500879 0
0.006010781100789256 0.005300110232134166 0
0.003155553710964326 0.006854408301211953 0
0.0002713357670056059 0.004432593641418316 0
0.0009077366863706193 0.0002211458813062297 0
0.01232381967682803 0.0005743445773363381 0
0.01286384522922436 0.0002356329309518295 0
0.01426335694901136 0.0001419641468296509 0
5.936312725436828e-05 5.812647291833376e-05 0
0.008895227743168331 0.006302320520593098 0
0.008582380809599579 0.001950805913776803 0
0.01672416759899262 0.001432888610408308 0
0.0007055983359321753 0.001256971042825076 0
0.001811437758609563 0.0009418170547109716 0
0.01612745106197529 0.0003466302625776381 0
0.01095258247439074 0.001671531604633629 0
0.01563053420726506 0.005513888553189289 0
0.01564607217733388 0.006354176399557711 0
0.004563963814900776 0.005965694268280166 0
$EndNodes
$Elements
407 8680 1 8680
1 1 1 4
1 1 407 
2 407 408 
3 408 409 
4 409 2 
1 2 1 1
5 2 3 
1 3 1 1
6 3 4 
1 4 1 1
7 4 5 
1 5 1 1
8 5 6 
1 6 1 1
9 6 7 
1 7 1 1
10 7 8 
1 8 1 1
11 8 9 
1 9 1 1
12 9 10 
1 10 1 1
13 10 11 
1 11 1 1
14 11 12 
1 12 1 1
15 12 13 
1 13 1 1
16 13 14 
1 14 1 1
17 14 15 
1 15 1 1
18 15 16 
1 16 1 1
19 16 17 
1 17 1 1
20 17 18 
1 18 1 1
21 18 19 
1 19 1 1
22 19 20 
1 20 1 1
23 20 21 
1 21 1 1
24 21 22 
1 22 1 1
25 22 23 
1 23 1 1
26 23 24 
1 24 1 1
27 24 25 
1 25 1 1
28 25 26 
1 26 1 1
29 26 27 
1 27 1 1
30 27 28 
1 28 1 1
31 28 29 
1 29 1 1
32 29 30 
1 30 1 1
33 30 31 
1 31 1 1
34 31 32 
1 32 1 1
35 32 33 
1 33 1 1
36 33 34 
1 34 1 1
37 34 35 
1 35 1 1
38 35 36 
1 36 1 1
39 36 37 
1 37 1 1
40 37 38 
1 38 1 1
41 38 39 
1 39 1 1
42 39 40 
1 40 1 1
43 40 41 
1 41 1 1
44 41 42 
1 42 1 1
45 42 43 
1 43 1 1
46 43 44 
1 44 1 1
47 44 45 
1 45 1 1
48 45 46 
1 46 1 1
49 46 47 
1 47 1 1
50 47 48 
1 48 1 1
51 48 49 
1 49 1 1
52 49 50 
1 50 1 1
53 50 51 
1 51 1 1
54 51 52 
1 52 1 1
55 52 53 
1 53 1 1
56 53 54 
1 54 1 1
57 54 55 
1 55 1 1
58 55 56 
1 56 1 1
59 56 57 
1 57 1 1
60 57 58 
1 58 1 1
61 58 59 
1 59 1 1
62 59 60 
1 60 1 1
63 60 61 
1 61 1 1
64 61 62 
1 62 1 1
65 62 63 
1 63 1 1
66 63 64 
1 64 1 1
67 64 65 
1 65 1 1
68 65 66 
1 66 1 1
69 66 67 
1 67 1 1
70 67 68 
1 68 1 1
71 68 69 
1 69 1 1
72 69 70 
1 70 1 1
73 70 71 
1 71 1 1
74 71 72 
1 72 1 1
75 72 73 
1 73 1 1
76 73 74 
1 74 1 1
77 74 75 
1 75 1 1
78 75 76 
1 76 1 1
79 76 77 
1 77 1 1
80 77 78 
1 78 1 1
81 78 79 
1 79 1 1
82 79 80 
1 80 1 1
83 80 81 
1 81 1 1
84 81 82 
1 82 1 1
85 82 83 
1 83 1 1
86 83 84 
1 84 1 1
87 84 85 
1 85 1 1
88 85 86 
1 86 1 1
89 86 87 
1 87 1 1
90 87 88 
1 88 1 1
91 88 89 
1 89 1 1
92 89 90 
1 90 1 1
93 90 91 
1 91 1 1
94 91 92 
1 92 1 1
95 92 93 
1 93 1 1
96 93 94 
1 94 1 1
97 94 95 
1 95 1 1
98 95 96 
1 96 1 1
99 96 97 
1 97 1 1
100 97 98 
1 98 1 1
101 98 99 
1 99 1 1
102 99 100 
1 100 1 1
103 100 101 
1 101 1 1
104 101 102 
1 102 1 1
105 102 103 
1 103 1 1
106 103 104 
1 104 1 1
107 104 105 
1 105 1 1
108 105 106 
1 106 1 1
109 106 107 
1 107 1 1
110 107 108 
1 108 1 1
111 108 109 
1 109 1 1
112 109 110 
1 110 1 1
113 110 111 
1 111 1 1
114 111 112 
1 112 1 1
115 112 113 
1 113 1 1
116 113 114 
1 114 1 1
117 114 115 
1 115 1 1
118 115 116 
1 116 1 1
119 116 117 
1 117 1 1
120 117 118 
1 118 1 1
121 118 119 
1 119 1 1
122 119 120 
1 120 1 1
123 120 121 
1 121 1 1
124 121 122 
1 122 1 1
125 122 123 
1 123 1 1
126 123 124 
1 124 1 1
127 124 125 
1 125 1 1
128 125 126 
1 126 1 1
129 126 127 
1 127 1 1
130 127 128 
1 128 1 1
131 128 129 
1 129 1 1
132 129 130 
1 130 1 1
133 130 131 
1 131 1 1
134 131 132 
1 132 1 1
135 132 133 
1 133 1 1
136 133 134 
1 134 1 1
137 134 135 
1 135 1 1
138 135 136 
1 136 1 1
139 136 137 
1 137 1 1
140 137 138 
1 138 1 1
141 138 139 
1 139 1 1
142 139 140 
1 140 1 1
143 140 141 
1 141 1 1
144 141 142 
1 142 1 1
145 142 143 
1 143 1 1
146 143 144 
1 144 1 1
147 144 145 
1 145 1 1
148 145 146 
1 146 1 1
149 146 147 
1 147 1 1
150 147 148 
1 148 1 1
151 148 149 
1 149 1 1
152 149 150 
1 150 1 1
153 150 151 
1 151 1 1
154 151 152 
1 152 1 1
155 152 153 
1 153 1 1
156 153 154 
1 154 1 1
157 154 155 
1 155 1 1
158 155 156 
1 156 1 1
159 156 157 
1 157 1 1
160 157 158 
1 158 1 1
161 158 159 
1 159 1 1
162 159 160 
1 160 1 1
163 160 161 
1 161 1 1
164 161 162 
1 162 1 1
165 162 163 
1 163 1 1
166 163 164 
1 164 1 1
167 164 165 
1 165 1 1
168 165 166 
1 166 1 1
169 166 167 
1 167 1 1
170 167 168 
1 168 1 1
171 168 169 
1 169 1 1
172 169 170 
1 170 1 1
173 170 171 
1 171 1 1
174 171 172 
1 172 1 1
175 172 173 
1 173 1 1
176 173 174 
1 174 1 1
177 174 175 
1 175 1 1
178 175 176 
1 176 1 1
179 176 177 
1 177 1 1
180 177 178 
1 178 1 1
181 178 179 
1 179 1 1
182 179 180 
1 180 1 1
183 180 181 
1 181 1 1
184 181 182 
1 182 1 1
185 182 183 
1 183 1 1
186 183 184 
1 184 1 1
187 184 185 
1 185 1 1
188 185 186 
1 186 1 1
189 186 187 
1 187 1 1
190 187 188 
1 188 1 1
191 188 189 
1 189 1 1
192 189 190 
1 190 1 1
193 190 191 
1 191 1 1
194 191 192 
1 192 1 1
195 192 193 
1 193 1 1
196 193 194 
1 194 1 1
197 194 195 
1 195 1 1
198 195 196 
1 196 1 1
199 196 197 
1 197 1 1
200 197 198 
1 198 1 1
201 198 199 
1 199 1 1
202 199 200 
1 200 1 1
203 200 201 
1 201 1 1
204 201 202 
1 202 1 37
205 202 410 
206 410 411 
207 411 412 
208 412 413 
209 413 414 
210 414 415 
211 415 416 
212 416 417 
213 417 418 
214 418 419 
215 419 420 
216 420 421 
217 421 422 
218 422 423 
219 423 424 
220 424 425 
221 425 426 
222 426 427 
223 427 428 
224 428 429 
225 429 430 
226 430 431 
227 431 432 
228 432 433 
229 433 434 
230 434 435 
231 435 436 
232 436 437 
233 437 438 
234 438 439 
235 439 440 
236 440 441 
237 441 442 
238 442 443 
239 443 444 
240 444 445 
241 445 203 
1 203 1 70
242 203 446 
243 446 447 
244 447 448 
245 448 449 
246 449 450 
247 450 451 
248 451 452 
249 452 453 
250 453 454 
251 454 455 
252 455 456 
253 456 457 
254 457 458 
255 458 459 
256 459 460 
257 460 461 
258 461 462 
259 462 463 
260 463 464 
261 464 465 
262 465 466 
263 466 467 
264 467 468 
265 468 469 
266 469 470 
267 470 471 
268 471 472 
269 472 473 
270 473 474 
271 474 475 
272 475 476 
273 476 477 
274 477 478 
275 478 479 
276 479 480 
277 480 481 
278 481 482 
279 482 483 
280 483 484 
281 484 485 
282 485 486 
283 486 487 
284 487 488 
285 488 489 
286 489 490 
287 490 491 
288 491 492 
289 492 493 
290 493 494 
291 494 495 
292 495 496 
293 496 497 
294 497 498 
295 498 499 
296 499 500 
297 500 501 
298 501 502 
299 502 503 
300 503 504 
301 504 505 
302 505 506 
303 506 507 
304 507 508 
305 508 509 
306 509 510 
307 510 511 
308 511 512 
309 512 513 
310 513 514 
311 514 204 
1 204 1 4
312 204 515 
313 515 516 
314 516 517 
315 517 205 
1 205 1 1
316 205 206 
1 206 1 1
317 206 207 
1 207 1 1
318 207 208 
1 208 1 1
319 208 209 
1 209 1 1
320 209 210 
1 210 1 1
321 210 211 
1 211 1 1
322 211 212 
1 212 1 1
323 212 213 
1 213 1 1
324 213 214 
1 214 1 1
325 214 215 
1 215 1 1
326 215 216 
1 216 1 1
327 216 217 
1 217 1 1
328 217 218 
1 218 1 1
329 218 219 
1 219 1 1
330 219 220 
1 220 1 1
331 220 221 
1 221 1 1
332 221 222 
1 222 1 1
333 222 223 
1 223 1 1
334 223 224 
1 224 1 1
335 224 225 
1 225 1 1
336 225 226 
1 226 1 1
337 226 227 
1 227 1 1
338 227 228 
1 228 1 1
339 228 229 
1 229 1 1
340 229 230 
1 230 1 1
341 230 231 
1 231 1 1
342 231 232 
1 232 1 1
343 232 233 
1 233 1 1
344 233 234 
1 234 1 1
345 234 235 
1 235 1 1
346 235 236 
1 236 1 1
347 236 237 
1 237 1 1
348 237 238 
1 238 1 1
349 238 239 
1 239 1 1
350 239 240 
1 240 1 1
351 240 241 
1 241 1 1
352 241 242 
1 242 1 1
353 242 243 
1 243 1 1
354 243 244 
1 244 1 1
355 244 245 
1 245 1 1
356 245 246 
1 246 1 1
357 246 247 
1 247 1 1
358 247 248 
1 248 1 1
359 248 249 
1 249 1 1
360 249 250 
1 250 1 1
361 250 251 
1 251 1 1
362 251 252 
1 252 1 1
363 252 253 
1 253 1 1
364 253 254 
1 254 1 1
365 254 255 
1 255 1 1
366 255 256 
1 256 1 1
367 256 257 
1 257 1 1
368 257 258 
1 258 1 1
369 258 259 
1 259 1 1
370 259 260 
1 260 1 1
371 260 261 
1 261 1 1
372 261 262 
1 262 1 1
373 262 263 
1 263 1 1
374 263 264 
1 264 1 1
375 264 265 
1 265 1 1
376 265 266 
1 266 1 1
377 266 267 
1 267 1 1
378 267 268 
1 268 1 1
379 268 269 
1 269 1 1
380 269 270 
1 270 1 1
381 270 271 
1 271 1 1
382 271 272 
1 272 1 1
383 272 273 
1 273 1 1
384 273 274 
1 274 1 1
385 274 275 
1 275 1 1
386 275 276 
1 276 1 1
387 276 277 
1 277 1 1
388 277 278 
1 278 1 1
389 278 279 
1 279 1 1
390 279 280 
1 280 1 1
391 280 281 
1 281 1 1
392 281 282 
1 282 1 1
393 282 283 
1 283 1 1
394 283 284 
1 284 1 1
395 284 285 
1 285 1 1
396 285 286 
1 286 1 1
397 286 287 
1 287 1 1
398 287 288 
1 288 1 1
399 288 289 
1 289 1 1
400 289 290 
1 290 1 1
401 290 291 
1 291 1 1
402 291 292 
1 292 1 1
403 292 293 
1 293 1 1
404 293 294 
1 294 1 1
405 294 295 
1 295 1 1
406 295 296 
1 296 1 1
407 296 297 
1 297 1 1
408 297 298 
1 298 1 1
409 298 299 
1 299 1 1
410 299 300 
1 300 1 1
411 300 301 
1 301 1 1
412 301 302 
1 302 1 1
413 302 303 
1 303 1 1
414 303 304 
1 304 1 1
415 304 305 
1 305 1 1
416 305 306 
1 306 1 1
417 306 307 
1 307 1 1
418 307 308 
1 308 1 1
419 308 309 
1 309 1 1
420 309 310 
1 310 1 1
421 310 311 
1 311 1 1
422 311 312 
1 312 1 1
423 312 313 
1 313 1 1
424 313 314 
1 314 1 1
425 314 315 
1 315 1 1
426 315 316 
1 316 1 1
427 316 317 
1 317 1 1
428 317 318 
1 318 1 1
429 318 319 
1 319 1 1
430 319 320 
1 320 1 1
431 320 321 
1 321 1 1
432 321 322 
1 322 1 1
433 322 323 
1 323 1 1
434 323 324 
1 324 1 1
435 324 325 
1 325 1 1
436 325 326 
1 326 1 1
437 326 327 
1 327 1 1
438 327 328 
1 328 1 1
439 328 329 
1 329 1 1
440 329 330 
1 330 1 1
441 330 331 
1 331 1 1
442 331 332 
1 332 1 1
443 332 333 
1 333 1 1
444 333 334 
1 334 1 1
445 334 335 
1 335 1 1
446 335 336 
1 336 1 1
447 336 337 
1 337 1 1
448 337 338 
1 338 1 1
449 338 339 
1 339 1 1
450 339 340 
1 340 1 1
451 340 341 
1 341 1 1
452 341 342 
1 342 1 1
453 342 343 
1 343 1 1
454 343 344 
1 344 1 1
455 344 345 
1 345 1 1
456 345 346 
1 346 1 1
457 346 347 
1 347 1 1
458 347 348 
1 348 1 1
459 348 349 
1 349 1 1
460 349 350 
1 350 1 1
461 350 351 
1 351 1 1
462 351 352 
1 352 1 1
463 352 353 
1 353 1 1
464 353 354 
1 354 1 1
465 354 355 
1 355 1 1
466 355 356 
1 356 1 1
467 356 357 
1 357 1 1
468 357 358 
1 358 1 1
469 358 359 
1 359 1 1
470 359 360 
1 360 1 1
471 360 361 
1 361 1 1
472 361 362 
1 362 1 1
473 362 363 
1 363 1 1
474 363 364 
1 364 1 1
475 364 365 
1 365 1 1
476 365 366 
1 366 1 1
477 366 367 
1 367 1 1
478 367 368 
1 368 1 1
479 368 369 
1 369 1 1
480 369 370 
1 370 1 1
481 370 371 
1 371 1 1
482 371 372 
1 372 1 1
483 372 373 
1 373 1 1
484 373 374 
1 374 1 1
485 374 375 
1 375 1 1
486 375 376 
1 376 1 1
487 376 377 
1 377 1 1
488 377 378 
1 378 1 1
489 378 379 
1 379 1 1
490 379 380 
1 380 1 1
491 380 381 
1 381 1 1
492 381 382 
1 382 1 1
493 382 383 
1 383 1 1
494 383 384 
1 384 1 1
495 384 385 
1 385 1 1
496 385 386 
1 386 1 1
497 386 387 
1 387 1 1
498 387 388 
1 388 1 1
499 388 389 
1 389 1 1
500 389 390 
1 390 1 1
501 390 391 
1 391 1 1
502 391 392 
1 392 1 1
503 392 393 
1 393 1 1
504 393 394 
1 394 1 1
505 394 395 
1 395 1 1
506 395 396 
1 396 1 1
507 396 397 
1 397 1 1
508 397 398 
1 398 1 1
509 398 399 
1 399 1 1
510 399 400 
1 400 1 1
511 400 401 
1 401 1 1
512 401 402 
1 402 1 1
513 402 403 
1 403 1 1
514 403 404 
1 404 1 1
515 404 405 
1 405 1 37
516 405 518 
517 518 519 
518 519 520 
519 520 521 
520 521 522 
521 522 523 
522 523 524 
523 524 525 
524 525 526 
525 526 527 
526 527 528 
527 528 529 
528 529 530 
529 530 531 
530 531 532 
531 532 533 
532 533 534 
533 534 535 
534 535 536 
535 536 537 
536 537 538 
537 538 539 
538 539 540 
539 540 541 
540 541 542 
541 542 543 
542 543 544 
543 544 545 
544 545 546 
545 546 547 
546 547 548 
547 548 549 
548 549 550 
549 550 551 
550 551 552 
551 552 553 
552 553 406 
1 406 1 70
553 406 554 
554 554 555 
555 555 556 
556 556 557 
557 557 558 
558 558 559 
559 559 560 
560 560 561 
561 561 562 
562 562 563 
563 563 564 
564 564 565 
565 565 566 
566 566 567 
567 567 568 
568 568 569 
569 569 570 
570 570 571 
571 571 572 
572 572 573 
573 573 574 
574 574 575 
575 575 576 
576 576 577 
577 577 578 
578 578 579 
579 579 580 
580 580 581 
581 581 582 
582 582 583 
583 583 584 
584 584 585 
585 585 586 
586 586 587 
587 587 588 
588 588 589 
589 589 590 
590 590 591 
591 591 592 
592 592 593 
593 593 594 
594 594 595 
595 595 596 
596 596 597 
597 597 598 
598 598 599 
599 599 600 
600 600 601 
601 601 602 
602 602 603 
603 603 604 
604 604 605 
605 605 606 
606 606 607 
607 607 608 
608 608 609 
609 609 610 
610 610 611 
611 611 612 
612 612 613 
613 613 614 
614 614 615 
615 615 616 
616 616 617 
617 617 618 
618 618 619 
619 619 620 
620 620 621 
621 621 622 
622 622 1 
2 1 2 8058
623 754 2736 2612 
624 802 2883 2552 
625 2647 2648 793 
626 1565 3198 2223 
627 1144 2660 1143 
628 1896 2990 2711 
629 1189 2553 1103 
630 2727 3998 2378 
631 2530 2570 821 
632 2917 3639 3110 
633 2827 3937 3214 
634 1694 3850 2080 
635 2309 2412 2310 
636 3564 3731 2122 
637 3307 3469 3096 
638 2078 2606 2077 
639 1836 2675 1516 
640 1640 2574 2573 
641 2391 2835 1485 
642 2687 3920 2156 
643 2522 2523 2474 
644 1428 2278 2276 
645 2075 3453 1868 
646 2669 3453 1866 
647 2205 3701 2820 
648 3139 3577 3140 
649 1861 2610 2608 
650 2883 3141 1967 
651 1376 3797 2273 
652 1016 2590 2589 
653 1423 2869 2867 
654 2501 4155 1489 
655 887 3297 885 
656 1526 3797 1376 
657 2101 2758 1874 
658 2811 2950 2005 
659 2352 2681 1977 
660 1143 2660 2635 
661 2454 3999 1086 
662 2439 2934 2605 
663 2751 2752 997 
664 1245 3939 3284 
665 2704 3030 2705 
666 912 3117 2361 
667 3819 3856 2528 
668 2414 3864 1191 
669 1011 2495 1032 
670 2397 3850 1694 
671 1667 2653 2650 
672 859 3973 2788 
673 2627 2995 785 
674 3577 3714 3140 
675 2999 3163 688 
676 2909 3606 1345 
677 2613 3018 2610 
678 2532 2533 1718 
679 1005 2958 2595 
680 737 2942 2578 
681 2268 4021 1281 
682 2720 3348 2718 
683 2579 3618 810 
684 2604 2994 781 
685 2495 2672 1032 
686 2827 3214 868 
687 722 3030 2704 
688 2455 3289 2963 
689 2906 3685 3170 
690 2712 3612 2174 
691 1164 2660 1144 
692 1191 3864 1444 
693 1589 2748 1335 
694 2308 2962 866 
695 784 3025 2558 
696 630 3141 2883 
697 2101 3418 2758 
698 2650 3513 1667 
699 1174 3390 2498 
700 2768 3290 3008 
701 2375 3488 3217 
702 2519 2552 1956 
703 2362 2363 1590 
704 2547 2819 1442 
705 2328 2490 1780 
706 815 2955 2668 
707 2319 2321 1534 
708 3122 3128 2822 
709 2582 3618 2579 
710 2411 3659 3498 
711 866 2961 2308 
712 1269 3872 2849 
713 1933 3590 2991 
714 1588 3205 3185 
715 759 3971 2485 
716 1518 2698 1908 
717 2335 2336 1681 
718 767 3538 2784 
719 2323 2324 1526 
720 3201 4000 3068 
721 1108 2960 2929 
722 1735 2624 2622 
723 4266 4314 2409 
724 2199 2224 1077 
725 2732 3978 2522 
726 3170 3685 2001 
727 2768 3008 707 
728 2207 2410 1760 
729 1927 2671 2643 
730 3404 4104 2167 
731 2040 3697 3403 
732 2207 3659 2410 
733 2412 3261 2310 
734 2733 3825 2731 
735 3619 3815 2179 
736 2448 2449 1992 
737 808 3714 3577 
738 2694 3340 2086 
739 2875 3689 2335 
740 3018 3985 2610 
741 2158 2687 2156 
742 1098 3504 2823 
743 2426 3021 3020 
744 2522 3978 2523 
745 1174 2498 898 
746 2553 3447 2160 
747 2813 3168 776 
748 2455 2963 1962 
749 3142 3143 2415 
750 1887 2901 1852 
751 1410 2501 1489 
752 829 3469 3307 
753 3395 3414 1832 
754 2716 2720 2718 
755 2335 3689 2336 
756 2385 2659 2384 
757 2964 3740 1909 
758 671 3143 3142 
759 1423 3655 2869 
760 3185 3205 2079 
761 1981 3416 2859 
762 148 3174 147 
763 2160 3220 2553 
764 2383 2385 2384 
765 2225 3198 2652 
766 2658 2816 1965 
767 3267 3540 1299 
768 2377 2727 2378 
769 688 3725 2999 
770 1932 2525 2169 
771 2652 3198 2651 
772 3496 3635 747 
773 3128 3356 2822 
774 1645 2688 1895 
775 2681 2682 689 
776 627 3246 2782 
777 1486 2391 1485 
778 3675 3890 3241 
779 1269 2849 1268 
780 2158 3082 2687 
781 1880 3514 3144 
782 2617 3996 1552 
783 2319 2322 2321 
784 3034 3181 787 
785 481 2800 480 
786 2829 2909 1345 
787 1643 3220 2160 
788 777 3056 2586 
789 2635 4230 1143 
790 1282 2268 1281 
791 1657 3250 3134 
792 2728 4106 1258 
793 2365 3834 1591 
794 724 3340 2694 
795 2329 2331 949 
796 2524 4064 3295 
797 2606 2607 2077 
798 2788 3973 3263 
799 737 3963 2942 
800 2037 3414 3395 
801 802 3553 2883 
802 733 3516 2636 
803 1299 3595 3267 
804 2923 3386 2925 
805 2323 2326 2324 
806 810 2587 2579 
807 2134 3597 3150 
808 2779 3167 649 
809 2353 3974 2682 
810 733 3688 3516 
811 2616 2860 755 
812 3004 3005 2407 
813 3074 3971 759 
814 2087 4173 2767 
815 2676 2677 692 
816 2367 3635 3496 
817 1553 2617 1552 
818 2612 3177 754 
819 1335 2748 1120 
820 2194 3409 3167 
821 422 2931 421 
822 568 3018 567 
823 2087 2767 1914 
824 2587 3191 2254 
825 1861 2608 1670 
826 858 3679 211 
827 1098 2599 902 
828 74 3098 73 
829 3531 3555 923 
830 2132 2667 2062 
831 2636 3180 733 
832 2421 4064 2524 
833 2262 3064 2261 
834 1482 2698 1386 
835 3654 3661 2100 
836 1317 2966 1320 
837 1077 3220 2199 
838 1640 2573 882 
839 1962 2645 1905 
840 2784 3538 2387 
841 1317 3960 2966 
842 3261 3968 694 
843 1231 3479 2494 
844 2878 3089 696 
845 1007 4081 2181 
846 1465 4314 4266 
847 1432 3138 2653 
848 110 3254 109 
849 2860 3224 2861 
850 1937 3658 2190 
851 2498 3504 1098 
852 1362 3164 2220 
853 739 3566 2489 
854 1469 3722 2269 
855 2189 2776 2447 
856 2551 3747 3038 
857 2976 2977 2585 
858 3017 3837 3633 
859 2674 2902 836 
860 1824 3892 1710 
861 2338 2812 2008 
862 3064 3757 2261 
863 2421 2524 2070 
864 263 3171 262 
865 1684 2352 1977 
866 2458 2522 2474 
867 2040 3403 2691 
868 2930 3239 919 
869 1796 2856 2672 
870 762 3292 2446 
871 2711 2990 1157 
872 2808 3043 1940 
873 1710 3892 2448 
874 2304 3481 816 
875 3144 3514 2850 
876 2236 4290 2527 
877 1516 2675 1312 
878 2725 2726 2717 
879 2838 3707 3495 
880 1084 2454 1086 
881 3059 3121 2263 
882 2533 4000 3201 
883 1570 3920 2687 
884 2382 2625 946 
885 2342 4127 1890 
886 2831 4060 2334 
887 2745 2746 1370 
888 2925 3386 1821 
889 2668 2955 2055 
890 3193 3988 3358 
891 885 3297 1161 
892 1927 2643 1928 
893 643 3275 2620 
894 2984 3763 1766 
895 2688 2901 1887 
896 3025 3715 2558 
897 2731 3825 718 
898 740 3903 2341 
899 3239 3240 919 
900 2277 2587 2254 
901 2727 3516 856 
902 2372 4025 1494 
903 2624 2879 2622 
904 1376 2273 1193 
905 3561 3819 2528 
906 2698 4071 1908 
907 2936 3266 2935 
908 1962 2963 2645 
909 2051 2739 1917 
910 1901 2539 2162 
911 2934 2965 2605 
912 1375 3267 3113 
913 756 2931 2741 
914 2562 3733 999 
915 2348 4224 1403 
916 2946 3652 3280 
917 2777 3640 2637 
918 1382 3508 2855 
919 2426 3127 3021 
920 2935 3266 3022 
921 1026 2654 1002 
922 1572 2519 1956 
923 2326 2851 2324 
924 398 3143 397 
925 1189 3447 2553 
926 2627 3828 2995 
927 3262 3451 2481 
928 928 2725 2717 
929 2072 3740 2964 
930 2226 3200 2858 
931 2238 3361 2240 
932 2353 2682 2352 
933 2487 3811 2489 
934 1772 2421 2070 
935 1696 2342 1890 
936 2827 3168 2813 
937 1736 2621 2018 
938 1586 2362 1590 
939 2311 2570 2530 
940 3531 3814 3555 
941 755 3897 2616 
942 2238 4002 3361 
943 2386 2784 2387 
944 804 2848 2493 
945 2592 2596 1883 
946 2322 2916 2321 
947 2195 3167 2639 
948 1406 2950 2811 
949 2973 3568 838 
950 2436 2531 2015 
951 2870 3761 2881 
952 2620 3275 3162 
953 2637 3640 852 
954 3123 3508 1382 
955 1026 3778 2654 
956 2548 2987 2649 
957 1644 2328 1780 
958 2615 3151 779 
959 2801 3177 2612 
960 1103 2553 1076 
961 1877 2813 2032 
962 2603 3051 814 
963 2389 2677 2676 
964 1303 3207 2657 
965 623 3577 3139 
966 625 3043 2808 
967 2160 3106 1643 
968 3407 3479 1231 
969 1507 2323 1526 
970 667 3659 2633 
971 2603 4281 1829 
972 1638 2335 1681 
973 1016 2589 977 
974 2713 2832 1941 
975 1546 2520 1514 
976 2263 3121 1964 
977 3150 3597 1146 
978 2497 4027 688 
979 1590 2365 1591 
980 2581 2835 2392 
981 1151 2728 1258 
982 2879 3089 2878 
983 2453 2454 1084 
984 1098 3394 2599 
985 2650 3727 3513 
986 2025 2750 1995 
987 1483 2319 1534 
988 688 3163 2497 
989 1864 2529 2335 
990 1868 3256 2075 
991 1007 2181 1003 
992 2763 2885 955 
993 2373 3488 2375 
994 3607 3628 2042 
995 2621 3320 2018 
996 832 3145 2774 
997 2354 2891 2819 
998 1245 3284 1240 
999 2881 3092 2870 
1000 3633 3837 2265 
1001 2819 2891 1442 
1002 2877 3849 3713 
1003 1959 2844 2385 
1004 838 3396 2973 
1005 2412 3968 3261 
1006 2235 4138 1579 
1007 2716 2718 1000 
1008 725 3748 306 
1009 1715 2448 1992 
1010 1568 2532 1718 
1011 2484 2733 2469 
1012 2903 3338 2902 
1013 1577 2235 1579 
1014 2424 2499 1999 
1015 2741 2931 2648 
1016 2493 2895 804 
1017 1403 4224 1536 
1018 2697 4165 2695 
1019 1550 2397 1694 
1020 2331 3249 1006 
1021 2485 3971 2466 
1022 2824 3251 953 
1023 2032 3747 2551 
1024 2876 3781 2684 
1025 2082 2661 1888 
1026 2328 4253 2490 
1027 738 2943 2638 
1028 1909 3788 2964 
1029 2576 3263 2577 
1030 3719 4024 2517 
1031 1941 2832 2351 
1032 1872 2613 1861 
1033 2871 4118 1113 
1034 1717 2338 2008 
1035 2917 4282 3639 
1036 2680 4253 2328 
1037 2474 3262 2481 
1038 816 3846 2304 
1039 1303 2657 1212 
1040 1264 2660 1164 
1041 1390 2450 1363 
1042 1825 2631 1920 
1043 3436 3515 2145 
1044 792 3783 2932 
1045 1448 2483 1661 
1046 1398 2698 1518 
1047 3654 3657 2255 
1048 1609 2933 2439 
1049 2933 2934 2439 
1050 2607 3097 2077 
1051 1913 2694 2086 
1052 2945 3519 1884 
1053 2662 4064 2421 
1054 847 3289 3196 
1055 480 2800 666 
1056 779 3779 2615 
1057 2991 3103 1933 
1058 3196 3289 2455 
1059 1097 2492 1095 
1060 2311 2530 1859 
1061 1651 2311 1650 
1062 2051 3754 2739 
1063 1843 2662 2421 
1064 1973 2831 2334 
1065 1482 4071 2698 
1066 3407 3434 2475 
1067 2453 2653 2454 
1068 3129 3661 3654 
1069 2475 3479 3407 
1070 2226 2858 1840 
1071 2362 2364 2363 
1072 637 3191 2587 
1073 2820 3701 1460 
1074 2595 3794 1005 
1075 2813 3747 2032 
1076 2795 2797 666 
1077 1640 2575 2574 
1078 3712 4080 2249 
1079 2007 2803 2802 
1080 2631 4152 1920 
1081 3314 3925 3010 
1082 1833 3605 2673 
1083 1956 2883 1967 
1084 2520 4104 3404 
1085 2527 3855 2236 
1086 1177 2742 1178 
1087 2529 2875 2335 
1088 2260 2713 1941 
1089 2552 2884 802 
1090 1458 2300 1459 
1091 2663 4203 2506 
1092 3164 3519 2945 
1093 2872 4118 2871 
1094 1266 2482 1237 
1095 2648 2931 793 
1096 2525 3469 2169 
1097 1044 2452 1030 
1098 2449 3893 3467 
1099 3222 3685 2906 
1100 923 3675 3531 
1101 2562 3047 2270 
1102 3620 3815 3619 
1103 2189 2447 2114 
1104 791 3018 2613 
1105 1903 3690 2188 
1106 3134 3250 2172 
1107 2134 2940 1856 
1108 2589 2592 1883 
1109 2789 2948 1688 
1110 2557 3934 1794 
1111 761 3098 74 
1112 2695 4165 1020 
1113 2972 3617 2275 
1114 2504 2663 2506 
1115 514 2962 513 
1116 2317 3554 3114 
1117 2956 3840 3359 
1118 2792 2793 1618 
1119 1891 2615 2054 
1120 908 2562 999 
1121 2970 3847 3223 
1122 2212 2843 2215 
1123 1546 4104 2520 
1124 673 4154 2699 
1125 1066 2423 1064 
1126 1646 2337 1822 
1127 1777 2689 2004 
1128 3005 4134 2407 
1129 856 3644 2727 
1130 1500 2624 1735 
1131 2157 3057 2158 
1132 1766 3529 2984 
1133 704 2957 2956 
1134 2389 2676 1886 
1135 1502 2614 1467 
1136 2788 3777 859 
1137 1861 2613 2610 
1138 2960 4193 3311 
1139 953 3251 950 
1140 2663 3052 656 
1141 2539 3783 2162 
1142 1987 3224 2860 
1143 221 3115 220 
1144 1034 3297 887 
1145 2742 4018 1178 
1146 2596 3349 1184 
1147 2654 3778 2656 
1148 2299 4336 1926 
1149 787 3768 3034 
1150 2801 3716 3177 
1151 2333 4001 2999 
1152 1547 2816 2658 
1153 2078 3372 2606 
1154 2392 3118 2581 
1155 2133 3042 2708 
1156 2220 3517 1362 
1157 2410 3659 2411 
1158 2938 3121 764 
1159 1490 4130 2519 
1160 2381 3862 690 
1161 2118 2921 2807 
1162 2629 3121 2938 
1163 102 3158 101 
1164 2639 3167 2779 
1165 2752 3622 997 
1166 2526 3193 2041 
1167 2586 3527 777 
1168 1759 2564 2208 
1169 2653 3138 2454 
1170 2276 3562 1428 
1171 2446 4255 762 
1172 1447 2818 2817 
1173 2761 2762 951 
1174 2395 2568 2394 
1175 1489 4024 3719 
1176 2785 3237 1352 
1177 2223 3526 1565 
1178 3087 3222 2906 
1179 2785 3250 3237 
1180 1866 3453 1867 
1181 653 4110 2607 
1182 2604 3626 2994 
1183 2341 3616 740 
1184 1883 2597 973 
1185 938 2695 1020 
1186 1041 2537 1110 
1187 2661 4219 3337 
1188 2499 3677 680 
1189 2174 4248 2712 
1190 2867 2871 1423 
1191 1390 4089 2450 
1192 1442 3593 2547 
1193 2620 3875 643 
1194 2457 2458 1446 
1195 2485 3938 759 
1196 704 3376 2957 
1197 2556 2557 1794 
1198 1798 2404 1799 
1199 2541 2543 2542 
1200 2859 3416 1198 
1201 1651 4156 2311 
1202 1943 4113 2873 
1203 1834 4001 2333 
1204 2673 3979 1833 
1205 2541 2542 1225 
1206 3265 3886 2514 
1207 1066 4023 2423 
1208 2194 3941 3409 
1209 2639 4324 2195 
1210 2487 4338 3811 
1211 2132 3246 2667 
1212 2772 2773 2019 
1213 1042 2756 1101 
1214 2932 3783 2539 
1215 2782 3246 2132 
1216 736 3209 2551 
1217 2466 3971 2478 
1218 2554 2555 1788 
1219 2253 4080 3562 
1220 1645 2901 2688 
1221 2341 3903 2340 
1222 821 3300 2530 
1223 905 3240 903 
1224 2638 3631 738 
1225 3254 3539 3253 
1226 2807 2921 1552 
1227 1829 4281 2392 
1228 2262 3175 3064 
1229 1724 4130 1490 
1230 1343 3415 3242 
1231 2190 2912 1937 
1232 1493 2372 1494 
1233 2361 3750 912 
1234 1779 2424 1999 
1235 1147 3104 3103 
1236 3108 3548 628 
1237 2025 3603 2750 
1238 2145 3465 3436 
1239 2756 2804 1101 
1240 2687 3082 2534 
1241 1846 2772 2019 
1242 1026 2815 2814 
1243 1197 3761 2983 
1244 949 3251 2329 
1245 2704 2705 2049 
1246 1036 1095 1035 
1247 2917 3110 2318 
1248 700 3131 2740 
1249 2590 2592 2589 
1250 2300 4038 1459 
1251 2349 2350 2348 
1252 2502 2504 2503 
1253 1728 2399 1675 
1254 2084 4085 3091 
1255 1960 2877 2412 
1256 1491 1837 1527 
1257 640 3199 2674 
1258 2464 2485 2466 
1259 1426 2348 1403 
1260 894 3923 2802 
1261 1028 1057 1027 
1262 1631 4103 2564 
1263 2686 3816 691 
1264 2575 2637 2574 
1265 2122 3731 2684 
1266 2906 3170 2905 
1267 2273 2275 2274 
1268 1529 1888 1646 
1269 1795 2339 2338 
1270 1819 2012 1762 
1271 2571 2572 1877 
1272 1278 2734 1275 
1273 1659 2390 1658 
1274 3197 3754 2381 
1275 1107 2771 1154 
1276 1286 1472 1285 
1277 2184 2789 1688 
1278 1180 1403 1179 
1279 1648 1835 1516 
1280 1448 1661 1445 
1281 1102 3874 1062 
1282 2721 2723 920 
1283 1425 1650 1424 
1284 2579 2587 2277 
1285 1953 2436 2015 
1286 2489 3355 739 
1287 641 3366 2565 
1288 1373 1623 1374 
1289 1588 2362 1586 
1290 1104 1188 1103 
1291 3314 3982 2264 
1292 1543 1917 1544 
1293 2543 2545 2544 
1294 1684 1977 1686 
1295 2686 3856 3816 
1296 2294 2295 1725 
1297 2212 2213 2211 
1298 2740 3070 700 
1299 2578 3304 737 
1300 1781 2020 1673 
1301 1505 1818 1482 
1302 1641 2313 1621 
1303 1257 1475 1342 
1304 1032 2915 1024 
1305 760 2821 2806 
1306 424 2986 423 
1307 1494 4025 1682 
1308 1451 1675 1427 
1309 2443 2444 2442 
1310 692 2678 2676 
1311 1756 2611 1757 
1312 514 4010 2962 
1313 1470 1684 1471 
1314 1281 1491 1337 
1315 1693 2325 2323 
1316 1550 1694 1549 
1317 1581 2236 2235 
1318 2325 2821 2326 
1319 1018 1035 1017 
1320 2428 2429 1600 
1321 1129 1135 1128 
1322 1510 1782 1509 
1323 946 3984 2382 
1324 2665 2668 2056 
1325 3450 3810 2859 
1326 2437 2438 1607 
1327 2269 3444 1469 
1328 2588 4137 1047 
1329 2084 3091 1934 
1330 1890 4127 2567 
1331 1193 2273 1264 
1332 1435 3953 2196 
1333 2545 2647 2546 
1334 1668 1961 1829 
1335 1378 1631 1377 
1336 1821 3569 2925 
1337 1356 1529 1380 
1338 3441 3732 721 
1339 1517 1748 1462 
1340 1704 1960 1625 
1341 1548 1550 1549 
1342 1678 2320 2319 
1343 3241 3890 3240 
1344 1548 1549 1547 
1345 1848 4068 2389 
1346 1984 2692 2380 
1347 1912 4160 3672 
1348 1267 1445 1266 
1349 1415 2502 2501 
1350 793 2986 2647 
1351 2393 2394 1807 
1352 2717 2720 2716 
1353 1044 4086 2452 
1354 1001 2495 1011 
1355 1525 2294 1504 
1356 1502 4026 2614 
1357 2488 4259 1677 
1358 2755 4291 2541 
1359 1015 1027 1014 
1360 924 2721 920 
1361 1384 1516 1312 
1362 1917 2739 1919 
1363 1405 2755 2541 
1364 1831 2067 1830 
1365 2007 4124 2803 
1366 1858 2094 1707 
1367 2256 2257 1857 
1368 1518 1719 1434 
1369 1518 1838 1719 
1370 1392 1543 1394 
1371 2339 3876 2942 
1372 805 3493 2690 
1373 1082 2453 1084 
1374 1872 3016 2613 
1375 1078 1103 1076 
1376 1384 1648 1516 
1377 1422 2791 1450 
1378 1220 1470 1463 
1379 1354 1509 1353 
1380 2615 3779 2054 
1381 686 3018 568 
1382 567 3018 791 
1383 1111 1257 1148 
1384 2654 2656 2655 
1385 3473 3835 1329 
1386 2682 2781 689 
1387 1872 3017 3016 
1388 1257 1342 1148 
1389 3176 4286 1988 
1390 2402 2405 2404 
1391 1514 2520 1515 
1392 2284 2285 1765 
1393 2369 2370 1493 
1394 2585 2978 2584 
1395 1588 3185 2368 
1396 1663 1964 1665 
1397 2460 2481 2462 
1398 862 3856 3819 
1399 2653 3400 1432 
1400 952 2763 955 
1401 1888 2661 2337 
1402 2182 3031 2619 
1403 2318 3830 2917 
1404 1888 2337 1646 
1405 2236 2237 2235 
1406 2483 4263 1661 
1407 1024 2915 1038 
1408 1076 2553 1077 
1409 1519 1830 1520 
1410 2532 2534 2533 
1411 788 3314 3010 
1412 1170 1353 1171 
1413 1146 1548 1547 
1414 1276 3231 1339 
1415 2150 3511 3174 
1416 2287 2288 1729 
1417 1771 3317 2778 
1418 1613 2792 1618 
1419 2654 2655 1005 
1420 1631 1759 1632 
1421 1529 1646 1380 
1422 1735 2621 1736 
1423 1786 2185 1785 
1424 1363 2450 1464 
1425 1938 2166 1882 
1426 1704 2141 1960 
1427 1097 4178 2492 
1428 2404 4134 1799 
1429 2699 2969 673 
1430 2374 2376 2373 
1431 1910 2301 2300 
1432 1265 1462 1177 
1433 2057 3207 2059 
1434 1820 2182 2095 
1435 2273 2274 1264 
1436 431 2989 430 
1437 2363 2366 2365 
1438 1491 1527 1337 
1439 2349 2360 2350 
1440 2450 2708 1464 
1441 1728 2400 2399 
1442 1426 2349 2348 
1443 2337 4223 1822 
1444 1782 2021 1783 
1445 2551 3785 736 
1446 1807 2396 1808 
1447 1139 1170 1138 
1448 2325 2326 2323 
1449 68 3236 67 
1450 1180 1426 1403 
1451 2699 4154 2700 
1452 1451 1728 1675 
1453 1015 1028 1027 
1454 1986 2615 1891 
1455 1191 1444 1190 
1456 2629 2630 1825 
1457 3196 3732 3441 
1458 3214 3937 855 
1459 2613 3016 791 
1460 1742 2426 2425 
1461 1150 1220 1149 
1462 1636 1988 1637 
1463 2609 2612 2611 
1464 2320 2322 2319 
1465 2518 3758 3127 
1466 3114 3554 702 
1467 2661 3337 3330 
1468 1416 3929 3137 
1469 2260 4237 2713 
1470 690 4033 2381 
1471 1075 1076 1074 
1472 3306 3657 1253 
1473 1685 2352 1684 
1474 2443 2604 2444 
1475 1006 2696 2695 
1476 1505 1826 1818 
1477 1147 3891 3104 
1478 1452 3685 3222 
1479 1196 1392 1195 
1480 1016 2591 2590 
1481 1776 2689 1777 
1482 2504 2506 2503 
1483 2743 4113 1943 
1484 1400 1519 1401 
1485 2401 2402 1798 
1486 2683 3914 2108 
1487 3311 4193 1166 
1488 2468 2732 2522 
1489 1641 2314 2313 
1490 2267 4075 1927 
1491 680 3831 2499 
1492 1581 2235 1577 
1493 1909 1910 1458 
1494 1030 2452 2451 
1495 2280 2281 1862 
1496 421 2931 756 
1497 793 2931 422 
1498 1972 2833 2361 
1499 2114 2447 2422 
1500 2502 2503 2501 
1501 691 3179 2686 
1502 2487 2488 1677 
1503 2314 2538 2313 
1504 1881 1938 1882 
1505 1588 2368 2362 
1506 1828 1980 1687 
1507 1895 2679 2328 
1508 1265 1517 1462 
1509 2679 4164 3258 
1510 3321 4235 3736 
1511 2506 4203 2514 
1512 3230 3308 3014 
1513 1535 2211 2210 
1514 1213 1377 1214 
1515 855 3937 2769 
1516 1664 2261 1663 
1517 1003 2181 1023 
1518 3034 3795 3181 
1519 1383 3231 1276 
1520 1623 1624 1374 
1521 1527 2487 1677 
1522 1591 3834 1692 
1523 1030 2451 1028 
1524 1051 1180 1179 
1525 1018 4057 2597 
1526 2607 3717 653 
1527 1740 2427 1690 
1528 1425 1651 1650 
1529 1781 2446 2020 
1530 1018 1036 1035 
1531 2667 3532 2666 
1532 1036 1097 1095 
1533 3056 3057 2586 
1534 869 2968 2632 
1535 1873 2757 1959 
1536 1535 2843 2212 
1537 3418 3796 2759 
1538 3550 3603 2025 
1539 2396 4187 1808 
1540 2381 3754 2051 
1541 1961 2603 1829 
1542 1881 1882 1546 
1543 597 3192 749 
1544 1440 4215 2357 
1545 910 3117 912 
1546 1886 2125 1887 
1547 2297 3769 3325 
1548 2197 2198 1724 
1549 1078 1104 1103 
1550 1438 1724 1490 
1551 1363 1464 1329 
1552 1490 2519 1572 
1553 1624 1978 1958 
1554 1772 2070 1651 
1555 1903 2188 1816 
1556 1690 1979 1633 
1557 1795 2338 1717 
1558 1514 1515 1338 
1559 1822 2267 1927 
1560 2236 2686 2237 
1561 1172 1384 1312 
1562 1539 2483 1448 
1563 3407 3956 3434 
1564 1700 2397 1550 
1565 1694 2080 1913 
1566 1466 1762 1390 
1567 1858 2636 2094 
1568 1267 1448 1445 
1569 1661 2468 2457 
1570 2977 2978 2585 
1571 2633 3659 2207 
1572 1398 1518 1434 
1573 1051 1179 1044 
1574 2438 2443 2442 
1575 926 2716 1000 
1576 1904 2342 1696 
1577 1185 1285 1097 
1578 782 3026 2743 
1579 2611 4147 1757 
1580 1472 1658 1512 
1581 1895 2328 1644 
1582 2494 3789 1231 
1583 1843 2421 1772 
1584 1146 1547 1059 
1585 2429 2699 2431 
1586 2491 4036 1110 
1587 1057 1125 1123 
1588 1696 1890 1655 
1589 1572 1956 1955 
1590 2870 3092 2868 
1591 1188 1400 1189 
1592 1638 1681 1475 
1593 2649 4143 2548 
1594 1430 3050 2714 
1595 2469 2731 2468 
1596 2895 2900 638 
1597 1355 1581 1577 
1598 1579 1858 1707 
1599 2543 3227 2545 
1600 1466 1819 1762 
1601 1133 1137 1131 
1602 2865 2872 2871 
1603 2757 2759 713 
1604 1644 1780 1629 
1605 1668 1829 1530 
1606 2056 2668 2055 
1607 1978 2064 1958 
1608 1984 2380 1837 
1609 1445 2457 1446 
1610 2690 3493 2692 
1611 1927 4075 2671 
1612 1049 1149 1048 
1613 2364 2908 2363 
1614 1306 1451 1427 
1615 1111 1148 1066 
1616 1918 2051 1917 
1617 1281 1337 1278 
1618 1669 1861 1670 
1619 1693 2323 1507 
1620 1356 1380 1186 
1621 1507 1526 1376 
1622 2583 2749 2585 
1623 2458 2474 2460 
1624 1573 2157 2156 
1625 2080 2694 1913 
1626 1541 1795 1717 
1627 1480 1704 1625 
1628 2204 2264 2203 
1629 1864 2335 1638 
1630 2457 2522 2458 
1631 1010 2495 1001 
1632 1193 1264 1164 
1633 1682 2601 2600 
1634 2792 2794 2793 
1635 3337 4219 716 
1636 1584 1588 1586 
1637 2889 3083 2047 
1638 2493 3268 2895 
1639 812 3532 2667 
1640 348 3336 347 
1641 1751 2256 1699 
1642 1764 2539 1901 
1643 3608 3628 3607 
1644 1135 1141 1136 
1645 1536 1781 1673 
1646 1667 3400 2653 
1647 1385 1505 1482 
1648 2055 2129 1726 
1649 2441 3949 1612 
1650 1006 3916 2331 
1651 2993 3678 3547 
1652 1145 1195 1115 
1653 1095 2492 1168 
1654 2108 3914 2903 
1655 1828 2627 1980 
1656 2597 3244 1018 
1657 1759 2207 1760 
1658 1504 1725 1502 
1659 1650 1859 1653 
1660 1444 1641 1621 
1661 2584 4186 987 
1662 1715 1973 1716 
1663 1118 2588 1047 
1664 2387 3877 1700 
1665 1995 2750 2343 
1666 1249 1254 1247 
1667 2478 4128 2470 
1668 2370 2373 2372 
1669 1717 2008 1761 
1670 666 2800 2795 
1671 2499 3831 3252 
1672 2696 2697 2695 
1673 2708 3160 2133 
1674 628 3563 3108 
1675 1365 1474 1453 
1676 1840 2791 1422 
1677 2202 2203 1474 
1678 2008 2238 2009 
1679 1593 2428 1595 
1680 1944 2529 1864 
1681 3179 3180 2237 
1682 2750 3603 786 
1683 1141 1151 1142 
1684 2583 2585 2584 
1685 2310 4006 1776 
1686 1650 2311 1859 
1687 1956 1967 1955 
1688 1873 1959 1731 
1689 1373 1374 1209 
1690 1258 1425 1424 
1691 1658 1885 1683 
1692 1855 2035 1854 
1693 1845 2772 1846 
1694 1095 1168 1096 
1695 3088 3188 2710 
1696 1748 2025 1995 
1697 1637 2571 1877 
1698 2100 3657 3654 
1699 3253 3539 2035 
1700 1678 2319 1483 
1701 1073 1074 1071 
1702 1151 1258 1152 
1703 2298 4132 1674 
1704 1080 1092 1082 
1705 1660 1726 1623 
1706 1110 2537 2491 
1707 1062 3874 3150 
1708 3621 3950 2919 
1709 1679 2379 1678 
1710 1767 2084 1934 
1711 2899 3120 2002 
1712 1557 2284 1555 
1713 1973 2334 1974 
1714 1874 2758 1873 
1715 3335 3992 3663 
1716 1819 2493 2012 
1717 3096 3469 2525 
1718 1141 1153 1151 
1719 1290 1535 1288 
1720 3945 4179 2371 
1721 1736 2018 1738 
1722 1013 1037 1007 
1723 2608 2609 1756 
1724 2505 2507 2504 
1725 2202 2204 2203 
1726 1472 1659 1658 
1727 1690 2427 1979 
1728 1932 2169 1931 
1729 1106 2771 1107 
1730 1258 1424 1259 
1731 1801 2393 1803 
1732 1859 2180 1860 
1733 1835 2085 2045 
1734 1721 2039 1953 
1735 2526 3988 3193 
1736 1621 1845 1622 
1737 2077 3097 2076 
1738 1483 1534 1367 
1739 1664 3399 2664 
1740 2041 2951 2526 
1741 2564 2898 2208 
1742 1185 1286 1285 
1743 1089 2890 1087 
1744 2308 3779 3502 
1745 1759 2208 2207 
1746 3509 3564 2122 
1747 1777 2004 1779 
1748 3359 3840 822 
1749 2392 2835 2391 
1750 1348 2369 1350 
1751 1699 1857 1525 
1752 1183 1584 1583 
1753 2489 3566 2488 
1754 1419 3188 3088 
1755 1188 1402 1400 
1756 3258 4164 683 
1757 786 3007 2750 
1758 827 3293 2683 
1759 1003 1023 995 
1760 1444 1621 1620 
1761 904 2599 1033 
1762 1241 1266 1237 
1763 1808 1834 1810 
1764 1885 2121 1929 
1765 2597 4057 973 
1766 991 1015 1014 
1767 2518 4326 1743 
1768 2035 2081 1854 
1769 2991 3590 930 
1770 1661 2469 2468 
1771 1919 2740 2073 
1772 928 2717 2716 
1773 1812 1943 1930 
1774 1769 2026 1894 
1775 1403 1536 1404 
1776 1715 1992 1973 
1777 1091 2735 1089 
1778 1566 2287 1563 
1779 1250 1360 1249 
1780 2204 3314 2264 
1781 1859 2530 2180 
1782 1127 1129 1128 
1783 2714 3100 1430 
1784 1989 2047 1988 
1785 2095 3758 2518 
1786 2565 4015 641 
1787 3700 3850 3537 
1788 2536 3909 2016 
1789 1836 3346 2675 
1790 969 1018 1017 
1791 2466 2478 2470 
1792 2019 4068 1848 
1793 2405 3660 2407 
1794 2869 3135 2983 
1795 1134 1138 1133 
1796 1561 2280 1559 
1797 3280 3652 2140 
1798 2482 3956 1237 
1799 993 2654 1005 
1800 2360 2774 2350 
1801 1210 1373 1209 
1802 2677 3362 3339 
1803 2964 3788 2549 
1804 1876 2187 1898 
1805 1727 2055 1726 
1806 2577 2777 2575 
1807 2212 2214 2213 
1808 1826 2701 1818 
1809 2197 2685 2198 
1810 2487 2489 2488 
1811 1498 2624 1500 
1812 2558 3715 2364 
1813 2182 2619 2095 
1814 1520 2228 1573 
1815 1054 1183 1053 
1816 1980 3290 2768 
1817 880 2576 1640 
1818 1378 1633 1631 
1819 1227 2541 1225 
1820 2333 4067 2332 
1821 1241 1267 1266 
1822 1168 1306 1169 
1823 2470 4128 3279 
1824 1790 2554 1788 
1825 2275 3617 2274 
1826 1525 4056 2294 
1827 2061 2665 2058 
1828 1248 1249 1247 
1829 1917 1919 1544 
1830 1607 2440 1608 
1831 1288 2210 1286 
1832 1922 2556 1794 
1833 3057 3647 2158 
1834 1876 2297 2187 
1835 1684 1686 1471 
1836 1536 1673 1537 
1837 1563 1729 1561 
1838 832 4255 3145 
1839 886 3901 3123 
1840 1504 2294 1725 
1841 1675 1814 1676 
1842 1033 3047 2562 
1843 1748 1995 1994 
1844 2151 3589 3284 
1845 2929 2960 2926 
1846 900 2498 1098 
1847 884 2573 1473 
1848 2157 2158 2156 
1849 2746 3172 1370 
1850 1814 2398 2127 
1851 2462 2479 2464 
1852 2393 2395 2394 
1853 1633 4103 1631 
1854 2507 2663 2504 
1855 2555 4125 1788 
1856 1889 2082 1888 
1857 3663 3992 632 
1858 1415 2501 1412 
1859 1535 2212 2211 
1860 1057 1123 1058 
1861 2474 2481 2460 
1862 1354 1510 1509 
1863 1848 2389 1850 
1864 1961 3051 2603 
1865 1494 1682 1496 
1866 2684 3781 1719 
1867 1559 1862 1557 
1868 1794 3934 1792 
1869 1216 2830 2829 
1870 1075 1078 1076 
1871 1732 1873 1731 
1872 2983 3398 1197 
1873 1983 1984 1837 
1874 2479 2485 2464 
1875 3339 3362 833 
1876 1570 2532 1568 
1877 989 2584 987 
1878 1365 1453 1366 
1879 1753 1785 1751 
1880 1686 2346 1721 
1881 2104 2902 2674 
1882 1092 2650 2453 
1883 1157 2569 1112 
1884 1392 1394 1195 
1885 2082 4219 2661 
1886 1960 2412 2309 
1887 1951 2525 1932 
1888 2223 3198 2225 
1889 1223 1442 1221 
1890 1865 1944 1864 
1891 1910 2300 1458 
1892 1742 2425 1740 
1893 457 3651 3361 
1894 727 3083 2889 
1895 1373 2657 1660 
1896 3085 3698 2390 
1897 1602 2437 1604 
1898 1229 1405 1227 
1899 2481 4278 2462 
1900 1792 2071 1790 
1901 1385 1482 1386 
1902 2436 3907 2531 
1903 1543 1544 1394 
1904 1746 2518 1743 
1905 1988 2571 1637 
1906 1353 1355 1171 
1907 2352 2682 2681 
1908 2576 4093 3263 
1909 2545 2546 2544 
1910 1904 2644 2342 
1911 2438 2442 2440 
1912 2228 2586 2157 
1913 689 2989 2681 
1914 1710 2448 1712 
1915 2692 4243 2380 
1916 1655 2171 1510 
1917 1901 2162 1976 
1918 2543 2544 2542 
1919 2507 3052 2663 
1920 1306 1427 1307 
1921 2869 3655 3135 
1922 1831 2152 2067 
1923 2039 2436 1953 
1924 1220 1463 1149 
1925 1838 2684 1719 
1926 1465 3169 2371 
1927 2769 3680 855 
1928 2183 3585 3028 
1929 1555 1765 1553 
1930 898 2498 900 
1931 1412 2501 1410 
1932 2375 3217 3014 
1933 1581 4290 2236 
1934 2758 3418 2759 
1935 1584 1586 1585 
1936 2356 3974 2353 
1937 2004 2424 1779 
1938 2218 2241 1926 
1939 1568 1718 1566 
1940 1527 4338 2487 
1941 1639 1864 1638 
1942 2420 3112 2011 
1943 1450 2791 2790 
1944 1508 1693 1507 
1945 1092 2453 1082 
1946 1574 1638 1475 
1947 1885 2304 2121 
1948 2346 2347 2039 
1949 1814 2127 1815 
1950 1820 2095 1746 
1951 1381 1507 1376 
1952 2058 2665 2056 
1953 1782 2052 2021 
1954 1924 2003 1922 
1955 1433 1552 1393 
1956 1595 2428 1600 
1957 1625 2309 1626 
1958 2406 2408 2405 
1959 2451 4333 1028 
1960 1213 1378 1377 
1961 2394 2497 2396 
1962 2740 3131 2073 
1963 2053 2122 1838 
1964 2145 3515 3511 
1965 1760 2410 1769 
1966 3342 4015 3469 
1967 1604 2437 1607 
1968 1964 2629 1665 
1969 1194 1376 1193 
1970 1613 1618 1615 
1971 1988 4286 2571 
1972 1673 2298 1674 
1973 1992 2831 1973 
1974 902 2599 904 
1975 2521 3957 1648 
1976 1186 2703 1160 
1977 1940 3043 1938 
1978 3415 3765 3242 
1979 1122 1365 1121 
1980 1246 1247 1245 
1981 3284 3589 1241 
1982 1059 2658 1052 
1983 2010 2168 1826 
1984 785 3290 2627 
1985 2399 4289 1675 
1986 1712 2448 1715 
1987 2370 2374 2373 
1988 663 3707 2838 
1989 814 3347 2603 
1990 1470 1471 1463 
1991 1928 2643 1948 
1992 1665 2629 1825 
1993 3383 3460 2168 
1994 1612 2792 1613 
1995 1816 2521 1648 
1996 1305 3923 894 
1997 2739 2740 1919 
1998 2878 3518 2623 
1999 1435 2196 1438 
2000 1353 2760 1355 
2001 2960 3311 2928 
2002 1278 4225 2734 
2003 2400 2770 2399 
2004 1087 1093 1088 
2005 2169 2565 1931 
2006 2452 2982 2451 
2007 3049 3972 3048 
2008 1279 1281 1278 
2009 2304 3698 3481 
2010 2844 4055 2385 
2011 3245 3824 3486 
2012 1419 3929 1416 
2013 1890 2559 2171 
2014 1692 3497 2433 
2015 2612 2736 2611 
2016 2432 2936 2435 
2017 1672 2608 1756 
2018 2394 2568 2497 
2019 2285 2809 2286 
2020 2560 3841 697 
2021 2170 4141 3653 
2022 1480 1625 1481 
2023 3233 3718 3054 
2024 1123 1172 1124 
2025 2888 2987 2548 
2026 2753 4115 1339 
2027 2355 2356 2353 
2028 1617 1798 1797 
2029 2689 3153 2004 
2030 2429 2431 2430 
2031 2076 2525 1951 
2032 2332 2743 1943 
2033 781 3906 2604 
2034 2407 3660 3419 
2035 2041 2662 1843 
2036 2601 3090 2602 
2037 1694 1913 1722 
2038 882 2573 884 
2039 1117 1265 1177 
2040 713 2844 2757 
2041 2029 2765 2069 
2042 1165 1193 1164 
2043 721 3732 2973 
2044 2363 2365 1590 
2045 1943 2050 1930 
2046 2287 2289 2288 
2047 1519 1831 1830 
2048 1336 1541 1335 
2049 1913 2086 1914 
2050 2885 3745 955 
2051 1086 1089 1087 
2052 3301 4239 1074 
2053 2821 4031 2326 
2054 1570 2687 2532 
2055 1531 1668 1530 
2056 1484 1678 1483 
2057 1218 1345 1344 
2058 1346 1465 1348 
2059 1127 1128 1126 
2060 1835 2045 1836 
2061 2185 2186 1785 
2062 1677 4259 1767 
2063 1187 1356 1186 
2064 1803 2393 1807 
2065 2405 2407 2404 
2066 1551 1700 1550 
2067 1292 2843 1290 
2068 2717 2775 2720 
2069 1011 1032 1024 
2070 1850 2389 1886 
2071 2110 2683 2108 
2072 1619 1687 1517 
2073 1477 1663 1478 
2074 1751 4052 2256 
2075 1296 1492 1294 
2076 1496 2600 1498 
2077 2026 3351 2027 
2078 2839 2887 867 
2079 1645 1895 1644 
2080 2196 2197 1724 
2081 1170 1354 1353 
2082 1339 3231 2753 
2083 1447 2817 1368 
2084 1561 3958 2280 
2085 1693 2673 2327 
2086 1837 4338 1527 
2087 2552 2883 1956 
2088 1963 2455 1962 
2089 3174 3511 631 
2090 1202 1458 1203 
2091 1630 1644 1629 
2092 1028 4333 1057 
2093 1699 2256 1857 
2094 1041 1110 1040 
2095 1428 4157 2278 
2096 1120 2748 1054 
2097 1744 3302 3243 
2098 2679 3258 2680 
2099 2285 2286 1765 
2100 2395 4254 2568 
2101 1626 1776 1775 
2102 1350 1493 1456 
2103 2656 2714 2655 
2104 2317 3114 2314 
2105 3461 3989 2666 
2106 2744 4097 1998 
2107 1338 2268 1282 
2108 1886 2676 2125 
2109 1877 2032 1662 
2110 1093 3350 1094 
2111 1850 1886 1852 
2112 2205 2206 2204 
2113 1342 1480 1479 
2114 2446 3292 2020 
2115 2210 4061 1286 
2116 1475 2209 1342 
2117 1846 2019 1848 
2118 1617 2401 1798 
2119 1615 2401 1617 
2120 1670 2608 1672 
2121 1586 1590 1587 
2122 2114 2422 2112 
2123 2320 2634 2322 
2124 3409 3941 3491 
2125 2280 2283 2281 
2126 2622 2623 2621 
2127 717 3338 2903 
2128 1050 1054 1053 
2129 1943 2873 2050 
2130 1064 1102 1062 
2131 1153 2728 1151 
2132 1369 3450 2859 
2133 2410 2411 2026 
2134 1172 1312 1173 
2135 2546 2888 2548 
2136 3300 4249 2530 
2137 3091 3313 2341 
2138 2067 2068 1830 
2139 1687 2496 1517 
2140 1453 1669 1454 
2141 1998 3638 2744 
2142 852 3852 2637 
2143 1002 2654 993 
2144 2327 2806 2325 
2145 1608 1612 1611 
2146 1112 2569 1111 
2147 2366 2367 2365 
2148 1178 1191 1190 
2149 1500 1735 1734 
2150 3054 3718 2099 
2151 2668 3480 815 
2152 1458 1459 1203 
2153 1669 1872 1861 
2154 1631 2564 1759 
2155 2044 2101 1874 
2156 1986 2616 2615 
2157 1076 1077 1074 
2158 1201 1369 1199 
2159 1064 2423 1102 
2160 1470 1685 1684 
2161 1735 1736 1734 
2162 2658 4192 1052 
2163 2700 4154 468 
2164 1629 2536 1533 
2165 1271 1361 1269 
2166 1893 2909 2829 
2167 1579 1707 1580 
2168 3167 3409 649 
2169 2112 2413 2110 
2170 1982 2076 1951 
2171 1559 2280 1862 
2172 1728 4148 3125 
2173 2602 3089 2879 
2174 2281 2282 1862 
2175 1032 4199 2915 
2176 3495 3707 3236 
2177 2085 4227 2045 
2178 2021 2022 1783 
2179 969 1017 967 
2180 2167 3406 3404 
2181 2407 3419 3004 
2182 2757 2844 1959 
2183 1637 1877 1662 
2184 1073 1075 1074 
2185 2373 2375 2372 
2186 1336 2628 1541 
2187 1530 2391 1486 
2188 1158 2711 1157 
2189 1398 1434 1399 
2190 1155 1213 1167 
2191 3403 3697 1515 
2192 1170 1171 1138 
2193 1738 2540 1764 
2194 2257 2258 1857 
2195 1663 1665 1478 
2196 1707 2377 1708 
2197 1346 4314 1465 
2198 3239 3241 3240 
2199 2379 2738 2320 
2200 1519 1520 1401 
2201 3268 4251 2895 
2202 468 3839 2700 
2203 1803 1807 1805 
2204 3073 3791 3790 
2205 1700 3877 2397 
2206 1636 1637 1461 
2207 2003 2556 1922 
2208 1357 3926 3165 
2209 2530 4249 2180 
2210 1675 4289 1814 
2211 1386 2698 1388 
2212 2794 2795 2793 
2213 1434 3953 1435 
2214 2566 3643 2894 
2215 2208 2633 2207 
2216 2390 4250 1658 
2217 2241 2299 1926 
2218 1216 2829 1218 
2219 2795 2800 2796 
2220 1872 3837 3017 
2221 2576 2577 2575 
2222 1350 2369 1493 
2223 1054 2748 1183 
2224 3988 4060 3380 
2225 929 2725 928 
2226 3653 4141 2550 
2227 1948 2641 1949 
2228 754 2737 2736 
2229 1176 1198 1158 
2230 3460 4048 2168 
2231 876 2787 1942 
2232 2062 2667 2061 
2233 1810 2332 1812 
2234 2045 4227 3465 
2235 1543 1918 1917 
2236 2787 2788 1942 
2237 2717 4298 2775 
2238 2516 4244 3272 
2239 2071 2554 1790 
2240 1256 1268 1252 
2241 1405 2541 1227 
2242 3159 3676 834 
2243 1712 1715 1714 
2244 2820 3545 2205 
2245 2646 3769 2298 
2246 2402 2404 1798 
2247 2141 2877 1960 
2248 2601 2602 2600 
2249 1799 1806 1801 
2250 3350 3899 1094 
2251 1731 2383 1540 
2252 2370 2372 1493 
2253 1067 1111 1066 
2254 1313 2675 1316 
2255 2708 3042 1464 
2256 2571 2769 2572 
2257 1926 4336 1924 
2258 2506 2514 2512 
2259 1555 2284 1765 
2260 1150 1221 1220 
2261 1563 2287 1729 
2262 1333 1334 1120 
2263 2877 3968 2412 
2264 1631 1632 1377 
2265 1334 1336 1335 
2266 1513 1514 1338 
2267 1221 2891 1220 
2268 1782 1783 1509 
2269 1753 1786 1785 
2270 1134 1139 1138 
2271 2545 2648 2647 
2272 3178 3744 2761 
2273 2868 3092 941 
2274 481 4229 2800 
2275 3029 3345 2705 
2276 2061 2666 2665 
2277 2699 2700 2431 
2278 1897 1931 1871 
2279 979 2593 1016 
2280 1208 1209 1205 
2281 2575 2777 2637 
2282 2634 3679 858 
2283 1672 1756 1755 
2284 1416 3137 1415 
2285 1795 3876 2339 
2286 2806 2822 760 
2287 2008 4002 2238 
2288 654 3128 2949 
2289 2218 2242 2241 
2290 2794 2797 2795 
2291 2644 3880 849 
2292 2355 2649 2356 
2293 1104 2707 1188 
2294 2523 3978 3055 
2295 1674 1876 1706 
2296 1107 1154 1109 
2297 1119 1333 1120 
2298 1198 2711 1158 
2299 1726 2535 1623 
2300 1367 2414 1191 
2301 2188 4053 2521 
2302 2694 3476 724 
2303 1261 1308 1263 
2304 3850 3877 3536 
2305 2334 4060 3988 
2306 892 1305 894 
2307 1599 1609 1602 
2308 2701 2702 1818 
2309 2515 4244 2516 
2310 1493 1494 1456 
2311 1703 1854 1701 
2312 2952 3740 2073 
2313 1168 2892 1306 
2314 1649 1816 1648 
2315 1410 1489 1408 
2316 864 3501 872 
2317 1685 2353 2352 
2318 1116 1122 1121 
2319 1368 1483 1367 
2320 1309 1385 1311 
2321 1595 1600 1597 
2322 1648 3957 1835 
2323 2826 2920 2825 
2324 894 2802 896 
2325 1801 4122 2393 
2326 1453 2266 1669 
2327 1908 2053 1838 
2328 948 2761 951 
2329 1433 1553 1552 
2330 730 3679 2738 
2331 1708 1824 1710 
2332 2435 2935 2934 
2333 896 1174 898 
2334 1646 1822 1647 
2335 1658 4250 1885 
2336 1372 1428 1298 
2337 1604 1607 1606 
2338 1664 2262 2261 
2339 1049 1150 1149 
2340 697 3728 2560 
2341 2650 2653 2453 
2342 2213 2216 2211 
2343 2140 3652 2139 
2344 1931 2566 1871 
2345 2433 3915 2428 
2346 3378 4075 4062 
2347 2216 3108 3086 
2348 2108 2903 2106 
2349 1105 1159 1104 
2350 1623 4133 1624 
2351 1577 1579 1578 
2352 1735 2622 2621 
2353 1541 1717 1589 
2354 1449 1539 1448 
2355 1115 1116 1091 
2356 1891 2054 1892 
2357 2954 4317 3152 
2358 2054 3779 2308 
2359 1552 3996 2807 
2360 1936 3091 2341 
2361 2925 3569 2929 
2362 1192 1367 1191 
2363 3155 4240 3156 
2364 936 4070 2834 
2365 888 1382 890 
2366 1196 1393 1392 
2367 1854 2386 1701 
2368 1094 1106 1100 
2369 1184 3244 2596 
2370 2040 2690 1984 
2371 1976 2704 2049 
2372 2439 3924 2437 
2373 1822 1927 1823 
2374 1964 3121 2629 
2375 1114 1157 1112 
2376 2020 2646 2298 
2377 1330 1363 1329 
2378 1060 1146 1059 
2379 2632 4011 869 
2380 1477 1664 1663 
2381 749 3192 2910 
2382 1199 2859 1198 
2383 3095 3733 2271 
2384 1545 1546 1514 
2385 1636 1989 1988 
2386 1944 2847 2529 
2387 1021 2805 1049 
2388 2679 2680 2328 
2389 2735 4258 1089 
2390 1359 1407 1357 
2391 1459 1636 1461 
2392 1757 1869 1866 
2393 1123 3248 1172 
2394 975 2589 1883 
2395 1388 2698 1398 
2396 3048 3972 2796 
2397 2117 2381 2051 
2398 768 4022 2961 
2399 1145 1196 1195 
2400 1918 2117 2051 
2401 1890 2567 2559 
2402 1825 1920 1666 
2403 1312 2675 1313 
2404 1680 1891 1679 
2405 2026 2027 1894 
2406 1024 1038 1025 
2407 1277 1278 1275 
2408 2094 2727 2377 
2409 3020 3969 2426 
2410 1980 2768 2496 
2411 2570 3324 646 
2412 2435 2936 2935 
2413 1122 2201 1365 
2414 928 2716 926 
2415 2295 2296 1725 
2416 1431 1485 1429 
2417 1071 1072 1070 
2418 2583 2584 989 
2419 2016 2729 1961 
2420 959 3120 2899 
2421 1090 1091 1089 
2422 2054 2306 1892 
2423 3325 3840 2297 
2424 3537 3850 3536 
2425 2719 2724 2722 
2426 1048 1050 1022 
2427 1301 1303 1212 
2428 1132 1133 1131 
2429 1400 1401 1189 
2430 2726 4298 2717 
2431 1021 1048 1022 
2432 1247 3132 1245 
2433 1867 3453 2075 
2434 1418 1419 1416 
2435 2125 2126 1887 
2436 1090 1115 1091 
2437 429 2781 428 
2438 1414 1415 1412 
2439 991 1014 947 
2440 1345 1346 1344 
2441 3028 3842 2183 
2442 858 3940 2634 
2443 2155 2620 2083 
2444 1697 1904 1696 
2445 1393 2921 1392 
2446 1776 1777 1775 
2447 1829 2392 2391 
2448 1674 4132 1876 
2449 1730 1731 1540 
2450 1817 1903 1816 
2451 1798 1799 1797 
2452 1591 1692 1593 
2453 900 1098 902 
2454 2647 2888 2546 
2455 1948 2642 2641 
2456 1807 1808 1805 
2457 1535 2210 1288 
2458 1891 1892 1679 
2459 1488 1530 1486 
2460 3547 3678 2139 
2461 3713 3849 766 
2462 1682 2600 1496 
2463 2045 2145 2046 
2464 1006 2695 940 
2465 1021 1022 1013 
2466 2468 2522 2457 
2467 1445 1446 1266 
2468 2472 2480 2476 
2469 2315 2317 2314 
2470 2413 2683 2110 
2471 1995 2343 1996 
2472 2402 2406 2405 
2473 1721 2346 2039 
2474 2060 2061 2058 
2475 2398 3360 2949 
2476 1202 1909 1458 
2477 1010 2778 2495 
2478 1776 4006 2689 
2479 2786 3222 3087 
2480 1361 3872 1269 
2481 1329 3835 1326 
2482 3055 3978 778 
2483 2371 3391 2911 
2484 2269 3722 2271 
2485 2520 3404 3403 
2486 2027 2766 2029 
2487 1818 2893 1482 
2488 2010 4300 2168 
2489 1472 1512 1285 
2490 2002 4136 2899 
2491 1422 1450 1420 
2492 1029 1030 1028 
2493 2080 3850 3700 
2494 1038 2756 1039 
2495 2683 4304 827 
2496 741 3886 3265 
2497 1324 1325 1304 
2498 1438 1490 1439 
2499 1461 2820 1460 
2500 1527 1677 1528 
2501 1599 3871 1609 
2502 2619 4029 750 
2503 1665 1825 1666 
2504 849 3574 2644 
2505 1759 1760 1632 
2506 2609 2611 1756 
2507 2609 2801 2612 
2508 1680 1986 1891 
2509 2112 2422 2413 
2510 1959 2385 2383 
2511 2279 2579 2277 
2512 1357 3165 1356 
2513 2364 3715 2908 
2514 2440 4169 1608 
2515 3892 3893 2449 
2516 1364 1390 1363 
2517 3180 3505 2237 
2518 1593 4303 2428 
2519 1157 2990 2569 
2520 2428 3915 2429 
2521 2358 4070 2359 
2522 2131 2132 2062 
2523 2262 3743 3175 
2524 884 1473 886 
2525 1014 3178 2761 
2526 1661 2457 1445 
2527 634 3171 263 
2528 2190 3658 2189 
2529 1309 3352 1385 
2530 2437 3924 2438 
2531 1388 1398 1396 
2532 2469 2733 2731 
2533 1628 1629 1533 
2534 2904 3386 2923 
2535 1688 1828 1687 
2536 2104 2674 2102 
2537 1286 4061 1472 
2538 966 3622 2754 
2539 2572 2813 1877 
2540 3518 3706 2623 
2541 3411 3927 2124 
2542 1008 1013 1007 
2543 1812 2332 1943 
2544 1905 2645 1904 
2545 2888 2986 669 
2546 2042 3628 3627 
2547 1202 1203 1122 
2548 1880 1881 1546 
2549 2953 2954 2301 
2550 1188 1189 1103 
2551 1182 1186 1160 
2552 2741 3799 756 
2553 1886 1887 1852 
2554 992 1010 1001 
2555 1769 2410 2026 
2556 1163 1164 1144 
2557 1920 2837 2578 
2558 1284 1338 1282 
2559 2754 4269 966 
2560 2894 4079 2566 
2561 2493 2848 2012 
2562 3152 4317 2889 
2563 2216 3086 3084 
2564 2374 2910 2376 
2565 1939 1940 1938 
2566 1195 2549 1115 
2567 2672 3317 1796 
2568 1119 1120 1054 
2569 3086 3108 811 
2570 2833 3750 2361 
2571 2510 2638 2508 
2572 2647 2986 2888 
2573 2806 2821 2325 
2574 771 3253 3252 
2575 2334 2526 1974 
2576 1973 1974 1716 
2577 2369 3945 2370 
2578 2424 3677 2499 
2579 919 3240 905 
2580 2673 4216 2327 
2581 1130 1131 1129 
2582 1656 1696 1655 
2583 1140 1143 1139 
2584 2008 2009 1761 
2585 2895 4251 2900 
2586 1298 2312 1296 
2587 1907 1962 1905 
2588 1573 2228 2157 
2589 2705 3030 3029 
2590 2366 3635 2367 
2591 1135 1136 1128 
2592 1827 2010 1826 
2593 1602 4306 2437 
2594 1589 3379 2748 
2595 1135 3656 1141 
2596 2690 3865 805 
2597 1355 1577 1576 
2598 1650 1653 1424 
2599 1334 1477 1336 
2600 1477 1478 1336 
2601 2506 2512 2511 
2602 2344 3224 2818 
2603 1117 1177 1118 
2604 934 1019 932 
2605 2122 3663 3509 
2606 2659 2783 2384 
2607 2885 4160 1912 
2608 1095 1096 1035 
2609 3907 4316 2531 
2610 1213 1214 1167 
2611 2185 2302 2186 
2612 694 3968 3759 
2613 1928 1948 1947 
2614 1031 1044 1030 
2615 1474 4087 1453 
2616 2797 3136 666 
2617 2121 2640 2124 
2618 1296 2312 1492 
2619 1747 1820 1746 
2620 2398 3928 3360 
2621 3322 4300 2010 
2622 2384 3933 1539 
2623 689 2781 429 
2624 2044 2102 2101 
2625 2600 4107 1498 
2626 1004 1007 1003 
2627 1936 2341 2340 
2628 2264 2265 2203 
2629 1244 1245 1240 
2630 2952 2953 2301 
2631 646 3323 2570 
2632 1205 2580 1201 
2633 975 1883 973 
2634 1987 2860 1986 
2635 2638 2943 2508 
2636 1183 3205 1584 
2637 1373 1660 1623 
2638 1490 1572 1571 
2639 1011 1024 1012 
2640 686 3985 3018 
2641 423 2986 793 
2642 669 2986 424 
2643 1045 1051 1044 
2644 2394 2396 1807 
2645 2949 3128 2127 
2646 938 1020 936 
2647 2070 4156 1651 
2648 1832 4039 2804 
2649 1328 1329 1326 
2650 2731 2732 2468 
2651 2561 4121 3671 
2652 2625 2626 946 
2653 2762 2764 2763 
2654 1149 2563 1048 
2655 1615 4208 2401 
2656 1982 2077 2076 
2657 2502 2505 2504 
2658 1652 1772 1651 
2659 1679 4177 2379 
2660 836 3377 2674 
2661 1677 1767 1723 
2662 2249 4080 2251 
2663 2142 2163 2141 
2664 904 1033 906 
2665 2094 3516 2727 
2666 1678 2379 2320 
2667 2191 3109 1653 
2668 1658 1683 1512 
2669 1050 1119 1054 
2670 2515 3886 3281 
2671 2357 4240 1440 
2672 2012 2013 1762 
2673 2133 2782 2132 
2674 1116 1202 1122 
2675 2295 2900 2296 
2676 3180 3738 733 
2677 1020 4070 936 
2678 2586 3057 2157 
2679 1141 1142 1136 
2680 2910 3257 749 
2681 997 2913 2751 
2682 1624 1958 1957 
2683 4070 4165 2359 
2684 3520 3737 3191 
2685 2286 2810 2618 
2686 1756 1757 1755 
2687 823 4135 3997 
2688 3097 3098 761 
2689 1201 2580 1369 
2690 2630 2631 1825 
2691 2022 2842 2092 
2692 2711 3599 1896 
2693 2812 4002 2008 
2694 1313 1316 1315 
2695 2020 2298 1673 
2696 1304 2941 1303 
2697 1391 1466 1390 
2698 1151 1152 1142 
2699 1042 1101 1046 
2700 2771 3302 1154 
2701 1407 3926 1357 
2702 1039 1041 1040 
2703 1879 2839 871 
2704 1845 1846 1622 
2705 1333 3399 1334 
2706 2630 2632 2631 
2707 1489 3719 1408 
2708 2718 2719 1000 
2709 2238 2240 2239 
2710 830 4031 2821 
2711 3498 3659 667 
2712 3110 3639 853 
2713 3698 4250 2390 
2714 2690 2692 1984 
2715 1689 1690 1633 
2716 2438 2440 1607 
2717 1873 2758 2757 
2718 665 3582 2963 
2719 633 3989 3461 
2720 1654 1655 1510 
2721 2055 2955 2129 
2722 1859 1860 1653 
2723 1160 2703 1159 
2724 1715 1716 1714 
2725 2333 4205 1834 
2726 1258 1259 1152 
2727 886 3123 888 
2728 1348 4179 2369 
2729 2558 3228 784 
2730 2201 2202 1474 
2731 1403 1404 1179 
2732 2629 2938 2630 
2733 2248 3508 3123 
2734 2306 2307 1892 
2735 3293 3914 2683 
2736 1069 1073 1071 
2737 2640 3411 2124 
2738 2729 4090 675 
2739 1767 1934 1878 
2740 1773 1843 1772 
2741 2011 2170 2010 
2742 796 2989 431 
2743 430 2989 689 
2744 1459 1461 1460 
2745 2137 4181 3666 
2746 844 3115 221 
2747 2417 3905 3703 
2748 1023 2749 2583 
2749 2652 4275 2225 
2750 995 2583 989 
2751 1989 2889 2047 
2752 1492 4080 3712 
2753 1960 2309 1625 
2754 658 3626 2965 
2755 1612 3949 2792 
2756 1435 1438 1437 
2757 1844 2041 1843 
2758 2957 3690 1903 
2759 2309 4202 1626 
2760 1154 1155 1109 
2761 1879 2840 2839 
2762 1621 1622 1620 
2763 1885 1929 1683 
2764 3096 3097 761 
2765 1810 4205 2332 
2766 2616 3151 2615 
2767 1065 1066 1064 
2768 1001 1011 1002 
2769 1741 1742 1740 
2770 1444 1620 1190 
2771 2434 3102 2430 
2772 2572 2827 2813 
2773 1693 2327 2325 
2774 1256 1269 1268 
2775 2484 4019 2733 
2776 2848 3139 2012 
2777 1073 2897 1993 
2778 2180 2550 1860 
2779 1176 1199 1198 
2780 880 4093 2576 
2781 1740 4292 2427 
2782 1788 4125 1786 
2783 2978 4186 2584 
2784 2965 4261 658 
2785 1086 1087 1085 
2786 2429 2430 1600 
2787 2054 2308 2306 
2788 2139 3652 3547 
2789 842 4206 2671 
2790 2738 3679 2634 
2791 1659 3084 2390 
2792 1703 1855 1854 
2793 2959 3838 2594 
2794 3014 3308 2375 
2795 2676 2678 2125 
2796 1675 1676 1427 
2797 2016 4102 2536 
2798 3446 3498 589 
2799 1039 2756 1042 
2800 1057 1058 1027 
2801 2992 3654 2255 
2802 880 1640 882 
2803 2180 2896 2550 
2804 1732 1874 1873 
2805 2837 3304 2578 
2806 1491 1983 1837 
2807 1897 1932 1931 
2808 1021 1049 1048 
2809 2162 2704 1976 
2810 2566 4079 1871 
2811 2187 2345 1898 
2812 2417 3703 2418 
2813 2795 2796 2793 
2814 2761 3744 2762 
2815 2879 4107 2602 
2816 1748 1994 1462 
2817 1660 1727 1726 
2818 1934 1936 1935 
2819 1184 1185 1097 
2820 1572 1955 1954 
2821 1653 3109 1424 
2822 1092 2651 2650 
2823 2095 2518 1746 
2824 1529 1889 1888 
2825 2449 3264 1992 
2826 896 2802 1174 
2827 1155 3433 1213 
2828 3291 3717 2303 
2829 1139 3369 1170 
2830 2543 4245 3227 
2831 1248 1250 1249 
2832 1967 2192 1968 
2833 1484 1679 1678 
2834 1019 2725 932 
2835 1168 1169 1096 
2836 2505 2508 2507 
2837 1086 1090 1089 
2838 909 3667 907 
2839 1317 1320 1319 
2840 993 1005 988 
2841 2244 2560 2242 
2842 2671 4206 2643 
2843 3582 3880 2963 
2844 2929 4083 1108 
2845 2812 3111 709 
2846 2052 2970 2021 
2847 1116 1121 1091 
2848 2622 2878 2623 
2849 1820 2669 2183 
2850 2891 3912 1220 
2851 3790 3791 2282 
2852 2032 2551 2033 
2853 1210 2657 1373 
2854 2896 3653 2550 
2855 2726 4121 3665 
2856 2512 2515 2513 
2857 2541 4291 2543 
2858 2570 3323 821 
2859 3361 3651 2240 
2860 3536 3877 3538 
2861 1047 1156 1043 
2862 3102 3871 1599 
2863 1557 4213 2284 
2864 2121 2124 1929 
2865 2346 4198 2347 
2866 979 1016 977 
2867 2071 3687 2980 
2868 2324 2853 1526 
2869 2667 3246 812 
2870 1400 3428 1519 
2871 2064 2303 2065 
2872 1669 1670 1454 
2873 2853 2854 2275 
2874 3041 3978 2732 
2875 3153 3283 2004 
2876 2917 3830 2321 
2877 1936 2340 1937 
2878 1536 1537 1404 
2879 1090 1145 1115 
2880 1612 1613 1611 
2881 3660 3845 678 
2882 1920 2578 2024 
2883 2166 2167 1882 
2884 1106 1107 1100 
2885 2854 2973 2972 
2886 2536 4102 1533 
2887 2778 4004 1771 
2888 1208 1210 1209 
2889 2182 3842 3031 
2890 1056 1059 1052 
2891 2363 2908 2366 
2892 1668 2016 1961 
2893 1353 3947 2760 
2894 1275 2734 1273 
2895 2263 4323 3757 
2896 2514 3886 2512 
2897 1183 1583 1053 
2898 2626 2864 2863 
2899 2351 2808 1940 
2900 2732 4066 3041 
2901 1673 1674 1537 
2902 844 3861 3115 
2903 992 1001 993 
2904 1876 1898 1706 
2905 1365 1366 1121 
2906 1890 2171 1655 
2907 2970 3223 2021 
2908 2106 2902 2104 
2909 1047 4137 1156 
2910 1246 1248 1247 
2911 1757 4147 1869 
2912 2031 3393 3390 
2913 3281 4244 2515 
2914 1050 1053 1022 
2915 2817 2818 1987 
2916 2944 3533 1360 
2917 2369 4179 3945 
2918 1590 1591 1587 
2919 1362 3519 3164 
2920 1852 2901 1853 
2921 1727 2056 2055 
2922 2094 2377 1707 
2923 1584 1585 1583 
2924 1207 3551 3462 
2925 2431 3206 2432 
2926 2377 4238 1708 
2927 2585 3948 2976 
2928 1447 3935 2818 
2929 2398 2949 2127 
2930 1308 1309 1263 
2931 1093 1094 1088 
2932 1069 1071 1070 
2933 1046 1117 1047 
2934 1257 1574 1475 
2935 1008 1021 1013 
2936 2737 4012 3027 
2937 3351 4094 2027 
2938 2206 3925 3314 
2939 1582 3305 3045 
2940 1941 2351 1940 
2941 1607 1608 1606 
2942 1938 3043 2166 
2943 2472 4330 2480 
2944 1785 4052 1751 
2945 3393 3504 3390 
2946 1822 4223 2267 
2947 3627 3628 2088 
2948 1306 1307 1169 
2949 2985 3763 2984 
2950 1026 4045 2815 
2951 1919 2073 2072 
2952 2069 3354 2222 
2953 1625 1626 1481 
2954 2387 4285 2386 
2955 3575 3669 2163 
2956 2469 4263 2484 
2957 1920 4152 2837 
2958 2433 3497 2975 
2959 2718 3195 2719 
2960 2674 3199 2102 
2961 1138 3303 1133 
2962 2076 3096 2525 
2963 2988 3969 657 
2964 2674 3377 640 
2965 2601 3308 3230 
2966 1729 3958 1561 
2967 2137 3666 2140 
2968 2926 2928 2927 
2969 2659 4055 3609 
2970 2155 2882 2620 
2971 1287 1288 1286 
2972 1132 1134 1133 
2973 1453 1454 1366 
2974 1639 1865 1864 
2975 1765 2617 1553 
2976 1743 4326 1742 
2977 2384 4279 2383 
2978 3084 3085 2390 
2979 2921 3919 1392 
2980 2528 3855 2527 
2981 1114 1158 1157 
2982 1889 2083 2082 
2983 977 2589 975 
2984 2168 2701 1826 
2985 2898 3034 752 
2986 3113 3571 1375 
2987 1840 2858 2791 
2988 2770 3928 2399 
2989 3182 3974 2356 
2990 3366 3643 2565 
2991 2083 3162 2082 
2992 1369 2859 1199 
2993 3376 3690 2957 
2994 2540 2932 2539 
2995 1566 4232 2287 
2996 1764 1901 1900 
2997 2915 4112 1038 
2998 2331 3916 949 
2999 3264 3894 3475 
3000 2705 3345 2706 
3001 1814 1815 1676 
3002 2146 2150 2148 
3003 800 4301 2739 
3004 1539 3933 2483 
3005 656 4203 2663 
3006 2332 4067 2743 
3007 2200 2920 1136 
3008 2039 3506 2436 
3009 2476 2741 2477 
3010 2626 3229 2864 
3011 1334 1335 1120 
3012 2739 3754 800 
3013 1764 2540 2539 
3014 1385 1386 1311 
3015 1381 1508 1507 
3016 936 2834 934 
3017 908 999 910 
3018 2749 3948 2585 
3019 1508 2673 1693 
3020 1573 2156 2093 
3021 750 3758 2619 
3022 2758 2759 2757 
3023 1586 1587 1585 
3024 1084 1086 1085 
3025 1194 1381 1376 
3026 2251 4080 2253 
3027 2873 2874 2050 
3028 1574 1639 1638 
3029 3109 3987 1261 
3030 2224 3301 1077 
3031 1835 1836 1516 
3032 1930 2948 2789 
3033 2336 4174 3580 
3034 4062 4075 2267 
3035 2263 3226 3059 
3036 2581 2582 2579 
3037 2508 2943 2507 
3038 1717 1761 1589 
3039 1730 1732 1731 
3040 3930 4022 768 
3041 1372 1429 1428 
3042 3859 4242 3501 
3043 1218 2829 1345 
3044 1359 1408 1407 
3045 2127 2128 1815 
3046 3736 4235 1443 
3047 3234 3331 1358 
3048 3382 3888 2161 
3049 1694 1722 1549 
3050 2860 2861 755 
3051 2809 2810 2286 
3052 2187 2956 2345 
3053 2129 2838 2535 
3054 2418 2419 2416 
3055 2510 2639 2638 
3056 2423 2939 1102 
3057 2029 2766 2765 
3058 2779 3631 2638 
3059 2430 3102 1600 
3060 1637 1662 1461 
3061 2427 3181 1979 
3062 1998 4097 2000 
3063 2466 2470 2467 
3064 2378 4238 2377 
3065 2743 4067 782 
3066 2458 2460 2459 
3067 1023 2583 995 
3068 3202 3291 2303 
3069 1165 1194 1193 
3070 1779 1999 1998 
3071 3113 3267 2590 
3072 2601 3230 3090 
3073 2460 2462 2461 
3074 994 2984 2670 
3075 2505 3137 2509 
3076 2188 2521 1816 
3077 2208 4267 2633 
3078 2866 2868 941 
3079 1345 4314 1346 
3080 2025 3702 3550 
3081 1123 1124 1058 
3082 2158 3647 3082 
3083 2802 2803 1174 
3084 3867 3930 768 
3085 2523 3262 2474 
3086 669 2987 2888 
3087 1438 2196 1724 
3088 1503 1504 1502 
3089 2134 3874 2940 
3090 1498 4107 2624 
3091 1640 2576 2575 
3092 2279 2581 2579 
3093 1983 2040 1984 
3094 2546 2548 2547 
3095 964 1127 1126 
3096 2591 3113 2590 
3097 1934 3091 1936 
3098 725 3561 2842 
3099 2462 2464 2463 
3100 2657 4032 1660 
3101 1261 3987 1308 
3102 1042 1043 1041 
3103 3417 3755 3570 
3104 1548 1551 1550 
3105 1104 3943 2707 
3106 2709 3188 1450 
3107 2444 2445 2442 
3108 1012 1026 1002 
3109 1355 2760 1581 
3110 1126 2920 2826 
3111 2633 4267 3033 
3112 2310 4202 2309 
3113 871 2839 870 
3114 2470 2472 2471 
3115 1963 2456 2455 
3116 1187 1357 1356 
3117 1042 1046 1043 
3118 2071 2980 2554 
3119 1799 4134 1806 
3120 996 1003 995 
3121 2005 3326 2811 
3122 2756 4112 3395 
3123 2880 4198 2346 
3124 1451 4148 1728 
3125 2762 2763 951 
3126 2705 2706 2049 
3127 2980 3687 3259 
3128 1833 3133 1676 
3129 1612 4169 2441 
3130 675 3277 2729 
3131 1277 1279 1278 
3132 2639 2779 2638 
3133 2086 2087 1914 
3134 1520 1573 1521 
3135 2079 4096 3379 
3136 926 1000 924 
3137 1290 2843 1535 
3138 1676 3133 1427 
3139 2502 3137 2505 
3140 1686 1721 1720 
3141 3084 3086 3085 
3142 1414 1416 1415 
3143 1122 3983 2201 
3144 940 2695 938 
3145 1857 4056 1525 
3146 1721 1953 1952 
3147 2633 4091 667 
3148 2798 2799 2797 
3149 951 2763 952 
3150 2805 3549 1049 
3151 2925 2929 2926 
3152 1547 2658 1059 
3153 2081 2784 2386 
3154 1279 1282 1281 
3155 2 769 409 
3156 205 768 517 
3157 3115 3861 2538 
3158 2904 2923 2922 
3159 2431 2432 2430 
3160 1910 2952 2301 
3161 2088 3130 1583 
3162 2899 4136 2913 
3163 1301 1304 1303 
3164 3162 3275 828 
3165 1431 1486 1485 
3166 3158 3283 3153 
3167 3385 4271 2085 
3168 3395 4112 2037 
3169 1480 1481 1479 
3170 2908 3715 685 
3171 1551 1701 1700 
3172 2599 3046 1033 
3173 1913 1914 1722 
3174 2983 3135 1055 
3175 1583 3130 1053 
3176 2666 3989 2665 
3177 1342 1479 1148 
3178 3980 4151 1292 
3179 3279 4330 2472 
3180 2685 3587 626 
3181 1136 2920 1128 
3182 1072 1080 1079 
3183 2187 3840 2956 
3184 2641 2693 1949 
3185 934 2834 1019 
3186 1249 3636 1254 
3187 1980 2496 1687 
3188 1001 1002 993 
3189 1541 1589 1335 
3190 1080 2652 1092 
3191 1707 1708 1580 
3192 1418 1420 1419 
3193 1630 1645 1644 
3194 1509 3947 1353 
3195 2577 4327 2777 
3196 2973 3396 721 
3197 1244 1246 1245 
3198 3055 3262 2523 
3199 2939 3211 1774 
3200 1953 2015 2014 
3201 876 1942 878 
3202 147 3174 631 
3203 1368 1484 1483 
3204 2484 3933 2783 
3205 2022 2092 2023 
3206 3769 4132 2298 
3207 972 2846 986 
3208 2092 2528 2527 
3209 841 3796 3418 
3210 2238 2239 2009 
3211 2499 2500 1999 
3212 1488 1531 1530 
3213 2664 4337 1664 
3214 1172 1173 1124 
3215 1292 4151 2843 
3216 1080 1082 1081 
3217 1377 3546 1214 
3218 771 3254 3253 
3219 2573 3288 1473 
3220 2073 3740 2072 
3221 943 1006 940 
3222 1082 1084 1083 
3223 1524 1525 1504 
3224 1820 2183 2182 
3225 2464 2466 2465 
3226 2153 2415 2152 
3227 2621 4047 3320 
3228 1459 1460 1203 
3229 1473 3901 886 
3230 2029 2069 2030 
3231 1450 3188 1420 
3232 2060 2062 2061 
3233 1342 4311 1480 
3234 2197 2876 2685 
3235 1163 1165 1164 
3236 2472 2476 2473 
3237 2847 4220 2529 
3238 701 4220 2847 
3239 941 3099 2866 
3240 3207 4072 2059 
3241 1965 2767 1426 
3242 1067 1112 1111 
3243 3118 3463 2582 
3244 2997 4241 2339 
3245 2215 2229 2214 
3246 1131 3782 1129 
3247 2677 3339 692 
3248 848 3700 3537 
3249 2122 2684 1838 
3250 2831 3425 839 
3251 2926 2960 2928 
3252 3467 3894 2449 
3253 2521 4053 3385 
3254 2887 3904 867 
3255 1220 3912 1470 
3256 2714 3050 2715 
3257 2016 2730 2729 
3258 3370 4077 2955 
3259 1182 1187 1186 
3260 1041 4339 2537 
3261 2713 4237 2966 
3262 1289 1290 1288 
3263 1628 1630 1629 
3264 1159 3943 1104 
3265 3181 3795 1979 
3266 708 3951 2932 
3267 2038 2901 1645 
3268 1074 4239 1071 
3269 2213 3108 2216 
3270 1265 1619 1517 
3271 2093 3106 2160 
3272 2332 4205 2333 
3273 1736 1738 1737 
3274 2371 4179 1465 
3275 872 3868 864 
3276 3538 3877 2387 
3277 2581 3118 2582 
3278 1014 2761 947 
3279 3156 4240 4003 
3280 1907 1963 1962 
3281 2800 3048 2796 
3282 1534 2414 1367 
3283 3264 3475 720 
3284 1046 1047 1043 
3285 3085 3171 634 
3286 1268 4063 1252 
3287 2314 3114 2538 
3288 1238 1241 1237 
3289 1680 2817 1987 
3290 3153 3154 728 
3291 2192 2194 2193 
3292 1361 3592 3435 
3293 3321 3736 2696 
3294 2816 3827 1965 
3295 1777 1779 1778 
3296 2747 2919 2918 
3297 1325 2941 1304 
3298 1501 1502 1467 
3299 3332 3362 2773 
3300 1046 3210 1117 
3301 1087 1088 1085 
3302 2045 2046 1836 
3303 2250 2305 2233 
3304 1518 1908 1838 
3305 1273 3592 1271 
3306 2648 3227 2741 
3307 1384 1649 1648 
3308 2050 2948 1930 
3309 1392 3919 1543 
3310 1995 1996 1994 
3311 1515 2268 1338 
3312 967 2857 965 
3313 1948 1949 1947 
3314 2040 2691 2690 
3315 2857 4218 965 
3316 2131 2133 2132 
3317 1541 2628 1795 
3318 2106 2903 2902 
3319 2762 3045 2764 
3320 1324 1326 1325 
3321 2840 2887 2839 
3322 969 4057 1018 
3323 1909 3740 1910 
3324 2364 4334 2558 
3325 1520 4246 2228 
3326 1039 1042 1041 
3327 2694 3700 3476 
3328 1398 1399 1396 
3329 1212 2657 1210 
3330 2202 2205 2204 
3331 2823 3394 1098 
3332 1209 4188 1205 
3333 2225 4275 2828 
3334 2171 4149 1510 
3335 2400 3927 3411 
3336 3671 4121 1019 
3337 1038 1039 1025 
3338 2533 3932 1718 
3339 1312 1313 1173 
3340 2165 3157 1716 
3341 2281 3704 2282 
3342 1420 3188 1419 
3343 1704 2142 2141 
3344 1459 4038 1636 
3345 1477 3399 1664 
3346 2480 3799 2476 
3347 2799 3136 2797 
3348 1052 4192 1051 
3349 2961 4236 768 
3350 2211 3489 2210 
3351 3232 3233 3054 
3352 598 3192 597 
3353 1698 1699 1525 
3354 3164 3280 2220 
3355 518 777 405 
3356 410 778 202 
3357 2842 3561 2092 
3358 1834 4205 1810 
3359 1579 1580 1578 
3360 2286 2618 2617 
3361 2688 3149 1895 
3362 2229 2971 2214 
3363 3539 4069 706 
3364 3254 4069 3539 
3365 2996 3828 2874 
3366 3910 4034 892 
3367 1665 1666 1478 
3368 1904 2645 2644 
3369 2426 4326 3127 
3370 1889 3165 2154 
3371 2141 3849 2877 
3372 1621 4340 1845 
3373 3644 3998 2727 
3374 1618 4208 1615 
3375 626 3584 2685 
3376 1529 3165 1889 
3377 1058 3178 1027 
3378 1738 4284 2540 
3379 1192 1368 1367 
3380 2516 3272 2882 
3381 1663 4323 1964 
3382 1646 1647 1380 
3383 2914 3646 703 
3384 1011 1012 1002 
3385 2846 3054 986 
3386 2024 3876 2628 
3387 2829 2830 1893 
3388 2675 3708 1316 
3389 1808 1810 1809 
3390 2243 2244 2242 
3391 1434 1435 1399 
3392 3205 4096 2079 
3393 2333 2999 2998 
3394 1442 2891 1221 
3395 2935 2965 2934 
3396 1428 4214 1298 
3397 2729 3051 1961 
3398 2320 2738 2634 
3399 2886 2906 2905 
3400 1178 1190 1118 
3401 2247 2290 2246 
3402 1284 1513 1338 
3403 874 2787 876 
3404 992 993 988 
3405 2022 3223 2842 
3406 1964 4323 2263 
3407 968 969 967 
3408 1776 4202 2310 
3409 1725 4026 1502 
3410 2245 2246 2244 
3411 1192 1447 1368 
3412 2836 3588 1156 
3413 3324 3642 646 
3414 1806 4122 1801 
3415 932 2725 929 
3416 1449 1540 1539 
3417 1394 2964 2549 
3418 1619 1688 1687 
3419 1178 1192 1191 
3420 2864 2872 2865 
3421 1110 3094 3093 
3422 2794 2798 2797 
3423 1681 2209 1475 
3424 2339 3963 2997 
3425 890 3910 892 
3426 1812 1930 1813 
3427 2902 3338 836 
3428 2725 4121 2726 
3429 1976 2049 2048 
3430 2919 3011 3009 
3431 1691 1740 1690 
3432 718 4066 2731 
3433 1405 3789 3363 
3434 2767 4173 2349 
3435 2908 2967 2366 
3436 1769 1894 1893 
3437 3032 3964 3783 
3438 3609 3695 2659 
3439 2478 3971 3077 
3440 2856 3634 2672 
3441 2919 3950 2918 
3442 655 3313 3091 
3443 1608 4169 1612 
3444 1582 3178 1058 
3445 1780 2536 1629 
3446 1285 4178 1097 
3447 2213 3548 3108 
3448 1787 1788 1786 
3449 2313 4340 1621 
3450 3580 4228 2336 
3451 729 4242 3859 
3452 2634 3940 2322 
3453 998 3458 3087 
3454 944 991 947 
3455 2706 2747 2746 
3456 1467 2614 1466 
3457 1291 1292 1290 
3458 1024 1025 1012 
3459 1554 1555 1553 
3460 2524 3642 3324 
3461 1105 1160 1159 
3462 2610 4315 2608 
3463 1750 1751 1699 
3464 1216 4307 2830 
3465 3239 3242 3241 
3466 2865 2871 2867 
3467 2439 4306 1609 
3468 2061 2667 2666 
3469 990 995 989 
3470 1078 1105 1104 
3471 1117 1118 1047 
3472 965 998 962 
3473 2183 3842 2182 
3474 2047 3176 1988 
3475 833 3362 3332 
3476 1426 2767 2349 
3477 2832 3173 2351 
3478 1496 1498 1497 
3479 3931 3932 3201 
3480 2032 2033 1662 
3481 1177 1178 1118 
3482 109 3254 771 
3483 2343 2344 1996 
3484 1498 1500 1499 
3485 1513 1545 1514 
3486 1180 1965 1426 
3487 1992 4332 2831 
3488 2590 3267 2592 
3489 2301 3152 2300 
3490 1829 2391 1530 
3491 3665 4121 2561 
3492 2241 3159 2299 
3493 1236 1237 1235 
3494 2308 2961 2306 
3495 2854 2972 2275 
3496 2368 4334 2362 
3497 1205 4188 2580 
3498 1413 3348 3053 
3499 1252 2944 1250 
3500 3469 4015 2169 
3501 2864 2865 2863 
3502 2265 3837 3822 
3503 1267 1449 1448 
3504 1264 4065 2660 
3505 1000 2721 924 
3506 1978 3235 2064 
3507 2145 2146 2046 
3508 1927 1928 1823 
3509 1597 3102 1599 
3510 2261 4323 1663 
3511 3841 3851 3456 
3512 2291 2292 2290 
3513 1661 4263 2469 
3514 682 3262 3055 
3515 1527 1528 1337 
3516 2161 3792 3382 
3517 2362 4334 2364 
3518 3710 4247 770 
3519 2383 4279 1540 
3520 1015 1029 1028 
3521 1033 2562 906 
3522 2327 3122 2806 
3523 2837 3986 3304 
3524 1494 1496 1495 
3525 2928 2930 2927 
3526 2230 2231 2229 
3527 1222 1223 1221 
3528 1017 2857 967 
3529 2354 2355 2353 
3530 1564 1566 1563 
3531 1035 2712 1017 
3532 927 928 926 
3533 3282 3997 3903 
3534 1328 1330 1329 
3535 2133 3160 2782 
3536 916 2922 913 
3537 2068 3804 3527 
3538 1556 1557 1555 
3539 2241 3676 3159 
3540 1562 1563 1561 
3541 2085 3957 3385 
3542 659 3998 3644 
3543 1697 1905 1904 
3544 2142 2164 2163 
3545 1920 2024 1666 
3546 2851 2852 2324 
3547 2127 3128 2128 
3548 1716 3157 1714 
3549 1009 2805 1008 
3550 1567 1568 1566 
3551 3371 3411 2640 
3552 2117 3862 2381 
3553 1680 1987 1986 
3554 2408 3845 3660 
3555 1822 1823 1647 
3556 1298 4214 2312 
3557 3838 4170 1389 
3558 3699 3913 2728 
3559 2069 2222 2221 
3560 1065 1067 1066 
3561 2880 3976 796 
3562 1986 2860 2616 
3563 2146 3511 2150 
3564 2594 3838 2591 
3565 3559 3636 1360 
3566 1948 2643 2642 
3567 3358 3988 636 
3568 1569 1570 1568 
3569 2825 2920 2200 
3570 1336 4184 2628 
3571 2012 3139 2013 
3572 944 2881 991 
3573 3710 3760 3709 
3574 1641 2315 2314 
3575 2419 3142 2416 
3576 397 3143 671 
3577 2848 3567 3139 
3578 2790 3494 1450 
3579 654 3356 3128 
3580 2270 3733 2562 
3581 3267 3595 2592 
3582 1558 1559 1557 
3583 2569 4319 1111 
3584 3068 4000 758 
3585 3003 4254 2395 
3586 2911 3257 2910 
3587 1316 1317 1315 
3588 1476 3172 2918 
3589 1686 4313 2346 
3590 1552 2921 1393 
3591 2181 3885 1023 
3592 1560 1561 1559 
3593 1752 1753 1751 
3594 2925 2926 2924 
3595 1881 1939 1938 
3596 1789 1790 1788 
3597 1252 4063 2944 
3598 3292 3309 2646 
3599 1500 1734 1733 
3600 1901 1976 1975 
3601 1866 3212 2669 
3602 2128 3128 3122 
3603 1708 4238 1824 
3604 1649 1817 1816 
3605 1967 3141 2192 
3606 662 3463 3118 
3607 1999 3638 1998 
3608 2678 3801 2125 
3609 1506 3331 3195 
3610 780 3621 3009 
3611 1259 3109 1261 
3612 2916 3774 714 
3613 765 3680 2769 
3614 2568 3148 2497 
3615 2607 4110 3098 
3616 1340 2950 1406 
3617 1224 1225 1223 
3618 2998 4067 2333 
3619 1140 1144 1143 
3620 1004 1008 1007 
3621 2681 3976 1977 
3622 1738 1764 1739 
3623 1348 1350 1349 
3624 1190 2588 1118 
3625 2620 3162 2083 
3626 2592 3595 2596 
3627 3403 3404 2691 
3628 2851 3343 642 
3629 1944 2894 2847 
3630 1226 1227 1225 
3631 1505 1827 1826 
3632 1273 3917 3592 
3633 2593 2594 2591 
3634 1069 2897 1073 
3635 1228 1229 1227 
3636 3237 3250 1657 
3637 1959 2383 1731 
3638 2686 3179 2237 
3639 2432 2435 2434 
3640 2553 3220 1077 
3641 1845 4210 2772 
3642 1577 1578 1576 
3643 999 3117 910 
3644 1626 4202 1776 
3645 1123 3792 3248 
3646 1791 1792 1790 
3647 3657 4197 1253 
3648 1230 1231 1229 
3649 1609 4306 1602 
3650 3160 3161 2782 
3651 3077 3971 3074 
3652 1330 1364 1363 
3653 2479 3938 2485 
3654 1432 1433 1393 
3655 1745 1746 1743 
3656 1294 3980 1292 
3657 913 2922 915 
3658 2881 3287 991 
3659 2049 2745 2048 
3660 958 2905 964 
3661 2506 2511 2503 
3662 2849 3560 1268 
3663 2607 3098 3097 
3664 2232 2233 2231 
3665 1056 1060 1059 
3666 2854 3568 2973 
3667 2416 3142 2415 
3668 664 3411 3371 
3669 2244 3841 2560 
3670 1801 1803 1802 
3671 2834 3671 1019 
3672 1038 4112 2756 
3673 2021 3223 2022 
3674 2385 4055 2659 
3675 2386 4285 1701 
3676 964 1126 957 
3677 1793 1794 1792 
3678 3361 4002 709 
3679 2315 2318 2317 
3680 2605 3924 2439 
3681 1019 4121 2725 
3682 1346 1348 1347 
3683 2118 2119 2117 
3684 3194 3799 2480 
3685 1545 1880 1546 
3686 1186 4341 2703 
3687 891 3402 889 
3688 2811 4176 1770 
3689 2217 2218 1926 
3690 1656 1697 1696 
3691 2129 2535 1726 
3692 1438 1439 1437 
3693 1130 1132 1131 
3694 2293 2914 2292 
3695 1921 1922 1794 
3696 1293 1294 1292 
3697 2804 3499 1101 
3698 3202 3235 743 
3699 1774 3327 2939 
3700 1039 1040 1025 
3701 1747 2669 1820 
3702 3665 4298 2726 
3703 1624 3817 1978 
3704 2432 4139 2936 
3705 1022 3130 1013 
3706 1925 1926 1924 
3707 1923 1924 1922 
3708 2150 2832 2148 
3709 2846 3232 3054 
3710 868 3168 2827 
3711 3562 4080 2312 
3712 2784 3641 767 
3713 2249 2250 2233 
3714 2804 3395 1832 
3715 2102 3199 2101 
3716 2994 3626 658 
3717 1669 2266 1872 
3718 2627 3290 1980 
3719 3636 4082 1254 
3720 2064 2065 1958 
3721 3134 3979 1657 
3722 2356 4196 3182 
3723 3080 3176 2047 
3724 966 967 965 
3725 870 2839 867 
3726 2433 4303 1692 
3727 1333 3543 3399 
3728 2578 2942 2024 
3729 1127 1130 1129 
3730 2489 3811 3355 
3731 1425 1652 1651 
3732 2914 3852 3646 
3733 1624 1957 1374 
3734 1265 3210 1619 
3735 2411 3498 3446 
3736 1101 3994 1046 
3737 1350 1456 1455 
3738 2969 2974 673 
3739 2206 3314 2204 
3740 1762 4089 1390 
3741 2483 3933 2484 
3742 1965 3827 2767 
3743 3027 3854 2737 
3744 2804 4180 3499 
3745 2842 3748 725 
3746 2203 3822 1474 
3747 1188 2707 1402 
3748 2289 3762 2288 
3749 1993 3247 1075 
3750 1466 2614 1819 
3751 1110 3093 1040 
3752 2017 4037 2707 
3753 1115 4185 1116 
3754 2918 3172 2746 
3755 2595 2958 2594 
3756 2034 3913 3699 
3757 1084 1085 1083 
3758 2318 3110 2317 
3759 987 992 988 
3760 806 3941 3141 
3761 2142 3812 3756 
3762 2941 4072 1303 
3763 2956 2957 2345 
3764 2845 2846 971 
3765 2047 3083 3080 
3766 3736 4293 4003 
3767 2604 3906 2444 
3768 2152 3245 2067 
3769 4210 4340 2316 
3770 2606 3717 2607 
3771 3147 4287 712 
3772 3315 4064 2662 
3773 2103 2104 2102 
3774 1320 2850 1319 
3775 2109 2110 2108 
3776 2111 2112 2110 
3777 961 997 963 
3778 1008 2805 1021 
3779 1365 2201 1474 
3780 1457 2947 996 
3781 2995 3828 2996 
3782 4145 4162 2730 
3783 2916 2917 2321 
3784 1490 1571 1439 
3785 2916 3940 3774 
3786 2107 2108 2106 
3787 2113 2114 2112 
3788 2703 3684 1159 
3789 1682 3308 2601 
3790 408 870 867 
3791 3037 4076 2264 
3792 1965 4192 2658 
3793 888 3123 1382 
3794 2850 3514 2950 
3795 2081 2386 1854 
3796 1029 1031 1030 
3797 1462 2742 1177 
3798 2802 3923 2007 
3799 947 2761 948 
3800 999 3733 3095 
3801 1234 1235 1232 
3802 2105 2106 2104 
3803 2714 2715 2655 
3804 2115 2189 2114 
3805 2932 3952 708 
3806 1484 1680 1679 
3807 1214 1216 1215 
3808 3169 3391 2371 
3809 3044 4046 3662 
3810 1179 4086 1044 
3811 1036 1184 1097 
3812 3427 3730 757 
3813 1510 4149 1782 
3814 3223 3748 2842 
3815 3355 3811 3432 
3816 2347 3506 2039 
3817 3649 3729 746 
3818 826 3829 3813 
3819 2729 3277 3051 
3820 693 3648 3159 
3821 2520 3403 1515 
3822 2350 3711 2348 
3823 1677 1723 1528 
3824 1216 1218 1217 
3825 1355 1576 1171 
3826 2892 4105 1991 
3827 1760 1769 1768 
3828 1364 1391 1390 
3829 2614 3268 1819 
3830 1799 1801 1800 
3831 1613 1615 1614 
3832 1895 3149 2679 
3833 1741 1743 1742 
3834 1046 3994 3210 
3835 954 2826 953 
3836 1465 4179 1348 
3837 2922 2923 915 
3838 906 2562 908 
3839 1250 2944 1360 
3840 1031 1045 1044 
3841 1967 1968 1955 
3842 2446 3711 3145 
3843 1045 1052 1051 
3844 1125 3792 1123 
3845 2641 3147 2693 
3846 3154 3889 3805 
3847 1218 1344 1343 
3848 2470 3279 2472 
3849 2519 3650 2552 
3850 2116 3533 2944 
3851 2808 3696 625 
3852 1378 1689 1633 
3853 2661 3330 2337 
3854 748 3266 2936 
3855 1871 4079 1865 
3856 1654 1656 1655 
3857 3046 3186 3047 
3858 933 934 932 
3859 2565 2566 1931 
3860 3094 3787 3093 
3861 1068 2922 916 
3862 2954 3152 2301 
3863 3500 3828 2627 
3864 2769 4286 765 
3865 2559 4247 3710 
3866 1073 1993 1075 
3867 696 3518 2878 
3868 3093 3787 1916 
3869 2773 3362 2019 
3870 2426 3969 2425 
3871 2782 3557 627 
3872 2718 3809 3195 
3873 2027 4094 2766 
3874 3570 3755 1993 
3875 782 4067 2998 
3876 1692 4303 1593 
3877 1810 1812 1811 
3878 1882 4104 1546 
3879 2251 2252 2250 
3880 1281 4021 1491 
3881 2943 3052 2507 
3882 3388 4153 2186 
3883 2806 3122 2822 
3884 1295 1296 1294 
3885 2873 4113 695 
3886 1129 4051 1135 
3887 1134 1140 1139 
3888 2512 2513 2511 
3889 1235 3407 1232 
3890 2560 3676 2242 
3891 1309 4073 3352 
3892 3524 4035 1957 
3893 2876 3126 2685 
3894 3084 3489 2216 
3895 996 1004 1003 
3896 2258 3753 3705 
3897 998 3087 2886 
3898 996 2947 1004 
3899 1203 3983 1122 
3900 2163 3954 3575 
3901 2433 2975 2969 
3902 1354 1654 1510 
3903 2176 4248 2174 
3904 935 936 934 
3905 2893 4071 1482 
3906 1539 4279 2384 
3907 933 2862 935 
3908 3928 4289 2399 
3909 2064 3235 3202 
3910 1827 2011 2010 
3911 3118 3347 662 
3912 3245 3486 2067 
3913 1406 2811 1770 
3914 1155 1167 1166 
3915 1617 1797 1796 
3916 1307 3133 2172 
3917 1111 4319 1257 
3918 1939 1941 1940 
3919 1767 1878 1723 
3920 1833 3979 3134 
3921 1361 3435 2912 
3922 2004 3283 2424 
3923 974 975 973 
3924 2983 3761 2870 
3925 2076 3097 3096 
3926 3757 4323 2261 
3927 1803 1805 1804 
3928 2458 2459 1446 
3929 2086 3204 2087 
3930 1306 2892 1451 
3931 2148 2832 2713 
3932 2443 2605 2604 
3933 1055 3398 2983 
3934 979 4320 2593 
3935 2622 2879 2878 
3936 1133 3902 1137 
3937 998 2886 962 
3938 447 869 446 
3939 555 868 554 
3940 921 1147 925 
3941 2867 2869 2868 
3942 2441 4146 2798 
3943 2798 3949 2441 
3944 2774 3145 2350 
3945 1652 1773 1772 
3946 1185 1287 1286 
3947 2961 4022 2306 
3948 2862 3099 935 
3949 1320 3144 2850 
3950 1846 1848 1847 
3951 3256 3899 2075 
3952 2963 3289 665 
3953 2484 4263 2483 
3954 960 2905 958 
3955 1126 2826 957 
3956 1626 1775 1774 
3957 1970 3364 1331 
3958 2628 4184 2024 
3959 2437 4306 2439 
3960 2343 3183 2344 
3961 2339 4241 2338 
3962 1862 4213 1557 
3963 1572 1954 1571 
3964 2781 3182 428 
3965 2425 3969 2988 
3966 3087 3458 2786 
3967 2142 3756 2164 
3968 2831 4332 3425 
3969 1850 1852 1851 
3970 790 4047 3706 
3971 985 989 987 
3972 925 926 924 
3973 1773 1844 1843 
3974 3669 3849 2163 
3975 3662 4046 801 
3976 1360 3636 1249 
3977 2271 3722 3095 
3978 466 2974 465 
3979 2764 2885 2763 
3980 743 3236 68 
3981 2719 3195 2724 
3982 948 951 950 
3983 3017 3019 3015 
3984 673 2974 466 
3985 3270 4135 823 
3986 3606 4314 1345 
3987 1848 1850 1849 
3988 1146 3597 1548 
3989 2515 2516 2513 
3990 1950 1951 1932 
3991 634 3698 3085 
3992 625 4175 3043 
3993 1700 4285 2387 
3994 2435 2934 2933 
3995 1005 3794 988 
3996 3292 3674 3309 
3997 1549 2816 1547 
3998 2303 2606 2065 
3999 657 3215 2988 
4000 987 4186 992 
4001 972 973 970 
4002 3243 3302 2771 
4003 1200 1201 1199 
4004 1619 3210 2184 
4005 707 3550 2768 
4006 681 3057 3056 
4007 2497 3163 2396 
4008 2255 3657 3306 
4009 1106 3256 2771 
4010 1736 1737 1734 
4011 2655 2958 1005 
4012 2043 2044 1874 
4013 1934 1935 1878 
4014 2456 3196 2455 
4015 1270 1271 1269 
4016 3873 4007 2305 
4017 1010 4186 2978 
4018 2723 4234 920 
4019 1511 3260 1966 
4020 2947 3652 2946 
4021 2926 2927 2924 
4022 1391 1467 1466 
4023 3435 3592 1985 
4024 2064 3202 2303 
4025 1828 3500 2627 
4026 2532 2687 2534 
4027 3527 3908 2068 
4028 2596 2597 1883 
4029 776 3747 2813 
4030 1063 1064 1062 
4031 3162 3255 2082 
4032 2769 3937 2572 
4033 2955 4077 2129 
4034 2406 3975 2408 
4035 1919 2072 1544 
4036 1237 3956 1235 
4037 931 932 929 
4038 1608 1611 1610 
4039 3537 3542 848 
4040 1384 3248 1649 
4041 2027 2029 2028 
4042 2492 4105 1168 
4043 695 4119 2873 
4044 2023 4290 2760 
4045 944 947 945 
4046 1135 4101 3656 
4047 1879 2841 2840 
4048 3264 4332 1992 
4049 3705 3753 3449 
4050 775 2968 448 
4051 2420 3818 3112 
4052 965 4218 998 
4053 1615 1617 1616 
4054 744 3049 3048 
4055 2041 4217 2662 
4056 1229 3789 1405 
4057 2408 3975 3105 
4058 2428 4303 2433 
4059 649 3962 2779 
4060 976 977 975 
4061 2209 4311 1342 
4062 1831 2153 2152 
4063 1944 4079 2894 
4064 1981 1982 1951 
4065 1440 4240 3155 
4066 2253 2254 2252 
4067 686 3716 2801 
4068 2890 4166 1087 
4069 1107 1109 1108 
4070 1402 3905 1400 
4071 2450 3443 2708 
4072 1147 2991 925 
4073 3159 3648 2299 
4074 1936 1937 1935 
4075 966 968 967 
4076 1806 4134 3005 
4077 3309 3769 2646 
4078 2696 3736 2697 
4079 971 2846 972 
4080 937 938 936 
4081 950 3251 949 
4082 1394 2549 1195 
4083 2170 3322 2010 
4084 1128 2920 1126 
4085 2563 4054 1048 
4086 1153 3656 3124 
4087 2624 4107 2879 
4088 621 3904 2887 
4089 3144 4237 2260 
4090 1251 1252 1250 
4091 1259 1261 1260 
4092 2701 3334 2702 
4093 1297 1298 1296 
4094 1009 2945 2805 
4095 877 3172 1476 
4096 709 4002 2812 
4097 3043 4175 3044 
4098 2818 3224 1987 
4099 448 2968 447 
4100 2884 3650 3584 
4101 3851 4182 843 
4102 3161 3714 808 
4103 1069 1070 1068 
4104 2137 2140 2139 
4105 3709 3760 2052 
4106 1686 1720 1471 
4107 2923 2924 915 
4108 3484 4298 1523 
4109 1424 3109 1259 
4110 682 3055 411 
4111 681 3056 519 
4112 447 2968 869 
4113 1450 3494 2709 
4114 2069 4270 3354 
4115 2567 4127 3668 
4116 2772 3578 2773 
4117 1113 3770 2871 
4118 1175 1176 1158 
4119 2704 3964 722 
4120 1204 1205 1201 
4121 2641 4287 3147 
4122 2775 4283 2720 
4123 2598 4131 3302 
4124 1991 4105 3216 
4125 1280 3718 3233 
4126 3233 3624 1280 
4127 2546 2547 2544 
4128 210 3679 209 
4129 921 2833 1147 
4130 985 3101 990 
4131 1668 4102 2016 
4132 2212 2215 2214 
4133 2608 4315 2609 
4134 2250 3737 2305 
4135 2869 2870 2868 
4136 1198 3416 2711 
4137 985 990 989 
4138 925 927 926 
4139 951 952 950 
4140 1272 1273 1271 
4141 2815 4042 3093 
4142 972 974 973 
4143 1463 2563 1149 
4144 2254 3191 2252 
4145 918 2833 921 
4146 3229 3965 2864 
4147 931 933 932 
4148 1533 4102 1531 
4149 1087 4166 1093 
4150 947 948 945 
4151 990 996 995 
4152 1255 1256 1252 
4153 3811 4338 2380 
4154 775 3986 2837 
4155 3238 3311 1219 
4156 2153 2416 2415 
4157 961 2899 997 
4158 1670 1672 1671 
4159 2712 4248 1017 
4160 3223 3847 774 
4161 3263 4093 1942 
4162 1415 3137 2502 
4163 2904 2922 1068 
4164 927 929 928 
4165 987 988 984 
4166 2886 2905 960 
4167 2283 3427 2281 
4168 2196 3781 2197 
4169 2150 3173 2832 
4170 2192 2193 1968 
4171 2923 2925 2924 
4172 2886 3087 2906 
4173 1757 1866 1758 
4174 2547 4288 2819 
4175 3325 3769 647 
4176 879 3172 877 
4177 959 2899 961 
4178 2168 4300 3383 
4179 1712 1714 1713 
4180 1211 1212 1210 
4181 2490 4162 4145 
4182 2730 4090 2729 
4183 2379 3632 2738 
4184 1745 1747 1746 
4185 3462 3551 2123 
4186 1319 2850 1340 
4187 1870 1871 1865 
4188 2276 2277 2254 
4189 2264 3982 3037 
4190 915 3058 911 
4191 919 3667 2930 
4192 1595 1597 1596 
4193 2863 3099 2862 
4194 1094 3899 1106 
4195 516 866 515 
4196 408 867 407 
4197 963 966 965 
4198 963 965 962 
4199 961 963 962 
4200 961 962 960 
4201 959 961 960 
4202 959 960 958 
4203 921 925 924 
4204 958 964 957 
4205 956 959 958 
4206 921 924 920 
4207 956 958 957 
4208 918 921 920 
4209 922 1069 1068 
4210 2596 3595 3349 
4211 956 957 954 
4212 918 920 917 
4213 922 1068 916 
4214 985 987 984 
4215 2509 2510 2508 
4216 955 956 954 
4217 914 918 917 
4218 917 922 916 
4219 1674 1706 1705 
4220 615 3030 614 
4221 619 3009 618 
4222 561 3010 560 
4223 602 3012 601 
4224 566 3015 565 
4225 580 3020 579 
4226 596 3023 595 
4227 574 3027 573 
4228 616 3029 615 
4229 512 779 511 
4230 489 745 488 
4231 498 2996 497 
4232 473 658 472 
4233 475 781 474 
4234 477 746 476 
4235 483 744 482 
4236 495 782 494 
4237 497 695 496 
4238 507 3039 506 
4239 601 3013 600 
4240 461 685 460 
4241 464 747 463 
4242 452 737 451 
4243 456 709 455 
4244 459 784 458 
4245 467 673 466 
4246 470 748 469 
4247 480 666 479 
4248 454 783 453 
4249 449 775 448 
4250 620 780 619 
4251 486 678 485 
4252 492 688 491 
4253 500 785 499 
4254 502 707 501 
4255 504 786 503 
4256 509 755 508 
4257 562 788 561 
4258 586 3033 585 
4259 581 657 580 
4260 506 723 505 
4261 557 776 556 
4262 605 696 604 
4263 560 736 559 
4264 564 710 563 
4265 569 686 568 
4266 572 754 571 
4267 578 750 577 
4268 583 787 582 
4269 591 751 590 
4270 603 789 602 
4271 613 3032 612 
4272 585 752 584 
4273 597 749 596 
4274 614 722 613 
4275 588 667 587 
4276 558 3038 557 
4277 567 791 566 
4278 575 674 574 
4279 576 3031 575 
4280 594 677 593 
4281 600 687 599 
4282 604 3036 603 
4283 608 790 607 
4284 609 3035 608 
4285 610 708 609 
4286 612 792 611 
4287 617 753 616 
4288 563 3037 562 
4289 499 2995 498 
4290 565 3019 564 
4291 503 3000 502 
4292 453 2997 452 
4293 579 3021 578 
4294 474 2994 473 
4295 494 2998 493 
4296 476 3001 475 
4297 488 3002 487 
4298 505 3007 504 
4299 496 3026 495 
4300 501 3008 500 
4301 460 3025 459 
4302 472 3022 471 
4303 595 3024 594 
4304 487 3006 486 
4305 2669 3212 2183 
4306 3021 3127 750 
4307 3012 3014 3013 
4308 696 3089 3036 
4309 982 985 984 
4310 3029 3030 615 
4311 560 3010 736 
4312 614 3030 722 
4313 497 2996 695 
4314 506 3039 723 
4315 452 2997 737 
4316 3012 3013 601 
4317 780 3009 619 
4318 789 3012 602 
4319 657 3020 580 
4320 791 3015 566 
4321 788 3010 561 
4322 749 3023 596 
4323 674 3027 574 
4324 3020 3021 579 
4325 3015 3019 565 
4326 473 2994 658 
4327 495 3026 782 
4328 500 3008 785 
4329 502 3000 707 
4330 504 3007 786 
4331 753 3029 616 
4332 600 3013 687 
4333 608 3035 790 
4334 575 3031 674 
4335 585 3033 752 
4336 3023 3024 595 
4337 603 3036 789 
4338 562 3037 788 
4339 612 3032 792 
4340 564 3019 710 
4341 557 3038 776 
4342 578 3021 750 
4343 722 3032 613 
4344 475 3001 781 
4345 459 3025 784 
4346 486 3006 678 
4347 696 3036 604 
4348 710 3037 563 
4349 708 3035 609 
4350 2995 2996 498 
4351 594 3024 677 
4352 786 3000 503 
4353 782 2998 494 
4354 781 2994 474 
4355 785 2995 499 
4356 783 2997 453 
4357 3002 3006 487 
4358 695 3026 496 
4359 658 3022 472 
4360 685 3025 460 
4361 745 3002 488 
4362 746 3001 476 
4363 723 3007 505 
4364 707 3008 501 
4365 2940 4097 1856 
4366 952 955 954 
4367 1446 2482 1266 
4368 1573 2093 1521 
4369 914 917 916 
4370 1207 1208 1205 
4371 2644 3574 3442 
4372 2706 3345 2747 
4373 803 3737 3520 
4374 2587 3492 637 
4375 3765 4194 3675 
4376 1078 3247 1105 
4377 1844 2951 2041 
4378 931 946 933 
4379 618 3011 617 
4380 1565 3507 3198 
4381 980 2993 982 
4382 944 945 943 
4383 942 2881 944 
4384 1309 1311 1310 
4385 1062 3150 1060 
4386 3009 3011 618 
4387 617 3011 753 
4388 1352 3823 2785 
4389 982 984 981 
4390 2035 3539 2081 
4391 2411 3351 2026 
4392 819 3898 2980 
4393 948 950 949 
4394 1896 1897 1871 
4395 983 2993 980 
4396 2304 3846 2121 
4397 1013 4163 1037 
4398 3139 3140 2013 
4399 1409 1410 1408 
4400 952 954 953 
4401 937 3099 941 
4402 2081 3203 2784 
4403 1689 1691 1690 
4404 990 3101 1457 
4405 914 916 913 
4406 933 935 934 
4407 3724 3801 2678 
4408 2859 3810 1981 
4409 2154 2155 2083 
4410 454 3111 783 
4411 709 3111 455 
4412 1261 1263 1262 
4413 2739 4301 2740 
4414 3997 4135 2447 
4415 1501 1503 1502 
4416 555 3168 868 
4417 2462 2463 2461 
4418 982 3101 985 
4419 2574 3843 2573 
4420 1274 1275 1273 
4421 943 3916 1006 
4422 1710 1712 1711 
4423 1599 1602 1601 
4424 647 3769 3309 
4425 1781 3711 2446 
4426 1094 1100 1099 
4427 1072 1079 1070 
4428 1672 1755 1754 
4429 347 3336 735 
4430 2067 3486 2068 
4431 2971 3548 2214 
4432 978 979 977 
4433 1702 1703 1701 
4434 3783 3964 2162 
4435 1004 1009 1008 
4436 674 3028 3027 
4437 1591 1593 1592 
4438 1830 4246 1520 
4439 894 896 895 
4440 892 894 893 
4441 2470 2471 2467 
4442 927 2991 930 
4443 764 3437 2938 
4444 942 944 943 
4445 2959 4170 3838 
4446 931 3984 946 
4447 2460 2461 2459 
4448 941 3092 939 
4449 455 3111 454 
4450 3014 3217 3013 
4451 3133 3134 2172 
4452 3405 3406 629 
4453 957 2826 954 
4454 3209 3925 2206 
4455 2974 3146 465 
4456 1006 3249 2696 
4457 1371 1372 1298 
4458 3335 3663 2053 
4459 2472 2473 2471 
4460 2850 2950 1340 
4461 1708 1710 1709 
4462 2773 3578 3401 
4463 974 976 975 
4464 980 982 981 
4465 464 3146 747 
4466 2214 3548 2213 
4467 1593 1595 1594 
4468 980 981 979 
4469 942 943 940 
4470 484 3105 483 
4471 1604 1606 1605 
4472 1015 3287 1029 
4473 769 872 871 
4474 2636 3516 2094 
4475 2053 4171 3335 
4476 2057 2058 2056 
4477 2625 3229 2626 
4478 948 949 945 
4479 1701 4285 1700 
4480 3668 4127 711 
4481 896 898 897 
4482 1520 1521 1401 
4483 1484 2817 1680 
4484 1116 3788 1202 
4485 890 892 891 
4486 939 3092 942 
4487 3141 3941 2192 
4488 2466 2467 2465 
4489 2689 3154 3153 
4490 2092 2527 2023 
4491 1602 1604 1603 
4492 2852 2854 2853 
4493 1494 1495 1456 
4494 2305 4007 2233 
4495 3333 3676 2560 
4496 1307 2172 1351 
4497 2022 2023 1783 
4498 3012 3230 3014 
4499 925 2991 927 
4500 2783 3693 2484 
4501 1924 4336 2003 
4502 930 931 929 
4503 2980 3898 2554 
4504 978 983 980 
4505 939 940 938 
4506 2476 2477 2473 
4507 1386 1388 1387 
4508 2278 2279 2277 
4509 2565 3643 2566 
4510 1839 3157 3124 
4511 1597 1599 1598 
4512 942 3092 2881 
4513 2464 2465 2463 
4514 2999 4001 3163 
4515 1691 1741 1740 
4516 3095 3722 1970 
4517 685 4273 2908 
4518 1517 4204 1748 
4519 2069 2221 2030 
4520 1048 4054 1050 
4521 2939 2940 1102 
4522 2286 2617 1765 
4523 2982 3544 2451 
4524 968 970 969 
4525 2184 3499 2789 
4526 1153 3699 2728 
4527 1721 1952 1720 
4528 952 953 950 
4529 1287 1289 1288 
4530 1183 4096 3205 
4531 3093 4042 1040 
4532 2256 4153 2257 
4533 3053 3348 2720 
4534 1148 4023 1066 
4535 1503 1524 1504 
4536 548 3083 547 
4537 434 3079 433 
4538 549 3080 548 
4539 438 3063 437 
4540 430 689 429 
4541 552 855 551 
4542 533 670 532 
4543 545 795 544 
4544 432 796 431 
4545 413 3062 412 
4546 415 759 414 
4547 521 3066 520 
4548 537 3060 536 
4549 418 652 417 
4550 425 669 424 
4551 536 798 535 
4552 421 756 420 
4553 416 3074 415 
4554 427 797 426 
4555 423 793 422 
4556 412 682 411 
4557 527 3065 526 
4558 538 690 537 
4559 541 800 540 
4560 543 700 542 
4561 550 765 549 
4562 529 757 528 
4563 531 799 530 
4564 523 758 522 
4565 524 3068 523 
4566 526 651 525 
4567 520 681 519 
4568 525 3076 524 
4569 547 727 546 
4570 439 726 438 
4571 435 699 434 
4572 442 764 441 
4573 437 794 436 
4574 444 854 443 
4575 417 3077 416 
4576 414 3067 413 
4577 436 3061 435 
4578 441 3059 440 
4579 530 3075 529 
4580 532 3072 531 
4581 528 3071 527 
4582 546 3078 545 
4583 542 3070 541 
4584 522 3081 521 
4585 544 3069 543 
4586 2194 3167 2195 
4587 2684 3731 2876 
4588 907 3667 919 
4589 2866 3099 2863 
4590 972 986 974 
4591 789 3230 3012 
4592 1113 1114 1112 
4593 3016 3017 3015 
4594 2910 3192 2376 
4595 2845 3232 2846 
4596 2229 3895 2971 
4597 2971 3895 807 
4598 1358 1359 1357 
4599 2924 3058 915 
4600 2294 3705 2295 
4601 3046 3047 1033 
4602 1430 1431 1429 
4603 3013 3217 687 
4604 872 3501 874 
4605 1356 3165 1529 
4606 1839 3124 2006 
4607 1411 1412 1410 
4608 971 972 970 
4609 1027 3178 1014 
4610 1389 3571 3113 
4611 745 3003 3002 
4612 2882 3875 2620 
4613 913 915 911 
4614 912 914 913 
4615 409 870 408 
4616 2719 2722 2721 
4617 1649 3248 2161 
4618 1718 4232 1566 
4619 898 900 899 
4620 1977 4313 1686 
4621 1427 3133 1307 
4622 1953 2014 1952 
4623 1901 1975 1900 
4624 1779 1998 1778 
4625 1370 3911 2745 
4626 1506 3726 3331 
4627 465 3146 464 
4628 2993 3101 982 
4629 3782 4051 1129 
4630 2015 2664 2014 
4631 888 890 889 
4632 1600 3102 1597 
4633 3671 4070 2358 
4634 1966 2330 2329 
4635 1121 2735 1091 
4636 2962 4010 866 
4637 2240 3228 2239 
4638 2670 4028 994 
4639 1808 1809 1805 
4640 398 4016 3143 
4641 3234 4297 3331 
4642 1276 1277 1275 
4643 2194 2195 2193 
4644 2260 3734 3144 
4645 2869 2983 2870 
4646 1417 1418 1416 
4647 3201 3932 2533 
4648 2020 3292 2646 
4649 976 978 977 
4650 2636 3505 3180 
4651 2329 3251 1945 
4652 483 3105 744 
4653 1070 2904 1068 
4654 1300 1301 1212 
4655 511 3151 510 
4656 935 937 936 
4657 962 2886 960 
4658 763 4064 3315 
4659 622 3904 621 
4660 1083 3187 1821 
4661 2793 4142 1618 
4662 3449 4172 2295 
4663 2284 3791 2285 
4664 1540 4279 1539 
4665 1080 1081 1079 
4666 780 3922 2840 
4667 2200 4226 2825 
4668 2205 3545 2206 
4669 1082 1083 1081 
4670 764 3121 3059 
4671 726 3064 3063 
4672 3060 3119 798 
4673 765 3176 3080 
4674 670 3073 3072 
4675 3069 3131 700 
4676 3081 3082 3066 
4677 2289 3932 3931 
4678 1383 3233 3232 
4679 1908 4171 2053 
4680 796 3976 2989 
4681 1016 2593 2591 
4682 2894 3365 2847 
4683 978 980 979 
4684 935 3099 937 
4685 624 4007 3873 
4686 1010 2978 2778 
4687 666 3136 479 
4688 2534 4000 2533 
4689 1764 1900 1739 
4690 776 3168 556 
4691 1990 3319 1575 
4692 2456 3617 2972 
4693 3079 3506 2347 
4694 860 3180 3179 
4695 3639 4282 3720 
4696 2932 3951 792 
4697 3283 4183 863 
4698 2556 3829 2557 
4699 1487 1488 1486 
4700 3158 4183 3283 
4701 986 3661 3129 
4702 1688 2948 1828 
4703 2630 3869 2632 
4704 2542 4312 1225 
4705 2800 4229 3048 
4706 1063 1065 1064 
4707 1413 1414 1412 
4708 2499 3252 2500 
4709 2312 4080 1492 
4710 2973 3732 2972 
4711 3903 3997 2776 
4712 2671 3430 842 
4713 1532 1533 1531 
4714 2645 3880 2644 
4715 2218 2243 2242 
4716 411 3055 410 
4717 519 3056 518 
4718 1071 4239 1072 
4719 3404 3405 2691 
4720 939 942 940 
4721 1796 3317 1616 
4722 1511 1966 1945 
4723 900 902 901 
4724 2218 2855 2243 
4725 3566 4321 2084 
4726 1753 1787 1786 
4727 1777 1778 1775 
4728 937 939 938 
4729 1421 1422 1420 
4730 3505 4138 2237 
4731 3372 3450 2780 
4732 1383 3232 3231 
4733 1105 3247 1181 
4734 1323 1324 1304 
4735 2344 3483 3224 
4736 1695 1730 1540 
4737 881 3328 1370 
4738 1380 4341 1186 
4739 2877 3713 857 
4740 2740 4301 3070 
4741 2644 3442 2342 
4742 1110 4036 3094 
4743 526 3065 651 
4744 765 3080 549 
4745 726 3063 438 
4746 699 3079 434 
4747 547 3083 727 
4748 764 3059 441 
4749 3080 3083 548 
4750 415 3074 759 
4751 794 3061 436 
4752 416 3077 3074 
4753 700 3070 542 
4754 520 3066 681 
4755 536 3060 798 
4756 523 3068 758 
4757 524 3076 3068 
4758 413 3067 3062 
4759 727 3078 546 
4760 651 3076 525 
4761 690 3060 537 
4762 412 3062 682 
4763 529 3075 757 
4764 759 3067 414 
4765 670 3072 532 
4766 799 3075 530 
4767 531 3072 799 
4768 795 3069 544 
4769 758 3081 522 
4770 437 3063 794 
4771 435 3061 699 
4772 527 3071 3065 
4773 757 3071 528 
4774 652 3077 417 
4775 545 3078 795 
4776 521 3081 3066 
4777 541 3070 800 
4778 543 3069 700 
4779 886 888 887 
4780 2799 3649 3136 
4781 2760 3947 2023 
4782 2336 4228 1681 
4783 937 941 939 
4784 1524 1698 1525 
4785 2750 3918 2343 
4786 2226 4215 3200 
4787 1971 3117 3095 
4788 2167 3662 3406 
4789 3584 3650 2198 
4790 4108 4135 644 
4791 1316 3960 1317 
4792 2626 2863 2862 
4793 2774 3357 832 
4794 2059 2060 2058 
4795 2291 2293 2292 
4796 2905 3170 964 
4797 3212 3585 2183 
4798 2747 2918 2746 
4799 1505 3352 1827 
4800 1733 2979 2259 
4801 1130 3170 2001 
4802 754 3177 571 
4803 2045 3465 2145 
4804 2130 2131 2062 
4805 1072 4275 1080 
4806 3204 3340 840 
4807 3506 3907 2436 
4808 1892 4177 1679 
4809 3206 4139 2432 
4810 1534 3966 2414 
4811 1433 1554 1553 
4812 2554 3898 2555 
4813 3191 3737 2252 
4814 2861 3472 755 
4815 2524 3324 2070 
4816 3203 3539 706 
4817 780 4168 3621 
4818 1147 3103 2991 
4819 1127 3170 1130 
4820 2799 3729 3649 
4821 630 3523 3141 
4822 2215 2230 2229 
4823 3729 4299 2445 
4824 3058 3667 909 
4825 2723 3570 2897 
4826 946 2862 933 
4827 3004 3006 3002 
4828 1463 3452 2563 
4829 2247 2291 2290 
4830 2865 2867 2866 
4831 1388 1396 1395 
4832 1685 2354 2353 
4833 1283 1284 1282 
4834 956 3120 959 
4835 581 3215 657 
4836 787 3215 582 
4837 3704 3790 2282 
4838 1498 1499 1497 
4839 1150 1222 1221 
4840 1918 2118 2117 
4841 3009 3621 2919 
4842 3742 3879 1119 
4843 1225 4312 1223 
4844 1289 1291 1290 
4845 2081 3539 3203 
4846 2376 3488 2373 
4847 1143 3981 1139 
4848 2551 3209 2033 
4849 428 3182 427 
4850 1254 3132 1247 
4851 2395 3005 3003 
4852 1480 3812 1704 
4853 2881 3761 3287 
4854 1538 1628 1533 
4855 3457 3896 3861 
4856 1155 4131 3433 
4857 2969 2975 2974 
4858 902 904 903 
4859 2173 2785 2175 
4860 2496 4204 1517 
4861 3103 3104 1990 
4862 3124 3656 2006 
4863 737 3304 451 
4864 2374 2911 2910 
4865 2293 3843 3808 
4866 2237 4138 2235 
4867 2776 3997 2447 
4868 769 871 870 
4869 911 3058 909 
4870 986 3129 974 
4871 305 3748 304 
4872 2245 2247 2246 
4873 1161 3297 3296 
4874 2941 3921 2059 
4875 1061 1062 1060 
4876 3034 3768 752 
4877 3126 3587 2685 
4878 1933 1990 1575 
4879 3023 3116 3024 
4880 1185 3349 1287 
4881 850 4055 2844 
4882 779 3151 511 
4883 2168 4048 2701 
4884 1817 4260 1903 
4885 1108 4193 2960 
4886 3605 4216 2673 
4887 1181 1182 1160 
4888 922 2897 1069 
4889 1989 3152 2889 
4890 1012 4045 1026 
4891 420 3194 419 
4892 2242 3676 2241 
4893 2288 3681 1729 
4894 1698 1750 1699 
4895 1930 2789 1813 
4896 2126 3166 3149 
4897 3534 3559 1360 
4898 2840 4168 780 
4899 540 3197 539 
4900 3615 3814 2985 
4901 2243 2245 2244 
4902 892 4034 1305 
4903 884 886 885 
4904 3003 3004 3002 
4905 1236 1238 1237 
4906 3132 3939 1245 
4907 1162 1163 1144 
4908 1346 1347 1344 
4909 3038 3785 2551 
4910 479 3136 478 
4911 2018 4284 1738 
4912 1196 1432 1393 
4913 556 3168 555 
4914 1485 4157 1429 
4915 1080 4275 2652 
4916 1786 4125 2185 
4917 2899 2913 997 
4918 889 3402 1034 
4919 627 3565 3246 
4920 1662 2820 1461 
4921 2911 3945 2371 
4922 2775 4298 3484 
4923 2928 3238 2930 
4924 2937 4037 2017 
4925 2972 3732 2456 
4926 1958 2780 1957 
4927 2222 3391 3169 
4928 1845 4340 4210 
4929 1327 1328 1326 
4930 2819 4143 2355 
4931 1906 1907 1905 
4932 2257 3670 2258 
4933 2897 4234 2723 
4934 1337 4225 1278 
4935 2206 3545 3209 
4936 927 930 929 
4937 2201 3701 2202 
4938 2084 4259 3566 
4939 1089 4258 2890 
4940 760 3424 2821 
4941 2545 3227 2648 
4942 2264 4076 2265 
4943 2738 3820 730 
4944 2121 3846 2640 
4945 2481 3451 3218 
4946 2780 3524 1957 
4947 2760 4290 1581 
4948 1928 1947 1946 
4949 872 874 873 
4950 3089 3090 3036 
4951 1522 1840 1422 
4952 3036 3090 789 
4953 2602 3090 3089 
4954 1880 3734 1881 
4955 101 3158 728 
4956 953 4158 2824 
4957 1858 3505 2636 
4958 834 3673 3159 
4959 3555 3814 3615 
4960 990 1457 996 
4961 3166 3801 825 
4962 3044 3662 2166 
4963 2230 2232 2231 
4964 2759 4100 713 
4965 1770 4176 3944 
4966 2927 3058 2924 
4967 3104 3881 1990 
4968 470 3266 748 
4969 3022 3266 471 
4970 2126 2688 1887 
4971 2447 4135 2422 
4972 3161 3557 2782 
4973 1368 2817 1484 
4974 2843 3752 2215 
4975 971 4269 2845 
4976 1560 1562 1561 
4977 878 4093 880 
4978 1478 4184 1336 
4979 1769 1893 1768 
4980 2340 3903 2776 
4981 1313 1315 1314 
4982 2401 4159 2402 
4983 2814 3778 1026 
4984 1562 1564 1563 
4985 1750 1752 1751 
4986 2640 3846 3439 
4987 2173 3250 2785 
4988 904 906 905 
4989 2080 3700 2694 
4990 1234 1236 1235 
4991 1558 1560 1559 
4992 2977 4004 2978 
4993 2765 4270 2069 
4994 1029 3287 1197 
4995 1556 1558 1557 
4996 1567 1569 1568 
4997 774 3748 3223 
4998 974 3129 976 
4999 1168 4105 2892 
5000 1833 3134 3133 
5001 1787 1789 1788 
5002 1092 2652 2651 
5003 2190 3872 2912 
5004 2490 4145 1780 
5005 1554 1556 1555 
5006 1004 2947 1009 
5007 983 3208 2992 
5008 2988 4009 2427 
5009 918 3750 2833 
5010 2126 3149 2688 
5011 3274 4304 4108 
5012 3063 3175 794 
5013 2975 3146 2974 
5014 997 3622 963 
5015 2354 2819 2355 
5016 1214 1215 1167 
5017 2596 3244 2597 
5018 3079 3184 433 
5019 432 3184 796 
5020 4182 4274 3572 
5021 1955 2790 1954 
5022 3690 4190 2188 
5023 2146 2148 2147 
5024 1241 3589 1267 
5025 978 3208 983 
5026 2195 4324 2710 
5027 4005 4125 4013 
5028 2526 2951 1974 
5029 1291 1293 1292 
5030 1235 3956 3407 
5031 2788 3263 1942 
5032 1308 4073 1309 
5033 2435 2933 2434 
5034 1564 1567 1566 
5035 1018 3244 1036 
5036 2651 3727 2650 
5037 3693 4329 3692 
5038 2580 3524 1369 
5039 2668 3989 3480 
5040 3064 3175 3063 
5041 2409 4314 3606 
5042 2305 3737 3682 
5043 1017 4248 2857 
5044 1154 4131 1155 
5045 1576 3303 1171 
5046 3043 3044 2166 
5047 874 3501 2787 
5048 2955 3440 3370 
5049 3090 3230 789 
5050 457 3361 456 
5051 2605 3626 2604 
5052 1435 1437 1436 
5053 2053 3663 2122 
5054 1222 1224 1223 
5055 2232 2249 2233 
5056 3039 3183 723 
5057 2044 2103 2102 
5058 1230 1232 1231 
5059 1789 1791 1790 
5060 2029 2030 2028 
5061 1453 4087 2266 
5062 1228 1230 1229 
5063 2444 3423 2445 
5064 1226 1228 1227 
5065 882 884 883 
5066 1053 3130 1022 
5067 1224 1226 1225 
5068 1799 1800 1797 
5069 1060 3150 1146 
5070 2408 3660 2405 
5071 839 4060 2831 
5072 1945 3251 2824 
5073 872 873 871 
5074 681 3647 3057 
5075 2702 2893 1818 
5076 3067 3218 3062 
5077 791 3016 3015 
5078 1496 1497 1495 
5079 968 971 970 
5080 2427 4009 3181 
5081 571 3177 570 
5082 854 3869 3437 
5083 3046 3510 3186 
5084 2700 3206 2431 
5085 2685 3584 2198 
5086 599 3381 598 
5087 749 3257 3023 
5088 1348 1349 1347 
5089 3039 4322 3183 
5090 2720 4283 3053 
5091 1139 3981 3369 
5092 1231 3789 1229 
5093 1444 3864 1641 
5094 3008 3290 785 
5095 912 913 911 
5096 1791 1793 1792 
5097 1974 2165 1716 
5098 552 3214 855 
5099 444 3213 854 
5100 2295 4172 2900 
5101 2744 3638 1855 
5102 1134 3285 1140 
5103 1841 2226 1840 
5104 2297 3840 2187 
5105 669 3408 2987 
5106 1812 1813 1811 
5107 1757 1758 1755 
5108 1117 3210 1265 
5109 2118 2807 2119 
5110 2217 2855 2218 
5111 2503 4155 2501 
5112 2138 2992 2255 
5113 1982 2078 2077 
5114 639 4075 3378 
5115 1808 4187 1834 
5116 1793 1921 1794 
5117 664 4140 3411 
5118 2361 3117 1971 
5119 439 3226 726 
5120 3059 3226 440 
5121 1738 1739 1737 
5122 796 4198 2880 
5123 1976 2048 1975 
5124 2626 2862 946 
5125 1243 1244 1240 
5126 2649 4196 2356 
5127 1500 1733 1499 
5128 1819 3268 2493 
5129 1925 2217 1926 
5130 1317 1319 1318 
5131 1921 1923 1922 
5132 2415 3900 2152 
5133 2781 3974 3182 
5134 2354 3912 2891 
5135 2347 3184 3079 
5136 1923 1925 1924 
5137 1670 1671 1454 
5138 1977 3976 2880 
5139 1703 2744 1855 
5140 1810 1811 1809 
5141 2003 3813 2556 
5142 3127 4326 2518 
5143 708 3276 3035 
5144 906 908 907 
5145 1172 3248 1384 
5146 1378 3433 1689 
5147 3045 3744 1582 
5148 2419 3189 3142 
5149 1155 1166 1109 
5150 2321 3830 1534 
5151 3024 3354 677 
5152 3895 4007 3576 
5153 1350 1455 1349 
5154 2092 3561 2528 
5155 3298 4013 3898 
5156 2027 2028 1894 
5157 2851 4031 3343 
5158 1915 3939 3132 
5159 2867 2868 2866 
5160 767 3645 3538 
5161 3076 3201 3068 
5162 1801 1802 1800 
5163 1869 3212 1866 
5164 433 3184 432 
5165 2423 3211 2939 
5166 2887 3922 621 
5167 2748 4096 1183 
5168 2126 3801 3166 
5169 507 3472 3039 
5170 755 3472 508 
5171 1803 1804 1802 
5172 2884 3764 802 
5173 1370 3172 879 
5174 2672 3634 1032 
5175 3116 3354 3024 
5176 2249 2251 2250 
5177 3495 3817 2838 
5178 582 3215 581 
5179 2432 2434 2430 
5180 3404 3406 3405 
5181 3175 3743 2531 
5182 589 3498 588 
5183 2527 4290 2023 
5184 2138 2255 2136 
5185 2845 4269 2754 
5186 1354 3369 1654 
5187 668 3537 3536 
5188 1569 3106 1570 
5189 3568 4044 3367 
5190 1492 3980 1294 
5191 3375 3653 2896 
5192 427 3182 797 
5193 973 4057 970 
5194 3023 3257 3116 
5195 2109 2111 2110 
5196 1846 1847 1622 
5197 2107 2109 2108 
5198 2111 2113 2112 
5199 1615 1616 1614 
5200 3276 3320 3035 
5201 1375 3540 3267 
5202 3334 3335 2702 
5203 1591 1592 1587 
5204 828 3255 3162 
5205 2148 2713 2149 
5206 3284 3939 2151 
5207 605 3518 696 
5208 1374 4035 1209 
5209 2999 3725 2998 
5210 1293 1295 1294 
5211 1142 2200 1136 
5212 910 912 911 
5213 2105 2107 2106 
5214 2113 2115 2114 
5215 1258 4106 1425 
5216 3561 3857 3819 
5217 1464 3473 1329 
5218 1176 1200 1199 
5219 2535 4133 1623 
5220 1256 1270 1269 
5221 754 4012 2737 
5222 451 3304 450 
5223 2538 4252 2313 
5224 3450 3524 2780 
5225 1897 1950 1932 
5226 2103 2105 2104 
5227 3032 3783 792 
5228 1579 4138 1858 
5229 2303 3717 2606 
5230 1635 1970 1331 
5231 2776 3658 2340 
5232 3224 3483 2861 
5233 110 4069 3254 
5234 2798 4299 2799 
5235 1086 3999 1090 
5236 1827 3352 2420 
5237 881 1370 879 
5238 1216 1217 1215 
5239 2908 4273 2967 
5240 2115 2190 2189 
5241 2815 3093 1916 
5242 1792 3934 2071 
5243 1055 1056 1052 
5244 3144 3734 1880 
5245 984 3794 981 
5246 3240 3890 903 
5247 1077 3301 1074 
5248 880 882 881 
5249 2476 3799 2741 
5250 3303 3902 1133 
5251 762 4255 3316 
5252 2593 2595 2594 
5253 2227 2357 2226 
5254 3129 3208 976 
5255 1613 1614 1611 
5256 2794 3949 2798 
5257 3007 3918 2750 
5258 994 2985 2984 
5259 2665 3989 2668 
5260 1732 2043 1874 
5261 2993 3547 3101 
5262 1616 3317 1771 
5263 1408 3719 1407 
5264 2295 3705 3449 
5265 1259 1260 1152 
5266 3035 3320 790 
5267 1107 1108 1100 
5268 3148 4027 2497 
5269 1096 2712 1035 
5270 1860 2191 1653 
5271 2967 4273 462 
5272 756 3194 420 
5273 1495 3420 1456 
5274 885 1161 883 
5275 3341 4008 3878 
5276 1620 2588 1190 
5277 1608 1610 1606 
5278 1137 3815 3620 
5279 2801 3985 686 
5280 3787 4098 1628 
5281 1760 1768 1632 
5282 1966 3470 2330 
5283 2875 3474 846 
5284 3226 3757 726 
5285 753 3345 3029 
5286 1544 2964 1394 
5287 1405 3471 2755 
5288 790 3706 607 
5289 2550 3112 1860 
5290 1248 1251 1250 
5291 3342 3469 829 
5292 908 910 909 
5293 955 3745 3120 
5294 3194 3691 419 
5295 1626 1774 1481 
5296 2283 3730 3427 
5297 800 3197 540 
5298 2838 3817 2535 
5299 3869 4011 2632 
5300 2009 2079 1761 
5301 458 3651 457 
5302 477 3649 746 
5303 2145 3511 2146 
5304 2330 3249 2331 
5305 1929 1991 1683 
5306 2837 4152 775 
5307 1218 1343 1217 
5308 2345 3107 1898 
5309 3252 3253 2500 
5310 3151 3897 510 
5311 2125 3801 2126 
5312 1898 1899 1706 
5313 1319 1340 1321 
5314 2990 3601 2569 
5315 1400 3905 3428 
5316 425 3408 669 
5317 797 3408 426 
5318 1734 2979 1733 
5319 2091 2753 2752 
5320 1119 3879 1333 
5321 3363 3471 1405 
5322 1903 4260 2957 
5323 2166 3662 2167 
5324 3082 3647 3066 
5325 1208 1211 1210 
5326 3004 3419 3006 
5327 2222 3169 2221 
5328 1023 4305 2749 
5329 569 3716 686 
5330 2766 3637 2765 
5331 553 3214 552 
5332 445 3213 444 
5333 1114 1175 1158 
5334 2178 3303 1576 
5335 1079 2904 1070 
5336 3139 3567 623 
5337 3406 3662 801 
5338 1180 4192 1965 
5339 2953 4111 2954 
5340 2753 2845 2754 
5341 3318 3928 2770 
5342 3706 4047 2623 
5343 2747 4116 2919 
5344 2279 2835 2581 
5345 991 3287 1015 
5346 1429 4157 1428 
5347 795 4111 4078 
5348 2505 2509 2508 
5349 2169 4015 2565 
5350 2852 2853 2324 
5351 1309 1310 1263 
5352 854 3437 443 
5353 442 3437 764 
5354 2656 4088 2714 
5355 742 3928 3318 
5356 1852 1853 1851 
5357 3598 3815 2178 
5358 2417 2418 2416 
5359 4108 4304 2413 
5360 2124 3125 1929 
5361 1778 3327 1775 
5362 873 1879 871 
5363 1674 1705 1537 
5364 1584 3205 1588 
5365 2251 2253 2252 
5366 1850 1851 1849 
5367 3317 4268 2778 
5368 2882 3273 2516 
5369 1753 3393 1787 
5370 2691 3865 2690 
5371 2876 3731 3126 
5372 653 3717 3291 
5373 3006 3419 678 
5374 1142 3611 2200 
5375 1884 4231 2945 
5376 1295 1297 1296 
5377 2841 3950 3621 
5378 2118 3919 2921 
5379 440 3226 439 
5380 1075 3247 1078 
5381 2706 2746 2745 
5382 1848 1849 1847 
5383 1037 4081 1007 
5384 1140 3285 1162 
5385 3203 3641 2784 
5386 3125 3927 1728 
5387 1094 1099 1088 
5388 1639 1870 1865 
5389 2818 3935 2344 
5390 752 4267 2898 
5391 2987 4209 2649 
5392 1620 3596 2588 
5393 1515 3697 2268 
5394 492 3725 688 
5395 2998 3725 493 
5396 2162 3964 2704 
5397 2186 4074 3388 
5398 3017 3633 3019 
5399 1856 2744 1703 
5400 1271 3592 1361 
5401 2358 2359 2357 
5402 2971 3558 3548 
5403 1842 2907 2814 
5404 558 3785 3038 
5405 736 3785 559 
5406 1359 1409 1408 
5407 484 3845 3105 
5408 1831 3428 2153 
5409 866 4236 2961 
5410 3183 4322 3483 
5411 3397 3935 1447 
5412 1727 2057 2056 
5413 1889 2154 2083 
5414 2865 2866 2863 
5415 955 3120 956 
5416 1130 2001 1132 
5417 3107 4260 1817 
5418 1994 2742 1462 
5419 2413 4304 2683 
5420 2900 3490 638 
5421 1386 1387 1311 
5422 878 880 879 
5423 598 3381 3192 
5424 2330 4117 3249 
5425 976 3208 978 
5426 2835 3936 1485 
5427 2893 4171 1908 
5428 640 3431 3199 
5429 1950 1981 1951 
5430 1244 1253 1246 
5431 3026 4113 2743 
5432 1385 3352 1505 
5433 746 3423 3001 
5434 1307 1351 1169 
5435 2719 2721 1000 
5436 1366 2735 1121 
5437 1381 1657 1508 
5438 2462 4278 2479 
5439 583 3768 787 
5440 752 3768 584 
5441 3249 4117 3321 
5442 3346 3708 2675 
5443 2285 3791 3073 
5444 2753 3231 2845 
5445 2442 4276 2440 
5446 1970 3722 3364 
5447 2903 3914 717 
5448 1720 3452 1471 
5449 1372 1430 1429 
5450 1815 1833 1676 
5451 2707 3943 2017 
5452 3305 3990 3045 
5453 1165 1352 1194 
5454 1407 4302 3219 
5455 3385 3957 2521 
5456 1340 1406 1341 
5457 1855 3946 2035 
5458 1465 4266 3169 
5459 1954 2858 1571 
5460 1200 1204 1201 
5461 1617 1796 1616 
5462 3095 3117 999 
5463 2852 3568 2854 
5464 1287 3349 1299 
5465 1347 3415 1344 
5466 1223 4312 1442 
5467 3193 4217 2041 
5468 949 3916 945 
5469 3648 4195 2003 
5470 748 3839 469 
5471 3510 4264 1784 
5472 1270 1272 1271 
5473 1585 2088 1583 
5474 1595 1596 1594 
5475 1433 3400 1554 
5476 3031 3842 674 
5477 2185 4125 4005 
5478 2724 3417 2722 
5479 2179 3815 3598 
5480 1809 3414 1805 
5481 691 3784 3179 
5482 1414 1417 1416 
5483 3390 3504 2498 
5484 1240 3284 1238 
5485 590 3446 589 
5486 471 3266 470 
5487 1187 1358 1357 
5488 2942 3963 2339 
5489 2253 2276 2254 
5490 3389 4140 664 
5491 1708 1709 1580 
5492 1551 1702 1701 
5493 912 3750 914 
5494 678 3845 485 
5495 2623 4047 2621 
5496 3105 3845 2408 
5497 1974 2951 2165 
5498 2259 3583 3402 
5499 2059 4072 2941 
5500 3048 4229 744 
5501 1239 1240 1238 
5502 3033 4091 2633 
5503 889 1034 887 
5504 3197 4033 539 
5505 1894 2909 1893 
5506 1251 1255 1252 
5507 2897 3570 1993 
5508 1431 1487 1486 
5509 2614 4026 3268 
5510 509 3897 755 
5511 1124 1582 1058 
5512 2568 4014 3148 
5513 1770 3944 2913 
5514 1301 1323 1304 
5515 1722 2816 1549 
5516 2228 3908 2586 
5517 2038 4233 2901 
5518 1468 1501 1467 
5519 2552 3650 2884 
5520 1714 1839 1713 
5521 2137 2139 2138 
5522 3130 4163 1013 
5523 1204 1207 1205 
5524 1797 2856 1796 
5525 811 4191 3086 
5526 1979 4103 1633 
5527 1067 1113 1112 
5528 3116 3391 2222 
5529 1418 1421 1420 
5530 2033 2820 1662 
5531 3238 3239 2930 
5532 2073 3866 2952 
5533 3668 3739 2567 
5534 3231 3232 2845 
5535 2293 3808 2914 
5536 1488 1532 1531 
5537 2544 3593 2542 
5538 1297 1371 1298 
5539 3830 3966 1534 
5540 3218 3451 3062 
5541 1261 1262 1260 
5542 621 3922 620 
5543 3157 3594 3124 
5544 202 3041 201 
5545 405 3040 404 
5546 835 3365 2894 
5547 1272 1274 1273 
5548 1659 3489 3084 
5549 3794 4320 981 
5550 1630 2038 1645 
5551 1119 4054 3742 
5552 964 3170 1127 
5553 1302 2123 1911 
5554 3136 3649 478 
5555 3140 3443 2013 
5556 719 3804 3486 
5557 2965 3626 2605 
5558 2255 3306 2136 
5559 3247 3755 1181 
5560 846 3689 2875 
5561 2151 3939 1915 
5562 2559 3709 2171 
5563 610 3951 708 
5564 792 3951 611 
5565 2060 2130 2062 
5566 2946 3164 2945 
5567 1949 2937 1947 
5568 1279 1283 1282 
5569 876 878 877 
5570 840 3341 3204 
5571 3360 3928 742 
5572 2123 2625 2382 
5573 550 3680 765 
5574 855 3680 551 
5575 1599 1601 1598 
5576 2512 3886 2515 
5577 874 876 875 
5578 3031 4029 2619 
5579 2559 3710 3709 
5580 2963 3880 2645 
5581 1712 1713 1711 
5582 515 4010 204 
5583 204 4010 514 
5584 3813 3829 2556 
5585 449 3986 775 
5586 692 4296 2678 
5587 2306 4022 2307 
5588 2119 3862 2117 
5589 490 4014 489 
5590 3185 3882 2368 
5591 3073 3790 3072 
5592 1870 1896 1871 
5593 3229 4222 1206 
5594 869 4011 3213 
5595 3027 4012 573 
5596 572 4012 754 
5597 491 4027 490 
5598 1702 1856 1703 
5599 2699 3915 2969 
5600 418 3691 652 
5601 1406 1770 1627 
5602 1604 1605 1603 
5603 576 4029 3031 
5604 750 4029 577 
5605 1523 4298 3665 
5606 1253 3602 1246 
5607 592 4041 591 
5608 1334 3399 1477 
5609 2276 2278 2277 
5610 2334 3988 2526 
5611 1866 1867 1758 
5612 920 4234 917 
5613 2838 4077 663 
5614 1181 3755 1332 
5615 1161 3328 883 
5616 462 4273 461 
5617 3242 3887 1343 
5618 983 3678 2993 
5619 1654 3369 2388 
5620 512 4280 779 
5621 593 4099 592 
5622 2246 3851 3841 
5623 516 4236 866 
5624 586 4091 3033 
5625 667 4091 587 
5626 468 4154 467 
5627 894 895 893 
5628 744 4229 482 
5629 1744 1745 1743 
5630 2824 2825 1863 
5631 3187 3569 1821 
5632 747 4200 463 
5633 2568 4254 4014 
5634 2864 4201 2872 
5635 1972 3891 2833 
5636 3114 3115 2538 
5637 896 897 895 
5638 3533 3534 1360 
5639 1758 3438 1755 
5640 2448 3892 2449 
5641 892 893 891 
5642 2422 4108 2413 
5643 2819 4288 4143 
5644 2821 3424 830 
5645 3119 4020 3995 
5646 751 3446 590 
5647 1710 1711 1709 
5648 1211 1300 1212 
5649 2874 4119 2996 
5650 2146 2147 2046 
5651 2509 3088 2510 
5652 2131 3042 2133 
5653 1767 4259 2084 
5654 2374 3945 2911 
5655 2003 4336 3648 
5656 2154 3219 2155 
5657 1274 1276 1275 
5658 1409 1411 1410 
5659 2326 4031 2851 
5660 1326 3835 1325 
5661 1324 1327 1326 
5662 2445 4299 4146 
5663 1744 3798 3302 
5664 1145 3138 1196 
5665 1966 2329 1945 
5666 2091 4115 2753 
5667 898 899 897 
5668 2360 4008 2774 
5669 1449 1695 1540 
5670 2263 3757 3226 
5671 2975 3497 3496 
5672 2050 3500 2948 
5673 3183 3483 2344 
5674 910 911 909 
5675 2853 3797 1526 
5676 890 891 889 
5677 1689 3433 2598 
5678 4078 4111 2953 
5679 2616 3897 3151 
5680 757 3730 3071 
5681 2246 3841 2244 
5682 853 3554 3110 
5683 2443 3924 2605 
5684 2163 3849 2141 
5685 2222 3354 3116 
5686 2338 3771 2812 
5687 1602 1603 1601 
5688 2270 3047 1763 
5689 3113 3838 1389 
5690 1214 4307 1216 
5691 2637 3808 2574 
5692 710 4076 3037 
5693 1371 3050 1372 
5694 3242 3765 3241 
5695 3501 4242 2787 
5696 2273 3797 2275 
5697 642 4044 2851 
5698 2480 3691 3194 
5699 1501 3186 1503 
5700 3437 3869 2938 
5701 3241 3765 3675 
5702 3154 3848 728 
5703 2992 3678 983 
5704 2195 2710 2709 
5705 3177 3716 570 
5706 1313 1314 1173 
5707 2871 3770 1423 
5708 1780 3909 2536 
5709 1597 1598 1596 
5710 456 3361 709 
5711 1411 1413 1412 
5712 2571 4286 2769 
5713 3148 4014 490 
5714 2957 4260 2345 
5715 535 4043 534 
5716 1009 2946 2945 
5717 900 901 899 
5718 490 4027 3148 
5719 1105 1181 1160 
5720 2057 2059 2058 
5721 2172 2173 1351 
5722 1025 4042 1012 
5723 2706 2745 2049 
5724 1184 3349 1185 
5725 2978 4004 2778 
5726 3739 4247 2567 
5727 744 3975 3049 
5728 838 3568 3367 
5729 2741 3227 2477 
5730 2659 4329 2783 
5731 1521 3447 1401 
5732 2024 4184 1666 
5733 877 1476 875 
5734 4003 4293 3156 
5735 2078 3810 3450 
5736 1196 3138 1432 
5737 888 889 887 
5738 2715 2958 2655 
5739 3353 3703 2937 
5740 3235 3236 743 
5741 1435 1436 1399 
5742 534 4211 533 
5743 2671 4075 3430 
5744 1681 3756 2209 
5745 1388 1395 1387 
5746 2330 2331 2329 
5747 1137 3782 1131 
5748 2044 3429 2103 
5749 2785 2786 2175 
5750 1366 3630 2735 
5751 1276 1339 1277 
5752 1372 3050 1430 
5753 1993 3755 3247 
5754 1990 3881 3686 
5755 1085 3187 1083 
5756 554 4050 406 
5757 446 4049 203 
5758 1325 4144 2941 
5759 1761 3379 1589 
5760 2722 2723 2721 
5761 1672 1754 1671 
5762 1697 1906 1905 
5763 2778 4268 2495 
5764 1928 1946 1823 
5765 2308 3502 2962 
5766 1695 1915 1730 
5767 2531 3743 2015 
5768 783 4241 2997 
5769 2722 3570 2723 
5770 2549 4185 1115 
5771 1578 2178 1576 
5772 2894 3643 835 
5773 1140 1162 1144 
5774 1430 3100 1431 
5775 1413 3053 1414 
5776 2810 4161 2618 
5777 3335 4171 2702 
5778 2239 3185 2009 
5779 2289 3931 3762 
5780 2823 3767 3394 
5781 2266 3837 1872 
5782 2943 3374 3052 
5783 817 3653 3375 
5784 2290 3851 2246 
5785 2714 4088 3100 
5786 3075 3427 757 
5787 406 4050 553 
5788 203 4049 445 
5789 1714 3157 1839 
5790 687 3381 599 
5791 1056 1061 1060 
5792 1339 3610 1277 
5793 2001 3285 1132 
5794 1933 3103 1990 
5795 902 903 901 
5796 1178 4018 1192 
5797 1061 1063 1062 
5798 2252 3737 2250 
5799 1513 2005 1545 
5800 2086 3340 3204 
5801 2150 3174 3173 
5802 923 3890 3675 
5803 1083 1821 1081 
5804 1171 3303 1138 
5805 1971 3095 1970 
5806 1532 1538 1533 
5807 1213 3433 1378 
5808 1096 3612 2712 
5809 2889 4317 727 
5810 2311 4156 2570 
5811 1317 1318 1315 
5812 1614 3392 1611 
5813 699 3506 3079 
5814 3546 4307 1214 
5815 2874 3828 3500 
5816 1593 1594 1592 
5817 786 3603 3000 
5818 2873 4119 2874 
5819 922 4234 2897 
5820 1414 3053 1417 
5821 3268 4026 2296 
5822 1170 3369 1354 
5823 886 887 885 
5824 2733 4019 3775 
5825 3445 3718 1280 
5826 3175 4316 794 
5827 1860 3112 2191 
5828 538 4033 690 
5829 1421 1522 1422 
5830 2018 3320 3276 
5831 1649 2161 1817 
5832 2979 3583 2259 
5833 705 3375 2896 
5834 2573 3843 3288 
5835 1619 2184 1688 
5836 2773 3401 3332 
5837 1898 3107 1899 
5838 3105 3975 744 
5839 3192 3381 2376 
5840 1471 3452 1463 
5841 2730 4162 4090 
5842 2130 2177 2131 
5843 1733 2259 1969 
5844 2731 4066 2732 
5845 3430 4075 639 
5846 1585 3627 2088 
5847 3219 3273 2155 
5848 1396 1443 1395 
5849 2734 3917 1273 
5850 2930 3667 2927 
5851 2048 3911 3586 
5852 1439 1440 1437 
5853 2790 2791 1954 
5854 1181 1332 1182 
5855 3776 3824 3245 
5856 1162 1452 1163 
5857 3808 3843 2574 
5858 904 905 903 
5859 1383 3624 3233 
5860 3146 3496 747 
5861 1330 1469 1364 
5862 1431 3100 1487 
5863 1742 4326 2426 
5864 1452 3222 3221 
5865 3086 3171 3085 
5866 3509 3663 632 
5867 1256 3445 1270 
5868 1206 3965 3229 
5869 2883 3553 630 
5870 1642 1643 1569 
5871 426 3408 425 
5872 2381 4033 3197 
5873 1915 3190 1730 
5874 2425 4292 1740 
5875 1283 1441 1284 
5876 3736 4003 2697 
5877 2290 4182 3851 
5878 2567 4247 2559 
5879 1906 2159 1907 
5880 874 875 873 
5881 2304 4250 3698 
5882 804 3800 2848 
5883 857 3968 2877 
5884 1842 3482 2907 
5885 3206 3839 748 
5886 1745 1868 1747 
5887 2402 4159 2406 
5888 2628 3876 1795 
5889 1176 3455 1200 
5890 1519 3428 1831 
5891 883 3328 881 
5892 765 4286 3176 
5893 3586 3911 3328 
5894 810 3492 2587 
5895 1263 3260 1262 
5896 2153 3428 2417 
5897 761 3307 3096 
5898 2958 4256 2594 
5899 2236 3855 2686 
5900 1865 4079 1944 
5901 2400 4140 2770 
5902 3330 3337 837 
5903 1037 3628 3608 
5904 1947 2017 1946 
5905 1817 3888 3107 
5906 3003 3005 3004 
5907 3560 4063 1268 
5908 1654 2388 1656 
5909 1706 2981 1705 
5910 3110 3554 2317 
5911 1929 3125 1991 
5912 697 3841 3456 
5913 1719 3953 1434 
5914 3255 4219 2082 
5915 884 885 883 
5916 769 870 409 
5917 1029 1197 1031 
5918 2406 4159 3977 
5919 1522 1841 1840 
5920 2834 4070 3671 
5921 2767 3827 1914 
5922 695 4113 3026 
5923 2065 2780 1958 
5924 2516 2517 2513 
5925 2138 3678 2992 
5926 2285 4310 2809 
5927 2153 2417 2416 
5928 1045 1055 1052 
5929 2952 3866 2953 
5930 2239 3882 3185 
5931 3067 3938 3218 
5932 1327 1331 1328 
5933 2787 4242 2788 
5934 3588 4129 1156 
5935 3295 4064 763 
5936 738 3374 2943 
5937 2164 3954 2163 
5938 1382 3910 890 
5939 1233 1234 1232 
5940 906 907 905 
5941 2764 4160 2885 
5942 1300 3319 1301 
5943 1156 4339 1043 
5944 1233 2220 1242 
5945 3775 3825 2733 
5946 3183 3918 723 
5947 2936 4139 748 
5948 2912 3872 1361 
5949 2099 3661 3054 
5950 2642 4287 2641 
5951 443 3437 442 
5952 2275 3797 2853 
5953 769 3868 872 
5954 1243 3306 1244 
5955 1208 3462 1211 
5956 1238 3284 1241 
5957 2956 3359 704 
5958 690 4020 3060 
5959 2670 2984 1969 
5960 2970 3760 679 
5961 2000 3327 1778 
5962 2192 3941 2194 
5963 2907 4088 2656 
5964 1741 1744 1743 
5965 1766 3420 1495 
5966 508 3472 507 
5967 2737 3664 2736 
5968 3326 4176 2811 
5969 2840 3922 2887 
5970 2199 3220 1643 
5971 3088 4324 2510 
5972 1947 2937 2017 
5973 3803 3889 3261 
5974 1606 2976 1605 
5975 1643 3106 1569 
5976 1827 2420 2011 
5977 1878 1985 1723 
5978 1150 3549 1222 
5979 3033 4267 752 
5980 2223 2225 2224 
5981 2216 3489 2211 
5982 2756 3395 2804 
5983 1642 2223 2199 
5984 1939 2260 1941 
5985 3402 3583 1034 
5986 2177 3042 2131 
5987 2231 3895 2229 
5988 1773 2034 1844 
5989 1036 3244 1184 
5990 2632 4123 2631 
5991 2148 2149 2147 
5992 410 3055 778 
5993 518 3056 777 
5994 3193 3358 831 
5995 2449 3894 3264 
5996 3123 3901 2248 
5997 1968 2790 1955 
5998 2809 3749 2810 
5999 1132 3285 1134 
6000 3047 3186 1763 
6001 3076 3931 3201 
6002 732 3731 3564 
6003 2939 4262 2940 
6004 2828 4275 4239 
6005 1063 1423 1065 
6006 3302 4131 1154 
6007 2063 3452 1720 
6008 1841 2227 2226 
6009 3078 4317 2954 
6010 3154 4006 3889 
6011 2531 4316 3175 
6012 2072 2964 1544 
6013 1748 4204 2025 
6014 1166 3883 3311 
6015 588 3498 667 
6016 3019 3633 710 
6017 2129 4077 2838 
6018 1635 1971 1970 
6019 1730 3190 1732 
6020 2975 3496 3146 
6021 882 883 881 
6022 1156 4137 2836 
6023 2459 2482 1446 
6024 3806 3847 2970 
6025 3975 3977 3049 
6026 3853 4309 2693 
6027 3536 3538 3535 
6028 1141 3656 1153 
6029 1391 1468 1467 
6030 1787 3393 2031 
6031 2557 4272 3687 
6032 908 909 907 
6033 1752 3393 1753 
6034 1937 2912 1935 
6035 2580 4035 3524 
6036 801 3552 3406 
6037 2898 4267 2208 
6038 3304 3986 450 
6039 3818 4073 1308 
6040 2606 3372 2065 
6041 2093 2160 1521 
6042 1437 3155 1436 
6043 1683 3216 1512 
6044 3351 3446 751 
6045 1319 1321 1318 
6046 1900 2120 1739 
6047 3249 3321 2696 
6048 2195 2709 2193 
6049 2389 4068 2677 
6050 3075 3704 3427 
6051 3082 4325 2534 
6052 3719 4302 1407 
6053 3364 3722 1469 
6054 2419 4309 3853 
6055 1545 3514 1880 
6056 1804 2037 2036 
6057 2913 4136 1770 
6058 2851 4044 2852 
6059 3062 3451 682 
6060 1832 3414 1809 
6061 2467 2494 2465 
6062 606 3518 605 
6063 2713 2966 2149 
6064 2825 4226 1863 
6065 1387 3478 1311 
6066 702 4017 3114 
6067 30 3269 29 
6068 2967 3635 2366 
6069 3322 3413 645 
6070 1452 3221 1163 
6071 2137 2138 2136 
6072 2896 4249 705 
6073 28 3278 27 
6074 1456 3420 1455 
6075 2477 2755 2473 
6076 1737 2979 1734 
6077 1320 4237 3144 
6078 1055 3135 1056 
6079 1432 3400 1433 
6080 2656 3778 2907 
6081 3066 3647 681 
6082 2753 2754 2752 
6083 2291 3288 2293 
6084 1441 4176 3326 
6085 2745 3911 2048 
6086 1531 4102 1668 
6087 1554 3400 1667 
6088 1571 3200 1439 
6089 3331 3726 1358 
6090 178 827 177 
6091 381 828 380 
6092 1896 3599 1897 
6093 1088 3187 1085 
6094 1963 3617 2456 
6095 2227 2358 2357 
6096 1401 3447 1189 
6097 867 4331 407 
6098 753 4116 3345 
6099 2948 3500 1828 
6100 3995 4020 2119 
6101 1332 3234 1182 
6102 1344 3415 1343 
6103 3381 3488 2376 
6104 177 3274 176 
6105 380 3275 379 
6106 29 826 28 
6107 232 825 231 
6108 374 3265 373 
6109 2874 3500 2050 
6110 1853 2491 2066 
6111 2529 4220 2875 
6112 1632 3546 1377 
6113 180 717 179 
6114 26 693 25 
6115 383 716 382 
6116 229 692 228 
6117 891 4028 3402 
6118 1867 2075 2074 
6119 2935 4261 2965 
6120 2941 4144 3921 
6121 1079 3386 2904 
6122 2693 3353 1949 
6123 2707 4037 1402 
6124 1981 3810 1982 
6125 2292 4182 2290 
6126 1775 3327 1774 
6127 3118 4281 3347 
6128 1232 3407 1231 
6129 3898 4013 2555 
6130 379 643 378 
6131 176 644 175 
6132 3207 4032 2657 
6133 3329 3684 2703 
6134 179 3293 178 
6135 27 3294 26 
6136 2619 3758 2095 
6137 1952 2063 1720 
6138 1537 3225 1404 
6139 1998 2000 1778 
6140 2135 2137 2136 
6141 3489 4061 2210 
6142 2422 4135 4108 
6143 2774 4008 3357 
6144 1340 1341 1321 
6145 1611 3392 1610 
6146 1239 2135 1243 
6147 2274 4065 1264 
6148 2037 4112 2915 
6149 1167 3883 1166 
6150 1239 1243 1240 
6151 2231 4007 3895 
6152 880 881 879 
6153 779 4280 3502 
6154 1689 2598 1691 
6155 2155 3273 2882 
6156 1610 2977 2976 
6157 682 3451 3262 
6158 1043 4339 1041 
6159 3260 4265 1966 
6160 895 994 893 
6161 4001 4187 3163 
6162 2015 4337 2664 
6163 4118 4201 1175 
6164 1287 1299 1289 
6165 2452 3225 2982 
6166 1049 3549 1150 
6167 1542 3415 1347 
6168 378 3271 377 
6169 31 684 30 
6170 175 3270 174 
6171 234 683 233 
6172 2221 2409 2030 
6173 2463 2475 2461 
6174 736 3925 3209 
6175 636 3988 3380 
6176 2198 4130 1724 
6177 2159 3487 1907 
6178 2233 4007 2231 
6179 3281 3886 741 
6180 1418 3484 1421 
6181 3423 3906 3001 
6182 227 833 226 
6183 182 836 181 
6184 24 834 23 
6185 385 837 384 
6186 1396 3591 1443 
6187 2340 3658 1937 
6188 2858 3200 1571 
6189 2429 3915 2699 
6190 2052 3760 2970 
6191 2057 4032 3207 
6192 1302 3462 2123 
6193 2009 3185 2079 
6194 3071 3600 3065 
6195 606 3706 3518 
6196 1488 3482 1532 
6197 1732 3190 2043 
6198 1481 3211 1479 
6199 2564 3795 2898 
6200 1755 3438 1754 
6201 3112 4141 2011 
6202 2160 3447 1521 
6203 1839 2006 1902 
6204 1899 3382 2981 
6205 1468 2269 1763 
6206 1163 3221 1165 
6207 1524 1784 1698 
6208 2514 3312 3265 
6209 2928 3311 3238 
6210 1194 3237 1381 
6211 1893 2830 1768 
6212 377 824 376 
6213 32 3259 31 
6214 174 823 173 
6215 235 3258 234 
6216 2096 2097 1255 
6217 2230 2234 2232 
6218 1805 3414 1804 
6219 1406 1627 1341 
6220 384 3337 383 
6221 181 3338 180 
6222 228 3339 227 
6223 2754 3622 2752 
6224 3101 3547 1457 
6225 1352 3237 1194 
6226 3703 3905 1402 
6227 2043 3429 2044 
6228 35 3298 34 
6229 238 3299 237 
6230 2245 2248 2247 
6231 1996 3397 1994 
6232 1975 3296 1900 
6233 3045 3991 2764 
6234 2123 2382 1911 
6235 3235 3495 3236 
6236 23 3333 22 
6237 226 3332 225 
6238 2186 4153 4052 
6239 2595 4320 3794 
6240 1262 1511 1379 
6241 1182 3234 1187 
6242 132 3309 131 
6243 71 3291 70 
6244 2098 2099 2097 
6245 2023 3947 1783 
6246 878 879 877 
6247 966 4269 968 
6248 1358 3726 1359 
6249 1627 1912 1341 
6250 1754 2486 1997 
6251 3070 4301 800 
6252 2097 3718 3445 
6253 2791 2858 1954 
6254 3195 3331 2724 
6255 1567 1642 1569 
6256 128 832 127 
6257 331 831 330 
6258 1236 1239 1238 
6259 2033 3545 2820 
6260 280 830 279 
6261 77 829 76 
6262 332 3315 331 
6263 129 3316 128 
6264 3457 3861 844 
6265 3687 3934 2557 
6266 1255 3445 1256 
6267 1554 1667 1556 
6268 282 642 281 
6269 79 641 78 
6270 2968 4123 2632 
6271 851 3853 3147 
6272 2172 3250 2173 
6273 2833 3891 1147 
6274 173 3282 172 
6275 376 3281 375 
6276 1152 3611 1142 
6277 1324 3485 1327 
6278 1558 1749 1560 
6279 2950 3514 2005 
6280 3252 3831 3786 
6281 3142 3694 671 
6282 1468 1763 1501 
6283 1747 3453 2669 
6284 78 3342 77 
6285 281 3343 280 
6286 1835 3957 2085 
6287 3635 4200 747 
6288 1622 3596 1620 
6289 76 3307 75 
6290 130 762 129 
6291 333 763 332 
6292 1175 3455 1176 
6293 1750 2823 1752 
6294 1562 1565 1564 
6295 2269 2271 2270 
6296 1207 3462 1208 
6297 1787 2031 1789 
6298 126 635 125 
6299 329 636 328 
6300 1219 4212 3238 
6301 2438 3924 2443 
6302 4042 4045 1012 
6303 1511 1945 1863 
6304 387 639 386 
6305 184 640 183 
6306 168 3286 167 
6307 2123 3551 2625 
6308 1349 1542 1347 
6309 1056 3135 1061 
6310 1222 1884 1224 
6311 1291 1375 1293 
6312 3476 3700 848 
6313 3822 3837 2266 
6314 3010 3925 736 
6315 1226 1362 1228 
6316 1302 1575 1300 
6317 1230 1233 1232 
6318 1578 3598 2178 
6319 1800 2856 1797 
6320 1815 3605 1833 
6321 1949 3353 2937 
6322 1497 1766 1495 
6323 75 761 74 
6324 334 3295 333 
6325 278 760 277 
6326 876 877 875 
6327 2028 2909 1894 
6328 2380 4338 1837 
6329 1768 3546 1632 
6330 1311 3478 1310 
6331 719 3833 3804 
6332 337 3323 336 
6333 134 3325 133 
6334 1057 4333 1125 
6335 2783 4329 3693 
6336 1441 3326 1284 
6337 2796 4142 2793 
6338 330 3358 329 
6339 127 3357 126 
6340 3695 4329 2659 
6341 1728 3927 2400 
6342 644 4135 3270 
6343 1733 1969 1499 
6344 1811 1832 1809 
6345 284 838 283 
6346 81 835 80 
6347 1315 3477 1314 
6348 2292 4274 4182 
6349 1793 2007 1921 
6350 981 4320 979 
6351 1925 2219 2217 
6352 2946 3280 3164 
6353 607 3706 606 
6354 685 3715 3025 
6355 1323 3485 1324 
6356 1262 3260 1511 
6357 1536 4224 1781 
6358 1804 2036 1802 
6359 2079 3379 1761 
6360 102 4183 3158 
6361 1879 3344 2841 
6362 1440 3155 1437 
6363 2375 4025 2372 
6364 1417 3484 1418 
6365 2173 2175 2174 
6366 3189 3694 3142 
6367 1616 1771 1614 
6368 2942 3876 2024 
6369 873 3344 1879 
6370 592 4099 3637 
6371 1321 1322 1318 
6372 2165 3594 3157 
6373 3000 3603 3550 
6374 1246 3602 1248 
6375 2074 3438 1758 
6376 2111 2116 2113 
6377 1911 1933 1575 
6378 1867 2074 1758 
6379 1487 3482 1488 
6380 2803 4120 1174 
6381 172 740 171 
6382 375 741 374 
6383 34 819 33 
6384 237 820 236 
6385 3637 4041 592 
6386 1844 4295 2951 
6387 2103 2143 2105 
6388 2115 2849 2190 
6389 2322 3940 2916 
6390 2349 4173 2360 
6391 1991 3216 1683 
6392 1841 2561 2227 
6393 3181 4009 787 
6394 2660 4065 2159 
6395 1217 1219 1215 
6396 327 839 326 
6397 124 840 123 
6398 1899 2981 1706 
6399 80 3366 79 
6400 283 3367 282 
6401 1310 3260 1263 
6402 1635 1972 1971 
6403 2471 3363 2467 
6404 1301 3319 1323 
6405 2682 3974 2781 
6406 21 697 20 
6407 224 698 223 
6408 2710 3188 2709 
6409 478 3649 477 
6410 2826 4158 953 
6411 1907 3487 1963 
6412 1327 1634 1331 
6413 1169 3612 1096 
6414 183 3377 182 
6415 386 3378 385 
6416 3878 4008 2360 
6417 3885 4305 1023 
6418 2792 3949 2794 
6419 1295 1389 1297 
6420 1594 2042 1592 
6421 907 919 905 
6422 784 3651 458 
6423 1842 1916 1538 
6424 1244 3306 1253 
6425 2640 3439 3371 
6426 1754 1997 1671 
6427 2128 3605 1815 
6428 1853 2066 1851 
6429 82 3365 81 
6430 3756 3812 2209 
6431 2189 3658 2776 
6432 3155 3156 1436 
6433 699 3907 3506 
6434 1774 3211 1481 
6435 1849 2836 1847 
6436 2981 2982 1705 
6437 1598 1875 1596 
6438 1283 2089 1441 
6439 2938 3869 2630 
6440 1950 3416 1981 
6441 1099 3187 1088 
6442 1603 2272 1601 
6443 1610 2976 1606 
6444 1200 1206 1204 
6445 1906 2635 2159 
6446 1270 1280 1272 
6447 1421 1523 1522 
6448 1009 2947 2946 
6449 2411 3446 3351 
6450 1262 1379 1260 
6451 1251 2096 1255 
6452 1395 1397 1387 
6453 1532 1842 1538 
6454 336 646 335 
6455 133 647 132 
6456 276 3356 275 
6457 1211 1302 1300 
6458 3454 4182 3572 
6459 2814 2815 1916 
6460 1839 1902 1713 
6461 2259 2670 1969 
6462 2173 2174 1351 
6463 1274 1383 1276 
6464 1409 1506 1411 
6465 1870 2990 1896 
6466 271 3318 270 
6467 901 923 899 
6468 1277 3610 1279 
6469 1685 3912 2354 
6470 3195 3809 1506 
6471 1574 3601 1639 
6472 1711 2179 1709 
6473 1702 2134 1856 
6474 1695 2151 1915 
6475 2635 2660 2159 
6476 712 3614 3147 
6477 286 721 285 
6478 1318 3477 1315 
6479 136 3359 135 
6480 328 3380 327 
6481 1994 3397 2742 
6482 1705 3225 1537 
6483 1081 3386 1079 
6484 3496 3497 2367 
6485 687 3488 3381 
6486 2089 2090 1441 
6487 799 3704 3075 
6488 1983 3697 2040 
6489 1051 4192 1180 
6490 3743 4337 2015 
6491 2913 3944 2751 
6492 3822 4087 1474 
6493 1587 3627 1585 
6494 1331 3364 1328 
6495 1454 3630 1366 
6496 2103 3429 2143 
6497 2847 3751 701 
6498 570 3716 569 
6499 1173 3305 1124 
6500 2378 4040 3893 
6501 3893 4040 3467 
6502 3091 4085 655 
6503 3000 3550 707 
6504 2091 2751 2090 
6505 1634 1635 1331 
6506 186 841 185 
6507 389 842 388 
6508 3861 3896 2316 
6509 1657 3979 1508 
6510 1642 2199 1643 
6511 275 654 274 
6512 72 653 71 
6513 1124 3305 1582 
6514 225 3401 224 
6515 3038 3747 776 
6516 2297 4132 3769 
6517 1399 3591 1396 
6518 1109 4193 1108 
6519 3600 3762 3065 
6520 1233 1242 1234 
6521 2825 4158 2826 
6522 727 4317 3078 
6523 1978 3495 3235 
6524 3228 3651 784 
6525 2240 3651 3228 
6526 2558 4334 3882 
6527 1991 4148 2892 
6528 1972 2361 1971 
6529 1165 3221 1352 
6530 2370 3945 2374 
6531 122 724 121 
6532 84 701 83 
6533 325 720 324 
6534 3046 4264 3510 
6535 2180 4249 2896 
6536 3218 3938 2479 
6537 2223 2224 2199 
6538 2768 3702 2496 
6539 2486 2890 1997 
6540 3119 3995 2618 
6541 1106 3899 3256 
6542 2225 2828 2224 
6543 285 3396 284 
6544 2089 2091 2090 
6545 2135 2136 1243 
6546 2914 4274 2292 
6547 2091 2752 2751 
6548 714 4282 2916 
6549 1580 3598 1578 
6550 1332 3755 3417 
6551 1918 3919 2118 
6552 2916 4282 2917 
6553 2643 4206 2642 
6554 1284 3326 1513 
6555 2037 2915 2036 
6556 1381 3237 1657 
6557 2516 3273 2517 
6558 2710 4324 3088 
6559 2046 3346 1836 
6560 1457 3652 2947 
6561 1842 2814 1916 
6562 2444 3906 3423 
6563 1548 3597 1551 
6564 239 675 238 
6565 170 3313 169 
6566 36 676 35 
6567 373 3312 372 
6568 2491 2537 2066 
6569 1627 2002 1912 
6570 4142 4208 1618 
6571 1744 3243 1745 
6572 1664 4337 2262 
6573 2175 2176 2174 
6574 279 3424 278 
6575 4041 4094 751 
6576 2269 2270 1763 
6577 2766 4094 4041 
6578 3238 4212 3239 
6579 2075 3350 2074 
6580 1302 1911 1575 
6581 338 821 337 
6582 135 822 134 
6583 2403 4208 4142 
6584 1511 1863 1379 
6585 2096 2098 2097 
6586 1771 3392 1614 
6587 703 4274 2914 
6588 2006 2144 1902 
6589 1763 3186 1501 
6590 3336 3992 3335 
6591 551 3680 550 
6592 1187 3234 1358 
6593 2014 3422 1952 
6594 1945 2824 1863 
6595 843 4182 3454 
6596 2098 2100 2099 
6597 3811 4243 648 
6598 2855 3508 2243 
6599 222 844 221 
6600 19 843 18 
6601 3160 3714 3161 
6602 3173 4318 2351 
6603 288 847 287 
6604 341 3375 340 
6605 138 3376 137 
6606 165 3355 164 
6607 3147 3853 2693 
6608 3334 3336 3335 
6609 3805 3889 861 
6610 388 3430 387 
6611 185 3431 184 
6612 326 3425 325 
6613 2088 4163 3130 
6614 3189 3853 851 
6615 3772 4327 3973 
6616 2059 3921 2060 
6617 728 3158 3153 
6618 2944 4063 2116 
6619 2662 4217 3315 
6620 3936 4157 1485 
6621 1575 3319 1300 
6622 3296 3586 1161 
6623 1814 4289 2398 
6624 1823 3329 1647 
6625 1821 3386 1081 
6626 1656 3310 1697 
6627 3775 4019 773 
6628 735 3336 3334 
6629 1624 4133 3817 
6630 1328 3364 1330 
6631 1270 3445 1280 
6632 1804 3414 2037 
6633 4036 4233 2038 
6634 2892 4148 1451 
6635 2495 4268 2672 
6636 3316 4255 832 
6637 1050 4054 1119 
6638 419 3691 418 
6639 1267 3589 1449 
6640 2625 3551 3229 
6641 2962 4280 513 
6642 3431 4328 3199 
6643 390 3426 389 
6644 3271 3272 824 
6645 2918 3950 1476 
6646 273 3360 272 
6647 1034 4335 3297 
6648 3163 4187 2396 
6649 1200 3455 1206 
6650 2984 3529 1969 
6651 799 3790 3704 
6652 372 656 371 
6653 240 3277 239 
6654 169 655 168 
6655 1989 4038 3152 
6656 2357 4215 2226 
6657 3149 4164 2679 
6658 3217 3488 687 
6659 2397 3877 3850 
6660 3311 3883 1219 
6661 268 3371 267 
6662 65 3370 64 
6663 120 848 119 
6664 86 846 85 
6665 323 845 322 
6666 1222 3549 1884 
6667 493 3725 492 
6668 1722 3827 2816 
6669 834 3676 3333 
6670 3681 3730 2283 
6671 3357 4008 635 
6672 40 3387 39 
6673 2178 3902 3303 
6674 3427 3704 2281 
6675 3302 3798 2598 
6676 3129 3654 3208 
6677 287 3441 286 
6678 1782 4149 2052 
6679 1116 4185 3788 
6680 3081 4325 3082 
6681 1233 3517 2220 
6682 559 3785 558 
6683 1868 3453 1747 
6684 2528 3856 3855 
6685 2852 4044 3568 
6686 778 3041 202 
6687 777 3040 405 
6688 3094 4098 3787 
6689 2279 3936 2835 
6690 3131 3866 2073 
6691 223 3457 222 
6692 20 3456 19 
6693 1582 3744 3178 
6694 2440 4276 4169 
6695 1642 3526 2223 
6696 3682 3737 803 
6697 2969 3915 2433 
6698 3143 3900 2415 
6699 1211 3462 1302 
6700 1899 3888 3382 
6701 2945 4231 2805 
6702 3126 3731 732 
6703 2500 3638 1999 
6704 992 4186 1010 
6705 3581 4040 3998 
6706 3486 3824 719 
6707 3749 4211 534 
6708 137 704 136 
6709 69 743 68 
6710 272 742 271 
6711 340 705 339 
6712 795 4078 3069 
6713 462 4200 2967 
6714 2005 3514 1545 
6715 2164 4228 3580 
6716 3345 4116 2747 
6717 343 3413 342 
6718 140 3412 139 
6719 1093 3955 3350 
6720 3257 3391 3116 
6721 18 3454 17 
6722 2343 3918 3183 
6723 3432 3811 648 
6724 290 665 289 
6725 2572 3937 2827 
6726 3042 3473 1464 
6727 2351 4318 2808 
6728 3152 4038 2300 
6729 1876 4132 2297 
6730 2547 3593 2544 
6731 1912 3745 2885 
6732 1472 4061 1659 
6733 3120 3745 2002 
6734 3124 3699 1153 
6735 1610 3392 2977 
6736 822 3840 3325 
6737 2700 3839 3206 
6738 236 3512 235 
6739 85 3474 84 
6740 324 3475 323 
6741 121 3476 120 
6742 2202 3701 2205 
6743 1108 4083 1100 
6744 2927 3667 3058 
6745 534 4043 3749 
6746 189 713 188 
6747 392 712 391 
6748 3065 3762 651 
6749 1031 3398 1045 
6750 148 3844 3174 
6751 584 3768 583 
6752 3547 3652 1457 
6753 1439 3200 1440 
6754 1114 4118 1175 
6755 3600 3730 3681 
6756 3184 4198 796 
6757 2461 3434 2459 
6758 1397 3478 1387 
6759 1476 3344 875 
6760 2185 4005 2302 
6761 963 3622 966 
6762 2136 3306 1243 
6763 2770 4140 3318 
6764 2287 4232 2289 
6765 3594 3699 3124 
6766 726 3757 3064 
6767 322 3466 321 
6768 87 3468 86 
6769 2919 4116 3011 
6770 3405 3865 2691 
6771 3470 3478 1397 
6772 2068 4246 1830 
6773 1397 4235 3321 
6774 2762 3744 3045 
6775 1609 3871 2933 
6776 3507 4058 3198 
6777 713 3613 2844 
6778 1885 4250 2304 
6779 3245 3900 772 
6780 2265 3822 2203 
6781 2844 3613 850 
6782 3487 3617 1963 
6783 3072 3790 799 
6784 118 668 117 
6785 2900 4251 2296 
6786 1364 3444 1391 
6787 2098 3657 2100 
6788 4169 4276 2441 
6789 2191 3987 3109 
6790 2097 3445 1255 
6791 3452 3742 2563 
6792 1423 3770 1065 
6793 167 3373 166 
6794 370 3374 369 
6795 242 814 241 
6796 39 813 38 
6797 2078 3450 3372 
6798 2288 3762 3600 
6799 635 4008 3341 
6800 2940 3874 1102 
6801 1314 3305 1173 
6802 2282 4213 1862 
6803 2302 4074 2186 
6804 3551 4222 3229 
6805 3218 4278 2481 
6806 1935 3435 1878 
6807 2418 4309 2419 
6808 2898 3795 3034 
6809 365 3409 364 
6810 162 3410 161 
6811 1900 3296 2120 
6812 1308 3987 3818 
6813 1421 3484 1523 
6814 1881 3734 1939 
6815 1990 3686 3319 
6816 815 3440 2955 
6817 723 3918 3007 
6818 1745 3243 1868 
6819 219 702 218 
6820 16 703 15 
6821 2785 3823 2786 
6822 3199 4328 2101 
6823 1145 3999 3138 
6824 1628 4098 1630 
6825 875 3344 873 
6826 2152 3900 3245 
6827 469 3839 468 
6828 1754 3438 2486 
6829 2822 4189 760 
6830 2570 4156 3324 
6831 808 3860 3161 
6832 3069 4078 3131 
6833 768 4236 517 
6834 861 3889 3803 
6835 1532 3482 1842 
6836 1161 3586 3328 
6837 2253 3562 2276 
6838 3318 4140 3389 
6839 3208 3654 2992 
6840 4239 4275 1072 
6841 1436 3591 1399 
6842 3243 3256 1868 
6843 2388 3310 1656 
6844 139 818 138 
6845 342 817 341 
6846 270 3389 269 
6847 3140 4221 3443 
6848 2473 3471 2471 
6849 1202 3788 1909 
6850 826 3813 3278 
6851 205 3867 768 
6852 2 3868 769 
6853 1067 3770 1113 
6854 2514 4203 3312 
6855 629 3522 3405 
6856 2147 3346 2046 
6857 2786 3823 3222 
6858 1327 3485 1634 
6859 391 3528 390 
6860 3182 4196 797 
6861 2247 3464 2291 
6862 1513 3326 2005 
6863 3108 3563 811 
6864 2951 4295 2165 
6865 320 659 319 
6866 89 660 88 
6867 292 849 291 
6868 3328 3911 1370 
6869 3406 3552 629 
6870 716 4219 3780 
6871 3349 3595 1299 
6872 2966 4237 1320 
6873 679 3806 2970 
6874 43 3448 42 
6875 1470 3912 1685 
6876 2025 4204 3702 
6877 2395 4122 3005 
6878 3001 3906 781 
6879 683 4164 3683 
6880 2193 3494 1968 
6881 2259 3402 2670 
6882 2359 4240 2357 
6883 899 3555 897 
6884 2979 3604 3583 
6885 3073 4310 2285 
6886 2065 3372 2780 
6887 2197 3781 2876 
6888 3862 4020 690 
6889 988 3794 984 
6890 1697 3310 1906 
6891 2828 3301 2224 
6892 2367 3834 2365 
6893 1449 3589 1695 
6894 674 3842 3028 
6895 3368 3753 3670 
6896 2465 3479 2463 
6897 1065 3770 1067 
6898 1946 3329 1823 
6899 369 738 368 
6900 166 739 165 
6901 2156 3920 2093 
6902 2805 4231 3549 
6903 3420 3421 1455 
6904 3632 3930 3820 
6905 2280 3958 2283 
6906 119 3542 118 
6907 3502 3779 779 
6908 657 3969 3020 
6909 1093 4166 3955 
6910 3322 4294 3413 
6911 2841 4168 2840 
6912 143 3459 142 
6913 346 3460 345 
6914 1503 3510 1524 
6915 2830 3546 1768 
6916 1234 3503 1236 
6917 1560 3507 1562 
6918 1499 3529 1497 
6919 2954 4111 3078 
6920 1543 3919 1918 
6921 3419 3660 678 
6922 2139 3678 2138 
6923 485 3845 484 
6924 3387 3388 813 
6925 1322 3477 1318 
6926 1942 4093 878 
6927 3111 3771 783 
6928 1556 3513 1558 
6929 2788 3826 3777 
6930 1239 3503 2135 
6931 1279 3610 1283 
6932 191 850 190 
6933 394 851 393 
6934 787 4009 3215 
6935 2243 3508 2245 
6936 2783 3933 2384 
6937 3762 3931 651 
6938 1228 3517 1230 
6939 66 663 65 
6940 269 664 268 
6941 2001 4277 3285 
6942 2124 3927 3125 
6943 1224 3519 1226 
6944 1923 3525 1925 
6945 2109 3533 2111 
6946 2771 3256 3243 
6947 1469 3444 1364 
6948 1709 3598 1580 
6949 2664 3543 2014 
6950 117 3535 116 
6951 1330 3364 1469 
6952 3394 3767 1784 
6953 1551 3597 1702 
6954 1289 3540 1291 
6955 2016 3909 2730 
6956 3388 4207 2257 
6957 3288 3464 1473 
6958 3511 3515 631 
6959 2602 4107 2600 
6960 3596 4137 2588 
6961 1723 3766 1528 
6962 1192 4018 1447 
6963 2434 3871 3102 
6964 2586 3908 3527 
6965 3815 3902 2178 
6966 2107 3534 2109 
6967 845 3467 3466 
6968 1564 3526 1567 
6969 1455 3530 1349 
6970 1197 3398 1031 
6971 1351 3612 1169 
6972 2011 4141 2170 
6973 17 3572 16 
6974 171 3616 170 
6975 3022 4261 2935 
6976 510 3897 509 
6977 800 3754 3197 
6978 3893 4238 2378 
6979 3773 4019 3693 
6980 1639 3601 1870 
6981 2346 4313 2880 
6982 2491 4233 4036 
6983 914 3750 918 
6984 863 3677 3283 
6985 1783 3947 1509 
6986 2467 3363 2494 
6987 2406 3977 3975 
6988 3005 4122 1806 
6989 711 4127 3442 
6990 3186 3510 1503 
6991 3965 4201 2864 
6992 3399 3543 2664 
6993 1248 3602 1251 
6994 2982 3225 1705 
6995 60 3461 59 
6996 244 662 243 
6997 41 661 40 
6998 970 4057 969 
6999 1921 3541 1923 
7000 3127 3758 750 
7001 1897 3599 1950 
7002 88 3579 87 
7003 291 3582 290 
7004 321 3581 320 
7005 2895 3521 804 
7006 1260 3611 1152 
7007 3714 4221 3140 
7008 4097 4262 2000 
7009 2186 4052 1785 
7010 1847 3596 1622 
7011 807 3807 2971 
7012 3296 3297 2120 
7013 715 4327 3772 
7014 638 3521 2895 
7015 3173 3844 731 
7016 778 3978 3041 
7017 3340 3863 840 
7018 1592 3627 1587 
7019 3077 4128 2478 
7020 3780 4219 3255 
7021 14 852 13 
7022 217 853 216 
7023 344 645 343 
7024 141 650 140 
7025 335 3642 334 
7026 3522 3865 3405 
7027 2949 3884 654 
7028 2393 4122 2395 
7029 248 3492 247 
7030 45 3490 44 
7031 1671 3630 1454 
7032 3236 3707 67 
7033 3683 4164 3166 
7034 1339 4115 3610 
7035 860 3738 3180 
7036 2135 4181 2137 
7037 2144 3620 1902 
7038 1727 4032 2057 
7039 2161 3888 1817 
7040 4129 4339 1156 
7041 2843 4151 3752 
7042 115 767 114 
7043 318 856 317 
7044 2997 3963 737 
7045 3061 3907 699 
7046 2456 3732 3196 
7047 1468 3444 2269 
7048 1040 4042 1025 
7049 756 3799 3194 
7050 90 3575 89 
7051 293 3574 292 
7052 3145 3711 2350 
7053 25 3673 24 
7054 3283 3677 2424 
7055 1878 3435 1985 
7056 3525 4034 2219 
7057 4099 4270 2765 
7058 2257 4153 3388 
7059 2232 3712 2249 
7060 2540 3952 2932 
7061 1333 3879 3422 
7062 869 4049 446 
7063 868 4050 554 
7064 620 3922 780 
7065 3711 4224 2348 
7066 2113 3560 2115 
7067 2048 3586 1975 
7068 2105 3559 2107 
7069 3525 3541 1305 
7070 722 3964 3032 
7071 3384 3385 650 
7072 2420 4073 3818 
7073 2030 3606 2028 
7074 233 3683 232 
7075 1293 3571 1295 
7076 2599 4264 3046 
7077 190 3613 189 
7078 393 3614 392 
7079 1869 3585 3212 
7080 3382 3792 1125 
7081 3331 4297 2724 
7082 1413 4150 3348 
7083 3060 4020 3119 
7084 1691 3798 1741 
7085 1359 3726 1409 
7086 3600 3681 2288 
7087 1739 3604 1737 
7088 2196 3953 3781 
7089 1045 3398 1055 
7090 1698 3767 1750 
7091 164 3432 163 
7092 42 3368 41 
7093 245 3463 244 
7094 2307 4022 3930 
7095 3344 3950 2841 
7096 759 3938 3067 
7097 668 3536 3535 
7098 2807 3995 2119 
7099 825 3801 3724 
7100 131 3674 130 
7101 2550 4141 3112 
7102 2786 3458 2175 
7103 3449 3753 3448 
7104 1952 3422 2063 
7105 2940 4262 4097 
7106 3088 3929 1419 
7107 146 3515 145 
7108 2777 3721 3640 
7109 2355 4143 2649 
7110 267 3439 266 
7111 64 3440 63 
7112 345 3383 344 
7113 142 3384 141 
7114 3592 3917 1985 
7115 2177 3473 3042 
7116 2989 3976 2681 
7117 3416 3599 2711 
7118 2098 4197 3657 
7119 2880 4313 1977 
7120 2812 3771 3111 
7121 611 3951 610 
7122 1242 3503 1234 
7123 3443 4089 2013 
7124 2689 4006 3154 
7125 1741 3798 1744 
7126 3362 4068 2019 
7127 2258 4056 1857 
7128 3222 3823 3221 
7129 3086 4191 3171 
7130 2736 4147 2611 
7131 92 766 91 
7132 295 711 294 
7133 3166 4164 3149 
7134 3368 3670 661 
7135 192 3609 191 
7136 3423 3729 2445 
7137 651 3931 3076 
7138 3054 3661 986 
7139 2338 4241 3771 
7140 3763 3814 3421 
7141 845 3894 3467 
7142 3196 3441 847 
7143 250 3520 249 
7144 47 3521 46 
7145 1912 3672 1341 
7146 1910 3740 2952 
7147 3436 3465 734 
7148 3904 4331 867 
7149 3417 3570 2722 
7150 3106 3920 1570 
7151 998 4218 3458 
7152 2907 3778 2814 
7153 809 3449 3448 
7154 450 3986 449 
7155 746 3729 3423 
7156 3209 3545 2033 
7157 2996 4119 695 
7158 2407 4134 2404 
7159 637 3520 3191 
7160 1968 3494 2790 
7161 775 4123 2968 
7162 1391 3444 1468 
7163 3628 4163 2088 
7164 945 3916 943 
7165 3277 3746 3051 
7166 2459 3434 2482 
7167 2911 3391 3257 
7168 368 3631 367 
7169 2296 4251 3268 
7170 3051 3746 814 
7171 3703 4037 2937 
7172 2912 3435 1935 
7173 2271 3733 2270 
7174 3710 3802 3760 
7175 1875 3608 3607 
7176 15 3646 14 
7177 866 4010 515 
7178 366 649 365 
7179 163 648 162 
7180 1851 3588 1849 
7181 3150 3874 2134 
7182 573 4012 572 
7183 1802 3625 1800 
7184 4218 4248 2176 
7185 489 4014 745 
7186 231 3724 230 
7187 1305 4034 3525 
7188 63 815 62 
7189 266 816 265 
7190 1460 3983 1203 
7191 2609 4315 2801 
7192 2409 3606 2030 
7193 1939 3734 2260 
7194 116 3645 115 
7195 319 3644 318 
7196 2398 4289 3928 
7197 2475 3434 2461 
7198 3114 4017 3115 
7199 930 3984 931 
7200 1902 3620 3619 
7201 3137 3929 2509 
7202 2980 3993 819 
7203 1574 4319 3601 
7204 1908 4071 2893 
7205 1099 3569 3187 
7206 3248 3792 2161 
7207 194 672 193 
7208 397 671 396 
7209 2215 3752 2230 
7210 3156 3591 1436 
7211 246 3618 245 
7212 1635 3821 1972 
7213 688 4027 491 
7214 577 4029 576 
7215 1985 3766 1723 
7216 316 733 315 
7217 672 4329 3695 
7218 731 4318 3173 
7219 3011 4116 753 
7220 2099 3718 2097 
7221 3611 4226 2200 
7222 1704 3812 2142 
7223 2307 4177 1892 
7224 3821 3891 1972 
7225 1916 3787 1538 
7226 3620 3782 1137 
7227 1985 3917 3766 
7228 1636 4038 1989 
7229 2755 3471 2473 
7230 591 4041 751 
7231 1752 3504 3393 
7232 2296 4026 1725 
7233 825 3683 3166 
7234 3484 4283 2775 
7235 3382 3544 2981 
7236 2265 4076 3633 
7237 13 3640 12 
7238 216 3639 215 
7239 1996 3935 3397 
7240 2463 3479 2475 
7241 3887 4212 1219 
7242 3321 4117 1397 
7243 114 3641 113 
7244 22 3728 21 
7245 2315 3966 2318 
7246 2494 3479 2465 
7247 1254 4257 3132 
7248 352 3564 351 
7249 2789 4180 1813 
7250 2291 3464 3288 
7251 3426 3528 2642 
7252 3159 3673 693 
7253 1906 3310 2635 
7254 2709 3494 2193 
7255 3271 3875 3272 
7256 3421 3531 3530 
7257 770 3741 3710 
7258 3050 4114 2715 
7259 3213 4011 854 
7260 2900 4172 3490 
7261 1299 3540 1289 
7262 2248 3464 2247 
7263 3280 3666 2220 
7264 2143 3636 3559 
7265 539 4033 538 
7266 1090 3999 1145 
7267 3145 4255 2446 
7268 44 809 43 
7269 247 810 246 
7270 2548 4288 2547 
7271 2101 4328 3418 
7272 258 3558 257 
7273 55 3557 54 
7274 144 734 143 
7275 347 735 346 
7276 265 3481 264 
7277 62 3480 61 
7278 3287 3761 1197 
7279 2392 4281 3118 
7280 50 3567 49 
7281 3071 3730 3600 
7282 2220 3666 1242 
7283 1982 3810 2078 
7284 923 3555 899 
7285 2175 3458 2176 
7286 3216 4178 1512 
7287 3705 4056 2258 
7288 209 3679 730 
7289 4014 4254 745 
7290 587 4091 586 
7291 1283 3610 2089 
7292 1969 3529 1499 
7293 1253 4197 3602 
7294 3632 3820 2738 
7295 1349 3530 1542 
7296 677 4099 593 
7297 91 3669 90 
7298 3052 3959 656 
7299 3574 3723 3442 
7300 3566 4259 2488 
7301 214 714 213 
7302 11 715 10 
7303 112 706 111 
7304 94 857 93 
7305 2500 3946 3638 
7306 1524 3510 1784 
7307 2034 3699 3594 
7308 1020 4165 4070 
7309 1272 3624 1274 
7310 2418 3703 3353 
7311 3061 4316 3907 
7312 2419 3853 3189 
7313 3028 3854 3027 
7314 1667 3513 1556 
7315 3341 3878 3204 
7316 1841 3665 2561 
7317 2823 3504 1752 
7318 1695 3589 2151 
7319 2471 3471 3363 
7320 3882 4334 2368 
7321 1713 3619 1711 
7322 3037 3982 788 
7323 3132 4257 1915 
7324 1497 3529 1766 
7325 3098 4110 73 
7326 1596 3607 1594 
7327 1236 3503 1239 
7328 2245 3508 2248 
7329 3228 3882 2239 
7330 255 3576 254 
7331 52 3577 51 
7332 3472 4322 3039 
7333 1558 3513 1749 
7334 1749 3507 1560 
7335 3900 4016 772 
7336 3298 3898 819 
7337 720 4332 3264 
7338 1562 3507 1565 
7339 826 3278 28 
7340 29 3269 826 
7341 382 3780 381 
7342 2788 4242 3826 
7343 1914 3827 1722 
7344 1884 3519 1224 
7345 1567 3526 1642 
7346 2677 4068 3362 
7347 1565 3526 1564 
7348 658 4261 3022 
7349 3601 4319 2569 
7350 1784 3767 1698 
7351 3585 3854 3028 
7352 2591 3838 3113 
7353 2234 3712 2232 
7354 1737 3604 2979 
7355 828 3275 380 
7356 827 3274 177 
7357 3204 3878 2087 
7358 1226 3519 1362 
7359 1362 3517 1228 
7360 1692 3834 3497 
7361 467 4154 673 
7362 2042 3627 1592 
7363 83 3751 82 
7364 3420 3763 3421 
7365 1291 3540 1375 
7366 4003 4240 2359 
7367 3282 3903 740 
7368 1230 3517 1233 
7369 3278 3294 27 
7370 798 4043 535 
7371 3138 3999 2454 
7372 3279 4128 652 
7373 355 3587 354 
7374 1925 3525 2219 
7375 2111 3533 2116 
7376 3625 3634 2856 
7377 3165 3926 2154 
7378 1660 4032 1727 
7379 178 3293 827 
7380 37 3735 36 
7381 296 3668 295 
7382 176 3274 644 
7383 379 3275 643 
7384 2875 4220 3474 
7385 3675 4194 3531 
7386 67 3707 66 
7387 1997 3630 1671 
7388 2174 3612 1351 
7389 1911 3590 1933 
7390 264 634 263 
7391 61 633 60 
7392 145 3436 144 
7393 3630 4258 2735 
7394 2036 3625 1802 
7395 2179 3598 1709 
7396 2702 4171 2893 
7397 684 3269 30 
7398 364 3491 363 
7399 161 3493 160 
7400 1538 3787 1628 
7401 1508 3979 2673 
7402 4043 4161 2810 
7403 2598 3798 1691 
7404 1875 3607 1596 
7405 3972 4142 2796 
7406 463 4200 462 
7407 26 3294 693 
7408 717 3293 179 
7409 407 4331 1 
7410 1 4331 622 
7411 2007 3541 1921 
7412 3225 4086 1404 
7413 1702 3597 2134 
7414 773 4019 3773 
7415 2737 3854 3664 
7416 298 770 297 
7417 314 860 313 
7418 1773 3913 2034 
7419 1870 3601 2990 
7420 1652 3913 1773 
7421 3417 4297 1332 
7422 2618 4161 3119 
7423 644 3270 175 
7424 643 3271 378 
7425 3390 4120 2031 
7426 1641 3864 2315 
7427 2201 3983 3701 
7428 1295 3571 1389 
7429 3119 4161 798 
7430 482 4229 481 
7431 2115 3560 2849 
7432 1601 3629 1598 
7433 1750 3767 2823 
7434 3401 3578 698 
7435 517 4236 516 
7436 758 4325 3081 
7437 2809 4310 4211 
7438 2278 3936 2279 
7439 1375 3571 1293 
7440 317 3688 316 
7441 3202 3870 3291 
7442 1379 3611 1260 
7443 1251 3602 2096 
7444 2618 3996 2617 
7445 1409 3726 1506 
7446 917 4234 922 
7447 193 3695 192 
7448 396 3694 395 
7449 2120 3604 1739 
7450 241 3746 240 
7451 2230 3752 2234 
7452 2014 3543 3422 
7453 788 3982 3314 
7454 668 3542 3537 
7455 2981 3544 2982 
7456 1950 3599 3416 
7457 2116 3560 2113 
7458 513 4280 512 
7459 461 4273 685 
7460 2143 3559 2105 
7461 2272 3629 1601 
7462 2836 3596 1847 
7463 1274 3624 1383 
7464 652 4330 3279 
7465 3691 4330 652 
7466 180 3338 717 
7467 383 3337 716 
7468 692 3339 228 
7469 2066 3588 1851 
7470 4159 4208 2403 
7471 2477 4245 2755 
7472 377 3271 824 
7473 174 3270 823 
7474 234 3258 683 
7475 31 3259 684 
7476 1975 3586 3296 
7477 3078 4111 795 
7478 1902 3619 1713 
7479 2959 4256 4114 
7480 717 3914 3293 
7481 3179 3784 860 
7482 3272 3875 2882 
7483 3115 4017 220 
7484 677 4270 4099 
7485 2267 4223 4062 
7486 249 637 248 
7487 46 638 45 
7488 363 806 362 
7489 160 805 159 
7490 2594 4256 2959 
7491 2517 4024 2513 
7492 1659 4061 3489 
7493 2382 3590 1911 
7494 2445 4276 2442 
7495 1853 4233 2491 
7496 1491 4021 1983 
7497 798 4161 4043 
7498 3211 4023 1479 
7499 3421 3530 1455 
7500 994 3615 2985 
7501 294 3723 293 
7502 3104 3891 3821 
7503 96 694 95 
7504 1542 3765 3415 
7505 895 3615 994 
7506 3141 3523 806 
7507 652 4128 3077 
7508 1766 3763 3420 
7509 1512 4178 1285 
7510 197 773 196 
7511 9 859 8 
7512 400 772 399 
7513 212 858 211 
7514 732 3836 3126 
7515 195 3692 194 
7516 1063 3655 1423 
7517 3499 4180 2789 
7518 2013 4089 1762 
7519 837 3337 384 
7520 836 3338 181 
7521 227 3339 833 
7522 994 4028 893 
7523 1666 4184 1478 
7524 1215 3883 1167 
7525 670 4310 3073 
7526 1849 3588 2836 
7527 745 4254 3003 
7528 3263 3973 2577 
7529 835 3643 3366 
7530 824 3281 376 
7531 823 3282 173 
7532 4114 4256 2715 
7533 1404 4086 1179 
7534 2093 3920 3106 
7535 1983 4021 3697 
7536 2167 4104 1882 
7537 1061 3655 1063 
7538 187 3796 186 
7539 3147 3614 851 
7540 93 3713 92 
7541 3190 3623 2043 
7542 3548 3558 628 
7543 1480 4311 3812 
7544 3269 3829 826 
7545 3820 3930 865 
7546 897 3615 895 
7547 797 4209 3408 
7548 1522 3665 1841 
7549 533 4211 670 
7550 12 3721 11 
7551 215 3720 214 
7552 147 631 146 
7553 350 632 349 
7554 59 3532 58 
7555 3402 4028 2670 
7556 3632 4177 2307 
7557 834 3333 23 
7558 833 3332 226 
7559 831 4217 3193 
7560 777 3527 3040 
7561 2063 3742 3452 
7562 3581 3998 659 
7563 159 3522 158 
7564 362 3523 361 
7565 694 3803 3261 
7566 1280 3624 1272 
7567 109 771 108 
7568 312 691 311 
7569 2307 3930 3632 
7570 2327 4216 3122 
7571 2052 4149 3709 
7572 3864 3966 2315 
7573 331 3315 831 
7574 128 3316 832 
7575 38 3793 37 
7576 660 3580 3579 
7577 3373 3566 739 
7578 3294 3648 693 
7579 3527 3804 3040 
7580 77 3342 829 
7581 280 3343 830 
7582 1711 3619 2179 
7583 829 3307 76 
7584 763 3315 332 
7585 762 3316 129 
7586 1207 4222 3551 
7587 2100 3661 2099 
7588 1594 3607 2042 
7589 2043 3623 3429 
7590 2344 3935 1996 
7591 741 3265 374 
7592 1479 4023 1148 
7593 641 3342 78 
7594 642 3343 281 
7595 2884 3584 3573 
7596 1800 3625 2856 
7597 3580 3954 2164 
7598 385 3378 837 
7599 182 3377 836 
7600 2028 3606 2909 
7601 832 3357 127 
7602 831 3358 330 
7603 3261 3889 2310 
7604 333 3295 763 
7605 75 3307 761 
7606 172 3282 740 
7607 375 3281 741 
7608 1321 3672 1322 
7609 2561 3671 2227 
7610 766 3849 3669 
7611 2227 3671 2358 
7612 1915 4257 3190 
7613 58 812 57 
7614 261 811 260 
7615 351 3509 350 
7616 2777 4327 3721 
7617 3486 3804 2068 
7618 329 3358 636 
7619 126 3357 635 
7620 4211 4310 670 
7621 1341 3672 1321 
7622 1217 3887 1219 
7623 34 3298 819 
7624 237 3299 820 
7625 3422 3543 1333 
7626 3221 3823 1352 
7627 1523 3665 1522 
7628 2510 4324 2639 
7629 3638 3946 1855 
7630 79 3366 641 
7631 282 3367 642 
7632 3334 4048 735 
7633 361 630 360 
7634 48 804 47 
7635 251 803 250 
7636 158 629 157 
7637 98 861 97 
7638 301 679 300 
7639 2109 3534 3533 
7640 3320 4047 790 
7641 2031 3970 1789 
7642 968 4269 971 
7643 2017 3684 1946 
7644 1219 3883 1215 
7645 315 3738 314 
7646 297 3739 296 
7647 3481 3698 634 
7648 1598 3629 1875 
7649 3135 3655 1061 
7650 2427 4292 2988 
7651 2345 4260 3107 
7652 1923 3541 3525 
7653 1442 4312 3593 
7654 1174 4120 3390 
7655 647 3309 132 
7656 2492 4178 3216 
7657 123 3863 122 
7658 1125 3544 3382 
7659 830 3424 279 
7660 2035 3946 3253 
7661 3487 4065 2274 
7662 304 3748 774 
7663 2513 4024 2511 
7664 3544 4333 2451 
7665 835 3366 80 
7666 838 3367 283 
7667 2933 3871 2434 
7668 3516 3688 856 
7669 1204 4222 1207 
7670 235 3512 3258 
7671 57 3565 56 
7672 260 3563 259 
7673 2988 4292 2425 
7674 640 3377 183 
7675 639 3378 386 
7676 278 3424 760 
7677 3253 3946 2500 
7678 3265 3312 373 
7679 2849 3872 2190 
7680 636 3380 328 
7681 828 3780 3255 
7682 794 4316 3061 
7683 2107 3559 3534 
7684 3174 3844 3173 
7685 1100 4083 1099 
7686 3648 4336 2299 
7687 4013 4125 2555 
7688 1343 3887 1217 
7689 3332 3401 225 
7690 310 862 309 
7691 360 3553 359 
7692 157 3552 156 
7693 252 3682 251 
7694 641 4015 3342 
7695 1771 4004 3392 
7696 903 3890 901 
7697 3550 3702 2768 
7698 2060 3921 2130 
7699 3319 3686 1323 
7700 336 3323 646 
7701 133 3325 647 
7702 901 3890 923 
7703 1627 4136 2002 
7704 2274 3617 3487 
7705 299 3741 298 
7706 1793 4124 2007 
7707 6 729 5 
7708 200 718 199 
7709 403 719 402 
7710 209 730 208 
7711 81 3365 835 
7712 232 3683 825 
7713 3664 3854 3585 
7714 705 4249 3300 
7715 2836 4137 3596 
7716 3388 4074 813 
7717 817 4294 3653 
7718 2855 4167 1382 
7719 1681 4228 3756 
7720 70 3870 69 
7721 2149 3708 2147 
7722 708 3952 3276 
7723 3215 4009 2988 
7724 3213 4049 869 
7725 3214 4050 868 
7726 676 3298 35 
7727 675 3299 238 
7728 1634 3821 1635 
7729 259 628 258 
7730 56 627 55 
7731 353 732 352 
7732 150 731 149 
7733 2116 4063 3560 
7734 653 3291 71 
7735 2221 4266 2409 
7736 2144 3782 3620 
7737 95 3759 94 
7738 3125 4148 1991 
7739 106 680 105 
7740 3944 4176 2090 
7741 327 3380 839 
7742 3365 3751 2847 
7743 359 802 358 
7744 156 801 155 
7745 693 3673 25 
7746 284 3396 838 
7747 275 3356 654 
7748 3555 3615 897 
7749 3418 4328 841 
7750 274 3884 273 
7751 3670 3753 2258 
7752 3312 4203 656 
7753 683 3683 233 
7754 1323 3686 3485 
7755 2219 4167 2217 
7756 820 3512 236 
7757 3107 3888 1899 
7758 825 3724 231 
7759 1113 4118 1114 
7760 3458 4218 2176 
7761 10 3772 9 
7762 196 3773 195 
7763 213 3774 212 
7764 3258 3512 2680 
7765 151 3556 150 
7766 2401 4208 4159 
7767 1242 4181 3503 
7768 823 3997 3282 
7769 1397 4117 3470 
7770 854 4011 3869 
7771 101 728 100 
7772 304 774 303 
7773 821 3323 337 
7774 822 3325 134 
7775 3513 3727 1749 
7776 1811 4039 1832 
7777 254 624 253 
7778 51 623 50 
7779 3497 3834 2367 
7780 3397 4018 2742 
7781 4035 4188 1209 
7782 1099 4083 3569 
7783 3100 4308 1487 
7784 2452 4086 3225 
7785 4 864 3 
7786 207 865 206 
7787 3259 3687 684 
7788 224 3401 698 
7789 762 3674 3292 
7790 3908 4246 2068 
7791 837 4062 3330 
7792 387 3430 639 
7793 184 3431 640 
7794 152 3696 151 
7795 2289 4232 3932 
7796 660 3954 3580 
7797 2751 3944 2090 
7798 104 863 103 
7799 307 725 306 
7800 2002 3745 1912 
7801 2708 4221 3160 
7802 751 4094 3351 
7803 3808 3852 2914 
7804 2637 3852 3808 
7805 357 3573 356 
7806 2724 4297 3417 
7807 1682 4025 3308 
7808 153 625 152 
7809 356 626 355 
7810 53 808 52 
7811 256 807 255 
7812 3637 4099 2765 
7813 3363 3789 2494 
7814 1784 4264 3394 
7815 1957 4035 1374 
7816 24 3673 834 
7817 2985 3814 3763 
7818 381 3780 828 
7819 1369 3524 3450 
7820 2128 4216 3605 
7821 3467 4040 3466 
7822 721 3396 285 
7823 1789 3970 1791 
7824 2388 4230 3310 
7825 3288 3843 2293 
7826 839 3425 326 
7827 748 4139 3206 
7828 313 3784 312 
7829 401 3776 400 
7830 8 3777 7 
7831 198 3775 197 
7832 2140 3666 3280 
7833 716 3780 382 
7834 3610 4115 2089 
7835 553 4050 3214 
7836 445 4049 3213 
7837 1824 4238 3893 
7838 1447 4018 3397 
7839 135 3359 822 
7840 1978 3817 3495 
7841 1389 4170 1297 
7842 3210 3994 2184 
7843 2642 4206 3426 
7844 3689 4174 2336 
7845 1257 4319 1574 
7846 2857 4248 4218 
7847 1856 4097 2744 
7848 2701 4048 3334 
7849 3385 4053 650 
7850 2872 4201 4118 
7851 3998 4040 2378 
7852 3329 4341 1647 
7853 2715 4256 2958 
7854 2075 3899 3350 
7855 334 3642 3295 
7856 3112 3818 2191 
7857 655 3286 168 
7858 743 3870 3202 
7859 358 3764 357 
7860 1603 4109 2272 
7861 740 3616 171 
7862 130 3674 762 
7863 1506 4150 1411 
7864 3578 3896 698 
7865 3309 3674 131 
7866 108 3786 107 
7867 3692 4329 672 
7868 3502 4280 2962 
7869 2066 4129 3588 
7870 239 3277 675 
7871 372 3312 656 
7872 169 3313 655 
7873 841 3431 185 
7874 842 3430 388 
7875 33 3993 32 
7876 698 3457 223 
7877 697 3456 20 
7878 1966 4265 3470 
7879 1946 3684 3329 
7880 325 3425 720 
7881 3468 3689 846 
7882 1425 4106 1652 
7883 300 3802 299 
7884 97 3803 96 
7885 286 3441 721 
7886 2976 3948 1605 
7887 1813 4039 1811 
7888 2219 4034 3910 
7889 3171 4191 262 
7890 3576 4007 624 
7891 1395 4235 1397 
7892 3625 4199 3634 
7893 3143 4016 3900 
7894 3219 3926 1407 
7895 646 3642 335 
7896 704 3359 136 
7897 2036 4199 3625 
7898 2159 4065 3487 
7899 3464 3901 1473 
7900 2177 4144 3835 
7901 2147 3708 3346 
7902 49 3800 48 
7903 3791 4213 2282 
7904 864 3859 3501 
7905 3421 3814 3531 
7906 2666 3532 3461 
7907 289 3961 288 
7908 2283 3958 3681 
7909 2347 4198 3184 
7910 3832 4066 718 
7911 2966 3960 2149 
7912 99 3805 98 
7913 302 3806 301 
7914 389 3426 842 
7915 772 3776 3245 
7916 3333 3728 22 
7917 3354 4270 677 
7918 2511 4155 2503 
7919 742 3318 271 
7920 3428 3905 2417 
7921 371 3959 370 
7922 311 3816 310 
7923 809 4172 3449 
7924 3198 4058 2651 
7925 170 3616 3313 
7926 1314 3990 3305 
7927 3286 3373 167 
7928 3392 4004 2977 
7929 272 3360 742 
7930 2423 4023 3211 
7931 847 3441 287 
7932 2766 4041 3637 
7933 84 3474 701 
7934 720 3475 324 
7935 724 3476 121 
7936 3348 3809 2718 
7937 1528 4225 1337 
7938 3252 3786 771 
7939 257 3807 256 
7940 402 3824 401 
7941 199 3825 198 
7942 7 3826 6 
7943 3330 4223 2337 
7944 222 3457 844 
7945 19 3456 843 
7946 340 3375 705 
7947 137 3376 704 
7948 218 3942 217 
7949 3239 4212 3242 
7950 645 4300 3322 
7951 2170 4294 3322 
7952 309 3819 308 
7953 1417 4283 3484 
7954 2509 3929 3088 
7955 3387 4207 3388 
7956 3477 3990 1314 
7957 3272 4244 824 
7958 851 4095 3189 
7959 3629 4126 1875 
7960 2154 3926 3219 
7961 107 3831 106 
7962 3246 3565 812 
7963 3411 4140 2400 
7964 3766 4225 1528 
7965 2564 4103 3795 
7966 3685 4277 2001 
7967 3369 3981 2388 
7968 3483 4322 2861 
7969 3350 3955 2074 
7970 149 3844 148 
7971 2450 4089 3443 
7972 32 3993 3259 
7973 201 3832 200 
7974 404 3833 403 
7975 3955 4166 2486 
7976 2558 3882 3228 
7977 3995 3996 2618 
7978 3259 3993 2980 
7979 1997 4258 3630 
7980 3503 4181 2135 
7981 3310 4230 2635 
7982 21 3728 697 
7983 2901 4233 1853 
7984 3855 3856 2686 
7985 3318 3389 270 
7986 3708 3960 1316 
7987 3590 3984 930 
7988 3541 3923 1305 
7989 354 3836 353 
7990 229 4296 692 
7991 1647 4341 1380 
7992 3327 4262 2939 
7993 818 3690 3376 
7994 2034 4295 1844 
7995 303 3847 302 
7996 100 3848 99 
7997 3443 4221 2708 
7998 220 4017 219 
7999 1630 4098 2038 
8000 3360 3884 2949 
8001 843 3454 18 
8002 1476 3950 3344 
8003 3478 4265 1310 
8004 125 4092 124 
8005 2090 4176 1441 
8006 3721 4327 715 
8007 3633 4076 710 
8008 3990 3991 3045 
8009 2144 4051 3782 
8010 2089 4115 2091 
8011 846 3474 85 
8012 323 3475 845 
8013 120 3476 848 
8014 724 3863 3340 
8015 3602 4197 2096 
8016 1791 4124 1793 
8017 3712 3980 1492 
8018 1780 4145 3909 
8019 82 3751 3365 
8020 3122 4216 2128 
8021 3352 4073 2420 
8022 1869 3664 3585 
8023 1379 4226 3611 
8024 5 3859 4 
8025 105 3858 104 
8026 308 3857 307 
8027 3131 4078 3866 
8028 818 3376 138 
8029 817 3375 341 
8030 706 4059 3203 
8031 3573 3584 626 
8032 3952 4284 3276 
8033 367 3962 366 
8034 54 3860 53 
8035 2379 4177 3632 
8036 3049 3977 3972 
8037 2177 3835 3473 
8038 1125 4333 3544 
8039 2188 4190 4053 
8040 253 3873 252 
8041 1605 4109 1603 
8042 3341 4092 635 
8043 73 4110 72 
8044 206 3867 205 
8045 3 3868 2 
8046 827 4304 3274 
8047 39 3387 813 
8048 819 3993 33 
8049 3384 4271 3385 
8050 1162 4277 1452 
8051 3538 3645 3535 
8052 3219 4302 3273 
8053 2359 4165 4003 
8054 36 3735 676 
8055 390 3528 3426 
8056 840 4092 3341 
8057 3608 4081 1037 
8058 339 4084 338 
8059 845 3466 322 
8060 86 3468 846 
8061 4146 4299 2798 
8062 3291 3870 70 
8063 2519 4130 3650 
8064 243 4030 242 
8065 3465 4227 734 
8066 3295 3642 2524 
8067 3456 3851 843 
8068 840 3863 123 
8069 701 3751 83 
8070 1652 4106 3913 
8071 188 4100 187 
8072 2130 4144 2177 
8073 3670 4207 661 
8074 348 3992 3336 
8075 1443 4293 3736 
8076 2967 4200 3635 
8077 3948 4109 1605 
8078 4109 4305 2272 
8079 1452 4277 3685 
8080 1166 4193 1109 
8081 739 3355 165 
8082 3347 4281 2603 
8083 3580 4174 3579 
8084 342 3413 817 
8085 139 3412 818 
8086 2360 4173 3878 
8087 848 3542 119 
8088 635 4092 125 
8089 1297 4170 1371 
8090 3308 4025 2375 
8091 2537 4129 2066 
8092 3693 4019 2484 
8093 3413 4294 817 
8094 654 3884 274 
8095 1770 4136 1627 
8096 2318 3966 3830 
8097 3475 3894 845 
8098 277 4189 276 
8099 3684 3943 1159 
8100 760 4189 277 
8101 3053 4283 1417 
8102 3910 4167 2219 
8103 1411 4150 1413 
8104 2824 4158 2825 
8105 3623 4082 3429 
8106 3664 4147 2736 
8107 369 3374 738 
8108 166 3373 739 
8109 3455 3965 1206 
8110 2693 4309 3353 
8111 3608 4126 4081 
8112 643 3875 3271 
8113 2143 4082 3636 
8114 1303 4072 3207 
8115 847 3961 3289 
8116 240 3746 3277 
8117 2217 4167 2855 
8118 3324 4156 2070 
8119 3448 3753 3368 
8120 1371 4114 3050 
8121 2149 3960 3708 
8122 3889 4006 2310 
8123 821 4084 3300 
8124 661 3387 40 
8125 2272 3885 3629 
8126 664 3371 268 
8127 663 3370 65 
8128 186 3796 841 
8129 712 3528 391 
8130 3480 3989 633 
8131 3604 4335 3583 
8132 122 3863 724 
8133 230 4296 229 
8134 1332 4297 3234 
8135 3727 4058 1749 
8136 3289 3961 665 
8137 3408 4209 2987 
8138 124 4092 840 
8139 2380 4243 3811 
8140 2479 4278 3218 
8141 3300 4084 705 
8142 276 4189 3356 
8143 3442 4127 2342 
8144 3454 3572 17 
8145 269 3389 664 
8146 3380 4060 839 
8147 3422 3879 2063 
8148 3569 4083 2929 
8149 3491 3941 806 
8150 4024 4155 2511 
8151 3434 3956 2482 
8152 1634 3881 3821 
8153 349 3992 348 
8154 2096 4197 2098 
8155 650 3412 140 
8156 645 3413 343 
8157 72 4110 653 
8158 273 3884 3360 
8159 3433 4131 2598 
8160 3355 3432 164 
8161 2517 4302 3719 
8162 1863 4226 1379 
8163 3285 4277 1162 
8164 118 3542 668 
8165 2890 4258 1997 
8166 2184 3994 3499 
8167 290 3582 665 
8168 395 4095 394 
8169 3687 4272 684 
8170 3373 4321 3566 
8171 113 4059 112 
8172 3697 4021 2268 
8173 3756 4228 2164 
8174 3274 4108 644 
8175 87 3579 3468 
8176 3466 3581 321 
8177 2234 3980 3712 
8178 2915 4199 2036 
8179 2234 4151 3980 
8180 2120 4335 3604 
8181 1443 4235 1395 
8182 4051 4101 1135 
8183 3371 3439 267 
8184 3370 3440 64 
8185 2692 3493 3410 
8186 208 3967 207 
8187 69 3870 743 
8188 814 3746 241 
8189 3805 3848 3154 
8190 3646 3852 852 
8191 3169 4266 2221 
8192 2144 4101 4051 
8193 338 4084 821 
8194 1206 4222 1204 
8195 668 3535 117 
8196 814 4030 3347 
8197 3313 3616 2341 
8198 3885 4126 3629 
8199 2071 3934 3687 
8200 16 3572 703 
8201 392 3614 712 
8202 189 3613 713 
8203 656 3959 371 
8204 2861 4322 3472 
8205 2486 4166 2890 
8206 3970 4124 1791 
8207 2017 3943 3684 
8208 813 3793 38 
8209 738 3631 368 
8210 3216 4105 2492 
8211 3347 4030 662 
8212 3593 4312 2542 
8213 3379 4096 2748 
8214 3276 4284 2018 
8215 676 4013 3298 
8216 3591 4293 1443 
8217 893 4028 891 
8218 3921 4144 2130 
8219 660 3579 88 
8220 849 3582 291 
8221 320 3581 659 
8222 1875 4126 3608 
8223 288 3961 847 
8224 3528 4287 2642 
8225 3813 4195 3278 
8226 3429 4082 2143 
8227 3677 3858 680 
8228 41 3368 661 
8229 244 3463 662 
8230 2063 3879 3742 
8231 2272 4305 3885 
8232 66 3707 663 
8233 2074 3955 3438 
8234 3878 4173 2087 
8235 4146 4276 2445 
8236 3749 4043 2810 
8237 772 4016 399 
8238 42 3448 3368 
8239 2801 4315 3985 
8240 2703 4341 3329 
8241 2593 4320 2595 
8242 4003 4165 2697 
8243 3741 3802 3710 
8244 2257 4207 3670 
8245 2248 3901 3464 
8246 3468 4174 3689 
8247 3482 4308 2907 
8248 2414 3966 3864 
8249 820 4253 3512 
8250 3692 3773 3693 
8251 705 4084 339 
8252 663 4077 3370 
8253 3562 4214 1428 
8254 3760 3802 679 
8255 344 3383 645 
8256 141 3384 650 
8257 1310 4265 3260 
8258 142 3459 3384 
8259 345 3460 3383 
8260 824 4244 3281 
8261 2006 4101 2144 
8262 89 3575 660 
8263 292 3574 849 
8264 3583 4335 1034 
8265 2294 4056 3705 
8266 853 3942 3554 
8267 3809 4150 1506 
8268 3621 4168 2841 
8269 725 3857 3561 
8270 2809 4211 3749 
8271 3315 4217 831 
8272 703 3646 15 
8273 850 3613 190 
8274 851 3614 393 
8275 649 3409 365 
8276 648 3410 162 
8277 2007 3923 3541 
8278 370 3959 3374 
8279 3442 3723 711 
8280 4196 4209 797 
8281 706 4069 111 
8282 3724 4296 230 
8283 698 3896 3457 
8284 2772 4210 3578 
8285 3374 3959 3052 
8286 3973 4327 2577 
8287 3278 4195 3294 
8288 659 3644 319 
8289 3439 3846 816 
8290 3294 4195 3648 
8291 3816 3856 862 
8292 3623 4257 1254 
8293 3485 3881 1634 
8294 665 3961 289 
8295 3470 4117 2330 
8296 2649 4209 4196 
8297 2651 4058 3727 
8298 809 3448 43 
8299 2119 4020 3862 
8300 163 3432 648 
8301 37 3793 3735 
8302 2165 4295 3594 
8303 3634 4199 1032 
8304 841 4328 3431 
8305 3535 3645 116 
8306 3425 4332 720 
8307 245 3618 3463 
8308 3866 4078 2953 
8309 3299 4162 820 
8310 734 3459 143 
8311 735 3460 346 
8312 191 3609 850 
8313 63 3440 815 
8314 266 3439 816 
8315 2382 3984 3590 
8316 242 4030 814 
8317 1371 4170 4114 
8318 3455 4201 3965 
8319 849 3880 3582 
8320 1542 4194 3765 
8321 3686 3881 3485 
8322 3438 3955 2486 
8323 3410 3493 161 
8324 3409 3491 364 
8325 3512 4253 2680 
8326 818 4190 3690 
8327 1175 4201 3455 
8328 1322 4160 3991 
8329 3835 4144 1325 
8330 1858 4138 3505 
8331 3499 3994 1101 
8332 3653 4294 2170 
8333 655 4085 3286 
8334 14 3646 852 
8335 3531 4194 3530 
8336 4081 4126 2181 
8337 262 4191 261 
8338 2540 4284 3952 
8339 4062 4223 3330 
8340 713 4100 188 
8341 3821 3881 3104 
8342 115 3645 767 
8343 318 3644 856 
8344 247 3492 810 
8345 44 3490 809 
8346 3160 4221 3714 
8347 3735 4005 676 
8348 3394 4264 2599 
8349 3772 3973 859 
8350 813 4074 3793 
8351 3343 4031 830 
8352 1322 3991 3477 
8353 2000 4262 3327 
8354 807 3895 3576 
8355 3273 4302 2517 
8356 810 3618 246 
8357 3752 4151 2234 
8358 815 3480 62 
8359 816 3481 265 
8360 1824 3893 3892 
8361 3470 4265 3478 
8362 1749 4058 3507 
8363 2560 3728 3333 
8364 90 3669 3575 
8365 3650 4130 2198 
8366 4000 4325 758 
8367 2038 4098 4036 
8368 3818 3987 2191 
8369 3353 4309 2418 
8370 3656 4101 2006 
8371 3575 3954 660 
8372 3297 4335 2120 
8373 805 3865 3522 
8374 2003 4195 3813 
8375 1487 4308 3482 
8376 2808 4318 3556 
8377 154 4175 153 
8378 852 3640 13 
8379 853 3639 216 
8380 219 4017 702 
8381 633 3461 60 
8382 3367 4044 642 
8383 3554 3942 702 
8384 767 3641 114 
8385 3742 4054 2563 
8386 662 4030 243 
8387 3227 4245 2477 
8388 2828 4239 3301 
8389 702 3942 218 
8390 293 3723 3574 
8391 4162 4253 820 
8392 2672 4268 3317 
8393 638 3490 45 
8394 637 3492 248 
8395 3804 3833 3040 
8396 145 3515 3436 
8397 3041 3832 201 
8398 3040 3833 404 
8399 3766 3917 2734 
8400 3666 4181 1242 
8401 4005 4013 676 
8402 3594 4295 2034 
8403 856 3688 317 
8404 3378 4062 837 
8405 766 3669 91 
8406 144 3436 734 
8407 264 3481 634 
8408 61 3480 633 
8409 1402 4037 3703 
8410 3781 3953 1719 
8411 3549 4231 1884 
8412 2734 4225 3766 
8413 3477 3991 3990 
8414 3896 4210 2316 
8415 661 4207 3387 
8416 3701 3983 1460 
8417 3200 4215 1440 
8418 3461 3532 59 
8419 3909 4145 2730 
8420 155 4046 154 
8421 192 3695 3609 
8422 1137 3902 3815 
8423 3410 4243 2692 
8424 3631 3962 367 
8425 711 3723 294 
8426 249 3520 637 
8427 46 3521 638 
8428 4088 4308 3100 
8429 631 3515 146 
8430 675 4090 3299 
8431 295 3668 711 
8432 3709 4149 2171 
8433 3681 3958 1729 
8434 2278 4157 3936 
8435 648 4243 3410 
8436 3672 4160 1322 
8437 4245 4291 2755 
8438 3578 4210 3896 
8439 735 4048 3460 
8440 3972 3977 2403 
8441 1382 4167 3910 
8442 363 3491 806 
8443 160 3493 805 
8444 3817 4133 2535 
8445 3771 4241 783 
8446 366 3962 649 
8447 4053 4190 3412 
8448 92 3713 766 
8449 217 3942 853 
8450 316 3688 733 
8451 672 3695 193 
8452 671 3694 396 
8453 2031 4120 3970 
8454 3913 4106 2728 
8455 111 4069 110 
8456 803 3520 250 
8457 804 3521 47 
8458 2749 4109 3948 
8459 399 4016 398 
8460 2815 4045 4042 
8461 3269 4272 3829 
8462 3829 4272 2557 
8463 394 4095 851 
8464 187 4100 3796 
8465 2266 4087 3822 
8466 3639 3720 215 
8467 3640 3721 12 
8468 3041 4066 3832 
8469 2480 4330 3691 
8470 3530 4194 1542 
8471 1254 4082 3623 
8472 3793 4074 2302 
8473 806 3523 362 
8474 805 3522 159 
8475 1489 4155 4024 
8476 1869 4147 3664 
8477 3788 4185 2549 
8478 194 3692 672 
8479 351 3564 3509 
8480 2749 4305 4109 
8481 2302 4005 3735 
8482 4052 4153 2256 
8483 3348 4150 3809 
8484 3474 4220 701 
8485 4227 4271 3459 
8486 3466 4040 3581 
8487 3190 4257 3623 
8488 2807 3996 3995 
8489 1037 4163 3628 
8490 650 4053 3412 
8491 733 3738 315 
8492 857 3713 93 
8493 3991 4160 2764 
8494 11 3721 715 
8495 214 3720 714 
8496 732 3564 352 
8497 1813 4180 4039 
8498 3356 4189 2822 
8499 775 4152 4123 
8500 58 3532 812 
8501 350 3509 632 
8502 158 3522 629 
8503 361 3523 630 
8504 627 3557 55 
8505 628 3558 258 
8506 684 4272 3269 
8507 801 4046 155 
8508 3759 3968 857 
8509 623 3567 50 
8510 296 3739 3668 
8511 3774 3940 858 
8512 254 3576 624 
8513 51 3577 623 
8514 863 3858 3677 
8515 863 4183 103 
8516 2262 4337 3743 
8517 3579 4174 3468 
8518 3795 4103 1979 
8519 807 3576 255 
8520 808 3577 52 
8521 3567 3800 49 
8522 3609 4055 850 
8523 1781 4224 3711 
8524 812 3565 57 
8525 811 3563 260 
8526 3861 4252 2538 
8527 630 3553 360 
8528 251 3682 803 
8529 629 3552 157 
8530 626 3587 355 
8531 94 3759 857 
8532 314 3738 860 
8533 770 3739 297 
8534 2803 4124 3970 
8535 2284 4213 3791 
8536 714 3774 213 
8537 715 3772 10 
8538 4090 4162 3299 
8539 2490 4253 4162 
8540 4123 4152 2631 
8541 3558 3807 257 
8542 2316 4252 3861 
8543 2312 4214 3562 
8544 259 3563 628 
8545 56 3565 627 
8546 2085 4271 4227 
8547 156 3552 801 
8548 359 3553 802 
8549 3426 4206 842 
8550 3557 3860 54 
8551 4085 4321 3286 
8552 2084 4321 4085 
8553 3641 4059 113 
8554 2678 4296 3724 
8555 298 3741 770 
8556 865 3930 3867 
8557 3587 3836 354 
8558 3702 4204 2496 
8559 48 3800 804 
8560 3981 4230 2388 
8561 195 3773 3692 
8562 103 4183 102 
8563 150 3556 731 
8564 770 4247 3739 
8565 2403 4142 3972 
8566 3694 4095 395 
8567 860 3784 313 
8568 3932 4232 1718 
8569 694 3759 95 
8570 3412 4190 818 
8571 2316 4340 4252 
8572 151 3696 3556 
8573 632 3992 349 
8574 3720 4282 714 
8575 622 4331 3904 
8576 802 3764 358 
8577 356 3573 626 
8578 3985 4315 2610 
8579 9 3772 859 
8580 212 3774 858 
8581 773 3773 196 
8582 1834 4187 4001 
8583 3490 4172 809 
8584 4114 4170 2959 
8585 625 3696 152 
8586 112 4059 706 
8587 734 4227 3459 
8588 3977 4159 2403 
8589 357 3764 3573 
8590 3242 4212 3887 
8591 3812 4311 2209 
8592 731 3844 149 
8593 3156 4293 3591 
8594 2534 4325 4000 
8595 3459 4271 3384 
8596 252 3873 3682 
8597 2799 4299 3729 
8598 353 3836 732 
8599 859 3777 8 
8600 400 3776 772 
8601 197 3775 773 
8602 96 3803 694 
8603 312 3784 691 
8604 256 3807 807 
8605 2228 4246 3908 
8606 4036 4098 3094 
8607 624 3873 253 
8608 3572 4274 703 
8609 53 3860 808 
8610 3826 4242 729 
8611 771 3786 108 
8612 299 3802 3741 
8613 261 4191 811 
8614 691 3816 311 
8615 3286 4321 3373 
8616 861 3803 97 
8617 679 3802 300 
8618 712 4287 3528 
8619 3735 3793 2302 
8620 2181 4126 3885 
8621 2830 4307 3546 
8622 3383 4300 645 
8623 98 3805 861 
8624 301 3806 679 
8625 1143 4230 3981 
8626 310 3816 862 
8627 3463 3618 2582 
8628 4143 4288 2548 
8629 3126 3836 3587 
8630 719 3824 402 
8631 718 3825 199 
8632 6 3826 729 
8633 862 3819 309 
8634 3970 4120 2803 
8635 401 3824 3776 
8636 198 3825 3775 
8637 3777 3826 7 
8638 2580 4188 4035 
8639 106 3831 680 
8640 200 3832 718 
8641 403 3833 719 
8642 153 4175 625 
8643 729 3859 5 
8644 3786 3831 107 
8645 2537 4339 4129 
8646 680 3858 105 
8647 728 3848 100 
8648 774 3847 303 
8649 2971 3807 3558 
8650 4039 4180 2804 
8651 2907 4308 4088 
8652 3820 3967 730 
8653 4 3859 864 
8654 3556 3696 2808 
8655 4252 4340 2313 
8656 104 3858 863 
8657 307 3857 725 
8658 865 3967 3820 
8659 865 3867 206 
8660 864 3868 3 
8661 302 3847 3806 
8662 99 3848 3805 
8663 730 3967 208 
8664 3573 3764 2884 
8665 3819 3857 308 
8666 207 3967 865 
8667 2441 4276 4146 
8668 3796 4100 2759 
8669 2848 3800 3567 
8670 3189 4095 3694 
8671 2779 3962 3631 
8672 3556 4318 731 
8673 3161 3860 3557 
8674 2543 4291 4245 
8675 3203 4059 3641 
8676 3682 3873 2305 
8677 4046 4175 154 
8678 3044 4175 4046 
8679 211 3679 210 
8680 306 3748 305 
$EndElements
