$MeshFormat
4.1 0 8
$EndMeshFormat
$PhysicalNames
4
1 101 "Source"
1 102 "Microphone"
1 103 "FreeSurface"
2 201 "Domain"
$EndPhysicalNames
$Entities
406 406 1 0
1 0 0 0 0 
2 0.0004 0 0 0 
3 0.0004648 2.149061475862413e-06 0 0 
4 0.0005296000000000001 8.587848693946178e-06 0 0 
5 0.0005944 1.929120283686629e-05 0 0 
6 0.0006592 3.42173017845299e-05 0 0 
7 0.000724 5.330782352924004e-05 0 0 
8 0.0007888 7.64881740622047e-05 0 0 
9 0.0008535999999999999 0.0001036677788410104 0 0 
10 0.0009184 0.0001347404366991857 0 0 
11 0.0009832 0.0001695847348149929 0 0 
12 0.001048 0.0002080645231180065 0 0 
13 0.0011128 0.0002500294462797874 0 0 
14 0.0011776 0.0002953155312099641 0 0 
15 0.0012424 0.0003437458277621436 0 0 
16 0.0013072 0.0003951311001461714 0 0 
17 0.001372 0.0004492705663451255 0 0 
18 0.0014368 0.0005059526826478568 0 0 
19 0.0015016 0.0005649559702316079 0 0 
20 0.0015664 0.0006260498805649325 0 0 
21 0.0016312 0.0006889956962494543 0 0 
22 0.001696 0.0007535474637805285 0 0 
23 0.0017608 0.0008194529545821561 0 0 
24 0.0018256 0.0008864546505610096 0 0 
25 0.0018904 0.0009542907503286433 0 0 
26 0.0019552 0.001022696192160178 0 0 
27 0.00202 0.001091403689692378 0 0 
28 0.0020848 0.001160144776314245 0 0 
29 0.0021496 0.001228650854169291 0 0 
30 0.0022144 0.001296654243670643 0 0 
31 0.0022792 0.001363889229428108 0 0 
32 0.002344 0.001430093098500375 0 0 
33 0.0024088 0.001495007166915487 0 0 
34 0.0024736 0.001558377790448585 0 0 
35 0.0025384 0.001619957355707422 0 0 
36 0.0026032 0.001679505247653091 0 0 
37 0.002668 0.001736788789775503 0 0 
38 0.0027328 0.001791584153249973 0 0 
39 0.0027976 0.001843677231522505 0 0 
40 0.0028624 0.001892864476906417 0 0 
41 0.0029272 0.001938953695921421 0 0 
42 0.002992 0.001981764800267447 0 0 
43 0.0030568 0.002021130510498881 0 0 
44 0.0031216 0.00205689700964967 0 0 
45 0.0031864 0.002088924544255356 0 0 
46 0.0032512 0.002117087970423599 0 0 
47 0.003316 0.002141277242819478 0 0 
48 0.0033808 0.002161397844654928 0 0 
49 0.0034456 0.002177371157002175 0 0 
50 0.0035104 0.002189134765988116 0 0 
51 0.0035752 0.002196642706669316 0 0 
52 0.00364 0.002199865642634719 0 0 
53 0.0037048 0.002198851431602569 0 0 
54 0.0037696 0.002193751773796371 0 0 
55 0.0038344 0.002184593313408265 0 0 
56 0.0038992 0.00217141183606443 0 0 
57 0.003964 0.002154258846865146 0 0 
58 0.0040288 0.002133201369134566 0 0 
59 0.0040936 0.002108321682534817 0 0 
60 0.0041584 0.002079717001567723 0 0 
61 0.004223200000000001 0.002047499095720367 0 0 
62 0.004288 0.002011793852738729 0 0 
63 0.0043528 0.001972740786735861 0 0 
64 0.004417600000000001 0.001930492493056602 0 0 
65 0.0044824 0.00188521405202889 0 0 
66 0.0045472 0.001837082383931453 0 0 
67 0.004612 0.001786285557698251 0 0 
68 0.004676800000000001 0.001733022056060834 0 0 
69 0.0047416 0.0016775 0 0 
70 0.0048064 0.001619936335537097 0 0 
71 0.0048712 0.001560555986042501 0 0 
72 0.004936 0.001499590973373524 0 0 
73 0.005000800000000001 0.001437279511275808 0 0 
74 0.0050656 0.001373865074590622 0 0 
75 0.0051304 0.001309595447905045 0 0 
76 0.0051952 0.001244721757362312 0 0 
77 0.005260000000000001 0.001179497489415407 0 0 
78 0.005324800000000001 0.001114177500358034 0 0 
79 0.0053896 0.001049017020503077 0 0 
80 0.0054544 0.0009842706568996358 0 0 
81 0.005519200000000001 0.0009201913984853882 0 0 
82 0.005584 0.0008570296275615346 0 0 
83 0.005648800000000001 0.0007950321414528725 0 0 
84 0.0057136 0.0007344411881757603 0 0 
85 0.0057784 0.000675493519881968 0 0 
86 0.005843200000000001 0.0006184194677769903 0 0 
87 0.005908 0.0005634420421274639 0 0 
88 0.0059728 0.000510776060874308 0 0 
89 0.0060376 0.000460627310256431 0 0 
90 0.0061024 0.0004131917407247711 0 0 
91 0.0061672 0.0003686547012885374 0 0 
92 0.006232000000000001 0.00032719021528537 0 0 
93 0.0062968 0.0002889603004052431 0 0 
94 0.0063616 0.0002541143356250553 0 0 
95 0.006426400000000001 0.000222788477527531 0 0 
96 0.0064912 0.000195105128285099 0 0 
97 0.006556 0.0001711724573875406 0 0 
98 0.0066208 0.0001510839789822019 0 0 
99 0.0066856 0.0001349181864782642 0 0 
100 0.0067504 0.0001227382458428127 0 0 
101 0.0068152 0.0001145917487871165 0 0 
102 0.006880000000000001 0.0001105105268075131 0 0 
103 0.0069448 0.0001105105268075131 0 0 
104 0.0070096 0.0001145917487871165 0 0 
105 0.0070744 0.0001227382458428127 0 0 
106 0.0071392 0.0001349181864782642 0 0 
107 0.007204000000000001 0.0001510839789822019 0 0 
108 0.0072688 0.0001711724573875406 0 0 
109 0.0073336 0.000195105128285099 0 0 
110 0.007398399999999999 0.000222788477527531 0 0 
111 0.007463200000000001 0.0002541143356250553 0 0 
112 0.007528000000000001 0.0002889603004052431 0 0 
113 0.007592799999999999 0.00032719021528537 0 0 
114 0.0076576 0.0003686547012885374 0 0 
115 0.007722400000000001 0.0004131917407247711 0 0 
116 0.0077872 0.000460627310256431 0 0 
117 0.007852000000000001 0.000510776060874308 0 0 
118 0.0079168 0.0005634420421274639 0 0 
119 0.0079816 0.0006184194677769903 0 0 
120 0.0080464 0.000675493519881968 0 0 
121 0.008111200000000001 0.0007344411881757603 0 0 
122 0.008176000000000001 0.0007950321414528725 0 0 
123 0.008240799999999998 0.0008570296275615346 0 0 
124 0.0083056 0.0009201913984853882 0 0 
125 0.0083704 0.0009842706568996358 0 0 
126 0.0084352 0.001049017020503077 0 0 
127 0.008500000000000001 0.001114177500358034 0 0 
128 0.008564800000000001 0.001179497489415407 0 0 
129 0.008629599999999999 0.001244721757362312 0 0 
130 0.0086944 0.001309595447905045 0 0 
131 0.0087592 0.001373865074590622 0 0 
132 0.008824 0.001437279511275807 0 0 
133 0.008888800000000001 0.001499590973373524 0 0 
134 0.008953600000000003 0.001560555986042501 0 0 
135 0.009018399999999999 0.001619936335537097 0 0 
136 0.0090832 0.0016775 0 0 
137 0.009148 0.001733022056060834 0 0 
138 0.0092128 0.001786285557698251 0 0 
139 0.009277600000000002 0.001837082383931454 0 0 
140 0.009342399999999999 0.00188521405202889 0 0 
141 0.009407199999999999 0.001930492493056601 0 0 
142 0.009472 0.001972740786735861 0 0 
143 0.0095368 0.002011793852738729 0 0 
144 0.009601600000000002 0.002047499095720367 0 0 
145 0.0096664 0.002079717001567723 0 0 
146 0.009731199999999999 0.002108321682534817 0 0 
147 0.009796000000000001 0.002133201369134566 0 0 
148 0.009860799999999999 0.002154258846865146 0 0 
149 0.009925600000000001 0.00217141183606443 0 0 
150 0.0099904 0.002184593313408265 0 0 
151 0.0100552 0.002193751773796371 0 0 
152 0.01012 0.002198790980634282 0 0 
153 0.0101848 0.002199865642634719 0 0 
154 0.0102496 0.002196642706669316 0 0 
155 0.0103144 0.002189134765988116 0 0 
156 0.0103792 0.002177371157002175 0 0 
157 0.010444 0.002161397844654928 0 0 
158 0.0105088 0.002141277242819478 0 0 
159 0.0105736 0.002117087970423599 0 0 
160 0.0106384 0.002088924544255356 0 0 
161 0.0107032 0.002056897009649669 0 0 
162 0.010768 0.002021130510498881 0 0 
163 0.0108328 0.001981764800267448 0 0 
164 0.0108976 0.001938953695921421 0 0 
165 0.0109624 0.001892864476906417 0 0 
166 0.0110272 0.001843677231522506 0 0 
167 0.011092 0.001791584153249974 0 0 
168 0.0111568 0.001736788789775503 0 0 
169 0.0112216 0.001679505247653091 0 0 
170 0.0112864 0.001619957355707422 0 0 
171 0.0113512 0.001558377790448585 0 0 
172 0.011416 0.001495007166915487 0 0 
173 0.0114808 0.001430093098500375 0 0 
174 0.0115456 0.001363889229428107 0 0 
175 0.0116104 0.001296654243670642 0 0 
176 0.0116752 0.00122865085416929 0 0 
177 0.01174 0.001160144776314244 0 0 
178 0.0118048 0.001091403689692379 0 0 
179 0.0118696 0.001022696192160179 0 0 
180 0.0119344 0.0009542907503286441 0 0 
181 0.0119992 0.0008864546505610104 0 0 
182 0.012064 0.0008194529545821565 0 0 
183 0.0121288 0.0007535474637805292 0 0 
184 0.0121936 0.0006889956962494545 0 0 
185 0.0122584 0.0006260498805649329 0 0 
186 0.0123232 0.0005649559702316079 0 0 
187 0.012388 0.0005059526826478567 0 0 
188 0.0124528 0.0004492705663451252 0 0 
189 0.0125176 0.000395131100146171 0 0 
190 0.0125824 0.0003437458277621432 0 0 
191 0.0126472 0.0002953155312099638 0 0 
192 0.012712 0.0002500294462797871 0 0 
193 0.0127768 0.000208064523118006 0 0 
194 0.0128416 0.0001695847348149923 0 0 
195 0.0129064 0.0001347404366991862 0 0 
196 0.0129712 0.0001036677788410108 0 0 
197 0.013036 7.648817406220508e-05 0 0 
198 0.0131008 5.330782352924029e-05 0 0 
199 0.0131656 3.421730178453002e-05 0 0 
200 0.0132304 1.929120283686629e-05 0 0 
201 0.0132952 8.587848693946178e-06 0 0 
202 0.01336 2.149061475862413e-06 0 0 
203 0.017 0 0 0 
204 0.017 0.007 0 0 
205 0.0166 0.007 0 0 
206 0.0165352 0.006997850938524138 0 0 
207 0.0164704 0.006991412151306053 0 0 
208 0.0164056 0.006980708797163134 0 0 
209 0.0163408 0.00696578269821547 0 0 
210 0.016276 0.006946692176470761 0 0 
211 0.0162112 0.006923511825937795 0 0 
212 0.0161464 0.00689633222115899 0 0 
213 0.0160816 0.006865259563300814 0 0 
214 0.0160168 0.006830415265185007 0 0 
215 0.015952 0.006791935476881994 0 0 
216 0.0158872 0.006749970553720212 0 0 
217 0.0158224 0.006704684468790035 0 0 
218 0.0157576 0.006656254172237856 0 0 
219 0.0156928 0.006604868899853828 0 0 
220 0.015628 0.006550729433654874 0 0 
221 0.0155632 0.006494047317352143 0 0 
222 0.0154984 0.006435044029768392 0 0 
223 0.0154336 0.006373950119435068 0 0 
224 0.0153688 0.006311004303750545 0 0 
225 0.015304 0.006246452536219471 0 0 
226 0.0152392 0.006180547045417845 0 0 
227 0.0151744 0.006113545349438991 0 0 
228 0.0151096 0.006045709249671357 0 0 
229 0.0150448 0.005977303807839822 0 0 
230 0.01498 0.005908596310307623 0 0 
231 0.0149152 0.005839855223685755 0 0 
232 0.0148504 0.005771349145830709 0 0 
233 0.0147856 0.005703345756329357 0 0 
234 0.0147208 0.005636110770571893 0 0 
235 0.014656 0.005569906901499625 0 0 
236 0.0145912 0.005504992833084513 0 0 
237 0.0145264 0.005441622209551415 0 0 
238 0.0144616 0.005380042644292578 0 0 
239 0.0143968 0.005320494752346909 0 0 
240 0.014332 0.005263211210224498 0 0 
241 0.0142672 0.005208415846750027 0 0 
242 0.0142024 0.005156322768477495 0 0 
243 0.0141376 0.005107135523093583 0 0 
244 0.0140728 0.00506104630407858 0 0 
245 0.014008 0.005018235199732553 0 0 
246 0.0139432 0.00497886948950112 0 0 
247 0.0138784 0.004943102990350331 0 0 
248 0.0138136 0.004911075455744644 0 0 
249 0.0137488 0.004882912029576401 0 0 
250 0.013684 0.004858722757180522 0 0 
251 0.0136192 0.004838602155345072 0 0 
252 0.0135544 0.004822628842997824 0 0 
253 0.0134896 0.004810865234011884 0 0 
254 0.0134248 0.004803357293330685 0 0 
255 0.01336 0.004800134357365283 0 0 
256 0.0132952 0.004801148568397431 0 0 
257 0.0132304 0.004806248226203629 0 0 
258 0.0131656 0.004815406686591735 0 0 
259 0.0131008 0.004828588163935571 0 0 
260 0.013036 0.004845741153134854 0 0 
261 0.0129712 0.004866798630865434 0 0 
262 0.0129064 0.004891678317465183 0 0 
263 0.0128416 0.004920282998432277 0 0 
264 0.0127768 0.004952500904279633 0 0 
265 0.012712 0.004988206147261272 0 0 
266 0.0126472 0.005027259213264139 0 0 
267 0.0125824 0.005069507506943398 0 0 
268 0.0125176 0.00511478594797111 0 0 
269 0.0124528 0.005162917616068546 0 0 
270 0.012388 0.005213714442301749 0 0 
271 0.0123232 0.005266977943939165 0 0 
272 0.0122584 0.0053225 0 0 
273 0.0121936 0.005380063664462902 0 0 
274 0.0121288 0.005439444013957499 0 0 
275 0.012064 0.005500409026626476 0 0 
276 0.0119992 0.005562720488724192 0 0 
277 0.0119344 0.005626134925409378 0 0 
278 0.0118696 0.005690404552094954 0 0 
279 0.0118048 0.005755278242637689 0 0 
280 0.01174 0.005820502510584593 0 0 
281 0.0116752 0.005885822499641966 0 0 
282 0.0116104 0.005950982979496923 0 0 
283 0.0115456 0.006015729343100365 0 0 
284 0.0114808 0.006079808601514612 0 0 
285 0.011416 0.006142970372438466 0 0 
286 0.0113512 0.006204967858547128 0 0 
287 0.0112864 0.00626555881182424 0 0 
288 0.0112216 0.006324506480118032 0 0 
289 0.0111568 0.00638158053222301 0 0 
290 0.011092 0.006436557957872536 0 0 
291 0.0110272 0.006489223939125692 0 0 
292 0.0109624 0.006539372689743569 0 0 
293 0.0108976 0.006586808259275229 0 0 
294 0.0108328 0.006631345298711462 0 0 
295 0.010768 0.00667280978471463 0 0 
296 0.0107032 0.006711039699594756 0 0 
297 0.0106384 0.006745885664374945 0 0 
298 0.0105736 0.006777211522472469 0 0 
299 0.0105088 0.006804894871714901 0 0 
300 0.010444 0.006828827542612459 0 0 
301 0.0103792 0.006848916021017799 0 0 
302 0.0103144 0.006865081813521736 0 0 
303 0.0102496 0.006877261754157187 0 0 
304 0.0101848 0.006885408251212884 0 0 
305 0.01012 0.006889489473192487 0 0 
306 0.0100552 0.006889489473192487 0 0 
307 0.009990400000000002 0.006885408251212884 0 0 
308 0.0099256 0.006877261754157187 0 0 
309 0.009860800000000001 0.006865081813521736 0 0 
310 0.009795999999999999 0.006848916021017799 0 0 
311 0.009731200000000001 0.006828827542612459 0 0 
312 0.0096664 0.006804894871714901 0 0 
313 0.009601600000000002 0.006777211522472469 0 0 
314 0.0095368 0.006745885664374945 0 0 
315 0.009472 0.006711039699594756 0 0 
316 0.009407199999999999 0.00667280978471463 0 0 
317 0.009342400000000001 0.006631345298711462 0 0 
318 0.0092776 0.006586808259275229 0 0 
319 0.0092128 0.006539372689743569 0 0 
320 0.009148 0.006489223939125692 0 0 
321 0.009083200000000001 0.006436557957872536 0 0 
322 0.009018399999999999 0.00638158053222301 0 0 
323 0.008953600000000001 0.006324506480118032 0 0 
324 0.008888800000000001 0.00626555881182424 0 0 
325 0.008824 0.006204967858547128 0 0 
326 0.008759200000000002 0.006142970372438466 0 0 
327 0.0086944 0.006079808601514612 0 0 
328 0.008629599999999999 0.006015729343100365 0 0 
329 0.008564800000000001 0.005950982979496923 0 0 
330 0.008500000000000001 0.005885822499641966 0 0 
331 0.0084352 0.005820502510584593 0 0 
332 0.0083704 0.005755278242637689 0 0 
333 0.0083056 0.005690404552094954 0 0 
334 0.0082408 0.005626134925409378 0 0 
335 0.008176000000000001 0.005562720488724193 0 0 
336 0.008111200000000001 0.005500409026626477 0 0 
337 0.008046399999999999 0.005439444013957499 0 0 
338 0.0079816 0.005380063664462902 0 0 
339 0.0079168 0.0053225 0 0 
340 0.007852000000000001 0.005266977943939165 0 0 
341 0.0077872 0.005213714442301749 0 0 
342 0.007722399999999999 0.005162917616068546 0 0 
343 0.007657600000000001 0.00511478594797111 0 0 
344 0.0075928 0.005069507506943399 0 0 
345 0.007528000000000001 0.005027259213264139 0 0 
346 0.007463200000000001 0.004988206147261272 0 0 
347 0.007398399999999999 0.004952500904279633 0 0 
348 0.007333600000000001 0.004920282998432278 0 0 
349 0.007268800000000001 0.004891678317465183 0 0 
350 0.007203999999999999 0.004866798630865434 0 0 
351 0.007139200000000001 0.004845741153134854 0 0 
352 0.007074399999999999 0.004828588163935571 0 0 
353 0.007009600000000001 0.004815406686591735 0 0 
354 0.006944800000000001 0.004806248226203629 0 0 
355 0.006879999999999999 0.004801209019365718 0 0 
356 0.006815200000000001 0.004800134357365283 0 0 
357 0.006750399999999999 0.004803357293330685 0 0 
358 0.006685600000000001 0.004810865234011884 0 0 
359 0.006620800000000001 0.004822628842997824 0 0 
360 0.006555999999999999 0.004838602155345072 0 0 
361 0.006491200000000001 0.004858722757180523 0 0 
362 0.0064264 0.004882912029576401 0 0 
363 0.006361599999999999 0.004911075455744644 0 0 
364 0.006296800000000001 0.004943102990350332 0 0 
365 0.006232 0.004978869489501119 0 0 
366 0.006167200000000001 0.005018235199732552 0 0 
367 0.006102399999999999 0.00506104630407858 0 0 
368 0.0060376 0.005107135523093583 0 0 
369 0.005972800000000001 0.005156322768477495 0 0 
370 0.005907999999999999 0.005208415846750026 0 0 
371 0.0058432 0.005263211210224498 0 0 
372 0.0057784 0.005320494752346909 0 0 
373 0.0057136 0.005380042644292578 0 0 
374 0.005648800000000002 0.005441622209551415 0 0 
375 0.005584 0.005504992833084513 0 0 
376 0.0055192 0.005569906901499626 0 0 
377 0.0054544 0.005636110770571893 0 0 
378 0.0053896 0.005703345756329359 0 0 
379 0.005324800000000002 0.00577134914583071 0 0 
380 0.00526 0.005839855223685756 0 0 
381 0.0051952 0.005908596310307621 0 0 
382 0.0051304 0.005977303807839821 0 0 
383 0.0050656 0.006045709249671356 0 0 
384 0.0050008 0.006113545349438991 0 0 
385 0.004936 0.006180547045417844 0 0 
386 0.0048712 0.006246452536219471 0 0 
387 0.0048064 0.006311004303750545 0 0 
388 0.0047416 0.006373950119435067 0 0 
389 0.0046768 0.006435044029768392 0 0 
390 0.004612 0.006494047317352143 0 0 
391 0.0045472 0.006550729433654875 0 0 
392 0.0044824 0.006604868899853828 0 0 
393 0.004417600000000001 0.006656254172237856 0 0 
394 0.0043528 0.006704684468790037 0 0 
395 0.004288 0.006749970553720213 0 0 
396 0.004223200000000001 0.006791935476881994 0 0 
397 0.0041584 0.006830415265185008 0 0 
398 0.0040936 0.006865259563300814 0 0 
399 0.004028800000000001 0.006896332221158989 0 0 
400 0.003964000000000001 0.006923511825937795 0 0 
401 0.003899200000000001 0.00694669217647076 0 0 
402 0.0038344 0.00696578269821547 0 0 
403 0.003769600000000001 0.006980708797163134 0 0 
404 0.003704800000000001 0.006991412151306053 0 0 
405 0.003639999999999999 0.006997850938524138 0 0 
406 0 0.007 0 0 
1 -1.000000000000024e-07 -1e-07 -1e-07 0.0004001 1e-07 1e-07 1 103 2 1 -2 
2 0.0003999 -1.000000000000001e-07 -1e-07 0.0004649 2.249061475862412e-06 1e-07 1 103 2 2 -3 
3 0.0004647 2.049061475862413e-06 -1e-07 0.0005297 8.687848693946179e-06 1e-07 1 103 2 3 -4 
4 0.0005295000000000001 8.487848693946177e-06 -1e-07 0.0005945 1.939120283686629e-05 1e-07 1 103 2 4 -5 
5 0.0005943000000000001 1.919120283686629e-05 -1e-07 0.0006592999999999999 3.43173017845299e-05 1e-07 1 103 2 5 -6 
6 0.0006591 3.411730178452989e-05 -1e-07 0.0007241 5.340782352924005e-05 1e-07 1 103 2 6 -7 
7 0.0007239000000000001 5.320782352924004e-05 -1e-07 0.0007888999999999999 7.658817406220471e-05 1e-07 1 103 2 7 -8 
8 0.0007887 7.63881740622047e-05 -1e-07 0.0008536999999999999 0.0001037677788410104 1e-07 1 103 2 8 -9 
9 0.0008535 0.0001035677788410104 -1e-07 0.0009184999999999999 0.0001348404366991857 1e-07 1 103 2 9 -10 
10 0.0009183 0.0001346404366991857 -1e-07 0.0009833000000000001 0.0001696847348149929 1e-07 1 103 2 10 -11 
11 0.0009831 0.0001694847348149929 -1e-07 0.0010481 0.0002081645231180065 1e-07 1 103 2 11 -12 
12 0.0010479 0.0002079645231180065 -1e-07 0.0011129 0.0002501294462797874 1e-07 1 103 2 12 -13 
13 0.0011127 0.0002499294462797874 -1e-07 0.0011777 0.0002954155312099641 1e-07 1 103 2 13 -14 
14 0.0011775 0.0002952155312099641 -1e-07 0.0012425 0.0003438458277621436 1e-07 1 103 2 14 -15 
15 0.0012423 0.0003436458277621436 -1e-07 0.0013073 0.0003952311001461714 1e-07 1 103 2 15 -16 
16 0.0013071 0.0003950311001461714 -1e-07 0.0013721 0.0004493705663451255 1e-07 1 103 2 16 -17 
17 0.0013719 0.0004491705663451255 -1e-07 0.0014369 0.0005060526826478568 1e-07 1 103 2 17 -18 
18 0.0014367 0.0005058526826478569 -1e-07 0.0015017 0.0005650559702316078 1e-07 1 103 2 18 -19 
19 0.0015015 0.0005648559702316079 -1e-07 0.0015665 0.0006261498805649325 1e-07 1 103 2 19 -20 
20 0.0015663 0.0006259498805649326 -1e-07 0.0016313 0.0006890956962494543 1e-07 1 103 2 20 -21 
21 0.0016311 0.0006888956962494544 -1e-07 0.0016961 0.0007536474637805285 1e-07 1 103 2 21 -22 
22 0.0016959 0.0007534474637805286 -1e-07 0.0017609 0.000819552954582156 1e-07 1 103 2 22 -23 
23 0.0017607 0.0008193529545821561 -1e-07 0.0018257 0.0008865546505610096 1e-07 1 103 2 23 -24 
24 0.0018255 0.0008863546505610097 -1e-07 0.0018905 0.0009543907503286432 1e-07 1 103 2 24 -25 
25 0.0018903 0.0009541907503286433 -1e-07 0.0019553 0.001022796192160178 1e-07 1 103 2 25 -26 
26 0.0019551 0.001022596192160178 -1e-07 0.0020201 0.001091503689692378 1e-07 1 103 2 26 -27 
27 0.0020199 0.001091303689692378 -1e-07 0.0020849 0.001160244776314245 1e-07 1 103 2 27 -28 
28 0.0020847 0.001160044776314245 -1e-07 0.0021497 0.001228750854169291 1e-07 1 103 2 28 -29 
29 0.0021495 0.001228550854169291 -1e-07 0.0022145 0.001296754243670643 1e-07 1 103 2 29 -30 
30 0.0022143 0.001296554243670643 -1e-07 0.0022793 0.001363989229428108 1e-07 1 103 2 30 -31 
31 0.0022791 0.001363789229428108 -1e-07 0.0023441 0.001430193098500375 1e-07 1 103 2 31 -32 
32 0.0023439 0.001429993098500375 -1e-07 0.0024089 0.001495107166915487 1e-07 1 103 2 32 -33 
33 0.0024087 0.001494907166915487 -1e-07 0.0024737 0.001558477790448585 1e-07 1 103 2 33 -34 
34 0.0024735 0.001558277790448585 -1e-07 0.0025385 0.001620057355707422 1e-07 1 103 2 34 -35 
35 0.0025383 0.001619857355707422 -1e-07 0.0026033 0.001679605247653091 1e-07 1 103 2 35 -36 
36 0.0026031 0.001679405247653091 -1e-07 0.0026681 0.001736888789775503 1e-07 1 103 2 36 -37 
37 0.0026679 0.001736688789775502 -1e-07 0.002732899999999999 0.001791684153249973 1e-07 1 103 2 37 -38 
38 0.0027327 0.001791484153249973 -1e-07 0.0027977 0.001843777231522505 1e-07 1 103 2 38 -39 
39 0.0027975 0.001843577231522505 -1e-07 0.0028625 0.001892964476906417 1e-07 1 103 2 39 -40 
40 0.0028623 0.001892764476906417 -1e-07 0.002927299999999999 0.001939053695921421 1e-07 1 103 2 40 -41 
41 0.0029271 0.00193885369592142 -1e-07 0.0029921 0.001981864800267447 1e-07 1 103 2 41 -42 
42 0.0029919 0.001981664800267447 -1e-07 0.0030569 0.002021230510498881 1e-07 1 103 2 42 -43 
43 0.0030567 0.002021030510498881 -1e-07 0.0031217 0.00205699700964967 1e-07 1 103 2 43 -44 
44 0.0031215 0.00205679700964967 -1e-07 0.0031865 0.002089024544255356 1e-07 1 103 2 44 -45 
45 0.0031863 0.002088824544255356 -1e-07 0.0032513 0.002117187970423599 1e-07 1 103 2 45 -46 
46 0.0032511 0.002116987970423599 -1e-07 0.0033161 0.002141377242819478 1e-07 1 103 2 46 -47 
47 0.0033159 0.002141177242819478 -1e-07 0.0033809 0.002161497844654928 1e-07 1 103 2 47 -48 
48 0.0033807 0.002161297844654928 -1e-07 0.0034457 0.002177471157002175 1e-07 1 103 2 48 -49 
49 0.0034455 0.002177271157002175 -1e-07 0.0035105 0.002189234765988116 1e-07 1 103 2 49 -50 
50 0.0035103 0.002189034765988117 -1e-07 0.0035753 0.002196742706669316 1e-07 1 103 2 50 -51 
51 0.0035751 0.002196542706669316 -1e-07 0.0036401 0.002199965642634718 1e-07 1 103 2 51 -52 
52 0.0036399 0.002198751431602569 -1e-07 0.0037049 0.002199965642634718 1e-07 1 103 2 52 -53 
53 0.0037047 0.002193651773796372 -1e-07 0.0037697 0.002198951431602569 1e-07 1 103 2 53 -54 
54 0.0037695 0.002184493313408266 -1e-07 0.003834499999999999 0.002193851773796371 1e-07 1 103 2 54 -55 
55 0.0038343 0.00217131183606443 -1e-07 0.0038993 0.002184693313408265 1e-07 1 103 2 55 -56 
56 0.0038991 0.002154158846865146 -1e-07 0.0039641 0.00217151183606443 1e-07 1 103 2 56 -57 
57 0.003963899999999999 0.002133101369134566 -1e-07 0.0040289 0.002154358846865146 1e-07 1 103 2 57 -58 
58 0.0040287 0.002108221682534817 -1e-07 0.0040937 0.002133301369134566 1e-07 1 103 2 58 -59 
59 0.0040935 0.002079617001567724 -1e-07 0.0041585 0.002108421682534817 1e-07 1 103 2 59 -60 
60 0.004158299999999999 0.002047399095720367 -1e-07 0.004223300000000001 0.002079817001567723 1e-07 1 103 2 60 -61 
61 0.0042231 0.002011693852738729 -1e-07 0.0042881 0.002047599095720367 1e-07 1 103 2 61 -62 
62 0.0042879 0.001972640786735861 -1e-07 0.004352900000000001 0.002011893852738729 1e-07 1 103 2 62 -63 
63 0.0043527 0.001930392493056602 -1e-07 0.004417700000000001 0.001972840786735861 1e-07 1 103 2 63 -64 
64 0.0044175 0.00188511405202889 -1e-07 0.0044825 0.001930592493056602 1e-07 1 103 2 64 -65 
65 0.0044823 0.001836982383931453 -1e-07 0.004547300000000001 0.00188531405202889 1e-07 1 103 2 65 -66 
66 0.0045471 0.001786185557698251 -1e-07 0.0046121 0.001837182383931453 1e-07 1 103 2 66 -67 
67 0.0046119 0.001732922056060834 -1e-07 0.004676900000000001 0.001786385557698251 1e-07 1 103 2 67 -68 
68 0.004676700000000001 0.0016774 -1e-07 0.004741700000000001 0.001733122056060834 1e-07 1 103 2 68 -69 
69 0.0047415 0.001619836335537097 -1e-07 0.0048065 0.0016776 1e-07 1 103 2 69 -70 
70 0.004806299999999999 0.001560455986042501 -1e-07 0.0048713 0.001620036335537098 1e-07 1 103 2 70 -71 
71 0.0048711 0.001499490973373524 -1e-07 0.004936100000000001 0.001560655986042501 1e-07 1 103 2 71 -72 
72 0.0049359 0.001437179511275808 -1e-07 0.005000900000000001 0.001499690973373524 1e-07 1 103 2 72 -73 
73 0.0050007 0.001373765074590622 -1e-07 0.0050657 0.001437379511275808 1e-07 1 103 2 73 -74 
74 0.0050655 0.001309495447905045 -1e-07 0.005130500000000001 0.001373965074590622 1e-07 1 103 2 74 -75 
75 0.0051303 0.001244621757362312 -1e-07 0.0051953 0.001309695447905045 1e-07 1 103 2 75 -76 
76 0.005195099999999999 0.001179397489415407 -1e-07 0.005260100000000001 0.001244821757362312 1e-07 1 103 2 76 -77 
77 0.005259900000000001 0.001114077500358034 -1e-07 0.005324900000000001 0.001179597489415407 1e-07 1 103 2 77 -78 
78 0.005324700000000001 0.001048917020503077 -1e-07 0.0053897 0.001114277500358034 1e-07 1 103 2 78 -79 
79 0.005389499999999999 0.0009841706568996357 -1e-07 0.0054545 0.001049117020503077 1e-07 1 103 2 79 -80 
80 0.0054543 0.0009200913984853883 -1e-07 0.005519300000000001 0.0009843706568996359 1e-07 1 103 2 80 -81 
81 0.005519100000000001 0.0008569296275615346 -1e-07 0.005584100000000001 0.0009202913984853882 1e-07 1 103 2 81 -82 
82 0.0055839 0.0007949321414528726 -1e-07 0.005648900000000001 0.0008571296275615345 1e-07 1 103 2 82 -83 
83 0.0056487 0.0007343411881757604 -1e-07 0.0057137 0.0007951321414528725 1e-07 1 103 2 83 -84 
84 0.0057135 0.000675393519881968 -1e-07 0.005778500000000001 0.0007345411881757603 1e-07 1 103 2 84 -85 
85 0.0057783 0.0006183194677769903 -1e-07 0.005843300000000001 0.0006755935198819679 1e-07 1 103 2 85 -86 
86 0.0058431 0.0005633420421274639 -1e-07 0.0059081 0.0006185194677769902 1e-07 1 103 2 86 -87 
87 0.0059079 0.000510676060874308 -1e-07 0.005972900000000001 0.0005635420421274638 1e-07 1 103 2 87 -88 
88 0.0059727 0.000460527310256431 -1e-07 0.0060377 0.0005108760608743079 1e-07 1 103 2 88 -89 
89 0.006037499999999999 0.000413091740724771 -1e-07 0.0061025 0.000460727310256431 1e-07 1 103 2 89 -90 
90 0.0061023 0.0003685547012885374 -1e-07 0.006167300000000001 0.0004132917407247711 1e-07 1 103 2 90 -91 
91 0.0061671 0.00032709021528537 -1e-07 0.006232100000000001 0.0003687547012885374 1e-07 1 103 2 91 -92 
92 0.0062319 0.000288860300405243 -1e-07 0.0062969 0.00032729021528537 1e-07 1 103 2 92 -93 
93 0.0062967 0.0002540143356250553 -1e-07 0.006361700000000001 0.0002890603004052431 1e-07 1 103 2 93 -94 
94 0.0063615 0.000222688477527531 -1e-07 0.006426500000000001 0.0002542143356250553 1e-07 1 103 2 94 -95 
95 0.0064263 0.000195005128285099 -1e-07 0.0064913 0.000222888477527531 1e-07 1 103 2 95 -96 
96 0.0064911 0.0001710724573875406 -1e-07 0.0065561 0.000195205128285099 1e-07 1 103 2 96 -97 
97 0.0065559 0.0001509839789822019 -1e-07 0.006620900000000001 0.0001712724573875406 1e-07 1 103 2 97 -98 
98 0.0066207 0.0001348181864782642 -1e-07 0.0066857 0.0001511839789822019 1e-07 1 103 2 98 -99 
99 0.0066855 0.0001226382458428127 -1e-07 0.0067505 0.0001350181864782642 1e-07 1 103 2 99 -100 
100 0.0067503 0.0001144917487871165 -1e-07 0.006815300000000001 0.0001228382458428127 1e-07 1 103 2 100 -101 
101 0.0068151 0.0001104105268075131 -1e-07 0.006880100000000001 0.0001146917487871165 1e-07 1 103 2 101 -102 
102 0.0068799 0.0001104105268075131 -1e-07 0.0069449 0.0001106105268075131 1e-07 1 103 2 102 -103 
103 0.0069447 0.0001104105268075131 -1e-07 0.007009700000000001 0.0001146917487871165 1e-07 1 103 2 103 -104 
104 0.0070095 0.0001144917487871165 -1e-07 0.0070745 0.0001228382458428127 1e-07 1 103 2 104 -105 
105 0.0070743 0.0001226382458428127 -1e-07 0.0071393 0.0001350181864782642 1e-07 1 103 2 105 -106 
106 0.0071391 0.0001348181864782642 -1e-07 0.007204100000000001 0.0001511839789822019 1e-07 1 103 2 106 -107 
107 0.007203900000000001 0.0001509839789822019 -1e-07 0.0072689 0.0001712724573875406 1e-07 1 103 2 107 -108 
108 0.007268699999999999 0.0001710724573875406 -1e-07 0.0073337 0.000195205128285099 1e-07 1 103 2 108 -109 
109 0.0073335 0.000195005128285099 -1e-07 0.0073985 0.000222888477527531 1e-07 1 103 2 109 -110 
110 0.007398299999999999 0.000222688477527531 -1e-07 0.007463300000000001 0.0002542143356250553 1e-07 1 103 2 110 -111 
111 0.0074631 0.0002540143356250553 -1e-07 0.007528100000000001 0.0002890603004052431 1e-07 1 103 2 111 -112 
112 0.007527900000000001 0.000288860300405243 -1e-07 0.0075929 0.00032729021528537 1e-07 1 103 2 112 -113 
113 0.007592699999999999 0.00032709021528537 -1e-07 0.0076577 0.0003687547012885374 1e-07 1 103 2 113 -114 
114 0.007657499999999999 0.0003685547012885374 -1e-07 0.007722500000000001 0.0004132917407247711 1e-07 1 103 2 114 -115 
115 0.007722300000000001 0.000413091740724771 -1e-07 0.0077873 0.000460727310256431 1e-07 1 103 2 115 -116 
116 0.0077871 0.000460527310256431 -1e-07 0.007852100000000001 0.0005108760608743079 1e-07 1 103 2 116 -117 
117 0.007851900000000002 0.000510676060874308 -1e-07 0.007916899999999999 0.0005635420421274638 1e-07 1 103 2 117 -118 
118 0.0079167 0.0005633420421274639 -1e-07 0.0079817 0.0006185194677769902 1e-07 1 103 2 118 -119 
119 0.007981500000000001 0.0006183194677769903 -1e-07 0.0080465 0.0006755935198819679 1e-07 1 103 2 119 -120 
120 0.008046300000000001 0.000675393519881968 -1e-07 0.0081113 0.0007345411881757603 1e-07 1 103 2 120 -121 
121 0.008111100000000001 0.0007343411881757604 -1e-07 0.0081761 0.0007951321414528725 1e-07 1 103 2 121 -122 
122 0.008175900000000002 0.0007949321414528726 -1e-07 0.008240899999999997 0.0008571296275615345 1e-07 1 103 2 122 -123 
123 0.008240699999999998 0.0008569296275615346 -1e-07 0.008305699999999999 0.0009202913984853882 1e-07 1 103 2 123 -124 
124 0.0083055 0.0009200913984853883 -1e-07 0.008370499999999999 0.0009843706568996359 1e-07 1 103 2 124 -125 
125 0.008370300000000001 0.0009841706568996357 -1e-07 0.0084353 0.001049117020503077 1e-07 1 103 2 125 -126 
126 0.008435100000000001 0.001048917020503077 -1e-07 0.0085001 0.001114277500358034 1e-07 1 103 2 126 -127 
127 0.008499900000000001 0.001114077500358034 -1e-07 0.0085649 0.001179597489415407 1e-07 1 103 2 127 -128 
128 0.008564700000000001 0.001179397489415407 -1e-07 0.008629699999999999 0.001244821757362312 1e-07 1 103 2 128 -129 
129 0.0086295 0.001244621757362312 -1e-07 0.008694499999999999 0.001309695447905045 1e-07 1 103 2 129 -130 
130 0.0086943 0.001309495447905045 -1e-07 0.008759299999999999 0.001373965074590622 1e-07 1 103 2 130 -131 
131 0.008759100000000001 0.001373765074590622 -1e-07 0.0088241 0.001437379511275807 1e-07 1 103 2 131 -132 
132 0.008823900000000001 0.001437179511275807 -1e-07 0.0088889 0.001499690973373524 1e-07 1 103 2 132 -133 
133 0.008888700000000001 0.001499490973373524 -1e-07 0.008953700000000002 0.001560655986042501 1e-07 1 103 2 133 -134 
134 0.008953500000000003 0.001560455986042501 -1e-07 0.009018499999999999 0.001620036335537098 1e-07 1 103 2 134 -135 
135 0.0090183 0.001619836335537097 -1e-07 0.009083299999999999 0.0016776 1e-07 1 103 2 135 -136 
136 0.0090831 0.0016774 -1e-07 0.009148099999999999 0.001733122056060834 1e-07 1 103 2 136 -137 
137 0.0091479 0.001732922056060834 -1e-07 0.0092129 0.001786385557698251 1e-07 1 103 2 137 -138 
138 0.009212700000000001 0.001786185557698251 -1e-07 0.009277700000000002 0.001837182383931454 1e-07 1 103 2 138 -139 
139 0.009277500000000003 0.001836982383931454 -1e-07 0.009342499999999998 0.00188531405202889 1e-07 1 103 2 139 -140 
140 0.0093423 0.00188511405202889 -1e-07 0.009407299999999999 0.001930592493056601 1e-07 1 103 2 140 -141 
141 0.0094071 0.001930392493056601 -1e-07 0.009472099999999999 0.001972840786735861 1e-07 1 103 2 141 -142 
142 0.0094719 0.001972640786735861 -1e-07 0.009536899999999999 0.002011893852738729 1e-07 1 103 2 142 -143 
143 0.0095367 0.002011693852738729 -1e-07 0.009601700000000001 0.002047599095720367 1e-07 1 103 2 143 -144 
144 0.009601500000000002 0.002047399095720367 -1e-07 0.0096665 0.002079817001567723 1e-07 1 103 2 144 -145 
145 0.009666300000000001 0.002079617001567723 -1e-07 0.009731299999999998 0.002108421682534817 1e-07 1 103 2 145 -146 
146 0.009731099999999999 0.002108221682534817 -1e-07 0.0097961 0.002133301369134566 1e-07 1 103 2 146 -147 
147 0.009795900000000001 0.002133101369134566 -1e-07 0.009860899999999999 0.002154358846865146 1e-07 1 103 2 147 -148 
148 0.0098607 0.002154158846865146 -1e-07 0.009925700000000001 0.00217151183606443 1e-07 1 103 2 148 -149 
149 0.009925500000000002 0.00217131183606443 -1e-07 0.009990499999999999 0.002184693313408265 1e-07 1 103 2 149 -150 
150 0.009990300000000001 0.002184493313408266 -1e-07 0.0100553 0.002193851773796371 1e-07 1 103 2 150 -151 
151 0.0100551 0.002193651773796372 -1e-07 0.0101201 0.002198890980634282 1e-07 1 103 2 151 -152 
152 0.0101199 0.002198690980634283 -1e-07 0.0101849 0.002199965642634718 1e-07 1 103 2 152 -153 
153 0.0101847 0.002196542706669316 -1e-07 0.0102497 0.002199965642634718 1e-07 1 103 2 153 -154 
154 0.0102495 0.002189034765988117 -1e-07 0.0103145 0.002196742706669316 1e-07 1 103 2 154 -155 
155 0.0103143 0.002177271157002175 -1e-07 0.0103793 0.002189234765988116 1e-07 1 103 2 155 -156 
156 0.0103791 0.002161297844654928 -1e-07 0.0104441 0.002177471157002175 1e-07 1 103 2 156 -157 
157 0.0104439 0.002141177242819478 -1e-07 0.0105089 0.002161497844654928 1e-07 1 103 2 157 -158 
158 0.0105087 0.002116987970423599 -1e-07 0.0105737 0.002141377242819477 1e-07 1 103 2 158 -159 
159 0.0105735 0.002088824544255356 -1e-07 0.0106385 0.002117187970423599 1e-07 1 103 2 159 -160 
160 0.0106383 0.002056797009649669 -1e-07 0.0107033 0.002089024544255356 1e-07 1 103 2 160 -161 
161 0.0107031 0.002021030510498881 -1e-07 0.0107681 0.002056997009649669 1e-07 1 103 2 161 -162 
162 0.0107679 0.001981664800267448 -1e-07 0.0108329 0.002021230510498881 1e-07 1 103 2 162 -163 
163 0.0108327 0.001938853695921421 -1e-07 0.0108977 0.001981864800267448 1e-07 1 103 2 163 -164 
164 0.0108975 0.001892764476906417 -1e-07 0.0109625 0.001939053695921421 1e-07 1 103 2 164 -165 
165 0.0109623 0.001843577231522506 -1e-07 0.0110273 0.001892964476906417 1e-07 1 103 2 165 -166 
166 0.0110271 0.001791484153249974 -1e-07 0.0110921 0.001843777231522506 1e-07 1 103 2 166 -167 
167 0.0110919 0.001736688789775503 -1e-07 0.0111569 0.001791684153249974 1e-07 1 103 2 167 -168 
168 0.0111567 0.001679405247653091 -1e-07 0.0112217 0.001736888789775503 1e-07 1 103 2 168 -169 
169 0.0112215 0.001619857355707422 -1e-07 0.0112865 0.001679605247653091 1e-07 1 103 2 169 -170 
170 0.0112863 0.001558277790448585 -1e-07 0.0113513 0.001620057355707422 1e-07 1 103 2 170 -171 
171 0.0113511 0.001494907166915487 -1e-07 0.0114161 0.001558477790448585 1e-07 1 103 2 171 -172 
172 0.0114159 0.001429993098500375 -1e-07 0.0114809 0.001495107166915487 1e-07 1 103 2 172 -173 
173 0.0114807 0.001363789229428107 -1e-07 0.0115457 0.001430193098500375 1e-07 1 103 2 173 -174 
174 0.0115455 0.001296554243670642 -1e-07 0.0116105 0.001363989229428107 1e-07 1 103 2 174 -175 
175 0.0116103 0.00122855085416929 -1e-07 0.0116753 0.001296754243670642 1e-07 1 103 2 175 -176 
176 0.0116751 0.001160044776314244 -1e-07 0.0117401 0.00122875085416929 1e-07 1 103 2 176 -177 
177 0.0117399 0.001091303689692379 -1e-07 0.0118049 0.001160244776314244 1e-07 1 103 2 177 -178 
178 0.0118047 0.001022596192160179 -1e-07 0.0118697 0.001091503689692379 1e-07 1 103 2 178 -179 
179 0.0118695 0.0009541907503286441 -1e-07 0.0119345 0.001022796192160179 1e-07 1 103 2 179 -180 
180 0.0119343 0.0008863546505610104 -1e-07 0.0119993 0.000954390750328644 1e-07 1 103 2 180 -181 
181 0.0119991 0.0008193529545821566 -1e-07 0.0120641 0.0008865546505610103 1e-07 1 103 2 181 -182 
182 0.0120639 0.0007534474637805293 -1e-07 0.0121289 0.0008195529545821565 1e-07 1 103 2 182 -183 
183 0.0121287 0.0006888956962494546 -1e-07 0.0121937 0.0007536474637805291 1e-07 1 103 2 183 -184 
184 0.0121935 0.0006259498805649329 -1e-07 0.0122585 0.0006890956962494545 1e-07 1 103 2 184 -185 
185 0.0122583 0.0005648559702316079 -1e-07 0.0123233 0.0006261498805649328 1e-07 1 103 2 185 -186 
186 0.0123231 0.0005058526826478567 -1e-07 0.0123881 0.0005650559702316078 1e-07 1 103 2 186 -187 
187 0.0123879 0.0004491705663451252 -1e-07 0.0124529 0.0005060526826478566 1e-07 1 103 2 187 -188 
188 0.0124527 0.000395031100146171 -1e-07 0.0125177 0.0004493705663451252 1e-07 1 103 2 188 -189 
189 0.0125175 0.0003436458277621432 -1e-07 0.0125825 0.000395231100146171 1e-07 1 103 2 189 -190 
190 0.0125823 0.0002952155312099638 -1e-07 0.0126473 0.0003438458277621432 1e-07 1 103 2 190 -191 
191 0.0126471 0.0002499294462797871 -1e-07 0.0127121 0.0002954155312099638 1e-07 1 103 2 191 -192 
192 0.0127119 0.000207964523118006 -1e-07 0.0127769 0.0002501294462797871 1e-07 1 103 2 192 -193 
193 0.0127767 0.0001694847348149923 -1e-07 0.0128417 0.000208164523118006 1e-07 1 103 2 193 -194 
194 0.0128415 0.0001346404366991862 -1e-07 0.0129065 0.0001696847348149924 1e-07 1 103 2 194 -195 
195 0.0129063 0.0001035677788410108 -1e-07 0.0129713 0.0001348404366991862 1e-07 1 103 2 195 -196 
196 0.0129711 7.638817406220508e-05 -1e-07 0.0130361 0.0001037677788410108 1e-07 1 103 2 196 -197 
197 0.0130359 5.320782352924029e-05 -1e-07 0.0131009 7.658817406220509e-05 1e-07 1 103 2 197 -198 
198 0.0131007 3.411730178453002e-05 -1e-07 0.0131657 5.340782352924029e-05 1e-07 1 103 2 198 -199 
199 0.0131655 1.919120283686629e-05 -1e-07 0.0132305 3.431730178453003e-05 1e-07 1 103 2 199 -200 
200 0.0132303 8.487848693946177e-06 -1e-07 0.0132953 1.939120283686629e-05 1e-07 1 103 2 200 -201 
201 0.0132951 2.049061475862413e-06 -1e-07 0.0133601 8.687848693946179e-06 1e-07 1 103 2 201 -202 
202 0.0133599 -9.999999999999989e-08 -1e-07 0.0170001 2.249061475862412e-06 1e-07 1 103 2 202 -203 
203 0.0169999 -9.99999999998398e-08 -1e-07 0.0170001 0.0070001 1e-07 1 102 2 203 -204 
204 0.0165999 0.0069999 -1e-07 0.0170001 0.0070001 1e-07 1 103 2 204 -205 
205 0.0165351 0.006997750938524137 -1e-07 0.0166001 0.0070001 1e-07 1 103 2 205 -206 
206 0.0164703 0.006991312151306053 -1e-07 0.0165353 0.006997950938524138 1e-07 1 103 2 206 -207 
207 0.0164055 0.006980608797163133 -1e-07 0.0164705 0.006991512151306054 1e-07 1 103 2 207 -208 
208 0.0163407 0.00696568269821547 -1e-07 0.0164057 0.006980808797163134 1e-07 1 103 2 208 -209 
209 0.0162759 0.00694659217647076 -1e-07 0.0163409 0.00696588269821547 1e-07 1 103 2 209 -210 
210 0.0162111 0.006923411825937795 -1e-07 0.0162761 0.006946792176470761 1e-07 1 103 2 210 -211 
211 0.0161463 0.00689623222115899 -1e-07 0.0162113 0.006923611825937795 1e-07 1 103 2 211 -212 
212 0.0160815 0.006865159563300814 -1e-07 0.0161465 0.006896432221158991 1e-07 1 103 2 212 -213 
213 0.0160167 0.006830315265185007 -1e-07 0.0160817 0.006865359563300815 1e-07 1 103 2 213 -214 
214 0.0159519 0.006791835476881994 -1e-07 0.0160169 0.006830515265185007 1e-07 1 103 2 214 -215 
215 0.0158871 0.006749870553720212 -1e-07 0.0159521 0.006792035476881994 1e-07 1 103 2 215 -216 
216 0.0158223 0.006704584468790035 -1e-07 0.0158873 0.006750070553720212 1e-07 1 103 2 216 -217 
217 0.0157575 0.006656154172237856 -1e-07 0.0158225 0.006704784468790036 1e-07 1 103 2 217 -218 
218 0.0156927 0.006604768899853828 -1e-07 0.0157577 0.006656354172237857 1e-07 1 103 2 218 -219 
219 0.0156279 0.006550629433654874 -1e-07 0.0156929 0.006604968899853829 1e-07 1 103 2 219 -220 
220 0.0155631 0.006493947317352143 -1e-07 0.0156281 0.006550829433654874 1e-07 1 103 2 220 -221 
221 0.0154983 0.006434944029768391 -1e-07 0.0155633 0.006494147317352143 1e-07 1 103 2 221 -222 
222 0.0154335 0.006373850119435068 -1e-07 0.0154985 0.006435144029768392 1e-07 1 103 2 222 -223 
223 0.0153687 0.006310904303750545 -1e-07 0.0154337 0.006374050119435069 1e-07 1 103 2 223 -224 
224 0.0153039 0.006246352536219471 -1e-07 0.0153689 0.006311104303750545 1e-07 1 103 2 224 -225 
225 0.0152391 0.006180447045417844 -1e-07 0.0153041 0.006246552536219471 1e-07 1 103 2 225 -226 
226 0.0151743 0.00611344534943899 -1e-07 0.0152393 0.006180647045417845 1e-07 1 103 2 226 -227 
227 0.0151095 0.006045609249671357 -1e-07 0.0151745 0.006113645349438991 1e-07 1 103 2 227 -228 
228 0.0150447 0.005977203807839821 -1e-07 0.0151097 0.006045809249671357 1e-07 1 103 2 228 -229 
229 0.0149799 0.005908496310307623 -1e-07 0.0150449 0.005977403807839822 1e-07 1 103 2 229 -230 
230 0.0149151 0.005839755223685755 -1e-07 0.0149801 0.005908696310307623 1e-07 1 103 2 230 -231 
231 0.0148503 0.005771249145830709 -1e-07 0.0149153 0.005839955223685756 1e-07 1 103 2 231 -232 
232 0.0147855 0.005703245756329357 -1e-07 0.0148505 0.005771449145830709 1e-07 1 103 2 232 -233 
233 0.0147207 0.005636010770571893 -1e-07 0.0147857 0.005703445756329357 1e-07 1 103 2 233 -234 
234 0.0146559 0.005569806901499625 -1e-07 0.0147209 0.005636210770571894 1e-07 1 103 2 234 -235 
235 0.0145911 0.005504892833084513 -1e-07 0.0146561 0.005570006901499626 1e-07 1 103 2 235 -236 
236 0.0145263 0.005441522209551415 -1e-07 0.0145913 0.005505092833084513 1e-07 1 103 2 236 -237 
237 0.0144615 0.005379942644292578 -1e-07 0.0145265 0.005441722209551416 1e-07 1 103 2 237 -238 
238 0.0143967 0.005320394752346909 -1e-07 0.0144617 0.005380142644292579 1e-07 1 103 2 238 -239 
239 0.0143319 0.005263111210224498 -1e-07 0.0143969 0.005320594752346909 1e-07 1 103 2 239 -240 
240 0.0142671 0.005208315846750027 -1e-07 0.0143321 0.005263311210224498 1e-07 1 103 2 240 -241 
241 0.0142023 0.005156222768477495 -1e-07 0.0142673 0.005208515846750027 1e-07 1 103 2 241 -242 
242 0.0141375 0.005107035523093583 -1e-07 0.0142025 0.005156422768477495 1e-07 1 103 2 242 -243 
243 0.0140727 0.005060946304078579 -1e-07 0.0141377 0.005107235523093583 1e-07 1 103 2 243 -244 
244 0.0140079 0.005018135199732553 -1e-07 0.0140729 0.00506114630407858 1e-07 1 103 2 244 -245 
245 0.0139431 0.004978769489501119 -1e-07 0.0140081 0.005018335199732553 1e-07 1 103 2 245 -246 
246 0.0138783 0.004943002990350331 -1e-07 0.0139433 0.00497896948950112 1e-07 1 103 2 246 -247 
247 0.0138135 0.004910975455744644 -1e-07 0.0138785 0.004943202990350331 1e-07 1 103 2 247 -248 
248 0.0137487 0.004882812029576401 -1e-07 0.0138137 0.004911175455744645 1e-07 1 103 2 248 -249 
249 0.0136839 0.004858622757180522 -1e-07 0.0137489 0.004883012029576401 1e-07 1 103 2 249 -250 
250 0.0136191 0.004838502155345072 -1e-07 0.0136841 0.004858822757180523 1e-07 1 103 2 250 -251 
251 0.0135543 0.004822528842997824 -1e-07 0.0136193 0.004838702155345072 1e-07 1 103 2 251 -252 
252 0.0134895 0.004810765234011883 -1e-07 0.0135545 0.004822728842997824 1e-07 1 103 2 252 -253 
253 0.0134247 0.004803257293330684 -1e-07 0.0134897 0.004810965234011884 1e-07 1 103 2 253 -254 
254 0.0133599 0.004800034357365282 -1e-07 0.0134249 0.004803457293330685 1e-07 1 103 2 254 -255 
255 0.0132951 0.004800034357365282 -1e-07 0.0133601 0.004801248568397432 1e-07 1 103 2 255 -256 
256 0.0132303 0.004801048568397431 -1e-07 0.0132953 0.004806348226203629 1e-07 1 103 2 256 -257 
257 0.0131655 0.004806148226203628 -1e-07 0.0132305 0.004815506686591736 1e-07 1 103 2 257 -258 
258 0.0131007 0.004815306686591735 -1e-07 0.0131657 0.004828688163935571 1e-07 1 103 2 258 -259 
259 0.0130359 0.004828488163935571 -1e-07 0.0131009 0.004845841153134855 1e-07 1 103 2 259 -260 
260 0.0129711 0.004845641153134854 -1e-07 0.0130361 0.004866898630865434 1e-07 1 103 2 260 -261 
261 0.0129063 0.004866698630865434 -1e-07 0.0129713 0.004891778317465183 1e-07 1 103 2 261 -262 
262 0.0128415 0.004891578317465182 -1e-07 0.0129065 0.004920382998432277 1e-07 1 103 2 262 -263 
263 0.0127767 0.004920182998432276 -1e-07 0.0128417 0.004952600904279634 1e-07 1 103 2 263 -264 
264 0.0127119 0.004952400904279633 -1e-07 0.0127769 0.004988306147261272 1e-07 1 103 2 264 -265 
265 0.0126471 0.004988106147261272 -1e-07 0.0127121 0.005027359213264139 1e-07 1 103 2 265 -266 
266 0.0125823 0.005027159213264139 -1e-07 0.0126473 0.005069607506943398 1e-07 1 103 2 266 -267 
267 0.0125175 0.005069407506943398 -1e-07 0.0125825 0.00511488594797111 1e-07 1 103 2 267 -268 
268 0.0124527 0.005114685947971109 -1e-07 0.0125177 0.005163017616068547 1e-07 1 103 2 268 -269 
269 0.0123879 0.005162817616068546 -1e-07 0.0124529 0.00521381444230175 1e-07 1 103 2 269 -270 
270 0.0123231 0.005213614442301749 -1e-07 0.0123881 0.005267077943939166 1e-07 1 103 2 270 -271 
271 0.0122583 0.005266877943939165 -1e-07 0.0123233 0.0053226 1e-07 1 103 2 271 -272 
272 0.0121935 0.0053224 -1e-07 0.0122585 0.005380163664462903 1e-07 1 103 2 272 -273 
273 0.0121287 0.005379963664462902 -1e-07 0.0121937 0.005439544013957499 1e-07 1 103 2 273 -274 
274 0.0120639 0.005439344013957499 -1e-07 0.0121289 0.005500509026626476 1e-07 1 103 2 274 -275 
275 0.0119991 0.005500309026626475 -1e-07 0.0120641 0.005562820488724193 1e-07 1 103 2 275 -276 
276 0.0119343 0.005562620488724192 -1e-07 0.0119993 0.005626234925409378 1e-07 1 103 2 276 -277 
277 0.0118695 0.005626034925409378 -1e-07 0.0119345 0.005690504552094955 1e-07 1 103 2 277 -278 
278 0.0118047 0.005690304552094954 -1e-07 0.0118697 0.005755378242637689 1e-07 1 103 2 278 -279 
279 0.0117399 0.005755178242637688 -1e-07 0.0118049 0.005820602510584593 1e-07 1 103 2 279 -280 
280 0.0116751 0.005820402510584593 -1e-07 0.0117401 0.005885922499641967 1e-07 1 103 2 280 -281 
281 0.0116103 0.005885722499641966 -1e-07 0.0116753 0.005951082979496924 1e-07 1 103 2 281 -282 
282 0.0115455 0.005950882979496923 -1e-07 0.0116105 0.006015829343100365 1e-07 1 103 2 282 -283 
283 0.0114807 0.006015629343100365 -1e-07 0.0115457 0.006079908601514613 1e-07 1 103 2 283 -284 
284 0.0114159 0.006079708601514612 -1e-07 0.0114809 0.006143070372438466 1e-07 1 103 2 284 -285 
285 0.0113511 0.006142870372438465 -1e-07 0.0114161 0.006205067858547128 1e-07 1 103 2 285 -286 
286 0.0112863 0.006204867858547128 -1e-07 0.0113513 0.00626565881182424 1e-07 1 103 2 286 -287 
287 0.0112215 0.00626545881182424 -1e-07 0.0112865 0.006324606480118032 1e-07 1 103 2 287 -288 
288 0.0111567 0.006324406480118032 -1e-07 0.0112217 0.00638168053222301 1e-07 1 103 2 288 -289 
289 0.0110919 0.00638148053222301 -1e-07 0.0111569 0.006436657957872537 1e-07 1 103 2 289 -290 
290 0.0110271 0.006436457957872536 -1e-07 0.0110921 0.006489323939125692 1e-07 1 103 2 290 -291 
291 0.0109623 0.006489123939125692 -1e-07 0.0110273 0.00653947268974357 1e-07 1 103 2 291 -292 
292 0.0108975 0.006539272689743569 -1e-07 0.0109625 0.00658690825927523 1e-07 1 103 2 292 -293 
293 0.0108327 0.006586708259275229 -1e-07 0.0108977 0.006631445298711462 1e-07 1 103 2 293 -294 
294 0.0107679 0.006631245298711462 -1e-07 0.0108329 0.00667290978471463 1e-07 1 103 2 294 -295 
295 0.0107031 0.00667270978471463 -1e-07 0.0107681 0.006711139699594757 1e-07 1 103 2 295 -296 
296 0.0106383 0.006710939699594756 -1e-07 0.0107033 0.006745985664374945 1e-07 1 103 2 296 -297 
297 0.0105735 0.006745785664374945 -1e-07 0.0106385 0.006777311522472469 1e-07 1 103 2 297 -298 
298 0.0105087 0.006777111522472469 -1e-07 0.0105737 0.006804994871714902 1e-07 1 103 2 298 -299 
299 0.0104439 0.006804794871714901 -1e-07 0.0105089 0.00682892754261246 1e-07 1 103 2 299 -300 
300 0.0103791 0.006828727542612459 -1e-07 0.0104441 0.006849016021017799 1e-07 1 103 2 300 -301 
301 0.0103143 0.006848816021017798 -1e-07 0.0103793 0.006865181813521737 1e-07 1 103 2 301 -302 
302 0.0102495 0.006864981813521736 -1e-07 0.0103145 0.006877361754157187 1e-07 1 103 2 302 -303 
303 0.0101847 0.006877161754157187 -1e-07 0.0102497 0.006885508251212884 1e-07 1 103 2 303 -304 
304 0.0101199 0.006885308251212884 -1e-07 0.0101849 0.006889589473192488 1e-07 1 103 2 304 -305 
305 0.0100551 0.006889389473192487 -1e-07 0.0101201 0.006889589473192488 1e-07 1 103 2 305 -306 
306 0.009990300000000002 0.006885308251212884 -1e-07 0.0100553 0.006889589473192488 1e-07 1 103 2 306 -307 
307 0.0099255 0.006877161754157187 -1e-07 0.009990500000000001 0.006885508251212884 1e-07 1 103 2 307 -308 
308 0.009860700000000002 0.006864981813521736 -1e-07 0.009925699999999999 0.006877361754157187 1e-07 1 103 2 308 -309 
309 0.0097959 0.006848816021017798 -1e-07 0.009860900000000001 0.006865181813521737 1e-07 1 103 2 309 -310 
310 0.009731100000000001 0.006828727542612459 -1e-07 0.009796099999999999 0.006849016021017799 1e-07 1 103 2 310 -311 
311 0.009666300000000001 0.006804794871714901 -1e-07 0.0097313 0.00682892754261246 1e-07 1 103 2 311 -312 
312 0.009601500000000002 0.006777111522472469 -1e-07 0.0096665 0.006804994871714902 1e-07 1 103 2 312 -313 
313 0.0095367 0.006745785664374945 -1e-07 0.009601700000000001 0.006777311522472469 1e-07 1 103 2 313 -314 
314 0.0094719 0.006710939699594756 -1e-07 0.009536899999999999 0.006745985664374945 1e-07 1 103 2 314 -315 
315 0.0094071 0.00667270978471463 -1e-07 0.009472099999999999 0.006711139699594757 1e-07 1 103 2 315 -316 
316 0.009342300000000001 0.006631245298711462 -1e-07 0.009407299999999999 0.00667290978471463 1e-07 1 103 2 316 -317 
317 0.009277500000000001 0.006586708259275229 -1e-07 0.0093425 0.006631445298711462 1e-07 1 103 2 317 -318 
318 0.009212700000000001 0.006539272689743569 -1e-07 0.0092777 0.00658690825927523 1e-07 1 103 2 318 -319 
319 0.0091479 0.006489123939125692 -1e-07 0.0092129 0.00653947268974357 1e-07 1 103 2 319 -320 
320 0.009083100000000002 0.006436457957872536 -1e-07 0.009148099999999999 0.006489323939125692 1e-07 1 103 2 320 -321 
321 0.0090183 0.00638148053222301 -1e-07 0.009083300000000001 0.006436657957872537 1e-07 1 103 2 321 -322 
322 0.008953500000000001 0.006324406480118032 -1e-07 0.009018499999999999 0.00638168053222301 1e-07 1 103 2 322 -323 
323 0.008888700000000001 0.00626545881182424 -1e-07 0.0089537 0.006324606480118032 1e-07 1 103 2 323 -324 
324 0.008823900000000001 0.006204867858547128 -1e-07 0.0088889 0.00626565881182424 1e-07 1 103 2 324 -325 
325 0.008759100000000002 0.006142870372438465 -1e-07 0.0088241 0.006205067858547128 1e-07 1 103 2 325 -326 
326 0.0086943 0.006079708601514612 -1e-07 0.008759300000000001 0.006143070372438466 1e-07 1 103 2 326 -327 
327 0.0086295 0.006015629343100365 -1e-07 0.008694499999999999 0.006079908601514613 1e-07 1 103 2 327 -328 
328 0.008564700000000001 0.005950882979496923 -1e-07 0.008629699999999999 0.006015829343100365 1e-07 1 103 2 328 -329 
329 0.008499900000000001 0.005885722499641966 -1e-07 0.0085649 0.005951082979496924 1e-07 1 103 2 329 -330 
330 0.008435100000000001 0.005820402510584593 -1e-07 0.0085001 0.005885922499641967 1e-07 1 103 2 330 -331 
331 0.008370300000000001 0.005755178242637688 -1e-07 0.0084353 0.005820602510584593 1e-07 1 103 2 331 -332 
332 0.0083055 0.005690304552094954 -1e-07 0.008370499999999999 0.005755378242637689 1e-07 1 103 2 332 -333 
333 0.0082407 0.005626034925409378 -1e-07 0.008305699999999999 0.005690504552094955 1e-07 1 103 2 333 -334 
334 0.008175900000000002 0.005562620488724193 -1e-07 0.008240899999999999 0.005626234925409378 1e-07 1 103 2 334 -335 
335 0.008111100000000001 0.005500309026626476 -1e-07 0.0081761 0.005562820488724193 1e-07 1 103 2 335 -336 
336 0.008046299999999999 0.005439344013957499 -1e-07 0.0081113 0.005500509026626477 1e-07 1 103 2 336 -337 
337 0.007981500000000001 0.005379963664462902 -1e-07 0.008046499999999998 0.005439544013957499 1e-07 1 103 2 337 -338 
338 0.0079167 0.0053224 -1e-07 0.0079817 0.005380163664462903 1e-07 1 103 2 338 -339 
339 0.007851900000000002 0.005266877943939165 -1e-07 0.007916899999999999 0.0053226 1e-07 1 103 2 339 -340 
340 0.0077871 0.005213614442301749 -1e-07 0.007852100000000001 0.005267077943939166 1e-07 1 103 2 340 -341 
341 0.007722299999999999 0.005162817616068545 -1e-07 0.0077873 0.00521381444230175 1e-07 1 103 2 341 -342 
342 0.0076575 0.005114685947971109 -1e-07 0.007722499999999999 0.005163017616068546 1e-07 1 103 2 342 -343 
343 0.0075927 0.005069407506943398 -1e-07 0.007657700000000001 0.00511488594797111 1e-07 1 103 2 343 -344 
344 0.007527900000000001 0.005027159213264139 -1e-07 0.007592900000000001 0.005069607506943399 1e-07 1 103 2 344 -345 
345 0.0074631 0.004988106147261272 -1e-07 0.007528100000000001 0.005027359213264139 1e-07 1 103 2 345 -346 
346 0.007398299999999998 0.004952400904279633 -1e-07 0.007463300000000001 0.004988306147261272 1e-07 1 103 2 346 -347 
347 0.007333500000000001 0.004920182998432277 -1e-07 0.007398499999999999 0.004952600904279634 1e-07 1 103 2 347 -348 
348 0.0072687 0.004891578317465183 -1e-07 0.007333700000000001 0.004920382998432278 1e-07 1 103 2 348 -349 
349 0.007203899999999998 0.004866698630865434 -1e-07 0.007268900000000001 0.004891778317465184 1e-07 1 103 2 349 -350 
350 0.007139100000000001 0.004845641153134854 -1e-07 0.007204099999999999 0.004866898630865434 1e-07 1 103 2 350 -351 
351 0.007074299999999999 0.004828488163935571 -1e-07 0.007139300000000001 0.004845841153134855 1e-07 1 103 2 351 -352 
352 0.007009500000000001 0.004815306686591735 -1e-07 0.007074499999999999 0.004828688163935571 1e-07 1 103 2 352 -353 
353 0.006944700000000001 0.004806148226203628 -1e-07 0.007009700000000002 0.004815506686591736 1e-07 1 103 2 353 -354 
354 0.006879899999999999 0.004801109019365718 -1e-07 0.006944900000000001 0.004806348226203629 1e-07 1 103 2 354 -355 
355 0.006815100000000001 0.004800034357365282 -1e-07 0.006880099999999999 0.004801309019365718 1e-07 1 103 2 355 -356 
356 0.006750299999999999 0.004800034357365282 -1e-07 0.006815300000000002 0.004803457293330685 1e-07 1 103 2 356 -357 
357 0.0066855 0.004803257293330684 -1e-07 0.0067505 0.004810965234011884 1e-07 1 103 2 357 -358 
358 0.006620700000000001 0.004810765234011883 -1e-07 0.006685700000000001 0.004822728842997824 1e-07 1 103 2 358 -359 
359 0.006555899999999999 0.004822528842997824 -1e-07 0.006620900000000002 0.004838702155345072 1e-07 1 103 2 359 -360 
360 0.006491100000000001 0.004838502155345072 -1e-07 0.0065561 0.004858822757180524 1e-07 1 103 2 360 -361 
361 0.006426299999999999 0.004858622757180523 -1e-07 0.006491300000000001 0.004883012029576401 1e-07 1 103 2 361 -362 
362 0.006361499999999999 0.004882812029576401 -1e-07 0.0064265 0.004911175455744645 1e-07 1 103 2 362 -363 
363 0.006296700000000001 0.004910975455744644 -1e-07 0.0063617 0.004943202990350332 1e-07 1 103 2 363 -364 
364 0.006231899999999999 0.004943002990350331 -1e-07 0.006296900000000001 0.004978969489501119 1e-07 1 103 2 364 -365 
365 0.006167100000000001 0.004978769489501119 -1e-07 0.0062321 0.005018335199732552 1e-07 1 103 2 365 -366 
366 0.006102299999999999 0.005018135199732552 -1e-07 0.006167300000000001 0.00506114630407858 1e-07 1 103 2 366 -367 
367 0.006037499999999999 0.005060946304078579 -1e-07 0.006102499999999999 0.005107235523093583 1e-07 1 103 2 367 -368 
368 0.005972700000000001 0.005107035523093583 -1e-07 0.0060377 0.005156422768477495 1e-07 1 103 2 368 -369 
369 0.005907899999999999 0.005156222768477495 -1e-07 0.005972900000000001 0.005208515846750026 1e-07 1 103 2 369 -370 
370 0.0058431 0.005208315846750026 -1e-07 0.005908099999999999 0.005263311210224498 1e-07 1 103 2 370 -371 
371 0.005778299999999999 0.005263111210224498 -1e-07 0.0058433 0.005320594752346909 1e-07 1 103 2 371 -372 
372 0.0057135 0.005320394752346909 -1e-07 0.0057785 0.005380142644292579 1e-07 1 103 2 372 -373 
373 0.005648700000000001 0.005379942644292578 -1e-07 0.0057137 0.005441722209551416 1e-07 1 103 2 373 -374 
374 0.005583899999999999 0.005441522209551415 -1e-07 0.005648900000000002 0.005505092833084513 1e-07 1 103 2 374 -375 
375 0.0055191 0.005504892833084513 -1e-07 0.0055841 0.005570006901499626 1e-07 1 103 2 375 -376 
376 0.0054543 0.005569806901499626 -1e-07 0.0055193 0.005636210770571894 1e-07 1 103 2 376 -377 
377 0.005389499999999999 0.005636010770571893 -1e-07 0.0054545 0.005703445756329359 1e-07 1 103 2 377 -378 
378 0.005324700000000002 0.005703245756329359 -1e-07 0.0053897 0.00577144914583071 1e-07 1 103 2 378 -379 
379 0.0052599 0.005771249145830709 -1e-07 0.005324900000000002 0.005839955223685757 1e-07 1 103 2 379 -380 
380 0.005195099999999999 0.005839755223685756 -1e-07 0.0052601 0.005908696310307621 1e-07 1 103 2 380 -381 
381 0.0051303 0.005908496310307621 -1e-07 0.0051953 0.005977403807839821 1e-07 1 103 2 381 -382 
382 0.0050655 0.005977203807839821 -1e-07 0.005130500000000001 0.006045809249671357 1e-07 1 103 2 382 -383 
383 0.005000699999999999 0.006045609249671356 -1e-07 0.0050657 0.006113645349438991 1e-07 1 103 2 383 -384 
384 0.0049359 0.00611344534943899 -1e-07 0.0050009 0.006180647045417844 1e-07 1 103 2 384 -385 
385 0.0048711 0.006180447045417843 -1e-07 0.004936100000000001 0.006246552536219471 1e-07 1 103 2 385 -386 
386 0.004806299999999999 0.006246352536219471 -1e-07 0.0048713 0.006311104303750545 1e-07 1 103 2 386 -387 
387 0.0047415 0.006310904303750545 -1e-07 0.0048065 0.006374050119435068 1e-07 1 103 2 387 -388 
388 0.0046767 0.006373850119435067 -1e-07 0.004741700000000001 0.006435144029768392 1e-07 1 103 2 388 -389 
389 0.0046119 0.006434944029768391 -1e-07 0.0046769 0.006494147317352143 1e-07 1 103 2 389 -390 
390 0.0045471 0.006493947317352143 -1e-07 0.0046121 0.006550829433654875 1e-07 1 103 2 390 -391 
391 0.0044823 0.006550629433654875 -1e-07 0.004547300000000001 0.006604968899853829 1e-07 1 103 2 391 -392 
392 0.0044175 0.006604768899853828 -1e-07 0.0044825 0.006656354172237857 1e-07 1 103 2 392 -393 
393 0.0043527 0.006656154172237856 -1e-07 0.004417700000000001 0.006704784468790037 1e-07 1 103 2 393 -394 
394 0.0042879 0.006704584468790037 -1e-07 0.004352900000000001 0.006750070553720213 1e-07 1 103 2 394 -395 
395 0.0042231 0.006749870553720213 -1e-07 0.0042881 0.006792035476881994 1e-07 1 103 2 395 -396 
396 0.0041583 0.006791835476881994 -1e-07 0.004223300000000001 0.006830515265185008 1e-07 1 103 2 396 -397 
397 0.0040935 0.006830315265185008 -1e-07 0.004158500000000001 0.006865359563300815 1e-07 1 103 2 397 -398 
398 0.004028700000000001 0.006865159563300814 -1e-07 0.0040937 0.00689643222115899 1e-07 1 103 2 398 -399 
399 0.0039639 0.006896232221158989 -1e-07 0.004028900000000001 0.006923611825937795 1e-07 1 103 2 399 -400 
400 0.003899100000000001 0.006923411825937795 -1e-07 0.003964100000000001 0.00694679217647076 1e-07 1 103 2 400 -401 
401 0.003834300000000001 0.00694659217647076 -1e-07 0.003899300000000001 0.00696588269821547 1e-07 1 103 2 401 -402 
402 0.003769500000000001 0.00696568269821547 -1e-07 0.0038345 0.006980808797163134 1e-07 1 103 2 402 -403 
403 0.003704700000000001 0.006980608797163133 -1e-07 0.0037697 0.006991512151306054 1e-07 1 103 2 403 -404 
404 0.003639899999999999 0.006991312151306053 -1e-07 0.003704900000000001 0.006997950938524138 1e-07 1 103 2 404 -405 
405 -9.99999999998398e-08 0.006997750938524137 -1e-07 0.003640099999999999 0.0070001 1e-07 1 103 2 405 -406 
406 -1e-07 -9.99999999998398e-08 -1e-07 1e-07 0.0070001 1e-07 1 101 2 406 -1 
1 -9.999999999940612e-08 -9.99999999998398e-08 -1e-07 0.0170001 0.0070001 1e-07 1 201 406 1 2 3 4 5 6 7 8 9 10 11 12 13 14 15 16 17 18 19 20 21 22 23 24 25 26 27 28 29 30 31 32 33 34 35 36 37 38 39 40 41 42 43 44 45 46 47 48 49 50 51 52 53 54 55 56 57 58 59 60 61 62 63 64 65 66 67 68 69 70 71 72 73 74 75 76 77 78 79 80 81 82 83 84 85 86 87 88 89 90 91 92 93 94 95 96 97 98 99 100 101 102 103 104 105 106 107 108 109 110 111 112 113 114 115 116 117 118 119 120 121 122 123 124 125 126 127 128 129 130 131 132 133 134 135 136 137 138 139 140 141 142 143 144 145 146 147 148 149 150 151 152 153 154 155 156 157 158 159 160 161 162 163 164 165 166 167 168 169 170 171 172 173 174 175 176 177 178 179 180 181 182 183 184 185 186 187 188 189 190 191 192 193 194 195 196 197 198 199 200 201 202 203 204 205 206 207 208 209 210 211 212 213 214 215 216 217 218 219 220 221 222 223 224 225 226 227 228 229 230 231 232 233 234 235 236 237 238 239 240 241 242 243 244 245 246 247 248 249 250 251 252 253 254 255 256 257 258 259 260 261 262 263 264 265 266 267 268 269 270 271 272 273 274 275 276 277 278 279 280 281 282 283 284 285 286 287 288 289 290 291 292 293 294 295 296 297 298 299 300 301 302 303 304 305 306 307 308 309 310 311 312 313 314 315 316 317 318 319 320 321 322 323 324 325 326 327 328 329 330 331 332 333 334 335 336 337 338 339 340 341 342 343 344 345 346 347 348 349 350 351 352 353 354 355 356 357 358 359 360 361 362 363 364 365 366 367 368 369 370 371 372 373 374 375 376 377 378 379 380 381 382 383 384 385 386 387 388 389 390 391 392 393 394 395 396 397 398 399 400 401 402 403 404 405 406 
$EndEntities
$Nodes
813 4366 1 4366
0 1 0 1
1
0 0 0
0 2 0 1
2
0.0004 0 0
0 3 0 1
3
0.0004648 2.149061475862413e-06 0
0 4 0 1
4
0.0005296000000000001 8.587848693946178e-06 0
0 5 0 1
5
0.0005944 1.929120283686629e-05 0
0 6 0 1
6
0.0006592 3.42173017845299e-05 0
0 7 0 1
7
0.000724 5.330782352924004e-05 0
0 8 0 1
8
0.0007888 7.64881740622047e-05 0
0 9 0 1
9
0.0008535999999999999 0.0001036677788410104 0
0 10 0 1
10
0.0009184 0.0001347404366991857 0
0 11 0 1
11
0.0009832 0.0001695847348149929 0
0 12 0 1
12
0.001048 0.0002080645231180065 0
0 13 0 1
13
0.0011128 0.0002500294462797874 0
0 14 0 1
14
0.0011776 0.0002953155312099641 0
0 15 0 1
15
0.0012424 0.0003437458277621436 0
0 16 0 1
16
0.0013072 0.0003951311001461714 0
0 17 0 1
17
0.001372 0.0004492705663451255 0
0 18 0 1
18
0.0014368 0.0005059526826478568 0
0 19 0 1
19
0.0015016 0.0005649559702316079 0
0 20 0 1
20
0.0015664 0.0006260498805649325 0
0 21 0 1
21
0.0016312 0.0006889956962494543 0
0 22 0 1
22
0.001696 0.0007535474637805285 0
0 23 0 1
23
0.0017608 0.0008194529545821561 0
0 24 0 1
24
0.0018256 0.0008864546505610096 0
0 25 0 1
25
0.0018904 0.0009542907503286433 0
0 26 0 1
26
0.0019552 0.001022696192160178 0
0 27 0 1
27
0.00202 0.001091403689692378 0
0 28 0 1
28
0.0020848 0.001160144776314245 0
0 29 0 1
29
0.0021496 0.001228650854169291 0
0 30 0 1
30
0.0022144 0.001296654243670643 0
0 31 0 1
31
0.0022792 0.001363889229428108 0
0 32 0 1
32
0.002344 0.001430093098500375 0
0 33 0 1
33
0.0024088 0.001495007166915487 0
0 34 0 1
34
0.0024736 0.001558377790448585 0
0 35 0 1
35
0.0025384 0.001619957355707422 0
0 36 0 1
36
0.0026032 0.001679505247653091 0
0 37 0 1
37
0.002668 0.001736788789775503 0
0 38 0 1
38
0.0027328 0.001791584153249973 0
0 39 0 1
39
0.0027976 0.001843677231522505 0
0 40 0 1
40
0.0028624 0.001892864476906417 0
0 41 0 1
41
0.0029272 0.001938953695921421 0
0 42 0 1
42
0.002992 0.001981764800267447 0
0 43 0 1
43
0.0030568 0.002021130510498881 0
0 44 0 1
44
0.0031216 0.00205689700964967 0
0 45 0 1
45
0.0031864 0.002088924544255356 0
0 46 0 1
46
0.0032512 0.002117087970423599 0
0 47 0 1
47
0.003316 0.002141277242819478 0
0 48 0 1
48
0.0033808 0.002161397844654928 0
0 49 0 1
49
0.0034456 0.002177371157002175 0
0 50 0 1
50
0.0035104 0.002189134765988116 0
0 51 0 1
51
0.0035752 0.002196642706669316 0
0 52 0 1
52
0.00364 0.002199865642634719 0
0 53 0 1
53
0.0037048 0.002198851431602569 0
0 54 0 1
54
0.0037696 0.002193751773796371 0
0 55 0 1
55
0.0038344 0.002184593313408265 0
0 56 0 1
56
0.0038992 0.00217141183606443 0
0 57 0 1
57
0.003964 0.002154258846865146 0
0 58 0 1
58
0.0040288 0.002133201369134566 0
0 59 0 1
59
0.0040936 0.002108321682534817 0
0 60 0 1
60
0.0041584 0.002079717001567723 0
0 61 0 1
61
0.004223200000000001 0.002047499095720367 0
0 62 0 1
62
0.004288 0.002011793852738729 0
0 63 0 1
63
0.0043528 0.001972740786735861 0
0 64 0 1
64
0.004417600000000001 0.001930492493056602 0
0 65 0 1
65
0.0044824 0.00188521405202889 0
0 66 0 1
66
0.0045472 0.001837082383931453 0
0 67 0 1
67
0.004612 0.001786285557698251 0
0 68 0 1
68
0.004676800000000001 0.001733022056060834 0
0 69 0 1
69
0.0047416 0.0016775 0
0 70 0 1
70
0.0048064 0.001619936335537097 0
0 71 0 1
71
0.0048712 0.001560555986042501 0
0 72 0 1
72
0.004936 0.001499590973373524 0
0 73 0 1
73
0.005000800000000001 0.001437279511275808 0
0 74 0 1
74
0.0050656 0.001373865074590622 0
0 75 0 1
75
0.0051304 0.001309595447905045 0
0 76 0 1
76
0.0051952 0.001244721757362312 0
0 77 0 1
77
0.005260000000000001 0.001179497489415407 0
0 78 0 1
78
0.005324800000000001 0.001114177500358034 0
0 79 0 1
79
0.0053896 0.001049017020503077 0
0 80 0 1
80
0.0054544 0.0009842706568996358 0
0 81 0 1
81
0.005519200000000001 0.0009201913984853882 0
0 82 0 1
82
0.005584 0.0008570296275615346 0
0 83 0 1
83
0.005648800000000001 0.0007950321414528725 0
0 84 0 1
84
0.0057136 0.0007344411881757603 0
0 85 0 1
85
0.0057784 0.000675493519881968 0
0 86 0 1
86
0.005843200000000001 0.0006184194677769903 0
0 87 0 1
87
0.005908 0.0005634420421274639 0
0 88 0 1
88
0.0059728 0.000510776060874308 0
0 89 0 1
89
0.0060376 0.000460627310256431 0
0 90 0 1
90
0.0061024 0.0004131917407247711 0
0 91 0 1
91
0.0061672 0.0003686547012885374 0
0 92 0 1
92
0.006232000000000001 0.00032719021528537 0
0 93 0 1
93
0.0062968 0.0002889603004052431 0
0 94 0 1
94
0.0063616 0.0002541143356250553 0
0 95 0 1
95
0.006426400000000001 0.000222788477527531 0
0 96 0 1
96
0.0064912 0.000195105128285099 0
0 97 0 1
97
0.006556 0.0001711724573875406 0
0 98 0 1
98
0.0066208 0.0001510839789822019 0
0 99 0 1
99
0.0066856 0.0001349181864782642 0
0 100 0 1
100
0.0067504 0.0001227382458428127 0
0 101 0 1
101
0.0068152 0.0001145917487871165 0
0 102 0 1
102
0.006880000000000001 0.0001105105268075131 0
0 103 0 1
103
0.0069448 0.0001105105268075131 0
0 104 0 1
104
0.0070096 0.0001145917487871165 0
0 105 0 1
105
0.0070744 0.0001227382458428127 0
0 106 0 1
106
0.0071392 0.0001349181864782642 0
0 107 0 1
107
0.007204000000000001 0.0001510839789822019 0
0 108 0 1
108
0.0072688 0.0001711724573875406 0
0 109 0 1
109
0.0073336 0.000195105128285099 0
0 110 0 1
110
0.007398399999999999 0.000222788477527531 0
0 111 0 1
111
0.007463200000000001 0.0002541143356250553 0
0 112 0 1
112
0.007528000000000001 0.0002889603004052431 0
0 113 0 1
113
0.007592799999999999 0.00032719021528537 0
0 114 0 1
114
0.0076576 0.0003686547012885374 0
0 115 0 1
115
0.007722400000000001 0.0004131917407247711 0
0 116 0 1
116
0.0077872 0.000460627310256431 0
0 117 0 1
117
0.007852000000000001 0.000510776060874308 0
0 118 0 1
118
0.0079168 0.0005634420421274639 0
0 119 0 1
119
0.0079816 0.0006184194677769903 0
0 120 0 1
120
0.0080464 0.000675493519881968 0
0 121 0 1
121
0.008111200000000001 0.0007344411881757603 0
0 122 0 1
122
0.008176000000000001 0.0007950321414528725 0
0 123 0 1
123
0.008240799999999998 0.0008570296275615346 0
0 124 0 1
124
0.0083056 0.0009201913984853882 0
0 125 0 1
125
0.0083704 0.0009842706568996358 0
0 126 0 1
126
0.0084352 0.001049017020503077 0
0 127 0 1
127
0.008500000000000001 0.001114177500358034 0
0 128 0 1
128
0.008564800000000001 0.001179497489415407 0
0 129 0 1
129
0.008629599999999999 0.001244721757362312 0
0 130 0 1
130
0.0086944 0.001309595447905045 0
0 131 0 1
131
0.0087592 0.001373865074590622 0
0 132 0 1
132
0.008824 0.001437279511275807 0
0 133 0 1
133
0.008888800000000001 0.001499590973373524 0
0 134 0 1
134
0.008953600000000003 0.001560555986042501 0
0 135 0 1
135
0.009018399999999999 0.001619936335537097 0
0 136 0 1
136
0.0090832 0.0016775 0
0 137 0 1
137
0.009148 0.001733022056060834 0
0 138 0 1
138
0.0092128 0.001786285557698251 0
0 139 0 1
139
0.009277600000000002 0.001837082383931454 0
0 140 0 1
140
0.009342399999999999 0.00188521405202889 0
0 141 0 1
141
0.009407199999999999 0.001930492493056601 0
0 142 0 1
142
0.009472 0.001972740786735861 0
0 143 0 1
143
0.0095368 0.002011793852738729 0
0 144 0 1
144
0.009601600000000002 0.002047499095720367 0
0 145 0 1
145
0.0096664 0.002079717001567723 0
0 146 0 1
146
0.009731199999999999 0.002108321682534817 0
0 147 0 1
147
0.009796000000000001 0.002133201369134566 0
0 148 0 1
148
0.009860799999999999 0.002154258846865146 0
0 149 0 1
149
0.009925600000000001 0.00217141183606443 0
0 150 0 1
150
0.0099904 0.002184593313408265 0
0 151 0 1
151
0.0100552 0.002193751773796371 0
0 152 0 1
152
0.01012 0.002198790980634282 0
0 153 0 1
153
0.0101848 0.002199865642634719 0
0 154 0 1
154
0.0102496 0.002196642706669316 0
0 155 0 1
155
0.0103144 0.002189134765988116 0
0 156 0 1
156
0.0103792 0.002177371157002175 0
0 157 0 1
157
0.010444 0.002161397844654928 0
0 158 0 1
158
0.0105088 0.002141277242819478 0
0 159 0 1
159
0.0105736 0.002117087970423599 0
0 160 0 1
160
0.0106384 0.002088924544255356 0
0 161 0 1
161
0.0107032 0.002056897009649669 0
0 162 0 1
162
0.010768 0.002021130510498881 0
0 163 0 1
163
0.0108328 0.001981764800267448 0
0 164 0 1
164
0.0108976 0.001938953695921421 0
0 165 0 1
165
0.0109624 0.001892864476906417 0
0 166 0 1
166
0.0110272 0.001843677231522506 0
0 167 0 1
167
0.011092 0.001791584153249974 0
0 168 0 1
168
0.0111568 0.001736788789775503 0
0 169 0 1
169
0.0112216 0.001679505247653091 0
0 170 0 1
170
0.0112864 0.001619957355707422 0
0 171 0 1
171
0.0113512 0.001558377790448585 0
0 172 0 1
172
0.011416 0.001495007166915487 0
0 173 0 1
173
0.0114808 0.001430093098500375 0
0 174 0 1
174
0.0115456 0.001363889229428107 0
0 175 0 1
175
0.0116104 0.001296654243670642 0
0 176 0 1
176
0.0116752 0.00122865085416929 0
0 177 0 1
177
0.01174 0.001160144776314244 0
0 178 0 1
178
0.0118048 0.001091403689692379 0
0 179 0 1
179
0.0118696 0.001022696192160179 0
0 180 0 1
180
0.0119344 0.0009542907503286441 0
0 181 0 1
181
0.0119992 0.0008864546505610104 0
0 182 0 1
182
0.012064 0.0008194529545821565 0
0 183 0 1
183
0.0121288 0.0007535474637805292 0
0 184 0 1
184
0.0121936 0.0006889956962494545 0
0 185 0 1
185
0.0122584 0.0006260498805649329 0
0 186 0 1
186
0.0123232 0.0005649559702316079 0
0 187 0 1
187
0.012388 0.0005059526826478567 0
0 188 0 1
188
0.0124528 0.0004492705663451252 0
0 189 0 1
189
0.0125176 0.000395131100146171 0
0 190 0 1
190
0.0125824 0.0003437458277621432 0
0 191 0 1
191
0.0126472 0.0002953155312099638 0
0 192 0 1
192
0.012712 0.0002500294462797871 0
0 193 0 1
193
0.0127768 0.000208064523118006 0
0 194 0 1
194
0.0128416 0.0001695847348149923 0
0 195 0 1
195
0.0129064 0.0001347404366991862 0
0 196 0 1
196
0.0129712 0.0001036677788410108 0
0 197 0 1
197
0.013036 7.648817406220508e-05 0
0 198 0 1
198
0.0131008 5.330782352924029e-05 0
0 199 0 1
199
0.0131656 3.421730178453002e-05 0
0 200 0 1
200
0.0132304 1.929120283686629e-05 0
0 201 0 1
201
0.0132952 8.587848693946178e-06 0
0 202 0 1
202
0.01336 2.149061475862413e-06 0
0 203 0 1
203
0.017 0 0
0 204 0 1
204
0.017 0.007 0
0 205 0 1
205
0.0166 0.007 0
0 206 0 1
206
0.0165352 0.006997850938524138 0
0 207 0 1
207
0.0164704 0.006991412151306053 0
0 208 0 1
208
0.0164056 0.006980708797163134 0
0 209 0 1
209
0.0163408 0.00696578269821547 0
0 210 0 1
210
0.016276 0.006946692176470761 0
0 211 0 1
211
0.0162112 0.006923511825937795 0
0 212 0 1
212
0.0161464 0.00689633222115899 0
0 213 0 1
213
0.0160816 0.006865259563300814 0
0 214 0 1
214
0.0160168 0.006830415265185007 0
0 215 0 1
215
0.015952 0.006791935476881994 0
0 216 0 1
216
0.0158872 0.006749970553720212 0
0 217 0 1
217
0.0158224 0.006704684468790035 0
0 218 0 1
218
0.0157576 0.006656254172237856 0
0 219 0 1
219
0.0156928 0.006604868899853828 0
0 220 0 1
220
0.015628 0.006550729433654874 0
0 221 0 1
221
0.0155632 0.006494047317352143 0
0 222 0 1
222
0.0154984 0.006435044029768392 0
0 223 0 1
223
0.0154336 0.006373950119435068 0
0 224 0 1
224
0.0153688 0.006311004303750545 0
0 225 0 1
225
0.015304 0.006246452536219471 0
0 226 0 1
226
0.0152392 0.006180547045417845 0
0 227 0 1
227
0.0151744 0.006113545349438991 0
0 228 0 1
228
0.0151096 0.006045709249671357 0
0 229 0 1
229
0.0150448 0.005977303807839822 0
0 230 0 1
230
0.01498 0.005908596310307623 0
0 231 0 1
231
0.0149152 0.005839855223685755 0
0 232 0 1
232
0.0148504 0.005771349145830709 0
0 233 0 1
233
0.0147856 0.005703345756329357 0
0 234 0 1
234
0.0147208 0.005636110770571893 0
0 235 0 1
235
0.014656 0.005569906901499625 0
0 236 0 1
236
0.0145912 0.005504992833084513 0
0 237 0 1
237
0.0145264 0.005441622209551415 0
0 238 0 1
238
0.0144616 0.005380042644292578 0
0 239 0 1
239
0.0143968 0.005320494752346909 0
0 240 0 1
240
0.014332 0.005263211210224498 0
0 241 0 1
241
0.0142672 0.005208415846750027 0
0 242 0 1
242
0.0142024 0.005156322768477495 0
0 243 0 1
243
0.0141376 0.005107135523093583 0
0 244 0 1
244
0.0140728 0.00506104630407858 0
0 245 0 1
245
0.014008 0.005018235199732553 0
0 246 0 1
246
0.0139432 0.00497886948950112 0
0 247 0 1
247
0.0138784 0.004943102990350331 0
0 248 0 1
248
0.0138136 0.004911075455744644 0
0 249 0 1
249
0.0137488 0.004882912029576401 0
0 250 0 1
250
0.013684 0.004858722757180522 0
0 251 0 1
251
0.0136192 0.004838602155345072 0
0 252 0 1
252
0.0135544 0.004822628842997824 0
0 253 0 1
253
0.0134896 0.004810865234011884 0
0 254 0 1
254
0.0134248 0.004803357293330685 0
0 255 0 1
255
0.01336 0.004800134357365283 0
0 256 0 1
256
0.0132952 0.004801148568397431 0
0 257 0 1
257
0.0132304 0.004806248226203629 0
0 258 0 1
258
0.0131656 0.004815406686591735 0
0 259 0 1
259
0.0131008 0.004828588163935571 0
0 260 0 1
260
0.013036 0.004845741153134854 0
0 261 0 1
261
0.0129712 0.004866798630865434 0
0 262 0 1
262
0.0129064 0.004891678317465183 0
0 263 0 1
263
0.0128416 0.004920282998432277 0
0 264 0 1
264
0.0127768 0.004952500904279633 0
0 265 0 1
265
0.012712 0.004988206147261272 0
0 266 0 1
266
0.0126472 0.005027259213264139 0
0 267 0 1
267
0.0125824 0.005069507506943398 0
0 268 0 1
268
0.0125176 0.00511478594797111 0
0 269 0 1
269
0.0124528 0.005162917616068546 0
0 270 0 1
270
0.012388 0.005213714442301749 0
0 271 0 1
271
0.0123232 0.005266977943939165 0
0 272 0 1
272
0.0122584 0.0053225 0
0 273 0 1
273
0.0121936 0.005380063664462902 0
0 274 0 1
274
0.0121288 0.005439444013957499 0
0 275 0 1
275
0.012064 0.005500409026626476 0
0 276 0 1
276
0.0119992 0.005562720488724192 0
0 277 0 1
277
0.0119344 0.005626134925409378 0
0 278 0 1
278
0.0118696 0.005690404552094954 0
0 279 0 1
279
0.0118048 0.005755278242637689 0
0 280 0 1
280
0.01174 0.005820502510584593 0
0 281 0 1
281
0.0116752 0.005885822499641966 0
0 282 0 1
282
0.0116104 0.005950982979496923 0
0 283 0 1
283
0.0115456 0.006015729343100365 0
0 284 0 1
284
0.0114808 0.006079808601514612 0
0 285 0 1
285
0.011416 0.006142970372438466 0
0 286 0 1
286
0.0113512 0.006204967858547128 0
0 287 0 1
287
0.0112864 0.00626555881182424 0
0 288 0 1
288
0.0112216 0.006324506480118032 0
0 289 0 1
289
0.0111568 0.00638158053222301 0
0 290 0 1
290
0.011092 0.006436557957872536 0
0 291 0 1
291
0.0110272 0.006489223939125692 0
0 292 0 1
292
0.0109624 0.006539372689743569 0
0 293 0 1
293
0.0108976 0.006586808259275229 0
0 294 0 1
294
0.0108328 0.006631345298711462 0
0 295 0 1
295
0.010768 0.00667280978471463 0
0 296 0 1
296
0.0107032 0.006711039699594756 0
0 297 0 1
297
0.0106384 0.006745885664374945 0
0 298 0 1
298
0.0105736 0.006777211522472469 0
0 299 0 1
299
0.0105088 0.006804894871714901 0
0 300 0 1
300
0.010444 0.006828827542612459 0
0 301 0 1
301
0.0103792 0.006848916021017799 0
0 302 0 1
302
0.0103144 0.006865081813521736 0
0 303 0 1
303
0.0102496 0.006877261754157187 0
0 304 0 1
304
0.0101848 0.006885408251212884 0
0 305 0 1
305
0.01012 0.006889489473192487 0
0 306 0 1
306
0.0100552 0.006889489473192487 0
0 307 0 1
307
0.009990400000000002 0.006885408251212884 0
0 308 0 1
308
0.0099256 0.006877261754157187 0
0 309 0 1
309
0.009860800000000001 0.006865081813521736 0
0 310 0 1
310
0.009795999999999999 0.006848916021017799 0
0 311 0 1
311
0.009731200000000001 0.006828827542612459 0
0 312 0 1
312
0.0096664 0.006804894871714901 0
0 313 0 1
313
0.009601600000000002 0.006777211522472469 0
0 314 0 1
314
0.0095368 0.006745885664374945 0
0 315 0 1
315
0.009472 0.006711039699594756 0
0 316 0 1
316
0.009407199999999999 0.00667280978471463 0
0 317 0 1
317
0.009342400000000001 0.006631345298711462 0
0 318 0 1
318
0.0092776 0.006586808259275229 0
0 319 0 1
319
0.0092128 0.006539372689743569 0
0 320 0 1
320
0.009148 0.006489223939125692 0
0 321 0 1
321
0.009083200000000001 0.006436557957872536 0
0 322 0 1
322
0.009018399999999999 0.00638158053222301 0
0 323 0 1
323
0.008953600000000001 0.006324506480118032 0
0 324 0 1
324
0.008888800000000001 0.00626555881182424 0
0 325 0 1
325
0.008824 0.006204967858547128 0
0 326 0 1
326
0.008759200000000002 0.006142970372438466 0
0 327 0 1
327
0.0086944 0.006079808601514612 0
0 328 0 1
328
0.008629599999999999 0.006015729343100365 0
0 329 0 1
329
0.008564800000000001 0.005950982979496923 0
0 330 0 1
330
0.008500000000000001 0.005885822499641966 0
0 331 0 1
331
0.0084352 0.005820502510584593 0
0 332 0 1
332
0.0083704 0.005755278242637689 0
0 333 0 1
333
0.0083056 0.005690404552094954 0
0 334 0 1
334
0.0082408 0.005626134925409378 0
0 335 0 1
335
0.008176000000000001 0.005562720488724193 0
0 336 0 1
336
0.008111200000000001 0.005500409026626477 0
0 337 0 1
337
0.008046399999999999 0.005439444013957499 0
0 338 0 1
338
0.0079816 0.005380063664462902 0
0 339 0 1
339
0.0079168 0.0053225 0
0 340 0 1
340
0.007852000000000001 0.005266977943939165 0
0 341 0 1
341
0.0077872 0.005213714442301749 0
0 342 0 1
342
0.007722399999999999 0.005162917616068546 0
0 343 0 1
343
0.007657600000000001 0.00511478594797111 0
0 344 0 1
344
0.0075928 0.005069507506943399 0
0 345 0 1
345
0.007528000000000001 0.005027259213264139 0
0 346 0 1
346
0.007463200000000001 0.004988206147261272 0
0 347 0 1
347
0.007398399999999999 0.004952500904279633 0
0 348 0 1
348
0.007333600000000001 0.004920282998432278 0
0 349 0 1
349
0.007268800000000001 0.004891678317465183 0
0 350 0 1
350
0.007203999999999999 0.004866798630865434 0
0 351 0 1
351
0.007139200000000001 0.004845741153134854 0
0 352 0 1
352
0.007074399999999999 0.004828588163935571 0
0 353 0 1
353
0.007009600000000001 0.004815406686591735 0
0 354 0 1
354
0.006944800000000001 0.004806248226203629 0
0 355 0 1
355
0.006879999999999999 0.004801209019365718 0
0 356 0 1
356
0.006815200000000001 0.004800134357365283 0
0 357 0 1
357
0.006750399999999999 0.004803357293330685 0
0 358 0 1
358
0.006685600000000001 0.004810865234011884 0
0 359 0 1
359
0.006620800000000001 0.004822628842997824 0
0 360 0 1
360
0.006555999999999999 0.004838602155345072 0
0 361 0 1
361
0.006491200000000001 0.004858722757180523 0
0 362 0 1
362
0.0064264 0.004882912029576401 0
0 363 0 1
363
0.006361599999999999 0.004911075455744644 0
0 364 0 1
364
0.006296800000000001 0.004943102990350332 0
0 365 0 1
365
0.006232 0.004978869489501119 0
0 366 0 1
366
0.006167200000000001 0.005018235199732552 0
0 367 0 1
367
0.006102399999999999 0.00506104630407858 0
0 368 0 1
368
0.0060376 0.005107135523093583 0
0 369 0 1
369
0.005972800000000001 0.005156322768477495 0
0 370 0 1
370
0.005907999999999999 0.005208415846750026 0
0 371 0 1
371
0.0058432 0.005263211210224498 0
0 372 0 1
372
0.0057784 0.005320494752346909 0
0 373 0 1
373
0.0057136 0.005380042644292578 0
0 374 0 1
374
0.005648800000000002 0.005441622209551415 0
0 375 0 1
375
0.005584 0.005504992833084513 0
0 376 0 1
376
0.0055192 0.005569906901499626 0
0 377 0 1
377
0.0054544 0.005636110770571893 0
0 378 0 1
378
0.0053896 0.005703345756329359 0
0 379 0 1
379
0.005324800000000002 0.00577134914583071 0
0 380 0 1
380
0.00526 0.005839855223685756 0
0 381 0 1
381
0.0051952 0.005908596310307621 0
0 382 0 1
382
0.0051304 0.005977303807839821 0
0 383 0 1
383
0.0050656 0.006045709249671356 0
0 384 0 1
384
0.0050008 0.006113545349438991 0
0 385 0 1
385
0.004936 0.006180547045417844 0
0 386 0 1
386
0.0048712 0.006246452536219471 0
0 387 0 1
387
0.0048064 0.006311004303750545 0
0 388 0 1
388
0.0047416 0.006373950119435067 0
0 389 0 1
389
0.0046768 0.006435044029768392 0
0 390 0 1
390
0.004612 0.006494047317352143 0
0 391 0 1
391
0.0045472 0.006550729433654875 0
0 392 0 1
392
0.0044824 0.006604868899853828 0
0 393 0 1
393
0.004417600000000001 0.006656254172237856 0
0 394 0 1
394
0.0043528 0.006704684468790037 0
0 395 0 1
395
0.004288 0.006749970553720213 0
0 396 0 1
396
0.004223200000000001 0.006791935476881994 0
0 397 0 1
397
0.0041584 0.006830415265185008 0
0 398 0 1
398
0.0040936 0.006865259563300814 0
0 399 0 1
399
0.004028800000000001 0.006896332221158989 0
0 400 0 1
400
0.003964000000000001 0.006923511825937795 0
0 401 0 1
401
0.003899200000000001 0.00694669217647076 0
0 402 0 1
402
0.0038344 0.00696578269821547 0
0 403 0 1
403
0.003769600000000001 0.006980708797163134 0
0 404 0 1
404
0.003704800000000001 0.006991412151306053 0
0 405 0 1
405
0.003639999999999999 0.006997850938524138 0
0 406 0 1
406
0 0.007 0
1 1 0 3
407
408
409
0.0001000000000000001 0 0
0.0002000000000000005 0 0
0.0003000000000000004 0 0
1 2 0 0
1 3 0 0
1 4 0 0
1 5 0 0
1 6 0 0
1 7 0 0
1 8 0 0
1 9 0 0
1 10 0 0
1 11 0 0
1 12 0 0
1 13 0 0
1 14 0 0
1 15 0 0
1 16 0 0
1 17 0 0
1 18 0 0
1 19 0 0
1 20 0 0
1 21 0 0
1 22 0 0
1 23 0 0
1 24 0 0
1 25 0 0
1 26 0 0
1 27 0 0
1 28 0 0
1 29 0 0
1 30 0 0
1 31 0 0
1 32 0 0
1 33 0 0
1 34 0 0
1 35 0 0
1 36 0 0
1 37 0 0
1 38 0 0
1 39 0 0
1 40 0 0
1 41 0 0
1 42 0 0
1 43 0 0
1 44 0 0
1 45 0 0
1 46 0 0
1 47 0 0
1 48 0 0
1 49 0 0
1 50 0 0
1 51 0 0
1 52 0 0
1 53 0 0
1 54 0 0
1 55 0 0
1 56 0 0
1 57 0 0
1 58 0 0
1 59 0 0
1 60 0 0
1 61 0 0
1 62 0 0
1 63 0 0
1 64 0 0
1 65 0 0
1 66 0 0
1 67 0 0
1 68 0 0
1 69 0 0
1 70 0 0
1 71 0 0
1 72 0 0
1 73 0 0
1 74 0 0
1 75 0 0
1 76 0 0
1 77 0 0
1 78 0 0
1 79 0 0
1 80 0 0
1 81 0 0
1 82 0 0
1 83 0 0
1 84 0 0
1 85 0 0
1 86 0 0
1 87 0 0
1 88 0 0
1 89 0 0
1 90 0 0
1 91 0 0
1 92 0 0
1 93 0 0
1 94 0 0
1 95 0 0
1 96 0 0
1 97 0 0
1 98 0 0
1 99 0 0
1 100 0 0
1 101 0 0
1 102 0 0
1 103 0 0
1 104 0 0
1 105 0 0
1 106 0 0
1 107 0 0
1 108 0 0
1 109 0 0
1 110 0 0
1 111 0 0
1 112 0 0
1 113 0 0
1 114 0 0
1 115 0 0
1 116 0 0
1 117 0 0
1 118 0 0
1 119 0 0
1 120 0 0
1 121 0 0
1 122 0 0
1 123 0 0
1 124 0 0
1 125 0 0
1 126 0 0
1 127 0 0
1 128 0 0
1 129 0 0
1 130 0 0
1 131 0 0
1 132 0 0
1 133 0 0
1 134 0 0
1 135 0 0
1 136 0 0
1 137 0 0
1 138 0 0
1 139 0 0
1 140 0 0
1 141 0 0
1 142 0 0
1 143 0 0
1 144 0 0
1 145 0 0
1 146 0 0
1 147 0 0
1 148 0 0
1 149 0 0
1 150 0 0
1 151 0 0
1 152 0 0
1 153 0 0
1 154 0 0
1 155 0 0
1 156 0 0
1 157 0 0
1 158 0 0
1 159 0 0
1 160 0 0
1 161 0 0
1 162 0 0
1 163 0 0
1 164 0 0
1 165 0 0
1 166 0 0
1 167 0 0
1 168 0 0
1 169 0 0
1 170 0 0
1 171 0 0
1 172 0 0
1 173 0 0
1 174 0 0
1 175 0 0
1 176 0 0
1 177 0 0
1 178 0 0
1 179 0 0
1 180 0 0
1 181 0 0
1 182 0 0
1 183 0 0
1 184 0 0
1 185 0 0
1 186 0 0
1 187 0 0
1 188 0 0
1 189 0 0
1 190 0 0
1 191 0 0
1 192 0 0
1 193 0 0
1 194 0 0
1 195 0 0
1 196 0 0
1 197 0 0
1 198 0 0
1 199 0 0
1 200 0 0
1 201 0 0
1 202 0 36
410
411
412
413
414
415
416
417
418
419
420
421
422
423
424
425
426
427
428
429
430
431
432
433
434
435
436
437
438
439
440
441
442
443
444
445
0.01345837837837838 2.090978733271537e-06 0
0.01355675675675676 2.032895990680661e-06 0
0.01365513513513514 1.974813248089785e-06 0
0.01375351351351351 1.916730505498909e-06 0
0.01385189189189189 1.858647762908033e-06 0
0.01395027027027027 1.800565020317157e-06 0
0.01404864864864865 1.742482277726281e-06 0
0.01414702702702703 1.684399535135405e-06 0
0.01424540540540541 1.626316792544529e-06 0
0.01434378378378378 1.568234049953653e-06 0
0.01444216216216216 1.510151307362777e-06 0
0.01454054054054054 1.452068564771901e-06 0
0.01463891891891892 1.393985822181025e-06 0
0.0147372972972973 1.335903079590149e-06 0
0.01483567567567567 1.277820336999274e-06 0
0.01493405405405405 1.219737594408398e-06 0
0.01503243243243243 1.161654851817522e-06 0
0.01513081081081081 1.103572109226645e-06 0
0.01522918918918919 1.045489366635769e-06 0
0.01532756756756757 9.874066240448931e-07 0
0.01542594594594595 9.293238814540168e-07 0
0.01552432432432433 8.712411388631405e-07 0
0.0156227027027027 8.131583962722643e-07 0
0.01572108108108108 7.55075653681388e-07 0
0.01581945945945946 6.969929110905117e-07 0
0.01591783783783784 6.389101684996354e-07 0
0.01601621621621622 5.808274259087592e-07 0
0.0161145945945946 5.227446833178829e-07 0
0.01621297297297298 4.646619407270068e-07 0
0.01631135135135136 4.065791981361303e-07 0
0.01640972972972973 3.484964555452543e-07 0
0.01650810810810811 2.90413712954378e-07 0
0.01660648648648649 2.323309703635022e-07 0
0.01670486486486487 1.742482277726265e-07 0
0.01680324324324324 1.161654851817515e-07 0
0.01690162162162162 5.80827425908757e-08 0
1 203 0 69
446
447
448
449
450
451
452
453
454
455
456
457
458
459
460
461
462
463
464
465
466
467
468
469
470
471
472
473
474
475
476
477
478
479
480
481
482
483
484
485
486
487
488
489
490
491
492
493
494
495
496
497
498
499
500
501
502
503
504
505
506
507
508
509
510
511
512
513
514
0.017 0.000100488162098165 0
0.017 0.0002027219877914641 0
0.017 0.0003026819585592366 0
0.017 0.0004026419293270091 0
0.017 0.0005026019000947816 0
0.017 0.000602561870862554 0
0.017 0.0007025218416303266 0
0.017 0.0008024818123980991 0
0.017 0.0009024417831658715 0
0.017 0.001002401753933644 0
0.017 0.001102361724701417 0
0.017 0.001202321695469189 0
0.017 0.001302281666236962 0
0.017 0.001402241637004734 0
0.017 0.001502201607772507 0
0.017 0.001602161578540279 0
0.017 0.001702121549308052 0
0.017 0.001802081520075824 0
0.017 0.001902041490843597 0
0.017 0.002002001461611369 0
0.017 0.002101961432379142 0
0.017 0.002201921403146915 0
0.017 0.002301881373914687 0
0.017 0.00240184134468246 0
0.017 0.002501801315450232 0
0.017 0.002601761286218005 0
0.017 0.002701721256985778 0
0.017 0.00280168122775355 0
0.017 0.002901641198521323 0
0.017 0.003001601169289095 0
0.017 0.003101561140056868 0
0.017 0.00320152111082464 0
0.017 0.003301481081592413 0
0.017 0.003401441052360186 0
0.017 0.003501401023127959 0
0.017 0.003601360993895731 0
0.017 0.003701320964663504 0
0.017 0.003801280935431276 0
0.017 0.003901240906199049 0
0.017 0.004001200876966821 0
0.017 0.004101160847734594 0
0.017 0.004201120818502367 0
0.017 0.004301080789270139 0
0.017 0.004401040760037912 0
0.017 0.004501000730805685 0
0.017 0.004600960701573458 0
0.017 0.004700920672341229 0
0.017 0.004800880643109002 0
0.017 0.004900840613876775 0
0.017 0.005000800584644548 0
0.017 0.00510076055541232 0
0.017 0.005200720526180093 0
0.017 0.005300680496947865 0
0.017 0.005400640467715638 0
0.017 0.005500600438483411 0
0.017 0.005600560409251183 0
0.017 0.005700520380018955 0
0.017 0.005800480350786728 0
0.017 0.005900440321554501 0
0.017 0.006000400292322274 0
0.017 0.006100360263090046 0
0.017 0.006200320233857819 0
0.017 0.006300280204625591 0
0.017 0.006400240175393364 0
0.017 0.006500200146161136 0
0.017 0.006600160116928909 0
0.017 0.006700120087696681 0
0.017 0.006800080058464455 0
0.017 0.006900040029232227 0
1 204 0 3
515
516
517
0.0169 0.007 0
0.0168 0.007 0
0.0167 0.007 0
1 205 0 0
1 206 0 0
1 207 0 0
1 208 0 0
1 209 0 0
1 210 0 0
1 211 0 0
1 212 0 0
1 213 0 0
1 214 0 0
1 215 0 0
1 216 0 0
1 217 0 0
1 218 0 0
1 219 0 0
1 220 0 0
1 221 0 0
1 222 0 0
1 223 0 0
1 224 0 0
1 225 0 0
1 226 0 0
1 227 0 0
1 228 0 0
1 229 0 0
1 230 0 0
1 231 0 0
1 232 0 0
1 233 0 0
1 234 0 0
1 235 0 0
1 236 0 0
1 237 0 0
1 238 0 0
1 239 0 0
1 240 0 0
1 241 0 0
1 242 0 0
1 243 0 0
1 244 0 0
1 245 0 0
1 246 0 0
1 247 0 0
1 248 0 0
1 249 0 0
1 250 0 0
1 251 0 0
1 252 0 0
1 253 0 0
1 254 0 0
1 255 0 0
1 256 0 0
1 257 0 0
1 258 0 0
1 259 0 0
1 260 0 0
1 261 0 0
1 262 0 0
1 263 0 0
1 264 0 0
1 265 0 0
1 266 0 0
1 267 0 0
1 268 0 0
1 269 0 0
1 270 0 0
1 271 0 0
1 272 0 0
1 273 0 0
1 274 0 0
1 275 0 0
1 276 0 0
1 277 0 0
1 278 0 0
1 279 0 0
1 280 0 0
1 281 0 0
1 282 0 0
1 283 0 0
1 284 0 0
1 285 0 0
1 286 0 0
1 287 0 0
1 288 0 0
1 289 0 0
1 290 0 0
1 291 0 0
1 292 0 0
1 293 0 0
1 294 0 0
1 295 0 0
1 296 0 0
1 297 0 0
1 298 0 0
1 299 0 0
1 300 0 0
1 301 0 0
1 302 0 0
1 303 0 0
1 304 0 0
1 305 0 0
1 306 0 0
1 307 0 0
1 308 0 0
1 309 0 0
1 310 0 0
1 311 0 0
1 312 0 0
1 313 0 0
1 314 0 0
1 315 0 0
1 316 0 0
1 317 0 0
1 318 0 0
1 319 0 0
1 320 0 0
1 321 0 0
1 322 0 0
1 323 0 0
1 324 0 0
1 325 0 0
1 326 0 0
1 327 0 0
1 328 0 0
1 329 0 0
1 330 0 0
1 331 0 0
1 332 0 0
1 333 0 0
1 334 0 0
1 335 0 0
1 336 0 0
1 337 0 0
1 338 0 0
1 339 0 0
1 340 0 0
1 341 0 0
1 342 0 0
1 343 0 0
1 344 0 0
1 345 0 0
1 346 0 0
1 347 0 0
1 348 0 0
1 349 0 0
1 350 0 0
1 351 0 0
1 352 0 0
1 353 0 0
1 354 0 0
1 355 0 0
1 356 0 0
1 357 0 0
1 358 0 0
1 359 0 0
1 360 0 0
1 361 0 0
1 362 0 0
1 363 0 0
1 364 0 0
1 365 0 0
1 366 0 0
1 367 0 0
1 368 0 0
1 369 0 0
1 370 0 0
1 371 0 0
1 372 0 0
1 373 0 0
1 374 0 0
1 375 0 0
1 376 0 0
1 377 0 0
1 378 0 0
1 379 0 0
1 380 0 0
1 381 0 0
1 382 0 0
1 383 0 0
1 384 0 0
1 385 0 0
1 386 0 0
1 387 0 0
1 388 0 0
1 389 0 0
1 390 0 0
1 391 0 0
1 392 0 0
1 393 0 0
1 394 0 0
1 395 0 0
1 396 0 0
1 397 0 0
1 398 0 0
1 399 0 0
1 400 0 0
1 401 0 0
1 402 0 0
1 403 0 0
1 404 0 0
1 405 0 36
518
519
520
521
522
523
524
525
526
527
528
529
530
531
532
533
534
535
536
537
538
539
540
541
542
543
544
545
546
547
548
549
550
551
552
553
0.003541621621621621 0.006997909021266729 0
0.003443243243243242 0.006997967104009319 0
0.003344864864864864 0.006998025186751911 0
0.003246486486486485 0.006998083269494501 0
0.003148108108108107 0.006998141352237092 0
0.003049729729729729 0.006998199434979683 0
0.002951351351351351 0.006998257517722274 0
0.002852972972972973 0.006998315600464865 0
0.002754594594594595 0.006998373683207455 0
0.002656216216216217 0.006998431765950047 0
0.002557837837837838 0.006998489848692637 0
0.00245945945945946 0.006998547931435228 0
0.002361081081081082 0.006998606014177819 0
0.002262702702702704 0.00699866409692041 0
0.002164324324324326 0.006998722179663001 0
0.002065945945945948 0.006998780262405592 0
0.001967567567567569 0.006998838345148183 0
0.001869189189189191 0.006998896427890773 0
0.001770810810810812 0.006998954510633365 0
0.001672432432432433 0.006999012593375955 0
0.001574054054054054 0.006999070676118546 0
0.001475675675675676 0.006999128758861137 0
0.001377297297297297 0.006999186841603728 0
0.001278918918918919 0.006999244924346319 0
0.00118054054054054 0.006999303007088909 0
0.001082162162162161 0.006999361089831501 0
0.0009837837837837827 0.006999419172574091 0
0.0008854054054054034 0.006999477255316682 0
0.000787027027027025 0.006999535338059273 0
0.0006886486486486461 0.006999593420801864 0
0.0005902702702702674 0.006999651503544455 0
0.0004918918918918885 0.006999709586287046 0
0.0003935135135135106 0.006999767669029637 0
0.0002951351351351327 0.006999825751772227 0
0.000196756756756756 0.006999883834514819 0
9.837837837837808e-05 0.006999941917257409 0
1 406 0 69
554
555
556
557
558
559
560
561
562
563
564
565
566
567
568
569
570
571
572
573
574
575
576
577
578
579
580
581
582
583
584
585
586
587
588
589
590
591
592
593
594
595
596
597
598
599
600
601
602
603
604
605
606
607
608
609
610
611
612
613
614
615
616
617
618
619
620
621
622
0 0.006899511837901835 0
0 0.006797278012208536 0
0 0.006697318041440764 0
0 0.006597358070672991 0
0 0.006497398099905218 0
0 0.006397438129137446 0
0 0.006297478158369674 0
0 0.006197518187601901 0
0 0.006097558216834128 0
0 0.005997598246066356 0
0 0.005897638275298584 0
0 0.005797678304530811 0
0 0.005697718333763038 0
0 0.005597758362995265 0
0 0.005497798392227493 0
0 0.005397838421459721 0
0 0.005297878450691948 0
0 0.005197918479924176 0
0 0.005097958509156403 0
0 0.004997998538388631 0
0 0.004898038567620859 0
0 0.004798078596853085 0
0 0.004698118626085313 0
0 0.00459815865531754 0
0 0.004498198684549768 0
0 0.004398238713781996 0
0 0.004298278743014222 0
0 0.00419831877224645 0
0 0.004098358801478678 0
0 0.003998398830710905 0
0 0.003898438859943132 0
0 0.00379847888917536 0
0 0.003698518918407587 0
0 0.003598558947639814 0
0 0.003498598976872041 0
0 0.003398639006104269 0
0 0.003298679035336496 0
0 0.003198719064568724 0
0 0.003098759093800951 0
0 0.002998799123033179 0
0 0.002898839152265406 0
0 0.002798879181497633 0
0 0.002698919210729861 0
0 0.002598959239962088 0
0 0.002498999269194315 0
0 0.002399039298426543 0
0 0.002299079327658771 0
0 0.002199119356890998 0
0 0.002099159386123225 0
0 0.001999199415355452 0
0 0.00189923944458768 0
0 0.001799279473819907 0
0 0.001699319503052135 0
0 0.001599359532284362 0
0 0.00149939956151659 0
0 0.001399439590748818 0
0 0.001299479619981045 0
0 0.001199519649213272 0
0 0.001099559678445499 0
0 0.0009995997076777266 0
0 0.0008996397369099539 0
0 0.0007996797661421811 0
0 0.0006997197953744093 0
0 0.0005997598246066365 0
0 0.0004997998538388638 0
0 0.000399839883071091 0
0 0.0002998799123033191 0
0 0.0001999199415355455 0
0 9.995997076777362e-05 0
2 1 0 3744
623
624
625
626
627
628
629
630
631
632
633
634
635
636
637
638
639
640
641
642
643
644
645
646
647
648
649
650
651
652
653
654
655
656
657
658
659
660
661
662
663
664
665
666
667
668
669
670
671
672
673
674
675
676
677
678
679
680
681
682
683
684
685
686
687
688
689
690
691
692
693
694
695
696
697
698
699
700
701
702
703
704
705
706
707
708
709
710
711
712
713
714
715
716
717
718
719
720
721
722
723
724
725
726
727
728
729
730
731
732
733
734
735
736
737
738
739
740
741
742
743
744
745
746
747
748
749
750
751
752
753
754
755
756
757
758
759
760
761
762
763
764
765
766
767
768
769
770
771
772
773
774
775
776
777
778
779
780
781
782
783
784
785
786
787
788
789
790
791
792
793
794
795
796
797
798
799
800
801
802
803
804
805
806
807
808
809
810
811
812
813
814
815
816
817
818
819
820
821
822
823
824
825
826
827
828
829
830
831
832
833
834
835
836
837
838
839
840
841
842
843
844
845
846
847
848
849
850
851
852
853
854
855
856
857
858
859
860
861
862
863
864
865
866
867
868
869
870
871
872
873
874
875
876
877
878
879
880
881
882
883
884
885
886
887
888
889
890
891
892
893
894
895
896
897
898
899
900
901
902
903
904
905
906
907
908
909
910
911
912
913
914
915
916
917
918
919
920
921
922
923
924
925
926
927
928
929
930
931
932
933
934
935
936
937
938
939
940
941
942
943
944
945
946
947
948
949
950
951
952
953
954
955
956
957
958
959
960
961
962
963
964
965
966
967
968
969
970
971
972
973
974
975
976
977
978
979
980
981
982
983
984
985
986
987
988
989
990
991
992
993
994
995
996
997
998
999
1000
1001
1002
1003
1004
1005
1006
1007
1008
1009
1010
1011
1012
1013
1014
1015
1016
1017
1018
1019
1020
1021
1022
1023
1024
1025
1026
1027
1028
1029
1030
1031
1032
1033
1034
1035
1036
1037
1038
1039
1040
1041
1042
1043
1044
1045
1046
1047
1048
1049
1050
1051
1052
1053
1054
1055
1056
1057
1058
1059
1060
1061
1062
1063
1064
1065
1066
1067
1068
1069
1070
1071
1072
1073
1074
1075
1076
1077
1078
1079
1080
1081
1082
1083
1084
1085
1086
1087
1088
1089
1090
1091
1092
1093
1094
1095
1096
1097
1098
1099
1100
1101
1102
1103
1104
1105
1106
1107
1108
1109
1110
1111
1112
1113
1114
1115
1116
1117
1118
1119
1120
1121
1122
1123
1124
1125
1126
1127
1128
1129
1130
1131
1132
1133
1134
1135
1136
1137
1138
1139
1140
1141
1142
1143
1144
1145
1146
1147
1148
1149
1150
1151
1152
1153
1154
1155
1156
1157
1158
1159
1160
1161
1162
1163
1164
1165
1166
1167
1168
1169
1170
1171
1172
1173
1174
1175
1176
1177
1178
1179
1180
1181
1182
1183
1184
1185
1186
1187
1188
1189
1190
1191
1192
1193
1194
1195
1196
1197
1198
1199
1200
1201
1202
1203
1204
1205
1206
1207
1208
1209
1210
1211
1212
1213
1214
1215
1216
1217
1218
1219
1220
1221
1222
1223
1224
1225
1226
1227
1228
1229
1230
1231
1232
1233
1234
1235
1236
1237
1238
1239
1240
1241
1242
1243
1244
1245
1246
1247
1248
1249
1250
1251
1252
1253
1254
1255
1256
1257
1258
1259
1260
1261
1262
1263
1264
1265
1266
1267
1268
1269
1270
1271
1272
1273
1274
1275
1276
1277
1278
1279
1280
1281
1282
1283
1284
1285
1286
1287
1288
1289
1290
1291
1292
1293
1294
1295
1296
1297
1298
1299
1300
1301
1302
1303
1304
1305
1306
1307
1308
1309
1310
1311
1312
1313
1314
1315
1316
1317
1318
1319
1320
1321
1322
1323
1324
1325
1326
1327
1328
1329
1330
1331
1332
1333
1334
1335
1336
1337
1338
1339
1340
1341
1342
1343
1344
1345
1346
1347
1348
1349
1350
1351
1352
1353
1354
1355
1356
1357
1358
1359
1360
1361
1362
1363
1364
1365
1366
1367
1368
1369
1370
1371
1372
1373
1374
1375
1376
1377
1378
1379
1380
1381
1382
1383
1384
1385
1386
1387
1388
1389
1390
1391
1392
1393
1394
1395
1396
1397
1398
1399
1400
1401
1402
1403
1404
1405
1406
1407
1408
1409
1410
1411
1412
1413
1414
1415
1416
1417
1418
1419
1420
1421
1422
1423
1424
1425
1426
1427
1428
1429
1430
1431
1432
1433
1434
1435
1436
1437
1438
1439
1440
1441
1442
1443
1444
1445
1446
1447
1448
1449
1450
1451
1452
1453
1454
1455
1456
1457
1458
1459
1460
1461
1462
1463
1464
1465
1466
1467
1468
1469
1470
1471
1472
1473
1474
1475
1476
1477
1478
1479
1480
1481
1482
1483
1484
1485
1486
1487
1488
1489
1490
1491
1492
1493
1494
1495
1496
1497
1498
1499
1500
1501
1502
1503
1504
1505
1506
1507
1508
1509
1510
1511
1512
1513
1514
1515
1516
1517
1518
1519
1520
1521
1522
1523
1524
1525
1526
1527
1528
1529
1530
1531
1532
1533
1534
1535
1536
1537
1538
1539
1540
1541
1542
1543
1544
1545
1546
1547
1548
1549
1550
1551
1552
1553
1554
1555
1556
1557
1558
1559
1560
1561
1562
1563
1564
1565
1566
1567
1568
1569
1570
1571
1572
1573
1574
1575
1576
1577
1578
1579
1580
1581
1582
1583
1584
1585
1586
1587
1588
1589
1590
1591
1592
1593
1594
1595
1596
1597
1598
1599
1600
1601
1602
1603
1604
1605
1606
1607
1608
1609
1610
1611
1612
1613
1614
1615
1616
1617
1618
1619
1620
1621
1622
1623
1624
1625
1626
1627
1628
1629
1630
1631
1632
1633
1634
1635
1636
1637
1638
1639
1640
1641
1642
1643
1644
1645
1646
1647
1648
1649
1650
1651
1652
1653
1654
1655
1656
1657
1658
1659
1660
1661
1662
1663
1664
1665
1666
1667
1668
1669
1670
1671
1672
1673
1674
1675
1676
1677
1678
1679
1680
1681
1682
1683
1684
1685
1686
1687
1688
1689
1690
1691
1692
1693
1694
1695
1696
1697
1698
1699
1700
1701
1702
1703
1704
1705
1706
1707
1708
1709
1710
1711
1712
1713
1714
1715
1716
1717
1718
1719
1720
1721
1722
1723
1724
1725
1726
1727
1728
1729
1730
1731
1732
1733
1734
1735
1736
1737
1738
1739
1740
1741
1742
1743
1744
1745
1746
1747
1748
1749
1750
1751
1752
1753
1754
1755
1756
1757
1758
1759
1760
1761
1762
1763
1764
1765
1766
1767
1768
1769
1770
1771
1772
1773
1774
1775
1776
1777
1778
1779
1780
1781
1782
1783
1784
1785
1786
1787
1788
1789
1790
1791
1792
1793
1794
1795
1796
1797
1798
1799
1800
1801
1802
1803
1804
1805
1806
1807
1808
1809
1810
1811
1812
1813
1814
1815
1816
1817
1818
1819
1820
1821
1822
1823
1824
1825
1826
1827
1828
1829
1830
1831
1832
1833
1834
1835
1836
1837
1838
1839
1840
1841
1842
1843
1844
1845
1846
1847
1848
1849
1850
1851
1852
1853
1854
1855
1856
1857
1858
1859
1860
1861
1862
1863
1864
1865
1866
1867
1868
1869
1870
1871
1872
1873
1874
1875
1876
1877
1878
1879
1880
1881
1882
1883
1884
1885
1886
1887
1888
1889
1890
1891
1892
1893
1894
1895
1896
1897
1898
1899
1900
1901
1902
1903
1904
1905
1906
1907
1908
1909
1910
1911
1912
1913
1914
1915
1916
1917
1918
1919
1920
1921
1922
1923
1924
1925
1926
1927
1928
1929
1930
1931
1932
1933
1934
1935
1936
1937
1938
1939
1940
1941
1942
1943
1944
1945
1946
1947
1948
1949
1950
1951
1952
1953
1954
1955
1956
1957
1958
1959
1960
1961
1962
1963
1964
1965
1966
1967
1968
1969
1970
1971
1972
1973
1974
1975
1976
1977
1978
1979
1980
1981
1982
1983
1984
1985
1986
1987
1988
1989
1990
1991
1992
1993
1994
1995
1996
1997
1998
1999
2000
2001
2002
2003
2004
2005
2006
2007
2008
2009
2010
2011
2012
2013
2014
2015
2016
2017
2018
2019
2020
2021
2022
2023
2024
2025
2026
2027
2028
2029
2030
2031
2032
2033
2034
2035
2036
2037
2038
2039
2040
2041
2042
2043
2044
2045
2046
2047
2048
2049
2050
2051
2052
2053
2054
2055
2056
2057
2058
2059
2060
2061
2062
2063
2064
2065
2066
2067
2068
2069
2070
2071
2072
2073
2074
2075
2076
2077
2078
2079
2080
2081
2082
2083
2084
2085
2086
2087
2088
2089
2090
2091
2092
2093
2094
2095
2096
2097
2098
2099
2100
2101
2102
2103
2104
2105
2106
2107
2108
2109
2110
2111
2112
2113
2114
2115
2116
2117
2118
2119
2120
2121
2122
2123
2124
2125
2126
2127
2128
2129
2130
2131
2132
2133
2134
2135
2136
2137
2138
2139
2140
2141
2142
2143
2144
2145
2146
2147
2148
2149
2150
2151
2152
2153
2154
2155
2156
2157
2158
2159
2160
2161
2162
2163
2164
2165
2166
2167
2168
2169
2170
2171
2172
2173
2174
2175
2176
2177
2178
2179
2180
2181
2182
2183
2184
2185
2186
2187
2188
2189
2190
2191
2192
2193
2194
2195
2196
2197
2198
2199
2200
2201
2202
2203
2204
2205
2206
2207
2208
2209
2210
2211
2212
2213
2214
2215
2216
2217
2218
2219
2220
2221
2222
2223
2224
2225
2226
2227
2228
2229
2230
2231
2232
2233
2234
2235
2236
2237
2238
2239
2240
2241
2242
2243
2244
2245
2246
2247
2248
2249
2250
2251
2252
2253
2254
2255
2256
2257
2258
2259
2260
2261
2262
2263
2264
2265
2266
2267
2268
2269
2270
2271
2272
2273
2274
2275
2276
2277
2278
2279
2280
2281
2282
2283
2284
2285
2286
2287
2288
2289
2290
2291
2292
2293
2294
2295
2296
2297
2298
2299
2300
2301
2302
2303
2304
2305
2306
2307
2308
2309
2310
2311
2312
2313
2314
2315
2316
2317
2318
2319
2320
2321
2322
2323
2324
2325
2326
2327
2328
2329
2330
2331
2332
2333
2334
2335
2336
2337
2338
2339
2340
2341
2342
2343
2344
2345
2346
2347
2348
2349
2350
2351
2352
2353
2354
2355
2356
2357
2358
2359
2360
2361
2362
2363
2364
2365
2366
2367
2368
2369
2370
2371
2372
2373
2374
2375
2376
2377
2378
2379
2380
2381
2382
2383
2384
2385
2386
2387
2388
2389
2390
2391
2392
2393
2394
2395
2396
2397
2398
2399
2400
2401
2402
2403
2404
2405
2406
2407
2408
2409
2410
2411
2412
2413
2414
2415
2416
2417
2418
2419
2420
2421
2422
2423
2424
2425
2426
2427
2428
2429
2430
2431
2432
2433
2434
2435
2436
2437
2438
2439
2440
2441
2442
2443
2444
2445
2446
2447
2448
2449
2450
2451
2452
2453
2454
2455
2456
2457
2458
2459
2460
2461
2462
2463
2464
2465
2466
2467
2468
2469
2470
2471
2472
2473
2474
2475
2476
2477
2478
2479
2480
2481
2482
2483
2484
2485
2486
2487
2488
2489
2490
2491
2492
2493
2494
2495
2496
2497
2498
2499
2500
2501
2502
2503
2504
2505
2506
2507
2508
2509
2510
2511
2512
2513
2514
2515
2516
2517
2518
2519
2520
2521
2522
2523
2524
2525
2526
2527
2528
2529
2530
2531
2532
2533
2534
2535
2536
2537
2538
2539
2540
2541
2542
2543
2544
2545
2546
2547
2548
2549
2550
2551
2552
2553
2554
2555
2556
2557
2558
2559
2560
2561
2562
2563
2564
2565
2566
2567
2568
2569
2570
2571
2572
2573
2574
2575
2576
2577
2578
2579
2580
2581
2582
2583
2584
2585
2586
2587
2588
2589
2590
2591
2592
2593
2594
2595
2596
2597
2598
2599
2600
2601
2602
2603
2604
2605
2606
2607
2608
2609
2610
2611
2612
2613
2614
2615
2616
2617
2618
2619
2620
2621
2622
2623
2624
2625
2626
2627
2628
2629
2630
2631
2632
2633
2634
2635
2636
2637
2638
2639
2640
2641
2642
2643
2644
2645
2646
2647
2648
2649
2650
2651
2652
2653
2654
2655
2656
2657
2658
2659
2660
2661
2662
2663
2664
2665
2666
2667
2668
2669
2670
2671
2672
2673
2674
2675
2676
2677
2678
2679
2680
2681
2682
2683
2684
2685
2686
2687
2688
2689
2690
2691
2692
2693
2694
2695
2696
2697
2698
2699
2700
2701
2702
2703
2704
2705
2706
2707
2708
2709
2710
2711
2712
2713
2714
2715
2716
2717
2718
2719
2720
2721
2722
2723
2724
2725
2726
2727
2728
2729
2730
2731
2732
2733
2734
2735
2736
2737
2738
2739
2740
2741
2742
2743
2744
2745
2746
2747
2748
2749
2750
2751
2752
2753
2754
2755
2756
2757
2758
2759
2760
2761
2762
2763
2764
2765
2766
2767
2768
2769
2770
2771
2772
2773
2774
2775
2776
2777
2778
2779
2780
2781
2782
2783
2784
2785
2786
2787
2788
2789
2790
2791
2792
2793
2794
2795
2796
2797
2798
2799
2800
2801
2802
2803
2804
2805
2806
2807
2808
2809
2810
2811
2812
2813
2814
2815
2816
2817
2818
2819
2820
2821
2822
2823
2824
2825
2826
2827
2828
2829
2830
2831
2832
2833
2834
2835
2836
2837
2838
2839
2840
2841
2842
2843
2844
2845
2846
2847
2848
2849
2850
2851
2852
2853
2854
2855
2856
2857
2858
2859
2860
2861
2862
2863
2864
2865
2866
2867
2868
2869
2870
2871
2872
2873
2874
2875
2876
2877
2878
2879
2880
2881
2882
2883
2884
2885
2886
2887
2888
2889
2890
2891
2892
2893
2894
2895
2896
2897
2898
2899
2900
2901
2902
2903
2904
2905
2906
2907
2908
2909
2910
2911
2912
2913
2914
2915
2916
2917
2918
2919
2920
2921
2922
2923
2924
2925
2926
2927
2928
2929
2930
2931
2932
2933
2934
2935
2936
2937
2938
2939
2940
2941
2942
2943
2944
2945
2946
2947
2948
2949
2950
2951
2952
2953
2954
2955
2956
2957
2958
2959
2960
2961
2962
2963
2964
2965
2966
2967
2968
2969
2970
2971
2972
2973
2974
2975
2976
2977
2978
2979
2980
2981
2982
2983
2984
2985
2986
2987
2988
2989
2990
2991
2992
2993
2994
2995
2996
2997
2998
2999
3000
3001
3002
3003
3004
3005
3006
3007
3008
3009
3010
3011
3012
3013
3014
3015
3016
3017
3018
3019
3020
3021
3022
3023
3024
3025
3026
3027
3028
3029
3030
3031
3032
3033
3034
3035
3036
3037
3038
3039
3040
3041
3042
3043
3044
3045
3046
3047
3048
3049
3050
3051
3052
3053
3054
3055
3056
3057
3058
3059
3060
3061
3062
3063
3064
3065
3066
3067
3068
3069
3070
3071
3072
3073
3074
3075
3076
3077
3078
3079
3080
3081
3082
3083
3084
3085
3086
3087
3088
3089
3090
3091
3092
3093
3094
3095
3096
3097
3098
3099
3100
3101
3102
3103
3104
3105
3106
3107
3108
3109
3110
3111
3112
3113
3114
3115
3116
3117
3118
3119
3120
3121
3122
3123
3124
3125
3126
3127
3128
3129
3130
3131
3132
3133
3134
3135
3136
3137
3138
3139
3140
3141
3142
3143
3144
3145
3146
3147
3148
3149
3150
3151
3152
3153
3154
3155
3156
3157
3158
3159
3160
3161
3162
3163
3164
3165
3166
3167
3168
3169
3170
3171
3172
3173
3174
3175
3176
3177
3178
3179
3180
3181
3182
3183
3184
3185
3186
3187
3188
3189
3190
3191
3192
3193
3194
3195
3196
3197
3198
3199
3200
3201
3202
3203
3204
3205
3206
3207
3208
3209
3210
3211
3212
3213
3214
3215
3216
3217
3218
3219
3220
3221
3222
3223
3224
3225
3226
3227
3228
3229
3230
3231
3232
3233
3234
3235
3236
3237
3238
3239
3240
3241
3242
3243
3244
3245
3246
3247
3248
3249
3250
3251
3252
3253
3254
3255
3256
3257
3258
3259
3260
3261
3262
3263
3264
3265
3266
3267
3268
3269
3270
3271
3272
3273
3274
3275
3276
3277
3278
3279
3280
3281
3282
3283
3284
3285
3286
3287
3288
3289
3290
3291
3292
3293
3294
3295
3296
3297
3298
3299
3300
3301
3302
3303
3304
3305
3306
3307
3308
3309
3310
3311
3312
3313
3314
3315
3316
3317
3318
3319
3320
3321
3322
3323
3324
3325
3326
3327
3328
3329
3330
3331
3332
3333
3334
3335
3336
3337
3338
3339
3340
3341
3342
3343
3344
3345
3346
3347
3348
3349
3350
3351
3352
3353
3354
3355
3356
3357
3358
3359
3360
3361
3362
3363
3364
3365
3366
3367
3368
3369
3370
3371
3372
3373
3374
3375
3376
3377
3378
3379
3380
3381
3382
3383
3384
3385
3386
3387
3388
3389
3390
3391
3392
3393
3394
3395
3396
3397
3398
3399
3400
3401
3402
3403
3404
3405
3406
3407
3408
3409
3410
3411
3412
3413
3414
3415
3416
3417
3418
3419
3420
3421
3422
3423
3424
3425
3426
3427
3428
3429
3430
3431
3432
3433
3434
3435
3436
3437
3438
3439
3440
3441
3442
3443
3444
3445
3446
3447
3448
3449
3450
3451
3452
3453
3454
3455
3456
3457
3458
3459
3460
3461
3462
3463
3464
3465
3466
3467
3468
3469
3470
3471
3472
3473
3474
3475
3476
3477
3478
3479
3480
3481
3482
3483
3484
3485
3486
3487
3488
3489
3490
3491
3492
3493
3494
3495
3496
3497
3498
3499
3500
3501
3502
3503
3504
3505
3506
3507
3508
3509
3510
3511
3512
3513
3514
3515
3516
3517
3518
3519
3520
3521
3522
3523
3524
3525
3526
3527
3528
3529
3530
3531
3532
3533
3534
3535
3536
3537
3538
3539
3540
3541
3542
3543
3544
3545
3546
3547
3548
3549
3550
3551
3552
3553
3554
3555
3556
3557
3558
3559
3560
3561
3562
3563
3564
3565
3566
3567
3568
3569
3570
3571
3572
3573
3574
3575
3576
3577
3578
3579
3580
3581
3582
3583
3584
3585
3586
3587
3588
3589
3590
3591
3592
3593
3594
3595
3596
3597
3598
3599
3600
3601
3602
3603
3604
3605
3606
3607
3608
3609
3610
3611
3612
3613
3614
3615
3616
3617
3618
3619
3620
3621
3622
3623
3624
3625
3626
3627
3628
3629
3630
3631
3632
3633
3634
3635
3636
3637
3638
3639
3640
3641
3642
3643
3644
3645
3646
3647
3648
3649
3650
3651
3652
3653
3654
3655
3656
3657
3658
3659
3660
3661
3662
3663
3664
3665
3666
3667
3668
3669
3670
3671
3672
3673
3674
3675
3676
3677
3678
3679
3680
3681
3682
3683
3684
3685
3686
3687
3688
3689
3690
3691
3692
3693
3694
3695
3696
3697
3698
3699
3700
3701
3702
3703
3704
3705
3706
3707
3708
3709
3710
3711
3712
3713
3714
3715
3716
3717
3718
3719
3720
3721
3722
3723
3724
3725
3726
3727
3728
3729
3730
3731
3732
3733
3734
3735
3736
3737
3738
3739
3740
3741
3742
3743
3744
3745
3746
3747
3748
3749
3750
3751
3752
3753
3754
3755
3756
3757
3758
3759
3760
3761
3762
3763
3764
3765
3766
3767
3768
3769
3770
3771
3772
3773
3774
3775
3776
3777
3778
3779
3780
3781
3782
3783
3784
3785
3786
3787
3788
3789
3790
3791
3792
3793
3794
3795
3796
3797
3798
3799
3800
3801
3802
3803
3804
3805
3806
3807
3808
3809
3810
3811
3812
3813
3814
3815
3816
3817
3818
3819
3820
3821
3822
3823
3824
3825
3826
3827
3828
3829
3830
3831
3832
3833
3834
3835
3836
3837
3838
3839
3840
3841
3842
3843
3844
3845
3846
3847
3848
3849
3850
3851
3852
3853
3854
3855
3856
3857
3858
3859
3860
3861
3862
3863
3864
3865
3866
3867
3868
3869
3870
3871
3872
3873
3874
3875
3876
3877
3878
3879
3880
3881
3882
3883
3884
3885
3886
3887
3888
3889
3890
3891
3892
3893
3894
3895
3896
3897
3898
3899
3900
3901
3902
3903
3904
3905
3906
3907
3908
3909
3910
3911
3912
3913
3914
3915
3916
3917
3918
3919
3920
3921
3922
3923
3924
3925
3926
3927
3928
3929
3930
3931
3932
3933
3934
3935
3936
3937
3938
3939
3940
3941
3942
3943
3944
3945
3946
3947
3948
3949
3950
3951
3952
3953
3954
3955
3956
3957
3958
3959
3960
3961
3962
3963
3964
3965
3966
3967
3968
3969
3970
3971
3972
3973
3974
3975
3976
3977
3978
3979
3980
3981
3982
3983
3984
3985
3986
3987
3988
3989
3990
3991
3992
3993
3994
3995
3996
3997
3998
3999
4000
4001
4002
4003
4004
4005
4006
4007
4008
4009
4010
4011
4012
4013
4014
4015
4016
4017
4018
4019
4020
4021
4022
4023
4024
4025
4026
4027
4028
4029
4030
4031
4032
4033
4034
4035
4036
4037
4038
4039
4040
4041
4042
4043
4044
4045
4046
4047
4048
4049
4050
4051
4052
4053
4054
4055
4056
4057
4058
4059
4060
4061
4062
4063
4064
4065
4066
4067
4068
4069
4070
4071
4072
4073
4074
4075
4076
4077
4078
4079
4080
4081
4082
4083
4084
4085
4086
4087
4088
4089
4090
4091
4092
4093
4094
4095
4096
4097
4098
4099
4100
4101
4102
4103
4104
4105
4106
4107
4108
4109
4110
4111
4112
4113
4114
4115
4116
4117
4118
4119
4120
4121
4122
4123
4124
4125
4126
4127
4128
4129
4130
4131
4132
4133
4134
4135
4136
4137
4138
4139
4140
4141
4142
4143
4144
4145
4146
4147
4148
4149
4150
4151
4152
4153
4154
4155
4156
4157
4158
4159
4160
4161
4162
4163
4164
4165
4166
4167
4168
4169
4170
4171
4172
4173
4174
4175
4176
4177
4178
4179
4180
4181
4182
4183
4184
4185
4186
4187
4188
4189
4190
4191
4192
4193
4194
4195
4196
4197
4198
4199
4200
4201
4202
4203
4204
4205
4206
4207
4208
4209
4210
4211
4212
4213
4214
4215
4216
4217
4218
4219
4220
4221
4222
4223
4224
4225
4226
4227
4228
4229
4230
4231
4232
4233
4234
4235
4236
4237
4238
4239
4240
4241
4242
4243
4244
4245
4246
4247
4248
4249
4250
4251
4252
4253
4254
4255
4256
4257
4258
4259
4260
4261
4262
4263
4264
4265
4266
4267
4268
4269
4270
4271
4272
4273
4274
4275
4276
4277
4278
4279
4280
4281
4282
4283
4284
4285
4286
4287
4288
4289
4290
4291
4292
4293
4294
4295
4296
4297
4298
4299
4300
4301
4302
4303
4304
4305
4306
4307
4308
4309
4310
4311
4312
4313
4314
4315
4316
4317
4318
4319
4320
4321
4322
4323
4324
4325
4326
4327
4328
4329
4330
4331
4332
4333
4334
4335
4336
4337
4338
4339
4340
4341
4342
4343
4344
4345
4346
4347
4348
4349
4350
4351
4352
4353
4354
4355
4356
4357
4358
4359
4360
4361
4362
4363
4364
4365
4366
0.01222407591503604 0.0007696859930428714 0
0.004779231292776067 0.006229626645461537 0
0.01449104236805061 8.873212114522905e-05 0
0.002507450100771568 0.006910169351335134 0
7.957073500890546e-05 0.004445921537792191 0
0.01691697487641132 0.002557016283383856 0
0.01387342446732039 0.00487160242069943 0
0.003127578192737765 0.002123430531717679 0
0.008581014166345902 0.005856221683927677 0
0.008408664066422215 0.001138334766356807 0
0.005351743837327116 0.001209597556929282 0
0.01165108690202761 0.005797099287689988 0
0.005237606685981671 0.005756748839923088 0
0.01176904031364333 0.001253132923428573 0
0.007264197566146877 0.004814345291772701 0
0.009742251682751758 0.002176363952824269 0
0.004092196410758241 0.002182962528988998 0
0.0129331698361013 0.004821614950194693 0
0.00630165213771325 0.004862253666192426 0
0.01069822446732039 0.00212839757930057 0
0.00497815377332241 0.001597915222432884 0
0.006710222369814826 0.004746621389214726 0
0.01205086353851629 0.005417796690989473 0
0.01029173963969672 0.002250362732741754 0
0.007599183496793799 0.004982210357585878 0
0.009405165506576675 0.001996680837797958 0
0.008801730096891665 0.001525914066192991 0
0.008194862864273556 0.005480823765984487 0
0.003101487662776968 0.006913636100361198 0
0.01390587599526751 8.532349693866383e-05 0
0.012580386168509 0.004993420804925573 0
0.004425437071259684 0.002013895154319915 0
0.005632958489181963 0.005347735070329157 0
0.01136475179597483 0.001649036640780043 0
0.01690570054793641 0.003146172684417166 0
8.52274207964257e-05 0.003848343764636549 0
0.0059615525740603 0.00507520531192959 0
0.01103691704668529 0.001923756470534409 0
0.002784226750448333 0.001922924868763781 0
0.01420855357538173 0.005087087541333178 0
0.00796496486313825 0.0007026293740868164 0
0.01115154631885595 0.006306491866650908 0
8.719226853034188e-05 0.00504123755313605 0
0.01691337680806103 0.001948856917735452 0
0.01001662212503718 0.002265387644864687 0
0.006984711019944039 0.004736640720288415 0
0.00191693431237749 0.006918182135635861 0
0.01507889890565782 8.49691929143419e-05 0
0.005811086131604132 0.0007680020993429183 0
0.009034792789269773 0.006279611549922574 0
0.01691595139253244 0.003751300950047391 0
7.842036138721795e-05 0.003269147145464714 0
0.007463263475356112 0.0003297874683623227 0
0.01064095071080755 0.006672954563559326 0
0.004343735672570884 0.00662498982505986 0
0.01265127651964194 0.0003628732951500785 0
0.002449814284392982 0.001651803847698982 0
0.01455657850225071 0.005353231994649418 0
8.133999330010334e-05 0.00274369544370086 0
0.01692818894177613 0.004251131830738096 0
8.076243843006814e-05 0.005550159470436009 0
0.01690457768456553 0.001465031578827366 0
0.006228442138273123 0.0003967805513502795 0
0.009478996548751832 0.006633318764344616 0
0.01557356395395299 8.62763307814614e-05 0
0.001434908922769583 0.006916276369592175 0
0.01488819566081398 0.005677487799939999 0
0.002123281250960752 0.001318605273712716 0
0.01690549115183594 0.004749221168538965 0
8.040287298482357e-05 0.00224909934227488 0
0.009134697059792952 0.001815255681228265 0
0.007856276712336525 0.005192607096445926 0
0.003789008881988682 0.006901739699407463 0
0.01321162005969936 9.783304294730573e-05 0
0.006787193236184047 0.0001962938893869258 0
0.01519825324774651 0.006022035243692009 0
0.001799135986337282 0.0009722196420407069 0
0.01231429699597109 0.005184605601074585 0
0.004692049177850063 0.001824581660453338 0
0.01000151694915966 0.006819657849210844 0
0.01691343212595356 0.005250700511563978 0
8.267932658993088e-05 0.001752781121604355 0
0.015526348483755 0.006353182599986761 0
0.001480782016207244 0.0006453239987844295 0
0.01690526846895623 0.0009552828465917941 0
7.478124711760882e-05 0.00604762958978034 0
0.01596707732815764 8.58080436559965e-05 0
0.001032922671842369 0.006914191956344002 0
8.122731615600384e-05 0.00134945960536492 0
0.01690687854442845 0.005643093268042441 0
0.01583750067747347 0.006616663437516466 0
0.001164131627878715 0.000371779743390701 0
0.01139340929034166 0.006055184424217321 0
0.0008593890112693495 0.0001746995879963729 0
0.01614226190702707 0.006822385749851815 0
0.01691343212595356 0.006050380277706159 0
8.656787404644033e-05 0.0009496197222938364 0
0.007159365988810123 0.000222649815491846 0
0.01050371790886557 0.00221262105528167 0
0.006493862202883499 0.004791170592657879 0
0.01089383969767992 0.006502385145625842 0
0.007714767883374561 0.0004941007472228347 0
0.01033137640951675 0.006780355885270851 0
0.01636400002073213 8.091741375097902e-05 0
0.0006383005798110408 0.006917824163833119 0
0.004087482692729105 0.006784290335196339 0
0.01290382549474802 0.0002076291086656181 0
0.01644565815080463 0.006929708074721619 0
0.0005527700638985195 6.981919221293745e-05 0
0.006481960602468561 0.0002542427480325942 0
0.01350858960315924 8.646445539008596e-05 0
0.003491003545080415 0.006912566962089408 0
0.009718627475351007 0.006763571059025407 0
0.005428124835721567 0.005555082986562782 0
0.01157481341878433 0.001450952897664929 0
8.09572811920397e-05 0.006345083390862192 0
8.656787404644033e-05 0.004148338786862559 0
8.546491304000162e-05 0.003565147921664338 0
8.446210912125586e-05 0.004732379590312738 0
0.01691248189691345 0.002246651240137907 0
0.01690754660845198 0.003448067000441753 0
0.01691343212595356 0.006350260190009477 0
0.01691900739452454 0.002855532009766392 0
0.01691807956818612 0.0006652035411004371 0
7.772831212837089e-05 0.0006558151078793414 0
0.005146019816715956 0.001400609723412291 0
0.01184939590393607 0.005606908115033052 0
0.01478177236384964 7.856828155011113e-05 0
0.01419626651734682 8.685353302263343e-05 0
0.00281071920402394 0.006917289162795926 0
0.00220994907365514 0.006910791312541528 0
0.008598840037416717 0.001324788524929642 0
0.008395984333445176 0.005668892169002334 0
0.01194251845671731 0.001049808467512988 0
0.01346398221921027 0.00475309743124982 0
0.01326089396058406 0.004749247787806861 0
0.005042860702293464 0.00594329586776144 0
0.003536618349958751 0.002248070492208996 0
0.00374669032957162 0.002266505311188655 0
0.005543024977820599 0.001009035761442824 0
0.008213256096830631 0.000925436806422967 0
0.00878188233213292 0.006045329128174952 0
0.004592673498358897 0.006405853806836923 0
0.0124069004260829 0.0006045072125814236 0
0.00598929512937564 0.0005989015480793235 0
0.009228024627004916 0.006465456537040278 0
0.0003515460579961941 7.215922850897435e-05 0
0.01665 0.006928624079995864 0
8.370654271616131e-05 0.00664747842418986 0
0.01691364005324362 0.0003503397416927314 0
0.006989883137561487 0.0001667342420170934 0
7.926683962127673e-05 0.0003462903207103016 0
0.01690429167395173 0.006655308370412734 0
0.01361274726871668 0.004753886212918116 0
0.003403670301101194 0.002220003033859736 0
0.01372805750798939 0.004807021886914635 0
0.003261911010650838 0.002189172990779941 0
0.01082744589814721 0.00204963955753433 0
0.002982220986784511 0.002064000985770067 0
0.01400715539478193 0.004955685002244685 0
0.006154524126228398 0.004935339542483772 0
0.003870545147169667 0.002248958845002545 0
0.01311683834317549 0.004753710824155785 0
0.007127246600977008 0.004767236175605131 0
0.009876398002557263 0.002225766545297066 0
0.006846021033366676 0.004735340088126119 0
0.01015356751764094 0.002251430252184383 0
0.0003446490689440283 0.00691668580429356 0
0.01665941457700431 8.115983361675627e-05 0
0.007405330290022214 0.004886899925794223 0
0.009597824738585344 0.002139782616000478 0
0.01278159432540693 0.004880868550111122 0
0.004216812837378929 0.002116126520180933 0
0.005841046373161132 0.005176089658051211 0
0.01434671040664507 0.005174696324672115 0
0.00264235682631246 0.001819005362628052 0
0.01118034448788112 0.001819342424077991 0
0.007731252540524669 0.005083313199384648 0
0.004551069234235837 0.001923704598171498 0
0.01243945793729487 0.005081648566784379 0
0.009268069244768223 0.00192366165245366 0
0.002323214678159772 0.001515632178455992 0
0.01467729672531141 0.005491486684053653 0
0.009000040218541276 0.001705608690044615 0
0.00799787069989771 0.005298306971634223 0
0.01217529140147179 0.005300400129675744 0
0.004820892887190537 0.001704920249834394 0
8.553794581618937e-05 0.001149070767941021 0
0.0001003786860116849 0.00154911375243366 0
6.564701768596061e-05 0.002945088788173653 0
8.432260689424445e-05 0.001948953056439215 0
8.163172040544578e-05 0.005247898465308046 0
9.110973509876899e-05 0.002444089513937521 0
8.203798467621044e-05 0.005751588639997198 0
0.01691624230024614 0.00164726243605744 0
0.01692338479043308 0.001153060986853434 0
0.01691834980883736 0.004048269407585339 0
0.01691490624769331 0.005853024625696833 0
0.0169228277845248 0.004957978205266483 0
0.01691941550102268 0.004565603306827932 0
0.01690579930448618 0.005461280764811084 0
0.01577031788188189 8.136880241626631e-05 0
0.01538344641896542 8.232035176842069e-05 0
0.01370462298246831 9.862333672846233e-05 0
0.01617077931351929 8.328074713675505e-05 0
0.0008387574604757251 0.00690391688445003 0
0.001225774466826923 0.006916060776922979 0
0.001735640534004429 0.006917217913389874 0
0.003295581448770931 0.006920387175549814 0
0.01500672110763453 0.005817882091797166 0
0.001986420573345409 0.00117251655962686 0
0.01533170755150451 0.006158593311547538 0
0.001671620697428952 0.0008423271025380409 0
0.01151839518369593 0.005921964383302911 0
0.01209829625487858 0.0009035522735441905 0
0.00490791977998964 0.006086889547844244 0
0.005660121764632841 0.0008676070661085382 0
0.00890885873652008 0.006191212619476518 0
0.008092513243624505 0.0008315273139170875 0
0.01126369290512556 0.006183846934395869 0
0.01564938123942035 0.006468859715775443 0
0.001359656713210911 0.0005374894164319913 0
0.01100074914005232 0.006399706380761629 0
0.007834138193543136 0.0005870597673435719 0
0.00446929498416835 0.006517508513215838 0
0.0125278886919345 0.0004801895537274157 0
0.006111681695239273 0.0004935976817564002 0
0.01595040804000382 0.006719843366856375 0
0.001048627419300774 0.0002896203791735857 0
0.009343665252105263 0.006543843724572753 0
0.007589686067861948 0.0004034230329804369 0
0.01076488606786195 0.006596576967019563 0
0.01278222479838286 0.0002900122498100139 0
0.004218931266614614 0.006708325199238291 0
0.006372570782039158 0.0003338042951943764 0
0.007349330752283879 0.0002570997253638131 0
0.01051746152341272 0.006735487186298364 0
0.01303548217669348 0.0001544889487727521 0
0.003971215187099755 0.006843255897203693 0
0.00958971222651556 0.006715346144382935 0
0.01626327414328833 0.006887931020234328 0
0.0007202296732218066 0.0001315726851092006 0
0.00660777353057232 0.0002267266021403146 0
0.009853924919606346 0.006791518825451363 0
0.01021257930490482 0.006833834858759038 0
0.01333505613234109 7.353549415330422e-05 0
0.01328482761732286 0.0001488510033473499 0
0.003667208763359468 0.006920273656817803 0
0.003716500523700779 0.006848280975320633 0
0.01691284690765799 0.0001574541091599029 0
9.349960817182576e-05 0.006850525325197887 0
0.01684925962630231 0.006917433315462013 0
0.0001519376633110966 8.400150961784467e-05 0
0.00381173518332952 0.006816386461160805 0
0.003742040113501946 0.006746419996758227 0
0.00384173103754162 0.006718548448466779 0
0.003766003633367552 0.006641160013289481 0
0.003874397903470584 0.006612343642727983 0
0.003793533653567317 0.006522792548613124 0
0.003670984215442371 0.006558988583031128 0
0.003699567370169847 0.006430150729594318 0
0.003567301991212886 0.006468994088906053 0
0.003591538513500853 0.006320155316586914 0
0.003432632851027567 0.006387089083975711 0
0.003471204919436133 0.0061950725055419 0
0.003303416276784132 0.006245566405073262 0
0.003343604017890772 0.006049019239268733 0
0.003538306848768636 0.005994923443835615 0
0.003386572477308128 0.005834339070942794 0
0.003157803431910529 0.005900976138594321 0
0.003211010731714588 0.005645208575541925 0
0.002947628021414603 0.005758705988905124 0
0.003014056757825687 0.00545543611867263 0
0.003301406907111925 0.005359078316448352 0
0.003048020167635937 0.005120265275175026 0
0.003417243645299785 0.005020811519417013 0
0.002705589555294654 0.005546600344507407 0
0.003140004687212934 0.004764092227699605 0
0.003527048029795226 0.00465414504623947 0
0.003231730183874761 0.004383750193564879 0
0.002853014118098891 0.004498929559828285 0
0.003615146490366644 0.004278719429715343 0
0.00293878640456325 0.004111797774396127 0
0.002567169400620627 0.004224497230464841 0
0.003839400364935477 0.006391798364287984 0
0.002673801225133987 0.003806303760737687 0
0.002288278057370261 0.003951800375539284 0
0.002359929874225067 0.003578642057027947 0
0.002006021917674954 0.003690826883246576 0
0.001953691597258608 0.004040232834593011 0
0.00208447500111206 0.003364260461122529 0
0.003906827548977461 0.004548907610054238 0
0.003987011812142687 0.004173698621628314 0
0.001743127633553058 0.003443896811458537 0
0.001860997006016925 0.003105933488290153 0
0.00427933967989803 0.004456805876365838 0
0.004347688019383795 0.004082076845417182 0
0.003067359788876005 0.003769027789011034 0
0.004640387031328618 0.004309507777541223 0
0.004706559825664828 0.004003579239991138 0
0.004483788011152186 0.00375073645070491 0
0.004825477328228823 0.003672649571271214 0
0.005055729805891281 0.003947241894002397 0
0.005125404416470069 0.00359840880657559 0
0.005363156369445364 0.003827018441082175 0
0.005413690192507919 0.003461933814806199 0
0.005678766054230842 0.003756465873256515 0
0.005758418977721213 0.003408654337807939 0
0.005978251985035482 0.003636863895956394 0
0.0060643078276658 0.003338007309179037 0
0.006284291748689625 0.003581966195137864 0
0.006364223804968781 0.003254817501281868 0
0.006600840433305439 0.003509011327272076 0
0.006657555862566011 0.003162845932940061 0
0.006889976629293646 0.003388086773614823 0
0.00696356607411726 0.003049941871840722 0
0.007185450467479456 0.00329164719738094 0
0.006676189754915601 0.002790347635280544 0
0.007281617520934466 0.00294704861428769 0
0.00753748426744822 0.003220002017605586 0
0.005878723285975858 0.003113355211188994 0
0.00762931278698665 0.002868930431889768 0
0.007885917687706079 0.003128035540707702 0
0.007802171937846535 0.003480522744984937 0
0.008132148389560744 0.003396125459669784 0
0.008076960926379903 0.003706560161351596 0
0.008375591679142464 0.003630827501022294 0
0.008499388894875403 0.003264089628978265 0
0.008713467524352153 0.003536895568211448 0
0.00860872474082402 0.00387569729323045 0
0.00894825570610709 0.003784355090044937 0
0.008836342793380277 0.004113611611370846 0
0.009174192949424032 0.004031515299756963 0
0.009044534387987066 0.004352432151429123 0
0.009389603321102736 0.004292048126103317 0
0.009523258409186625 0.003942066472340985 0
0.009768569610722191 0.004210192700977173 0
0.009590894244688777 0.004605029641292051 0
0.01003992921887137 0.004557725270487113 0
0.01015004432164738 0.004137816360223609 0
0.009854886243153099 0.004883187082617774 0
0.01041471708389825 0.004426922467068359 0
0.01051973539464865 0.004047255253211778 0
0.01076824826261683 0.004336904915760599 0
0.01086124598204063 0.003920990473620408 0
0.01066700764226005 0.004678729967634857 0
0.01112711383751077 0.004290118068648324 0
0.01123529288636885 0.003915819380398223 0
0.01143490843810375 0.004188293717768153 0
0.01158420689035013 0.003899996217742108 0
0.01134197806176183 0.003592716504403366 0
0.01166962143007689 0.003534149586482603 0
0.01190492217671715 0.00378750183437742 0
0.01199317659440551 0.003467623361883465 0
0.0122116296308014 0.003696188473247852 0
0.01233690572946367 0.003405741384002411 0
0.01211131279997091 0.003146803025110614 0
0.01245262060526369 0.003100811491988252 0
0.01266929519213279 0.003365334691031696 0
0.01279169145247598 0.00305738044302869 0
0.01300684225532536 0.003369182971734552 0
0.01313079488560044 0.003017855033042111 0
0.01334451198301018 0.003267144133094781 0
0.01346960287501107 0.002941682385595037 0
0.01369552724441565 0.003211523088654888 0
0.01382184689090526 0.002876189866081878 0
0.01404294712403675 0.003156693868895236 0
0.01418488940980575 0.002812382773905724 0
0.01441343080738299 0.0031721002614669 0
0.01456268120011603 0.002760273216855753 0
0.01361500257859678 0.002570549847741589 0
0.01480340508698887 0.003088071040154336 0
0.01501186272870686 0.002722458345405747 0
0.01471659902231662 0.002384974065731003 0
0.01511459778445327 0.002311029477438544 0
0.01486215846029723 0.002013797534000729 0
0.01256929445738979 0.002807269882989626 0
0.01522990233783565 0.001959987560432588 0
0.01467593020217191 0.003435052843928039 0
0.01503554859431283 0.003392196182846769 0
0.01486187005197684 0.003743629275257376 0
0.01524230659892248 0.003665758226073717 0
0.01511366891397845 0.003972709278371353 0
0.01545489234344367 0.003923598132421922 0
0.01529024132586597 0.004244539359645203 0
0.01498480063804731 0.001617588805894883 0
0.01534988039184216 0.001609460976263188 0
0.01557950283204214 0.003629992866337469 0
0.004140509410700566 0.004797221644695303 0
0.001481572118847868 0.003208044585654582 0
0.001580370540821169 0.00288865011483028 0
0.001433982633081042 0.003511617298132892 0
0.01563561205359859 0.004180938571004096 0
0.01551820332350963 0.004466419298126695 0
0.01546702887994398 0.002227653254075888 0
0.01024911238182079 0.003775125775114796 0
0.002667498007804446 0.005825076259799075 0
0.002459477481653189 0.005638334354776771 0
0.01390906089858446 0.003485743867579082 0
0.01143878073373027 0.003278822378678352 0
0.004893433662164583 0.003326092004604533 0
0.01463643329527095 0.001711893708506527 0
0.00798253699724579 0.002771224210093166 0
0.007726350728730312 0.002540956784576357 0
0.008832606902082605 0.003222604936376813 0
0.002403864378754662 0.005890999772419265 0
0.002205830313819461 0.005731591751881557 0
0.002377524162032222 0.003274923232255134 0
0.01139061536628293 0.004476645226477595 0
0.009547214073490176 0.004963597621342493 0
0.009753576246505014 0.005172378544381762 0
0.01472971094945591 0.001389294044855651 0
0.01444151944401422 0.001443432031224932 0
0.00708329983727988 0.003583062759111951 0
0.005312890364251039 0.004133786643954808 0
0.01162061594152647 0.004416508350119207 0
0.01480363459423872 0.00406844589592701 0
0.01580340309403239 0.004418648687162465 0
0.01570018497617502 0.004686435183391586 0
0.01592913045710595 0.004152657554838289 0
0.001870527504046929 0.002775739778618717 0
0.001637896573855122 0.002590579732668825 0
0.001353156516518033 0.002678048347383335 0
0.001418587401432213 0.002398133734148256 0
0.01326867192286458 0.003564925695288578 0
0.002164575118374493 0.006000186892490873 0
0.001965923144752094 0.005827830648480997 0
0.008518675425253515 0.004184915381346262 0
0.008021422563988157 0.002432194464600306 0
0.00781154687810143 0.002236685103339642 0
0.001110921371100101 0.002465943775828115 0
0.001208809998662984 0.002206379561504355 0
0.001077353425011761 0.002735317524862797 0
0.001455144988102116 0.002138244357014825 0
0.001263378830010582 0.001953440108166762 0
0.01527018014286911 0.004556997297740291 0
0.009481046787795331 0.005236651347619109 0
0.009664276314216364 0.005433914474871758 0
0.009938220682283654 0.005391479720069237 0
0.009838976718875238 0.005637670856818565 0
0.01010080091606194 0.00560641670812605 0
0.009980201151522523 0.005857706653234841 0
0.01024161115327145 0.00581594417232272 0
0.001917328738085899 0.006062767412343541 0
0.001724547982259377 0.00591261404795519 0
0.001768871650981651 0.005657513419338102 0
0.001513443915748779 0.005753252080342337 0
0.001558812367088038 0.005476172561159846 0
0.001263699406756951 0.005552341628513468 0
0.001262627203081968 0.005883325111852218 0
0.001343790349817207 0.005269169976579475 0
0.01454475627324102 0.001129707011909732 0
0.01427450831275469 0.001201919325376939 0
0.01479783751911735 0.001105414976535379 0
0.005916337504208675 0.003890640604462513 0
0.006505031094701975 0.003748735353132923 0
0.001043515001796193 0.005706163689148563 0
0.00101956389859353 0.005955451353927601 0
0.0009955271436784992 0.002015569818134565 0
0.001084997307910343 0.001781351873032904 0
0.001910435087213543 0.00250384565957204 0
0.01597646245936449 0.004651131005804977 0
0.01586172990662224 0.004894031375360008 0
0.01560767687901728 0.004937473740183163 0
0.01576888811887895 0.005128666193851604 0
0.01601041766402944 0.005097399763190859 0
0.01592044391549945 0.005318177587037296 0
0.01157396289561368 0.004646970889936179 0
0.001694836495422848 0.006116414441776229 0
0.008071158746739623 0.002160134521744945 0
0.007905784030943337 0.001948687334055575 0
0.008310788007963704 0.002316529662442921 0
0.007632409350484154 0.002040438847742871 0
0.007704370426060284 0.001788673724182462 0
0.00745346781911582 0.001853648504241658 0
0.007529712104553513 0.001604745706025361 0
0.007277312123372518 0.001666799301679128 0
0.007343867473628325 0.001420257333841113 0
0.007101780111022824 0.001480493368922563 0
0.00717486282212141 0.00124472891614571 0
0.006917206551897892 0.001297744583149623 0
0.006844479136178493 0.00154089517879436 0
0.006658613698464023 0.001357078678366655 0
0.006586366554239909 0.001601400409047624 0
0.007001800177526534 0.001045769784286286 0
0.006418801960551813 0.001414912761695063 0
0.006341734404155844 0.001647538114736376 0
0.01178627975412775 0.004596917666050384 0
0.01434933410636367 0.0009566014390050641 0
0.01410688414406334 0.000962358375876278 0
0.01401581774872066 0.00122476220405686 0
0.01386566735941604 0.001018331554756498 0
0.01376236459020998 0.001250401843933593 0
0.0136027890976714 0.001009760660136207 0
0.01350530186808727 0.001267440005865195 0
0.0133513958320843 0.001064807528241716 0
0.01325255633466272 0.001288145565730494 0
0.01309908765063459 0.00107018948804933 0
0.01301142748657662 0.001296395187984451 0
0.001308794607100162 0.001707948238200775 0
0.001139730357896608 0.001552814971127409 0
0.0009198771556195844 0.001614776995104765 0
0.0009750331923581452 0.001401003659119622 0
0.002587423518947226 0.006061650565707557 0
0.006180747520014493 0.001445327131208822 0
0.0061131029253188 0.001684302735121447 0
0.01016672298464475 0.00605349321979144 0
0.009410877054910836 0.005475440663141247 0
0.009245622202355884 0.005310653910530327 0
0.006492264854894467 0.00117446965283709 0
0.01038586137739582 0.005995426301235627 0
0.01046793061401257 0.005800520073155109 0
0.009949784845055043 0.006081556291543483 0
0.01552477571482936 0.005159176937852729 0
0.0008795155391108124 0.002586602574670775 0
0.0008405144895920723 0.002795134442739703 0
0.01617576070253113 0.005300035937768622 0
0.01606271498747252 0.005501932255770449 0
0.0158467640291509 0.005520507019386916 0
0.01595477144948096 0.005731356423221276 0
0.01618318739912272 0.005681112451273041 0
0.01610292778932489 0.005879519188510356 0
0.01287593360438861 0.001122928201668259 0
0.01279019494955088 0.001314765973545975 0
0.01291178129494653 0.001504447773023926 0
0.0126836260957181 0.001512964905535658 0
0.01623729881047666 0.005087356889542924 0
0.007743355377102376 0.001585330165024491 0
0.01321432149036897 0.0008503868233123283 0
0.008174487705627769 0.001915878509235569 0
0.005938806105989453 0.00152270881166894 0
0.005887843773177003 0.001734538331735407 0
0.006038216605582392 0.00189679219379651 0
0.005821119967655615 0.001931922214384605 0
0.007405865922171337 0.001187344629724608 0
0.01173388934560752 0.004805431685948986 0
0.01153435346316328 0.004860157645749379 0
0.0008369157854331444 0.005825194453073661 0
0.0008309519221878139 0.005606814621259499 0
0.0008214197292238223 0.006042057449464551 0
0.0009861882753748131 0.006175181533237655 0
0.0008028589939953062 0.006246505670106713 0
0.01372845867813925 0.0008230184983768454 0
0.002078178649526984 0.00622285367601309 0
0.01423568987654111 0.0007667472560207978 0
0.0144157171598035 0.0007434672061788811 0
0.005684596869580611 0.001777473270752809 0
0.005613251987804261 0.001960491450695392 0
0.01193022490825942 0.004745198886741631 0
0.01198844248939208 0.004565380458968251 0
0.0007440910963364463 0.001446528103888411 0
0.0008214680637845442 0.00124651408075557 0
0.0007141469563466006 0.001656969865552914 0
0.001005842993278476 0.001197023759237666 0
0.0008627082116192345 0.001055270307288585 0
0.009179387170408476 0.005523701101118196 0
0.00904290726904813 0.005378463909454617 0
0.009322356817367131 0.005681707649438815 0
0.01630869792137345 0.005843031583330896 0
0.01625519533041911 0.00602462729842832 0
0.0013523530432184 0.001491663608368567 0
0.001506203806652693 0.001625026820773413 0
0.01280037607895151 0.001724061430254038 0
0.0125662614220677 0.00171830493464923 0
0.01246338623853274 0.00149942717186662 0
0.01235481526944914 0.001700140632853309 0
0.01061346329378245 0.005977634662680274 0
0.01068721634985839 0.005790850124846737 0
0.01006601414833356 0.006228658194143293 0
0.0006870320414224442 0.002656760996702117 0
0.0006207314038855181 0.00283842881022918 0
0.000776086438646956 0.002977601785194941 0
0.0005931883818451923 0.003021935149928674 0
0.0007152000026174601 0.003151071088577458 0
0.0006514754467272441 0.001093366157859783 0
0.0007242430529501732 0.0009167166888735642 0
0.006008287791747009 0.001334463652438645 0
0.01638019992363328 0.005667604266690168 0
0.01168410704875029 0.004994680287186451 0
0.01150007885733783 0.005048758998208629 0
0.01266108844095888 0.001149503423177038 0
0.005472289558438093 0.001804592016402835 0
0.005415218212962127 0.001984464999270804 0
0.005535247881414769 0.002133639806644264 0
0.005344538779010062 0.002150549967101506 0
0.01575002736294946 0.005667473435273926 0
0.01275512186367553 0.0009707378253024247 0
0.01056991971866383 0.005619890939812478 0
0.01077479644411747 0.005618259405594521 0
0.009877627661920669 0.006276611278957692 0
0.009768820332735118 0.006134873716625626 0
0.00224393213465153 0.005455671216794348 0
0.003257420069817794 0.006420271673620515 0
0.0006484076191583255 0.005925697611841061 0
0.01304631523943627 0.001718833124118144 0
0.0008978861543621763 0.0008667862018309058 0
0.000771386772491018 0.0007455163395233104 0
0.0006025713467382419 0.0007915766643521987 0
0.0006676659101029058 0.000620551564627298 0
0.01051541682391735 0.006143472934917725 0
0.01087972704268962 0.005778704727974093 0
0.01096484598107144 0.005624864140171551 0
0.01603559575789861 0.006056425799762647 0
0.01614410892603547 0.006217897934847685 0
0.016335517818942 0.00618643817298373 0
0.0162641602226467 0.006333338292691539 0
0.01210865576340836 0.004710157919553264 0
0.0121705292741044 0.004546513389853512 0
0.01226451346056464 0.001526569326662129 0
0.01214299152123902 0.001676334457647523 0
0.01224796312270444 0.001867722994843716 0
0.01202679930144481 0.001868989965918428 0
0.01213863140057408 0.002039757466455154 0
0.01193911370964081 0.002046114001291693 0
0.012034798200026 0.002215000150811111 0
0.01183301261120611 0.002199950679661229 0
0.01114661388747961 0.003338199806021253 0
0.0112319855418617 0.003061982813636999 0
0.01098046212700311 0.003112051029753431 0
0.01104667247363398 0.002884439448461038 0
0.0108367861701131 0.002922660391512708 0
0.01088626007690257 0.002700075894271471 0
0.01070119877386602 0.00276480861060947 0
0.01108973499905184 0.002676614376018847 0
0.01063666859890215 0.002947350639579281 0
0.01052390491859365 0.002802163451369851 0
0.01044806696869011 0.002968945166490513 0
0.01033270979996865 0.002817353944335726 0
0.01026273885365645 0.002991335229354414 0
0.01014640303342163 0.002845238069051472 0
0.01007720856763754 0.003016675617979309 0
0.009948540792593137 0.00285668940224358 0
0.009887349173106826 0.003041902560464862 0
0.0097591090579066 0.002897059226809891 0
0.009690080526834557 0.003074605417941965 0
0.009568976838124662 0.002915294338874688 0
0.009664468636951942 0.002737229611416937 0
0.009467759530046126 0.002757750667367447 0
0.01234560707990035 0.002057876720784262 0
0.01391094907306451 0.001471267361798128 0
0.0164333261981739 0.006311958556396209 0
0.005843279308756907 0.001370005032823291 0
0.005966367863506667 0.002117290324554415 0
0.006511224547213311 0.001840995558609331 0
0.0009545891511091613 0.006357112910495195 0
0.0007936895697546846 0.006441351644396609 0
0.0006413395633956109 0.006324640606114325 0
0.003619489718735634 0.005770509700472156 0
0.0005463457109311544 0.003185502158475635 0
0.0006596222905852402 0.003314324362430757 0
0.01174836040446136 0.002019996519763546 0
0.01164768775959721 0.00217449170070801 0
0.01172024908678804 0.002346372711654192 0
0.001621972618241318 0.005179465351701656 0
0.001377025257170436 0.00500272050248237 0
0.001550882171263044 0.00142760918795683 0
0.001681497161372756 0.001542512190667365 0
0.005236172342633795 0.002007391250318435 0
0.005158268010663509 0.002166397605277916 0
0.005263081054005153 0.002320613693238889 0
0.005070833822165634 0.002323946244131455 0
0.005171575780780915 0.002495868884546556 0
0.004975592417472778 0.002491166424654096 0
0.00488235183513827 0.002336438253225419 0
0.004792823214442467 0.002486956179315407 0
0.01431035364842744 0.0005975528863258321 0
0.01447073519186625 0.0005683658019923518 0
0.01095926119181768 0.002539874028351093 0
0.01112134937382548 0.002496238642602957 0
0.009539641637596309 0.002594322983118782 0
0.009372058218636381 0.002611553076716818 0
0.0006279180574026086 0.006494834629151699 0
0.01162933108499344 0.005166361739371872 0
0.01146520304144619 0.005219034191465583 0
0.01133048178734886 0.005111704021592329 0
0.01086995096338795 0.005438596814739452 0
0.008999625950080989 0.005531839379729177 0
0.00885715483017171 0.005436027476945098 0
0.008902113962839174 0.00525538527437365 0
0.008744890701048801 0.005311374400646128 0
0.008767470746968825 0.005142629488645576 0
0.008602581318932285 0.005197369329550941 0
0.008633454291247556 0.005030404295866654 0
0.008472226114608405 0.005074379663535016 0
0.0085078659237868 0.00491076196426461 0
0.008349888469241045 0.00496486692966594 0
0.0004769793488653782 0.003339209074815721 0
0.0006036870610187615 0.003472442887391356 0
0.01636568608750629 0.006455504428963994 0
0.01651960331678071 0.006438481946590822 0
0.0005713065261992653 0.00153332773004146 0
0.0005307476946317252 0.00169790475110845 0
0.01227840314925352 0.004697568070005225 0
0.01233557009991803 0.004528981276880349 0
0.01126355183841101 0.002609362619477244 0
0.01197118328253377 0.001699976018000073 0
0.01001035277761302 0.006385756037783779 0
0.01005022044780017 0.002694298919888957 0
0.01242294927345311 0.004656710321028496 0
0.01250178050850564 0.00452660640109615 0
0.01157331785238138 0.002021797277693078 0
0.01164955264748628 0.00188736482784269 0
0.004686274934048379 0.002332676813244091 0
0.004611531545780052 0.002483711552520578 0
0.004698078868050156 0.002632910473333926 0
0.004525945390982255 0.002623824236519676 0
0.001128022984530601 0.006300133662585202 0
0.004447911112727529 0.002480240367744733 0
0.004360495148394546 0.002611792241329572 0
0.004431344496786851 0.002767891657544437 0
0.0042563326861425 0.002748943366910258 0
0.004325065167832599 0.00291958845412931 0
0.004139999479281815 0.002892256311611532 0
0.004071429427317445 0.002719230557259356 0
0.003966720733523154 0.002869894259113663 0
0.004020189589509113 0.003038706897622985 0
0.003833708987154029 0.00300539041845877 0
0.003797998013425555 0.002816928627400799 0
0.003653406165683068 0.002959960385453231 0
0.003601713133513809 0.002788989599592185 0
0.003473808777109923 0.002918899683831178 0
0.003430401075413672 0.002728102209449705 0
0.00330160379303733 0.002878395290094397 0
0.003251888985686049 0.00268761020800421 0
0.003698710924019236 0.003148184479056057 0
0.00313170828756573 0.002838680160084105 0
0.003079648014096078 0.00267461558165415 0
0.003354454529331859 0.00302635949346396 0
0.01068000836704209 0.006136083943384186 0
0.001079026635171679 0.006481925333419505 0
0.001249497342581585 0.006425335288871025 0
0.002961111821785161 0.002803388239280959 0
0.002914910948278402 0.002637550100234234 0
0.002119388628989321 0.002661395738656882 0
0.002155861279032964 0.002409281326880588 0
0.003011450612412542 0.002988049568867685 0
0.01016062539647746 0.006365582838085027 0
0.00838110079789015 0.004797237252561915 0
0.008207846596004988 0.004870867837667356 0
0.008250925583559405 0.004686083477171743 0
0.008070961588327635 0.004755372005887329 0
0.008120724708284288 0.004572960814844956 0
0.00795913245199547 0.004626729259049863 0
0.007994068207476192 0.004454630603394993 0
0.007831566951288933 0.004510539273699484 0
0.007863498039803978 0.004335652934770742 0
0.00769034498456392 0.00439758870455991 0
0.00772718945856227 0.004216337193714208 0
0.007556653977583957 0.004279618206613779 0
0.007522415178414079 0.004449950499350052 0
0.007399653056672976 0.004342587666354062 0
0.007591206408201611 0.004097012940293701 0
0.01651732898175837 0.006172922603066578 0
0.01239642765918842 0.004376906024097671 0
0.01256017234168759 0.004360472141185399 0
0.01265809167078802 0.004486325390513672 0
0.01271944936102486 0.00434389408753173 0
0.01280512487897075 0.004467641089249701 0
0.01287497398626295 0.004329538609591377 0
0.01278417136403764 0.004193986622636988 0
0.0129508697728856 0.00418709942135851 0
0.0130350481747073 0.004347192020489123 0
0.01311669978778777 0.004185217232328283 0
0.01319584753818648 0.00432339117796838 0
0.01327586890634614 0.004181763521157129 0
0.01335456092235475 0.004338547013414381 0
0.01343512743975779 0.004180811087923653 0
0.01352041794596036 0.004339106205461432 0
0.01359569594323069 0.004178702485981512 0
0.01367816349192485 0.004314406773729173 0
0.01375882348019518 0.004169540464732144 0
0.01384283890105984 0.004310294386729818 0
0.01392852544035374 0.004162209222547134 0
0.0140179892140007 0.004313631667979705 0
0.0141078036661356 0.004154107769173676 0
0.01419663911882403 0.004313154285541653 0
0.01408888679980676 0.004469678536665421 0
0.01427404462523612 0.004466496377213037 0
0.009707818036950189 0.006288060719265309 0
0.009606849881462671 0.006169883885576301 0
0.009694094403229556 0.002565406785894918 0
0.01105335930435314 0.005776459563389263 0
0.01113511504441154 0.005632890337076447 0
0.0109738162290049 0.005920137540802841 0
0.0120544139355023 0.004876186372834518 0
0.009443108540570355 0.002470367553821375 0
0.0092849923536025 0.00248019504860856 0
0.009210525634764382 0.002623062266612069 0
0.009119368521716478 0.002486098725107485 0
0.009195937107070801 0.002341625295393739 0
0.009032580610883131 0.002354163181735897 0
0.008950827734326218 0.002495558033949089 0
0.00887031574992728 0.002344459803893415 0
0.008971401364955375 0.00220890096398972 0
0.008799821777984237 0.002198327138618941 0
0.008770603791910395 0.002495353829370617 0
0.0105817340894368 0.00263335027257213 0
0.0005142631014618867 0.002693926612736024 0
0.0005488161836672348 0.00253928632916349 0
0.01178556437868276 0.005130777145049501 0
0.01148349008866063 0.002154341020804223 0
0.01648571500366107 0.005805522110760982 0
0.001102684955539103 0.005105457975771584 0
0.00114333167759577 0.004847379289245848 0
0.0009168284196746255 0.00491778677193155 0
0.0009500561360902436 0.004694457209401929 0
0.0007463557365161222 0.004770708405780732 0
0.0007822901213956381 0.004575566714277267 0
0.0006968399906938294 0.004978602926358492 0
0.0009739668826607732 0.004476062848600475 0
0.0007769629159315233 0.00437424544837081 0
0.0006227926638205129 0.004657259041449004 0
0.0009865072288378577 0.00425683955558979 0
0.0008094732672275775 0.00413307617091209 0
0.0006334849442950242 0.00422732344186621 0
0.0006444311328767348 0.004042956501364582 0
0.0008080727807346566 0.003953645437404149 0
0.0129270640636267 0.001961506337426823 0
0.01258870955481259 0.0009868905982002934 0
0.005052016396476802 0.002029824369942023 0
0.0004994961608984355 0.006410772963098615 0
0.005873923641117254 0.00121169087850825 0
0.01418802273689472 0.004600424729543069 0
0.01434986271940506 0.004607643743670521 0
0.0004923515801788306 0.00657280844695581 0
0.004806439062916596 0.002186963140939347 0
0.0159794849535153 0.006221808737325367 0
0.003720160928719468 0.002678686465921733 0
0.01055869787186236 0.003124317313842317 0
0.01233359892414107 0.001368467542939813 0
0.01217647843378819 0.001378684842676192 0
0.01636750365430462 0.005237580210528775 0
0.01643092065908697 0.005077638848466826 0
0.007193704027566732 0.001922551698642544 0
0.009487339663985848 0.003102113612462248 0
0.01436402957250962 0.0004494188125401424 0
0.0142180810387592 0.0004669850546940705 0
0.01451016100508563 0.0004013013062274134 0
0.01462016424755006 0.0005250721743719155 0
0.0004838958082892496 0.0006777256851353227 0
0.0005098016405633669 0.0005292471222572651 0
0.0004467649246590235 0.0008246343655716206 0
0.0004469820031225043 0.00349708406720192 0
0.01263597025927857 0.0008370216038458274 0
0.008881828452956759 0.002068713818488423 0
0.008730757795492239 0.002060929737668124 0
0.006036696179957992 0.001171251997547185 0
0.01224475144701031 0.001241601991313597 0
0.00538552550449463 0.002489923089879045 0
0.005279014051122388 0.002691975610609442 0
0.003029243146855199 0.002523650991223411 0
0.002882085034217458 0.002460205853547625 0
0.002755199068386652 0.002589622065379242 0
0.002728793270038395 0.002443740417805014 0
0.01160464861009654 0.005336091316970019 0
0.01280301920671492 0.0008240674434072288 0
0.008938311084458144 0.005045713366274068 0
0.0009366770884413162 0.0007029919158946783 0
0.001050029063803864 0.0008042580611137295 0
0.01654977662040441 0.005664278461428019 0
0.00314163133857376 0.006314044416153139 0
0.003106587428622297 0.006477209971509409 0
0.005560941096606363 0.001635033842671886 0
0.01285931069987923 0.004032474797579637 0
0.0004696460688609055 0.004118554222882413 0
0.0004748595362882684 0.004284160133557141 0
0.0004973763062106756 0.003958195043877391 0
0.00430233535522645 0.002470303044188971 0
0.005400846405522115 0.001658420704554278 0
0.01652790032833345 0.005216932445592529 0
0.0158779155596657 0.00610302159162572 0
0.0110043417417809 0.002389354892404439 0
0.01086845805668064 0.002414258257842964 0
0.001186771237840478 0.004385026326107437 0
0.008318944234343513 0.005118265194521915 0
0.01444257629246031 0.004473223046233781 0
0.01451709944111519 0.004620138504199434 0
0.01443179287690424 0.00476092732084562 0
0.01459577298485684 0.004766063175812845 0
0.01061895565264841 0.006267520494794006 0
0.0007788832909409764 0.003443831854053702 0
0.009819894059535272 0.003239564065104973 0
0.007811545671938303 0.004663344178356117 0
0.003359415900438906 0.002599170633436011 0
0.01376641010149847 0.004454128679686438 0
0.00196278539743335 0.002273328163866975 0
0.002163438576540597 0.002193892545088123 0
0.002017284815218222 0.002079579237560378 0
0.002196685802205254 0.002012072203569577 0
0.002321576888165091 0.002117290093254175 0
0.00206696479766715 0.00190584422092981 0
0.001662342475661924 0.001733568126236796 0
0.01644406322091146 0.006583264747816758 0
0.001396873453007692 0.001308183274386598 0
0.005138024735618155 0.001875739350961085 0
0.008712915590169377 0.005450861281065053 0
0.007374652041794882 0.004491305660852415 0
0.007264063129937494 0.004399628454988908 0
0.007276203524167701 0.004245330196779339 0
0.007131454608471494 0.004329048741202489 0
0.0006666548732155043 0.0004722270106682432 0
0.002350248297556243 0.001973515965648499 0
0.002461904054839223 0.002062825312265443 0
0.0004485759815059612 0.003067459787705503 0
0.005472205221397295 0.001516605937290635 0
0.01351217711095677 0.004040724355465246 0
0.01660800149036772 0.005081869914677232 0
0.01650745328427556 0.004943575759455247 0
0.001560735432818598 0.001256850216283143 0
0.001444120395112819 0.00115598194779499 0
0.01468305954346919 0.004636438150114067 0
0.01474889311904397 0.004791930291082661 0
0.01463956244452492 0.004917856900761744 0
0.0148206905447145 0.004932997788213236 0
0.01537541232875406 0.004982991869223644 0
0.01530505828931361 0.005193090636124166 0
0.01543512168498012 0.005349401929970954 0
0.01523619865849384 0.00538926218289434 0
0.01536344164823014 0.005503345551418136 0
0.01513043112625107 0.005237462038654068 0
0.003773040069058206 0.005972484133368716 0
0.003854731518036159 0.005726523813694933 0
0.004013505799310704 0.005892140205663624 0
0.004080808892096942 0.005679949742989027 0
0.004238115687583223 0.005856596722216414 0
0.004291012379771243 0.005649444898351834 0
0.004159822343532018 0.006024957911782766 0
0.004427362256701474 0.00578866630390445 0
0.004482685059495536 0.005615617076409516 0
0.004592462685008538 0.005753830688523795 0
0.004669205518279361 0.005597470851216774 0
0.004545953774049876 0.005451352163165252 0
0.004723606987510558 0.005428204698102989 0
0.004828888348554805 0.00556279815125593 0
0.004883918217355915 0.005411839041698684 0
0.00479587310368914 0.005267263128102374 0
0.004977167114141907 0.005272118778108099 0
0.004868302456079722 0.005105140931893754 0
0.005047345167876464 0.005097736991874329 0
0.005145927763172933 0.005232901977763368 0
0.005213964264805149 0.005087581005315939 0
0.005125591695352182 0.004939948606750155 0
0.00531813326545281 0.004951820379986998 0
0.005216691782594189 0.00478272067028947 0
0.005394830916996112 0.004789478644461751 0
0.005483840153311582 0.004918493184913998 0
0.005562202318278572 0.004788209821445974 0
0.004548864231326152 0.005902966304269278 0
0.003935303791157711 0.005535715518886962 0
0.00529375409768078 0.005221018971784967 0
0.01621157783172709 0.006480011847911856 0
0.005485757671665795 0.004642648821842251 0
0.005651464208038871 0.004655538225686919 0
0.005722925363579887 0.004802150012971307 0
0.005814657367846254 0.004692244649990368 0
0.005748895152627395 0.004531334599565603 0
0.005904330268538881 0.004555843215547214 0
0.005733733906768651 0.001268071419258639 0
0.01465788424510781 0.000386695984473271 0
0.01476043631940726 0.0004894635939419866 0
0.01470471863611513 0.005060941251297814 0
0.01507017853138689 0.005387970225719026 0
0.0004047176291246107 0.00259610655545487 0
0.0004080061235206944 0.002446341189294626 0
0.0005668762976281314 0.002386485879287008 0
0.0004453284411076487 0.002297740053194754 0
0.01010942222262295 0.006498085518706979 0
0.0102459430786919 0.006482589935968575 0
0.01120929031141661 0.005785510694575714 0
0.01128393972859957 0.005644147060840455 0
0.007473348111858812 0.004590074230229776 0
0.005934774216841792 0.001070437102755094 0
0.006072238489987603 0.001027653654229672 0
0.00854792776609885 0.004736585441628595 0
0.01150461922927992 0.0029691502928775 0
0.0005843834751355012 0.002234570656358541 0
0.0004462504734763957 0.002143463524026065 0
0.008827303857998525 0.001930151700336515 0
0.008668117596897869 0.001930446704239353 0
0.008061706129812598 0.00490032013519946 0
0.01659796313507722 0.006562377783345083 0
0.007150106033272409 0.00414668079923298 0
0.007000509456977126 0.004214341183071957 0
0.006979131653200153 0.004368805836352065 0
0.006860317624075251 0.004279615707138277 0
0.00685315334109022 0.004441496449059564 0
0.006733239929976553 0.004345341790058574 0
0.006862280354773665 0.004123038191463927 0
0.0005995857028495508 0.002075699672208694 0
0.003215390645411015 0.006573340667224996 0
0.003078718765823412 0.006618667469172047 0
0.002967455806691319 0.006532371615345435 0
0.01404699419289345 0.004611354023286907 0
0.003642306354649299 0.006769041787201426 0
0.009960247340118336 0.006523783527625284 0
0.01206641432682036 0.004405041919620912 0
0.0005730736630425448 0.0003723145455042719 0
0.0004298045586696494 0.0004153607936558013 0
0.001224721385124571 0.006582482952140438 0
0.001363385584114393 0.006531846629772408 0
0.004969230992106828 0.005541526348628578 0
0.0003714744776843557 0.002726692107012826 0
0.0007431241884177861 0.006593728989041721 0
0.005964454097380725 0.004688949706367658 0
0.006050776574209223 0.004575977947702138 0
0.005999762343066286 0.004433957250881507 0
0.006150062796454664 0.004462532203484609 0
0.009570722541057959 0.006314282109414926 0
0.009455258194901513 0.006224970769646366 0
0.009498726622417254 0.006061373881844431 0
0.009361506955261254 0.006115655471651681 0
0.0004179876223969845 0.001579690922027428 0
0.0004478876704769267 0.001437206921980328 0
0.0003848664585167118 0.00171586366105334 0
0.0147867139038876 0.0003530339303736614 0
0.01490736786961821 0.0004331274203060579 0
0.01486635844546878 0.0005914607210549473 0
0.01500950773481375 0.0005509109715945387 0
0.01505135111403703 0.0004115927696560638 0
0.01515040170016224 0.0005065414788041748 0
0.01512108695551202 0.0006637009238083611 0
0.01527565905411229 0.000607568009723137 0
0.01524747671443787 0.0007797875390865715 0
0.01541424889732629 0.0007187247045759939 0
0.01541344507501138 0.0005529138641545794 0
0.01557471259439938 0.0006285366285518376 0
0.01555598930197278 0.0008304149926888172 0
0.01572603246319304 0.0007571153165430804 0
0.01570842878604109 0.000956074222955627 0
0.01591285328180626 0.0008469619646543306 0
0.01588042599278022 0.001088817630979119 0
0.01607963037412885 0.0009950114633768162 0
0.01607651692156294 0.001226090454241976 0
0.01612229517781436 0.0007865812018571475 0
0.01627254947536133 0.0009070913865756032 0
0.01629196246746512 0.0007160474332788941 0
0.01576325435561571 0.0005588588968010624 0
0.01643402643524192 0.0008225874096414901 0
0.01642363918921413 0.0009941799209522793 0
0.01646628324756211 0.0006492043094531753 0
0.01630545596276734 0.0005378129568175847 0
0.01646505877335255 0.0004623081978259863 0
0.01517357416548602 0.0003661847933413647 0
0.01658941576160576 0.0005547264166535369 0
0.01660298932067749 0.00042154343984523 0
0.0165680491094247 0.0009188395700605108 0
0.01656318387283765 0.001069614973405577 0
0.01643362297714143 0.001150253174114426 0
0.01658678703259923 0.001220465198437896 0
0.0164417627328148 0.001300366977281875 0
0.01657166459145192 0.00137090656388796 0
0.01644118882409872 0.001452327609357543 0
0.01659234094192774 0.001520606216058467 0
0.01644565028172004 0.001601605558321015 0
0.01657430192373461 0.001672190067496457 0
0.0164413338164125 0.001753409178659637 0
0.01630327931545961 0.001681701485862624 0
0.01630471201858006 0.001847885898784445 0
0.01647701685400572 0.001913036778196294 0
0.01631572132429972 0.002017988974761785 0
0.01646723865977393 0.002092539745837548 0
0.01632485353930046 0.002187384676784455 0
0.01647316509027619 0.002259361818121636 0
0.0163350359328984 0.00235494970510399 0
0.01650527965979506 0.002423926763808073 0
0.01634786004711988 0.002522530795273302 0
0.01649469902738581 0.002589169751672325 0
0.01635783675984453 0.002690734074997156 0
0.01620479507830258 0.002617084410669978 0
0.01621853522870691 0.002798539103418855 0
0.0164055640916337 0.002865263341067672 0
0.01624275471452501 0.002980544588080057 0
0.01605890871006341 0.002913353569416326 0
0.01640789304787527 0.003047131383233586 0
0.01626450605994501 0.003159973113235639 0
0.01644981569773162 0.003221275015213485 0
0.01628976696359871 0.003337306704772343 0
0.01645054751005348 0.003398853358907059 0
0.0163140035855637 0.003507977873236829 0
0.01616305903247536 0.002285548757369746 0
0.01615384965685098 0.001928414951647435 0
0.01649199106024195 0.00356641894338989 0
0.01633755916993927 0.003677687188438332 0
0.01649199325117622 0.003736240751109774 0
0.01635972977079499 0.003840711597208938 0
0.01653124306272526 0.003896081737675788 0
0.01638373087536895 0.004003588052232341 0
0.0165320560053657 0.004058931582058676 0
0.01640570167337254 0.004159341326677079 0
0.01657033015218894 0.004211932374730126 0
0.01642885049568494 0.004315032797039401 0
0.01657110958571025 0.004371041274347197 0
0.01645061706338057 0.004464524698478197 0
0.01660108354778885 0.004526447791530283 0
0.01658161917311571 0.003311302407672669 0
0.01654778896760211 0.002959287247635131 0
0.01611586844407292 0.00327176560689355 0
0.01619153336293419 0.003786542903746594 0
0.01661807518212664 0.003656004617745614 0
0.009654826466142193 0.006417968237452755 0
0.004934723232423183 0.005667405419793929 0
0.0003616063891809292 0.004012682058494971 0
0.0003747370144804325 0.003882398222183754 0
0.002828404236031944 0.002333032342064393 0
0.01497341505977833 0.005276468259951452 0
0.004688230413464263 0.005875446011230342 0
0.002408606309991521 0.004639157022851051 0
0.008752049472742059 0.001823719481511978 0
0.00862209892433208 0.001794024486168298 0
0.01249820057755825 0.0008726405209021448 0
0.01659997500956546 0.002171176950392119 0
0.008526836682326205 0.001923278229901304 0
0.008466198053275781 0.001791896875388425 0
0.00854522020591127 0.001675172669978581 0
0.008410053232354048 0.001663273815099833 0
0.004379288289163168 0.00235384011216851 0
0.002445022391011495 0.002202615745362543 0
0.002575869519654866 0.002145012817407751 0
0.01313639385385794 0.004458928022367949 0
0.001617075418033534 0.004812846071596085 0
0.0114209465334924 0.002000576497532585 0
0.01133849539986557 0.002136391255913063 0
0.01632817163038896 0.0003880798193256585 0
0.01619751583871085 0.0004447240354989931 0
0.005233435114306207 0.005343248195537561 0
0.01271031905964774 0.000710638848976361 0
0.01284792449266366 0.0006879854272539843 0
0.0005035127054628941 0.006262915523706868 0
0.01239153534455946 0.004785507549927502 0
0.01250459360574028 0.004763866612294461 0
0.01343533237164974 0.004436117579087347 0
0.01244645736289211 0.0009850765339127201 0
0.0003704279379026891 0.006485772127405808 0
0.0003575311281373006 0.006614794872419473 0
0.0107609250421038 0.006272453533992528 0
0.00502750288008501 0.004775883483357026 0
0.006103961717658706 0.004317908319377056 0
0.006254973800739699 0.004347101890118649 0
0.00630170134495024 0.004498175523486425 0
0.006199334259779119 0.004190652515308364 0
0.006378121073879885 0.004221900226353232 0
0.0004508509429129968 0.006697254271606769 0
0.006722309842755536 0.004478535346917535 0
0.001831769767782779 0.001658186460719012 0
0.001840736360222978 0.001497013072863075 0
0.001951182588622018 0.00157206529756747 0
0.001072648467036209 0.0006576073347078146 0
0.001178680596825393 0.0007427848476420067 0
0.001174321467223955 0.0008878867072335699 0
0.0009726346872789005 0.0005635589479760067 0
0.001287233811811022 0.0008125088538294689 0
0.001092643431685366 0.006638351420318787 0
0.004644611914198807 0.002194074940505529 0
0.01245105942064553 0.004215884213661816 0
0.002602898567290665 0.002553315259098122 0
0.0003432133173230864 0.00339980030173769 0
0.002631104063200119 0.002717067567761093 0
0.003692475702472789 0.003901769292204686 0
0.01121776726239267 0.005510807260843322 0
0.0009027314064653999 0.003119843173460099 0
0.009021685697054098 0.002069998813366242 0
0.002968775739160507 0.006664468782863279 0
0.002842399082129935 0.006604826455450872 0
0.002853475281697018 0.0064470175569778 0
0.002723537985399686 0.006508120868889764 0
0.002706276010567397 0.006645529807699229 0
0.002597097187112629 0.006567075932784723 0
0.013218579643783 0.001950494045731888 0
0.000494725517185152 0.00382144498637367 0
0.0158309365116155 0.006243020193618857 0
0.0157410728146075 0.00614202109205594 0
0.01591387387047588 0.006348366413024928 0
0.01024957099777314 0.005361511440512467 0
0.001202344873483334 0.004136255414112994 0
0.01274018975513574 0.004609896985726005 0
0.01287376197692677 0.004581596241476971 0
0.01647384498729302 0.004612716928269383 0
0.01660804559642575 0.004672923643337556 0
0.004671112123289584 0.005115388681137599 0
0.001285873531373048 0.006265019049442025 0
0.01662525923710222 0.002515683138932259 0
0.01662576461765974 0.002648365703541734 0
0.01669510015667081 0.001307681485951258 0
0.01654213685679521 0.006681598030168117 0
0.00803827099198493 0.004274472345867546 0
0.01665039789704652 0.003982644239083569 0
0.007256579957295253 0.004536703382733383 0
0.01663695232831314 0.005786389956530417 0
0.01670411226237668 0.0004947223188235535 0
0.01665580947259227 0.004946782926700441 0
0.008865985234979511 0.002654765298175591 0
0.008659174345824437 0.002664913088918788 0
0.01493592129010562 0.005408490881427442 0
0.01484694182007016 0.005319873188523805 0
0.01551385868403603 0.001037401640600996 0
0.01019450652250494 0.003187709590792165 0
0.01430047159834983 0.004148186551854076 0
0.0141919713652932 0.003972572880594404 0
0.006092912655706606 0.004703921793082483 0
0.01666906633960024 0.006670274651895949 0
0.01380598862389207 0.0039721317232608 0
0.01456994432125834 0.005044987910845305 0
0.004998155995914988 0.001892214264480645 0
0.01669984064567758 0.004420232366779405 0
0.0149315966957056 0.004799898768587735 0
0.0004653134384295047 0.0002945530820670536 0
0.0003426214787319824 0.0003307374942800511 0
0.0003083171983308021 0.0004414707141682599 0
0.0003452926622277246 0.0007292489743188201 0
0.006970664033996206 0.004504838973722849 0
0.004522571324774404 0.00294050032124057 0
0.004399177588764604 0.00311569383697844 0
0.01667278926649592 0.006440082902834832 0
0.008488792079929933 0.001558672198095747 0
0.00835994293824751 0.001541460073917412 0
0.01138977546031665 0.002273956562384448 0
0.01210405083493971 0.001256443919769606 0
0.01203969102838453 0.001371837580566016 0
0.01411801021045029 0.004720774883904783 0
0.01671125833224039 0.0006112218526942623 0
0.004647969718683576 0.006004832633855657 0
0.004519311767116127 0.006039249122120543 0
0.005975830111125874 0.0009362449164845386 0
0.00610368907316961 0.0008915231868798193 0
0.001333553599819004 0.006666646148692374 0
0.001468685058935538 0.006643061064090459 0
0.001499856428522088 0.00649141703963549 0
0.001597417939866334 0.006590132485777858 0
0.00156737955774357 0.006721346516146278 0
0.001690784120524674 0.006682197624758423 0
0.001726571495008381 0.006556676865244271 0
0.001817597959204605 0.006652799721886699 0
0.001856216864990891 0.006526648374845949 0
0.001931271929206778 0.006628608049971555 0
0.005364870032846376 0.005330704080899289 0
0.005420267754968762 0.005221685792397412 0
0.01628594047332508 0.004418508892291608 0
0.01427487993855559 0.000339201638563089 0
0.01413867586183465 0.0003540759467019153 0
0.01407757801440264 0.0004781169294571595 0
0.01399529550043155 0.0003477822417121685 0
0.01393821029128325 0.0004838666161586414 0
0.01386190918283848 0.0003702238576607213 0
0.01380064182464054 0.0004954240045422029 0
0.01371896063581302 0.000366036995227944 0
0.01366090222270117 0.0005035025770848398 0
0.01357987675783701 0.0003882220838121934 0
0.01352131867573406 0.0005140958911733612 0
0.01344974112748953 0.0004026387077010799 0
0.01338039705619045 0.0005267476186454866 0
0.01330351594623801 0.0004022233117174897 0
0.01323819571304109 0.0005339247288359103 0
0.01315718471666943 0.0004213151318496638 0
0.01346881532229011 0.0006616376411966115 0
0.01215432044018369 0.001140146872902115 0
0.005122424112571542 0.004599359833624646 0
0.0003138288920496654 0.002345064005081558 0
0.0003114054464795103 0.0008543684113329342 0
0.0003947617709162184 0.0009561238321287996 0
0.01500875905563374 0.005504817330955564 0
0.01321482924396945 0.004012486838069726 0
0.01642222013916799 0.006707561864288804 0
0.001583439606001417 0.001116512871982416 0
0.001687259045920307 0.001201051499908066 0
0.001494270792448095 0.00103016339947759 0
0.0047121145071049 0.00208563137707667 0
0.01307943191818291 0.002240326911879994 0
0.000310624787927578 0.00146993799729222 0
0.000347288719115886 0.001337322323212709 0
0.01674144154201362 0.005043537956626144 0
0.006211606182810109 0.0009843504200832613 0
0.006232845355745931 0.000842506955314203 0
0.01090983126167487 0.002289737652418795 0
0.01103003460749751 0.002258832008892203 0
0.004246445732982778 0.002347670451015824 0
0.004173615488190053 0.002450749132309901 0
0.01077899728401404 0.002301759411957013 0
0.0007041412440516098 0.0003496882202767412 0
0.01309754372185928 0.000541713474891009 0
0.01303405669438504 0.0004272051803957629 0
0.006610508115362268 0.004401537353497488 0
0.006607568562518873 0.004538244734732701 0
0.01406885190661056 0.0002367956313793561 0
0.009319800207797446 0.006233281433876809 0
0.009242968651951764 0.00615573777406796 0
0.009255923610616204 0.006029201388912449 0
0.009138763154976635 0.006088281252555471 0
0.009157825553504856 0.005950665718885683 0
0.009038927233533512 0.005993124757766243 0
0.009059292650319632 0.0058693906964018 0
0.008928490168332975 0.005925827208029172 0
0.006017720203829241 0.004803657206173534 0
0.01276247604087683 0.0005886179940678767 0
0.001886285422425495 0.001938841115345134 0
0.01069345985440069 0.006380346214757351 0
0.01057555974100445 0.006393201296886332 0
0.0158406018962317 0.001324379383765876 0
0.003182540032099135 0.006704752190582766 0
0.003305635895334987 0.006669363096429284 0
0.001360324729529028 0.001054154103948278 0
0.01135205023220908 0.005762059689281832 0
0.01141712666431506 0.005649308781351433 0
0.000311840793858811 0.00352707719726557 0
0.01086523985917155 0.003363643905032983 0
0.01648466866390971 0.00535707649775464 0
0.01662251801443634 0.005330347370110991 0
0.01672917591219622 0.0003704826593083962 0
0.01661307867666115 0.0002963270257521772 0
0.0056941911459661 0.001395239999237126 0
0.005610744614272634 0.001290502883239359 0
0.0112808872289424 0.002017263766782323 0
0.0113320089883764 0.001911204783480103 0
0.00845206719315685 0.001436107100778785 0
0.008312859208005645 0.001424976190170841 0
0.008229369804717657 0.001527911602711402 0
0.008184040570489447 0.001402162893559312 0
0.005316666308790146 0.001553230544922207 0
0.005363547684361997 0.00143735815669855 0
0.004832458543411126 0.002051053299343181 0
0.0007146828038908084 0.003604426853469077 0
0.0008999835096910715 0.003584793503795059 0
0.0002779798062765276 0.002639235517431521 0
0.002598562729189329 0.006696930237751607 0
0.002483184232688208 0.006645079547437353 0
0.002485420317671101 0.006491689356030505 0
0.002365079384796151 0.006558468883410447 0
0.00235646687654431 0.006689426189503814 0
0.002248737389554696 0.006621462793715907 0
0.002366955605005022 0.006409497769808471 0
0.01501084520467339 0.00512569833741529 0
0.006008000918472125 0.0008121793707884443 0
0.005927594131955533 0.004280318032061955 0
0.0166882792585181 0.005656552416323304 0
0.008262834412215862 0.001304906740097351 0
0.008142841374303081 0.001280409429637939 0
0.008219600565856969 0.001188324546192948 0
0.008101913076392523 0.00116179178312546 0
0.008018410477613133 0.001256750004808742 0
0.00797796456361512 0.001130627382513358 0
0.007877724873261495 0.001238594095737578 0
0.007851733977548942 0.001099429892277872 0
0.007941922925552998 0.001007523296848184 0
0.007833146374502577 0.0009647908417144339 0
0.007740812005775078 0.001207544304800603 0
0.01319373832121557 0.0001853699905209685 0
0.01198095826906445 0.001259333762309532 0
0.01191758549859108 0.001360393149760339 0
0.01019153711310483 0.006600271540744653 0
0.01030973618310651 0.006592200087362824 0
0.01622515325824212 0.0003090260742295262 0
0.01610043412352368 0.0003522591935696752 0
0.01606803251180223 0.0004845155228736337 0
0.01597386682555528 0.0003901817988343002 0
0.008636967759656852 0.002193063090791695 0
0.005067420274728422 0.001768046272207968 0
0.005267915384046524 0.001666001709730557 0
0.01668579080952338 0.001002788465449984 0
0.01670001741040296 0.000873043051371624 0
0.0004785907884388117 0.001990769582895564 0
0.0003479983925930019 0.00203846238012346 0
0.01671886852798325 0.0002533308012441769 0
0.01669625555930282 0.001613041320757531 0
0.01669701094074126 0.001733049211096048 0
0.01129920815552896 0.005874315167671605 0
0.0007881324500343782 0.0004215143818086541 0
0.01459885005545212 0.005138635755698706 0
0.00809576510819663 0.001516220386395689 0
0.01238902370812595 0.00120981529185224 0
0.01457693994410894 0.000279320754799299 0
0.0108216611255101 0.00613899269234203 0
0.009534436676210642 0.00643721444379314 0
0.01032452200092881 0.006351065620489012 0
0.0002295514605346171 0.003431202987627466 0
0.0002539068317008418 0.003323283822716018 0
0.00248974489483588 0.001922851200058824 0
0.002392569931584229 0.001851870555096226 0
0.01088969595700941 0.006244583543418898 0
0.004628962279896532 0.00613242918521824 0
0.004496944802500135 0.006167002377211248 0
0.01073487249372454 0.002428925500891045 0
0.01066339068232941 0.002340470131605966 0
0.006345209571807182 0.0009340834630728423 0
0.006365246350584376 0.0007690849262909794 0
0.006484075791351703 0.0008795508557943085 0
0.006511985600796601 0.0007323004275698068 0
0.006644261928431931 0.0008298265588383993 0
0.006656389045528125 0.0006767261637541256 0
0.006545009151721869 0.0005879735450710854 0
0.00667268430391612 0.0005176328458981268 0
0.006787660752344772 0.0006148836717078756 0
0.006806049422482541 0.0004779579332805425 0
0.006914108928056561 0.000558626214014599 0
0.006921222038135565 0.0004280742885566925 0
0.007040496600996019 0.0004853030364789087 0
0.007025138846539208 0.0006369452806124043 0
0.007165388841034311 0.0005612344940055438 0
0.007140875930980702 0.0007193547813364688 0
0.007275130044193416 0.0006568391825011945 0
0.007263013262108422 0.000805355645773892 0
0.007392903966004675 0.0007362961893608399 0
0.007403203864414017 0.0006030530331566711 0
0.007516473927997677 0.0006762274293254304 0
0.007510482230731835 0.0008072883227468585 0
0.007628355507766605 0.0007446149301540308 0
0.007146696986381849 0.0004553895908633804 0
0.006238316948639281 0.0007090903112857935 0
0.006565102407096494 0.0004476133971157118 0
0.006456648652507837 0.0004986891279792787 0
0.002002546840888776 0.00649920068659098 0
0.005198955783978763 0.001574263928646349 0
0.005836414745300625 0.0009666015099229408 0
0.0002561552396633925 0.006540637593584187 0
0.001972599682486698 0.001431418119979849 0
0.00206090663785189 0.00151634228737328 0
0.002056449120176027 0.001634076309594954 0
0.001867615203946325 0.001364447462126483 0
0.003547860155152186 0.006616017153558756 0
0.01095325575211972 0.00613313102764529 0
0.01569518370289287 0.006271753231731708 0
0.01561690075293296 0.006170090094237327 0
0.01565094820734565 0.006052693692973187 0
0.01553462153255884 0.006086031552341171 0
0.01556026521731288 0.005969428796335293 0
0.01543613933360501 0.006015231256561292 0
0.0154731636155146 0.005886785742508907 0
0.01534393378697564 0.005927614461383001 0
0.01538724764020027 0.005801809845684439 0
0.01526988964724389 0.005831714536156769 0
0.01551966187499683 0.005758561750312294 0
0.01551814753205379 0.005500065789157479 0
0.002490594372148201 0.00181156880057762 0
0.016584978790856 0.005916413828049463 0
0.01673088216640339 0.005884916004904549 0
0.01667228141484489 0.006012832702667859 0
0.005055012304473612 0.00564503325776013 0
0.005012930710720606 0.005755774739525025 0
0.004913818072721862 0.005788698847972015 0
0.005100219528315835 0.005510410669653421 0
0.01430017495935766 0.001767171512698566 0
0.005522151557402702 0.002684288866192266 0
0.005401958318453744 0.002915332107428016 0
0.006627213627524975 0.004258255170487519 0
0.009219496167434468 0.006269468870216998 0
0.0004764536960689403 0.001302556320315951 0
0.0003608041381579202 0.001213826907143618 0
0.01399495318947728 0.004718822104558531 0
0.01392708428460571 0.004626310980643878 0
0.0086076169687347 0.001569740710151493 0
0.005647039854181725 0.001185953846652077 0
0.005540607681024087 0.001207940016255608 0
0.0002619268674006105 0.003946969984625372 0
0.0002604735404825032 0.003824441925362158 0
0.01120982733295471 0.002122535205063973 0
0.01378582334868901 0.0002625592116985835 0
0.0002791806133652271 0.0009722126260368114 0
0.007626091130733347 0.000870360534767791 0
0.007924393226969627 0.000891810263291281 0
0.005500344165465346 0.001313384768606961 0
0.0003457417415572619 0.006749419804545431 0
0.005152880126198364 0.002885565655418814 0
0.000254185189003232 0.004053934469530125 0
0.00189273675019945 0.006388519532947789 0
0.01507888527863007 0.0002784069080061184 0
0.01520006048610627 0.0002459519068895334 0
0.01529291882518411 0.0003238462621417749 0
0.0002632972462019816 0.006429216406966871 0
0.01237029509608195 0.0008781998669925434 0
0.01232121625300726 0.000985452367075645 0
0.002689556792646649 0.006762500320749168 0
0.01401186744618771 0.0006199013832535061 0
0.01242127967069614 0.0007806884204102122 0
0.002829210557038605 0.00294442495278868 0
0.002867793988731594 0.003175844182708659 0
0.004587050100872455 0.002094669830011595 0
0.004525214691555457 0.002185560931466565 0
0.001417391938292151 0.004280832838619551 0
0.006823816865736574 0.0003580404263311809 0
0.01350396711526953 0.0002766853141958504 0
0.01279573509829547 0.002212763870298246 0
0.009612102717039698 0.006538034619674593 0
0.009726073159679337 0.006516407995846112 0
0.004752217557299408 0.004935520033729398 0
0.01599990123072135 0.001467535005668872 0
0.01580909151235442 0.001558941349873341 0
0.008959012861772997 0.005793987863301681 0
0.008845289444342305 0.005836426831616228 0
0.0007432115985607467 0.002293693630393641 0
0.01308108727586048 0.0003165283477656908 0
0.0002281681759122613 0.0007693847078692924 0
0.0002436203257426117 0.0006555637686988147 0
0.006300757181615687 0.00400987181025321 0
0.001428732185121314 0.003996383364148541 0
0.003946629756759732 0.00668942061837087 0
0.003980039689215147 0.006592095431233088 0
0.01196694147622536 0.001469253954328627 0
0.01185483138493188 0.001457196040984555 0
0.001191662427481215 0.0006168682962640953 0
0.004760996728453601 0.001976373328671897 0
0.002154283200079833 0.001583949773182687 0
0.002153397725876645 0.001697927039340187 0
0.01507887759112863 0.0008379446452851653 0
0.00730048210282487 0.004071461404719294 0
0.01441062416908818 0.003960706027918474 0
0.01428256706960139 0.003766337518969818 0
0.008292895633046068 0.004509596386250146 0
0.0002587309195899688 0.001256094394128647 0
0.001188994696103542 0.003858352438446651 0
0.0114653826299963 0.005752271918008237 0
0.01153348016847233 0.005649783354186089 0
0.01148476898210133 0.005541328903752701 0
0.01160053433737095 0.005555831384642347 0
0.004762047296543954 0.005979927859295351 0
0.002161775182250663 0.001481508625643361 0
0.01633700582383084 0.0002653566688341036 0
0.005610600964531632 0.002463520164403278 0
0.008871802619408939 0.001810139611552446 0
0.008817335145204542 0.001730692271939142 0
0.01600522516665396 0.0002536544876745516 0
0.01588784526565602 0.000298803916657596 0
0.007732449287753528 0.0007996500126435128 0
0.01214146018951355 0.003987614130995929 0
0.008860452356798051 0.005709978898909484 0
0.008756675730536194 0.005758008110375425 0
0.004126224783907398 0.002343714270832694 0
0.004058678554620722 0.002430105904983457 0
0.004393621026837425 0.006081417392217009 0
0.004377806684156012 0.00620937575294218 0
0.01294777850356943 0.0007944489167512406 0
0.004016053407302069 0.002336333540438599 0
0.003948954206883086 0.00241649253070088 0
0.003979928178071297 0.002517813025835286 0
0.003871265658726262 0.002498123232262173 0
0.003837686508535209 0.002402823354997688 0
0.003765709141846823 0.002479021605447095 0
0.007928950319713515 0.001360054181564383 0
0.0002535207196436694 0.002762487925407133 0
0.000351796903578212 0.002861261003203986 0
0.0006487575604085874 0.001827442923129462 0
0.01674022177009767 0.002572173447830789 0
0.01673278770495808 0.002457786280058306 0
0.01674429987753748 0.002697117469380024 0
0.0126267924869569 0.0006052028994420551 0
0.01520561711029338 0.0009692124515509886 0
0.004477747944111365 0.006297014253861142 0
0.00436120956663939 0.006330273073772215 0
0.004263403518406267 0.006256789295412653 0
0.004246614215542421 0.006379458348007265 0
0.004145308888811556 0.006303774349720449 0
0.004133759735920181 0.006429660006337242 0
0.00777790791487396 0.004021051497119314 0
0.007592564856384432 0.003880234679122638 0
0.0148985776332992 0.00551974715520833 0
0.008732890121089675 0.004426049555293257 0
0.008942910582760125 0.00463216920316093 0
0.002250394805347455 0.006739786616755672 0
0.002348053681416326 0.006806918029596066 0
0.002146678702348821 0.0066833806893336 0
0.005793713953893214 0.002627600533587002 0
0.01339974118240432 0.001513863472863669 0
0.01288325423909787 0.0005598678904992493 0
0.01278988391341669 0.0004795554756088492 0
0.002740042131281813 0.006352234034317316 0
0.00249123623821302 0.006338915893700306 0
0.002359968030868137 0.006254730395189584 0
0.01530133593996162 0.005718776438942523 0
0.01519182945938876 0.005751069131032225 0
0.01516758801081759 0.005857438531840852 0
0.004314165553496134 0.002243736932201207 0
0.01550585749180131 0.006198508616806814 0
0.0008335915085480247 0.0006084545906226077 0
0.00287767275282903 0.006289116930554742 0
0.003859698160991449 0.002677322117787465 0
0.007169019686126378 0.003954265523363666 0
0.008740310355725334 0.005873691881714842 0
0.01625166949188959 0.004103926579056928 0
0.01664956180552276 0.002770009967875026 0
0.008302604239468105 0.002093146884788385 0
0.0124687217352283 0.004866084121190207 0
0.01236270066927761 0.004899000796694789 0
0.01257888995645465 0.004842966803706476 0
0.0126165889900621 0.004734726523734437 0
0.00751285628876845 0.000941047206427612 0
0.007618931520264499 0.001003953273563886 0
0.01064455678633027 0.006480571756613797 0
0.0105436045346962 0.00649744743543948 0
0.004230416978087726 0.00649218784273355 0
0.01283031396133561 0.00469196631711783 0
0.01293652005652477 0.004679396664392269 0
0.01298785381839354 0.004584972570090896 0
0.01267492609410007 0.004043504058044686 0
0.01274472608876053 0.003848129304295003 0
0.01297391425968661 0.003852679035363598 0
0.01094050228987885 0.002188180595775869 0
0.000164711908678887 0.003999557515379426 0
0.01662261717565609 0.00554350732186118 0
0.01674851338168593 0.005548297261379193 0
0.006499377291757964 0.004454245544388888 0
0.006479383993134091 0.004579372098269846 0
0.006585897780571204 0.004658080227393417 0
0.006204701864208071 0.002089474670538431 0
0.006130900417290748 0.002329419133033612 0
0.00640988897043474 0.002279577836262782 0
0.005313710137514596 0.005446012304245537 0
0.014502673382919 0.005134333775291433 0
0.01444875340402512 0.005026129905442031 0
0.009227146067704433 0.004595215077361231 0
0.01389123137250056 0.004719202283398869 0
0.0138240161340302 0.004635926040408727 0
0.001612086155581205 0.0009905830117913632 0
0.001525042320363132 0.0009130831247623574 0
0.00751908246305562 0.0005575869866710419 0
0.007423695960898279 0.0004821751100605749 0
0.001892617279599093 0.005016167860514289 0
0.001888998255592253 0.006738032342296158 0
0.01482552617922083 0.005429645064757019 0
0.01474388424963307 0.00535118785554105 0
0.01475683350935887 0.005249431336436582 0
0.002242105395100903 0.001645977182014563 0
0.002841864748741883 0.006000533586413564 0
0.002461764262834214 0.002664414483260382 0
0.002575581443978882 0.002274715763482472 0
0.002447182382604142 0.002344140263540359 0
0.006325948992450555 0.002578540614051271 0
0.006971390160906164 0.0008151859687283093 0
0.01521549121164011 0.005646163886751511 0
0.01510125946405817 0.005676302472189591 0
0.0009763006880658797 0.003346545157373533 0
0.01644214620738541 0.0003282937004165324 0
0.01642796247929784 0.0002157944251157205 0
0.01633123598782361 0.001376001980400487 0
0.01676281876025001 0.002816604545391414 0
0.01337756485134205 0.0001511569576515474 0
0.01334592093598852 0.0002384509628892322 0
0.005548244488747823 0.004040028932662422 0
0.00550251551847346 0.004314021641699669 0
0.0003862956202508386 0.003641763932513762 0
0.0002516535060716023 0.003639167770400973 0
0.001400346658133416 0.004548767633234412 0
0.002247310733922727 0.001754797662248514 0
0.001664086368339329 0.004468168682827514 0
0.002497590017792659 0.002863837158893694 0
0.01164889457263733 0.005672187268716726 0
0.01659786698729883 0.003446573779866535 0
0.01670066362392432 0.003361875262730526 0
0.01669273321656692 0.003242663655197718 0
0.01679487026266113 0.003292186380629815 0
0.01671576761734338 0.003475490020618257 0
0.01079966610711954 0.005922528919411203 0
0.01187290415168385 0.004077852850921397 0
0.005301614147711513 0.001867012203837838 0
0.008925918495078811 0.006032414501054764 0
0.009072456971472213 0.005742014800320636 0
0.01062431124970288 0.002429394392443519 0
0.01055382955080914 0.002362187052651235 0
0.01053347505761467 0.002486407091011077 0
0.01044231348582284 0.002378922311637789 0
0.01040638553288687 0.002486503173957397 0
0.01033494843624445 0.002400844051697647 0
0.01029426452930237 0.002498449373425977 0
0.0102262458985641 0.0024172611688793 0
0.01018512952856746 0.002513546797631586 0
0.01012202053963517 0.002433760093377872 0
0.01036353219500979 0.002590848677974837 0
0.0004456115844975669 0.006809506930047573 0
0.00053280961415271 0.006772493577098956 0
0.01663239494344029 0.003781628169027361 0
0.01674229996687065 0.003707685456642776 0
0.01674325162580387 0.00383123140846445 0
0.0006356972970273291 0.005730046321113558 0
0.0006472740781522292 0.005534108533295015 0
0.0004983377785202549 0.00561737860357356 0
0.0004954310939476025 0.005462024275144753 0
0.000372547089401664 0.005548587453236444 0
0.0003456619371175057 0.005408568593178832 0
0.0003699327714755032 0.005682147992908294 0
0.0004767687430278725 0.005319443235533813 0
0.0003485149336517127 0.005267600617049992 0
0.000459876639715499 0.005183005385590165 0
0.0003359687040444086 0.005136464253276738 0
0.0005946658330468375 0.005234834962621496 0
0.0004428837218566038 0.005049833817232096 0
0.0003040118862259449 0.005004436276076821 0
0.0004270666018102651 0.004915211524040893 0
0.0003052137040067682 0.004868204910475296 0
0.0007945565245930566 0.005422975898431753 0
0.0002446034866515068 0.005346183133584464 0
0.0002649014311521501 0.005628374072718863 0
0.0002632092428671677 0.005752427178921974 0
0.0003698056298094381 0.005806624400541516 0
0.0002556868186146324 0.00587073219923835 0
0.0003516986600466728 0.005934872569795437 0
0.0002511973658285548 0.005983205382302278 0
0.0003457980979657098 0.006052784092592939 0
0.0002318884471905602 0.006099059765871827 0
0.0004087262983938546 0.004787358058522297 0
0.0002749017812490127 0.004739656043518867 0
0.0003944321002454492 0.004650307665703388 0
0.0002768022372899442 0.004606874267026862 0
0.0003749767247746422 0.00451837107383172 0
0.0002615566172164963 0.00448443154128535 0
0.0002062655828153574 0.004932001729332753 0
0.0001625041316067333 0.005913317754687382 0
0.0002435591572032929 0.00522459688668096 0
0.008963741996760841 0.001959144736398098 0
0.0090768839582871 0.001969341840310835 0
0.009137966293663025 0.002054908570971849 0
0.009887607144846671 0.006423314993722789 0
0.006927453858407128 0.0003175160937236477 0
0.0008543945395171997 0.005120554531841697 0
0.007080316141937285 0.004457857283727424 0
0.007051957526426905 0.004578106778707072 0
0.008147861343906529 0.001649125971754265 0
0.003081248435323108 0.003211587921088197 0
0.0002607715272069915 0.001152387487329139 0
0.01661362710535116 0.002308408669260597 0
0.01671863387635172 0.002235196613061973 0
0.01671677279051093 0.002102034904702465 0
0.01656090735286655 0.003092897603343374 0
0.01666106158908464 0.003010983300131368 0
0.01558796376394457 0.001918479527127378 0
0.01578863481719445 0.002166679037049755 0
0.01568518220651623 0.002462681868286831 0
0.01649848774378687 0.006795916533678842 0
0.01638516737802248 0.006816720812557868 0
0.01631434624801763 0.006727300095929997 0
0.006962944733557436 0.004637522235263035 0
0.006709909560760974 0.0003927333790038749 0
0.00358451108562677 0.002643439674071075 0
0.01170170892140822 0.005563950828600568 0
0.006749896534946702 0.001133540770370161 0
0.008210514115227953 0.005029172014774772 0
0.008189797519266004 0.005160096075611001 0
0.008282670034084182 0.005243186272940766 0
0.008096096301901617 0.005090358434530031 0
0.008169390188376459 0.005274293110575591 0
0.002673374258075508 0.003441896424457148 0
0.01116124811549528 0.002022438052231768 0
0.01109618285304842 0.002101349078404592 0
0.0001709647916887883 0.004563086127324195 0
0.008664558779086427 0.001658704293150482 0
0.01325947534856175 0.004451864360613965 0
0.01320075241431738 0.004559842754503393 0
0.01331051088430954 0.004556445555992988 0
0.01392468215716424 0.004436172120462665 0
0.01111245692799185 0.00589706599377661 0
0.01363058227972487 0.0002712666269793205 0
0.00944766602256162 0.006355312354779818 0
0.000228793625136928 0.005114016675968825 0
0.005476636813890601 0.005320415034589184 0
0.005532107472580589 0.005222896360380801 0
0.005485132861068311 0.005129488095672752 0
0.005596102319463161 0.005133352994182288 0
0.001213154413497721 0.006730395547385882 0
0.001092730877377634 0.006759761179539216 0
0.0009829674479278627 0.006711964147942922 0
0.0009641232601144438 0.00659535432009244 0
0.001319734334028433 0.006790411324267508 0
0.001976140299479677 0.004642296039305622 0
0.002695178734581977 0.002205996139918198 0
0.002699383767665045 0.00207434096125963 0
0.002795988839567531 0.002148152283994171 0
0.01151842853390785 0.001887756638941933 0
0.01158550717783734 0.001770783912819043 0
0.01171391820821752 0.001760561623129538 0
0.01164832697002027 0.001661638263303325 0
0.01177204118663733 0.001641319690848063 0
0.01170431850190736 0.001554375703938514 0
0.01153399803071186 0.001670915777857519 0
0.01439800159871499 0.0003144991624326218 0
0.01432627014157387 0.0002253121789769952 0
0.01420729167100324 0.0002347039188616514 0
0.00574892280788751 0.001611490305474844 0
0.009011921001567171 0.00610244620769632 0
0.007353298708001602 0.00462425958987638 0
0.007448993651936658 0.004704249051374121 0
0.007561147683905495 0.004683370392129895 0
0.007533250491725008 0.004783965773596127 0
0.007236631294088431 0.004653777948952097 0
0.007643345434363642 0.00477424011076227 0
0.01096982666211307 0.004611220191200102 0
0.01091986935375684 0.004921224200016608 0
0.01059736076847944 0.004985654075064199 0
0.0001677441813905632 0.006490866313803954 0
0.01579385717843377 0.006360909592519414 0
0.01587393205368778 0.006452744327907453 0
0.01598545592868383 0.006449810632510631 0
0.01006407067695532 0.0066173117911375 0
0.009953884332776775 0.00664507019492086 0
0.01174783519362544 0.005268929626282649 0
0.01188106016728819 0.00522785944716643 0
0.01186547821372404 0.005355100939651774 0
0.01192210316261046 0.005108506152262386 0
0.01200218151496466 0.005196749990434847 0
0.01204271070761402 0.005085553945405022 0
0.01174263673201633 0.005396879748388279 0
0.0118845252415378 0.004892773489599282 0
0.007907381912573124 0.004765708800233198 0
0.00792456159013114 0.004941076022856287 0
0.001970070284022641 0.001319906492647028 0
0.001888250258461222 0.001276697174693281 0
0.004525932780890836 0.002365603304135713 0
0.01592677603582097 0.006556506802463885 0
0.01604226478321607 0.006539580763756738 0
0.009284335892112198 0.00587818532020864 0
0.009606056598974368 0.002441091829004869 0
0.00974247487517307 0.002435843399200075 0
0.009505840988801501 0.002343652725926221 0
0.009828615759194397 0.002524423533294981 0
0.009856231900224208 0.002408864729541144 0
0.00994093226658691 0.002484206654355457 0
0.009804194927530737 0.002656270605533722 0
0.009626375763099567 0.002310861245917608 0
0.009785477054934721 0.002335821526853495 0
0.001695455148639918 0.001074553116953627 0
0.001778935079728103 0.001137966023599847 0
0.000360501772693738 0.00191644212474537 0
0.0002545449565970991 0.001963961597632916 0
0.0002369474805159824 0.002087161909034544 0
0.0002575651365347067 0.001853848945493246 0
0.0003338565372590606 0.002228928217582328 0
0.004539613138250744 0.004945467445126581 0
0.004461894656375037 0.00515744097183872 0
0.0008037827481467445 0.0003160121195397245 0
0.0008961071375737711 0.0003851145204192366 0
0.01099112752677468 0.006232109738389054 0
0.0110691823935491 0.006142310977010556 0
0.0003767819470290503 0.0002178473383387196 0
0.000265104756314808 0.0002461723746859262 0
0.001097311719384486 0.0005395358646822068 0
0.001206818771829004 0.0005177502707759767 0
0.002105992640929267 0.002917553384519874 0
0.01390951041973529 0.0002610798749866495 0
0.001419752147728728 0.00675343201907517 0
0.003171760666510696 0.002548944265754922 0
0.0031323944060678 0.00242266890733766 0
0.003250707151352937 0.002444613785157558 0
0.003221110530552036 0.002331110545145288 0
0.003107694764337225 0.002305017981119067 0
0.003330392479175241 0.002360190806889232 0
0.01669704080003269 0.001425067132158675 0
0.01678816650993689 0.001361541974634229 0
0.01678747116226403 0.001258080860673296 0
0.01668710192430407 0.001123694766654368 0
0.01677236247169668 0.001065066778830664 0
0.01468645688925381 0.0009549668426497063 0
0.005896113693746066 0.00480143709488837 0
0.005814059712769431 0.004912343073240341 0
0.002582646185672525 0.002011764638624284 0
0.01116701189259165 0.004800645587924699 0
0.0003980719604851947 0.00320050533960668 0
0.000312716738901481 0.003086252318377033 0
0.004945234697319007 0.004616707623749433 0
0.004978407464607048 0.004407035340355239 0
0.006812621117536069 0.004566572220313347 0
0.006714609629863848 0.004598078173560176 0
0.0005129478748528704 0.006861158467644924 0
0.01211047539494962 0.005165110528286301 0
0.01214949043654435 0.005064874479290856 0
0.0002875835455344953 0.002525096971341069 0
0.0001794744388083202 0.002577281974336034 0
0.01292185851735015 0.002493064265254626 0
0.007024510852270345 0.0003669956109382481 0
0.005950687585978109 0.004901463261060718 0
0.0003501296915426454 0.004209244526139692 0
0.0003456408890240951 0.004327590505551054 0
0.0002469692679583045 0.004260627595629459 0
0.0002886600265632148 0.001611757128709575 0
0.008768337399670423 0.005639302345318136 0
0.008653447362569637 0.00568222828860109 0
0.005103141900150587 0.005369720127127027 0
0.002154369344809971 0.006811171909691174 0
0.01082728569691369 0.002204106676605664 0
0.004741304828238971 0.006083132223284469 0
0.002055196138512384 0.00675351199650589 0
0.002054079351391447 0.006848661286346624 0
0.007772177812936256 0.00480282194563293 0
0.01005528948810796 0.002539826545422925 0
0.001931614756966098 0.001789210483802294 0
0.0005702802780323916 0.0002451842449648824 0
0.002800890116244082 0.006727936898963669 0
0.002906790952531823 0.006793127173707539 0
0.01519926704201414 0.001351480676875772 0
0.009334815742424863 0.0063778178776394 0
0.008575314907470504 0.001471136462203189 0
0.008666934231058073 0.001484487961363249 0
0.0125964173330225 0.001340092896371221 0
0.01363047897648548 0.004451609806471904 0
0.01352263123000381 0.004578977928911158 0
0.002440207431923187 0.006760306035291661 0
0.005638940688218961 0.005239317074387128 0
0.01296989751240036 0.000338113209969492 0
0.005700563156831467 0.005138716658968349 0
0.005661654017991213 0.005037640563014907 0
0.005762996705118211 0.005053495429358535 0
0.009962129843580829 0.002357185995782624 0
0.01675532451475353 0.005749663171149933 0
0.01592524155937907 0.0005293266689361457 0
0.008183607127973501 0.001081919546084924 0
0.008296934767743248 0.00111485652356001 0
0.01668668773261599 0.004297496671071125 0
0.01678987967786161 0.004355000546832556 0
0.01666653472298672 0.00410205796014342 0
0.01675300616053756 0.004041272752525226 0
0.01677168311164921 0.004143429554393205 0
0.01681068683441534 0.004455519810829517 0
0.01672505760413315 0.004532086689398622 0
0.009083775617574457 0.006187355924787549 0
0.0002177602800263988 0.002871055737199321 0
0.0003314594854171189 0.006170830968187244 0
0.0002414905481363215 0.006223941596900137 0
0.0003241734740278938 0.00626629434748825 0
0.004942794332482145 0.001794834865075669 0
0.004890624228001565 0.001890327889741968 0
0.0002569419657275761 0.00551970586099238 0
0.0001555395833844567 0.005411292861061547 0
0.0166741952360997 0.005212879264330329 0
0.01674619686022617 0.00531122588446052 0
0.0004816043426554666 0.0001947702342422943 0
0.003976936581178192 0.006100996428540543 0
0.003803851032587198 0.006158661699275341 0
0.01469102938097473 0.0002642341886598103 0
0.0146222054279824 0.0001740791897677451 0
0.01480733658357001 0.0002352278515375672 0
0.01489746709643726 0.0002987066166897849 0
0.01491549743517947 0.0001858879345418099 0
0.01355689256239508 0.003509244536234572 0
0.01085227448862781 0.006349459158140778 0
0.0114397746173631 0.005391179058369879 0
0.001001888334946077 0.005481240966139143 0
0.006830420809534651 0.003680773227306644 0
0.008525140391751734 0.002478556688405338 0
0.008452262064457247 0.002694791502273971 0
0.00851628477388715 0.002928361141677128 0
0.01426484975010212 0.004729136611932695 0
0.01416987489211721 0.004840884294154805 0
0.01183005420214918 0.005457446957919472 0
0.00413576386561273 0.006546498409180077 0
0.01592445748318237 0.005942645986728301 0
0.006756248593934032 0.0002817470729180103 0
0.006700349793001568 0.003893440236645862 0
0.01074917751177336 0.006486913426287697 0
0.007564902451355366 0.001348998026418519 0
0.006459027658495457 0.004084108120677253 0
0.01529220552539385 0.0002027614475716508 0
0.01537753774904252 0.0002541052466420849 0
0.0152150901069515 0.0001554189870637736 0
0.007733453844774577 0.0006877375143202091 0
0.007628176960831066 0.0006291581908613834 0
0.007836898286756575 0.0007363165684145874 0
0.009361228184287284 0.002353361395554294 0
0.009434995589798533 0.002244631218732221 0
0.009694267836820354 0.006618702734924111 0
0.009794154874991367 0.006599919118836658 0
0.01220138260646699 0.004834871010487888 0
0.01204465256979092 0.001159398484181169 0
0.01193781332008516 0.001153982623565717 0
0.01209297864394313 0.001062057699768775 0
0.006407261724275215 0.0006357640159255244 0
0.006292703864662092 0.0005710486477557403 0
0.0002540556440572758 0.006663076994421172 0
0.0002369693417914528 0.006772416643083009 0
0.01568185595480541 0.005930996025050705 0
0.00825286581599873 0.005348531531849665 0
0.008353411887293501 0.005329863483357323 0
0.008327359990955593 0.005426532180089079 0
0.008424871313333231 0.005409226570187 0
0.008392432119727986 0.005512126658793096 0
0.00849695703813372 0.005487698968927516 0
0.008526460014490358 0.005387476572586664 0
0.01257674455058563 0.000707254441183578 0
0.0004892527678311259 0.006000093154272775 0
0.01680029129127795 0.0004491154849523425 0
0.01680828162525324 0.000551295892998504 0
0.01661654014263438 0.006768265874831373 0
0.0167346434136812 0.006758707414936465 0
0.005801296801782155 0.001086161727117697 0
0.005717779340224487 0.001008046290109046 0
0.00151605305449048 0.006829138203068142 0
0.01660762590546659 0.002022785219507853 0
0.01673212214580836 0.001976747102375669 0
0.01683230607427714 0.002051117334683572 0
0.007307052049665753 0.0005372291763522229 0
0.007264354242366622 0.0003875670671863824 0
0.001654724244364433 0.006796487313790598 0
0.008316348050142381 0.001783198257741754 0
0.004727782692755333 0.005740267366043278 0
0.01368579248812372 0.004564156999044444 0
0.007135081858718155 0.0003203779474474908 0
0.01256063026481464 0.003885126933870674 0
0.01664072517446631 0.001883596954008254 0
0.01676826852660586 0.001857052408924904 0
0.01681075422568759 0.001754058437260335 0
0.006292547977041466 0.001252456325556912 0
0.01498066751244525 0.004228185443033895 0
0.01472320000556975 0.004299243402528356 0
0.01493451947351006 0.004520722823523621 0
0.01679071527976893 0.003172437576765679 0
0.004625852516234862 0.004747895327578442 0
0.01014529941891656 0.006706535916911947 0
0.01026042961110123 0.006705905139961955 0
0.004000966510048571 0.006368126151599009 0
0.01020777613015976 0.002709248037719591 0
0.0001440449809425419 0.006167140539593207 0
0.00418291670342781 0.002246140765338399 0
0.005170430380890507 0.005618670911529511 0
0.01685079057251847 0.002742379970124698 0
0.01479412440961601 0.005527813009545702 0
0.01677249140840136 0.004934129780266161 0
0.01671826967912219 0.004838681324588805 0
0.006606543791230757 0.0003312042025630608 0
0.01345581610990746 0.003741126711969536 0
0.0001892124019129554 0.004835167147568601 0
0.006142532498642632 0.004829343849254267 0
0.006207664613260531 0.004729876408158754 0
0.00118149877128657 0.001324656834538647 0
0.004057208714422158 0.006690910016540825 0
0.01404073515083857 0.004815169427916644 0
0.0001817091814295818 0.0008869265451944687 0
0.01622744738622032 0.0001840940315512634 0
0.01612182990179992 0.0002353561931582571 0
0.01533518339489797 0.006025070378895082 0
0.003728882408369869 0.002364344812488612 0
0.00366087820078008 0.00245532999878689 0
0.003625829400330446 0.002353004468054825 0
0.003554597286348181 0.002430167119780367 0
0.01442864054189659 0.0001812791781879192 0
0.000583554618559929 0.004392421282541342 0
0.01680219044394376 0.005998813049086114 0
0.01674135264710929 0.006121052955203966 0
0.007895466777291837 0.001707323486112092 0
0.003071845160958093 0.006738625916811656 0
0.01435328787444659 0.0001160203744983513 0
0.01686263934779831 0.001849953790416513 0
0.009555409350751751 0.00223626259081665 0
0.009495702231125931 0.002148453969057902 0
0.009386987802957762 0.00214867299460193 0
0.009307340380041046 0.00224185441196267 0
0.0092804999750262 0.002139663528743022 0
0.007706055339558316 0.004551596973836168 0
0.001690541958724675 0.002304364233097176 0
0.008286350363806131 0.003957242558298636 0
0.007597378912092514 0.004882522753629255 0
0.007492682953695564 0.004872813589427358 0
0.001665657439369822 0.001334517017175343 0
0.001778379245086849 0.006768992850206339 0
0.01512857404244786 0.005500281008452837 0
0.0002354958055345822 0.002273664526447797 0
0.0001885712219562418 0.002374221298664963 0
0.005893330006590922 0.0008451600127427064 0
0.005918281667962927 0.0007455005790236251 0
0.005797000528953133 0.0008655004479966124 0
0.007254513154261665 0.001024635860131275 0
0.003802027352837951 0.004959439217466274 0
0.004089280609769473 0.005134409237186501 0
0.01649064535305821 0.004735069866953614 0
0.01636398561332206 0.004714730990199844 0
0.01432105288887816 0.004851638945946529 0
0.01423193280136402 0.004938289319649049 0
0.01443524781412142 0.004904232654309032 0
0.01073457040918984 0.002624639897414226 0
0.01189258684933617 0.001825986288665479 0
0.01371760570027273 0.003727484744551675 0
0.01399968280864086 0.003784756309432701 0
0.01680805751155375 0.00521222989167721 0
0.009558431523243078 0.005681485748214682 0
0.009729663302028714 0.005841299157099134 0
0.005267487748534789 0.003137939891874034 0
0.005429601818963982 0.005413939122904134 0
0.01268179334316228 0.0005083478051277949 0
0.01536811158136126 0.002555031830490367 0
0.01561176806335406 0.002751843706238079 0
0.01219807767078203 0.00103171252465784 0
0.01228153100063462 0.00111503226386086 0
0.01222126455132603 0.0009189322981141275 0
0.01413761093544187 0.004937286984643303 0
0.007354998816234642 0.003888404556586493 0
0.007446259590342084 0.003697673124198142 0
0.000564645210822598 0.004826856311894716 0
0.01615104384266337 0.006369208170481555 0
0.004333810918444066 0.006440371239503047 0
0.01612498780902543 0.004884135683055285 0
0.009295316712842481 0.005093502608292527 0
0.008087008049827029 0.005196608814816548 0
0.007990171991528419 0.005136968922010498 0
0.001006925436881052 0.0004536173500437565 0
0.006117707985548048 0.0007463177888270907 0
0.006154410001266701 0.0006341878965265605 0
0.01465336637491048 0.005298636644254822 0
0.01252043526984217 0.0006252844476758892 0
0.01578925404956358 0.003876476964621239 0
0.01590203595746016 0.003588939663025955 0
0.01573158348629105 0.003366306085357869 0
0.01539371625179442 0.003377610340897084 0
0.002818537428373645 0.002051168505515867 0
0.01197260103707091 0.005298033955973568 0
0.01191403898826301 0.005443484712593932 0
0.0006257194200155053 0.006635302711138213 0
0.0007171619201051943 0.00671478127553627 0
0.000850886191417319 0.006685448197000334 0
0.0008988333159368426 0.00680140519937077 0
0.01576014230621531 0.006470792846986524 0
0.003012548687165502 0.002382914012865955 0
0.002997794122898007 0.002262120934353503 0
0.0159898069235472 0.001751169770253719 0
0.002585371699505517 0.006821197127051843 0
0.002672109763768932 0.006874476941889755 0
0.01036565495071176 0.006690415023523191 0
0.01041145118481935 0.006593194425917581 0
0.01037007824600687 0.006489551404509726 0
0.01141449450191829 0.005868907846946922 0
0.0003742701290390012 0.0006102158651607628 0
0.01113602207766609 0.002338955626435026 0
0.01129091548089619 0.002412407463307805 0
0.01144571480326307 0.002552384372337567 0
0.0004939331753743541 0.001170839792353033 0
0.01146242766556082 0.001772881332444203 0
0.01678648403325861 0.00666285714384426 0
0.01684330790553254 0.006754165799986017 0
0.01682844238554313 0.006569457924518014 0
0.006016160179917246 0.0007029527689899266 0
0.01629902145158111 0.006573421303809078 0
0.01617663515438631 0.006606452358694757 0
0.016585818069544 0.0007808478381786392 0
0.00904200230105065 0.001864280693739702 0
0.01319959699455953 0.0003049153220054507 0
0.01036202893644773 0.004772633324188287 0
0.006179543072984727 0.004602834905191445 0
0.006296034631499175 0.004640267482798289 0
0.000119423550531678 0.0007961151214723509 0
0.008820157019877364 0.005942162009775999 0
0.006454798608061325 0.0003868315851549872 0
0.01227288193838494 0.004226049397896734 0
0.003349991853532387 0.006538367765474911 0
0.001286473219060526 0.0006961898657953523 0
0.001385921277518986 0.0007570741372159369 0
0.001393368071179425 0.0008665393055948952 0
0.0007234505068664798 0.0002387087650433019 0
0.00556151507691014 0.001414222777637282 0
0.01487504116938662 0.005194625006357268 0
0.01586633341589424 0.002627088421606428 0
0.004983528792342925 0.002189139062787005 0
0.01434875608552117 0.004960785669456227 0
0.002342496456915982 0.001678927941181292 0
0.01304713711704917 0.004685359646457017 0
0.0009575272570569969 0.002248499472582872 0
0.005147932497663257 0.0016814282925449 0
0.005083999400194701 0.001590203982564568 0
0.01627011390675056 0.005509515128785969 0
0.01316835964050679 0.0006640725308074986 0
0.00327063275743826 0.00677597269842432 0
0.003379371219031386 0.006751254968904396 0
0.01568526624355115 0.005353254803549198 0
0.01643270659106291 0.005950663153998951 0
0.006315824818471085 0.004763975892997653 0
0.006393971902327517 0.004674582507017952 0
0.0008933341056886219 0.0002729235756125585 0
0.009101600524382029 0.002160927060143324 0
0.01455834008167044 0.005236680119900461 0
0.002139563607764021 0.006559702835457744 0
0.004212245863981138 0.002592038240974393 0
0.0001817204327652384 0.004673442414742952 0
0.009878507768443021 0.003805700146171347 0
0.009584715594732193 0.003590572302338653 0
0.01007615308668931 0.003568506779378498 0
0.01033191798176823 0.00341551990172963 0
0.01055799785461187 0.003691573010357428 0
0.01297483485664473 0.004755249464357786 0
0.0117621822380253 0.003169929376289619 0
0.01190693091059975 0.002872452526916648 0
0.01162391432309012 0.00271996991202413 0
0.01034822564021241 0.0061797376108432 0
0.01176852874453007 0.005652651264116128 0
0.01158355068685813 0.00156837825546514 0
0.004656697642435696 0.003156548103921814 0
0.004752340032572721 0.002935374111894839 0
0.004461335698584403 0.003310659720155751 0
0.004253378352618782 0.003288440321226252 0
0.01535301967452405 0.002848148513380174 0
0.0165907534180374 0.006311800472362707 0
0.01672907852113164 0.006308100826385846 0
0.01680731149335377 0.006404028340330938 0
0.01262000735829664 0.004616694887520667 0
0.01393981300063555 0.0008033356582258545 0
0.008273047973655835 0.005520519759116143 0
0.006149490361333278 0.0038216475851285 0
0.0167185302535667 0.006566369907231917 0
0.01079728101412422 0.005189420905900782 0
0.01100934934748884 0.005121187224807247 0
0.0128384915377485 0.003621725782718311 0
0.003592476867683626 0.005287294789775839 0
0.008064267335264483 0.00105070128429363 0
0.00804181543054628 0.0009318976202762727 0
0.0004780876330444939 0.002927044628529692 0
0.01058553174724484 0.002257324477883631 0
0.016824286468426 0.00483745626439621 0
0.01677665030673442 0.004742137351890519 0
0.01685077076362242 0.004655920480793545 0
0.007338305677663884 0.004741864524655 0
0.0002728247948158603 0.002963287683389233 0
0.0001870106558744429 0.003045306530481376 0
0.0001892573527096202 0.003145471488117083 0
0.0002070173926410693 0.001530907614605503 0
0.0002156911720722007 0.001443944739877852 0
0.0001732956710121768 0.001638848489020033 0
0.01680644208640839 0.003402199347210133 0
0.01689853167557085 0.003347649278374398 0
0.0006214670601153785 0.006131417186447908 0
0.005230634271407221 0.005526395542147053 0
0.005276099771735377 0.00561085429892656 0
0.01314750785996972 0.004664023139313573 0
0.0001544963548213568 0.003345736207890077 0
0.01556861071942877 0.003065946322873212 0
0.004639554967289344 0.001983392552628372 0
0.01251215198575466 0.001108645201603306 0
0.01607001150657085 0.004374554158947342 0
0.01528581368863896 0.0004612391323764822 0
0.006801503743024857 0.0009310440814958697 0
0.002897044058489988 0.002108701431843508 0
0.002889711846854693 0.00222602270052423 0
0.01680102697961318 0.001467256552580027 0
0.01544026036450186 0.004753430618496156 0
0.01520663966473833 0.004821192002855542 0
0.0159655944685513 0.002389185251203883 0
0.01069618632495464 0.002240472983459918 0
0.0001715871420904149 0.00269508654461986 0
0.01590865893288682 0.0001830478408498515 0
0.01580162786472041 0.0002260353111710775 0
0.01577458328465826 0.0003283988404316688 0
0.0156947797321288 0.0002516017622163848 0
0.01566352873356763 0.0003571587083937831 0
0.01559052920636888 0.0002663915728441054 0
0.01555266092537616 0.0003766528374190576 0
0.01047484419910431 0.006292574837902267 0
0.004441870781944406 0.006421807354375659 0
0.0168910896589453 0.004391226091002075 0
0.0005403098846078723 0.003611004517901556 0
0.006060696508562034 0.004906624890006927 0
0.01397584178482458 0.000170026987048189 0
0.003163715709422247 0.006821453324195083 0
0.003331990782680754 0.00401407567542124 0
0.003456271866216809 0.003632710679017211 0
0.003793739544932945 0.003592591659263876 0
0.004096963631278003 0.003789704611771821 0
0.001275942694950413 0.002976383997107883 0
0.00523599136817819 0.001449428053029465 0
0.005297150887650693 0.001362598201259265 0
0.01051699152986145 0.005251014149745336 0
0.01418169853780058 0.003400103805486385 0
0.01679856022122485 0.000950687264078313 0
0.01681029113135252 0.0008451940382676677 0
0.01672981514943143 0.0007425869194070726 0
0.008146072407649923 0.005383839315594672 0
0.0002329200901736213 0.0003609587290114738 0
0.0001899128286835215 0.0004760634613940463 0
0.009413541988209545 0.006473561006508762 0
0.00010948063841075 0.004896666665637769 0
0.01604863111831827 0.0001622617364192818 0
0.01590874140589484 0.003141559341398434 0
0.01495712102784058 0.00560403204617179 0
0.01341928886443276 0.002252948855254944 0
0.01352808867891717 0.001850756512837388 0
0.01377796418205746 0.002194833513691256 0
0.01120626013875382 0.00191811875238994 0
0.001503721026090185 0.001881568755006717 0
0.001715681739234135 0.001929598159896574 0
0.0114834085460372 0.00158135238455519 0
0.01688027743172966 0.001304632926230367 0
0.01683401041498385 0.002620371626295241 0
0.00554698927288096 0.00540310270969822 0
0.007992233406789057 0.005028108829371945 0
0.00787183317076961 0.005038077120589032 0
0.007815822644950402 0.004963825153778426 0
0.001046167771236629 0.0009989990531165801 0
0.001213318950460144 0.001033054510287104 0
0.00147878385296258 0.0008029710228668542 0
0.001510551849737688 0.005990045100325503 0
0.005138530667668258 0.005730260074554233 0
0.005078473801920278 0.005835766645901436 0
0.004983452414019403 0.005859864222671915 0
0.004944719543368531 0.005944232732045486 0
0.003369878115156507 0.002481055847743882 0
0.003444697456008642 0.002376516540109419 0
0.004928264996271053 0.001989289410304166 0
0.01681911248166135 0.002170420512789538 0
0.004582897102034655 0.00624621424251343 0
0.01646263303841451 0.005514990900168651 0
0.01657168529329115 0.006937550353127049 0
0.000434662541371849 6.215256322597909e-05 0
0.005892247447246952 0.004993301569001512 0
0.0005480588089167848 0.000937734098916614 0
0.005724592782186648 0.004222224254101288 0
0.01434728259767148 0.005070520806588821 0
0.009286137657424427 0.003686267924876755 0
0.01294794747196688 0.004450282518229257 0
0.007025265981031546 0.0002628162740145688 0
0.009395070256366687 0.003393887809374769 0
0.009083930274787762 0.003420953874300177 0
0.009099283183278212 0.003098352102188143 0
0.008917667966926864 0.002970025522250403 0
0.009129081292036127 0.002847453393580296 0
0.008251290473142757 0.002847150965210073 0
0.004975298882459445 0.001697882984013085 0
0.0001049528688968297 0.003449301071574398 0
0.01103984107387561 0.003621024372624218 0
0.01684109624214501 0.005002688007324823 0
0.01633339339029433 0.004943463132881515 0
0.002593637793707399 0.001907422964195712 0
0.002682156879091224 0.001956834659000787 0
0.01685392987423419 0.0007505203204527171 0
0.01290224189384881 0.0004357503727170386 0
0.01454847317101199 0.003741988094859394 0
0.01003122984050789 0.006719090043105854 0
0.01542876938631128 0.00132254266360492 0
0.01180865447022339 0.001352119259449434 0
0.01173729367681052 0.001455162863473 0
0.01169555357728876 0.001339275103604576 0
0.0008532215169629927 0.001808548307350776 0
0.0123245532712385 0.00078092796103572 0
0.001163393622007679 0.003591675592555806 0
0.001243433287269313 0.00332196492461321 0
0.01543013460733245 0.006128900097981428 0
0.002262993999008851 0.001878028623778021 0
0.0001620385079394455 0.0002742580463443388 0
0.01443241459907857 0.005221892719111264 0
0.007393691815595998 0.002602459481824208 0
0.01243869109693536 0.004971643139389519 0
0.01234667399231605 0.005004857163539697 0
0.01342340535886865 0.0008532739593688781 0
0.008432697026671194 0.005222432747882003 0
0.01540892955859895 0.006220156721510783 0
0.008384344734924585 0.001328154814796346 0
0.008497728079321058 0.001332371019098631 0
0.008442440015003978 0.001243798998516513 0
0.001311201329761749 0.0009336886234218343 0
0.0003571318142721186 0.001081196421419416 0
0.01236847879460598 0.0006987822669167563 0
0.005259414773651657 0.004405028983709775 0
0.009062123065355787 0.00483227457319948 0
0.009537360708593892 0.005897218042156544 0
0.01473770975103582 0.0001627629473190269 0
0.0114278564497018 0.002716527586891889 0
0.01268704040255317 0.004835986245592169 0
0.01263732466147409 0.004932470274745872 0
0.01356329045350246 0.0001831457136013729 0
0.01127546538128212 0.001833029962135648 0
0.0008210962406252752 0.002108761195040292 0
0.01682312682184646 0.0003019695526742549 0
0.0168208166236919 0.000204378698705585 0
0.004239504324754755 0.006606985050246989 0
0.003184580738269503 0.00347183052274005 0
0.003464057352514325 0.00333252601117181 0
0.002747045414872642 0.004872785210290747 0
0.002434305598530244 0.005030871722793012 0
0.0167135395141698 0.005425601944494212 0
0.01208001450587596 0.005272587995015447 0
0.0005076332204294164 0.005856988236075231 0
0.0002249730137951107 0.004371296726295679 0
0.0001511367956026095 0.004303450025981625 0
0.002092846204097124 0.00141190670339568 0
0.01187320723224041 0.001259083468738719 0
0.009352133110401045 0.002942129402602068 0
0.008335803093694475 0.00121972939825333 0
0.001289370044825973 0.001170497412400652 0
0.01518255350022905 0.005039258220136436 0
0.01666300525905045 0.006205699963477111 0
0.002944119398115844 0.003379130392700131 0
0.01374919321140947 0.0006317467616099048 0
0.01189139608369801 0.001587192609764065 0
0.0002443618304872781 0.001732292602209442 0
0.002983910856660447 0.002161710283637539 0
0.01192393994703091 0.002386827383098799 0
0.01215810095820817 0.00239183678662049 0
0.01205178164023329 0.002605782627254707 0
0.00561722109638713 0.004923151251221983 0
0.01273051595583901 0.004741230512395715 0
0.01457163478775253 0.0006872805578981857 0
0.0001865909703568681 0.003542284612991267 0
0.000145431526907755 0.003643785762053283 0
0.008464664193304071 0.005588742469992454 0
0.008568542639400854 0.005566661689706728 0
0.008535712589683879 0.005667600679725824 0
0.008586835177147869 0.005758287428233264 0
0.01600862600541159 0.003932436667492233 0
0.005126680942489912 0.001497507813318475 0
0.000104532682147801 0.003095254464094251 0
0.0004797225995121154 0.001844890664413652 0
0.0001682150531445263 0.005805573732753757 0
0.01674736428325677 0.006921218944892393 0
0.0002512326448853193 8.096172900528414e-05 0
0.01037272207154441 0.002304633461088807 0
0.001633918830588935 0.006453189384155496 0
0.001528491017532087 0.006347958283380428 0
0.008724304523393097 0.005972623124672576 0
0.01691173840107333 0.0002532576747638626 0
0.01683513040142863 9.506627223396756e-05 0
8.733710868047591e-05 0.006748228301150081 0
0.01466133208796913 0.005394449766083284 0
0.0001953428402690222 0.003733898802343074 0
9.41461400053873e-05 0.003735593414223697 0
0.01135627861690135 0.005962128106711571 0
0.01125938134179372 0.005974482750511871 0
0.01679879650845358 0.005643136433769839 0
0.01685244809148464 0.005551852697216308 0
0.01568602782121757 0.0063742100069472 0
0.01066736244747669 0.005429116920192311 0
0.01413052422411623 0.000162884011862431 0
0.005384934547331762 0.001317445315459562 0
0.009929079580969856 0.006748146978798553 0
0.01234154322329003 0.004048677531086573 0
0.003038023161678026 0.006080445028397708 0
8.194391461470787e-05 0.002049147689604517 0
7.947257140715827e-05 0.002149134086317963 0
8.292582363931926e-05 0.00124895258939408 0
7.848572913234965e-05 0.005350100842676134 0
8.656787404641084e-05 0.0004498198684549444 0
9.973048515648543e-05 0.0005562921310589912 0
0.01692215984818711 0.004147749307034188 0
8.523631401529189e-05 0.001049501543746882 0
0.01690955973386096 0.005950583147986735 0
8.06071727320213e-05 0.001444821814982246 0
8.492392453772826e-05 0.001849528962277452 0
8.656787404640043e-05 0.002349059313042625 0
9.942970684439535e-05 0.002858830172236149 0
7.97188243840067e-05 0.005147135998035935 0
8.320325882319422e-05 0.005648783583991632 0
0.01691326797556848 0.002350986334566431 0
0.01682039203458943 0.00229161602273671 0
0.01691399522480929 0.00245254798970261 0
0.01690201118153146 0.0004543237586382533 0
0.0169106249617379 0.0005615673829248765 0
0.01691435555850366 0.002952266316676697 0
0.01691304904502443 0.003049481575315459 0
0.01683116804860597 0.003000013764788687 0
0.01691213033430311 0.003551367978256322 0
0.01682682958557512 0.003501401023127984 0
0.01682469832821614 0.003611754326499287 0
0.01691343212595356 0.00365134097927961 0
0.01691554413334748 0.003851260920815169 0
0.01691781377248158 0.003950735649122044 0
0.01691541370472231 0.006150340248473939 0
0.01691392331295843 0.006250300219241708 0
0.01683112629230794 0.006191776880838257 0
0.01691441113145516 0.006448499007361693 0
0.01691471116961716 0.005352437200950348 0
0.01682135971193756 0.005388638771444711 0
0.01691954814523735 0.001060103478089405 0
0.01691535208708411 0.00155858574149651 0
0.01681466133350829 0.001601909558162618 0
0.01691357519845444 0.005155864375670637 0
0.01691566591660079 0.005754826743608938 0
7.567123916728084e-05 0.006242039439502438 0
8.122676979102628e-05 0.006546312848961053 0
0.0162671657526802 0.001083184120981646 0
0.01683017071788045 0.002901098760368866 0
0.01682321648731755 0.002399889672282697 0
8.603234509065028e-05 0.002540459225823298 0
0.01434112098512233 0.002447435456546307 0
0.01649910279498296 0.002747824195719299 0
0.001652486422599126 0.003768687326726289 0
0.01683133145000333 0.003896887460062218 0
0.005579003558731865 0.004497861994672282 0
0.006801076904292807 0.004653480835601567 0
0.004686680215949217 0.00622812978338179 0
0.004656831307103939 0.00631815900388394 0
0.01319727999618369 0.003801468907930803 0
0.004475343016564693 0.002097360349124271 0
0.004413098525429521 0.002175101680268599 0
0.01542008801531062 0.0003882550338686103 0
0.001635494416566466 0.006904712243115537 0
0.001130651881545555 0.006917273448873378 0
0.001166628892192593 0.006835479225044756 0
0.0009400022751010406 0.006904509205131399 0
0.0007874096969271516 0.006807316607968196 0
0.0007364781333504093 0.006905753192384276 0
0.01626974560975184 8.640251779119118e-05 0
0.01360529410796447 8.763160057398715e-05 0
0.01586869894977927 8.586612639859817e-05 0
0.000249023552690842 0.00692073619802078 0
0.01547629215897244 8.573437482605915e-05 0
0.01552704324382429 0.0001732542476768407 0
0.003000930369324267 0.006919276461627995 0
0.001325653465148749 0.00689978840668842 0
0.00230988497021139 0.006911653723584484 0
0.01645937190566769 7.959548268852978e-05 0
0.01655802777856372 8.088477589855659e-05 0
0.01661549388660533 0.0001772195029658224 0
0.001824784010224406 0.006917579881346777 0
0.01497972197619058 8.877463812036928e-05 0
0.01503253386382423 0.0001729623549953574 0
0.0156719406185741 8.331555004026511e-05 0
0.003393768324990888 0.00691683157884021 0
0.002401176089022741 0.006910253957243738 0
0.01488491516599546 8.644695382448251e-05 0
0.0138027530038333 8.708586399296461e-05 0
0.002902839523389085 0.006922752685545114 0
0.01449338814370199 0.002068333025382826 0
0.004274856890960117 0.006125953915328912 0
0.0004437005355937482 0.004415801070155987 0
0.0150261558152392 0.004954449291627036 0
0.0006432624444667849 0.001282162233942008 0
0.01453455042719349 0.004160362206019641 0
0.01224135907121229 0.002853122940280879 0
0.01031809736180717 0.005069598839272898 0
0.003197247311755967 0.006913448669306198 0
0.01392687077511795 0.001764163245451162 0
0.004814059497859251 0.005867398394139012 0
0.01666308735229475 0.002890254240068725 0
0.01325744713852456 0.004667658769026512 0
0.01336487982337406 0.004653495731438019 0
0.01309316366595541 0.004573031605626152 0
0.007620673879716746 0.0005101763656730172 0
0.01682682958557512 0.005900440321554529 0
0.001809927043968308 0.002128325338225836 0
0.01370597732144623 0.000200919317525099 0
0.01558159844486336 0.00626783445046426 0
0.0006816767755125006 0.006821585916537294 0
0.009655730720313492 0.002220762736066193 0
0.01210437063605058 0.001511189749275013 0
0.01094191896537133 0.006324063006116195 0
0.0003780327129349077 0.003768316566224781 0
8.577976527832099e-05 0.004639154383499965 0
0.01543491530794572 0.0001686200908091484 0
0.01562782850988526 0.0001703843629784364 0
0.01130564141420832 0.0017275082466047 0
0.002516824792803605 0.001711122828418155 0
0.00753163006565856 0.002312097425222666 0
0.007181603900976596 0.002319397528206944 0
0.005353370298018849 0.00509466287401561 0
0.011250366609887 0.002248894506229786 0
0.01494424565115066 0.005753606766786306 0
0.002045888717797258 0.001255315151805089 0
0.01674730366679357 0.004641633180311408 0
0.01342573264968075 0.004549874079728199 0
0.01691455021222705 0.002141513425328997 0
0.00193888252310206 0.001100451994221724 0
0.009501117167775918 0.006547491617931296 0
0.01507230683167009 0.005884443743999544 0
0.002255730463955427 0.001452388013002595 0
0.003424819576411273 0.006640228646122546 0
0.003486211988864113 0.006727230970388321 0
0.004526867740479971 0.002011291447120323 0
0.0002060234042266483 0.0001673484210745865 0
9.376589348947424e-05 0.0001665893861799764 0
0.01190356559327861 0.005533532298170482 0
0.008869132839621412 0.001585358539454315 0
0.008777860611886562 0.001631416882554529 0
0.01600061973579734 0.006648165521036305 0
0.01346956070562214 0.004669085313839183 0
0.01356531839187064 0.004667191143356559 0
0.002385899034898396 0.001583240802476131 0
0.01523724379839333 0.005929508971415953 0
0.01458316653334171 8.491724273069871e-05 0
0.001859102263373487 0.001059468924865056 0
0.01513829864810459 0.005952739924743256 0
0.01563794869583215 0.000473370265167142 0
0.01136903182489233 0.004721386231831106 0
0.004037078356643325 0.006504672991347238 0
0.01682686774642962 0.00250996421659225 0
0.01222688451442762 0.00514638072263266 0
0.008472300730196605 0.005733515909961113 0
0.01691336735146085 0.0008494517477929228 0
0.01203013108981764 0.0009891966467484928 0
0.005410996199669325 0.001135726005731005 0
0.01461277878040222 0.00447814654597767 0
0.005751230093917445 0.005224653926446901 0
0.000990292936663641 0.004034247376160704 0
0.00641757633532597 0.00476248340255186 0
0.01286573440477808 0.0003365803857335033 0
0.008473188898448105 0.002168516996791783 0
0.001620515130175506 0.0007673916775085871 0
0.01691131695955526 0.00175476735102946 0
0.006000377677637451 0.004983528865389843 0
0.005850657022524285 0.005079339685071506 0
0.01385910638119034 0.0001710551403933396 0
0.006847663574836059 0.0002613857751542019 0
0.01125210868850601 0.002820448081046359 0
0.000883011512809305 0.0004920899448089947 0
0.01616759864856745 0.0006033519177707767 0
0.01158790185421637 0.00585633122394869 0
0.001727432104642747 0.0009012531741834271 0
0.01527294791322973 0.006084360844287668 0
0.005033111434805153 0.001511462440988029 0
0.01060965146063925 0.006586493080773735 0
0.002115086685063204 0.006916688300157566 0
0.008935815465233978 0.00164515477103636 0
0.004890314945336595 0.00164714780542021 0
0.0006495241267436523 0.003879809802000644 0
0.002580488350968656 0.001765851931451569 0
0.01586954231856779 0.0006685386406466045 0
0.005475544997086562 0.001070446554443146 0
0.005570837604913359 0.001101653035712847 0
0.0001850173911223454 0.0005723569082659455 0
0.002844024260774065 0.001968890926513094 0
0.01097264658413307 0.001976187746188361 0
0.01416322716456389 0.005019092178195944 0
0.009660330686056122 0.006014559510043233 0
0.007998620621537179 0.003962075123809471 0
0.001382565421112602 0.0006544046185501099 0
0.01395372706737967 0.004813863520833457 0
0.009179843571040302 0.00195460901606936 0
0.01667567779162835 0.003128176838623601 0
0.006373852579618399 0.0004274902904901948 0
0.004828130112393038 0.006149973950782975 0
0.01216746264983538 0.0008347456735501298 0
0.008372125447566011 0.001925024693185181 0
0.004849088149808112 0.001792985987823366 0
0.01105720021668926 0.006013819448179282 0
0.01114601216160464 0.006079086627497714 0
0.01117093835893455 0.006161605219230607 0
0.01299479627374843 0.0002387650333773414 0
0.001176407903849336 0.006096312635944161 0
0.004378858478056165 0.002094768535794701 0
0.01145149626547621 0.005983953784298951 0
0.008272102651516969 0.001010933050927276 0
0.002635446970980733 0.003093990415200096 0
0.006779525067397723 0.000764456741858177 0
0.009850226074752706 0.006689544050884824 0
0.007997644220372701 0.0008374595064862636 0
0.008128575696026746 0.0009097240730827245 0
0.007932475719529049 0.005220339946335428 0
0.01224499815451901 0.005240587782448029 0
0.009065292175963743 0.001764050146369051 0
0.005283499574339769 0.001273355207711282 0
0.0123434860027249 0.005098649696730965 0
0.004761037260304373 0.001769714564371193 0
0.002198248341730724 0.004324785106352157 0
0.01379074834244945 0.00474136892315142 0
0.004130187050919311 0.005431240011976775 0
0.005627115762951995 0.0009459845405448974 0
0.01428075734845148 0.005125201709183998 0
0.002709400073009044 0.001873924421109431 0
0.01110872665133523 0.001874480994456744 0
0.0005704126348762308 0.0001565860457913722 0
0.008537602787322665 0.001251981123766735 0
0.002187872183543996 0.00138749201480885 0
0.01300133942954191 0.0006471128681486194 0
0.0113122193809696 0.005277199660530113 0
0.01135947760925888 0.005525620465457478 0
0.003915975352315571 0.006497657774200539 0
0.01585289389300724 0.0004148293873002455 0
0.003883426521832917 0.003194335712589653 0
0.01104973161058986 0.005472269605647766 0
0.01117238885894024 0.005359671888116209 0
0.01486754070741286 0.005068588391470038 0
0.01497139548635614 0.0007089940348296202 0
0.0148677648174705 0.0008788238953214254 0
0.01133099507396959 0.00611898625375553 0
0.008854950384520928 0.006105780602873968 0
0.001002663296152393 0.006816058424981028 0
0.01033983463256981 0.005594232299707686 0
0.01682591720073548 0.006294422434510533 0
0.007810922449578436 0.005121925668626979 0
0.004623159376896771 0.001867251372013359 0
0.009200430520685851 0.001868795063666178 0
0.009253313319897646 0.002029647061401795 0
0.0115461668660822 0.002301620591519583 0
0.001542903931672042 0.0007285286514320155 0
0.01672878015126762 0.002347654092251731 0
0.0001504294047710488 0.006926849910562526 0
0.009453756736600266 0.002061512096744763 0
0.007732083407157401 0.0005871174852269678 0
0.002298424949056909 0.002788229598446104 0
0.00440476011576474 0.005941304698065174 0
0.01617042759998804 0.004543344317250238 0
0.0167238641019035 0.003590581430876238 0
0.01513004648380386 0.0001710207103044342 0
0.01268075987325506 0.001940775960592015 0
0.01279970815372446 0.004791012303626403 0
0.0001703121205681047 0.001799279473819945 0
0.000168706524205078 0.001902461908503042 0
0.003192916665089712 0.002245344938558767 0
0.008853279952418684 0.00484547400320339 0
0.003538938466614579 0.002317586255673465 0
0.01691323926868348 0.00684529045068962 0
0.00584371844271565 0.002355560766256815 0
0.001788090398903373 0.001270015888646689 0
0.009097388115683907 0.006351553694282139 0
0.01688815174644513 0.003241633737101712 0
0.01251120827868461 0.00503663016186483 0
0.009335438341341621 0.00196879230468549 0
0.007665350386201575 0.005034685715840939 0
0.007674320965523259 0.00494248668578618 0
0.008051785900214622 0.005356820766214151 0
0.008995067106100972 0.006191504821863999 0
0.01136629400001662 0.001811501175399976 0
0.01292203486198996 0.0009536426076722409 0
0.003905884210981204 0.002329228914988183 0
0.003969303277476807 0.00224592951076599 0
0.009194301993172583 0.002225319781450821 0
0.006771831581634804 0.001817088840829975 0
0.006649663919531148 0.00208624243631799 0
0.0067469954679615 0.002399270489200051 0
0.006381228884693886 0.002935050666353239 0
0.006067226583253404 0.002812421699235274 0
0.002910171122403701 0.0020189133909719 0
0.006087352576712199 0.004990860699599689 0
0.01090183519786799 0.00201581123556615 0
0.01098113344647804 0.002085755532204 0
0.001293320079958762 0.0004775936737965981 0
0.00390697381529132 0.006251885571968565 0
0.01584069608735928 0.001926800365309628 0
0.005734583357052939 0.002117739602160047 0
0.0004444564608423168 0.006911968241183701 0
0.003697759049945671 0.005538659324119817 0
0.01252976539841225 0.003669208815347799 0
0.01105665456018293 0.002015484507334171 0
0.01542800904001841 0.005647713625084914 0
0.01558760748046861 0.005635980941380413 0
0.01658320938782994 0.004819396005972051 0
0.01186383925767316 0.004371064896611062 0
0.01112897111444298 0.002207228134992831 0
0.01558965623436755 0.006410796508293798 0
0.0001710737329762742 0.005697417595229789 0
0.001797440682674525 0.00180181684529784 0
0.006182217883818018 0.001132761704911357 0
0.00649068251260484 0.004705910739343499 0
0.004358401411861439 0.005458902483822747 0
0.004278084236022323 0.005268144477024323 0
0.01062887072181239 0.00216648608636987 0
0.000161725081013522 0.006285735496832391 0
0.004877735425377614 0.002646365236026756 0
0.009890051501340109 0.002313311657614859 0
0.009932116136330162 0.002605160544755483 0
0.001538100428049988 0.006915164445358446 0
0.000167552841061477 0.003902369642689131 0
0.007031623374909203 0.004671681408297103 0
0.007121359282692545 0.004667075418150817 0
0.005310408908278089 0.004628366415421317 0
0.0001670661809914306 0.006597600358478914 0
0.002248796770280562 0.006482290687902023 0
0.002122094048517419 0.006404061285066841 0
0.01673711887385919 0.0001558380054717196 0
0.0001692998830266513 0.001101043866801474 0
8.29116809399847e-05 0.003946019695784796 0
0.0001719423216519026 0.001000857207570734 0
0.0150987478614658 0.005789620877996195 0
0.0150081192823059 0.001035305132241616 0
0.01062306778892476 0.003365977691386111 0
0.006377525610316421 0.004834796940961797 0
0.006378699826852718 0.004574669266742088 0
0.01135960756974326 0.004930066957939476 0
0.005548310740636665 0.00502939874020174 0
0.00802996207798407 0.0007586539109060543 0
0.007930221648586588 0.0007935323224959653 0
0.005172073680928804 0.005825708941858706 0
0.01180225456930241 0.00256645878703075 0
0.003058630544716666 0.002106545112077202 0
0.01395937245090355 0.004897938661115692 0
0.01077739292490454 0.002111509750753154 0
0.006226599574633658 0.00489432271806307 0
0.01409570724332361 7.910557762817912e-05 0
0.01155298667206738 0.005450518858435803 0
0.01246760729137936 0.0005315798367108064 0
0.004532392708620644 0.006468420163289195 0
8.255443459701146e-05 0.004050347598708075 0
0.008270694528598431 0.004270838350664549 0
0.01400326525704904 7.978951586463988e-05 0
0.003911179395802818 0.006781161920315219 0
0.01427452354384226 0.0001380909634834176 0
0.0001694177789969466 0.00120117145426256 0
0.007040610755750238 0.002684744270106693 0
0.00328853404862358 0.002273941324496408 0
0.01165811610798898 0.005463831702412594 0
0.003094531712170452 0.002195155033830458 0
0.004289096019646488 0.002091653202981275 0
0.006897094348469355 0.0006827129641400961 0
0.01211229693125818 0.005356387382437185 0
0.01436719973375033 0.004326594332082909 0
0.01398085318576791 0.002506465062459316 0
0.002758635221204689 0.006842888949165159 0
0.01108433005155139 0.006344313069505747 0
0.007891122185751966 0.000645655253068297 0
0.005921676869630835 0.0006544161972435237 0
0.01684243118916058 0.003703714939603909 0
0.00189700398941283 0.005365336877496422 0
0.0005481633523201322 0.004970137619071801 0
0.002420013971391556 0.001748287641097102 0
0.003440526685190484 0.006829967453448991 0
0.003550983180728381 0.006813019202269229 0
0.007388512482879779 0.0008895292246980159 0
0.007126104714566496 0.0008907883981718254 0
0.005069565181529026 0.002666853859972458 0
0.01004575233634361 0.005137873603692588 0
0.0008098011847289359 0.003766952377180243 0
0.008050044493314316 0.001390701462644067 0
0.01225550478897405 0.0050356200842827 0
0.01219134784504419 0.004965344243717288 0
0.01208187375337048 0.004997378124038205 0
0.004976889572949702 0.006025817831035665 0
0.01278172184004363 0.0003782783208961427 0
0.01228254338175911 0.0006995735968310444 0
0.013105403541963 0.0002214715573270829 0
0.01046638533591443 0.006420451069483329 0
0.000168245548458951 0.002190445859015807 0
0.004069144654870982 0.003465520010914148 0
0.01677800028357739 0.00425057227842103 0
0.006383162728946946 0.004392842165917774 0
0.01693204661891305 0.002049090114347707 0
0.01691875800105958 0.004856922587639319 0
0.009306311557176811 0.00275638976137574 0
0.005631328969807579 0.001031290734462005 0
0.006339181048929049 0.001091757703794004 0
0.002610304318940544 0.00641921189764447 0
0.009538616568085481 0.002085151106674708 0
0.0008065475357349914 0.00327512312717911 0
0.01380606758361606 0.00483541429999663 0
0.01369421461848423 0.004738058437130178 0
0.003191259995950373 0.002161378494945325 0
0.00916048607449953 0.006409046173125126 0
0.006565050549859382 0.004762881282046735 0
0.01042400010039932 0.002232088375088784 0
0.01679577675022426 0.006840374855912918 0
0.008709740157578303 0.002328059001115534 0
0.006716743285177238 0.0002098352574998264 0
0.008666799958331745 0.005807225105426935 0
0.009675845656725041 0.002148771506966402 0
0.007341447564181394 0.004842675366110153 0
0.004161553657607135 0.002152944759041292 0
0.009389783160482971 0.005964732652927483 0
0.008911453096682731 0.001723512736714044 0
0.006503615424744926 0.004327813422455345 0
0.01239007606208292 0.001080804331660954 0
0.002738786299093888 0.005236200786852108 0
8.133511460240925e-05 0.004541890515805794 0
0.002156133633594104 0.00181683876398289 0
0.000170625005874267 0.003243968951128585 0
0.000278924036268063 0.00321599794497657 0
0.008662099172582446 0.001398676321224493 0
0.005701577330620566 0.005301173996500751 0
0.007030739635416465 0.001722636179766976 0
0.01448114663659994 0.005302468446060126 0
0.00388296266403154 0.006882647239815886 0
0.008275873758890516 0.001655405803470686 0
0.01682199825184721 0.0006470659849296453 0
0.01331558243021101 0.0006816738836944521 0
0.01056010407558456 0.00217895936655565 0
0.008649899175812888 0.005922129847029553 0
0.0009958044984918531 0.002946800415806737 0
0.01223909551075637 0.004400373378826025 0
0.01122797025667431 0.001759234934049387 0
0.004079260600701596 0.002558026374231281 0
0.0095563708465345 0.006604546817189394 0
0.01322272217153737 0.002615491673375765 0
8.128549391938841e-05 0.001653202163103555 0
0.01654109791610256 0.006038934540513689 0
0.003801367628915817 0.002580630168195128 0
0.002016312246723512 0.005607588782798285 0
0.008580357781229515 0.002053164026907985 0
0.009321961047442621 0.006462211793249959 0
0.001225018581634675 0.0004263675023668443 0
0.01576614527176 0.006569142454823958 0
0.004407572473847927 0.006577057806920752 0
0.01261144837804427 0.0004348651214974761 0
0.003332789680009065 0.002212081689016747 0
0.006749644150283004 0.004213777110420081 0
0.004039402613930092 0.006241696325246295 0
0.006046750784293824 0.0005393917733355629 0
0.01095324921570618 0.006460608226664428 0
0.002262607423953701 0.00683728451326936 0
0.0009839126157666529 0.0003384673695664554 0
0.001075188698299095 0.0003807617142898372 0
7.95375770404616e-05 0.002646556225291055 0
0.009805717203833452 0.002203099292742199 0
0.007193190450898972 0.004793697807205117 0
0.007512407560996024 0.0004548481528834285 0
0.01658928851155658 0.006862540344768098 0
0.007016160115700942 0.003813409910541705 0
0.007014692520384138 0.004041715785917608 0
0.01612582285268456 0.003452119608080805 0
0.01595681042928071 0.003364138060951323 0
0.01407560998886881 0.004980888621847982 0
0.01261584329314571 0.004202470052229765 0
0.01615880325540637 0.003618879569030376 0
0.005366178011225655 0.005621739328137905 0
0.01157112186618516 0.005747841072158814 0
0.01472220087874943 0.0006349213959983557 0
0.01016207608072793 0.002327957408693489 0
0.01006069401007316 0.00234687975511149 0
0.002992874140406494 0.006381342643728578 0
0.01692254179607532 0.002662491944229539 0
0.004945114706038426 0.004938305929757227 0
0.004321888941844316 0.006538625355546369 0
0.003467623368142944 0.002256855625273891 0
0.01352593476423662 0.004746125696395565 0
0.006638880463196285 0.004745970628603617 0
0.003598322314361737 0.002262512768998914 0
0.01340164584648997 0.004736543846411805 0
0.002797258286277529 0.002762896152842269 0
0.009041592277655741 0.002650305780004749 0
0.004605531707081499 0.005290927516134381 0
0.01606756170693536 7.629665172216452e-05 0
0.003582258480961767 0.006907653235161754 0
0.01668684600388928 0.006845433209511005 0
0.009943533578752564 0.002252942832171988 0
0.007058156713087132 0.004747771428811462 0
0.0118343548198948 0.001169393210058817 0
0.003662562149199702 0.006672339382445911 0
0.00546448832381894 0.002305357133501951 0
0.01502512472935425 0.005744235101143585 0
0.01021847973608554 0.002260305458355507 0
0.006776578542913404 0.004737189945710148 0
0.004618242811423777 0.002779203971275856 0
0.0006214614976268254 0.005377547505001599 0
0.01075015373599617 0.003139333495184472 0
0.005836741413422492 0.004403043364569122 0
0.01312123487136734 0.0001175966912777271 0
0.001869092816120671 0.006835663326674321 0
0.001967720684418375 0.006818474560725171 0
0.01319644788370897 0.004742715905516349 0
0.003802799639052334 0.002243728990283847 0
0.011722662043839 0.005739543714749025 0
0.01332334446149544 0.004734704843407652 0
0.003674087408772279 0.002274180739161382 0
0.002298325187406179 0.002566255100654626 0
0.004785774619679011 0.001877499154282342 0
0.01120740763062125 0.006243814580471133 0
0.01347446002727387 0.0001706170005230101 0
0.01611815586690024 0.003093439243804801 0
0.01584609733256963 0.002869529930056043 0
0.007585492961543512 0.001170618960682702 0
0.007773815034925509 0.001393885736029596 0
0.007930100497928647 0.00151011853693167 0
0.01159789782359736 0.002480003394482803 0
8.055532363306951e-05 0.005852235827991695 0
0.01414429506811987 0.002137398916789142 0
0.005563184452571777 0.003155356086553593 0
0.006087076710247824 0.00402859737199188 0
0.009180995447497224 0.005796831717510669 0
0.01683879267841663 0.003083903656421223 0
0.01048558132001319 0.00229581249158557 0
0.005445506271822288 0.001221178418225318 0
0.005334689698407421 0.005540556142138432 0
0.004819783496387975 0.006056538737616165 0
0.0100829198075883 0.002256454750915436 0
0.006916872583918317 0.00473082886496051 0
0.0130333828206052 0.004046207742400064 0
0.003450582305306288 0.005582506163905783 0
0.01621630902201211 0.00395407991817378 0
0.007426668438204121 0.004805411371826163 0
0.0023079958317285 0.002270632704867977 0
0.01633708963016526 0.004556723731403109 0
0.0001648754271943841 0.005597758362995305 0
0.01557558879787682 0.005857879753772617 0
0.01569929376347913 0.006532878670218924 0
0.01616238228051902 0.002108563846136721 0
0.01600629182386548 0.002197696900732042 0
0.007398563032760373 0.002089626800811336 0
0.004204484261128925 0.003074934080982595 0
0.01626075648437877 0.004263935106967649 0
0.01373605212526752 0.004651800634435948 0
0.01602032993284485 0.000650430356298404 0
0.01547085566316977 0.006287439468659038 0
0.003515233048923774 0.003091482007907885 0
0.01040177453110295 0.006761349328114213 0
0.008672853689990594 0.004861137963088197 0
0.01691857559157514 0.005056347654580099 0
0.009084588701946865 0.005191596435275296 0
0.005459668289809535 0.001404075956668309 0
0.009122665659629247 0.006268591531626656 0
0.006665712078932295 0.004674746795957114 0
0.00348002765095087 0.002476042490694376 0
0.01234462532036604 0.002573329315823989 0
0.01237804190556688 0.002308137016124632 0
0.008424832171816558 0.004624204556154437 0
0.008472314529029312 0.004431322771531198 0
0.0009799512081831501 0.0002472008639974148 0
0.01601563135953134 0.006744829443447705 0
0.01609443922230522 0.006692923428685714 0
0.01046519019536671 0.002577500131541631 0
0.0161892840031729 0.002449005201187889 0
0.0004480245611007353 0.006135675318661195 0
0.01387792882790805 0.0006149416252321876 0
0.003194796883267275 0.00303074382199479 0
0.01082985425369183 0.006540221187828436 0
0.007661025566190651 0.0004379093175779199 0
0.006180112938384345 0.0004485538225301559 0
0.006194902981931906 0.0005361077678210416 0
0.006360410693224481 0.0005128270447011087 0
0.0159041507481826 0.006665972358397213 0
0.004288594252788052 0.006678991019411078 0
0.0127166647433476 0.0003257085454635711 0
0.002595797123620014 0.006920553006983883 0
0.008676657897430282 0.005564080981756181 0
0.01577946274584769 0.00600667307126884 0
0.008146904419695851 0.0009965187131905535 0
0.001169290776541595 0.004620348683993697 0
0.004145630847282391 0.00665850668100321 0
0.01480425579167125 0.005619560864362577 0
0.01528126376787156 9.62998089657518e-05 0
0.0136722193613002 0.001519648740458189 0
0.0007097136154311148 0.002479016073457306 0
0.01538229263443164 0.0009061207751924608 0
6.701424821003998e-05 0.0002573875214146961 0
0.01337161412677819 0.00406505208592928 0
0.01037417543576858 0.003134543776391976 0
0.005906576772329016 0.004094840233191328 0
0.01361649486527494 0.0006537384364490358 0
0.005658828192237135 0.002894921156216374 0
0.001290004920160067 0.0005973571985042154 0
0.008143330813877981 0.004416499700204438 0
0.01548379574131136 0.0002712131715433084 0
0.005486054030419258 0.00548837740877254 0
0.005211968173729044 0.001326270925841863 0
0.008345421436688845 0.005601136755734726 0
0.002760910796204226 0.006183890751204307 0
0.01417080254347355 0.001448885202321966 0
0.008515070014738075 0.005810870006469722 0
0.01165341513955103 0.001423397741725117 0
0.0002919383129618772 0.006845890389528318 0
0.001391587489997737 0.006388768223050341 0
0.005854528933839579 0.0006923663726538048 0
0.001432280830106152 0.0005816253373291994 0
0.008708450114199228 0.001557990540348 0
0.0006157675873241335 0.006745413896440003 0
0.01468694302689673 7.601458945981831e-05 0
0.001030478787161032 0.003734884186450019 0
0.006066071281378829 0.0006294181983347376 0
7.974831401847543e-05 0.004239826994518074 0
0.0169207591933324 0.006546662260528233 0
0.01631421190059257 0.001529874608015261 0
0.01415466412101158 0.0006115832460294878 0
0.0124494665394002 0.001880039381117568 0
0.008257240083091564 0.002590074582170963 0
0.006273338093637636 0.001869500117684601 0
0.0001592349197297935 0.00529633177820588 0
0.005727503714690545 0.0008142569405265002 0
0.0131503977645787 0.001505816541933444 0
0.01285841263321795 0.004842123160078437 0
0.0001690595603781944 0.004100538302801254 0
0.0165277344949428 0.0002479474420075565 0
0.009414486826140427 0.006583728366130586 0
0.0005750045669103004 0.00509225603820709 0
0.01026873251671716 0.002333314542324967 0
0.007429078454889947 0.004173543966162422 0
0.01221103590885509 0.00220252162815913 0
0.0003104432305118792 0.0001539064056087515 0
0.003049634878235818 0.006837543519956945 0
0.0136538980862705 0.004051059512097524 0
0.007920789486406177 0.004155422049249686 0
0.01123598640043484 0.006077297711576665 0
0.01001826855826204 0.003166110522750079 0
0.001772048964518535 0.006410483544986262 0
0.001671691084539965 0.006293354552993922 0
0.001863751534422104 0.0062612612781319 0
0.00991139335160594 0.002726629300107799 0
0.01682073423616407 0.001938577374947451 0
0.000861037246283892 0.006571570324755293 0
0.01615325834465627 0.001594988311011156 0
0.003337665834803057 0.006842358399013378 0
0.01426740201910124 0.005029111864800607 0
0.01049863253877057 0.00659071690387678 0
0.0001488039167470891 0.000712645270388476 0
0.01150233915198809 0.005837553077566412 0
0.009748893214863488 0.006699549260488179 0
0.01264014869197878 0.002472964526483629 0
0.01452442552962423 0.0001757328642053601 0
0.007833173610040876 0.003801390760016846 0
0.0001660904120320515 0.004198737384724921 0
0.0002582381751424466 0.004161365103778028 0
0.00623885472854423 0.004815954506933234 0
0.01618098125181882 0.001760832083511876 0
0.01683437308901489 0.003795702323445597 0
0.01674800039426026 0.002951593845235742 0
0.005723815860119998 0.004959362521782135 0
0.002340750066239483 0.00302486225627497 0
0.002047898717321252 0.006637959072064707 0
0.01400679438086309 0.004009155581001743 0
0.01566745853383017 0.001190689934355613 0
0.006603591323109834 0.0009934615400794028 0
0.01069654759635106 0.006632986904443124 0
0.006296619385798742 0.0003762026908275613 0
0.007524796923156851 0.000367468960703977 0
0.009627014164531971 0.003295618134045223 0
0.004166827274320822 0.006183699124402912 0
0.002016715286087569 0.006928567834387592 0
0.0157384417925362 0.0004265232196187805 0
0.004566502995057447 0.006332588698726565 0
0.01341278930192695 6.773811062443227e-05 0
0.01284684969398997 0.0002486158939363158 0
0.004148475586841378 0.006744063829007611 0
0.006275292083127585 0.0004670015450680123 0
0.009352526947066696 0.002057494803995827 0
0.01246153743350625 0.0006919011204350365 0
7.746067351209127e-05 0.005951473295930498 0
0.004001647740889461 0.006769606284194891 0
0.01207871853625644 0.004215151978249254 0
0.01002641960081742 0.002437969797084143 0
0.005422812714108374 0.004496660601081131 0
0.01693216776963355 0.006750992953449901 0
0.004698629672631911 0.001911496449134088 0
0.00357381261514969 0.002522522530530284 0
0.000635442899371258 9.4523060220546e-05 0
0.01498162524884772 0.0002483273032876038 0
0.00406675396651855 0.002258740917606603 0
0.01198535672058605 0.005480033481718726 0
0.0001639760774689147 0.006704579569093554 0
0.01573100649669242 0.0001595376836596176 0
0.005684028319972351 0.001097026823300103 0
0.0104373186058359 0.00268912589989546 0
0.008977909620499418 0.001788390652185788 0
0.005212204883001392 0.00177250405236154 0
0.0006464951925132904 0.0001909188750415076 0
0.00778403789681502 0.0005279362741848225 0
0.01693707535877623 0.0007540358526749004 0
0.01009352808426915 0.006777817527655421 0
0.008451022609807589 0.002032626166314927 0
0.01482351933653712 0.0007186686094684666 0
0.001114651995909507 0.00314654670488676 0
0.007829132875637418 0.0008420972663751628 0
0.01682640974275042 0.004551412948194227 0
0.008603459148085517 0.005470640028509619 0
0.0001625950978066636 0.002008474257889564 0
0.01441315774914755 0.005125820127830062 0
0.01089352895935188 0.006027528404337809 0
0.006941931781691088 0.002064511216072629 0
0.009532698962564002 0.006675837570706835 0
0.01655997261931248 0.00179650910553382 0
0.01453397512303535 0.004341509133699054 0
0.0001593351119047841 0.005491599449496391 0
0.01035641236232809 0.002230718098381927 0
0.009303852964788547 0.004852006814813795 0
0.01676559261892859 0.001671247757661449 0
0.007696619955504616 0.004851269487960022 0
0.01607736689165714 0.006795455398301113 0
0.0009268548650282239 0.0001998298398241051 0
0.002239717898444541 0.001543537522892623 0
0.00873142836261152 0.00467321945839269 0
0.0001636102573189819 0.003812254445275206 0
0.000173176770540167 0.004470603938574817 0
0.003684406600173109 0.002559938407158701 0
0.006858954284295782 0.0001753697198468456 0
0.00224403836398313 0.006325884038574739 0
0.01683878839085164 0.006100360263090076 0
0.0001638363872852565 0.002789844883736951 0
0.002054028268998339 0.001752302693089366 0
0.01633721313559565 0.0001646565929715655 0
0.009409829075153572 0.005813855725953441 0
0.001115669549095717 0.0003175013628687754 0
7.606558032026249e-05 0.005449232573069271 0
0.0006132923042057141 0.003731692714519034 0
0.01386473708432409 0.004539899917605545 0
0.005309217085054406 0.005691624834732909 0
0.0009418379843915475 0.005282818592388772 0
0.01682595533206174 0.005101676038393124 0
0.0001650773261144996 0.006387192622940716 0
0.01057904478108036 0.006719155840625664 0
0.007398853176010665 0.000297813300055494 0
0.007394218049842914 0.0003834584450101591 0
0.006424177629294384 0.0002923514554069541 0
0.01668669572738117 0.004742954301220068 0
0.007281355719790615 0.0002368690832444515 0
0.0158389381879284 0.006536604712544487 0
0.0007527733546693963 0.001969342790955587 0
0.00687335881879401 0.003953289848420051 0
0.01305131865256787 0.000883943505341244 0
0.001403220384833195 0.006837809264538283 0
0.003688200273514748 0.003376768607689894 0
0.008743854238420038 0.001454814400363217 0
0.01271602108896701 0.004918849789025585 0
0.007523669832453391 0.004949433475577537 0
0.004332544348583014 0.003523695153789116 0
0.007730500950787587 0.0009225499486936145 0
0.01296234078903799 0.0001678582612711821 0
0.004036549124143664 0.006831748860210945 0
0.01087377530785954 0.002116552552386533 0
0.008356660297136486 0.001059482403649361 0
0.001760139712630328 0.001403967669178982 0
0.004930375385146275 0.002828046990366852 0
0.004963694669438579 0.003080065709852213 0
0.01083511586071285 0.006447216803739907 0
0.000509089392896565 0.004553816794156026 0
0.004919938376892378 0.004159538221764647 0
0.007909323226667262 0.005116794667993949 0
0.0001592405747025561 0.001299479619980998 0
0.004024210730950721 0.002195018634672261 0
0.01045422982746473 0.006686768411379969 0
0.002499213737082627 0.006827471088816167 0
0.009236574470161966 0.006375782729688761 0
0.01226833917777164 0.0008433030582369028 0
0.01619182813528484 0.004707733778111471 0
0.004459805898234292 0.002270120888627179 0
0.01484192519366091 0.004658798517838251 0
0.006493426996846938 0.003930122641105083 0
0.006659354277676023 0.004082883214820506 0
0.00987610585454542 0.006594571530106923 0
0.01307569417558682 0.0007631520037432995 0
0.004328337456632649 0.002159664246491516 0
0.01260148976286116 0.0005271138903332698 0
0.0001853098572997328 0.002482542542737572 0
0.005641134620800427 0.001512398363804453 0
0.009662946264578927 0.006716901243359451 0
0.01612260059588578 0.00420113593576784 0
0.001616456220611344 0.0009060709864979074 0
7.670597384005357e-05 0.004346825886935019 0
0.01673897283986153 0.003935166698845084 0
0.01109799525380159 0.006249223825599748 0
0.01131521014468823 0.006037615849354592 0
0.01304709638289213 0.004781333005773697 0
0.01505167224627653 0.005593691964307758 0
0.003977297904885506 0.002636951132251478 0
0.01197140584214756 0.004994931578943344 0
0.01516911360871597 8.001993995626492e-05 0
0.01691931920124531 0.00447062418597389 0
0.0007030862852961135 0.005138072324329664 0
0.0004685363115097957 0.001043986884713717 0
0.01621325443757383 0.006850705482569195 0
0.01621380320964008 0.00676401656182061 0
0.0007912842596793984 0.000159135461926778 0
0.002589417975553054 0.002405334707419099 0
0.002454067286504934 0.00249139054549694 0
0.004400810327007319 0.004744462901492393 0
0.01326466139884267 0.0002386204578645576 0
0.01674795439208005 6.647090500707959e-05 0
0.01632580475625206 0.006891191916413693 0
0.01144031273994222 0.001666392860370195 0
0.0004119705726192482 0.0001389493420390136 0
0.01693396357964048 0.004651873782297217 0
0.00927681018531056 0.006519538600776358 0
0.008457117200990214 0.005326184982136975 0
7.644936708598414e-05 0.0008671855196782713 0
0.01357028108137556 0.0007884292492526487 0
0.01254829319806612 0.002145426245900059 0
0.01298920341555597 0.0005284858119445029 0
0.0001549141194161184 0.006792984705006931 0
0.007148691665031019 0.004561984040075335 0
0.005186351725233854 0.005437305606460481 0
0.006873559107207259 0.004647262310081612 0
0.01684075147585764 0.005303046452019353 0
0.008870524106508095 0.005589936770832252 0
0.01628204754582707 0.001251143181289899 0
0.006545576867764308 0.0002509283792433079 0
0.01601005052615518 0.00376065515358328 0
6.757391702108193e-05 0.003352300493273991 0
0.0001634495014539057 0.006009672166353981 0
0.001885536115645611 0.001180775659036118 0
8.250092641469073e-05 0.006444048567601763 0
0.009767791294493412 0.006415883365980198 0
0.001698741846897832 0.0009831468873717419 0
0.001774165724024286 0.001051212590260861 0
0.01519974671039188 0.003119566901847299 0
0.01164078808613952 0.001499002099318831 0
0.00388005819123899 0.005289389241143493 0
0.01656734376688844 0.005440900046510592 0
0.0005940172477688042 0.006843983769051579 0
0.0162517458702187 0.006665843148558096 0
0.008973086245684733 0.005666098877363083 0
0.01179780422039117 0.001542520128831011 0
0.0113003255457849 0.005412895666663401 0
0.01692933031654552 0.002756469522384802 0
0.01533353318005854 0.001138856790734908 0
0.01561300399319374 0.00144711540664979 0
0.01649973421522197 0.0001576313228313004 0
0.003578653921472648 0.006713038531456921 0
0.01683275825428481 0.003992670681213718 0
0.007407385372326204 0.001022217836695333 0
0.001132665225707693 0.0004502134166604653 0
0.001528410439586275 0.006172777891137305 0
0.01505916022362105 0.0046534995897703 0
0.009783145280762257 0.006770321126580004 0
0.007225037159365306 0.0002156559009220474 0
0.007222797912357774 0.0003010215446313303 0
0.00724125985455901 0.004744480198813317 0
0.01184019677093651 0.005013296094612885 0
0.01683281963488222 0.005812775109067775 0
0.009903153475300255 0.006818217075868285 0
0.007081177713824325 0.0001942717864156242 0
0.01303760549817986 0.0044874321367907 0
0.003299061831271642 0.003194088296394449 0
0.007231467188133784 0.003740027012407806 0
0.004287660498508161 0.005999484015215955 0
0.00338281267763118 0.002290027419616956 0
0.01675333047074738 0.003051412680819125 0
0.004319494905696097 0.00499947593002004 0
0.01477985745577572 0.004494875918436975 0
0.006153469425419129 0.003078589618893103 0
0.003740987521109539 0.006292479085301473 0
0.006025707721558212 0.002552626079856229 0
0.005056825810896018 0.00166983558605052 0
0.01179085673542145 0.005542839660584939 0
0.01567756252963478 0.005535456397749586 0
0.0002808894463003347 0.0005444936784463872 0
0.01098617266559682 0.005289071104498931 0
0.004733738044575542 0.006289643174024298 0
0.004480674809195098 0.001952919548939446 0
0.001416841448656286 0.0009595257114409909 0
0.0001304387942681028 0.004972016358515076 0
0.0128888265829248 0.004763560476627903 0
0.01227632315081422 0.004927674759292445 0
0.0168400337159033 0.00409230638180902 0
0.003808942710491527 0.002313713800976868 0
0.01338637820090062 0.0003084780181243697 0
0.001082072338752623 0.006847221556107508 0
0.008936552079143675 0.00187042147884251 0
0.01677252667870299 0.001157826493936981 0
8.077511215646288e-05 0.003170887627313811 0
0.01069296388459118 0.006556708427027583 0
0.01639174502829995 0.006906229462197492 0
0.007737964572256973 0.004997117826366132 0
0.01628594169546573 0.006822977648254281 0
0.01253872900133468 0.004925791633746669 0
0.01305449844628804 0.00364987590409136 0
0.0113856782724439 0.001730135423264354 0
0.00346696199304179 0.002573487443909516 0
0.0004762813394523883 0.005738637110842432 0
0.010262594727622 0.006802476018634649 0
0.001665295967657835 0.004157331236984393 0
0.0005758251519966447 0.001397960034653046 0
0.0101509484048972 0.006829527186912737 0
0.004901207538864381 0.00588150651800348 0
0.01201537659994935 0.00158878935780306 0
0.0001511878405376643 0.0003998398830711144 0
0.00424968614466192 0.002175266201707512 0
0.0102524167149358 0.002602896432757721 0
0.016838147591017 0.006486085060730225 0
0.01477663445318031 0.005156910974653605 0
0.009295587305982369 0.003199524961449354 0
0.004870741839523612 0.005978986522370002 0
0.003729423633809786 0.006928483056003017 0
0.01327142076187266 6.961971839575427e-05 0
0.00983532994477909 0.006512313422019661 0
0.0004993093636392019 0.004710089511183986 0
0.01047523501470523 0.005457519305361296 0
0.009837618103465328 0.003471270544653305 0
0.0001545494361048071 0.005190826507758807 0
0.01271145280876071 0.000420676682175184 0
0.01683844590903067 0.005717697030492317 0
0.007319065083118775 0.003503346200644878 0
0.01289189184811219 0.002757721478552783 0
0.01693574956384146 0.005550907352327052 0
0.01561913963832615 0.001662155607235427 0
0.007743254515834156 0.001054447763096898 0
0.01692592457810117 0.001375651534555452 0
0.01578892872050338 0.005837128566033157 0
0.007179057555755207 0.004722051180799847 0
0.002717292832280101 0.002322326074912005 0
0.01604211326623519 0.002726573025742945 0
0.001720575437223607 0.006846644300604637 0
0.01663708289914466 0.003546082334582762 0
0.005564616635998866 0.005304642494458594 0
0.01680833200075282 0.005475134287869101 0
0.01657191271047958 0.002842047013317339 0
0.01187781731933945 0.001097456836598015 0
0.00363220350953405 0.006166141980945294 0
0.0145290589860441 0.004951768203640921 0
0.007329971366545025 0.0004388133891677338 0
0.00854145419830912 0.002307807808506094 0
0.01366710670017741 0.004798721893862465 0
0.008945331232567398 0.00278603985448185 0
0.01212814964214948 0.0009810902885666853 0
0.00235996299350223 0.006090371016615442 0
0.01483307835181797 0.000150836326171239 0
0.005731209964303926 0.0009194560658760758 0
0.01329978853239759 0.0003033882991029533 0
0.001134586603019145 0.005324303109361639 0
0.010085199062618 0.006840339173028988 0
6.919115588142725e-05 0.0007327950122513515 0
6.489075220941776e-05 0.00614547522526963 0
0.01150771453033593 0.001505156760620224 0
0.0008083648155000622 0.0002310125771999906 0
0.01428607545471356 6.701185231452371e-05 0
0.00145716992714345 0.0007209121883079133 0
0.005686671542633529 0.004391132154049768 0
0.01078947851172488 0.003592641890604229 0
0.006449054337806188 0.001013958536512401 0
0.002849796509841806 0.006848443558146556 0
0.0003301695560808185 0.004423498183423958 0
0.01561457986181239 0.006339435379932853 0
0.000591886001175693 0.001941629126720592 0
0.002971268787635515 0.006767632467060107 0
0.001567140740584417 0.0008331931258955343 0
0.002624492053965014 0.00625723530014421 0
0.008849027523496644 0.00601542440689253 0
0.01692847145438962 0.001231134282401702 0
0.0001659057528762813 0.004751252048345449 0
0.01081281522861117 0.002515495902404372 0
0.009125115762884869 0.001894141321848124 0
0.0002812542771326552 0.003733332580726328 0
0.002926080648617315 0.002323819409614462 0
0.01666171066189134 0.003881939015624292 0
0.01076166557056121 0.006040553724431101 0
0.01692618381941733 7.439700535640534e-05 0
0.00973293420640947 0.002259536102534304 0
0.006517871402794041 0.000327173535290427 0
0.002425836988918052 0.006837553672280715 0
0.01397047690375885 0.004536683115732883 0
0.01377367588957846 0.0001616377569561771 0
0.01101450344967336 0.006312870171165515 0
0.01021092980698217 0.006235659308494181 0
0.001999741134410975 0.006349252575782219 0
7.811253802581311e-05 0.004823516136320366 0
0.005330974075743927 0.00175370613737741 0
0.01031875068918198 0.002681894598536667 0
0.00363302547152821 0.006849797260696111 0
0.002047977203646387 0.001339069058566124 0
0.01662756923395932 0.00610746104442965 0
0.008959017701754829 0.006253460398168237 0
0.008244548985931842 0.003146355090437493 0
0.007689947633298006 0.00467557307451042 0
7.321187655841797e-05 7.32011571990673e-05 0
0.0001607159645711266 0.001720209302062166 0
0.0140548380831848 0.0001457203447565595 0
0.001965008900509052 0.001681168248954619 0
0.01686550692740261 0.00430652413250903 0
0.00603785656568199 0.005043555340818257 0
0.006044908718394039 0.004182463294386117 0
0.005074442438802204 0.001444144912717045 0
0.007810563604820941 0.0006615643556715876 0
0.01684975716236517 0.004200469552271707 0
0.01474271442525384 0.005434997546185731 0
0.01183487752054859 0.001730026344765902 0
0.0007678112509420226 0.0005229674985071592 0
0.00692435069429536 0.000220448222442647 0
0.005120650876624019 0.005903198019007296 0
0.0008730363154988551 0.002407843880509671 0
0.004346838313792467 0.002036970306514096 0
0.01408225603641286 0.0007466190365559796 0
0.01692732821255063 0.006927339148190039 0
0.008059085029164931 0.001769829890015845 0
0.0001411126577573682 0.004387619623115867 0
0.0004672707039308933 0.002809470632342341 0
0.006670633770216922 0.0002731141941554444 0
0.01673574268519201 0.001523316747722455 0
0.000145840922560694 0.002096872760372479 0
0.0002606356586953261 0.002182921860788554 0
0.00765294624198419 0.001483239908374492 0
0.01602769319754777 0.006350584179288393 0
0.005442941498550141 0.005030806550001054 0
0.0004767413793834909 0.003710766114126539 0
0.01617555096476266 0.006694496900990233 0
6.330014044419671e-05 0.003648383261433722 0
0.0002476652319045782 0.001061539521831515 0
0.005773266797880079 0.001482368502601731 0
0.007585878521659919 0.004578402717745995 0
0.01673245540946772 0.005136126780580771 0
0.01120337112754041 0.004585581803545392 0
0.008623075422648186 0.005349941191505048 0
0.01177225532005298 0.001863814027701193 0
0.0007516671107452638 0.005262800635769164 0
0.01605362404643124 0.002561787262082225 0
0.001642259311599599 0.002088986595353215 0
0.004521712633039693 0.004553544607970523 0
0.0002577427130523828 0.006327639428731347 0
0.008490701373749772 0.0011855579756827 0
7.0491432037776e-05 0.006930035761960905 0
0.01669663472157959 0.004198086234572133 0
0.001592416444743665 0.00684266042139514 0
0.01363904850040489 0.0001632852054572745 0
0.01659215064638183 0.003199263104010169 0
0.004839623823163271 0.001956908616468711 0
0.01111396130249051 0.001950855755389407 0
0.0164468728508704 0.006864936549835231 0
0.0003489663279369754 0.003296505749914024 0
0.00917777802808329 0.005666981244342255 0
0.01045803036804148 0.006518272247845378 0
0.00751719937782067 0.001066238434197632 0
0.0164117224841339 0.006073313910869634 0
0.007456656615234234 0.004929970808468005 0
0.0003751741619746982 0.006345859693404904 0
0.0001486695661468244 0.006087875695914556 0
0.0001927494026527955 0.005023823856219824 0
0.002332686393455343 0.002416339988288098 0
0.01245954910732362 0.001329084746197304 0
0.004568368043785555 0.002269607375595816 0
0.01530958060571636 0.0056099390655467 0
0.004778181792115608 0.002772030693057225 0
0.002730454999961674 0.006926292100601668 0
0.00278531529786325 0.002247105908282599 0
0.001357257156318575 0.006109885917290147 0
0.01103358476743003 0.002168264476062917 0
0.007555763888628382 0.003516807275235922 0
0.01075248016447039 0.002191436269687666 0
0.01664552499359987 0.00241061834227218 0
0.001394629759300766 0.003758147433971925 0
0.01004639305203752 0.003341446900734775 0
0.007320125888456785 0.0003289489363799089 0
0.005002655415575015 0.005424433412127359 0
0.01609064792160085 0.006455751469722915 0
0.01335401304683577 0.004470557825988918 0
0.004834510692994631 0.004758120192158 0
0.00464916982420492 0.00345514933120821 0
0.009193536421228296 0.002122093200542163 0
0.01267250341285307 0.004677492584305108 0
0.008116879128037402 0.004982123205002843 0
0.008935765604418038 0.00610814533353342 0
0.01599155569587628 0.002022497091472413 0
0.008084162165926289 0.00528361928041658 0
0.008008245424764519 0.005215789349621499 0
0.01463183048270185 0.00393502629999638 0
0.01014696932820822 0.002608547547237642 0
0.0003806165945806315 0.0005081576347376955 0
0.01641765635130306 0.000139719047471619 0
0.01523962518873153 0.00553369582553642 0
7.777013208655481e-05 0.003023399372163408 0
0.000153407097888936 0.00295116138060719 0
0.01249844694019337 0.004042979654527028 0
0.004049466774045797 0.003241359663669506 0
0.01453357271414757 0.004861730792723308 0
0.006140099470515796 0.001267252162332584 0
0.0005426023349306766 0.006935306821729575 0
0.01487389650731123 0.005593118868225025 0
0.005754903520340601 0.004000839979534813 0
0.0004906710807582003 0.0001123127614450874 0
0.00034705731429782 0.001814918371836307 0
0.005907133056328867 0.005140215903602342 0
0.009166350151101493 0.006199649849211928 0
0.00483645350954484 0.005708521235149061 0
0.001250189114338884 0.006834427056061908 0
0.002679375232170353 0.002866269939389004 0
0.004449973157078035 0.005325353522397084 0
0.01448326182891648 0.0002737860433963332 0
0.0003351345799970928 0.004109447756576618 0
0.002951266732820169 0.006854933812513071 0
0.002461403509769191 0.005350003177223675 0
0.005637727793906786 0.002275163494593271 0
0.002560632855898103 0.001841314178088299 0
0.007645986776648462 0.003675325716711697 0
0.01230206898407436 0.00482892443728157 0
0.005748004504764427 0.001169780938967353 0
0.009817760063479505 0.005985999065709263 0
0.008555870116405117 0.001389936706042932 0
0.007856501906413661 0.004872832891249148 0
0.004895677839455366 0.001727554378433345 0
0.01170504771752622 0.002919841925571002 0
0.006114763348822107 0.0005665406635548607 0
0.01581863788926668 0.000145210348475706 0
0.002758164967467793 0.001992122128770721 0
0.0074536661277071 0.00402213150937691 0
0.003277344028317562 0.002545261197866352 0
0.001361272066928884 0.004770398797372085 0
6.542234024183892e-05 0.004961191536659677 0
0.0167730441979953 0.006493204827129185 0
0.01326862450182389 0.001707952739496907 0
0.01505826775317693 0.004809788812604472 0
0.00717622110053451 0.004457044380545508 0
0.01359680527307778 0.003894198531047919 0
0.0106670036403036 0.002528602925978747 0
0.01142002114427082 0.00187678408555976 0
0.0001522283223860336 0.001473197870115627 0
0.01467903824362808 0.005210968887706321 0
0.01653324009125899 0.0003478767673069159 0
0.002306686692703918 0.00159346312540412 0
0.01608796216829439 0.006606487059312367 0
0.0137754015866488 0.00456918245423622 0
0.008862319431725845 0.001663227040339678 0
0.01117479267372889 0.005014293250417034 0
0.01684499779960121 0.002822175622812607 0
0.0001518566645961998 0.002287298067889214 0
0.01440033035794817 0.003555768045312755 0
0.008025655751297715 0.001630523654241912 0
0.01360311097286307 0.004568658858704364 0
0.002331564724833146 0.001782968024374546 0
0.0001421702352036088 0.001399439590748843 0
0.007793559075616018 0.005040851793749043 0
0.01046525317639608 0.006763465468023982 0
0.008767240275892915 0.002839379227465326 0
0.006441312829705177 0.004826017144585693 0
0.01660580643837854 0.0006633135110365876 0
0.011170068539784 0.005987803122723272 0
0.007183121806882833 0.0003863750870449593 0
0.01514501878652577 0.005589800228388588 0
0.006330227038202371 0.003781945632969139 0
0.01166873690159354 0.004196102287316099 0
0.001663020153434308 0.001430327949453684 0
0.00870445500228703 0.003041257339332048 0
0.01612408835784121 0.000150841635505241 0
0.008585313077055593 0.004576578083136749 0
0.007972937559744974 0.004852775000893667 0
0.007626173506049059 0.004494384723873032 0
0.01145266357432458 0.002400971481241914 0
0.01684323429725108 0.001682987139632572 0
0.01238920616504455 0.005148522981961427 0
0.009291689251720921 0.006313814776315011 0
0.009373179091689355 0.006307330553384645 0
0.004394887620049813 0.006499074053912333 0
0.01642548251144745 0.004836066485578548 0
0.001957672834051976 0.001245663324553558 0
0.01619286198853064 0.001407605590104609 0
0.01406500455537767 0.004901597564426893 0
0.008780709426186249 0.00499241116622724 0
0.0009290465359142446 0.006484898843823191 0
0.01382581191674161 0.0007280467909754839 0
0.009126434254098726 0.005008562361806449 0
0.005778598514674638 0.005128090849811121 0
0.01116423411901221 0.005195521191660311 0
0.0001943414242135816 0.006859174886708893 0
0.007100222885596037 0.0002500289558423825 0
0.0004945007372057133 5.100428541076219e-05 0
0.002484616567099126 0.00620058063427142 0
0.0003787049153003326 0.002977899934362437 0
0.005236870193702145 0.005675578853626015 0
0.009820646811669937 0.002269577802820978 0
0.01441668158124018 7.376316049714131e-05 0
0.004732861745850764 0.006164658357625802 0
0.004744386352131243 0.004556594271525761 0
0.0007030262562220651 0.002162295447144439 0
0.007232255065138942 0.0004660083467329934 0
0.009100648052738395 0.002264549149187453 0
0.01232704629478408 0.000635945702691132 0
0.01667037260378533 0.004593272826144468 0
0.01675384418944139 0.00622622699525594 0
0.009167322097481823 0.006334888599787937 0
0.01121110869986251 0.005899512928012704 0
0.01414402148225173 0.003608292152565627 0
0.01253088981243528 0.004665121439748628 0
0.01472574447581335 0.005566456258873479 0
0.007463676394050036 0.0004035476274040924 0
0.00641584483224567 0.00204022649800345 0
0.002882063838328641 0.003580570287653355 0
0.01386839274302006 0.0047969230879809 0
0.005810588385014926 0.004993506965995261 0
0.005398436104205364 0.005488793592924686 0
0.006638560015751086 0.0004222959561451935 0
0.01174578913341425 0.005481090344760142 0
0.01685687179324861 0.0009001539741826745 0
0.0149851965899963 0.0003356866243402279 0
0.006660310117193296 0.0001991356438512102 0
0.003471444090795227 0.006528179995017467 0
0.001907332203116803 0.004339821914309463 0
0.0001465609071374923 0.005101851087061757 0
0.003874147456297976 0.003383069712363204 0
0.01527072693530784 0.005996340283230242 0
0.008729800765371927 0.001732447092807395 0
0.01610337222896041 0.004060286418010395 0
0.01684886130975392 0.001109177109787182 0
0.01685683213787888 0.001202318776647161 0
0.0101241388193246 0.004884203624051732 0
0.01499460312991569 0.005674892691756505 0
0.01685999463678929 0.001394822913365488 0
0.006313672762041048 0.0006542077701426389 0
0.01352401751945633 0.004482101501153298 0
0.002528865420084332 0.006754719421155743 0
0.0145258826829711 0.000878464660492123 0
0.01090623218343954 0.006404597888046577 0
0.009699758057308551 0.002358094102616472 0
0.01685416717628265 0.004915512787156123 0
0.01364953931088765 0.004657292047598268 0
0.01018756325861849 0.006776016108139291 0
0.008534031787151114 0.005292465128143629 0
0.002181210863194948 0.005187691066833892 0
0.01684780369575387 0.001022998540171562 0
0.0002486649563846095 0.001357738995014853 0
0.00908046687314594 0.005626127080574669 0
0.01217191601524355 0.005222662297366018 0
0.003192474827136236 0.00612499202555573 0
0.01564497941022111 0.005753442752721268 0
0.01197283296478551 0.005387878158570876 0
0.00510527615705868 0.004210526216757373 0
0.006919597623230526 0.0001567146475843222 0
0.01459634123750522 0.005437157566127145 0
0.0009463647735948721 0.003867315240498549 0
0.01161487144079302 0.001365807839315974 0
0.0163514328245137 0.006653805042853513 0
0.004522274025064216 0.006388155521452037 0
0.00217069455811884 0.001903195953065075 0
0.01291229497631359 0.0002782928029742755 0
0.01235903354681873 0.003871721012264274 0
0.003949190014002256 0.002746011590649715 0
0.01551977106118594 0.0004839457258322454 0
0.0169424037163022 0.001851795540439533 0
0.0002790878573099096 0.002434106272322544 0
0.006525466412464253 0.004194992030958771 0
0.01141113461639085 0.0015900333686139 0
0.006899936293298508 0.004559753820062819 0
0.006643126161629164 0.004614034835999802 0
0.005130643245337307 0.003338600709507708 0
0.003248612401035494 0.006857909818615608 0
0.00492579318362886 0.002090238790479992 0
0.01341765822615491 0.0002290776506768022 0
0.01495875823033209 0.00128041295726361 0
0.01420215148907714 0.0001556331068075338 0
0.01229932090360054 0.0009098745215726169 0
0.001293699400214174 0.003167742560959099 0
0.01251531933279584 0.001227620827956623 0
0.01371033589641828 0.0002751955378577369 0
0.008770178404693308 0.005541057314690842 0
0.01178270886584831 0.00492402909896174 0
0.0003286329217080525 0.002134408791862296 0
0.005811404944120647 0.004814733295225131 0
0.008091073536006617 0.002973191451612108 0
0.006234013823007035 0.0006162953446015662 0
0.01536294575781587 0.006091638825271962 0
0.01339142031014556 0.003925842905068751 0
0.0002308473564521865 0.005429294512717488 0
0.01469957656545575 0.0007921876603047104 0
0.01650822750718709 0.006911416420851576 0
0.01693712760955633 0.004332000242488553 0
0.01670982378513293 0.001215266755966766 0
0.001497210911943255 0.006754003917382134 0
0.01254226222906155 0.0005544744244376332 0
0.002238504237669635 0.006182667271383207 0
0.002888853177123868 0.006714290881763734 0
0.006406826311921083 0.004490014260652844 0
0.0006549379425208335 0.004510661856158889 0
0.00389721462138732 0.002585536848565309 0
0.008173337827627669 0.0008621112127160523 0
0.01597906928014968 0.0001620300857533628 0
0.01054999514036253 0.006665262664418972 0
0.002164273335917596 0.004896973107031933 0
0.007758901309597528 0.00490505899846214 0
0.002154802292341229 0.003135612340242219 0
0.01614068443907844 0.006753855607929897 0
0.007100619428198154 0.0003933533100825286 0
0.009617711337041599 0.006640558970704796 0
0.006733639905163436 0.004682023428008746 0
0.001975675831950583 0.006711098003782276 0
0.0005407833276310659 0.006684177233702474 0
0.01048786613605767 0.003257205139611324 0
0.01201459416547919 0.001084301957083731 0
0.01576933958510632 0.001763509323959899 0
0.00407114429463515 0.006598536705860887 0
0.003010422234025542 0.006228295371830943 0
0.01203772179550137 0.00534653683659731 0
0.01186440915643623 0.001936650916360878 0
0.008465504894653026 0.005661180815614821 0
0.001792034492236744 0.006851631831461426 0
0.004765192696813546 0.005648712529349713 0
0.01398532946728325 0.000248981023632622 0
0.01627422385856062 0.004811892254891143 0
0.01514105896900081 0.001155053601733379 0
0.0003996403115052241 0.006236912852045941 0
0.006659160532635908 0.003707990036089376 0
0.008248696456305254 0.005426683482252501 0
0.01683926356531929 0.001527861162361881 0
0.008191667183974974 0.00176746509959945 0
0.0168399211231657 0.0003809401493963037 0
0.0001560054653569586 0.0006368237502199364 0
0.01251530542205815 0.0007797052301136776 0
0.001418323926961544 0.006256881872860049 0
0.000651161802604272 0.0002791550210821882 0
0.0107781905515237 0.006387277827383651 0
0.01635205431935674 0.005377835656884355 0
0.0003744794337606095 0.006846694233919716 0
0.01299246021512763 0.004814147440865293 0
0.005487473593535398 0.001146128246158128 0
0.001147239706217559 0.001144846313916129 0
0.01535623892907516 0.0001560619140985519 0
0.009810915427277215 0.002774613099416736 0
0.002905778738695741 0.006156456333680253 0
0.01612181757184494 0.006537656699879726 0
0.008115005646254038 0.004123220919230041 0
0.01310485158011124 0.003928210630941047 0
0.0150697384027256 0.004429975097392199 0
0.01489759657000527 0.004394600536983009 0
0.002996329840936261 0.005935165185577679 0
$EndNodes
$Elements
407 8730 1 8730
1 1 1 4
1 1 407 
2 407 408 
3 408 409 
4 409 2 
1 2 1 1
5 2 3 
1 3 1 1
6 3 4 
1 4 1 1
7 4 5 
1 5 1 1
8 5 6 
1 6 1 1
9 6 7 
1 7 1 1
10 7 8 
1 8 1 1
11 8 9 
1 9 1 1
12 9 10 
1 10 1 1
13 10 11 
1 11 1 1
14 11 12 
1 12 1 1
15 12 13 
1 13 1 1
16 13 14 
1 14 1 1
17 14 15 
1 15 1 1
18 15 16 
1 16 1 1
19 16 17 
1 17 1 1
20 17 18 
1 18 1 1
21 18 19 
1 19 1 1
22 19 20 
1 20 1 1
23 20 21 
1 21 1 1
24 21 22 
1 22 1 1
25 22 23 
1 23 1 1
26 23 24 
1 24 1 1
27 24 25 
1 25 1 1
28 25 26 
1 26 1 1
29 26 27 
1 27 1 1
30 27 28 
1 28 1 1
31 28 29 
1 29 1 1
32 29 30 
1 30 1 1
33 30 31 
1 31 1 1
34 31 32 
1 32 1 1
35 32 33 
1 33 1 1
36 33 34 
1 34 1 1
37 34 35 
1 35 1 1
38 35 36 
1 36 1 1
39 36 37 
1 37 1 1
40 37 38 
1 38 1 1
41 38 39 
1 39 1 1
42 39 40 
1 40 1 1
43 40 41 
1 41 1 1
44 41 42 
1 42 1 1
45 42 43 
1 43 1 1
46 43 44 
1 44 1 1
47 44 45 
1 45 1 1
48 45 46 
1 46 1 1
49 46 47 
1 47 1 1
50 47 48 
1 48 1 1
51 48 49 
1 49 1 1
52 49 50 
1 50 1 1
53 50 51 
1 51 1 1
54 51 52 
1 52 1 1
55 52 53 
1 53 1 1
56 53 54 
1 54 1 1
57 54 55 
1 55 1 1
58 55 56 
1 56 1 1
59 56 57 
1 57 1 1
60 57 58 
1 58 1 1
61 58 59 
1 59 1 1
62 59 60 
1 60 1 1
63 60 61 
1 61 1 1
64 61 62 
1 62 1 1
65 62 63 
1 63 1 1
66 63 64 
1 64 1 1
67 64 65 
1 65 1 1
68 65 66 
1 66 1 1
69 66 67 
1 67 1 1
70 67 68 
1 68 1 1
71 68 69 
1 69 1 1
72 69 70 
1 70 1 1
73 70 71 
1 71 1 1
74 71 72 
1 72 1 1
75 72 73 
1 73 1 1
76 73 74 
1 74 1 1
77 74 75 
1 75 1 1
78 75 76 
1 76 1 1
79 76 77 
1 77 1 1
80 77 78 
1 78 1 1
81 78 79 
1 79 1 1
82 79 80 
1 80 1 1
83 80 81 
1 81 1 1
84 81 82 
1 82 1 1
85 82 83 
1 83 1 1
86 83 84 
1 84 1 1
87 84 85 
1 85 1 1
88 85 86 
1 86 1 1
89 86 87 
1 87 1 1
90 87 88 
1 88 1 1
91 88 89 
1 89 1 1
92 89 90 
1 90 1 1
93 90 91 
1 91 1 1
94 91 92 
1 92 1 1
95 92 93 
1 93 1 1
96 93 94 
1 94 1 1
97 94 95 
1 95 1 1
98 95 96 
1 96 1 1
99 96 97 
1 97 1 1
100 97 98 
1 98 1 1
101 98 99 
1 99 1 1
102 99 100 
1 100 1 1
103 100 101 
1 101 1 1
104 101 102 
1 102 1 1
105 102 103 
1 103 1 1
106 103 104 
1 104 1 1
107 104 105 
1 105 1 1
108 105 106 
1 106 1 1
109 106 107 
1 107 1 1
110 107 108 
1 108 1 1
111 108 109 
1 109 1 1
112 109 110 
1 110 1 1
113 110 111 
1 111 1 1
114 111 112 
1 112 1 1
115 112 113 
1 113 1 1
116 113 114 
1 114 1 1
117 114 115 
1 115 1 1
118 115 116 
1 116 1 1
119 116 117 
1 117 1 1
120 117 118 
1 118 1 1
121 118 119 
1 119 1 1
122 119 120 
1 120 1 1
123 120 121 
1 121 1 1
124 121 122 
1 122 1 1
125 122 123 
1 123 1 1
126 123 124 
1 124 1 1
127 124 125 
1 125 1 1
128 125 126 
1 126 1 1
129 126 127 
1 127 1 1
130 127 128 
1 128 1 1
131 128 129 
1 129 1 1
132 129 130 
1 130 1 1
133 130 131 
1 131 1 1
134 131 132 
1 132 1 1
135 132 133 
1 133 1 1
136 133 134 
1 134 1 1
137 134 135 
1 135 1 1
138 135 136 
1 136 1 1
139 136 137 
1 137 1 1
140 137 138 
1 138 1 1
141 138 139 
1 139 1 1
142 139 140 
1 140 1 1
143 140 141 
1 141 1 1
144 141 142 
1 142 1 1
145 142 143 
1 143 1 1
146 143 144 
1 144 1 1
147 144 145 
1 145 1 1
148 145 146 
1 146 1 1
149 146 147 
1 147 1 1
150 147 148 
1 148 1 1
151 148 149 
1 149 1 1
152 149 150 
1 150 1 1
153 150 151 
1 151 1 1
154 151 152 
1 152 1 1
155 152 153 
1 153 1 1
156 153 154 
1 154 1 1
157 154 155 
1 155 1 1
158 155 156 
1 156 1 1
159 156 157 
1 157 1 1
160 157 158 
1 158 1 1
161 158 159 
1 159 1 1
162 159 160 
1 160 1 1
163 160 161 
1 161 1 1
164 161 162 
1 162 1 1
165 162 163 
1 163 1 1
166 163 164 
1 164 1 1
167 164 165 
1 165 1 1
168 165 166 
1 166 1 1
169 166 167 
1 167 1 1
170 167 168 
1 168 1 1
171 168 169 
1 169 1 1
172 169 170 
1 170 1 1
173 170 171 
1 171 1 1
174 171 172 
1 172 1 1
175 172 173 
1 173 1 1
176 173 174 
1 174 1 1
177 174 175 
1 175 1 1
178 175 176 
1 176 1 1
179 176 177 
1 177 1 1
180 177 178 
1 178 1 1
181 178 179 
1 179 1 1
182 179 180 
1 180 1 1
183 180 181 
1 181 1 1
184 181 182 
1 182 1 1
185 182 183 
1 183 1 1
186 183 184 
1 184 1 1
187 184 185 
1 185 1 1
188 185 186 
1 186 1 1
189 186 187 
1 187 1 1
190 187 188 
1 188 1 1
191 188 189 
1 189 1 1
192 189 190 
1 190 1 1
193 190 191 
1 191 1 1
194 191 192 
1 192 1 1
195 192 193 
1 193 1 1
196 193 194 
1 194 1 1
197 194 195 
1 195 1 1
198 195 196 
1 196 1 1
199 196 197 
1 197 1 1
200 197 198 
1 198 1 1
201 198 199 
1 199 1 1
202 199 200 
1 200 1 1
203 200 201 
1 201 1 1
204 201 202 
1 202 1 37
205 202 410 
206 410 411 
207 411 412 
208 412 413 
209 413 414 
210 414 415 
211 415 416 
212 416 417 
213 417 418 
214 418 419 
215 419 420 
216 420 421 
217 421 422 
218 422 423 
219 423 424 
220 424 425 
221 425 426 
222 426 427 
223 427 428 
224 428 429 
225 429 430 
226 430 431 
227 431 432 
228 432 433 
229 433 434 
230 434 435 
231 435 436 
232 436 437 
233 437 438 
234 438 439 
235 439 440 
236 440 441 
237 441 442 
238 442 443 
239 443 444 
240 444 445 
241 445 203 
1 203 1 70
242 203 446 
243 446 447 
244 447 448 
245 448 449 
246 449 450 
247 450 451 
248 451 452 
249 452 453 
250 453 454 
251 454 455 
252 455 456 
253 456 457 
254 457 458 
255 458 459 
256 459 460 
257 460 461 
258 461 462 
259 462 463 
260 463 464 
261 464 465 
262 465 466 
263 466 467 
264 467 468 
265 468 469 
266 469 470 
267 470 471 
268 471 472 
269 472 473 
270 473 474 
271 474 475 
272 475 476 
273 476 477 
274 477 478 
275 478 479 
276 479 480 
277 480 481 
278 481 482 
279 482 483 
280 483 484 
281 484 485 
282 485 486 
283 486 487 
284 487 488 
285 488 489 
286 489 490 
287 490 491 
288 491 492 
289 492 493 
290 493 494 
291 494 495 
292 495 496 
293 496 497 
294 497 498 
295 498 499 
296 499 500 
297 500 501 
298 501 502 
299 502 503 
300 503 504 
301 504 505 
302 505 506 
303 506 507 
304 507 508 
305 508 509 
306 509 510 
307 510 511 
308 511 512 
309 512 513 
310 513 514 
311 514 204 
1 204 1 4
312 204 515 
313 515 516 
314 516 517 
315 517 205 
1 205 1 1
316 205 206 
1 206 1 1
317 206 207 
1 207 1 1
318 207 208 
1 208 1 1
319 208 209 
1 209 1 1
320 209 210 
1 210 1 1
321 210 211 
1 211 1 1
322 211 212 
1 212 1 1
323 212 213 
1 213 1 1
324 213 214 
1 214 1 1
325 214 215 
1 215 1 1
326 215 216 
1 216 1 1
327 216 217 
1 217 1 1
328 217 218 
1 218 1 1
329 218 219 
1 219 1 1
330 219 220 
1 220 1 1
331 220 221 
1 221 1 1
332 221 222 
1 222 1 1
333 222 223 
1 223 1 1
334 223 224 
1 224 1 1
335 224 225 
1 225 1 1
336 225 226 
1 226 1 1
337 226 227 
1 227 1 1
338 227 228 
1 228 1 1
339 228 229 
1 229 1 1
340 229 230 
1 230 1 1
341 230 231 
1 231 1 1
342 231 232 
1 232 1 1
343 232 233 
1 233 1 1
344 233 234 
1 234 1 1
345 234 235 
1 235 1 1
346 235 236 
1 236 1 1
347 236 237 
1 237 1 1
348 237 238 
1 238 1 1
349 238 239 
1 239 1 1
350 239 240 
1 240 1 1
351 240 241 
1 241 1 1
352 241 242 
1 242 1 1
353 242 243 
1 243 1 1
354 243 244 
1 244 1 1
355 244 245 
1 245 1 1
356 245 246 
1 246 1 1
357 246 247 
1 247 1 1
358 247 248 
1 248 1 1
359 248 249 
1 249 1 1
360 249 250 
1 250 1 1
361 250 251 
1 251 1 1
362 251 252 
1 252 1 1
363 252 253 
1 253 1 1
364 253 254 
1 254 1 1
365 254 255 
1 255 1 1
366 255 256 
1 256 1 1
367 256 257 
1 257 1 1
368 257 258 
1 258 1 1
369 258 259 
1 259 1 1
370 259 260 
1 260 1 1
371 260 261 
1 261 1 1
372 261 262 
1 262 1 1
373 262 263 
1 263 1 1
374 263 264 
1 264 1 1
375 264 265 
1 265 1 1
376 265 266 
1 266 1 1
377 266 267 
1 267 1 1
378 267 268 
1 268 1 1
379 268 269 
1 269 1 1
380 269 270 
1 270 1 1
381 270 271 
1 271 1 1
382 271 272 
1 272 1 1
383 272 273 
1 273 1 1
384 273 274 
1 274 1 1
385 274 275 
1 275 1 1
386 275 276 
1 276 1 1
387 276 277 
1 277 1 1
388 277 278 
1 278 1 1
389 278 279 
1 279 1 1
390 279 280 
1 280 1 1
391 280 281 
1 281 1 1
392 281 282 
1 282 1 1
393 282 283 
1 283 1 1
394 283 284 
1 284 1 1
395 284 285 
1 285 1 1
396 285 286 
1 286 1 1
397 286 287 
1 287 1 1
398 287 288 
1 288 1 1
399 288 289 
1 289 1 1
400 289 290 
1 290 1 1
401 290 291 
1 291 1 1
402 291 292 
1 292 1 1
403 292 293 
1 293 1 1
404 293 294 
1 294 1 1
405 294 295 
1 295 1 1
406 295 296 
1 296 1 1
407 296 297 
1 297 1 1
408 297 298 
1 298 1 1
409 298 299 
1 299 1 1
410 299 300 
1 300 1 1
411 300 301 
1 301 1 1
412 301 302 
1 302 1 1
413 302 303 
1 303 1 1
414 303 304 
1 304 1 1
415 304 305 
1 305 1 1
416 305 306 
1 306 1 1
417 306 307 
1 307 1 1
418 307 308 
1 308 1 1
419 308 309 
1 309 1 1
420 309 310 
1 310 1 1
421 310 311 
1 311 1 1
422 311 312 
1 312 1 1
423 312 313 
1 313 1 1
424 313 314 
1 314 1 1
425 314 315 
1 315 1 1
426 315 316 
1 316 1 1
427 316 317 
1 317 1 1
428 317 318 
1 318 1 1
429 318 319 
1 319 1 1
430 319 320 
1 320 1 1
431 320 321 
1 321 1 1
432 321 322 
1 322 1 1
433 322 323 
1 323 1 1
434 323 324 
1 324 1 1
435 324 325 
1 325 1 1
436 325 326 
1 326 1 1
437 326 327 
1 327 1 1
438 327 328 
1 328 1 1
439 328 329 
1 329 1 1
440 329 330 
1 330 1 1
441 330 331 
1 331 1 1
442 331 332 
1 332 1 1
443 332 333 
1 333 1 1
444 333 334 
1 334 1 1
445 334 335 
1 335 1 1
446 335 336 
1 336 1 1
447 336 337 
1 337 1 1
448 337 338 
1 338 1 1
449 338 339 
1 339 1 1
450 339 340 
1 340 1 1
451 340 341 
1 341 1 1
452 341 342 
1 342 1 1
453 342 343 
1 343 1 1
454 343 344 
1 344 1 1
455 344 345 
1 345 1 1
456 345 346 
1 346 1 1
457 346 347 
1 347 1 1
458 347 348 
1 348 1 1
459 348 349 
1 349 1 1
460 349 350 
1 350 1 1
461 350 351 
1 351 1 1
462 351 352 
1 352 1 1
463 352 353 
1 353 1 1
464 353 354 
1 354 1 1
465 354 355 
1 355 1 1
466 355 356 
1 356 1 1
467 356 357 
1 357 1 1
468 357 358 
1 358 1 1
469 358 359 
1 359 1 1
470 359 360 
1 360 1 1
471 360 361 
1 361 1 1
472 361 362 
1 362 1 1
473 362 363 
1 363 1 1
474 363 364 
1 364 1 1
475 364 365 
1 365 1 1
476 365 366 
1 366 1 1
477 366 367 
1 367 1 1
478 367 368 
1 368 1 1
479 368 369 
1 369 1 1
480 369 370 
1 370 1 1
481 370 371 
1 371 1 1
482 371 372 
1 372 1 1
483 372 373 
1 373 1 1
484 373 374 
1 374 1 1
485 374 375 
1 375 1 1
486 375 376 
1 376 1 1
487 376 377 
1 377 1 1
488 377 378 
1 378 1 1
489 378 379 
1 379 1 1
490 379 380 
1 380 1 1
491 380 381 
1 381 1 1
492 381 382 
1 382 1 1
493 382 383 
1 383 1 1
494 383 384 
1 384 1 1
495 384 385 
1 385 1 1
496 385 386 
1 386 1 1
497 386 387 
1 387 1 1
498 387 388 
1 388 1 1
499 388 389 
1 389 1 1
500 389 390 
1 390 1 1
501 390 391 
1 391 1 1
502 391 392 
1 392 1 1
503 392 393 
1 393 1 1
504 393 394 
1 394 1 1
505 394 395 
1 395 1 1
506 395 396 
1 396 1 1
507 396 397 
1 397 1 1
508 397 398 
1 398 1 1
509 398 399 
1 399 1 1
510 399 400 
1 400 1 1
511 400 401 
1 401 1 1
512 401 402 
1 402 1 1
513 402 403 
1 403 1 1
514 403 404 
1 404 1 1
515 404 405 
1 405 1 37
516 405 518 
517 518 519 
518 519 520 
519 520 521 
520 521 522 
521 522 523 
522 523 524 
523 524 525 
524 525 526 
525 526 527 
526 527 528 
527 528 529 
528 529 530 
529 530 531 
530 531 532 
531 532 533 
532 533 534 
533 534 535 
534 535 536 
535 536 537 
536 537 538 
537 538 539 
538 539 540 
539 540 541 
540 541 542 
541 542 543 
542 543 544 
543 544 545 
544 545 546 
545 546 547 
546 547 548 
547 548 549 
548 549 550 
549 550 551 
550 551 552 
551 552 553 
552 553 406 
1 406 1 70
553 406 554 
554 554 555 
555 555 556 
556 556 557 
557 557 558 
558 558 559 
559 559 560 
560 560 561 
561 561 562 
562 562 563 
563 563 564 
564 564 565 
565 565 566 
566 566 567 
567 567 568 
568 568 569 
569 569 570 
570 570 571 
571 571 572 
572 572 573 
573 573 574 
574 574 575 
575 575 576 
576 576 577 
577 577 578 
578 578 579 
579 579 580 
580 580 581 
581 581 582 
582 582 583 
583 583 584 
584 584 585 
585 585 586 
586 586 587 
587 587 588 
588 588 589 
589 589 590 
590 590 591 
591 591 592 
592 592 593 
593 593 594 
594 594 595 
595 595 596 
596 596 597 
597 597 598 
598 598 599 
599 599 600 
600 600 601 
601 601 602 
602 602 603 
603 603 604 
604 604 605 
605 605 606 
606 606 607 
607 607 608 
608 608 609 
609 609 610 
610 610 611 
611 611 612 
612 612 613 
613 613 614 
614 614 615 
615 615 616 
616 616 617 
617 617 618 
618 618 619 
619 619 620 
620 620 621 
621 621 622 
622 622 1 
2 1 2 8108
623 2517 3516 667 
624 1905 2393 1861 
625 2847 3484 2482 
626 2482 3484 3078 
627 1985 2613 2612 
628 2548 2633 1047 
629 1997 2929 2470 
630 1733 2601 2339 
631 1905 3028 2393 
632 634 3497 2264 
633 3378 3587 2127 
634 3169 3601 2424 
635 2264 3533 634 
636 3491 3495 2713 
637 2396 2400 1809 
638 3251 3974 2599 
639 2352 2839 1107 
640 744 3065 2803 
641 3029 3245 633 
642 1262 3628 3127 
643 3127 3612 1262 
644 2553 3645 1094 
645 2401 4020 2498 
646 2424 3601 713 
647 1539 2774 2052 
648 2270 4002 1189 
649 2233 2570 2024 
650 2522 2523 1826 
651 960 3743 2228 
652 1216 2829 2593 
653 2369 2877 2505 
654 1107 2839 2246 
655 2498 3745 2401 
656 1166 4011 3666 
657 671 2672 2671 
658 308 3887 702 
659 105 3888 773 
660 2607 3227 1152 
661 1431 2700 1429 
662 2567 3623 3090 
663 1681 2612 2601 
664 2394 4054 1153 
665 2817 2818 691 
666 2793 2855 1994 
667 1985 2614 2613 
668 674 3917 3448 
669 2769 3900 643 
670 1997 2470 1525 
671 2736 3545 2792 
672 1221 4033 2192 
673 680 2780 2710 
674 2437 3857 3298 
675 2650 3041 718 
676 2594 3051 2595 
677 2601 2602 2339 
678 2272 4013 1204 
679 802 2949 2948 
680 1742 4151 2260 
681 919 2865 923 
682 2491 3003 3002 
683 2358 3237 2095 
684 2803 3273 744 
685 2904 3505 3295 
686 589 2925 588 
687 2520 3607 3236 
688 478 3300 477 
689 1883 4304 3616 
690 2233 3133 2570 
691 3108 3354 1983 
692 2953 2984 2955 
693 1995 2999 2925 
694 632 2984 2521 
695 2110 3414 2747 
696 2883 3612 3127 
697 3277 4103 2328 
698 2818 2819 691 
699 742 3049 2906 
700 337 2874 336 
701 2747 3414 1967 
702 2260 2262 1742 
703 2571 3394 663 
704 2843 2844 1058 
705 1681 3739 2612 
706 1320 3345 2499 
707 2423 4085 1325 
708 3001 3626 2589 
709 207 4307 206 
710 1782 3730 2249 
711 1500 2679 2556 
712 2820 3884 2400 
713 2427 2428 1403 
714 2377 2722 2721 
715 668 3557 2348 
716 2271 3708 3332 
717 783 2859 2635 
718 2329 3859 1212 
719 3330 3902 1208 
720 3090 3623 2854 
721 2680 3672 3217 
722 663 3366 2571 
723 1244 3997 1290 
724 748 3625 2867 
725 2625 3342 3073 
726 667 3500 2517 
727 2598 2599 2033 
728 3051 3052 2595 
729 2032 3006 2867 
730 1094 3968 2553 
731 2701 4048 1226 
732 1399 4007 2366 
733 1659 3262 2519 
734 3236 3607 763 
735 2530 4116 3045 
736 1226 4048 1449 
737 985 2548 1047 
738 2377 2721 2378 
739 2722 3094 828 
740 2684 2685 1823 
741 1136 2774 1539 
742 2040 3736 3229 
743 2682 3997 1244 
744 2660 4103 3277 
745 2246 3403 1107 
746 2877 3471 2505 
747 2348 3348 668 
748 3238 3388 2246 
749 2971 3504 677 
750 1103 2352 1107 
751 2493 3481 753 
752 2955 2984 632 
753 1429 2700 1434 
754 2882 3465 1889 
755 753 3206 2493 
756 2140 2879 2642 
757 2599 3423 3251 
758 2622 2729 725 
759 3146 3307 2967 
760 2829 3593 2593 
761 836 3235 2732 
762 3224 3703 3693 
763 633 3553 3029 
764 1212 3859 1401 
765 2411 2417 1477 
766 2904 3893 3505 
767 843 3026 2723 
768 2555 4186 950 
769 2245 3314 940 
770 2396 2820 2400 
771 2375 2376 1774 
772 1600 3915 2326 
773 1761 2750 2749 
774 2451 2452 2119 
775 2426 3550 1180 
776 2925 2999 740 
777 2700 3943 1434 
778 2867 3625 2868 
779 2592 2711 2164 
780 775 2740 2739 
781 802 3246 2949 
782 786 3517 3349 
783 3181 3246 700 
784 2477 4286 1904 
785 2696 3971 837 
786 2675 2812 898 
787 2656 2657 793 
788 920 2972 2863 
789 2140 2642 1973 
790 1130 2687 1180 
791 3089 3803 2190 
792 2788 3985 967 
793 2499 3345 2432 
794 2760 3812 1527 
795 1039 4110 1003 
796 2321 3793 2319 
797 828 3095 2722 
798 3181 3408 3246 
799 1152 4346 2607 
800 2771 3457 1151 
801 3793 3943 2319 
802 1941 4289 1448 
803 2737 3827 1197 
804 2532 3342 2625 
805 2639 4200 3370 
806 1151 3457 2950 
807 3133 3487 853 
808 2040 3229 2448 
809 3448 3917 2823 
810 2109 4217 2968 
811 3130 3531 2832 
812 2518 3886 2055 
813 2679 2680 2557 
814 1126 4210 3972 
815 2722 3095 2721 
816 643 3900 2924 
817 1021 2685 2684 
818 3137 3574 2191 
819 2127 3622 3378 
820 3320 3787 3319 
821 798 3253 2929 
822 3349 3956 786 
823 2658 3704 3282 
824 3327 4278 977 
825 2929 3253 2930 
826 2686 3071 703 
827 2639 3370 3221 
828 2792 3368 2791 
829 2867 3006 748 
830 389 3086 388 
831 1197 3827 2912 
832 3217 3672 662 
833 1842 3456 2873 
834 445 3017 444 
835 3396 3684 2289 
836 1205 2272 1204 
837 2227 2764 2681 
838 2931 3183 2872 
839 2635 3372 783 
840 1591 4224 2367 
841 1190 2270 1189 
842 793 3139 2656 
843 2745 2873 1980 
844 837 3226 2696 
845 1154 2394 1153 
846 2489 2824 1890 
847 2157 3544 3543 
848 1326 2423 1325 
849 2931 3726 3183 
850 3344 3516 2517 
851 1818 3617 2787 
852 2275 4158 2277 
853 2560 3955 1142 
854 1336 3463 2782 
855 2792 2963 2736 
856 2873 4179 1842 
857 2055 3886 3134 
858 2906 3049 2338 
859 2468 2485 2469 
860 3282 3704 648 
861 2640 3357 719 
862 2603 3668 666 
863 3169 3590 3589 
864 3211 3573 1652 
865 1412 2659 2572 
866 2638 3702 728 
867 2033 2673 2671 
868 1187 4084 2508 
869 921 3794 2475 
870 2862 2863 1780 
871 3266 3937 1583 
872 2768 3723 1977 
873 2732 3235 3022 
874 960 2228 957 
875 2922 2983 2920 
876 2475 4216 921 
877 2623 3261 907 
878 2409 2410 1617 
879 3805 3806 2565 
880 1750 2829 1269 
881 2742 3639 2708 
882 991 4170 2870 
883 920 2863 2862 
884 3045 4116 812 
885 2917 4208 2610 
886 1500 2556 1446 
887 3201 3675 3497 
888 402 3454 401 
889 2277 4158 1419 
890 697 3197 2561 
891 2722 3271 3094 
892 3309 3912 784 
893 1281 2763 1442 
894 2890 3180 628 
895 2694 2696 2090 
896 3121 3266 1536 
897 765 3086 389 
898 1769 2451 2119 
899 3127 3628 2061 
900 1003 4110 2933 
901 3158 3653 2877 
902 1792 2406 2041 
903 1399 2366 1396 
904 1743 2384 1323 
905 2417 3385 1477 
906 2801 2802 1835 
907 1221 2192 1219 
908 2221 3432 3338 
909 1021 2684 2548 
910 1930 3108 1983 
911 1602 2892 2420 
912 2648 4214 625 
913 1852 2667 2606 
914 2941 4095 2129 
915 3349 3517 3348 
916 755 3626 3001 
917 3495 3854 2713 
918 3174 3637 2544 
919 2606 3959 3091 
920 1591 2367 1404 
921 2780 4161 2710 
922 2708 3639 2709 
923 2544 3637 2962 
924 2130 2732 1923 
925 2646 3535 2644 
926 2562 3806 3805 
927 2828 3300 478 
928 2824 2826 811 
929 2641 4187 827 
930 2733 4112 1463 
931 1516 2985 1532 
932 1431 3398 2700 
933 1412 2572 1409 
934 1519 2396 1809 
935 688 3778 2600 
936 743 2828 479 
937 1419 3591 2277 
938 2964 3290 794 
939 983 3923 2811 
940 2675 3864 2812 
941 2161 3180 2890 
942 2406 3026 2041 
943 1953 2708 1846 
944 1743 4159 2384 
945 2096 3163 2835 
946 1015 2712 1042 
947 3179 3261 2623 
948 1027 2919 951 
949 1719 3492 2880 
950 950 4019 2555 
951 2436 2437 1886 
952 3321 3621 2452 
953 983 2811 981 
954 2325 2370 2301 
955 2932 3412 3190 
956 57 3310 56 
957 1714 2522 1826 
958 1529 4056 2538 
959 445 4003 3017 
960 2839 3238 2246 
961 1644 2838 1647 
962 2138 3915 1600 
963 2838 3090 1647 
964 3609 3702 2638 
965 3091 3959 830 
966 240 2946 239 
967 705 3574 3137 
968 784 3912 3532 
969 791 3354 3108 
970 838 3939 3411 
971 2577 2579 1877 
972 1016 2843 1058 
973 713 3774 2424 
974 3171 3506 3170 
975 1027 2920 2919 
976 2671 2673 671 
977 864 3714 7 
978 636 2938 176 
979 2187 3329 2049 
980 2765 3172 679 
981 198 3528 197 
982 3298 3857 2422 
983 3241 3607 2814 
984 2758 2897 2232 
985 1597 3198 2963 
986 1703 4107 2726 
987 1292 2427 1403 
988 3239 3881 3676 
989 2997 3290 2964 
990 335 2806 334 
991 2291 2292 1161 
992 2821 4211 2473 
993 1895 2494 2215 
994 2209 2997 1797 
995 518 3514 405 
996 2561 3436 697 
997 1748 2592 2164 
998 1214 3469 3397 
999 758 3531 3130 
1000 2627 4212 2899 
1001 978 3327 977 
1002 2667 3959 2606 
1003 2079 2814 1964 
1004 3058 3287 3057 
1005 965 2788 967 
1006 2543 2545 1637 
1007 1295 2411 1477 
1008 1953 2742 2708 
1009 1594 2598 2033 
1010 2033 2671 1845 
1011 1032 3743 960 
1012 929 4123 2256 
1013 3660 4157 1823 
1014 1634 2489 1890 
1015 666 3420 2603 
1016 2877 3653 852 
1017 2745 4179 2873 
1018 1659 3698 3262 
1019 2791 3368 2995 
1020 2301 2370 2304 
1021 2873 3456 2931 
1022 2676 3340 3250 
1023 2973 3575 1347 
1024 2109 2968 2767 
1025 1127 2615 1108 
1026 1462 2733 1463 
1027 3663 4096 1504 
1028 2936 2982 1969 
1029 2556 2679 2557 
1030 2249 3427 1782 
1031 1529 2538 1492 
1032 2865 3783 923 
1033 1451 3526 3360 
1034 3128 4128 2059 
1035 1889 3465 2483 
1036 815 3044 2670 
1037 3087 4304 1883 
1038 2221 3507 3432 
1039 3189 3338 722 
1040 1806 2596 2345 
1041 2485 2911 2469 
1042 2626 3716 639 
1043 636 2982 2936 
1044 1683 2601 1733 
1045 2412 2717 2413 
1046 839 3974 3251 
1047 588 2925 740 
1048 1810 2518 2055 
1049 1899 4093 2494 
1050 956 2176 2175 
1051 2846 4093 1899 
1052 2687 3759 1180 
1053 2721 3095 2720 
1054 2181 3612 2883 
1055 1621 2375 1774 
1056 2484 2917 2610 
1057 3296 3434 2740 
1058 2183 3412 2932 
1059 2506 4142 3450 
1060 3170 3509 3131 
1061 2680 3217 2697 
1062 2703 2928 1149 
1063 702 3030 2934 
1064 1315 2576 1229 
1065 2860 3196 652 
1066 2814 3607 2813 
1067 1980 2872 2871 
1068 2835 3163 801 
1069 759 2901 2900 
1070 2820 3561 3439 
1071 3004 3182 3003 
1072 2753 3224 857 
1073 1166 3666 1066 
1074 2385 2738 2390 
1075 2837 3571 1859 
1076 2370 4082 2304 
1077 2644 3535 761 
1078 2800 3862 995 
1079 1448 4289 2763 
1080 1514 2886 1184 
1081 915 2865 919 
1082 677 3602 2971 
1083 1127 4120 2615 
1084 1187 2508 1148 
1085 1915 2691 2183 
1086 2521 3788 632 
1087 958 2785 2784 
1088 647 3782 2664 
1089 2771 3258 1901 
1090 279 2794 278 
1091 479 2828 478 
1092 672 3306 2529 
1093 1652 3573 1656 
1094 1448 2763 1286 
1095 2289 3684 2290 
1096 176 2938 175 
1097 2717 4268 2413 
1098 827 3097 2641 
1099 2880 3540 1719 
1100 3249 4231 3428 
1101 3222 3277 2328 
1102 2555 4019 2923 
1103 746 3456 3052 
1104 3250 3864 2676 
1105 702 3887 3030 
1106 3075 3852 1655 
1107 2855 3415 1994 
1108 2739 2741 775 
1109 2632 4043 2349 
1110 1269 2829 1164 
1111 2503 3987 2502 
1112 1527 3812 1485 
1113 2604 3967 2234 
1114 2876 3038 3037 
1115 2549 4352 1757 
1116 3247 3537 701 
1117 2705 2706 2356 
1118 2580 3600 2030 
1119 2032 2867 1939 
1120 1839 2577 1877 
1121 2190 3803 1738 
1122 1470 2695 1990 
1123 1959 2813 2520 
1124 1771 2895 1481 
1125 2847 3756 681 
1126 1843 2495 2000 
1127 899 3445 895 
1128 776 3506 3171 
1129 949 2663 948 
1130 1375 2987 2801 
1131 2010 2580 2030 
1132 1600 2326 1467 
1133 2217 2976 2218 
1134 1828 2540 2501 
1135 895 3445 897 
1136 401 3454 400 
1137 1662 2745 1660 
1138 3564 3741 2536 
1139 2573 2657 2656 
1140 2557 2639 1841 
1141 2922 3511 1410 
1142 929 2256 927 
1143 2576 3409 1407 
1144 3316 3620 2180 
1145 773 3888 2917 
1146 1001 4170 991 
1147 2237 2238 1816 
1148 1935 2506 1836 
1149 1060 2687 1130 
1150 2637 2985 1516 
1151 2557 4200 2639 
1152 2770 2908 1200 
1153 2291 2293 2292 
1154 2470 2930 2382 
1155 1344 3925 2350 
1156 2096 2835 1888 
1157 2602 2603 2339 
1158 2837 3286 1084 
1159 2603 3156 2906 
1160 1143 2770 1200 
1161 2654 4214 2648 
1162 2506 3450 2507 
1163 3175 3857 2437 
1164 904 2862 1780 
1165 2635 3682 3372 
1166 3640 3816 580 
1167 2899 4212 635 
1168 857 3771 2753 
1169 2723 3026 2406 
1170 2220 3338 2777 
1171 1181 2775 1182 
1172 3169 3589 850 
1173 266 2965 265 
1174 2311 2978 2313 
1175 1916 3135 2887 
1176 718 3755 2650 
1177 725 3927 2622 
1178 2130 3675 2732 
1179 1152 3227 2199 
1180 2447 4009 3141 
1181 2023 2604 2234 
1182 1798 2916 2211 
1183 1589 2409 1617 
1184 1935 4142 2506 
1185 1933 2885 1934 
1186 1208 4267 3330 
1187 1433 4315 2649 
1188 1913 3994 2752 
1189 2403 4167 2810 
1190 2796 3791 1023 
1191 336 2874 650 
1192 2573 2656 2429 
1193 1309 2472 1271 
1194 3110 3111 2547 
1195 3393 4009 3818 
1196 720 3883 2610 
1197 2306 2634 2318 
1198 1088 2703 1149 
1199 2904 3295 2647 
1200 2554 3645 2553 
1201 2797 3791 2796 
1202 1040 2837 1084 
1203 1765 2477 1904 
1204 1750 3593 2829 
1205 2221 3582 3507 
1206 1222 2855 2793 
1207 1885 2436 1886 
1208 2775 4078 1182 
1209 2349 4043 2561 
1210 2132 3260 2550 
1211 3804 3880 1827 
1212 2627 2899 2057 
1213 1474 4000 2724 
1214 1144 2560 1142 
1215 2405 3351 3074 
1216 2529 3581 672 
1217 2095 2988 2358 
1218 2169 2702 2208 
1219 1458 2391 1460 
1220 3004 3629 3182 
1221 1761 2749 1629 
1222 2523 2527 1826 
1223 199 3528 198 
1224 1079 2551 1071 
1225 2157 3543 1962 
1226 1240 3198 1597 
1227 1504 4096 3945 
1228 1956 2984 2953 
1229 2299 2325 2301 
1230 2967 3462 3146 
1231 2649 3120 1488 
1232 2079 3240 2814 
1233 1897 2626 2190 
1234 1437 2649 1488 
1235 1920 2861 2653 
1236 1197 3122 2737 
1237 2658 3282 2657 
1238 1091 2898 1067 
1239 1312 2801 1835 
1240 2452 3621 2119 
1241 1092 2199 1094 
1242 2713 3492 3491 
1243 2502 3987 3392 
1244 1892 4056 1529 
1245 2948 3922 3301 
1246 1208 3902 1141 
1247 3171 4258 776 
1248 2259 3020 3000 
1249 2712 3005 1042 
1250 969 2402 966 
1251 650 2806 335 
1252 1315 4139 2576 
1253 1336 3822 3463 
1254 2692 2800 995 
1255 676 4319 3205 
1256 1009 3952 2342 
1257 2763 4289 1442 
1258 3242 3795 2706 
1259 2527 3825 3732 
1260 2178 3114 3105 
1261 995 3862 994 
1262 2790 2791 979 
1263 3094 3271 710 
1264 1977 3723 1517 
1265 3209 3762 3406 
1266 2273 3994 1913 
1267 768 3800 3471 
1268 2541 3696 3478 
1269 3676 3813 2574 
1270 2542 3965 1543 
1271 2844 3880 1058 
1272 1298 3027 2809 
1273 2980 3816 3640 
1274 2663 3219 948 
1275 2634 3996 2318 
1276 3380 3707 861 
1277 2600 3778 2455 
1278 2543 2962 2545 
1279 2473 2822 2821 
1280 2295 2536 2296 
1281 1613 2653 1784 
1282 3471 3800 2505 
1283 3036 3647 2537 
1284 2724 2725 2460 
1285 2196 3459 3437 
1286 1160 2291 1161 
1287 866 3881 3239 
1288 1857 2690 2225 
1289 1064 2688 1062 
1290 3393 3818 664 
1291 2863 2864 1780 
1292 1971 2729 2622 
1293 2827 2828 743 
1294 997 2692 995 
1295 1757 4352 1917 
1296 2664 3304 647 
1297 976 2790 979 
1298 2765 4163 3172 
1299 2354 2705 2356 
1300 4044 4345 3070 
1301 940 3315 2245 
1302 2584 4267 3955 
1303 719 3842 2640 
1304 1668 2745 1980 
1305 2021 3402 2674 
1306 1835 4153 2808 
1307 3483 3878 2707 
1308 2612 3739 1985 
1309 1083 2662 1508 
1310 2447 3141 1999 
1311 1756 2582 2034 
1312 2309 3564 2536 
1313 3332 3708 1618 
1314 1581 2543 1637 
1315 2437 3298 1886 
1316 2707 3199 2446 
1317 2469 3686 1576 
1318 1107 2674 1102 
1319 2034 3351 2405 
1320 3279 3992 2897 
1321 3192 3992 3279 
1322 2962 3973 2545 
1323 2805 4038 1112 
1324 2652 4040 1093 
1325 1988 4161 2780 
1326 2495 3555 3225 
1327 1909 2529 2395 
1328 1536 3266 1583 
1329 1820 2685 2126 
1330 2229 4231 3249 
1331 2973 3779 2863 
1332 2158 3756 2847 
1333 1309 4074 2472 
1334 2945 3165 3164 
1335 2707 3878 2451 
1336 1183 2637 1516 
1337 1597 2963 2792 
1338 3557 3849 2348 
1339 2293 2295 2294 
1340 1243 1244 1242 
1341 1138 1192 1137 
1342 2495 4215 2000 
1343 2384 2738 2385 
1344 1453 1839 1470 
1345 2969 3016 772 
1346 1532 2985 1922 
1347 639 3440 2626 
1348 2391 4132 1460 
1349 1288 1458 1289 
1350 3202 3860 3815 
1351 1241 1242 1240 
1352 2249 3730 2942 
1353 1175 2939 2160 
1354 1455 1492 1454 
1355 589 3855 2925 
1356 2538 2686 2539 
1357 1825 2534 1977 
1358 2355 2951 2586 
1359 1232 3932 3140 
1360 4064 4080 2088 
1361 2029 4005 2632 
1362 1441 1732 1466 
1363 938 3383 941 
1364 1798 2209 1797 
1365 1808 2525 2524 
1366 1180 3759 2426 
1367 1491 1939 1527 
1368 1314 1634 1313 
1369 1775 2096 1888 
1370 1880 2111 1831 
1371 1752 2200 1751 
1372 1495 1895 1494 
1373 3617 4329 2787 
1374 2326 2327 1783 
1375 1979 2466 2465 
1376 1110 1158 1090 
1377 2564 4047 1098 
1378 2650 3134 3041 
1379 2611 4278 3327 
1380 2380 3248 1729 
1381 1323 2384 1324 
1382 2462 4044 1675 
1383 1847 2379 2375 
1384 1728 2134 1843 
1385 2256 2257 1037 
1386 1593 2396 1519 
1387 1167 1288 1168 
1388 2457 2459 2458 
1389 2885 2967 1934 
1390 1860 2392 2391 
1391 1231 1453 1452 
1392 2412 2413 2411 
1393 2471 4167 2403 
1394 1030 3237 2358 
1395 1074 2467 1076 
1396 2616 2617 1039 
1397 1193 1420 1192 
1398 1988 2226 1824 
1399 1572 1857 1747 
1400 1815 2237 1816 
1401 3475 3947 2691 
1402 3539 3700 733 
1403 1404 2367 1406 
1404 1014 4095 2941 
1405 1722 1993 1630 
1406 1794 2406 1792 
1407 1923 2732 1986 
1408 1767 2035 1768 
1409 853 3597 3133 
1410 2494 3787 2215 
1411 1056 2662 1046 
1412 1264 1580 1444 
1413 969 4057 2402 
1414 1835 2808 1603 
1415 2429 2434 2427 
1416 1038 1090 1031 
1417 1803 2161 1804 
1418 1623 2057 1723 
1419 1971 2622 1970 
1420 2402 2471 2403 
1421 1882 2174 1815 
1422 1897 2190 1738 
1423 1721 2289 2288 
1424 1203 1441 1209 
1425 1757 1917 1502 
1426 1442 1825 1517 
1427 1351 1757 1502 
1428 1507 2609 2509 
1429 2498 4020 1505 
1430 1539 1540 1538 
1431 854 3918 2563 
1432 2342 2343 1017 
1433 1841 2068 1615 
1434 1511 1524 1512 
1435 1673 2462 1675 
1436 3369 3386 2992 
1437 3411 3939 2902 
1438 2363 2364 1741 
1439 1662 4179 2745 
1440 1473 2457 2456 
1441 1524 1997 1525 
1442 375 2891 374 
1443 1929 2594 1811 
1444 1204 1491 1485 
1445 1060 1130 1059 
1446 1110 1171 1158 
1447 1624 1944 1585 
1448 1325 1775 1448 
1449 2708 2709 2028 
1450 1264 1444 1199 
1451 1932 2072 2071 
1452 2737 3122 2066 
1453 655 3961 2512 
1454 1038 1110 1090 
1455 3519 3875 2039 
1456 1772 2451 1769 
1457 2593 2978 1216 
1458 2134 2495 1843 
1459 1351 1502 1222 
1460 1142 3955 1208 
1461 1344 2350 1342 
1462 2419 2498 1505 
1463 1482 1810 1424 
1464 2454 3196 2860 
1465 1552 1728 1570 
1466 703 3850 2686 
1467 1422 2412 2411 
1468 1183 1278 1184 
1469 3401 3875 1616 
1470 2635 2859 1914 
1471 2802 2803 1835 
1472 1422 2411 1295 
1473 3045 3756 2530 
1474 1612 1920 1613 
1475 1083 1357 1356 
1476 1827 3121 1536 
1477 1899 2494 1895 
1478 1717 2266 2265 
1479 1728 1843 1570 
1480 2564 3542 1966 
1481 956 2175 954 
1482 1939 1940 1527 
1483 3565 4267 2584 
1484 1733 2338 2337 
1485 678 3947 3475 
1486 3100 4207 3631 
1487 2479 2977 2415 
1488 1925 1995 1778 
1489 1769 2119 1770 
1490 1741 3889 1384 
1491 1153 1264 1199 
1492 1162 1216 1160 
1493 1445 1841 1615 
1494 3225 4215 2495 
1495 1775 1888 1448 
1496 1191 1319 1212 
1497 3360 3526 1926 
1498 2936 2938 636 
1499 1508 1509 1357 
1500 1766 4024 2500 
1501 2215 3787 3320 
1502 1718 2341 2340 
1503 1178 1299 1179 
1504 1130 1178 1131 
1505 1033 1059 1032 
1506 1491 1527 1485 
1507 1175 1313 1173 
1508 1189 1351 1222 
1509 1497 2354 2353 
1510 1149 1454 1139 
1511 1490 1897 1738 
1512 1972 2641 2136 
1513 1841 2639 2068 
1514 1408 2429 2427 
1515 1510 1511 1509 
1516 1093 1152 1092 
1517 1879 2669 2442 
1518 1668 1979 1669 
1519 1929 4347 2594 
1520 1229 2576 1407 
1521 1052 1092 1051 
1522 3146 3924 3307 
1523 2421 4016 2035 
1524 2266 2827 2269 
1525 2387 2795 2389 
1526 2551 3976 1071 
1527 1825 1977 1517 
1528 2355 2357 2354 
1529 1487 1724 1489 
1530 1619 1900 1523 
1531 3732 3825 822 
1532 1455 1529 1492 
1533 3024 3025 712 
1534 3011 3658 3164 
1535 1480 1769 1481 
1536 1126 3972 1028 
1537 3611 3824 428 
1538 1081 3775 2939 
1539 1149 1455 1454 
1540 1980 2871 1979 
1541 3314 3737 3149 
1542 1540 1584 1542 
1543 1184 2886 1122 
1544 2254 3700 3539 
1545 1239 1240 1022 
1546 2614 2655 2613 
1547 1441 1466 1209 
1548 1488 2486 1487 
1549 1590 1970 1589 
1550 2983 3938 2920 
1551 2617 3123 1039 
1552 971 1038 1031 
1553 671 3633 2672 
1554 278 2794 749 
1555 1806 2345 1884 
1556 1962 3543 1966 
1557 2035 4016 2981 
1558 1887 2231 1885 
1559 2659 2660 2658 
1560 2710 3019 680 
1561 2970 3016 2969 
1562 1861 2393 1860 
1563 2968 3775 1081 
1564 2057 2058 1723 
1565 1437 1487 1438 
1566 1584 1815 1727 
1567 1481 2895 1218 
1568 1516 1531 1278 
1569 1532 1885 1531 
1570 1805 2463 2462 
1571 1821 2635 1914 
1572 3237 3687 2263 
1573 2537 3647 2308 
1574 2158 2847 1944 
1575 2267 2268 2266 
1576 2482 3811 2481 
1577 2023 2233 2024 
1578 1583 1988 1824 
1579 2868 3245 3029 
1580 2930 4148 2382 
1581 1474 2724 1473 
1582 1108 2615 1132 
1583 1955 3024 2518 
1584 1506 3925 1344 
1585 2429 2656 2434 
1586 2402 2403 968 
1587 1444 4140 2598 
1588 657 3300 2619 
1589 2457 2724 2460 
1590 1226 1449 1225 
1591 3488 3515 770 
1592 2183 2932 2182 
1593 1522 4156 2332 
1594 3052 3456 2595 
1595 2784 3945 2786 
1596 2621 2934 2409 
1597 3371 3787 2494 
1598 1966 3543 2564 
1599 2756 2757 1773 
1600 2375 3093 2376 
1601 1906 2065 1907 
1602 2766 2832 785 
1603 2863 3779 2864 
1604 833 4198 3857 
1605 1583 4161 1988 
1606 3002 3605 2491 
1607 1636 2489 1634 
1608 2969 4347 1929 
1609 1857 2225 1747 
1610 1549 3696 2541 
1611 2726 3683 1703 
1612 2610 4208 720 
1613 1055 1137 1053 
1614 1634 1890 1635 
1615 1955 2518 1810 
1616 2010 2029 2011 
1617 2695 3444 1990 
1618 1792 2041 1793 
1619 643 3204 2769 
1620 2077 3357 2640 
1621 1420 1585 1421 
1622 1925 2999 1995 
1623 3220 3621 844 
1624 1593 2397 2396 
1625 1321 1752 1751 
1626 2805 3594 2092 
1627 1200 1424 1181 
1628 3437 3459 631 
1629 2785 3945 2784 
1630 2259 3000 2999 
1631 2233 3487 3133 
1632 3370 4200 782 
1633 1467 2326 1783 
1634 2102 3158 1993 
1635 1515 2743 1311 
1636 666 3668 2655 
1637 2777 3338 3189 
1638 1449 1792 1493 
1639 1093 4040 1152 
1640 2413 4268 2718 
1641 1920 2653 1613 
1642 2492 3848 2060 
1643 2205 3953 3542 
1644 1464 1831 1462 
1645 1710 2524 1712 
1646 2472 2473 1526 
1647 2476 2477 1765 
1648 1991 2544 2543 
1649 1129 1191 1135 
1650 1009 2342 1000 
1651 1722 2102 1993 
1652 625 3678 2648 
1653 1229 1407 1171 
1654 1427 1429 1428 
1655 901 2675 898 
1656 1459 1860 1458 
1657 1165 3619 2989 
1658 1075 1111 1074 
1659 1836 2506 2070 
1660 2415 2717 2412 
1661 1136 1538 1537 
1662 3228 3537 3247 
1663 2603 3420 3156 
1664 2876 3214 3038 
1665 1408 2427 1292 
1666 1839 1877 1470 
1667 1466 2592 1748 
1668 1608 2476 1765 
1669 3058 3396 2289 
1670 1946 4253 2511 
1671 694 3795 3242 
1672 1112 4038 1167 
1673 750 3973 2962 
1674 1112 1167 1111 
1675 1375 4017 2987 
1676 2861 3659 2653 
1677 1321 1751 1315 
1678 1606 1832 1608 
1679 1444 2598 1594 
1680 2783 3143 2361 
1681 2681 3966 2227 
1682 1495 1899 1895 
1683 1010 2713 2712 
1684 1932 2071 1580 
1685 2227 2914 2764 
1686 1490 1738 1330 
1687 1571 3864 3250 
1688 2716 3317 2840 
1689 1035 1074 1034 
1690 2753 4005 2029 
1691 1453 1470 1452 
1692 2297 2309 2295 
1693 951 2919 953 
1694 1445 1615 1399 
1695 1788 2091 1945 
1696 1026 1051 1025 
1697 1583 1824 1535 
1698 1201 1422 1295 
1699 1730 2139 2138 
1700 1336 2782 1333 
1701 1244 1290 1246 
1702 1467 1783 1416 
1703 585 3021 658 
1704 1200 1482 1424 
1705 1748 2164 1915 
1706 756 4330 2578 
1707 1153 1199 1127 
1708 1902 2513 2110 
1709 1625 2720 2719 
1710 3076 3685 2253 
1711 1292 1403 1259 
1712 1048 1166 1066 
1713 1482 1955 1810 
1714 2258 3999 2259 
1715 1999 2549 1757 
1716 1730 2138 1600 
1717 2596 3488 2345 
1718 1982 2439 2438 
1719 1359 1589 1319 
1720 2038 2421 2035 
1721 1552 1570 1550 
1722 1594 2033 1845 
1723 2563 3596 854 
1724 1836 2070 1736 
1725 2538 2539 1928 
1726 1547 1549 1545 
1727 1294 2719 1447 
1728 2680 2697 2557 
1729 1189 1222 1133 
1730 2384 2385 1324 
1731 2385 2390 2387 
1732 1325 1448 1286 
1733 1425 1427 1426 
1734 1845 2671 1953 
1735 2906 3156 742 
1736 1380 1797 1378 
1737 2164 2691 1915 
1738 3157 3857 3175 
1739 2208 3504 2971 
1740 1630 2369 1631 
1741 1939 2867 1940 
1742 2099 2330 2015 
1743 1044 1083 1043 
1744 1204 1485 1169 
1745 1641 2085 1665 
1746 1215 1612 1484 
1747 1840 1968 1839 
1748 1823 4157 2684 
1749 1612 1613 1484 
1750 1492 2538 1928 
1751 1828 2501 1619 
1752 1442 1517 1280 
1753 1318 3932 1232 
1754 971 1031 969 
1755 927 2256 1037 
1756 2945 3615 3165 
1757 977 2143 975 
1758 2839 3691 2008 
1759 1700 2265 1704 
1760 1019 1126 1028 
1761 2581 3600 2580 
1762 1342 1450 1340 
1763 1821 1914 1626 
1764 1203 1209 1145 
1765 2089 2093 1732 
1766 1902 2110 1875 
1767 1388 2363 1386 
1768 2512 3451 655 
1769 1752 2202 2200 
1770 1410 3422 2922 
1771 1696 2340 1698 
1772 1623 1723 1556 
1773 1108 1132 1105 
1774 3852 4199 1655 
1775 1460 1991 1581 
1776 2463 2842 2462 
1777 1138 1193 1192 
1778 1949 2178 2177 
1779 1706 2288 1708 
1780 1970 2621 2409 
1781 1241 1243 1242 
1782 2428 2435 2431 
1783 1191 1212 1135 
1784 1944 2482 2481 
1785 2830 3848 2225 
1786 1219 1480 1218 
1787 2013 2099 2015 
1788 2819 3732 822 
1789 2568 3611 2566 
1790 2950 3457 1876 
1791 1239 1241 1240 
1792 1279 1767 1766 
1793 1372 1593 1519 
1794 1380 1798 1797 
1795 1812 1892 1529 
1796 1585 2481 1586 
1797 1921 2772 1920 
1798 1847 2375 1621 
1799 1704 1721 1706 
1800 1572 1747 1562 
1801 1248 1419 1245 
1802 1271 1526 1195 
1803 1621 1774 1352 
1804 1380 2916 1798 
1805 1465 1778 1309 
1806 1429 1434 1430 
1807 724 3283 3133 
1808 801 3275 2835 
1809 1062 2687 1060 
1810 1933 1934 1743 
1811 966 2402 968 
1812 1708 1808 1710 
1813 2573 2659 2658 
1814 2567 3090 2087 
1815 2397 2820 2396 
1816 1288 1289 1168 
1817 2194 4279 1340 
1818 2487 2488 2486 
1819 1404 1406 1223 
1820 2945 3933 774 
1821 1724 2083 2073 
1822 931 1077 929 
1823 1895 2215 1896 
1824 757 3509 3170 
1825 2520 3236 2521 
1826 2552 3776 2562 
1827 1290 1495 1494 
1828 1923 1986 1591 
1829 1698 1717 1700 
1830 2691 3947 2183 
1831 2927 4257 821 
1832 1660 1668 1661 
1833 2540 3255 2501 
1834 1243 1245 1244 
1835 2001 2907 2166 
1836 1314 1636 1634 
1837 2091 2727 1945 
1838 2090 2695 2694 
1839 2271 4184 972 
1840 1714 1826 1716 
1841 1290 1494 1291 
1842 1458 1460 1289 
1843 993 3465 2882 
1844 2697 4200 2557 
1845 374 2891 655 
1846 1952 2986 1542 
1847 1900 2445 1987 
1848 1423 1743 1323 
1849 1811 2595 1842 
1850 1120 1151 1118 
1851 1386 1741 1384 
1852 1693 1718 1696 
1853 1972 2136 1745 
1854 1401 1722 1630 
1855 1756 2034 1755 
1856 1810 2055 2054 
1857 1968 2577 1839 
1858 2326 2746 2327 
1859 2313 2978 2593 
1860 2083 2216 2073 
1861 1274 1323 1273 
1862 913 1030 910 
1863 1580 4140 1444 
1864 1683 1733 1685 
1865 1794 2407 2406 
1866 1271 2472 1526 
1867 2293 2294 2292 
1868 1268 1625 1294 
1869 3575 3890 1350 
1870 2784 2786 1018 
1871 1231 1452 1187 
1872 3758 4113 2251 
1873 2085 2086 1665 
1874 2026 2569 2142 
1875 1687 1803 1689 
1876 2035 2036 1768 
1877 4115 4116 2822 
1878 1724 2073 1725 
1879 2885 3254 799 
1880 1055 1138 1137 
1881 328 3015 327 
1882 1323 1324 1273 
1883 1924 2130 1923 
1884 1267 1268 1164 
1885 2379 4129 2375 
1886 1998 2053 1997 
1887 1991 2543 1581 
1888 2427 4256 2428 
1889 1543 3965 890 
1890 1050 3587 3378 
1891 2167 2856 2702 
1892 1175 1314 1313 
1893 1744 1933 1743 
1894 1592 1923 1591 
1895 1188 1231 1187 
1896 2178 4006 3114 
1897 2333 2348 1832 
1898 2685 3689 1823 
1899 3542 3953 1966 
1900 2030 2753 2029 
1901 2323 2634 2306 
1902 1000 2342 1017 
1903 1729 4320 2380 
1904 2177 3481 2493 
1905 2592 3705 2711 
1906 1798 2210 2209 
1907 3338 3432 722 
1908 1102 1157 1100 
1909 2950 3843 1116 
1910 2743 2744 1573 
1911 1401 1630 1402 
1912 1025 3645 2923 
1913 1820 3689 2685 
1914 1300 1518 1302 
1915 1405 1591 1404 
1916 3397 4261 1214 
1917 2550 3374 2132 
1918 2409 2934 2410 
1919 805 4031 2629 
1920 3497 3675 2130 
1921 2777 3362 2220 
1922 974 2790 976 
1923 2049 3329 2051 
1924 1342 2350 1450 
1925 2309 2536 2295 
1926 2075 2359 1933 
1927 3229 3736 1406 
1928 1064 4141 2688 
1929 2541 2542 1543 
1930 1754 2089 1732 
1931 793 3438 3139 
1932 1909 2395 1911 
1933 1808 2524 1710 
1934 2986 3121 2844 
1935 1588 2442 1599 
1936 1858 2371 1857 
1937 3409 3410 1407 
1938 1005 2616 1039 
1939 1252 2624 1250 
1940 927 1037 925 
1941 2060 2627 2057 
1942 1308 2353 1361 
1943 2499 4111 1320 
1944 1740 2382 2381 
1945 1062 2688 2687 
1946 2494 4093 3371 
1947 1349 2456 1346 
1948 1622 1847 1621 
1949 1525 2470 1740 
1950 1105 2352 1103 
1951 1074 1076 1034 
1952 2900 4035 759 
1953 2457 2458 2456 
1954 2802 3273 2803 
1955 1888 2835 2120 
1956 1346 1506 1344 
1957 1589 1617 1319 
1958 1363 2419 1365 
1959 1851 4068 2600 
1960 1100 2564 1098 
1961 1245 2682 1244 
1962 2024 2570 2026 
1963 728 3707 2638 
1964 1764 2286 2081 
1965 1096 2652 1093 
1966 1065 1129 1064 
1967 2362 3635 3168 
1968 1449 1794 1792 
1969 894 2241 1019 
1970 1726 4000 1474 
1971 1036 2552 937 
1972 1608 4285 2476 
1973 987 2548 985 
1974 1098 1150 1096 
1975 1392 2509 1390 
1976 1702 3592 2845 
1977 1306 1497 1308 
1978 1964 2814 2813 
1979 2521 2984 1958 
1980 1812 2630 1892 
1981 2011 2349 2013 
1982 1464 1880 1831 
1983 1021 2548 987 
1984 937 2552 935 
1985 2392 2648 2391 
1986 933 2807 931 
1987 1712 2522 1714 
1988 1497 2951 2355 
1989 1875 2747 1873 
1990 527 3604 2728 
1991 2632 3853 865 
1992 1767 1768 1766 
1993 2536 4305 2296 
1994 1167 1168 1111 
1995 1278 1279 1184 
1996 2848 3099 709 
1997 1224 1404 1223 
1998 2064 4283 3806 
1999 1372 1519 1373 
2000 2459 2461 2458 
2001 1911 2273 1913 
2002 954 1050 952 
2003 1005 1039 1003 
2004 775 3711 2740 
2005 1869 2368 1867 
2006 2892 2893 2420 
2007 1852 2606 1851 
2008 2018 2604 2020 
2009 1685 2337 1687 
2010 1088 1149 1139 
2011 1027 2921 2920 
2012 1979 2465 1669 
2013 1539 1541 1540 
2014 847 4196 2856 
2015 1746 1972 1745 
2016 1736 2362 1731 
2017 2634 4012 3996 
2018 1636 2991 2489 
2019 3521 4249 2248 
2020 477 3300 657 
2021 2995 3124 2791 
2022 3813 4325 2574 
2023 1010 2712 1006 
2024 1563 1572 1562 
2025 1625 2719 1294 
2026 1865 2454 1863 
2027 1829 2449 1828 
2028 2595 3456 1842 
2029 2990 4032 2388 
2030 1881 2957 2077 
2031 3631 4207 2583 
2032 886 2755 1215 
2033 2375 4129 3093 
2034 3349 3847 2400 
2035 1894 2708 2028 
2036 3360 4329 1451 
2037 2262 2380 1742 
2038 3164 3658 2450 
2039 2435 4213 3344 
2040 2428 2431 2430 
2041 1507 2509 1392 
2042 1375 2801 1263 
2043 2005 2580 2007 
2044 1978 2032 1939 
2045 1800 3772 3331 
2046 1904 2221 2220 
2047 1860 2391 1458 
2048 1378 2804 1322 
2049 1772 2707 2451 
2050 1045 2866 1055 
2051 1024 1034 1008 
2052 1885 1886 1531 
2053 1361 1602 1363 
2054 1584 1882 1815 
2055 1047 3923 983 
2056 2786 2787 1018 
2057 797 2946 240 
2058 2525 2526 2524 
2059 1427 1431 1429 
2060 2057 2899 2058 
2061 1195 2815 1193 
2062 975 2271 972 
2063 2231 2436 1885 
2064 2772 2861 1920 
2065 3386 3430 3293 
2066 1102 2674 1157 
2067 1913 2752 2108 
2068 2364 3130 2832 
2069 2547 3115 3110 
2070 3543 3544 1150 
2071 2077 2640 1880 
2072 1867 2076 1865 
2073 2155 3912 3309 
2074 1519 1809 1520 
2075 864 3830 2759 
2076 2435 3344 2431 
2077 1667 1929 1811 
2078 2721 3669 2378 
2079 985 1047 983 
2080 1390 1753 1388 
2081 1136 1539 1538 
2082 1329 1352 1267 
2083 2382 2716 2383 
2084 1488 2487 2486 
2085 1846 2708 1894 
2086 1466 4349 2592 
2087 1627 1821 1626 
2088 1988 2780 2226 
2089 2363 2365 2364 
2090 1984 4044 3070 
2091 2735 3151 1838 
2092 1133 2793 1129 
2093 1056 4062 2662 
2094 2320 2361 2322 
2095 2010 2030 2029 
2096 2476 3849 3084 
2097 1465 1925 1778 
2098 935 1078 933 
2099 2493 3206 2497 
2100 1511 1512 1509 
2101 1524 1525 1512 
2102 1171 2418 1158 
2103 1612 2755 1921 
2104 3880 4155 1827 
2105 1545 2541 1543 
2106 1033 1060 1059 
2107 954 2175 1050 
2108 1152 2199 1092 
2109 1463 1619 1523 
2110 1557 1623 1556 
2111 2749 2750 2636 
2112 1212 1401 1213 
2113 2473 4211 1526 
2114 1946 2511 1949 
2115 1146 1203 1145 
2116 1822 2596 1806 
2117 1803 1804 1689 
2118 2236 2667 1854 
2119 2040 2447 1999 
2120 1917 2563 2206 
2121 1631 1906 1633 
2122 1116 1165 1114 
2123 2265 3960 1704 
2124 1130 1180 1178 
2125 1353 1621 1352 
2126 1826 2528 1716 
2127 1660 2745 1668 
2128 2217 2218 1955 
2129 1006 2712 1015 
2130 2603 2906 2339 
2131 1770 2756 1773 
2132 1384 3889 2916 
2133 1007 2616 1005 
2134 2449 2540 1828 
2135 1216 2978 2291 
2136 1992 1999 1757 
2137 2339 2906 2338 
2138 1480 1772 1769 
2139 1320 2624 1252 
2140 1590 1971 1970 
2141 1764 2081 1756 
2142 1092 1094 1051 
2143 1721 2288 1706 
2144 1669 2465 1671 
2145 1681 2601 1683 
2146 2068 3221 2229 
2147 1386 2363 1741 
2148 2875 2945 2450 
2149 1065 1133 1129 
2150 2491 3004 3003 
2151 2141 2848 2140 
2152 2474 4216 2475 
2153 2268 2827 2266 
2154 2582 3351 2034 
2155 1473 2456 1349 
2156 2308 2325 2299 
2157 1123 1183 1122 
2158 2718 3166 2558 
2159 1917 2206 1918 
2160 2885 4072 3254 
2161 1909 4127 2529 
2162 2020 2023 2022 
2163 1970 2409 1589 
2164 3133 3283 2570 
2165 2199 3191 1094 
2166 2023 2234 2233 
2167 1522 2332 1606 
2168 547 3096 546 
2169 2957 4053 2077 
2170 1176 2637 1125 
2171 1785 2502 1788 
2172 1871 2100 1869 
2173 2533 4080 4064 
2174 1197 2912 1198 
2175 2608 4128 3128 
2176 1420 1624 1585 
2177 2728 4088 527 
2178 1281 1442 1280 
2179 2439 2441 2438 
2180 2612 2613 2602 
2181 1830 2875 1829 
2182 1107 3403 2674 
2183 1437 1488 1487 
2184 1158 1201 1159 
2185 1863 1905 1861 
2186 2569 2571 2142 
2187 1931 1932 1580 
2188 1330 2423 1326 
2189 2407 2723 2406 
2190 1087 2774 1136 
2191 2804 4226 1322 
2192 2119 2756 1770 
2193 1114 2805 1112 
2194 2524 4067 1712 
2195 3452 3737 3312 
2196 1637 2546 1638 
2197 963 1032 960 
2198 2146 2626 1897 
2199 918 1011 914 
2200 1365 1505 1367 
2201 2727 3604 626 
2202 2304 2323 2306 
2203 1882 2881 2174 
2204 2515 3364 2996 
2205 1365 2419 1505 
2206 2467 3268 1076 
2207 2866 3460 1055 
2208 2825 4263 1890 
2209 2007 2580 2010 
2210 1003 2933 1001 
2211 2875 3933 2945 
2212 2359 2885 1933 
2213 2719 4328 1447 
2214 2115 3707 3380 
2215 1183 1184 1122 
2216 3057 3287 2269 
2217 943 3620 3316 
2218 1693 3963 1718 
2219 3024 3948 2518 
2220 2318 3996 2783 
2221 1993 2877 2369 
2222 1845 1953 1846 
2223 2647 3583 2904 
2224 3662 4180 3023 
2225 1497 2355 2354 
2226 2465 4309 1671 
2227 3417 3783 2865 
2228 1083 1356 1043 
2229 2354 2356 2353 
2230 1854 2667 1852 
2231 1832 4285 1608 
2232 866 3239 3030 
2233 2345 2346 1884 
2234 1880 2640 2111 
2235 1170 1204 1169 
2236 2599 3974 2033 
2237 1232 3140 1231 
2238 2295 2296 2294 
2239 1900 2759 2445 
2240 1080 1160 1079 
2241 2035 2981 2036 
2242 1444 1594 1469 
2243 1732 4349 1466 
2244 1856 2236 1854 
2245 2007 2010 2009 
2246 1603 1806 1515 
2247 764 3015 2752 
2248 2694 3971 2696 
2249 1355 1473 1349 
2250 1287 1325 1286 
2251 2497 3530 2496 
2252 1769 1770 1481 
2253 1433 1437 1436 
2254 1299 1300 1179 
2255 2434 4256 2427 
2256 2108 2196 2145 
2257 2750 2776 2636 
2258 1169 2394 1154 
2259 2390 2795 2387 
2260 1083 1508 1357 
2261 1995 2833 1996 
2262 1594 1845 1595 
2263 2076 2454 1865 
2264 2446 3482 2707 
2265 1969 2982 1968 
2266 1524 1998 1997 
2267 1717 2265 1700 
2268 1982 2440 2439 
2269 1610 3806 3776 
2270 761 3912 2644 
2271 1254 1320 1252 
2272 1008 2504 1009 
2273 1388 4100 2363 
2274 2856 3376 847 
2275 2600 3346 688 
2276 1178 1179 1131 
2277 1586 1879 1588 
2278 2501 4351 1619 
2279 2020 2604 2023 
2280 1433 2649 1437 
2281 2887 4062 2886 
2282 2798 4102 3783 
2283 1234 1318 1232 
2284 2481 4282 1586 
2285 1675 1984 1677 
2286 2044 2943 2046 
2287 1130 1131 1059 
2288 1311 2743 1573 
2289 1964 2813 1961 
2290 2357 2705 2354 
2291 3202 3815 835 
2292 1670 3075 1661 
2293 1991 3678 2544 
2294 2742 3395 767 
2295 2479 4265 2977 
2296 1668 1980 1979 
2297 1139 2770 1140 
2298 1551 1552 1550 
2299 2534 2924 1977 
2300 1121 1145 1120 
2301 1129 1135 1064 
2302 2355 2585 2357 
2303 1733 2337 1685 
2304 2653 3991 1784 
2305 1260 1292 1259 
2306 2413 2558 2417 
2307 1201 1295 1202 
2308 1821 2749 2636 
2309 3295 3508 2646 
2310 1806 1884 1515 
2311 2953 2954 1935 
2312 1663 1745 1664 
2313 2732 3675 836 
2314 1848 2455 1847 
2315 1658 1660 1657 
2316 816 3335 3009 
2317 1280 2272 1205 
2318 1805 2462 1673 
2319 844 3634 3220 
2320 2312 3009 2310 
2321 2217 3865 2976 
2322 2362 4244 1731 
2323 2631 2817 2630 
2324 2713 3854 2712 
2325 2403 2810 2809 
2326 1873 3975 3913 
2327 2671 2672 1953 
2328 1620 1828 1619 
2329 1508 1510 1509 
2330 1718 2340 1696 
2331 2332 2333 1832 
2332 1956 2953 1936 
2333 2382 2383 2381 
2334 1052 1093 1092 
2335 2997 4104 1797 
2336 2060 4098 2492 
2337 3166 3901 2558 
2338 1745 2250 1664 
2339 2248 4249 3821 
2340 1520 4156 1522 
2341 822 3839 2819 
2342 1915 2183 2182 
2343 3319 3787 780 
2344 1843 2000 1844 
2345 2258 2259 1925 
2346 2161 2163 1804 
2347 1477 3385 3374 
2348 1487 1489 1438 
2349 1014 2942 1012 
2350 1295 1477 1296 
2351 1073 1425 1277 
2352 2456 4150 1346 
2353 2136 3758 2251 
2354 1973 2642 1972 
2355 1080 1162 1160 
2356 2918 3695 2785 
2357 2556 2557 1841 
2358 1476 1726 1474 
2359 1829 2875 2450 
2360 1671 1805 1673 
2361 2670 3811 815 
2362 963 1033 1032 
2363 865 4043 2632 
2364 2568 3824 3611 
2365 3693 3703 685 
2366 2630 2927 1892 
2367 1497 2353 1308 
2368 1658 1662 1660 
2369 1515 4274 2743 
2370 2532 2625 2316 
2371 2662 3135 1508 
2372 1026 1052 1051 
2373 2414 2415 2412 
2374 2738 3837 2390 
2375 3191 3968 1094 
2376 1830 2876 2875 
2377 2519 3211 1659 
2378 1430 4315 1433 
2379 2034 2405 2088 
2380 1548 1550 1547 
2381 1733 2339 2338 
2382 2174 2237 1815 
2383 1510 1513 1511 
2384 2000 2907 2001 
2385 3611 4358 2566 
2386 2712 3854 3005 
2387 2042 2191 2044 
2388 2003 2846 1899 
2389 627 3751 3446 
2390 3149 3383 3314 
2391 1540 1542 1538 
2392 2296 2308 2299 
2393 1304 2951 1306 
2394 1717 2267 2266 
2395 1238 1273 1236 
2396 2100 2368 1869 
2397 2506 2507 2070 
2398 1084 2703 1085 
2399 3009 3335 2310 
2400 1163 1267 1164 
2401 2693 3541 2834 
2402 1347 3779 2973 
2403 2073 3347 2074 
2404 1968 2578 2577 
2405 1626 2468 1577 
2406 1542 2986 1538 
2407 1887 2232 2231 
2408 2561 3197 2099 
2409 1283 2763 1281 
2410 2642 4187 2641 
2411 2318 2783 2320 
2412 1619 4351 1900 
2413 1667 1811 1666 
2414 2371 2690 1857 
2415 964 2748 961 
2416 1015 1042 1040 
2417 1668 1669 1661 
2418 1648 3177 1659 
2419 1223 2270 1190 
2420 2289 2290 2288 
2421 1124 2939 1175 
2422 2606 4068 1851 
2423 1944 2847 2482 
2424 833 3857 3157 
2425 1859 3286 2837 
2426 1128 1153 1127 
2427 1319 2329 1212 
2428 2883 4154 2181 
2429 910 2358 908 
2430 1216 2291 1160 
2431 2161 2890 2163 
2432 1532 1887 1885 
2433 1183 1516 1278 
2434 1480 1481 1218 
2435 2036 2135 2121 
2436 1562 2492 1559 
2437 2046 2643 2048 
2438 1944 2481 1585 
2439 1172 1229 1171 
2440 1761 3362 2750 
2441 1898 2146 1897 
2442 1400 1445 1399 
2443 1584 1727 1542 
2444 1663 1664 1662 
2445 2323 2878 2634 
2446 1142 1208 1141 
2447 1961 2813 1959 
2448 2169 2208 2171 
2449 1311 1573 1228 
2450 4174 4263 2825 
2451 1118 2950 1116 
2452 1516 1532 1531 
2453 958 2784 959 
2454 2822 4116 2821 
2455 2379 3778 3104 
2456 1359 1590 1589 
2457 1011 2676 2675 
2458 1044 2662 1083 
2459 1965 2079 1964 
2460 2794 3901 749 
2461 2562 3805 1078 
2462 1815 1816 1727 
2463 2572 2573 2429 
2464 1369 1372 1371 
2465 2055 2650 2056 
2466 2349 2561 2099 
2467 1137 4036 1053 
2468 1150 2652 1096 
2469 2457 2460 2459 
2470 1394 1507 1392 
2471 3954 4250 2889 
2472 2136 2251 2250 
2473 1124 1175 1173 
2474 1293 1408 1292 
2475 2068 2229 2069 
2476 2748 4248 961 
2477 1989 3544 3407 
2478 1748 1915 1749 
2479 1995 1996 1778 
2480 2686 3766 3071 
2481 1850 1851 1848 
2482 1514 2887 2886 
2483 1186 1187 1148 
2484 973 1239 1022 
2485 1492 1928 1927 
2486 1914 2859 2485 
2487 1134 1189 1133 
2488 2814 3240 841 
2489 2464 2889 2463 
2490 2954 4142 1935 
2491 2416 2479 2415 
2492 2523 2857 2527 
2493 1740 2470 2382 
2494 2647 3713 3583 
2495 1624 2158 1944 
2496 1000 1017 997 
2497 1466 1748 1478 
2498 2815 4042 1193 
2499 1331 1490 1330 
2500 3162 3875 3401 
2501 2167 2702 2169 
2502 3796 4263 4174 
2503 2629 4227 805 
2504 3209 3406 1439 
2505 3201 3497 634 
2506 741 3143 2783 
2507 1447 1756 1755 
2508 3065 3936 2803 
2509 2089 2940 2093 
2510 2041 2042 1793 
2511 1891 2128 2067 
2512 630 3430 3386 
2513 1546 1547 1545 
2514 2177 2493 2179 
2515 1888 2120 1941 
2516 1109 1127 1108 
2517 1575 1576 1569 
2518 3882 3883 720 
2519 1553 2608 1552 
2520 2023 2024 2022 
2521 2257 2959 1037 
2522 1182 1226 1225 
2523 2251 3652 2250 
2524 1932 2760 2080 
2525 2289 3287 3058 
2526 2166 2856 2167 
2527 3423 3720 3213 
2528 1879 2442 1588 
2529 3221 4231 2229 
2530 3768 4319 676 
2531 1510 3135 1916 
2532 1894 2028 2005 
2533 2050 2189 2188 
2534 372 3187 371 
2535 1971 2731 2730 
2536 2198 3080 1804 
2537 907 3322 2623 
2538 419 4214 2654 
2539 1975 2140 1973 
2540 2979 2980 2488 
2541 690 3257 2981 
2542 1550 3285 1547 
2543 3392 4088 2728 
2544 1767 2038 2035 
2545 2487 2979 2488 
2546 2163 2628 2253 
2547 1984 1985 1677 
2548 1579 1626 1577 
2549 2674 3403 2021 
2550 1567 1568 1565 
2551 1263 2801 1312 
2552 2340 4070 1698 
2553 882 3519 2039 
2554 2392 2654 2648 
2555 1140 2770 1143 
2556 2091 2728 2727 
2557 1473 2724 2457 
2558 2293 2297 2295 
2559 3231 3662 842 
2560 1911 2395 2273 
2561 2740 3711 3296 
2562 1459 1861 1860 
2563 874 3434 3296 
2564 1860 2393 2392 
2565 1792 1793 1493 
2566 3713 3752 2350 
2567 2128 2336 2067 
2568 1634 1635 1313 
2569 2640 2751 2111 
2570 2702 3504 2208 
2571 1599 1982 1981 
2572 1561 1562 1559 
2573 989 1021 987 
2574 2654 3982 419 
2575 1906 1907 1633 
2576 1143 1200 1181 
2577 3215 3317 2716 
2578 2826 3466 811 
2579 1606 1608 1607 
2580 2353 4105 1361 
2581 939 1036 937 
2582 2921 2922 2920 
2583 1157 2564 1100 
2584 1994 3415 2731 
2585 2266 2269 2265 
2586 1160 1161 1079 
2587 1460 4132 1991 
2588 2978 3926 2291 
2589 1288 1459 1458 
2590 1949 2177 1950 
2591 3230 4180 3662 
2592 2545 2547 2546 
2593 2809 3904 1298 
2594 2085 3288 2086 
2595 651 3659 2861 
2596 1211 1223 1190 
2597 1286 2763 1283 
2598 2344 2762 2693 
2599 1145 3308 1120 
2600 2113 3549 2807 
2601 781 2992 2840 
2602 3104 4129 2379 
2603 1675 4044 1984 
2604 3091 4068 2606 
2605 2911 3194 659 
2606 2145 3437 2491 
2607 2159 2530 2158 
2608 1230 1315 1229 
2609 3530 4327 2496 
2610 100 3436 99 
2611 2232 3907 2758 
2612 1727 2761 1952 
2613 2503 4313 3991 
2614 2996 3364 1568 
2615 1449 1493 1225 
2616 1803 2162 2161 
2617 2086 2568 2566 
2618 3155 4252 2510 
2619 3670 4199 3642 
2620 2431 2517 2432 
2621 1437 1438 1436 
2622 2129 3638 2941 
2623 2016 2027 2018 
2624 1164 2829 1162 
2625 1420 1421 1192 
2626 2010 2011 2009 
2627 799 2967 2885 
2628 1163 1164 1162 
2629 2824 2825 1890 
2630 2546 4237 1638 
2631 2048 3173 2050 
2632 2413 2718 2558 
2633 2400 3847 1809 
2634 2041 3137 2042 
2635 2563 3792 3596 
2636 2768 2769 2032 
2637 1075 1112 1111 
2638 2038 2422 2421 
2639 1536 1583 1535 
2640 1268 1294 1269 
2641 2026 2570 2569 
2642 1244 1246 1242 
2643 1074 4254 2467 
2644 1037 4269 925 
2645 2343 2845 2344 
2646 2369 4195 1631 
2647 953 2919 2915 
2648 1419 2682 1245 
2649 1008 4291 2504 
2650 1035 1075 1074 
2651 1555 1556 1553 
2652 1660 1661 1657 
2653 2133 2264 2131 
2654 3131 3534 3130 
2655 2746 3244 693 
2656 2314 2324 2312 
2657 2086 2566 2087 
2658 1207 1280 1205 
2659 1805 2464 2463 
2660 3927 4259 2622 
2661 1034 4291 1008 
2662 1123 2637 1183 
2663 4080 4342 1750 
2664 1429 1430 1428 
2665 2288 4001 1708 
2666 1487 4133 1724 
2667 2033 3974 2673 
2668 1258 1259 1256 
2669 1959 2520 1958 
2670 2893 3795 3274 
2671 1007 4364 2616 
2672 2100 2966 2368 
2673 841 3241 2814 
2674 2520 2521 1958 
2675 2867 2868 1940 
2676 1811 1842 1666 
2677 792 3561 2665 
2678 3583 3925 2903 
2679 1367 2661 1369 
2680 626 3799 2727 
2681 2256 2913 2257 
2682 1111 4254 1074 
2683 225 2952 224 
2684 2476 4285 3849 
2685 2432 3709 2499 
2686 2377 3271 2722 
2687 1040 1084 1041 
2688 1018 2788 965 
2689 2548 2684 2633 
2690 1427 1428 1426 
2691 2791 3124 979 
2692 2981 3257 2135 
2693 2297 2310 2309 
2694 1425 2331 1427 
2695 1957 1958 1956 
2696 2491 3437 3004 
2697 2001 2166 2149 
2698 1285 1286 1283 
2699 952 2663 949 
2700 1316 1321 1315 
2701 1116 3843 1165 
2702 1453 1840 1839 
2703 1042 2837 1040 
2704 2005 4251 2580 
2705 3830 3981 2759 
2706 2081 2583 2582 
2707 970 971 969 
2708 2111 2112 1831 
2709 3332 4184 2271 
2710 766 3375 2711 
2711 2509 4252 1390 
2712 1053 4036 2767 
2713 1914 2485 2468 
2714 2672 3395 2742 
2715 3081 3928 2114 
2716 3407 3544 2157 
2717 1993 2369 1630 
2718 1771 2896 2895 
2719 2350 3752 1450 
2720 1936 2953 1935 
2721 2816 3552 721 
2722 2428 2430 1403 
2723 3139 4004 2434 
2724 197 3528 860 
2725 1822 2597 2596 
2726 2018 4218 2604 
2727 2690 4233 2225 
2728 2351 3901 2794 
2729 2276 2816 2003 
2730 1156 1169 1154 
2731 2787 4096 1818 
2732 1982 2438 1981 
2733 1024 1035 1034 
2734 1608 1765 1609 
2735 1804 3080 1689 
2736 3600 3703 3224 
2737 2715 2834 2714 
2738 1045 1055 1053 
2739 3851 3868 2144 
2740 679 3399 2765 
2741 3642 4199 2252 
2742 1050 2663 952 
2743 2393 3381 2392 
2744 2626 3934 2190 
2745 1780 2865 915 
2746 908 920 905 
2747 919 921 918 
2748 931 2807 1077 
2749 3191 3470 1976 
2750 1198 1219 1218 
2751 1724 1725 1489 
2752 2253 3685 3129 
2753 1294 1447 1443 
2754 2073 2074 1725 
2755 1425 1426 1277 
2756 1191 1359 1319 
2757 1760 1761 1629 
2758 2739 2808 2741 
2759 1505 2661 1367 
2760 1136 1537 1086 
2761 1417 1467 1416 
2762 2608 3128 1728 
2763 2889 4250 2463 
2764 3416 4045 2440 
2765 1106 1108 1105 
2766 2619 3551 657 
2767 3783 4102 923 
2768 1398 1399 1396 
2769 1970 2622 2621 
2770 1085 2703 1088 
2771 1979 2871 2466 
2772 2188 3358 2248 
2773 1162 2829 1216 
2774 2415 2977 2717 
2775 1067 2898 1069 
2776 1513 4276 1511 
2777 1500 4119 2681 
2778 2081 2582 1756 
2779 1895 1896 1494 
2780 1998 3399 2053 
2781 2726 4107 3323 
2782 1544 1545 1543 
2783 2711 3705 766 
2784 3773 4097 3883 
2785 1585 1586 1421 
2786 1228 2701 1226 
2787 1958 2984 1956 
2788 1664 1667 1666 
2789 765 3699 3086 
2790 2389 3863 2937 
2791 2943 4303 2046 
2792 1930 1983 1929 
2793 1087 1136 1086 
2794 1013 1044 1043 
2795 3500 3556 3499 
2796 2927 3766 1892 
2797 1840 1969 1968 
2798 2225 3554 2830 
2799 1008 1009 1000 
2800 2679 2764 2680 
2801 1328 1330 1326 
2802 2445 2446 1987 
2803 1531 2666 1278 
2804 2689 3548 928 
2805 1468 1600 1467 
2806 3143 3446 2361 
2807 1569 2996 1568 
2808 1165 2805 1114 
2809 2091 3392 2728 
2810 2739 2740 2597 
2811 1363 4189 2419 
2812 1072 1080 1079 
2813 2486 4133 1487 
2814 1540 2668 1584 
2815 1314 3008 1636 
2816 2286 4354 2081 
2817 2473 2823 2822 
2818 1119 1120 1118 
2819 2979 3988 2322 
2820 1837 1935 1836 
2821 2767 4036 2109 
2822 2320 2783 2361 
2823 1530 1812 1529 
2824 2113 4183 3805 
2825 3095 3138 2720 
2826 1656 1658 1657 
2827 2146 3716 2626 
2828 1272 1309 1271 
2829 1630 1631 1402 
2830 2034 2088 1755 
2831 1240 1597 1022 
2832 2376 2377 1774 
2833 1737 1836 1736 
2834 1840 3140 2117 
2835 1194 1195 1193 
2836 3635 3780 649 
2837 1450 2194 1340 
2838 957 2228 956 
2839 1879 2670 2669 
2840 1522 1606 1605 
2841 1446 2556 1445 
2842 1030 2358 910 
2843 1447 1764 1756 
2844 1290 1291 1246 
2845 2398 2399 2397 
2846 1613 1784 1614 
2847 2485 3194 2911 
2848 1447 1755 1443 
2849 3775 4217 1611 
2850 1219 2192 1480 
2851 1227 1228 1226 
2852 2890 3502 2628 
2853 1234 2683 1318 
2854 3945 4096 2786 
2855 2630 4257 2927 
2856 1312 1515 1311 
2857 2108 2752 2196 
2858 1220 1464 1462 
2859 1873 3913 1871 
2860 933 4183 2807 
2861 962 1018 965 
2862 2397 3561 2820 
2863 2827 3057 2269 
2864 1695 3540 2880 
2865 2578 3964 756 
2866 1601 1730 1600 
2867 2174 2629 2237 
2868 2103 2574 2102 
2869 2781 3688 2031 
2870 947 948 946 
2871 1890 1891 1635 
2872 2841 2992 2725 
2873 2325 3946 2370 
2874 3891 3949 2699 
2875 1788 1945 1789 
2876 695 3454 402 
2877 2896 2956 1922 
2878 1053 2767 1054 
2879 2489 2826 2824 
2880 2693 2834 2800 
2881 2337 4094 1687 
2882 1572 1858 1857 
2883 2807 4183 2113 
2884 1355 1474 1473 
2885 1263 1311 1228 
2886 1612 1921 1920 
2887 2999 3000 740 
2888 850 3601 3169 
2889 2013 2349 2099 
2890 3489 3776 2552 
2891 2624 4014 1250 
2892 966 968 964 
2893 1188 1232 1231 
2894 1031 4057 969 
2895 1274 1423 1323 
2896 2268 2828 2827 
2897 1048 1066 1049 
2898 3080 3963 1693 
2899 1434 3943 3793 
2900 2445 2778 2446 
2901 2015 2484 2016 
2902 3275 3712 2835 
2903 902 2862 904 
2904 2698 3891 2699 
2905 1066 1091 1067 
2906 1900 1987 1523 
2907 1954 3527 2913 
2908 3229 3230 2448 
2909 1810 2054 1424 
2910 2732 3022 1986 
2911 2163 2890 2628 
2912 586 3021 585 
2913 1576 3686 2996 
2914 3154 3732 2819 
2915 3111 3288 2085 
2916 3230 3231 2448 
2917 2147 2151 2146 
2918 3537 3712 701 
2919 1924 2131 2130 
2920 2208 2559 2171 
2921 2664 3782 2665 
2922 944 1026 1025 
2923 3011 3164 875 
2924 2778 3981 716 
2925 1921 2773 2772 
2926 1028 1048 1029 
2927 2385 2387 2386 
2928 2544 2962 2543 
2929 3664 3666 2084 
2930 2893 2894 2420 
2931 1661 3075 1657 
2932 3446 3751 2361 
2933 1508 3135 1510 
2934 2585 2874 2357 
2935 2766 3132 2832 
2936 1901 1902 1875 
2937 1664 1666 1662 
2938 2834 3541 2880 
2939 2973 3890 3575 
2940 1423 1744 1743 
2941 1592 1924 1923 
2942 2970 3017 872 
2943 1004 1005 1003 
2944 1490 2782 1898 
2945 1796 3188 2129 
2946 2681 2764 2679 
2947 2343 2344 1017 
2948 3522 3655 3499 
2949 2200 2948 2201 
2950 2118 2936 1969 
2951 1963 1964 1961 
2952 2110 2747 1875 
2953 2771 3808 3258 
2954 2878 4012 2634 
2955 1441 1754 1732 
2956 1010 2715 2714 
2957 1499 1500 1446 
2958 1019 1028 1020 
2959 3356 3377 583 
2960 1765 1904 1903 
2961 1405 1592 1591 
2962 1019 2241 1126 
2963 3550 4075 1180 
2964 1623 2060 2057 
2965 709 4318 2848 
2966 1238 1274 1273 
2967 3230 3662 3231 
2968 1072 1079 1071 
2969 3807 3942 1617 
2970 2994 3584 2995 
2971 1409 2572 1408 
2972 2830 2831 2627 
2973 2267 2619 2268 
2974 3677 3950 999 
2975 1603 1822 1806 
2976 2002 2003 1899 
2977 2388 3869 2990 
2978 1151 3808 2771 
2979 1704 3960 1721 
2980 1654 3075 1655 
2981 2111 3674 2112 
2982 2133 2351 2264 
2983 1193 4042 1420 
2984 1379 1380 1378 
2985 1534 1535 1501 
2986 1215 1484 1483 
2987 2224 3314 2245 
2988 1091 3879 2898 
2989 2076 3196 2454 
2990 2162 3180 2161 
2991 1537 2986 2844 
2992 1744 2075 1933 
2993 1088 1139 1089 
2994 2327 2328 1783 
2995 2143 2271 975 
2996 1848 4310 2455 
2997 759 2902 2901 
2998 3044 4169 2670 
2999 2013 2015 2014 
3000 912 3928 3081 
3001 2502 4313 2503 
3002 2492 4098 1559 
3003 1215 2755 1612 
3004 1224 1405 1404 
3005 2602 3668 2603 
3006 2208 2971 2559 
3007 2287 2478 2286 
3008 962 2784 1018 
3009 2200 2201 1751 
3010 3064 4222 2651 
3011 1652 1656 1654 
3012 1825 2535 2534 
3013 1656 1657 1654 
3014 2070 3635 2362 
3015 1829 2450 2449 
3016 1977 3900 2768 
3017 1850 1852 1851 
3018 1847 2455 2379 
3019 2102 3464 3158 
3020 1063 1064 1062 
3021 2873 2931 2872 
3022 1124 1173 1125 
3023 2191 2943 2044 
3024 1186 1188 1187 
3025 622 3165 621 
3026 1858 3150 2373 
3027 2408 2424 2407 
3028 2403 2809 2404 
3029 2000 4215 3085 
3030 2632 4005 3853 
3031 1800 3331 2677 
3032 2387 2389 2388 
3033 2716 2840 2383 
3034 2344 2845 2762 
3035 1185 3289 1186 
3036 2552 4343 935 
3037 2476 3084 2477 
3038 1220 1462 1221 
3039 1858 2372 2371 
3040 1411 1412 1409 
3041 976 977 975 
3042 1346 4150 1506 
3043 1401 1402 1213 
3044 2920 3938 2919 
3045 1312 1603 1515 
3046 1946 1949 1948 
3047 1999 3141 2549 
3048 2688 2961 2687 
3049 1754 2090 2089 
3050 1220 1221 1219 
3051 928 4287 2689 
3052 2795 3863 2389 
3053 3096 3138 3095 
3054 1907 4127 1909 
3055 2070 2362 1736 
3056 1069 1072 1071 
3057 1453 3140 1840 
3058 1140 1142 1141 
3059 811 4160 2824 
3060 2075 2360 2359 
3061 1491 1978 1939 
3062 1821 2636 2635 
3063 2834 2880 2714 
3064 2374 2512 2372 
3065 2218 3024 1955 
3066 2995 3584 3124 
3067 2259 2999 1925 
3068 1015 1040 1016 
3069 691 3421 2817 
3070 2539 3067 2976 
3071 1016 1058 1007 
3072 1059 2704 1032 
3073 1165 3843 3619 
3074 1500 2681 2679 
3075 2578 4330 2577 
3076 641 3682 2776 
3077 1975 2141 2140 
3078 405 3514 870 
3079 1509 3562 1357 
3080 2899 2900 2058 
3081 958 2915 2785 
3082 1043 2453 917 
3083 2469 4300 2468 
3084 3937 4161 1583 
3085 1511 2944 1524 
3086 1460 1581 1461 
3087 1443 4080 1750 
3088 2036 2121 2037 
3089 2060 2830 2627 
3090 2783 3996 741 
3091 2887 3336 1916 
3092 1881 2077 1880 
3093 327 3015 764 
3094 2500 3336 1766 
3095 1995 2925 2833 
3096 1718 3129 2341 
3097 2751 3842 615 
3098 2972 2973 2863 
3099 2053 4137 1997 
3100 1415 1416 1413 
3101 1176 4357 2637 
3102 2081 4354 3631 
3103 1335 1336 1333 
3104 2008 3238 2839 
3105 1764 2287 2286 
3106 2953 2955 2954 
3107 1082 1123 1122 
3108 1817 3690 2935 
3109 1785 1788 1787 
3110 2311 2312 2310 
3111 2011 4234 2349 
3112 1641 1665 1642 
3113 733 3098 2966 
3114 2364 3132 1741 
3115 1945 4253 1946 
3116 2880 3492 2714 
3117 1196 1271 1195 
3118 2752 3994 764 
3119 1143 1181 1144 
3120 2837 3814 3571 
3121 4004 4256 2434 
3122 1572 3150 1858 
3123 928 929 927 
3124 1372 1373 1371 
3125 1526 2815 1195 
3126 1023 4102 2796 
3127 1069 2898 1072 
3128 3142 3999 2258 
3129 2141 2849 2848 
3130 1622 1848 1847 
3131 1625 2721 2720 
3132 1775 2097 2096 
3133 1527 3580 2760 
3134 1938 1956 1936 
3135 1278 4185 1279 
3136 1972 2642 2641 
3137 1667 1930 1929 
3138 1051 3645 1025 
3139 3713 3925 3583 
3140 1746 1973 1972 
3141 916 1014 1012 
3142 846 4029 3283 
3143 2226 2227 1824 
3144 1002 1003 1001 
3145 1341 1342 1340 
3146 1797 2804 1378 
3147 1492 1927 1454 
3148 998 1008 1000 
3149 1353 1622 1621 
3150 1785 4313 2502 
3151 1632 3441 2961 
3152 2691 3810 3475 
3153 1046 2662 1044 
3154 2856 4196 2702 
3155 1932 2080 2072 
3156 2048 4243 3173 
3157 3170 3506 757 
3158 2365 3130 2364 
3159 2780 2946 2226 
3160 1394 2366 1507 
3161 2757 2897 2758 
3162 1648 1659 1650 
3163 1552 2608 1728 
3164 1519 1520 1373 
3165 1965 3731 2079 
3166 912 3081 911 
3167 1463 1523 1221 
3168 2813 3607 2520 
3169 3771 4005 2753 
3170 2830 3554 2831 
3171 2821 4116 2530 
3172 2619 3300 2268 
3173 894 4366 2241 
3174 886 4239 2755 
3175 1788 2502 2091 
3176 2594 2595 1811 
3177 785 3820 2766 
3178 872 3016 2970 
3179 2734 3151 2735 
3180 1063 1065 1064 
3181 1173 3122 1174 
3182 1132 2352 1105 
3183 2601 2612 2602 
3184 2368 4296 1867 
3185 1211 1224 1223 
3186 1146 2508 1203 
3187 2330 2917 2484 
3188 1904 2220 2219 
3189 1567 1569 1568 
3190 972 4184 971 
3191 2531 2532 2316 
3192 1575 1577 1576 
3193 1340 4279 1337 
3194 2121 2240 2122 
3195 2264 3497 2131 
3196 2413 2417 2411 
3197 1013 1043 917 
3198 2225 3848 1747 
3199 3025 3951 712 
3200 1561 1563 1562 
3201 2299 2301 2300 
3202 1158 1159 1090 
3203 3021 3750 658 
3204 2493 2497 2496 
3205 653 2965 266 
3206 1351 1992 1757 
3207 2087 3090 2838 
3208 2596 3515 3488 
3209 1103 1107 1102 
3210 2000 3085 2907 
3211 2040 2448 2447 
3212 1753 4100 1388 
3213 2801 2987 2802 
3214 1174 1197 1177 
3215 1917 1918 1502 
3216 2390 2888 2795 
3217 2655 4281 666 
3218 1329 1353 1352 
3219 2072 3213 2071 
3220 967 969 966 
3221 1294 1443 1269 
3222 2275 2276 2003 
3223 2420 4189 1602 
3224 1163 1329 1267 
3225 1279 1766 1514 
3226 1264 1931 1580 
3227 1384 2916 1381 
3228 1045 1053 1046 
3229 1735 1736 1731 
3230 1581 1637 1582 
3231 3829 3921 3828 
3232 3640 3680 2980 
3233 1006 1007 1005 
3234 1978 2768 2032 
3235 2778 3588 3482 
3236 967 3985 2926 
3237 1479 3294 2960 
3238 1377 1378 1322 
3239 916 917 913 
3240 3270 3994 2273 
3241 1403 2433 1259 
3242 2655 3668 2613 
3243 2929 2930 2470 
3244 1980 2873 2872 
3245 1658 1663 1662 
3246 2483 3950 3677 
3247 3695 3945 2785 
3248 3213 3720 2071 
3249 1620 1829 1828 
3250 2320 2322 2321 
3251 2882 2884 993 
3252 2351 2794 2264 
3253 1774 2378 1352 
3254 2631 2818 2817 
3255 1579 1627 1626 
3256 1061 1062 1060 
3257 1663 1746 1745 
3258 2154 2155 2152 
3259 2823 3007 2822 
3260 1708 1710 1709 
3261 2206 2207 1918 
3262 3232 4277 729 
3263 2306 2318 2317 
3264 1222 2793 1133 
3265 3439 3561 792 
3266 2573 2658 2657 
3267 1627 2749 1821 
3268 3541 3958 1695 
3269 1573 2701 1228 
3270 2055 2056 2054 
3271 2793 4010 1129 
3272 2750 2777 2776 
3273 1247 1248 1245 
3274 1992 2040 1999 
3275 1054 2767 1081 
3276 1173 1174 1125 
3277 1158 4298 1201 
3278 3007 4115 2822 
3279 2118 2937 2936 
3280 2505 4195 2369 
3281 2454 4339 1863 
3282 2200 3922 2948 
3283 693 3998 2746 
3284 2055 3134 2650 
3285 2442 4299 1599 
3286 1462 1463 1221 
3287 1704 1706 1705 
3288 1444 1469 1199 
3289 3347 3750 2074 
3290 1949 2511 2178 
3291 1396 2366 1394 
3292 2058 2901 2059 
3293 1174 1177 1176 
3294 2371 2891 2690 
3295 749 3901 3166 
3296 205 770 517 
3297 2 769 409 
3298 1644 1647 1646 
3299 1121 1146 1145 
3300 2064 3806 3477 
3301 3955 4267 1208 
3302 2661 4190 1369 
3303 1339 1340 1337 
3304 2892 3795 2893 
3305 1549 2541 1545 
3306 2656 3139 2434 
3307 1407 2418 1171 
3308 1054 1057 1056 
3309 2932 3845 2182 
3310 915 918 914 
3311 2238 2710 2239 
3312 1555 1557 1556 
3313 834 2952 225 
3314 3168 4244 2362 
3315 2664 2665 2399 
3316 1310 1465 1309 
3317 2566 4358 2567 
3318 1041 2843 1016 
3319 1482 2908 2217 
3320 2240 2765 2261 
3321 2923 3645 2554 
3322 1983 2969 1929 
3323 546 3096 828 
3324 727 3096 547 
3325 2156 2644 2155 
3326 1465 2858 2258 
3327 2937 3863 3630 
3328 2176 3749 2175 
3329 1712 1714 1713 
3330 2755 3161 1921 
3331 2250 4162 1664 
3332 2401 2664 2399 
3333 2567 4358 3144 
3334 930 931 929 
3335 1080 1163 1162 
3336 1212 1213 1135 
3337 2665 4079 792 
3338 1874 1875 1873 
3339 1225 2560 1144 
3340 2579 2694 1877 
3341 3811 4282 2481 
3342 1606 2332 1832 
3343 1778 4074 1309 
3344 2937 2938 2936 
3345 1586 4282 1879 
3346 1812 2631 2630 
3347 337 3305 2874 
3348 1997 4137 2929 
3349 2621 3727 2934 
3350 1170 1205 1204 
3351 1890 4263 1891 
3352 1445 2556 1841 
3353 1082 1122 1057 
3354 400 3454 861 
3355 1207 1281 1280 
3356 2068 2069 1615 
3357 894 1019 899 
3358 916 1012 917 
3359 2166 2167 2149 
3360 732 4005 3771 
3361 1085 1088 1087 
3362 3264 3904 3265 
3363 2291 3926 2293 
3364 615 3978 2751 
3365 1671 4309 1805 
3366 1312 1835 1603 
3367 2238 3019 2710 
3368 843 3334 3026 
3369 4058 4260 1304 
3370 1053 1054 1046 
3371 959 2784 962 
3372 1698 1700 1699 
3373 1845 1846 1595 
3374 1361 4105 1602 
3375 2240 4163 2765 
3376 1343 1344 1342 
3377 1931 2760 1932 
3378 2218 3025 3024 
3379 3082 3876 3817 
3380 1456 3737 3452 
3381 3555 3939 838 
3382 2711 4311 2164 
3383 1742 2380 2235 
3384 2304 2306 2305 
3385 1843 1844 1570 
3386 1422 2414 2412 
3387 844 3621 3321 
3388 1227 1375 1263 
3389 2046 4303 2643 
3390 1006 1015 1007 
3391 1771 2956 2896 
3392 3155 3170 3131 
3393 945 946 942 
3394 2011 2013 2012 
3395 1822 2739 2597 
3396 2657 3426 793 
3397 886 1215 888 
3398 2116 2638 2115 
3399 1482 2217 1955 
3400 1738 2423 1330 
3401 1385 1386 1384 
3402 2490 3851 2144 
3403 2723 3566 843 
3404 2769 3006 2032 
3405 2545 2546 1637 
3406 911 913 910 
3407 1618 3708 3461 
3408 3295 3505 760 
3409 941 3383 2947 
3410 2571 4029 3394 
3411 2026 2142 2078 
3412 1714 1716 1715 
3413 1551 1553 1552 
3414 2577 4330 2579 
3415 2504 2935 1009 
3416 3020 3021 3000 
3417 1490 1898 1897 
3418 1198 1218 1177 
3419 2277 2278 2276 
3420 1594 1595 1469 
3421 1110 1172 1171 
3422 948 3679 946 
3423 2390 3837 2888 
3424 1201 1202 1159 
3425 1698 4070 1717 
3426 1770 1773 1771 
3427 1638 1641 1640 
3428 2842 4345 4044 
3429 3499 3556 789 
3430 2891 3961 655 
3431 3301 3922 653 
3432 2403 2404 968 
3433 1004 1010 1006 
3434 1693 1696 1694 
3435 1408 2572 2429 
3436 812 4116 4115 
3437 3226 3801 2696 
3438 1285 1287 1286 
3439 2139 3442 2138 
3440 1156 1170 1169 
3441 2756 3220 2757 
3442 1287 1326 1325 
3443 2097 3088 2096 
3444 2155 3309 2152 
3445 1167 3643 1288 
3446 3767 3858 738 
3447 3008 4125 1636 
3448 745 4168 3871 
3449 1258 1260 1259 
3450 940 3383 938 
3451 3450 4142 754 
3452 2175 3587 1050 
3453 2956 3907 1922 
3454 1456 3569 3149 
3455 1525 1740 1739 
3456 1173 3929 3122 
3457 1712 4067 2522 
3458 1602 4105 2892 
3459 1548 1551 1550 
3460 2759 3724 864 
3461 1687 1689 1688 
3462 1683 1685 1684 
3463 2024 2026 2025 
3464 2886 4062 1056 
3465 1182 1225 1144 
3466 1983 2970 2969 
3467 1084 1085 1041 
3468 953 2915 955 
3469 2374 2514 2512 
3470 909 910 908 
3471 2940 2958 2093 
3472 2589 2806 2587 
3473 1708 4001 1808 
3474 1198 1220 1219 
3475 2036 2981 2135 
3476 2461 2904 2903 
3477 2992 3386 2725 
3478 2211 2766 2210 
3479 2099 3197 2330 
3480 1295 1296 1202 
3481 1696 1698 1697 
3482 1227 1263 1228 
3483 1322 4226 1321 
3484 1648 4280 3177 
3485 2972 4230 2988 
3486 1134 1190 1189 
3487 2316 3856 2314 
3488 2478 3325 2286 
3489 1313 3929 1173 
3490 2686 3850 2539 
3491 3665 3666 3664 
3492 926 927 925 
3493 301 3576 300 
3494 2861 3126 651 
3495 1139 1140 1089 
3496 950 1027 951 
3497 2280 3012 2278 
3498 1888 1941 1448 
3499 2145 2491 2490 
3500 2324 3009 2312 
3501 1101 1102 1100 
3502 3025 3962 823 
3503 1762 3549 2113 
3504 2203 2964 2202 
3505 1922 2985 2896 
3506 897 3445 2974 
3507 1477 2550 1296 
3508 2236 3529 2667 
3509 1057 2886 1056 
3510 2915 2918 2785 
3511 2752 3015 2196 
3512 2431 2432 2430 
3513 2908 4353 1927 
3514 2346 3919 3836 
3515 2455 4310 2600 
3516 2108 2145 2144 
3517 1576 2996 1569 
3518 2610 4324 2484 
3519 1045 1046 1044 
3520 2000 2001 1844 
3521 3996 4012 741 
3522 1636 4125 2991 
3523 1054 1081 1057 
3524 2980 3680 2488 
3525 2296 2299 2298 
3526 1128 1154 1153 
3527 2639 3221 2068 
3528 1915 2182 1749 
3529 1673 1675 1674 
3530 1568 4049 1565 
3531 2330 2484 2015 
3532 1300 1302 1301 
3533 3596 3792 723 
3534 2440 4046 3416 
3535 2276 3552 2816 
3536 1260 1293 1292 
3537 1369 4190 1372 
3538 1466 1478 1209 
3539 828 3096 3095 
3540 1913 2108 2107 
3541 1010 2714 2713 
3542 1463 1620 1619 
3543 1700 1704 1701 
3544 914 2675 901 
3545 1268 1269 1164 
3546 868 2254 869 
3547 871 876 695 
3548 869 1967 696 
3549 1971 2730 2729 
3550 1263 1312 1311 
3551 3029 3553 2080 
3552 3039 4030 3911 
3553 1085 1087 1086 
3554 2437 3861 3175 
3555 994 1001 991 
3556 1383 1384 1381 
3557 743 3057 2827 
3558 1279 3789 1767 
3559 2832 3132 2364 
3560 998 1024 1008 
3561 2703 4340 2928 
3562 1546 1548 1547 
3563 2816 2846 2003 
3564 1192 3613 1137 
3565 1011 2675 914 
3566 965 966 964 
3567 1457 3695 2918 
3568 2513 3232 2110 
3569 955 956 954 
3570 2484 4324 2016 
3571 1140 1143 1142 
3572 2991 4125 2441 
3573 1851 4310 1848 
3574 1390 4252 1753 
3575 1054 1056 1046 
3576 2381 3957 2243 
3577 2445 3981 2778 
3578 904 1780 915 
3579 1485 2394 1169 
3580 1119 1121 1120 
3581 1911 1913 1912 
3582 2243 3957 3831 
3583 989 2870 1021 
3584 2816 3341 2846 
3585 1398 1400 1399 
3586 3463 3822 2153 
3587 1902 2932 2513 
3588 3277 3704 2660 
3589 3931 3939 3128 
3590 1197 1198 1177 
3591 1306 2951 1497 
3592 2619 3894 3551 
3593 2971 3609 2559 
3594 1148 2508 1146 
3595 1109 1128 1127 
3596 1012 1013 917 
3597 2563 3918 2206 
3598 2676 3864 2675 
3599 2672 2742 1953 
3600 3258 3845 1901 
3601 2903 3925 1506 
3602 2143 3031 2754 
3603 683 3761 3741 
3604 1720 3560 3005 
3605 2159 2821 2530 
3606 981 3327 978 
3607 1731 4244 1730 
3608 2414 2416 2415 
3609 1015 1016 1007 
3610 3340 3895 2444 
3611 1772 3199 2707 
3612 1249 1250 1248 
3613 1012 2866 1013 
3614 2640 3842 2751 
3615 982 983 981 
3616 1022 2790 974 
3617 932 933 931 
3618 2273 4106 3270 
3619 1687 4094 1803 
3620 3461 3708 2754 
3621 2678 3802 3563 
3622 3012 3552 2278 
3623 2058 2059 1723 
3624 3205 4319 3673 
3625 1081 1082 1057 
3626 1302 1304 1303 
3627 1716 1800 1799 
3628 1143 1144 1142 
3629 1304 4260 2951 
3630 659 3195 2911 
3631 1907 1909 1908 
3632 2809 3027 2869 
3633 1617 3942 2329 
3634 2279 2280 2278 
3635 1004 1006 1005 
3636 2580 4251 2581 
3637 1909 1911 1910 
3638 2586 2587 2585 
3639 1387 1388 1386 
3640 2698 2699 2173 
3641 2767 2968 1081 
3642 1095 1096 1093 
3643 2313 2314 2312 
3644 1740 2381 2243 
3645 1125 2637 1123 
3646 3274 4175 2893 
3647 2031 3353 2781 
3648 1553 4338 2608 
3649 1706 1708 1707 
3650 3308 3777 1120 
3651 1748 1749 1478 
3652 1400 1446 1445 
3653 3818 4009 2447 
3654 1099 1100 1098 
3655 3320 3328 2360 
3656 1141 2774 1089 
3657 1565 4049 3150 
3658 1328 1331 1330 
3659 2468 4300 1577 
3660 2322 3751 2979 
3661 998 1000 997 
3662 3857 4198 2422 
3663 3997 4158 2002 
3664 2263 4130 3237 
3665 1517 2272 1280 
3666 2943 2952 834 
3667 2961 3218 1632 
3668 1345 1346 1344 
3669 1443 1750 1269 
3670 1304 1306 1305 
3671 2948 2949 2201 
3672 1934 4159 1743 
3673 2139 4244 3168 
3674 2136 2250 1745 
3675 2042 3137 2191 
3676 2177 2179 1950 
3677 2188 2248 2247 
3678 2416 2480 2479 
3679 1831 2733 1462 
3680 3191 3728 3470 
3681 1058 4364 1007 
3682 2050 2188 2187 
3683 2393 4292 3381 
3684 1710 1712 1711 
3685 1642 2838 1644 
3686 1877 2695 1470 
3687 2616 4365 2617 
3688 1669 1671 1670 
3689 1963 1965 1964 
3690 1040 1041 1016 
3691 920 2862 905 
3692 2367 3229 1406 
3693 3358 3521 2248 
3694 1991 4132 3678 
3695 2048 2050 2049 
3696 1065 1134 1133 
3697 2770 4353 2908 
3698 882 2039 884 
3699 2805 4203 3594 
3700 3123 4110 1039 
3701 2645 2646 2644 
3702 1177 2895 1176 
3703 1494 2734 1291 
3704 3071 3766 3578 
3705 1097 1098 1096 
3706 767 3639 2742 
3707 1993 3158 2877 
3708 1631 4195 1906 
3709 1306 1308 1307 
3710 2868 3029 1940 
3711 1081 2939 1082 
3712 650 4344 2806 
3713 2493 2496 2179 
3714 973 1022 974 
3715 2174 4122 2629 
3716 1082 1124 1123 
3717 2229 2230 2069 
3718 2046 2048 2047 
3719 2042 2044 2043 
3720 1916 2500 1513 
3721 1968 2982 2578 
3722 1331 2782 1490 
3723 974 975 972 
3724 1663 3200 1746 
3725 2937 3869 2389 
3726 1606 1607 1605 
3727 1172 1230 1229 
3728 2592 4349 3705 
3729 1293 1409 1408 
3730 3100 3631 790 
3731 2589 3626 2806 
3732 1722 2103 2102 
3733 1746 3200 1974 
3734 2778 3482 2446 
3735 1752 2203 2202 
3736 2163 2253 2198 
3737 2665 3561 2399 
3738 1122 2886 1057 
3739 2725 3386 2460 
3740 924 1023 926 
3741 2378 4202 1352 
3742 2021 3403 2019 
3743 1106 1109 1108 
3744 2774 3902 2052 
3745 3727 4259 3930 
3746 944 1025 945 
3747 2044 2046 2045 
3748 1013 1045 1044 
3749 1898 2147 2146 
3750 2572 2659 2573 
3751 674 3448 2833 
3752 2137 3297 2180 
3753 1302 4058 1304 
3754 1544 1546 1545 
3755 1455 1530 1529 
3756 2211 3132 2766 
3757 1914 2468 1626 
3758 4032 4059 2386 
3759 950 4186 1027 
3760 1181 1182 1144 
3761 1728 3128 2134 
3762 1182 1227 1226 
3763 2346 2347 1884 
3764 1681 1683 1682 
3765 632 4065 2955 
3766 3147 3210 2053 
3767 3128 3939 2134 
3768 2439 3292 2441 
3769 2143 3708 2271 
3770 2934 3030 2410 
3771 906 908 905 
3772 880 2115 878 
3773 1174 1176 1125 
3774 1124 1125 1123 
3775 1140 1141 1089 
3776 3476 3893 3384 
3777 3188 4272 2129 
3778 1602 4189 1363 
3779 1308 1361 1360 
3780 1538 2986 1537 
3781 2440 3734 2439 
3782 2776 3361 641 
3783 1013 2866 1045 
3784 3102 3145 2853 
3785 1218 2895 1177 
3786 2041 3989 3137 
3787 2588 2589 2587 
3788 1753 4252 3155 
3789 2539 2976 1928 
3790 1952 3121 2986 
3791 654 3163 3088 
3792 681 3484 2847 
3793 924 925 922 
3794 2633 3087 1047 
3795 2747 3975 1873 
3796 752 4088 3392 
3797 2359 4072 2885 
3798 1985 3739 1677 
3799 2376 3271 2377 
3800 779 3384 3293 
3801 2650 2651 2056 
3802 1872 1873 1871 
3803 1465 2258 1925 
3804 2166 4275 2856 
3805 2342 3323 2343 
3806 1838 4191 2735 
3807 1685 1687 1686 
3808 953 954 952 
3809 1406 2270 1223 
3810 919 922 921 
3811 2761 3266 1952 
3812 1129 4010 1191 
3813 1747 2492 1562 
3814 2115 3380 878 
3815 2252 4199 3852 
3816 2160 3008 1314 
3817 696 3528 199 
3818 1967 3834 2747 
3819 2310 3335 2309 
3820 1017 2692 997 
3821 2103 2575 2574 
3822 2324 3546 3009 
3823 3114 4006 626 
3824 2529 3306 2395 
3825 2398 4055 4020 
3826 1537 2844 2843 
3827 925 4269 3794 
3828 1629 2749 1627 
3829 760 3508 3295 
3830 1499 1501 1500 
3831 2487 3988 2979 
3832 970 972 971 
3833 2611 3327 2213 
3834 2643 4243 2048 
3835 1690 1693 1692 
3836 1117 1118 1116 
3837 652 3379 2860 
3838 1949 1950 1948 
3839 1671 1673 1672 
3840 2173 4149 2698 
3841 2853 3145 2851 
3842 821 3578 2927 
3843 680 3453 2780 
3844 2086 2087 1665 
3845 1534 1536 1535 
3846 3249 3428 778 
3847 1690 3080 1693 
3848 1620 1830 1829 
3849 961 963 960 
3850 1608 1609 1607 
3851 3502 3871 2628 
3852 1593 2398 2397 
3853 2833 3855 674 
3854 1617 2329 1319 
3855 1230 1316 1315 
3856 1455 2928 1530 
3857 1957 1959 1958 
3858 2281 2282 2280 
3859 1361 1363 1362 
3860 2236 4327 3530 
3861 2874 4108 2357 
3862 699 3861 3860 
3863 3598 3703 3599 
3864 2864 2865 1780 
3865 2977 4265 808 
3866 2191 2952 2943 
3867 628 3502 2890 
3868 1424 2775 1181 
3869 3817 3876 2525 
3870 2600 4310 1851 
3871 1945 1946 1789 
3872 1678 1681 1680 
3873 2308 4305 2537 
3874 3285 3892 1547 
3875 1862 1863 1861 
3876 2296 4305 2308 
3877 1002 1004 1003 
3878 991 2870 989 
3879 2541 3322 2542 
3880 956 2228 2176 
3881 2216 3377 3356 
3882 2301 2304 2303 
3883 1203 2836 1441 
3884 1430 1433 1432 
3885 967 970 969 
3886 1270 1543 890 
3887 1163 3233 1329 
3888 1088 1089 1087 
3889 2092 4038 2805 
3890 3326 3864 1571 
3891 1470 1990 1452 
3892 1613 1614 1484 
3893 984 985 983 
3894 2900 2901 2058 
3895 2327 3222 2328 
3896 3590 3746 3589 
3897 2941 2942 1014 
3898 3002 3003 3001 
3899 3365 3366 663 
3900 2790 4145 2791 
3901 2845 3568 1702 
3902 1329 3233 1802 
3903 1251 1252 1250 
3904 967 2926 970 
3905 1389 1390 1388 
3906 2206 3205 2207 
3907 2028 4251 2005 
3908 2804 4104 2203 
3909 2507 3780 3635 
3910 1501 4119 1500 
3911 2016 4324 2027 
3912 729 3785 3232 
3913 1588 1599 1598 
3914 2854 3623 2853 
3915 2820 3439 637 
3916 1565 3150 1563 
3917 2857 3825 2527 
3918 1990 3444 2836 
3919 2015 2016 2014 
3920 1348 1349 1346 
3921 922 3794 921 
3922 915 919 918 
3923 911 916 913 
3924 1113 1114 1112 
3925 1866 1867 1865 
3926 1175 2160 1314 
3927 3123 3390 1819 
3928 934 935 933 
3929 2121 3748 2240 
3930 2834 3862 2800 
3931 2795 3980 737 
3932 1678 3739 1681 
3933 904 914 901 
3934 955 2915 958 
3935 3240 3366 3365 
3936 1411 1413 1412 
3937 1783 2779 1416 
3938 1868 1869 1867 
3939 3406 3762 1942 
3940 1138 1194 1193 
3941 2352 3691 2839 
3942 3293 3384 2459 
3943 3284 3536 2242 
3944 2706 3795 2892 
3945 3883 4097 2605 
3946 635 3367 2899 
3947 56 3310 784 
3948 2292 2307 1161 
3949 1442 2905 1825 
3950 2061 3547 3127 
3951 2651 3755 3064 
3952 1938 1957 1956 
3953 408 3011 875 
3954 516 3010 874 
3955 2050 3173 2189 
3956 1363 1365 1364 
3957 2925 3855 2833 
3958 2030 3224 2753 
3959 630 3386 3369 
3960 2583 3718 2582 
3961 1139 4353 2770 
3962 2341 3223 2340 
3963 2535 3228 2534 
3964 1631 1633 1632 
3965 1523 4033 1221 
3966 1150 3544 2652 
3967 2385 2386 1324 
3968 4048 4099 2408 
3969 2706 4109 3242 
3970 3121 4155 2844 
3971 3837 4284 2888 
3972 1864 1865 1863 
3973 2472 3449 2473 
3974 1495 2002 1899 
3975 1916 3336 2500 
3976 2706 2892 2356 
3977 1084 3802 2703 
3978 1316 1322 1321 
3979 1115 1116 1114 
3980 2029 4234 2011 
3981 2812 3559 896 
3982 1030 3687 3237 
3983 1417 1468 1467 
3984 1415 1417 1416 
3985 2338 3280 2337 
3986 1870 1871 1869 
3987 684 4345 2842 
3988 3023 3819 3662 
3989 1541 4114 1540 
3990 2869 3944 1795 
3991 1200 2908 1482 
3992 2128 3382 2336 
3993 2725 4000 2841 
3994 1151 2950 1118 
3995 727 4121 3866 
3996 1433 1436 1435 
3997 962 965 964 
3998 777 3893 3476 
3999 2757 2758 1773 
4000 2922 3422 2983 
4001 2371 3961 2891 
4002 371 3187 796 
4003 3085 3086 2907 
4004 2147 2152 2151 
4005 1161 2551 1079 
4006 2872 4236 2871 
4007 3263 3779 1347 
4008 2676 3895 3340 
4009 923 924 922 
4010 965 967 966 
4011 1784 1785 1614 
4012 1180 4075 1178 
4013 918 3833 1011 
4014 2360 3328 2359 
4015 1788 1789 1787 
4016 2038 3298 2422 
4017 3530 3697 669 
4018 2460 3293 2459 
4019 1242 3198 1240 
4020 2566 2567 2087 
4021 2840 2992 2841 
4022 864 3724 3714 
4023 2088 4080 1755 
4024 2689 3791 2082 
4025 2590 3001 2589 
4026 2731 4076 2730 
4027 1675 1677 1676 
4028 1737 1837 1836 
4029 3173 3176 2189 
4030 1335 1337 1336 
4031 3130 3534 758 
4032 944 2947 1026 
4033 1120 3777 1151 
4034 1837 1936 1935 
4035 2570 3283 2569 
4036 3828 3921 863 
4037 3012 3655 646 
4038 2880 3541 1695 
4039 2609 4172 2509 
4040 1036 3489 2552 
4041 709 3513 2879 
4042 2335 3890 2972 
4043 3904 4206 3265 
4044 3871 4168 2628 
4045 3766 4056 1892 
4046 980 981 978 
4047 2020 2022 2021 
4048 1798 2211 2210 
4049 1468 1601 1600 
4050 1454 4353 1139 
4051 2480 3181 2479 
4052 3477 3806 1610 
4053 961 4248 963 
4054 1586 1588 1587 
4055 626 4006 3799 
4056 1763 3443 3419 
4057 815 3811 3078 
4058 1844 3285 1570 
4059 996 997 995 
4060 2689 4287 3791 
4061 2283 2284 2282 
4062 2365 3131 3130 
4063 3078 3811 2482 
4064 1765 1903 1609 
4065 2918 3938 1457 
4066 898 2812 896 
4067 2754 3708 2143 
4068 951 952 949 
4069 1794 2408 2407 
4070 1365 1367 1366 
4071 945 947 946 
4072 1258 2983 1260 
4073 2333 3348 2348 
4074 3706 3856 708 
4075 1751 4139 1315 
4076 2318 2320 2319 
4077 3079 3118 996 
4078 2809 2869 2404 
4079 2027 4218 2018 
4080 3022 3235 715 
4081 623 3801 3226 
4082 1149 2928 1455 
4083 1381 2916 1380 
4084 3038 4348 747 
4085 1464 2912 1881 
4086 2859 3194 2485 
4087 1735 1737 1736 
4088 1085 1086 1041 
4089 2512 3961 2372 
4090 1239 1926 1241 
4091 3097 3758 2641 
4092 1004 2715 1010 
4093 1601 1731 1730 
4094 2117 2118 1969 
4095 852 3471 2877 
4096 935 4343 1078 
4097 2134 3555 2495 
4098 3056 3059 3058 
4099 1066 1067 1049 
4100 1104 1105 1103 
4101 1425 3765 2331 
4102 2932 3190 2513 
4103 1048 1049 1029 
4104 2527 2528 1826 
4105 2819 3839 691 
4106 555 873 554 
4107 447 872 446 
4108 2842 4250 684 
4109 2621 4259 3727 
4110 2450 3658 2449 
4111 2304 4082 2323 
4112 3442 3722 2138 
4113 2418 4298 1158 
4114 2203 2997 2964 
4115 2615 3424 1132 
4116 1638 4237 1641 
4117 1998 4173 3399 
4118 2961 3759 2687 
4119 3232 3414 2110 
4120 2924 3208 643 
4121 3174 3678 625 
4122 1132 3691 2352 
4123 2221 3338 2220 
4124 3836 3921 2346 
4125 942 3949 939 
4126 3418 4030 4025 
4127 3205 3692 676 
4128 2036 2037 1768 
4129 1556 4338 1553 
4130 3991 4313 1784 
4131 2436 3861 2437 
4132 2629 4122 3610 
4133 6 3714 5 
4134 1624 2159 2158 
4135 1268 3669 1625 
4136 1354 1355 1349 
4137 1090 3178 1031 
4138 1391 1392 1390 
4139 2792 3545 3368 
4140 716 3747 2778 
4141 1239 2926 1926 
4142 3592 4061 2845 
4143 2280 3655 3012 
4144 1460 1461 1289 
4145 1457 3938 2983 
4146 1028 1029 1020 
4147 2811 3327 981 
4148 2238 2239 1816 
4149 2823 3917 3007 
4150 2459 3384 2461 
4151 2629 4031 2237 
4152 1253 1254 1252 
4153 1196 1272 1271 
4154 1559 4098 1557 
4155 1427 2331 1431 
4156 1204 4013 1491 
4157 2105 2726 2106 
4158 1291 2735 1317 
4159 2489 2991 2826 
4160 1891 2067 2066 
4161 2195 3490 3489 
4162 2776 3682 2636 
4163 1965 3784 3731 
4164 1231 3140 1453 
4165 2522 3418 2523 
4166 1647 1648 1646 
4167 1623 4098 2060 
4168 2614 3193 2655 
4169 1721 3287 2289 
4170 3070 3744 1984 
4171 2777 3189 2776 
4172 2453 4322 917 
4173 2769 3204 3006 
4174 947 949 948 
4175 1233 1234 1232 
4176 2315 2316 2314 
4177 2097 3089 3088 
4178 1830 3903 2876 
4179 1796 2129 2114 
4180 1377 1379 1378 
4181 2919 3938 2918 
4182 2972 2988 2335 
4183 2515 2516 2514 
4184 3161 3162 2773 
4185 1502 2855 1222 
4186 1234 4335 2683 
4187 2007 2009 2008 
4188 2398 2401 2399 
4189 2735 2736 1317 
4190 1071 3976 1073 
4191 1318 4032 2990 
4192 2408 2425 2424 
4193 2100 3539 2966 
4194 2510 3171 3170 
4195 737 3863 2795 
4196 2358 4230 908 
4197 2132 2133 2131 
4198 2431 3344 2517 
4199 986 987 985 
4200 3829 3867 2347 
4201 1547 3892 1549 
4202 2360 4091 3320 
4203 2349 4234 2632 
4204 1464 1881 1880 
4205 3674 4348 2112 
4206 1019 1020 899 
4207 4246 4262 3068 
4208 1795 3125 2869 
4209 1325 4085 1775 
4210 1576 4300 2469 
4211 1243 1247 1245 
4212 994 1002 1001 
4213 1352 4202 1267 
4214 771 3018 556 
4215 772 3016 448 
4216 858 4097 3773 
4217 1367 1369 1368 
4218 2425 3169 2424 
4219 906 909 908 
4220 2387 2388 2386 
4221 2154 2156 2155 
4222 1656 3200 1658 
4223 936 937 935 
4224 2228 2960 2176 
4225 905 2862 902 
4226 2308 3647 2325 
4227 1065 3272 1134 
4228 3162 3400 2773 
4229 1590 2731 1971 
4230 3010 3515 3434 
4231 3283 4029 2569 
4232 1110 3332 1172 
4233 2760 3580 2080 
4234 1475 1476 1474 
4235 1272 1310 1309 
4236 2796 4102 2798 
4237 2818 3154 2819 
4238 2324 3706 3546 
4239 622 4021 3165 
4240 1310 2858 1465 
4241 1320 4111 2624 
4242 1599 1981 1611 
4243 3440 3934 2626 
4244 1530 4197 3331 
4245 2213 3327 2811 
4246 1248 3721 1419 
4247 1194 1196 1195 
4248 2039 3162 3161 
4249 904 915 914 
4250 2148 3285 1844 
4251 3666 4011 2084 
4252 2632 4234 2029 
4253 1824 3966 1535 
4254 974 976 975 
4255 2618 3880 3804 
4256 2544 3678 3174 
4257 1104 1106 1105 
4258 1215 1483 888 
4259 556 3018 555 
4260 448 3016 447 
4261 1822 2808 2739 
4262 1655 2105 1919 
4263 1279 1514 1184 
4264 1235 1236 1234 
4265 2343 3568 2845 
4266 2234 3487 2233 
4267 2787 2788 1018 
4268 3806 4283 2565 
4269 1855 1856 1854 
4270 2874 4344 650 
4271 3578 3766 2927 
4272 2884 3391 993 
4273 1050 3378 2663 
4274 1061 1063 1062 
4275 2850 2851 2849 
4276 1270 1544 1543 
4277 2514 3187 2512 
4278 2613 3668 2602 
4279 962 964 961 
4280 1379 1381 1380 
4281 2237 4031 2238 
4282 1744 3151 2075 
4283 447 3016 872 
4284 555 3018 873 
4285 1478 3308 1209 
4286 1874 1901 1875 
4287 976 978 977 
4288 1994 2731 1590 
4289 1339 1341 1340 
4290 2913 4123 3618 
4291 996 998 997 
4292 2203 4226 2804 
4293 3305 4108 2874 
4294 2382 4148 2716 
4295 1904 2219 1903 
4296 1763 3419 1760 
4297 3205 3918 3692 
4298 3154 3772 1800 
4299 4025 4030 682 
4300 1641 1642 1640 
4301 1853 1854 1852 
4302 803 3277 3222 
4303 1886 2666 1531 
4304 942 4092 3949 
4305 1539 2052 1541 
4306 2660 3704 2658 
4307 1540 4114 2668 
4308 1816 2761 1727 
4309 1357 3536 1356 
4310 2019 3403 2246 
4311 3741 3761 2537 
4312 2083 3651 2216 
4313 2806 4344 2587 
4314 2531 2533 2532 
4315 926 928 927 
4316 2306 2317 2305 
4317 3433 3552 3012 
4318 2650 3755 2651 
4319 2729 3576 725 
4320 1419 4158 2682 
4321 1237 1238 1236 
4322 2467 4306 3268 
4323 3246 3408 2949 
4324 1584 2668 1882 
4325 1157 3542 2564 
4326 2746 3998 2327 
4327 279 3533 2794 
4328 919 923 922 
4329 2002 2275 2003 
4330 921 4063 918 
4331 1072 3233 1080 
4332 2942 4294 1012 
4333 3105 3481 2178 
4334 2089 3801 2940 
4335 2945 3164 2450 
4336 1480 2192 1772 
4337 2373 2374 2372 
4338 2229 3249 2230 
4339 1637 1638 1582 
4340 1153 4054 1264 
4341 1189 4002 1351 
4342 2344 2693 2692 
4343 1033 1061 1060 
4344 698 3176 3173 
4345 2766 2789 2210 
4346 1267 4202 1268 
4347 1412 3311 2659 
4348 2907 3699 2166 
4349 2018 2020 2019 
4350 2762 3958 3541 
4351 2779 4219 1416 
4352 1082 2939 1124 
4353 3707 3786 861 
4354 1581 1582 1461 
4355 3946 4241 2370 
4356 2674 3877 1157 
4357 102 3753 101 
4358 2670 4169 2669 
4359 2909 3488 770 
4360 1416 4219 1413 
4361 1577 4300 1576 
4362 968 2748 964 
4363 959 960 957 
4364 3417 4242 4118 
4365 2959 3350 1878 
4366 664 3818 3538 
4367 1298 3904 3264 
4368 3088 3163 2096 
4369 1098 4047 1150 
4370 1246 3198 1242 
4371 2728 3604 2727 
4372 1134 3272 1210 
4373 2852 2853 2851 
4374 516 874 515 
4375 408 875 407 
4376 2119 3621 2756 
4377 2178 3481 2177 
4378 2121 2122 2037 
4379 497 3071 496 
4380 499 3066 498 
4381 456 3068 455 
4382 461 3069 460 
4383 503 3072 502 
4384 602 3034 601 
4385 487 3039 486 
4386 491 822 490 
4387 502 712 501 
4388 509 744 508 
4389 504 820 503 
4390 506 718 505 
4391 469 3048 468 
4392 483 673 482 
4393 452 746 451 
4394 558 3074 557 
4395 582 739 581 
4396 465 666 464 
4397 471 628 470 
4398 474 745 473 
4399 475 3053 474 
4400 477 657 476 
4401 481 3056 480 
4402 450 3051 449 
4403 449 772 448 
4404 455 707 454 
4405 480 743 479 
4406 462 817 461 
4407 488 682 487 
4408 498 703 497 
4409 508 3063 507 
4410 512 775 511 
4411 561 3073 560 
4412 566 816 565 
4413 457 818 456 
4414 460 684 459 
4415 468 742 467 
4416 470 3050 469 
4417 476 3054 475 
4418 482 3059 481 
4419 484 3060 483 
4420 485 3061 484 
4421 493 691 492 
4422 500 823 499 
4423 507 3062 506 
4424 591 674 590 
4425 599 815 598 
4426 601 692 600 
4427 608 811 607 
4428 610 711 609 
4429 617 747 616 
4430 486 819 485 
4431 563 708 562 
4432 568 683 567 
4433 571 814 570 
4434 576 741 575 
4435 579 627 578 
4436 585 658 584 
4437 594 812 593 
4438 596 681 595 
4439 606 704 605 
4440 620 774 619 
4441 495 821 494 
4442 505 3041 504 
4443 588 740 587 
4444 604 813 603 
4445 612 810 611 
4446 614 719 613 
4447 557 771 556 
4448 560 738 559 
4449 573 665 572 
4450 619 3037 618 
4451 603 3033 602 
4452 611 3035 610 
4453 570 3036 569 
4454 609 3042 608 
4455 613 3040 612 
4456 600 3044 599 
4457 567 3047 566 
4458 572 3046 571 
4459 595 3045 594 
4460 605 3043 604 
4461 2407 3774 2723 
4462 903 906 905 
4463 3054 3055 3053 
4464 3041 3134 820 
4465 3063 3064 3062 
4466 3048 3049 742 
4467 903 1729 906 
4468 2316 4081 3856 
4469 601 3034 692 
4470 703 3071 497 
4471 817 3069 461 
4472 818 3068 456 
4473 560 3073 738 
4474 823 3066 499 
4475 820 3072 503 
4476 557 3074 771 
4477 498 3066 703 
4478 455 3068 707 
4479 460 3069 684 
4480 502 3072 712 
4481 610 3035 711 
4482 657 3054 476 
4483 673 3059 482 
4484 718 3041 505 
4485 682 3039 487 
4486 744 3063 508 
4487 628 3050 470 
4488 819 3061 485 
4489 507 3063 3062 
4490 469 3050 3048 
4491 475 3054 3053 
4492 481 3059 3056 
4493 484 3061 3060 
4494 486 3039 819 
4495 504 3041 820 
4496 612 3040 810 
4497 599 3044 815 
4498 571 3046 814 
4499 594 3045 812 
4500 3033 3034 602 
4501 608 3042 811 
4502 604 3043 813 
4503 566 3047 816 
4504 468 3048 742 
4505 483 3060 673 
4506 449 3051 772 
4507 474 3053 745 
4508 480 3056 743 
4509 506 3062 718 
4510 814 3036 570 
4511 813 3033 603 
4512 774 3037 619 
4513 810 3035 611 
4514 711 3042 609 
4515 719 3040 613 
4516 704 3043 605 
4517 692 3044 600 
4518 681 3045 595 
4519 683 3047 567 
4520 665 3046 572 
4521 3086 3699 2907 
4522 1393 1394 1392 
4523 900 2974 903 
4524 3055 3076 3053 
4525 2848 4147 3099 
4526 2080 3553 2072 
4527 2013 2014 2012 
4528 2741 3641 775 
4529 1369 1371 1370 
4530 3053 3076 745 
4531 628 3180 3050 
4532 2913 3618 1954 
4533 2461 2903 2458 
4534 2419 4143 2498 
4535 1073 1277 1276 
4536 2976 3865 1928 
4537 815 3078 598 
4538 2500 3757 1513 
4539 618 3038 617 
4540 510 3065 509 
4541 598 3078 597 
4542 2190 3809 3089 
4543 2974 2975 1729 
4544 903 905 902 
4545 617 3038 747 
4546 3037 3038 618 
4547 509 3065 744 
4548 2311 2313 2312 
4549 2815 4211 2159 
4550 2005 2007 2006 
4551 1564 1565 1563 
4552 1664 4162 1667 
4553 3017 4003 872 
4554 2067 2957 2737 
4555 2332 3847 2333 
4556 1359 1994 1590 
4557 2346 4073 3919 
4558 2336 2957 2067 
4559 1255 1256 1254 
4560 3111 3715 2547 
4561 2156 2645 2644 
4562 2502 3392 2091 
4563 3088 3234 654 
4564 489 3825 2857 
4565 1714 1715 1713 
4566 2169 2171 2170 
4567 3911 4030 2526 
4568 1317 3198 1246 
4569 1333 2782 1331 
4570 1535 4119 1501 
4571 2669 4046 2442 
4572 2405 3858 3767 
4573 3297 3324 1265 
4574 1117 1119 1118 
4575 1563 3150 1572 
4576 2240 2261 2122 
4577 2947 3148 1026 
4578 1784 4313 1785 
4579 2460 3386 3293 
4580 1616 4015 3401 
4581 1654 1655 1653 
4582 451 3052 450 
4583 903 2974 1729 
4584 928 930 929 
4585 897 2974 900 
4586 1220 2912 1464 
4587 746 3052 451 
4588 450 3052 3051 
4589 973 2926 1239 
4590 2031 3688 1856 
4591 1669 1670 1661 
4592 1199 4120 1127 
4593 2840 2841 2383 
4594 1849 1850 1848 
4595 823 3951 3025 
4596 1773 2956 1771 
4597 3255 3724 2501 
4598 3538 3818 3231 
4599 977 4278 2143 
4600 727 3138 3096 
4601 2715 3862 2834 
4602 576 3143 741 
4603 2939 3775 2160 
4604 1147 1148 1146 
4605 1574 1575 1569 
4606 2806 3626 334 
4607 1926 3526 1241 
4608 2792 4145 1597 
4609 1071 1073 1070 
4610 1350 3890 3595 
4611 2167 2169 2168 
4612 1185 1186 1148 
4613 992 996 995 
4614 2583 3846 3718 
4615 3063 3273 3064 
4616 3049 3280 2338 
4617 726 3758 3097 
4618 1525 1739 1512 
4619 1250 3721 1248 
4620 3408 3910 2949 
4621 2848 4318 2140 
4622 2998 4306 4254 
4623 909 911 910 
4624 2131 3497 2130 
4625 992 3079 996 
4626 1530 3331 1812 
4627 2053 3399 3147 
4628 3331 4197 2677 
4629 1341 1343 1342 
4630 2187 4086 3329 
4631 2516 4232 3195 
4632 924 926 925 
4633 2645 2647 2646 
4634 1666 4179 1662 
4635 2705 4109 2706 
4636 1578 1579 1577 
4637 2750 3362 2777 
4638 2299 2300 2298 
4639 2609 4258 4172 
4640 823 3962 3067 
4641 1174 3122 1197 
4642 900 903 902 
4643 902 904 901 
4644 1558 1559 1557 
4645 206 4307 2909 
4646 2968 4217 3775 
4647 3200 3573 1974 
4648 1930 3652 3108 
4649 2954 3256 754 
4650 2238 4031 3019 
4651 2159 4042 2815 
4652 3609 4332 2559 
4653 1974 1975 1973 
4654 577 3143 576 
4655 1299 3851 1300 
4656 2758 3907 2956 
4657 1615 4007 1399 
4658 3089 3234 3088 
4659 1236 4335 1234 
4660 928 3548 930 
4661 3815 3860 2231 
4662 1770 1771 1481 
4663 2118 3869 2937 
4664 988 989 987 
4665 3334 3989 3026 
4666 1011 3895 2676 
4667 2297 2311 2310 
4668 439 3097 438 
4669 435 3099 434 
4670 531 3105 530 
4671 431 3101 430 
4672 415 652 414 
4673 443 791 442 
4674 441 3106 440 
4675 551 790 550 
4676 521 831 520 
4677 548 727 547 
4678 424 750 423 
4679 421 625 420 
4680 535 669 534 
4681 537 830 536 
4682 542 829 541 
4683 544 710 543 
4684 532 753 531 
4685 546 828 545 
4686 526 752 525 
4687 529 626 528 
4688 540 688 539 
4689 538 3091 537 
4690 413 826 412 
4691 411 733 410 
4692 427 670 426 
4693 524 3103 523 
4694 418 751 417 
4695 432 687 431 
4696 430 825 429 
4697 519 734 518 
4698 523 651 522 
4699 440 726 439 
4700 438 827 437 
4701 436 709 435 
4702 434 824 433 
4703 520 3113 519 
4704 552 3100 551 
4705 433 3112 432 
4706 412 3098 411 
4707 530 3114 529 
4708 425 3115 424 
4709 536 3109 535 
4710 426 3110 425 
4711 525 3117 524 
4712 543 3092 542 
4713 545 3094 544 
4714 541 3104 540 
4715 414 3116 413 
4716 442 3107 441 
4717 3043 3292 813 
4718 2196 3437 2145 
4719 2851 3719 2849 
4720 1488 3120 2487 
4721 3020 3750 3021 
4722 1442 4289 2905 
4723 637 3884 2820 
4724 3563 3802 3286 
4725 3223 3894 2619 
4726 2892 4105 2356 
4727 2916 3889 2211 
4728 574 4012 2878 
4729 1800 2677 1799 
4730 2463 4250 2842 
4731 938 939 937 
4732 1300 4297 1518 
4733 766 3705 2958 
4734 2884 3547 3391 
4735 3776 3806 2562 
4736 1566 1567 1565 
4737 3019 4031 805 
4738 1356 2453 1043 
4739 742 3156 467 
4740 1198 2912 1220 
4741 744 3273 3063 
4742 409 3011 408 
4743 517 3010 516 
4744 1440 3289 1185 
4745 2598 3720 2599 
4746 1089 2774 1087 
4747 2597 3515 2596 
4748 2355 2586 2585 
4749 1894 2005 2004 
4750 3022 3023 1986 
4751 2189 3358 2188 
4752 3118 3547 2061 
4753 3056 3058 3057 
4754 2275 2277 2276 
4755 2530 3756 2158 
4756 2150 3308 1478 
4757 746 3726 2931 
4758 1974 3573 2519 
4759 3590 4323 3746 
4760 1710 1711 1709 
4761 458 3954 2889 
4762 1940 3580 1527 
4763 730 4307 207 
4764 2931 3456 746 
4765 2380 4320 2235 
4766 3028 3373 751 
4767 3434 3515 2597 
4768 2720 3636 2719 
4769 1172 3332 1618 
4770 2585 4344 2874 
4771 3164 3165 875 
4772 2743 3867 2744 
4773 1383 1385 1384 
4774 1201 3885 1422 
4775 3549 4027 3618 
4776 1628 1629 1627 
4777 1300 1301 1179 
4778 1846 1894 1893 
4779 1101 1103 1102 
4780 1560 1561 1559 
4781 1889 2101 1440 
4782 707 3183 454 
4783 2172 3679 3219 
4784 880 2116 2115 
4785 2553 3435 1418 
4786 1698 1699 1697 
4787 2438 3008 1981 
4788 1704 1705 1701 
4789 823 3067 3066 
4790 1603 2808 1822 
4791 791 3108 3107 
4792 652 3196 3116 
4793 670 3111 3110 
4794 3092 3093 829 
4795 687 3102 3101 
4796 2889 3995 458 
4797 835 3992 3192 
4798 3004 3437 631 
4799 2786 4096 2787 
4800 2074 3142 1725 
4801 2846 3341 642 
4802 2024 2025 2022 
4803 2879 4318 709 
4804 1131 2704 1059 
4805 1166 3754 3353 
4806 522 3126 521 
4807 2361 3751 2322 
4808 1210 1211 1190 
4809 1282 1283 1281 
4810 3652 4162 2250 
4811 817 3070 3069 
4812 3490 3776 3489 
4813 2253 3129 2198 
4814 2399 3561 2397 
4815 1395 1396 1394 
4816 3149 3737 1456 
4817 810 3382 3035 
4818 2011 2012 2009 
4819 2840 3317 781 
4820 2976 3962 2218 
4821 2972 3890 2973 
4822 3648 3974 839 
4823 706 3983 3220 
4824 463 3193 462 
4825 2641 3758 2136 
4826 1599 4299 1982 
4827 2782 3463 1898 
4828 1086 2843 1041 
4829 2191 3574 2952 
4830 1524 2944 1998 
4831 1520 1522 1521 
4832 2685 4225 2126 
4833 1650 3211 1652 
4834 2365 3155 3131 
4835 2254 2255 869 
4836 2966 4069 2368 
4837 1906 4194 2065 
4838 1178 4264 1299 
4839 1708 1709 1707 
4840 3821 4249 2881 
4841 2574 4325 2102 
4842 1902 3845 2932 
4843 871 877 876 
4844 1206 1207 1205 
4845 3815 3992 835 
4846 3005 3854 1720 
4847 2723 3774 3473 
4848 1554 1555 1553 
4849 1052 1095 1093 
4850 438 3097 827 
4851 430 3101 825 
4852 537 3091 830 
4853 434 3099 824 
4854 3105 3114 530 
4855 523 3103 651 
4856 710 3092 543 
4857 709 3099 435 
4858 831 3113 520 
4859 3110 3115 425 
4860 824 3112 433 
4861 826 3098 412 
4862 411 3098 733 
4863 753 3105 531 
4864 726 3097 439 
4865 519 3113 734 
4866 529 3114 626 
4867 752 3117 525 
4868 687 3101 431 
4869 829 3104 541 
4870 828 3094 545 
4871 652 3116 414 
4872 535 3109 669 
4873 670 3110 426 
4874 830 3109 536 
4875 440 3106 726 
4876 424 3115 750 
4877 432 3112 687 
4878 524 3117 3103 
4879 791 3107 442 
4880 544 3094 710 
4881 542 3092 829 
4882 441 3107 3106 
4883 540 3104 688 
4884 551 3100 790 
4885 413 3116 826 
4886 1257 1258 1256 
4887 2301 2303 2300 
4888 2915 2919 2918 
4889 1693 1694 1692 
4890 1657 3075 1654 
4891 1447 4328 1764 
4892 2960 4204 1479 
4893 3508 3535 2646 
4894 2026 2078 2025 
4895 3641 3936 3065 
4896 3482 3588 851 
4897 2810 3904 2809 
4898 2966 3539 733 
4899 2970 3354 3017 
4900 3135 4062 2887 
4901 923 4102 924 
4902 2898 4090 1072 
4903 467 3156 466 
4904 3102 3144 3101 
4905 687 3145 3102 
4906 3326 3559 2812 
4907 1247 1249 1248 
4908 3162 3401 3400 
4909 2135 3748 2121 
4910 1036 3949 3891 
4911 992 995 994 
4912 3214 4348 3038 
4913 930 932 931 
4914 2935 3872 1817 
4915 2947 3149 3148 
4916 735 3813 3676 
4917 992 994 991 
4918 651 3126 522 
4919 521 3126 831 
4920 2756 3621 3220 
4921 2996 3686 2515 
4922 2761 3937 3266 
4923 2016 2018 2017 
4924 2841 4000 1726 
4925 2475 2959 1878 
4926 1532 1922 1887 
4927 3102 3623 3144 
4928 1907 1908 1633 
4929 1510 1916 1513 
4930 1438 1439 1436 
4931 2525 3911 2526 
4932 1863 4339 1905 
4933 1706 1707 1705 
4934 2296 2298 2294 
4935 3030 3239 2410 
4936 990 991 989 
4937 950 951 949 
4938 1872 1874 1873 
4939 2673 3974 3648 
4940 2734 2735 1291 
4941 2145 2490 2144 
4942 1385 1387 1386 
4943 1505 4020 2661 
4944 3679 4138 946 
4945 1066 3666 1091 
4946 1343 1345 1344 
4947 2946 3453 239 
4948 2082 3404 1472 
4949 3722 3915 2138 
4950 1689 1690 1688 
4951 1727 1952 1542 
4952 2001 2149 2148 
4953 3268 4306 3729 
4954 2277 2279 2278 
4955 2108 2144 2107 
4956 719 3357 3040 
4957 909 912 911 
4958 908 4230 920 
4959 1028 3972 1048 
4960 1284 1285 1283 
4961 3026 3989 2041 
4962 1434 4315 1430 
4963 1952 3266 3121 
4964 2424 3774 2407 
4965 2336 4053 2957 
4966 1652 1654 1653 
4967 2637 4357 2985 
4968 2042 2043 1793 
4969 1072 4090 3233 
4970 1696 1697 1694 
4971 2876 3903 3214 
4972 2421 4198 3153 
4973 1069 1071 1070 
4974 2366 3763 1507 
4975 980 999 982 
4976 721 3458 2816 
4977 2384 4159 2738 
4978 2347 3921 3829 
4979 2241 3627 1126 
4980 1155 1156 1154 
4981 2935 3873 1009 
4982 953 955 954 
4983 920 4230 2972 
4984 1683 1684 1682 
4985 3009 3546 816 
4986 1712 1713 1711 
4987 454 3183 453 
4988 3015 3459 2196 
4989 3699 4275 2166 
4990 1913 2107 1912 
4991 2086 3288 2568 
4992 2278 3552 2276 
4993 2152 3309 2151 
4994 990 3079 992 
4995 2466 3916 2465 
4996 2860 4023 1905 
4997 1740 2243 1739 
4998 851 3483 3482 
4999 1700 1701 1699 
5000 1673 1674 1672 
5001 3101 3144 825 
5002 3112 3145 687 
5003 2684 4157 2633 
5004 1135 4141 1064 
5005 980 982 981 
5006 2528 4221 1716 
5007 421 3174 625 
5008 1099 1101 1100 
5009 2917 4034 773 
5010 1759 1760 1629 
5011 2636 3682 2635 
5012 704 3291 3043 
5013 2683 4032 1318 
5014 422 3174 421 
5015 3061 3082 3060 
5016 1729 3248 906 
5017 2497 3697 3530 
5018 959 962 961 
5019 410 3700 202 
5020 941 942 939 
5021 2318 2319 2317 
5022 1397 1398 1396 
5023 2668 3821 1882 
5024 2216 3347 2073 
5025 970 973 972 
5026 1911 1912 1910 
5027 1302 1303 1301 
5028 871 1616 877 
5029 900 902 901 
5030 2833 3448 1996 
5031 1984 3744 1985 
5032 1450 3468 2194 
5033 2398 4020 2401 
5034 2231 3860 2436 
5035 3220 3983 2757 
5036 2388 4032 2386 
5037 955 957 956 
5038 2101 3289 1440 
5039 1327 1328 1326 
5040 3644 3844 1261 
5041 1994 4010 2793 
5042 1883 4363 3087 
5043 670 3288 3111 
5044 232 3152 231 
5045 29 3153 28 
5046 2508 4295 1203 
5047 2651 4222 2987 
5048 2902 3939 3931 
5049 2315 2531 2316 
5050 1687 1688 1686 
5051 2586 2588 2587 
5052 3391 3547 3079 
5053 2588 2590 2589 
5054 1477 3374 2550 
5055 2787 3360 2788 
5056 1723 4128 1556 
5057 774 3615 2945 
5058 973 974 972 
5059 2835 3712 2120 
5060 1537 2843 1086 
5061 3417 4118 2799 
5062 1407 3823 2418 
5063 1459 1862 1861 
5064 1304 1305 1303 
5065 1493 2560 1225 
5066 27 3157 26 
5067 3219 3661 2172 
5068 2962 3637 750 
5069 2226 3735 2227 
5070 1909 1910 1908 
5071 1685 1686 1684 
5072 3067 3962 2976 
5073 2090 4293 2089 
5074 2232 3815 2231 
5075 1884 4274 1515 
5076 3466 4022 704 
5077 231 832 230 
5078 28 833 27 
5079 916 3081 1014 
5080 3291 3292 3043 
5081 947 950 949 
5082 230 3159 229 
5083 1665 2838 1642 
5084 951 953 952 
5085 2849 4147 2848 
5086 3585 3844 3677 
5087 934 3315 936 
5088 177 636 176 
5089 380 635 379 
5090 2188 2247 2187 
5091 532 3206 753 
5092 2659 3311 2660 
5093 845 4255 3141 
5094 383 759 382 
5095 180 756 179 
5096 465 3420 666 
5097 462 3193 817 
5098 2050 2187 2049 
5099 3673 4319 3798 
5100 1097 1099 1098 
5101 1306 1307 1305 
5102 1165 4203 2805 
5103 1522 1605 1604 
5104 877 878 876 
5105 2510 3170 3155 
5106 3967 4097 3770 
5107 2063 2082 1472 
5108 32 3160 31 
5109 2324 3856 3706 
5110 2964 2965 2202 
5111 3040 3357 3355 
5112 3866 4121 2478 
5113 1716 1799 1715 
5114 970 2926 973 
5115 2164 3810 2691 
5116 3195 4232 2911 
5117 2048 2049 2047 
5118 2320 2321 2319 
5119 1095 1097 1096 
5120 584 3356 583 
5121 30 690 29 
5122 233 689 232 
5123 1078 4183 933 
5124 606 3466 704 
5125 811 3466 607 
5126 2438 4125 3008 
5127 3860 3861 2436 
5128 1514 3336 2887 
5129 2808 4153 2741 
5130 2163 2198 1804 
5131 550 3325 549 
5132 1138 3460 1194 
5133 1483 4333 4266 
5134 25 699 24 
5135 228 698 227 
5136 2209 3290 2997 
5137 2908 3865 2217 
5138 3673 3798 2730 
5139 959 961 960 
5140 1725 1791 1489 
5141 1430 1432 1428 
5142 1075 1113 1112 
5143 944 945 942 
5144 2304 2305 2303 
5145 583 3377 582 
5146 2046 2047 2045 
5147 2944 3447 2261 
5148 3809 3934 3387 
5149 3499 3655 2282 
5150 1308 1360 1307 
5151 2913 3984 2257 
5152 2256 4123 2913 
5153 982 984 983 
5154 2279 2281 2280 
5155 2930 3253 661 
5156 772 4347 2969 
5157 2605 4097 3967 
5158 2734 3333 3151 
5159 1024 2061 1035 
5160 2881 4249 689 
5161 2044 2045 2043 
5162 1132 3986 3691 
5163 2330 4034 2917 
5164 229 3176 228 
5165 26 3175 25 
5166 2982 3518 2578 
5167 3168 3635 649 
5168 2080 3580 3029 
5169 627 3446 578 
5170 913 4322 1030 
5171 3791 4287 1023 
5172 1332 1333 1331 
5173 3002 3733 3605 
5174 2004 3424 1893 
5175 1249 1251 1250 
5176 3010 3434 874 
5177 2513 4277 3232 
5178 2140 4318 2879 
5179 1675 1676 1674 
5180 1689 3080 1690 
5181 1387 1389 1388 
5182 182 837 181 
5183 385 838 384 
5184 1078 4343 2562 
5185 932 934 933 
5186 1762 1763 1760 
5187 2590 3002 3001 
5188 2696 4293 2090 
5189 2960 3294 2176 
5190 2866 3730 3460 
5191 640 3909 2789 
5192 170 3146 169 
5193 533 3206 532 
5194 3387 3934 795 
5195 2807 3549 1077 
5196 980 3124 999 
5197 2374 2515 2514 
5198 2368 4069 3136 
5199 821 3421 494 
5200 493 3421 691 
5201 2948 3301 802 
5202 2794 3533 2264 
5203 708 4081 3979 
5204 2448 3818 2447 
5205 3120 3793 2321 
5206 2451 3878 2452 
5207 3059 3396 3058 
5208 1419 3721 3591 
5209 1570 3285 1550 
5210 1345 1348 1346 
5211 1942 2858 1310 
5212 3014 3879 3665 
5213 1647 4280 1648 
5214 2967 3307 1934 
5215 2065 4127 1907 
5216 2899 3367 2900 
5217 2268 3300 2828 
5218 3144 3623 2567 
5219 1438 3209 1439 
5220 1498 1499 1446 
5221 2284 3499 2282 
5222 277 3166 276 
5223 1361 1362 1360 
5224 1203 4295 2836 
5225 3074 3351 771 
5226 3000 4052 740 
5227 797 3735 2946 
5228 2818 3772 3154 
5229 2883 3127 2884 
5230 1038 3332 1110 
5231 653 3922 2965 
5232 1677 1678 1676 
5233 552 3281 3100 
5234 2446 3199 1987 
5235 181 3184 180 
5236 1526 4211 2815 
5237 174 737 173 
5238 377 736 376 
5239 1681 1682 1680 
5240 826 4008 3136 
5241 577 3446 3143 
5242 1484 3501 1483 
5243 34 3172 33 
5244 1631 1632 1402 
5245 3271 3914 710 
5246 1986 4224 1591 
5247 2052 3329 1541 
5248 1800 4221 3154 
5249 1856 4327 2236 
5250 946 4092 942 
5251 2647 3295 2646 
5252 3400 3401 734 
5253 3312 3737 3313 
5254 2504 3872 2935 
5255 226 834 225 
5256 23 835 22 
5257 1960 1961 1959 
5258 1401 3859 1722 
5259 1946 1948 1947 
5260 3320 4091 2215 
5261 3048 3077 3049 
5262 3040 3355 810 
5263 3050 3077 3048 
5264 3050 3180 3077 
5265 3007 3917 592 
5266 1533 1534 1501 
5267 2441 3291 2991 
5268 3359 4341 4291 
5269 3156 3420 466 
5270 375 3624 2891 
5271 596 3484 681 
5272 2466 4262 4246 
5273 1588 1598 1587 
5274 642 4093 2846 
5275 2202 3922 2200 
5276 2292 3525 2307 
5277 2392 3381 2654 
5278 1372 4055 1593 
5279 2994 3585 3584 
5280 3651 3681 3680 
5281 1273 4335 1236 
5282 2764 3672 2680 
5283 2067 2737 2066 
5284 3078 3484 597 
5285 990 992 991 
5286 332 3182 331 
5287 2929 4137 798 
5288 3274 3795 694 
5289 1546 3250 1548 
5290 2998 4254 1168 
5291 1962 1963 1961 
5292 2333 3349 3348 
5293 1867 4296 2076 
5294 3159 3358 2189 
5295 3077 3280 3049 
5296 1012 4294 2866 
5297 2922 3970 3511 
5298 471 3502 628 
5299 832 3358 3159 
5300 2125 3123 1819 
5301 1259 4359 1256 
5302 3153 4016 2421 
5303 1840 2117 1969 
5304 1002 2715 1004 
5305 1410 1411 1409 
5306 3260 3870 2550 
5307 2817 4257 2630 
5308 2738 4159 3307 
5309 1363 1364 1362 
5310 3724 4351 2501 
5311 2510 4252 4172 
5312 78 633 77 
5313 281 634 280 
5314 673 3396 3059 
5315 1891 4263 2128 
5316 1356 3536 3284 
5317 1077 4123 929 
5318 3056 3057 743 
5319 783 3318 2859 
5320 2537 3761 3036 
5321 4172 4258 3171 
5322 1833 2797 2796 
5323 917 4322 913 
5324 2762 3541 2693 
5325 24 3202 23 
5326 227 3203 226 
5327 127 632 126 
5328 330 631 329 
5329 79 3185 78 
5330 236 805 235 
5331 33 804 32 
5332 2002 4158 2275 
5333 3335 3564 2309 
5334 3399 4173 2765 
5335 2893 4175 2894 
5336 2709 4302 2028 
5337 22 3192 21 
5338 3283 3725 846 
5339 1862 1864 1863 
5340 2897 3992 2232 
5341 1868 1870 1869 
5342 816 3546 565 
5343 333 755 332 
5344 130 754 129 
5345 2946 3735 2226 
5346 685 3703 3598 
5347 688 3346 539 
5348 538 3346 3091 
5349 184 623 183 
5350 387 624 386 
5351 283 836 282 
5352 909 3248 912 
5353 2688 3218 2961 
5354 3314 3383 940 
5355 1073 3976 1425 
5356 1870 1872 1871 
5357 3071 3578 496 
5358 495 3578 821 
5359 2210 3909 2209 
5360 1866 1868 1867 
5361 1864 1866 1865 
5362 2281 2283 2282 
5363 2876 3933 2875 
5364 1355 1475 1474 
5365 2649 3793 3120 
5366 1188 1233 1232 
5367 2113 2565 1763 
5368 1131 3579 2704 
5369 282 3201 281 
5370 592 4115 3007 
5371 1113 1115 1114 
5372 75 748 74 
5373 278 749 277 
5374 1573 4099 2701 
5375 1785 1787 1786 
5376 3017 3835 444 
5377 751 3373 417 
5378 1518 4058 1302 
5379 1209 3308 1145 
5380 1671 1672 1670 
5381 667 3556 3500 
5382 941 2947 944 
5383 911 3081 916 
5384 1414 1415 1413 
5385 3572 4258 2609 
5386 415 3379 652 
5387 1238 1275 1274 
5388 1115 1117 1116 
5389 81 762 80 
5390 1725 3142 1791 
5391 2773 3671 2772 
5392 1334 1335 1333 
5393 2772 4288 2861 
5394 900 901 898 
5395 1924 2132 2131 
5396 1433 1435 1432 
5397 3073 3342 738 
5398 1921 3161 2773 
5399 1452 4084 1187 
5400 1850 1853 1852 
5401 1896 2734 1494 
5402 1289 2998 1168 
5403 2408 4099 2425 
5404 1365 1366 1364 
5405 2896 4357 2895 
5406 3313 3737 3314 
5407 2579 4330 3184 
5408 581 3640 580 
5409 3355 3382 810 
5410 2897 3983 3279 
5411 1291 1317 1246 
5412 775 3641 511 
5413 1389 1391 1390 
5414 1251 1253 1252 
5415 1405 1781 1592 
5416 3047 3335 816 
5417 2227 3735 2914 
5418 183 3226 182 
5419 386 3225 385 
5420 3310 3716 2151 
5421 2449 3838 2540 
5422 1348 1354 1349 
5423 840 4106 3306 
5424 3224 3693 857 
5425 2401 3745 2664 
5426 80 3212 79 
5427 510 3641 3065 
5428 2025 3402 2022 
5429 1752 4226 2203 
5430 1290 3997 1495 
5431 2914 3735 797 
5432 2791 4145 2792 
5433 2864 3417 2865 
5434 3595 3890 2335 
5435 797 3252 2914 
5436 984 986 985 
5437 1937 1938 1936 
5438 2313 2315 2314 
5439 979 3124 980 
5440 2151 3716 2146 
5441 1423 1838 1744 
5442 124 763 123 
5443 285 715 284 
5444 327 764 326 
5445 1597 2790 1022 
5446 4118 4242 3263 
5447 700 3243 3181 
5448 624 4215 3225 
5449 2257 3984 3083 
5450 2824 4160 2825 
5451 712 3948 3024 
5452 2105 3670 2726 
5453 1659 3211 1650 
5454 528 3604 527 
5455 884 4239 886 
5456 446 4003 203 
5457 2746 3722 3244 
5458 934 936 935 
5459 203 4003 445 
5460 2740 3434 2597 
5461 1812 3331 2631 
5462 429 3611 428 
5463 1648 1650 1649 
5464 2798 2799 1834 
5465 1808 3817 2525 
5466 1324 4059 1273 
5467 2054 2775 1424 
5468 3306 4106 2395 
5469 1048 4312 1166 
5470 2979 4041 2980 
5471 2153 2154 2152 
5472 3042 4160 811 
5473 1858 2373 2372 
5474 2545 3973 2547 
5475 734 3514 518 
5476 2569 4029 2571 
5477 2344 2692 1017 
5478 3289 3644 1186 
5479 1586 1587 1421 
5480 1983 3354 2970 
5481 2789 3909 2210 
5482 2141 2850 2849 
5483 2562 4343 2552 
5484 1650 1652 1651 
5485 463 4281 3193 
5486 563 3706 708 
5487 2164 4311 3810 
5488 553 3281 552 
5489 1441 2836 1754 
5490 512 3711 775 
5491 2975 4320 1729 
5492 3378 3622 1807 
5493 657 3551 3054 
5494 135 3207 134 
5495 73 3204 72 
5496 133 649 132 
5497 336 650 335 
5498 1507 4165 2609 
5499 284 3235 283 
5500 125 3236 124 
5501 2895 4357 1176 
5502 1376 1377 1322 
5503 3289 3844 3644 
5504 1067 1069 1068 
5505 2455 3778 2379 
5506 623 3413 2940 
5507 2714 3492 2713 
5508 2282 3655 2280 
5509 754 4142 2954 
5510 1024 3118 2061 
5511 452 3726 746 
5512 1211 1298 1224 
5513 2539 3850 3067 
5514 77 3245 76 
5515 2076 4008 3196 
5516 1599 1611 1598 
5517 83 839 82 
5518 514 3296 513 
5519 3225 3555 838 
5520 328 3459 3015 
5521 1431 3654 3398 
5522 1367 1368 1366 
5523 3325 4121 549 
5524 1734 1735 1731 
5525 941 944 942 
5526 998 3118 1024 
5527 2105 2106 1919 
5528 1025 4301 945 
5529 789 3522 3499 
5530 4135 4261 2975 
5531 31 3257 30 
5532 2357 4108 2705 
5533 1716 4221 1800 
5534 1338 1339 1337 
5535 1503 1942 1310 
5536 374 655 373 
5537 35 679 34 
5538 171 656 170 
5539 238 680 237 
5540 3292 3734 813 
5541 436 3513 709 
5542 827 3513 437 
5543 2112 2733 1831 
5544 2638 3707 2115 
5545 707 4262 2871 
5546 2881 4122 2174 
5547 1726 4089 2841 
5548 28 3153 833 
5549 231 3152 832 
5550 2117 2990 2118 
5551 2283 2499 2284 
5552 37 3210 36 
5553 776 4258 3429 
5554 1658 3200 1663 
5555 1642 1644 1643 
5556 3676 3881 735 
5557 3136 4069 826 
5558 820 3886 3072 
5559 807 4109 4108 
5560 568 3761 683 
5561 3036 3761 569 
5562 2854 4280 3090 
5563 976 979 978 
5564 2422 4198 2421 
5565 1738 3803 2423 
5566 1561 1564 1563 
5567 661 4148 2930 
5568 1243 3526 1247 
5569 2871 4262 2466 
5570 833 3157 27 
5571 1886 3298 2666 
5572 856 3609 2971 
5573 1141 3902 2774 
5574 1256 4359 1254 
5575 1814 2553 1418 
5576 1061 1795 1063 
5577 2328 2779 1783 
5578 832 3159 230 
5579 2020 2021 2019 
5580 1567 1574 1569 
5581 3184 4330 756 
5582 223 705 222 
5583 20 706 19 
5584 1517 3723 2272 
5585 2955 3256 2954 
5586 1471 2137 2062 
5587 1406 3736 2270 
5588 1622 1849 1848 
5589 234 3610 233 
5590 2143 4278 3031 
5591 2528 3732 3154 
5592 1893 3424 3337 
5593 2853 3623 3102 
5594 1825 2905 2535 
5595 3086 3905 388 
5596 689 3152 232 
5597 690 3153 29 
5598 3151 3333 2075 
5599 1337 4279 1336 
5600 1575 1578 1577 
5601 1876 3843 2950 
5602 955 958 957 
5603 72 643 71 
5604 275 645 274 
5605 134 3167 133 
5606 129 3256 128 
5607 2464 4247 2889 
5608 689 4122 2881 
5609 82 3251 81 
5610 1485 3812 2394 
5611 3500 3709 2517 
5612 1329 1802 1353 
5613 988 990 989 
5614 580 3816 579 
5615 3222 3276 803 
5616 2514 4205 3187 
5617 3187 4205 796 
5618 2965 3922 2202 
5619 686 3653 3158 
5620 1746 1974 1973 
5621 2934 3727 702 
5622 376 3624 375 
5623 781 3369 2992 
5624 558 3858 3074 
5625 738 3858 559 
5626 3093 3914 2376 
5627 1891 2066 1635 
5628 1922 3907 1887 
5629 2038 3789 3298 
5630 490 3825 489 
5631 1859 3563 3286 
5632 3190 3412 855 
5633 2395 4106 2273 
5634 122 841 121 
5635 325 840 324 
5636 287 842 286 
5637 1026 3148 1052 
5638 996 3118 998 
5639 2441 3292 3291 
5640 1233 1235 1234 
5641 3113 3400 734 
5642 1277 1742 1276 
5643 745 3871 473 
5644 870 4015 871 
5645 1908 3441 1633 
5646 691 3839 492 
5647 491 3839 822 
5648 615 3842 614 
5649 2440 4045 3734 
5650 1238 2993 1275 
5651 4082 4241 665 
5652 2850 2852 2851 
5653 1855 2031 1856 
5654 3255 4124 731 
5655 2540 4124 3255 
5656 1391 1393 1392 
5657 3239 3807 2410 
5658 2377 2378 1774 
5659 3157 3175 26 
5660 1457 2983 1258 
5661 3073 3979 2625 
5662 674 3855 590 
5663 2171 3179 2623 
5664 2633 4304 3087 
5665 3382 3796 3035 
5666 2100 4290 3539 
5667 3159 3176 229 
5668 979 980 978 
5669 1121 1147 1146 
5670 1871 3913 2100 
5671 1555 1558 1557 
5672 1760 3419 1761 
5673 3039 3911 819 
5674 1579 1628 1627 
5675 1644 1646 1645 
5676 1254 3667 1320 
5677 1253 1255 1254 
5678 2081 3631 2583 
5679 673 3684 3396 
5680 3082 3684 3060 
5681 2741 3936 3641 
5682 750 3637 423 
5683 1520 1521 1373 
5684 1052 3148 1095 
5685 2430 2433 1403 
5686 2167 2168 2149 
5687 3873 3952 1009 
5688 1655 4199 2105 
5689 1369 1370 1368 
5690 1801 2444 2443 
5691 1833 3524 2797 
5692 1371 3656 1374 
5693 1235 1237 1236 
5694 3158 3464 686 
5695 636 3518 2982 
5696 280 3533 279 
5697 1449 4048 1794 
5698 466 3420 465 
5699 3077 3180 2162 
5700 958 959 957 
5701 36 3147 35 
5702 2914 3672 2764 
5703 1918 2855 1502 
5704 2235 4261 3397 
5705 2007 2008 2006 
5706 21 3279 20 
5707 592 3917 591 
5708 2951 3841 2586 
5709 2189 3176 3159 
5710 1194 3460 1782 
5711 172 3980 2888 
5712 1797 4104 2804 
5713 1268 4202 3669 
5714 3034 3416 692 
5715 880 3261 2116 
5716 1655 1919 1653 
5717 71 3208 70 
5718 340 3242 339 
5719 137 3244 136 
5720 2284 3500 3499 
5721 1768 4024 1766 
5722 1080 3233 1163 
5723 762 3213 3212 
5724 3313 3314 2224 
5725 3193 4281 2655 
5726 3353 4011 1166 
5727 986 988 987 
5728 326 3270 325 
5729 286 3269 285 
5730 1207 1282 1281 
5731 428 3824 427 
5732 1853 1855 1854 
5733 818 4246 3068 
5734 790 3325 550 
5735 459 3954 458 
5736 1790 2883 2882 
5737 1073 1276 1070 
5738 894 899 895 
5739 1435 3188 1796 
5740 3112 3719 3145 
5741 2812 3864 3326 
5742 712 3951 501 
5743 500 3951 823 
5744 892 894 893 
5745 390 765 389 
5746 187 766 186 
5747 3064 3755 3062 
5748 228 3176 698 
5749 25 3175 699 
5750 3384 3893 2461 
5751 2823 3449 3448 
5752 936 938 937 
5753 1237 2993 1238 
5754 1638 1640 1639 
5755 1475 1777 1476 
5756 1493 3606 2560 
5757 669 3697 534 
5758 780 3787 3371 
5759 3765 4060 2331 
5760 2575 3807 3239 
5761 85 671 84 
5762 2214 3558 1486 
5763 2083 3681 3651 
5764 1795 3272 1063 
5765 2171 2623 2170 
5766 1905 4023 3028 
5767 2311 3926 2978 
5768 2257 3710 2959 
5769 180 3184 756 
5770 2759 3981 2445 
5771 1846 1893 1595 
5772 334 3626 333 
5773 607 3466 606 
5774 759 3411 2902 
5775 2694 2695 1877 
5776 1889 2483 2101 
5777 1159 3178 1090 
5778 2559 3179 2171 
5779 3145 3719 2851 
5780 2693 2800 2692 
5781 561 3979 3073 
5782 708 3979 562 
5783 791 3835 3354 
5784 458 3995 457 
5785 3329 3330 2051 
5786 1170 1206 1205 
5787 658 3356 584 
5788 886 888 887 
5789 1277 4151 1742 
5790 3297 3899 2180 
5791 906 3248 909 
5792 3418 4025 2523 
5793 539 3346 538 
5794 3252 3672 2914 
5795 2751 3674 2111 
5796 407 4021 1 
5797 878 3380 876 
5798 1 4021 622 
5799 575 4012 574 
5800 2488 3681 2486 
5801 2575 3676 2574 
5802 1838 3151 1744 
5803 2090 3444 2695 
5804 3183 3726 453 
5805 683 3564 3047 
5806 3297 4136 3324 
5807 3409 3910 3408 
5808 3325 4354 2286 
5809 2983 3422 1260 
5810 740 4052 587 
5811 1551 1554 1553 
5812 1382 1383 1381 
5813 3263 4242 3779 
5814 1850 3013 1853 
5815 3290 3909 3650 
5816 3751 4041 2979 
5817 1134 1210 1190 
5818 3069 4345 684 
5819 3167 3168 649 
5820 593 4115 592 
5821 889 892 891 
5822 3104 3778 688 
5823 3650 3909 640 
5824 666 4281 464 
5825 3351 3718 771 
5826 573 4152 665 
5827 582 3377 739 
5828 3079 3547 3118 
5829 2433 4359 1259 
5830 876 3454 695 
5831 795 3934 3440 
5832 2410 3807 1617 
5833 620 3615 774 
5834 2852 2854 2853 
5835 3074 3858 2405 
5836 2267 3223 2619 
5837 1436 3188 1435 
5838 2971 3602 856 
5839 1371 1374 1370 
5840 809 4144 3228 
5841 1904 4286 2221 
5842 1055 3460 1138 
5843 2169 2170 2168 
5844 4172 4252 2509 
5845 1147 1185 1148 
5846 165 3216 164 
5847 3690 3873 2935 
5848 2031 4011 3353 
5849 2924 3900 1977 
5850 70 809 69 
5851 136 806 135 
5852 339 807 338 
5853 273 808 272 
5854 3239 3676 2575 
5855 1564 1566 1565 
5856 1393 1395 1394 
5857 884 886 885 
5858 2182 3258 1749 
5859 2473 3449 2823 
5860 2005 2006 2004 
5861 242 3252 241 
5862 39 3253 38 
5863 422 3637 3174 
5864 3067 3850 3066 
5865 3092 3914 3093 
5866 1063 3272 1065 
5867 2857 4308 489 
5868 2799 3570 1834 
5869 417 3373 416 
5870 1287 1327 1326 
5871 2940 3413 2958 
5872 2133 3385 2351 
5873 2883 2884 2882 
5874 1849 3013 1850 
5875 1296 1297 1202 
5876 873 4207 3281 
5877 3374 3385 2133 
5878 837 3184 181 
5879 2878 4152 574 
5880 662 3672 3252 
5881 3108 3874 3107 
5882 3047 3564 3335 
5883 1255 1257 1256 
5884 578 3446 577 
5885 416 3379 415 
5886 30 3257 690 
5887 323 672 322 
5888 120 663 119 
5889 289 664 288 
5890 515 4039 204 
5891 204 4039 514 
5892 2001 2148 1844 
5893 1128 1155 1154 
5894 1611 3990 3775 
5895 2550 3259 1296 
5896 2009 3238 2008 
5897 698 3203 227 
5898 699 3202 24 
5899 715 3819 3022 
5900 2845 4061 2762 
5901 2673 3648 671 
5902 3562 4083 1357 
5903 804 3160 32 
5904 2061 3628 1035 
5905 1574 3083 1575 
5906 3441 3759 2961 
5907 2085 3715 3111 
5908 2192 3199 1772 
5909 1558 1560 1559 
5910 1211 3027 1298 
5911 2372 3961 2371 
5912 1896 3333 2734 
5913 1182 4078 1227 
5914 2132 3374 2133 
5915 18 844 17 
5916 221 843 220 
5917 1985 3744 2614 
5918 963 3405 1033 
5919 2871 4236 707 
5920 1739 3562 1512 
5921 2404 2748 968 
5922 2018 2019 2017 
5923 2810 4206 3904 
5924 1974 2519 1975 
5925 2799 3783 3417 
5926 2078 2205 2204 
5927 527 4088 526 
5928 2402 4057 2471 
5929 2538 4056 2686 
5930 3229 4180 3230 
5931 3346 4068 3091 
5932 3160 3257 31 
5933 2345 4073 2346 
5934 1894 2004 1893 
5935 3677 3844 2101 
5936 990 3391 3079 
5937 3273 4222 3064 
5938 2940 3801 623 
5939 986 993 988 
5940 1749 2150 1478 
5941 3122 3929 2066 
5942 1210 3027 1211 
5943 2079 3366 3240 
5944 2582 3718 3351 
5945 2179 2781 1950 
5946 420 4214 419 
5947 3549 3618 1077 
5948 2491 3605 2490 
5949 494 3421 493 
5950 2432 3345 2430 
5951 1575 3083 1578 
5952 3636 3866 2287 
5953 2213 2214 1486 
5954 234 4227 3610 
5955 2507 3635 2070 
5956 2879 4187 2642 
5957 2060 3848 2830 
5958 2389 3869 2388 
5959 3445 4135 2975 
5960 3585 3677 3584 
5961 2628 4168 2253 
5962 2405 3767 2088 
5963 554 4066 406 
5964 1328 1332 1331 
5965 1544 1571 1546 
5966 338 3305 337 
5967 2832 3531 785 
5968 3231 3818 2448 
5969 3228 4144 2534 
5970 1106 1266 1109 
5971 342 3274 341 
5972 139 3276 138 
5973 938 941 939 
5974 2215 4091 1896 
5975 2744 4361 1573 
5976 1241 3526 1243 
5977 1946 1947 1789 
5978 924 4102 1023 
5979 381 3367 380 
5980 1641 4237 2085 
5981 936 3315 940 
5982 1038 4184 3332 
5983 272 3243 271 
5984 69 3247 68 
5985 2757 3983 2897 
5986 814 3647 3036 
5987 406 4066 553 
5988 699 3860 3202 
5989 1400 1498 1446 
5990 2718 3717 3166 
5991 2534 4144 2924 
5992 2336 3382 3355 
5993 1282 1284 1283 
5994 1628 1759 1629 
5995 2515 3686 2516 
5996 380 3367 635 
5997 3373 3379 416 
5998 2461 3893 2904 
5999 2869 3125 2404 
6000 2704 4204 3743 
6001 2622 4259 2621 
6002 2682 4158 3997 
6003 631 3629 3004 
6004 994 3862 1002 
6005 1395 1397 1396 
6006 3136 4008 2076 
6007 2016 2017 2014 
6008 2314 3856 2324 
6009 1656 3573 3200 
6010 1607 1610 1605 
6011 993 3391 988 
6012 418 3982 751 
6013 879 880 878 
6014 3748 4163 2240 
6015 2766 3820 2789 
6016 907 3898 3322 
6017 2284 3709 3500 
6018 3204 4028 3006 
6019 23 3202 835 
6020 226 3203 834 
6021 2290 3684 3082 
6022 371 796 370 
6023 241 797 240 
6024 168 799 167 
6025 38 798 37 
6026 897 900 898 
6027 2087 2838 1665 
6028 2858 4050 2258 
6029 2147 2153 2152 
6030 3488 4307 2345 
6031 3061 3876 3082 
6032 2216 3651 3377 
6033 33 3172 804 
6034 533 3697 3206 
6035 755 3182 332 
6036 1172 1618 1230 
6037 1358 2335 2095 
6038 182 3226 837 
6039 385 3225 838 
6040 3719 4147 2849 
6041 1624 4042 2159 
6042 322 3299 321 
6043 2478 4121 3325 
6044 778 3429 3249 
6045 3195 4205 2516 
6046 3216 3328 3320 
6047 1293 1410 1409 
6048 3060 3684 673 
6049 1257 1457 1258 
6050 3109 3529 669 
6051 222 3334 221 
6052 3908 4082 665 
6053 1431 3826 3654 
6054 1301 3579 1179 
6055 78 3185 633 
6056 1499 1533 1501 
6057 1522 1604 1521 
6058 733 3700 410 
6059 1534 1827 1536 
6060 2587 4344 2585 
6061 1513 3757 3447 
6062 1802 3632 1353 
6063 1809 4156 1520 
6064 1476 3957 1726 
6065 2511 4006 2178 
6066 548 4121 727 
6067 189 848 188 
6068 392 847 391 
6069 2888 3980 2795 
6070 1506 4150 2903 
6071 808 3389 2977 
6072 3288 3824 2568 
6073 281 3201 634 
6074 2063 2689 2082 
6075 1957 1960 1959 
6076 1678 1680 1679 
6077 842 3538 3231 
6078 621 3615 620 
6079 2921 3970 2922 
6080 2594 4347 3051 
6081 749 3166 277 
6082 2716 4148 3215 
6083 2644 3912 2155 
6084 670 3824 3288 
6085 882 884 883 
6086 1101 1104 1103 
6087 860 3414 3232 
6088 3296 3711 513 
6089 384 3411 383 
6090 1927 3865 2908 
6091 1155 1265 1156 
6092 2519 3262 1975 
6093 17 3321 16 
6094 1355 3510 1475 
6095 2888 4284 172 
6096 2098 2260 1496 
6097 1785 1786 1614 
6098 2859 3318 3194 
6099 883 907 881 
6100 173 3980 172 
6101 2826 4022 3466 
6102 1504 3945 3695 
6103 3029 3580 1940 
6104 3116 4008 826 
6105 3137 3989 705 
6106 1411 1414 1413 
6107 835 3192 22 
6108 1690 1692 1691 
6109 597 3484 596 
6110 383 3411 759 
6111 633 3245 77 
6112 836 3201 282 
6113 2373 3364 2374 
6114 1759 1762 1760 
6115 68 701 67 
6116 341 694 340 
6117 271 700 270 
6118 138 693 137 
6119 1042 3814 2837 
6120 1397 1819 1398 
6121 1299 3868 3851 
6122 1489 3209 1438 
6123 1766 3336 1514 
6124 79 3212 3185 
6125 3082 3817 2290 
6126 2741 4153 3936 
6127 3113 3671 3400 
6128 1795 3944 3272 
6129 988 3391 990 
6130 1471 3520 2137 
6131 2204 3402 2025 
6132 1279 4185 3789 
6133 1275 3278 1274 
6134 829 4129 3104 
6135 2995 3368 2993 
6136 770 3010 517 
6137 769 3011 409 
6138 2963 3198 1317 
6139 2870 4225 1021 
6140 2803 4153 1835 
6141 3206 3697 2497 
6142 3743 4204 2960 
6143 762 3423 3213 
6144 3979 4081 2625 
6145 1117 2181 1119 
6146 4108 4109 2705 
6147 1566 3350 1567 
6148 2298 3525 2294 
6149 291 845 290 
6150 88 767 87 
6151 118 846 117 
6152 1417 1976 1468 
6153 2683 4059 4032 
6154 2383 4089 2381 
6155 2039 3875 3162 
6156 2075 3333 2360 
6157 3022 3819 3023 
6158 2074 3750 3020 
6159 754 3256 129 
6160 121 3365 120 
6161 2287 3866 2478 
6162 1316 1376 1322 
6163 177 3518 636 
6164 3375 4311 2711 
6165 472 3502 471 
6166 1837 1937 1936 
6167 877 879 878 
6168 1335 1338 1337 
6169 2993 3368 1275 
6170 3886 3948 3072 
6171 2638 4332 3609 
6172 3888 4208 2917 
6173 3160 3748 2135 
6174 1735 2607 1737 
6175 2617 3896 3186 
6176 3141 4009 845 
6177 3054 3551 3055 
6178 1790 4154 2883 
6179 2294 3525 2292 
6180 930 943 932 
6181 1254 4359 3667 
6182 3368 3545 1275 
6183 167 3254 166 
6184 879 882 881 
6185 3599 3703 2581 
6186 769 3838 3658 
6187 185 3413 184 
6188 2220 4314 2219 
6189 1781 3260 1592 
6190 2987 4017 2651 
6191 616 3978 615 
6192 3165 3615 621 
6193 623 3226 183 
6194 624 3225 386 
6195 2735 4191 2736 
6196 1512 3562 1509 
6197 274 3389 273 
6198 3480 4255 845 
6199 679 3172 34 
6200 3416 4046 2669 
6201 2517 3709 2432 
6202 1167 4038 3643 
6203 4143 4189 2420 
6204 762 3212 80 
6205 3402 3877 2674 
6206 1747 3848 2492 
6207 3072 3948 712 
6208 1601 1734 1731 
6209 1067 1068 1049 
6210 3138 3866 3636 
6211 188 3375 187 
6212 391 3376 390 
6213 2078 3784 2205 
6214 2937 3630 2938 
6215 3731 3784 2142 
6216 1029 1214 1020 
6217 1903 2064 1609 
6218 1975 3262 2141 
6219 283 3235 836 
6220 1762 2113 1763 
6221 2701 4099 4048 
6222 1648 1649 1646 
6223 838 3411 384 
6224 2345 4307 4073 
6225 388 3905 387 
6226 2730 3798 2729 
6227 2758 2956 1773 
6228 2162 3280 3077 
6229 344 3303 343 
6230 141 3302 140 
6231 1247 3526 1451 
6232 2426 3759 3441 
6233 1557 4098 1623 
6234 1332 1334 1333 
6235 1298 3264 1224 
6236 3831 3957 1476 
6237 2149 3119 2148 
6238 372 3451 3187 
6239 1874 2771 1901 
6240 2704 3743 1032 
6241 3123 3740 3390 
6242 1962 1966 1963 
6243 2974 3445 2975 
6244 799 3462 2967 
6245 437 3513 436 
6246 2043 3606 1793 
6247 1592 3260 1924 
6248 2535 3537 3228 
6249 1960 1962 1961 
6250 784 3310 3309 
6251 1967 3528 696 
6252 3189 3361 2776 
6253 1274 3278 1423 
6254 1638 1639 1582 
6255 565 3546 564 
6256 1642 1643 1640 
6257 1435 1796 1496 
6258 2159 4211 2821 
6259 753 3481 3105 
6260 3366 3731 2571 
6261 1801 3512 2444 
6262 3309 3310 2151 
6263 1402 3218 1213 
6264 3678 4132 2648 
6265 897 898 896 
6266 3168 4166 2139 
6267 67 3275 66 
6268 1561 3503 1564 
6269 925 3794 922 
6270 2944 4173 1998 
6271 2480 3408 3181 
6272 444 3835 443 
6273 3352 3754 1951 
6274 2116 3261 3179 
6275 2579 3971 2694 
6276 1498 3186 1499 
6277 4020 4055 2661 
6278 1224 3264 1405 
6279 2216 3356 3347 
6280 3347 3356 658 
6281 2987 4222 2802 
6282 891 1270 890 
6283 3846 4207 873 
6284 3353 3754 3352 
6285 2326 3915 2746 
6286 656 3146 170 
6287 131 3450 130 
6288 1284 3404 1285 
6289 2677 2678 1799 
6290 3613 4036 1137 
6291 496 3578 495 
6292 2307 2551 1161 
6293 834 4303 2943 
6294 329 3459 328 
6295 3471 3840 768 
6296 2317 2700 2305 
6297 2300 2302 2298 
6298 3184 3971 2579 
6299 2938 4273 175 
6300 697 3436 100 
6301 3359 4291 1076 
6302 3268 3359 1076 
6303 2223 3297 1265 
6304 1339 1347 1341 
6305 290 3393 289 
6306 87 3395 86 
6307 119 3394 118 
6308 1796 2114 2098 
6309 1948 1951 1947 
6310 42 3317 41 
6311 1179 3579 1131 
6312 2022 3402 2021 
6313 1605 3490 1604 
6314 2504 4341 3872 
6315 320 768 319 
6316 1379 1382 1381 
6317 2537 4305 3741 
6318 2139 4166 3442 
6319 830 4337 3109 
6320 1461 2998 1289 
6321 377 3496 736 
6322 1463 4112 1620 
6323 1670 3852 3075 
6324 3401 3514 734 
6325 3249 3572 2230 
6326 3051 4347 772 
6327 1272 1503 1310 
6328 771 3718 3018 
6329 3849 4285 2348 
6330 926 4287 928 
6331 715 3235 284 
6332 124 3236 763 
6333 2666 4185 1278 
6334 4101 4216 2474 
6335 3331 3772 2631 
6336 1928 3865 1927 
6337 939 3949 1036 
6338 3972 4210 2186 
6339 378 3496 377 
6340 3527 3984 2913 
6341 2120 4071 1941 
6342 81 3251 762 
6343 2239 2761 1816 
6344 1414 1418 1415 
6345 1194 1782 1196 
6346 2071 4140 1580 
6347 3103 3659 651 
6348 2426 3441 1908 
6349 770 3515 3010 
6350 1650 1651 1649 
6351 3264 3265 1781 
6352 2677 4197 2678 
6353 2261 3447 2122 
6354 1715 1859 1713 
6355 2365 4100 3155 
6356 1787 2184 1786 
6357 1358 2094 1354 
6358 1503 1943 1942 
6359 1633 3441 1632 
6360 3265 3870 1781 
6361 1937 1989 1938 
6362 1652 1653 1651 
6363 369 659 368 
6364 40 661 39 
6365 243 662 242 
6366 166 660 165 
6367 3055 3685 3076 
6368 1579 3527 1628 
6369 3222 3998 3276 
6370 373 3451 372 
6371 1699 1719 1697 
6372 2261 4173 2944 
6373 3149 3569 3148 
6374 3310 3797 3716 
6375 2600 4068 3346 
6376 239 3453 238 
6377 1555 3512 1558 
6378 2664 3745 3304 
6379 672 4018 3306 
6380 2137 2180 2062 
6381 1814 2554 2553 
6382 178 3518 177 
6383 2527 3732 2528 
6384 889 4266 892 
6385 3362 4314 2220 
6386 971 4184 1038 
6387 2154 3468 2156 
6388 2089 4293 3801 
6389 1965 3953 3784 
6390 2198 3963 3080 
6391 1694 1695 1692 
6392 3614 3872 2165 
6393 2056 3467 2054 
6394 3192 3279 21 
6395 3147 3399 679 
6396 133 3167 649 
6397 72 3204 643 
6398 1069 1070 1068 
6399 1094 3645 1051 
6400 1356 3284 2453 
6401 1265 3324 1156 
6402 1432 3608 1428 
6403 3475 3810 848 
6404 3250 3339 1548 
6405 1421 3613 1192 
6406 2736 2963 1317 
6407 218 713 217 
6408 394 677 393 
6409 15 714 14 
6410 191 678 190 
6411 2780 3453 2946 
6412 2079 3731 3366 
6413 860 3528 3414 
6414 1376 1776 1377 
6415 1382 2212 1486 
6416 1413 4219 1412 
6417 2958 3705 2093 
6418 1734 3227 1735 
6419 681 3756 3045 
6420 635 3764 379 
6421 2435 4256 4004 
6422 2102 4325 3464 
6423 1075 3628 1113 
6424 2836 3444 1754 
6425 1207 3520 1282 
6426 1644 1645 1643 
6427 1905 4339 2860 
6428 2207 3415 1918 
6429 1711 2197 1709 
6430 1674 2252 1672 
6431 2588 2591 2590 
6432 1459 3643 1862 
6433 696 3941 869 
6434 695 3940 871 
6435 2095 3237 2094 
6436 2991 4022 2826 
6437 3034 4045 3416 
6438 2768 3900 2769 
6439 2860 4339 2454 
6440 2903 4150 2458 
6441 907 3261 881 
6442 140 803 139 
6443 66 801 65 
6444 269 802 268 
6445 343 800 342 
6446 169 3462 168 
6447 2558 4235 2417 
6448 2547 3973 3115 
6449 3705 4349 2093 
6450 3008 3990 1981 
6451 3169 4164 3590 
6452 1479 4201 3294 
6453 2901 3931 2059 
6454 739 3680 3640 
6455 2952 3574 224 
6456 2346 3921 2347 
6457 2078 2204 2025 
6458 2374 3364 2515 
6459 869 3941 868 
6460 871 3940 870 
6461 1793 3606 1493 
6462 1571 3250 1546 
6463 3419 3443 2219 
6464 172 4284 171 
6465 2419 4189 4143 
6466 2856 4275 3376 
6467 2012 3238 2009 
6468 2135 3257 3160 
6469 3215 4148 661 
6470 3546 3706 564 
6471 2243 3831 2244 
6472 855 3701 3190 
6473 895 896 893 
6474 2141 3262 2850 
6475 1247 1451 1249 
6476 1924 3260 2132 
6477 130 3450 754 
6478 511 3641 510 
6479 1941 4071 2905 
6480 739 3640 581 
6481 826 4069 3098 
6482 1354 3510 1355 
6483 2054 3467 2775 
6484 764 3994 3270 
6485 3037 3933 2876 
6486 2891 3624 2690 
6487 1503 2249 1943 
6488 2428 4256 2435 
6489 1385 1883 1387 
6490 2547 3715 2546 
6491 889 890 887 
6492 1707 1720 1705 
6493 1343 1350 1345 
6494 2994 2995 2993 
6495 134 3207 3167 
6496 626 3604 528 
6497 2107 2274 1912 
6498 1690 1691 1688 
6499 90 849 89 
6500 116 724 115 
6501 293 723 292 
6502 321 3431 320 
6503 2348 4285 1832 
6504 3829 4051 3867 
6505 631 3459 329 
6506 894 895 893 
6507 1645 2123 1643 
6508 839 3251 82 
6509 1439 3188 1436 
6510 881 3261 880 
6511 1359 4010 1994 
6512 2933 4170 1001 
6513 2243 2244 1739 
6514 2212 2611 2213 
6515 892 893 891 
6516 886 887 885 
6517 1405 3264 1781 
6518 3003 4336 3001 
6519 1303 1479 1301 
6520 825 3611 429 
6521 3127 3547 2884 
6522 764 3270 326 
6523 285 3269 715 
6524 862 4325 3813 
6525 1779 2242 1777 
6526 3518 3964 2578 
6527 3429 3572 3249 
6528 2662 4062 3135 
6529 35 3147 679 
6530 1338 3263 1339 
6531 3410 3823 1407 
6532 1755 4080 1443 
6533 1678 1679 1676 
6534 1791 3209 1489 
6535 751 3982 3381 
6536 1910 2426 1908 
6537 1217 1440 1185 
6538 1423 3278 1838 
6539 1742 2235 1276 
6540 1334 3570 1335 
6541 1686 1702 1684 
6542 3482 3483 2707 
6543 1428 3608 1426 
6544 1376 2754 1776 
6545 1097 1456 1099 
6546 3193 4192 817 
6547 1288 3643 1459 
6548 423 3637 422 
6549 1651 1817 1649 
6550 2160 3990 3008 
6551 1035 3628 1075 
6552 2571 3731 2142 
6553 2049 2051 2047 
6554 3790 3791 2797 
6555 2236 3530 3529 
6556 2831 3554 3496 
6557 1320 3667 3345 
6558 3416 4169 692 
6559 2912 3827 1881 
6560 2331 3826 1431 
6561 1598 2109 1587 
6562 2322 3988 2321 
6563 1360 1596 1307 
6564 1758 1878 1566 
6565 888 889 887 
6566 1790 1889 1440 
6567 2279 2285 2281 
6568 2045 2584 2043 
6569 2184 2193 1786 
6570 1410 3511 1411 
6571 1023 4287 926 
6572 1374 2173 2172 
6573 2244 3562 1739 
6574 1937 2334 1989 
6575 1499 3186 1533 
6576 2219 3443 1903 
6577 3647 3946 2325 
6578 1682 1703 1680 
6579 794 3781 2964 
6580 2249 2942 2941 
6581 1819 3390 1398 
6582 3509 3534 3131 
6583 2928 4197 1530 
6584 3155 4100 1753 
6585 1801 2104 1560 
6586 1414 1813 1418 
6587 1814 2555 2554 
6588 1156 3324 1170 
6589 2533 4064 2532 
6590 1382 1486 1383 
6591 806 3442 3207 
6592 2263 3284 2242 
6593 1578 3527 1579 
6594 1560 3503 1561 
6595 3585 3657 1261 
6596 1327 3524 1328 
6597 41 3215 40 
6598 244 3217 243 
6599 1951 2185 1947 
6600 643 3208 71 
6601 3718 3846 3018 
6602 1632 3218 1402 
6603 2474 2475 1878 
6604 1866 2989 1868 
6605 1353 3632 1622 
6606 1364 2127 1362 
6607 2499 3709 2284 
6608 1587 3613 1421 
6609 2614 4192 3193 
6610 1943 3406 1942 
6611 2313 2593 2315 
6612 2709 4146 3599 
6613 1918 3415 2855 
6614 1113 1262 1115 
6615 824 3719 3112 
6616 2443 2620 2104 
6617 1978 3723 2768 
6618 1435 1496 1432 
6619 472 3871 3502 
6620 1862 2092 1864 
6621 1373 3656 1371 
6622 3062 3755 718 
6623 1870 1876 1872 
6624 1206 3520 1207 
6625 1960 2157 1962 
6626 1389 1528 1391 
6627 1251 1818 1253 
6628 3006 4028 748 
6629 2213 2811 2214 
6630 1348 1358 1354 
6631 1332 1833 1334 
6632 3182 3629 331 
6633 3496 3554 736 
6634 945 4019 947 
6635 832 3521 3358 
6636 814 3946 3647 
6637 1554 3512 1555 
6638 2947 3383 3149 
6639 3165 4021 875 
6640 1640 3267 1639 
6641 1328 3524 1332 
6642 2852 3177 2854 
6643 2439 3734 3292 
6644 3228 3247 809 
6645 1567 3350 1574 
6646 813 3734 3033 
6647 1285 3343 1287 
6648 2620 4216 4101 
6649 3323 4107 2343 
6650 1471 1472 1284 
6651 3448 3449 1996 
6652 3259 3870 3265 
6653 1321 4226 1752 
6654 1296 3259 1297 
6655 2168 3119 2149 
6656 224 3574 223 
6657 3652 3874 3108 
6658 1855 2084 2031 
6659 1368 1807 1366 
6660 861 3454 3380 
6661 2093 4349 1732 
6662 184 3413 623 
6663 1849 3014 3013 
6664 1188 3644 1233 
6665 2605 4181 3883 
6666 268 3301 267 
6667 3784 3953 2205 
6668 851 3760 3483 
6669 1021 4225 2685 
6670 1397 1820 1819 
6671 36 3210 3147 
6672 16 3472 15 
6673 219 3473 218 
6674 190 3475 189 
6675 393 3474 392 
6676 1992 3736 2040 
6677 2297 3926 2311 
6678 1595 3337 1469 
6679 1233 1261 1235 
6680 1749 3258 2150 
6681 936 940 938 
6682 1604 2124 1521 
6683 1155 2222 1265 
6684 837 3971 3184 
6685 1186 3644 1188 
6686 2727 4253 1945 
6687 3185 3553 633 
6688 330 3629 631 
6689 756 3964 179 
6690 1475 1779 1777 
6691 1628 1954 1759 
6692 288 3538 287 
6693 1393 1823 1395 
6694 3087 4363 2214 
6695 247 3370 246 
6696 44 3369 43 
6697 1358 3595 2335 
6698 2335 2988 2095 
6699 1255 1504 1257 
6700 1374 2172 1370 
6701 2062 2063 1472 
6702 1237 2994 2993 
6703 1282 1471 1284 
6704 1548 3339 1551 
6705 1604 2195 2124 
6706 1564 1758 1566 
6707 1558 1801 1560 
6708 20 3279 706 
6709 2222 2223 1265 
6710 1147 1217 1185 
6711 2098 2262 2260 
6712 884 885 883 
6713 930 3548 943 
6714 2019 2246 2017 
6715 1646 3614 1645 
6716 2516 4205 2514 
6717 3237 4130 2094 
6718 160 3341 159 
6719 879 881 880 
6720 827 4187 3513 
6721 806 3207 135 
6722 2224 2245 2223 
6723 318 852 317 
6724 1820 2125 1819 
6725 564 3706 563 
6726 2274 4075 3550 
6727 3205 3673 2207 
6728 75 3625 748 
6729 624 3905 3085 
6730 842 3269 286 
6731 325 3270 840 
6732 1817 3872 3614 
6733 4266 4333 3032 
6734 701 3712 3275 
6735 292 3480 291 
6736 89 3479 88 
6737 2904 3583 2903 
6738 1878 3350 1566 
6739 759 4035 382 
6740 831 3671 3113 
6741 513 3711 512 
6742 751 4292 3028 
6743 3302 3704 3277 
6744 869 3834 1967 
6745 1833 2796 1834 
6746 1479 3579 1301 
6747 1926 3985 3360 
6748 2126 2933 2125 
6749 1202 3363 1159 
6750 1754 3444 2090 
6751 1104 3312 1106 
6752 1610 3490 1605 
6753 2327 3998 3222 
6754 3161 4239 2039 
6755 3400 3671 2773 
6756 3084 3849 788 
6757 2744 4051 3590 
6758 534 3697 533 
6759 2831 4212 2627 
6760 1901 3845 1902 
6761 586 4052 3021 
6762 1833 1834 1334 
6763 3021 4052 3000 
6764 2218 3962 3025 
6765 763 3607 3241 
6766 2404 3125 2748 
6767 882 883 881 
6768 1917 4352 2563 
6769 3749 4188 2175 
6770 3245 3625 76 
6771 3001 4336 755 
6772 999 3950 982 
6773 821 4257 3421 
6774 2625 4081 2316 
6775 76 3625 75 
6776 2670 4282 3811 
6777 788 3523 3084 
6778 1950 3352 1948 
6779 1425 3976 3765 
6780 331 3629 330 
6781 2576 3910 3409 
6782 1820 2126 2125 
6783 2796 2798 1834 
6784 1270 3326 1544 
6785 3665 3879 1091 
6786 1951 2186 2185 
6787 3315 3316 2245 
6788 1796 2098 1496 
6789 3152 3521 832 
6790 2182 3845 3258 
6791 2430 3345 2433 
6792 453 3726 452 
6793 2222 2224 2223 
6794 3286 3802 1084 
6795 1730 4244 2139 
6796 1813 1814 1418 
6797 769 3658 3011 
6798 2195 2698 2124 
6799 1411 3511 1414 
6800 2302 3525 2298 
6801 1398 3390 1400 
6802 2555 2923 2554 
6803 3146 3462 169 
6804 3216 3320 3319 
6805 2959 3710 3350 
6806 2249 2941 1943 
6807 2416 3410 2480 
6808 3316 3897 943 
6809 3537 4071 2120 
6810 2981 4016 690 
6811 3210 4137 2053 
6812 1735 3227 2607 
6813 1471 2062 1472 
6814 3177 3698 1659 
6815 2754 3031 1776 
6816 1109 3646 1128 
6817 1358 2095 2094 
6818 2084 4011 2031 
6819 70 3208 809 
6820 2212 2213 1486 
6821 895 897 896 
6822 634 3533 280 
6823 3066 3850 703 
6824 1645 2165 2123 
6825 1801 2443 2104 
6826 1119 3649 1121 
6827 1758 2474 1878 
6828 2480 3409 3408 
6829 1779 2263 2242 
6830 889 891 890 
6831 443 3835 791 
6832 2519 3573 3211 
6833 164 3319 163 
6834 367 3318 366 
6835 1217 1790 1440 
6836 3129 3685 2341 
6837 2651 4017 2056 
6838 986 3465 993 
6839 3219 3679 948 
6840 648 3704 3302 
6841 1677 3739 1678 
6842 1790 2882 1889 
6843 3166 3717 276 
6844 645 3389 274 
6845 2376 3914 3271 
6846 3251 3423 762 
6847 2990 3932 1318 
6848 2030 3600 3224 
6849 3133 3597 724 
6850 3584 3677 999 
6851 655 3451 373 
6852 238 3453 680 
6853 3792 4255 723 
6854 2599 3720 3423 
6855 1159 3363 3178 
6856 220 3566 219 
6857 233 3610 689 
6858 3967 4218 2605 
6859 1616 3519 877 
6860 1250 4014 3721 
6861 267 653 266 
6862 64 654 63 
6863 345 647 344 
6864 142 648 141 
6865 3590 4164 2744 
6866 2645 3713 2647 
6867 1948 3352 1951 
6868 3770 4228 2234 
6869 3243 4265 3181 
6870 647 3304 3303 
6871 1475 3510 1779 
6872 3031 4278 4117 
6873 3098 4069 2966 
6874 3741 4305 2536 
6875 1260 3422 1293 
6876 216 850 215 
6877 193 855 192 
6878 396 856 395 
6879 13 851 12 
6880 1266 3646 1109 
6881 3068 4262 707 
6882 3618 4027 1954 
6883 2816 3458 3341 
6884 1982 4299 2440 
6885 1472 3404 1284 
6886 1196 3427 1272 
6887 2977 4334 2717 
6888 2631 3772 2818 
6889 3181 4265 2479 
6890 3083 3710 2257 
6891 2343 4107 3568 
6892 2617 3740 3123 
6893 868 3700 2254 
6894 3124 3584 999 
6895 632 3788 126 
6896 2072 4356 3213 
6897 1483 4266 888 
6898 3605 3733 1518 
6899 3134 3886 820 
6900 19 3634 18 
6901 2787 4329 3360 
6902 84 3648 83 
6903 3138 3636 2720 
6904 891 3559 1270 
6905 3377 3651 739 
6906 114 853 113 
6907 92 685 91 
6908 295 854 294 
6909 2669 4169 3416 
6910 3005 4245 1042 
6911 339 3242 807 
6912 136 3244 806 
6913 245 3493 244 
6914 569 3761 568 
6915 807 3305 338 
6916 2623 3478 2170 
6917 1070 3397 1068 
6918 1261 3844 3585 
6919 1938 3407 1957 
6920 2802 4222 3273 
6921 3553 4356 2072 
6922 1170 3324 1206 
6923 2535 4071 3537 
6924 2181 3649 1119 
6925 3572 4165 2230 
6926 798 3210 37 
6927 3529 4337 2667 
6928 2255 3834 869 
6929 3658 3838 2449 
6930 1882 3821 2881 
6931 1966 3953 1963 
6932 796 4205 3195 
6933 677 3504 3474 
6934 3132 3889 1741 
6935 1511 4276 2944 
6936 2958 4220 766 
6937 3035 3796 711 
6938 805 4271 3019 
6939 1121 3649 1147 
6940 2234 3967 3770 
6941 2842 4044 2462 
6942 3610 4227 2629 
6943 3425 3993 2184 
6944 984 3465 986 
6945 1339 3263 1347 
6946 1989 3407 1938 
6947 3536 3832 2242 
6948 3333 4091 2360 
6949 2323 3908 2878 
6950 2074 3999 3142 
6951 3240 3365 841 
6952 86 3633 85 
6953 174 4273 737 
6954 2148 3892 3285 
6955 3473 3566 2723 
6956 2260 3608 1496 
6957 3153 4198 833 
6958 725 3576 301 
6959 3529 3530 669 
6960 705 3334 222 
6961 3250 3340 3339 
6962 3312 3313 1266 
6963 892 4266 3032 
6964 1418 3435 1415 
6965 2584 3606 2043 
6966 836 3675 3201 
6967 2924 4144 3208 
6968 3560 4245 3005 
6969 3089 3809 3234 
6970 2097 3803 3089 
6971 2206 3918 3205 
6972 3014 3665 3013 
6973 1898 3463 2147 
6974 1415 3435 1417 
6975 736 3624 376 
6976 2541 3478 3322 
6977 2559 4332 3179 
6978 665 4152 3908 
6979 1893 3337 1595 
6980 1701 3491 1699 
6981 2533 4342 4080 
6982 1214 4261 4135 
6983 2902 3931 2901 
6984 2305 3398 2303 
6985 249 3428 248 
6986 46 3430 45 
6987 2142 3784 2078 
6988 2367 4180 3229 
6989 1787 3425 2184 
6990 2128 3796 3382 
6991 1230 3461 1316 
6992 879 3519 882 
6993 2523 4025 2857 
6994 1881 3827 2957 
6995 2230 3763 2069 
6996 2094 3510 1354 
6997 3085 3905 3086 
6998 1643 3267 1640 
6999 2959 4269 1037 
7000 2414 3823 2416 
7001 2781 3353 3352 
7002 1551 3339 1554 
7003 723 4255 3480 
7004 808 3243 272 
7005 809 3247 69 
7006 3141 4255 2549 
7007 841 3365 121 
7008 1789 3425 1787 
7009 1287 3343 1327 
7010 2565 4283 1763 
7011 2014 3388 2012 
7012 3322 3478 2623 
7013 2836 4295 1990 
7014 349 3439 348 
7015 146 3438 145 
7016 3357 4053 3355 
7017 660 3328 3216 
7018 2994 3657 3585 
7019 43 781 42 
7020 366 783 365 
7021 246 782 245 
7022 163 780 162 
7023 273 3389 808 
7024 3018 3846 873 
7025 1709 3560 1707 
7026 1767 3789 2038 
7027 1609 3477 1607 
7028 1564 3503 1758 
7029 1737 3455 1837 
7030 1931 3812 2760 
7031 2063 3548 2689 
7032 2183 3947 3412 
7033 143 3282 142 
7034 819 3876 3061 
7035 333 3626 755 
7036 1335 3570 1338 
7037 1976 3968 3191 
7038 579 3816 627 
7039 1106 3312 1266 
7040 559 3858 558 
7041 3019 4271 680 
7042 125 3788 3236 
7043 2156 3752 2645 
7044 3178 3363 2471 
7045 2307 4060 3765 
7046 649 3780 132 
7047 805 4227 235 
7048 1468 3470 1601 
7049 3103 4134 3659 
7050 2643 4303 3203 
7051 1705 3495 1701 
7052 2755 4239 3161 
7053 2668 4182 3821 
7054 2052 3330 3329 
7055 1049 3469 1029 
7056 1544 3326 1571 
7057 3084 4326 2477 
7058 3599 4302 2709 
7059 822 3825 490 
7060 2889 4247 3995 
7061 2724 4000 2725 
7062 3606 3955 2560 
7063 223 3574 705 
7064 316 686 315 
7065 127 4065 632 
7066 1534 3804 1827 
7067 3167 4166 3168 
7068 276 3717 275 
7069 3913 3975 2255 
7070 2179 3688 2781 
7071 1628 3527 1954 
7072 2008 3691 2006 
7073 1724 4133 2083 
7074 3717 4268 645 
7075 1377 3494 1379 
7076 3213 4356 3212 
7077 3651 3680 739 
7078 473 3871 472 
7079 689 4249 3152 
7080 1776 3494 1377 
7081 1297 3363 1202 
7082 275 3717 645 
7083 2471 4057 3178 
7084 2926 3985 1926 
7085 2105 4199 3670 
7086 492 3839 491 
7087 3342 4064 3767 
7088 3220 3634 706 
7089 236 4271 805 
7090 2066 3929 1635 
7091 1496 3608 1432 
7092 3412 3947 3603 
7093 395 3602 394 
7094 217 3601 216 
7095 192 3603 191 
7096 2957 3827 2737 
7097 694 3242 340 
7098 693 3244 137 
7099 614 3842 719 
7100 2781 3352 1950 
7101 3598 3599 849 
7102 3734 4045 3033 
7103 1558 3512 1801 
7104 2059 3931 3128 
7105 379 3764 378 
7106 83 3648 839 
7107 3542 4077 2205 
7108 1625 3669 2721 
7109 1113 3628 1262 
7110 3119 3892 2148 
7111 294 3596 293 
7112 91 3598 90 
7113 115 3597 114 
7114 748 4028 74 
7115 1900 4351 2759 
7116 3298 3789 2666 
7117 1862 3643 2092 
7118 590 3855 589 
7119 2082 3790 3404 
7120 3203 4303 834 
7121 205 2909 770 
7122 2 2910 769 
7123 1713 3571 1711 
7124 1684 3567 1682 
7125 1282 3520 1471 
7126 1872 3457 1874 
7127 1582 3498 1461 
7128 2989 4203 1165 
7129 1285 3404 3343 
7130 2120 3712 3537 
7131 1607 3477 1610 
7132 3966 4119 1535 
7133 3577 3749 3294 
7134 2199 3728 3191 
7135 2911 4232 2469 
7136 3199 4033 1987 
7137 2452 3878 3472 
7138 360 3432 359 
7139 157 3433 156 
7140 38 3253 798 
7141 241 3252 797 
7142 3879 4350 4090 
7143 1597 4145 2790 
7144 1618 3461 1230 
7145 3449 4074 1996 
7146 2532 4064 3342 
7147 3120 3988 2487 
7148 427 3824 670 
7149 1400 3390 1498 
7150 2315 3593 2531 
7151 1614 3501 1484 
7152 3472 3878 714 
7153 378 3764 3496 
7154 824 4147 3719 
7155 1168 4254 1111 
7156 1374 4149 2173 
7157 287 3538 842 
7158 2123 3359 3268 
7159 4117 4278 2611 
7160 1635 3929 1313 
7161 1076 4291 1034 
7162 727 3866 3138 
7163 1776 4117 3494 
7164 1604 3490 2195 
7165 803 3302 3277 
7166 1128 3646 1155 
7167 381 4035 3367 
7168 3221 3370 629 
7169 3140 3932 2117 
7170 3987 4134 3117 
7171 2122 3757 2037 
7172 162 3371 161 
7173 365 3372 364 
7174 2184 3627 2193 
7175 2342 4331 3323 
7176 1688 3592 1686 
7177 144 3426 143 
7178 62 3387 61 
7179 2648 4132 2391 
7180 1649 3614 1646 
7181 1383 3558 1385 
7182 3046 3946 814 
7183 215 3589 214 
7184 12 3588 11 
7185 2129 4272 3638 
7186 221 3334 843 
7187 187 3375 766 
7188 390 3376 765 
7189 1332 3524 1833 
7190 3256 4065 128 
7191 68 3247 701 
7192 271 3243 700 
7193 1099 3452 1101 
7194 1061 3405 1795 
7195 120 3365 663 
7196 3959 4337 830 
7197 48 3476 47 
7198 2224 4229 3313 
7199 3304 3920 3303 
7200 1912 3550 1910 
7201 3294 3749 2176 
7202 747 3978 616 
7203 1341 3575 1343 
7204 714 3878 3483 
7205 2483 3677 2101 
7206 774 3933 3037 
7207 489 4308 488 
7208 2400 3956 3349 
7209 148 3485 147 
7210 351 3486 350 
7211 892 4366 894 
7212 3485 4213 4004 
7213 2496 3688 2179 
7214 2965 3781 265 
7215 3028 4292 2393 
7216 398 728 397 
7217 195 729 194 
7218 3656 4149 1374 
7219 1622 3632 1849 
7220 2047 3565 2045 
7221 297 676 296 
7222 94 857 93 
7223 112 675 111 
7224 706 3634 19 
7225 2104 3503 1560 
7226 132 3780 131 
7227 2458 4150 2456 
7228 2123 3268 3267 
7229 3777 3808 1151 
7230 2480 3410 3409 
7231 57 3797 3310 
7232 126 3788 125 
7233 1307 3577 1305 
7234 1095 3569 1097 
7235 1033 3405 1061 
7236 831 4288 3671 
7237 3381 3982 2654 
7238 3187 3451 2512 
7239 3186 3740 2617 
7240 2173 3679 2172 
7241 2553 3968 3435 
7242 73 4028 3204 
7243 3514 4015 870 
7244 825 4358 3611 
7245 3085 4215 624 
7246 2441 4125 2438 
7247 2109 3613 1587 
7248 2277 3591 2279 
7249 1293 3422 1410 
7250 804 3748 3160 
7251 672 3299 322 
7252 3501 4333 1483 
7253 2686 4056 3766 
7254 1521 3656 1373 
7255 2607 3455 1737 
7256 2798 3783 2799 
7257 893 3559 891 
7258 3763 4165 1507 
7259 1903 3443 2064 
7260 710 3914 3092 
7261 1414 3511 1813 
7262 1275 3545 3278 
7263 1957 3407 1960 
7264 1697 3540 1694 
7265 168 3462 799 
7266 1276 3397 1070 
7267 1362 3586 1360 
7268 1233 3644 1261 
7269 1420 4042 1624 
7270 799 3254 167 
7271 1942 3762 2858 
7272 2123 3267 1643 
7273 591 3917 674 
7274 1387 3616 1389 
7275 1249 3617 1251 
7276 2590 3733 3002 
7277 1345 3595 1348 
7278 1486 3558 1383 
7279 3800 4223 2065 
7280 2331 4060 3826 
7281 488 4308 682 
7282 1976 3470 1468 
7283 1834 3570 1334 
7284 3465 3950 2483 
7285 2618 4364 3880 
7286 3442 4166 3207 
7287 1887 3907 2232 
7288 1272 3427 1503 
7289 3107 3874 3106 
7290 3342 3767 738 
7291 3090 4280 1647 
7292 2235 3397 1276 
7293 138 3276 693 
7294 341 3274 694 
7295 317 3653 316 
7296 1533 3804 1534 
7297 3179 4332 2116 
7298 2242 3832 1777 
7299 2017 3388 2014 
7300 3197 4034 2330 
7301 2868 3625 3245 
7302 1382 3494 2212 
7303 654 3906 3163 
7304 671 3648 84 
7305 3851 4297 1300 
7306 3671 4288 2772 
7307 3913 4290 2100 
7308 2180 3899 3316 
7309 3150 4049 2373 
7310 3619 3843 1876 
7311 1947 3425 1789 
7312 918 4063 3833 
7313 3603 3947 678 
7314 2363 4100 2365 
7315 1864 3594 1866 
7316 806 3722 3442 
7317 2259 3999 3020 
7318 3203 4243 2643 
7319 2137 4136 3297 
7320 1503 3427 2249 
7321 1799 3563 1715 
7322 945 4301 4019 
7323 680 4271 237 
7324 1227 4078 1375 
7325 1676 3642 1674 
7326 1029 3469 1214 
7327 2165 3359 2123 
7328 844 3321 17 
7329 2609 4165 3572 
7330 2333 3847 3349 
7331 2861 4288 3126 
7332 698 4243 3203 
7333 899 4135 3445 
7334 178 3964 3518 
7335 2267 4070 3223 
7336 684 3954 459 
7337 2253 4168 3076 
7338 658 3750 3347 
7339 2584 3955 3606 
7340 501 3951 500 
7341 117 3725 116 
7342 1417 3435 1976 
7343 2293 3926 2297 
7344 61 795 60 
7345 348 792 347 
7346 264 794 263 
7347 145 793 144 
7348 2147 3463 2153 
7349 131 3780 3450 
7350 4197 4340 2678 
7351 289 3393 664 
7352 663 3394 119 
7353 842 3662 3269 
7354 646 3742 3012 
7355 2150 3777 3308 
7356 2303 3654 2300 
7357 161 642 160 
7358 248 629 247 
7359 45 630 44 
7360 364 641 363 
7361 3033 4045 3034 
7362 3148 3569 1095 
7363 2321 3988 3120 
7364 2185 3993 3425 
7365 763 4317 123 
7366 682 4030 3039 
7367 2214 3923 3087 
7368 50 3505 49 
7369 253 3506 252 
7370 873 4066 554 
7371 3487 3694 853 
7372 638 4004 3139 
7373 664 3538 288 
7374 3401 4015 3514 
7375 2263 3687 3284 
7376 3223 4070 2340 
7377 662 3252 242 
7378 661 3253 39 
7379 1316 3461 1376 
7380 1645 3614 2165 
7381 3284 3687 2453 
7382 2503 4134 3987 
7383 150 3516 149 
7384 353 3517 352 
7385 3282 3426 2657 
7386 314 862 313 
7387 1115 3612 1117 
7388 85 3633 671 
7389 1868 3619 1870 
7390 2356 4105 2353 
7391 2949 3910 2201 
7392 3796 4174 711 
7393 213 717 212 
7394 10 716 9 
7395 1837 3455 1937 
7396 2526 4067 2524 
7397 2113 3805 2565 
7398 1101 3452 1104 
7399 3354 3835 3017 
7400 3624 4233 2690 
7401 1817 3614 1649 
7402 2759 4351 3724 
7403 701 3275 67 
7404 3460 3730 1782 
7405 3055 3894 3685 
7406 871 4015 1616 
7407 1366 3622 1364 
7408 1703 3683 1680 
7409 1699 3491 1719 
7410 705 3989 3334 
7411 3219 4362 3661 
7412 562 3979 561 
7413 2381 4089 3957 
7414 752 3987 3117 
7415 2245 3899 2223 
7416 2197 3560 1709 
7417 3115 3973 750 
7418 872 4003 446 
7419 890 3965 887 
7420 2350 3925 3713 
7421 2064 3477 1609 
7422 2300 3654 2302 
7423 3030 3887 866 
7424 3046 4241 3946 
7425 2789 4355 640 
7426 1782 3427 1196 
7427 3218 4141 1213 
7428 2700 3398 2305 
7429 1996 4074 1778 
7430 2990 3869 2118 
7431 1943 3638 3406 
7432 1601 3470 1734 
7433 1376 3461 2754 
7434 1068 3469 1049 
7435 457 3995 818 
7436 2153 4316 2154 
7437 3217 3493 2697 
7438 683 3741 3564 
7439 1702 3568 3567 
7440 848 3375 188 
7441 847 3376 391 
7442 4059 4335 1273 
7443 736 4233 3624 
7444 787 3516 3344 
7445 1720 3495 1705 
7446 1147 3649 1217 
7447 3081 4095 1014 
7448 3513 4187 2879 
7449 3468 3752 2156 
7450 896 3559 893 
7451 3491 3492 1719 
7452 1020 4135 899 
7453 1937 3455 2334 
7454 2028 4302 4251 
7455 656 4284 3837 
7456 3236 3788 2521 
7457 3241 4317 763 
7458 2951 4260 3841 
7459 53 3535 52 
7460 256 3534 255 
7461 296 3692 295 
7462 113 3694 112 
7463 93 3693 92 
7464 3770 4097 3769 
7465 1842 4179 1666 
7466 1347 3575 1341 
7467 1718 3963 3129 
7468 2209 3909 3290 
7469 419 3982 418 
7470 741 4012 575 
7471 2065 4194 3800 
7472 1379 3494 1382 
7473 3421 4257 2817 
7474 397 3702 396 
7475 194 3701 193 
7476 18 3634 844 
7477 874 4039 515 
7478 660 3216 165 
7479 2193 3501 1786 
7480 2663 4362 3219 
7481 152 3556 151 
7482 355 3557 354 
7483 800 3274 342 
7484 803 3276 139 
7485 3544 4171 2652 
7486 263 3650 262 
7487 60 3440 59 
7488 1191 4010 1359 
7489 5 3714 731 
7490 3367 4035 2900 
7491 3831 3832 2244 
7492 875 4021 407 
7493 1859 3571 1713 
7494 3360 3985 2788 
7495 3930 4259 867 
7496 1639 3498 1582 
7497 1874 3457 2771 
7498 3139 3438 638 
7499 1702 3567 1684 
7500 1777 3831 1476 
7501 166 3254 660 
7502 1795 3405 3125 
7503 3952 4331 2342 
7504 1786 3501 1614 
7505 1762 4027 3549 
7506 3373 4023 3379 
7507 2039 4239 884 
7508 3874 4113 3106 
7509 363 3361 362 
7510 1461 3498 2998 
7511 2185 3425 1947 
7512 2718 4268 3717 
7513 690 4016 3153 
7514 2269 3960 2265 
7515 1002 3862 2715 
7516 3076 4168 745 
7517 3013 3664 1853 
7518 3322 3898 2542 
7519 3196 4008 3116 
7520 1919 3873 3690 
7521 3328 4072 2359 
7522 1960 3407 2157 
7523 2114 4095 3081 
7524 3348 3517 668 
7525 2765 4173 2261 
7526 1674 3642 2252 
7527 2581 3703 3600 
7528 1694 3540 1695 
7529 110 858 109 
7530 96 732 95 
7531 299 859 298 
7532 3185 4356 3553 
7533 1691 3592 1688 
7534 2109 4036 3613 
7535 587 4052 586 
7536 1717 4070 2267 
7537 1853 3664 1855 
7538 3496 3764 2831 
7539 3608 4151 1426 
7540 1422 3885 2414 
7541 14 3760 13 
7542 2116 4332 2638 
7543 2332 4156 3847 
7544 2012 3388 3238 
7545 1680 3683 1679 
7546 1027 4186 2921 
7547 400 861 399 
7548 197 860 196 
7549 1814 4177 2555 
7550 2672 3633 3395 
7551 877 3519 879 
7552 2211 3889 3132 
7553 840 4018 324 
7554 1805 4309 2464 
7555 1791 4050 3762 
7556 179 3964 178 
7557 122 4317 841 
7558 841 4317 3241 
7559 3173 4243 698 
7560 656 3924 3146 
7561 843 3566 220 
7562 845 3393 290 
7563 767 3395 87 
7564 118 3394 846 
7565 1391 3660 1393 
7566 2414 3885 3823 
7567 672 3581 3299 
7568 3447 3757 2122 
7569 3020 3999 2074 
7570 3762 4050 2858 
7571 3504 4196 3474 
7572 3299 3431 321 
7573 3479 3639 767 
7574 3032 4360 2241 
7575 3232 3785 860 
7576 1253 3663 1255 
7577 1715 3563 1859 
7578 3234 3809 3387 
7579 2127 3587 3586 
7580 1370 3661 1368 
7581 2933 4110 2125 
7582 1722 3859 2103 
7583 1235 3657 1237 
7584 1155 3646 2222 
7585 1807 4362 3378 
7586 3659 4134 3991 
7587 1919 3690 1653 
7588 2472 4074 3449 
7589 3392 3987 752 
7590 812 4115 593 
7591 3404 3790 3343 
7592 737 4273 3630 
7593 2905 4289 1941 
7594 2591 3733 2590 
7595 1385 3558 1883 
7596 2251 4113 3874 
7597 4291 4341 2504 
7598 692 4169 3044 
7599 66 3275 801 
7600 675 3770 3769 
7601 2710 4161 2239 
7602 1707 3560 1720 
7603 2380 4240 3248 
7604 1667 4162 1930 
7605 3494 4117 2212 
7606 3013 3665 3664 
7607 2955 4065 3256 
7608 2730 4076 3673 
7609 2620 4101 2104 
7610 3119 3696 1549 
7611 3397 3469 1068 
7612 350 637 349 
7613 262 640 261 
7614 59 639 58 
7615 147 638 146 
7616 1910 3550 2426 
7617 2645 3752 3713 
7618 1695 3958 1692 
7619 1270 3559 3326 
7620 1456 3452 1099 
7621 3195 4126 796 
7622 3093 4129 829 
7623 2550 3870 3259 
7624 2274 3550 1912 
7625 1343 3575 1350 
7626 574 4152 573 
7627 3489 3891 2195 
7628 2124 3656 1521 
7629 315 3738 314 
7630 1883 3616 1387 
7631 1451 3617 1249 
7632 2444 3895 2443 
7633 1896 4091 3333 
7634 3163 3906 801 
7635 1117 3612 2181 
7636 704 4022 3291 
7637 1711 3571 2197 
7638 1763 4283 3443 
7639 3643 4038 2092 
7640 1719 3540 1697 
7641 1350 3595 1345 
7642 3329 4086 1541 
7643 159 3458 158 
7644 250 778 249 
7645 47 779 46 
7646 3307 3924 2738 
7647 1849 3632 3014 
7648 4128 4338 1556 
7649 2051 3565 2047 
7650 1876 3457 1872 
7651 1682 3567 1703 
7652 2317 3943 2700 
7653 2045 3565 2584 
7654 2246 3388 2017 
7655 1596 3577 1307 
7656 312 735 311 
7657 2279 3591 2285 
7658 1097 3569 1456 
7659 2144 3868 2107 
7660 711 4174 3042 
7661 549 4121 548 
7662 214 3746 213 
7663 11 3747 10 
7664 2941 3638 1943 
7665 1360 3586 1596 
7666 2129 4095 2114 
7667 1866 3594 2989 
7668 2586 3841 2588 
7669 2127 3586 1362 
7670 2228 3743 2960 
7671 4251 4302 2581 
7672 1251 3617 1818 
7673 2063 3620 3548 
7674 1389 3616 1528 
7675 2678 3563 1799 
7676 1348 3595 1358 
7677 2128 4263 3796 
7678 665 4241 3046 
7679 2062 3620 2063 
7680 8 864 7 
7681 211 863 210 
7682 1397 3689 1820 
7683 3662 3819 3269 
7684 1987 4033 1523 
7685 140 3302 803 
7686 343 3303 800 
7687 2290 4001 2288 
7688 1201 4298 3885 
7689 4143 4321 2498 
7690 392 3474 847 
7691 189 3475 848 
7692 1104 3452 3312 
7693 3175 3861 699 
7694 319 3840 318 
7695 526 4088 752 
7696 1686 3592 1702 
7697 3579 4204 2704 
7698 4034 4270 773 
7699 3244 3722 806 
7700 1855 3664 2084 
7701 2688 4141 3218 
7702 766 4220 186 
7703 3216 3319 164 
7704 2227 3966 1824 
7705 2894 4175 3920 
7706 346 3782 345 
7707 3321 3472 16 
7708 101 3753 697 
7709 1030 4322 3687 
7710 2092 3594 1864 
7711 382 4035 381 
7712 3767 4064 2088 
7713 1807 3622 1366 
7714 3190 4277 2513 
7715 943 3897 932 
7716 1426 4151 1277 
7717 1951 3754 2186 
7718 3395 3633 86 
7719 2180 3620 2062 
7720 659 4126 3195 
7721 2894 4321 4143 
7722 1870 3619 1876 
7723 3269 3819 715 
7724 2850 3698 2852 
7725 1255 3663 1504 
7726 464 4281 463 
7727 1930 4162 3652 
7728 1393 3660 1823 
7729 2172 3661 1370 
7730 717 3829 3828 
7731 40 3215 661 
7732 243 3217 662 
7733 1679 3670 3642 
7734 3233 4090 1802 
7735 1262 3612 1115 
7736 2107 3868 2274 
7737 3525 4060 2307 
7738 1364 3622 2127 
7739 2989 3619 1868 
7740 2526 4030 3418 
7741 2170 3696 2168 
7742 1237 3657 2994 
7743 3701 4277 3190 
7744 3316 3899 2245 
7745 3311 4103 2660 
7746 2852 3698 3177 
7747 265 3781 264 
7748 3106 4113 726 
7749 1620 4112 1830 
7750 2262 4240 2380 
7751 1491 4013 1978 
7752 3591 3721 2285 
7753 2593 3593 2315 
7754 1395 3689 1397 
7755 3280 4094 2337 
7756 3178 4057 1031 
7757 3099 4147 824 
7758 2588 3841 2591 
7759 2923 4301 1025 
7760 1963 3953 1965 
7761 697 3753 3197 
7762 3306 4018 840 
7763 3380 3454 876 
7764 2328 4103 2779 
7765 1701 3495 3491 
7766 1978 4013 3723 
7767 1679 3642 1676 
7768 2203 4104 2997 
7769 1574 3710 3083 
7770 1981 3990 1611 
7771 158 721 157 
7772 361 722 360 
7773 1257 3695 1457 
7774 3661 4362 1807 
7775 2248 4182 2247 
7776 98 865 97 
7777 1351 4002 1992 
7778 1803 4094 2162 
7779 2416 3823 3410 
7780 323 4018 672 
7781 3117 4134 3103 
7782 185 4220 3413 
7783 3182 4336 3003 
7784 2894 4143 2420 
7785 856 3702 3609 
7786 88 3479 767 
7787 291 3480 845 
7788 1992 4002 3736 
7789 320 3431 768 
7790 387 3905 624 
7791 3270 4106 840 
7792 947 4019 950 
7793 2112 3903 2733 
7794 798 4137 3210 
7795 2307 3765 2551 
7796 298 3768 297 
7797 95 3771 94 
7798 111 3769 110 
7799 4254 4306 2467 
7800 2085 4237 3715 
7801 3323 4331 2726 
7802 3413 4220 2958 
7803 1528 3660 1391 
7804 3083 3984 1578 
7805 3385 4235 2351 
7806 802 3301 268 
7807 1818 3663 1253 
7808 3599 4146 849 
7809 804 4163 3748 
7810 74 4028 73 
7811 41 3317 3215 
7812 2069 4007 1615 
7813 707 4236 3183 
7814 625 4214 420 
7815 1368 3661 1807 
7816 2910 3838 769 
7817 1610 3776 3490 
7818 4181 4324 2610 
7819 2076 4296 3136 
7820 1651 3690 1817 
7821 2443 3833 2620 
7822 731 3714 3255 
7823 1261 3657 1235 
7824 3194 4026 659 
7825 1672 3852 1670 
7826 629 4231 3221 
7827 196 3785 195 
7828 399 3786 398 
7829 646 3655 3522 
7830 128 4065 127 
7831 3450 3780 2507 
7832 2510 4172 3171 
7833 1879 4282 2670 
7834 352 786 351 
7835 149 787 148 
7836 660 4072 3328 
7837 3281 4207 3100 
7838 2252 3852 1672 
7839 2729 3798 3576 
7840 3568 4107 3567 
7841 3070 4345 3069 
7842 1266 4229 3646 
7843 3867 4274 2347 
7844 883 3898 907 
7845 2319 3943 2317 
7846 1830 4112 3903 
7847 796 4126 370 
7848 302 725 301 
7849 310 866 309 
7850 107 720 106 
7851 2440 4299 4046 
7852 2285 3935 2281 
7853 49 777 48 
7854 252 776 251 
7855 3837 3924 656 
7856 1653 3690 1651 
7857 4004 4213 2435 
7858 3337 3424 2615 
7859 3478 3696 2170 
7860 2082 3791 3790 
7861 2201 4139 1751 
7862 3670 3683 2726 
7863 648 3302 141 
7864 647 3303 344 
7865 3304 4321 3920 
7866 2234 4228 3487 
7867 1264 4054 1931 
7868 1775 4085 2097 
7869 2281 3935 2283 
7870 1823 3689 1395 
7871 2905 4071 2535 
7872 845 4009 3393 
7873 2103 3942 2575 
7874 1596 3749 3577 
7875 1504 3695 1257 
7876 2251 3874 3652 
7877 324 4018 323 
7878 1791 3762 3209 
7879 724 3725 3283 
7880 737 3980 173 
7881 2604 4218 3967 
7882 2518 3948 3886 
7883 200 696 199 
7884 403 695 402 
7885 109 3773 108 
7886 3337 4120 1469 
7887 3551 3894 3055 
7888 65 3906 64 
7889 2065 4223 3581 
7890 2114 3928 2098 
7891 3394 4029 846 
7892 3467 4078 2775 
7893 3262 3698 2850 
7894 3654 3826 2302 
7895 3567 4107 1703 
7896 3268 3729 3267 
7897 2192 4033 3199 
7898 1750 4342 3593 
7899 2112 4348 3214 
7900 3126 4288 831 
7901 3293 3430 779 
7902 3412 3603 855 
7903 3318 4026 3194 
7904 2168 3696 3119 
7905 984 3950 3465 
7906 56 784 55 
7907 259 785 258 
7908 3673 4076 2207 
7909 3214 3903 2112 
7910 3350 3710 1574 
7911 3246 4193 700 
7912 934 3897 3315 
7913 1303 4201 1479 
7914 1213 4141 1135 
7915 2223 3899 3297 
7916 2964 3781 2965 
7917 2980 4041 3816 
7918 2212 4117 2611 
7919 15 3472 714 
7920 218 3473 713 
7921 678 3475 190 
7922 677 3474 393 
7923 3136 4296 2368 
7924 2207 4076 3415 
7925 2175 4188 3587 
7926 313 3813 312 
7927 3398 3654 2303 
7928 219 3566 3473 
7929 2098 3928 2262 
7930 2576 4139 3910 
7931 2797 4087 3790 
7932 721 3552 3433 
7933 156 3742 155 
7934 359 3507 358 
7935 3330 4267 2051 
7936 2077 4053 3357 
7937 3144 4358 825 
7938 1498 3740 3186 
7939 1598 4217 2109 
7940 1759 4027 1762 
7941 2097 4085 3803 
7942 235 4227 234 
7943 1469 4120 1199 
7944 3686 4232 2516 
7945 846 3725 117 
7946 885 3898 883 
7947 3593 4342 2531 
7948 1931 4054 3812 
7949 2162 4094 3280 
7950 807 4108 3305 
7951 2617 4365 3896 
7952 208 730 207 
7953 5 731 4 
7954 1372 4190 4055 
7955 175 4273 174 
7956 2239 3937 2761 
7957 1495 3997 2002 
7958 2106 3952 3873 
7959 3378 4362 2663 
7960 244 3493 3217 
7961 1734 3728 3227 
7962 3272 3944 1210 
7963 3763 4007 2069 
7964 1692 3958 1691 
7965 9 3830 8 
7966 212 3828 211 
7967 3281 4066 873 
7968 3505 3893 777 
7969 817 4192 3070 
7970 354 668 353 
7971 151 667 150 
7972 55 3532 54 
7973 258 3531 257 
7974 3418 4067 2526 
7975 58 3797 57 
7976 3880 4364 1058 
7977 2260 4151 3608 
7978 3524 4087 2797 
7979 700 4193 270 
7980 723 3480 292 
7981 849 3479 89 
7982 3186 3896 1533 
7983 2285 4014 3935 
7984 304 867 303 
7985 101 697 100 
7986 2037 4024 1768 
7987 267 3301 653 
7988 254 757 253 
7989 51 760 50 
7990 358 644 357 
7991 155 646 154 
7992 3345 3667 2433 
7993 2181 4154 3649 
7994 802 4193 3246 
7995 3876 3911 2525 
7996 781 3317 42 
7997 1357 4083 3536 
7998 3296 4039 874 
7999 2287 4328 3636 
8000 3372 3682 641 
8001 1616 3875 3519 
8002 3467 4017 1375 
8003 202 868 201 
8004 405 870 404 
8005 3267 3729 1639 
8006 2126 4225 4170 
8007 1297 4167 3363 
8008 2204 3877 3402 
8009 257 758 256 
8010 54 761 53 
8011 1157 4077 3542 
8012 3680 3681 2488 
8013 1764 4328 2287 
8014 3414 3528 1967 
8015 104 773 103 
8016 307 702 306 
8017 1375 4078 3467 
8018 52 3508 51 
8019 255 3509 254 
8020 154 3522 153 
8021 357 3523 356 
8022 3291 4022 2991 
8023 3 2910 2 
8024 206 2909 205 
8025 514 4039 3296 
8026 153 789 152 
8027 356 788 355 
8028 3129 3963 2198 
8029 2347 4274 1884 
8030 1593 4055 2398 
8031 3877 4077 1157 
8032 2841 4089 2383 
8033 3379 4023 2860 
8034 3832 4083 2244 
8035 2254 4290 2255 
8036 237 4271 236 
8037 2425 4164 3169 
8038 3822 4316 2153 
8039 3630 3863 737 
8040 1781 3870 3260 
8041 2239 4161 3937 
8042 1679 3683 3670 
8043 186 4220 185 
8044 1990 4084 1452 
8045 260 3820 259 
8046 97 3853 96 
8047 2477 4326 3582 
8048 863 3921 3836 
8049 2607 4346 3455 
8050 2799 4118 3570 
8051 3581 4127 2065 
8052 553 4066 3281 
8053 2052 3902 3330 
8054 790 4354 3325 
8055 722 4178 3189 
8056 2386 4059 1324 
8057 210 3836 209 
8058 3487 4228 3694 
8059 2258 4050 3142 
8060 2059 4128 1723 
8061 2452 3472 3321 
8062 3234 4037 654 
8063 1794 4048 2408 
8064 2702 4196 3504 
8065 2117 3932 2990 
8066 3910 4139 2201 
8067 2944 4276 3447 
8068 1720 3854 3495 
8069 885 3965 3898 
8070 3794 4269 2475 
8071 3691 3986 2006 
8072 2106 3873 1919 
8073 3344 4213 787 
8074 2124 4149 3656 
8075 3674 3978 747 
8076 3916 4247 2464 
8077 3183 4236 2872 
8078 3536 4083 3832 
8079 3464 4325 3738 
8080 1549 3892 3119 
8081 3390 3740 1498 
8082 3859 3942 2103 
8083 2811 3923 2214 
8084 3775 3990 2160 
8085 932 3897 934 
8086 369 4126 659 
8087 2341 3894 3223 
8088 123 4317 122 
8089 3646 4229 2222 
8090 3473 3774 713 
8091 3834 3975 2747 
8092 3716 3797 639 
8093 1827 4155 3121 
8094 3817 4001 2290 
8095 635 4212 3764 
8096 627 4041 3751 
8097 3248 4240 912 
8098 2193 4333 3501 
8099 3313 4229 1266 
8100 2134 3939 3555 
8101 2561 4043 3436 
8102 368 4026 367 
8103 3279 3983 706 
8104 366 3318 783 
8105 163 3319 780 
8106 370 4126 369 
8107 713 3601 217 
8108 394 3602 677 
8109 191 3603 678 
8110 4177 4186 2555 
8111 1042 4245 3814 
8112 4157 4304 2633 
8113 3424 3986 1132 
8114 3258 3808 2150 
8115 2864 4242 3417 
8116 3757 4024 2037 
8117 1927 4353 1454 
8118 2581 4302 3599 
8119 801 3906 65 
8120 3486 3956 3884 
8121 782 3493 245 
8122 2726 4331 2106 
8123 3470 3728 1734 
8124 3355 4053 2336 
8125 3087 3923 1047 
8126 108 3882 107 
8127 311 3881 310 
8128 1639 3729 3498 
8129 2443 3895 3833 
8130 659 4026 368 
8131 116 3725 724 
8132 3507 3582 644 
8133 142 3282 648 
8134 724 3597 115 
8135 90 3598 849 
8136 293 3596 723 
8137 2583 4207 3846 
8138 3479 4146 3639 
8139 1327 4087 3524 
8140 3290 3650 794 
8141 2247 4086 2187 
8142 43 3369 781 
8143 246 3370 782 
8144 3581 4223 3299 
8145 2225 4233 3554 
8146 2241 4366 3032 
8147 3753 4270 4034 
8148 1779 4130 2263 
8149 768 3840 319 
8150 3023 4224 1986 
8151 3483 3760 714 
8152 2255 3975 3834 
8153 3028 4023 3373 
8154 4090 4350 1802 
8155 2101 3844 3289 
8156 2125 4110 3123 
8157 3142 4050 1791 
8158 1297 4206 4167 
8159 269 4193 802 
8160 4194 4195 2505 
8161 3340 4131 3339 
8162 3721 4014 2285 
8163 1206 4136 3520 
8164 2195 3891 2698 
8165 3570 4118 1338 
8166 3259 4206 1297 
8167 1954 4027 1759 
8168 3879 4090 2898 
8169 1554 4131 3512 
8170 2302 4060 3525 
8171 2214 4363 3558 
8172 1533 3896 3804 
8173 819 3911 3876 
8174 3738 4325 862 
8175 3577 4201 1305 
8176 3714 3724 3255 
8177 309 3887 308 
8178 106 3888 105 
8179 1210 3944 3027 
8180 946 4138 4092 
8181 3883 4181 2610 
8182 3928 4240 2262 
8183 3649 4154 1217 
8184 3523 4326 3084 
8185 2219 4314 3419 
8186 3503 4101 1758 
8187 3431 3800 768 
8188 270 4193 269 
8189 4246 4247 3916 
8190 3371 4093 642 
8191 714 3760 14 
8192 2351 4235 3901 
8193 3733 4058 1518 
8194 3455 4346 2334 
8195 3545 4191 3278 
8196 3307 4159 1934 
8197 63 4037 62 
8198 2056 4017 3467 
8199 2699 4138 2173 
8200 2475 4269 2959 
8201 2746 3915 3722 
8202 982 3950 984 
8203 3419 4314 1761 
8204 3242 4109 807 
8205 3798 4176 3576 
8206 1091 3666 3665 
8207 2496 4327 3688 
8208 4092 4138 2699 
8209 3685 3894 2341 
8210 2051 4267 3565 
8211 3227 3728 2199 
8212 3630 4273 2938 
8213 3571 3814 2197 
8214 2779 4103 3311 
8215 2373 4049 3364 
8216 1578 3984 3527 
8217 3587 4188 3586 
8218 3485 4004 638 
8219 2283 4111 2499 
8220 209 3919 208 
8221 782 4200 3493 
8222 3381 4292 751 
8223 726 4113 3758 
8224 2698 4149 2124 
8225 2751 3978 3674 
8226 2329 3942 3859 
8227 2150 3808 3777 
8228 2004 3986 3424 
8229 717 4323 3829 
8230 2006 3986 2004 
8231 3172 4163 804 
8232 780 3371 162 
8233 783 3372 365 
8234 3920 4321 2894 
8235 3520 4136 2137 
8236 303 3927 302 
8237 1721 3960 3287 
8238 3363 4167 2471 
8239 887 3965 885 
8240 2205 4077 2204 
8241 675 4228 3770 
8242 1758 4101 2474 
8243 3884 3956 2400 
8244 202 3700 868 
8245 4043 4238 3436 
8246 1412 4219 3311 
8247 3435 3968 1976 
8248 1305 4201 1303 
8249 2988 4230 2358 
8250 143 3426 3282 
8251 1214 4135 1020 
8252 3548 3620 943 
8253 3031 4117 1776 
8254 629 3370 247 
8255 630 3369 44 
8256 856 3602 395 
8257 855 3603 192 
8258 216 3601 850 
8259 2529 4127 3581 
8260 251 3969 250 
8261 345 3782 647 
8262 1989 4171 3544 
8263 3773 3883 3882 
8264 3464 3738 686 
8265 2549 4255 3792 
8266 64 3906 654 
8267 404 3940 403 
8268 201 3941 200 
8269 852 3653 317 
8270 1338 4118 3263 
8271 684 4250 3954 
8272 2197 4245 3560 
8273 854 3596 294 
8274 685 3598 91 
8275 114 3597 853 
8276 305 3930 304 
8277 347 4079 346 
8278 2762 4061 3958 
8279 3972 4312 1048 
8280 2184 3993 3627 
8281 3493 4200 2697 
8282 3265 4206 3259 
8283 2104 4101 3503 
8284 859 4176 3798 
8285 3790 4087 3343 
8286 1217 4154 1790 
8287 3429 4258 3572 
8288 367 4026 3318 
8289 2985 4357 2896 
8290 3512 4131 2444 
8291 2232 3992 3815 
8292 2222 4229 2224 
8293 2469 4232 3686 
8294 318 3840 852 
8295 3586 4188 1596 
8296 3303 3920 800 
8297 3853 4005 732 
8298 3415 4076 2731 
8299 3287 3960 2269 
8300 779 3476 3384 
8301 3867 4051 2744 
8302 2605 4218 4181 
8303 3816 4041 627 
8304 4040 4171 2334 
8305 1611 4217 1598 
8306 1450 3752 3468 
8307 642 3341 160 
8308 1439 4272 3188 
8309 1166 4312 3754 
8310 3343 4087 1327 
8311 852 3840 3471 
8312 2531 4342 2533 
8313 3278 4191 1838 
8314 888 4266 889 
8315 3823 3885 2418 
8316 3639 4146 2709 
8317 3723 4013 2272 
8318 3498 4306 2998 
8319 3736 4002 2270 
8320 3610 4122 689 
8321 3315 3897 3316 
8322 2498 4321 3745 
8323 1802 4350 3632 
8324 850 3589 215 
8325 851 3588 12 
8326 3032 4366 892 
8327 2241 4360 3627 
8328 3276 3998 693 
8329 3311 4219 2779 
8330 3387 4037 3234 
8331 2738 3924 3837 
8332 2370 4241 4082 
8333 2190 3934 3809 
8334 13 3760 851 
8335 171 4284 656 
8336 3898 3965 2542 
8337 161 3371 642 
8338 364 3372 641 
8339 3957 4089 1726 
8340 1906 4195 4194 
8341 3935 4111 2283 
8342 306 3977 305 
8343 61 3387 795 
8344 793 3426 144 
8345 3324 4136 1206 
8346 2591 4260 4058 
8347 3935 4014 2624 
8348 3769 4097 858 
8349 3207 4166 3167 
8350 3554 4233 736 
8351 248 3428 629 
8352 45 3430 630 
8353 3631 4354 790 
8354 3543 4047 2564 
8355 2027 4324 4181 
8356 3659 3991 2653 
8357 348 3439 792 
8358 145 3438 793 
8359 2244 4083 3562 
8360 1036 3891 3489 
8361 3627 3993 1126 
8362 3687 4322 2453 
8363 654 4037 63 
8364 773 4270 103 
8365 1777 3832 3831 
8366 1150 4047 3543 
8367 3208 4144 809 
8368 3339 4131 1554 
8369 3109 4337 3529 
8370 755 4336 3182 
8371 3958 4061 1691 
8372 3532 3912 761 
8373 2522 4067 3418 
8374 3765 3976 2551 
8375 867 4259 3927 
8376 193 3701 855 
8377 396 3702 856 
8378 2615 4120 3337 
8379 853 3694 113 
8380 92 3693 685 
8381 295 3692 854 
8382 3903 4112 2733 
8383 2909 4307 3488 
8384 3919 4073 730 
8385 682 4308 4025 
8386 316 3653 686 
8387 3341 3458 159 
8388 2743 4274 3867 
8389 3729 4306 3498 
8390 3636 4328 2719 
8391 2247 4182 4114 
8392 3799 4006 2511 
8393 102 4270 3753 
8394 2921 4186 4177 
8395 2736 4191 3545 
8396 4170 4225 2870 
8397 2910 4124 3838 
8398 3838 4124 2540 
8399 3486 3884 637 
8400 645 4334 3389 
8401 2255 4290 3913 
8402 1813 4177 1814 
8403 3212 4356 3185 
8404 2575 3942 3807 
8405 2106 4331 3952 
8406 2591 4058 3733 
8407 2126 4170 2933 
8408 2444 4131 3340 
8409 3812 4054 2394 
8410 3803 4085 2423 
8411 3833 4063 2620 
8412 3152 4249 3521 
8413 2417 4235 3385 
8414 3730 4294 2942 
8415 3826 4060 2302 
8416 3970 4177 1813 
8417 800 4175 3274 
8418 963 4248 3405 
8419 3177 4280 2854 
8420 2334 4171 1989 
8421 778 3428 249 
8422 779 3430 46 
8423 3753 4034 3197 
8424 637 3439 349 
8425 638 3438 146 
8426 1691 4061 3592 
8427 795 3440 60 
8428 794 3650 263 
8429 2230 4165 3763 
8430 641 3361 363 
8431 3254 4072 660 
8432 3582 4286 2477 
8433 778 3969 3429 
8434 728 3786 3707 
8435 264 3781 794 
8436 300 4176 299 
8437 3429 3969 776 
8438 362 4178 361 
8439 3154 4221 2528 
8440 3993 4210 1126 
8441 2490 4297 3851 
8442 2154 4316 3468 
8443 2366 4007 3763 
8444 3406 4272 1439 
8445 865 4238 4043 
8446 716 3981 3830 
8447 1761 4314 3362 
8448 3949 4092 2699 
8449 3539 4290 2254 
8450 2598 4140 3720 
8451 3511 3970 1813 
8452 765 4275 3699 
8453 3692 3918 854 
8454 747 4348 3674 
8455 62 4037 3387 
8456 2247 4114 4086 
8457 3027 3944 2869 
8458 3364 4049 1568 
8459 2511 4253 3799 
8460 686 3738 315 
8461 912 4240 3928 
8462 3802 4340 2703 
8463 676 3692 296 
8464 112 3694 675 
8465 857 3693 93 
8466 3436 4238 99 
8467 2221 4286 3582 
8468 788 3849 3557 
8469 3294 4201 3577 
8470 728 3702 397 
8471 729 3701 194 
8472 2186 4210 2185 
8473 3582 4326 644 
8474 2928 4340 4197 
8475 3014 4350 3879 
8476 147 3485 638 
8477 350 3486 637 
8478 2083 4133 3681 
8479 47 3476 779 
8480 1818 4096 3663 
8481 2844 4155 3880 
8482 4114 4182 2668 
8483 3431 4223 3800 
8484 3605 4297 2490 
8485 2173 4138 3679 
8486 1596 4188 3749 
8487 3810 4311 848 
8488 808 4265 3243 
8489 4180 4224 3023 
8490 3588 3747 11 
8491 3589 3746 214 
8492 59 3440 639 
8493 262 3650 640 
8494 3799 4253 2727 
8495 3688 4327 1856 
8496 2652 4171 4040 
8497 2204 4077 3877 
8498 1479 4204 3579 
8499 3745 4321 3304 
8500 2466 4246 3916 
8501 3856 4081 708 
8502 2678 4340 3802 
8503 721 3433 157 
8504 722 3432 360 
8505 3627 4360 2193 
8506 3908 4152 2878 
8507 3798 4319 859 
8508 99 4238 98 
8509 3638 4272 3406 
8510 3012 3742 3433 
8511 3468 4316 2194 
8512 4181 4218 2027 
8513 786 3486 351 
8514 787 3485 148 
8515 4 4209 3 
8516 777 3476 48 
8517 3428 4231 629 
8518 792 4079 347 
8519 3389 4334 2977 
8520 1528 4157 3660 
8521 3510 4130 1779 
8522 3833 3895 1011 
8523 3669 4202 2378 
8524 848 4311 3375 
8525 786 3956 3486 
8526 3376 4275 765 
8527 2500 4024 3757 
8528 297 3768 676 
8529 675 3769 111 
8530 94 3771 857 
8531 3432 3507 359 
8532 3433 3742 156 
8533 1573 4361 4099 
8534 1528 4304 4157 
8535 314 3738 862 
8536 3804 3896 2618 
8537 2094 4130 3510 
8538 346 4079 3782 
8539 398 3786 728 
8540 195 3785 729 
8541 261 4355 260 
8542 158 3458 721 
8543 4051 4323 3590 
8544 213 3746 717 
8545 10 3747 716 
8546 3764 4212 2831 
8547 3618 4123 1077 
8548 3841 4260 2591 
8549 3821 4182 2248 
8550 3801 4293 2696 
8551 149 3516 787 
8552 352 3517 786 
8553 3576 4176 300 
8554 49 3505 777 
8555 252 3506 776 
8556 3744 4192 2614 
8557 3800 4194 2505 
8558 3991 4134 2503 
8559 3443 4283 2064 
8560 3920 4175 800 
8561 3814 4245 2197 
8562 3299 4223 3431 
8563 3474 4196 847 
8564 3901 4235 2558 
8565 639 3797 58 
8566 3594 4203 2989 
8567 2681 4119 3966 
8568 849 4146 3479 
8569 2323 4082 3908 
8570 3070 4192 3744 
8571 757 3506 253 
8572 760 3505 50 
8573 668 3517 353 
8574 667 3516 150 
8575 3916 4309 2465 
8576 4167 4206 2810 
8577 3720 4140 2071 
8578 3125 4248 2748 
8579 2186 4312 3972 
8580 1808 4001 3817 
8581 3789 4185 2666 
8582 354 3557 668 
8583 151 3556 667 
8584 4075 4264 1178 
8585 862 3813 313 
8586 2563 4352 3792 
8587 859 3768 298 
8588 732 3771 95 
8589 110 3769 858 
8590 52 3535 3508 
8591 255 3534 3509 
8592 761 3535 53 
8593 758 3534 256 
8594 3829 4323 4051 
8595 716 3830 9 
8596 717 3828 212 
8597 789 3556 152 
8598 788 3557 355 
8599 4040 4346 1152 
8600 4073 4307 730 
8601 3361 4178 362 
8602 3616 4304 1528 
8603 2464 4309 3916 
8604 860 3785 196 
8605 861 3786 399 
8606 4063 4216 2620 
8607 3715 4237 2546 
8608 2921 4177 3970 
8609 250 3969 778 
8610 3667 4359 2433 
8611 2165 4341 3359 
8612 3447 4276 1513 
8613 3405 4248 3125 
8614 2235 4320 4261 
8615 3936 4153 2803 
8616 4164 4361 2744 
8617 858 3773 109 
8618 2624 4111 3935 
8619 2778 3747 3588 
8620 3868 4264 2274 
8621 784 3532 55 
8622 785 3531 258 
8623 259 3820 785 
8624 3558 4363 1883 
8625 3792 4352 2549 
8626 3681 4133 2486 
8627 3872 4341 2165 
8628 155 3742 646 
8629 358 3507 644 
8630 2667 4337 3959 
8631 3042 4174 4160 
8632 3995 4247 818 
8633 2194 4316 3822 
8634 96 3853 732 
8635 312 3813 735 
8636 2274 4264 4075 
8637 2618 4365 4364 
8638 3847 4156 1809 
8639 729 4277 3701 
8640 3754 4312 2186 
8641 3822 4279 2194 
8642 4160 4174 2825 
8643 257 3531 758 
8644 54 3532 761 
8645 646 3522 154 
8646 644 3523 357 
8647 254 3509 757 
8648 51 3508 760 
8649 776 3969 251 
8650 640 4355 261 
8651 4261 4320 2975 
8652 356 3523 788 
8653 153 3522 789 
8654 8 3830 864 
8655 211 3828 863 
8656 361 4178 722 
8657 2334 4346 4040 
8658 3805 4183 1078 
8659 3885 4298 2418 
8660 4046 4299 2442 
8661 2185 4210 3993 
8662 3694 4228 675 
8663 3793 4315 1434 
8664 3727 3977 702 
8665 2649 4315 3793 
8666 1990 4295 4084 
8667 4099 4361 2425 
8668 4025 4308 2857 
8669 720 4208 3888 
8670 2367 4224 4180 
8671 863 3836 210 
8672 3779 4242 2864 
8673 735 3881 311 
8674 865 3853 97 
8675 4086 4114 1541 
8676 1518 4297 3605 
8677 818 4247 4246 
8678 4019 4301 2923 
8679 787 4213 3485 
8680 3632 4350 3014 
8681 299 4176 859 
8682 3896 4365 2618 
8683 3773 3882 108 
8684 1336 4279 3822 
8685 103 4270 102 
8686 107 3882 720 
8687 310 3881 866 
8688 260 4355 3820 
8689 2866 4294 3730 
8690 1451 4329 3617 
8691 2193 4360 4333 
8692 4055 4190 2661 
8693 720 3888 106 
8694 866 3887 309 
8695 4333 4360 3032 
8696 921 4216 4063 
8697 302 3927 725 
8698 2717 4334 4268 
8699 644 4326 3523 
8700 200 3941 696 
8701 403 3940 695 
8702 208 3919 730 
8703 1299 4264 3868 
8704 3836 3919 209 
8705 4268 4334 645 
8706 98 4238 865 
8707 867 3927 303 
8708 870 3940 404 
8709 868 3941 201 
8710 304 3930 867 
8711 4364 4365 2616 
8712 3746 4323 717 
8713 3782 4079 2665 
8714 3189 4178 3361 
8715 702 3977 306 
8716 859 4319 3768 
8717 2608 4338 4128 
8718 731 4209 4 
8719 2425 4361 4164 
8720 3930 3977 3727 
8721 3 4209 2910 
8722 4084 4295 2508 
8723 305 3977 3930 
8724 2683 4335 4059 
8725 4124 4209 731 
8726 2910 4209 4124 
8727 3820 4355 2789 
8728 7 3714 6 
8729 105 773 104 
8730 308 702 307 
$EndElements
