$MeshFormat
4.1 0 8
$EndMeshFormat
$PhysicalNames
4
1 101 "Source"
1 102 "Microphone"
1 103 "FreeSurface"
2 201 "Domain"
$EndPhysicalNames
$Entities
406 406 1 0
1 0 0 0 0 
2 0.0004 0 0 0 
3 0.0004648 5.861076752352035e-07 0 0 
4 0.0005296000000000001 2.342140552894412e-06 0 0 
5 0.0005944 5.261237137327168e-06 0 0 
6 0.0006592 9.33199139578088e-06 0 0 
7 0.000724 1.453849732615637e-05 0 0 
8 0.0007888 2.086041110787401e-05 0 0 
9 0.0008535999999999999 2.827303059300283e-05 0 0 
10 0.0009184 3.674739182705064e-05 0 0 
11 0.0009832 4.62503822222708e-05 0 0 
12 0.001048 5.674486994127448e-05 0 0 
13 0.0011128 6.818984898539656e-05 0 0 
14 0.0011776 8.054059942089931e-05 0 0 
15 0.0012424 9.374886211694825e-05 0 0 
16 0.0013072 0.0001077630273125922 0 0 
17 0.001372 0.0001225283362759433 0 0 
18 0.0014368 0.0001379870952675973 0 0 
19 0.0015016 0.0001540789009722567 0 0 
20 0.0015664 0.0001707408765177089 0 0 
21 0.0016312 0.0001879079171589421 0 0 
22 0.001696 0.0002055129446674169 0 0 
23 0.0017608 0.0002234871694314971 0 0 
24 0.0018256 0.0002417603592439117 0 0 
25 0.0018904 0.0002602611137259936 0 0 
26 0.0019552 0.0002789171433164122 0 0 
27 0.00202 0.0002976555517342848 0 0 
28 0.0020848 0.0003164031208129758 0 0 
29 0.0021496 0.0003350865965916247 0 0 
30 0.0022144 0.0003536329755465388 0 0 
31 0.0022792 0.0003719697898440293 0 0 
32 0.002344 0.0003900253905001022 0 0 
33 0.0024088 0.0004077292273405873 0 0 
34 0.0024736 0.000425012124667796 0 0 
35 0.0025384 0.0004418065515565696 0 0 
36 0.0026032 0.0004580468857235702 0 0 
37 0.002668 0.0004736696699387734 0 0 
38 0.0027328 0.0004886138599772654 0 0 
39 0.0027976 0.0005028210631425013 0 0 
40 0.0028624 0.0005162357664290227 0 0 
41 0.0029272 0.0005288055534331147 0 0 
42 0.002992 0.0005404813091638491 0 0 
43 0.0030568 0.0005512174119542401 0 0 
44 0.0031216 0.000560971911722637 0 0 
45 0.0031864 0.0005697066938878245 0 0 
46 0.0032512 0.0005773876282973453 0 0 
47 0.003316 0.0005839847025871303 0 0 
48 0.0033808 0.0005894721394513439 0 0 
49 0.0034456 0.0005938284973642296 0 0 
50 0.0035104 0.0005970367543603953 0 0 
51 0.0035752 0.000599084374546177 0 0 
52 0.00364 0.0005999633570821959 0 0 
53 0.0037048 0.0005996867540734277 0 0 
54 0.0037696 0.0005982959383081011 0 0 
55 0.0038344 0.0005957981763840723 0 0 
56 0.0038992 0.0005922032280175716 0 0 
57 0.003964 0.0005875251400541307 0 0 
58 0.0040288 0.0005817821915821543 0 0 
59 0.0040936 0.0005749968225094956 0 0 
60 0.0041584 0.0005671955458821062 0 0 
61 0.004223200000000001 0.0005584088442873727 0 0 
62 0.004288 0.000548671050746926 0 0 
63 0.0043528 0.0005380202145643257 0 0 
64 0.004417600000000001 0.0005264979526518003 0 0 
65 0.0044824 0.0005141492869169699 0 0 
66 0.0045472 0.0005010224683449417 0 0 
67 0.004612 0.0004871687884631591 0 0 
68 0.004676800000000001 0.0004726423789256819 0 0 
69 0.0047416 0.0004575 0 0 
70 0.0048064 0.0004418008187828446 0 0 
71 0.0048712 0.0004256061780115911 0 0 
72 0.004936 0.0004089793563745975 0 0 
73 0.005000800000000001 0.0003919853212570384 0 0 
74 0.0050656 0.0003746904748883512 0 0 
75 0.0051304 0.0003571623948831941 0 0 
76 0.0051952 0.0003394695701897214 0 0 
77 0.005260000000000001 0.0003216811334769292 0 0 
78 0.005324800000000001 0.0003038665910067364 0 0 
79 0.0053896 0.0002860955510462936 0 0 
80 0.0054544 0.0002684374518817188 0 0 
81 0.005519200000000001 0.0002509612904960149 0 0 
82 0.005584 0.0002337353529713276 0 0 
83 0.005648800000000001 0.0002168269476689652 0 0 
84 0.0057136 0.0002003021422297528 0 0 
85 0.0057784 0.0001842255054223549 0 0 
86 0.005843200000000001 0.00016865985484827 0 0 
87 0.005908 0.0001536660114893083 0 0 
88 0.0059728 0.0001393025620566294 0 0 
89 0.0060376 0.0001256256300699357 0 0 
90 0.0061024 0.0001126886565613012 0 0 
91 0.0061672 0.0001005421912605102 0 0 
92 0.006232000000000001 8.923369507782816e-05 0 0 
93 0.0062968 7.880735465597537e-05 0 0 
94 0.0063616 6.930390971592416e-05 0 0 
95 0.006426400000000001 6.076049387114481e-05 0 0 
96 0.0064912 5.321048953229973e-05 0 0 
97 0.006556 4.668339746932923e-05 0 0 
98 0.0066208 4.120472154060052e-05 0 0 
99 0.0066856 3.67958690395266e-05 0 0 
100 0.0067504 3.347406704803983e-05 0 0 
101 0.0068152 3.125229512375905e-05 0 0 
102 0.006880000000000001 3.013923458386722e-05 0 0 
103 0.0069448 3.013923458386722e-05 0 0 
104 0.0070096 3.125229512375905e-05 0 0 
105 0.0070744 3.347406704803983e-05 0 0 
106 0.0071392 3.67958690395266e-05 0 0 
107 0.007204000000000001 4.120472154060052e-05 0 0 
108 0.0072688 4.668339746932923e-05 0 0 
109 0.0073336 5.321048953229973e-05 0 0 
110 0.007398399999999999 6.076049387114481e-05 0 0 
111 0.007463200000000001 6.930390971592416e-05 0 0 
112 0.007528000000000001 7.880735465597537e-05 0 0 
113 0.007592799999999999 8.923369507782816e-05 0 0 
114 0.0076576 0.0001005421912605102 0 0 
115 0.007722400000000001 0.0001126886565613012 0 0 
116 0.0077872 0.0001256256300699357 0 0 
117 0.007852000000000001 0.0001393025620566294 0 0 
118 0.0079168 0.0001536660114893083 0 0 
119 0.0079816 0.00016865985484827 0 0 
120 0.0080464 0.0001842255054223549 0 0 
121 0.008111200000000001 0.0002003021422297528 0 0 
122 0.008176000000000001 0.0002168269476689652 0 0 
123 0.008240799999999998 0.0002337353529713276 0 0 
124 0.0083056 0.0002509612904960149 0 0 
125 0.0083704 0.0002684374518817188 0 0 
126 0.0084352 0.0002860955510462936 0 0 
127 0.008500000000000001 0.0003038665910067364 0 0 
128 0.008564800000000001 0.0003216811334769292 0 0 
129 0.008629599999999999 0.0003394695701897214 0 0 
130 0.0086944 0.0003571623948831941 0 0 
131 0.0087592 0.0003746904748883512 0 0 
132 0.008824 0.0003919853212570381 0 0 
133 0.008888800000000001 0.0004089793563745974 0 0 
134 0.008953600000000003 0.0004256061780115911 0 0 
135 0.009018399999999999 0.0004418008187828446 0 0 
136 0.0090832 0.0004575 0 0 
137 0.009148 0.0004726423789256819 0 0 
138 0.0092128 0.0004871687884631591 0 0 
139 0.009277600000000002 0.0005010224683449418 0 0 
140 0.009342399999999999 0.00051414928691697 0 0 
141 0.009407199999999999 0.0005264979526518002 0 0 
142 0.009472 0.0005380202145643257 0 0 
143 0.0095368 0.000548671050746926 0 0 
144 0.009601600000000002 0.0005584088442873727 0 0 
145 0.0096664 0.0005671955458821061 0 0 
146 0.009731199999999999 0.0005749968225094954 0 0 
147 0.009796000000000001 0.0005817821915821543 0 0 
148 0.009860799999999999 0.0005875251400541305 0 0 
149 0.009925600000000001 0.0005922032280175716 0 0 
150 0.0099904 0.0005957981763840723 0 0 
151 0.0100552 0.0005982959383081011 0 0 
152 0.01012 0.0005996702674457134 0 0 
153 0.0101848 0.0005999633570821959 0 0 
154 0.0102496 0.000599084374546177 0 0 
155 0.0103144 0.0005970367543603953 0 0 
156 0.0103792 0.0005938284973642296 0 0 
157 0.010444 0.0005894721394513438 0 0 
158 0.0105088 0.0005839847025871303 0 0 
159 0.0105736 0.000577387628297345 0 0 
160 0.0106384 0.0005697066938878243 0 0 
161 0.0107032 0.0005609719117226369 0 0 
162 0.010768 0.0005512174119542404 0 0 
163 0.0108328 0.0005404813091638494 0 0 
164 0.0108976 0.0005288055534331147 0 0 
165 0.0109624 0.0005162357664290228 0 0 
166 0.0110272 0.0005028210631425014 0 0 
167 0.011092 0.0004886138599772654 0 0 
168 0.0111568 0.0004736696699387735 0 0 
169 0.0112216 0.0004580468857235702 0 0 
170 0.0112864 0.0004418065515565696 0 0 
171 0.0113512 0.0004250121246677959 0 0 
172 0.011416 0.0004077292273405873 0 0 
173 0.0114808 0.0003900253905001021 0 0 
174 0.0115456 0.0003719697898440292 0 0 
175 0.0116104 0.0003536329755465386 0 0 
176 0.0116752 0.0003350865965916245 0 0 
177 0.01174 0.0003164031208129755 0 0 
178 0.0118048 0.0002976555517342852 0 0 
179 0.0118696 0.0002789171433164124 0 0 
180 0.0119344 0.0002602611137259938 0 0 
181 0.0119992 0.0002417603592439119 0 0 
182 0.012064 0.0002234871694314972 0 0 
183 0.0121288 0.000205512944667417 0 0 
184 0.0121936 0.0001879079171589421 0 0 
185 0.0122584 0.0001707408765177089 0 0 
186 0.0123232 0.0001540789009722567 0 0 
187 0.012388 0.0001379870952675973 0 0 
188 0.0124528 0.0001225283362759432 0 0 
189 0.0125176 0.0001077630273125921 0 0 
190 0.0125824 9.374886211694815e-05 0 0 
191 0.0126472 8.054059942089921e-05 0 0 
192 0.012712 6.818984898539646e-05 0 0 
193 0.0127768 5.674486994127436e-05 0 0 
194 0.0128416 4.625038222227063e-05 0 0 
195 0.0129064 3.674739182705076e-05 0 0 
196 0.0129712 2.827303059300293e-05 0 0 
197 0.013036 2.086041110787411e-05 0 0 
198 0.0131008 1.453849732615644e-05 0 0 
199 0.0131656 9.331991395780915e-06 0 0 
200 0.0132304 5.261237137327168e-06 0 0 
201 0.0132952 2.342140552894412e-06 0 0 
202 0.01336 5.861076752352035e-07 0 0 
203 0.017 0 0 0 
204 0.017 0.007 0 0 
205 0.0166 0.007 0 0 
206 0.0165352 0.006999413892324765 0 0 
207 0.0164704 0.006997657859447106 0 0 
208 0.0164056 0.006994738762862673 0 0 
209 0.0163408 0.006990668008604219 0 0 
210 0.016276 0.006985461502673844 0 0 
211 0.0162112 0.006979139588892127 0 0 
212 0.0161464 0.006971726969406997 0 0 
213 0.0160816 0.006963252608172949 0 0 
214 0.0160168 0.00695374961777773 0 0 
215 0.015952 0.006943255130058726 0 0 
216 0.0158872 0.006931810151014603 0 0 
217 0.0158224 0.0069194594005791 0 0 
218 0.0157576 0.006906251137883052 0 0 
219 0.0156928 0.006892236972687408 0 0 
220 0.015628 0.006877471663724057 0 0 
221 0.0155632 0.006862012904732403 0 0 
222 0.0154984 0.006845921099027743 0 0 
223 0.0154336 0.006829259123482292 0 0 
224 0.0153688 0.006812092082841058 0 0 
225 0.015304 0.006794487055332583 0 0 
226 0.0152392 0.006776512830568503 0 0 
227 0.0151744 0.006758239640756089 0 0 
228 0.0151096 0.006739738886274006 0 0 
229 0.0150448 0.006721082856683588 0 0 
230 0.01498 0.006702344448265715 0 0 
231 0.0149152 0.006683596879187024 0 0 
232 0.0148504 0.006664913403408376 0 0 
233 0.0147856 0.006646367024453461 0 0 
234 0.0147208 0.006628030210155971 0 0 
235 0.014656 0.006609974609499898 0 0 
236 0.0145912 0.006592270772659413 0 0 
237 0.0145264 0.006574987875332204 0 0 
238 0.0144616 0.00655819344844343 0 0 
239 0.0143968 0.00654195311427643 0 0 
240 0.014332 0.006526330330061227 0 0 
241 0.0142672 0.006511386140022735 0 0 
242 0.0142024 0.006497178936857499 0 0 
243 0.0141376 0.006483764233570978 0 0 
244 0.0140728 0.006471194446566885 0 0 
245 0.014008 0.006459518690836151 0 0 
246 0.0139432 0.006448782588045761 0 0 
247 0.0138784 0.006439028088277363 0 0 
248 0.0138136 0.006430293306112176 0 0 
249 0.0137488 0.006422612371702654 0 0 
250 0.013684 0.00641601529741287 0 0 
251 0.0136192 0.006410527860548657 0 0 
252 0.0135544 0.00640617150263577 0 0 
253 0.0134896 0.006402963245639604 0 0 
254 0.0134248 0.006400915625453823 0 0 
255 0.01336 0.006400036642917805 0 0 
256 0.0132952 0.006400313245926572 0 0 
257 0.0132304 0.006401704061691899 0 0 
258 0.0131656 0.006404201823615928 0 0 
259 0.0131008 0.006407796771982429 0 0 
260 0.013036 0.00641247485994587 0 0 
261 0.0129712 0.006418217808417846 0 0 
262 0.0129064 0.006425003177490504 0 0 
263 0.0128416 0.006432804454117894 0 0 
264 0.0127768 0.006441591155712628 0 0 
265 0.012712 0.006451328949253074 0 0 
266 0.0126472 0.006461979785435674 0 0 
267 0.0125824 0.0064735020473482 0 0 
268 0.0125176 0.006485850713083031 0 0 
269 0.0124528 0.006498977531655059 0 0 
270 0.012388 0.006512831211536841 0 0 
271 0.0123232 0.006527357621074319 0 0 
272 0.0122584 0.006542500000000001 0 0 
273 0.0121936 0.006558199181217156 0 0 
274 0.0121288 0.006574393821988408 0 0 
275 0.012064 0.006591020643625402 0 0 
276 0.0119992 0.006608014678742962 0 0 
277 0.0119344 0.006625309525111649 0 0 
278 0.0118696 0.006642837605116806 0 0 
279 0.0118048 0.006660530429810279 0 0 
280 0.01174 0.006678318866523071 0 0 
281 0.0116752 0.006696133408993264 0 0 
282 0.0116104 0.006713904448953706 0 0 
283 0.0115456 0.006731562548118281 0 0 
284 0.0114808 0.006749038709503985 0 0 
285 0.011416 0.006766264647028672 0 0 
286 0.0113512 0.006783173052331035 0 0 
287 0.0112864 0.006799697857770247 0 0 
288 0.0112216 0.006815774494577645 0 0 
289 0.0111568 0.00683134014515173 0 0 
290 0.011092 0.006846333988510691 0 0 
291 0.0110272 0.006860697437943371 0 0 
292 0.0109624 0.006874374369930064 0 0 
293 0.0108976 0.006887311343438699 0 0 
294 0.0108328 0.00689945780873949 0 0 
295 0.010768 0.006910766304922172 0 0 
296 0.0107032 0.006921192645344025 0 0 
297 0.0106384 0.006930696090284075 0 0 
298 0.0105736 0.006939239506128855 0 0 
299 0.0105088 0.0069467895104677 0 0 
300 0.010444 0.006953316602530671 0 0 
301 0.0103792 0.0069587952784594 0 0 
302 0.0103144 0.006963204130960474 0 0 
303 0.0102496 0.00696652593295196 0 0 
304 0.0101848 0.006968747704876242 0 0 
305 0.01012 0.006969860765416133 0 0 
306 0.0100552 0.006969860765416133 0 0 
307 0.009990400000000002 0.006968747704876242 0 0 
308 0.0099256 0.00696652593295196 0 0 
309 0.009860800000000001 0.006963204130960474 0 0 
310 0.009795999999999999 0.0069587952784594 0 0 
311 0.009731200000000001 0.006953316602530671 0 0 
312 0.0096664 0.0069467895104677 0 0 
313 0.009601600000000002 0.006939239506128855 0 0 
314 0.0095368 0.006930696090284075 0 0 
315 0.009472 0.006921192645344025 0 0 
316 0.009407199999999999 0.006910766304922172 0 0 
317 0.009342400000000001 0.00689945780873949 0 0 
318 0.0092776 0.006887311343438699 0 0 
319 0.0092128 0.006874374369930064 0 0 
320 0.009148 0.006860697437943371 0 0 
321 0.009083200000000001 0.006846333988510691 0 0 
322 0.009018399999999999 0.00683134014515173 0 0 
323 0.008953600000000001 0.006815774494577645 0 0 
324 0.008888800000000001 0.006799697857770247 0 0 
325 0.008824 0.006783173052331035 0 0 
326 0.008759200000000002 0.006766264647028672 0 0 
327 0.0086944 0.006749038709503985 0 0 
328 0.008629599999999999 0.006731562548118281 0 0 
329 0.008564800000000001 0.006713904448953706 0 0 
330 0.008500000000000001 0.006696133408993264 0 0 
331 0.0084352 0.006678318866523071 0 0 
332 0.0083704 0.006660530429810279 0 0 
333 0.0083056 0.006642837605116806 0 0 
334 0.0082408 0.006625309525111649 0 0 
335 0.008176000000000001 0.006608014678742963 0 0 
336 0.008111200000000001 0.006591020643625402 0 0 
337 0.008046399999999999 0.006574393821988408 0 0 
338 0.0079816 0.006558199181217156 0 0 
339 0.0079168 0.006542500000000001 0 0 
340 0.007852000000000001 0.006527357621074319 0 0 
341 0.0077872 0.006512831211536841 0 0 
342 0.007722399999999999 0.006498977531655058 0 0 
343 0.007657600000000001 0.006485850713083031 0 0 
344 0.0075928 0.0064735020473482 0 0 
345 0.007528000000000001 0.006461979785435674 0 0 
346 0.007463200000000001 0.006451328949253074 0 0 
347 0.007398399999999999 0.006441591155712628 0 0 
348 0.007333600000000001 0.006432804454117895 0 0 
349 0.007268800000000001 0.006425003177490504 0 0 
350 0.007203999999999999 0.006418217808417846 0 0 
351 0.007139200000000001 0.00641247485994587 0 0 
352 0.007074399999999999 0.006407796771982429 0 0 
353 0.007009600000000001 0.006404201823615928 0 0 
354 0.006944800000000001 0.006401704061691899 0 0 
355 0.006879999999999999 0.006400329732554287 0 0 
356 0.006815200000000001 0.006400036642917805 0 0 
357 0.006750399999999999 0.006400915625453823 0 0 
358 0.006685600000000001 0.006402963245639604 0 0 
359 0.006620800000000001 0.00640617150263577 0 0 
360 0.006555999999999999 0.006410527860548657 0 0 
361 0.006491200000000001 0.00641601529741287 0 0 
362 0.0064264 0.006422612371702655 0 0 
363 0.006361599999999999 0.006430293306112176 0 0 
364 0.006296800000000001 0.006439028088277363 0 0 
365 0.006232 0.006448782588045759 0 0 
366 0.006167200000000001 0.006459518690836151 0 0 
367 0.006102399999999999 0.006471194446566885 0 0 
368 0.0060376 0.006483764233570978 0 0 
369 0.005972800000000001 0.006497178936857498 0 0 
370 0.005907999999999999 0.006511386140022735 0 0 
371 0.0058432 0.006526330330061226 0 0 
372 0.0057784 0.00654195311427643 0 0 
373 0.0057136 0.00655819344844343 0 0 
374 0.005648800000000002 0.006574987875332204 0 0 
375 0.005584 0.006592270772659413 0 0 
376 0.0055192 0.006609974609499898 0 0 
377 0.0054544 0.006628030210155971 0 0 
378 0.0053896 0.006646367024453461 0 0 
379 0.005324800000000002 0.006664913403408376 0 0 
380 0.00526 0.006683596879187024 0 0 
381 0.0051952 0.006702344448265714 0 0 
382 0.0051304 0.006721082856683588 0 0 
383 0.0050656 0.006739738886274006 0 0 
384 0.0050008 0.006758239640756088 0 0 
385 0.004936 0.006776512830568503 0 0 
386 0.0048712 0.006794487055332583 0 0 
387 0.0048064 0.006812092082841058 0 0 
388 0.0047416 0.006829259123482292 0 0 
389 0.0046768 0.006845921099027743 0 0 
390 0.004612 0.006862012904732403 0 0 
391 0.0045472 0.006877471663724057 0 0 
392 0.0044824 0.006892236972687408 0 0 
393 0.004417600000000001 0.006906251137883052 0 0 
394 0.0043528 0.0069194594005791 0 0 
395 0.004288 0.006931810151014605 0 0 
396 0.004223200000000001 0.006943255130058726 0 0 
397 0.0041584 0.00695374961777773 0 0 
398 0.0040936 0.006963252608172949 0 0 
399 0.004028800000000001 0.006971726969406997 0 0 
400 0.003964000000000001 0.006979139588892127 0 0 
401 0.003899200000000001 0.006985461502673844 0 0 
402 0.0038344 0.006990668008604219 0 0 
403 0.003769600000000001 0.006994738762862673 0 0 
404 0.003704800000000001 0.006997657859447106 0 0 
405 0.003639999999999999 0.006999413892324765 0 0 
406 0 0.007 0 0 
1 -1.000000000000024e-07 -1e-07 -1e-07 0.0004001 1e-07 1e-07 1 103 2 1 -2 
2 0.0003999 -1e-07 -1e-07 0.0004649 6.861076752352035e-07 1e-07 1 103 2 2 -3 
3 0.0004647 4.861076752352034e-07 -1e-07 0.0005297 2.442140552894412e-06 1e-07 1 103 2 3 -4 
4 0.0005295000000000001 2.242140552894412e-06 -1e-07 0.0005945 5.361237137327168e-06 1e-07 1 103 2 4 -5 
5 0.0005943000000000001 5.161237137327168e-06 -1e-07 0.0006592999999999999 9.43199139578088e-06 1e-07 1 103 2 5 -6 
6 0.0006591 9.231991395780879e-06 -1e-07 0.0007241 1.463849732615637e-05 1e-07 1 103 2 6 -7 
7 0.0007239000000000001 1.443849732615637e-05 -1e-07 0.0007888999999999999 2.096041110787401e-05 1e-07 1 103 2 7 -8 
8 0.0007887 2.076041110787401e-05 -1e-07 0.0008536999999999999 2.837303059300283e-05 1e-07 1 103 2 8 -9 
9 0.0008535 2.817303059300283e-05 -1e-07 0.0009184999999999999 3.684739182705064e-05 1e-07 1 103 2 9 -10 
10 0.0009183 3.664739182705063e-05 -1e-07 0.0009833000000000001 4.63503822222708e-05 1e-07 1 103 2 10 -11 
11 0.0009831 4.61503822222708e-05 -1e-07 0.0010481 5.684486994127449e-05 1e-07 1 103 2 11 -12 
12 0.0010479 5.664486994127448e-05 -1e-07 0.0011129 6.828984898539656e-05 1e-07 1 103 2 12 -13 
13 0.0011127 6.808984898539656e-05 -1e-07 0.0011777 8.064059942089931e-05 1e-07 1 103 2 13 -14 
14 0.0011775 8.044059942089931e-05 -1e-07 0.0012425 9.384886211694825e-05 1e-07 1 103 2 14 -15 
15 0.0012423 9.364886211694825e-05 -1e-07 0.0013073 0.0001078630273125922 1e-07 1 103 2 15 -16 
16 0.0013071 0.0001076630273125922 -1e-07 0.0013721 0.0001226283362759433 1e-07 1 103 2 16 -17 
17 0.0013719 0.0001224283362759433 -1e-07 0.0014369 0.0001380870952675973 1e-07 1 103 2 17 -18 
18 0.0014367 0.0001378870952675973 -1e-07 0.0015017 0.0001541789009722567 1e-07 1 103 2 18 -19 
19 0.0015015 0.0001539789009722567 -1e-07 0.0015665 0.0001708408765177089 1e-07 1 103 2 19 -20 
20 0.0015663 0.0001706408765177089 -1e-07 0.0016313 0.0001880079171589421 1e-07 1 103 2 20 -21 
21 0.0016311 0.0001878079171589421 -1e-07 0.0016961 0.0002056129446674169 1e-07 1 103 2 21 -22 
22 0.0016959 0.0002054129446674169 -1e-07 0.0017609 0.0002235871694314971 1e-07 1 103 2 22 -23 
23 0.0017607 0.0002233871694314971 -1e-07 0.0018257 0.0002418603592439117 1e-07 1 103 2 23 -24 
24 0.0018255 0.0002416603592439117 -1e-07 0.0018905 0.0002603611137259936 1e-07 1 103 2 24 -25 
25 0.0018903 0.0002601611137259936 -1e-07 0.0019553 0.0002790171433164122 1e-07 1 103 2 25 -26 
26 0.0019551 0.0002788171433164122 -1e-07 0.0020201 0.0002977555517342848 1e-07 1 103 2 26 -27 
27 0.0020199 0.0002975555517342848 -1e-07 0.0020849 0.0003165031208129758 1e-07 1 103 2 27 -28 
28 0.0020847 0.0003163031208129758 -1e-07 0.0021497 0.0003351865965916247 1e-07 1 103 2 28 -29 
29 0.0021495 0.0003349865965916247 -1e-07 0.0022145 0.0003537329755465388 1e-07 1 103 2 29 -30 
30 0.0022143 0.0003535329755465388 -1e-07 0.0022793 0.0003720697898440293 1e-07 1 103 2 30 -31 
31 0.0022791 0.0003718697898440293 -1e-07 0.0023441 0.0003901253905001022 1e-07 1 103 2 31 -32 
32 0.0023439 0.0003899253905001022 -1e-07 0.0024089 0.0004078292273405873 1e-07 1 103 2 32 -33 
33 0.0024087 0.0004076292273405873 -1e-07 0.0024737 0.000425112124667796 1e-07 1 103 2 33 -34 
34 0.0024735 0.000424912124667796 -1e-07 0.0025385 0.0004419065515565696 1e-07 1 103 2 34 -35 
35 0.0025383 0.0004417065515565696 -1e-07 0.0026033 0.0004581468857235702 1e-07 1 103 2 35 -36 
36 0.0026031 0.0004579468857235702 -1e-07 0.0026681 0.0004737696699387734 1e-07 1 103 2 36 -37 
37 0.0026679 0.0004735696699387734 -1e-07 0.002732899999999999 0.0004887138599772654 1e-07 1 103 2 37 -38 
38 0.0027327 0.0004885138599772655 -1e-07 0.0027977 0.0005029210631425012 1e-07 1 103 2 38 -39 
39 0.0027975 0.0005027210631425013 -1e-07 0.0028625 0.0005163357664290226 1e-07 1 103 2 39 -40 
40 0.0028623 0.0005161357664290227 -1e-07 0.002927299999999999 0.0005289055534331146 1e-07 1 103 2 40 -41 
41 0.0029271 0.0005287055534331147 -1e-07 0.0029921 0.0005405813091638491 1e-07 1 103 2 41 -42 
42 0.0029919 0.0005403813091638492 -1e-07 0.0030569 0.0005513174119542401 1e-07 1 103 2 42 -43 
43 0.0030567 0.0005511174119542402 -1e-07 0.0031217 0.000561071911722637 1e-07 1 103 2 43 -44 
44 0.0031215 0.0005608719117226371 -1e-07 0.0031865 0.0005698066938878244 1e-07 1 103 2 44 -45 
45 0.0031863 0.0005696066938878245 -1e-07 0.0032513 0.0005774876282973453 1e-07 1 103 2 45 -46 
46 0.0032511 0.0005772876282973454 -1e-07 0.0033161 0.0005840847025871302 1e-07 1 103 2 46 -47 
47 0.0033159 0.0005838847025871303 -1e-07 0.0033809 0.0005895721394513438 1e-07 1 103 2 47 -48 
48 0.0033807 0.0005893721394513439 -1e-07 0.0034457 0.0005939284973642295 1e-07 1 103 2 48 -49 
49 0.0034455 0.0005937284973642296 -1e-07 0.0035105 0.0005971367543603953 1e-07 1 103 2 49 -50 
50 0.0035103 0.0005969367543603954 -1e-07 0.0035753 0.000599184374546177 1e-07 1 103 2 50 -51 
51 0.0035751 0.0005989843745461771 -1e-07 0.0036401 0.0006000633570821958 1e-07 1 103 2 51 -52 
52 0.0036399 0.0005995867540734278 -1e-07 0.0037049 0.0006000633570821958 1e-07 1 103 2 52 -53 
53 0.0037047 0.0005981959383081012 -1e-07 0.0037697 0.0005997867540734277 1e-07 1 103 2 53 -54 
54 0.0037695 0.0005956981763840724 -1e-07 0.003834499999999999 0.0005983959383081011 1e-07 1 103 2 54 -55 
55 0.0038343 0.0005921032280175717 -1e-07 0.0038993 0.0005958981763840723 1e-07 1 103 2 55 -56 
56 0.0038991 0.0005874251400541308 -1e-07 0.0039641 0.0005923032280175716 1e-07 1 103 2 56 -57 
57 0.003963899999999999 0.0005816821915821544 -1e-07 0.0040289 0.0005876251400541307 1e-07 1 103 2 57 -58 
58 0.0040287 0.0005748968225094956 -1e-07 0.0040937 0.0005818821915821543 1e-07 1 103 2 58 -59 
59 0.0040935 0.0005670955458821062 -1e-07 0.0041585 0.0005750968225094955 1e-07 1 103 2 59 -60 
60 0.004158299999999999 0.0005583088442873727 -1e-07 0.004223300000000001 0.0005672955458821061 1e-07 1 103 2 60 -61 
61 0.0042231 0.0005485710507469261 -1e-07 0.0042881 0.0005585088442873726 1e-07 1 103 2 61 -62 
62 0.0042879 0.0005379202145643257 -1e-07 0.004352900000000001 0.000548771050746926 1e-07 1 103 2 62 -63 
63 0.0043527 0.0005263979526518004 -1e-07 0.004417700000000001 0.0005381202145643256 1e-07 1 103 2 63 -64 
64 0.0044175 0.0005140492869169699 -1e-07 0.0044825 0.0005265979526518003 1e-07 1 103 2 64 -65 
65 0.0044823 0.0005009224683449417 -1e-07 0.004547300000000001 0.0005142492869169698 1e-07 1 103 2 65 -66 
66 0.0045471 0.0004870687884631591 -1e-07 0.0046121 0.0005011224683449416 1e-07 1 103 2 66 -67 
67 0.0046119 0.0004725423789256819 -1e-07 0.004676900000000001 0.0004872687884631591 1e-07 1 103 2 67 -68 
68 0.004676700000000001 0.0004574 -1e-07 0.004741700000000001 0.0004727423789256819 1e-07 1 103 2 68 -69 
69 0.0047415 0.0004417008187828446 -1e-07 0.0048065 0.0004576 1e-07 1 103 2 69 -70 
70 0.004806299999999999 0.0004255061780115911 -1e-07 0.0048713 0.0004419008187828446 1e-07 1 103 2 70 -71 
71 0.0048711 0.0004088793563745975 -1e-07 0.004936100000000001 0.0004257061780115911 1e-07 1 103 2 71 -72 
72 0.0049359 0.0003918853212570384 -1e-07 0.005000900000000001 0.0004090793563745975 1e-07 1 103 2 72 -73 
73 0.0050007 0.0003745904748883512 -1e-07 0.0050657 0.0003920853212570384 1e-07 1 103 2 73 -74 
74 0.0050655 0.0003570623948831941 -1e-07 0.005130500000000001 0.0003747904748883512 1e-07 1 103 2 74 -75 
75 0.0051303 0.0003393695701897213 -1e-07 0.0051953 0.0003572623948831941 1e-07 1 103 2 75 -76 
76 0.005195099999999999 0.0003215811334769292 -1e-07 0.005260100000000001 0.0003395695701897214 1e-07 1 103 2 76 -77 
77 0.005259900000000001 0.0003037665910067364 -1e-07 0.005324900000000001 0.0003217811334769292 1e-07 1 103 2 77 -78 
78 0.005324700000000001 0.0002859955510462936 -1e-07 0.0053897 0.0003039665910067364 1e-07 1 103 2 78 -79 
79 0.005389499999999999 0.0002683374518817188 -1e-07 0.0054545 0.0002861955510462936 1e-07 1 103 2 79 -80 
80 0.0054543 0.0002508612904960149 -1e-07 0.005519300000000001 0.0002685374518817188 1e-07 1 103 2 80 -81 
81 0.005519100000000001 0.0002336353529713276 -1e-07 0.005584100000000001 0.0002510612904960149 1e-07 1 103 2 81 -82 
82 0.0055839 0.0002167269476689652 -1e-07 0.005648900000000001 0.0002338353529713276 1e-07 1 103 2 82 -83 
83 0.0056487 0.0002002021422297528 -1e-07 0.0057137 0.0002169269476689652 1e-07 1 103 2 83 -84 
84 0.0057135 0.0001841255054223549 -1e-07 0.005778500000000001 0.0002004021422297528 1e-07 1 103 2 84 -85 
85 0.0057783 0.00016855985484827 -1e-07 0.005843300000000001 0.0001843255054223549 1e-07 1 103 2 85 -86 
86 0.0058431 0.0001535660114893083 -1e-07 0.0059081 0.00016875985484827 1e-07 1 103 2 86 -87 
87 0.0059079 0.0001392025620566294 -1e-07 0.005972900000000001 0.0001537660114893083 1e-07 1 103 2 87 -88 
88 0.0059727 0.0001255256300699357 -1e-07 0.0060377 0.0001394025620566294 1e-07 1 103 2 88 -89 
89 0.006037499999999999 0.0001125886565613012 -1e-07 0.0061025 0.0001257256300699357 1e-07 1 103 2 89 -90 
90 0.0061023 0.0001004421912605102 -1e-07 0.006167300000000001 0.0001127886565613012 1e-07 1 103 2 90 -91 
91 0.0061671 8.913369507782816e-05 -1e-07 0.006232100000000001 0.0001006421912605102 1e-07 1 103 2 91 -92 
92 0.0062319 7.870735465597537e-05 -1e-07 0.0062969 8.933369507782816e-05 1e-07 1 103 2 92 -93 
93 0.0062967 6.920390971592415e-05 -1e-07 0.006361700000000001 7.890735465597537e-05 1e-07 1 103 2 93 -94 
94 0.0063615 6.066049387114481e-05 -1e-07 0.006426500000000001 6.940390971592416e-05 1e-07 1 103 2 94 -95 
95 0.0064263 5.311048953229973e-05 -1e-07 0.0064913 6.086049387114482e-05 1e-07 1 103 2 95 -96 
96 0.0064911 4.658339746932923e-05 -1e-07 0.0065561 5.331048953229974e-05 1e-07 1 103 2 96 -97 
97 0.0065559 4.110472154060051e-05 -1e-07 0.006620900000000001 4.678339746932923e-05 1e-07 1 103 2 97 -98 
98 0.0066207 3.66958690395266e-05 -1e-07 0.0066857 4.130472154060052e-05 1e-07 1 103 2 98 -99 
99 0.0066855 3.337406704803983e-05 -1e-07 0.0067505 3.68958690395266e-05 1e-07 1 103 2 99 -100 
100 0.0067503 3.115229512375904e-05 -1e-07 0.006815300000000001 3.357406704803984e-05 1e-07 1 103 2 100 -101 
101 0.0068151 3.003923458386722e-05 -1e-07 0.006880100000000001 3.135229512375905e-05 1e-07 1 103 2 101 -102 
102 0.0068799 3.003923458386722e-05 -1e-07 0.0069449 3.023923458386722e-05 1e-07 1 103 2 102 -103 
103 0.0069447 3.003923458386722e-05 -1e-07 0.007009700000000001 3.135229512375905e-05 1e-07 1 103 2 103 -104 
104 0.0070095 3.115229512375904e-05 -1e-07 0.0070745 3.357406704803984e-05 1e-07 1 103 2 104 -105 
105 0.0070743 3.337406704803983e-05 -1e-07 0.0071393 3.68958690395266e-05 1e-07 1 103 2 105 -106 
106 0.0071391 3.66958690395266e-05 -1e-07 0.007204100000000001 4.130472154060052e-05 1e-07 1 103 2 106 -107 
107 0.007203900000000001 4.110472154060051e-05 -1e-07 0.0072689 4.678339746932923e-05 1e-07 1 103 2 107 -108 
108 0.007268699999999999 4.658339746932923e-05 -1e-07 0.0073337 5.331048953229974e-05 1e-07 1 103 2 108 -109 
109 0.0073335 5.311048953229973e-05 -1e-07 0.0073985 6.086049387114482e-05 1e-07 1 103 2 109 -110 
110 0.007398299999999999 6.066049387114481e-05 -1e-07 0.007463300000000001 6.940390971592416e-05 1e-07 1 103 2 110 -111 
111 0.0074631 6.920390971592415e-05 -1e-07 0.007528100000000001 7.890735465597537e-05 1e-07 1 103 2 111 -112 
112 0.007527900000000001 7.870735465597537e-05 -1e-07 0.0075929 8.933369507782816e-05 1e-07 1 103 2 112 -113 
113 0.007592699999999999 8.913369507782816e-05 -1e-07 0.0076577 0.0001006421912605102 1e-07 1 103 2 113 -114 
114 0.007657499999999999 0.0001004421912605102 -1e-07 0.007722500000000001 0.0001127886565613012 1e-07 1 103 2 114 -115 
115 0.007722300000000001 0.0001125886565613012 -1e-07 0.0077873 0.0001257256300699357 1e-07 1 103 2 115 -116 
116 0.0077871 0.0001255256300699357 -1e-07 0.007852100000000001 0.0001394025620566294 1e-07 1 103 2 116 -117 
117 0.007851900000000002 0.0001392025620566294 -1e-07 0.007916899999999999 0.0001537660114893083 1e-07 1 103 2 117 -118 
118 0.0079167 0.0001535660114893083 -1e-07 0.0079817 0.00016875985484827 1e-07 1 103 2 118 -119 
119 0.007981500000000001 0.00016855985484827 -1e-07 0.0080465 0.0001843255054223549 1e-07 1 103 2 119 -120 
120 0.008046300000000001 0.0001841255054223549 -1e-07 0.0081113 0.0002004021422297528 1e-07 1 103 2 120 -121 
121 0.008111100000000001 0.0002002021422297528 -1e-07 0.0081761 0.0002169269476689652 1e-07 1 103 2 121 -122 
122 0.008175900000000002 0.0002167269476689652 -1e-07 0.008240899999999997 0.0002338353529713276 1e-07 1 103 2 122 -123 
123 0.008240699999999998 0.0002336353529713276 -1e-07 0.008305699999999999 0.0002510612904960149 1e-07 1 103 2 123 -124 
124 0.0083055 0.0002508612904960149 -1e-07 0.008370499999999999 0.0002685374518817188 1e-07 1 103 2 124 -125 
125 0.008370300000000001 0.0002683374518817188 -1e-07 0.0084353 0.0002861955510462936 1e-07 1 103 2 125 -126 
126 0.008435100000000001 0.0002859955510462936 -1e-07 0.0085001 0.0003039665910067364 1e-07 1 103 2 126 -127 
127 0.008499900000000001 0.0003037665910067364 -1e-07 0.0085649 0.0003217811334769292 1e-07 1 103 2 127 -128 
128 0.008564700000000001 0.0003215811334769292 -1e-07 0.008629699999999999 0.0003395695701897214 1e-07 1 103 2 128 -129 
129 0.0086295 0.0003393695701897213 -1e-07 0.008694499999999999 0.0003572623948831941 1e-07 1 103 2 129 -130 
130 0.0086943 0.0003570623948831941 -1e-07 0.008759299999999999 0.0003747904748883512 1e-07 1 103 2 130 -131 
131 0.008759100000000001 0.0003745904748883512 -1e-07 0.0088241 0.0003920853212570381 1e-07 1 103 2 131 -132 
132 0.008823900000000001 0.0003918853212570381 -1e-07 0.0088889 0.0004090793563745974 1e-07 1 103 2 132 -133 
133 0.008888700000000001 0.0004088793563745974 -1e-07 0.008953700000000002 0.0004257061780115911 1e-07 1 103 2 133 -134 
134 0.008953500000000003 0.0004255061780115911 -1e-07 0.009018499999999999 0.0004419008187828446 1e-07 1 103 2 134 -135 
135 0.0090183 0.0004417008187828446 -1e-07 0.009083299999999999 0.0004576 1e-07 1 103 2 135 -136 
136 0.0090831 0.0004574 -1e-07 0.009148099999999999 0.0004727423789256819 1e-07 1 103 2 136 -137 
137 0.0091479 0.0004725423789256819 -1e-07 0.0092129 0.0004872687884631591 1e-07 1 103 2 137 -138 
138 0.009212700000000001 0.0004870687884631591 -1e-07 0.009277700000000002 0.0005011224683449417 1e-07 1 103 2 138 -139 
139 0.009277500000000003 0.0005009224683449418 -1e-07 0.009342499999999998 0.0005142492869169699 1e-07 1 103 2 139 -140 
140 0.0093423 0.00051404928691697 -1e-07 0.009407299999999999 0.0005265979526518002 1e-07 1 103 2 140 -141 
141 0.0094071 0.0005263979526518003 -1e-07 0.009472099999999999 0.0005381202145643256 1e-07 1 103 2 141 -142 
142 0.0094719 0.0005379202145643257 -1e-07 0.009536899999999999 0.000548771050746926 1e-07 1 103 2 142 -143 
143 0.0095367 0.0005485710507469261 -1e-07 0.009601700000000001 0.0005585088442873726 1e-07 1 103 2 143 -144 
144 0.009601500000000002 0.0005583088442873727 -1e-07 0.0096665 0.000567295545882106 1e-07 1 103 2 144 -145 
145 0.009666300000000001 0.0005670955458821061 -1e-07 0.009731299999999998 0.0005750968225094954 1e-07 1 103 2 145 -146 
146 0.009731099999999999 0.0005748968225094955 -1e-07 0.0097961 0.0005818821915821543 1e-07 1 103 2 146 -147 
147 0.009795900000000001 0.0005816821915821544 -1e-07 0.009860899999999999 0.0005876251400541304 1e-07 1 103 2 147 -148 
148 0.0098607 0.0005874251400541305 -1e-07 0.009925700000000001 0.0005923032280175716 1e-07 1 103 2 148 -149 
149 0.009925500000000002 0.0005921032280175717 -1e-07 0.009990499999999999 0.0005958981763840723 1e-07 1 103 2 149 -150 
150 0.009990300000000001 0.0005956981763840724 -1e-07 0.0100553 0.0005983959383081011 1e-07 1 103 2 150 -151 
151 0.0100551 0.0005981959383081012 -1e-07 0.0101201 0.0005997702674457134 1e-07 1 103 2 151 -152 
152 0.0101199 0.0005995702674457135 -1e-07 0.0101849 0.0006000633570821958 1e-07 1 103 2 152 -153 
153 0.0101847 0.0005989843745461771 -1e-07 0.0102497 0.0006000633570821958 1e-07 1 103 2 153 -154 
154 0.0102495 0.0005969367543603954 -1e-07 0.0103145 0.000599184374546177 1e-07 1 103 2 154 -155 
155 0.0103143 0.0005937284973642296 -1e-07 0.0103793 0.0005971367543603953 1e-07 1 103 2 155 -156 
156 0.0103791 0.0005893721394513438 -1e-07 0.0104441 0.0005939284973642295 1e-07 1 103 2 156 -157 
157 0.0104439 0.0005838847025871303 -1e-07 0.0105089 0.0005895721394513437 1e-07 1 103 2 157 -158 
158 0.0105087 0.000577287628297345 -1e-07 0.0105737 0.0005840847025871302 1e-07 1 103 2 158 -159 
159 0.0105735 0.0005696066938878243 -1e-07 0.0106385 0.0005774876282973449 1e-07 1 103 2 159 -160 
160 0.0106383 0.000560871911722637 -1e-07 0.0107033 0.0005698066938878242 1e-07 1 103 2 160 -161 
161 0.0107031 0.0005511174119542404 -1e-07 0.0107681 0.0005610719117226368 1e-07 1 103 2 161 -162 
162 0.0107679 0.0005403813091638494 -1e-07 0.0108329 0.0005513174119542403 1e-07 1 103 2 162 -163 
163 0.0108327 0.0005287055534331147 -1e-07 0.0108977 0.0005405813091638493 1e-07 1 103 2 163 -164 
164 0.0108975 0.0005161357664290228 -1e-07 0.0109625 0.0005289055534331146 1e-07 1 103 2 164 -165 
165 0.0109623 0.0005027210631425015 -1e-07 0.0110273 0.0005163357664290227 1e-07 1 103 2 165 -166 
166 0.0110271 0.0004885138599772655 -1e-07 0.0110921 0.0005029210631425014 1e-07 1 103 2 166 -167 
167 0.0110919 0.0004735696699387735 -1e-07 0.0111569 0.0004887138599772654 1e-07 1 103 2 167 -168 
168 0.0111567 0.0004579468857235702 -1e-07 0.0112217 0.0004737696699387735 1e-07 1 103 2 168 -169 
169 0.0112215 0.0004417065515565696 -1e-07 0.0112865 0.0004581468857235702 1e-07 1 103 2 169 -170 
170 0.0112863 0.0004249121246677959 -1e-07 0.0113513 0.0004419065515565696 1e-07 1 103 2 170 -171 
171 0.0113511 0.0004076292273405873 -1e-07 0.0114161 0.0004251121246677959 1e-07 1 103 2 171 -172 
172 0.0114159 0.0003899253905001021 -1e-07 0.0114809 0.0004078292273405873 1e-07 1 103 2 172 -173 
173 0.0114807 0.0003718697898440292 -1e-07 0.0115457 0.0003901253905001021 1e-07 1 103 2 173 -174 
174 0.0115455 0.0003535329755465386 -1e-07 0.0116105 0.0003720697898440292 1e-07 1 103 2 174 -175 
175 0.0116103 0.0003349865965916245 -1e-07 0.0116753 0.0003537329755465386 1e-07 1 103 2 175 -176 
176 0.0116751 0.0003163031208129755 -1e-07 0.0117401 0.0003351865965916245 1e-07 1 103 2 176 -177 
177 0.0117399 0.0002975555517342852 -1e-07 0.0118049 0.0003165031208129755 1e-07 1 103 2 177 -178 
178 0.0118047 0.0002788171433164124 -1e-07 0.0118697 0.0002977555517342852 1e-07 1 103 2 178 -179 
179 0.0118695 0.0002601611137259938 -1e-07 0.0119345 0.0002790171433164124 1e-07 1 103 2 179 -180 
180 0.0119343 0.0002416603592439119 -1e-07 0.0119993 0.0002603611137259938 1e-07 1 103 2 180 -181 
181 0.0119991 0.0002233871694314972 -1e-07 0.0120641 0.0002418603592439119 1e-07 1 103 2 181 -182 
182 0.0120639 0.000205412944667417 -1e-07 0.0121289 0.0002235871694314972 1e-07 1 103 2 182 -183 
183 0.0121287 0.0001878079171589421 -1e-07 0.0121937 0.000205612944667417 1e-07 1 103 2 183 -184 
184 0.0121935 0.0001706408765177089 -1e-07 0.0122585 0.0001880079171589421 1e-07 1 103 2 184 -185 
185 0.0122583 0.0001539789009722567 -1e-07 0.0123233 0.0001708408765177089 1e-07 1 103 2 185 -186 
186 0.0123231 0.0001378870952675973 -1e-07 0.0123881 0.0001541789009722567 1e-07 1 103 2 186 -187 
187 0.0123879 0.0001224283362759432 -1e-07 0.0124529 0.0001380870952675973 1e-07 1 103 2 187 -188 
188 0.0124527 0.0001076630273125921 -1e-07 0.0125177 0.0001226283362759432 1e-07 1 103 2 188 -189 
189 0.0125175 9.364886211694815e-05 -1e-07 0.0125825 0.0001078630273125921 1e-07 1 103 2 189 -190 
190 0.0125823 8.044059942089921e-05 -1e-07 0.0126473 9.384886211694816e-05 1e-07 1 103 2 190 -191 
191 0.0126471 6.808984898539646e-05 -1e-07 0.0127121 8.064059942089922e-05 1e-07 1 103 2 191 -192 
192 0.0127119 5.664486994127435e-05 -1e-07 0.0127769 6.828984898539647e-05 1e-07 1 103 2 192 -193 
193 0.0127767 4.615038222227063e-05 -1e-07 0.0128417 5.684486994127436e-05 1e-07 1 103 2 193 -194 
194 0.0128415 3.664739182705076e-05 -1e-07 0.0129065 4.635038222227063e-05 1e-07 1 103 2 194 -195 
195 0.0129063 2.817303059300293e-05 -1e-07 0.0129713 3.684739182705077e-05 1e-07 1 103 2 195 -196 
196 0.0129711 2.076041110787411e-05 -1e-07 0.0130361 2.837303059300293e-05 1e-07 1 103 2 196 -197 
197 0.0130359 1.443849732615644e-05 -1e-07 0.0131009 2.096041110787411e-05 1e-07 1 103 2 197 -198 
198 0.0131007 9.231991395780916e-06 -1e-07 0.0131657 1.463849732615644e-05 1e-07 1 103 2 198 -199 
199 0.0131655 5.161237137327168e-06 -1e-07 0.0132305 9.431991395780916e-06 1e-07 1 103 2 199 -200 
200 0.0132303 2.242140552894412e-06 -1e-07 0.0132953 5.361237137327168e-06 1e-07 1 103 2 200 -201 
201 0.0132951 4.861076752352034e-07 -1e-07 0.0133601 2.442140552894412e-06 1e-07 1 103 2 201 -202 
202 0.0133599 -9.999999999999994e-08 -1e-07 0.0170001 6.861076752352035e-07 1e-07 1 103 2 202 -203 
203 0.0169999 -9.99999999998398e-08 -1e-07 0.0170001 0.0070001 1e-07 1 102 2 203 -204 
204 0.0165999 0.0069999 -1e-07 0.0170001 0.0070001 1e-07 1 103 2 204 -205 
205 0.0165351 0.006999313892324764 -1e-07 0.0166001 0.0070001 1e-07 1 103 2 205 -206 
206 0.0164703 0.006997557859447105 -1e-07 0.0165353 0.006999513892324765 1e-07 1 103 2 206 -207 
207 0.0164055 0.006994638762862672 -1e-07 0.0164705 0.006997757859447106 1e-07 1 103 2 207 -208 
208 0.0163407 0.006990568008604219 -1e-07 0.0164057 0.006994838762862673 1e-07 1 103 2 208 -209 
209 0.0162759 0.006985361502673843 -1e-07 0.0163409 0.006990768008604219 1e-07 1 103 2 209 -210 
210 0.0162111 0.006979039588892126 -1e-07 0.0162761 0.006985561502673844 1e-07 1 103 2 210 -211 
211 0.0161463 0.006971626969406996 -1e-07 0.0162113 0.006979239588892127 1e-07 1 103 2 211 -212 
212 0.0160815 0.006963152608172949 -1e-07 0.0161465 0.006971826969406997 1e-07 1 103 2 212 -213 
213 0.0160167 0.006953649617777729 -1e-07 0.0160817 0.006963352608172949 1e-07 1 103 2 213 -214 
214 0.0159519 0.006943155130058725 -1e-07 0.0160169 0.00695384961777773 1e-07 1 103 2 214 -215 
215 0.0158871 0.006931710151014603 -1e-07 0.0159521 0.006943355130058726 1e-07 1 103 2 215 -216 
216 0.0158223 0.0069193594005791 -1e-07 0.0158873 0.006931910151014603 1e-07 1 103 2 216 -217 
217 0.0157575 0.006906151137883051 -1e-07 0.0158225 0.006919559400579101 1e-07 1 103 2 217 -218 
218 0.0156927 0.006892136972687407 -1e-07 0.0157577 0.006906351137883052 1e-07 1 103 2 218 -219 
219 0.0156279 0.006877371663724057 -1e-07 0.0156929 0.006892336972687408 1e-07 1 103 2 219 -220 
220 0.0155631 0.006861912904732402 -1e-07 0.0156281 0.006877571663724057 1e-07 1 103 2 220 -221 
221 0.0154983 0.006845821099027743 -1e-07 0.0155633 0.006862112904732403 1e-07 1 103 2 221 -222 
222 0.0154335 0.006829159123482292 -1e-07 0.0154985 0.006846021099027743 1e-07 1 103 2 222 -223 
223 0.0153687 0.006811992082841058 -1e-07 0.0154337 0.006829359123482292 1e-07 1 103 2 223 -224 
224 0.0153039 0.006794387055332583 -1e-07 0.0153689 0.006812192082841059 1e-07 1 103 2 224 -225 
225 0.0152391 0.006776412830568503 -1e-07 0.0153041 0.006794587055332584 1e-07 1 103 2 225 -226 
226 0.0151743 0.006758139640756089 -1e-07 0.0152393 0.006776612830568503 1e-07 1 103 2 226 -227 
227 0.0151095 0.006739638886274006 -1e-07 0.0151745 0.006758339640756089 1e-07 1 103 2 227 -228 
228 0.0150447 0.006720982856683588 -1e-07 0.0151097 0.006739838886274006 1e-07 1 103 2 228 -229 
229 0.0149799 0.006702244448265715 -1e-07 0.0150449 0.006721182856683589 1e-07 1 103 2 229 -230 
230 0.0149151 0.006683496879187024 -1e-07 0.0149801 0.006702444448265715 1e-07 1 103 2 230 -231 
231 0.0148503 0.006664813403408376 -1e-07 0.0149153 0.006683696879187025 1e-07 1 103 2 231 -232 
232 0.0147855 0.006646267024453461 -1e-07 0.0148505 0.006665013403408376 1e-07 1 103 2 232 -233 
233 0.0147207 0.006627930210155971 -1e-07 0.0147857 0.006646467024453461 1e-07 1 103 2 233 -234 
234 0.0146559 0.006609874609499898 -1e-07 0.0147209 0.006628130210155971 1e-07 1 103 2 234 -235 
235 0.0145911 0.006592170772659413 -1e-07 0.0146561 0.006610074609499898 1e-07 1 103 2 235 -236 
236 0.0145263 0.006574887875332204 -1e-07 0.0145913 0.006592370772659413 1e-07 1 103 2 236 -237 
237 0.0144615 0.00655809344844343 -1e-07 0.0145265 0.006575087875332205 1e-07 1 103 2 237 -238 
238 0.0143967 0.00654185311427643 -1e-07 0.0144617 0.006558293448443431 1e-07 1 103 2 238 -239 
239 0.0143319 0.006526230330061227 -1e-07 0.0143969 0.00654205311427643 1e-07 1 103 2 239 -240 
240 0.0142671 0.006511286140022735 -1e-07 0.0143321 0.006526430330061227 1e-07 1 103 2 240 -241 
241 0.0142023 0.006497078936857499 -1e-07 0.0142673 0.006511486140022735 1e-07 1 103 2 241 -242 
242 0.0141375 0.006483664233570978 -1e-07 0.0142025 0.006497278936857499 1e-07 1 103 2 242 -243 
243 0.0140727 0.006471094446566885 -1e-07 0.0141377 0.006483864233570978 1e-07 1 103 2 243 -244 
244 0.0140079 0.006459418690836151 -1e-07 0.0140729 0.006471294446566886 1e-07 1 103 2 244 -245 
245 0.0139431 0.00644868258804576 -1e-07 0.0140081 0.006459618690836152 1e-07 1 103 2 245 -246 
246 0.0138783 0.006438928088277363 -1e-07 0.0139433 0.006448882588045761 1e-07 1 103 2 246 -247 
247 0.0138135 0.006430193306112175 -1e-07 0.0138785 0.006439128088277363 1e-07 1 103 2 247 -248 
248 0.0137487 0.006422512371702654 -1e-07 0.0138137 0.006430393306112176 1e-07 1 103 2 248 -249 
249 0.0136839 0.00641591529741287 -1e-07 0.0137489 0.006422712371702654 1e-07 1 103 2 249 -250 
250 0.0136191 0.006410427860548656 -1e-07 0.0136841 0.00641611529741287 1e-07 1 103 2 250 -251 
251 0.0135543 0.00640607150263577 -1e-07 0.0136193 0.006410627860548657 1e-07 1 103 2 251 -252 
252 0.0134895 0.006402863245639604 -1e-07 0.0135545 0.006406271502635771 1e-07 1 103 2 252 -253 
253 0.0134247 0.006400815625453823 -1e-07 0.0134897 0.006403063245639605 1e-07 1 103 2 253 -254 
254 0.0133599 0.006399936642917804 -1e-07 0.0134249 0.006401015625453824 1e-07 1 103 2 254 -255 
255 0.0132951 0.006399936642917804 -1e-07 0.0133601 0.006400413245926572 1e-07 1 103 2 255 -256 
256 0.0132303 0.006400213245926572 -1e-07 0.0132953 0.0064018040616919 1e-07 1 103 2 256 -257 
257 0.0131655 0.006401604061691899 -1e-07 0.0132305 0.006404301823615928 1e-07 1 103 2 257 -258 
258 0.0131007 0.006404101823615928 -1e-07 0.0131657 0.006407896771982429 1e-07 1 103 2 258 -259 
259 0.0130359 0.006407696771982429 -1e-07 0.0131009 0.00641257485994587 1e-07 1 103 2 259 -260 
260 0.0129711 0.00641237485994587 -1e-07 0.0130361 0.006418317808417846 1e-07 1 103 2 260 -261 
261 0.0129063 0.006418117808417846 -1e-07 0.0129713 0.006425103177490505 1e-07 1 103 2 261 -262 
262 0.0128415 0.006424903177490504 -1e-07 0.0129065 0.006432904454117894 1e-07 1 103 2 262 -263 
263 0.0127767 0.006432704454117893 -1e-07 0.0128417 0.006441691155712628 1e-07 1 103 2 263 -264 
264 0.0127119 0.006441491155712627 -1e-07 0.0127769 0.006451428949253074 1e-07 1 103 2 264 -265 
265 0.0126471 0.006451228949253074 -1e-07 0.0127121 0.006462079785435675 1e-07 1 103 2 265 -266 
266 0.0125823 0.006461879785435674 -1e-07 0.0126473 0.0064736020473482 1e-07 1 103 2 266 -267 
267 0.0125175 0.0064734020473482 -1e-07 0.0125825 0.006485950713083031 1e-07 1 103 2 267 -268 
268 0.0124527 0.00648575071308303 -1e-07 0.0125177 0.006499077531655059 1e-07 1 103 2 268 -269 
269 0.0123879 0.006498877531655059 -1e-07 0.0124529 0.006512931211536841 1e-07 1 103 2 269 -270 
270 0.0123231 0.006512731211536841 -1e-07 0.0123881 0.006527457621074319 1e-07 1 103 2 270 -271 
271 0.0122583 0.006527257621074319 -1e-07 0.0123233 0.006542600000000001 1e-07 1 103 2 271 -272 
272 0.0121935 0.0065424 -1e-07 0.0122585 0.006558299181217156 1e-07 1 103 2 272 -273 
273 0.0121287 0.006558099181217155 -1e-07 0.0121937 0.006574493821988409 1e-07 1 103 2 273 -274 
274 0.0120639 0.006574293821988408 -1e-07 0.0121289 0.006591120643625403 1e-07 1 103 2 274 -275 
275 0.0119991 0.006590920643625402 -1e-07 0.0120641 0.006608114678742962 1e-07 1 103 2 275 -276 
276 0.0119343 0.006607914678742961 -1e-07 0.0119993 0.006625409525111649 1e-07 1 103 2 276 -277 
277 0.0118695 0.006625209525111649 -1e-07 0.0119345 0.006642937605116806 1e-07 1 103 2 277 -278 
278 0.0118047 0.006642737605116806 -1e-07 0.0118697 0.006660630429810279 1e-07 1 103 2 278 -279 
279 0.0117399 0.006660430429810279 -1e-07 0.0118049 0.006678418866523071 1e-07 1 103 2 279 -280 
280 0.0116751 0.006678218866523071 -1e-07 0.0117401 0.006696233408993264 1e-07 1 103 2 280 -281 
281 0.0116103 0.006696033408993263 -1e-07 0.0116753 0.006714004448953707 1e-07 1 103 2 281 -282 
282 0.0115455 0.006713804448953706 -1e-07 0.0116105 0.006731662548118281 1e-07 1 103 2 282 -283 
283 0.0114807 0.00673146254811828 -1e-07 0.0115457 0.006749138709503985 1e-07 1 103 2 283 -284 
284 0.0114159 0.006748938709503985 -1e-07 0.0114809 0.006766364647028672 1e-07 1 103 2 284 -285 
285 0.0113511 0.006766164647028672 -1e-07 0.0114161 0.006783273052331036 1e-07 1 103 2 285 -286 
286 0.0112863 0.006783073052331035 -1e-07 0.0113513 0.006799797857770247 1e-07 1 103 2 286 -287 
287 0.0112215 0.006799597857770246 -1e-07 0.0112865 0.006815874494577645 1e-07 1 103 2 287 -288 
288 0.0111567 0.006815674494577644 -1e-07 0.0112217 0.00683144014515173 1e-07 1 103 2 288 -289 
289 0.0110919 0.00683124014515173 -1e-07 0.0111569 0.006846433988510692 1e-07 1 103 2 289 -290 
290 0.0110271 0.006846233988510691 -1e-07 0.0110921 0.006860797437943371 1e-07 1 103 2 290 -291 
291 0.0109623 0.00686059743794337 -1e-07 0.0110273 0.006874474369930064 1e-07 1 103 2 291 -292 
292 0.0108975 0.006874274369930064 -1e-07 0.0109625 0.0068874113434387 1e-07 1 103 2 292 -293 
293 0.0108327 0.006887211343438699 -1e-07 0.0108977 0.00689955780873949 1e-07 1 103 2 293 -294 
294 0.0107679 0.006899357808739489 -1e-07 0.0108329 0.006910866304922172 1e-07 1 103 2 294 -295 
295 0.0107031 0.006910666304922172 -1e-07 0.0107681 0.006921292645344026 1e-07 1 103 2 295 -296 
296 0.0106383 0.006921092645344025 -1e-07 0.0107033 0.006930796090284076 1e-07 1 103 2 296 -297 
297 0.0105735 0.006930596090284075 -1e-07 0.0106385 0.006939339506128855 1e-07 1 103 2 297 -298 
298 0.0105087 0.006939139506128855 -1e-07 0.0105737 0.006946889510467701 1e-07 1 103 2 298 -299 
299 0.0104439 0.0069466895104677 -1e-07 0.0105089 0.006953416602530671 1e-07 1 103 2 299 -300 
300 0.0103791 0.00695321660253067 -1e-07 0.0104441 0.0069588952784594 1e-07 1 103 2 300 -301 
301 0.0103143 0.0069586952784594 -1e-07 0.0103793 0.006963304130960474 1e-07 1 103 2 301 -302 
302 0.0102495 0.006963104130960474 -1e-07 0.0103145 0.00696662593295196 1e-07 1 103 2 302 -303 
303 0.0101847 0.00696642593295196 -1e-07 0.0102497 0.006968847704876242 1e-07 1 103 2 303 -304 
304 0.0101199 0.006968647704876241 -1e-07 0.0101849 0.006969960765416133 1e-07 1 103 2 304 -305 
305 0.0100551 0.006969760765416133 -1e-07 0.0101201 0.006969960765416133 1e-07 1 103 2 305 -306 
306 0.009990300000000002 0.006968647704876241 -1e-07 0.0100553 0.006969960765416133 1e-07 1 103 2 306 -307 
307 0.0099255 0.00696642593295196 -1e-07 0.009990500000000001 0.006968847704876242 1e-07 1 103 2 307 -308 
308 0.009860700000000002 0.006963104130960474 -1e-07 0.009925699999999999 0.00696662593295196 1e-07 1 103 2 308 -309 
309 0.0097959 0.0069586952784594 -1e-07 0.009860900000000001 0.006963304130960474 1e-07 1 103 2 309 -310 
310 0.009731100000000001 0.00695321660253067 -1e-07 0.009796099999999999 0.0069588952784594 1e-07 1 103 2 310 -311 
311 0.009666300000000001 0.0069466895104677 -1e-07 0.0097313 0.006953416602530671 1e-07 1 103 2 311 -312 
312 0.009601500000000002 0.006939139506128855 -1e-07 0.0096665 0.006946889510467701 1e-07 1 103 2 312 -313 
313 0.0095367 0.006930596090284075 -1e-07 0.009601700000000001 0.006939339506128855 1e-07 1 103 2 313 -314 
314 0.0094719 0.006921092645344025 -1e-07 0.009536899999999999 0.006930796090284076 1e-07 1 103 2 314 -315 
315 0.0094071 0.006910666304922172 -1e-07 0.009472099999999999 0.006921292645344026 1e-07 1 103 2 315 -316 
316 0.009342300000000001 0.006899357808739489 -1e-07 0.009407299999999999 0.006910866304922172 1e-07 1 103 2 316 -317 
317 0.009277500000000001 0.006887211343438699 -1e-07 0.0093425 0.00689955780873949 1e-07 1 103 2 317 -318 
318 0.009212700000000001 0.006874274369930064 -1e-07 0.0092777 0.0068874113434387 1e-07 1 103 2 318 -319 
319 0.0091479 0.00686059743794337 -1e-07 0.0092129 0.006874474369930064 1e-07 1 103 2 319 -320 
320 0.009083100000000002 0.006846233988510691 -1e-07 0.009148099999999999 0.006860797437943371 1e-07 1 103 2 320 -321 
321 0.0090183 0.00683124014515173 -1e-07 0.009083300000000001 0.006846433988510692 1e-07 1 103 2 321 -322 
322 0.008953500000000001 0.006815674494577644 -1e-07 0.009018499999999999 0.00683144014515173 1e-07 1 103 2 322 -323 
323 0.008888700000000001 0.006799597857770246 -1e-07 0.0089537 0.006815874494577645 1e-07 1 103 2 323 -324 
324 0.008823900000000001 0.006783073052331035 -1e-07 0.0088889 0.006799797857770247 1e-07 1 103 2 324 -325 
325 0.008759100000000002 0.006766164647028672 -1e-07 0.0088241 0.006783273052331036 1e-07 1 103 2 325 -326 
326 0.0086943 0.006748938709503985 -1e-07 0.008759300000000001 0.006766364647028672 1e-07 1 103 2 326 -327 
327 0.0086295 0.00673146254811828 -1e-07 0.008694499999999999 0.006749138709503985 1e-07 1 103 2 327 -328 
328 0.008564700000000001 0.006713804448953706 -1e-07 0.008629699999999999 0.006731662548118281 1e-07 1 103 2 328 -329 
329 0.008499900000000001 0.006696033408993263 -1e-07 0.0085649 0.006714004448953707 1e-07 1 103 2 329 -330 
330 0.008435100000000001 0.006678218866523071 -1e-07 0.0085001 0.006696233408993264 1e-07 1 103 2 330 -331 
331 0.008370300000000001 0.006660430429810279 -1e-07 0.0084353 0.006678418866523071 1e-07 1 103 2 331 -332 
332 0.0083055 0.006642737605116806 -1e-07 0.008370499999999999 0.006660630429810279 1e-07 1 103 2 332 -333 
333 0.0082407 0.006625209525111649 -1e-07 0.008305699999999999 0.006642937605116806 1e-07 1 103 2 333 -334 
334 0.008175900000000002 0.006607914678742962 -1e-07 0.008240899999999999 0.006625409525111649 1e-07 1 103 2 334 -335 
335 0.008111100000000001 0.006590920643625402 -1e-07 0.0081761 0.006608114678742963 1e-07 1 103 2 335 -336 
336 0.008046299999999999 0.006574293821988408 -1e-07 0.0081113 0.006591120643625403 1e-07 1 103 2 336 -337 
337 0.007981500000000001 0.006558099181217155 -1e-07 0.008046499999999998 0.006574493821988409 1e-07 1 103 2 337 -338 
338 0.0079167 0.0065424 -1e-07 0.0079817 0.006558299181217156 1e-07 1 103 2 338 -339 
339 0.007851900000000002 0.006527257621074319 -1e-07 0.007916899999999999 0.006542600000000001 1e-07 1 103 2 339 -340 
340 0.0077871 0.006512731211536841 -1e-07 0.007852100000000001 0.006527457621074319 1e-07 1 103 2 340 -341 
341 0.007722299999999999 0.006498877531655058 -1e-07 0.0077873 0.006512931211536841 1e-07 1 103 2 341 -342 
342 0.0076575 0.00648575071308303 -1e-07 0.007722499999999999 0.006499077531655058 1e-07 1 103 2 342 -343 
343 0.0075927 0.0064734020473482 -1e-07 0.007657700000000001 0.006485950713083031 1e-07 1 103 2 343 -344 
344 0.007527900000000001 0.006461879785435674 -1e-07 0.007592900000000001 0.0064736020473482 1e-07 1 103 2 344 -345 
345 0.0074631 0.006451228949253074 -1e-07 0.007528100000000001 0.006462079785435675 1e-07 1 103 2 345 -346 
346 0.007398299999999998 0.006441491155712627 -1e-07 0.007463300000000001 0.006451428949253074 1e-07 1 103 2 346 -347 
347 0.007333500000000001 0.006432704454117894 -1e-07 0.007398499999999999 0.006441691155712628 1e-07 1 103 2 347 -348 
348 0.0072687 0.006424903177490504 -1e-07 0.007333700000000001 0.006432904454117895 1e-07 1 103 2 348 -349 
349 0.007203899999999998 0.006418117808417846 -1e-07 0.007268900000000001 0.006425103177490505 1e-07 1 103 2 349 -350 
350 0.007139100000000001 0.00641237485994587 -1e-07 0.007204099999999999 0.006418317808417846 1e-07 1 103 2 350 -351 
351 0.007074299999999999 0.006407696771982429 -1e-07 0.007139300000000001 0.00641257485994587 1e-07 1 103 2 351 -352 
352 0.007009500000000001 0.006404101823615928 -1e-07 0.007074499999999999 0.006407896771982429 1e-07 1 103 2 352 -353 
353 0.006944700000000001 0.006401604061691899 -1e-07 0.007009700000000002 0.006404301823615928 1e-07 1 103 2 353 -354 
354 0.006879899999999999 0.006400229732554287 -1e-07 0.006944900000000001 0.0064018040616919 1e-07 1 103 2 354 -355 
355 0.006815100000000001 0.006399936642917804 -1e-07 0.006880099999999999 0.006400429732554287 1e-07 1 103 2 355 -356 
356 0.006750299999999999 0.006399936642917804 -1e-07 0.006815300000000002 0.006401015625453824 1e-07 1 103 2 356 -357 
357 0.0066855 0.006400815625453823 -1e-07 0.0067505 0.006403063245639605 1e-07 1 103 2 357 -358 
358 0.006620700000000001 0.006402863245639604 -1e-07 0.006685700000000001 0.006406271502635771 1e-07 1 103 2 358 -359 
359 0.006555899999999999 0.00640607150263577 -1e-07 0.006620900000000002 0.006410627860548657 1e-07 1 103 2 359 -360 
360 0.006491100000000001 0.006410427860548656 -1e-07 0.0065561 0.00641611529741287 1e-07 1 103 2 360 -361 
361 0.006426299999999999 0.00641591529741287 -1e-07 0.006491300000000001 0.006422712371702655 1e-07 1 103 2 361 -362 
362 0.006361499999999999 0.006422512371702655 -1e-07 0.0064265 0.006430393306112176 1e-07 1 103 2 362 -363 
363 0.006296700000000001 0.006430193306112175 -1e-07 0.0063617 0.006439128088277363 1e-07 1 103 2 363 -364 
364 0.006231899999999999 0.006438928088277363 -1e-07 0.006296900000000001 0.006448882588045759 1e-07 1 103 2 364 -365 
365 0.006167100000000001 0.006448682588045759 -1e-07 0.0062321 0.006459618690836152 1e-07 1 103 2 365 -366 
366 0.006102299999999999 0.006459418690836151 -1e-07 0.006167300000000001 0.006471294446566886 1e-07 1 103 2 366 -367 
367 0.006037499999999999 0.006471094446566885 -1e-07 0.006102499999999999 0.006483864233570978 1e-07 1 103 2 367 -368 
368 0.005972700000000001 0.006483664233570978 -1e-07 0.0060377 0.006497278936857498 1e-07 1 103 2 368 -369 
369 0.005907899999999999 0.006497078936857498 -1e-07 0.005972900000000001 0.006511486140022735 1e-07 1 103 2 369 -370 
370 0.0058431 0.006511286140022735 -1e-07 0.005908099999999999 0.006526430330061226 1e-07 1 103 2 370 -371 
371 0.005778299999999999 0.006526230330061226 -1e-07 0.0058433 0.00654205311427643 1e-07 1 103 2 371 -372 
372 0.0057135 0.00654185311427643 -1e-07 0.0057785 0.006558293448443431 1e-07 1 103 2 372 -373 
373 0.005648700000000001 0.00655809344844343 -1e-07 0.0057137 0.006575087875332205 1e-07 1 103 2 373 -374 
374 0.005583899999999999 0.006574887875332204 -1e-07 0.005648900000000002 0.006592370772659413 1e-07 1 103 2 374 -375 
375 0.0055191 0.006592170772659413 -1e-07 0.0055841 0.006610074609499898 1e-07 1 103 2 375 -376 
376 0.0054543 0.006609874609499898 -1e-07 0.0055193 0.006628130210155971 1e-07 1 103 2 376 -377 
377 0.005389499999999999 0.006627930210155971 -1e-07 0.0054545 0.006646467024453461 1e-07 1 103 2 377 -378 
378 0.005324700000000002 0.006646267024453461 -1e-07 0.0053897 0.006665013403408376 1e-07 1 103 2 378 -379 
379 0.0052599 0.006664813403408376 -1e-07 0.005324900000000002 0.006683696879187025 1e-07 1 103 2 379 -380 
380 0.005195099999999999 0.006683496879187024 -1e-07 0.0052601 0.006702444448265715 1e-07 1 103 2 380 -381 
381 0.0051303 0.006702244448265714 -1e-07 0.0051953 0.006721182856683588 1e-07 1 103 2 381 -382 
382 0.0050655 0.006720982856683587 -1e-07 0.005130500000000001 0.006739838886274006 1e-07 1 103 2 382 -383 
383 0.005000699999999999 0.006739638886274006 -1e-07 0.0050657 0.006758339640756088 1e-07 1 103 2 383 -384 
384 0.0049359 0.006758139640756088 -1e-07 0.0050009 0.006776612830568503 1e-07 1 103 2 384 -385 
385 0.0048711 0.006776412830568503 -1e-07 0.004936100000000001 0.006794587055332584 1e-07 1 103 2 385 -386 
386 0.004806299999999999 0.006794387055332583 -1e-07 0.0048713 0.006812192082841059 1e-07 1 103 2 386 -387 
387 0.0047415 0.006811992082841058 -1e-07 0.0048065 0.006829359123482292 1e-07 1 103 2 387 -388 
388 0.0046767 0.006829159123482292 -1e-07 0.004741700000000001 0.006846021099027743 1e-07 1 103 2 388 -389 
389 0.0046119 0.006845821099027743 -1e-07 0.0046769 0.006862112904732403 1e-07 1 103 2 389 -390 
390 0.0045471 0.006861912904732402 -1e-07 0.0046121 0.006877571663724057 1e-07 1 103 2 390 -391 
391 0.0044823 0.006877371663724057 -1e-07 0.004547300000000001 0.006892336972687408 1e-07 1 103 2 391 -392 
392 0.0044175 0.006892136972687407 -1e-07 0.0044825 0.006906351137883052 1e-07 1 103 2 392 -393 
393 0.0043527 0.006906151137883051 -1e-07 0.004417700000000001 0.006919559400579101 1e-07 1 103 2 393 -394 
394 0.0042879 0.0069193594005791 -1e-07 0.004352900000000001 0.006931910151014605 1e-07 1 103 2 394 -395 
395 0.0042231 0.006931710151014604 -1e-07 0.0042881 0.006943355130058726 1e-07 1 103 2 395 -396 
396 0.0041583 0.006943155130058725 -1e-07 0.004223300000000001 0.00695384961777773 1e-07 1 103 2 396 -397 
397 0.0040935 0.006953649617777729 -1e-07 0.004158500000000001 0.006963352608172949 1e-07 1 103 2 397 -398 
398 0.004028700000000001 0.006963152608172949 -1e-07 0.0040937 0.006971826969406997 1e-07 1 103 2 398 -399 
399 0.0039639 0.006971626969406996 -1e-07 0.004028900000000001 0.006979239588892127 1e-07 1 103 2 399 -400 
400 0.003899100000000001 0.006979039588892126 -1e-07 0.003964100000000001 0.006985561502673844 1e-07 1 103 2 400 -401 
401 0.003834300000000001 0.006985361502673843 -1e-07 0.003899300000000001 0.006990768008604219 1e-07 1 103 2 401 -402 
402 0.003769500000000001 0.006990568008604219 -1e-07 0.0038345 0.006994838762862673 1e-07 1 103 2 402 -403 
403 0.003704700000000001 0.006994638762862672 -1e-07 0.0037697 0.006997757859447106 1e-07 1 103 2 403 -404 
404 0.003639899999999999 0.006997557859447105 -1e-07 0.003704900000000001 0.006999513892324765 1e-07 1 103 2 404 -405 
405 -1.000000000004903e-07 0.006999313892324764 -1e-07 0.003640099999999999 0.0070001 1e-07 1 103 2 405 -406 
406 -1e-07 -9.99999999998398e-08 -1e-07 1e-07 0.0070001 1e-07 1 101 2 406 -1 
1 -1.000000000011408e-07 -9.99999999998398e-08 -1e-07 0.0170001 0.0070001 1e-07 1 201 406 1 2 3 4 5 6 7 8 9 10 11 12 13 14 15 16 17 18 19 20 21 22 23 24 25 26 27 28 29 30 31 32 33 34 35 36 37 38 39 40 41 42 43 44 45 46 47 48 49 50 51 52 53 54 55 56 57 58 59 60 61 62 63 64 65 66 67 68 69 70 71 72 73 74 75 76 77 78 79 80 81 82 83 84 85 86 87 88 89 90 91 92 93 94 95 96 97 98 99 100 101 102 103 104 105 106 107 108 109 110 111 112 113 114 115 116 117 118 119 120 121 122 123 124 125 126 127 128 129 130 131 132 133 134 135 136 137 138 139 140 141 142 143 144 145 146 147 148 149 150 151 152 153 154 155 156 157 158 159 160 161 162 163 164 165 166 167 168 169 170 171 172 173 174 175 176 177 178 179 180 181 182 183 184 185 186 187 188 189 190 191 192 193 194 195 196 197 198 199 200 201 202 203 204 205 206 207 208 209 210 211 212 213 214 215 216 217 218 219 220 221 222 223 224 225 226 227 228 229 230 231 232 233 234 235 236 237 238 239 240 241 242 243 244 245 246 247 248 249 250 251 252 253 254 255 256 257 258 259 260 261 262 263 264 265 266 267 268 269 270 271 272 273 274 275 276 277 278 279 280 281 282 283 284 285 286 287 288 289 290 291 292 293 294 295 296 297 298 299 300 301 302 303 304 305 306 307 308 309 310 311 312 313 314 315 316 317 318 319 320 321 322 323 324 325 326 327 328 329 330 331 332 333 334 335 336 337 338 339 340 341 342 343 344 345 346 347 348 349 350 351 352 353 354 355 356 357 358 359 360 361 362 363 364 365 366 367 368 369 370 371 372 373 374 375 376 377 378 379 380 381 382 383 384 385 386 387 388 389 390 391 392 393 394 395 396 397 398 399 400 401 402 403 404 405 406 
$EndEntities
$Nodes
813 4332 1 4332
0 1 0 1
1
0 0 0
0 2 0 1
2
0.0004 0 0
0 3 0 1
3
0.0004648 5.861076752352035e-07 0
0 4 0 1
4
0.0005296000000000001 2.342140552894412e-06 0
0 5 0 1
5
0.0005944 5.261237137327168e-06 0
0 6 0 1
6
0.0006592 9.33199139578088e-06 0
0 7 0 1
7
0.000724 1.453849732615637e-05 0
0 8 0 1
8
0.0007888 2.086041110787401e-05 0
0 9 0 1
9
0.0008535999999999999 2.827303059300283e-05 0
0 10 0 1
10
0.0009184 3.674739182705064e-05 0
0 11 0 1
11
0.0009832 4.62503822222708e-05 0
0 12 0 1
12
0.001048 5.674486994127448e-05 0
0 13 0 1
13
0.0011128 6.818984898539656e-05 0
0 14 0 1
14
0.0011776 8.054059942089931e-05 0
0 15 0 1
15
0.0012424 9.374886211694825e-05 0
0 16 0 1
16
0.0013072 0.0001077630273125922 0
0 17 0 1
17
0.001372 0.0001225283362759433 0
0 18 0 1
18
0.0014368 0.0001379870952675973 0
0 19 0 1
19
0.0015016 0.0001540789009722567 0
0 20 0 1
20
0.0015664 0.0001707408765177089 0
0 21 0 1
21
0.0016312 0.0001879079171589421 0
0 22 0 1
22
0.001696 0.0002055129446674169 0
0 23 0 1
23
0.0017608 0.0002234871694314971 0
0 24 0 1
24
0.0018256 0.0002417603592439117 0
0 25 0 1
25
0.0018904 0.0002602611137259936 0
0 26 0 1
26
0.0019552 0.0002789171433164122 0
0 27 0 1
27
0.00202 0.0002976555517342848 0
0 28 0 1
28
0.0020848 0.0003164031208129758 0
0 29 0 1
29
0.0021496 0.0003350865965916247 0
0 30 0 1
30
0.0022144 0.0003536329755465388 0
0 31 0 1
31
0.0022792 0.0003719697898440293 0
0 32 0 1
32
0.002344 0.0003900253905001022 0
0 33 0 1
33
0.0024088 0.0004077292273405873 0
0 34 0 1
34
0.0024736 0.000425012124667796 0
0 35 0 1
35
0.0025384 0.0004418065515565696 0
0 36 0 1
36
0.0026032 0.0004580468857235702 0
0 37 0 1
37
0.002668 0.0004736696699387734 0
0 38 0 1
38
0.0027328 0.0004886138599772654 0
0 39 0 1
39
0.0027976 0.0005028210631425013 0
0 40 0 1
40
0.0028624 0.0005162357664290227 0
0 41 0 1
41
0.0029272 0.0005288055534331147 0
0 42 0 1
42
0.002992 0.0005404813091638491 0
0 43 0 1
43
0.0030568 0.0005512174119542401 0
0 44 0 1
44
0.0031216 0.000560971911722637 0
0 45 0 1
45
0.0031864 0.0005697066938878245 0
0 46 0 1
46
0.0032512 0.0005773876282973453 0
0 47 0 1
47
0.003316 0.0005839847025871303 0
0 48 0 1
48
0.0033808 0.0005894721394513439 0
0 49 0 1
49
0.0034456 0.0005938284973642296 0
0 50 0 1
50
0.0035104 0.0005970367543603953 0
0 51 0 1
51
0.0035752 0.000599084374546177 0
0 52 0 1
52
0.00364 0.0005999633570821959 0
0 53 0 1
53
0.0037048 0.0005996867540734277 0
0 54 0 1
54
0.0037696 0.0005982959383081011 0
0 55 0 1
55
0.0038344 0.0005957981763840723 0
0 56 0 1
56
0.0038992 0.0005922032280175716 0
0 57 0 1
57
0.003964 0.0005875251400541307 0
0 58 0 1
58
0.0040288 0.0005817821915821543 0
0 59 0 1
59
0.0040936 0.0005749968225094956 0
0 60 0 1
60
0.0041584 0.0005671955458821062 0
0 61 0 1
61
0.004223200000000001 0.0005584088442873727 0
0 62 0 1
62
0.004288 0.000548671050746926 0
0 63 0 1
63
0.0043528 0.0005380202145643257 0
0 64 0 1
64
0.004417600000000001 0.0005264979526518003 0
0 65 0 1
65
0.0044824 0.0005141492869169699 0
0 66 0 1
66
0.0045472 0.0005010224683449417 0
0 67 0 1
67
0.004612 0.0004871687884631591 0
0 68 0 1
68
0.004676800000000001 0.0004726423789256819 0
0 69 0 1
69
0.0047416 0.0004575 0
0 70 0 1
70
0.0048064 0.0004418008187828446 0
0 71 0 1
71
0.0048712 0.0004256061780115911 0
0 72 0 1
72
0.004936 0.0004089793563745975 0
0 73 0 1
73
0.005000800000000001 0.0003919853212570384 0
0 74 0 1
74
0.0050656 0.0003746904748883512 0
0 75 0 1
75
0.0051304 0.0003571623948831941 0
0 76 0 1
76
0.0051952 0.0003394695701897214 0
0 77 0 1
77
0.005260000000000001 0.0003216811334769292 0
0 78 0 1
78
0.005324800000000001 0.0003038665910067364 0
0 79 0 1
79
0.0053896 0.0002860955510462936 0
0 80 0 1
80
0.0054544 0.0002684374518817188 0
0 81 0 1
81
0.005519200000000001 0.0002509612904960149 0
0 82 0 1
82
0.005584 0.0002337353529713276 0
0 83 0 1
83
0.005648800000000001 0.0002168269476689652 0
0 84 0 1
84
0.0057136 0.0002003021422297528 0
0 85 0 1
85
0.0057784 0.0001842255054223549 0
0 86 0 1
86
0.005843200000000001 0.00016865985484827 0
0 87 0 1
87
0.005908 0.0001536660114893083 0
0 88 0 1
88
0.0059728 0.0001393025620566294 0
0 89 0 1
89
0.0060376 0.0001256256300699357 0
0 90 0 1
90
0.0061024 0.0001126886565613012 0
0 91 0 1
91
0.0061672 0.0001005421912605102 0
0 92 0 1
92
0.006232000000000001 8.923369507782816e-05 0
0 93 0 1
93
0.0062968 7.880735465597537e-05 0
0 94 0 1
94
0.0063616 6.930390971592416e-05 0
0 95 0 1
95
0.006426400000000001 6.076049387114481e-05 0
0 96 0 1
96
0.0064912 5.321048953229973e-05 0
0 97 0 1
97
0.006556 4.668339746932923e-05 0
0 98 0 1
98
0.0066208 4.120472154060052e-05 0
0 99 0 1
99
0.0066856 3.67958690395266e-05 0
0 100 0 1
100
0.0067504 3.347406704803983e-05 0
0 101 0 1
101
0.0068152 3.125229512375905e-05 0
0 102 0 1
102
0.006880000000000001 3.013923458386722e-05 0
0 103 0 1
103
0.0069448 3.013923458386722e-05 0
0 104 0 1
104
0.0070096 3.125229512375905e-05 0
0 105 0 1
105
0.0070744 3.347406704803983e-05 0
0 106 0 1
106
0.0071392 3.67958690395266e-05 0
0 107 0 1
107
0.007204000000000001 4.120472154060052e-05 0
0 108 0 1
108
0.0072688 4.668339746932923e-05 0
0 109 0 1
109
0.0073336 5.321048953229973e-05 0
0 110 0 1
110
0.007398399999999999 6.076049387114481e-05 0
0 111 0 1
111
0.007463200000000001 6.930390971592416e-05 0
0 112 0 1
112
0.007528000000000001 7.880735465597537e-05 0
0 113 0 1
113
0.007592799999999999 8.923369507782816e-05 0
0 114 0 1
114
0.0076576 0.0001005421912605102 0
0 115 0 1
115
0.007722400000000001 0.0001126886565613012 0
0 116 0 1
116
0.0077872 0.0001256256300699357 0
0 117 0 1
117
0.007852000000000001 0.0001393025620566294 0
0 118 0 1
118
0.0079168 0.0001536660114893083 0
0 119 0 1
119
0.0079816 0.00016865985484827 0
0 120 0 1
120
0.0080464 0.0001842255054223549 0
0 121 0 1
121
0.008111200000000001 0.0002003021422297528 0
0 122 0 1
122
0.008176000000000001 0.0002168269476689652 0
0 123 0 1
123
0.008240799999999998 0.0002337353529713276 0
0 124 0 1
124
0.0083056 0.0002509612904960149 0
0 125 0 1
125
0.0083704 0.0002684374518817188 0
0 126 0 1
126
0.0084352 0.0002860955510462936 0
0 127 0 1
127
0.008500000000000001 0.0003038665910067364 0
0 128 0 1
128
0.008564800000000001 0.0003216811334769292 0
0 129 0 1
129
0.008629599999999999 0.0003394695701897214 0
0 130 0 1
130
0.0086944 0.0003571623948831941 0
0 131 0 1
131
0.0087592 0.0003746904748883512 0
0 132 0 1
132
0.008824 0.0003919853212570381 0
0 133 0 1
133
0.008888800000000001 0.0004089793563745974 0
0 134 0 1
134
0.008953600000000003 0.0004256061780115911 0
0 135 0 1
135
0.009018399999999999 0.0004418008187828446 0
0 136 0 1
136
0.0090832 0.0004575 0
0 137 0 1
137
0.009148 0.0004726423789256819 0
0 138 0 1
138
0.0092128 0.0004871687884631591 0
0 139 0 1
139
0.009277600000000002 0.0005010224683449418 0
0 140 0 1
140
0.009342399999999999 0.00051414928691697 0
0 141 0 1
141
0.009407199999999999 0.0005264979526518002 0
0 142 0 1
142
0.009472 0.0005380202145643257 0
0 143 0 1
143
0.0095368 0.000548671050746926 0
0 144 0 1
144
0.009601600000000002 0.0005584088442873727 0
0 145 0 1
145
0.0096664 0.0005671955458821061 0
0 146 0 1
146
0.009731199999999999 0.0005749968225094954 0
0 147 0 1
147
0.009796000000000001 0.0005817821915821543 0
0 148 0 1
148
0.009860799999999999 0.0005875251400541305 0
0 149 0 1
149
0.009925600000000001 0.0005922032280175716 0
0 150 0 1
150
0.0099904 0.0005957981763840723 0
0 151 0 1
151
0.0100552 0.0005982959383081011 0
0 152 0 1
152
0.01012 0.0005996702674457134 0
0 153 0 1
153
0.0101848 0.0005999633570821959 0
0 154 0 1
154
0.0102496 0.000599084374546177 0
0 155 0 1
155
0.0103144 0.0005970367543603953 0
0 156 0 1
156
0.0103792 0.0005938284973642296 0
0 157 0 1
157
0.010444 0.0005894721394513438 0
0 158 0 1
158
0.0105088 0.0005839847025871303 0
0 159 0 1
159
0.0105736 0.000577387628297345 0
0 160 0 1
160
0.0106384 0.0005697066938878243 0
0 161 0 1
161
0.0107032 0.0005609719117226369 0
0 162 0 1
162
0.010768 0.0005512174119542404 0
0 163 0 1
163
0.0108328 0.0005404813091638494 0
0 164 0 1
164
0.0108976 0.0005288055534331147 0
0 165 0 1
165
0.0109624 0.0005162357664290228 0
0 166 0 1
166
0.0110272 0.0005028210631425014 0
0 167 0 1
167
0.011092 0.0004886138599772654 0
0 168 0 1
168
0.0111568 0.0004736696699387735 0
0 169 0 1
169
0.0112216 0.0004580468857235702 0
0 170 0 1
170
0.0112864 0.0004418065515565696 0
0 171 0 1
171
0.0113512 0.0004250121246677959 0
0 172 0 1
172
0.011416 0.0004077292273405873 0
0 173 0 1
173
0.0114808 0.0003900253905001021 0
0 174 0 1
174
0.0115456 0.0003719697898440292 0
0 175 0 1
175
0.0116104 0.0003536329755465386 0
0 176 0 1
176
0.0116752 0.0003350865965916245 0
0 177 0 1
177
0.01174 0.0003164031208129755 0
0 178 0 1
178
0.0118048 0.0002976555517342852 0
0 179 0 1
179
0.0118696 0.0002789171433164124 0
0 180 0 1
180
0.0119344 0.0002602611137259938 0
0 181 0 1
181
0.0119992 0.0002417603592439119 0
0 182 0 1
182
0.012064 0.0002234871694314972 0
0 183 0 1
183
0.0121288 0.000205512944667417 0
0 184 0 1
184
0.0121936 0.0001879079171589421 0
0 185 0 1
185
0.0122584 0.0001707408765177089 0
0 186 0 1
186
0.0123232 0.0001540789009722567 0
0 187 0 1
187
0.012388 0.0001379870952675973 0
0 188 0 1
188
0.0124528 0.0001225283362759432 0
0 189 0 1
189
0.0125176 0.0001077630273125921 0
0 190 0 1
190
0.0125824 9.374886211694815e-05 0
0 191 0 1
191
0.0126472 8.054059942089921e-05 0
0 192 0 1
192
0.012712 6.818984898539646e-05 0
0 193 0 1
193
0.0127768 5.674486994127436e-05 0
0 194 0 1
194
0.0128416 4.625038222227063e-05 0
0 195 0 1
195
0.0129064 3.674739182705076e-05 0
0 196 0 1
196
0.0129712 2.827303059300293e-05 0
0 197 0 1
197
0.013036 2.086041110787411e-05 0
0 198 0 1
198
0.0131008 1.453849732615644e-05 0
0 199 0 1
199
0.0131656 9.331991395780915e-06 0
0 200 0 1
200
0.0132304 5.261237137327168e-06 0
0 201 0 1
201
0.0132952 2.342140552894412e-06 0
0 202 0 1
202
0.01336 5.861076752352035e-07 0
0 203 0 1
203
0.017 0 0
0 204 0 1
204
0.017 0.007 0
0 205 0 1
205
0.0166 0.007 0
0 206 0 1
206
0.0165352 0.006999413892324765 0
0 207 0 1
207
0.0164704 0.006997657859447106 0
0 208 0 1
208
0.0164056 0.006994738762862673 0
0 209 0 1
209
0.0163408 0.006990668008604219 0
0 210 0 1
210
0.016276 0.006985461502673844 0
0 211 0 1
211
0.0162112 0.006979139588892127 0
0 212 0 1
212
0.0161464 0.006971726969406997 0
0 213 0 1
213
0.0160816 0.006963252608172949 0
0 214 0 1
214
0.0160168 0.00695374961777773 0
0 215 0 1
215
0.015952 0.006943255130058726 0
0 216 0 1
216
0.0158872 0.006931810151014603 0
0 217 0 1
217
0.0158224 0.0069194594005791 0
0 218 0 1
218
0.0157576 0.006906251137883052 0
0 219 0 1
219
0.0156928 0.006892236972687408 0
0 220 0 1
220
0.015628 0.006877471663724057 0
0 221 0 1
221
0.0155632 0.006862012904732403 0
0 222 0 1
222
0.0154984 0.006845921099027743 0
0 223 0 1
223
0.0154336 0.006829259123482292 0
0 224 0 1
224
0.0153688 0.006812092082841058 0
0 225 0 1
225
0.015304 0.006794487055332583 0
0 226 0 1
226
0.0152392 0.006776512830568503 0
0 227 0 1
227
0.0151744 0.006758239640756089 0
0 228 0 1
228
0.0151096 0.006739738886274006 0
0 229 0 1
229
0.0150448 0.006721082856683588 0
0 230 0 1
230
0.01498 0.006702344448265715 0
0 231 0 1
231
0.0149152 0.006683596879187024 0
0 232 0 1
232
0.0148504 0.006664913403408376 0
0 233 0 1
233
0.0147856 0.006646367024453461 0
0 234 0 1
234
0.0147208 0.006628030210155971 0
0 235 0 1
235
0.014656 0.006609974609499898 0
0 236 0 1
236
0.0145912 0.006592270772659413 0
0 237 0 1
237
0.0145264 0.006574987875332204 0
0 238 0 1
238
0.0144616 0.00655819344844343 0
0 239 0 1
239
0.0143968 0.00654195311427643 0
0 240 0 1
240
0.014332 0.006526330330061227 0
0 241 0 1
241
0.0142672 0.006511386140022735 0
0 242 0 1
242
0.0142024 0.006497178936857499 0
0 243 0 1
243
0.0141376 0.006483764233570978 0
0 244 0 1
244
0.0140728 0.006471194446566885 0
0 245 0 1
245
0.014008 0.006459518690836151 0
0 246 0 1
246
0.0139432 0.006448782588045761 0
0 247 0 1
247
0.0138784 0.006439028088277363 0
0 248 0 1
248
0.0138136 0.006430293306112176 0
0 249 0 1
249
0.0137488 0.006422612371702654 0
0 250 0 1
250
0.013684 0.00641601529741287 0
0 251 0 1
251
0.0136192 0.006410527860548657 0
0 252 0 1
252
0.0135544 0.00640617150263577 0
0 253 0 1
253
0.0134896 0.006402963245639604 0
0 254 0 1
254
0.0134248 0.006400915625453823 0
0 255 0 1
255
0.01336 0.006400036642917805 0
0 256 0 1
256
0.0132952 0.006400313245926572 0
0 257 0 1
257
0.0132304 0.006401704061691899 0
0 258 0 1
258
0.0131656 0.006404201823615928 0
0 259 0 1
259
0.0131008 0.006407796771982429 0
0 260 0 1
260
0.013036 0.00641247485994587 0
0 261 0 1
261
0.0129712 0.006418217808417846 0
0 262 0 1
262
0.0129064 0.006425003177490504 0
0 263 0 1
263
0.0128416 0.006432804454117894 0
0 264 0 1
264
0.0127768 0.006441591155712628 0
0 265 0 1
265
0.012712 0.006451328949253074 0
0 266 0 1
266
0.0126472 0.006461979785435674 0
0 267 0 1
267
0.0125824 0.0064735020473482 0
0 268 0 1
268
0.0125176 0.006485850713083031 0
0 269 0 1
269
0.0124528 0.006498977531655059 0
0 270 0 1
270
0.012388 0.006512831211536841 0
0 271 0 1
271
0.0123232 0.006527357621074319 0
0 272 0 1
272
0.0122584 0.006542500000000001 0
0 273 0 1
273
0.0121936 0.006558199181217156 0
0 274 0 1
274
0.0121288 0.006574393821988408 0
0 275 0 1
275
0.012064 0.006591020643625402 0
0 276 0 1
276
0.0119992 0.006608014678742962 0
0 277 0 1
277
0.0119344 0.006625309525111649 0
0 278 0 1
278
0.0118696 0.006642837605116806 0
0 279 0 1
279
0.0118048 0.006660530429810279 0
0 280 0 1
280
0.01174 0.006678318866523071 0
0 281 0 1
281
0.0116752 0.006696133408993264 0
0 282 0 1
282
0.0116104 0.006713904448953706 0
0 283 0 1
283
0.0115456 0.006731562548118281 0
0 284 0 1
284
0.0114808 0.006749038709503985 0
0 285 0 1
285
0.011416 0.006766264647028672 0
0 286 0 1
286
0.0113512 0.006783173052331035 0
0 287 0 1
287
0.0112864 0.006799697857770247 0
0 288 0 1
288
0.0112216 0.006815774494577645 0
0 289 0 1
289
0.0111568 0.00683134014515173 0
0 290 0 1
290
0.011092 0.006846333988510691 0
0 291 0 1
291
0.0110272 0.006860697437943371 0
0 292 0 1
292
0.0109624 0.006874374369930064 0
0 293 0 1
293
0.0108976 0.006887311343438699 0
0 294 0 1
294
0.0108328 0.00689945780873949 0
0 295 0 1
295
0.010768 0.006910766304922172 0
0 296 0 1
296
0.0107032 0.006921192645344025 0
0 297 0 1
297
0.0106384 0.006930696090284075 0
0 298 0 1
298
0.0105736 0.006939239506128855 0
0 299 0 1
299
0.0105088 0.0069467895104677 0
0 300 0 1
300
0.010444 0.006953316602530671 0
0 301 0 1
301
0.0103792 0.0069587952784594 0
0 302 0 1
302
0.0103144 0.006963204130960474 0
0 303 0 1
303
0.0102496 0.00696652593295196 0
0 304 0 1
304
0.0101848 0.006968747704876242 0
0 305 0 1
305
0.01012 0.006969860765416133 0
0 306 0 1
306
0.0100552 0.006969860765416133 0
0 307 0 1
307
0.009990400000000002 0.006968747704876242 0
0 308 0 1
308
0.0099256 0.00696652593295196 0
0 309 0 1
309
0.009860800000000001 0.006963204130960474 0
0 310 0 1
310
0.009795999999999999 0.0069587952784594 0
0 311 0 1
311
0.009731200000000001 0.006953316602530671 0
0 312 0 1
312
0.0096664 0.0069467895104677 0
0 313 0 1
313
0.009601600000000002 0.006939239506128855 0
0 314 0 1
314
0.0095368 0.006930696090284075 0
0 315 0 1
315
0.009472 0.006921192645344025 0
0 316 0 1
316
0.009407199999999999 0.006910766304922172 0
0 317 0 1
317
0.009342400000000001 0.00689945780873949 0
0 318 0 1
318
0.0092776 0.006887311343438699 0
0 319 0 1
319
0.0092128 0.006874374369930064 0
0 320 0 1
320
0.009148 0.006860697437943371 0
0 321 0 1
321
0.009083200000000001 0.006846333988510691 0
0 322 0 1
322
0.009018399999999999 0.00683134014515173 0
0 323 0 1
323
0.008953600000000001 0.006815774494577645 0
0 324 0 1
324
0.008888800000000001 0.006799697857770247 0
0 325 0 1
325
0.008824 0.006783173052331035 0
0 326 0 1
326
0.008759200000000002 0.006766264647028672 0
0 327 0 1
327
0.0086944 0.006749038709503985 0
0 328 0 1
328
0.008629599999999999 0.006731562548118281 0
0 329 0 1
329
0.008564800000000001 0.006713904448953706 0
0 330 0 1
330
0.008500000000000001 0.006696133408993264 0
0 331 0 1
331
0.0084352 0.006678318866523071 0
0 332 0 1
332
0.0083704 0.006660530429810279 0
0 333 0 1
333
0.0083056 0.006642837605116806 0
0 334 0 1
334
0.0082408 0.006625309525111649 0
0 335 0 1
335
0.008176000000000001 0.006608014678742963 0
0 336 0 1
336
0.008111200000000001 0.006591020643625402 0
0 337 0 1
337
0.008046399999999999 0.006574393821988408 0
0 338 0 1
338
0.0079816 0.006558199181217156 0
0 339 0 1
339
0.0079168 0.006542500000000001 0
0 340 0 1
340
0.007852000000000001 0.006527357621074319 0
0 341 0 1
341
0.0077872 0.006512831211536841 0
0 342 0 1
342
0.007722399999999999 0.006498977531655058 0
0 343 0 1
343
0.007657600000000001 0.006485850713083031 0
0 344 0 1
344
0.0075928 0.0064735020473482 0
0 345 0 1
345
0.007528000000000001 0.006461979785435674 0
0 346 0 1
346
0.007463200000000001 0.006451328949253074 0
0 347 0 1
347
0.007398399999999999 0.006441591155712628 0
0 348 0 1
348
0.007333600000000001 0.006432804454117895 0
0 349 0 1
349
0.007268800000000001 0.006425003177490504 0
0 350 0 1
350
0.007203999999999999 0.006418217808417846 0
0 351 0 1
351
0.007139200000000001 0.00641247485994587 0
0 352 0 1
352
0.007074399999999999 0.006407796771982429 0
0 353 0 1
353
0.007009600000000001 0.006404201823615928 0
0 354 0 1
354
0.006944800000000001 0.006401704061691899 0
0 355 0 1
355
0.006879999999999999 0.006400329732554287 0
0 356 0 1
356
0.006815200000000001 0.006400036642917805 0
0 357 0 1
357
0.006750399999999999 0.006400915625453823 0
0 358 0 1
358
0.006685600000000001 0.006402963245639604 0
0 359 0 1
359
0.006620800000000001 0.00640617150263577 0
0 360 0 1
360
0.006555999999999999 0.006410527860548657 0
0 361 0 1
361
0.006491200000000001 0.00641601529741287 0
0 362 0 1
362
0.0064264 0.006422612371702655 0
0 363 0 1
363
0.006361599999999999 0.006430293306112176 0
0 364 0 1
364
0.006296800000000001 0.006439028088277363 0
0 365 0 1
365
0.006232 0.006448782588045759 0
0 366 0 1
366
0.006167200000000001 0.006459518690836151 0
0 367 0 1
367
0.006102399999999999 0.006471194446566885 0
0 368 0 1
368
0.0060376 0.006483764233570978 0
0 369 0 1
369
0.005972800000000001 0.006497178936857498 0
0 370 0 1
370
0.005907999999999999 0.006511386140022735 0
0 371 0 1
371
0.0058432 0.006526330330061226 0
0 372 0 1
372
0.0057784 0.00654195311427643 0
0 373 0 1
373
0.0057136 0.00655819344844343 0
0 374 0 1
374
0.005648800000000002 0.006574987875332204 0
0 375 0 1
375
0.005584 0.006592270772659413 0
0 376 0 1
376
0.0055192 0.006609974609499898 0
0 377 0 1
377
0.0054544 0.006628030210155971 0
0 378 0 1
378
0.0053896 0.006646367024453461 0
0 379 0 1
379
0.005324800000000002 0.006664913403408376 0
0 380 0 1
380
0.00526 0.006683596879187024 0
0 381 0 1
381
0.0051952 0.006702344448265714 0
0 382 0 1
382
0.0051304 0.006721082856683588 0
0 383 0 1
383
0.0050656 0.006739738886274006 0
0 384 0 1
384
0.0050008 0.006758239640756088 0
0 385 0 1
385
0.004936 0.006776512830568503 0
0 386 0 1
386
0.0048712 0.006794487055332583 0
0 387 0 1
387
0.0048064 0.006812092082841058 0
0 388 0 1
388
0.0047416 0.006829259123482292 0
0 389 0 1
389
0.0046768 0.006845921099027743 0
0 390 0 1
390
0.004612 0.006862012904732403 0
0 391 0 1
391
0.0045472 0.006877471663724057 0
0 392 0 1
392
0.0044824 0.006892236972687408 0
0 393 0 1
393
0.004417600000000001 0.006906251137883052 0
0 394 0 1
394
0.0043528 0.0069194594005791 0
0 395 0 1
395
0.004288 0.006931810151014605 0
0 396 0 1
396
0.004223200000000001 0.006943255130058726 0
0 397 0 1
397
0.0041584 0.00695374961777773 0
0 398 0 1
398
0.0040936 0.006963252608172949 0
0 399 0 1
399
0.004028800000000001 0.006971726969406997 0
0 400 0 1
400
0.003964000000000001 0.006979139588892127 0
0 401 0 1
401
0.003899200000000001 0.006985461502673844 0
0 402 0 1
402
0.0038344 0.006990668008604219 0
0 403 0 1
403
0.003769600000000001 0.006994738762862673 0
0 404 0 1
404
0.003704800000000001 0.006997657859447106 0
0 405 0 1
405
0.003639999999999999 0.006999413892324765 0
0 406 0 1
406
0 0.007 0
1 1 0 3
407
408
409
0.0001000000000000001 0 0
0.0002000000000000005 0 0
0.0003000000000000004 0 0
1 2 0 0
1 3 0 0
1 4 0 0
1 5 0 0
1 6 0 0
1 7 0 0
1 8 0 0
1 9 0 0
1 10 0 0
1 11 0 0
1 12 0 0
1 13 0 0
1 14 0 0
1 15 0 0
1 16 0 0
1 17 0 0
1 18 0 0
1 19 0 0
1 20 0 0
1 21 0 0
1 22 0 0
1 23 0 0
1 24 0 0
1 25 0 0
1 26 0 0
1 27 0 0
1 28 0 0
1 29 0 0
1 30 0 0
1 31 0 0
1 32 0 0
1 33 0 0
1 34 0 0
1 35 0 0
1 36 0 0
1 37 0 0
1 38 0 0
1 39 0 0
1 40 0 0
1 41 0 0
1 42 0 0
1 43 0 0
1 44 0 0
1 45 0 0
1 46 0 0
1 47 0 0
1 48 0 0
1 49 0 0
1 50 0 0
1 51 0 0
1 52 0 0
1 53 0 0
1 54 0 0
1 55 0 0
1 56 0 0
1 57 0 0
1 58 0 0
1 59 0 0
1 60 0 0
1 61 0 0
1 62 0 0
1 63 0 0
1 64 0 0
1 65 0 0
1 66 0 0
1 67 0 0
1 68 0 0
1 69 0 0
1 70 0 0
1 71 0 0
1 72 0 0
1 73 0 0
1 74 0 0
1 75 0 0
1 76 0 0
1 77 0 0
1 78 0 0
1 79 0 0
1 80 0 0
1 81 0 0
1 82 0 0
1 83 0 0
1 84 0 0
1 85 0 0
1 86 0 0
1 87 0 0
1 88 0 0
1 89 0 0
1 90 0 0
1 91 0 0
1 92 0 0
1 93 0 0
1 94 0 0
1 95 0 0
1 96 0 0
1 97 0 0
1 98 0 0
1 99 0 0
1 100 0 0
1 101 0 0
1 102 0 0
1 103 0 0
1 104 0 0
1 105 0 0
1 106 0 0
1 107 0 0
1 108 0 0
1 109 0 0
1 110 0 0
1 111 0 0
1 112 0 0
1 113 0 0
1 114 0 0
1 115 0 0
1 116 0 0
1 117 0 0
1 118 0 0
1 119 0 0
1 120 0 0
1 121 0 0
1 122 0 0
1 123 0 0
1 124 0 0
1 125 0 0
1 126 0 0
1 127 0 0
1 128 0 0
1 129 0 0
1 130 0 0
1 131 0 0
1 132 0 0
1 133 0 0
1 134 0 0
1 135 0 0
1 136 0 0
1 137 0 0
1 138 0 0
1 139 0 0
1 140 0 0
1 141 0 0
1 142 0 0
1 143 0 0
1 144 0 0
1 145 0 0
1 146 0 0
1 147 0 0
1 148 0 0
1 149 0 0
1 150 0 0
1 151 0 0
1 152 0 0
1 153 0 0
1 154 0 0
1 155 0 0
1 156 0 0
1 157 0 0
1 158 0 0
1 159 0 0
1 160 0 0
1 161 0 0
1 162 0 0
1 163 0 0
1 164 0 0
1 165 0 0
1 166 0 0
1 167 0 0
1 168 0 0
1 169 0 0
1 170 0 0
1 171 0 0
1 172 0 0
1 173 0 0
1 174 0 0
1 175 0 0
1 176 0 0
1 177 0 0
1 178 0 0
1 179 0 0
1 180 0 0
1 181 0 0
1 182 0 0
1 183 0 0
1 184 0 0
1 185 0 0
1 186 0 0
1 187 0 0
1 188 0 0
1 189 0 0
1 190 0 0
1 191 0 0
1 192 0 0
1 193 0 0
1 194 0 0
1 195 0 0
1 196 0 0
1 197 0 0
1 198 0 0
1 199 0 0
1 200 0 0
1 201 0 0
1 202 0 36
410
411
412
413
414
415
416
417
418
419
420
421
422
423
424
425
426
427
428
429
430
431
432
433
434
435
436
437
438
439
440
441
442
443
444
445
0.01345837837837838 5.702669272558736e-07 0
0.01355675675675676 5.544261792765438e-07 0
0.01365513513513514 5.385854312972139e-07 0
0.01375351351351352 5.227446833178841e-07 0
0.0138518918918919 5.069039353385543e-07 0
0.01395027027027027 4.910631873592244e-07 0
0.01404864864864865 4.752224393798945e-07 0
0.01414702702702703 4.593816914005647e-07 0
0.01424540540540541 4.435409434212348e-07 0
0.01434378378378379 4.27700195441905e-07 0
0.01444216216216217 4.118594474625751e-07 0
0.01454054054054054 3.960186994832453e-07 0
0.01463891891891892 3.801779515039155e-07 0
0.0147372972972973 3.643372035245856e-07 0
0.01483567567567568 3.484964555452557e-07 0
0.01493405405405406 3.326557075659259e-07 0
0.01503243243243244 3.168149595865961e-07 0
0.01513081081081081 3.009742116072664e-07 0
0.01522918918918919 2.851334636279366e-07 0
0.01532756756756757 2.692927156486069e-07 0
0.01542594594594595 2.53451967669277e-07 0
0.01552432432432433 2.376112196899473e-07 0
0.0156227027027027 2.217704717106176e-07 0
0.01572108108108108 2.059297237312878e-07 0
0.01581945945945946 1.90088975751958e-07 0
0.01591783783783784 1.742482277726282e-07 0
0.01601621621621621 1.584074797932985e-07 0
0.0161145945945946 1.425667318139688e-07 0
0.01621297297297297 1.26725983834639e-07 0
0.01631135135135135 1.108852358553092e-07 0
0.01640972972972973 9.504448787597955e-08 0
0.01650810810810811 7.920373989664975e-08 0
0.01660648648648648 6.336299191731981e-08 0
0.01670486486486486 4.752224393798986e-08 0
0.01680324324324324 3.168149595865999e-08 0
0.01690162162162162 1.584074797932998e-08 0
1 203 0 69
446
447
448
449
450
451
452
453
454
455
456
457
458
459
460
461
462
463
464
465
466
467
468
469
470
471
472
473
474
475
476
477
478
479
480
481
482
483
484
485
486
487
488
489
490
491
492
493
494
495
496
497
498
499
500
501
502
503
504
505
506
507
508
509
510
511
512
513
514
0.017 0.0001004903323267189 0
0.017 0.0002027262726113299 0
0.017 0.0003026861803670455 0
0.017 0.0004026460881227612 0
0.017 0.0005026059958784768 0
0.017 0.0006025659036341924 0
0.017 0.0007025258113899081 0
0.017 0.0008024857191456237 0
0.017 0.0009024456269013393 0
0.017 0.001002405534657055 0
0.017 0.001102365442412771 0
0.017 0.001202325350168486 0
0.017 0.001302285257924202 0
0.017 0.001402245165679918 0
0.017 0.001502205073435634 0
0.017 0.001602164981191349 0
0.017 0.001702124888947065 0
0.017 0.00180208479670278 0
0.017 0.001902044704458496 0
0.017 0.002002004612214212 0
0.017 0.002101964519969927 0
0.017 0.002201924427725643 0
0.017 0.002301884335481359 0
0.017 0.002401844243237075 0
0.017 0.002501804150992791 0
0.017 0.002601764058748506 0
0.017 0.002701723966504222 0
0.017 0.002801683874259938 0
0.017 0.002901643782015653 0
0.017 0.003001603689771369 0
0.017 0.003101563597527085 0
0.017 0.003201523505282801 0
0.017 0.003301483413038517 0
0.017 0.003401443320794232 0
0.017 0.003501403228549948 0
0.017 0.003601363136305664 0
0.017 0.00370132304406138 0
0.017 0.003801282951817096 0
0.017 0.003901242859572812 0
0.017 0.004001202767328528 0
0.017 0.004101162675084242 0
0.017 0.004201122582839958 0
0.017 0.004301082490595674 0
0.017 0.00440104239835139 0
0.017 0.004501002306107105 0
0.017 0.004600962213862822 0
0.017 0.004700922121618537 0
0.017 0.004800882029374253 0
0.017 0.004900841937129969 0
0.017 0.005000801844885685 0
0.017 0.0051007617526414 0
0.017 0.005200721660397116 0
0.017 0.005300681568152832 0
0.017 0.005400641475908547 0
0.017 0.005500601383664263 0
0.017 0.005600561291419979 0
0.017 0.005700521199175694 0
0.017 0.00580048110693141 0
0.017 0.005900441014687126 0
0.017 0.006000400922442842 0
0.017 0.006100360830198557 0
0.017 0.006200320737954273 0
0.017 0.006300280645709989 0
0.017 0.006400240553465704 0
0.017 0.00650020046122142 0
0.017 0.006600160368977136 0
0.017 0.006700120276732851 0
0.017 0.006800080184488568 0
0.017 0.006900040092244283 0
1 204 0 3
515
516
517
0.0169 0.007 0
0.0168 0.007 0
0.0167 0.007 0
1 205 0 0
1 206 0 0
1 207 0 0
1 208 0 0
1 209 0 0
1 210 0 0
1 211 0 0
1 212 0 0
1 213 0 0
1 214 0 0
1 215 0 0
1 216 0 0
1 217 0 0
1 218 0 0
1 219 0 0
1 220 0 0
1 221 0 0
1 222 0 0
1 223 0 0
1 224 0 0
1 225 0 0
1 226 0 0
1 227 0 0
1 228 0 0
1 229 0 0
1 230 0 0
1 231 0 0
1 232 0 0
1 233 0 0
1 234 0 0
1 235 0 0
1 236 0 0
1 237 0 0
1 238 0 0
1 239 0 0
1 240 0 0
1 241 0 0
1 242 0 0
1 243 0 0
1 244 0 0
1 245 0 0
1 246 0 0
1 247 0 0
1 248 0 0
1 249 0 0
1 250 0 0
1 251 0 0
1 252 0 0
1 253 0 0
1 254 0 0
1 255 0 0
1 256 0 0
1 257 0 0
1 258 0 0
1 259 0 0
1 260 0 0
1 261 0 0
1 262 0 0
1 263 0 0
1 264 0 0
1 265 0 0
1 266 0 0
1 267 0 0
1 268 0 0
1 269 0 0
1 270 0 0
1 271 0 0
1 272 0 0
1 273 0 0
1 274 0 0
1 275 0 0
1 276 0 0
1 277 0 0
1 278 0 0
1 279 0 0
1 280 0 0
1 281 0 0
1 282 0 0
1 283 0 0
1 284 0 0
1 285 0 0
1 286 0 0
1 287 0 0
1 288 0 0
1 289 0 0
1 290 0 0
1 291 0 0
1 292 0 0
1 293 0 0
1 294 0 0
1 295 0 0
1 296 0 0
1 297 0 0
1 298 0 0
1 299 0 0
1 300 0 0
1 301 0 0
1 302 0 0
1 303 0 0
1 304 0 0
1 305 0 0
1 306 0 0
1 307 0 0
1 308 0 0
1 309 0 0
1 310 0 0
1 311 0 0
1 312 0 0
1 313 0 0
1 314 0 0
1 315 0 0
1 316 0 0
1 317 0 0
1 318 0 0
1 319 0 0
1 320 0 0
1 321 0 0
1 322 0 0
1 323 0 0
1 324 0 0
1 325 0 0
1 326 0 0
1 327 0 0
1 328 0 0
1 329 0 0
1 330 0 0
1 331 0 0
1 332 0 0
1 333 0 0
1 334 0 0
1 335 0 0
1 336 0 0
1 337 0 0
1 338 0 0
1 339 0 0
1 340 0 0
1 341 0 0
1 342 0 0
1 343 0 0
1 344 0 0
1 345 0 0
1 346 0 0
1 347 0 0
1 348 0 0
1 349 0 0
1 350 0 0
1 351 0 0
1 352 0 0
1 353 0 0
1 354 0 0
1 355 0 0
1 356 0 0
1 357 0 0
1 358 0 0
1 359 0 0
1 360 0 0
1 361 0 0
1 362 0 0
1 363 0 0
1 364 0 0
1 365 0 0
1 366 0 0
1 367 0 0
1 368 0 0
1 369 0 0
1 370 0 0
1 371 0 0
1 372 0 0
1 373 0 0
1 374 0 0
1 375 0 0
1 376 0 0
1 377 0 0
1 378 0 0
1 379 0 0
1 380 0 0
1 381 0 0
1 382 0 0
1 383 0 0
1 384 0 0
1 385 0 0
1 386 0 0
1 387 0 0
1 388 0 0
1 389 0 0
1 390 0 0
1 391 0 0
1 392 0 0
1 393 0 0
1 394 0 0
1 395 0 0
1 396 0 0
1 397 0 0
1 398 0 0
1 399 0 0
1 400 0 0
1 401 0 0
1 402 0 0
1 403 0 0
1 404 0 0
1 405 0 36
518
519
520
521
522
523
524
525
526
527
528
529
530
531
532
533
534
535
536
537
538
539
540
541
542
543
544
545
546
547
548
549
550
551
552
553
0.00354162162162162 0.006999429733072744 0
0.003443243243243242 0.006999445573820724 0
0.003344864864864863 0.006999461414568703 0
0.003246486486486485 0.006999477255316682 0
0.003148108108108106 0.006999493096064661 0
0.003049729729729728 0.006999508936812641 0
0.002951351351351349 0.00699952477756062 0
0.002852972972972971 0.006999540618308599 0
0.002754594594594592 0.006999556459056579 0
0.002656216216216214 0.006999572299804558 0
0.002557837837837835 0.006999588140552538 0
0.002459459459459456 0.006999603981300517 0
0.002361081081081078 0.006999619822048496 0
0.0022627027027027 0.006999635662796475 0
0.002164324324324321 0.006999651503544454 0
0.002065945945945942 0.006999667344292434 0
0.001967567567567564 0.006999683185040413 0
0.001869189189189187 0.006999699025788393 0
0.001770810810810808 0.006999714866536372 0
0.00167243243243243 0.006999730707284352 0
0.001574054054054052 0.006999746548032331 0
0.001475675675675675 0.006999762388780311 0
0.001377297297297296 0.00699977822952829 0
0.001278918918918918 0.006999794070276268 0
0.00118054054054054 0.006999809911024248 0
0.001082162162162162 0.006999825751772227 0
0.0009837837837837842 0.006999841592520207 0
0.0008854054054054064 0.006999857433268186 0
0.0007870270270270285 0.006999873274016166 0
0.0006886486486486503 0.006999889114764145 0
0.000590270270270272 0.006999904955512124 0
0.0004918918918918943 0.006999920796260104 0
0.0003935135135135156 0.006999936637008083 0
0.0002951351351351365 0.006999952477756062 0
0.0001967567567567578 0.006999968318504041 0
9.837837837837823e-05 0.006999984159252021 0
1 406 0 69
554
555
556
557
558
559
560
561
562
563
564
565
566
567
568
569
570
571
572
573
574
575
576
577
578
579
580
581
582
583
584
585
586
587
588
589
590
591
592
593
594
595
596
597
598
599
600
601
602
603
604
605
606
607
608
609
610
611
612
613
614
615
616
617
618
619
620
621
622
0 0.006899509667673281 0
0 0.006797273727388671 0
0 0.006697313819632954 0
0 0.006597353911877239 0
0 0.006497394004121524 0
0 0.006397434096365808 0
0 0.006297474188610092 0
0 0.006197514280854377 0
0 0.006097554373098661 0
0 0.005997594465342945 0
0 0.00589763455758723 0
0 0.005797674649831514 0
0 0.005697714742075798 0
0 0.005597754834320083 0
0 0.005497794926564366 0
0 0.005397835018808651 0
0 0.005297875111052935 0
0 0.00519791520329722 0
0 0.005097955295541504 0
0 0.004997995387785788 0
0 0.004898035480030073 0
0 0.004798075572274357 0
0 0.004698115664518641 0
0 0.004598155756762925 0
0 0.00449819584900721 0
0 0.004398235941251494 0
0 0.004298276033495778 0
0 0.004198316125740063 0
0 0.004098356217984347 0
0 0.003998396310228631 0
0 0.003898436402472915 0
0 0.003798476494717199 0
0 0.003698516586961484 0
0 0.003598556679205768 0
0 0.003498596771450052 0
0 0.003398636863694336 0
0 0.00329867695593862 0
0 0.003198717048182904 0
0 0.003098757140427188 0
0 0.002998797232671472 0
0 0.002898837324915758 0
0 0.002798877417160042 0
0 0.002698917509404326 0
0 0.00259895760164861 0
0 0.002498997693892895 0
0 0.002399037786137178 0
0 0.002299077878381463 0
0 0.002199117970625747 0
0 0.002099158062870032 0
0 0.001999198155114315 0
0 0.0018992382473586 0
0 0.001799278339602884 0
0 0.001699318431847168 0
0 0.001599358524091453 0
0 0.001499398616335737 0
0 0.001399438708580021 0
0 0.001299478800824306 0
0 0.00119951889306859 0
0 0.001099558985312874 0
0 0.0009995990775571581 0
0 0.0008996391698014427 0
0 0.0007996792620457273 0
0 0.0006997193542900111 0
0 0.0005997594465342957 0
0 0.0004997995387785803 0
0 0.0003998396310228641 0
0 0.0002998797232671487 0
0 0.0001999198155114325 0
0 9.995990775571711e-05 0
2 1 0 3710
623
624
625
626
627
628
629
630
631
632
633
634
635
636
637
638
639
640
641
642
643
644
645
646
647
648
649
650
651
652
653
654
655
656
657
658
659
660
661
662
663
664
665
666
667
668
669
670
671
672
673
674
675
676
677
678
679
680
681
682
683
684
685
686
687
688
689
690
691
692
693
694
695
696
697
698
699
700
701
702
703
704
705
706
707
708
709
710
711
712
713
714
715
716
717
718
719
720
721
722
723
724
725
726
727
728
729
730
731
732
733
734
735
736
737
738
739
740
741
742
743
744
745
746
747
748
749
750
751
752
753
754
755
756
757
758
759
760
761
762
763
764
765
766
767
768
769
770
771
772
773
774
775
776
777
778
779
780
781
782
783
784
785
786
787
788
789
790
791
792
793
794
795
796
797
798
799
800
801
802
803
804
805
806
807
808
809
810
811
812
813
814
815
816
817
818
819
820
821
822
823
824
825
826
827
828
829
830
831
832
833
834
835
836
837
838
839
840
841
842
843
844
845
846
847
848
849
850
851
852
853
854
855
856
857
858
859
860
861
862
863
864
865
866
867
868
869
870
871
872
873
874
875
876
877
878
879
880
881
882
883
884
885
886
887
888
889
890
891
892
893
894
895
896
897
898
899
900
901
902
903
904
905
906
907
908
909
910
911
912
913
914
915
916
917
918
919
920
921
922
923
924
925
926
927
928
929
930
931
932
933
934
935
936
937
938
939
940
941
942
943
944
945
946
947
948
949
950
951
952
953
954
955
956
957
958
959
960
961
962
963
964
965
966
967
968
969
970
971
972
973
974
975
976
977
978
979
980
981
982
983
984
985
986
987
988
989
990
991
992
993
994
995
996
997
998
999
1000
1001
1002
1003
1004
1005
1006
1007
1008
1009
1010
1011
1012
1013
1014
1015
1016
1017
1018
1019
1020
1021
1022
1023
1024
1025
1026
1027
1028
1029
1030
1031
1032
1033
1034
1035
1036
1037
1038
1039
1040
1041
1042
1043
1044
1045
1046
1047
1048
1049
1050
1051
1052
1053
1054
1055
1056
1057
1058
1059
1060
1061
1062
1063
1064
1065
1066
1067
1068
1069
1070
1071
1072
1073
1074
1075
1076
1077
1078
1079
1080
1081
1082
1083
1084
1085
1086
1087
1088
1089
1090
1091
1092
1093
1094
1095
1096
1097
1098
1099
1100
1101
1102
1103
1104
1105
1106
1107
1108
1109
1110
1111
1112
1113
1114
1115
1116
1117
1118
1119
1120
1121
1122
1123
1124
1125
1126
1127
1128
1129
1130
1131
1132
1133
1134
1135
1136
1137
1138
1139
1140
1141
1142
1143
1144
1145
1146
1147
1148
1149
1150
1151
1152
1153
1154
1155
1156
1157
1158
1159
1160
1161
1162
1163
1164
1165
1166
1167
1168
1169
1170
1171
1172
1173
1174
1175
1176
1177
1178
1179
1180
1181
1182
1183
1184
1185
1186
1187
1188
1189
1190
1191
1192
1193
1194
1195
1196
1197
1198
1199
1200
1201
1202
1203
1204
1205
1206
1207
1208
1209
1210
1211
1212
1213
1214
1215
1216
1217
1218
1219
1220
1221
1222
1223
1224
1225
1226
1227
1228
1229
1230
1231
1232
1233
1234
1235
1236
1237
1238
1239
1240
1241
1242
1243
1244
1245
1246
1247
1248
1249
1250
1251
1252
1253
1254
1255
1256
1257
1258
1259
1260
1261
1262
1263
1264
1265
1266
1267
1268
1269
1270
1271
1272
1273
1274
1275
1276
1277
1278
1279
1280
1281
1282
1283
1284
1285
1286
1287
1288
1289
1290
1291
1292
1293
1294
1295
1296
1297
1298
1299
1300
1301
1302
1303
1304
1305
1306
1307
1308
1309
1310
1311
1312
1313
1314
1315
1316
1317
1318
1319
1320
1321
1322
1323
1324
1325
1326
1327
1328
1329
1330
1331
1332
1333
1334
1335
1336
1337
1338
1339
1340
1341
1342
1343
1344
1345
1346
1347
1348
1349
1350
1351
1352
1353
1354
1355
1356
1357
1358
1359
1360
1361
1362
1363
1364
1365
1366
1367
1368
1369
1370
1371
1372
1373
1374
1375
1376
1377
1378
1379
1380
1381
1382
1383
1384
1385
1386
1387
1388
1389
1390
1391
1392
1393
1394
1395
1396
1397
1398
1399
1400
1401
1402
1403
1404
1405
1406
1407
1408
1409
1410
1411
1412
1413
1414
1415
1416
1417
1418
1419
1420
1421
1422
1423
1424
1425
1426
1427
1428
1429
1430
1431
1432
1433
1434
1435
1436
1437
1438
1439
1440
1441
1442
1443
1444
1445
1446
1447
1448
1449
1450
1451
1452
1453
1454
1455
1456
1457
1458
1459
1460
1461
1462
1463
1464
1465
1466
1467
1468
1469
1470
1471
1472
1473
1474
1475
1476
1477
1478
1479
1480
1481
1482
1483
1484
1485
1486
1487
1488
1489
1490
1491
1492
1493
1494
1495
1496
1497
1498
1499
1500
1501
1502
1503
1504
1505
1506
1507
1508
1509
1510
1511
1512
1513
1514
1515
1516
1517
1518
1519
1520
1521
1522
1523
1524
1525
1526
1527
1528
1529
1530
1531
1532
1533
1534
1535
1536
1537
1538
1539
1540
1541
1542
1543
1544
1545
1546
1547
1548
1549
1550
1551
1552
1553
1554
1555
1556
1557
1558
1559
1560
1561
1562
1563
1564
1565
1566
1567
1568
1569
1570
1571
1572
1573
1574
1575
1576
1577
1578
1579
1580
1581
1582
1583
1584
1585
1586
1587
1588
1589
1590
1591
1592
1593
1594
1595
1596
1597
1598
1599
1600
1601
1602
1603
1604
1605
1606
1607
1608
1609
1610
1611
1612
1613
1614
1615
1616
1617
1618
1619
1620
1621
1622
1623
1624
1625
1626
1627
1628
1629
1630
1631
1632
1633
1634
1635
1636
1637
1638
1639
1640
1641
1642
1643
1644
1645
1646
1647
1648
1649
1650
1651
1652
1653
1654
1655
1656
1657
1658
1659
1660
1661
1662
1663
1664
1665
1666
1667
1668
1669
1670
1671
1672
1673
1674
1675
1676
1677
1678
1679
1680
1681
1682
1683
1684
1685
1686
1687
1688
1689
1690
1691
1692
1693
1694
1695
1696
1697
1698
1699
1700
1701
1702
1703
1704
1705
1706
1707
1708
1709
1710
1711
1712
1713
1714
1715
1716
1717
1718
1719
1720
1721
1722
1723
1724
1725
1726
1727
1728
1729
1730
1731
1732
1733
1734
1735
1736
1737
1738
1739
1740
1741
1742
1743
1744
1745
1746
1747
1748
1749
1750
1751
1752
1753
1754
1755
1756
1757
1758
1759
1760
1761
1762
1763
1764
1765
1766
1767
1768
1769
1770
1771
1772
1773
1774
1775
1776
1777
1778
1779
1780
1781
1782
1783
1784
1785
1786
1787
1788
1789
1790
1791
1792
1793
1794
1795
1796
1797
1798
1799
1800
1801
1802
1803
1804
1805
1806
1807
1808
1809
1810
1811
1812
1813
1814
1815
1816
1817
1818
1819
1820
1821
1822
1823
1824
1825
1826
1827
1828
1829
1830
1831
1832
1833
1834
1835
1836
1837
1838
1839
1840
1841
1842
1843
1844
1845
1846
1847
1848
1849
1850
1851
1852
1853
1854
1855
1856
1857
1858
1859
1860
1861
1862
1863
1864
1865
1866
1867
1868
1869
1870
1871
1872
1873
1874
1875
1876
1877
1878
1879
1880
1881
1882
1883
1884
1885
1886
1887
1888
1889
1890
1891
1892
1893
1894
1895
1896
1897
1898
1899
1900
1901
1902
1903
1904
1905
1906
1907
1908
1909
1910
1911
1912
1913
1914
1915
1916
1917
1918
1919
1920
1921
1922
1923
1924
1925
1926
1927
1928
1929
1930
1931
1932
1933
1934
1935
1936
1937
1938
1939
1940
1941
1942
1943
1944
1945
1946
1947
1948
1949
1950
1951
1952
1953
1954
1955
1956
1957
1958
1959
1960
1961
1962
1963
1964
1965
1966
1967
1968
1969
1970
1971
1972
1973
1974
1975
1976
1977
1978
1979
1980
1981
1982
1983
1984
1985
1986
1987
1988
1989
1990
1991
1992
1993
1994
1995
1996
1997
1998
1999
2000
2001
2002
2003
2004
2005
2006
2007
2008
2009
2010
2011
2012
2013
2014
2015
2016
2017
2018
2019
2020
2021
2022
2023
2024
2025
2026
2027
2028
2029
2030
2031
2032
2033
2034
2035
2036
2037
2038
2039
2040
2041
2042
2043
2044
2045
2046
2047
2048
2049
2050
2051
2052
2053
2054
2055
2056
2057
2058
2059
2060
2061
2062
2063
2064
2065
2066
2067
2068
2069
2070
2071
2072
2073
2074
2075
2076
2077
2078
2079
2080
2081
2082
2083
2084
2085
2086
2087
2088
2089
2090
2091
2092
2093
2094
2095
2096
2097
2098
2099
2100
2101
2102
2103
2104
2105
2106
2107
2108
2109
2110
2111
2112
2113
2114
2115
2116
2117
2118
2119
2120
2121
2122
2123
2124
2125
2126
2127
2128
2129
2130
2131
2132
2133
2134
2135
2136
2137
2138
2139
2140
2141
2142
2143
2144
2145
2146
2147
2148
2149
2150
2151
2152
2153
2154
2155
2156
2157
2158
2159
2160
2161
2162
2163
2164
2165
2166
2167
2168
2169
2170
2171
2172
2173
2174
2175
2176
2177
2178
2179
2180
2181
2182
2183
2184
2185
2186
2187
2188
2189
2190
2191
2192
2193
2194
2195
2196
2197
2198
2199
2200
2201
2202
2203
2204
2205
2206
2207
2208
2209
2210
2211
2212
2213
2214
2215
2216
2217
2218
2219
2220
2221
2222
2223
2224
2225
2226
2227
2228
2229
2230
2231
2232
2233
2234
2235
2236
2237
2238
2239
2240
2241
2242
2243
2244
2245
2246
2247
2248
2249
2250
2251
2252
2253
2254
2255
2256
2257
2258
2259
2260
2261
2262
2263
2264
2265
2266
2267
2268
2269
2270
2271
2272
2273
2274
2275
2276
2277
2278
2279
2280
2281
2282
2283
2284
2285
2286
2287
2288
2289
2290
2291
2292
2293
2294
2295
2296
2297
2298
2299
2300
2301
2302
2303
2304
2305
2306
2307
2308
2309
2310
2311
2312
2313
2314
2315
2316
2317
2318
2319
2320
2321
2322
2323
2324
2325
2326
2327
2328
2329
2330
2331
2332
2333
2334
2335
2336
2337
2338
2339
2340
2341
2342
2343
2344
2345
2346
2347
2348
2349
2350
2351
2352
2353
2354
2355
2356
2357
2358
2359
2360
2361
2362
2363
2364
2365
2366
2367
2368
2369
2370
2371
2372
2373
2374
2375
2376
2377
2378
2379
2380
2381
2382
2383
2384
2385
2386
2387
2388
2389
2390
2391
2392
2393
2394
2395
2396
2397
2398
2399
2400
2401
2402
2403
2404
2405
2406
2407
2408
2409
2410
2411
2412
2413
2414
2415
2416
2417
2418
2419
2420
2421
2422
2423
2424
2425
2426
2427
2428
2429
2430
2431
2432
2433
2434
2435
2436
2437
2438
2439
2440
2441
2442
2443
2444
2445
2446
2447
2448
2449
2450
2451
2452
2453
2454
2455
2456
2457
2458
2459
2460
2461
2462
2463
2464
2465
2466
2467
2468
2469
2470
2471
2472
2473
2474
2475
2476
2477
2478
2479
2480
2481
2482
2483
2484
2485
2486
2487
2488
2489
2490
2491
2492
2493
2494
2495
2496
2497
2498
2499
2500
2501
2502
2503
2504
2505
2506
2507
2508
2509
2510
2511
2512
2513
2514
2515
2516
2517
2518
2519
2520
2521
2522
2523
2524
2525
2526
2527
2528
2529
2530
2531
2532
2533
2534
2535
2536
2537
2538
2539
2540
2541
2542
2543
2544
2545
2546
2547
2548
2549
2550
2551
2552
2553
2554
2555
2556
2557
2558
2559
2560
2561
2562
2563
2564
2565
2566
2567
2568
2569
2570
2571
2572
2573
2574
2575
2576
2577
2578
2579
2580
2581
2582
2583
2584
2585
2586
2587
2588
2589
2590
2591
2592
2593
2594
2595
2596
2597
2598
2599
2600
2601
2602
2603
2604
2605
2606
2607
2608
2609
2610
2611
2612
2613
2614
2615
2616
2617
2618
2619
2620
2621
2622
2623
2624
2625
2626
2627
2628
2629
2630
2631
2632
2633
2634
2635
2636
2637
2638
2639
2640
2641
2642
2643
2644
2645
2646
2647
2648
2649
2650
2651
2652
2653
2654
2655
2656
2657
2658
2659
2660
2661
2662
2663
2664
2665
2666
2667
2668
2669
2670
2671
2672
2673
2674
2675
2676
2677
2678
2679
2680
2681
2682
2683
2684
2685
2686
2687
2688
2689
2690
2691
2692
2693
2694
2695
2696
2697
2698
2699
2700
2701
2702
2703
2704
2705
2706
2707
2708
2709
2710
2711
2712
2713
2714
2715
2716
2717
2718
2719
2720
2721
2722
2723
2724
2725
2726
2727
2728
2729
2730
2731
2732
2733
2734
2735
2736
2737
2738
2739
2740
2741
2742
2743
2744
2745
2746
2747
2748
2749
2750
2751
2752
2753
2754
2755
2756
2757
2758
2759
2760
2761
2762
2763
2764
2765
2766
2767
2768
2769
2770
2771
2772
2773
2774
2775
2776
2777
2778
2779
2780
2781
2782
2783
2784
2785
2786
2787
2788
2789
2790
2791
2792
2793
2794
2795
2796
2797
2798
2799
2800
2801
2802
2803
2804
2805
2806
2807
2808
2809
2810
2811
2812
2813
2814
2815
2816
2817
2818
2819
2820
2821
2822
2823
2824
2825
2826
2827
2828
2829
2830
2831
2832
2833
2834
2835
2836
2837
2838
2839
2840
2841
2842
2843
2844
2845
2846
2847
2848
2849
2850
2851
2852
2853
2854
2855
2856
2857
2858
2859
2860
2861
2862
2863
2864
2865
2866
2867
2868
2869
2870
2871
2872
2873
2874
2875
2876
2877
2878
2879
2880
2881
2882
2883
2884
2885
2886
2887
2888
2889
2890
2891
2892
2893
2894
2895
2896
2897
2898
2899
2900
2901
2902
2903
2904
2905
2906
2907
2908
2909
2910
2911
2912
2913
2914
2915
2916
2917
2918
2919
2920
2921
2922
2923
2924
2925
2926
2927
2928
2929
2930
2931
2932
2933
2934
2935
2936
2937
2938
2939
2940
2941
2942
2943
2944
2945
2946
2947
2948
2949
2950
2951
2952
2953
2954
2955
2956
2957
2958
2959
2960
2961
2962
2963
2964
2965
2966
2967
2968
2969
2970
2971
2972
2973
2974
2975
2976
2977
2978
2979
2980
2981
2982
2983
2984
2985
2986
2987
2988
2989
2990
2991
2992
2993
2994
2995
2996
2997
2998
2999
3000
3001
3002
3003
3004
3005
3006
3007
3008
3009
3010
3011
3012
3013
3014
3015
3016
3017
3018
3019
3020
3021
3022
3023
3024
3025
3026
3027
3028
3029
3030
3031
3032
3033
3034
3035
3036
3037
3038
3039
3040
3041
3042
3043
3044
3045
3046
3047
3048
3049
3050
3051
3052
3053
3054
3055
3056
3057
3058
3059
3060
3061
3062
3063
3064
3065
3066
3067
3068
3069
3070
3071
3072
3073
3074
3075
3076
3077
3078
3079
3080
3081
3082
3083
3084
3085
3086
3087
3088
3089
3090
3091
3092
3093
3094
3095
3096
3097
3098
3099
3100
3101
3102
3103
3104
3105
3106
3107
3108
3109
3110
3111
3112
3113
3114
3115
3116
3117
3118
3119
3120
3121
3122
3123
3124
3125
3126
3127
3128
3129
3130
3131
3132
3133
3134
3135
3136
3137
3138
3139
3140
3141
3142
3143
3144
3145
3146
3147
3148
3149
3150
3151
3152
3153
3154
3155
3156
3157
3158
3159
3160
3161
3162
3163
3164
3165
3166
3167
3168
3169
3170
3171
3172
3173
3174
3175
3176
3177
3178
3179
3180
3181
3182
3183
3184
3185
3186
3187
3188
3189
3190
3191
3192
3193
3194
3195
3196
3197
3198
3199
3200
3201
3202
3203
3204
3205
3206
3207
3208
3209
3210
3211
3212
3213
3214
3215
3216
3217
3218
3219
3220
3221
3222
3223
3224
3225
3226
3227
3228
3229
3230
3231
3232
3233
3234
3235
3236
3237
3238
3239
3240
3241
3242
3243
3244
3245
3246
3247
3248
3249
3250
3251
3252
3253
3254
3255
3256
3257
3258
3259
3260
3261
3262
3263
3264
3265
3266
3267
3268
3269
3270
3271
3272
3273
3274
3275
3276
3277
3278
3279
3280
3281
3282
3283
3284
3285
3286
3287
3288
3289
3290
3291
3292
3293
3294
3295
3296
3297
3298
3299
3300
3301
3302
3303
3304
3305
3306
3307
3308
3309
3310
3311
3312
3313
3314
3315
3316
3317
3318
3319
3320
3321
3322
3323
3324
3325
3326
3327
3328
3329
3330
3331
3332
3333
3334
3335
3336
3337
3338
3339
3340
3341
3342
3343
3344
3345
3346
3347
3348
3349
3350
3351
3352
3353
3354
3355
3356
3357
3358
3359
3360
3361
3362
3363
3364
3365
3366
3367
3368
3369
3370
3371
3372
3373
3374
3375
3376
3377
3378
3379
3380
3381
3382
3383
3384
3385
3386
3387
3388
3389
3390
3391
3392
3393
3394
3395
3396
3397
3398
3399
3400
3401
3402
3403
3404
3405
3406
3407
3408
3409
3410
3411
3412
3413
3414
3415
3416
3417
3418
3419
3420
3421
3422
3423
3424
3425
3426
3427
3428
3429
3430
3431
3432
3433
3434
3435
3436
3437
3438
3439
3440
3441
3442
3443
3444
3445
3446
3447
3448
3449
3450
3451
3452
3453
3454
3455
3456
3457
3458
3459
3460
3461
3462
3463
3464
3465
3466
3467
3468
3469
3470
3471
3472
3473
3474
3475
3476
3477
3478
3479
3480
3481
3482
3483
3484
3485
3486
3487
3488
3489
3490
3491
3492
3493
3494
3495
3496
3497
3498
3499
3500
3501
3502
3503
3504
3505
3506
3507
3508
3509
3510
3511
3512
3513
3514
3515
3516
3517
3518
3519
3520
3521
3522
3523
3524
3525
3526
3527
3528
3529
3530
3531
3532
3533
3534
3535
3536
3537
3538
3539
3540
3541
3542
3543
3544
3545
3546
3547
3548
3549
3550
3551
3552
3553
3554
3555
3556
3557
3558
3559
3560
3561
3562
3563
3564
3565
3566
3567
3568
3569
3570
3571
3572
3573
3574
3575
3576
3577
3578
3579
3580
3581
3582
3583
3584
3585
3586
3587
3588
3589
3590
3591
3592
3593
3594
3595
3596
3597
3598
3599
3600
3601
3602
3603
3604
3605
3606
3607
3608
3609
3610
3611
3612
3613
3614
3615
3616
3617
3618
3619
3620
3621
3622
3623
3624
3625
3626
3627
3628
3629
3630
3631
3632
3633
3634
3635
3636
3637
3638
3639
3640
3641
3642
3643
3644
3645
3646
3647
3648
3649
3650
3651
3652
3653
3654
3655
3656
3657
3658
3659
3660
3661
3662
3663
3664
3665
3666
3667
3668
3669
3670
3671
3672
3673
3674
3675
3676
3677
3678
3679
3680
3681
3682
3683
3684
3685
3686
3687
3688
3689
3690
3691
3692
3693
3694
3695
3696
3697
3698
3699
3700
3701
3702
3703
3704
3705
3706
3707
3708
3709
3710
3711
3712
3713
3714
3715
3716
3717
3718
3719
3720
3721
3722
3723
3724
3725
3726
3727
3728
3729
3730
3731
3732
3733
3734
3735
3736
3737
3738
3739
3740
3741
3742
3743
3744
3745
3746
3747
3748
3749
3750
3751
3752
3753
3754
3755
3756
3757
3758
3759
3760
3761
3762
3763
3764
3765
3766
3767
3768
3769
3770
3771
3772
3773
3774
3775
3776
3777
3778
3779
3780
3781
3782
3783
3784
3785
3786
3787
3788
3789
3790
3791
3792
3793
3794
3795
3796
3797
3798
3799
3800
3801
3802
3803
3804
3805
3806
3807
3808
3809
3810
3811
3812
3813
3814
3815
3816
3817
3818
3819
3820
3821
3822
3823
3824
3825
3826
3827
3828
3829
3830
3831
3832
3833
3834
3835
3836
3837
3838
3839
3840
3841
3842
3843
3844
3845
3846
3847
3848
3849
3850
3851
3852
3853
3854
3855
3856
3857
3858
3859
3860
3861
3862
3863
3864
3865
3866
3867
3868
3869
3870
3871
3872
3873
3874
3875
3876
3877
3878
3879
3880
3881
3882
3883
3884
3885
3886
3887
3888
3889
3890
3891
3892
3893
3894
3895
3896
3897
3898
3899
3900
3901
3902
3903
3904
3905
3906
3907
3908
3909
3910
3911
3912
3913
3914
3915
3916
3917
3918
3919
3920
3921
3922
3923
3924
3925
3926
3927
3928
3929
3930
3931
3932
3933
3934
3935
3936
3937
3938
3939
3940
3941
3942
3943
3944
3945
3946
3947
3948
3949
3950
3951
3952
3953
3954
3955
3956
3957
3958
3959
3960
3961
3962
3963
3964
3965
3966
3967
3968
3969
3970
3971
3972
3973
3974
3975
3976
3977
3978
3979
3980
3981
3982
3983
3984
3985
3986
3987
3988
3989
3990
3991
3992
3993
3994
3995
3996
3997
3998
3999
4000
4001
4002
4003
4004
4005
4006
4007
4008
4009
4010
4011
4012
4013
4014
4015
4016
4017
4018
4019
4020
4021
4022
4023
4024
4025
4026
4027
4028
4029
4030
4031
4032
4033
4034
4035
4036
4037
4038
4039
4040
4041
4042
4043
4044
4045
4046
4047
4048
4049
4050
4051
4052
4053
4054
4055
4056
4057
4058
4059
4060
4061
4062
4063
4064
4065
4066
4067
4068
4069
4070
4071
4072
4073
4074
4075
4076
4077
4078
4079
4080
4081
4082
4083
4084
4085
4086
4087
4088
4089
4090
4091
4092
4093
4094
4095
4096
4097
4098
4099
4100
4101
4102
4103
4104
4105
4106
4107
4108
4109
4110
4111
4112
4113
4114
4115
4116
4117
4118
4119
4120
4121
4122
4123
4124
4125
4126
4127
4128
4129
4130
4131
4132
4133
4134
4135
4136
4137
4138
4139
4140
4141
4142
4143
4144
4145
4146
4147
4148
4149
4150
4151
4152
4153
4154
4155
4156
4157
4158
4159
4160
4161
4162
4163
4164
4165
4166
4167
4168
4169
4170
4171
4172
4173
4174
4175
4176
4177
4178
4179
4180
4181
4182
4183
4184
4185
4186
4187
4188
4189
4190
4191
4192
4193
4194
4195
4196
4197
4198
4199
4200
4201
4202
4203
4204
4205
4206
4207
4208
4209
4210
4211
4212
4213
4214
4215
4216
4217
4218
4219
4220
4221
4222
4223
4224
4225
4226
4227
4228
4229
4230
4231
4232
4233
4234
4235
4236
4237
4238
4239
4240
4241
4242
4243
4244
4245
4246
4247
4248
4249
4250
4251
4252
4253
4254
4255
4256
4257
4258
4259
4260
4261
4262
4263
4264
4265
4266
4267
4268
4269
4270
4271
4272
4273
4274
4275
4276
4277
4278
4279
4280
4281
4282
4283
4284
4285
4286
4287
4288
4289
4290
4291
4292
4293
4294
4295
4296
4297
4298
4299
4300
4301
4302
4303
4304
4305
4306
4307
4308
4309
4310
4311
4312
4313
4314
4315
4316
4317
4318
4319
4320
4321
4322
4323
4324
4325
4326
4327
4328
4329
4330
4331
4332
0.01326890246846425 7.213013675447114e-05 0
0.003738341280831706 0.00692539278717768 0
0.01008839244777944 0.006897203442041153 0
0.006911433467640548 7.783093239494563e-05 0
0.007045112080828119 0.006349903126977578 0
0.009963180484791442 0.0006600283774237793 0
0.01318988604145459 0.006345729030150822 0
0.003807788932902372 0.0006635148309075364 0
0.006583665671356786 0.006336761510102084 0
0.01041537077360445 0.0006477398625762886 0
0.007520327347886616 0.006385306459258175 0
0.009489807237655329 0.0006088911512217633 0
0.004270225426460936 0.000630084552401009 0
0.01273176588360208 0.00637903671735076 0
0.01087152443857647 0.000602504930581566 0
0.006124700793230445 0.006409306355442557 0
0.007940051393653249 0.000220988116613511 0
0.009061460730223661 0.006789263608747082 0
0.005892635447382557 0.0002228158092085048 0
0.01111793437117013 0.00678082440172824 0
0.01230179745202852 0.0002113285136510594 0
0.004696138036356315 0.006789434795886694 0
0.01366423890741653 0.006348210168993701 0
0.003337231683710513 0.0006496408940772033 0
0.00858736842049149 0.0003815017697985749 0
0.008429146421260768 0.00660546879273694 0
0.005241628476493732 0.0003946305920018967 0
0.01176597358197859 0.006602832787409186 0
0.01167354335848742 0.000406177245066453 0
0.005356192931318384 0.006595744823678008 0
0.004722471446589235 0.0005347070176678981 0
0.01227525904392715 0.006474153660064274 0
9.195352482899155e-05 0.003848584484452215 0
0.01690644452963471 0.003162821184061116 0
0.002878863087936132 0.000585880117945344 0
0.01411648001591521 0.006409737645443026 0
0.01390660785831279 8.3452796247488e-05 0
0.003101720671702586 0.006916141791055834 0
0.007974036977061004 0.006498577391348855 0
0.009036518832765728 0.0004963088072695125 0
0.01691694896476711 0.003850807825011697 0
8.656781947639913e-05 0.003148737094305045 0
0.01457701793360099 0.006517475050907495 0
0.002426246433009632 0.0004724371515858268 0
8.095507780086532e-05 0.004543461836208072 0
0.01691530800121392 0.002440775887869064 0
0.01457888496461036 9.493924676821832e-05 0
0.002419115791256079 0.006918529194321882 0
0.005729052018838353 0.006486486634024281 0
0.01127686372026779 0.0005253915562198606 0
0.01691711512626193 0.004447280326385738 0
7.704488013051194e-05 0.002552279624428224 0
0.001971374809368365 0.0003443952938928132 0
0.015032565047706 0.006644427713389727 0
0.0105990599749233 0.006884238330160121 0
0.009580636059543741 0.006882665531379511 0
0.007414673246963535 0.000135836294191938 0
0.00639619073235319 0.0001128624277776679 0
0.01691833651958881 0.001854664000813133 0
9.13531503255946e-05 0.005150185843983699 0
0.01275429969465773 0.0001185181579268333 0
0.004244898187449218 0.006888835520999018 0
0.01517639328054857 7.933853650922721e-05 0
0.001820830482250879 0.00690685069980603 0
0.0169150649157131 0.005047967748563545 0
8.656781947639913e-05 0.001949218201236456 0
0.001589394938537976 0.0002458455309369812 0
0.0154099564573811 0.006763126821314509 0
8.837554485965037e-05 0.005649446593328751 0
0.01691823033819147 0.001352265211802051 0
0.01579771040197098 0.006864974236873207 0
0.001202283912154409 0.000157203270070831 0
0.01567216882684257 6.635036364823236e-05 0
0.001321728672744327 0.006913417173003046 0
0.01691116975899837 0.005554002524774605 0
8.168061760631742e-05 0.001452487181781893 0
0.01199025229477216 0.0003253483130616643 0
0.005020062975021815 0.006677670745200754 0
0.008250723415261531 0.0003058030325540817 0
0.008741709102650291 0.006701567076174033 0
0.005566122085872859 0.0003048106946037239 0
0.01142485608499554 0.006687418451598426 0
0.0161279360185851 0.006904489650336413 0
0.0008786682414724011 8.857319217897086e-05 0
8.214902164896919e-05 0.00604757441922079 0
0.01690560847624883 0.0009619620693742475 0
8.395657811620036e-05 0.001049579031435012 0
0.01693071491846532 0.005949069526327875 0
0.01605506312363735 8.297234166524141e-05 0
0.0009295145093509314 0.006914961254992287 0
0.0120191416263746 0.006541361590544947 0
0.00498278057262924 0.0004487009250438751 0
0.01085382258201494 0.006833485674224839 0
0.009324526023141412 0.006828857328329106 0
0.007681699843170825 0.0001737476089923558 0
0.006145815036990061 0.0001692878884157092 0
0.0005562601783866711 6.540465316841109e-05 0
0.01644536445648739 0.006926710711029611 0
0.01301302005045623 9.75437221860118e-05 0
0.003986079513620708 0.006908694409782704 0
0.01033276047416663 0.006890296395782963 0
0.006659220704360388 8.807595551919845e-05 0
0.007167109054954594 9.493496486418255e-05 0
0.009834884871761465 0.006895326904065019 0
0.01691330281929399 0.006335989673223394 0
8.465522699337147e-05 0.0006497394004121456 0
0.01691557529061518 0.0005605194053571933 0
9.418458403465113e-05 0.006439030831960549 0
8.537999096240242e-05 0.002851452767809384 0
8.474839943792452e-05 0.002249097924503596 0
9.318221961138184e-05 0.004859493638904191 0
9.878544451335375e-05 0.004154986056395716 0
8.973775211181326e-05 0.003440854016203608 0
0.01691157212181473 0.002739210608311994 0
0.01691351483725176 0.004745822426811881 0
0.01691680982377487 0.00214305828074475 0
0.01691791644369568 0.003438042974103688 0
0.01691704093023754 0.004147718723798765 0
0.002804301323294226 0.006916886422548327 0
0.01636055425903071 8.530113972065809e-05 0
0.003394040335563888 0.00691425531933592 0
0.01488714715475887 7.73430024089577e-05 0
0.01419537672651447 7.951617993249465e-05 0
0.01360595966443611 8.574468066408023e-05 0
0.0006283103287176399 0.006904775421711253 0
0.002115121416644967 0.006914461249059652 0
0.01021622815713556 0.0006474367712998824 0
0.006782313907526445 0.006337784071337085 0
0.01346107135915663 0.006345096701720218 0
0.003538077728391815 0.0006436726932264876 0
0.006389433372607748 0.006377690525782817 0
0.01061585832412587 0.0006501382160181346 0
0.01385079680970603 0.006368340825145721 0
0.003141129724810243 0.0006119270189927795 0
0.004001370276800988 0.0006407353002391178 0
0.01300346027727598 0.006366818655260552 0
0.009757079756108017 0.0006560924742940112 0
0.007242373825229321 0.006346194307663764 0
0.004461928614557914 0.0005893629781792099 0
0.01253668613528355 0.006402613489382819 0
0.009283067488068644 0.0005812742513827259 0
0.00770416403605548 0.006429765273096156 0
0.002681558963643096 0.0005450859521814863 0
0.01431438165849405 0.006457954192614719 0
0.01108322012267482 0.0005567132712549468 0
0.005927035069661012 0.006456222395175287 0
0.008158307137360864 0.006543437837034638 0
0.008841692862639137 0.0004565621629653623 0
0.002229897863676702 0.0004082231072271756 0
0.0147666098790412 0.006578584967438111 0
0.005534942083869345 0.006539417153301886 0
0.01145785018254137 0.000446830098279288 0
0.01521705904324059 0.006719674613969396 0
0.001775254095806182 0.0002927350077568521 0
0.01249436684580991 0.0001737882665344089 0
0.00450941617328907 0.006816875065504638 0
0.001389512843309612 0.0001888028190613128 0
0.0156103905653229 0.006814162034626762 0
0.01665 0.00692863835899331 0
0.0003499999999999996 7.136164100668982e-05 0
0.0003501270690234627 0.00692101041701214 0
0.01665833737364921 9.055987230855529e-05 0
8.657360745343082e-05 0.0003498596771449899 0
0.01692325177177877 0.006637299842548275 0
7.89635338989559e-05 0.003645261729004818 0
8.768486046648385e-05 0.0008477336972612447 0
9.027376731688547e-05 0.004343575312954061 0
8.16571551310024e-05 0.001255607153614382 0
8.554182076151232e-05 0.001647558400646017 0
8.765382576110189e-05 0.006250113631957882 0
8.041817499715789e-05 0.005847654603709356 0
0.01691753326158509 0.002951835132577858 0
0.01690113497504504 0.003655381167872825 0
8.519597637826788e-05 0.00534785506493077 0
0.01691413849889513 0.0057399333207619 0
0.01691492131042766 0.005259029091746249 0
0.01691262252212408 0.006140440402278855 0
0.01690843617251261 0.001137754478676726 0
0.01691962541447957 0.001551996425045829 0
0.01691656243277066 0.0007492668235864366 0
8.524663500937904e-05 0.006648332276397304 0
0.01690371422580132 0.0003418664844309078 0
0.01587111227248413 8.24128781282134e-05 0
0.002599289232553578 0.006909881777981712 0
0.001130843890019371 0.006916938271859128 0
0.001636063431502494 0.006910923352976764 0
0.01547993445280704 7.973992061783815e-05 0
0.01440027548456384 8.746233491358077e-05 0
0.006909336864412803 0.006352644586998156 0
0.01008439930030617 0.0006614067705199597 0
0.01333033873857545 0.006351379515124048 0
0.00366799503221792 0.0006503902848112807 0
0.006256877094996097 0.006377876312111027 0
0.01074643960091535 0.000618034716764406 0
0.01398254931391835 0.006398388313149624 0
0.003000426882803583 0.000615452750305071 0
0.01286915682574286 0.006365465042826422 0
0.004137531187969346 0.0006291105390821626 0
0.009635290583574567 0.0006300342957349533 0
0.00737032256271649 0.006385907583785398 0
0.01240465224320584 0.006436298822889925 0
0.004584499436328977 0.0005452985893532785 0
0.00916799181504622 0.0005428595174269226 0
0.007833631805518184 0.006451355613344497 0
0.01443834918137188 0.006499428606898937 0
0.002556750978312133 0.0005059832379217749 0
0.01213647742639569 0.006501465317905407 0
0.004849134275411815 0.000483444241465382 0
0.008713867814958025 0.0004376276680710584 0
0.008288423008835219 0.006572717091645716 0
0.005111668883202986 0.0004184122478878643 0
0.01188199727564692 0.006569616888600346 0
0.01179055611388334 0.0003810612203797698 0
0.005209145901358147 0.006621022753114041 0
0.0149023771566509 0.006610187628724999 0
0.002099002770828329 0.0003901105234961236 0
0.005377988492324947 0.0003587766441967995 0
0.008561044818977414 0.006631291133975269 0
0.008432946206459622 0.0003675328309431878 0
0.01162790216531874 0.006643725889102966 0
0.01210928122498463 0.0002639008025647495 0
0.004894439441109653 0.006734575493172647 0
0.005706499091337927 0.0002659978269513165 0
0.011304500797139 0.006735362882892301 0
0.008129337853066416 0.0002945283793542594 0
0.008883793888331722 0.00672854241911282 0
0.01097167575085844 0.006786812278282541 0
0.007796664811152045 0.00020533821511423 0
0.009199130254466503 0.006804556822065844 0
0.006021088704704573 0.0002080559696582347 0
0.004371687356283223 0.006848778554210315 0
0.01262622434219005 0.0001431927812166542 0
0.01593119503146568 0.006861551469890441 0
0.001063550356820139 0.0001410319018235059 0
0.003587317581139225 0.006928162973283896 0
0.01340079512085578 7.730521707896088e-05 0
0.006268986548449236 0.0001512052733822389 0
0.007554313808904442 0.0001357300872864052 0
0.01073031215860513 0.006853157482791321 0
0.009445732826542484 0.006847832034391691 0
0.01289284273333873 0.0001107547848303728 0
0.004117779048500626 0.006902443215934043 0
0.01625637344237367 0.006921995995064571 0
0.0007470540333703313 8.826632574457025e-05 0
0.009703765907810739 0.006894947478682602 0
0.01047462899398231 0.006896985015701197 0
0.006527000592789964 9.984372794740902e-05 0
0.007300384589507125 0.0001231133126122605 0
0.01313113132467465 8.983339995680432e-05 0
0.003863209468867325 0.006918251347933554 0
0.006786877398195485 8.008954389774432e-05 0
0.007032106371884236 0.0001084279016894088 0
0.01021079580200904 0.006896102846637876 0
0.009966969019435857 0.0068948085062906 0
0.0169051177262047 0.000156011611971246 0
9.188780063931409e-05 0.006845719827409684 0
0.01684769082109502 0.006922276821695298 0
0.0001588129502289957 9.585435548384357e-05 0
0.0004366476575196811 6.934295480789639e-05 0
0.0004059042960345913 0.000151877856655248 0
0.0003119441239458603 0.0001603467259651101 0
0.0003678987098817803 0.0002410703960945009 0
0.0004708661835224111 0.0002310551750653563 0
0.0004301080689344781 0.0003292879824343033 0
0.0005444011836663303 0.0003181875024420413 0
0.0004937952770744415 0.0004314792891988895 0
0.000624351782070362 0.0004163590133711204 0
0.0005665135967462993 0.0005442443008037744 0
0.0007093474383879049 0.0005268438385500952 0
0.0006488438974081544 0.0006713409082843677 0
0.0008287594916551507 0.0006336170395243781 0
0.0007450134153521217 0.0008096887496806954 0
0.0009195776349330441 0.000787518697609936 0
0.0008457123378902143 0.0009657945048077731 0
0.001043197127374927 0.0009440460218702066 0
0.0009609014115011701 0.001138232008835437 0
0.001169912740192364 0.001113711600628622 0
0.001087538906157732 0.001327293994097173 0
0.001344150806092692 0.001263984145225381 0
0.001231511941833767 0.001531159484705044 0
0.001489769044095229 0.001501183772510062 0
0.001378773207787877 0.001770699787356655 0
0.001681822825497253 0.001729499599640947 0
0.00154900169270998 0.002022296012180859 0
0.001886855392515082 0.001972198812752983 0
0.001741303109068922 0.002287903315144353 0
0.002105538749592482 0.002239657080414708 0
0.001948495855065926 0.002583016287261668 0
0.00232345430553654 0.002534243967937013 0
0.002167842769922537 0.002882250050849531 0
0.002562023512874464 0.002847292291431182 0
0.002415003869015315 0.003190666009458495 0
0.002802633938508678 0.003163614566554251 0
0.002657161204558905 0.003520917660964311 0
0.003042197539598782 0.003485441672253407 0
0.002887362451036333 0.003854904464299612 0
0.003284908191138603 0.003809806075168023 0
0.003436767407772439 0.003442980049154914 0
0.00367532982338307 0.003764053166347215 0
0.00383416153078537 0.003397393491351024 0
0.004072677776359228 0.003718068295170842 0
0.004230650583736348 0.003343999979687453 0
0.0044698764242288 0.003670795535430806 0
0.004627824346702779 0.003296512570343055 0
0.004867164305413898 0.003624292476679056 0
0.005022649126274195 0.003242700090350883 0
0.005264071660591865 0.003576829874400744 0
0.005419496961394685 0.003195111212701501 0
0.005661256671636744 0.003530278263809298 0
0.005817095302046745 0.003169200963571854 0
0.006058525455771997 0.003486736089949707 0
0.006198032305257593 0.003112231081482524 0
0.006453118899657951 0.003439274383354597 0
0.006595095804101738 0.003058008192451611 0
0.006850045690789776 0.003392406401186735 0
0.007008753328674648 0.003025134797635689 0
0.007250035556068835 0.003348406474419147 0
0.00740925370631158 0.002981612880101482 0
0.007648343075883105 0.003303109803098558 0
0.007809399724753802 0.00293452571627065 0
0.008048430034459542 0.003255428431551623 0
0.007887612832932761 0.003624112091423522 0
0.008285069440356093 0.003578035734971936 0
0.008447181706888539 0.003209839556762822 0
0.00868266329965975 0.003532048499161582 0
0.008840733168842643 0.003165214076877266 0
0.009079413332530982 0.00348623668260864 0
0.009238091510705754 0.003119141106660081 0
0.009476657207648309 0.003440212854209995 0
0.00931788146019975 0.003807350317708643 0
0.009715204462726267 0.003761292519052896 0
0.009874052200730897 0.003394794807208436 0
0.01011254994132272 0.003715336847506388 0
0.01027140142533901 0.003348856156846801 0
0.01050989153785175 0.003669311429918074 0
0.0106695778123404 0.003310025343765219 0
0.01090737034776842 0.003624459027536134 0
0.01106707949115501 0.003265368443917675 0
0.01130475957521858 0.003578831113227597 0
0.01146354428582317 0.003211766187653107 0
0.01170189033572529 0.0035309731046484 0
0.01186070269101392 0.003164146446242189 0
0.01211420335214144 0.0034978100056105 0
0.0122627094928979 0.003138970336189051 0
0.01250313096709768 0.003442087842423921 0
0.01265713286848191 0.003083979943594894 0
0.01289481789640099 0.003398715027697727 0
0.01305592437345867 0.003052755726556143 0
0.0132898951734969 0.003356734253536947 0
0.01345033676256152 0.002985766105126296 0
0.01368684985943166 0.003304513505877767 0
0.01384712375439606 0.002935188013007835 0
0.01408523444865396 0.003255353313606889 0
0.01424469894220803 0.002887448131708488 0
0.01035109982017693 0.004036319639506949 0
0.003915493328579252 0.004083951113171043 0
0.01392518103715882 0.003623657057651374 0
0.01154311404319698 0.003898110802155707 0
0.01432834594186511 0.003571212367952882 0
0.005105714010567843 0.003946186807104208 0
0.00245485839563923 0.003871597183018046 0
0.002721869967251244 0.004223315137187982 0
0.006746084708159909 0.002680784838674913 0
0.01274508445611278 0.003764836578604765 0
0.00669091778078982 0.003761422806565039 0
0.008125841864793634 0.003945554017797316 0
0.01315843544101121 0.002640180750093941 0
0.01416784591411928 0.003943159740949395 0
0.005594625712557516 0.002837854718195932 0
0.002340940622449257 0.004273413876916854 0
0.01456871006554968 0.003891310351928779 0
0.01202790678276728 0.002799623367033201 0
0.003980141908460912 0.003014786523807787 0
0.0104658245693033 0.002993389208484295 0
0.002562416831008642 0.004593639804303974 0
0.009000273946096714 0.002798405969477503 0
0.002191472722001214 0.004630372707028372 0
0.01440775738634336 0.004263537403419439 0
0.01480256507504658 0.004222768764027576 0
0.01503452293075844 0.003826146235611774 0
0.002404303536455445 0.004957584534304648 0
0.001989220471515927 0.004958934284535343 0
0.01460931599818385 0.004628368673761455 0
0.01428045522877871 0.004569737508481662 0
0.01502651314197596 0.004552036951709604 0
0.001970314316551928 0.004306599626213187 0
0.002478923607553299 0.002187992407334802 0
0.001774172330600716 0.002897303062733727 0
0.01488942321326843 0.004900513245686512 0
0.01525560377367403 0.004847373840295133 0
0.01539836748548143 0.004539638034097788 0
0.01511103601209763 0.005171639993434976 0
0.01549103331211883 0.00509130850096153 0
0.01478968543331433 0.005217762954091636 0
0.002005502814856524 0.001673775580812362 0
0.001411994972808025 0.002324949322414551 0
0.002244954152121514 0.005327316097529108 0
0.002609086387331419 0.005269106964331584 0
0.001872117217393393 0.005335703408041227 0
0.001622620365691314 0.00507032029450173 0
0.001527954713496284 0.005379898568514862 0
0.01529146853577912 0.005436824520788025 0
0.01562683665338527 0.005381833242723727 0
0.01579737608483774 0.005146753128679939 0
0.002477571592820962 0.005597373864763036 0
0.002799962685406707 0.005546636487657625 0
0.001313955692452409 0.005146985764286278 0
0.001178790595291901 0.005410301782346924 0
0.001404370467581292 0.005649754508206567 0
0.001115497694908435 0.005679583356651328 0
0.01550346682139374 0.005647075419589141 0
0.01578316948179923 0.005610389069086051 0
0.001627146422344595 0.001261681464219166 0
0.01525449800361364 0.005703952569204198 0
0.00111116572729897 0.00177317914014454 0
0.001278903857713207 0.005890961723662887 0
0.001026115980799508 0.005918652773658216 0
0.002689911676490144 0.005861621725355591 0
0.002971828344736385 0.00579023572859509 0
0.002412476419164637 0.005887676206792493 0
0.003097441431139262 0.005524000455956394 0
0.003254278986222129 0.005749660091809564 0
0.003388158426797968 0.005500699867356174 0
0.003537912946466027 0.005773747982096526 0
0.003682982384559681 0.005485961432690936 0
0.003854388931751688 0.005747756265407168 0
0.003979082223542694 0.005464629612431269 0
0.004150381306158153 0.00570372287272268 0
0.004272786350917681 0.005444805757411811 0
0.004428348600961563 0.005679230560721459 0
0.004557355220684763 0.005425762655326224 0
0.004709419828883914 0.005689037345514684 0
0.004838737436319205 0.005411765047782421 0
0.005020856630154505 0.005656751809782641 0
0.005111324419938734 0.005399656552781562 0
0.005277002116331251 0.005602189946982026 0
0.005370720432298874 0.005380746957279386 0
0.005506973079899497 0.005587853812070116 0
0.005618352011735786 0.005370100421038166 0
0.005749555544939442 0.00560926294359166 0
0.005863654071232105 0.005356441754620969 0
0.006005576309482811 0.005587543301068859 0
0.00610286954607164 0.00534559203090126 0
0.006239963565005606 0.005538295939883501 0
0.006336780591671516 0.005329125997541288 0
0.00646235064257829 0.005518384559548079 0
0.006568171586394593 0.005311356882916188 0
0.006713965205635386 0.005521739878107201 0
0.006800720857230911 0.005299718764360865 0
0.006944115297945606 0.005481142506632584 0
0.007033884293579476 0.005283766113767175 0
0.00717409060815638 0.005501470256425457 0
0.007273126825555083 0.005273184460172905 0
0.007405912879461328 0.005466004712322746 0
0.007514088983708875 0.00524649451881184 0
0.007647060904970163 0.00544772609745289 0
0.005970516694989988 0.005129741274979668 0
0.007761320589982659 0.005228870667208991 0
0.007900644344838737 0.005473962314888286 0
0.008020852175193658 0.005209816927457502 0
0.008168362249566961 0.005426712148973624 0
0.008291386443179593 0.005180868730960753 0
0.00845153060850978 0.005411459021802575 0
0.008571811381450026 0.005159822837076153 0
0.00872586476322406 0.005398963437479471 0
0.01564958306821095 0.005874066531134889 0
0.01593106526234886 0.005828941793956583 0
0.01606228055596299 0.005612851155629631 0
0.008599764600978357 0.005675536491855893 0
0.008870281995315485 0.00563990717701705 0
0.009003465260784766 0.005391978872663629 0
0.009149060341919556 0.005635178995589293 0
0.009286301734207154 0.005393314173418142 0
0.009435295486537591 0.005639571285524028 0
0.009577928041982884 0.005388818817960016 0
0.009704627392493947 0.005631545325322949 0
0.009874736697705562 0.005390107171768085 0
0.009989307782083767 0.005670305942319653 0
0.01017471089437315 0.00538888808605192 0
0.01033661192298586 0.005677912373514051 0
0.01048720895833831 0.005389777919423161 0
0.01064538380083893 0.005647368662723973 0
0.01078889744080548 0.005390042833229053 0
0.01096270536172222 0.005673938692957864 0
0.01108419072840312 0.005397235387508747 0
0.01123808988403766 0.00562972798754194 0
0.01136266122857374 0.005401179459523012 0
0.01150606202301151 0.005665475166663291 0
0.011630403672162 0.005411700176169596 0
0.01176502085807201 0.005631647811817606 0
0.01188649326790897 0.005413280043782556 0
0.01201648884915542 0.005651843698757491 0
0.01213244581709605 0.005422208307056841 0
0.01225578254258425 0.005624987660072365 0
0.01236851094420302 0.005430298175698248 0
0.01248813300981278 0.005656161116925249 0
0.01259700231991486 0.005438920472223982 0
0.0127071377222937 0.005625196097825336 0
0.01281781978467888 0.005438706159190049 0
0.01292089101552078 0.005620358366787901 0
0.01303521608691441 0.005437690139763695 0
0.01313386317933422 0.005643886594945332 0
0.01229235938592533 0.005181545016406757 0
0.01293049290654351 0.005236106603870281 0
0.007349903918397896 0.005039277409382096 0
0.01018200482220325 0.005900796940979293 0
0.009571012216284387 0.005887723131273292 0
0.001034725915956436 0.005175744160152838 0
0.001116074337640103 0.004949858035701723 0
0.01080195704261248 0.005912509930224715 0
0.003724330012521065 0.005969739684433782 0
0.01324702506977221 0.005443809852256236 0
0.01333984494001168 0.005618618228484029 0
0.004318016458805539 0.005928382090528094 0
0.009019591128620419 0.00587054949898917 0
0.00125676872477746 0.0008811657046580205 0
0.0008609991221073176 0.001318682302192369 0
0.003141935847933812 0.006021573458776273 0
0.008086583991896334 0.005649865584699491 0
0.01134101237758915 0.005836922816224353 0
0.015837786611368 0.006041495945903143 0
0.01605981909387155 0.006021197353304527 0
0.01565466436119405 0.006097078581349317 0
0.0048960992353712 0.00586278626426894 0
0.004779164666839615 0.002926942869018333 0
0.01122878140657315 0.002904675287792085 0
0.007568930877929624 0.002615196865484391 0
0.014006097104274 0.002566654202672267 0
0.01440341778749141 0.002519597953154574 0
0.01417310440169515 0.002193402231105386 0
0.01456004935132725 0.002151872054915607 0
0.01434032245266536 0.001835278543106638 0
0.01471822410479335 0.001749981719992177 0
0.0149432383182029 0.002088965889163124 0
0.01509777861779581 0.001750922903414549 0
0.0153092817631866 0.002033453530139567 0
0.01543988191366155 0.001714420378777596 0
0.01525403081347935 0.001450313701351419 0
0.01556793758477455 0.001413689835005339 0
0.01448267522880829 0.001475320053312184 0
0.01415309761518532 0.001531888137367048 0
0.01567365268722348 0.001957890225609788 0
0.01552956893149927 0.002278245711368311 0
0.01426830023633958 0.00123861531606312 0
0.0139832040336391 0.001273812535960485 0
0.01582224853398602 0.002236266449967555 0
0.01573095130228798 0.002497497784608366 0
0.01594452491719434 0.002024432299184198 0
0.01539786281049541 0.001174744093491327 0
0.01567039790028425 0.001155073012796476 0
0.01598330820091708 0.00246214978253069 0
0.01591154340106579 0.00269848074597139 0
0.01409412075715718 0.0009959830077577642 0
0.01383833296150772 0.001048476294587656 0
0.01371798714012114 0.001285769438799001 0
0.01358344227888665 0.001063772961438665 0
0.01345450802322512 0.001290623980195322 0
0.01332191780112595 0.001030903533499479 0
0.01319121545801819 0.001295385046410517 0
0.01302343290339632 0.001052966875855185 0
0.01292619909608303 0.001300309427408822 0
0.01277105658890154 0.001095788031057881 0
0.01267082411810344 0.00131025082491518 0
0.0143472790644841 0.0009825882167718062 0
0.01254680493032228 0.001102685306437872 0
0.01242725883736382 0.001313950954676099 0
0.01230874862200908 0.001080186843832394 0
0.01218592902923555 0.001314630881129195 0
0.01207240618118667 0.001115693411526324 0
0.01195907116900024 0.00131701203107429 0
0.01184746983060143 0.001099977402703223 0
0.01173581100197026 0.001318568479129826 0
0.01163338713765045 0.001135928063124585 0
0.01152041851698219 0.001323559316781249 0
0.01163399730182854 0.001519937737893627 0
0.01140220777322085 0.001514634945183962 0
0.01129839819565144 0.001285199441294101 0
0.01117217441661535 0.001502844554894522 0
0.01107810601494323 0.001306195147492687 0
0.01095686644787759 0.001488684847202425 0
0.01086469792715144 0.001272206554990582 0
0.01074714272547157 0.001471626226687574 0
0.01065608941094153 0.001293050034369995 0
0.01054148618677492 0.001465914821531982 0
0.01045600670632975 0.00126819452263354 0
0.01034400594881001 0.001451182369295387 0
0.01023448079638228 0.001261483329474765 0
0.0101444940103472 0.001443002787493531 0
0.01003582985499136 0.001278954004755344 0
0.009934915584354394 0.001434487300746097 0
0.01003937936402849 0.001626073831214652 0
0.009824188055264485 0.001610375240745575 0
0.009725100974828219 0.001414113125228857 0
0.009602684836977082 0.001590659644559993 0
0.009512129898186422 0.00137796676585894 0
0.009383483505162752 0.001565884159176854 0
0.00928921934446753 0.001364527298028002 0
0.009161848805743193 0.001544873583900484 0
0.009068484585472825 0.001315830135967914 0
0.008938451569117741 0.001514720352419015 0
0.008847455562699086 0.001312108212481602 0
0.008711990432317284 0.001488695365802651 0
0.008621486961168044 0.001290171021088432 0
0.008479332569852943 0.0014736063541051 0
0.008392908198641446 0.001229060951813027 0
0.008241514677648346 0.001449785429139908 0
0.008151258458499981 0.001226821465147311 0
0.007996370862710364 0.001429302447573389 0
0.007909103324630004 0.001174807473609127 0
0.007744918577299242 0.001406047619255981 0
0.007638078579361103 0.001137215375181808 0
0.007486439728020313 0.001376324452812314 0
0.007378215289839985 0.001143378505871996 0
0.00722443072133242 0.001359108700059838 0
0.007110505251196379 0.001077552599655296 0
0.006960497573350911 0.001326873816166106 0
0.006851209436379881 0.001089235559185196 0
0.006699849458620133 0.001303684969120437 0
0.006598837995946527 0.00107200740552932 0
0.006445863915993033 0.001275894817129842 0
0.006352601854719895 0.001018227711504522 0
0.006197512983786821 0.001243941534583545 0
0.00612360642552784 0.001017822604251348 0
0.005953411986613151 0.001178742386359385 0
0.006052095509622211 0.001443212252245377 0
0.005800446553173713 0.001402635011222905 0
0.005704597718466 0.001176482091305445 0
0.005555850331106495 0.001363812024078641 0
0.00549584026695459 0.001141324817837647 0
0.005323750039480213 0.001283971066474735 0
0.01063178802778062 0.001658672125159114 0
0.00540080499637467 0.001545199262898818 0
0.005163127795329895 0.001486853645098354 0
0.005087388846738887 0.001266190317406547 0
0.004935067655195192 0.00143217308547125 0
0.009927448955105011 0.001821406710732183 0
0.01256194993473317 0.001569091152784801 0
0.004886779200754191 0.001220657533078168 0
0.004713992746083225 0.001351885582693649 0
0.004769716921154889 0.001592196918087604 0
0.004557227051403085 0.001516464962593085 0
0.005235346703454398 0.001742020055085864 0
0.004516019362776245 0.001340795694237697 0
0.004353292631767374 0.001470344315917054 0
0.004392394290358685 0.001663819381675261 0
0.004166365005704084 0.001593327177510273 0
0.004142958371904305 0.001367732902548253 0
0.003959335865571439 0.001502711730228046 0
0.003972099366613951 0.001747397769632679 0
0.003767624499288304 0.001643791778724538 0
0.003743470242721625 0.001419415334197442 0
0.003568920306198469 0.001541402981864505 0
0.003596832872217405 0.001786989930976303 0
0.00355479698364955 0.001308547259685851 0
0.003385316390100677 0.001441141884806212 0
0.002546792156358575 0.006090195476609799 0
0.002336612091948895 0.006113928499425252 0
0.01552510714692495 0.0009109226713959226 0
0.0157716181456009 0.0009200440893239359 0
0.01591406500302927 0.001106259045953998 0
0.01599928087565186 0.0008959389378318488 0
0.01613537475341374 0.001061200374981029 0
0.01621374129857429 0.0008664428813462363 0
0.007270939022026134 0.0009179902093073016 0
0.008339558673492379 0.001686740046211978 0
0.0008565636774168182 0.005005757749282342 0
0.0009414941981608915 0.004784130386000087 0
0.0008302669173821621 0.005209507460778213 0
0.01315439864274918 0.000834177303283893 0
0.006742350038607958 0.0008704793796861713 0
0.001161989033010581 0.006129489608958044 0
0.0009336963901287968 0.006143721557124029 0
0.001401593219116355 0.006094798298347085 0
0.006681189148023349 0.005079050030063986 0
0.007790191879355143 0.000981005468817713 0
0.0152775020108158 0.0009520236976231621 0
0.01614014899068521 0.002640033590053327 0
0.0161005286910114 0.002868485106907868 0
0.01622100449216321 0.002409149277310976 0
0.01583847699834383 0.002924792859618909 0
0.01600912898344151 0.003092772724261948 0
0.01543211084760759 0.002568665926561493 0
0.0008036807948201231 0.005961090139039303 0
0.0007208217575113427 0.006163898668231272 0
0.005904262611299562 0.00166100578974791 0
0.005401181349697404 0.005797742112788864 0
0.01345749723590454 0.005440370729047281 0
0.01355795186666293 0.005630804201351662 0
0.0126604860753755 0.000902157419568094 0
0.007530896921662159 0.005655718445959391 0
0.01371586018890075 0.0008517966729331169 0
0.003363618475248886 0.001246413488948161 0
0.003211570957511322 0.001353689380671826 0
0.01187241504882192 0.005842461769950016 0
0.008265012742826398 0.001038610815900063 0
0.005614877643801948 0.0009759924952314532 0
0.00622439931556283 0.0008401817728220999 0
0.01422527819626515 0.0007993193010597372 0
0.014414140086407 0.0007766829431440718 0
0.005882905653927954 0.005745403159027717 0
0.01598872842378021 0.006225314980089059 0
0.01618309547274573 0.0061890027041682 0
0.01626696174423362 0.006012687163489868 0
0.004674130585188152 0.00522021919617426 0
0.01621543639638309 0.003044304348086436 0
0.01618463045538663 0.003246810846537601 0
0.009133135720034411 0.005132454777967213 0
0.005438173092446943 0.0009459085448412061 0
0.007040437836845555 0.005671161004822193 0
0.01215744723849733 0.0009304894947802563 0
0.01595106304413304 0.003313970825141071 0
0.01611738983760023 0.003458448906208948 0
0.008739923182662292 0.001110895050851187 0
0.01537070150841758 0.0007455861858364577 0
0.015180565486433 0.0007563671705988215 0
0.01151594515055001 0.001737440904411338 0
0.003196661290700252 0.001172682390136549 0
0.003049826173298038 0.001270432195780044 0
0.006345471804062159 0.005729316892114505 0
0.0007308586052169053 0.004822340374504048 0
0.0007937953887667288 0.004633986963869929 0
0.01093337557431823 0.005093479110940919 0
0.01233726361212785 0.005815938230853098 0
0.009468299236363043 0.001807584492938609 0
0.00246113341411886 0.006279730577049759 0
0.002275264864155313 0.006310096152706605 0
0.01367009149422433 0.005443020145119641 0
0.01378060481128838 0.005625106982107409 0
0.01355583166566859 0.005244835950630341 0
0.01306725871285175 0.001539675638160739 0
0.0008321892295249057 0.006324160383643789 0
0.0006571335115923855 0.006339597646495192 0
0.01608915952981656 0.0007069766855863579 0
0.01630598790496725 0.0006989785556326513 0
0.0009809605698800957 0.0006496926141909341 0
0.01388520828057635 0.005442655429716919 0
0.01397942431236099 0.005630729964447924 0
0.0006522814657101469 0.000975802287679075 0
0.009203463439165144 0.001170134002245193 0
0.003203723300183531 0.001542016622290929 0
0.01177716121415187 0.005179390315476125 0
0.01116919823549136 0.001124743264131012 0
0.001000067215710317 0.004573671817963772 0
0.0008153391897760143 0.004422772584286244 0
0.003725701370181233 0.001230154874032675 0
0.009641103994733871 0.001222179727327405 0
0.003051579844781067 0.001098082681282967 0
0.002894036989626945 0.00116148339668574 0
0.00130617028881967 0.006294745690175491 0
0.001494693466350477 0.006280975102286025 0
0.001623018986938468 0.006097687670007491 0
0.006555164165686861 0.001478121278153193 0
0.007054577464292262 0.001600391873944721 0
0.01638156140661468 0.006166250037724539 0
0.01630336305724199 0.006332214536716823 0
0.002908252222799603 0.001365045702474203 0
0.002739014804107038 0.001272586413462347 0
0.002725042142380177 0.001095609723325278 0
0.002579398679574485 0.001183786312535669 0
0.002566140090284444 0.0009920055411609726 0
0.002430107319580379 0.001092272966109826 0
0.01103692717999468 0.001679043906521036 0
0.00104753783093286 0.004358512839287001 0
0.000889681521543206 0.004221204501470285 0
0.001105502017347267 0.004139270033880025 0
0.0009140078856075705 0.004002027947394246 0
0.001165584840968087 0.003913610286546693 0
0.0009837121652312387 0.003756869476079639 0
0.0007768516330112392 0.003819308379040539 0
0.0008188947451875893 0.003612652287362628 0
0.0006841008798516342 0.004272307510231217 0
0.01631439485096692 0.00341104991358625 0
0.01626615717823209 0.003594718996301978 0
0.01607234410526663 0.00366393902711362 0
0.01625937201294268 0.003796466491615727 0
0.005235432879915973 0.005154668051430713 0
0.01280364075051278 0.00580342427003212 0
0.002957471321670372 0.002799162081497885 0
0.01633793607791656 0.00102826337524117 0
0.01627040146044186 0.001207443453897368 0
0.01388453642544236 0.005797129759080125 0
0.01406250426242826 0.005803470539340598 0
0.01635431177746276 0.002600974824958686 0
0.01642127966311598 0.002429248816617412 0
0.01171202226409796 0.0009595207875708763 0
0.005898088427238801 0.003854001382542153 0
0.003515205935420651 0.005223447610355827 0
0.01207299771765024 0.001525280694198199 0
0.01325936887985264 0.005768261372555197 0
0.009721585729726371 0.005110853783561535 0
0.007848868195344983 0.001653142559525147 0
0.002413829656716894 0.0009290633038315311 0
0.002286421175497319 0.001013338651479297 0
0.008987816244107234 0.001768007598485695 0
0.0006093499762004038 0.005999371018212787 0
0.01431277165465441 0.0006025293574346462 0
0.01448122740994679 0.0006019469175539477 0
0.005532732155238106 0.0008094708729401603 0
0.007880719042893065 0.004973699080560653 0
0.0006368009057590163 0.003681759399620306 0
0.0006441422836193245 0.003490274300666336 0
0.0008491569365268242 0.003415083549410137 0
0.0006719129536045323 0.003283644773531565 0
0.0008798521311184498 0.003217697450057673 0
0.0007281914402456503 0.003094024679088491 0
0.001050562333088953 0.003336453375405825 0
0.0009143739774733744 0.002999485735889323 0
0.0007531236195544265 0.002895806293863403 0
0.01074642960249039 0.001117064745462879 0
0.0006051379765571255 0.004687940183614328 0
0.0005502169050812158 0.004846584700240412 0
0.01604153316809389 0.003872004476653389 0
0.01620781265229075 0.003996738122359908 0
0.01585773623899923 0.003730580451647419 0
0.01639008571351276 0.003937262834315075 0
0.01638604568130655 0.004113590300845057 0
0.01618692340941819 0.004193108704414009 0
0.0163672901631644 0.004310543980276447 0
0.01617008799110319 0.004385002278019792 0
0.01632385392625428 0.004495417180133245 0
0.0006658950987269499 0.005830616650362152 0
0.0145659870390128 0.0008977088329514679 0
0.002287275351587969 0.0008574890214764182 0
0.002152624579510121 0.0009328339851033063 0
0.007728558711568433 0.003991557101240764 0
0.01526939793474242 0.0005653879458871565 0
0.01509157621852559 0.0005906044718078404 0
0.01543914322717571 0.0005712197849361196 0
0.0005617573949319131 0.002962340261027693 0
0.0006062334372213211 0.00278912791736674 0
0.0007721638111277736 0.002710499892256977 0
0.0006235027809426853 0.002610362448397996 0
0.0164580919843321 0.006000344851076072 0
0.01035025446204355 0.001131920679868809 0
0.00537833932784047 0.0007848552738701892 0
0.009368252729486701 0.002733350448450381 0
0.01644276029526788 0.003531516366340974 0
0.01648518957694405 0.003375562900975075 0
0.001411095026945498 0.006447415644427298 0
0.001581963145522629 0.006437196618808344 0
0.001231056077687373 0.00647826192678266 0
0.01377021280414367 0.003994147907079611 0
0.01647025814981576 0.006319557729408915 0
0.01638966420227137 0.006481611716497046 0
0.0162488466339482 0.006456797913748313 0
0.01647390513563939 0.001185011958675865 0
0.01640384160669713 0.001348415696112298 0
0.01622433268975479 0.001386674668868834 0
0.01635457096609541 0.001513442773027223 0
0.003318606920816558 0.001077223591600866 0
0.0004887416538591708 0.0006775016485679503 0
0.002166631350717904 0.0007645836015418342 0
0.002022915108585007 0.0008529540968926935 0
0.0007606466715839744 0.006487620652345509 0
0.0005945322656800856 0.006496419757461436 0
0.01617175460270492 0.0005329060630481952 0
0.01599426053517332 0.000550008762447212 0
0.01634747278314411 0.0005269475607491488 0
0.01646785041218336 0.0006435047983538674 0
0.01650569873820325 0.0005046451952552067 0
0.004112306925839302 0.005181055764493181 0
0.002395396594435372 0.006455972830380107 0
0.002563993050695872 0.006429447200695267 0
0.002225506171273321 0.006479117465497337 0
0.002107020149556933 0.006358620699442421 0
0.002071361560993065 0.006515411463655727 0
0.00052401183153916 0.003362310123072007 0
0.0007882708047284234 0.00252772667462555 0
0.0006125365942615119 0.00242578666144808 0
0.01397023969342858 0.005946450294857865 0
0.01413571243790893 0.005981103446962663 0
0.01423547220980681 0.005821612910584582 0
0.01430754539427599 0.005995490358151464 0
0.01440229831502021 0.005841431417086271 0
0.01447461592207167 0.005987650442866312 0
0.01381236653081943 0.005944659358881573 0
0.01435378104336839 0.005679281285170685 0
0.01457025415972028 0.005852808002987086 0
0.01463691710116446 0.006002673440615221 0
0.0004910220332942743 0.006376266888825961 0
0.01655400808644234 0.006450083674340456 0
0.01651110349730824 0.001013834562652864 0
0.01652143879405423 0.002567447616901965 0
0.0005908218711018192 0.003855998565338381 0
0.002588782363066429 0.001400435097914288 0
0.0004262837837822765 0.006516381697114167 0
0.01359357193473222 0.001504272599314605 0
0.0003628828753192547 0.0004336280171296698 0
0.002028393986489118 0.0007082551634918477 0
0.001900908556588157 0.0007787208696261013 0
0.01650142011313795 0.004224382568774923 0
0.0007953933089102378 0.002346737957164431 0
0.0006417971576720728 0.00224699065425362 0
0.000472535429410002 0.002683578828176247 0
0.0004421507808701798 0.004728902741212925 0
0.01032551134286898 0.005100329224200091 0
0.0004968065701331046 0.005868436085254548 0
0.000549352325678331 0.00571184570463527 0
0.006048267656579218 0.0008243464262869997 0
0.006135850232135746 0.0006606190766749666 0
0.005976547223351348 0.0006796065927084948 0
0.006307088749033738 0.0006800307185557994 0
0.006246461214807161 0.0005391394086028075 0
0.006391357267353337 0.0005474330201088316 0
0.01413120273413364 0.0006321587043523142 0
0.002713374534199523 0.0009326190727825968 0
0.0004810483843689633 0.002317525495489267 0
0.0005007879698132565 0.002153592355101725 0
0.0004356402342537789 0.006022940581037789 0
0.007966269596922029 0.002569132319578956 0
0.0165162231653212 0.001473711762682269 0
0.0164764594128099 0.001620572175650734 0
0.0006438362459471811 0.002071634046167416 0
0.0004832107582233257 0.001984712549427648 0
0.01660078314605678 0.002428131703976321 0
0.0164981683972831 0.002293383285058553 0
0.008421588799015693 0.00488754411372795 0
0.01418919642548653 0.0004779219674915795 0
0.01403704701187069 0.0004965068217005473 0
0.01537280227952065 0.0004307398319247338 0
0.01551257252139225 0.0004297137151744496 0
0.01614901665184107 0.00457587215819759 0
0.01630755106231871 0.004679433139516221 0
0.01646519225443789 0.00459954137895766 0
0.01647820743371582 0.004773916377344664 0
0.01630447736178376 0.004859099534074804 0
0.01645562400816998 0.004950383289450033 0
0.0163051868750802 0.005032608264337792 0
0.01644373677290112 0.005112672018745667 0
0.01649968711008618 0.006585595184639886 0
0.002182751038550288 0.00596510375884224 0
0.005014949374950792 0.001071739987082745 0
0.004844070858335152 0.00103369007526354 0
0.004947648136423888 0.0009103722684599045 0
0.004797642569917443 0.0008624371514244352 0
0.01646610326926068 0.002718455190353999 0
0.01454159604887896 0.006126408989548891 0
0.01469152156049838 0.006166183524927702 0
0.01479545087526318 0.0060270446209124 0
0.01485192397049503 0.006194900316298515 0
0.0004701914855030753 0.003738163090788465 0
0.0004293026800149032 0.003882585134948333 0
0.001914075955019019 0.0006242660236566631 0
0.001781070869187328 0.0007054446879315333 0
0.0007457708981484469 0.0003879060249724854 0
0.0003751781638249695 0.004872771176375214 0
0.0004865643680642042 0.00498853462291466 0
0.0006371807501350472 0.00190667401914882 0
0.0005027136863070131 0.001824755581119706 0
0.002097276328051116 0.001095353456105583 0
0.001222989612375621 0.00450868409005119 0
0.01154227173245663 0.0009752887555850081 0
0.01162659466389272 0.0008274215612657501 0
0.01147265139642386 0.0008092606628722649 0
0.01177109886947185 0.0008106217506216986 0
0.001492610966383078 0.006583711072122196 0
0.00166216451635355 0.006571633239313585 0
0.005471378616217546 0.000666500151117536 0
0.0165965128993879 0.004884767385598809 0
0.01560526440893759 0.0005558232408519894 0
0.01565266605405716 0.0004074099362241798 0
0.00251095354100349 0.006574326015820359 0
0.002663874341268222 0.006576933621470864 0
0.002726765805181568 0.006421775985001895 0
0.002811375775890025 0.006549028527800149 0
0.0004885430721853646 0.004579508591086768 0
0.01421206156546952 0.006097417194134155 0
0.004693080535844425 0.000982231425519741 0
0.002879525088277013 0.006411135831444847 0
0.002968274325188185 0.006557397857299575 0
0.01625914294826006 0.0003973471343633834 0
0.0009440642159781317 0.002645748685000449 0
0.01465012186665511 0.002823836553012377 0
0.01660592409642937 0.0006134145747886169 0
0.009556423097928146 0.004128432394140786 0
0.009159086077262898 0.004174496210935907 0
0.01605654485010734 0.004282892328926794 0
0.004653948128420657 0.0008414956693883939 0
0.004558391287836114 0.00093427523929402 0
0.001737253999594106 0.006441399893394758 0
0.01635817928086077 0.005854881462420769 0
0.0165270739168997 0.005853332360235685 0
0.01644656373902787 0.005714641803920645 0
0.01661856329057559 0.005725306795995437 0
0.0165295638159012 0.005588050978569133 0
0.01661317557279531 0.005974879162345203 0
0.01495101963614848 0.00605347261169583 0
0.01500771491365973 0.006197393464775972 0
0.01661762610110276 0.006316834530385362 0
0.0003697313675933948 0.00208827284816034 0
0.00177643423583846 0.0005541941627215672 0
0.001667368832463301 0.0006338822619613685 0
0.001661040073331036 0.0007741612898875686 0
0.0003982644865505574 0.005757185200039198 0
0.0004229161304057424 0.005602260786984624 0
0.01510456189957607 0.006066800309050964 0
0.01516017217917024 0.006221287200182423 0
0.01506220520014784 0.006330959530002596 0
0.01519863162856122 0.00637747282514196 0
0.0005170677740548354 0.006629253376776213 0
0.0003943991130365334 0.006646721021021429 0
0.001657252551616323 0.0005061704094692235 0
0.001557788319660136 0.0005693604539006906 0
0.005612810648449105 0.0006821559489223077 0
0.01659431688260662 0.003484573708818489 0
0.01664894195171361 0.00334641872204599 0
0.01653545214936353 0.003236380410232875 0
0.01656185700748463 0.003627445931251412 0
0.002401398327879016 0.0007911077472449331 0
0.01476076761742369 0.006277313875221298 0
0.0006319791957380746 0.001730423526083134 0
0.0004988119131849184 0.001665539798669511 0
0.01409448408047194 0.0003671231655249943 0
0.01395008440386172 0.0003585952836443794 0
0.01422590725431513 0.0003408755812116392 0
0.01388634252913095 0.0004996136789855395 0
0.01381276289462544 0.0003796094937692034 0
0.01374089760668336 0.000512146926726873 0
0.01366561147164763 0.0003655235052548705 0
0.01360154983026319 0.0005074967016110831 0
0.01352246418609362 0.0003838115000295321 0
0.01346170882119944 0.0005072383038517972 0
0.01338606763176606 0.0003899618465238132 0
0.003034094890860407 0.006404552433587936 0
0.003117905855984212 0.006533461939337241 0
0.003188558573086246 0.006393257389527295 0
0.003278888284023392 0.006544065358127956 0
0.003345728344689774 0.006386593887912897 0
0.003432287442513669 0.006517250584805558 0
0.003502637337420646 0.006375958004181943 0
0.003583778000467337 0.006510171761117621 0
0.01664660841537684 0.000482797725933582 0
0.01656006169530826 0.0003767483466639342 0
0.01388762716408644 0.006072978608305805 0
0.0137478822138029 0.006094070617504199 0
0.01367393582075073 0.005966774613704219 0
0.0136151925390845 0.006087313365260426 0
0.01664284657681604 0.002288161179347803 0
0.01656416472960125 0.002164655791159887 0
0.01641665453332074 0.002165272221107632 0
0.01648595600269399 0.002040560113024787 0
0.01664430381167168 0.002040259143908514 0
0.002162872359559379 0.006623741817731437 0
0.002039523353181686 0.006652140385536274 0
0.01332145155201899 0.0005126441430182887 0
0.01325137669236067 0.0003936984111613689 0
0.01318158951968953 0.0005155741763332197 0
0.01311249962403841 0.0003772169793007352 0
0.01304096366034596 0.0005156763924685434 0
0.0129731249480362 0.0003967617910009369 0
0.01290374090304837 0.0005181925604360359 0
0.01283650648875201 0.0003839766803744754 0
0.01276843903755232 0.0005133548198716863 0
0.01268451403354255 0.0003929971989307889 0
0.01263333649713357 0.0005124623719181772 0
0.005343112721357502 0.0006454861735415685 0
0.003512695379976998 0.006634890166191849 0
0.003653335102271668 0.00665026729033266 0
0.003726954956566404 0.006514067954594237 0
0.003795182546999423 0.006632610903434023 0
0.003865245704546711 0.006513635355757268 0
0.003926365295218732 0.006631650762608726 0
0.004001432069724097 0.006516388949753947 0
0.003934263935556094 0.006385842524824875 0
0.004084586071175347 0.006392667018844564 0
0.004145998900540299 0.006543938850874672 0
0.004234322863236641 0.006405459327972311 0
0.004293976355475451 0.00653536322529186 0
0.004376667519889195 0.006417004320617061 0
0.00443280986385603 0.006558097882608787 0
0.004513778991339859 0.006431437447955731 0
0.004017222269596041 0.006249684862760001 0
0.004909124995081816 0.0007751055903453758 0
0.005032119600516772 0.0007948159343778437 0
0.002959599912233856 0.004550289422144256 0
0.0166160331680073 0.001126206236970481 0
0.01255740953545393 0.0004130717640681283 0
0.01250646670539218 0.0005200686944232492 0
0.0003770980163192803 0.001747157162015986 0
0.0003577747831586334 0.00160275673556576 0
0.0004909419901262865 0.001520298053375596 0
0.0003670835091805092 0.001459258823637235 0
0.0004894613978258903 0.001376072063736361 0
0.0003457375729110975 0.001320357486694081 0
0.01169800638468742 0.000696633709884847 0
0.01182910622638815 0.0006830654613402226 0
0.01354425183110929 0.00598012262423888 0
0.01348946667504544 0.0060979345607308 0
0.01632849784955198 0.001712496699841008 0
0.0003434216761653806 0.005013888621933167 0
0.0004358205239456143 0.005113732779728744 0
0.0166348325078919 0.00656581316628258 0
0.01506683313769425 0.0009350503928253523 0
0.006323680596742822 0.0004254263174254392 0
0.006460899025831537 0.0004103821064438207 0
0.00619764741168941 0.0004147177002059191 0
0.006535209465917482 0.0005451682990510178 0
0.006606415373542175 0.000405379051841378 0
0.01490534043534371 0.005884197740236577 0
0.01661900773685344 0.002688150084600774 0
0.01657349847286547 0.002823090026780547 0
0.006675622484191625 0.0005432421748535689 0
0.006745080561404715 0.0004208097284009297 0
0.006819595242182552 0.0005445145948844584 0
0.006883063672701801 0.0004218781080576493 0
0.006957866267961528 0.000539355433607868 0
0.007022206892138343 0.0004001728392779244 0
0.007098894624181929 0.0005370634063601451 0
0.007163323559284058 0.0004147758477413143 0
0.00723776544709699 0.0005351797218753679 0
0.007301160659844374 0.0003974224391895555 0
0.007376496868340168 0.0005310057585121192 0
0.007438228248074392 0.0004123970002341674 0
0.007509876960597969 0.0005279440226397454 0
0.007562788917402305 0.0004080377823261878 0
0.007653356457439218 0.0005104021632912257 0
0.007584204979819784 0.0006450361794025912 0
0.007725734236716589 0.0006397334860052195 0
0.007786455401883226 0.0005112392430157596 0
0.007865388831436228 0.0006279386431989995 0
0.007921198657334426 0.0005063927078672583 0
0.007999230349270118 0.0006148246415255136 0
0.003191044502339898 0.006656889228183157 0
0.0166189494007841 0.001582496446074558 0
0.01630291406643068 0.005229200196420744 0
0.004589508367053112 0.006562358559340659 0
0.004656260148611688 0.006443788037914193 0
0.004591787368535556 0.006314038649679729 0
0.004732667555043795 0.006332232696316331 0
0.004789531042827247 0.00645603618401179 0
0.004868687405568319 0.006352607741468446 0
0.001890360054459468 0.0009366765015719142 0
0.01666188628356177 0.001454917658474596 0
0.0005920596877162475 0.005564862076697747 0
0.000483718585087653 0.005457760390384935 0
0.0003449849913362106 0.005481770002759173 0
0.0165859231702363 0.001718173678035526 0
0.0101666596923376 0.001838890859128551 0
0.01004047341416851 0.002068314572558472 0
0.01032735938306363 0.002081232035587125 0
0.000350333382112147 0.00639126476424603 0
0.008056560168947794 0.0004950613145068526 0
0.008135509812119971 0.0005826746580199775 0
0.008077527361192879 0.0007236340709494771 0
0.008214015195428966 0.0007002834540486618 0
0.008269040376019724 0.0005819610306784079 0
0.008346229109263687 0.0006800964086899259 0
0.01671261583517126 0.001683453342442038 0
0.01665769391355209 0.0009982969525748012 0
0.002879694219745944 0.006663328927847901 0
0.00554210504000902 0.0005498462387632163 0
0.005681207661997179 0.0005696105262726369 0
0.004674286962367703 0.0061933713335421 0
0.007012397366587785 0.0006954050369219161 0
0.01245193838253942 0.0004106793545251819 0
0.01237533632912093 0.0005014735701839548 0
0.01244515168591965 0.000634363920641823 0
0.01667194434464678 0.003207761998181057 0
0.01230835714004173 0.0006345276045547784 0
0.01224320305001274 0.0005154172866413116 0
0.01217532319338738 0.0006258225707654131 0
0.01212257299479377 0.000508425808406752 0
0.01658332382538906 0.006688825806913382 0
0.01646473189649476 0.006707563350981955 0
0.004911253534841436 0.00647323265733888 0
0.004994878506752718 0.006375115212061935 0
0.004952861784220057 0.006252128800752986 0
0.005084038177428565 0.006277764545936168 0
0.005114536960769412 0.006404859660495364 0
0.005224496905326588 0.006323951746984028 0
0.00517949678511197 0.006179968655471095 0
0.005312668696416205 0.006212215749242408 0
0.005355734990306361 0.006335923796052268 0
0.005443178075234206 0.006246738110948643 0
0.00033087415315451 0.00463235215215106 0
0.0003762880209303571 0.004488369533456707 0
0.01530442785107728 0.00625660658176834 0
0.01533971483327158 0.006392778197731139 0
0.004530189614695836 0.0008083827812501499 0
0.004436450563807639 0.000892143837555258 0
0.000315396541855726 0.003783807560885292 0
0.0003583711267741083 0.00365168994515893 0
0.0002965230872115972 0.003918757676501009 0
0.0003846797948180783 0.004014268801287327 0
0.01379077071442335 0.002224069412963908 0
0.01374998500054453 0.0002666544430865322 0
0.009139401575840924 0.002429912132832578 0
0.008766329270199781 0.002479330886766686 0
0.008397151803298581 0.0005507173781062213 0
0.008479129756800116 0.0006606740754777985 0
0.01666862370206629 0.00558584757135246 0
0.01660066647208373 0.005469451317848192 0
0.003417731894351668 0.006230278603707711 0
0.01556552748024205 0.0003064843045950884 0
0.01569292429971111 0.0002713219552078162 0
0.01668927008599943 0.0003602940509427771 0
0.002138738883829018 0.0006273712850525773 0
0.00841932428206872 0.000779031823410819 0
0.008559557785308241 0.0007587337195588064 0
0.008512467757440799 0.000891677618690519 0
0.008604723065071316 0.0006402632259324237 0
0.008687369098132374 0.0007309783260748327 0
0.004227663480455369 0.00664878875814357 0
0.01656999002783471 0.003091878644409231 0
0.01671209680685163 0.003090149757754383 0
0.01672813600464281 0.005466886264949672 0
0.01666598418551167 0.005360547580143127 0
0.01016925569135443 0.002344213159099284 0
0.01049553146184956 0.002350919033918351 0
0.01676269634058451 0.003292317325542422 0
0.001555268896561478 0.0004461205792883473 0
0.001447087662227266 0.0005021906380651832 0
0.001446699044578822 0.0006356623056567759 0
0.001334773499732439 0.0005627995696735623 0
0.001339685093820202 0.0004334303362965005 0
0.001228890912268561 0.0004893279770503685 0
0.001240315926219364 0.0003674670150820908 0
0.001131798038325976 0.0004171957558004079 0
0.0002650628800573724 0.0002477713375174826 0
0.0004686424134368091 0.006741450904569081 0
0.004412123368080563 0.0007574244751196047 0
0.004322383531712925 0.0008533704194742236 0
0.004343814627461377 0.0009729168767942599 0
0.004222700086576243 0.0009157906612794623 0
0.004247200271823512 0.001062172266804953 0
0.004119013041436706 0.001014760742389499 0
0.004094021019321376 0.0008863549669007654 0
0.003998348006247895 0.0009660668424286956 0
0.004007112643985168 0.00109114963404156 0
0.003978547446922409 0.0008474306695316386 0
0.003887130045698639 0.0009190725127102726 0
0.0004761712380325009 0.001238850749605447 0
0.0003487548668827615 0.001185928280624689 0
0.01632835351729862 0.002033998217971425 0
0.0009194103936312715 0.006472901450809188 0
0.00086411223517119 0.006607474688942743 0
0.001001973716841878 0.006597855664785096 0
0.01578236870719812 0.0003811003129539229 0
0.007106352847543478 0.0003032433658982257 0
0.01409989529810254 0.005447186137042527 0
0.01399154027041962 0.005236755973871153 0
0.01423998430264085 0.00525910275751072 0
0.01525993251242588 0.006492498646748659 0
0.01537831854730055 0.006515945404165325 0
0.01546546890409483 0.00642753487876469 0
0.0154970811113668 0.006548061303523638 0
0.01558404013242633 0.006463881244028203 0
0.01561497483182332 0.006582588288542563 0
0.01570051520591974 0.006501318186794812 0
0.01573183637491977 0.006617396003897652 0
0.01581592671020053 0.00653991466904888 0
0.01584484414452857 0.006652868651814155 0
0.01593054295699985 0.006574187165331456 0
0.01595904957627307 0.006685571695686822 0
0.01656867243002502 0.0008634002453930451 0
0.01671167468022142 0.0008859690990595088 0
0.01331445338475102 0.0002817430410202398 0
0.01670387891488895 0.006673015221785938 0
0.001225016580127712 0.003676208468556405 0
0.00142731491389074 0.00385346634738864 0
0.00149990763212656 0.003574954972516864 0
0.0156775037369671 0.006366322811448727 0
0.01339443150307231 0.0006505847214035064 0
0.002597556739658546 0.006699280104123323 0
0.002475435205229883 0.006704742412073183 0
0.005864916922795363 0.0007955617738484686 0
0.004988446024367619 0.000675300883181042 0
0.0164647272782441 0.005455871041774784 0
0.006809241801344049 0.0003122899485902791 0
0.001714618044027388 0.003782933855516968 0
0.0167041169414506 0.003597225074217749 0
0.01666809176199531 0.003722292809475355 0
0.01402440741697286 0.000256650250695913 0
0.00158958670442585 0.006691012663052054 0
0.001718251769941748 0.006692996106218088 0
0.001467451979309429 0.006710495866319976 0
0.01281087303149897 0.0006321310899178594 0
0.0002927104221746996 0.005140596745502973 0
0.0003854657729188641 0.005359242105095622 0
0.007962425810260489 0.004366770202252934 0
0.007558069007965416 0.004354864471846677 0
0.008364404291257737 0.004266627169399189 0
0.0005139966335450177 0.005323255139006785 0
0.01612474053909002 0.004950674258620599 0
0.007859284094608008 0.0004027010144847351 0
0.005410746149542945 0.006118884678290634 0
0.00553912410206334 0.006164898868434078 0
0.005554367249819373 0.006289246909382581 0
0.005663830128847505 0.006227650130589417 0
0.005628969310542618 0.006059809349450238 0
0.005769035275209129 0.006125930121762983 0
0.005795282413973117 0.006256435066975695 0
0.005892163658936951 0.006180015442798897 0
0.005877330898197541 0.006052591555824155 0
0.005992352362989473 0.006110771351553976 0
0.006002984107715464 0.006230996650752774 0
0.006103952276561976 0.00616822564380518 0
0.006098976622988234 0.006042898830210013 0
0.006210598650128654 0.006108030298074765 0
0.006210913358382428 0.005977959022248073 0
0.006322468169704281 0.006045268200417499 0
0.005107884842180602 0.0006998897542603946 0
0.0008118941506389116 0.0019704385804244 0
0.006317995742842477 0.006167987523323919 0
0.006430453829115028 0.006112476515680337 0
0.006437032945740854 0.005986692223471222 0
0.006544247963683722 0.006059529432756021 0
0.006556878687533865 0.005932847369513994 0
0.006662336654540772 0.006005054131412493 0
0.006645436505217878 0.006129397275631237 0
0.00676132140378809 0.006081617891909676 0
0.006780735617010517 0.00595439397596495 0
0.006879380332000794 0.006036086353177683 0
0.01175656939646796 0.0005650562171197072 0
0.01187411499370164 0.0005709467003309015 0
0.01163824648644103 0.0005847518852614133 0
0.0005902015864529351 0.006736483160994469 0
0.006532401140529925 0.0003137744302424109 0
0.01672476894762703 0.002788535534509837 0
0.01675360389064775 0.00267251950737779 0
0.00939707831482189 0.00449068770930974 0
0.009793910067035661 0.004440248514681793 0
0.008981994798266774 0.00457430742804237 0
0.005260183835044344 0.0009017830877318745 0
0.0002625687622476568 0.004034393880077735 0
0.0003412640807199021 0.004130639761104368 0
0.01675970903192157 0.006560553984761863 0
0.0130276694072137 0.000282465473809852 0
0.004313641936662045 0.006277756927551066 0
0.01341733966399853 0.005991055284991921 0
0.01336597222133806 0.006114272122314062 0
0.01668307709680581 0.001804008158556052 0
0.01237778955793905 0.0007626406400992793 0
0.01197023928947343 0.0006704723341870006 0
0.008722390883639795 0.0006189175603596498 0
0.008804920937406003 0.0007022415325165054 0
0.00876929381990601 0.0008200777810756779 0
0.008889869190824852 0.0007822315453219464 0
0.008929711597448183 0.0006563494930809754 0
0.009009778885941946 0.0007467316708239034 0
0.008969643389810119 0.00088268713898644 0
0.009098766030450766 0.0008265383654867979 0
0.0002215777395190334 0.005031188037893033 0
0.003741680749849239 0.006745677363352407 0
0.01673369550360582 0.002386405362895741 0
0.01356907170213781 0.006190877452687246 0
0.015819889550997 0.003964291813646307 0
0.0156193886296412 0.003809059166317338 0
0.01581755284285606 0.0002686223477094273 0
0.01382017619771734 0.006189578279709685 0
0.01394724870375468 0.006187069149778884 0
0.001217453745363774 0.0006295094923456394 0
0.00685943670857592 0.006169329558718087 0
0.006973634969527291 0.006116233608179407 0
0.006997093870069819 0.005993388095979255 0
0.007083627131171423 0.006075862087113281 0
0.007118770354215047 0.005952457008762813 0
0.007208982018828737 0.006057728974437128 0
0.007248027064103579 0.00590983047985422 0
0.007344848462827925 0.006005051846366039 0
0.007319281102475941 0.006132439757411063 0
0.007442935080609764 0.006096694325500274 0
0.007476849078325358 0.005967717927286786 0
0.007573930558604124 0.006065474197557544 0
0.00761080272250563 0.005931737000109802 0
0.00770578223719434 0.006035359528962751 0
0.007660916313801395 0.006160907465433305 0
0.007794214125546756 0.006155731311300733 0
0.007842094150450509 0.006011557014691603 0
0.007931364511278721 0.00611683409578119 0
0.007982602015273768 0.005981693355836681 0
0.0080798245548212 0.006094730805059876 0
0.008131567170636695 0.005950980070545668 0
0.008227348377470267 0.006071335134480682 0
0.008172509670185667 0.006213001362550279 0
0.008306437367543827 0.006206763363227441 0
0.008381146591483866 0.006044199133755166 0
0.008459697575063537 0.006178656339727832 0
0.008405232214540821 0.006308315003792381 0
0.008533049881880691 0.006294735778553339 0
0.008604988559936997 0.006170619805175444 0
0.008670125514335651 0.006310444982040688 0
0.008752149899931208 0.006165945412055934 0
0.008825341408221096 0.006295505395427071 0
0.0087626167043724 0.006417140511669188 0
0.008898990354000125 0.006415142588719889 0
0.008969528147683117 0.006298301505027879 0
0.009038472303813468 0.006420248370495591 0
0.009112543951586907 0.006301073022097073 0
0.009178691945991878 0.006429368998761279 0
0.009258364682656582 0.006304076917387269 0
0.00932065520126542 0.006445838835106887 0
0.009407932338447387 0.006310073827304329 0
0.009476412478187658 0.006443146688388858 0
0.009562550313115058 0.006312255557933501 0
0.009629362278658318 0.006472782651891697 0
0.009719675657237449 0.006320344122349558 0
0.009791190071671299 0.006459609355591962 0
0.009880004732066065 0.006322426695294873 0
0.009950711943373497 0.006484888759279949 0
0.01004198485994842 0.006329377004510452 0
0.01011357202194296 0.006471539501750031 0
0.0102034116615095 0.006335321991388259 0
0.01027297998032409 0.006495707800519021 0
0.01036348013710587 0.0063417874453465 0
0.01043300563326746 0.006481563195220622 0
0.01051947573855369 0.006347990411363301 0
0.01058628806786698 0.006504888098772772 0
0.01067455481352194 0.006356090723222071 0
0.01073981007356009 0.006489623419191164 0
0.01082176320577794 0.006363479435725529 0
0.0108851089411574 0.006509184027307406 0
0.010967121375885 0.006371624596592362 0
0.01101788714307616 0.006500585769956779 0
0.01111123675699072 0.0064010908439033 0
0.01104327156993758 0.006250112426190313 0
0.01119318726216466 0.006260529630172316 0
0.01125806268345086 0.006393496339665071 0
0.01133887072389326 0.006275411301105576 0
0.01139587648326926 0.006401823331591686 0
0.01147537580683819 0.006294032730767627 0
0.01004289029317825 0.00660030153881579 0
0.009709844407785528 0.006584677551588029 0
0.01036446377377046 0.00660761710679158 0
0.009403032533580146 0.006563171553743995 0
0.01041909777001762 0.006194556747965641 0
0.0115173356562576 0.006417192164271251 0
0.01161022471212901 0.006331492286834322 0
0.01155748268355616 0.006186687798875374 0
0.01169474211090663 0.006210216748923051 0
0.01174607467893678 0.006333895874026003 0
0.01182787832320804 0.006232562777155511 0
0.0106768082993433 0.00660931401944212 0
0.01162838807070363 0.006066605712336551 0
0.01186033020954285 0.006353708242708389 0
0.01195583709105191 0.006278117369134308 0
0.009090114251076005 0.006538320056536127 0
0.0111250818146162 0.00611256620472795 0
0.007902999774692245 0.006238032079396756 0
0.009169579280986532 0.00616926002107168 0
0.009805081763216315 0.006172201257240272 0
0.01133313216805704 0.006518498165894494 0
0.008676467109049636 0.006031541436163064 0
0.008470294775881387 0.006402050779060647 0
0.01191349407502057 0.006134900999728361 0
0.01204285665951303 0.006166213616490704 0
0.01209020015563923 0.006289317385487051 0
0.01217552184496035 0.006197637381643155 0
0.01213817103111937 0.006068504160606879 0
0.01226430388460016 0.00611284863714108 0
0.01229775172547117 0.006232192055464861 0
0.01238421052679114 0.006155602824297562 0
0.0109683076338183 0.0066059771480345 0
0.008839165134488841 0.006521908017194423 0
0.008717142463285105 0.00652324441091078 0
0.01106444627647415 0.00660968364446258 0
0.01241157989131458 0.006264215606952773 0
0.01249203194236114 0.006190623336480659 0
0.01246445609365711 0.006077090572339117 0
0.01259349298781198 0.006132161224194196 0
0.0125584817833104 0.005996409503070375 0
0.01268980337694152 0.006038273713788209 0
0.01271907352382034 0.006162033146609363 0
0.01280927296197445 0.006089498985513118 0
0.0003914611750860698 0.006272292001876787 0
0.007729481840579679 0.002263366931007237 0
0.007329444811513324 0.002295394119120719 0
0.0004679960582976185 0.004112658471166825 0
0.000423095782543844 0.004231148159063893 0
0.0002901745578815715 0.004252531400364531 0
0.007384504688055656 0.0003068331349942903 0
0.008309575660568284 0.0004724117916885466 0
0.007328841427484191 0.004037313480005402 0
0.007185291161662199 0.004375293877058104 0
0.01676846943954465 0.002278264400720766 0
0.0002620829890840476 0.001529922174777865 0
0.01604456014724603 0.006606600496353438 0
0.01606901249059204 0.006716019350645912 0
0.01602014432522484 0.006485117442247569 0
0.0009437844268878563 0.006731403222256715 0
0.00106898572712866 0.006709403686975646 0
0.0008211229434866227 0.00672862364737188 0
0.002800360036336809 0.006256388745272853 0
0.010756048218775 0.006223674036681576 0
0.009826480959793106 0.00230185144919937 0
0.01653728972107472 0.006790052879010191 0
0.001762695046822791 0.003498986757788539 0
0.008164075919421017 0.002192234876009046 0
0.001885355181233901 0.0004977534211726255 0
0.01000548481292155 0.002584129321840294 0
0.01590024266617961 0.0003535391265251371 0
0.01593349399273952 0.0002394957931949977 0
0.0160241570061563 0.0003429721601465219 0
0.00912719712640137 0.0006986895612845758 0
0.009214352442564357 0.0007815808091545932 0
0.009198401991468135 0.0008940184555421065 0
0.009307417705449166 0.0008476234862993923 0
0.009322153957870975 0.0007404957601999909 0
0.00941504475073273 0.0008031507078522775 0
0.009408519121253098 0.0009136412082957563 0
0.009517388007603978 0.0008665795746371852 0
0.009516123200465873 0.0009866082320161081 0
0.009626842602037342 0.000933775828391718 0
0.009630606208311784 0.000799578432732101 0
0.009731034676762973 0.00087190101459216 0
0.009733091490284078 0.0009960223494616411 0
0.009840079686735868 0.0009305135812808217 0
0.009843094974047079 0.00106811110551749 0
0.009954879860265808 0.0009924407531552641 0
0.009947379990282567 0.0008687843686432857 0
0.01006131105079789 0.0009219329444432882 0
0.001141247921778766 0.0003055174176869626 0
0.001038020838424872 0.0003481485470007832 0
0.01138763246143906 0.0009577045385471949 0
0.01132802682297074 0.0008252964391374734 0
0.01138403930724189 0.0007035720849124139 0
0.01126872673093864 0.0007117460229046327 0
0.01120163919672218 0.0008148895475973733 0
0.01114555805546826 0.0006971139047135364 0
0.01108607472694582 0.0007976915525738744 0
0.01329298551520975 0.006005682540642671 0
0.01323909370472132 0.006116229493169013 0
0.01316884217800394 0.00601435812636541 0
0.01311400054905873 0.006123136813598221 0
0.01303566744648051 0.006025607856343365 0
0.01661632416285064 0.0002678838736364327 0
0.01649713746816833 0.0002717379228377777 0
0.01673234049270807 0.0002553888260169398 0
0.0002669100136071367 0.006287723478807391 0
0.0003086781385920646 0.006179583101736543 0
0.016743519621237 0.0005855419097898686 0
0.008362693500939912 0.006415372100894328 0
0.01103300093559876 0.0007013642519920508 0
0.010972567761452 0.0007874014728159401 0
0.01102098737031641 0.00089446175379859 0
0.0109035981297244 0.0008776086092227406 0
0.01095053545179432 0.000992007082217894 0
0.01086051329122446 0.0007740834304679335 0
0.01078997646669981 0.0008589032753457643 0
0.005623001559613032 0.0004509751204391306 0
0.005750828334401523 0.0004706346359892445 0
0.005520376012593692 0.0004467935799387411 0
0.01300015146141701 0.006136432151331266 0
0.00451403608322261 0.006653152911628225 0
0.01216281742843186 0.005804433353169939 0
0.01675208038799146 0.005674413958728402 0
0.01274847285522475 0.000292814986152583 0
0.0003490019507280291 0.006749126891121808 0
0.0002733854855061606 0.006659917954886223 0
0.0002378949614831594 0.006761656231385957 0
0.0005786628089513145 0.0002177809775578787 0
0.004617020588833073 0.0007282493802041458 0
0.01283801553254254 0.006215728233708785 0
0.01178738716541385 0.006438134933016421 0
0.007410152663923754 0.0062085399565051 0
0.004868945015174717 0.0006552678763233739 0
0.01673190578608308 0.00110571607435568 0
0.01671421912360593 0.001217952262839276 0
0.006265204656241636 0.0003143798579573133 0
0.01299950385122615 0.005782469647792748 0
0.007893720511143315 0.005879984619896656 0
0.004551365421795441 0.005876064713742185 0
0.005494387185388212 0.001812515437259449 0
0.005311949550278105 0.002065149520468339 0
0.005606662163057241 0.002160981240241187 0
0.005009041464298281 0.001959507528044178 0
0.005095314938988979 0.00229346258174625 0
0.004769547916288192 0.002238613742706012 0
0.01566634109355859 0.003563949929609341 0
0.01347012623207126 0.005869332895547153 0
0.0002644176472113447 0.005385940369631581 0
0.0002293819326706081 0.005494823057977712 0
0.01458790157652116 0.005004583570022478 0
0.004839480081235616 0.006562315783582672 0
0.003872611910133028 0.0008101754581255781 0
0.003779725463682232 0.0008754809749618149 0
0.00380039907742344 0.0009957607427365169 0
0.003682595465929462 0.0009434840051571435 0
0.003671588779965006 0.0008327813961958148 0
0.003579145454645792 0.0008906715193153724 0
0.003588078104699854 0.001025557076355042 0
0.01007189212757206 0.001046338916764348 0
0.01017450967090433 0.0009718746842004903 0
0.01016698468324114 0.0008359506430251468 0
0.0102692836120316 0.0008948403357174574 0
0.0165508230118309 0.0037621829392626 0
0.01665791873284665 0.003841378935984405 0
0.001941905652683229 0.006561247943408531 0
0.01642974603101535 0.002861462251844541 0
0.01052818682271065 0.005890360957034513 0
0.01656334701573618 0.001340231745344215 0
0.002123149600239731 0.006738296171717645 0
0.002006276306400423 0.006762076024607769 0
0.002242467297196304 0.006726897571079285 0
0.01679180101604756 0.005348960188114992 0
0.01672277006384595 0.005250106648320626 0
0.005060813794391468 0.0005992466613526323 0
0.01675600195453622 0.001560426031250872 0
0.006107546327617577 0.005925928383567335 0
0.01218513694288762 0.0004186753754234053 0
0.008644937643393533 0.006431873177675474 0
0.0002403491336914251 0.004521228719711915 0
0.000215472990694944 0.004638356848200925 0
0.01624797550977085 0.002183398906050993 0
0.01064767030656374 0.002051463464278393 0
0.01083075252344913 0.002347568625956756 0
0.00405438272384468 0.00591541873914192 0
0.01677577944126216 0.001429345978064885 0
0.004059370743825022 0.0007834077780099597 0
0.007334357213240723 0.005636936382437945 0
0.009399797767222388 0.00119433384092595 0
0.003809004022975527 0.006265371993239271 0
0.006187090191383448 0.001721531885719041 0
0.001636576957508385 0.0003981746367618748 0
0.007047404534210134 0.006184778576411528 0
0.006150629175213138 0.0003103905908349203 0
0.006082833404427261 0.0003949287900205261 0
0.0155597437162464 0.004068134041159744 0
0.01540230571713458 0.003630558201282623 0
0.01549916396830055 0.003320655955826933 0
0.01512354250419108 0.003419458211124652 0
0.01524805810547619 0.003071330896789589 0
0.004536422605657279 0.006167072917337547 0
0.0005775847495657644 0.005107461731917649 0
0.000510554670325394 0.00443939203612349 0
0.006567545771758099 0.005701931954151957 0
0.006760389439995297 0.005717960091786999 0
0.01095495635149631 0.006091774041356727 0
0.0155329886546991 0.006652822895088889 0
0.004604919854783731 0.006659948817908743 0
0.006415603209505631 0.00622009711382996 0
0.01183148830610965 0.00171835729258526 0
0.01165196027297037 0.001980019377924234 0
0.01194950912009991 0.002004922976262982 0
0.01132401018721758 0.001993060463197496 0
0.01152321568411725 0.002298681528268723 0
0.004339851212175044 0.006651846703669112 0
0.01079194666655628 0.006609640094123969 0
0.01048628562952111 0.006611342047581599 0
0.01042158058121117 0.006712925568312115 0
0.01031086587691952 0.006714233749815465 0
0.01052992866054475 0.006708690820445042 0
0.002039700392608838 0.0005790859718238909 0
0.002597787345808323 0.000840132617398401 0
0.002711392696031877 0.0007941835991325504 0
0.00282277790770428 0.0008575844479265364 0
0.002607996775237724 0.0007259319342210377 0
0.002814257794861963 0.0007376766002042397 0
0.002920300062728776 0.0007863773718180182 0
0.002933660764994921 0.0009007683527352405 0
0.003017283876079871 0.0008255111765257451 0
0.002301280135239436 0.0007188533571085526 0
0.002415930582545205 0.0006645931508369699 0
0.002315586152942561 0.0006053837256642181 0
0.01659929477851617 0.005260307674163476 0
0.01666721330844496 0.00514844423047801 0
0.01678313365110438 0.005153153553646804 0
0.01673836976557763 0.005046851960331205 0
0.01291986867419617 0.0002864176410519283 0
0.005094162197126789 0.005881481558009776 0
0.007214278038701409 0.0003020827132462155 0
0.01016532144660118 0.006605888816308939 0
0.01009406341181018 0.006709439240041448 0
0.009987230076325342 0.006710025470710701 0
0.009841485278632102 0.006594695874350425 0
0.009769443570280404 0.006695530142382 0
0.00966135243097011 0.006693803954590139 0
0.009522406128365359 0.006577880961972666 0
0.00945403017662088 0.006673030430460249 0
0.009342851309862959 0.006665400269536097 0
0.01306307902294938 0.006225183245188389 0
0.0002467433248901606 0.001252088519693835 0
0.0002454098880359107 0.001135501947501478 0
0.0003371802663565664 0.001064090183893064 0
0.0002290176009832924 0.001024104974054937 0
0.0003113787635546875 0.0009422493436946218 0
0.01074903002337036 0.0007606333389060774 0
0.01067718040641892 0.000840357187228232 0
0.002708349133371568 0.0006875077179798292 0
0.01073131401376452 0.006706884425991091 0
0.005595978306755283 0.005783687888052327 0
0.0002457082829092298 0.003676018849846865 0
0.0002640460574002412 0.003568289067937047 0
0.0003711783333806718 0.003528256258649045 0
0.0002718014764138601 0.003454966941378972 0
0.01320200920648479 0.0002808539422598923 0
0.006925538601371803 0.0003031796733585302 0
0.01057202842348016 0.001142589927967274 0
0.001805234482680966 0.0004540445410488492 0
0.007310886757831104 0.0006547744111614624 0
0.000428387096846658 0.0009860777725172781 0
0.005170295270018124 0.0006077063722197411 0
0.01655672835916954 0.000164450392027764 0
0.003885200996676171 0.001316812861047961 0
0.0003717047691897037 0.001881893855840011 0
0.0002648448735022273 0.00181354050062745 0
0.0002642664842872691 0.001929896968604896 0
0.0002623010424526243 0.001701326470970394 0
0.004723447733289574 0.006553031696727059 0
0.004771569067486742 0.006659251294395841 0
0.00306887591961263 0.006659669709098932 0
0.00313630595485903 0.006755675044596692 0
0.003246467364313809 0.006761351401860044 0
0.003025065405170091 0.006750438644682203 0
0.003386883106048364 0.006649312809339577 0
0.003455762651797859 0.006751548709227725 0
0.003565414786773271 0.006749324740138195 0
0.01676666279383898 0.003801798547802038 0
0.01675155289140657 0.003917879500838385 0
0.01664601112299266 0.003962087053055591 0
0.01674365499348881 0.004027833739371347 0
0.01683795319062324 0.00398708140502912 0
0.01664033650264512 0.00408076633611077 0
0.01673697953696871 0.004139973505077996 0
0.0004738205943288169 0.002540219071718496 0
0.0003541154107715196 0.002410188352306752 0
0.0003468216435967963 0.002609711481434126 0
0.0003417813851254135 0.002736485413062265 0
0.0002381970255353211 0.002665011416882453 0
0.0002449216708940577 0.002557527154888625 0
0.0002293916214446481 0.002776473351832151 0
0.0003216497010396814 0.002856388955486921 0
0.006687009845872665 0.0003045214501828097 0
0.0166733103976444 0.005862491234750605 0
0.01673518393213938 0.005965678763456547 0
0.01669290461166628 0.006080254042609493 0
0.01679705284654549 0.005861890926228365 0
0.01653036170527843 0.006200914536131436 0
0.006381982244031005 0.0003115965084426074 0
0.007476163621289385 0.0009474937935389548 0
0.004176675279633718 0.0008019341470914603 0
0.01672535812030502 0.003466442412240389 0
0.01367436952522807 0.006188064701158456 0
0.009496551870986391 0.006187934833913365 0
0.01616169573060317 0.006642762021959845 0
0.01618005995922023 0.006745963960042926 0
0.01627621813620598 0.00668444523940361 0
0.01628358525314613 0.006781120536837033 0
0.004588346323788395 0.001079115373295538 0
0.004363714754277675 0.001125197736644116 0
0.0006028104300910865 0.001440284053175869 0
0.006523780447373258 0.0008545231272222768 0
0.01656011608461036 0.001841582984531931 0
0.01413582245394955 0.0002456384839712301 0
0.01425942595900565 0.0002295888562253317 0
0.01434848905095972 0.0003037073587827109 0
0.01406782928005559 0.0001668644076134487 0
0.0143252047073414 0.0004333728396431159 0
0.01444819004695282 0.0003785866467444555 0
0.0144614208947393 0.0002588075809325861 0
0.01456814714783253 0.0003190568881847556 0
0.01120385261612835 0.006512992804405289 0
0.0002535057155279453 0.001407361647519352 0
0.01198316245897776 0.0009407449989508516 0
0.0002122376529832409 0.006392619750654307 0
0.000293099215437638 0.006493568325786517 0
0.008170519532404587 0.0008511952034266058 0
0.01295300205049099 0.0008691888528044411 0
0.006606567941026869 0.0002188397678411008 0
0.01515875310271762 0.0004433573480655891 0
0.01500925813015123 0.0004317998642058337 0
0.01493354001374131 0.0005830409497117315 0
0.01485882957827078 0.0004472960287930272 0
0.01510481171143845 0.0003208212470900058 0
0.01478072201366464 0.0005769010566895028 0
0.0148479483249172 0.0007274455527329642 0
0.01521552847114444 0.0003174828216996627 0
0.01470912188914182 0.0004421390989847174 0
0.01479566059143229 0.0003265317657238985 0
0.01468977727607935 0.0007296357391285983 0
0.008957652428564566 0.001138784972262711 0
0.01103648899755958 0.005928417227812153 0
0.01493175144509167 0.006316302984841444 0
0.01497663465851875 0.006432595520524699 0
0.0148679983940386 0.006414688216861048 0
0.01508672405110265 0.006461293416049911 0
0.01539004144944515 0.005872393532786175 0
0.0005438358351818277 0.003147989837587478 0
0.000407943858777824 0.003250605392406381 0
0.000426563824484992 0.003041745503799853 0
0.01233967449710856 0.006352003472734034 0
0.002131894555610074 0.0005241464187083393 0
0.008283153451918407 0.006332889190417796 0
0.008153007251192649 0.006346321201932785 0
0.005412217709772032 0.0005543215795161165 0
0.005315022281085002 0.000531544429342798 0
0.0114585542073413 0.006510735339810605 0
0.0003939107018060429 0.0008617102399394215 0
0.0002806894846139156 0.0008238468068353572 0
0.003602015847870562 0.006241583360601943 0
0.01439306400867485 0.006124809346752833 0
0.01428841552632001 0.006219050700749705 0
0.01446678530822888 0.006243584022112282 0
0.01458369347257939 0.00625816712865356 0
0.01451078884307183 0.006350679333106931 0
0.01462312449001349 0.00636717027504344 0
0.01439487525160485 0.006335379255402325 0
0.0003505620056091091 0.005892866554633649 0
0.0002681644989078295 0.005788708048642847 0
0.0002317131758287003 0.005896760597900206 0
0.0002903538881280331 0.005670909713371124 0
0.0002946784285726822 0.005997096076349753 0
0.01126112333491878 0.006591570604736918 0
0.007759428892944223 0.005645708496767038 0
0.007548387999416055 0.001910899499930023 0
0.008259334229250639 0.006425314612829996 0
0.007965378155564485 0.0003968176142375968 0
0.000182082088967167 0.003943992676867108 0
0.01491050072132087 0.0003280397139122661 0
0.01499669298761713 0.000211967717163951 0
0.01605709380049486 0.000224523410871264 0
0.01491048897715635 0.001464359650946938 0
0.001531196164449558 0.006796016258208091 0
0.001431504204875741 0.006811803593000113 0
0.001363234166671742 0.00672386810711281 0
0.00318055973731488 0.001010712530520847 0
0.003289748829020658 0.0009299662059078445 0
0.003181046044756962 0.0008799844924028979 0
0.003282011601387321 0.0008062362578783191 0
0.003394149072691153 0.0008650441014268566 0
0.003177679243257269 0.0007581365205533946 0
0.009918738436038042 0.005908731034283656 0
0.004281182294261447 0.000738967153407728 0
0.01155179161180664 0.006524148664963338 0
0.01168654877060955 0.006438770631910937 0
0.01381482321621378 0.0006680142416903103 0
0.01669750732315721 0.0007093683418906011 0
0.01071383211856591 0.000956531318681507 0
0.01059156681246513 0.0009261575347310159 0
0.01056377043173205 0.0008161774808962763 0
0.01047683148650438 0.0008917706974976756 0
0.01045421625503801 0.0007898021928333153 0
0.01497195728134257 0.005431197300792822 0
0.01471761504107988 0.005480724458682987 0
0.009294463602638388 0.005842349185542184 0
0.01648947659020111 0.004450266014386361 0
0.01661092813052516 0.004543630611899825 0
0.01662907040808988 0.004309907981622554 0
0.01660335319566628 0.004675105212984081 0
0.01672016461117586 0.004612136084016789 0
0.01674516618633862 0.004482695787988962 0
0.01672128916117113 0.004734665114395793 0
0.0003286363320215476 0.004756795204095481 0
0.0002529348696937092 0.004930349675591618 0
0.01317512526492897 0.006208626306796526 0
0.01329150562987555 0.006199806519372037 0
0.01339358444501669 0.006205578319510961 0
0.01682809782287651 0.004574291780048157 0
0.004278142941441047 0.006744837807599619 0
0.004179297781154149 0.006740291331974351 0
0.01206576805375303 0.0003984896142399945 0
0.01201518642759089 0.0004925468191013696 0
0.01249506609459691 0.0003250734921047822 0
0.01264630767144699 0.0002905465542971481 0
0.008203174709717539 0.0004775350411061166 0
0.01026894776893265 0.0008026105417778557 0
0.01572460464577926 0.001639079375903755 0
0.01604352369308314 0.001706276701782129 0
0.00749606493003778 0.0003130408733596356 0
0.007606884333147846 0.0003066564378802006 0
0.007672022593814627 0.0003905562415790738 0
0.01385633848144706 0.0002633902941539404 0
0.0009379107188786425 0.005503572654717776 0
0.01644312577674509 0.003134231729873271 0
0.0157591157935889 0.00672979904636031 0
0.01222136619251563 0.006325971880275524 0
0.005804872669066185 0.0005728524959128702 0
0.005867445336821922 0.0004713345874479452 0
0.005817126983915625 0.0003807552895334445 0
0.005916630037469828 0.0003782575851841432 0
0.008123763458809578 0.0003926972825692232 0
0.01667298610568832 0.002910813771673946 0
0.01228916184765905 0.0004062457614436191 0
0.01010986752605237 0.006194743603876497 0
0.002770003059190004 0.006671909056458264 0
0.002686581206378823 0.006785389551737731 0
0.002825601091232401 0.006755539806145442 0
0.009287906791114714 0.006568189836816221 0
0.009233806267252582 0.0066518979510645 0
0.008320985503423223 0.005674074975099345 0
0.01678895318254237 0.001000151236816631 0
0.007295989023837465 0.006257579151136684 0
0.007213487392072743 0.006186494702268133 0
0.0005319846297626527 0.00684094614218052 0
0.001345016761014161 0.0003227332314962327 0
0.001448921468827097 0.0003854173144472233 0
0.0167908695833511 0.001766844878104941 0
0.01676697162380514 0.001870154301192603 0
0.01682226174352323 0.001665144642019268 0
0.0001690571309678045 0.001766236574424591 0
0.0006933050746978598 0.003992828216952266 0
0.01525218765368853 0.004205302291287618 0
0.004728203169730923 0.0007524501437907736 0
0.01643189561562249 0.006835578789728503 0
0.004355084747253259 0.000661075067921586 0
0.01379615711547873 0.0001712410207529839 0
0.003861277067969855 0.006736546985967696 0
0.003975871606747155 0.00673822968607013 0
0.01676519904904697 0.0004545554214979374 0
0.001646520217578985 0.006806792174938897 0
0.001767558933804322 0.006795797318210148 0
0.001820645127987238 0.00671842569855853 0
0.01344002365629416 0.0002581504233563634 0
0.01356168882875449 0.0002666872940831821 0
0.0135015481102292 0.0001775927046067127 0
0.01240054120421604 0.0003121136722948142 0
0.0116749503020361 0.005808582957846442 0
0.01677268062964712 0.002879256718891085 0
0.0005528025717832803 0.006136910422066674 0
0.004982501083205643 0.006022031735210882 0
0.0001507717355454415 0.002712854648849263 0
0.01516745781959622 0.000226941727655056 0
0.01526987116903118 0.0002228064144168349 0
0.01529659536980326 0.006594749580986834 0
0.01518500652222677 0.006575570868493009 0
0.01541617370682867 0.006617456992527897 0
0.01534897106914304 0.00668551240372597 0
0.01485718392374564 0.0002356843628864105 0
0.01474352668601951 0.0002179207684204223 0
0.01667069327392982 0.002566736278122832 0
0.01679227049707578 0.002564914329080771 0
0.01373903212087894 0.006279721566480526 0
0.008970367412969702 0.006531578313140603 0
0.009024533392755415 0.006629252214836659 0
0.01664829864861336 0.006771384170872008 0
0.01674924295670769 0.006767912657704555 0
0.01669975794079315 0.002167693087816047 0
0.01676608381786952 0.002076475871027782 0
0.002392283823051903 0.006603624751352006 0
0.01628379774531723 0.005705136353788191 0
0.01083560394762501 0.006695388308457461 0
0.01391567944497236 0.0008291051457014541 0
0.008007247938145331 0.0008631669235690835 0
0.01157196973358141 0.0006950232440035846 0
0.01152593120380046 0.0005947304973958983 0
0.01157421869253808 0.0005106942968932547 0
0.01680982734617162 0.003546184797257752 0
0.00020964552051571 0.003841652923461626 0
0.008020842077848499 0.006217655172499954 0
0.007968454604970737 0.006331939901880718 0
0.008652130845838749 0.0005203453983984407 0
0.008531786212270879 0.0005501357705514462 0
0.01659086892444051 0.005035119371631075 0
0.007713797092573706 0.0002711537744143257 0
0.001021603075111429 0.006812599036756427 0
0.0129545439419846 0.006228008490693878 0
0.002876646668847008 0.00602856307891822 0
0.001134929521079421 0.006322564015794842 0
0.003571896168671121 0.0007797952491556625 0
0.002547101230805269 0.00679766857599387 0
0.004957539341734287 0.006595253959553229 0
0.005028998800793895 0.006496486759181241 0
0.005147121394149961 0.006538728726110872 0
0.005224261765076087 0.006456452968194739 0
0.01468999901340187 0.001263880450678328 0
0.005188357767441049 0.001086005880738493 0
0.01565178403112055 0.006687491314471806 0
0.001237695018878398 0.000253459956100962 0
0.006747061165798028 0.0002105770991745514 0
0.006859330975660155 0.0002233458908414208 0
0.006968289838059642 0.0001961544804597389 0
0.007658677244870181 0.0007483748193855807 0
0.01132395168922058 0.0006119251538148278 0
0.008603928086935235 0.006540767404315334 0
0.008669253779217507 0.006621918038677949 0
0.01671040605834871 0.006432838198127589 0
0.01673926691343967 0.00629798344431416 0
0.01681702388346405 0.006472480982693063 0
0.001374011858412369 0.004866496563884689 0
0.00167456988573819 0.004772330874009589 0
0.0007453548284154371 0.006627723635093313 0
0.006102528625789678 0.00628000257475161 0
0.006009549181794856 0.00634194857161629 0
0.005903231965994464 0.006291867812183119 0
0.005817375755214316 0.006373745345015728 0
0.005721438759400964 0.006338865161224142 0
0.01099494377529754 0.002049132762989746 0
0.00974787219694232 0.0007576030781816798 0
0.0002818509244443285 0.004399794136105475 0
0.01586020580795936 0.0007169025907055732 0
0.002191549690885041 0.006834837332865312 0
0.002311218166243364 0.006809638139392854 0
0.01681150438236214 0.006075657099393457 0
0.01263266543637374 0.005776725312841379 0
0.01686072017033289 0.00264425389955115 0
0.004509404794051397 0.0006808929673541605 0
0.008475238949201856 0.00584443366179271 0
0.006971164990781157 0.0008921084013525891 0
0.01679131159244279 0.003184262976298365 0
0.01686101546338304 0.003268553239881919 0
0.006031437840885008 0.001958037952765096 0
0.006351420294829778 0.002020098081759049 0
0.006129023433664801 0.00229825429420202 0
0.01676101643343344 0.006177250214884784 0
0.008936254751776443 0.002102201438962886 0
0.01122380980599288 0.0006148206127613181 0
0.0001930216227810679 0.002885797596763628 0
0.0003003880356126781 0.002964576562857063 0
0.000189220796909681 0.003003072591283914 0
0.0002765272820872203 0.003073076842838832 0
0.00404314553008574 0.006641730700068973 0
0.005992411386303935 0.0004638679934202807 0
0.01640904144384386 0.0003759948028578628 0
0.01630948063315017 0.0002796110772395788 0
0.01619956209312632 0.0002879637074580392 0
0.01624503921364175 0.0001801000878764929 0
0.01368930917430495 0.0001586372000859375 0
0.01053399319914927 0.0007130357924804271 0
0.01643984193450862 0.0001794136470948796 0
0.01251010936446643 0.006300341450220858 0
0.01402538007379298 0.006088004752539287 0
0.01405973509464691 0.006206899061694205 0
0.006457665465777819 0.0002309470027559448 0
0.01136986621608534 0.0005348856707006341 0
0.006529849190281288 0.006174346446636622 0
0.01456495560505936 0.0002032708952023894 0
0.001894004531276301 0.006804251376291256 0
0.01213919319707001 0.006409062765366669 0
0.01203064472549249 0.00638239164696437 0
0.007536434473821768 0.006201572404419821 0
0.007628744334399893 0.006274233107710005 0
0.007732921098025087 0.006264033413008708 0
0.007814908070493657 0.006348278628698047 0
0.003802422186153042 0.006848414937695614 0
0.00469512945208843 0.0006378610571311344 0
0.003529125301425245 0.006049566629723464 0
0.01397980960802324 0.001852724405134859 0
0.004947899764643967 0.0005773236553691802 0
0.006205930272819596 0.006221166080267165 0
0.01188886878086029 0.006472866908299093 0
0.0008613742881048159 0.005721188656981555 0
0.009518643572916353 0.0007583821189287875 0
0.003190278948305817 0.006853094457628365 0
0.001047979677100767 0.000244527605769978 0
0.0009507769082060837 0.0002861041904415385 0
0.0009442210290432126 0.0004077695533181666 0
0.0009673806069218811 0.0001795410727855472 0
0.000870798486958548 0.0002285734646526221 0
0.01223312942393693 0.0003231306609934796 0
0.003487247130222693 0.0009609135012414154 0
0.01413920167403082 0.00504403263395742 0
0.01387292316389231 0.004998386003154366 0
0.01151106330938818 0.006599770189220412 0
0.01350282360094052 0.0008095716455639996 0
0.01003333075726982 0.006819936199600508 0
0.01014753319727725 0.006824487090372306 0
0.01310665762260422 0.0006491724466989876 0
0.01679450661118957 0.005566142954100649 0
0.002055221235549931 0.003696567515668364 0
0.006631762672013857 0.006244160402417356 0
0.006743667336545293 0.006192571482809094 0
0.008473751355297836 0.000458747596782153 0
0.01325980421548775 0.000170577116803967 0
0.009284637277178756 0.002082589080886141 0
0.01680520327881345 0.003643893031329048 0
0.0098409831349169 0.0008151921644803978 0
0.008896305840236278 0.006634589222675047 0
0.01682197022907726 0.0006997062266361274 0
0.01544164014525996 0.0003137662063492147 0
0.01549469844318859 0.000217860762810012 0
0.01560188464026405 0.0001954232355860126 0
0.005798499807219739 0.0009828915404336185 0
0.01587476848727079 0.006762260129539467 0
0.01682124971440153 0.004686456600397926 0
0.01575863328367096 0.0001919937448924694 0
0.0001709218854937366 0.004422479123285023 0
0.0001949806872988506 0.004315474402704503 0
0.001094276633464214 0.0007612094949706262 0
0.01133888237785806 0.006646615629029434 0
0.000189368706360259 0.006191439289792534 0
0.006302146565631675 0.006282950320762782 0
0.01274939300866302 0.006285157205568175 0
0.01265436264762263 0.006248308639242769 0
0.01558987549754343 0.004774096080667484 0
0.0157354227016301 0.004480485758965507 0
0.01591893786536141 0.004743153591639879 0
0.01101859781922208 0.006700871385781591 0
0.01583466190941452 0.0005650209390764293 0
0.01296445125983668 0.0001780819479673657 0
0.01307016793235629 0.0001676142136203354 0
0.01613864332331283 0.00636349299205069 0
0.002062818089171971 0.005572004861662658 0
0.001760064202484455 0.005661377726237924 0
0.001133933159343593 0.006597166954646566 0
0.001178860916465182 0.006712200501171398 0
0.01020132293469209 0.001097372904775682 0
0.0001497463702649429 0.004949018025451271 0
0.0003649413798331915 0.002215264322886303 0
0.0002653621591704649 0.002152089217665862 0
0.0002587076803587419 0.002257114194277009 0
0.01566506641121414 0.0007395257446760621 0
0.009839724945452773 0.001237365089353814 0
0.01335802738093114 0.0001763097959524662 0
0.01501877353600327 0.006540113777149671 0
0.003096283314305313 0.006245903426736235 0
0.0147395023297134 0.003505936676628641 0
0.0001594206229602012 0.001878444358017173 0
0.009929504925294246 0.006804149665018669 0
0.01591101720471052 0.005383383094633192 0
0.0001520024062206284 0.004050111218015945 0
0.0002215648931682725 0.004138777273802068 0
0.01656416819488058 0.006932473263127046 0
0.008557316209725184 0.001125536835294668 0
0.00711098762573781 0.001945879123993171 0
0.0001627568747862834 0.001336128640832035 0
0.0001275725362895556 0.004251304927911634 0
0.01640064372772703 0.0008722683751755437 0
0.01182202644472208 0.000475008197087999 0
0.001545415956888146 0.003243728514278735 0
0.01615033500697486 0.005359426272725685 0
0.01123004045626145 0.0009574951698897659 0
0.003018227730754604 0.0007096446007353102 0
0.00701930946306981 0.005863554083656816 0
0.01148723901285701 0.006045200591224887 0
0.008564206848517346 0.002178095122955564 0
0.00871963962034801 0.001886808018809206 0
0.01684208591518683 0.005458249675412957 0
0.01685672661079192 0.005652112309115203 0
0.00196253541807229 0.006415931244229888 0
0.001972110832198329 0.006242352314134548 0
0.005237568513198247 0.0007197306411676173 0
0.004264332820276551 0.001211045356139738 0
0.005093277556274724 0.0009212655242565324 0
0.006166900746189388 0.005696745225588285 0
0.01684267043068714 0.003363781295171292 0
0.00873212715991345 0.00487540653396306 0
0.005691895547929622 0.0008182582615384516 0
0.007163812410703875 0.000186934479597728 0
0.0035165317393555 0.006845187973893239 0
0.001925108330696887 0.006912250473753585 0
0.006960734942760935 0.006225799983907735 0
0.0002832327207008285 0.00527033905498318 0
0.007472661041900459 0.006298308532563987 0
0.002625393144615778 0.00062025882089888 0
0.006522987839121874 0.002332246479208103 0
0.00627831473946054 0.002665281817275713 0
0.01690295505742789 0.005360631431158121 0
0.0160180476902461 0.005157911365404533 0
0.01584593136199519 0.001367794678696934 0
0.009433705200926349 0.0006882707588783117 0
0.001490242579157803 0.006894424901896554 0
0.0100504432103012 0.0008042584820692083 0
0.01369169583002343 0.005797981043956239 0
0.01682633268486011 0.003081251386423611 0
0.005063698131323949 0.006606367376984132 0
0.003060145086471791 0.0009371219086104004 0
0.009247167076630602 0.0006760971808556508 0
0.01538186861691275 0.0002214171618916357 0
0.008855556432859136 0.006025542328202609 0
0.008762486558434392 0.005862453761198131 0
0.006619174181708005 0.0006987721531299699 0
0.00347196418539481 0.00110843955477583 0
0.001333544121676092 0.006580775111180224 0
0.005465901958046688 0.006365239706856438 0
0.005559228637455895 0.006392702326735937 0
0.00539073593817362 0.006438693491074125 0
0.001125070273336613 0.006804540246347735 0
0.001235557912422009 0.006811731439811738 0
0.000658494840005696 0.0002973114207969274 0
0.0006854904137723137 0.0001793235073348017 0
0.009038678396614892 0.000657417805406975 0
0.0004062593647973945 0.006836367757188863 0
0.003919177300876546 0.006843786421891523 0
0.002712380599452078 0.002487216166062973 0
0.003082039185376011 0.002458136486235292 0
0.003346698108668651 0.002749988024323759 0
0.003444892252844716 0.002379445796423975 0
0.00334555740416999 0.002110580619338159 0
0.002861191905135447 0.002138099996451066 0
0.002631886986498203 0.001881542284631719 0
0.002914023180895719 0.001826963008731858 0
0.002273611241674437 0.001883524983735506 0
0.002267593355961712 0.001566095392794226 0
0.002074219777308301 0.00141772250048885 0
0.001794813313375684 0.001467203155398836 0
0.001908627516651646 0.001234726123270016 0
0.002272981008069899 0.001353579262790686 0
0.002731239080637536 0.001614499169444109 0
0.001736925788535588 0.001059326779265415 0
0.001524292390611024 0.00105205518850833 0
0.003960421938824143 0.0007369039919348824 0
0.003701252941150621 0.006846179474335655 0
0.005704887109208381 0.0003652055928813785 0
0.00277759505957847 0.004920891450281113 0
0.003191457052689594 0.004941535167304144 0
0.003361230951850857 0.004522158249249401 0
0.01683809633141216 0.002367971536278337 0
0.01687887402795258 0.002283416035425105 0
0.0001443701188605442 0.003760450717402727 0
0.01142928444135735 0.001149035540201404 0
0.01652366999546975 0.004017326239225588 0
0.01437427726732752 0.0001911710773634498 0
0.001548466016629712 0.0003251346610548523 0
0.001434062312222823 0.0002683535759288448 0
0.01359482082546242 0.0018178904446427 0
0.01339574179443984 0.002227283910019657 0
0.009391448282832145 0.006769210393361083 0
0.003313590885012227 0.006854793451705648 0
0.0008383241599935354 0.0004682965369125587 0
0.01455708289802755 0.0004564479106066413 0
0.008382923439354454 0.002522640654049978 0
0.01669068271037438 0.001330448858925962 0
0.008835673014881792 0.000597349778040462 0
0.008923288929718734 0.0005548025899350089 0
0.01294052299755765 0.005914786413016373 0
0.01447852937469062 0.0001503976456541977 0
0.0142953810965843 0.000118841189115342 0
0.006050629988968203 0.0002980980831686088 0
0.003728432281308489 0.002703961335126016 0
0.003854217336082043 0.002357021754855698 0
0.01205610359486917 0.0007989599980973176 0
0.01399201309264434 0.006310797756650222 0
0.0140934626553005 0.006313401364051771 0
0.01416778916236424 0.006234303192065426 0
0.01423562683861785 0.006338724125233198 0
0.004810281198382583 0.006053113023127038 0
0.001802294050992487 0.006597022158236849 0
0.009092525043575246 0.001046855168291056 0
0.00159089047302419 0.002592562322896754 0
0.001290999685419136 0.002583872578148298 0
0.001113640487470396 0.002342363133672672 0
0.001433218782330917 0.002880915247907199 0
0.001218920867157611 0.002041816007826861 0
0.001264358019653303 0.003135491375887521 0
0.008074402071217053 0.001026591284854728 0
0.002049639598742884 0.0004675197519406135 0
0.01638057754247873 0.006629961836837976 0
0.0154321696947288 0.006292103586451551 0
0.01539939727650865 0.006170492733904727 0
0.0009566897595484165 0.001534594463710018 0
0.0008974885642108734 0.001768745491298955 0
0.01598956456080934 0.006785736874640229 0
0.0001839472703502893 0.00570798557286074 0
0.01513257988371505 0.00118079285307014 0
0.003769751845173318 0.0007560535515536817 0
0.01555546142901706 0.003008223239213177 0
0.000464014370530166 0.002837216504501658 0
0.003629073554442259 0.00206878569697281 0
0.002142572424589421 0.006171560082736652 0
0.006117279851163394 0.0005148167420836319 0
0.009936238644480195 0.0007454825339192105 0
0.009832445995993894 0.0007103571353625502 0
0.009710431995570951 0.006807627013603071 0
0.00981930372467838 0.00679914749369295 0
0.0001832723257932552 0.006508665770440796 0
0.0001311889700144966 0.00634745414248794 0
0.01682629984766286 0.0008816311462342559 0
0.0168736689516173 0.001052975554981466 0
0.002425964208332118 0.006822717656554544 0
0.01578374337086408 0.006250740441007693 0
0.002528847644237492 0.0006545976718585677 0
0.01319230112464444 0.00185941145019615 0
0.01298230593667666 0.002228991809081336 0
0.01272929437679966 0.002559639741593066 0
0.01258147258678297 0.002217680899032721 0
0.01279709326216127 0.001832061672414316 0
0.01243681612885302 0.001853947163571145 0
0.01238662856911784 0.002561654327647568 0
0.01686242466802721 0.00655705991341427 0
0.01401410837873155 0.004365990369053517 0
0.01361809433178087 0.004362370424070089 0
0.01337291678392934 0.004049745509184201 0
0.01323066588789449 0.004419489645220934 0
0.01343890975822138 0.004704228409324707 0
0.0131034178265381 0.004747597868947224 0
0.01285810857690611 0.00446069464842807 0
0.01275738027471817 0.004829525110465586 0
0.01250308674159991 0.004521702704404749 0
0.01331770601678645 0.005030190263381955 0
0.01239360091536219 0.004866565559888048 0
0.01214666732317162 0.004599394524891135 0
0.01225159719472244 0.004213923508780392 0
0.01188697557614667 0.004336030594408846 0
0.011769160954868 0.004666333595965546 0
0.01150623792663198 0.004422340558106436 0
0.01139625036824723 0.004800574493175049 0
0.01116794821150045 0.004522976523881228 0
0.01192910738888549 0.003918548980443896 0
0.01257527330842902 0.00507691509490943 0
0.01202227506732654 0.004947569014770659 0
0.001881106498582067 0.00038994704668975 0
0.0101138346759916 0.0007337121924944766 0
0.007258845024963547 0.0002027622336137733 0
0.01657713417843316 0.0007316825628858807 0
0.000756124953675298 0.001142065054169225 0
0.008427805225684953 0.006509545729499634 0
0.01092667456899656 0.0006758955612103431 0
0.001116604150502902 0.002843622607794097 0
0.01690013760091718 0.001753314921214773 0
0.01679544654835009 0.0003430285439194798 0
0.01683991644904357 0.0002461752915763112 0
0.01677190005238254 0.0001547550906935914 0
0.01375890953901204 0.004697447914321967 0
0.01676668498813541 0.0007931292749882219 0
0.01064055630781026 0.0007455195593823001 0
0.001720667825175277 0.006892957051554734 0
0.002912022050340281 0.0006657073661919958 0
0.0008772482507803372 0.006827847577837082 0
0.0007792175925008683 0.006829865331378342 0
0.0006962563608190163 0.006745333577838087 0
0.01490071222413238 0.006511139030564132 0
0.004378280714228716 0.006755783189029691 0
0.01589479686773286 0.006352983727549109 0
0.01035818832950974 0.0008329191377894544 0
0.01034908124182271 0.0007277718260434896 0
0.01037137661340668 0.0009295498880387849 0
0.01046753600816227 0.001020500814210119 0
0.01299073034647478 0.004089272359484957 0
0.004554607126894791 0.006740217977843493 0
0.0003875800665251571 0.003398060941496651 0
0.0002824899423855276 0.00332523405250337 0
0.0001821190945765494 0.003382758302269857 0
0.0001775756765686927 0.0032768235645498 0
0.0002625281591376923 0.00319514846124352 0
0.003987594157641374 0.002018887285224541 0
0.004196496655498498 0.002286432956259988 0
0.004102223698351393 0.002642137377557407 0
0.004510311592131147 0.002538907361233516 0
0.004264096434292032 0.002035793024892337 0
0.01450926649833824 0.005299473251516633 0
0.006933725484213143 0.002319020025264875 0
0.01066873677070428 0.002661850462074707 0
0.004731864190522657 0.001889456437977718 0
0.01468140792661858 0.0003220837744880604 0
0.01641777237278675 0.001891151659510768 0
0.01624977830170019 0.001881545523644567 0
0.009495490681457528 0.006772983665978933 0
0.006502465051369045 0.006284214777036797 0
0.0161767735676383 0.001569011032702588 0
0.01645919322739083 0.005287264830633251 0
0.004863907937289461 0.002560644216083145 0
0.005168529672098424 0.002794642294437643 0
0.01674724919205703 0.006925956465037247 0
0.004371719466037032 0.002960547780274592 0
8.388278844138029e-05 0.006743572088097316 0
0.01640254600633869 0.003694939637429428 0
0.005526980424222143 0.005931732016815136 0
0.01388836403170465 0.006281256027784373 0
0.009302272322505427 0.001071022335055872 0
0.01683108780413633 0.004092485446220594 0
0.0001001542351832339 0.005040837613469145 0
0.01681010975697249 0.001189889775534846 0
0.0007710211527214607 0.001628983840566531 0
0.003123520376171505 0.004180755548878243 0
0.00163449998899781 0.004101082135555605 0
0.004193657950182969 0.006108209499418215 0
0.01036784935649765 0.006803646446482096 0
0.01026390720714783 0.006823643074003444 0
8.820314503517682e-05 0.003339116808292998 0
0.008212579610547987 0.002887218686422248 0
0.01352910683398113 0.003677124459767765 0
0.01480927100818982 0.002443358657348071 0
0.003196940748210696 0.003119982798176986 0
0.004311477545701839 0.004038691098670738 0
0.004152762613229933 0.00440594182751126 0
0.004549885809608276 0.004360030212857768 0
0.004392284125107566 0.004693391667033951 0
0.004792715722280623 0.004633824671204412 0
0.004006982198023639 0.004822654481348394 0
0.004947783723854784 0.004306074513687566 0
0.005202290570829904 0.004603032766891956 0
0.005346637882150087 0.004261486956671525 0
0.00559195906715443 0.004563459388412272 0
0.005740884560143293 0.004216478026360932 0
0.005975203709051414 0.004520447530890858 0
0.006133148094833316 0.004169799190448352 0
0.006356530321516247 0.004480748281342125 0
0.006204028209924855 0.004842444025149971 0
0.006524419433882855 0.004127575468925343 0
0.00679808689265549 0.004469526407802674 0
0.006566033854299561 0.004796196904964085 0
0.006875126096689631 0.004824520300105588 0
0.006936693116136546 0.004081290333060479 0
0.00470865030322924 0.00399101177407169 0
0.008761743010250145 0.004220562623493754 0
0.008523373534849301 0.003899375495135037 0
0.009953584830480198 0.004080845342044688 0
0.008920693452458805 0.00385334497150726 0
0.009611597857961597 0.003055882237043451 0
0.01019203057161199 0.004400927568504777 0
0.01058165908897181 0.004336270696629059 0
0.01001713281759039 0.004809137702216217 0
0.01042514409104797 0.004740242151077728 0
0.01360828812896543 0.002601071101942003 0
0.01161357206360623 0.002870471929047079 0
0.01074511464105074 0.003969569212299183 0
0.01112453729938304 0.003915174017459271 0
0.007489332267380341 0.003670184818032284 0
0.007166032152800371 0.002652857254380345 0
0.007090977639774919 0.003715170718878181 0
0.003754443139219434 0.004467323902196818 0
8.05458402229741e-05 0.005447814972686491 0
8.144973616945952e-05 0.005548060181297349 0
8.657818739059991e-05 0.0004498258492510476 0
0.0001723566465752693 0.0003998472220511544 0
0.0001734822645869435 0.0004998196926065198 0
8.630132316392834e-05 0.0005497838956861453 0
8.199679827268491e-05 0.0009492982039022387 0
0.0001882485232972773 0.000910708321911047 0
0.0001772194339422755 0.0007906971744429054 0
0.0002619213863013677 0.0007195104458625535 0
8.021682848367503e-05 0.005947614511465076 0
9.450376560832599e-05 0.002947789116665576 0
9.152900205973077e-05 0.003051156238804022 0
8.656781947638179e-05 0.003548576725327878 0
8.459896482518672e-05 0.002349057832259302 0
8.257641474865123e-05 0.00244956806945793 0
0.000165453834210693 0.002400441230524704 0
8.656781947638179e-05 0.0007496993081678384 0
0.01691616420339506 0.006740153268454048 0
8.134874498109609e-05 0.001150556990302048 0
0.01691343655339361 0.004850021639488365 0
0.01682269012657817 0.004794789568999759 0
0.01682967679224846 0.00489970168821452 0
0.01672937749908381 0.004853367498618153 0
8.430586850974656e-05 0.006146958394670485 0
8.621883659256854e-05 0.005749121200229326 0
8.461813014033412e-05 0.001549593310547043 0
0.0001689235221053222 0.001585834787622116 0
8.656781947637832e-05 0.005247895157175045 0
0.0001834085062417164 0.005203066197069768 0
8.598222293471069e-05 0.002049178108992159 0
8.542758477768191e-05 0.002149138016747873 0
0.0001030685662456055 0.004642755344193724 0
8.656781947641301e-05 0.004748095618396467 0
0.0001702161763859865 0.004790893932991584 0
0.01691403660156197 0.004350432509149264 0
0.01682682964014517 0.004401042398351351 0
0.01682631675630182 0.004300959550484273 0
0.016913967051738 0.004950251100188866 0
0.01689566042874236 0.005154961245852834 0
0.0169199535993455 0.00284961684224017 0
0.01691758276122354 0.002050926685960752 0
0.01692077602003295 0.001952281553353217 0
0.0169086340521829 0.002552361251833445 0
0.01691735634732034 0.003756251864077632 0
0.01691060098463696 0.001247800888671745 0
0.01692093722945638 0.001454297608581915 0
0.01691405033801478 0.004250406406617982 0
0.01690950727424053 0.005852816533474655 0
0.01691347378519743 0.006046359430399589 0
0.01691425709250335 0.006232780088596278 0
8.610077509071772e-05 0.0002507103868485488 0
0.01577627737168927 0.003158582741508636 0
0.0001730209971408745 0.0002996516106347257 0
0.0001668246054704683 0.0002011316439094772 0
0.0001748918028574749 0.005301864432984476 0
0.005502775535388106 0.00389754355181481 0
0.003372208477490168 0.0007325865437586335 0
0.01465855865161892 0.0001573739395281707 0
0.01474342892178662 0.0001120308494911245 0
0.01269644508065743 0.0001992122129824145 0
8.814295845929396e-05 0.006548456909094502 0
0.01691334650119834 0.0004597162815783338 0
0.01691701365645251 0.0006544276708576871 0
0.00346918933499155 0.0007766234518466306 0
0.003449855754704966 0.0007030300538881941 0
0.0088718580382813 0.0009983718037480339 0
0.01681075862614283 0.001309992591645527 0
0.01224938788684611 0.005965081817019234 0
0.01487638012296859 0.005673488085951388 0
0.00227780223241747 0.006907621603576787 0
0.01682980194073526 0.004998652351234166 0
0.001980802533546393 0.006045720261756626 0
0.0001807201490656562 0.00559456970622523 0
0.01448156200076215 0.003198546501536536 0
0.0002462524257889256 0.00692005528171019 0
0.001027124922808081 0.006908798166903767 0
0.01615984543122026 9.808261746605809e-05 0
0.0008337051595806496 0.006914884664307865 0
0.01498363422038708 7.89614011014626e-05 0
0.001226462915892327 0.006915263518522161 0
0.002503510903883894 0.00690982669681758 0
0.003006265750947472 0.006915736130672815 0
0.002903194252279803 0.00691982181617171 0
0.01508124829107088 7.805460373394796e-05 0
0.01527416839232759 7.916499926610048e-05 0
0.0155840660487821 9.135239183087661e-05 0
0.01596351815789993 8.312070504865781e-05 0
0.002697478151828655 0.006897235130674193 0
0.01537842329070664 7.706940131366148e-05 0
0.006327098109606225 0.005908539699586434 0
0.01396999557506382 0.0001656372576461537 0
0.005371018924545707 0.0004500165287594535 0
0.003587190330867761 0.003071515370323414 0
0.01682700340268452 0.004197094757587054 0
0.01576498003333498 9.656038771343719e-05 0
0.0066714303096759 0.005851121365214 0
0.01654184003439225 0.002952814287177254 0
0.0007677061567505873 0.0002565063913533552 0
0.006309278970794766 0.0002218279923101086 0
0.00828696806018246 0.00591509894460345 0
0.000583929709068445 0.0008032943586279528 0
0.008771569838157906 0.0005136895330281033 0
0.01364886135343561 0.0006752265670908896 0
0.01003240779493898 0.002945825732348248 0
0.001544323846925535 0.005886871421236402 0
0.007381510552952392 0.005875559165204901 0
0.0009897108582194057 0.002132829000392095 0
0.006294276144573759 0.003805764204091549 0
0.009625380968202622 0.001062875620517519 0
0.0001696193999361252 0.0005966335314275656 0
0.0002834572486891066 0.0005426451820880586 0
0.009968237756427805 0.001128502177569718 0
0.005758057647754044 0.005984728416330652 0
0.0005041030632097643 0.003588880084470722 0
0.006814521374711111 0.006261642805956832 0
0.01313341522804252 0.00372822888553317 0
0.000173170359854832 0.001999198155114327 0
0.0003688714456826642 0.0007435643358408794 0
0.01613917378866158 0.0003898451426072149 0
0.000173094833652904 0.005997594465342916 0
0.000244164417933946 0.006090768534939422 0
0.001067892275963924 0.006468160056446339 0
0.0006601582646553784 0.004522408107619505 0
0.000632090795377984 0.005419370422300316 0
0.002842358373555759 0.001006949441878313 0
0.0168295131230879 0.002181968741472883 0
0.003606928127984819 0.004865932203598984 0
0.01099348065173894 0.0006271443660989741 0
0.01647204537023987 8.45416899155336e-05 0
0.008608336856988353 0.002843774971726084 0
0.0001750383976774905 0.003498802647608462 0
0.009031583738462582 0.006057942492507008 0
0.001679470022324592 0.006286458983310865 0
0.001814928013073907 0.006153055901304334 0
0.0116637054284353 0.0004892677571983702 0
0.005278987722727889 0.006075037435424872 0
0.009594025182926645 0.006801180282473724 0
0.006722046098705563 0.00200816465670417 0
0.009129701157303398 0.00663509099762705 0
0.005422301291738727 0.002462095461124881 0
0.005819585222796495 0.002504450153671214 0
0.01222221059300014 0.002194196658312449 0
0.01187459372621122 0.002297869896967833 0
0.01108369985066748 0.001004283194110771 0
0.01100181953631241 0.001129629414812846 0
0.0162647970192205 8.525624927917209e-05 0
0.01614619509582933 0.0001900636977086043 0
0.003670599785231245 0.006383699152842455 0
0.01221124977810477 0.0007613676698143535 0
0.000755249712491253 0.005528966201948459 0
0.001784801493560666 0.005945223792784012 0
0.01488398506135054 0.001094676127347797 0
0.01127787766227088 0.006130864979676007 0
0.003521153296522172 0.004134022848040379 0
0.0002591607845957647 8.092187639133263e-05 0
0.009481659769114782 0.002371813196712252 0
0.007395308675743165 0.004703909029452787 0
0.01199369598630983 0.005996055409871245 0
0.01519216757985303 0.002353981913087484 0
0.01511036017377629 0.002723984943079236 0
0.007446174460898869 0.0002230206714471232 0
0.01609352795491878 0.006824964388968712 0
0.01253374635535155 0.0007602242111525927 0
0.01245609702294492 0.0009153832825384979 0
0.01081141446067386 0.0006764961975678769 0
0.007908251716555454 0.0003049547385699891 0
0.007987624413420892 0.0002948229289268496 0
0.01462762345076766 0.0005873455045444192 0
0.008506356019127918 0.006566373630332115 0
0.01683820416087097 0.002813330714802212 0
0.01691457688120837 0.003551383182427799 0
0.002937012864560017 0.005258400717292305 0
0.0007355287037010376 0.006915563114148445 0
0.003270259282290368 0.0007030101948957328 0
0.01475968644843231 0.0008916367839948967 0
0.01286974685682042 0.0001914473455191584 0
0.002798452168366937 0.0006304091188095141 0
8.230408583539441e-05 0.003964649559357211 0
0.01673267285617183 0.004249573728669226 0
0.01663011474968475 0.004187918832793938 0
0.003710679220632596 0.001081633356953265 0
0.01605644354028507 0.001261738543587902 0
0.0003988833749276905 0.004354913534140608 0
0.01628664262119376 0.002766118356539718 0
0.0168228573668983 0.006674660583523407 0
0.01118052176227879 0.002317653935709457 0
0.007787141118047859 0.0007911566427607065 0
0.008778285346431762 0.0066203730963382 0
0.007206337767314596 0.006278690670568864 0
0.01519010507114054 0.005899794657468632 0
0.01647375377799906 0.001756795439513994 0
0.008246538705113318 0.00463086479972229 0
0.002022267876773141 0.006916961488735203 0
0.009591846288335011 0.002066235469061585 0
0.01173211467446464 0.006533328877700566 0
0.01020496656454594 0.006720391950416272 0
0.008151045578107544 0.006462055378290602 0
0.008061413755658079 0.006392730923379888 0
0.008047583077874263 0.006471447903768935 0
0.01637715860603905 0.0055805966284891 0
0.001327694040213227 0.0007029493700980477 0
0.001455874933270176 0.0007825453546009731 0
0.01634216340440813 0.0001796776327877051 0
0.01190993449736736 0.0007984585059602179 0
0.008270990068066237 0.0003840651226289988 0
0.008350226545035873 0.0003771166663228613 0
0.01185739172208027 0.00599574749425306 0
0.01400686690614242 8.195109699785574e-05 0
0.01615622361930857 0.00584860041672011 0
0.01666266434993926 0.001913215433426197 0
0.008178009447957128 0.005788555765409291 0
0.0008535444492981988 0.0003342242903180189 0
0.0001711567287878846 0.002200945882407633 0
0.01684368645965342 7.58003775268223e-05 0
0.01691637870272859 0.004648135097543893 0
0.007745402078525265 0.004664357032609386 0
0.01205752736676679 0.0005935491455607155 0
0.006773293529835083 0.0007046504016898769 0
0.0001788816303639716 0.003109784257470938 0
0.01691727350397746 0.0008503793746757115 0
0.01668108229080818 0.004950689645669751 0
0.0005050470031949406 0.0001321410518880148 0
0.009881231246535374 0.006704240938745968 0
0.0008082967106354585 0.0001541192147367101 0
0.0006659840722647217 9.491324796750402e-05 0
0.01047450259588064 0.00681481505442731 0
0.01690473524102148 0.006846149927624966 0
8.082503633996541e-05 0.0001534628767559218 0
0.0167655497028838 0.002986263651965428 0
0.006662989523815586 0.006322101262521052 0
0.01043606612018676 0.001834967768586955 0
0.01532415276726947 0.000319110161790506 0
0.005483450696880439 0.006471460872016565 0
0.005405300652368539 0.006530082954883739 0
0.0001475546880953249 0.006919988753686566 0
0.0123585240645399 0.003824021027676427 0
0.01195803250579772 0.0004083326551344662 0
0.01601847934900676 0.006870022467653494 0
0.01564729001749971 0.002750137462837839 0
0.006207486678555467 0.0002233671003776271 0
0.01244545205472087 0.006363942390169611 0
0.01260687536192507 0.006336945610830097 0
0.0130867128531796 0.005906294528035552 0
0.009590631650639277 0.0006955859768868139 0
0.005741453611458506 0.0006818146736796544 0
0.008741343449931197 0.0009477697948478661 0
0.01691860534711252 0.003051351850179842 0
0.01142452338809523 0.000595154526127377 0
0.005114209729621379 0.0004975679561708755 0
0.01506083463723205 0.005781431793460988 0
0.005824840036462039 0.004854690032458325 0
0.005477233921218441 0.004917098737616701 0
0.004723716755124537 0.001152253758960605 0
0.003354438119117346 0.006761950718561793 0
0.01374990187000738 9.381701505480284e-05 0
0.008912930977408398 0.006171469654091611 0
0.003856910058891271 0.001136024403433863 0
0.01028731866187895 0.001011667419861076 0
0.0002649103783656376 0.002041190097510783 0
0.01431867139798804 0.005463697026965652 0
0.01673461257991773 0.004363342686681607 0
0.000174334905648537 0.00209862324640644 0
0.007819544561419877 0.000294862909111277 0
7.903980704337087e-05 0.004448215895129319 0
0.00927278293626871 0.006752292018185524 0
0.008958278454191353 0.006696004301903508 0
0.01350566112489042 9.414697401744897e-05 0
0.006180837792969171 0.006331597315410735 0
0.01191133713448124 0.0003469567551913602 0
0.01691354552873743 0.006452537318940818 0
0.0005955046312142789 0.001130097391887081 0
0.001089881207288374 0.0005614529773907591 0
0.008311531885982928 0.0008914786149319042 0
0.005234501703743198 0.006544781809475939 0
0.000421793941120437 0.0005437558392200636 0
0.01362311745475569 0.006268126504324747 0
0.01352936361803058 0.006285375332760568 0
0.0001681445227828624 0.006698611951392156 0
0.0001750137690729216 0.006606783005955802 0
0.00403825960734761 0.006840480105843802 0
0.01238381388502503 0.005958939129887925 0
0.01655947505134833 7.078799226113101e-05 0
0.01066434226164591 0.006049357232808143 0
0.01191177061595189 0.000479711238219238 0
0.0002571076754840137 0.0004486274162741814 0
0.000261775508028271 0.000359156424127388 0
0.009555719769595076 0.006689809301214921 0
0.000335372995034347 0.0006330365975320339 0
0.0005307902588701455 0.003998773345380818 0
0.000652678735645144 0.004971980112053009 0
0.007675242305727954 0.006356859410810371 0
0.007596964706587625 0.006371180178730243 0
0.002958571673759462 0.001586450601585487 0
0.008645562983408584 0.0008554710951237522 0
0.01480507974538652 0.006501355462814305 0
0.01473837619422051 0.00639036857965675 0
0.01471535045517812 0.006504398596107099 0
0.008588403215674518 0.004565983843398773 0
0.01261785523005932 0.004145741804563226 0
0.002360274743802931 0.006721324356874473 0
0.004974027454992552 0.001683701278294161 0
0.01455771772051236 0.006434832012778688 0
0.01268648351038553 0.0007220065038916683 0
0.01632282280733285 0.005421016371906189 0
0.00564652280849412 0.001604260805054376 0
0.0162094253827407 0.006853294855224856 0
0.007065087311707027 0.0001944325500258626 0
0.00934661593854778 0.000641944429473699 0
0.01177467358129924 0.006099829482695867 0
0.0004544644696807074 0.001105148946792578 0
0.0006418713557909007 0.001294121831861554 0
0.004464343761239593 0.001029815833423223 0
0.004823810477477217 0.006221592166070367 0
0.01002327096271625 0.0007130523561701915 0
0.001264678305839985 0.003416742431195056 0
0.002967062063636022 0.006836080261091369 0
0.0108270942543915 0.004694768365374656 0
0.01122393116826934 0.005117079913772357 0
0.0001673159826193343 0.00149939861633574 0
0.00102924290168611 0.0004551673947298957 0
0.01653933187126641 0.003887342034518877 0
0.01606348278256398 0.002226021608536163 0
0.004206782844808906 0.0006811278854266943 0
0.002386160756380429 0.000545165350244486 0
0.002318188431291788 0.0005156623951942281 0
0.002232760177354381 0.0005482329317485833 0
0.001337106328244559 0.006819884755095252 0
0.001834562255045087 0.006338101676562338 0
0.009597953510191945 0.004800268732763329 0
0.0008057666795743736 0.002176168771057765 0
0.01489219116342904 0.003123848963695172 0
0.0169169022611103 0.004541703645832302 0
0.0114150120950621 0.006156060652190182 0
0.004082255406901507 0.006745313898414387 0
0.0002970613328584296 0.006838662003026968 0
0.0033940762575156 0.001666938173269835 0
0.003198704810245444 0.001773607960414031 0
0.006294711193980385 0.001468260688341756 0
0.0004104964761322896 0.005240464795318782 0
0.01528028738962157 0.006080319690585581 0
0.01691938212134246 0.004046812305151985 0
0.007934917152441299 0.0007499159086470268 0
0.009231692114196187 0.004800813105250819 0
0.01083039895807939 0.001841788863720249 0
0.0006907534085250867 0.006839622161595943 0
0.01082829043049345 0.0009754282430035378 0
0.004448619841333332 0.006287702634303441 0
0.004168686218170609 0.006286755527309232 0
0.0163778063870792 0.003262607629580551 0
0.01206890988753596 0.006463756518510498 0
0.01600163692316747 0.004115653730754775 0
0.01473398554694171 0.00586562660818471 0
0.002006040753587887 0.003276180620495434 0
0.009109837265684961 0.0006043808030511471 0
0.0165579731883493 0.005366688488912565 0
0.01465595098920964 0.005695741819412958 0
0.0111290222382684 0.0008979561477644648 0
0.005313325081699207 0.006514062485300344 0
0.01063120527696174 0.005068106600707601 0
0.0006847862225435198 0.005671495858125037 0
0.01089823555709725 0.006240513599709884 0
0.016160944696079 0.004761646536409819 0
0.00155833018872536 0.0007068865282461993 0
0.003915242766435892 0.006080547989234873 0
0.0123042520076691 0.001560119144700272 0
0.01150235404666275 0.005168482685822096 0
0.01126820837668164 0.001718316071935491 0
0.0001667180839445993 0.003598556679205704 0
0.01691771900206272 0.001646226611161578 0
0.006800405467373524 0.001545078719508124 0
0.001770158726880413 0.0008640359283397215 0
0.01280466502478653 0.001510277743136772 0
0.0020116334790116 0.000978299222755124 0
0.01184667309931179 0.00147983124697624 0
0.01590324625421195 0.003514974684349726 0
0.0006215331502117498 0.001581430668955994 0
0.01258443318219903 0.000626840026007811 0
0.004411026402491519 0.005189146608975233 0
0.008860176987815424 0.005145930405401509 0
0.01059138637210445 0.006206301358557187 0
0.0001715124570334289 0.0006895270371791657 0
0.005880823405740256 0.005897981525377488 0
0.01583915615736224 0.0001741281692038679 0
0.0001566106691754561 0.002605934682411316 0
0.01410881224801987 8.381277529396136e-05 0
0.01202214695048175 0.005228798539498588 0
0.007449974133895693 0.0006529464153769778 0
0.007378370339484984 0.0007845057631906188 0
0.004934192661979071 0.005167825547089134 0
0.001133806737663795 0.0002072486824005108 0
0.008527896674777607 0.006036888143892048 0
0.007759022953095787 0.005911934239946936 0
0.007671745789977813 0.005803022170661412 0
0.0005370297132165237 0.006935112644070832 0
0.01493173100463679 0.0001620932160209159 0
0.005989453861116333 0.00597587683080736 0
0.01084589604603627 0.002967235567543786 0
0.004134489235680936 0.00116461225894658 0
0.003790372158487788 0.001862916241561324 0
9.461429920883287e-05 0.001810850729210422 0
0.006898110733475436 0.005906524070000063 0
0.006901700832127711 0.005769032080439645 0
0.007152013067243444 0.00579383854743253 0
0.0001623377994628642 0.00120490703954278 0
0.0133418004289934 0.005883720141767891 0
0.01295383546598234 0.0006438809386920428 0
0.005941530656423778 0.002857803746839447 0
0.007548657618857955 0.0002117621359921033 0
0.0102740368972656 0.006243311291445518 0
0.01037871791023629 0.006009438998260485 0
0.001650647019180897 0.0009298854417557952 0
0.01450791095813664 0.005568224177349927 0
0.007168774721956439 0.0006668233077312962 0
0.006207412890780031 0.005130670288096544 0
0.003801213680975196 0.006412523396251622 0
0.01314458688238816 0.005252877969455556 0
0.01692645567211573 0.002359178407658188 0
0.01682077004536665 0.002465150851555522 0
0.006937276721787716 0.005064589740407474 0
0.0106341543034791 0.006699711067295874 0
0.01068811652788584 0.006784181791186672 0
0.005706130599980375 0.005132046008016229 0
0.007128692753804408 0.0008363920918756222 0
0.01324619079356134 0.0006572414051987966 0
0.01312338567693092 0.006292336761056932 0
0.016667126088152 0.0001866076109366568 0
0.0003834797919339116 0.003141713207575213 0
0.007336753734682733 0.001634473108147199 0
0.004359420625916057 0.006118905542679508 0
0.003817247965895131 0.005173946850819766 0
0.01555494021718857 0.006328569964349455 0
0.01563915941098787 0.006245986472657731 0
0.01078440389677121 0.006782038399494653 0
0.01692680445237859 0.003341466640803521 0
0.009704823989052773 0.001819262728031567 0
0.01222134270396493 0.006408011770578755 0
0.01681988573070742 0.005239217462533237 0
0.01592450204412734 0.004980401050810671 0
0.01023577602401458 0.001617810578026357 0
0.01043782446151338 0.001605709532519959 0
0.00995763789548627 0.006231666014180591 0
0.0001660168162132582 0.005814644096821616 0
0.001997068585385289 0.00582353126297364 0
0.0009000659549273215 0.00281903264296085 0
0.01334894601315569 0.001551209859820006 0
0.006427269380182318 0.005081474021455343 0
0.01501116344568288 0.0007364617818471854 0
0.001289580541449563 0.0001690446146770919 0
0.01334452937410399 0.005282416952954273 0
0.0136204726739596 0.004989643186176977 0
0.001032003511000384 0.003535668264668282 0
7.683427319584574e-05 0.001353360466433425 0
0.002948581654869388 0.006260100903148728 0
0.01002371849357369 0.005150025226695055 0
0.01138312352730006 0.002593508416297695 0
0.01100660566935631 0.002632761492150583 0
0.01113875005251258 0.0006093334677527117 0
0.01117256072025946 0.000537355267719794 0
0.01599186952184333 0.004461540735274793 0
0.01244474221058707 0.0002422067766873642 0
0.0006186360742905846 0.004134300882591777 0
0.0001695832127680923 0.002302423024646984 0
0.009254635231173898 0.001743326239914133 0
0.01386398134956903 0.00152265193359182 0
0.01397509885047239 0.0006506886685044388 0
0.01376601125812346 0.0052258827814449 0
0.003868195569213783 0.0007149337529339184 0
8.169031801371837e-05 0.003238703910167431 0
0.003250643551387874 0.006226839059686764 0
0.003335375665437604 0.006086600631538793 0
0.00016350664523666 0.005412682137462562 0
0.009642144600826843 0.006223046750298932 0
0.009769061391084976 0.006010115861026488 0
0.00263892837074377 0.006266011618061576 0
0.001341523271242198 0.004099215265154856 0
0.001455921881591916 0.004348154607286402 0
0.01415957538357667 0.005658559632913796 0
0.007593073646952666 0.001596177447934133 0
0.00586682143036051 0.000298779697699262 0
0.005779437968936174 0.0002966556259176331 0
0.005956207945470643 0.0002758131048701358 0
0.01682848670968948 0.0005269675760600297 0
0.0009509930432938744 0.00244844613028953 0
0.01636101651913077 0.002296090501229113 0
0.001158500278348112 0.004727332404416538 0
0.01614380676363558 0.006523876220629266 0
0.006458876317016931 0.0006906714380349789 0
0.01692894786678139 0.0002506968991336012 0
0.0004148746653198868 0.002932453557534638 0
0.007919435797412871 0.001943591853604805 0
0.01121520077593906 0.005970039161901154 0
0.009328232010280458 0.006172448489001005 0
0.003225855142121498 0.005289616763652969 0
0.01030620685017868 0.002646721152960863 0
0.008087603328461401 0.001680850265636067 0
0.003090821083477318 0.000761883785710201 0
0.01576874803462547 0.004209636001082565 0
0.002077541057441082 0.006831193009373803 0
0.004598196022629893 0.0006153176414575592 0
0.01615159354065213 0.002035555706113429 0
0.01109962903322675 0.006708854779245621 0
0.01117872699717588 0.006743877348966261 0
0.01637026137096288 0.006741827394206196 0
0.01632014557125568 0.006857792849492832 0
0.001938715335285181 0.006695558790394016 0
0.009424766141723159 0.005104420565153509 0
0.001055527424807683 0.003126940974891271 0
0.007607790548208488 0.004976101289670959 0
0.002767789076125415 0.006830367898534438 0
0.01181308898258613 0.006535583185872744 0
0.01537362972949383 0.00390783998713182 0
0.003490662959743616 0.00692627344435414 0
0.01660595484086887 0.006852146223245155 0
0.008135097887385987 0.004969514334224853 0
0.0001620376443849485 0.002501358339559607 0
0.01092884678555437 0.006691431874216366 0
0.01557184107407922 0.006737578868476854 0
0.00561721656280808 0.0003710292860076062 0
0.01280627072452916 0.005969365967838577 0
0.01291676587293688 0.006049328511675993 0
0.01303246021591027 0.005021294496224534 0
0.01282963555212098 0.006299078988263759 0
0.01332000506821841 0.0007852523463417658 0
0.01358675992313171 0.0001718058643663113 0
0.008029078443758482 0.005826908851384326 0
0.005387209294100184 0.005978253277543304 0
0.001642875311877622 0.0003055526478955863 0
0.0009781591238086154 0.001926395658626654 0
0.0001928322253296078 0.006843755439742851 0
0.0125009698504136 0.005866395917242237 0
0.006801651556655118 0.005836681417959505 0
0.008179871764159465 0.001922539257761175 0
0.006461422956239891 0.005850998889932821 0
0.007169385992752041 0.006342124144819104 0
0.007113716413882628 0.006270031120416821 0
0.01130730698421071 0.001076714876098407 0
0.007516707209748239 0.005828994702794387 0
0.01278734220867792 0.0001960725511827902 0
0.003611889386831305 0.006846041751802466 0
0.005796692522184619 0.006467275752322234 0
0.01424970954561754 0.006436288432582276 0
0.002753225876439341 0.0005545290733043702 0
0.005601310954969557 0.006527054890932794 0
0.005993404423766925 0.006433492811731348 0
0.01568841655932943 0.006779570703001727 0
0.01450866036773556 0.006510024764429414 0
0.005672368462108422 0.006513056517920635 0
0.005652359221364237 0.006436011205175479 0
0.002495150298831125 0.0004846651854192789 0
0.002480882714411994 0.0005585552500540314 0
0.0004518010303675747 0.006922215732286756 0
0.01464709704325012 0.006539255114134274 0
0.002615332565689825 0.0005309149281959671 0
0.01437806497072559 0.006477462317856385 0
0.01152882573448941 0.0004370770091956201 0
0.005865100097052881 0.006451867670186236 0
0.01159938220232504 0.0004281365122907111 0
0.009363256219768832 0.0005742737416958338 0
0.008906321832383773 0.0004769174255638046 0
0.002818108226548483 0.0005579750279261506 0
0.01418362028220418 0.006420069875013429 0
0.00439317553444986 0.0005942764721229422 0
0.01483512983420183 0.006585424586233896 0
0.002166764579809979 0.0004033700368834088 0
0.006058503747583301 0.006415248051097514 0
0.004792699876200169 0.0005137838410548623 0
0.004781249748999768 0.0005967022558733041 0
0.01220404539522629 0.006482232115855377 0
0.008971874114732466 0.000490225737961876 0
0.009102366526426724 0.0005217022572598664 0
0.007906854670220896 0.006472047724875569 0
0.004922923036812389 0.0004920766181928755 0
0.004648182726272756 0.000548832578833119 0
0.01233895557594863 0.006455364696133285 0
0.002942102404215999 0.0005872654194078748 0
0.01404421751296307 0.006393839702782947 0
0.01058903776783986 0.006807203587894699 0
0.009226644581247492 0.0005444264033440411 0
0.007768546081672698 0.006440136332179408 0
0.0137878458349373 0.006370385428228476 0
0.003201332795983468 0.000649175439621705 0
0.003671076512566871 0.0007218228223354281 0
0.00504766750532318 0.00044351766760172 0
0.01195160522460149 0.006547054329353159 0
0.008780492461660881 0.0004362780615235185 0
0.008226324746863209 0.0065708541390486 0
0.01247143808664205 0.006437536589436089 0
0.004530604811261364 0.0005743406552676865 0
0.01080603570003314 0.0005977469132063878 0
0.006192323136239143 0.006405416252369246 0
0.01172501658513063 0.0003777533858232893 0
0.005276199717592639 0.006618067614285386 0
0.006452150656091199 0.006358771881866978 0
0.01054481111781733 0.0006356699939566329 0
0.003073844419385042 0.0006225686628403291 0
0.01392255387466223 0.006374432266508844 0
0.009418764099483048 0.0005963163747476226 0
0.01068058816479443 0.0006192041033617961 0
0.006326877213287141 0.00637274468261295 0
0.004330758425604214 0.000596863665901897 0
0.01266509159650528 0.006394722241382302 0
0.005137909482284572 0.006644000921151643 0
0.01496573546187563 0.006627881925251388 0
0.01510294089680129 0.006585790707668161 0
0.002032096785982086 0.0003744319085988023 0
0.01675640639875866 6.423890885377337e-05 0
0.01358584417080125 0.006344589108861381 0
0.005178150594568161 0.0004045375607892635 0
0.005219424533494367 0.0004838996153935121 0
0.008642690276685119 0.0004182005167357619 0
0.008360109995107425 0.006583095920336355 0
0.009561201621382919 0.0006149069977781246 0
0.007432848277510702 0.006376046066590342 0
0.009824759873084125 0.0006392132667958337 0
0.01372405122515194 0.006365888765433198 0
0.003277109008435749 0.0006365024169282456 0
0.009734214588705709 0.001117491032007576 0
0.01034836498914472 0.0006441089065705691 0
0.01684286783378509 0.00200883742348717 0
0.01279972521168816 0.006367188927306606 0
0.0019080257970537 0.0003160810598369398 0
0.00196776353695293 0.0004305072097160012 0
0.01508957165343784 0.006676831092491148 0
0.006517955668937083 0.006359265691152513 0
0.01048311156385923 0.0006473420291605108 0
0.01665465422475994 0.006199690837461679 0
0.01682675004608649 0.006255949462985124 0
0.003929625842319103 0.000651838225236161 0
0.01306781895815969 0.00635320756089818 0
0.007313877354057322 0.006356887065527174 0
0.00969444966116197 0.0006260450579477377 0
0.007382641820657699 0.006313878059351448 0
0.01293292822102639 0.006365535241421725 0
0.004069089739087887 0.0006415337761133798 0
0.01028141601109252 0.0006572453177923218 0
0.01339285424829622 0.006340439495042909 0
0.00359805983544121 0.0006743050666448537 0
0.00989050416639161 0.0006558016135955131 0
0.00696983037977245 0.006325021611466594 0
0.005310769442643755 0.0003797202827324517 0
0.005457910900636917 0.000394539543577278 0
0.008484716235479018 0.006633380367301752 0
0.008522940093511899 0.0003844043701801939 0
0.01169530555237156 0.0066247871881198 0
0.01211149464219836 0.0059340523131764 0
0.005083534117726067 0.006677772157258824 0
0.003731835387143414 0.0006649606969982426 0
0.01326159565139894 0.006344896412853551 0
0.006849332724641257 0.006337307962797488 0
0.01015501396864758 0.0006617037721292742 0
0.008620352180340109 0.006676625432334513 0
0.0115618970531314 0.006661694366160903 0
0.005437029852670978 0.000331053512286082 0
0.01683914587001828 0.00150613382929605 0
0.01691911317860083 0.003946816262216307 0
0.001842047677318072 0.0003068847015597295 0
0.01515805102071174 0.006670376461521131 0
0.01640767463139986 0.003008497932776636 0
0.001707474207868649 0.0002701769954032906 0
0.01205973414876798 0.0003004212699333915 0
0.004949590294873187 0.00669751546447995 0
0.0100872377544169 0.006058799951554201 0
0.008339285314863602 0.006507475873208754 0
0.0006333972007371673 0.006640904434249827 0
0.00482363173275031 0.006747458715240851 0
0.01217257295850158 0.0002608159299304388 0
0.01149234408487784 0.006670122082391516 0
0.005501862303505627 0.0003155490080526493 0
0.008322937696494377 0.0003155490080526497 0
0.00867106301244158 0.006696142360961752 0
0.004469658525608581 0.006746312339876815 0
0.01208242407949978 0.006528785562521556 0
0.01470117147549389 0.006572048699467071 0
0.01693124214632262 0.005454825298183699 0
0.004872708326531633 0.006666061785070865 0
0.004492506101004616 0.002144304171295535 0
0.001917508838200964 0.003978073629930261 0
0.005637920808204542 0.0002929342835140528 0
0.01136834398280024 0.006720744727914094 0
0.008813882362941675 0.006705751585609968 0
0.008194741086519157 0.0002810885609153698 0
0.001515892563149257 0.0002276047291103049 0
0.01548580952592109 0.006778888214863943 0
0.01682559272709912 0.005727639851027835 0
0.008056854766250166 0.0002580106729155448 0
0.0116438010290245 0.006551151539998485 0
0.01429688075970906 0.006378861263033212 0
0.01224612337765738 0.0002415246424154445 0
0.004751962641173379 0.006757681433882412 0
0.004629728512605024 0.0067934238990758 0
0.01237258463939457 0.000219173678872787 0
0.008568444534015996 0.0004522225704077622 0
0.01554592823306464 0.006807712624345541 0
0.001455483653863377 0.0001992483696363436 0
0.005820901762836525 0.0002339359001477977 0
0.00900077104519879 0.006764900574629123 0
0.005042301910141946 0.004895448613298931 0
0.004570590362557777 0.006818000302176079 0
0.007635808701041535 0.00642400689800166 0
0.01579075580518958 0.006419020092371602 0
0.005952018203477825 0.0002013659008283635 0
0.007872218747130105 0.0002198520921591579 0
0.009127876911236222 0.006798129028306013 0
0.0110545061624129 0.006780732378582009 0
0.0141845174083101 0.0001685169867883742 0
0.002498253860100644 0.001642042281053299 0
0.0001640917454086739 0.004706391854523763 0
0.0005300927519299413 0.004315709136946538 0
0.005481573969029889 0.005190932035076239 0
0.003867842068887052 0.000643657642695852 0
0.01182709196804233 0.006602280179361873 0
0.01650760931987842 0.006877510362664314 0
0.01358255961408975 0.005873737091861892 0
0.01573848337177083 0.006832381499724212 0
0.0044381737949016 0.006827706209865319 0
0.01256532407863564 0.0001630923502709057 0
0.004004356914194991 0.001241348372109747 0
0.007742520543846162 0.0001756297413796413 0
0.006081036225381569 0.0001744364869927209 0
0.01091896377461843 0.006825563513007287 0
0.009257367842775326 0.006829478376389848 0
7.660948487247209e-05 0.002656246643331842 0
0.01316325407689811 0.0001714676254563246 0
0.003066388865510392 0.001423526900560498 0
0.002279300222884039 0.001175804063324147 0
0.01467192744578478 7.414393199708328e-05 0
0.002279921186051611 0.000452247043728531 0
0.009418068754081976 0.006035390252338332 0
0.01254929663484841 0.0002495566670611183 0
0.01110971991534535 0.004845775681428842 0
0.00140848388998553 0.006914696559379967 0
0.01585668016644822 0.006858797391611856 0
0.01268723382350104 0.000121930720106439 0
0.0043098866377493 0.006870474898880614 0
0.001138008201327668 0.0001308428605402284 0
0.01605823682598815 0.001435198842904394 0
0.00800250611466486 0.0002253414157453062 0
0.001003750454067602 0.0001053788903413902 0
0.0129037499541711 0.006143799274584609 0
6.736079977629622e-05 0.004050170581996367 0
0.006204297652798953 0.0001467272297027825 0
0.009382261426503207 0.006851224773948708 0
0.01079386772747826 0.006855781134034495 0
0.007611525134142749 0.0001559431018939464 0
0.01260568691506949 0.006412954655225291 0
0.01198361769594651 0.006466489010149916 0
0.01504833995608854 0.005931933155583194 0
0.00713809514316013 0.004899031597065417 0
0.0001750509624710087 0.005112113731041118 0
0.01445050172511299 0.00643046534735579 0
0.01450662276662419 0.001135900391196451 0
0.007351487196565626 0.0001981721438932518 0
0.01282043858224913 0.0001199646819371172 0
0.004184175365449029 0.00688603815996101 0
0.01352474504460473 0.006349123283904842 0
0.009520780791745067 0.006859425041641994 0
0.01065802107154235 0.006863444987943485 0
0.007492503189270801 0.0001424100755482451 0
0.00633721870425475 0.0001378404574818499 0
0.01002329014956277 0.0006457163237612211 0
0.01116369342311232 0.006628666478478464 0
0.0001582066004629928 0.001094041510065568 0
0.0009408082199384767 0.0001024210536331904 0
0.005243687856398994 0.005917991397040432 0
0.01599103180212175 0.000166868215747532 0
0.004052903633893789 0.0069173194618281 0
0.01294958280872633 9.028017548076044e-05 0
0.002277582716542101 0.006623082399390454 0
0.007359709006607257 0.0001142185468201787 0
0.006461331685867312 0.0001278260711353417 0
0.01053660488877102 0.006881545167463313 0
0.009642809857642013 0.006878741553789244 0
0.01682841249655488 0.003457421984527182 0
0.0161902669687399 0.006926129411784993 0
0.0008149096249550477 7.955622944873404e-05 0
0.01631366039795263 0.006937090236118435 0
0.01683837483597955 0.005951273428723309 0
0.003909979966449284 0.001021614827070181 0
0.01685457147194819 0.002092253400538667 0
0.006596422395313406 0.000122318509804755 0
0.007227158513354857 0.0001159388516163125 0
0.009765931083303588 0.006884860128505619 0
0.0104121569034212 0.006886309132230605 0
0.003926236970927307 0.006927329172254379 0
0.01307022386149743 7.807804883943606e-05 0
0.003431249808638749 0.006837093232401419 0
0.01629563052268951 0.002912171233224963 0
0.009506460710990912 0.00112031599116459 0
0.01449136203184332 6.673473874495902e-05 0
0.009896019909768686 0.006909855686583061 0
0.0102742926966647 0.006907954476067343 0
0.007106952524874956 0.0001091666387107921 0
0.006726807003871908 0.0001055662544832219 0
0.004198482530142779 0.0006163951943121207 0
0.004116999720735611 0.0007088653938896613 0
0.005146206869442938 0.0008074969883588522 0
0.01320318201425412 8.64335845841128e-05 0
0.003801594587170415 0.006935493168854747 0
0.0163762443402197 0.006923763226306046 0
0.01015030428941315 0.006911280369868742 0
0.006850083379614654 8.943816692779782e-05 0
0.006962299502631196 0.0001002094793830627 0
0.01002685844489702 0.006910111323644927 0
0.003665926689136905 0.006929445075502669 0
0.01332909041716786 5.646254339548244e-05 0
0.01061827859303277 0.001032568868210559 0
0.0004984709678202571 5.396338161849047e-05 0
0.0165042892358217 0.006943581049884265 0
0.01679714650589271 0.006851112932677945 0
0.00789420104554194 0.006392027318254889 0
0.01682214011333864 0.006372500806910652 0
0.001653388891656849 0.0002429992072124436 0
0.000174275657946768 0.006287578136072409 0
0.008436777216064237 0.001926058842567513 0
0.01640311060544467 0.0002604950027905242 0
0.01213942855573075 0.001790492653947615 0
0.0009860507872000096 0.006340210325859682 0
0.01442667381167978 0.0004966161261936598 0
0.001432214616669945 0.00461617468296234 0
0.009189777503591177 0.006568053231833919 0
0.009173631810788136 0.006724071916467542 0
0.002360552801122243 0.0004638777597656273 0
0.01230226644389903 0.000890013586212956 0
0.01672364249320697 0.002482267705126238 0
0.0006520473797958833 0.005248179416374646 0
0.01683211633770561 0.003727889090929727 0
0.01147582300582857 0.0006795482030623077 0
0.008937048677544373 0.006760983929598669 0
0.007024604569208109 0.006269487760054097 0
0.003252229625180671 0.00691560602036883 0
0.003078663555701874 0.006832142748055627 0
0.01675547274273367 0.001968497812916793 0
0.004137796837918839 0.006820754723209725 0
0.006529535980427293 0.0001883142801463568 0
0.01482799330238024 0.000145444711459935 0
0.01348159508470486 0.006218722499264888 0
0.008533196593507411 0.006480014186674571 0
0.01340902984331165 0.00575533542579082 0
0.001790088595326623 0.0003720593555011698 0
0.0007138282919611546 0.005108577294081172 0
7.809034186828656e-05 0.001731216468437709 0
0.01094113675407719 0.0005786716480393811 0
0.01555841767002122 0.004313752600380462 0
0.004635835545677245 0.006035623836746828 0
0.01164776856810927 0.004939711309824971 0
0.0004227497145309067 0.006153924173011922 0
0.01365639263617512 0.0002480263327405063 0
0.005752339839791181 0.005823433052495597 0
0.01597368291687135 0.0004360959171454109 0
0.01084025774427008 0.001634462589122489 0
0.005631206642944682 0.006339059282467497 0
0.002195582798689622 0.006924793637951681 0
0.005920841190002505 0.0005708340475393025 0
0.01683240614037455 0.005080317371925712 0
0.002506957812453369 0.0007489631240825394 0
0.0002936714183212497 0.005568866653463574 0
0.01321273258893184 0.005894838424662015 0
0.01087444748912789 0.00109185979033657 0
0.0001679624172751387 0.004563878169240112 0
0.005137774478946316 0.006040780589791574 0
0.01464115111509631 0.006453601028137296 0
0.002921560020293311 0.006755391098120407 0
6.756929138370879e-05 0.004948773001922323 0
0.001245282145729505 0.004293110857156332 0
0.00906803621452814 0.006719530377502425 0
0.01684193205867665 0.0004138667308348572 0
0.0001570185079859711 0.001414897013320202 0
0.01528114107709255 0.006727801041604914 0
7.619848502196658e-05 0.002757408952900587 0
0.01643221008112646 0.003814587465230309 0
0.01655343346007184 0.005161550377366023 0
0.008437140821876268 0.001023032969103229 0
0.006198505806355071 0.005836365614204983 0
0.01139856367243343 0.0004705357779827006 0
0.01684090882945277 0.003886984223762323 0
0.01657937776421458 0.006089827773439156 0
0.009039233219225506 0.00619960933895905 0
0.009210253085845058 0.006024656656574897 0
0.00804626877914669 0.0003668849047752708 0
0.002620553493388441 0.006833697560899755 0
0.0128341973929867 0.0007843427608765839 0
0.01623712390524929 0.00554507788081538 0
0.004860475286207138 0.0005530997480464967 0
0.004780474975291766 0.0006804768426483809 0
0.0007836430936905775 0.005376980761338623 0
0.0004862031156548149 0.003473556341670952 0
0.009720980654036119 0.002665475397598999 0
0.001232773241234032 0.006617262048482595 0
0.01213760379213863 0.0003275722755142437 0
0.01674671684785987 0.005782872415304046 0
0.006674447566425094 0.0001737142650937397 0
6.29617931660869e-05 0.003748496540839309 0
0.000342329304864105 0.002311594689773797 0
0.01187421017147995 0.0004048233224472051 0
0.002317657091670254 0.00351118579792093 0
0.007936899040584059 0.0009947026176137419 0
0.005745117945221569 0.006418149460197722 0
0.00688928413583329 0.0006521240699753801 0
0.008385578513626387 0.0003254669766030809 0
0.005861726323334782 0.000660133916737758 0
0.01243257117745312 0.0001812768369953803 0
0.01669964869068994 0.006849525134755036 0
0.002956356211886097 0.001020881156238532 0
0.003495028778292207 0.000861002858440756 0
0.006033101730061342 0.005809406291377432 0
0.01656512223515788 0.001953956806215212 0
0.004237573990627306 0.006821632836362305 0
0.01415939579088039 0.006343247240361369 0
0.003006433527965435 0.00612483288305138 0
0.007110526276144457 0.006358520135359562 0
0.008075245471971125 0.006300329712448725 0
0.00797542402188782 0.006426461860584808 0
0.005470244858264202 0.006565294593499894 0
0.01662887970119045 0.004419800772226339 0
0.0001574487207120952 0.003193839457547347 0
0.01388230609891859 0.0001655412439671199 0
0.002230999340016661 0.0006528849802231534 0
0.01661163743067263 0.001239970212551159 0
0.0005993103289834382 0.0001268700711745084 0
0.01664272500736083 0.003010646057960121 0
0.01681777385825867 0.002731570052910597 0
0.01532452692421735 0.0001523911440835116 0
0.01352187502178221 0.0006300235879042552 0
0.01684393956264058 0.001910659367775037 0
0.008580911998298428 0.00167805196127672 0
0.01552105654053399 0.00070461552553931 0
0.01572975269706731 0.0006172547945493636 0
0.01312949813530904 0.006360654389540858 0
0.01153100366471869 0.005912270988509404 0
0.006724779054920508 0.006348692450282623 0
0.002725780142231697 0.006111980850964269 0
0.01437045490884508 0.006257301696095726 0
0.005306082863621983 0.00641461373551048 0
0.0003402219735928313 0.0003254129411571099 0
0.01491875418378533 0.0008680068792708585 0
0.00185571027527744 0.006470740583166473 0
0.01412013566683652 0.006121545529479147 0
0.01693912622884135 0.002651744012626356 0
0.01185010068396891 0.0003418827986138065 0
0.00504013188917184 0.006153015342113547 0
0.001411245865141215 0.0009275496899874016 0
0.0169271897836426 7.23185624577319e-05 0
0.003114606998920267 0.00198115812679757 0
0.003396943398792604 0.001908129740221308 0
0.01685791815993425 0.002994469160632473 0
0.01534257372072334 0.006756603880963807 0
0.0002565253176353595 0.002354971052796032 0
0.0002510113857217677 0.002452910685827407 0
0.0005373849471163195 0.001024836837597732 0
0.007285785532003626 0.005776105071728644 0
0.003610391246670315 0.001158819040004347 0
0.007921175974037395 0.005717998335448907 0
0.01095305449283835 0.00427532560550611 0
0.000620764464207068 0.006813765438816113 0
0.004672376406612014 0.006628636591964009 0
0.01322807404201054 0.006274106226499371 0
0.008570320881799735 0.006383823780800944 0
0.0159332935560416 0.001567786048217148 0
0.0002032400700948678 0.004223019204233271 0
0.0001669481600465941 0.001674845411452208 0
0.01600193985570424 0.006371497477373299 0
0.01115869947936953 0.005807809177287493 0
0.005012210051784137 0.0005154561043572274 0
0.0002562397370685868 0.004827527366173479 0
0.001331414063015522 0.0002367829221218763 0
0.004135672219827413 0.006664012707895191 0
0.01124817595023431 0.006755582368029261 0
0.006002601215074883 0.0003637520796011917 0
0.0003495559094326625 0.006083301054008269 0
0.004456814786903005 0.001875827325877576 0
7.321188724960202e-05 7.320115102651134e-05 0
0.01692678811275043 0.006926798848973481 0
0.01382460228413106 7.307249116468009e-05 0
0.01521919611958754 0.0001535097401097695 0
0.00286491797114353 0.006835681217101949 0
0.01311495968653651 0.0002576785338806891 0
0.001971306932911514 0.0005198264756619587 0
0.01684339349262729 0.004484087210574264 0
0.005291572731652512 0.0004479622896460221 0
0.001707294183553454 0.004474049558125632 0
0.007767146564866273 0.0003831587403903898 0
0.01591966247652151 0.0001492051522646531 0
0.01262002488486949 0.0002148902530427588 0
0.006883658670908854 0.001791724272131268 0
0.005919282748914076 0.006391524100984668 0
0.01231724043147727 0.0002952239562410389 0
0.003380946395043781 0.005911091485956988 0
0.001979728002426843 0.006847048316034412 0
0.008787761972837739 0.001667256659358657 0
0.01503372845466984 0.00014697860975459 0
0.001338720903933493 0.00107625129563533 0
0.0002521571702484588 0.00656893563642845 0
0.01694086715419325 0.003251503459160651 0
0.01552645618038457 0.00619149543318355 0
0.01543533181025217 0.0001536200726099564 0
0.01270531041406159 0.005256212045844982 0
0.01574408426765755 0.0004962734337986513 0
0.01058269299215105 0.006626789210707482 0
0.01266739546308102 0.005916999794770816 0
0.01685454492986939 0.003802184492451087 0
0.002236579760218965 0.005737215889694093 0
0.009615737003074878 0.006603790884251491 0
0.000615030915926967 6.035624016870623e-05 0
0.01280018342393251 0.005084010670262962 0
0.01026395043538966 0.006629090087314272 0
0.009940709767608913 0.006618830516380567 0
0.004430824126955254 0.000655090042310221 0
0.01684704709194237 0.005800398740684867 0
0.004191807606307389 0.001813858081819122 0
0.01353956287130673 0.005776591317461957 0
0.01545649173557127 0.00669891820613349 0
0.01662480973344932 0.004780621247392642 0
0.00637334933674133 0.0008167269536279351 0
0.002497222646628409 0.0008602544667436754 0
0.0001468690131985612 0.005498710786036549 0
6.988765276475309e-05 0.006929948635484993 0
0.003185019376166262 0.006934550162880623 0
0.01684975820032474 0.000794822569224151 0
0.006028585976591385 0.0005779488904853352 0
0.01333387817213822 0.006284707262053203 0
0.005760576356275944 0.001898699273875722 0
0.002126480970593 0.001255437081195856 0
0.01184473758410327 0.0009218646891613735 0
0.01303569336308183 0.0007597212609256549 0
0.009071462373532808 0.0009324059225787698 0
0.003117172499611324 0.0006855560047422864 0
0.0006337532855417907 0.004393683972577115 0
0.01080704341845657 0.006083064772092063 0
0.0003552826949630994 0.00249858545925383 0
0.0001471689911985846 0.0009995990775571524 0
0.01142743661675268 0.006601447096349751 0
0.01567161809928463 0.006839164574752833 0
0.007632512804378616 0.0002238526118345865 0
0.003410036510655561 0.0006444901570013769 0
0.001280179447785602 0.006710953660475669 0
0.00365471459337522 0.006767498123992277 0
0.007134028858551742 0.006152889689368082 0
0.009518797856704045 0.0006732074007387602 0
0.009208493229139653 0.001016741158395131 0
0.01194253593081426 0.00639150306722743 0
0.01610319418227956 0.000301315319491899 0
0.01653631740844883 0.004124796855550054 0
0.004485869445443894 0.001186764964643338 0
0.01242999615350167 0.002864617527480078 0
0.002559311237101359 0.0005781679511207677 0
0.01290619761105819 0.006293131193635296 0
0.0001462919658351408 0.005900853655047835 0
0.006538276455060532 0.001742053067849602 0
0.0001844638746049225 0.004871456527822429 0
0.01035453916954647 0.005858536643616822 0
0.009754210228755257 0.005827805944056515 0
0.003885285993646743 0.005925493605637112 0
0.01665642965123323 0.0007977167861018628 0
0.003723171967839885 0.006131363090346315 0
0.01146788056864483 0.0005180981654702445 0
0.001907372267925173 0.001069012747021761 0
0.003290742257527159 0.006676653350144622 0
0.004668757377987429 0.00671837068727957 0
0.01283238741673425 0.0002701458408561875 0
0.01088196279494227 0.006622324290427941 0
0.01631434104875736 0.003144085596425828 0
0.01268149769966362 0.00632883408287482 0
0.01536524181048224 0.002815285739324557 0
0.009818214721290883 0.002015414185916635 0
0.007017495098164059 0.0002794365818040568 0
0.01516945391756871 0.006494811466878987 0
0.01113353662499968 0.001873176597735573 0
0.01693957336076114 0.005649972308436425 0
0.006893865499145746 0.006278624418307481 0
0.01468854969660405 0.001058884233202543 0
0.01467174095833001 0.006291964151293858 0
0.01683802925478305 0.006775997873996984 0
0.008850117802258263 0.0008866090754867306 0
0.007533126653180663 0.0007843029202035663 0
0.0003507647515318662 0.001985193263908736 0
0.004919539584534449 0.006137311098575645 0
0.0001575335068066588 0.003678867162488764 0
0.006731220749209288 0.00628312235557521 0
0.0143333823147668 0.00486544224938593 0
0.01483455431368944 0.006323974987780612 0
0.01548340495422749 0.006047641083824039 0
0.01685568802795642 0.001402245165679927 0
0.01124965195685669 0.006683199255939853 0
0.01070489358823733 0.0006875138057435577 0
0.01044937812631414 0.0007095520597824472 0
0.01300893360914226 0.006298177592843584 0
0.009516968520955578 0.001249320100342418 0
0.01406827599660014 0.0007814509654751416 0
0.01683866076536879 0.006171931638824383 0
0.006394238953604549 0.006310029648210571 0
0.007421664611745144 0.00574547926777764 0
0.002428574328871952 0.001278469888813596 0
0.01480630847037974 6.710627940381686e-05 0
0.01512741140025149 0.0001473201562914349 0
0.002354934198448019 0.006887505209815197 0
0.002321571576338863 0.006536544540845431 0
0.01575921834637868 0.003374426827287141 0
0.01135322668095709 0.006004166511491627 0
0.007302055121626122 0.0002814545329874172 0
0.01269671305175388 0.0006013589623214406 0
0.004581603448068464 0.001707553005242249 0
0.01590618306643288 0.006461597560844731 0
0.000682686537116374 0.006559608526871664 0
0.006106417639906036 0.0002383431897255667 0
0.01196712117002857 0.0005712992346410799 0
0.0168206449178148 0.001112624501504817 0
0.007647229849350722 0.0008982581699813886 0
0.007885014173188305 0.006319307864349555 0
0.01567910952210096 0.0001521670131464743 0
0.01462893996540512 0.0003849319180660436 0
5.607388358262397e-05 0.006347454142487914 0
0.008195455098573411 0.0003559529031880088 0
0.01618066231976798 0.001746801651555093 0
0.01607574297230447 0.001865301576310947 0
0.01202669657254596 0.005824828204571892 0
0.001414210308510085 0.006649712539183802 0
0.0009455886575263067 0.005331163456820845 0
0.004033190492425894 0.00070705657082683 0
0.004426927279818197 0.006673038605362526 0
0.01172313706494331 0.005954249734265223 0
0.01684531310141429 0.0006054325577401812 0
0.01368204653812611 7.024943295418952e-05 0
0.0169443565861783 0.006550180415099267 0
0.01209449062940599 0.000691746414361176 0
0.002755468093580045 0.001444108170966733 0
0.000154616569621166 0.00609486702079323 0
0.0005116427382097465 0.006254987582081028 0
0.01524780401703633 0.006662280828383542 0
0.0001549284597352641 0.006778663107605594 0
0.001053893730299727 0.006229167682249797 0
0.01343306920085315 0.0001482331527953092 0
0.0001469526911511056 0.002796797463631003 0
0.007568662423300547 0.006421273908964032 0
0.0169447020089679 0.001052385488534907 0
0.00481611382392535 0.0007562618392400701 0
0.005350596952157333 0.001071085301478524 0
0.01248664259564956 0.005272666627402642 0
0.00860837077848837 0.005890170698980369 0
0.01431725065701937 0.006305863408102833 0
0.009130733000042506 0.001925940036465289 0
0.009677785378028974 0.0006963707236834278 0
0.01627468772388828 0.006574228657176807 0
0.01331419573837843 0.0001184663299125793 0
0.0005179891525969142 0.005206618772469321 0
0.004480648367514117 0.006032409049648232 0
0.01132389516589747 0.004199263098094989 0
0.01381724299898885 0.006297856425469756 0
0.0002536475841630192 0.001611398701517683 0
0.0005079262847374841 0.0009126726916470602 0
0.01685768562030962 0.003599210544721856 0
0.005652465105813053 0.00591667814462879 0
0.0004595360952635141 0.002425512704135086 0
0.001571548362006478 0.006879350158177018 0
0.008090336371386356 0.006534643768552948 0
0.0002342076333997235 0.0001579685358923497 0
0.004720600246022076 0.005903325036679935 0
0.00714645738049606 0.005111969864159013 0
0.005259314109089538 0.0006021872570445602 0
0.01648734821510994 0.006114334299592801 0
0.01676178632219802 0.004950883075232962 0
0.0002490914755510533 0.0006308823627619847 0
0.005543517890210896 0.0003766010424916923 0
0.01046145640000393 0.001140801486169936 0
0.006879686238261461 0.0007693271835193271 0
0.01553732316969538 0.0001519203330030421 0
0.006608098575242909 0.0003106286750269248 0
0.01430027162368509 0.006109191899947039 0
0.01010235269401312 0.001162530266667972 0
0.01175451334089182 0.002564276851057274 0
0.007247773419380025 0.0007710616822624232 0
0.01606766866450213 0.006903295746581859 0
0.01652013628370275 0.004333659500000039 0
0.003518581825252854 0.0007093363507544581 0
0.01574979155517022 0.004934676881739472 0
0.005967097982622783 0.0009599529575789034 0
0.0005369261197758369 0.003261137531649358 0
0.01160194035596546 0.006452551057595667 0
0.001711381229516833 0.0003473254031027316 0
0.001177147170995091 0.006856793374532317 0
0.007998136172822985 0.004753503138645032 0
0.008994657641485828 0.004916955973259526 0
0.002411236983214126 0.001448124384673218 0
0.01100961006903301 0.0005644341105423023 0
0.004643824103776553 0.004966018969815265 0
0.005759767764622125 0.0002362234001337706 0
0.01024182711336534 0.006100274589013606 0
0.01313507895846112 0.005796739749314514 0
0.01675632973544169 0.003711844868719274 0
0.01676012575726146 0.003378697245962169 0
0.01685095079692401 0.001585985507754719 0
0.008388877572191712 0.000443763661278383 0
0.00930659416444838 0.0009608582074785731 0
0.01256422857398916 0.006237233933303811 0
0.01436601754299357 0.006410845699300827 0
0.00426011731924699 0.004962276484930939 0
0.008985883928220684 0.001007376248877073 0
0.01585979182927058 0.0004510313791360231 0
0.01449724660356555 0.005726539376904302 0
5.645084704952209e-05 0.004248555245507508 0
0.01494844896762107 0.006568773760873238 0
0.0005301685183892874 0.004202809609542909 0
0.01500598054155147 0.0003017231884963217 0
0.008295553373662575 0.0007821419793214361 0
0.002121293501633974 0.0004533069541383162 0
0.002972693978002032 0.006677245247409805 0
0.004253814267303662 0.0008163922985328295 0
0.002179665134347407 0.004014442848152366 0
0.01693017267501199 0.002222908994605825 0
0.001217170969835828 0.0007420269880608322 0
0.006804353731778885 0.0001542332340647924 0
0.0007467768426861268 0.001459945214744214 0
0.005453344401883074 0.0004807434316947703 0
0.005556014843243915 0.006473177014490079 0
0.002707432136697536 0.0006081945194749022 0
0.00639061130051314 0.0001904834099839205 0
0.01464302282454974 0.0002420107045831891 0
0.01021634316224943 0.0007258611272153788 0
0.01111042209314721 0.006528635974568233 0
0.01685739077865264 0.00530195954338815 0
0.003381010436455808 0.0009816029255951229 0
0.0007540440383595973 0.004140688097583982 0
0.0009311008754936574 0.002289308998515299 0
0.0006160455026880379 0.00622560596657378 0
0.0002445060420132456 0.004721520884207496 0
0.007745863897103447 0.006372772807194583 0
0.009941270794382479 0.006096042953693617 0
0.0113347657500298 0.0004789542183558245 0
0.01589922374527105 0.001793461037834661 0
0.01106613192762227 0.0006266411266478839 0
0.01406649671653537 0.004756839446392476 0
0.002255480898583354 0.005558477678412225 0
0.005504327645313289 0.006052812669564782 0
0.01438224270642098 0.005103706085410191 0
0.0150726804858541 0.0002259587744085603 0
0.01606535609263603 0.0004578515696664356 0
0.01526320592174784 0.0004084485344609517 0
0.004321827399982802 0.006804332128904 0
0.008027991285264324 0.006527452413375261 0
0.01580556186245163 0.006802516884681085 0
0.004605588926643259 0.001222163074766166 0
0.006877904241001273 0.005630469097745905 0
0.00781712166253831 0.006266082407856013 0
0.003105395066808642 0.0008325275767605274 0
0.002748976555105493 0.006752878333307543 0
0.008218064304738062 0.006283957623317321 0
0.01374621505972258 0.006196461773820255 0
0.006458236969042571 0.0003166750119711959 0
0.003478758636500867 0.0006485657510991905 0
0.009241211676152241 0.006496486356174462 0
0.001079908760299981 0.006856648792704935 0
0.001720929457511302 0.0004428513127623683 0
0.01258126956241689 0.0003327989861459817 0
0.0007524767829163179 0.001824671839832976 0
0.01051479943011255 0.006066138999302384 0
0.003317164784085549 0.006933840705329347 0
0.009191763603122597 0.0006098069911024562 0
0.01063648085315263 0.001846723055436178 0
0.01089250252997506 0.006761174340671415 0
0.01454780921774579 0.0007170023043031092 0
0.0043665550671082 0.001315302219701772 0
0.001098160004990828 0.002542678991293617 0
0.01343919444979412 0.006276744345969539 0
0.00755420184133347 0.006308570954523442 0
0.002684704759140222 0.006700897715349978 0
0.01235312827892094 0.006054848297263802 0
0.00399870122857017 0.001364305771539876 0
0.01228609902141328 0.006405858307638958 0
0.0001478456642609073 0.004499852748714888 0
0.0004664175528344278 0.0007920375723486279 0
0.009414460616874804 0.00102210260128318 0
0.005220704228740654 0.005770299255193036 0
0.01509102771618719 0.005605378854039484 0
0.01494041783577438 0.0002479016396959729 0
0.0002165098264269982 0.003759878479777304 0
0.007093351973331025 0.004654056932164883 0
0.01157827914758713 0.006596752129622706 0
0.01684405097806056 0.001831127493820098 0
0.001543571745043285 0.0008621805821643785 0
6.870338263712319e-05 0.001876607129682333 0
0.009616986766080148 0.006086068681015112 0
0.01174210289268992 0.0004495363266297267 0
0.01592120707101686 0.0043018382958992 0
0.01646642115757081 0.000762690630787293 0
0.005880185528531517 0.002195394418186312 0
0.009080531374194446 0.001167901069691719 0
0.005415147688390225 0.006593103921334215 0
0.009016039380484526 0.0005687410705664813 0
0.01470034683103997 0.001488385468732407 0
0.01608103575942066 0.0001561192183337176 0
0.007801018824239707 0.00579172957254419 0
0.006892631815897513 0.0001402020306786266 0
0.01686156980322973 0.002901643782015627 0
0.01281780937444072 0.0009365760618318436 0
0.007891279425714737 0.0008759895122816548 0
0.008237120002546845 0.006513642488676384 0
0.003136482090291197 0.002199844010075723 0
0.01206788421924086 0.002495519005496649 0
0.01237046623625145 0.0003867387306549751 0
0.002193755310689455 0.0004649210820723928 0
0.000252185872028873 0.001328984073684826 0
0.0009536828939147078 0.006843901843020965 0
0.007723759797018985 0.0004533831423066573 0
0.01393878955626311 0.0002420311173297282 0
0.009870221596077346 0.006845787852371455 0
0.0009518982265910789 0.0005293326860111155 0
0.008603939425916028 0.0009858820983060681 0
0.0008933824505343363 0.000156111768733347 0
0.01164571637041734 0.004159882996595705 0
0.00812975203739872 0.0004869920740505429 0
0.01283086968219187 0.002849043171580738 0
0.01618202800134881 0.005137419513102382 0
0.006086454285574174 0.006352781129120667 0
0.008857903067310168 0.0005239061441725422 0
0.006566665026570604 0.005829244314077185 0
0.001906574315872143 0.004628457409982425 0
0.0003360150554323031 0.006575743125072916 0
0.01343265460652626 0.006159126875455177 0
0.007190894798892906 0.005670903848697088 0
$EndNodes
$Elements
407 8662 1 8662
1 1 1 4
1 1 407 
2 407 408 
3 408 409 
4 409 2 
1 2 1 1
5 2 3 
1 3 1 1
6 3 4 
1 4 1 1
7 4 5 
1 5 1 1
8 5 6 
1 6 1 1
9 6 7 
1 7 1 1
10 7 8 
1 8 1 1
11 8 9 
1 9 1 1
12 9 10 
1 10 1 1
13 10 11 
1 11 1 1
14 11 12 
1 12 1 1
15 12 13 
1 13 1 1
16 13 14 
1 14 1 1
17 14 15 
1 15 1 1
18 15 16 
1 16 1 1
19 16 17 
1 17 1 1
20 17 18 
1 18 1 1
21 18 19 
1 19 1 1
22 19 20 
1 20 1 1
23 20 21 
1 21 1 1
24 21 22 
1 22 1 1
25 22 23 
1 23 1 1
26 23 24 
1 24 1 1
27 24 25 
1 25 1 1
28 25 26 
1 26 1 1
29 26 27 
1 27 1 1
30 27 28 
1 28 1 1
31 28 29 
1 29 1 1
32 29 30 
1 30 1 1
33 30 31 
1 31 1 1
34 31 32 
1 32 1 1
35 32 33 
1 33 1 1
36 33 34 
1 34 1 1
37 34 35 
1 35 1 1
38 35 36 
1 36 1 1
39 36 37 
1 37 1 1
40 37 38 
1 38 1 1
41 38 39 
1 39 1 1
42 39 40 
1 40 1 1
43 40 41 
1 41 1 1
44 41 42 
1 42 1 1
45 42 43 
1 43 1 1
46 43 44 
1 44 1 1
47 44 45 
1 45 1 1
48 45 46 
1 46 1 1
49 46 47 
1 47 1 1
50 47 48 
1 48 1 1
51 48 49 
1 49 1 1
52 49 50 
1 50 1 1
53 50 51 
1 51 1 1
54 51 52 
1 52 1 1
55 52 53 
1 53 1 1
56 53 54 
1 54 1 1
57 54 55 
1 55 1 1
58 55 56 
1 56 1 1
59 56 57 
1 57 1 1
60 57 58 
1 58 1 1
61 58 59 
1 59 1 1
62 59 60 
1 60 1 1
63 60 61 
1 61 1 1
64 61 62 
1 62 1 1
65 62 63 
1 63 1 1
66 63 64 
1 64 1 1
67 64 65 
1 65 1 1
68 65 66 
1 66 1 1
69 66 67 
1 67 1 1
70 67 68 
1 68 1 1
71 68 69 
1 69 1 1
72 69 70 
1 70 1 1
73 70 71 
1 71 1 1
74 71 72 
1 72 1 1
75 72 73 
1 73 1 1
76 73 74 
1 74 1 1
77 74 75 
1 75 1 1
78 75 76 
1 76 1 1
79 76 77 
1 77 1 1
80 77 78 
1 78 1 1
81 78 79 
1 79 1 1
82 79 80 
1 80 1 1
83 80 81 
1 81 1 1
84 81 82 
1 82 1 1
85 82 83 
1 83 1 1
86 83 84 
1 84 1 1
87 84 85 
1 85 1 1
88 85 86 
1 86 1 1
89 86 87 
1 87 1 1
90 87 88 
1 88 1 1
91 88 89 
1 89 1 1
92 89 90 
1 90 1 1
93 90 91 
1 91 1 1
94 91 92 
1 92 1 1
95 92 93 
1 93 1 1
96 93 94 
1 94 1 1
97 94 95 
1 95 1 1
98 95 96 
1 96 1 1
99 96 97 
1 97 1 1
100 97 98 
1 98 1 1
101 98 99 
1 99 1 1
102 99 100 
1 100 1 1
103 100 101 
1 101 1 1
104 101 102 
1 102 1 1
105 102 103 
1 103 1 1
106 103 104 
1 104 1 1
107 104 105 
1 105 1 1
108 105 106 
1 106 1 1
109 106 107 
1 107 1 1
110 107 108 
1 108 1 1
111 108 109 
1 109 1 1
112 109 110 
1 110 1 1
113 110 111 
1 111 1 1
114 111 112 
1 112 1 1
115 112 113 
1 113 1 1
116 113 114 
1 114 1 1
117 114 115 
1 115 1 1
118 115 116 
1 116 1 1
119 116 117 
1 117 1 1
120 117 118 
1 118 1 1
121 118 119 
1 119 1 1
122 119 120 
1 120 1 1
123 120 121 
1 121 1 1
124 121 122 
1 122 1 1
125 122 123 
1 123 1 1
126 123 124 
1 124 1 1
127 124 125 
1 125 1 1
128 125 126 
1 126 1 1
129 126 127 
1 127 1 1
130 127 128 
1 128 1 1
131 128 129 
1 129 1 1
132 129 130 
1 130 1 1
133 130 131 
1 131 1 1
134 131 132 
1 132 1 1
135 132 133 
1 133 1 1
136 133 134 
1 134 1 1
137 134 135 
1 135 1 1
138 135 136 
1 136 1 1
139 136 137 
1 137 1 1
140 137 138 
1 138 1 1
141 138 139 
1 139 1 1
142 139 140 
1 140 1 1
143 140 141 
1 141 1 1
144 141 142 
1 142 1 1
145 142 143 
1 143 1 1
146 143 144 
1 144 1 1
147 144 145 
1 145 1 1
148 145 146 
1 146 1 1
149 146 147 
1 147 1 1
150 147 148 
1 148 1 1
151 148 149 
1 149 1 1
152 149 150 
1 150 1 1
153 150 151 
1 151 1 1
154 151 152 
1 152 1 1
155 152 153 
1 153 1 1
156 153 154 
1 154 1 1
157 154 155 
1 155 1 1
158 155 156 
1 156 1 1
159 156 157 
1 157 1 1
160 157 158 
1 158 1 1
161 158 159 
1 159 1 1
162 159 160 
1 160 1 1
163 160 161 
1 161 1 1
164 161 162 
1 162 1 1
165 162 163 
1 163 1 1
166 163 164 
1 164 1 1
167 164 165 
1 165 1 1
168 165 166 
1 166 1 1
169 166 167 
1 167 1 1
170 167 168 
1 168 1 1
171 168 169 
1 169 1 1
172 169 170 
1 170 1 1
173 170 171 
1 171 1 1
174 171 172 
1 172 1 1
175 172 173 
1 173 1 1
176 173 174 
1 174 1 1
177 174 175 
1 175 1 1
178 175 176 
1 176 1 1
179 176 177 
1 177 1 1
180 177 178 
1 178 1 1
181 178 179 
1 179 1 1
182 179 180 
1 180 1 1
183 180 181 
1 181 1 1
184 181 182 
1 182 1 1
185 182 183 
1 183 1 1
186 183 184 
1 184 1 1
187 184 185 
1 185 1 1
188 185 186 
1 186 1 1
189 186 187 
1 187 1 1
190 187 188 
1 188 1 1
191 188 189 
1 189 1 1
192 189 190 
1 190 1 1
193 190 191 
1 191 1 1
194 191 192 
1 192 1 1
195 192 193 
1 193 1 1
196 193 194 
1 194 1 1
197 194 195 
1 195 1 1
198 195 196 
1 196 1 1
199 196 197 
1 197 1 1
200 197 198 
1 198 1 1
201 198 199 
1 199 1 1
202 199 200 
1 200 1 1
203 200 201 
1 201 1 1
204 201 202 
1 202 1 37
205 202 410 
206 410 411 
207 411 412 
208 412 413 
209 413 414 
210 414 415 
211 415 416 
212 416 417 
213 417 418 
214 418 419 
215 419 420 
216 420 421 
217 421 422 
218 422 423 
219 423 424 
220 424 425 
221 425 426 
222 426 427 
223 427 428 
224 428 429 
225 429 430 
226 430 431 
227 431 432 
228 432 433 
229 433 434 
230 434 435 
231 435 436 
232 436 437 
233 437 438 
234 438 439 
235 439 440 
236 440 441 
237 441 442 
238 442 443 
239 443 444 
240 444 445 
241 445 203 
1 203 1 70
242 203 446 
243 446 447 
244 447 448 
245 448 449 
246 449 450 
247 450 451 
248 451 452 
249 452 453 
250 453 454 
251 454 455 
252 455 456 
253 456 457 
254 457 458 
255 458 459 
256 459 460 
257 460 461 
258 461 462 
259 462 463 
260 463 464 
261 464 465 
262 465 466 
263 466 467 
264 467 468 
265 468 469 
266 469 470 
267 470 471 
268 471 472 
269 472 473 
270 473 474 
271 474 475 
272 475 476 
273 476 477 
274 477 478 
275 478 479 
276 479 480 
277 480 481 
278 481 482 
279 482 483 
280 483 484 
281 484 485 
282 485 486 
283 486 487 
284 487 488 
285 488 489 
286 489 490 
287 490 491 
288 491 492 
289 492 493 
290 493 494 
291 494 495 
292 495 496 
293 496 497 
294 497 498 
295 498 499 
296 499 500 
297 500 501 
298 501 502 
299 502 503 
300 503 504 
301 504 505 
302 505 506 
303 506 507 
304 507 508 
305 508 509 
306 509 510 
307 510 511 
308 511 512 
309 512 513 
310 513 514 
311 514 204 
1 204 1 4
312 204 515 
313 515 516 
314 516 517 
315 517 205 
1 205 1 1
316 205 206 
1 206 1 1
317 206 207 
1 207 1 1
318 207 208 
1 208 1 1
319 208 209 
1 209 1 1
320 209 210 
1 210 1 1
321 210 211 
1 211 1 1
322 211 212 
1 212 1 1
323 212 213 
1 213 1 1
324 213 214 
1 214 1 1
325 214 215 
1 215 1 1
326 215 216 
1 216 1 1
327 216 217 
1 217 1 1
328 217 218 
1 218 1 1
329 218 219 
1 219 1 1
330 219 220 
1 220 1 1
331 220 221 
1 221 1 1
332 221 222 
1 222 1 1
333 222 223 
1 223 1 1
334 223 224 
1 224 1 1
335 224 225 
1 225 1 1
336 225 226 
1 226 1 1
337 226 227 
1 227 1 1
338 227 228 
1 228 1 1
339 228 229 
1 229 1 1
340 229 230 
1 230 1 1
341 230 231 
1 231 1 1
342 231 232 
1 232 1 1
343 232 233 
1 233 1 1
344 233 234 
1 234 1 1
345 234 235 
1 235 1 1
346 235 236 
1 236 1 1
347 236 237 
1 237 1 1
348 237 238 
1 238 1 1
349 238 239 
1 239 1 1
350 239 240 
1 240 1 1
351 240 241 
1 241 1 1
352 241 242 
1 242 1 1
353 242 243 
1 243 1 1
354 243 244 
1 244 1 1
355 244 245 
1 245 1 1
356 245 246 
1 246 1 1
357 246 247 
1 247 1 1
358 247 248 
1 248 1 1
359 248 249 
1 249 1 1
360 249 250 
1 250 1 1
361 250 251 
1 251 1 1
362 251 252 
1 252 1 1
363 252 253 
1 253 1 1
364 253 254 
1 254 1 1
365 254 255 
1 255 1 1
366 255 256 
1 256 1 1
367 256 257 
1 257 1 1
368 257 258 
1 258 1 1
369 258 259 
1 259 1 1
370 259 260 
1 260 1 1
371 260 261 
1 261 1 1
372 261 262 
1 262 1 1
373 262 263 
1 263 1 1
374 263 264 
1 264 1 1
375 264 265 
1 265 1 1
376 265 266 
1 266 1 1
377 266 267 
1 267 1 1
378 267 268 
1 268 1 1
379 268 269 
1 269 1 1
380 269 270 
1 270 1 1
381 270 271 
1 271 1 1
382 271 272 
1 272 1 1
383 272 273 
1 273 1 1
384 273 274 
1 274 1 1
385 274 275 
1 275 1 1
386 275 276 
1 276 1 1
387 276 277 
1 277 1 1
388 277 278 
1 278 1 1
389 278 279 
1 279 1 1
390 279 280 
1 280 1 1
391 280 281 
1 281 1 1
392 281 282 
1 282 1 1
393 282 283 
1 283 1 1
394 283 284 
1 284 1 1
395 284 285 
1 285 1 1
396 285 286 
1 286 1 1
397 286 287 
1 287 1 1
398 287 288 
1 288 1 1
399 288 289 
1 289 1 1
400 289 290 
1 290 1 1
401 290 291 
1 291 1 1
402 291 292 
1 292 1 1
403 292 293 
1 293 1 1
404 293 294 
1 294 1 1
405 294 295 
1 295 1 1
406 295 296 
1 296 1 1
407 296 297 
1 297 1 1
408 297 298 
1 298 1 1
409 298 299 
1 299 1 1
410 299 300 
1 300 1 1
411 300 301 
1 301 1 1
412 301 302 
1 302 1 1
413 302 303 
1 303 1 1
414 303 304 
1 304 1 1
415 304 305 
1 305 1 1
416 305 306 
1 306 1 1
417 306 307 
1 307 1 1
418 307 308 
1 308 1 1
419 308 309 
1 309 1 1
420 309 310 
1 310 1 1
421 310 311 
1 311 1 1
422 311 312 
1 312 1 1
423 312 313 
1 313 1 1
424 313 314 
1 314 1 1
425 314 315 
1 315 1 1
426 315 316 
1 316 1 1
427 316 317 
1 317 1 1
428 317 318 
1 318 1 1
429 318 319 
1 319 1 1
430 319 320 
1 320 1 1
431 320 321 
1 321 1 1
432 321 322 
1 322 1 1
433 322 323 
1 323 1 1
434 323 324 
1 324 1 1
435 324 325 
1 325 1 1
436 325 326 
1 326 1 1
437 326 327 
1 327 1 1
438 327 328 
1 328 1 1
439 328 329 
1 329 1 1
440 329 330 
1 330 1 1
441 330 331 
1 331 1 1
442 331 332 
1 332 1 1
443 332 333 
1 333 1 1
444 333 334 
1 334 1 1
445 334 335 
1 335 1 1
446 335 336 
1 336 1 1
447 336 337 
1 337 1 1
448 337 338 
1 338 1 1
449 338 339 
1 339 1 1
450 339 340 
1 340 1 1
451 340 341 
1 341 1 1
452 341 342 
1 342 1 1
453 342 343 
1 343 1 1
454 343 344 
1 344 1 1
455 344 345 
1 345 1 1
456 345 346 
1 346 1 1
457 346 347 
1 347 1 1
458 347 348 
1 348 1 1
459 348 349 
1 349 1 1
460 349 350 
1 350 1 1
461 350 351 
1 351 1 1
462 351 352 
1 352 1 1
463 352 353 
1 353 1 1
464 353 354 
1 354 1 1
465 354 355 
1 355 1 1
466 355 356 
1 356 1 1
467 356 357 
1 357 1 1
468 357 358 
1 358 1 1
469 358 359 
1 359 1 1
470 359 360 
1 360 1 1
471 360 361 
1 361 1 1
472 361 362 
1 362 1 1
473 362 363 
1 363 1 1
474 363 364 
1 364 1 1
475 364 365 
1 365 1 1
476 365 366 
1 366 1 1
477 366 367 
1 367 1 1
478 367 368 
1 368 1 1
479 368 369 
1 369 1 1
480 369 370 
1 370 1 1
481 370 371 
1 371 1 1
482 371 372 
1 372 1 1
483 372 373 
1 373 1 1
484 373 374 
1 374 1 1
485 374 375 
1 375 1 1
486 375 376 
1 376 1 1
487 376 377 
1 377 1 1
488 377 378 
1 378 1 1
489 378 379 
1 379 1 1
490 379 380 
1 380 1 1
491 380 381 
1 381 1 1
492 381 382 
1 382 1 1
493 382 383 
1 383 1 1
494 383 384 
1 384 1 1
495 384 385 
1 385 1 1
496 385 386 
1 386 1 1
497 386 387 
1 387 1 1
498 387 388 
1 388 1 1
499 388 389 
1 389 1 1
500 389 390 
1 390 1 1
501 390 391 
1 391 1 1
502 391 392 
1 392 1 1
503 392 393 
1 393 1 1
504 393 394 
1 394 1 1
505 394 395 
1 395 1 1
506 395 396 
1 396 1 1
507 396 397 
1 397 1 1
508 397 398 
1 398 1 1
509 398 399 
1 399 1 1
510 399 400 
1 400 1 1
511 400 401 
1 401 1 1
512 401 402 
1 402 1 1
513 402 403 
1 403 1 1
514 403 404 
1 404 1 1
515 404 405 
1 405 1 37
516 405 518 
517 518 519 
518 519 520 
519 520 521 
520 521 522 
521 522 523 
522 523 524 
523 524 525 
524 525 526 
525 526 527 
526 527 528 
527 528 529 
528 529 530 
529 530 531 
530 531 532 
531 532 533 
532 533 534 
533 534 535 
534 535 536 
535 536 537 
536 537 538 
537 538 539 
538 539 540 
539 540 541 
540 541 542 
541 542 543 
542 543 544 
543 544 545 
544 545 546 
545 546 547 
546 547 548 
547 548 549 
548 549 550 
549 550 551 
550 551 552 
551 552 553 
552 553 406 
1 406 1 70
553 406 554 
554 554 555 
555 555 556 
556 556 557 
557 557 558 
558 558 559 
559 559 560 
560 560 561 
561 561 562 
562 562 563 
563 563 564 
564 564 565 
565 565 566 
566 566 567 
567 567 568 
568 568 569 
569 569 570 
570 570 571 
571 571 572 
572 572 573 
573 573 574 
574 574 575 
575 575 576 
576 576 577 
577 577 578 
578 578 579 
579 579 580 
580 580 581 
581 581 582 
582 582 583 
583 583 584 
584 584 585 
585 585 586 
586 586 587 
587 587 588 
588 588 589 
589 589 590 
590 590 591 
591 591 592 
592 592 593 
593 593 594 
594 594 595 
595 595 596 
596 596 597 
597 597 598 
598 598 599 
599 599 600 
600 600 601 
601 601 602 
602 602 603 
603 603 604 
604 604 605 
605 605 606 
606 606 607 
607 607 608 
608 608 609 
609 609 610 
610 610 611 
611 611 612 
612 612 613 
613 613 614 
614 614 615 
615 615 616 
616 616 617 
617 617 618 
618 618 619 
619 619 620 
620 620 621 
621 621 622 
622 622 1 
2 1 2 8040
623 2321 3969 1748 
624 1443 2653 1305 
625 3737 3811 2675 
626 2077 3202 2587 
627 759 2864 2600 
628 2698 3473 1544 
629 2561 2562 2061 
630 2610 3437 1237 
631 1711 3205 2947 
632 655 2560 2430 
633 1106 2394 1132 
634 730 2868 2377 
635 1237 3437 1286 
636 2377 2867 730 
637 2774 4234 2662 
638 2298 3021 2411 
639 419 2829 418 
640 1493 3951 2633 
641 2868 3827 2377 
642 2798 4070 1572 
643 784 3440 2315 
644 1581 2565 1549 
645 2754 3043 1900 
646 2670 2740 2168 
647 904 2845 1037 
648 2438 2439 1472 
649 2420 2421 1616 
650 1748 3969 2252 
651 1544 3376 2698 
652 2605 3791 3063 
653 2874 2878 1352 
654 2912 2913 804 
655 3174 3345 1595 
656 2457 3892 1137 
657 2488 2640 2069 
658 936 2758 985 
659 2913 2914 877 
660 2686 3035 2464 
661 779 3462 17 
662 1038 3119 1295 
663 2448 2554 1313 
664 2646 2785 872 
665 3657 3706 2674 
666 2579 3531 2251 
667 3321 3806 2750 
668 727 3825 3641 
669 2437 4049 2775 
670 1231 3910 2847 
671 1035 2798 2797 
672 1791 2575 2574 
673 1355 2602 1479 
674 2552 3223 1090 
675 1870 2579 2251 
676 2685 2854 855 
677 1017 2794 907 
678 3513 3587 2647 
679 2513 3303 1506 
680 3001 3901 3118 
681 1094 2457 1137 
682 2932 2933 2401 
683 1468 3932 2213 
684 2587 3202 702 
685 2839 3519 2524 
686 2401 3441 2400 
687 2817 3459 1509 
688 635 2517 2445 
689 2666 3937 3117 
690 1811 2674 2564 
691 2578 2745 1946 
692 871 3737 2702 
693 1549 2565 1551 
694 1344 3373 3331 
695 871 3811 3737 
696 2453 2926 2454 
697 874 3321 2583 
698 1975 2673 1933 
699 2670 2739 697 
700 836 3616 2575 
701 2690 3286 1974 
702 2542 2543 1942 
703 2430 3192 655 
704 3533 3534 2086 
705 3081 4096 2230 
706 1578 4130 2775 
707 2596 2597 1914 
708 2723 3973 734 
709 2498 3894 1886 
710 2638 2828 669 
711 2914 3440 784 
712 2234 3162 2412 
713 2617 2738 1416 
714 1301 3336 2226 
715 727 3641 3064 
716 1295 3119 1373 
717 1755 2230 2220 
718 2523 2639 686 
719 784 3620 2914 
720 1002 2243 2241 
721 2241 3525 1002 
722 696 3094 2780 
723 3118 3901 2112 
724 2947 2948 1711 
725 1572 4036 2798 
726 2835 3590 2834 
727 1886 3894 2572 
728 2780 3341 696 
729 831 3116 2563 
730 2427 3492 1413 
731 3063 3791 710 
732 1305 2653 1039 
733 2619 3025 731 
734 2698 3376 1906 
735 2545 2679 2076 
736 2226 3498 1301 
737 1083 2502 1141 
738 3596 3661 2857 
739 1664 2550 2549 
740 2684 2749 1888 
741 2763 4167 538 
742 3240 3797 2969 
743 2546 2679 2545 
744 7 3239 6 
745 2400 3441 2402 
746 2609 3114 2502 
747 2914 3228 877 
748 2507 3979 2816 
749 1262 3315 2945 
750 790 3418 2727 
751 1655 2625 2149 
752 734 3973 2728 
753 806 3095 2572 
754 3399 3719 2369 
755 539 2763 538 
756 2244 3345 3174 
757 2913 3502 804 
758 1866 2538 2536 
759 2450 3360 1431 
760 2403 3255 823 
761 2572 3095 2871 
762 1589 3951 1493 
763 1203 3872 3159 
764 2580 3404 694 
765 2502 3225 1141 
766 1576 3841 2556 
767 2377 3827 2151 
768 2493 3893 847 
769 1885 3937 2666 
770 2621 3025 2619 
771 2418 4085 3310 
772 1510 3289 3125 
773 1357 3286 2690 
774 3211 4309 769 
775 1537 3838 2542 
776 2714 3126 1211 
777 1017 2795 2794 
778 2881 3199 1949 
779 2315 3296 784 
780 2656 2659 856 
781 1953 2469 2468 
782 573 2963 572 
783 934 2758 936 
784 2187 3154 2186 
785 2750 3795 2905 
786 2008 2545 2076 
787 876 2720 2667 
788 2189 3154 2954 
789 656 2612 2611 
790 2409 4045 2064 
791 2189 2954 2953 
792 3053 3451 2279 
793 2589 3640 2616 
794 2731 2844 1010 
795 737 3035 2686 
796 1035 2801 2798 
797 2445 2517 1843 
798 2443 4040 3595 
799 2297 3021 2298 
800 850 3277 2566 
801 1062 3862 2303 
802 2556 2557 1938 
803 2866 3796 2865 
804 2964 3081 2180 
805 1322 3862 1062 
806 1992 2561 2061 
807 2572 3894 806 
808 824 3587 3513 
809 2519 2646 1966 
810 2981 3444 3141 
811 2573 2767 700 
812 2719 3131 688 
813 1468 2213 1469 
814 786 3199 2881 
815 2307 2934 2933 
816 3310 3875 2418 
817 168 3472 167 
818 2138 3841 1576 
819 3176 3320 705 
820 2816 3979 779 
821 2768 4257 2440 
822 2606 3544 1118 
823 1540 2370 1418 
824 2929 3272 2928 
825 2405 2428 2406 
826 2508 2815 1833 
827 2585 2618 672 
828 537 2918 536 
829 2784 3349 2170 
830 2910 3521 1429 
831 1509 3478 2817 
832 1170 3514 3336 
833 2070 2488 2069 
834 708 2870 2503 
835 3151 3770 2949 
836 2952 3318 1747 
837 2379 3287 1317 
838 589 2971 735 
839 2659 3752 856 
840 2575 3616 2767 
841 3203 3549 2505 
842 1975 3129 2673 
843 963 2900 980 
844 2732 4325 1747 
845 2586 2587 840 
846 2722 2723 734 
847 1749 2321 1748 
848 1326 4198 3403 
849 2109 3367 2671 
850 2734 2919 818 
851 2434 3166 2856 
852 678 3770 3151 
853 1811 2564 1812 
854 3084 4109 530 
855 965 2900 963 
856 2428 4309 3211 
857 2546 3280 2679 
858 2526 3861 1641 
859 2668 2970 875 
860 721 2702 2701 
861 901 4005 2802 
862 1231 2847 1229 
863 1504 2729 1877 
864 1489 2932 2401 
865 2538 2539 2536 
866 754 2917 2630 
867 699 3674 2473 
868 3114 3225 2502 
869 989 2876 2875 
870 2366 2367 1637 
871 1834 2508 1833 
872 783 3349 2784 
873 1915 2596 1914 
874 2503 2869 708 
875 2600 2864 2678 
876 3487 4240 2063 
877 846 4097 2691 
878 1714 2588 1949 
879 763 3322 2769 
880 3403 4198 3711 
881 2319 3131 2719 
882 3496 3880 3076 
883 2598 3865 1911 
884 2473 3251 699 
885 2203 2774 2662 
886 849 3530 2699 
887 1519 2420 1616 
888 2569 3467 2105 
889 2134 3404 2580 
890 1941 3935 3184 
891 1413 3504 2427 
892 2710 2711 1612 
893 2504 3644 760 
894 1140 3483 2717 
895 2801 3385 1754 
896 989 2875 2818 
897 1212 2714 1211 
898 3595 4040 756 
899 2834 3590 817 
900 631 2950 2672 
901 2681 2682 1816 
902 2436 3745 3341 
903 2588 2590 1949 
904 1844 2445 1843 
905 3215 3216 1138 
906 3330 3845 3096 
907 851 3835 3279 
908 2364 2773 1292 
909 531 3084 530 
910 2874 3459 2817 
911 1643 2526 1641 
912 2575 3288 836 
913 1132 2394 2250 
914 1942 3935 1941 
915 735 2971 2934 
916 2754 3069 3043 
917 1664 2549 1661 
918 1339 2438 1472 
919 2677 4202 1893 
920 2042 2409 2064 
921 2423 3870 1617 
922 1694 3378 2968 
923 1791 2574 1788 
924 2402 2622 2620 
925 2414 2836 1589 
926 3354 4095 2851 
927 2451 3820 2929 
928 3331 3373 3005 
929 3557 4227 3562 
930 1106 3976 2394 
931 1833 2815 2236 
932 2878 3386 1352 
933 723 2970 2969 
934 1437 2813 1438 
935 1984 2642 2177 
936 2731 2846 2844 
937 2253 4104 2693 
938 3021 3022 2411 
939 2587 3665 840 
940 1927 2637 2253 
941 1079 3265 2990 
942 2993 2994 1296 
943 1826 3672 3111 
944 1967 3838 1537 
945 1035 2797 903 
946 1363 3859 2902 
947 1180 3537 2666 
948 823 3588 2403 
949 2602 2700 1479 
950 2639 3519 2215 
951 2322 3689 3679 
952 748 3512 2603 
953 2481 2482 1737 
954 2679 3694 3202 
955 2519 2785 2646 
956 1755 2220 1746 
957 720 3813 2516 
958 1382 4028 2266 
959 1015 4188 1026 
960 2250 4042 1132 
961 702 3684 2587 
962 1606 3904 2346 
963 1023 2705 1031 
964 1722 2542 1942 
965 1792 3947 2576 
966 760 3203 2504 
967 802 4032 2680 
968 1580 2407 1773 
969 1133 2648 1046 
970 1813 2670 2168 
971 2667 2668 625 
972 2878 2879 1259 
973 1118 3544 1345 
974 745 3719 3399 
975 1919 2651 2594 
976 2821 3226 2658 
977 2064 4045 2691 
978 2092 3197 2601 
979 1517 2465 1797 
980 2381 3905 2345 
981 1682 2519 1966 
982 2358 3320 3176 
983 2927 4231 3649 
984 849 4272 3530 
985 810 2828 2814 
986 2738 4003 1416 
987 2478 4231 2927 
988 2438 2768 2440 
989 3263 3977 3597 
990 3557 3562 3561 
991 874 3806 3321 
992 2399 3354 3204 
993 2081 3295 2083 
994 2353 3337 2445 
995 2813 4056 1438 
996 2420 2422 2421 
997 901 2802 1035 
998 1318 2749 2684 
999 2827 3257 2147 
1000 2069 2641 2058 
1001 3277 3716 3180 
1002 2215 4002 2639 
1003 2815 3541 2236 
1004 2210 3519 2839 
1005 2641 4054 2058 
1006 1567 3226 2821 
1007 3627 3646 2755 
1008 1914 2598 1911 
1009 3110 4328 2248 
1010 3367 3909 2671 
1011 847 3893 3699 
1012 2824 3081 2230 
1013 2249 3110 2248 
1014 2516 3518 3517 
1015 2506 3565 2784 
1016 848 3694 2679 
1017 1537 2542 1505 
1018 2600 2678 2127 
1019 1090 3896 2552 
1020 700 3675 2573 
1021 1088 2399 1033 
1022 2669 3438 1291 
1023 1658 2765 1498 
1024 2845 3542 1037 
1025 1828 2739 2670 
1026 1482 2625 1655 
1027 725 3795 2750 
1028 1953 2468 2144 
1029 1578 2775 1461 
1030 2697 3473 2698 
1031 3517 3518 2360 
1032 3341 3745 696 
1033 1707 2556 1938 
1034 1616 2423 1617 
1035 2399 4095 3354 
1036 3289 3302 3125 
1037 2516 3813 3518 
1038 815 3282 2693 
1039 2691 3693 846 
1040 1182 4307 2380 
1041 2314 4172 2743 
1042 1391 2513 1506 
1043 2872 3446 1145 
1044 418 2829 745 
1045 2974 3174 1595 
1046 1362 3351 3307 
1047 645 3290 2544 
1048 3408 3565 2506 
1049 1606 2346 1604 
1050 1576 2556 1575 
1051 3549 4051 2505 
1052 3175 3772 3422 
1053 2601 2689 2092 
1054 2307 2933 2932 
1055 3562 4227 2777 
1056 2543 3432 3057 
1057 1166 3765 1162 
1058 2345 3905 2581 
1059 3676 4200 2496 
1060 289 3516 288 
1061 723 3805 2970 
1062 928 2954 930 
1063 1581 3235 2565 
1064 686 2918 2523 
1065 2775 4049 3902 
1066 855 3746 2685 
1067 1056 4285 2282 
1068 2705 3119 1031 
1069 2716 4214 2923 
1070 2609 3405 1999 
1071 2314 2743 1924 
1072 761 3602 2608 
1073 1897 2523 2522 
1074 2180 3081 2824 
1075 1635 2366 1637 
1076 1291 3537 1180 
1077 2577 3166 2434 
1078 3320 3518 865 
1079 2522 2918 808 
1080 2438 2440 2439 
1081 2269 2301 2267 
1082 3102 3894 2498 
1083 2407 4226 1773 
1084 2846 3521 2910 
1085 2642 2755 2177 
1086 1816 2683 1817 
1087 2945 3315 2188 
1088 1785 2547 2108 
1089 1024 2455 1014 
1090 2667 3817 876 
1091 2919 3589 818 
1092 2772 4152 1091 
1093 1543 2681 1816 
1094 1554 2745 2578 
1095 2727 3418 2294 
1096 1843 2608 1801 
1097 2360 3518 3320 
1098 2563 3624 831 
1099 2253 2693 1926 
1100 2045 4016 2018 
1101 789 2689 2688 
1102 1137 2772 1092 
1103 1017 2796 2795 
1104 2589 3825 2588 
1105 1088 4095 2399 
1106 2398 3618 2716 
1107 2632 3256 762 
1108 810 2829 419 
1109 2702 3799 871 
1110 792 3038 2692 
1111 2701 3190 863 
1112 2683 4123 1817 
1113 1574 2812 2136 
1114 906 2845 904 
1115 2132 2863 2764 
1116 1654 2521 2153 
1117 3043 3763 1900 
1118 1906 3452 2698 
1119 1364 3550 1199 
1120 1431 3820 2450 
1121 3062 3791 2349 
1122 3032 3199 786 
1123 1472 4234 2774 
1124 2370 3832 1418 
1125 2565 3885 1551 
1126 1743 2429 1764 
1127 866 3238 2782 
1128 1889 2650 2219 
1129 2582 2583 2309 
1130 2429 3893 1764 
1131 2470 3229 2686 
1132 985 2758 2757 
1133 1283 2602 1355 
1134 169 3472 168 
1135 2269 2756 2301 
1136 2817 3478 2649 
1137 2187 3155 3154 
1138 762 3255 2632 
1139 1628 2354 1627 
1140 2616 3641 2589 
1141 1474 3931 2274 
1142 907 2794 909 
1143 2550 3140 2549 
1144 2901 4151 1125 
1145 1530 2710 1612 
1146 2722 3192 2430 
1147 2703 3975 1323 
1148 2583 3816 874 
1149 2633 2634 1973 
1150 2018 4016 2290 
1151 2440 2441 2439 
1152 1565 3991 2265 
1153 1999 3114 2609 
1154 2827 3534 3533 
1155 2186 3154 2189 
1156 2926 2927 2454 
1157 1692 2259 1690 
1158 1388 4235 2513 
1159 1483 3444 2981 
1160 1203 3159 1201 
1161 2513 3475 3303 
1162 2465 4238 1797 
1163 1747 3318 2732 
1164 2909 3179 637 
1165 1431 3872 1203 
1166 1416 4154 2617 
1167 1401 2729 1504 
1168 2696 4188 1015 
1169 1092 2772 1091 
1170 2769 4270 763 
1171 2865 3786 3151 
1172 2994 3433 1296 
1173 1410 3830 2254 
1174 1474 2274 1445 
1175 1843 4021 2608 
1176 2608 4021 761 
1177 2672 2950 2637 
1178 2834 3610 2960 
1179 1143 2872 1145 
1180 1034 2721 1090 
1181 2525 2526 1643 
1182 1193 2376 1191 
1183 2453 2928 2926 
1184 2254 3388 1410 
1185 1822 3287 1820 
1186 863 3781 2701 
1187 3032 4086 3199 
1188 1090 3223 1089 
1189 1676 4266 2476 
1190 1565 2265 1511 
1191 2233 4101 1217 
1192 2871 3095 670 
1193 2340 2859 2344 
1194 624 2804 2646 
1195 2685 4253 2487 
1196 3140 4222 2810 
1197 2537 3671 3618 
1198 1792 2576 1791 
1199 1313 3117 2448 
1200 2879 3379 1259 
1201 3279 3835 2501 
1202 1680 4050 2329 
1203 2666 3117 1313 
1204 498 2759 798 
1205 2871 4109 2604 
1206 694 3462 2580 
1207 2801 3425 3385 
1208 2448 3479 2554 
1209 747 3408 2506 
1210 2611 2766 656 
1211 1243 2364 1241 
1212 1159 2479 1164 
1213 798 3451 3053 
1214 697 2740 2670 
1215 3230 3522 3171 
1216 2506 3968 747 
1217 3172 3221 1316 
1218 1852 2803 2231 
1219 2034 2260 2032 
1220 1070 2249 2248 
1221 215 3252 214 
1222 868 3797 3240 
1223 2892 2901 1125 
1224 1680 2329 1679 
1225 2507 2816 2508 
1226 2588 3825 2590 
1227 2234 3429 3162 
1228 1771 2179 1698 
1229 3555 3575 2837 
1230 1568 2465 1517 
1231 1406 1505 1405 
1232 1613 4265 2311 
1233 2173 2781 887 
1234 2216 3782 3314 
1235 2173 2782 2781 
1236 2675 3811 623 
1237 2640 3582 829 
1238 1375 3442 2726 
1239 2676 3477 1346 
1240 3607 4104 2950 
1241 1278 1347 1279 
1242 2123 2654 2126 
1243 2544 3290 2355 
1244 2498 3523 3102 
1245 1024 4286 2455 
1246 3294 3847 864 
1247 1170 3336 1168 
1248 1621 2398 1620 
1249 1678 2407 1580 
1250 572 2963 682 
1251 1701 2320 1702 
1252 1457 1580 1420 
1253 1891 2582 2309 
1254 2193 3069 2754 
1255 1054 2184 1052 
1256 1546 2461 1547 
1257 2402 3503 1451 
1258 2605 3063 799 
1259 1531 2420 1519 
1260 2266 2267 1528 
1261 2422 3456 2421 
1262 1557 1695 1556 
1263 1665 2214 1666 
1264 2274 2275 1631 
1265 2543 3057 2607 
1266 1504 1698 1468 
1267 1433 1517 1432 
1268 1521 1522 1319 
1269 2566 3732 850 
1270 1574 1575 1407 
1271 1301 1405 1299 
1272 1656 1972 1657 
1273 1320 1418 1321 
1274 1298 2856 1715 
1275 1718 2181 1716 
1276 1330 1420 1318 
1277 2726 3442 2427 
1278 1506 1563 1422 
1279 3396 3919 3410 
1280 1564 1803 1563 
1281 2076 3202 2077 
1282 2346 2349 2347 
1283 3171 3522 1127 
1284 2260 2302 2055 
1285 2630 3608 754 
1286 3128 3900 1423 
1287 1492 1656 1498 
1288 2444 4065 1100 
1289 2463 3275 3050 
1290 1555 1556 1554 
1291 3185 3787 739 
1292 2282 2532 1146 
1293 3331 3744 1344 
1294 1900 3353 2754 
1295 850 3716 3277 
1296 1062 2303 1060 
1297 1347 1484 1348 
1298 2965 4267 1633 
1299 1030 1130 1029 
1300 2608 3602 3513 
1301 1611 2589 2588 
1302 1040 1278 1042 
1303 2814 2828 2372 
1304 1735 2481 1737 
1305 2493 4126 2477 
1306 1317 2847 2379 
1307 1175 1320 1186 
1308 1364 3158 2733 
1309 1688 2623 1685 
1310 2543 2607 1942 
1311 1560 2416 1559 
1312 2317 2318 1701 
1313 2261 2262 2046 
1314 1542 2681 1543 
1315 1147 2956 2940 
1316 3450 3582 2640 
1317 1010 3367 2731 
1318 3928 4186 2460 
1319 2631 3143 2315 
1320 1874 2685 2487 
1321 3125 3299 1510 
1322 1559 2415 2413 
1323 1091 4152 2609 
1324 1886 2572 1887 
1325 2558 3571 3149 
1326 2934 3145 735 
1327 1896 2435 1898 
1328 2134 2580 1839 
1329 2412 4068 2234 
1330 1199 3550 2812 
1331 1448 1542 1450 
1332 1620 2396 2395 
1333 1555 1557 1556 
1334 1478 1593 1480 
1335 2715 4145 2525 
1336 2346 2347 1608 
1337 499 2759 498 
1338 2525 2527 2526 
1339 669 3072 2638 
1340 1897 2522 1896 
1341 2750 3806 725 
1342 2773 3232 1292 
1343 2445 3337 635 
1344 2030 2261 2028 
1345 2030 4012 2261 
1346 2782 3239 866 
1347 1604 2346 1608 
1348 2927 4099 2454 
1349 1171 1280 1172 
1350 2404 3340 1819 
1351 2386 2534 2389 
1352 1414 4028 1382 
1353 1678 2408 2407 
1354 1457 1678 1580 
1355 1679 2328 2327 
1356 1989 2643 2642 
1357 1456 3272 2929 
1358 2458 2459 1546 
1359 2428 3211 2406 
1360 1207 2310 1205 
1361 1593 2626 2625 
1362 2284 2285 2044 
1363 1330 1457 1420 
1364 1818 2912 2521 
1365 2092 2723 1948 
1366 2400 2402 1451 
1367 2383 2386 2382 
1368 2680 4032 2916 
1369 2461 4026 1547 
1370 847 4126 2493 
1371 2697 2698 2696 
1372 1772 2499 2497 
1373 1337 1448 1336 
1374 1516 2339 2337 
1375 1656 2633 1973 
1376 1493 2633 1492 
1377 840 3183 2586 
1378 1529 2710 1530 
1379 1298 1336 1280 
1380 1879 2715 2525 
1381 2740 3698 2168 
1382 2391 2540 2431 
1383 2462 2686 2464 
1384 1162 3765 2577 
1385 1451 3503 2859 
1386 3139 3917 1370 
1387 1033 2399 1036 
1388 672 2636 2585 
1389 1859 2102 1858 
1390 2993 3460 2990 
1391 2820 3800 743 
1392 1842 2784 2170 
1393 1498 2765 1403 
1394 1674 2281 1672 
1395 1449 2382 1448 
1396 1803 2304 1804 
1397 1462 1578 1461 
1398 2940 2953 1147 
1399 2855 3087 2423 
1400 1260 1555 1554 
1401 660 3845 2655 
1402 2398 4080 3618 
1403 2721 2732 1090 
1404 3398 3529 2342 
1405 2059 2546 2545 
1406 1660 2097 1967 
1407 1374 4062 3352 
1408 2710 2712 2711 
1409 1527 1540 1418 
1410 2716 2923 2396 
1411 1009 2792 2791 
1412 2240 3857 2514 
1413 2455 2456 1016 
1414 3679 3689 844 
1415 2865 3796 867 
1416 2628 3161 3091 
1417 3588 4281 2403 
1418 1014 2455 1016 
1419 1745 2324 2323 
1420 2340 2341 2339 
1421 2287 2288 2045 
1422 2223 3971 2004 
1423 2220 2511 1770 
1424 2265 2404 1819 
1425 2571 4187 3651 
1426 2416 2417 2415 
1427 1372 1461 1371 
1428 2664 3464 2915 
1429 2841 2842 1018 
1430 1251 1330 1318 
1431 655 2811 2560 
1432 1167 1175 1166 
1433 1324 2703 1323 
1434 1460 1627 1459 
1435 1541 1635 1540 
1436 2444 4240 3487 
1437 1485 1584 1484 
1438 1621 4080 2398 
1439 2790 2860 2789 
1440 1026 2760 2721 
1441 1579 1896 1578 
1442 3046 3873 2225 
1443 2796 2799 2795 
1444 742 3217 3160 
1445 2693 3282 2651 
1446 1731 2283 1733 
1447 2259 2471 1825 
1448 1636 1895 1635 
1449 3330 3989 3876 
1450 2758 3155 2615 
1451 1785 2108 1786 
1452 1770 2509 1954 
1453 3675 3689 2573 
1454 2470 3346 3229 
1455 1521 1523 1522 
1456 800 3059 2964 
1457 2523 2918 2522 
1458 2950 4104 2253 
1459 2571 3651 3596 
1460 2326 3845 3330 
1461 1433 1568 1517 
1462 1627 1893 1630 
1463 2139 2585 2138 
1464 2319 2719 2318 
1465 870 3766 2905 
1466 1124 2182 1122 
1467 2637 2950 2253 
1468 2792 2793 2791 
1469 2266 2269 2267 
1470 2904 3328 812 
1471 1163 1166 1162 
1472 1628 4203 2354 
1473 1301 1406 1405 
1474 1404 1492 1403 
1475 1758 2194 2193 
1476 1828 2670 1813 
1477 1028 1040 1027 
1478 1460 1628 1627 
1479 2803 4132 2231 
1480 2290 2291 2047 
1481 1140 3484 3483 
1482 1585 1886 1584 
1483 769 4309 3600 
1484 710 3791 3062 
1485 1505 2542 1722 
1486 814 3661 3596 
1487 1878 2503 1771 
1488 2144 2468 2467 
1489 573 3877 2963 
1490 1409 3507 2807 
1491 2776 2778 1795 
1492 738 4222 3140 
1493 2443 3595 3188 
1494 3160 3217 2628 
1495 2463 2470 2462 
1496 1716 2351 1717 
1497 1227 3886 2725 
1498 1801 2174 1600 
1499 2764 3328 2904 
1500 808 2918 537 
1501 536 2918 686 
1502 2650 3977 2219 
1503 1827 2766 2611 
1504 1504 1771 1698 
1505 1780 1832 1628 
1506 1276 1367 1273 
1507 1827 2611 1780 
1508 2933 2936 2401 
1509 1695 2178 1889 
1510 1282 2761 1172 
1511 1339 1472 1314 
1512 1857 1858 1476 
1513 1260 1554 1256 
1514 2153 2680 2449 
1515 1575 1707 1577 
1516 1423 3900 1489 
1517 1692 4133 2259 
1518 1941 2530 2494 
1519 2870 4120 2503 
1520 3464 3480 1351 
1521 1940 3848 2381 
1522 2057 2176 2053 
1523 2722 3754 3192 
1524 2486 3672 1826 
1525 2274 2276 2275 
1526 2451 2929 2453 
1527 538 4167 808 
1528 1251 1318 1249 
1529 3091 3160 2628 
1530 1209 2708 1456 
1531 2137 2138 1576 
1532 1768 2094 1811 
1533 681 2911 463 
1534 2049 2409 2042 
1535 1787 2196 1752 
1536 1369 2438 1339 
1537 1604 1608 1455 
1538 2818 3006 989 
1539 1910 2777 2776 
1540 1295 1371 1293 
1541 1797 2224 1798 
1542 2042 2064 2040 
1543 2133 2764 2206 
1544 2103 2567 2102 
1545 1345 3082 2167 
1546 763 4270 3592 
1547 1382 1528 1380 
1548 1707 1936 1708 
1549 1748 2166 1692 
1550 3209 3700 2447 
1551 1784 2222 1782 
1552 2680 3077 802 
1553 1574 1576 1575 
1554 2354 2559 1893 
1555 1533 1755 1746 
1556 1445 1631 1414 
1557 2674 3706 2564 
1558 2466 3978 1568 
1559 2837 3701 3555 
1560 1189 3178 1187 
1561 1741 1907 1743 
1562 2026 2284 2024 
1563 2440 2443 2441 
1564 1245 1319 1243 
1565 1531 2424 2420 
1566 1164 1170 1168 
1567 1193 4037 2376 
1568 1110 1142 1108 
1569 1114 1316 1112 
1570 1342 1433 1432 
1571 1718 2238 2181 
1572 3057 3432 668 
1573 1406 1537 1505 
1574 1674 4073 2281 
1575 1511 1819 1474 
1576 1382 2266 1528 
1577 1245 1521 1319 
1578 1195 1407 1193 
1579 1907 2429 1743 
1580 1613 2111 1565 
1581 1525 1716 1526 
1582 1201 1364 1199 
1583 3175 3766 679 
1584 2627 2628 2626 
1585 1866 2536 1865 
1586 2600 4155 759 
1587 1191 1332 1189 
1588 3410 3919 2221 
1589 2066 2154 2001 
1590 2842 2843 1018 
1591 2569 3923 3467 
1592 2036 2075 2034 
1593 1522 1525 1524 
1594 1702 2098 1704 
1595 1130 1290 1288 
1596 1947 2430 1805 
1597 2824 3932 2180 
1598 1654 2153 1596 
1599 2257 3200 2599 
1600 2049 2446 2409 
1601 1486 1665 1488 
1602 1690 1825 1688 
1603 2521 3880 3496 
1604 1391 1422 1392 
1605 1118 1345 1116 
1606 2790 3958 2860 
1607 2137 2139 2138 
1608 799 4103 2605 
1609 1173 1301 1299 
1610 2557 2558 1938 
1611 1056 1146 1054 
1612 2744 4274 1269 
1613 2952 3885 2277 
1614 1748 2252 2166 
1615 1401 1504 1468 
1616 2267 2270 2268 
1617 1060 1308 1058 
1618 1139 3325 2907 
1619 1670 2308 1668 
1620 1852 2231 1849 
1621 1205 1431 1203 
1622 2504 3646 3644 
1623 1106 1132 1104 
1624 2032 2055 2030 
1625 1187 1311 1184 
1626 1445 2274 1631 
1627 2076 2077 2007 
1628 1347 1348 1279 
1629 1801 2608 2174 
1630 2248 3547 1341 
1631 2345 2581 1891 
1632 1611 3640 2589 
1633 2575 2767 2574 
1634 1763 2151 2087 
1635 1676 2169 1674 
1636 1288 1342 1289 
1637 2308 2675 1879 
1638 1659 1968 1710 
1639 1900 1965 1712 
1640 2760 4325 2732 
1641 1195 2812 1574 
1642 1839 2507 1837 
1643 1536 2317 1571 
1644 1690 2259 1825 
1645 2036 2078 2075 
1646 1876 2854 2685 
1647 1064 1322 1062 
1648 3113 3254 859 
1649 2639 2752 686 
1650 1122 1399 1120 
1651 2459 2462 2461 
1652 3558 3999 2595 
1653 1191 2376 1332 
1654 1243 4027 2364 
1655 1613 2311 2111 
1656 1511 2265 1819 
1657 1052 1136 1050 
1658 1733 2093 1735 
1659 1771 2503 2179 
1660 1241 1292 1239 
1661 630 3481 2857 
1662 1525 1718 1716 
1663 1195 1574 1407 
1664 1575 2556 1707 
1665 1893 4202 1894 
1666 2562 4122 2061 
1667 1961 4301 2783 
1668 3368 4301 3584 
1669 1640 3117 1642 
1670 2563 3116 1957 
1671 1278 1279 1042 
1672 1707 1938 1936 
1673 1394 1460 1459 
1674 1417 1531 1519 
1675 3766 3783 679 
1676 1727 2309 1729 
1677 1808 2518 2484 
1678 1040 3945 1278 
1679 1440 2458 1442 
1680 2034 4074 2260 
1681 1032 2485 1030 
1682 1189 3837 3178 
1683 1209 1456 1207 
1684 2353 3809 3337 
1685 1722 1942 1941 
1686 1777 2475 1699 
1687 2568 4060 2175 
1688 930 2954 991 
1689 2691 4097 2425 
1690 3100 4123 2683 
1691 1418 1419 1321 
1692 2028 2046 2026 
1693 729 3496 3076 
1694 1787 2573 2196 
1695 1910 2776 1796 
1696 1023 1030 1029 
1697 2477 4126 3219 
1698 2682 2683 1816 
1699 1773 2164 2162 
1700 870 3783 3766 
1701 2569 3945 1040 
1702 3407 4304 3406 
1703 2214 2215 1666 
1704 2559 3787 3185 
1705 818 3609 2734 
1706 1684 2519 1682 
1707 1672 1950 1670 
1708 1394 1459 1395 
1709 2385 2431 2383 
1710 1746 2220 1770 
1711 3535 4018 2889 
1712 1682 1966 1680 
1713 1444 4273 2392 
1714 2008 2076 2007 
1715 1002 2718 2243 
1716 2129 2678 2132 
1717 1560 4085 2416 
1718 864 3780 3294 
1719 2648 4001 1046 
1720 2206 4231 2478 
1721 590 2971 589 
1722 1484 1486 1348 
1723 2261 2264 2262 
1724 1056 2282 1146 
1725 1020 1027 1019 
1726 908 2841 1018 
1727 1989 2642 1986 
1728 1656 1657 1498 
1729 3533 4013 1399 
1730 1651 2327 1649 
1731 1997 2561 1994 
1732 1647 2323 1592 
1733 1039 2653 1032 
1734 1091 2609 2502 
1735 2168 3904 1606 
1736 1070 2248 1068 
1737 1068 1341 1066 
1738 1729 1861 1731 
1739 1665 1666 1488 
1740 1543 1816 1583 
1741 1143 1145 1088 
1742 1013 2697 2696 
1743 1120 2606 1118 
1744 2795 3720 2794 
1745 1932 2637 1929 
1746 2875 2878 2874 
1747 2032 2260 2055 
1748 1050 2229 1048 
1749 1688 3980 2623 
1750 2629 3538 746 
1751 1926 2651 1921 
1752 1417 1519 1443 
1753 1135 1411 1124 
1754 1219 2233 1217 
1755 1104 2212 1102 
1756 1895 2369 2366 
1757 1239 2610 1237 
1758 1657 2355 1659 
1759 1568 3978 2465 
1760 2414 2837 2836 
1761 2962 3108 2336 
1762 808 4167 2522 
1763 856 3404 2656 
1764 1116 2167 1114 
1765 1782 2495 1778 
1766 2826 4301 1961 
1767 1128 4200 3676 
1768 2105 3945 2569 
1769 1837 2508 1834 
1770 1720 2345 1725 
1771 2267 2301 2270 
1772 1316 4129 3172 
1773 1182 1291 1180 
1774 1833 2236 1624 
1775 1223 2393 1221 
1776 1058 4285 1056 
1777 2141 2618 2139 
1778 1610 2395 1562 
1779 1497 2413 1495 
1780 1112 2529 1110 
1781 2294 2295 1855 
1782 1076 2232 1074 
1783 3307 3351 2793 
1784 1506 1564 1563 
1785 1564 1805 1803 
1786 1060 2303 1308 
1787 2396 2397 2395 
1788 1235 2352 1233 
1789 2863 3328 2764 
1790 1320 1321 1186 
1791 1668 1879 1645 
1792 1040 1042 1027 
1793 2771 2772 1137 
1794 2040 2374 2037 
1795 1130 1288 1131 
1796 2078 2699 2075 
1797 2224 2688 2601 
1798 1081 3966 2426 
1799 1171 2856 1298 
1800 1184 4307 1182 
1801 1241 2364 1292 
1802 1091 2502 1085 
1803 2064 2425 2374 
1804 1593 2625 1480 
1805 1622 1842 1623 
1806 1492 1498 1403 
1807 2603 3512 2214 
1808 1886 1887 1584 
1809 2024 2044 2022 
1810 1823 2563 1957 
1811 2872 3714 1884 
1812 2291 2292 2047 
1813 1817 2687 1971 
1814 1351 3463 2891 
1815 2281 2701 1950 
1816 2285 2667 2286 
1817 1342 1432 1343 
1818 1580 1773 1626 
1819 1641 1808 1639 
1820 1217 1368 1215 
1821 2828 3803 669 
1822 1676 2476 2169 
1823 2177 2504 1983 
1824 1102 1128 1100 
1825 1178 1313 1176 
1826 1205 2310 1431 
1827 1175 1186 1166 
1828 2010 2545 2008 
1829 2485 4131 1030 
1830 1932 2672 2637 
1831 1052 2184 1136 
1832 1752 2321 1749 
1833 2279 3868 3053 
1834 3876 3989 2499 
1835 3059 3081 2964 
1836 3268 3800 2820 
1837 2890 3313 2888 
1838 1765 2477 1768 
1839 1325 1455 1376 
1840 2097 3140 2810 
1841 1096 2457 1094 
1842 2102 2104 1858 
1843 1164 1168 1165 
1844 1645 2525 1643 
1845 3352 4062 2235 
1846 2873 3869 2275 
1847 2413 3946 2414 
1848 2516 3726 720 
1849 2503 4120 2179 
1850 1812 2564 1823 
1851 3742 4294 2356 
1852 1939 2506 1842 
1853 1611 2588 1503 
1854 1764 3893 2493 
1855 2417 2419 2415 
1856 1391 1506 1422 
1857 1249 2684 1246 
1858 1933 2673 1932 
1859 1085 2502 1083 
1860 2178 2650 1889 
1861 3149 3571 651 
1862 1895 2366 1635 
1863 2055 4012 2030 
1864 1355 1478 1356 
1865 1725 1891 1727 
1866 1861 2750 2283 
1867 2318 2512 2320 
1868 2053 2447 2050 
1869 1401 1468 1402 
1870 2079 2403 2073 
1871 1317 3886 1227 
1872 1813 2168 1606 
1873 1503 2588 1714 
1874 2093 2481 1735 
1875 3310 4085 1632 
1876 1048 1133 1046 
1877 1452 1516 1454 
1878 1176 2554 1175 
1879 1773 2162 1774 
1880 1800 1865 1621 
1881 2390 2391 2385 
1882 2398 2716 2396 
1883 1173 1299 1174 
1884 1448 1450 1336 
1885 1635 1637 1540 
1886 2239 2862 2624 
1887 2904 4231 2206 
1888 1237 1286 1235 
1889 1849 2353 1846 
1890 1041 2569 1040 
1891 2229 4066 1048 
1892 359 3244 358 
1893 2085 2695 2082 
1894 2194 3485 2193 
1895 2786 2791 2787 
1896 2216 2603 2214 
1897 1281 2602 1283 
1898 1929 2637 1927 
1899 2002 2066 2001 
1900 2530 3243 2494 
1901 1921 2651 1919 
1902 1784 2473 2222 
1903 3560 3764 3316 
1904 1388 2513 1391 
1905 1513 3194 2460 
1906 2073 2488 2070 
1907 2098 3333 2375 
1908 1021 2705 1023 
1909 1044 1140 1041 
1910 1587 2497 1585 
1911 1868 2538 1866 
1912 2260 2553 2302 
1913 2386 2389 2382 
1914 1273 2316 1270 
1915 1168 1173 1169 
1916 1533 1746 1534 
1917 1491 1529 1515 
1918 1649 1745 1647 
1919 1994 2561 1992 
1920 2199 3271 3195 
1921 2846 2910 2844 
1922 1592 1772 1587 
1923 2057 2652 2176 
1924 1986 2642 1984 
1925 1256 2578 1252 
1926 3280 3879 3710 
1927 2775 4130 2437 
1928 2022 2287 2020 
1929 1280 1281 1172 
1930 2127 2678 2129 
1931 3500 4156 2357 
1932 2459 2463 2462 
1933 742 3143 2631 
1934 2534 2535 2389 
1935 1962 2783 2116 
1936 1639 2484 1636 
1937 1423 1489 1425 
1938 1505 1722 1558 
1939 2563 3706 3624 
1940 2341 2342 2339 
1941 900 2852 1139 
1942 2028 2261 2046 
1943 1660 1967 1537 
1944 1033 1036 1024 
1945 1627 2354 1893 
1946 2288 2289 2045 
1947 1306 1417 1305 
1948 1695 1889 1696 
1949 2144 2467 2146 
1950 2578 4150 1252 
1951 1312 2232 1076 
1952 1221 1361 1219 
1953 1542 1543 1450 
1954 2769 3322 2120 
1955 3118 3508 996 
1956 2807 3141 1409 
1957 1030 4131 1130 
1958 1600 2515 1557 
1959 1717 1940 1720 
1960 3697 4025 3531 
1961 1495 1589 1493 
1962 2059 2545 2010 
1963 1461 1463 1371 
1964 2020 2045 2018 
1965 1122 2182 1399 
1966 2391 2541 2540 
1967 2270 3191 2919 
1968 1547 1581 1549 
1969 1516 2859 2340 
1970 1215 2714 1212 
1971 731 4146 2619 
1972 1896 1898 1578 
1973 2724 3726 3527 
1974 2175 2694 2085 
1975 834 3524 2652 
1976 1819 3931 1474 
1977 1562 1632 1560 
1978 1653 1679 1651 
1979 3003 3967 3331 
1980 1704 2375 1706 
1981 1129 2457 1096 
1982 2634 2834 1973 
1983 1074 1331 1072 
1984 1359 1403 1350 
1985 721 3799 2702 
1986 2098 2375 1704 
1987 1684 2520 2519 
1988 3653 4083 2753 
1989 1816 1817 1583 
1990 2694 3634 636 
1991 2219 3977 3263 
1992 1672 2281 1950 
1993 1936 2730 1937 
1994 1763 2377 2151 
1995 1878 2869 2503 
1996 2936 3233 2622 
1997 2117 2769 2120 
1998 2630 2917 2452 
1999 1280 2713 1281 
2000 1918 2596 1915 
2001 1427 1451 1430 
2002 1706 2294 1855 
2003 656 4007 2612 
2004 1926 2693 2651 
2005 1607 1813 1606 
2006 1872 2579 1870 
2007 3609 4040 2734 
2008 1559 2413 1497 
2009 1990 2644 1989 
2010 2525 4145 2527 
2011 2151 2692 2152 
2012 2329 2751 2328 
2013 1066 2746 1064 
2014 1180 2666 1178 
2015 2919 3191 657 
2016 2324 2326 2323 
2017 1482 1654 1596 
2018 2574 2767 2573 
2019 2395 4094 1562 
2020 2758 3421 3155 
2021 746 3538 3281 
2022 2341 3398 2342 
2023 1002 3525 2514 
2024 1314 2774 1276 
2025 1346 3208 2676 
2026 1335 2393 1223 
2027 1619 1620 1610 
2028 1144 1323 1143 
2029 2940 3690 2190 
2030 1889 2219 1924 
2031 1712 2466 1568 
2032 1571 1701 1634 
2033 1054 4170 2184 
2034 2800 3720 1507 
2035 167 3472 767 
2036 2792 2800 2793 
2037 1624 4265 1613 
2038 1870 2251 1868 
2039 1620 2395 1610 
2040 1454 2337 1491 
2041 1571 2317 1701 
2042 1861 2283 1731 
2043 2898 3380 3332 
2044 1225 1335 1223 
2045 2435 2436 1898 
2046 1182 2380 1291 
2047 1958 2825 1961 
2048 1780 2611 1832 
2049 1233 1297 1231 
2050 2422 4061 3456 
2051 2858 3066 2242 
2052 1984 2177 1983 
2053 1699 4266 1676 
2054 635 3614 2517 
2055 1797 2225 2224 
2056 2111 3991 1565 
2057 1746 1770 1759 
2058 2108 2516 1786 
2059 1530 1612 1536 
2060 2731 3367 2109 
2061 3087 3870 2423 
2062 1269 3412 2744 
2063 2248 4328 3547 
2064 1983 2505 1980 
2065 1818 2521 1654 
2066 2016 2047 2014 
2067 2434 2856 1160 
2068 1501 1559 1497 
2069 1160 1171 1161 
2070 1714 1785 1552 
2071 1129 4294 3742 
2072 1425 2400 1427 
2073 2079 3255 2403 
2074 1397 1437 1435 
2075 2316 4280 1270 
2076 1422 3128 1423 
2077 867 3786 2865 
2078 2479 4242 1164 
2079 2625 3829 2149 
2080 1670 3990 2308 
2081 1013 2696 1012 
2082 1842 2170 1623 
2083 1229 1317 1227 
2084 2934 2935 2933 
2085 1947 2722 2430 
2086 2285 2286 2044 
2087 2283 4113 1733 
2088 1140 2569 1041 
2089 2217 2739 1828 
2090 1032 2653 2485 
2091 2225 3721 3046 
2092 1911 3865 1910 
2093 2447 4191 2050 
2094 3143 3296 2315 
2095 2343 2533 2341 
2096 1361 2233 1219 
2097 1442 2458 1546 
2098 2146 2293 2165 
2099 1927 2253 1926 
2100 1325 1376 1324 
2101 1478 1480 1356 
2102 2325 2655 2324 
2103 1337 1449 1448 
2104 1014 1016 1011 
2105 2631 3217 742 
2106 2635 3848 1940 
2107 1159 1164 1158 
2108 2132 2764 2133 
2109 2837 3922 2836 
2110 1655 1818 1654 
2111 1476 1477 1354 
2112 1880 2547 1785 
2113 1745 2323 1647 
2114 1517 1797 1588 
2115 1353 1476 1354 
2116 1141 3966 1081 
2117 2130 3126 2714 
2118 1098 1129 1096 
2119 1722 1941 1723 
2120 2797 2798 2796 
2121 2315 3440 2148 
2122 2004 3971 2002 
2123 2208 2958 1630 
2124 1078 1312 1076 
2125 1313 2554 1176 
2126 2012 2059 2010 
2127 2149 2315 2148 
2128 1745 2325 2324 
2129 1171 1172 1161 
2130 1285 1401 1284 
2131 1171 1298 1280 
2132 2024 2284 2044 
2133 1068 2248 1341 
2134 896 2907 1360 
2135 2611 2612 1832 
2136 1469 1533 1471 
2137 2317 2319 2318 
2138 1772 2497 1587 
2139 1668 2308 1879 
2140 695 4123 3100 
2141 2026 4019 2284 
2142 1443 3374 2653 
2143 2886 2891 2887 
2144 1507 4139 2800 
2145 1796 2776 1795 
2146 1173 3336 1301 
2147 2931 4072 3704 
2148 1427 2400 1451 
2149 2287 3237 2288 
2150 2237 2753 1976 
2151 2547 3527 2108 
2152 1679 2329 2328 
2153 1376 1465 1377 
2154 1089 1143 1088 
2155 2121 2762 2654 
2156 2590 2881 1949 
2157 3201 4308 1297 
2158 1438 1513 1440 
2159 2369 3719 2366 
2160 3623 4172 2314 
2161 1286 2352 1235 
2162 1817 4123 2687 
2163 2990 3428 1079 
2164 3700 4191 2447 
2165 1874 2487 1872 
2166 623 4157 2675 
2167 2462 2464 2461 
2168 3243 3934 2494 
2169 1154 1162 1155 
2170 1386 4235 1388 
2171 2001 2405 1998 
2172 1725 2345 1891 
2173 1380 3139 1370 
2174 1519 1616 1520 
2175 1442 1546 1545 
2176 2331 2334 2333 
2177 2645 4239 2644 
2178 875 3814 2668 
2179 1350 2765 1310 
2180 2684 4189 1246 
2181 1298 1337 1336 
2182 2902 3859 2896 
2183 3198 3801 1300 
2184 1320 1527 1418 
2185 1617 1758 1757 
2186 2367 3719 2829 
2187 3281 3538 2527 
2188 1808 2484 1639 
2189 2421 2423 1616 
2190 1603 1604 1455 
2191 1679 2327 1651 
2192 1294 1306 1305 
2193 1795 3947 1792 
2194 1449 2383 2382 
2195 2520 2785 2519 
2196 1814 1828 1813 
2197 1891 2309 1727 
2198 1094 1137 1092 
2199 1805 2560 1803 
2200 1328 1394 1334 
2201 3340 4313 3741 
2202 2661 3903 3680 
2203 1009 2791 2786 
2204 1919 2594 1918 
2205 1538 1660 1537 
2206 1541 1636 1635 
2207 2320 4162 1702 
2208 2521 3496 2153 
2209 1593 2627 2626 
2210 2327 4071 1649 
2211 1579 1897 1896 
2212 463 2911 462 
2213 1590 1600 1557 
2214 1516 2340 2339 
2215 647 3706 3657 
2216 593 3026 592 
2217 2064 2691 2425 
2218 1966 4050 1680 
2219 2559 2677 1893 
2220 740 3108 2962 
2221 2018 2290 2016 
2222 3243 4306 3959 
2223 1462 1579 1578 
2224 1034 1088 1033 
2225 1777 2528 2475 
2226 3104 3887 1341 
2227 1128 2444 1100 
2228 1388 1391 1390 
2229 1803 1804 1563 
2230 2647 3587 653 
2231 2338 3907 1529 
2232 1356 4297 2729 
2233 1620 2398 2396 
2234 2262 2263 2046 
2235 1737 2483 1738 
2236 1209 4182 2708 
2237 1656 1973 1972 
2238 3066 4111 2242 
2239 3591 3785 3240 
2240 2459 2461 1546 
2241 2546 3879 3280 
2242 1172 2761 1161 
2243 3201 4121 2584 
2244 2426 4304 3407 
2245 3216 3955 1138 
2246 1516 2337 1454 
2247 1859 2103 2102 
2248 3340 3741 3339 
2249 1023 1029 1022 
2250 1713 1900 1712 
2251 1372 1462 1461 
2252 1758 2193 1901 
2253 1893 1894 1630 
2254 1896 2522 2435 
2255 1083 1141 1081 
2256 2309 4079 1729 
2257 1839 2580 2507 
2258 1201 3159 1364 
2259 1529 1530 1515 
2260 3531 4025 2251 
2261 1492 2633 1656 
2262 2509 2510 1954 
2263 2194 4029 3485 
2264 2374 4232 2037 
2265 3703 4072 2322 
2266 1480 2625 1482 
2267 2367 2829 2814 
2268 1038 1293 1039 
2269 2007 2223 2004 
2270 2829 3719 745 
2271 1018 2845 906 
2272 1876 2685 1874 
2273 1310 4024 3852 
2274 2206 2478 2207 
2275 1485 1585 1584 
2276 1295 1372 1371 
2277 1306 2531 1417 
2278 1559 2416 2415 
2279 2213 3932 2824 
2280 2074 2079 2073 
2281 2086 2175 2085 
2282 1949 3199 1880 
2283 2746 3919 1064 
2284 2006 2007 2004 
2285 2391 2431 2385 
2286 1503 1714 1552 
2287 2291 2819 2292 
2288 2604 3314 2871 
2289 2022 4020 2287 
2290 3284 3825 727 
2291 2425 3775 2374 
2292 1465 1611 1503 
2293 1293 1294 1039 
2294 826 3593 2645 
2295 2681 2770 2682 
2296 2707 2780 2779 
2297 1147 2954 928 
2298 2992 2994 2993 
2299 530 4109 670 
2300 1807 2649 1152 
2301 2102 2920 2104 
2302 1806 1947 1805 
2303 1025 1033 1024 
2304 1800 1866 1865 
2305 2882 4244 2915 
2306 2495 4312 1778 
2307 3420 4038 3895 
2308 1366 1393 1386 
2309 2224 2601 1798 
2310 1161 2761 2479 
2311 897 2690 1138 
2312 1167 1176 1175 
2313 1857 1859 1858 
2314 1300 1327 1303 
2315 1601 1801 1600 
2316 1163 1167 1166 
2317 2112 3508 3118 
2318 1655 2148 1818 
2319 1015 1024 1014 
2320 1653 1680 1679 
2321 2777 3247 2776 
2322 2651 3282 2594 
2323 3119 3165 1373 
2324 2020 2287 2045 
2325 1622 1939 1842 
2326 2126 2600 2127 
2327 2536 2537 1865 
2328 2517 4021 1843 
2329 2416 2418 2417 
2330 795 3840 2677 
2331 1622 1623 1508 
2332 1087 1091 1085 
2333 1207 4177 2310 
2334 2307 3145 2934 
2335 1026 2721 1025 
2336 3420 3895 1899 
2337 1879 2525 1645 
2338 1527 1541 1540 
2339 1602 2839 1579 
2340 1345 3295 3082 
2341 1894 2330 2209 
2342 1973 2960 1972 
2343 2358 3176 2100 
2344 1701 1702 1634 
2345 3263 3623 2314 
2346 1347 1485 1484 
2347 2810 4222 468 
2348 909 2794 1009 
2349 2446 2665 2409 
2350 1936 4295 2730 
2351 1802 1843 1801 
2352 1369 2768 2438 
2353 1890 3318 2952 
2354 1355 1479 1478 
2355 1012 2696 1015 
2356 1012 1014 1011 
2357 1851 3731 3271 
2358 1429 3458 2910 
2359 2163 2491 2490 
2360 1976 2753 1975 
2361 2852 4225 1139 
2362 2572 2871 1887 
2363 3618 3671 3637 
2364 1978 2237 1976 
2365 1155 2434 1157 
2366 2220 4204 2511 
2367 2764 2904 2206 
2368 712 3092 2920 
2369 2288 2865 2289 
2370 1971 3397 2114 
2371 2139 2618 2585 
2372 2278 2279 2218 
2373 2646 2804 1966 
2374 2197 2803 1852 
2375 1665 2216 2214 
2376 3295 3544 2083 
2377 3575 3922 2837 
2378 2000 2001 1998 
2379 1019 2704 1021 
2380 1404 1493 1492 
2381 1823 1957 1824 
2382 1399 2606 1120 
2383 1283 1285 1284 
2384 2678 2863 2132 
2385 1257 1260 1256 
2386 3343 3520 3357 
2387 2318 2719 2512 
2388 1508 2378 1763 
2389 468 3431 2810 
2390 2686 3229 737 
2391 2097 2809 1967 
2392 3943 4134 2056 
2393 1935 1975 1933 
2394 1028 1041 1040 
2395 1353 1857 1476 
2396 3438 3537 1291 
2397 1027 4245 1019 
2398 1659 2355 1968 
2399 1617 3870 1758 
2400 2103 2779 2567 
2401 2458 3928 2459 
2402 1136 2229 1050 
2403 1370 3917 1369 
2404 1292 2610 1239 
2405 2347 3791 2605 
2406 1508 1763 1502 
2407 1038 1039 1032 
2408 2318 2320 1701 
2409 2066 2908 2154 
2410 1992 2061 1990 
2411 1546 1547 1545 
2412 1522 2862 1525 
2413 1713 3353 1900 
2414 3807 4224 2581 
2415 2558 3149 1938 
2416 2849 3517 2359 
2417 1477 1622 1508 
2418 1850 1852 1849 
2419 2368 2814 2372 
2420 2497 4278 1585 
2421 1469 2213 1533 
2422 1714 1880 1785 
2423 2529 3943 1110 
2424 1917 1918 1915 
2425 2212 4064 1102 
2426 2505 4051 1980 
2427 2181 2351 1716 
2428 1100 4065 1098 
2429 1355 1356 1285 
2430 1791 2576 2575 
2431 2886 2887 2885 
2432 1923 1926 1921 
2433 1630 2958 1459 
2434 3005 3373 1518 
2435 1021 1023 1022 
2436 789 2728 2689 
2437 1575 1577 1407 
2438 1961 2783 1962 
2439 3536 3634 2694 
2440 1031 1032 1030 
2441 2160 3179 2909 
2442 717 3732 2566 
2443 1721 3366 3083 
2444 2707 2779 2103 
2445 3515 3718 2699 
2446 2190 2953 2940 
2447 1853 2197 1852 
2448 2484 4317 1636 
2449 1274 1276 1273 
2450 1931 1932 1929 
2451 1259 3386 2878 
2452 653 3581 2647 
2453 3823 3916 2548 
2454 1139 4225 3325 
2455 1020 1028 1027 
2456 1359 1404 1403 
2457 2470 2686 2462 
2458 1299 3198 1300 
2459 2182 3257 2827 
2460 2333 2962 2336 
2461 2753 3843 3653 
2462 2174 2647 2515 
2463 1477 1508 1502 
2464 2737 2738 2617 
2465 2804 3818 3553 
2466 2195 4093 1005 
2467 1619 1621 1620 
2468 1019 1021 1004 
2469 2121 2654 2123 
2470 1328 3363 1394 
2471 2352 4121 1233 
2472 2807 3186 2806 
2473 1154 1163 1162 
2474 2688 3278 789 
2475 1584 2551 1484 
2476 2706 3136 1463 
2477 1965 2709 2466 
2478 2133 2206 2205 
2479 2566 4047 717 
2480 2163 2805 2491 
2481 1031 3119 1038 
2482 2054 2057 2053 
2483 2196 2322 2321 
2484 1957 2825 1958 
2485 2621 3026 3025 
2486 1227 2725 1225 
2487 1913 1914 1911 
2488 2116 2769 2117 
2489 1982 1983 1980 
2490 1627 1630 1459 
2491 2581 3905 3807 
2492 642 3718 3515 
2493 2016 2290 2047 
2494 1988 1989 1986 
2495 2251 2538 1868 
2496 1996 1997 1994 
2497 1373 3165 3148 
2498 1770 2511 2509 
2499 2372 2828 2638 
2500 2929 3820 2310 
2501 1132 2212 1104 
2502 2825 2826 1961 
2503 1804 3128 1563 
2504 1356 2729 1285 
2505 2213 2824 1755 
2506 1250 1251 1249 
2507 1157 1159 1158 
2508 2201 2857 2198 
2509 2265 2848 2404 
2510 3004 3005 1518 
2511 3882 4142 2539 
2512 2047 2500 2014 
2513 2351 4229 2635 
2514 2148 2150 1818 
2515 1661 2549 1660 
2516 2340 2343 2341 
2517 1345 2167 1116 
2518 1178 2666 1313 
2519 2396 2923 2397 
2520 1283 1355 1285 
2521 1277 1314 1276 
2522 2581 2582 1891 
2523 903 2797 905 
2524 2836 3922 2835 
2525 2594 2595 1918 
2526 2603 3866 748 
2527 2640 2641 2069 
2528 2293 2568 2165 
2529 1399 4013 2606 
2530 2311 2903 2111 
2531 2306 3128 1804 
2532 2146 2467 2293 
2533 2182 2827 1399 
2534 2123 2126 2125 
2535 1785 1786 1552 
2536 2530 4306 3243 
2537 1707 1708 1577 
2538 2129 2132 2131 
2539 2585 3262 2138 
2540 2117 2120 2119 
2541 1499 3491 3274 
2542 1437 1438 1435 
2543 2715 4157 858 
2544 2162 2805 2163 
2545 1808 2629 2518 
2546 1716 1717 1526 
2547 2080 2632 2079 
2548 1936 1937 1708 
2549 1451 2859 1452 
2550 2255 3157 2258 
2551 2675 2715 1879 
2552 2471 2472 1825 
2553 1160 1161 1159 
2554 2413 4181 1495 
2555 1768 1811 1769 
2556 2654 3258 2126 
2557 1522 1524 1319 
2558 2902 3400 1363 
2559 1753 1787 1752 
2560 1501 1560 1559 
2561 1900 3763 1965 
2562 2271 2734 2273 
2563 2920 3092 2921 
2564 2794 3720 2792 
2565 1124 4201 2182 
2566 1440 4186 2458 
2567 180 3283 179 
2568 3149 4295 1936 
2569 2267 2268 1528 
2570 3109 4123 695 
2571 2216 3314 2604 
2572 1455 4173 1376 
2573 1909 1910 1796 
2574 2915 3464 2886 
2575 2687 4123 3109 
2576 2110 3828 2737 
2577 1157 1160 1159 
2578 1465 1503 1466 
2579 2256 3830 3156 
2580 2539 4142 2536 
2581 2550 3793 3140 
2582 1840 2134 1839 
2583 1353 1354 1306 
2584 2164 4176 2162 
2585 3331 3967 2899 
2586 2632 4207 3256 
2587 924 2956 926 
2588 3299 3300 1510 
2589 2441 2442 2439 
2590 746 4136 2629 
2591 2153 2449 1596 
2592 1371 2570 1293 
2593 1451 1452 1430 
2594 3256 4207 2695 
2595 2617 2676 1809 
2596 1536 4089 2317 
2597 817 3610 2834 
2598 1525 1526 1524 
2599 1316 2529 1112 
2600 2372 2638 2373 
2601 2222 2661 2495 
2602 2814 2829 810 
2603 1547 4026 1581 
2604 2807 3507 3186 
2605 1285 2729 1401 
2606 1962 2116 1964 
2607 2981 3141 3013 
2608 2217 2759 2739 
2609 1315 1339 1314 
2610 2539 4025 690 
2611 1939 3678 2922 
2612 1288 3304 1342 
2613 2351 4261 1717 
2614 1412 3343 3004 
2615 2304 2305 1804 
2616 2857 3661 630 
2617 2655 3845 2324 
2618 1398 3711 3266 
2619 2043 2049 2042 
2620 2431 4216 2383 
2621 1229 2847 1317 
2622 1294 1353 1306 
2623 2454 2630 2452 
2624 1081 2426 1078 
2625 1503 1552 1466 
2626 2256 3157 2255 
2627 3674 3903 2473 
2628 1720 4180 2345 
2629 2567 4315 2102 
2630 2344 2619 2343 
2631 2252 4072 2931 
2632 2860 3958 1275 
2633 892 3115 1473 
2634 2791 4310 2787 
2635 2846 3329 1428 
2636 2120 2762 2121 
2637 1770 1954 1759 
2638 2174 3513 2647 
2639 1010 2844 2841 
2640 2201 3596 2857 
2641 535 2752 534 
2642 759 3628 2864 
2643 1990 4256 2644 
2644 1461 2775 1463 
2645 2154 2428 2405 
2646 1838 1839 1837 
2647 1482 1596 1481 
2648 1827 3934 3243 
2649 3531 3559 780 
2650 2579 3559 3531 
2651 2968 3378 2229 
2652 2140 2141 2139 
2653 1425 4190 2400 
2654 3360 3872 1431 
2655 1297 4121 3201 
2656 1594 4275 2910 
2657 2262 3240 2969 
2658 2376 2833 1332 
2659 1581 4026 3037 
2660 3311 3875 3310 
2661 2506 2784 1842 
2662 1465 1466 1377 
2663 2092 3973 2723 
2664 2415 3946 2413 
2665 2435 2763 2436 
2666 1280 3940 2713 
2667 1006 4244 2882 
2668 1422 1423 1392 
2669 2781 3112 1567 
2670 2041 2042 2040 
2671 2169 4073 1674 
2672 1794 1795 1792 
2673 981 2718 993 
2674 2597 2598 1914 
2675 2247 3137 1588 
2676 2406 3925 1997 
2677 1078 2426 1312 
2678 2100 2854 1876 
2679 1880 2548 2547 
2680 1858 2593 1476 
2681 788 3022 3021 
2682 1807 2817 2649 
2683 1161 2479 1159 
2684 2548 3916 2547 
2685 2458 4186 3928 
2686 1542 3246 2681 
2687 3156 3830 2879 
2688 2538 4025 2539 
2689 2448 3117 1640 
2690 1484 4110 1486 
2691 1958 1961 1960 
2692 2072 2073 2070 
2693 1340 1369 1339 
2694 2367 2814 2368 
2695 3794 3905 2381 
2696 1038 1295 1293 
2697 2084 2085 2082 
2698 2097 2810 2809 
2699 2270 2919 2271 
2700 2222 2495 1782 
2701 2816 3696 2815 
2702 2270 2271 2268 
2703 2252 2931 2166 
2704 2272 3139 2268 
2705 2149 2631 2315 
2706 1877 1878 1771 
2707 779 3979 3462 
2708 1448 4250 1542 
2709 1130 1131 1029 
2710 2487 2579 1872 
2711 2216 2604 2603 
2712 2783 4301 3368 
2713 1822 3886 3287 
2714 1605 1606 1604 
2715 1397 3884 1437 
2716 1394 1395 1334 
2717 1714 1949 1880 
2718 1657 4260 2355 
2719 2136 2137 1576 
2720 2822 4124 2390 
2721 1505 1558 1405 
2722 2382 4250 1448 
2723 3204 3354 1618 
2724 1145 4095 1088 
2725 1025 2721 1034 
2726 1296 3460 2993 
2727 1726 3232 1724 
2728 2202 2571 2201 
2729 2381 3848 3794 
2730 3936 3988 3099 
2731 1562 4094 1632 
2732 1391 1392 1390 
2733 2285 2668 2667 
2734 1743 1764 1744 
2735 2887 3535 2889 
2736 3736 3883 596 
2737 2599 4081 2257 
2738 3333 3881 2375 
2739 2667 2720 2286 
2740 2680 2916 2449 
2741 1376 2350 1465 
2742 2179 2180 1698 
2743 2704 2705 1021 
2744 3314 3782 2551 
2745 2160 2909 2156 
2746 2737 2823 2110 
2747 1797 1798 1588 
2748 1009 2794 2792 
2749 2401 4190 1489 
2750 2408 3106 2407 
2751 2815 3696 689 
2752 1865 4080 1621 
2753 1268 1269 1266 
2754 2677 4164 795 
2755 2452 2917 2300 
2756 1263 1265 1261 
2757 2284 3210 2285 
2758 1517 1588 1432 
2759 2453 2454 2452 
2760 2259 2924 2471 
2761 2094 4205 1811 
2762 2990 3460 3428 
2763 3593 4239 2645 
2764 1381 1382 1380 
2765 1941 2494 1723 
2766 1783 1784 1782 
2767 2068 2069 2058 
2768 2064 2374 2040 
2769 1255 1256 1252 
2770 1272 1273 1270 
2771 1693 1748 1692 
2772 1288 1289 1131 
2773 889 2781 1567 
2774 1368 2714 1215 
2775 2196 3689 2322 
2776 3274 3491 1862 
2777 2912 3880 2521 
2778 1989 2644 2643 
2779 2390 2946 2391 
2780 1773 4226 2164 
2781 3677 4309 2428 
2782 965 3250 2900 
2783 1790 1791 1788 
2784 3037 3235 1581 
2785 691 3087 2855 
2786 1312 4105 2232 
2787 2077 2586 2223 
2788 686 2752 535 
2789 1383 1414 1382 
2790 2297 4044 3021 
2791 1812 1823 1821 
2792 3298 3908 3251 
2793 1342 1343 1289 
2794 1629 1780 1628 
2795 1376 1377 1324 
2796 2135 2656 2134 
2797 2805 3494 2491 
2798 845 3494 2805 
2799 1580 1626 1420 
2800 2161 2299 2160 
2801 1022 2592 1004 
2802 3048 4238 3978 
2803 1848 1849 1846 
2804 1741 1743 1742 
2805 1003 1020 1019 
2806 1244 1245 1243 
2807 2664 3480 3464 
2808 2218 3451 2217 
2809 2958 3884 1397 
2810 1031 1038 1032 
2811 2652 3524 2176 
2812 1529 3907 2710 
2813 1569 1712 1568 
2814 1026 3452 2760 
2815 2701 2702 1950 
2816 1881 3465 3329 
2817 1011 2195 1005 
2818 1187 3178 1311 
2819 3071 3188 646 
2820 2151 2152 2087 
2821 1765 4323 2477 
2822 1660 2549 2097 
2823 2507 2508 1837 
2824 2522 4167 2435 
2825 2948 4127 1711 
2826 2268 3139 1528 
2827 2198 2857 2197 
2828 2392 3189 1444 
2829 2688 2689 2601 
2830 2200 2201 2198 
2831 1415 1445 1414 
2832 2262 2969 2263 
2833 1691 1692 1690 
2834 3699 3893 3181 
2835 1788 2574 1787 
2836 2755 3646 2177 
2837 667 3873 3046 
2838 2006 2008 2007 
2839 1486 1488 1487 
2840 2142 2155 2141 
2841 2077 2587 2586 
2842 1336 3940 1280 
2843 1523 4033 1522 
2844 1746 1759 1534 
2845 1327 1328 1303 
2846 1294 1305 1039 
2847 2990 3265 2987 
2848 887 2781 889 
2849 2491 2492 2490 
2850 3292 3293 2171 
2851 1111 1112 1110 
2852 2406 4259 2405 
2853 2645 3824 826 
2854 2965 4225 2852 
2855 1002 2514 1001 
2856 1480 1482 1481 
2857 1109 1110 1108 
2858 2923 3577 3309 
2859 2558 4069 3569 
2860 674 3529 3398 
2861 2196 2321 1752 
2862 2789 4310 2790 
2863 1625 1833 1624 
2864 2595 3999 2596 
2865 2691 4045 704 
2866 1533 1534 1471 
2867 1384 4081 3358 
2868 2968 3362 1694 
2869 1446 1474 1445 
2870 1341 2746 1066 
2871 1144 1324 1323 
2872 1482 1655 1654 
2873 2170 2172 2171 
2874 2393 4299 1221 
2875 2292 2501 2500 
2876 1768 2477 2094 
2877 2476 3074 2169 
2878 1950 3990 1670 
2879 2511 2911 2509 
2880 1417 1443 1305 
2881 1113 1114 1112 
2882 2857 3481 2197 
2883 3348 3847 3294 
2884 2347 2605 2348 
2885 2052 2053 2050 
2886 3553 3818 857 
2887 1614 1624 1613 
2888 2154 3677 2428 
2889 2062 3892 3506 
2890 1475 1511 1474 
2891 1192 1193 1191 
2892 2900 3250 2894 
2893 1886 4278 2498 
2894 1763 2087 1502 
2895 2646 3812 624 
2896 1695 1696 1556 
2897 1566 1613 1565 
2898 2482 2566 2483 
2899 1299 1300 1174 
2900 1512 1565 1511 
2901 1199 2812 1196 
2902 2330 2331 2209 
2903 1194 1195 1193 
2904 1968 3850 1710 
2905 716 3279 2819 
2906 2035 2036 2034 
2907 1200 1201 1199 
2908 1190 1191 1189 
2909 1168 1169 1165 
2910 1318 2684 1249 
2911 2620 2621 2619 
2912 1281 2713 2602 
2913 1107 1108 1106 
2914 1941 3184 2530 
2915 3068 3242 880 
2916 3121 3542 2845 
2917 1616 1617 1520 
2918 2275 3869 1631 
2919 2607 3952 736 
2920 2819 2949 862 
2921 2328 3268 2327 
2922 2883 2886 2885 
2923 2162 2163 1774 
2924 2339 4043 2337 
2925 1225 2725 1335 
2926 2084 3533 2086 
2927 1012 1015 1014 
2928 2643 4277 2642 
2929 2402 3441 2622 
2930 2544 3629 645 
2931 1248 1249 1246 
2932 2176 2447 2053 
2933 2421 2855 2423 
2934 1115 1116 1114 
2935 2232 4332 1074 
2936 1087 1092 1091 
2937 1773 1774 1626 
2938 2044 4020 2022 
2939 3250 3313 2894 
2940 1689 1690 1688 
2941 1946 2743 1457 
2942 3132 3302 1473 
2943 1401 1402 1284 
2944 1588 3137 1432 
2945 3397 3996 2114 
2946 1037 2852 902 
2947 1932 2673 2672 
2948 2114 2433 2115 
2949 2524 3519 2639 
2950 1765 1768 1767 
2951 3004 3468 1412 
2952 1478 3133 1593 
2953 1110 3943 1142 
2954 2554 4102 1175 
2955 2798 4036 2796 
2956 3690 3984 2945 
2957 2532 2838 1146 
2958 1269 4274 1266 
2959 1938 3149 1936 
2960 1468 1469 1402 
2961 3685 3729 2924 
2962 841 3657 2674 
2963 2193 2754 1901 
2964 2877 2879 2878 
2965 1188 1189 1187 
2966 1242 1243 1241 
2967 2690 4223 1138 
2968 1202 1203 1201 
2969 3251 3908 3283 
2970 2853 4267 2965 
2971 2368 2372 2371 
2972 2757 2943 985 
2973 3141 3444 1409 
2974 1817 1971 1860 
2975 1003 1019 1004 
2976 1810 2617 1809 
2977 3329 3465 1428 
2978 1164 1165 1158 
2979 1173 1174 1169 
2980 2537 4142 3671 
2981 2750 2905 2283 
2982 2033 2034 2032 
2983 1751 1752 1749 
2984 1367 2316 1273 
2985 3340 3931 1819 
2986 1300 3801 1327 
2987 2303 2959 1308 
2988 1649 4071 1745 
2989 2674 4205 841 
2990 2338 4166 4043 
2991 2692 3827 792 
2992 2445 4220 2353 
2993 1589 4181 2414 
2994 1722 1723 1558 
2995 1016 2942 2195 
2996 1641 3861 1808 
2997 788 3031 3022 
2998 625 3817 2667 
2999 1476 4117 1477 
3000 1811 4205 2674 
3001 1826 1827 1780 
3002 1057 1058 1056 
3003 1015 1025 1024 
3004 2612 2747 1832 
3005 1064 3919 1322 
3006 1700 1777 1699 
3007 1117 1118 1116 
3008 2102 4315 2920 
3009 2879 3830 3379 
3010 1025 1034 1033 
3011 1055 1056 1054 
3012 2290 3301 2291 
3013 1657 1659 1658 
3014 1702 1704 1703 
3015 1125 2902 2892 
3016 1421 3522 3230 
3017 2325 2820 2655 
3018 2833 3218 1956 
3019 2455 3083 2456 
3020 2460 3194 3193 
3021 2867 3075 730 
3022 1017 2797 2796 
3023 2000 2002 2001 
3024 2162 4176 3532 
3025 1554 2578 1256 
3026 2179 2964 2180 
3027 3265 3436 3266 
3028 1403 2765 1350 
3029 2175 3753 2568 
3030 2695 4207 2082 
3031 1034 1089 1088 
3032 1466 1467 1377 
3033 2091 3197 2092 
3034 2231 2353 1849 
3035 2821 4319 893 
3036 2514 3525 2240 
3037 1089 1144 1143 
3038 1007 1013 1012 
3039 1007 1012 1011 
3040 1059 1060 1058 
3041 1157 2434 1160 
3042 1829 2217 1828 
3043 1105 1106 1104 
3044 592 3026 664 
3045 3025 3026 593 
3046 2174 2515 1600 
3047 2843 2845 1018 
3048 2323 4219 1592 
3049 2271 2919 2734 
3050 1519 1520 1443 
3051 2337 4166 1491 
3052 1323 2872 1143 
3053 1997 3925 2561 
3054 2 782 409 
3055 205 781 517 
3056 1951 3443 3361 
3057 1281 1283 1282 
3058 2116 4270 2769 
3059 827 3764 3560 
3060 2652 3598 834 
3061 1204 1205 1203 
3062 1053 1054 1052 
3063 2126 4155 2600 
3064 1655 2149 2148 
3065 2514 3857 1013 
3066 1252 4150 1251 
3067 2031 2032 2030 
3068 2483 4316 1738 
3069 1677 1699 1676 
3070 2304 3382 2305 
3071 1477 1502 1354 
3072 2936 3929 3233 
3073 2676 4154 3477 
3074 1185 1187 1184 
3075 2441 3188 3071 
3076 2925 3714 2872 
3077 1907 3180 2429 
3078 1282 3196 2761 
3079 2460 4186 1513 
3080 2508 2816 2815 
3081 1607 1814 1813 
3082 2463 3928 3275 
3083 2181 3254 3113 
3084 1261 3267 1260 
3085 2359 2360 2358 
3086 1836 1837 1834 
3087 1139 2907 898 
3088 1935 1976 1975 
3089 1889 1924 1696 
3090 2150 2913 2912 
3091 2610 4178 1776 
3092 2039 2040 2037 
3093 672 3472 169 
3094 2239 2830 2238 
3095 1379 1380 1370 
3096 1925 4267 2853 
3097 1138 4223 3215 
3098 3546 3828 2110 
3099 1119 1120 1118 
3100 1781 3163 1783 
3101 2300 2917 2299 
3102 905 2797 1017 
3103 2451 2452 2300 
3104 2222 3903 2661 
3105 2181 3113 2351 
3106 1061 1062 1060 
3107 1543 1583 1582 
3108 1438 4056 1513 
3109 1283 1284 1282 
3110 1015 1026 1025 
3111 2158 2160 2156 
3112 1632 4085 1560 
3113 1923 1927 1926 
3114 1361 2961 2233 
3115 1917 1919 1918 
3116 1007 1011 1005 
3117 2876 2877 2875 
3118 2441 3071 2442 
3119 666 3564 3338 
3120 1823 2564 2563 
3121 2939 2956 995 
3122 1729 4079 1861 
3123 1735 1737 1736 
3124 2219 2314 1924 
3125 1585 4278 1886 
3126 1175 4102 1320 
3127 2524 2639 2523 
3128 1807 3006 2818 
3129 1481 4297 1356 
3130 1310 3852 1135 
3131 1636 4317 1895 
3132 1021 1022 1004 
3133 2156 2909 2155 
3134 1931 1933 1932 
3135 3424 4200 1128 
3136 2729 4297 1877 
3137 1335 3080 2393 
3138 1009 2786 911 
3139 1965 2466 1712 
3140 2046 4019 2026 
3141 1755 2824 2230 
3142 2590 3825 3284 
3143 2743 4172 1678 
3144 2334 2962 2333 
3145 2093 3175 2481 
3146 2634 2835 2834 
3147 1675 1676 1674 
3148 2891 3464 1351 
3149 993 2718 1002 
3150 2456 3426 2942 
3151 3563 3564 666 
3152 2424 3134 2422 
3153 3622 3623 3263 
3154 3113 4229 2351 
3155 1758 1901 1757 
3156 2949 3301 3151 
3157 879 3823 3241 
3158 2357 2358 2100 
3159 2378 2867 2377 
3160 2058 4054 2057 
3161 2620 3503 2402 
3162 2110 2823 1532 
3163 2173 3933 2782 
3164 1659 1710 1709 
3165 2029 2030 2028 
3166 1996 1998 1997 
3167 1663 1664 1661 
3168 2712 3227 2711 
3169 3711 4198 2980 
3170 1206 1207 1205 
3171 2920 2921 2104 
3172 2295 2297 2296 
3173 1988 1990 1989 
3174 1395 2958 1397 
3175 1982 1984 1983 
3176 1063 1064 1062 
3177 1240 1241 1239 
3178 1948 2723 1947 
3179 1051 1052 1050 
3180 1781 1782 1778 
3181 1913 1915 1914 
3182 2535 3988 3936 
3183 2230 3668 2220 
3184 1034 1090 1089 
3185 3112 3226 1567 
3186 2477 4323 2493 
3187 1555 1590 1557 
3188 1121 1122 1120 
3189 1733 1735 1734 
3190 2206 2207 2205 
3191 1269 3731 3412 
3192 1971 2114 2113 
3193 2753 4083 1975 
3194 2989 2990 2987 
3195 2856 3166 1715 
3196 3970 4034 3662 
3197 1965 2963 2709 
3198 880 4169 3068 
3199 2414 4181 2413 
3200 2653 3164 2485 
3201 1832 4203 1628 
3202 3451 4233 2217 
3203 2147 3534 2827 
3204 893 4319 1357 
3205 2533 3883 3736 
3206 2934 2971 2935 
3207 1957 3116 2825 
3208 2403 2488 2073 
3209 2400 4190 2401 
3210 2430 2560 1805 
3211 2855 3039 691 
3212 1776 3437 2610 
3213 2887 2889 2888 
3214 1551 3885 2952 
3215 2922 3968 1939 
3216 2099 2100 1876 
3217 1673 1674 1672 
3218 2331 2333 2332 
3219 1198 1199 1196 
3220 1278 3488 1347 
3221 2408 4172 3623 
3222 1154 1155 1153 
3223 2627 3161 2628 
3224 2126 2127 2125 
3225 1946 4150 2578 
3226 918 2966 984 
3227 1279 2861 1553 
3228 1183 1184 1182 
3229 858 4157 3819 
3230 1738 1741 1740 
3231 1810 2737 2617 
3232 2132 2133 2131 
3233 670 4109 2871 
3234 2150 2912 1818 
3235 3035 3037 2464 
3236 1211 4182 1209 
3237 2330 3889 2331 
3238 2679 3280 848 
3239 2420 2424 2422 
3240 1463 3902 2706 
3241 1710 1953 1952 
3242 2694 2695 2085 
3243 3286 4319 3334 
3244 2383 4216 2386 
3245 2120 2121 2119 
3246 1418 3832 1419 
3247 1733 4113 2093 
3248 3300 3948 1510 
3249 1103 1104 1102 
3250 1010 2841 910 
3251 2605 2616 2348 
3252 1972 4260 1657 
3253 1271 4023 2937 
3254 2678 2864 2863 
3255 1457 2743 1678 
3256 3422 3772 860 
3257 518 857 405 
3258 410 858 202 
3259 1664 3846 2550 
3260 1330 1946 1457 
3261 2819 3279 2292 
3262 926 2956 1147 
3263 995 2956 924 
3264 2673 4092 2672 
3265 2359 3517 2360 
3266 2050 4191 2049 
3267 2644 4239 3305 
3268 1136 2968 2229 
3269 2864 3652 2863 
3270 3206 3312 1539 
3271 1208 1209 1207 
3272 2027 2028 2026 
3273 2657 2659 2656 
3274 2353 4220 1846 
3275 1065 1066 1064 
3276 1465 2350 1611 
3277 2089 3011 2943 
3278 2671 3909 983 
3279 885 3236 2173 
3280 3506 3892 3742 
3281 2170 2171 1623 
3282 4057 4274 2362 
3283 2298 2411 2410 
3284 2805 3692 845 
3285 1302 3066 2858 
3286 1731 1733 1732 
3287 1875 1876 1874 
3288 1023 1031 1030 
3289 2288 2866 2865 
3290 1909 1911 1910 
3291 2439 4234 1472 
3292 833 3622 3263 
3293 658 3590 2835 
3294 914 3909 3367 
3295 1325 1603 1455 
3296 2863 3652 628 
3297 1123 1124 1122 
3298 866 3239 7 
3299 1157 1158 1156 
3300 2193 3485 3069 
3301 2549 3140 2097 
3302 1472 2774 1314 
3303 2482 2483 1737 
3304 2679 3202 2076 
3305 1683 1684 1682 
3306 736 3935 2607 
3307 2774 3965 1276 
3308 1671 1672 1670 
3309 1480 1481 1356 
3310 1902 4194 3230 
3311 1681 1682 1680 
3312 2765 4024 1310 
3313 986 3130 2930 
3314 1953 2144 2143 
3315 2194 3870 3087 
3316 1538 1661 1660 
3317 1706 1855 1854 
3318 3320 3788 705 
3319 2662 4234 2442 
3320 2644 4256 2645 
3321 1489 4190 1425 
3322 1428 3521 2846 
3323 2367 2368 1637 
3324 3096 3845 660 
3325 787 4091 3906 
3326 2116 2117 1964 
3327 676 3617 2716 
3328 1452 2859 1516 
3329 2384 2385 2383 
3330 2777 4227 3247 
3331 829 3364 2640 
3332 3532 3692 2805 
3333 1873 1874 1872 
3334 2888 3313 2930 
3335 2893 2902 2896 
3336 3195 3271 1367 
3337 889 1567 891 
3338 2849 4156 1466 
3339 1522 4033 2862 
3340 2762 3611 634 
3341 2012 3834 2059 
3342 2211 3198 1558 
3343 3038 4140 2692 
3344 2557 4069 2558 
3345 2858 3253 1302 
3346 3158 3371 2733 
3347 2703 3500 2101 
3348 2590 3284 2881 
3349 3618 4080 2537 
3350 3050 3992 2463 
3351 2366 3719 2367 
3352 2381 4180 1940 
3353 2405 4259 1998 
3354 2889 2901 2892 
3355 1137 3146 2771 
3356 2714 3631 2130 
3357 1210 1211 1209 
3358 1687 1688 1685 
3359 2478 2927 2926 
3360 1536 1571 1570 
3361 1729 1731 1730 
3362 1067 1068 1066 
3363 1049 1050 1048 
3364 2900 4322 980 
3365 2456 2942 1016 
3366 1144 1325 1324 
3367 2264 3240 2262 
3368 1871 1872 1870 
3369 2877 2878 2875 
3370 2025 2026 2024 
3371 1867 1868 1866 
3372 2894 3313 2890 
3373 893 1357 895 
3374 2074 2080 2079 
3375 2144 2146 2145 
3376 2709 3877 733 
3377 2727 3466 790 
3378 2898 3859 3380 
3379 2841 2844 2842 
3380 2443 3188 2441 
3381 1407 4037 1193 
3382 2155 4243 2141 
3383 1134 1135 1124 
3384 2137 2733 2140 
3385 1558 3198 1405 
3386 971 3130 969 
3387 1669 1670 1668 
3388 2528 4000 3705 
3389 2942 3426 3274 
3390 1972 4161 2544 
3391 1794 1796 1795 
3392 1246 4189 1245 
3393 1590 1601 1600 
3394 1238 1239 1237 
3395 2562 3925 3212 
3396 2301 3191 2270 
3397 2059 3153 2546 
3398 1037 2853 2852 
3399 885 2173 887 
3400 2387 2390 2385 
3401 1787 2574 2573 
3402 2269 2873 2756 
3403 3266 3711 2983 
3404 2706 2707 2103 
3405 711 3779 3101 
3406 1895 3105 2369 
3407 1596 2906 1481 
3408 2844 2910 2842 
3409 1869 1870 1868 
3410 726 3796 2866 
3411 2504 2505 1983 
3412 1697 2807 2806 
3413 634 4052 2762 
3414 1486 3782 1665 
3415 1825 3980 1688 
3416 1181 1182 1180 
3417 1406 1538 1537 
3418 1160 2856 1171 
3419 806 3894 3102 
3420 2808 3168 3013 
3421 1352 3459 2874 
3422 1961 1962 1960 
3423 2075 4074 2034 
3424 1552 2849 1466 
3425 2739 3688 697 
3426 2084 2086 2085 
3427 2072 2074 2073 
3428 981 3088 2718 
3429 1605 1607 1606 
3430 2278 2280 2279 
3431 3453 3454 3245 
3432 2282 3874 2532 
3433 4060 4100 3647 
3434 1470 3196 1402 
3435 2907 3285 1360 
3436 2731 3329 2846 
3437 2146 2165 2147 
3438 1233 4121 1297 
3439 1667 1668 1645 
3440 1413 3509 3504 
3441 2908 3183 648 
3442 2399 3204 1036 
3443 754 4098 2917 
3444 637 3856 2909 
3445 1332 3837 1189 
3446 704 4045 3681 
3447 2541 3849 2540 
3448 2668 3814 625 
3449 1601 1802 1801 
3450 2154 2405 2001 
3451 3175 3422 2481 
3452 2347 2348 1608 
3453 1402 3196 1284 
3454 3361 3443 2245 
3455 2831 2939 995 
3456 3447 4272 715 
3457 2834 2960 1973 
3458 2345 4180 2381 
3459 2604 3084 2603 
3460 2992 4289 2994 
3461 1727 1729 1728 
3462 1495 4181 1589 
3463 1762 3245 2227 
3464 2809 3431 668 
3465 1957 1958 1824 
3466 2748 3312 1945 
3467 805 3397 3109 
3468 2061 4256 1990 
3469 3172 4129 3659 
3470 1638 1639 1636 
3471 636 4076 2694 
3472 2091 2092 1948 
3473 1069 1070 1068 
3474 2776 3247 2778 
3475 2642 4277 2755 
3476 1466 4156 1467 
3477 3109 3397 2687 
3478 1521 1888 1523 
3479 2745 3810 1946 
3480 2167 4129 1114 
3481 2716 3618 676 
3482 639 3181 3180 
3483 1029 2591 1022 
3484 2586 3851 2223 
3485 2089 2427 2088 
3486 1177 1178 1176 
3487 2023 2024 2022 
3488 4043 4166 2337 
3489 1460 1629 1628 
3490 1366 4041 1393 
3491 1802 1844 1843 
3492 2595 2596 1918 
3493 1309 1310 1135 
3494 1155 1157 1156 
3495 1216 1217 1215 
3496 3647 4100 758 
3497 1257 1261 1260 
3498 2635 4229 3784 
3499 1293 4144 1294 
3500 1291 4038 2669 
3501 1101 1102 1100 
3502 1549 1551 1550 
3503 3193 3275 2460 
3504 1152 1154 1153 
3505 3823 4086 3241 
3506 2692 3135 2152 
3507 1016 2195 1011 
3508 3527 3726 2108 
3509 1642 1643 1641 
3510 897 1138 899 
3511 1165 3173 1158 
3512 1005 4093 1006 
3513 1319 4027 1243 
3514 1341 3547 3104 
3515 1304 3173 1165 
3516 1005 1006 1000 
3517 1724 3232 2773 
3518 2299 3179 2160 
3519 1343 3137 1366 
3520 942 2972 943 
3521 3906 4091 2811 
3522 3073 3740 423 
3523 2789 2860 2832 
3524 2330 4014 3889 
3525 3303 3475 2090 
3526 1325 3223 1603 
3527 2068 2070 2069 
3528 908 1018 906 
3529 3368 4270 2116 
3530 934 3421 2758 
3531 912 1010 910 
3532 1644 1645 1643 
3533 910 2841 908 
3534 1790 1792 1791 
3535 2789 2832 2831 
3536 2787 2789 2788 
3537 2150 2914 2913 
3538 2305 3145 2307 
3539 704 3693 2691 
3540 822 3646 3627 
3541 1850 1853 1852 
3542 2481 3422 2482 
3543 2375 4314 1706 
3544 16 3462 15 
3545 1255 1257 1256 
3546 901 1035 903 
3547 1263 1266 1265 
3548 1473 3302 3289 
3549 2985 3266 2983 
3550 1275 3413 2860 
3551 3179 4098 816 
3552 1479 4249 1478 
3553 2238 3254 2181 
3554 1179 1180 1178 
3555 2668 3210 2970 
3556 1823 1824 1821 
3557 1268 1270 1269 
3558 905 1017 907 
3559 1564 1806 1805 
3560 1586 1587 1585 
3561 2809 3432 1967 
3562 1603 1605 1604 
3563 1799 1800 1621 
3564 1640 1641 1639 
3565 1741 3995 1907 
3566 2655 4031 660 
3567 2736 3943 2056 
3568 1725 1727 1726 
3569 1894 4202 2330 
3570 1417 2531 1531 
3571 2291 2949 2819 
3572 904 1037 902 
3573 2823 2972 1532 
3574 1829 2218 2217 
3575 1518 3468 3004 
3576 983 4221 2671 
3577 3199 4086 2548 
3578 1529 4166 2338 
3579 2672 3244 631 
3580 2842 4275 2843 
3581 2166 4133 1692 
3582 2478 2926 2207 
3583 2661 4000 2495 
3584 1848 1850 1849 
3585 2830 3495 852 
3586 1452 1454 1453 
3587 2992 2995 2096 
3588 2037 4232 2036 
3589 2786 2787 1400 
3590 3161 4055 2433 
3591 2054 2058 2057 
3592 2693 3613 815 
3593 1043 1044 1041 
3594 1047 1048 1046 
3595 2266 3869 2269 
3596 1218 1219 1217 
3597 779 3708 2816 
3598 1956 4138 2833 
3599 1272 1274 1273 
3600 2749 3259 1888 
3601 2666 3537 1885 
3602 3013 3141 2808 
3603 1250 1252 1251 
3604 2365 3920 2947 
3605 2966 3168 2808 
3606 2618 3472 672 
3607 1236 1237 1235 
3608 1612 4089 1536 
3609 2648 4068 2412 
3610 1071 1072 1070 
3611 1853 2198 2197 
3612 2021 2022 2020 
3613 2077 2223 2007 
3614 1274 1277 1276 
3615 1697 2806 997 
3616 1530 1536 1535 
3617 2869 3234 708 
3618 919 2966 918 
3619 1547 1549 1548 
3620 1648 1649 1647 
3621 1349 1350 1310 
3622 2876 4058 2880 
3623 2224 4282 2688 
3624 2386 4248 2534 
3625 1650 1651 1649 
3626 1784 2474 2473 
3627 909 1009 911 
3628 2561 3925 2562 
3629 1652 1653 1651 
3630 1646 1647 1592 
3631 1341 3887 2746 
3632 1940 4180 1720 
3633 1035 2802 2801 
3634 1479 4211 3863 
3635 1563 3128 1422 
3636 1760 3453 3245 
3637 984 2966 1697 
3638 1704 1706 1705 
3639 1980 4051 1978 
3640 2943 3011 985 
3641 2089 2943 2726 
3642 638 4326 3282 
3643 2838 3327 1775 
3644 2187 4298 3155 
3645 1811 1812 1769 
3646 2200 2202 2201 
3647 2344 2620 2619 
3648 2700 4211 1479 
3649 733 4063 2709 
3650 1569 1713 1712 
3651 2701 3781 721 
3652 1753 1788 1787 
3653 2403 4281 2488 
3654 902 2852 900 
3655 1718 2239 2238 
3656 1637 2370 1540 
3657 2843 3121 2845 
3658 1491 1515 1514 
3659 2137 2140 2139 
3660 2258 3200 2257 
3661 1720 1725 1724 
3662 2718 3345 2243 
3663 1504 1877 1771 
3664 2969 2970 2263 
3665 1806 1948 1947 
3666 1477 3678 1622 
3667 734 3754 2722 
3668 1494 1495 1493 
3669 1582 3941 2713 
3670 2052 2054 2053 
3671 516 2955 879 
3672 1440 1442 1441 
3673 2721 2760 2732 
3674 2960 4161 1972 
3675 2153 4135 2680 
3676 2281 3190 2701 
3677 1276 3965 1367 
3678 877 3502 2913 
3679 1840 2135 2134 
3680 2442 3918 2662 
3681 987 2995 2991 
3682 1045 1046 1044 
3683 1717 1720 1719 
3684 1513 4186 1440 
3685 979 2973 973 
3686 1220 1221 1219 
3687 1591 1592 1587 
3688 1155 4302 2434 
3689 2333 2336 2335 
3690 2909 3142 2155 
3691 2657 2660 2659 
3692 2747 3448 739 
3693 2785 3798 872 
3694 3668 4096 3060 
3695 3435 3447 861 
3696 1420 2749 1318 
3697 1947 2723 2722 
3698 648 3625 2908 
3699 2992 2993 2989 
3700 2135 2657 2656 
3701 900 1139 898 
3702 1561 1562 1560 
3703 3037 4026 2464 
3704 1778 4312 1777 
3705 1248 1250 1249 
3706 775 4142 3882 
3707 1214 1215 1212 
3708 3850 4331 1710 
3709 1277 1315 1314 
3710 2945 4115 1262 
3711 2019 2020 2018 
3712 2294 3418 2295 
3713 2227 2599 2228 
3714 1574 2136 1576 
3715 2089 2726 2427 
3716 2176 3209 2447 
3717 3641 3825 2589 
3718 3083 3264 1721 
3719 1533 2213 1755 
3720 1571 1634 1633 
3721 1433 1569 1568 
3722 1438 1440 1439 
3723 3189 3949 3166 
3724 1073 1074 1072 
3725 995 3107 2831 
3726 1358 1359 1350 
3727 2477 3219 2094 
3728 1666 2210 1488 
3729 2390 3182 2822 
3730 1838 1840 1839 
3731 2427 3504 2088 
3732 1768 1769 1767 
3733 1763 2378 2377 
3734 2355 4260 2544 
3735 1454 1491 1490 
3736 1423 1425 1424 
3737 1323 2925 2872 
3738 1717 4261 1940 
3739 1007 2514 1013 
3740 2763 3745 2436 
3741 3741 4313 771 
3742 1108 3976 1106 
3743 1698 3932 1468 
3744 1234 1235 1233 
3745 1459 2958 1395 
3746 2733 3550 1364 
3747 3658 3700 3209 
3748 1814 1829 1828 
3749 2276 3338 2275 
3750 2043 2050 2049 
3751 2787 4310 2789 
3752 650 3658 3209 
3753 2372 2373 2371 
3754 2672 4092 3244 
3755 1286 3402 2352 
3756 1751 1753 1752 
3757 1222 1223 1221 
3758 2488 3450 2640 
3759 2295 2296 1855 
3760 2349 4022 3062 
3761 2973 3130 971 
3762 1140 3923 2569 
3763 2766 3261 656 
3764 3279 3735 851 
3765 2493 4323 1764 
3766 2310 3820 1431 
3767 1442 1545 1544 
3768 2571 3918 3078 
3769 3511 4296 2697 
3770 2041 2043 2042 
3771 2882 2883 1464 
3772 1070 4255 2249 
3773 3258 4155 2126 
3774 2876 4324 4058 
3775 1099 1100 1098 
3776 2991 2995 2992 
3777 3544 4013 2083 
3778 1609 1610 1562 
3779 2469 4034 2468 
3780 943 2972 946 
3781 1532 2972 942 
3782 2553 4272 3447 
3783 2017 2018 2016 
3784 1360 3115 894 
3785 1496 1497 1495 
3786 1556 2745 1554 
3787 1618 1619 1610 
3788 1315 1340 1339 
3789 2141 3471 2618 
3790 423 4107 3073 
3791 2740 4082 797 
3792 811 4083 3653 
3793 681 4291 2911 
3794 998 1809 1458 
3795 1491 4166 1529 
3796 1224 1225 1223 
3797 2866 3237 2720 
3798 1412 3520 3343 
3799 881 3236 882 
3800 3022 3023 2411 
3801 872 3812 2646 
3802 1395 1397 1396 
3803 3263 3597 833 
3804 3137 4041 1366 
3805 1458 3901 3001 
3806 1196 2812 1195 
3807 447 877 446 
3808 555 878 554 
3809 1844 4220 2445 
3810 3681 4045 2665 
3811 1486 1487 1348 
3812 1427 1430 1429 
3813 1946 3810 2743 
3814 2889 2892 2890 
3815 898 2907 896 
3816 1557 4149 1695 
3817 3336 3514 2226 
3818 2876 2880 2877 
3819 2704 3457 2705 
3820 2835 3922 658 
3821 3271 3731 2316 
3822 1075 1076 1074 
3823 1232 1233 1231 
3824 858 4145 2715 
3825 1152 2649 1154 
3826 1997 4259 2406 
3827 2967 3994 3490 
3828 2172 3292 2171 
3829 3784 3848 2635 
3830 2088 2110 1532 
3831 2699 3718 849 
3832 999 1008 992 
3833 1897 2524 2523 
3834 2732 3896 1090 
3835 841 4205 3220 
3836 2910 3458 1594 
3837 2853 2965 2852 
3838 1878 2916 2869 
3839 1279 1553 1042 
3840 772 3311 3309 
3841 3067 3068 1841 
3842 1500 1501 1497 
3843 1762 2227 1831 
3844 1164 4242 1170 
3845 1226 1227 1225 
3846 1764 1765 1744 
3847 1836 1838 1837 
3848 2150 3440 2914 
3849 2883 2915 2886 
3850 2015 2016 2014 
3851 3775 4232 2374 
3852 969 3130 986 
3853 990 2882 1464 
3854 1603 3223 2552 
3855 3258 4052 3626 
3856 2788 3107 2975 
3857 973 2973 971 
3858 1464 2973 979 
3859 1685 2623 1684 
3860 2140 2142 2141 
3861 1230 1231 1229 
3862 2039 2041 2040 
3863 3625 3677 2908 
3864 1228 1229 1227 
3865 1718 2862 2239 
3866 2652 3760 3598 
3867 2362 4274 2744 
3868 1340 1370 1369 
3869 2986 2987 2985 
3870 896 1360 894 
3871 762 3601 3255 
3872 1244 1246 1245 
3873 3058 3840 795 
3874 1367 3271 2316 
3875 911 2786 913 
3876 1754 4070 2801 
3877 1877 4297 2906 
3878 2243 3345 2244 
3879 1693 1749 1748 
3880 1397 1435 1434 
3881 2487 3728 3559 
3882 3180 3716 639 
3883 2865 3151 2289 
3884 2597 3570 3554 
3885 1743 1744 1742 
3886 2292 2500 2047 
3887 2951 3972 3750 
3888 1697 2808 2807 
3889 2544 4260 1972 
3890 2984 2985 2983 
3891 1425 1427 1426 
3892 2626 3829 2625 
3893 1555 3267 1590 
3894 2487 4253 3728 
3895 2632 3255 2079 
3896 2759 4233 798 
3897 3072 3073 2541 
3898 3569 4069 774 
3899 1290 3854 1288 
3900 857 3526 2751 
3901 803 2957 556 
3902 2628 3217 2626 
3903 1127 3762 3171 
3904 2013 2014 2012 
3905 1666 3519 2210 
3906 2355 3290 1968 
3907 1887 2551 1584 
3908 1381 1383 1382 
3909 2161 2300 2299 
3910 1617 1757 1756 
3911 1129 3742 2457 
3912 2930 3130 2884 
3913 2249 3545 3110 
3914 1306 4237 2531 
3915 1001 1007 1005 
3916 2009 2010 2008 
3917 2104 2922 2593 
3918 876 3804 2720 
3919 1379 1381 1380 
3920 2451 2453 2452 
3921 1077 1078 1076 
3922 2158 2161 2160 
3923 913 2786 1400 
3924 2988 2989 2987 
3925 1408 3122 2988 
3926 2621 3233 3026 
3927 1321 1444 1186 
3928 2752 3207 534 
3929 2142 2156 2155 
3930 1691 1693 1692 
3931 3254 4118 718 
3932 2136 2733 2137 
3933 1001 1005 1000 
3934 3998 4062 3384 
3935 3325 4225 2363 
3936 2214 3512 2215 
3937 1097 1098 1096 
3938 2190 3690 2945 
3939 1975 4083 3129 
3940 2011 2012 2010 
3941 1343 1366 1365 
3942 1817 1860 1583 
3943 2463 3992 2470 
3944 1551 2952 1747 
3945 1281 1282 1172 
3946 1579 2839 1897 
3947 1657 1658 1498 
3948 633 3627 2755 
3949 2480 3972 2951 
3950 2254 3830 2256 
3951 1383 1415 1414 
3952 917 2975 920 
3953 2922 3678 2593 
3954 2295 3776 2297 
3955 556 2957 555 
3956 2271 2273 2272 
3957 2596 3999 2597 
3958 2995 3012 2095 
3959 3984 4023 1267 
3960 3309 3311 3310 
3961 2100 3176 2854 
3962 1781 1783 1782 
3963 3720 4196 1507 
3964 2650 3897 3586 
3965 2104 2593 1858 
3966 2292 3279 2501 
3967 2782 3112 2781 
3968 2896 2898 2897 
3969 706 4321 3238 
3970 2785 3294 722 
3971 1364 3159 3158 
3972 690 3960 2539 
3973 555 2957 878 
3974 2660 3226 3112 
3975 1151 2974 1595 
3976 2334 3355 2962 
3977 2151 3827 2692 
3978 3839 4158 2246 
3979 2963 3877 2709 
3980 1684 2623 2520 
3981 1786 3517 2849 
3982 2883 2884 1464 
3983 2418 3316 2417 
3984 2504 3203 2505 
3985 2376 3218 2833 
3986 1132 3297 2212 
3987 1531 3983 2424 
3988 1528 3139 1380 
3989 1809 3170 1458 
3990 1625 1834 1833 
3991 2188 3315 1264 
3992 1328 1334 1333 
3993 2883 2885 2884 
3994 1109 1111 1110 
3995 998 1810 1809 
3996 1467 4156 3500 
3997 2991 3122 987 
3998 3180 3181 2429 
3999 2619 4146 2343 
4000 2436 2437 1898 
4001 1415 1446 1445 
4002 1316 4134 2529 
4003 1786 2849 1552 
4004 2986 3070 1408 
4005 1006 2882 1000 
4006 1463 2570 1371 
4007 1242 1244 1243 
4008 1797 4238 2225 
4009 1111 1113 1112 
4010 2528 3705 3474 
4011 915 2975 917 
4012 1168 3336 1173 
4013 1469 1471 1470 
4014 1689 1691 1690 
4015 3322 3611 2762 
4016 3372 3606 3288 
4017 2708 3272 1456 
4018 2035 2037 2036 
4019 987 3012 2995 
4020 2096 2995 2095 
4021 1894 2209 2208 
4022 2713 3940 1582 
4023 1741 1742 1740 
4024 445 3228 444 
4025 1614 1625 1624 
4026 1107 1109 1108 
4027 2893 2896 2895 
4028 1357 2690 895 
4029 2612 3448 2747 
4030 1697 2966 2808 
4031 711 4303 3779 
4032 1446 1475 1474 
4033 3115 4283 1473 
4034 2787 2788 1400 
4035 1080 1081 1078 
4036 3284 4137 2881 
4037 2783 3368 2116 
4038 1386 1388 1387 
4039 1883 3329 2731 
4040 1328 4075 3363 
4041 1093 1094 1092 
4042 778 3729 3685 
4043 2940 2956 2939 
4044 1388 1390 1389 
4045 1566 1614 1613 
4046 3071 3078 2442 
4047 2984 2986 2985 
4048 1079 3436 3265 
4049 1192 1194 1193 
4050 1190 1192 1191 
4051 2184 4159 1136 
4052 2991 2992 2989 
4053 2882 2915 2883 
4054 1475 1512 1511 
4055 2730 4295 835 
4056 2627 4055 3161 
4057 1512 1566 1565 
4058 883 3169 782 
4059 2937 2941 2938 
4060 1467 2703 1377 
4061 2982 2983 2980 
4062 1888 4189 2684 
4063 2884 2973 1464 
4064 2953 2954 1147 
4065 1095 1096 1094 
4066 1113 1115 1114 
4067 2279 3451 2218 
4068 2639 4002 2752 
4069 2231 3809 2353 
4070 982 3070 2984 
4071 3466 3881 698 
4072 2576 3288 2575 
4073 1366 1386 1385 
4074 1001 2514 1007 
4075 2988 3122 2991 
4076 1044 4001 1140 
4077 1003 1004 999 
4078 1194 1196 1195 
4079 2982 2984 2983 
4080 2391 2946 2541 
4081 2975 3107 920 
4082 2305 2307 2306 
4083 2982 2996 982 
4084 927 2996 925 
4085 2976 2977 978 
4086 982 2996 927 
4087 925 2996 2976 
4088 923 2976 978 
4089 2976 2978 2977 
4090 2976 2996 2978 
4091 2978 2996 2982 
4092 2978 2979 2977 
4093 2979 2981 2977 
4094 2978 2980 2979 
4095 2978 2982 2980 
4096 516 879 515 
4097 2998 3000 2997 
4098 1150 3006 1807 
4099 959 3008 957 
4100 977 3002 2999 
4101 993 1000 990 
4102 2997 3000 1598 
4103 3002 3004 1944 
4104 945 988 944 
4105 949 3000 947 
4106 948 998 950 
4107 953 1597 952 
4108 955 2999 953 
4109 957 977 955 
4110 956 996 958 
4111 946 948 947 
4112 998 1458 950 
4113 958 960 959 
4114 1597 2999 1944 
4115 947 2998 945 
4116 951 952 949 
4117 953 2999 1597 
4118 960 1148 962 
4119 964 994 966 
4120 970 989 972 
4121 977 3003 3002 
4122 988 1902 1447 
4123 1904 2998 2997 
4124 2999 3002 1944 
4125 988 1447 944 
4126 951 954 953 
4127 937 987 935 
4128 943 946 945 
4129 948 950 949 
4130 954 956 955 
4131 977 2999 955 
4132 956 958 957 
4133 1902 1903 1447 
4134 1943 1945 1598 
4135 1903 2096 2095 
4136 936 985 938 
4137 938 939 937 
4138 947 3000 2998 
4139 964 3007 994 
4140 966 967 965 
4141 970 971 969 
4142 972 973 971 
4143 974 975 973 
4144 974 3006 1150 
4145 2095 3010 1447 
4146 1150 1152 1151 
4147 940 3011 1149 
4148 948 949 947 
4149 950 951 949 
4150 951 3001 954 
4151 956 957 955 
4152 957 3008 977 
4153 960 961 959 
4154 981 993 990 
4155 408 880 407 
4156 936 938 937 
4157 941 3010 939 
4158 940 1149 942 
4159 944 3010 941 
4160 1149 2088 1532 
4161 1149 3011 2089 
4162 932 934 933 
4163 934 935 933 
4164 2095 3012 3010 
4165 936 937 935 
4166 937 3012 987 
4167 940 941 939 
4168 942 943 941 
4169 943 945 944 
4170 1447 3010 944 
4171 946 947 945 
4172 954 955 953 
4173 958 959 957 
4174 962 963 961 
4175 1151 1595 976 
4176 988 1904 1902 
4177 1149 2089 2088 
4178 1150 1807 1152 
4179 1903 2095 1447 
4180 1597 1944 1943 
4181 938 3011 940 
4182 934 936 935 
4183 1458 3001 950 
4184 951 953 952 
4185 961 3009 959 
4186 1945 2997 1598 
4187 969 986 967 
4188 981 990 979 
4189 1597 1598 952 
4190 1150 1151 976 
4191 977 3008 3003 
4192 993 1002 1001 
4193 939 3012 937 
4194 933 1408 931 
4195 945 2998 988 
4196 959 3009 3008 
4197 3010 3012 939 
4198 1149 1532 942 
4199 950 3001 951 
4200 972 974 973 
4201 974 976 975 
4202 943 944 941 
4203 962 3007 964 
4204 1597 1943 1598 
4205 964 965 963 
4206 968 969 967 
4207 975 981 979 
4208 938 940 939 
4209 985 3011 938 
4210 940 942 941 
4211 952 3000 949 
4212 1598 3000 952 
4213 960 962 961 
4214 962 964 963 
4215 1148 3007 962 
4216 964 966 965 
4217 966 968 967 
4218 968 970 969 
4219 970 972 971 
4220 988 2998 1904 
4221 993 1001 1000 
4222 963 980 961 
4223 975 979 973 
4224 974 1150 976 
4225 990 1464 979 
4226 972 3006 974 
4227 1152 1153 1151 
4228 989 3006 972 
4229 980 3009 961 
4230 932 933 931 
4231 930 991 932 
4232 930 932 931 
4233 930 931 929 
4234 928 930 929 
4235 929 982 927 
4236 928 929 927 
4237 926 1147 928 
4238 926 928 927 
4239 926 927 925 
4240 925 2976 923 
4241 924 926 925 
4242 922 995 924 
4243 924 925 923 
4244 997 1003 999 
4245 923 978 921 
4246 922 924 923 
4247 2977 3013 978 
4248 2981 3013 2977 
4249 984 1697 997 
4250 922 923 921 
4251 997 999 992 
4252 984 997 992 
4253 920 922 921 
4254 984 992 983 
4255 920 921 919 
4256 917 920 919 
4257 918 984 983 
4258 917 919 918 
4259 918 983 916 
4260 917 918 916 
4261 915 917 916 
4262 1543 1582 1450 
4263 1188 1190 1189 
4264 2349 3791 2347 
4265 599 3029 598 
4266 602 3045 601 
4267 576 3047 575 
4268 570 796 569 
4269 595 731 594 
4270 563 707 562 
4271 568 3015 567 
4272 572 682 571 
4273 575 733 574 
4274 580 789 579 
4275 582 734 581 
4276 601 732 600 
4277 611 790 610 
4278 613 709 612 
4279 621 3065 620 
4280 589 735 588 
4281 598 674 597 
4282 604 688 603 
4283 607 791 606 
4284 609 698 608 
4285 615 788 614 
4286 617 728 616 
4287 620 785 619 
4288 487 740 486 
4289 585 655 584 
4290 587 787 586 
4291 592 664 591 
4292 493 737 492 
4293 503 797 502 
4294 505 710 504 
4295 467 738 466 
4296 557 803 556 
4297 561 792 560 
4298 565 793 564 
4299 567 691 566 
4300 578 667 577 
4301 480 739 479 
4302 455 708 454 
4303 464 681 463 
4304 457 800 456 
4305 461 801 460 
4306 449 804 448 
4307 453 802 452 
4308 473 736 472 
4309 459 692 458 
4310 470 668 469 
4311 475 794 474 
4312 477 656 476 
4313 482 795 481 
4314 484 663 483 
4315 490 673 489 
4316 496 687 495 
4317 498 798 497 
4318 501 697 500 
4319 507 799 506 
4320 509 727 508 
4321 512 786 511 
4322 495 3052 494 
4323 619 3016 618 
4324 564 3024 563 
4325 614 3020 613 
4326 569 3014 568 
4327 616 3031 615 
4328 588 3027 587 
4329 594 3025 593 
4330 600 3028 599 
4331 612 3033 611 
4332 458 3059 457 
4333 558 3075 557 
4334 603 3044 602 
4335 562 3038 561 
4336 571 3042 570 
4337 489 3049 488 
4338 508 3064 507 
4339 608 3040 607 
4340 483 3058 482 
4341 450 3076 449 
4342 466 3055 465 
4343 566 3039 565 
4344 577 3046 576 
4345 504 3062 503 
4346 497 3053 496 
4347 513 3032 512 
4348 474 3054 473 
4349 471 3057 470 
4350 465 3056 464 
4351 460 3060 459 
4352 452 3077 451 
4353 488 3061 487 
4354 494 3034 493 
4355 506 3063 505 
4356 2219 3263 2314 
4357 929 3070 982 
4358 1408 3070 931 
4359 913 1400 915 
4360 915 916 914 
4361 3065 3068 3067 
4362 3015 3087 691 
4363 3047 3048 733 
4364 673 3050 3049 
4365 3034 3035 737 
4366 785 3017 3016 
4367 682 3043 3042 
4368 1198 1200 1199 
4369 2782 3238 3112 
4370 598 3029 674 
4371 601 3045 732 
4372 575 3047 733 
4373 567 3015 691 
4374 613 3020 709 
4375 563 3024 707 
4376 3028 3029 599 
4377 620 3065 785 
4378 557 3075 803 
4379 611 3033 790 
4380 587 3027 787 
4381 615 3031 788 
4382 565 3039 793 
4383 570 3042 796 
4384 607 3040 791 
4385 561 3038 792 
4386 3044 3045 602 
4387 692 3059 458 
4388 673 3049 489 
4389 710 3062 504 
4390 663 3058 483 
4391 687 3052 495 
4392 738 3055 466 
4393 3046 3047 576 
4394 727 3064 508 
4395 3014 3015 568 
4396 798 3053 497 
4397 794 3054 474 
4398 799 3063 506 
4399 801 3060 460 
4400 802 3077 452 
4401 493 3034 737 
4402 503 3062 797 
4403 505 3063 710 
4404 507 3064 799 
4405 512 3032 786 
4406 449 3076 804 
4407 459 3060 692 
4408 457 3059 800 
4409 482 3058 795 
4410 793 3024 564 
4411 788 3020 614 
4412 796 3014 569 
4413 785 3016 619 
4414 473 3054 736 
4415 487 3061 740 
4416 494 3052 3034 
4417 496 3053 687 
4418 464 3056 681 
4419 470 3057 668 
4420 3055 3056 465 
4421 3049 3061 488 
4422 728 3031 616 
4423 732 3028 600 
4424 735 3027 588 
4425 731 3025 594 
4426 709 3033 612 
4427 707 3038 562 
4428 682 3042 571 
4429 698 3040 608 
4430 688 3044 603 
4431 667 3046 577 
4432 691 3039 566 
4433 1463 3136 2570 
4434 1200 1202 1201 
4435 931 3070 929 
4436 785 3067 3017 
4437 982 2984 2982 
4438 2033 2035 2034 
4439 3065 3067 785 
4440 2237 4051 3549 
4441 1467 3500 2703 
4442 3191 4228 3556 
4443 3316 3764 2417 
4444 618 3019 617 
4445 913 915 914 
4446 617 3019 728 
4447 3016 3019 618 
4448 3238 3789 706 
4449 3921 4251 3748 
4450 2277 3369 2952 
4451 1955 3163 1781 
4452 2364 3501 2773 
4453 2340 2344 2343 
4454 1105 1107 1106 
4455 3024 3134 707 
4456 1633 3390 2965 
4457 2735 3416 1331 
4458 2717 3923 1140 
4459 2616 3640 2348 
4460 2989 2993 2990 
4461 2163 2490 2489 
4462 975 3088 981 
4463 1595 3088 976 
4464 2720 4318 2866 
4465 2380 4038 1291 
4466 1400 2975 915 
4467 1854 3325 1705 
4468 1432 3137 1343 
4469 1115 1117 1116 
4470 2614 3152 2757 
4471 2096 4289 2992 
4472 2836 3951 1589 
4473 922 3107 995 
4474 1700 1778 1777 
4475 559 730 558 
4476 451 729 450 
4477 1082 1083 1081 
4478 729 3076 450 
4479 451 3077 729 
4480 730 3075 558 
4481 743 3800 3526 
4482 1133 4068 2648 
4483 1951 3362 2968 
4484 2003 2004 2002 
4485 2812 3550 2136 
4486 2984 3070 2986 
4487 2515 4149 1557 
4488 2623 3348 2520 
4489 2986 2988 2987 
4490 3384 4062 1374 
4491 835 3908 2730 
4492 3001 3118 954 
4493 956 3118 996 
4494 642 3516 289 
4495 2757 3152 2943 
4496 2861 3086 1553 
4497 913 914 912 
4498 2190 2945 2188 
4499 1140 4001 3484 
4500 1153 2974 1151 
4501 1055 1057 1056 
4502 3002 3005 3004 
4503 2302 3447 3435 
4504 2582 4305 2583 
4505 1185 1188 1187 
4506 3105 3222 2369 
4507 3034 3036 3035 
4508 3784 4229 680 
4509 2831 3107 2788 
4510 933 3122 1408 
4511 987 3122 935 
4512 976 3088 975 
4513 1072 4255 1070 
4514 1373 3148 3147 
4515 1998 4259 1997 
4516 2031 2033 2032 
4517 795 3185 481 
4518 480 3185 739 
4519 632 4099 2927 
4520 3034 3052 3036 
4521 1702 1703 1634 
4522 1300 1303 1302 
4523 668 3432 2809 
4524 1629 1826 1780 
4525 2638 4230 2373 
4526 1321 4273 1444 
4527 1202 1204 1203 
4528 2442 4234 2439 
4529 1057 1059 1058 
4530 4000 4312 2495 
4531 1053 1055 1054 
4532 1803 4288 2304 
4533 1687 1689 1688 
4534 920 3107 922 
4535 2299 4098 3179 
4536 3173 3174 2974 
4537 1677 1700 1699 
4538 1971 2113 1860 
4539 1525 2862 1718 
4540 661 3926 3213 
4541 2921 2922 2104 
4542 3219 3220 2094 
4543 1883 2731 2109 
4544 3206 4194 1902 
4545 655 3906 2811 
4546 1567 2821 891 
4547 1128 3676 2444 
4548 2005 2006 2004 
4549 1590 3267 2361 
4550 1408 2988 2986 
4551 2141 4243 3471 
4552 1114 4129 1316 
4553 2687 3397 1971 
4554 1880 3199 2548 
4555 2683 4179 3100 
4556 2887 2888 2885 
4557 1240 1242 1241 
4558 1539 3312 2748 
4559 2730 3298 1937 
4560 2424 3135 3134 
4561 1084 1085 1083 
4562 1288 3854 3304 
4563 2988 2991 2989 
4564 1117 1119 1118 
4565 2972 3144 946 
4566 1437 3335 2813 
4567 2432 4248 4216 
4568 2644 3305 2643 
4569 2725 4320 1335 
4570 2682 4179 2683 
4571 2499 4258 2497 
4572 430 3103 429 
4573 435 805 434 
4574 433 695 432 
4575 440 742 439 
4576 551 783 550 
4577 543 807 542 
4578 437 711 436 
4579 418 745 417 
4580 425 744 424 
4581 524 3096 523 
4582 548 747 547 
4583 538 808 537 
4584 536 686 535 
4585 552 3089 551 
4586 545 712 544 
4587 443 784 442 
4588 523 660 522 
4589 526 741 525 
4590 520 743 519 
4591 528 806 527 
4592 541 696 540 
4593 530 670 529 
4594 533 748 532 
4595 427 3098 426 
4596 429 3099 428 
4597 428 685 427 
4598 415 659 414 
4599 420 810 419 
4600 422 669 421 
4601 431 809 430 
4602 412 746 411 
4603 525 3097 524 
4604 436 3101 435 
4605 438 3091 437 
4606 426 3093 425 
4607 432 3100 431 
4608 542 3094 541 
4609 529 3095 528 
4610 527 3102 526 
4611 546 3092 545 
4612 544 3090 543 
4613 946 3144 948 
4614 3045 3227 732 
4615 954 3118 956 
4616 2277 2278 2218 
4617 1737 1738 1736 
4618 3509 3546 3504 
4619 1059 1061 1060 
4620 2280 3868 2279 
4621 3050 3051 3049 
4622 2114 2115 2113 
4623 1155 1156 1153 
4624 1311 4307 1184 
4625 3051 3061 3049 
4626 2360 3320 2358 
4627 517 2955 516 
4628 3003 3005 3002 
4629 434 3109 433 
4630 351 3548 350 
4631 3682 4176 3655 
4632 1217 4101 1368 
4633 2898 2899 2897 
4634 2789 2831 2788 
4635 481 3185 480 
4636 1261 4254 3267 
4637 1405 3198 1299 
4638 935 3122 933 
4639 1675 1677 1676 
4640 1764 4323 1765 
4641 2784 3565 783 
4642 837 3577 2923 
4643 2896 2897 2895 
4644 2885 2930 2884 
4645 1137 3892 3146 
4646 2711 3273 1612 
4647 2488 4281 3450 
4648 2029 2031 2030 
4649 919 3168 2966 
4650 1051 1053 1052 
4651 2624 3982 2239 
4652 2296 3324 1855 
4653 1086 1087 1085 
4654 1977 1978 1976 
4655 2357 2359 2358 
4656 1920 1921 1919 
4657 2244 2858 2242 
4658 2357 4156 2359 
4659 2823 3144 2972 
4660 2884 3130 2973 
4661 1659 1709 1658 
4662 3824 3926 3585 
4663 1294 3831 1353 
4664 1204 1206 1205 
4665 1928 1929 1927 
4666 2426 3407 1312 
4667 2634 2836 2835 
4668 652 3606 3372 
4669 1103 1105 1104 
4670 3040 3041 791 
4671 3166 3949 1715 
4672 1772 3876 2499 
4673 3775 4097 3516 
4674 1308 4285 1058 
4675 1000 2882 990 
4676 921 3168 919 
4677 3013 3168 978 
4678 2540 4287 2431 
4679 409 3169 408 
4680 3554 3911 2597 
4681 1183 1185 1184 
4682 1999 2000 1998 
4683 855 3252 215 
4684 1061 1063 1062 
4685 1592 4219 1772 
4686 2629 3269 2518 
4687 655 3192 584 
4688 1735 1736 1734 
4689 2868 4125 792 
4690 2954 3154 991 
4691 1119 1121 1120 
4692 1934 1935 1933 
4693 2755 4277 633 
4694 2302 3434 2055 
4695 1449 2384 2383 
4696 2742 3148 3086 
4697 3978 4238 2465 
4698 1292 4178 2610 
4699 1311 3178 3177 
4700 1887 3314 2551 
4701 3366 3370 3083 
4702 1906 4325 2760 
4703 1348 2861 1279 
4704 708 3234 454 
4705 453 3234 802 
4706 659 3222 3105 
4707 892 1473 890 
4708 1036 4286 1024 
4709 3017 3018 3016 
4710 3258 3626 821 
4711 688 4293 2719 
4712 2935 2936 2933 
4713 998 3144 1810 
4714 2728 4213 734 
4715 1335 4320 3260 
4716 1162 4302 1155 
4717 1991 1992 1990 
4718 1599 4296 3365 
4719 2592 4329 1004 
4720 1653 1681 1680 
4721 1658 3727 2765 
4722 1673 1675 1674 
4723 1298 1715 1337 
4724 2591 2592 1022 
4725 2880 4058 994 
4726 3018 3019 3016 
4727 1916 1917 1915 
4728 2099 2357 2100 
4729 3743 3997 2476 
4730 1547 1548 1545 
4731 1985 1986 1984 
4732 2910 4275 2842 
4733 730 4125 2868 
4734 551 3089 783 
4735 429 3103 3099 
4736 741 3097 525 
4737 526 3102 741 
4738 685 3098 427 
4739 807 3094 542 
4740 428 3099 685 
4741 431 3100 809 
4742 523 3096 660 
4743 425 3093 744 
4744 711 3101 436 
4745 435 3101 805 
4746 670 3095 529 
4747 426 3098 3093 
4748 437 3091 711 
4749 809 3103 430 
4750 695 3100 432 
4751 712 3090 544 
4752 524 3097 3096 
4753 545 3092 712 
4754 528 3095 806 
4755 806 3102 527 
4756 541 3094 696 
4757 543 3090 807 
4758 3133 4249 2115 
4759 1861 3321 2750 
4760 2560 4288 1803 
4761 2202 3918 2571 
4762 1377 2703 1324 
4763 2275 3564 2873 
4764 3207 3512 748 
4765 948 3144 998 
4766 911 913 912 
4767 3307 4139 1378 
4768 2230 4096 3668 
4769 2695 4076 3256 
4770 433 3109 695 
4771 805 3109 434 
4772 2474 3251 2473 
4773 1071 3433 1073 
4774 1710 1952 1709 
4775 2027 2029 2028 
4776 1827 3243 2766 
4777 2788 2975 1400 
4778 737 3229 492 
4779 2770 3246 2535 
4780 708 4148 2870 
4781 2870 4148 800 
4782 2853 3542 1925 
4783 3211 3212 2406 
4784 2468 4034 3970 
4785 1206 1208 1207 
4786 1902 3230 1903 
4787 1063 1065 1064 
4788 1922 1923 1921 
4789 2225 3873 2224 
4790 2527 3538 2526 
4791 2903 3853 3670 
4792 2301 4228 3191 
4793 1733 1734 1732 
4794 1979 1980 1978 
4795 2127 2129 2128 
4796 1912 4246 2959 
4797 1346 3449 3208 
4798 1800 1867 1866 
4799 3346 3992 673 
4800 3019 3124 728 
4801 3121 3344 1925 
4802 509 3284 727 
4803 2947 3920 1663 
4804 3043 3069 3042 
4805 1608 3890 1455 
4806 1930 1931 1929 
4807 2121 2123 2122 
4808 441 3143 440 
4809 3042 3069 796 
4810 2937 4023 2941 
4811 2943 3152 2726 
4812 1121 1123 1122 
4813 2518 3930 2484 
4814 2605 4103 2616 
4815 2553 3447 2302 
4816 2895 2900 2894 
4817 2133 2205 2204 
4818 1462 1602 1579 
4819 499 3688 2759 
4820 1704 1705 1703 
4821 2903 3636 2111 
4822 1875 2099 1876 
4823 2608 3513 2174 
4824 2533 3398 2341 
4825 2333 2335 2332 
4826 1683 1685 1684 
4827 2962 3355 740 
4828 2086 3753 2175 
4829 2970 3805 875 
4830 1049 1051 1050 
4831 1671 1673 1672 
4832 1859 2706 2103 
4833 3358 4081 2599 
4834 534 3207 533 
4835 1912 1913 1911 
4836 2120 3322 2762 
4837 1993 1994 1992 
4838 3359 3968 2922 
4839 888 3289 1510 
4840 1541 1638 1636 
4841 3213 4252 661 
4842 1238 1240 1239 
4843 3045 3276 3227 
4844 1953 2143 1952 
4845 2848 3636 3619 
4846 440 3143 742 
4847 2246 3854 3839 
4848 1295 1373 1372 
4849 3111 3934 1826 
4850 622 3242 621 
4851 514 3241 513 
4852 656 3261 476 
4853 475 3261 794 
4854 2520 3294 2785 
4855 810 3803 2828 
4856 1981 1982 1980 
4857 3065 3242 3068 
4858 2905 3795 870 
4859 1987 1988 1986 
4860 2324 3845 2326 
4861 539 3745 2763 
4862 1800 2850 1867 
4863 3224 3846 1664 
4864 2082 4207 2080 
4865 2930 3313 986 
4866 797 3698 2740 
4867 1873 1875 1874 
4868 2848 3619 838 
4869 1297 3910 1231 
4870 2640 3364 2641 
4871 1995 1996 1994 
4872 989 4324 2876 
4873 1181 1183 1182 
4874 1783 3231 1784 
4875 2782 3933 3239 
4876 2117 2119 2118 
4877 2025 2027 2026 
4878 3061 3108 740 
4879 967 3250 965 
4880 1530 1535 1515 
4881 2304 4091 3382 
4882 1208 1210 1209 
4883 1731 1732 1730 
4884 1065 1067 1066 
4885 2889 2890 2888 
4886 2881 4137 786 
4887 438 3160 3091 
4888 742 3160 439 
4889 1003 2806 1020 
4890 1167 1177 1176 
4891 3804 4318 2720 
4892 1460 3363 1629 
4893 997 2806 1003 
4894 1681 1683 1682 
4895 439 3160 438 
4896 2860 2937 2832 
4897 2964 4120 800 
4898 1602 3950 2839 
4899 4216 4248 2386 
4900 1954 2365 1759 
4901 1102 4064 1128 
4902 1390 3465 1881 
4903 978 3168 921 
4904 2123 2125 2124 
4905 1884 3446 2872 
4906 2129 2131 2130 
4907 1123 1134 1124 
4908 3339 3836 3338 
4909 408 3169 880 
4910 1301 3498 1406 
4911 1048 4066 1133 
4912 2908 3851 3183 
4913 3075 3293 803 
4914 1331 3417 2735 
4915 1810 3144 2823 
4916 1669 1671 1670 
4917 2144 2145 2143 
4918 2936 3441 2401 
4919 2802 3425 2801 
4920 800 4120 2870 
4921 2867 3293 3075 
4922 2620 2622 2621 
4923 2909 3856 3142 
4924 1508 4330 2378 
4925 1871 1873 1872 
4926 2635 4261 2351 
4927 1485 1586 1585 
4928 1101 1103 1102 
4929 1945 4195 2748 
4930 584 3192 583 
4931 3073 3849 2541 
4932 628 3328 2863 
4933 2331 2332 2209 
4934 1908 1909 1796 
4935 852 4118 2830 
4936 2971 3482 2935 
4937 1368 3631 2714 
4938 3170 3208 2107 
4939 2818 2874 2817 
4940 2751 3553 857 
4941 2559 4164 2677 
4942 3080 4087 1963 
4943 3307 3738 1362 
4944 747 3187 547 
4945 546 3187 3092 
4946 2534 3988 2535 
4947 2175 4060 3536 
4948 688 3131 3044 
4949 1154 2649 1163 
4950 3746 4253 2685 
4951 3277 3995 2566 
4952 2757 2758 2615 
4953 3026 3233 664 
4954 3148 3342 3147 
4955 1979 3417 1981 
4956 1008 3994 2967 
4957 2622 3233 2621 
4958 454 3234 453 
4959 687 3085 3052 
4960 1156 2974 1153 
4961 3586 3977 2650 
4962 2656 3404 2134 
4963 1702 4162 2098 
4964 882 883 782 
4965 3612 4098 754 
4966 804 3880 2912 
4967 1869 1871 1870 
4968 1798 2247 1588 
4969 578 3278 667 
4970 789 3278 579 
4971 2583 4305 3816 
4972 1619 1799 1621 
4973 2476 4266 3743 
4974 1265 4254 1261 
4975 1962 1964 1963 
4976 2449 2906 1596 
4977 1571 1633 1570 
4978 2761 3972 2479 
4979 2760 3452 1906 
4980 3057 3952 2607 
4981 697 4082 2740 
4982 2384 2387 2385 
4983 2227 3358 2599 
4984 1456 4177 1207 
4985 1729 1730 1728 
4986 1028 1043 1041 
4987 1551 1747 1550 
4988 1146 4170 1054 
4989 1867 1869 1868 
4990 2146 2147 2145 
4991 2334 3669 3355 
4992 2796 4036 2799 
4993 3815 4305 4224 
4994 1210 1212 1211 
4995 778 3685 2931 
4996 2148 3440 2150 
4997 2622 3441 2936 
4998 2970 3210 2263 
4999 1894 2208 1630 
5000 1357 4319 3286 
5001 2177 3646 2504 
5002 3092 3187 2921 
5003 1067 1069 1068 
5004 2937 3413 1271 
5005 3338 3836 666 
5006 3153 3834 2501 
5007 2023 2025 2024 
5008 788 3021 3020 
5009 1667 1669 1668 
5010 2859 3503 2344 
5011 2676 3170 1809 
5012 2968 3443 1951 
5013 3846 3938 3633 
5014 1404 1494 1493 
5015 894 3115 892 
5016 2081 2082 2080 
5017 2573 3689 2196 
5018 547 3187 546 
5019 2411 3132 2410 
5020 1134 1309 1135 
5021 3662 4034 813 
5022 3586 3897 830 
5023 724 3905 3794 
5024 3051 3108 3061 
5025 801 3668 3060 
5026 882 885 884 
5027 3018 3124 3019 
5028 415 3222 659 
5029 3044 3276 3045 
5030 3154 3155 991 
5031 2969 3797 723 
5032 1810 2823 2737 
5033 3052 3085 3036 
5034 3282 3604 638 
5035 1047 1049 1048 
5036 2066 3851 2908 
5037 3207 4002 3512 
5038 1925 3542 3121 
5039 2288 3237 2866 
5040 2354 3787 2559 
5041 1738 4316 1741 
5042 2657 3226 2660 
5043 2800 3307 2793 
5044 2118 4053 4039 
5045 2417 3764 2419 
5046 490 3346 673 
5047 2742 3086 2861 
5048 3112 3238 2660 
5049 1793 1794 1792 
5050 2467 3439 2293 
5051 1807 2818 2817 
5052 3040 3333 3041 
5053 2893 2895 2894 
5054 2892 2902 2893 
5055 2305 3382 3145 
5056 2528 3474 2475 
5057 2203 3965 2774 
5058 1236 1238 1237 
5059 2576 3372 3288 
5060 3041 3333 2098 
5061 2601 3197 1798 
5062 2175 3536 2694 
5063 1214 1216 1215 
5064 1536 1570 1535 
5065 1488 2741 1487 
5066 1179 1181 1180 
5067 2960 3610 755 
5068 1411 4201 1124 
5069 2494 3111 1723 
5070 1501 1561 1560 
5071 492 3229 491 
5072 3064 4103 799 
5073 2329 3553 2751 
5074 1644 1667 1645 
5075 1438 1439 1435 
5076 2287 4020 3237 
5077 1958 1960 1959 
5078 2071 2072 2070 
5079 692 3081 3059 
5080 447 3502 877 
5081 1727 1728 1726 
5082 782 3169 409 
5083 3617 4214 2716 
5084 1717 1719 1526 
5085 1638 1640 1639 
5086 2221 3919 3887 
5087 3332 3744 2898 
5088 768 3999 3558 
5089 891 2821 893 
5090 552 3249 3089 
5091 1640 1642 1641 
5092 2759 3688 2739 
5093 1593 3133 2627 
5094 1454 1490 1453 
5095 1216 1218 1217 
5096 1433 3304 1569 
5097 1069 1071 1070 
5098 1710 4331 1953 
5099 3552 3767 3190 
5100 2083 2084 2082 
5101 2021 2023 2022 
5102 1452 1453 1430 
5103 3282 4326 2594 
5104 2264 3591 3240 
5105 1260 3267 1555 
5106 911 912 910 
5107 1177 1179 1178 
5108 1309 1349 1310 
5109 740 3355 486 
5110 2818 2875 2874 
5111 3169 4169 880 
5112 3221 4134 1316 
5113 3809 4132 3648 
5114 1642 1644 1643 
5115 1937 1956 1708 
5116 1098 4065 1129 
5117 1845 1846 1844 
5118 510 3284 509 
5119 1940 4261 2635 
5120 3054 3184 736 
5121 1267 1268 1266 
5122 2114 3779 2433 
5123 2920 4315 712 
5124 652 3372 3248 
5125 1473 3289 890 
5126 1262 1263 1261 
5127 882 3236 885 
5128 1539 3528 3206 
5129 2518 3987 3930 
5130 1706 1854 1705 
5131 2802 4292 3425 
5132 2491 3493 2492 
5133 2510 3224 1954 
5134 3669 3889 663 
5135 3409 3849 744 
5136 2762 4052 2654 
5137 2719 3414 2512 
5138 1271 1272 1270 
5139 461 3383 801 
5140 3262 3841 2138 
5141 3028 3030 3029 
5142 882 884 883 
5143 2078 3515 2699 
5144 3273 3276 3131 
5145 1395 1396 1334 
5146 2959 4165 1912 
5147 2170 3349 2172 
5148 1799 2850 1800 
5149 3435 3771 3591 
5150 1945 3312 2997 
5151 2067 2068 2058 
5152 1586 1591 1587 
5153 1646 1648 1647 
5154 1725 1726 1724 
5155 3151 3301 2289 
5156 2866 4318 726 
5157 3227 3476 732 
5158 1254 1255 1252 
5159 996 3411 958 
5160 960 3411 1148 
5161 533 3207 748 
5162 2311 3853 2903 
5163 2566 3995 2483 
5164 878 3543 3249 
5165 3212 3926 2562 
5166 1330 4150 1946 
5167 803 3292 2957 
5168 2297 2298 2296 
5169 1327 4075 1328 
5170 735 3145 3027 
5171 1591 1646 1592 
5172 2735 3417 1979 
5173 1650 1652 1651 
5174 2436 3341 2437 
5175 2162 3532 2805 
5176 2911 4291 2509 
5177 646 4048 3071 
5178 3256 3759 762 
5179 1218 1220 1219 
5180 1617 1756 1520 
5181 416 3222 415 
5182 746 3281 411 
5183 2203 2662 2202 
5184 1789 1790 1788 
5185 668 3431 469 
5186 2808 3141 2807 
5187 1043 1045 1044 
5188 609 3466 698 
5189 790 3466 610 
5190 1812 1821 1820 
5191 1099 1101 1100 
5192 1304 3174 3173 
5193 2944 3411 996 
5194 1648 1650 1649 
5195 3722 4215 1393 
5196 1423 1424 1392 
5197 2019 2021 2020 
5198 1045 1047 1046 
5199 3004 3343 1944 
5200 2923 3309 2397 
5201 1071 1073 1072 
5202 1695 4149 2178 
5203 739 3448 479 
5204 1798 3197 2247 
5205 2810 3431 2809 
5206 784 3296 442 
5207 3131 3276 3044 
5208 1349 1358 1350 
5209 1074 4332 1331 
5210 1549 1550 1548 
5211 2199 2200 2198 
5212 1632 4094 3310 
5213 2308 3737 2675 
5214 1847 1848 1846 
5215 1234 1236 1235 
5216 2492 2624 2490 
5217 1440 1441 1439 
5218 2227 2228 1831 
5219 2482 4047 2566 
5220 590 3482 2971 
5221 2276 3339 3338 
5222 1720 1724 1719 
5223 2617 4154 2676 
5224 809 4179 4009 
5225 2713 3941 2602 
5226 2779 4264 2567 
5227 591 3482 590 
5228 804 3502 448 
5229 3640 3890 2348 
5230 3248 3372 2778 
5231 1135 3852 1411 
5232 1221 4299 1361 
5233 2697 4296 3473 
5234 3442 3492 2427 
5235 2307 2932 2306 
5236 2756 3567 765 
5237 2189 2190 2188 
5238 476 3261 475 
5239 1954 3224 2365 
5240 2705 3165 3119 
5241 2727 3881 3466 
5242 1220 1222 1221 
5243 621 3242 3065 
5244 513 3241 3032 
5245 2832 2939 2831 
5246 2705 3457 3165 
5247 3643 4100 3439 
5248 3526 3800 2751 
5249 3022 3395 3023 
5250 1706 4314 2294 
5251 3161 4303 3091 
5252 2039 3167 2041 
5253 2108 3726 2516 
5254 689 3541 2815 
5255 2285 3210 2668 
5256 1542 4250 3246 
5257 2238 4118 3254 
5258 3581 3897 2178 
5259 2271 2272 2268 
5260 1328 1333 1303 
5261 2571 3596 2201 
5262 2368 2371 2370 
5263 698 3333 3040 
5264 3046 3721 3047 
5265 2051 2052 2050 
5266 2606 4013 3544 
5267 1322 3919 3396 
5268 2446 4191 3700 
5269 1494 1496 1495 
5270 2017 2019 2018 
5271 2475 4266 1699 
5272 2822 3182 1419 
5273 1561 1609 1562 
5274 1425 1426 1424 
5275 1331 4255 1072 
5276 2006 2009 2008 
5277 1442 1544 1441 
5278 2888 2930 2885 
5279 1705 3325 2363 
5280 2981 4209 1483 
5281 3651 4187 752 
5282 2375 3881 2727 
5283 3667 3682 3655 
5284 446 3956 203 
5285 1358 1862 1359 
5286 1373 3147 1372 
5287 1662 1663 1661 
5288 1715 3461 1337 
5289 1089 3223 1144 
5290 203 3956 445 
5291 1073 1075 1074 
5292 441 3296 3143 
5293 2186 2188 1264 
5294 895 2690 897 
5295 914 3367 912 
5296 3247 3248 2778 
5297 2935 3929 2936 
5298 1491 1514 1490 
5299 986 3250 967 
5300 1903 3171 2096 
5301 1131 2591 1029 
5302 789 4213 2728 
5303 3091 4303 711 
5304 2916 4067 2449 
5305 1222 1224 1223 
5306 3285 3325 1854 
5307 2165 3534 2147 
5308 3357 3520 1329 
5309 1502 4141 1354 
5310 2115 4249 3863 
5311 2199 3792 3271 
5312 3245 4271 2227 
5313 1270 4280 1269 
5314 1609 1618 1610 
5315 1723 2211 1558 
5316 2880 3156 2877 
5317 1156 3173 2974 
5318 2257 3381 1338 
5319 2322 4072 3969 
5320 1232 1234 1233 
5321 3071 3079 3078 
5322 3351 3958 3957 
5323 553 3249 552 
5324 2924 3729 853 
5325 2892 2893 2890 
5326 3439 4100 2293 
5327 3085 3868 2280 
5328 3274 3426 1499 
5329 2012 4263 3834 
5330 884 1841 883 
5331 2629 3861 3538 
5332 2468 3970 2467 
5333 1247 1248 1246 
5334 2942 4247 2195 
5335 1496 1500 1497 
5336 1506 3303 1564 
5337 2313 3324 2296 
5338 769 4168 3211 
5339 2540 3849 3409 
5340 3701 4153 2419 
5341 683 3552 3074 
5342 1846 4220 1844 
5343 739 3787 2747 
5344 3027 3382 787 
5345 3515 3775 3516 
5346 2015 2017 2016 
5347 2197 3481 2803 
5348 1765 1767 1766 
5349 2562 3926 3824 
5350 484 3669 663 
5351 2509 4291 2510 
5352 3090 4315 2567 
5353 2599 3200 2228 
5354 1224 1226 1225 
5355 3229 3346 491 
5356 3222 3399 2369 
5357 2694 4076 2695 
5358 3873 4282 2224 
5359 1535 3344 1515 
5360 2877 3156 2879 
5361 2373 4230 2946 
5362 3679 3703 2322 
5363 697 3688 500 
5364 1008 4221 992 
5365 3695 4126 847 
5366 3036 3037 3035 
5367 1087 1093 1092 
5368 1158 3173 1156 
5369 1750 1751 1749 
5370 745 3399 417 
5371 1230 1232 1231 
5372 1343 1365 1289 
5373 2780 4193 2779 
5374 2473 3903 2222 
5375 3254 3755 859 
5376 548 3408 747 
5377 878 4143 3543 
5378 1878 4067 2916 
5379 3436 3723 3266 
5380 1226 1228 1227 
5381 2440 4257 2443 
5382 2734 3510 2273 
5383 2542 3838 2543 
5384 1228 1230 1229 
5385 3033 3418 790 
5386 1097 1099 1098 
5387 1075 1077 1076 
5388 1427 1429 1426 
5389 2284 4019 3210 
5390 2529 4134 3943 
5391 1829 2277 2218 
5392 2911 3383 462 
5393 2474 3298 3251 
5394 3069 3485 796 
5395 1300 1302 1174 
5396 2987 3265 2985 
5397 3219 3683 3220 
5398 2013 2015 2014 
5399 1862 3491 1359 
5400 674 3736 597 
5401 1469 1470 1402 
5402 2676 3208 3170 
5403 986 3313 3250 
5404 1144 3223 1325 
5405 1626 2749 1420 
5406 2237 3843 2753 
5407 582 3754 734 
5408 2245 3858 1775 
5409 1296 3433 1071 
5410 3124 3395 728 
5411 2699 3530 2075 
5412 2163 2489 1774 
5413 3672 4075 1327 
5414 1169 1304 1165 
5415 2806 3186 1020 
5416 2854 3252 855 
5417 2276 3340 3339 
5418 2412 3162 1652 
5419 1974 4223 2690 
5420 1534 1711 1471 
5421 1569 3304 2246 
5422 1284 3196 1282 
5423 2305 2306 1804 
5424 2325 3268 2820 
5425 3211 3213 3212 
5426 684 3921 3748 
5427 3053 3868 687 
5428 2000 2003 2002 
5429 3220 3913 841 
5430 2584 4121 4088 
5431 3213 3926 3212 
5432 2720 3237 2286 
5433 1378 1379 1370 
5434 3305 3306 2643 
5435 2011 2013 2012 
5436 1366 1385 1365 
5437 2612 4007 3448 
5438 2450 2451 2300 
5439 2157 2158 2156 
5440 2178 4149 3898 
5441 2443 4257 3510 
5442 1573 3833 3499 
5443 3534 3753 2086 
5444 3479 4102 2554 
5445 1548 3376 1545 
5446 1963 4210 3080 
5447 1857 3136 1859 
5448 3209 3524 650 
5449 2487 3559 2579 
5450 3146 3270 2771 
5451 2614 2757 2615 
5452 2009 2011 2010 
5453 1835 1836 1834 
5454 3432 3838 1967 
5455 2106 3394 3297 
5456 2470 3992 3346 
5457 994 4311 2880 
5458 1397 1434 1396 
5459 2038 2039 2037 
5460 3309 3310 2397 
5461 831 3599 3116 
5462 1487 2861 1348 
5463 1521 4189 1888 
5464 1077 1080 1078 
5465 579 3278 578 
5466 2535 3936 2770 
5467 2014 4263 2012 
5468 701 3683 3219 
5469 733 3877 574 
5470 606 3855 605 
5471 2712 3476 3227 
5472 3156 3157 2256 
5473 1631 4028 1414 
5474 1859 3136 2706 
5475 888 1510 886 
5476 3050 3275 3051 
5477 2775 3902 1463 
5478 3208 4078 2107 
5479 2501 3834 2500 
5480 423 3740 422 
5481 1046 4001 1044 
5482 540 3745 539 
5483 909 911 910 
5484 1696 2745 1556 
5485 1935 1977 1976 
5486 2649 3478 1163 
5487 743 3526 519 
5488 3641 4103 3064 
5489 596 3883 595 
5490 1394 3363 1460 
5491 1917 1920 1919 
5492 1923 1928 1927 
5493 2963 3763 682 
5494 1390 1881 1389 
5495 1095 1097 1096 
5496 2421 3456 2855 
5497 792 3827 2868 
5498 1904 3206 1902 
5499 1629 3363 2486 
5500 2833 3163 1332 
5501 2236 4265 1624 
5502 2961 4284 2233 
5503 1372 3147 1462 
5504 1142 3976 1108 
5505 585 3906 655 
5506 787 3906 586 
5507 983 3909 916 
5508 1388 1389 1387 
5509 1931 1934 1933 
5510 3955 4292 2802 
5511 2273 2768 2272 
5512 1368 3802 3123 
5513 3495 3982 2492 
5514 1342 3304 1433 
5515 2636 3262 2585 
5516 1996 1999 1998 
5517 856 3749 3404 
5518 1393 4235 1386 
5519 411 3281 410 
5520 3163 4138 1783 
5521 3499 3833 2591 
5522 2770 4009 2682 
5523 1901 1905 1757 
5524 3145 3382 3027 
5525 783 3565 550 
5526 3293 4006 2171 
5527 1779 1781 1778 
5528 2500 4263 2014 
5529 1386 1387 1385 
5530 1093 1095 1094 
5531 1080 1082 1081 
5532 1988 1991 1990 
5533 3895 4038 2380 
5534 624 3818 2804 
5535 736 3952 472 
5536 471 3952 3057 
5537 1982 1985 1984 
5538 3008 3967 3003 
5539 443 3620 784 
5540 1197 1198 1196 
5541 679 3772 3175 
5542 1913 1916 1915 
5543 2535 3246 2389 
5544 2751 3800 2328 
5545 407 3985 1 
5546 515 3986 204 
5547 1 3985 622 
5548 204 3986 514 
5549 1042 4015 1027 
5550 765 4228 2756 
5551 2756 4228 2301 
5552 3794 3848 869 
5553 1462 3147 1602 
5554 3015 4029 3087 
5555 970 4324 989 
5556 1186 3765 1166 
5557 3379 3830 1410 
5558 932 3421 934 
5559 2937 2938 2832 
5560 3365 4296 3511 
5561 477 4007 656 
5562 1939 3968 2506 
5563 2947 3205 2365 
5564 605 4293 604 
5565 994 4058 966 
5566 3776 4044 2297 
5567 3089 3543 3349 
5568 1439 3365 1435 
5569 532 3866 531 
5570 2697 3857 3511 
5571 2532 4090 2838 
5572 3103 4009 3936 
5573 2733 3371 2140 
5574 1892 2967 1882 
5575 442 3296 441 
5576 2127 2128 2125 
5577 2350 3640 1611 
5578 468 4222 467 
5579 797 4082 502 
5580 501 4082 697 
5581 2893 2894 2890 
5582 893 895 894 
5583 2178 3898 3581 
5584 2291 3301 2949 
5585 792 4125 560 
5586 786 4137 511 
5587 580 4213 789 
5588 734 4213 581 
5589 800 4148 456 
5590 455 4148 708 
5591 1619 3354 1799 
5592 2564 3706 2563 
5593 2133 2204 2131 
5594 1738 1740 1739 
5595 2121 2122 2119 
5596 3024 4061 3134 
5597 2955 3916 3823 
5598 3135 3983 2152 
5599 3017 3299 3018 
5600 1741 4316 3995 
5601 3124 4175 3395 
5602 1082 1084 1083 
5603 1652 3162 1653 
5604 3097 3330 3096 
5605 991 3421 932 
5606 2178 3897 2650 
5607 3265 3266 2985 
5608 712 4315 3090 
5609 1909 1912 1911 
5610 3227 3276 2711 
5611 1907 3277 3180 
5612 2003 2005 2004 
5613 2388 3189 2392 
5614 897 899 898 
5615 3676 4240 2444 
5616 559 4125 730 
5617 531 3866 3084 
5618 3591 3771 677 
5619 3518 3790 865 
5620 895 897 896 
5621 2698 4188 2696 
5622 2471 3921 2472 
5623 3151 3786 678 
5624 1266 4274 1265 
5625 2255 2257 1338 
5626 3099 3988 685 
5627 1856 2947 1663 
5628 2117 2118 1964 
5629 669 3803 421 
5630 420 3803 810 
5631 3493 3495 2492 
5632 3074 3552 2169 
5633 2241 2242 2191 
5634 901 903 902 
5635 2711 3276 3273 
5636 1084 1086 1085 
5637 1607 1890 1814 
5638 1904 3312 3206 
5639 2090 2091 1948 
5640 3717 3879 3835 
5641 2536 4142 2537 
5642 414 3987 413 
5643 2886 3464 2891 
5644 2942 3274 1864 
5645 1583 4011 1582 
5646 491 3346 490 
5647 909 910 908 
5648 907 908 906 
5649 2793 3957 2791 
5650 3089 3349 783 
5651 2276 3931 3340 
5652 3192 3754 583 
5653 796 3485 3014 
5654 2742 3342 3148 
5655 885 887 886 
5656 3102 3523 741 
5657 416 3399 3222 
5658 2387 3182 2390 
5659 891 893 892 
5660 3378 4068 1133 
5661 903 905 904 
5662 1569 2246 1713 
5663 980 4160 3009 
5664 3028 3476 3030 
5665 2576 3947 3372 
5666 3211 4168 3213 
5667 899 901 900 
5668 2895 4322 2900 
5669 905 907 906 
5670 2512 3974 2320 
5671 2243 2244 2242 
5672 1794 1908 1796 
5673 3240 3785 868 
5674 1501 3366 1561 
5675 907 909 908 
5676 1723 3111 2211 
5677 903 904 902 
5678 3039 3456 793 
5679 722 3798 2785 
5680 1020 3186 1028 
5681 413 4136 412 
5682 521 4269 520 
5683 901 902 900 
5684 1760 3245 1762 
5685 905 906 904 
5686 3411 3470 1148 
5687 2967 3490 3489 
5688 2002 3971 2066 
5689 803 3293 3292 
5690 3365 3511 1969 
5691 1898 4130 1578 
5692 1686 1687 1685 
5693 3210 4019 2263 
5694 2607 3935 1942 
5695 554 4030 406 
5696 1962 1963 1960 
5697 1855 3324 1854 
5698 3584 4301 662 
5699 862 3756 2819 
5700 2135 2658 2657 
5701 889 891 890 
5702 2941 4023 3984 
5703 2251 4025 2538 
5704 2074 2081 2080 
5705 1977 1979 1978 
5706 714 3977 3586 
5707 1920 1922 1921 
5708 1376 4173 2350 
5709 3155 3421 991 
5710 1970 2191 1436 
5711 3721 4238 3048 
5712 1928 1930 1929 
5713 2511 3383 2911 
5714 3147 3342 1602 
5715 1538 1662 1661 
5716 3309 3577 772 
5717 406 4030 553 
5718 3087 4029 2194 
5719 3106 3654 839 
5720 1590 2361 1601 
5721 2298 2410 2313 
5722 2581 4224 2582 
5723 2926 2928 2207 
5724 631 3244 359 
5725 2938 2940 2939 
5726 887 889 888 
5727 2891 3535 2887 
5728 1784 3231 2474 
5729 2597 3999 3570 
5730 1471 2951 1470 
5731 1959 4087 3260 
5732 2862 4033 2624 
5733 2597 3911 2598 
5734 1991 1993 1992 
5735 732 3476 3028 
5736 3068 4169 1841 
5737 1595 3345 3088 
5738 1958 1959 1824 
5739 1922 3104 1923 
5740 2952 3369 1890 
5741 1985 1987 1986 
5742 2551 4110 1484 
5743 1863 2664 2663 
5744 1979 1981 1980 
5745 2510 3938 3846 
5746 1790 1793 1792 
5747 1278 3945 3488 
5748 2068 2071 2070 
5749 3439 3970 629 
5750 2414 4153 2837 
5751 1854 3324 3285 
5752 2724 3822 3726 
5753 3030 3529 3029 
5754 1930 3110 1931 
5755 2647 3898 2515 
5756 2631 3829 3217 
5757 3853 4265 4192 
5758 1354 4237 1306 
5759 1028 3186 1043 
5760 2368 2370 1637 
5761 2293 4100 2568 
5762 2556 3841 2557 
5763 3003 3331 3005 
5764 2728 3973 2689 
5765 3487 4294 1129 
5766 4224 4305 2582 
5767 897 898 896 
5768 2741 3950 3342 
5769 2453 2929 2928 
5770 881 3821 3236 
5771 1802 1845 1844 
5772 1993 1995 1994 
5773 1263 1267 1266 
5774 1257 1262 1261 
5775 1838 3286 1840 
5776 2726 3998 1375 
5777 899 900 898 
5778 2129 2130 2128 
5779 1268 1271 1270 
5780 3435 3591 3434 
5781 2123 2124 2122 
5782 3074 3747 683 
5783 2531 3860 1531 
5784 1848 1851 1850 
5785 2419 4208 3701 
5786 2568 4100 4060 
5787 3067 3300 3017 
5788 3698 4022 3904 
5789 2205 2708 2204 
5790 2693 4104 3613 
5791 3088 3345 2718 
5792 486 3355 485 
5793 424 4107 423 
5794 2915 4244 2664 
5795 2921 3359 2922 
5796 1981 3120 1982 
5797 1995 3114 1996 
5798 1912 3127 1913 
5799 839 3655 3106 
5800 3316 3875 665 
5801 3071 4048 3079 
5802 2908 3677 2154 
5803 1272 1275 1274 
5804 2467 3970 3439 
5805 1923 3104 1928 
5806 3134 4140 707 
5807 627 3843 3549 
5808 2054 2067 2058 
5809 3031 3395 3022 
5810 1250 1254 1252 
5811 2388 2392 2387 
5812 3851 3971 2223 
5813 3434 3591 2264 
5814 2363 4225 3390 
5815 2200 2203 2202 
5816 3051 3193 3108 
5817 639 3751 3181 
5818 1449 3461 2384 
5819 2332 3335 2209 
5820 1853 2199 2198 
5821 2741 2742 1487 
5822 675 3636 2903 
5823 3023 3132 2411 
5824 1931 3110 1934 
5825 3134 4061 2422 
5826 3268 4071 2327 
5827 1812 1820 1769 
5828 2373 2822 2371 
5829 1753 1789 1788 
5830 2278 2565 2280 
5831 772 3687 3311 
5832 2675 4157 2715 
5833 2189 2953 2190 
5834 3093 3409 744 
5835 3310 4094 2397 
5836 2215 3519 1666 
5837 890 3289 888 
5838 767 3472 3471 
5839 1430 3458 1429 
5840 2005 3270 2006 
5841 1605 3214 1607 
5842 682 3763 3043 
5843 3033 3776 3418 
5844 1996 3114 1999 
5845 2855 3456 3039 
5846 781 2955 517 
5847 2803 3642 757 
5848 462 3383 461 
5849 1603 2552 1605 
5850 885 886 884 
5851 1775 3858 2838 
5852 1213 1214 1212 
5853 2633 3951 2634 
5854 1757 3138 1756 
5855 1982 3120 1985 
5856 2602 3941 2700 
5857 2346 3904 2349 
5858 2343 4146 2533 
5859 1277 1362 1315 
5860 3490 3833 1573 
5861 1830 2107 1761 
5862 1758 3870 2194 
5863 2938 3690 2940 
5864 2681 3246 2770 
5865 1634 3390 1633 
5866 2957 4143 878 
5867 2580 3979 2507 
5868 2043 2051 2050 
5869 728 3395 3031 
5870 3338 3564 2275 
5871 3236 3933 2173 
5872 2692 4140 3135 
5873 3482 3929 2935 
5874 1534 3205 1711 
5875 651 4295 3149 
5876 3190 3767 863 
5877 2336 3194 2335 
5878 2273 4257 2768 
5879 1913 3127 1916 
5880 3580 3897 3581 
5881 3290 3291 1968 
5882 996 3508 2944 
5883 1396 3389 1334 
5884 2081 2083 2082 
5885 2997 3312 1904 
5886 3266 3723 1398 
5887 2210 2741 1488 
5888 677 3785 3591 
5889 3048 4063 733 
5890 3902 4049 2707 
5891 3281 4145 858 
5892 1910 3865 2777 
5893 3177 3317 1311 
5894 1836 1974 1838 
5895 3275 3928 2460 
5896 2474 4119 3298 
5897 1708 3218 1577 
5898 3383 4204 801 
5899 1213 1760 1258 
5900 2754 3353 1901 
5901 4183 4311 994 
5902 958 3411 960 
5903 2242 4111 2191 
5904 1793 3150 1794 
5905 2101 4116 3975 
5906 1303 3066 1302 
5907 2570 4144 1293 
5908 3398 3736 674 
5909 1815 2412 1652 
5910 747 3359 3187 
5911 2424 3983 3135 
5912 1806 2090 1948 
5913 1765 1766 1744 
5914 2142 2157 2156 
5915 895 896 894 
5916 2071 3082 2072 
5917 3531 3707 3697 
5918 1125 3400 2902 
5919 1244 1247 1246 
5920 1019 4245 2704 
5921 2125 3123 2124 
5922 2131 3126 2130 
5923 1515 3344 1514 
5924 417 3399 416 
5925 1760 1762 1761 
5926 1888 3914 1523 
5927 1693 1750 1749 
5928 2709 4063 2466 
5929 2161 2450 2300 
5930 747 3968 3359 
5931 3021 4044 3020 
5932 757 4132 2803 
5933 2967 3489 1882 
5934 549 3408 548 
5935 3691 4221 1008 
5936 2689 3973 2092 
5937 1340 1378 1370 
5938 2594 4326 2595 
5939 1759 3205 1534 
5940 1379 1507 1381 
5941 3174 4077 2244 
5942 469 3431 468 
5943 1087 3393 1093 
5944 912 3367 1010 
5945 3140 3793 738 
5946 699 3283 180 
5947 2907 3325 3285 
5948 610 3466 609 
5949 510 4137 3284 
5950 1845 1847 1846 
5951 1541 3479 1638 
5952 3231 4138 1956 
5953 522 4031 521 
5954 3018 3125 3124 
5955 1167 3478 1177 
5956 1762 1831 1830 
5957 2233 4284 3802 
5958 3349 3543 2172 
5959 4009 4179 2682 
5960 1742 3201 1740 
5961 3474 3743 2475 
5962 777 3743 3474 
5963 640 3879 3717 
5964 2067 3172 2068 
5965 633 4277 3306 
5966 1254 1264 1255 
5967 3029 3529 674 
5968 2331 3889 2334 
5969 2583 4079 2309 
5970 3418 3776 2295 
5971 410 3281 858 
5972 1625 1835 1834 
5973 1689 1951 1691 
5974 2186 2189 2188 
5975 1821 1822 1820 
5976 2228 2944 1831 
5977 479 3448 478 
5978 2035 2038 2037 
5979 2917 4098 2299 
5980 3495 3715 852 
5981 1415 1572 1446 
5982 2334 3889 3669 
5983 3007 4183 994 
5984 1944 3343 1943 
5985 1111 1363 1113 
5986 2434 4302 2577 
5987 3680 3903 843 
5988 1953 4331 2469 
5989 893 894 892 
5990 1566 1615 1614 
5991 1190 1410 1192 
5992 2541 4230 3072 
5993 3179 3603 637 
5994 2492 3982 2624 
5995 3705 4000 643 
5996 1475 1754 1512 
5997 3148 3165 3086 
5998 2819 3756 716 
5999 2801 4070 2798 
6000 2858 4077 3253 
6001 2609 4152 3405 
6002 2614 2615 2613 
6003 2927 3632 632 
6004 1686 2234 1694 
6005 3127 3396 1916 
6006 1582 3940 1450 
6007 1925 3344 1535 
6008 1194 1197 1196 
6009 2199 3195 2200 
6010 3930 3987 659 
6011 3054 4306 3184 
6012 1105 1344 1107 
6013 2767 3660 700 
6014 1200 1384 1202 
6015 2122 4284 4206 
6016 3655 4176 2164 
6017 1485 3488 1586 
6018 1863 1864 1862 
6019 692 4096 3081 
6020 2000 3405 2003 
6021 1700 1779 1778 
6022 1337 3461 1449 
6023 1978 4051 2237 
6024 1185 1259 1188 
6025 1115 1125 1117 
6026 2051 2056 2052 
6027 4088 4121 2352 
6028 2778 3947 1795 
6029 2792 3720 2800 
6030 2031 2106 2033 
6031 1434 1969 1436 
6032 2101 3975 2703 
6033 2471 4251 3921 
6034 1240 1374 1242 
6035 1053 1326 1055 
6036 1404 3491 1494 
6037 2955 3823 879 
6038 2654 4052 3258 
6039 1057 1398 1059 
6040 3758 4047 3422 
6041 1897 2839 2524 
6042 2088 3504 2110 
6043 3195 3965 2203 
6044 2392 3182 2387 
6045 3966 4304 2426 
6046 3355 3669 485 
6047 1623 4330 1508 
6048 1738 1739 1736 
6049 1905 4158 3839 
6050 3778 3874 2282 
6051 1131 3499 2591 
6052 1247 1307 1248 
6053 1335 3260 3080 
6054 3414 4293 605 
6055 1327 3801 3672 
6056 1794 3150 1908 
6057 448 3502 447 
6058 1271 3413 1272 
6059 2623 3980 3348 
6060 1877 4067 1878 
6061 1841 3300 3067 
6062 1435 3365 1434 
6063 1935 3415 1977 
6064 1969 2240 1970 
6065 2923 4214 837 
6066 1767 2379 1766 
6067 664 3482 591 
6068 2205 3272 2708 
6069 1392 3465 1390 
6070 3469 3470 3200 
6071 1486 4110 3782 
6072 413 3987 3269 
6073 1678 4172 2408 
6074 2903 3670 3635 
6075 1917 3410 1920 
6076 2800 4139 3307 
6077 859 3773 3113 
6078 1618 3354 1619 
6079 1629 2486 1826 
6080 1750 1775 1751 
6081 1856 2948 2947 
6082 1204 1253 1206 
6083 1906 3376 1548 
6084 1545 3376 1544 
6085 2848 4218 2404 
6086 838 4218 2848 
6087 2946 4230 2541 
6088 2983 3711 2980 
6089 1673 1899 1675 
6090 1197 2254 1338 
6091 3269 4136 413 
6092 1988 3406 1991 
6093 2830 4118 2238 
6094 2743 3810 1924 
6095 1779 3177 1955 
6096 980 4322 4160 
6097 1847 3412 1848 
6098 743 4269 2820 
6099 3260 3308 1959 
6100 1527 3479 1541 
6101 2577 4302 1162 
6102 1163 3478 1167 
6103 3187 3359 2921 
6104 2027 2048 2029 
6105 1662 1856 1663 
6106 3084 3866 2603 
6107 1952 2192 1709 
6108 1734 2312 1732 
6109 605 3855 3414 
6110 1500 3366 1501 
6111 2871 3314 1887 
6112 2938 2939 2832 
6113 2593 4117 1476 
6114 1049 1483 1051 
6115 1477 4117 3678 
6116 3078 3918 2442 
6117 1063 1079 1065 
6118 1347 3488 1485 
6119 3343 3357 1943 
6120 1875 2101 2099 
6121 1683 1686 1685 
6122 1903 3230 3171 
6123 3135 4140 3134 
6124 2949 3770 862 
6125 2516 3517 1786 
6126 1618 3761 3204 
6127 1121 1126 1123 
6128 1774 3259 1626 
6129 1881 1883 1882 
6130 1653 3162 1681 
6131 1174 3253 1169 
6132 1607 3214 1890 
6133 3395 4175 3023 
6134 2038 2250 2060 
6135 2486 4075 3672 
6136 2653 3374 3164 
6137 2390 4124 2946 
6138 1835 3215 1836 
6139 3238 4321 2660 
6140 1835 3216 3215 
6141 2157 3158 2159 
6142 2157 2159 2158 
6143 3476 3961 3030 
6144 2335 2813 2332 
6145 2038 2060 2039 
6146 1181 1352 1183 
6147 1705 2363 1703 
6148 2235 4062 2614 
6149 2727 4314 2375 
6150 2658 3226 2657 
6151 3904 4022 2349 
6152 1359 3491 1404 
6153 3481 3642 2803 
6154 2254 2256 2255 
6155 773 3927 3247 
6156 1107 3332 1109 
6157 2266 4028 3869 
6158 1101 1518 1103 
6159 1883 2109 1892 
6160 1864 3274 1862 
6161 2742 2861 1487 
6162 3083 4286 3264 
6163 2565 3235 2280 
6164 1669 2669 1671 
6165 2302 3435 3434 
6166 1662 2226 1856 
6167 1901 3353 1905 
6168 1169 3253 1304 
6169 2827 3533 1399 
6170 2636 4069 3262 
6171 1013 3857 2697 
6172 2365 3205 1759 
6173 1251 4150 1330 
6174 1136 3443 2968 
6175 3047 3721 3048 
6176 1570 1925 1535 
6177 1869 1884 1871 
6178 1750 2245 1775 
6179 873 4224 3807 
6180 1626 3259 2749 
6181 1863 3480 2664 
6182 2820 3844 2655 
6183 1730 1776 1728 
6184 2384 2388 2387 
6185 1719 3501 1526 
6186 2379 2555 1766 
6187 3342 3950 1602 
6188 2147 3257 2145 
6189 3177 3391 3317 
6190 2023 2496 2025 
6191 1210 1213 1212 
6192 1779 1955 1781 
6193 2060 3167 2039 
6194 2165 3753 3534 
6195 2065 2771 2005 
6196 1247 2235 1307 
6197 1644 1885 1667 
6198 2825 4327 2826 
6199 2068 3172 2071 
6200 2799 4196 2795 
6201 1393 4041 3722 
6202 3887 3919 2746 
6203 3249 3543 3089 
6204 3271 3792 1851 
6205 1197 1338 1198 
6206 2916 4032 2869 
6207 2062 3891 3146 
6208 1905 3138 1757 
6209 3166 4084 3189 
6210 3936 4009 2770 
6211 881 882 782 
6212 860 3758 3422 
6213 657 3589 2919 
6214 1236 1375 1238 
6215 1799 3354 2851 
6216 1490 1594 1453 
6217 2051 2736 2056 
6218 3184 4306 2530 
6219 3636 3991 2111 
6220 3076 3880 804 
6221 1539 2748 1086 
6222 1638 2448 1640 
6223 2255 2258 2257 
6224 1740 2584 1739 
6225 2319 3273 3131 
6226 1216 1346 1218 
6227 1069 1296 1071 
6228 3318 3896 2732 
6229 2459 3928 2463 
6230 2771 3270 2005 
6231 1309 1351 1349 
6232 2298 2313 2296 
6233 1177 1509 1179 
6234 1289 3499 1131 
6235 3055 3633 3056 
6236 2840 4053 1361 
6237 1650 1815 1652 
6238 1646 2717 1648 
6239 1830 2112 2107 
6240 1550 1906 1548 
6241 1086 3393 1087 
6242 2207 3272 2205 
6243 3108 3193 2336 
6244 1956 3218 1708 
6245 1711 2951 1471 
6246 2109 2671 1892 
6247 1799 2851 2850 
6248 2873 4059 2756 
6249 2241 2243 2242 
6250 1841 4169 883 
6251 1254 2185 1264 
6252 3017 3300 3299 
6253 2067 3221 3172 
6254 1045 1409 1047 
6255 1586 2105 1591 
6256 2490 3867 2489 
6257 1599 3365 1439 
6258 3202 3694 702 
6259 2019 2063 2021 
6260 1845 2362 1847 
6261 1987 3406 1988 
6262 1934 3415 1935 
6263 1970 2241 2191 
6264 1406 3498 1538 
6265 1999 3405 2000 
6266 1916 3410 1917 
6267 1426 1428 1424 
6268 1441 1599 1439 
6269 1724 2773 1719 
6270 821 4155 3258 
6271 665 3875 3566 
6272 1220 1416 1222 
6273 1526 3501 1524 
6274 2235 2614 2613 
6275 2006 3270 2009 
6276 1494 1499 1496 
6277 3041 4162 3974 
6278 1561 1721 1609 
6279 519 3526 518 
6280 1358 1863 1862 
6281 2204 3126 2131 
6282 1334 3389 1333 
6283 3214 3318 1890 
6284 2128 3123 2125 
6285 2176 3524 3209 
6286 891 892 890 
6287 549 3565 3408 
6288 1333 3066 1303 
6289 3585 3926 661 
6290 1434 1436 1396 
6291 1686 1694 1687 
6292 2015 2356 2017 
6293 3430 3535 2891 
6294 2322 3969 2321 
6295 1385 1573 1365 
6296 1075 1127 1077 
6297 887 888 886 
6298 1230 1413 1232 
6299 1226 1287 1228 
6300 2931 3685 2166 
6301 2663 4247 1864 
6302 3097 3989 3330 
6303 1943 3357 1945 
6304 1564 3303 1806 
6305 2200 3195 2203 
6306 889 890 888 
6307 1097 1412 1099 
6308 2737 3828 2738 
6309 2011 2062 2013 
6310 1272 3413 1275 
6311 2289 4016 2045 
6312 1995 3225 3114 
6313 1080 1421 1082 
6314 2209 3335 2208 
6315 1991 2183 1993 
6316 1977 2735 1979 
6317 1920 2221 1922 
6318 3510 4040 2443 
6319 1093 1329 1095 
6320 3456 4061 793 
6321 3259 3914 1888 
6322 3485 4029 3014 
6323 2179 4120 2964 
6324 1084 1539 1086 
6325 2003 2065 2005 
6326 2501 3835 3153 
6327 3116 4327 2825 
6328 770 4327 3116 
6329 3348 3980 2472 
6330 1365 3499 1289 
6331 1881 1882 1389 
6332 3317 3895 1311 
6333 3023 3302 3132 
6334 669 3740 3072 
6335 3225 3539 1141 
6336 1561 3366 1721 
6337 3496 4135 2153 
6338 2185 2187 2186 
6339 2658 4319 2821 
6340 2527 4145 3281 
6341 2446 4290 2665 
6342 1148 3469 3007 
6343 2208 3884 2958 
6344 3157 4183 2258 
6345 1419 3832 2822 
6346 3072 3740 3073 
6347 3138 3164 1756 
6348 2078 4232 3775 
6349 2860 3413 2937 
6350 1213 1258 1214 
6351 3146 3892 2062 
6352 1622 3678 1939 
6353 812 3664 2904 
6354 2274 3931 2276 
6355 1148 3470 3469 
6356 2361 4057 3326 
6357 1760 1761 1258 
6358 1170 4128 3514 
6359 1130 4131 1290 
6360 3549 3924 627 
6361 2362 2744 1847 
6362 2191 3389 1436 
6363 1815 2648 2412 
6364 2185 2186 1264 
6365 1762 1830 1761 
6366 2520 3348 3294 
6367 2813 3335 2332 
6368 550 3565 549 
6369 1510 3948 886 
6370 1969 1970 1436 
6371 1302 3253 1174 
6372 3540 3778 1308 
6373 2294 4314 2727 
6374 3228 3620 444 
6375 2489 3259 1774 
6376 485 3669 484 
6377 518 3526 857 
6378 2235 2613 1307 
6379 3290 3621 3291 
6380 2379 2847 2555 
6381 1863 2663 1864 
6382 2736 4112 3943 
6383 2234 3378 1694 
6384 1520 3374 1443 
6385 2344 3503 2620 
6386 1489 3900 2932 
6387 3158 3159 2159 
6388 2049 4191 2446 
6389 2310 4177 2929 
6390 2250 2394 2060 
6391 2254 2255 1338 
6392 1883 1892 1882 
6393 3177 3178 1955 
6394 2384 3461 2388 
6395 3673 4192 3541 
6396 828 3564 3563 
6397 2065 2772 2771 
6398 3030 3962 3529 
6399 3083 3370 2456 
6400 445 3956 3228 
6401 2328 3800 3268 
6402 3269 3987 2518 
6403 444 3620 443 
6404 3247 3927 3248 
6405 3117 3937 1642 
6406 3051 3275 3193 
6407 2217 4233 2759 
6408 709 3776 3033 
6409 2454 4099 2630 
6410 4039 4053 2840 
6411 1264 3315 1255 
6412 3100 4179 809 
6413 2290 4016 3301 
6414 3126 4182 1211 
6415 500 3688 499 
6416 1821 3308 1822 
6417 2234 4068 3378 
6418 1776 4178 3912 
6419 3093 4004 3409 
6420 2891 3463 3430 
6421 693 4253 3746 
6422 2944 3470 3411 
6423 2325 4071 3268 
6424 1836 3215 1974 
6425 3245 3454 1253 
6426 1824 3308 1821 
6427 2662 3918 2202 
6428 1965 3763 2963 
6429 1245 4189 1521 
6430 2830 3982 3495 
6431 3237 4020 2286 
6432 1478 4249 3133 
6433 3167 3347 2041 
6434 1255 3315 1257 
6435 2260 4074 2553 
6436 1881 3329 1883 
6437 3170 3901 1458 
6438 1857 3831 3136 
6439 2833 4138 3163 
6440 2245 4159 3858 
6441 2378 4006 2867 
6442 3957 3958 2790 
6443 3298 4119 1937 
6444 2898 3744 2899 
6445 3106 3993 3654 
6446 2231 4132 3809 
6447 3358 3864 1384 
6448 3867 3914 2489 
6449 3613 4104 753 
6450 2903 3635 675 
6451 1601 3326 1802 
6452 1436 3389 1396 
6453 2629 4136 3269 
6454 853 4251 2924 
6455 2924 4251 2471 
6456 2914 3620 3228 
6457 2724 3527 781 
6458 2057 4054 2652 
6459 3129 3663 750 
6460 1696 3810 2745 
6461 1848 3412 1851 
6462 2052 3323 2054 
6463 2710 3907 2712 
6464 1248 3319 1250 
6465 3448 4007 478 
6466 828 4059 3564 
6467 2056 3323 2052 
6468 2959 3540 1308 
6469 1573 3878 3490 
6470 2896 3859 2898 
6471 3153 3879 2546 
6472 2906 4067 1877 
6473 1751 3327 1753 
6474 2756 4059 3567 
6475 3844 4269 521 
6476 1307 3319 1248 
6477 3350 3958 3351 
6478 597 3736 596 
6479 2149 3829 2631 
6480 1434 3365 1969 
6481 3217 3829 2626 
6482 3055 3793 3633 
6483 2107 4078 1761 
6484 1004 4329 999 
6485 2928 3272 2207 
6486 1740 3201 2584 
6487 1638 3479 2448 
6488 1840 3334 2135 
6489 3539 3966 1141 
6490 1756 3374 1520 
6491 1213 3453 1760 
6492 2850 3445 1867 
6493 3182 4273 1419 
6494 2080 4207 2632 
6495 1361 4053 2961 
6496 3528 4194 3206 
6497 755 4161 2960 
6498 583 3754 582 
6499 3193 3194 2336 
6500 3082 4279 2072 
6501 705 4185 3176 
6502 1177 3478 1509 
6503 2941 3984 3690 
6504 3105 3930 659 
6505 3246 4250 2389 
6506 4034 4276 3650 
6507 3239 4017 6 
6508 3407 3551 1312 
6509 1987 3407 3406 
6510 3167 4112 3347 
6511 2036 4232 2078 
6512 3649 4231 749 
6513 1274 3350 1277 
6514 3326 4057 2362 
6515 2734 4040 3510 
6516 2106 4042 3375 
6517 1775 3327 1751 
6518 1294 4144 3831 
6519 3512 4002 2215 
6520 1275 3958 3350 
6521 1974 3286 1838 
6522 4091 4288 2811 
6523 205 2724 781 
6524 2 881 782 
6525 3204 3264 1036 
6526 2664 4244 2663 
6527 2510 3846 3224 
6528 2464 4026 2461 
6529 2041 3347 2043 
6530 1093 3393 1329 
6531 2568 3753 2165 
6532 2665 4045 2409 
6533 3196 3750 2761 
6534 3392 4209 4198 
6535 1378 3738 3307 
6536 3018 3299 3125 
6537 2143 3419 1952 
6538 738 3793 3055 
6539 1586 3488 2105 
6540 2419 3946 2415 
6541 3733 4118 852 
6542 1360 4163 3115 
6543 2158 3360 2161 
6544 3581 3898 2647 
6545 3351 3957 2793 
6546 2361 3326 1601 
6547 2376 4037 3218 
6548 1703 3390 1634 
6549 1744 3356 1742 
6550 3633 3938 3056 
6551 3390 4225 2965 
6552 2811 4288 2560 
6553 2326 4219 2323 
6554 1242 3352 1244 
6555 422 3740 669 
6556 1494 3491 1499 
6557 2552 3214 1605 
6558 1344 3744 3332 
6559 1691 3361 1693 
6560 696 3745 540 
6561 2099 3500 2357 
6562 2280 4174 3085 
6563 2003 3405 2065 
6564 809 4009 3103 
6565 1665 3782 2216 
6566 1065 3428 1067 
6567 1822 4320 3886 
6568 1538 3498 1662 
6569 2425 4097 3775 
6570 3974 4162 2320 
6571 3727 4024 2765 
6572 3176 3252 2854 
6573 2140 3371 2142 
6574 1687 3362 1689 
6575 3321 4079 2583 
6576 2491 3494 3493 
6577 1450 3940 1336 
6578 3959 4306 794 
6579 2680 4135 3077 
6580 1806 3303 2090 
6581 1123 3430 1134 
6582 807 4264 4193 
6583 421 3803 420 
6584 1977 3415 2735 
6585 2364 4027 3501 
6586 1198 3381 1200 
6587 2660 4321 2659 
6588 1138 4005 899 
6589 2278 3885 2565 
6590 1109 3380 1111 
6591 2967 3691 1008 
6592 2093 3766 3175 
6593 1614 3377 1625 
6594 1920 3410 2221 
6595 3888 4069 2636 
6596 2528 4312 4000 
6597 2033 3375 2035 
6598 1037 3542 2853 
6599 1188 3379 1190 
6600 2159 3360 2158 
6601 1507 4196 4106 
6602 2712 3961 3476 
6603 2741 3342 2742 
6604 3457 4015 1553 
6605 1991 3406 2183 
6606 1512 3385 1566 
6607 1446 3387 1475 
6608 1808 3861 2629 
6609 709 4044 3776 
6610 1192 3388 1194 
6611 1353 3831 1857 
6612 3077 4135 729 
6613 1103 3373 1105 
6614 899 4005 901 
6615 1253 3864 3358 
6616 1686 3429 2234 
6617 1793 3954 3874 
6618 3164 3899 2485 
6619 644 4072 3703 
6620 1267 4023 1268 
6621 1113 3400 1115 
6622 2408 3993 3106 
6623 2780 4049 3341 
6624 1826 3934 1827 
6625 1183 3386 1185 
6626 1677 3391 1700 
6627 3975 4116 2925 
6628 1051 3392 1053 
6629 3219 4126 701 
6630 1275 3350 1274 
6631 2338 3962 3961 
6632 1055 3403 1057 
6633 2029 3394 2031 
6634 2941 3690 2938 
6635 2929 4177 1456 
6636 1500 3370 3366 
6637 1238 3384 1240 
6638 1323 3975 2925 
6639 3392 4198 1326 
6640 3286 3334 1840 
6641 3260 4087 3080 
6642 2259 4133 2924 
6643 2081 4279 3295 
6644 1736 3401 1734 
6645 2311 4265 3853 
6646 1851 3792 1850 
6647 2804 4050 1966 
6648 1663 3920 1664 
6649 2435 4167 2763 
6650 713 3760 3364 
6651 3253 4077 1304 
6652 2455 4286 3083 
6653 2261 4012 2264 
6654 1671 3420 1673 
6655 2906 4297 1481 
6656 1369 3917 2768 
6657 2773 3501 1719 
6658 574 3877 573 
6659 2025 3423 2027 
6660 2247 4041 3137 
6661 1582 4011 3941 
6662 2850 4008 3445 
6663 1959 3308 1824 
6664 1732 3427 1730 
6665 3409 4004 2432 
6666 1338 3381 1198 
6667 1061 3436 1063 
6668 791 3855 606 
6669 1969 3511 2240 
6670 3074 3997 854 
6671 1424 3465 1392 
6672 2397 4094 2395 
6673 1681 3429 1683 
6674 1419 4273 1321 
6675 3372 3947 2778 
6676 1047 3444 1049 
6677 1667 3438 1669 
6678 641 3495 3493 
6679 1257 3315 1262 
6680 1890 3369 1814 
6681 2748 3393 1086 
6682 2476 3997 3074 
6683 1234 3442 1236 
6684 1315 3738 1340 
6685 1214 3449 1216 
6686 1389 3489 1387 
6687 3449 4078 3208 
6688 2350 3890 3640 
6689 2931 3712 778 
6690 1867 3445 1869 
6691 750 4092 3129 
6692 3129 4092 2673 
6693 1453 3458 1430 
6694 3505 3976 1142 
6695 1059 3723 1061 
6696 1206 3454 1208 
6697 1208 3453 1210 
6698 2944 3508 1831 
6699 1912 4165 3127 
6700 3347 4112 2736 
6701 3305 3713 3306 
6702 1307 4035 3319 
6703 2591 3833 2592 
6704 1850 3792 1853 
6705 3181 3893 2429 
6706 1067 3460 1069 
6707 1134 3463 1309 
6708 719 3933 3236 
6709 2433 4055 2115 
6710 3490 3878 3489 
6711 2867 4006 3293 
6712 2472 3847 3348 
6713 2152 3860 2087 
6714 4141 4237 1354 
6715 15 3462 694 
6716 3350 3351 1362 
6717 3183 3656 648 
6718 2744 3412 1847 
6719 1767 4217 2379 
6720 1802 3326 1845 
6721 4193 4264 2779 
6722 2265 3991 2848 
6723 3297 4042 2106 
6724 1383 3739 1415 
6725 2889 4018 2901 
6726 595 3883 731 
6727 2244 4077 2858 
6728 2183 3966 3539 
6729 2021 3455 2023 
6730 1179 3459 1181 
6731 1250 3319 1254 
6732 2054 3323 2067 
6733 3094 4193 2780 
6734 1777 4312 2528 
6735 1694 3362 1687 
6736 3396 3410 1916 
6737 2118 4039 1964 
6738 1344 3332 1107 
6739 2107 3901 3170 
6740 3710 3879 640 
6741 3200 3470 2228 
6742 3136 3831 2570 
6743 1814 3369 1829 
6744 3218 4037 1577 
6745 2306 3900 3128 
6746 858 3819 202 
6747 857 3818 405 
6748 843 3903 3674 
6749 3056 3938 681 
6750 3062 4022 797 
6751 3287 4217 1820 
6752 3930 4317 2484 
6753 2511 4204 3383 
6754 3078 4187 2571 
6755 3488 3945 2105 
6756 1573 3499 1365 
6757 854 3747 3074 
6758 2494 3934 3111 
6759 1753 3327 1789 
6760 1133 4066 3378 
6761 1779 3391 3177 
6762 1197 3388 2254 
6763 1591 3467 1646 
6764 2135 3334 2658 
6765 2258 3469 3200 
6766 3375 4042 2250 
6767 2136 3550 2733 
6768 3855 3974 2512 
6769 3445 4008 3446 
6770 1790 3954 1793 
6771 2730 3908 3298 
6772 2342 4043 2339 
6773 2822 3832 2371 
6774 1287 3939 3828 
6775 2239 3982 2830 
6776 586 3906 585 
6777 3183 3851 2586 
6778 622 3985 3242 
6779 514 3986 3241 
6780 2122 4206 2119 
6781 3541 4192 2236 
6782 2304 4288 4091 
6783 2286 4020 2044 
6784 1745 4071 2325 
6785 2537 4080 1865 
6786 2272 3917 3139 
6787 3106 4226 2407 
6788 748 3866 532 
6789 1362 3738 1315 
6790 3264 3761 1721 
6791 1218 3477 1220 
6792 916 3909 914 
6793 3123 3631 1368 
6794 1099 3468 1101 
6795 3261 3959 794 
6796 3515 3516 642 
6797 3402 4088 2352 
6798 1544 3473 1441 
6799 3251 3283 699 
6800 999 4329 1008 
6801 631 3638 2950 
6802 1909 4246 1912 
6803 1742 3356 3201 
6804 3157 4311 4183 
6805 2038 3375 2250 
6806 3562 3911 671 
6807 3633 3793 2550 
6808 1963 4087 1960 
6809 878 4030 554 
6810 1835 3377 3216 
6811 2269 3869 2873 
6812 764 3713 3305 
6813 2228 3470 2944 
6814 687 3868 3085 
6815 1349 3480 1358 
6816 1648 3483 1650 
6817 1277 3350 1362 
6818 3847 3921 3768 
6819 649 3623 3622 
6820 2157 3371 3158 
6821 2211 3801 3198 
6822 2043 3347 2051 
6823 3295 4279 3082 
6824 1726 3912 3232 
6825 3159 3872 2159 
6826 2389 4250 2382 
6827 3644 3646 822 
6828 2702 3990 1950 
6829 1951 3361 1691 
6830 2567 4264 3090 
6831 1662 3498 2226 
6832 2706 3902 2707 
6833 1043 3507 1045 
6834 3415 3416 2735 
6835 3385 3425 1615 
6836 1470 3750 3196 
6837 877 3956 446 
6838 1750 3361 2245 
6839 3598 3760 713 
6840 1709 3727 1658 
6841 3164 3374 1756 
6842 2393 4210 2840 
6843 1527 4102 3479 
6844 2017 3486 2019 
6845 1514 3497 1490 
6846 3561 3562 671 
6847 2555 3356 1766 
6848 3241 4086 3032 
6849 1258 3449 1214 
6850 2472 3980 1825 
6851 1263 4115 1267 
6852 1247 3352 2235 
6853 2060 3505 3167 
6854 1374 3352 1242 
6855 3529 3962 2342 
6856 3572 3611 3322 
6857 2905 4113 2283 
6858 1615 3377 1614 
6859 2707 4049 2780 
6860 1572 3387 1446 
6861 472 3952 471 
6862 3243 3959 2766 
6863 2533 3736 3398 
6864 1766 3356 1744 
6865 2161 3360 2450 
6866 1410 3388 1192 
6867 2263 4019 2046 
6868 1244 3352 1247 
6869 1853 3792 2199 
6870 3101 3996 805 
6871 1363 3400 1113 
6872 1754 3385 1512 
6873 3401 3402 2312 
6874 1871 3714 1873 
6875 673 3992 3050 
6876 1232 3492 1234 
6877 3020 4044 709 
6878 1693 3361 1750 
6879 1259 3379 1188 
6880 2051 3347 2736 
6881 3036 4174 3037 
6882 2056 4134 3323 
6883 3103 3936 3099 
6884 3009 3967 3008 
6885 2106 3375 2033 
6886 2363 3390 1703 
6887 1829 3369 2277 
6888 2843 4236 3121 
6889 3116 3599 770 
6890 3566 3875 3311 
6891 2142 3371 2157 
6892 3702 4000 2661 
6893 3234 4032 802 
6894 3523 3989 741 
6895 1689 3362 1951 
6896 1136 4159 3443 
6897 2838 4170 1146 
6898 3212 3925 2406 
6899 3014 4029 3015 
6900 795 4164 3185 
6901 2392 4273 3182 
6902 1444 3765 1186 
6903 1326 3403 1055 
6904 2979 4209 2981 
6905 3364 3760 2641 
6906 879 3986 515 
6907 880 3985 407 
6908 1831 3508 1830 
6909 2277 3885 2278 
6910 649 3993 3623 
6911 1254 3319 2185 
6912 2067 3323 3221 
6913 3332 3380 1109 
6914 2614 4062 3152 
6915 521 4031 3844 
6916 3773 4229 3113 
6917 2980 4198 2979 
6918 1200 3381 1384 
6919 1625 3377 1835 
6920 3317 4114 1899 
6921 1111 3380 1363 
6922 1228 3509 1230 
6923 2035 3375 2038 
6924 3490 3994 3833 
6925 2379 4217 3287 
6926 1845 3326 2362 
6927 3427 3437 1776 
6928 1190 3379 1410 
6929 2013 3506 2015 
6930 3957 4310 2791 
6931 478 4007 477 
6932 2838 4090 3327 
6933 1340 3738 1378 
6934 1566 3385 1615 
6935 1475 3387 1754 
6936 3082 3659 2167 
6937 1105 3373 1344 
6938 1194 3388 1197 
6939 1398 3723 1059 
6940 793 4061 3024 
6941 660 4031 522 
6942 663 4014 3058 
6943 1952 3419 2192 
6944 1320 4102 1527 
6945 1483 3392 1051 
6946 2101 3500 2099 
6947 2048 3394 2029 
6948 4093 4247 2663 
6949 759 4155 3645 
6950 1185 3386 1259 
6951 1115 3400 1125 
6952 1700 3391 1779 
6953 3445 3446 1884 
6954 1126 3535 3430 
6955 1053 3392 1326 
6956 1393 4215 3475 
6957 1518 3373 1103 
6958 2450 3820 2451 
6959 1079 3428 1065 
6960 884 3948 1841 
6961 1352 3386 1183 
6962 2031 3394 2106 
6963 1734 3401 2312 
6964 1057 3403 1398 
6965 3416 4255 1331 
6966 1924 3810 1696 
6967 1429 3521 1426 
6968 1711 4127 2951 
6969 1240 3384 1374 
6970 3129 4083 3663 
6971 1126 3430 1123 
6972 1415 3739 1572 
6973 1077 3522 1080 
6974 2115 3863 2113 
6975 3186 3507 1043 
6976 966 4058 968 
6977 3734 4272 849 
6978 1739 3401 1736 
6979 1253 3454 1206 
6980 2410 4283 4163 
6981 2371 3832 2370 
6982 3762 4289 3171 
6983 3060 4096 692 
6984 2359 4156 2849 
6985 791 3974 3855 
6986 741 3989 3097 
6987 2416 4085 2418 
6988 3538 3861 2526 
6989 3150 3540 1908 
6990 3098 4004 3093 
6991 781 3916 2955 
6992 2880 4311 3156 
6993 664 3929 3482 
6994 1095 3520 1097 
6995 2747 4203 1832 
6996 2669 3420 1671 
6997 1507 4106 1381 
6998 1673 3420 1899 
6999 1899 3895 3317 
7000 2449 4067 2906 
7001 502 4082 501 
7002 3824 4122 2562 
7003 3549 3843 2237 
7004 1379 4139 1507 
7005 2114 3996 3779 
7006 4106 4196 2799 
7007 2027 3423 2048 
7008 3233 3929 664 
7009 659 3987 414 
7010 2317 4089 2319 
7011 1384 3864 1202 
7012 2210 3950 2741 
7013 1202 3864 1204 
7014 672 4241 2636 
7015 2312 3427 1732 
7016 1063 3436 1079 
7017 1375 3384 1238 
7018 1885 3438 1667 
7019 751 4276 3291 
7020 2496 3423 2025 
7021 1730 3427 1776 
7022 3111 3672 2211 
7023 1577 4037 1407 
7024 3501 4027 1524 
7025 2171 4330 1623 
7026 2303 4165 2959 
7027 1287 3546 3509 
7028 1049 3444 1483 
7029 4192 4265 2236 
7030 1683 3429 1686 
7031 2671 3691 1892 
7032 3037 4174 3235 
7033 1937 4119 1956 
7034 3287 3886 1317 
7035 2899 3744 3331 
7036 3197 3722 2247 
7037 560 4125 559 
7038 1216 3449 1346 
7039 1669 3438 2669 
7040 3552 4073 2169 
7041 1265 4274 4057 
7042 3165 3457 3086 
7043 3594 3629 2544 
7044 2557 3841 3262 
7045 4058 4324 968 
7046 1869 3445 1884 
7047 3267 4254 2361 
7048 1609 3761 1618 
7049 1181 3459 1352 
7050 1210 3453 1213 
7051 511 4137 510 
7052 1304 4077 3174 
7053 3787 4203 2747 
7054 1437 3884 3335 
7055 3235 4174 2280 
7056 3162 3429 1681 
7057 1524 4027 1319 
7058 1236 3442 1375 
7059 2950 3638 3607 
7060 1082 3528 1084 
7061 3334 4319 2658 
7062 1069 3460 1296 
7063 456 4148 455 
7064 2951 4127 2480 
7065 1309 3463 1351 
7066 2023 3455 2496 
7067 1905 3839 3138 
7068 2240 3525 1970 
7069 1428 3465 1424 
7070 707 4140 3038 
7071 3123 3802 2124 
7072 1882 3489 1389 
7073 1892 3691 2967 
7074 3098 4108 4004 
7075 3080 4210 2393 
7076 1646 3467 2717 
7077 698 3881 3333 
7078 1441 3473 1599 
7079 1409 3444 1047 
7080 3152 3998 2726 
7081 2059 3834 3153 
7082 3548 3549 3203 
7083 1830 3508 2112 
7084 1594 3458 1453 
7085 3368 3584 825 
7086 4108 4248 4004 
7087 1101 3468 1518 
7088 3086 3457 1553 
7089 2063 3455 2021 
7090 3194 4056 2335 
7091 2394 3505 2060 
7092 1513 4056 3194 
7093 2192 3727 1709 
7094 581 4213 580 
7095 3414 3855 2512 
7096 1509 3459 1179 
7097 1815 3484 2648 
7098 1650 3483 1815 
7099 3278 4282 667 
7100 3319 4035 2185 
7101 1995 3539 3225 
7102 1220 3477 1416 
7103 3090 4264 807 
7104 1884 3714 1871 
7105 3104 3547 1928 
7106 2098 4162 3041 
7107 2145 3871 2143 
7108 2553 4074 3530 
7109 2074 4279 2081 
7110 1358 3480 1863 
7111 3668 4204 2220 
7112 1346 3477 1218 
7113 3133 4055 2627 
7114 2719 4293 3414 
7115 869 3848 3784 
7116 3341 4049 2437 
7117 760 3548 3203 
7118 2499 3989 3523 
7119 3155 4298 2615 
7120 3220 4205 2094 
7121 2112 3901 2107 
7122 2105 3467 1591 
7123 467 4222 738 
7124 3551 4105 1312 
7125 744 4107 424 
7126 1955 3837 3163 
7127 2717 3483 1648 
7128 3605 4295 651 
7129 1351 3480 1349 
7130 3248 4300 652 
7131 1132 4042 3297 
7132 3152 4062 3998 
7133 3110 3545 1934 
7134 3645 4155 821 
7135 2180 3932 1698 
7136 2019 3486 2063 
7137 992 4221 983 
7138 1045 3507 1409 
7139 2624 3867 2490 
7140 794 4306 3054 
7141 3257 4201 3871 
7142 1084 3528 1539 
7143 2604 4109 3084 
7144 2869 4032 3234 
7145 604 4293 688 
7146 1080 3522 1421 
7147 968 4324 970 
7148 1204 3864 1253 
7149 2899 4160 2897 
7150 1490 3497 1594 
7151 1230 3509 1413 
7152 3120 3551 1985 
7153 1412 3468 1099 
7154 1928 3547 1930 
7155 2015 3506 2356 
7156 830 3897 3580 
7157 685 4108 3098 
7158 3337 3809 820 
7159 3291 3850 1968 
7160 3664 4231 2904 
7161 3228 3956 877 
7162 2544 4161 3594 
7163 2356 3486 2017 
7164 1987 3551 3407 
7165 3943 4112 1142 
7166 3204 3761 3264 
7167 1715 3949 3461 
7168 1097 3520 1412 
7169 2480 4242 3972 
7170 1993 3539 1995 
7171 1125 4151 1117 
7172 412 4136 746 
7173 1985 3551 1987 
7174 1413 3492 1232 
7175 807 4193 3094 
7176 3483 3484 1815 
7177 375 3557 374 
7178 2595 3579 3558 
7179 2951 3750 1470 
7180 3890 4173 1455 
7181 3370 3426 2456 
7182 2839 3950 2210 
7183 236 3566 235 
7184 3516 3981 288 
7185 1820 4217 1769 
7186 372 3554 371 
7187 3816 4305 626 
7188 2752 4002 3207 
7189 683 3767 3552 
7190 35 3563 34 
7191 238 3560 237 
7192 2543 3838 3432 
7193 350 3548 760 
7194 3241 3986 879 
7195 3242 3985 880 
7196 1287 3509 1228 
7197 3357 4195 1945 
7198 3257 3871 2145 
7199 1899 4114 1675 
7200 3072 4230 2638 
7201 177 3605 176 
7202 380 3606 379 
7203 2062 3506 2013 
7204 240 3568 239 
7205 37 3567 36 
7206 3041 3974 791 
7207 2226 3514 1856 
7208 4206 4284 2961 
7209 369 3558 368 
7210 178 835 177 
7211 381 836 380 
7212 1387 3878 1385 
7213 231 3617 230 
7214 28 3619 27 
7215 230 676 229 
7216 382 3616 381 
7217 27 675 26 
7218 335 3600 334 
7219 132 3599 131 
7220 29 838 28 
7221 232 837 231 
7222 135 3583 134 
7223 176 651 175 
7224 30 3578 29 
7225 233 3577 232 
7226 379 652 378 
7227 1127 3522 1077 
7228 181 699 180 
7229 384 700 383 
7230 3828 3939 2738 
7231 229 3637 228 
7232 26 3635 25 
7233 340 3585 339 
7234 137 3584 136 
7235 234 772 233 
7236 31 771 30 
7237 175 3571 174 
7238 76 3622 75 
7239 1856 3514 2948 
7240 227 775 226 
7241 24 776 23 
7242 243 3575 242 
7243 40 3574 39 
7244 174 3569 173 
7245 2011 3891 2062 
7246 386 844 385 
7247 183 843 182 
7248 645 3621 3290 
7249 3860 4141 2087 
7250 139 3592 138 
7251 342 3593 341 
7252 383 3660 382 
7253 3428 3460 1067 
7254 3184 3935 736 
7255 2329 4050 3553 
7256 129 647 128 
7257 280 650 279 
7258 77 649 76 
7259 332 648 331 
7260 3742 3892 2457 
7261 282 842 281 
7262 330 840 329 
7263 79 839 78 
7264 127 841 126 
7265 376 773 375 
7266 173 774 172 
7267 1721 3761 1609 
7268 2087 4141 1502 
7269 130 3624 129 
7270 333 3625 332 
7271 3330 3876 2326 
7272 64 3576 63 
7273 128 3657 127 
7274 281 3658 280 
7275 78 3654 77 
7276 331 3656 330 
7277 1329 3520 1095 
7278 334 832 333 
7279 131 831 130 
7280 75 833 74 
7281 278 834 277 
7282 3430 3463 1134 
7283 42 3589 41 
7284 245 3590 244 
7285 228 3671 227 
7286 25 3670 24 
7287 3624 3706 647 
7288 2130 3631 2128 
7289 34 666 33 
7290 237 665 236 
7291 74 3597 73 
7292 277 3598 276 
7293 1426 3521 1428 
7294 80 3667 79 
7295 329 3665 328 
7296 283 3666 282 
7297 1970 3525 2241 
7298 327 702 326 
7299 124 701 123 
7300 285 704 284 
7301 82 703 81 
7302 1922 3887 3104 
7303 21 689 20 
7304 224 690 223 
7305 2091 3722 3197 
7306 3230 4194 1421 
7307 3358 4271 1253 
7308 276 713 275 
7309 133 770 132 
7310 336 769 335 
7311 73 714 72 
7312 23 3673 22 
7313 142 3611 141 
7314 1421 3528 1082 
7315 1061 3723 3436 
7316 2009 3891 2011 
7317 374 3561 373 
7318 820 3809 3648 
7319 385 3675 384 
7320 182 3674 181 
7321 389 644 388 
7322 186 643 185 
7323 1885 3537 3438 
7324 134 3573 133 
7325 72 3586 71 
7326 44 3609 43 
7327 247 3610 246 
7328 2354 4203 3787 
7329 3304 3854 2246 
7330 3524 3725 650 
7331 2851 4095 4008 
7332 325 848 324 
7333 122 847 121 
7334 84 845 83 
7335 287 846 286 
7336 3568 4208 3764 
7337 2946 4124 2373 
7338 3704 4072 644 
7339 387 3679 386 
7340 184 3680 183 
7341 520 4269 743 
7342 170 672 169 
7343 36 828 35 
7344 373 671 372 
7345 239 827 238 
7346 144 3626 143 
7347 347 3627 346 
7348 816 3603 3179 
7349 71 830 70 
7350 274 829 273 
7351 3185 4164 2559 
7352 159 3608 158 
7353 362 3607 361 
7354 81 3682 80 
7355 125 3683 124 
7356 284 3681 283 
7357 328 3684 327 
7358 1253 4271 3245 
7359 3394 4268 3297 
7360 3391 4114 3317 
7361 3294 3780 722 
7362 2418 3875 3316 
7363 339 661 338 
7364 136 662 135 
7365 70 3580 69 
7366 273 3582 272 
7367 235 3687 234 
7368 1208 3454 3453 
7369 665 3560 3316 
7370 275 3686 274 
7371 3698 3904 2168 
7372 47 3630 46 
7373 250 3629 249 
7374 1411 3852 3419 
7375 349 3644 348 
7376 146 3645 145 
7377 866 3789 3238 
7378 18 779 17 
7379 221 780 220 
7380 2183 3539 1993 
7381 1226 3939 1287 
7382 2704 4015 3457 
7383 3403 3711 1398 
7384 2348 3890 1608 
7385 272 654 271 
7386 69 653 68 
7387 1789 3954 1790 
7388 156 3632 155 
7389 260 3643 259 
7390 57 3642 56 
7391 3412 3731 1851 
7392 2924 4133 3685 
7393 290 642 289 
7394 119 639 118 
7395 322 640 321 
7396 87 641 86 
7397 38 765 37 
7398 371 3570 370 
7399 241 766 240 
7400 1368 4101 3802 
7401 3150 3874 3778 
7402 392 778 391 
7403 189 777 188 
7404 3743 4266 2475 
7405 83 3692 82 
7406 123 3695 122 
7407 286 3693 285 
7408 326 3694 325 
7409 1121 4010 1126 
7410 149 3652 148 
7411 20 3696 19 
7412 223 3697 222 
7413 3619 3636 675 
7414 1776 3912 1728 
7415 1570 4267 1925 
7416 271 3588 270 
7417 68 3587 67 
7418 341 826 340 
7419 138 825 137 
7420 255 3650 254 
7421 52 3651 51 
7422 354 3653 353 
7423 388 3703 387 
7424 185 3702 184 
7425 2071 3659 3082 
7426 3396 3862 1322 
7427 167 767 166 
7428 370 768 369 
7429 39 3556 38 
7430 242 3555 241 
7431 1258 4078 3449 
7432 121 3699 120 
7433 1385 3878 1573 
7434 3323 4134 3221 
7435 2469 4276 4034 
7436 2634 3951 2836 
7437 270 823 269 
7438 67 824 66 
7439 3306 4147 633 
7440 1644 3937 1885 
7441 2221 3887 1922 
7442 390 3704 389 
7443 187 3705 186 
7444 89 852 88 
7445 292 849 291 
7446 320 851 319 
7447 117 850 116 
7448 3142 4243 2155 
7449 3568 3764 827 
7450 3172 3659 2071 
7451 2766 3959 3261 
7452 3422 4047 2482 
7453 394 853 393 
7454 191 854 190 
7455 218 693 217 
7456 15 694 14 
7457 1864 4247 2942 
7458 66 3602 65 
7459 269 3601 268 
7460 343 764 342 
7461 140 763 139 
7462 729 4135 3496 
7463 3382 4091 787 
7464 244 658 243 
7465 41 657 40 
7466 368 3579 367 
7467 4010 4018 1126 
7468 1934 3545 3415 
7469 268 762 267 
7470 141 3572 140 
7471 65 761 64 
7472 1875 4116 2101 
7473 294 715 293 
7474 91 718 90 
7475 115 717 114 
7476 318 716 317 
7477 222 3707 221 
7478 19 3708 18 
7479 3514 4128 2948 
7480 2128 3631 3123 
7481 323 3710 322 
7482 86 3709 85 
7483 1361 4299 2840 
7484 164 637 163 
7485 367 638 366 
7486 2078 3775 3515 
7487 2388 3949 3189 
7488 396 684 395 
7489 13 856 12 
7490 193 683 192 
7491 216 855 215 
7492 3270 3891 2009 
7493 1075 4171 1127 
7494 2143 3871 3419 
7495 2281 4073 3190 
7496 3188 3630 646 
7497 3655 4226 3106 
7498 1234 3492 3442 
7499 3127 3862 3396 
7500 391 3712 390 
7501 246 817 245 
7502 43 818 42 
7503 163 3603 162 
7504 366 3604 365 
7505 2258 4183 3469 
7506 63 3614 62 
7507 346 633 345 
7508 143 634 142 
7509 266 3615 265 
7510 1128 4064 3424 
7511 3356 4308 3201 
7512 296 861 295 
7513 113 860 112 
7514 316 862 315 
7515 93 859 92 
7516 2433 4303 3161 
7517 279 3725 278 
7518 883 4169 3169 
7519 3249 4030 878 
7520 3886 4320 2725 
7521 3779 4303 2433 
7522 162 816 161 
7523 365 815 364 
7524 4163 4283 3115 
7525 265 636 264 
7526 62 635 61 
7527 3597 3977 714 
7528 3176 4185 3252 
7529 2257 4081 3381 
7530 2897 4322 2895 
7531 3146 3891 3270 
7532 398 864 397 
7533 195 863 194 
7534 88 3715 87 
7535 291 3718 290 
7536 321 3717 320 
7537 118 3716 117 
7538 1416 4003 1222 
7539 2419 4153 3946 
7540 344 3713 343 
7541 3364 3686 713 
7542 2848 3991 3636 
7543 264 3634 263 
7544 348 822 347 
7545 145 821 144 
7546 248 755 247 
7547 45 756 44 
7548 364 3613 363 
7549 161 3612 160 
7550 298 677 297 
7551 314 678 313 
7552 95 680 94 
7553 111 679 110 
7554 1550 4325 1906 
7555 3079 4187 3078 
7556 10 706 9 
7557 213 705 212 
7558 2183 4304 3966 
7559 1841 3948 3300 
7560 3616 3660 2767 
7561 3308 4320 1822 
7562 60 820 59 
7563 263 819 262 
7564 32 3741 31 
7565 249 3594 248 
7566 46 3595 45 
7567 363 753 362 
7568 160 754 159 
7569 219 3728 218 
7570 393 3729 392 
7571 190 3730 189 
7572 3247 4227 773 
7573 197 721 196 
7574 400 722 399 
7575 2048 4200 3424 
7576 3191 3574 657 
7577 3717 3835 851 
7578 350 760 349 
7579 262 3647 261 
7580 59 3648 58 
7581 147 759 146 
7582 1783 4138 3231 
7583 300 868 299 
7584 312 867 311 
7585 109 870 108 
7586 97 869 96 
7587 1964 4039 1963 
7588 8 866 7 
7589 211 865 210 
7590 3224 3920 2365 
7591 3489 3878 1387 
7592 2115 4055 3133 
7593 58 757 57 
7594 261 758 260 
7595 148 3628 147 
7596 319 3735 318 
7597 90 3733 89 
7598 116 3732 115 
7599 293 3734 292 
7600 1345 3544 3295 
7601 251 645 250 
7602 48 646 47 
7603 158 3639 157 
7604 361 3638 360 
7605 3236 3821 719 
7606 199 871 198 
7607 402 872 401 
7608 120 3751 119 
7609 3889 4014 663 
7610 310 726 309 
7611 302 723 301 
7612 99 724 98 
7613 107 725 106 
7614 643 4000 3702 
7615 157 632 156 
7616 360 631 359 
7617 252 3621 251 
7618 3680 3702 2661 
7619 150 628 149 
7620 353 627 352 
7621 56 3724 55 
7622 201 623 200 
7623 5 719 4 
7624 208 720 207 
7625 404 624 403 
7626 258 629 257 
7627 55 630 54 
7628 3513 3602 824 
7629 2840 4299 2393 
7630 105 874 104 
7631 101 873 100 
7632 304 875 303 
7633 308 876 307 
7634 254 751 253 
7635 51 752 50 
7636 155 3649 154 
7637 3150 3778 3540 
7638 54 3661 53 
7639 257 3662 256 
7640 355 811 354 
7641 152 812 151 
7642 154 749 153 
7643 357 750 356 
7644 3839 3854 1290 
7645 206 2724 205 
7646 3 881 2 
7647 153 3664 152 
7648 356 3663 355 
7649 53 814 52 
7650 256 813 255 
7651 306 625 305 
7652 103 626 102 
7653 14 3749 13 
7654 192 3747 191 
7655 395 3748 394 
7656 217 3746 216 
7657 3156 4311 3157 
7658 3596 3651 814 
7659 1895 4317 3105 
7660 1500 4212 3370 
7661 2777 3865 3562 
7662 1728 3912 1726 
7663 12 3752 11 
7664 92 3755 91 
7665 295 3757 294 
7666 317 3756 316 
7667 114 3758 113 
7668 3415 3545 3416 
7669 3506 3742 2356 
7670 1793 3874 3150 
7671 267 3759 266 
7672 3895 4307 1311 
7673 1615 4292 3377 
7674 3216 4292 3955 
7675 3288 3606 836 
7676 3858 4170 2838 
7677 844 3689 3675 
7678 3433 4171 1073 
7679 3079 4262 4187 
7680 1224 3939 1226 
7681 553 4030 3249 
7682 3255 3601 823 
7683 1126 4018 3535 
7684 2598 3911 3562 
7685 1499 4212 1496 
7686 1367 3965 3195 
7687 3292 4143 2957 
7688 397 3768 396 
7689 194 3767 193 
7690 3768 3921 684 
7691 3178 3837 1955 
7692 1642 3937 1644 
7693 1553 4015 1042 
7694 315 3770 314 
7695 112 3772 111 
7696 297 3771 296 
7697 94 3773 93 
7698 1119 4010 1121 
7699 2932 3900 2306 
7700 2826 4327 3573 
7701 11 3777 10 
7702 805 3996 3397 
7703 840 3656 3183 
7704 2063 4294 3487 
7705 3536 4060 819 
7706 4187 4262 752 
7707 3730 3997 3743 
7708 253 3769 252 
7709 3105 4317 3930 
7710 399 3780 398 
7711 196 3781 195 
7712 151 3774 150 
7713 1473 4283 3132 
7714 2212 4268 3424 
7715 299 3785 298 
7716 110 3783 109 
7717 313 3786 312 
7718 96 3784 95 
7719 3447 3757 861 
7720 2338 3961 3907 
7721 3527 3916 781 
7722 3306 4277 2643 
7723 1960 4087 1959 
7724 22 3826 21 
7725 9 3789 8 
7726 212 3788 211 
7727 2065 4152 2772 
7728 842 3700 3658 
7729 716 3735 3279 
7730 4039 4210 1963 
7731 3562 3865 2598 
7732 210 3790 209 
7733 718 3755 3254 
7734 401 3798 400 
7735 198 3799 197 
7736 3262 4069 2557 
7737 98 3794 97 
7738 311 3796 310 
7739 301 3797 300 
7740 108 3795 107 
7741 61 3808 60 
7742 2577 4084 3166 
7743 3285 3963 1360 
7744 835 4295 3605 
7745 2613 4298 4035 
7746 3344 4236 1514 
7747 1860 4011 1583 
7748 33 3836 32 
7749 106 3806 105 
7750 309 3804 308 
7751 100 3807 99 
7752 303 3805 302 
7753 209 3813 208 
7754 200 3811 199 
7755 403 3812 402 
7756 2613 4035 1307 
7757 1222 4003 1224 
7758 305 3814 304 
7759 102 3815 101 
7760 307 3817 306 
7761 104 3816 103 
7762 3580 3581 653 
7763 3475 4215 2090 
7764 202 3819 201 
7765 405 3818 404 
7766 861 3771 3435 
7767 703 3692 3532 
7768 4 3821 3 
7769 207 3822 206 
7770 3760 4054 2641 
7771 2204 4182 3126 
7772 1262 4115 1263 
7773 1523 3914 3867 
7774 3437 4184 1286 
7775 4008 4095 1145 
7776 3305 4239 764 
7777 2555 4308 3356 
7778 819 3634 3536 
7779 2159 3872 3360 
7780 1287 3828 3546 
7781 3486 4294 2063 
7782 1677 4114 3391 
7783 3553 4050 2804 
7784 3876 4219 2326 
7785 1381 4106 1383 
7786 3419 3852 2192 
7787 3494 3709 3493 
7788 842 4290 3700 
7789 3085 4174 3036 
7790 2645 4256 4122 
7791 2185 4035 2187 
7792 3023 4175 3302 
7793 324 3842 323 
7794 2533 4146 3883 
7795 2768 3917 2272 
7796 1267 4115 3984 
7797 3722 4041 2247 
7798 3426 4212 1499 
7799 3389 4111 1333 
7800 1286 4184 3402 
7801 3839 3899 3138 
7802 3138 3899 3164 
7803 3423 4200 2048 
7804 1675 4114 1677 
7805 2437 4130 1898 
7806 1383 4106 3739 
7807 3672 3801 2211 
7808 2072 4279 2074 
7809 2048 4268 3394 
7810 3779 3996 3101 
7811 2373 4124 2822 
7812 865 3788 3320 
7813 1268 4023 1271 
7814 2319 4089 3273 
7815 3963 4163 1360 
7816 3291 4276 3850 
7817 2246 4158 1713 
7818 753 4104 3607 
7819 1907 3995 3277 
7820 2547 3916 3527 
7821 3380 3859 1363 
7822 3231 4119 2474 
7823 1769 4217 1767 
7824 3377 4292 3216 
7825 3402 4184 2312 
7826 3190 4073 3552 
7827 3835 3879 3153 
7828 2663 4244 4093 
7829 3471 3472 2618 
7830 3171 4289 2096 
7831 3778 4285 1308 
7832 1873 4116 1875 
7833 4160 4322 2897 
7834 2083 4013 2084 
7835 2847 3910 2555 
7836 3704 3712 2931 
7837 2119 4206 2118 
7838 3260 4320 3308 
7839 3540 4246 1908 
7840 3481 3724 3642 
7841 1444 4084 3765 
7842 165 3856 164 
7843 3163 3837 1332 
7844 2335 4056 2813 
7845 654 3582 3450 
7846 3370 4212 3426 
7847 3452 4188 2698 
7848 2489 3914 3259 
7849 4035 4298 2187 
7850 3714 4116 1873 
7851 3955 4005 1138 
7852 2404 4313 3340 
7853 3807 3905 724 
7854 3802 4284 2124 
7855 226 3882 225 
7856 2496 4240 3676 
7857 1378 4139 1379 
7858 815 3604 3282 
7859 3541 3826 3673 
7860 3564 4059 2873 
7861 2264 4012 3434 
7862 1908 4246 1909 
7863 3556 3574 3191 
7864 3548 3924 3549 
7865 3214 3896 3318 
7866 3871 4201 1411 
7867 172 3888 171 
7868 4015 4245 1027 
7869 3401 4088 3402 
7870 3434 4012 2055 
7871 2338 4043 3962 
7872 1117 4151 1119 
7873 798 4233 3451 
7874 3335 3884 2208 
7875 2172 4143 3292 
7876 797 4022 3698 
7877 3860 3983 1531 
7878 767 4243 4197 
7879 3833 3994 2592 
7880 3232 4178 1292 
7881 2994 3762 3433 
7882 3417 3964 1981 
7883 3623 3993 2408 
7884 832 3677 3625 
7885 3504 3546 2110 
7886 3132 4283 2410 
7887 1664 3920 3224 
7888 3353 4158 1905 
7889 3487 4065 2444 
7890 2113 4211 1860 
7891 3244 3944 358 
7892 3493 3709 641 
7893 2361 4254 4057 
7894 825 4270 3368 
7895 3618 3637 676 
7896 2652 4054 3760 
7897 2313 3963 3324 
7898 3327 4090 1789 
7899 3570 3999 768 
7900 3252 4185 214 
7901 3511 3857 2240 
7902 3766 4113 2905 
7903 3573 3583 2826 
7904 3424 4064 2212 
7905 1761 4078 1258 
7906 126 3913 125 
7907 2851 4008 2850 
7908 3455 4240 2496 
7909 2472 3921 3847 
7910 3863 4211 2113 
7911 1739 4088 3401 
7912 1981 3964 3120 
7913 188 3915 187 
7914 3301 4016 2289 
7915 1861 4079 3321 
7916 2615 4298 2613 
7917 377 3927 376 
7918 886 3948 884 
7919 1073 4171 1075 
7920 3532 4176 703 
7921 774 4069 3888 
7922 3964 4105 3120 
7923 2688 4282 3278 
7924 3852 4024 2192 
7925 3874 3954 2532 
7926 2584 4088 1739 
7927 4197 4243 3142 
7928 3962 4043 2342 
7929 718 4118 3733 
7930 2084 4013 3533 
7931 3972 4242 2479 
7932 3297 4268 2212 
7933 1333 4111 3066 
7934 352 3924 351 
7935 2708 4182 2204 
7936 1496 4212 1500 
7937 179 3953 178 
7938 3291 3769 751 
7939 3941 4011 2700 
7940 3737 3990 2702 
7941 3125 4175 3124 
7942 2616 4103 3641 
7943 3121 4236 3344 
7944 1329 4195 3357 
7945 2410 4163 2313 
7946 3302 4175 3125 
7947 2531 4141 3860 
7948 3363 4075 2486 
7949 225 3960 224 
7950 3419 3871 1411 
7951 4006 4330 2171 
7952 3461 3949 2388 
7953 3283 3953 179 
7954 1633 4267 1570 
7955 3189 4084 1444 
7956 2595 4326 3579 
7957 259 3942 258 
7958 1224 4003 3939 
7959 358 3944 357 
7960 3462 3979 2580 
7961 3471 4243 767 
7962 801 4204 3668 
7963 4122 4256 2061 
7964 3280 3842 848 
7965 763 3572 3322 
7966 2799 4036 3739 
7967 3467 3923 2717 
7968 2550 3846 3633 
7969 288 3981 287 
7970 749 4231 3664 
7971 2090 4215 2091 
7972 2927 3649 3632 
7973 2671 4221 3691 
7974 3578 4313 4218 
7975 1956 4119 3231 
7976 1747 4325 1550 
7977 2795 4196 3720 
7978 2552 3896 3214 
7979 2191 4111 3389 
7980 4216 4287 2432 
7981 2659 3777 3752 
7982 1119 4151 4010 
7983 3653 3843 627 
7984 3750 3972 2761 
7985 626 4305 3815 
7986 3547 4328 1930 
7987 3739 4036 1572 
7988 3404 3749 694 
7989 3273 4089 1612 
7990 2431 4287 4216 
7991 2510 4291 3938 
7992 3555 3701 766 
7993 2901 4018 4010 
7994 3583 4301 2826 
7995 2164 4226 3655 
7996 2192 4024 3727 
7997 4198 4209 2979 
7998 3058 4014 3840 
7999 3764 4208 2419 
8000 1142 4112 3505 
8001 813 4034 3650 
8002 3324 3963 3285 
8003 3450 4281 654 
8004 220 4046 219 
8005 3961 3962 3030 
8006 1860 4211 4011 
8007 1127 4171 3762 
8008 6 4017 5 
8009 1375 3998 3384 
8010 3446 4008 1145 
8011 3530 4272 2553 
8012 1930 4328 3110 
8013 2394 3976 3505 
8014 3387 4070 1754 
8015 3530 4074 2075 
8016 715 4272 3734 
8017 2227 4271 3358 
8018 3505 4112 3167 
8019 3443 4159 2245 
8020 3576 4021 2517 
8021 3907 3961 2712 
8022 2837 4153 3701 
8023 3700 4290 2446 
8024 2124 4284 2122 
8025 816 4098 3612 
8026 49 4048 48 
8027 1290 3899 3839 
8028 3416 3545 2249 
8029 3484 4001 2648 
8030 3899 4131 2485 
8031 628 3774 3328 
8032 3328 3774 812 
8033 854 3997 3730 
8034 3409 4287 2540 
8035 2630 4099 3639 
8036 3978 4063 3048 
8037 3595 3630 3188 
8038 3425 4292 1615 
8039 701 4126 3695 
8040 3728 4253 693 
8041 2466 4063 3978 
8042 3671 4142 775 
8043 3337 3808 635 
8044 820 3808 3337 
8045 2669 4038 3420 
8046 2498 4278 4258 
8047 829 3686 3364 
8048 2659 4321 3777 
8049 3701 4208 766 
8050 3730 3743 777 
8051 2959 4246 3540 
8052 3840 4014 2330 
8053 3424 4268 2048 
8054 1713 4158 3353 
8055 2152 3983 3860 
8056 3685 4133 2166 
8057 3427 4184 3437 
8058 832 4309 3677 
8059 3381 4081 1384 
8060 3567 4059 828 
8061 667 4282 3873 
8062 3215 4223 1974 
8063 641 3715 3495 
8064 3244 4092 3944 
8065 3543 4143 2172 
8066 2182 4201 3257 
8067 826 3824 3585 
8068 345 4147 344 
8069 337 4168 336 
8070 4128 4242 2480 
8071 3883 4146 731 
8072 2093 4113 3766 
8073 3844 4031 2655 
8074 3853 4192 776 
8075 3648 4132 757 
8076 3849 4107 744 
8077 2308 3990 3737 
8078 1269 4280 3731 
8079 2432 4287 3409 
8080 845 4199 3494 
8081 839 3667 3655 
8082 85 4199 84 
8083 3762 4171 3433 
8084 3670 3853 776 
8085 3988 4108 685 
8086 166 4197 165 
8087 214 4185 213 
8088 2645 4122 3824 
8089 3073 4107 3849 
8090 3815 4224 873 
8091 3969 4072 2252 
8092 2548 4086 3823 
8093 4093 4244 1006 
8094 3621 3769 3291 
8095 690 4025 3697 
8096 171 4241 170 
8097 671 3911 3554 
8098 1789 4090 3954 
8099 2624 4033 3867 
8100 2843 4275 3497 
8101 2820 4269 3844 
8102 3469 4183 3007 
8103 819 4060 3647 
8104 1170 4242 4128 
8105 3739 4106 2799 
8106 715 3757 3447 
8107 3264 4286 1036 
8108 338 4252 337 
8109 4258 4278 2497 
8110 3765 4084 2577 
8111 2498 4258 3523 
8112 864 3847 3768 
8113 2066 3971 3851 
8114 1514 4236 3497 
8115 3678 4117 2593 
8116 3663 4083 811 
8117 3127 4165 3862 
8118 378 4300 377 
8119 2630 3639 3608 
8120 2232 4105 3964 
8121 3393 4195 1329 
8122 629 3942 3439 
8123 2925 4116 3714 
8124 3120 4105 3551 
8125 3405 4152 2065 
8126 3510 4257 2273 
8127 662 4301 3583 
8128 3867 4033 1523 
8129 3858 4159 2184 
8130 2249 4255 3416 
8131 1008 4329 3994 
8132 630 3724 3481 
8133 3967 4160 2899 
8134 2225 4238 3721 
8135 3523 4258 2499 
8136 3477 4154 1416 
8137 50 4262 49 
8138 3782 4110 2551 
8139 780 3707 3531 
8140 2517 3614 3576 
8141 2534 4108 3988 
8142 3840 4202 2677 
8143 3378 4066 2229 
8144 834 3725 3524 
8145 3417 4332 3964 
8146 2802 4005 3955 
8147 2091 4215 3722 
8148 3474 3915 777 
8149 658 3922 3575 
8150 758 4100 3643 
8151 351 3924 3548 
8152 2748 4195 3393 
8153 2948 4128 4127 
8154 719 4017 3933 
8155 3475 4235 1393 
8156 1421 4194 3528 
8157 1026 4188 3452 
8158 2312 4184 3427 
8159 2282 4285 3778 
8160 1129 4065 3487 
8161 3654 3993 649 
8162 4218 4313 2404 
8163 1483 4209 3392 
8164 3910 4308 2555 
8165 3831 4144 2570 
8166 2534 4248 4108 
8167 3594 4161 755 
8168 3898 4149 2515 
8169 3256 4076 3615 
8170 3497 4275 1594 
8171 2513 4235 3475 
8172 3850 4276 2469 
8173 2313 4163 3963 
8174 3659 4129 2167 
8175 689 3826 3541 
8176 3710 3842 3280 
8177 2469 4331 3850 
8178 3726 3822 720 
8179 3933 4017 3239 
8180 2380 4307 3895 
8181 3939 4003 2738 
8182 3009 4160 3967 
8183 3869 4028 1631 
8184 835 3605 177 
8185 836 3606 380 
8186 176 3605 651 
8187 379 3606 652 
8188 837 3617 231 
8189 838 3619 28 
8190 232 3577 837 
8191 29 3578 838 
8192 773 3557 375 
8193 381 3616 836 
8194 230 3617 676 
8195 27 3619 675 
8196 3556 4228 765 
8197 771 3578 30 
8198 772 3577 233 
8199 651 3571 175 
8200 665 3566 236 
8201 174 3571 3569 
8202 2665 4290 3666 
8203 676 3637 229 
8204 675 3635 26 
8205 3557 3561 374 
8206 237 3560 665 
8207 34 3563 666 
8208 382 3660 3616 
8209 173 3569 774 
8210 3566 3687 235 
8211 4010 4151 2901 
8212 700 3660 383 
8213 131 3599 831 
8214 334 3600 832 
8215 649 3622 76 
8216 828 3563 35 
8217 827 3560 238 
8218 75 3622 833 
8219 3637 3671 228 
8220 3635 3670 25 
8221 769 3600 335 
8222 770 3599 132 
8223 671 3554 372 
8224 234 3687 772 
8225 129 3624 647 
8226 332 3625 648 
8227 832 3625 333 
8228 831 3624 130 
8229 77 3654 649 
8230 648 3656 331 
8231 647 3657 128 
8232 280 3658 650 
8233 36 3567 828 
8234 239 3568 827 
8235 2994 4289 3762 
8236 227 3671 775 
8237 24 3670 776 
8238 833 3597 74 
8239 834 3598 277 
8240 134 3583 3573 
8241 127 3657 841 
8242 842 3658 281 
8243 330 3656 840 
8244 839 3654 78 
8245 384 3675 700 
8246 181 3674 699 
8247 276 3598 713 
8248 73 3597 714 
8249 3554 3570 371 
8250 79 3667 839 
8251 840 3665 329 
8252 282 3666 842 
8253 776 3673 23 
8254 4011 4211 2700 
8255 662 3583 135 
8256 3938 4291 681 
8257 771 4313 3578 
8258 133 3573 770 
8259 714 3586 72 
8260 2330 4202 3840 
8261 766 3568 240 
8262 765 3567 37 
8263 373 3561 671 
8264 1331 4332 3417 
8265 844 3675 385 
8266 843 3674 182 
8267 2195 4247 4093 
8268 3569 3571 2558 
8269 136 3584 662 
8270 339 3585 661 
8271 713 3686 275 
8272 71 3586 830 
8273 3946 4153 2414 
8274 386 3679 844 
8275 183 3680 843 
8276 3665 3684 328 
8277 80 3682 3667 
8278 283 3681 3666 
8279 629 3970 3662 
8280 274 3686 829 
8281 826 3585 340 
8282 825 3584 137 
8283 768 3558 369 
8284 829 3582 273 
8285 830 3580 70 
8286 124 3683 701 
8287 703 3682 81 
8288 327 3684 702 
8289 704 3681 284 
8290 242 3575 3555 
8291 39 3574 3556 
8292 341 3593 826 
8293 138 3592 825 
8294 31 3741 771 
8295 69 3580 653 
8296 272 3582 654 
8297 650 3725 279 
8298 278 3725 834 
8299 3558 3579 368 
8300 82 3692 703 
8301 702 3694 326 
8302 701 3695 123 
8303 285 3693 704 
8304 763 3592 139 
8305 764 3593 342 
8306 658 3575 243 
8307 657 3574 40 
8308 3559 4046 780 
8309 653 3587 68 
8310 654 3588 271 
8311 370 3570 768 
8312 38 3556 765 
8313 241 3555 766 
8314 690 3697 223 
8315 689 3696 20 
8316 387 3703 3679 
8317 184 3702 3680 
8318 845 3692 83 
8319 846 3693 286 
8320 122 3695 847 
8321 325 3694 848 
8322 41 3589 657 
8323 244 3590 658 
8324 643 3702 185 
8325 644 3703 388 
8326 270 3588 823 
8327 67 3587 824 
8328 761 3576 64 
8329 141 3611 3572 
8330 847 3699 121 
8331 703 4176 3682 
8332 3615 4076 636 
8333 818 3589 42 
8334 817 3590 245 
8335 389 3704 644 
8336 186 3705 643 
8337 823 3601 269 
8338 824 3602 66 
8339 3576 3614 63 
8340 680 4229 3773 
8341 634 3611 142 
8342 3834 4263 2500 
8343 43 3609 818 
8344 246 3610 817 
8345 3912 4178 3232 
8346 65 3602 761 
8347 268 3601 762 
8348 140 3572 763 
8349 3666 3681 2665 
8350 346 3627 633 
8351 143 3626 634 
8352 367 3579 638 
8353 3697 3707 222 
8354 3696 3708 19 
8355 4004 4248 2432 
8356 3802 4101 2233 
8357 756 3609 44 
8358 755 3610 247 
8359 666 3836 33 
8360 221 3707 780 
8361 18 3708 779 
8362 821 3626 144 
8363 822 3627 347 
8364 1290 4131 3899 
8365 343 3713 764 
8366 3705 3915 3474 
8367 322 3710 640 
8368 641 3709 86 
8369 638 3604 366 
8370 637 3603 163 
8371 145 3645 821 
8372 348 3644 822 
8373 753 3607 362 
8374 754 3608 159 
8375 3673 3826 22 
8376 249 3629 3594 
8377 46 3630 3595 
8378 390 3712 3704 
8379 778 3712 391 
8380 760 3644 349 
8381 759 3645 146 
8382 3608 3639 158 
8383 3607 3638 361 
8384 21 3826 689 
8385 365 3604 815 
8386 162 3603 816 
8387 2118 4206 4053 
8388 646 3630 47 
8389 645 3629 250 
8390 3516 4097 3981 
8391 62 3614 635 
8392 265 3615 636 
8393 87 3715 641 
8394 640 3717 321 
8395 639 3716 118 
8396 290 3718 642 
8397 3699 3751 120 
8398 119 3751 639 
8399 758 3643 260 
8400 757 3642 57 
8401 148 3652 3628 
8402 762 3759 267 
8403 632 3632 156 
8404 816 3612 161 
8405 815 3613 364 
8406 761 4021 3576 
8407 636 3634 264 
8408 3642 3724 56 
8409 3632 3649 155 
8410 628 3652 149 
8411 392 3729 778 
8412 189 3730 777 
8413 849 3718 291 
8414 852 3715 88 
8415 117 3716 850 
8416 320 3717 851 
8417 353 3653 627 
8418 254 3650 751 
8419 51 3651 752 
8420 774 3888 172 
8421 813 3650 255 
8422 814 3651 52 
8423 811 3653 354 
8424 45 3595 756 
8425 363 3613 753 
8426 160 3612 754 
8427 248 3594 755 
8428 266 3759 3615 
8429 263 3634 819 
8430 32 3836 3741 
8431 3984 4115 2945 
8432 3954 4090 2532 
8433 775 3882 226 
8434 819 3647 262 
8435 820 3648 59 
8436 218 3728 693 
8437 853 3729 393 
8438 854 3730 190 
8439 848 3842 324 
8440 89 3733 852 
8441 292 3734 849 
8442 850 3732 116 
8443 851 3735 319 
8444 261 3647 758 
8445 58 3648 757 
8446 147 3628 759 
8447 3964 4332 2232 
8448 2184 4170 3858 
8449 251 3621 645 
8450 360 3638 631 
8451 157 3639 632 
8452 376 3927 773 
8453 318 3735 716 
8454 115 3732 717 
8455 718 3733 90 
8456 715 3734 293 
8457 693 3746 217 
8458 694 3749 14 
8459 191 3747 854 
8460 394 3748 853 
8461 756 4040 3609 
8462 2350 4173 3890 
8463 635 3808 61 
8464 841 3913 126 
8465 55 3724 630 
8466 154 3649 749 
8467 630 3661 54 
8468 629 3662 257 
8469 749 3664 153 
8470 750 3663 356 
8471 178 3953 835 
8472 53 3661 814 
8473 256 3662 813 
8474 355 3663 811 
8475 152 3664 812 
8476 1772 4219 3876 
8477 323 3842 3710 
8478 60 3808 820 
8479 294 3757 715 
8480 716 3756 317 
8481 717 3758 114 
8482 91 3755 718 
8483 13 3749 856 
8484 683 3747 192 
8485 684 3748 395 
8486 216 3746 855 
8487 3650 4276 751 
8488 164 3856 637 
8489 125 3913 3683 
8490 252 3769 3621 
8491 3626 4052 634 
8492 856 3752 12 
8493 751 3769 253 
8494 3311 3687 3566 
8495 150 3774 628 
8496 3497 4236 2843 
8497 859 3755 92 
8498 861 3757 295 
8499 316 3756 862 
8500 113 3758 860 
8501 812 3774 151 
8502 396 3768 684 
8503 193 3767 683 
8504 776 4192 3673 
8505 717 4047 3758 
8506 296 3771 861 
8507 860 3772 112 
8508 862 3770 315 
8509 93 3773 859 
8510 835 3953 3908 
8511 3731 4280 2316 
8512 864 3768 397 
8513 863 3767 194 
8514 3862 4165 2303 
8515 3639 4099 632 
8516 224 3960 690 
8517 314 3770 678 
8518 677 3771 297 
8519 111 3772 679 
8520 680 3773 94 
8521 10 3777 706 
8522 398 3780 864 
8523 195 3781 863 
8524 187 3915 3705 
8525 679 3783 110 
8526 678 3786 313 
8527 95 3784 680 
8528 298 3785 677 
8529 777 3915 188 
8530 3752 3777 11 
8531 722 3780 399 
8532 721 3781 196 
8533 705 3788 212 
8534 706 3789 9 
8535 766 4208 3568 
8536 287 3981 846 
8537 109 3783 870 
8538 868 3785 299 
8539 312 3786 867 
8540 869 3784 96 
8541 3981 4097 846 
8542 8 3789 866 
8543 211 3788 865 
8544 400 3798 722 
8545 197 3799 721 
8546 867 3796 311 
8547 300 3797 868 
8548 97 3794 869 
8549 870 3795 108 
8550 865 3790 210 
8551 3994 4329 2592 
8552 872 3798 401 
8553 871 3799 198 
8554 3643 3942 259 
8555 724 3794 98 
8556 310 3796 726 
8557 107 3795 725 
8558 723 3797 301 
8559 4127 4128 2480 
8560 1297 4308 3910 
8561 3944 4092 750 
8562 764 4239 3593 
8563 402 3812 872 
8564 199 3811 871 
8565 725 3806 106 
8566 302 3805 723 
8567 726 3804 309 
8568 99 3807 724 
8569 875 3805 303 
8570 308 3804 876 
8571 873 3807 100 
8572 105 3806 874 
8573 623 3811 200 
8574 208 3813 720 
8575 624 3812 403 
8576 876 3817 307 
8577 304 3814 875 
8578 101 3815 873 
8579 874 3816 104 
8580 201 3819 623 
8581 404 3818 624 
8582 336 4168 769 
8583 625 3814 305 
8584 626 3815 102 
8585 306 3817 625 
8586 103 3816 626 
8587 719 3821 4 
8588 720 3822 207 
8589 3 3821 881 
8590 206 3822 2724 
8591 652 4300 378 
8592 3439 3942 3643 
8593 3592 4270 825 
8594 3995 4316 2483 
8595 627 3924 352 
8596 3819 4157 623 
8597 780 4046 220 
8598 3790 3813 209 
8599 170 4241 672 
8600 2840 4210 4039 
8601 258 3942 629 
8602 357 3944 750 
8603 661 4252 338 
8604 84 4199 845 
8605 767 4197 166 
8606 4053 4206 2961 
8607 3777 4321 706 
8608 2531 4237 4141 
8609 3908 3953 3283 
8610 219 4046 3728 
8611 633 4147 345 
8612 344 4147 3713 
8613 48 4048 646 
8614 2378 4330 4006 
8615 3882 3960 225 
8616 2816 3708 3696 
8617 3709 4199 85 
8618 3863 4249 1479 
8619 3578 4218 838 
8620 3600 4309 832 
8621 837 4214 3617 
8622 773 4227 3557 
8623 3406 4304 2183 
8624 654 4281 3588 
8625 5 4017 719 
8626 752 4262 50 
8627 3728 4046 3559 
8628 213 4185 705 
8629 4057 4254 1265 
8630 2704 4245 4015 
8631 2496 4200 3423 
8632 165 4197 3856 
8633 3888 4241 171 
8634 3579 4326 638 
8635 3181 3751 3699 
8636 3748 4251 853 
8637 2063 4240 3455 
8638 377 4300 3927 
8639 3666 4290 842 
8640 3628 3652 2864 
8641 3615 3759 3256 
8642 3473 4296 1599 
8643 3573 4327 770 
8644 2356 4294 3486 
8645 726 4318 3804 
8646 337 4252 4168 
8647 49 4262 4048 
8648 2587 3684 3665 
8649 3518 3813 3790 
8650 2790 4310 3957 
8651 3741 3836 3339 
8652 3683 3913 3220 
8653 3494 4199 3709 
8654 2539 3960 3882 
8655 3713 4147 3306 
8656 2636 4241 3888 
8657 3856 4197 3142 
8658 3927 4300 3248 
8659 4168 4252 3213 
8660 4048 4262 3079 
8661 17 3462 16 
8662 1572 4070 3387 
$EndElements
