$MeshFormat
4.1 0 8
$EndMeshFormat
$PhysicalNames
4
1 101 "Source"
1 102 "Microphone"
1 103 "FreeSurface"
2 201 "Domain"
$EndPhysicalNames
$Entities
406 406 1 0
1 0 0 0 0 
2 0.0004 0 0 0 
3 0.0004648 3.32127682633282e-06 0 0 
4 0.0005296000000000001 1.3272129799735e-05 0 0 
5 0.0005944 2.981367711152062e-05 0 0 
6 0.0006592 5.288128457609165e-05 0 0 
7 0.000724 8.238481818155278e-05 0 0 
8 0.0007888 0.0001182089962779527 0 0 
9 0.0008535999999999999 0.0001602138400270161 0 0 
10 0.0009184 0.0002082352203532869 0 0 
11 0.0009832 0.0002620854992595345 0 0 
12 0.001048 0.0003215542630005555 0 0 
13 0.0011128 0.0003864091442505805 0 0 
14 0.0011776 0.0004563967300517627 0 0 
15 0.0012424 0.0005312435519960402 0 0 
16 0.0013072 0.0006106571547713558 0 0 
17 0.001372 0.0006943272388970121 0 0 
18 0.0014368 0.0007819268731830512 0 0 
19 0.0015016 0.0008731137721761211 0 0 
20 0.0015664 0.0009675316336003502 0 0 
21 0.0016312 0.001064811530567338 0 0 
22 0.001696 0.001164573353115362 0 0 
23 0.0017608 0.00126642729344515 0 0 
24 0.0018256 0.001369975369048833 0 0 
25 0.0018904 0.001474812977780631 0 0 
26 0.0019552 0.001580530478793002 0 0 
27 0.00202 0.001686714793160947 0 0 
28 0.0020848 0.001792951017940197 0 0 
29 0.0021496 0.00189882404735254 0 0 
30 0.0022144 0.00200392019476372 0 0 
31 0.0022792 0.002107828809116166 0 0 
32 0.002344 0.002210143879500579 0 0 
33 0.0024088 0.002310465621596662 0 0 
34 0.0024736 0.002408402039784177 0 0 
35 0.0025384 0.002503570458820561 0 0 
36 0.0026032 0.002595599019100231 0 0 
37 0.002668 0.002684128129653049 0 0 
38 0.0027328 0.002768811873204504 0 0 
39 0.0027976 0.002849319357807507 0 0 
40 0.0028624 0.002925336009764462 0 0 
41 0.0029272 0.002996564802787649 0 0 
42 0.002992 0.003062727418595145 0 0 
43 0.0030568 0.003123565334407361 0 0 
44 0.0031216 0.003178840833094943 0 0 
45 0.0031864 0.003228337932031005 0 0 
46 0.0032512 0.00327186322701829 0 0 
47 0.003316 0.003309246647993738 0 0 
48 0.0033808 0.003340342123557616 0 0 
49 0.0034456 0.003365028151730635 0 0 
50 0.0035104 0.003383208274708907 0 0 
51 0.0035752 0.00339481145576167 0 0 
52 0.00364 0.00339979235679911 0 0 
53 0.0037048 0.003398224939749424 0 0 
54 0.0037696 0.003390343650412573 0 0 
55 0.0038344 0.00337618966617641 0 0 
56 0.0038992 0.003355818292099573 0 0 
57 0.003964 0.003329309126973407 0 0 
58 0.0040288 0.003296765752298874 0 0 
59 0.0040936 0.003258315327553808 0 0 
60 0.0041584 0.003214108093331936 0 0 
61 0.004223200000000001 0.003164316784295112 0 0 
62 0.004288 0.003109135954232581 0 0 
63 0.0043528 0.003048781215864512 0 0 
64 0.004417600000000001 0.002983488398360202 0 0 
65 0.0044824 0.002913512625862829 0 0 
66 0.0045472 0.002839127320621336 0 0 
67 0.004612 0.002760623134624569 0 0 
68 0.004676800000000001 0.002678306813912197 0 0 
69 0.0047416 0.0025925 0 0 
70 0.0048064 0.002503537973102786 0 0 
71 0.0048712 0.002411768342065683 0 0 
72 0.004936 0.002317549686122719 0 0 
73 0.005000800000000001 0.002221250153789884 0 0 
74 0.0050656 0.002123246024367324 0 0 
75 0.0051304 0.002023920237671434 0 0 
76 0.0051952 0.001923660897741754 0 0 
77 0.005260000000000001 0.001822859756369265 0 0 
78 0.005324800000000001 0.001721910682371507 0 0 
79 0.0053896 0.001621208122595664 0 0 
80 0.0054544 0.001521145560663073 0 0 
81 0.005519200000000001 0.001422113979477418 0 0 
82 0.005584 0.00132450033350419 0 0 
83 0.005648800000000001 0.001228686036790802 0 0 
84 0.0057136 0.001135045472635266 0 0 
85 0.0057784 0.001043944530726678 0 0 
86 0.005843200000000001 0.0009557391774735303 0 0 
87 0.005908 0.0008707740651060805 0 0 
88 0.0059728 0.0007893811849875668 0 0 
89 0.0060376 0.0007118785703963024 0 0 
90 0.0061024 0.0006385690538473734 0 0 
91 0.0061672 0.0005697390838095577 0 0 
92 0.006232000000000001 0.0005056576054410264 0 0 
93 0.0062968 0.0004465750097171938 0 0 
94 0.0063616 0.0003927221550569035 0 0 
95 0.006426400000000001 0.0003443094652698207 0 0 
96 0.0064912 0.0003015261073496986 0 0 
97 0.006556 0.000264539252326199 0 0 
98 0.0066208 0.000233493422063403 0 0 
99 0.0066856 0.0002085099245573174 0 0 
100 0.0067504 0.0001896863799388924 0 0 
101 0.0068152 0.0001770963390346346 0 0 
102 0.006880000000000001 0.0001707889959752476 0 0 
103 0.0069448 0.0001707889959752476 0 0 
104 0.0070096 0.0001770963390346346 0 0 
105 0.0070744 0.0001896863799388924 0 0 
106 0.0071392 0.0002085099245573174 0 0 
107 0.007204000000000001 0.000233493422063403 0 0 
108 0.0072688 0.000264539252326199 0 0 
109 0.0073336 0.0003015261073496986 0 0 
110 0.007398399999999999 0.0003443094652698207 0 0 
111 0.007463200000000001 0.0003927221550569035 0 0 
112 0.007528000000000001 0.0004465750097171938 0 0 
113 0.007592799999999999 0.0005056576054410264 0 0 
114 0.0076576 0.0005697390838095577 0 0 
115 0.007722400000000001 0.0006385690538473734 0 0 
116 0.0077872 0.0007118785703963024 0 0 
117 0.007852000000000001 0.0007893811849875668 0 0 
118 0.0079168 0.0008707740651060805 0 0 
119 0.0079816 0.0009557391774735303 0 0 
120 0.0080464 0.001043944530726678 0 0 
121 0.008111200000000001 0.001135045472635266 0 0 
122 0.008176000000000001 0.001228686036790802 0 0 
123 0.008240799999999998 0.00132450033350419 0 0 
124 0.0083056 0.001422113979477418 0 0 
125 0.0083704 0.001521145560663073 0 0 
126 0.0084352 0.001621208122595664 0 0 
127 0.008500000000000001 0.001721910682371507 0 0 
128 0.008564800000000001 0.001822859756369265 0 0 
129 0.008629599999999999 0.001923660897741754 0 0 
130 0.0086944 0.002023920237671434 0 0 
131 0.0087592 0.002123246024367324 0 0 
132 0.008824 0.002221250153789883 0 0 
133 0.008888800000000001 0.002317549686122718 0 0 
134 0.008953600000000003 0.002411768342065683 0 0 
135 0.009018399999999999 0.002503537973102786 0 0 
136 0.0090832 0.0025925 0 0 
137 0.009148 0.002678306813912197 0 0 
138 0.0092128 0.002760623134624569 0 0 
139 0.009277600000000002 0.002839127320621337 0 0 
140 0.009342399999999999 0.00291351262586283 0 0 
141 0.009407199999999999 0.002983488398360201 0 0 
142 0.009472 0.003048781215864512 0 0 
143 0.0095368 0.003109135954232581 0 0 
144 0.009601600000000002 0.003164316784295112 0 0 
145 0.0096664 0.003214108093331935 0 0 
146 0.009731199999999999 0.003258315327553807 0 0 
147 0.009796000000000001 0.003296765752298874 0 0 
148 0.009860799999999999 0.003329309126973407 0 0 
149 0.009925600000000001 0.003355818292099573 0 0 
150 0.0099904 0.00337618966617641 0 0 
151 0.0100552 0.003390343650412573 0 0 
152 0.01012 0.003398131515525709 0 0 
153 0.0101848 0.00339979235679911 0 0 
154 0.0102496 0.00339481145576167 0 0 
155 0.0103144 0.003383208274708907 0 0 
156 0.0103792 0.003365028151730635 0 0 
157 0.010444 0.003340342123557615 0 0 
158 0.0105088 0.003309246647993738 0 0 
159 0.0105736 0.003271863227018289 0 0 
160 0.0106384 0.003228337932031004 0 0 
161 0.0107032 0.003178840833094943 0 0 
162 0.010768 0.003123565334407362 0 0 
163 0.0108328 0.003062727418595146 0 0 
164 0.0108976 0.00299656480278765 0 0 
165 0.0109624 0.002925336009764462 0 0 
166 0.0110272 0.002849319357807508 0 0 
167 0.011092 0.002768811873204505 0 0 
168 0.0111568 0.00268412812965305 0 0 
169 0.0112216 0.002595599019100231 0 0 
170 0.0112864 0.002503570458820561 0 0 
171 0.0113512 0.002408402039784177 0 0 
172 0.011416 0.002310465621596661 0 0 
173 0.0114808 0.002210143879500579 0 0 
174 0.0115456 0.002107828809116165 0 0 
175 0.0116104 0.002003920194763718 0 0 
176 0.0116752 0.001898824047352539 0 0 
177 0.01174 0.001792951017940194 0 0 
178 0.0118048 0.001686714793160949 0 0 
179 0.0118696 0.001580530478793003 0 0 
180 0.0119344 0.001474812977780632 0 0 
181 0.0119992 0.001369975369048834 0 0 
182 0.012064 0.001266427293445151 0 0 
183 0.0121288 0.001164573353115363 0 0 
184 0.0121936 0.001064811530567339 0 0 
185 0.0122584 0.0009675316336003506 0 0 
186 0.0123232 0.0008731137721761211 0 0 
187 0.012388 0.0007819268731830511 0 0 
188 0.0124528 0.0006943272388970117 0 0 
189 0.0125176 0.0006106571547713551 0 0 
190 0.0125824 0.0005312435519960395 0 0 
191 0.0126472 0.0004563967300517622 0 0 
192 0.012712 0.00038640914425058 0 0 
193 0.0127768 0.0003215542630005547 0 0 
194 0.0128416 0.0002620854992595336 0 0 
195 0.0129064 0.0002082352203532877 0 0 
196 0.0129712 0.0001602138400270166 0 0 
197 0.013036 0.0001182089962779533 0 0 
198 0.0131008 8.238481818155316e-05 0 0 
199 0.0131656 5.288128457609185e-05 0 0 
200 0.0132304 2.981367711152062e-05 0 0 
201 0.0132952 1.3272129799735e-05 0 0 
202 0.01336 3.32127682633282e-06 0 0 
203 0.017 0 0 0 
204 0.017 0.007 0 0 
205 0.0166 0.007 0 0 
206 0.0165352 0.006996678723173667 0 0 
207 0.0164704 0.006986727870200265 0 0 
208 0.0164056 0.00697018632288848 0 0 
209 0.0163408 0.006947118715423908 0 0 
210 0.016276 0.006917615181818447 0 0 
211 0.0162112 0.006881791003722048 0 0 
212 0.0161464 0.006839786159972984 0 0 
213 0.0160816 0.006791764779646713 0 0 
214 0.0160168 0.006737914500740465 0 0 
215 0.015952 0.006678445736999445 0 0 
216 0.0158872 0.006613590855749419 0 0 
217 0.0158224 0.006543603269948238 0 0 
218 0.0157576 0.00646875644800396 0 0 
219 0.0156928 0.006389342845228645 0 0 
220 0.015628 0.006305672761102988 0 0 
221 0.0155632 0.006218073126816949 0 0 
222 0.0154984 0.006126886227823878 0 0 
223 0.0154336 0.00603246836639965 0 0 
224 0.0153688 0.005935188469432662 0 0 
225 0.015304 0.005835426646884638 0 0 
226 0.0152392 0.00573357270655485 0 0 
227 0.0151744 0.005630024630951167 0 0 
228 0.0151096 0.00552518702221937 0 0 
229 0.0150448 0.005419469521206998 0 0 
230 0.01498 0.005313285206839053 0 0 
231 0.0149152 0.005207048982059804 0 0 
232 0.0148504 0.00510117595264746 0 0 
233 0.0147856 0.004996079805236279 0 0 
234 0.0147208 0.004892171190883835 0 0 
235 0.014656 0.004789856120499421 0 0 
236 0.0145912 0.004689534378403339 0 0 
237 0.0145264 0.004591597960215824 0 0 
238 0.0144616 0.00449642954117944 0 0 
239 0.0143968 0.00440440098089977 0 0 
240 0.014332 0.004315871870346951 0 0 
241 0.0142672 0.004231188126795496 0 0 
242 0.0142024 0.004150680642192492 0 0 
243 0.0141376 0.004074663990235539 0 0 
244 0.0140728 0.004003435197212351 0 0 
245 0.014008 0.003937272581404855 0 0 
246 0.0139432 0.003876434665592639 0 0 
247 0.0138784 0.003821159166905057 0 0 
248 0.0138136 0.003771662067968995 0 0 
249 0.0137488 0.00372813677298171 0 0 
250 0.013684 0.003690753352006262 0 0 
251 0.0136192 0.003659657876442385 0 0 
252 0.0135544 0.003634971848269366 0 0 
253 0.0134896 0.003616791725291094 0 0 
254 0.0134248 0.00360518854423833 0 0 
255 0.01336 0.00360020764320089 0 0 
256 0.0132952 0.003601775060250576 0 0 
257 0.0132304 0.003609656349587427 0 0 
258 0.0131656 0.00362381033382359 0 0 
259 0.0131008 0.003644181707900427 0 0 
260 0.013036 0.003670690873026593 0 0 
261 0.0129712 0.003703234247701126 0 0 
262 0.0129064 0.003741684672446192 0 0 
263 0.0128416 0.003785891906668064 0 0 
264 0.0127768 0.003835683215704888 0 0 
265 0.012712 0.003890864045767419 0 0 
266 0.0126472 0.003951218784135488 0 0 
267 0.0125824 0.004016511601639799 0 0 
268 0.0125176 0.004086487374137171 0 0 
269 0.0124528 0.004160872679378664 0 0 
270 0.012388 0.004239376865375431 0 0 
271 0.0123232 0.004321693186087803 0 0 
272 0.0122584 0.004407500000000001 0 0 
273 0.0121936 0.004496462026897213 0 0 
274 0.0121288 0.004588231657934317 0 0 
275 0.012064 0.004682450313877281 0 0 
276 0.0119992 0.004778749846210116 0 0 
277 0.0119344 0.004876753975632676 0 0 
278 0.0118696 0.004976079762328567 0 0 
279 0.0118048 0.005076339102258245 0 0 
280 0.01174 0.005177140243630735 0 0 
281 0.0116752 0.005278089317628494 0 0 
282 0.0116104 0.005378791877404337 0 0 
283 0.0115456 0.005478854439336927 0 0 
284 0.0114808 0.005577886020522583 0 0 
285 0.011416 0.00567549966649581 0 0 
286 0.0113512 0.005771313963209197 0 0 
287 0.0112864 0.005864954527364734 0 0 
288 0.0112216 0.005956055469273322 0 0 
289 0.0111568 0.00604426082252647 0 0 
290 0.011092 0.00612922593489392 0 0 
291 0.0110272 0.006210618815012433 0 0 
292 0.0109624 0.006288121429603698 0 0 
293 0.0108976 0.006361430946152627 0 0 
294 0.0108328 0.006430260916190442 0 0 
295 0.010768 0.006494342394558973 0 0 
296 0.0107032 0.006553424990282807 0 0 
297 0.0106384 0.006607277844943097 0 0 
298 0.0105736 0.006655690534730179 0 0 
299 0.0105088 0.006698473892650302 0 0 
300 0.010444 0.006735460747673801 0 0 
301 0.0103792 0.006766506577936597 0 0 
302 0.0103144 0.006791490075442683 0 0 
303 0.0102496 0.006810313620061108 0 0 
304 0.0101848 0.006822903660965366 0 0 
305 0.01012 0.006829211004024752 0 0 
306 0.0100552 0.006829211004024752 0 0 
307 0.009990400000000002 0.006822903660965366 0 0 
308 0.0099256 0.006810313620061108 0 0 
309 0.009860800000000001 0.006791490075442683 0 0 
310 0.009795999999999999 0.006766506577936597 0 0 
311 0.009731200000000001 0.006735460747673801 0 0 
312 0.0096664 0.006698473892650302 0 0 
313 0.009601600000000002 0.006655690534730179 0 0 
314 0.0095368 0.006607277844943097 0 0 
315 0.009472 0.006553424990282807 0 0 
316 0.009407199999999999 0.006494342394558973 0 0 
317 0.009342400000000001 0.006430260916190442 0 0 
318 0.0092776 0.006361430946152627 0 0 
319 0.0092128 0.006288121429603698 0 0 
320 0.009148 0.006210618815012433 0 0 
321 0.009083200000000001 0.00612922593489392 0 0 
322 0.009018399999999999 0.00604426082252647 0 0 
323 0.008953600000000001 0.005956055469273322 0 0 
324 0.008888800000000001 0.005864954527364734 0 0 
325 0.008824 0.005771313963209197 0 0 
326 0.008759200000000002 0.00567549966649581 0 0 
327 0.0086944 0.005577886020522583 0 0 
328 0.008629599999999999 0.005478854439336927 0 0 
329 0.008564800000000001 0.005378791877404337 0 0 
330 0.008500000000000001 0.005278089317628494 0 0 
331 0.0084352 0.005177140243630735 0 0 
332 0.0083704 0.005076339102258245 0 0 
333 0.0083056 0.004976079762328567 0 0 
334 0.0082408 0.004876753975632676 0 0 
335 0.008176000000000001 0.004778749846210116 0 0 
336 0.008111200000000001 0.004682450313877282 0 0 
337 0.008046399999999999 0.004588231657934317 0 0 
338 0.0079816 0.004496462026897213 0 0 
339 0.0079168 0.004407500000000001 0 0 
340 0.007852000000000001 0.004321693186087803 0 0 
341 0.0077872 0.004239376865375431 0 0 
342 0.007722399999999999 0.004160872679378663 0 0 
343 0.007657600000000001 0.00408648737413717 0 0 
344 0.0075928 0.004016511601639799 0 0 
345 0.007528000000000001 0.003951218784135488 0 0 
346 0.007463200000000001 0.003890864045767419 0 0 
347 0.007398399999999999 0.003835683215704888 0 0 
348 0.007333600000000001 0.003785891906668065 0 0 
349 0.007268800000000001 0.003741684672446193 0 0 
350 0.007203999999999999 0.003703234247701126 0 0 
351 0.007139200000000001 0.003670690873026594 0 0 
352 0.007074399999999999 0.003644181707900427 0 0 
353 0.007009600000000001 0.00362381033382359 0 0 
354 0.006944800000000001 0.003609656349587427 0 0 
355 0.006879999999999999 0.003601868484474291 0 0 
356 0.006815200000000001 0.00360020764320089 0 0 
357 0.006750399999999999 0.00360518854423833 0 0 
358 0.006685600000000001 0.003616791725291094 0 0 
359 0.006620800000000001 0.003634971848269366 0 0 
360 0.006555999999999999 0.003659657876442385 0 0 
361 0.006491200000000001 0.003690753352006262 0 0 
362 0.0064264 0.003728136772981711 0 0 
363 0.006361599999999999 0.003771662067968996 0 0 
364 0.006296800000000001 0.003821159166905057 0 0 
365 0.006232 0.003876434665592638 0 0 
366 0.006167200000000001 0.003937272581404853 0 0 
367 0.006102399999999999 0.00400343519721235 0 0 
368 0.0060376 0.004074663990235538 0 0 
369 0.005972800000000001 0.004150680642192491 0 0 
370 0.005907999999999999 0.004231188126795495 0 0 
371 0.0058432 0.00431587187034695 0 0 
372 0.0057784 0.00440440098089977 0 0 
373 0.0057136 0.00449642954117944 0 0 
374 0.005648800000000002 0.004591597960215824 0 0 
375 0.005584 0.004689534378403339 0 0 
376 0.0055192 0.004789856120499422 0 0 
377 0.0054544 0.004892171190883835 0 0 
378 0.0053896 0.004996079805236281 0 0 
379 0.005324800000000002 0.005101175952647461 0 0 
380 0.00526 0.005207048982059806 0 0 
381 0.0051952 0.005313285206839051 0 0 
382 0.0051304 0.005419469521206997 0 0 
383 0.0050656 0.005525187022219369 0 0 
384 0.0050008 0.005630024630951165 0 0 
385 0.004936 0.005733572706554849 0 0 
386 0.0048712 0.005835426646884636 0 0 
387 0.0048064 0.005935188469432662 0 0 
388 0.0047416 0.00603246836639965 0 0 
389 0.0046768 0.006126886227823878 0 0 
390 0.004612 0.006218073126816949 0 0 
391 0.0045472 0.006305672761102988 0 0 
392 0.0044824 0.006389342845228645 0 0 
393 0.004417600000000001 0.00646875644800396 0 0 
394 0.0043528 0.006543603269948239 0 0 
395 0.004288 0.00661359085574942 0 0 
396 0.004223200000000001 0.006678445736999446 0 0 
397 0.0041584 0.006737914500740466 0 0 
398 0.0040936 0.006791764779646712 0 0 
399 0.004028800000000001 0.006839786159972983 0 0 
400 0.003964000000000001 0.006881791003722047 0 0 
401 0.003899200000000001 0.006917615181818447 0 0 
402 0.0038344 0.006947118715423908 0 0 
403 0.003769600000000001 0.00697018632288848 0 0 
404 0.003704800000000001 0.006986727870200265 0 0 
405 0.003639999999999999 0.006996678723173667 0 0 
406 0 0.007 0 0 
1 -1.000000000000024e-07 -1e-07 -1e-07 0.0004001 1e-07 1e-07 1 103 2 1 -2 
2 0.0003999 -9.999999999999989e-08 -1e-07 0.0004649 3.42127682633282e-06 1e-07 1 103 2 2 -3 
3 0.0004647 3.22127682633282e-06 -1e-07 0.0005297 1.3372129799735e-05 1e-07 1 103 2 3 -4 
4 0.0005295000000000001 1.3172129799735e-05 -1e-07 0.0005945 2.991367711152062e-05 1e-07 1 103 2 4 -5 
5 0.0005943000000000001 2.971367711152062e-05 -1e-07 0.0006592999999999999 5.298128457609165e-05 1e-07 1 103 2 5 -6 
6 0.0006591 5.278128457609165e-05 -1e-07 0.0007241 8.248481818155279e-05 1e-07 1 103 2 6 -7 
7 0.0007239000000000001 8.228481818155278e-05 -1e-07 0.0007888999999999999 0.0001183089962779527 1e-07 1 103 2 7 -8 
8 0.0007887 0.0001181089962779527 -1e-07 0.0008536999999999999 0.0001603138400270161 1e-07 1 103 2 8 -9 
9 0.0008535 0.000160113840027016 -1e-07 0.0009184999999999999 0.0002083352203532869 1e-07 1 103 2 9 -10 
10 0.0009183 0.0002081352203532869 -1e-07 0.0009833000000000001 0.0002621854992595346 1e-07 1 103 2 10 -11 
11 0.0009831 0.0002619854992595345 -1e-07 0.0010481 0.0003216542630005555 1e-07 1 103 2 11 -12 
12 0.0010479 0.0003214542630005555 -1e-07 0.0011129 0.0003865091442505805 1e-07 1 103 2 12 -13 
13 0.0011127 0.0003863091442505805 -1e-07 0.0011777 0.0004564967300517627 1e-07 1 103 2 13 -14 
14 0.0011775 0.0004562967300517627 -1e-07 0.0012425 0.0005313435519960401 1e-07 1 103 2 14 -15 
15 0.0012423 0.0005311435519960402 -1e-07 0.0013073 0.0006107571547713557 1e-07 1 103 2 15 -16 
16 0.0013071 0.0006105571547713558 -1e-07 0.0013721 0.000694427238897012 1e-07 1 103 2 16 -17 
17 0.0013719 0.0006942272388970122 -1e-07 0.0014369 0.0007820268731830512 1e-07 1 103 2 17 -18 
18 0.0014367 0.0007818268731830513 -1e-07 0.0015017 0.0008732137721761211 1e-07 1 103 2 18 -19 
19 0.0015015 0.0008730137721761212 -1e-07 0.0015665 0.0009676316336003502 1e-07 1 103 2 19 -20 
20 0.0015663 0.0009674316336003503 -1e-07 0.0016313 0.001064911530567338 1e-07 1 103 2 20 -21 
21 0.0016311 0.001064711530567338 -1e-07 0.0016961 0.001164673353115362 1e-07 1 103 2 21 -22 
22 0.0016959 0.001164473353115362 -1e-07 0.0017609 0.00126652729344515 1e-07 1 103 2 22 -23 
23 0.0017607 0.00126632729344515 -1e-07 0.0018257 0.001370075369048833 1e-07 1 103 2 23 -24 
24 0.0018255 0.001369875369048833 -1e-07 0.0018905 0.001474912977780631 1e-07 1 103 2 24 -25 
25 0.0018903 0.001474712977780631 -1e-07 0.0019553 0.001580630478793002 1e-07 1 103 2 25 -26 
26 0.0019551 0.001580430478793002 -1e-07 0.0020201 0.001686814793160948 1e-07 1 103 2 26 -27 
27 0.0020199 0.001686614793160947 -1e-07 0.0020849 0.001793051017940197 1e-07 1 103 2 27 -28 
28 0.0020847 0.001792851017940196 -1e-07 0.0021497 0.00189892404735254 1e-07 1 103 2 28 -29 
29 0.0021495 0.00189872404735254 -1e-07 0.0022145 0.00200402019476372 1e-07 1 103 2 29 -30 
30 0.0022143 0.00200382019476372 -1e-07 0.0022793 0.002107928809116166 1e-07 1 103 2 30 -31 
31 0.0022791 0.002107728809116166 -1e-07 0.0023441 0.002210243879500579 1e-07 1 103 2 31 -32 
32 0.0023439 0.00221004387950058 -1e-07 0.0024089 0.002310565621596661 1e-07 1 103 2 32 -33 
33 0.0024087 0.002310365621596662 -1e-07 0.0024737 0.002408502039784177 1e-07 1 103 2 33 -34 
34 0.0024735 0.002408302039784177 -1e-07 0.0025385 0.002503670458820561 1e-07 1 103 2 34 -35 
35 0.0025383 0.002503470458820561 -1e-07 0.0026033 0.00259569901910023 1e-07 1 103 2 35 -36 
36 0.0026031 0.002595499019100231 -1e-07 0.0026681 0.002684228129653049 1e-07 1 103 2 36 -37 
37 0.0026679 0.002684028129653049 -1e-07 0.002732899999999999 0.002768911873204504 1e-07 1 103 2 37 -38 
38 0.0027327 0.002768711873204504 -1e-07 0.0027977 0.002849419357807507 1e-07 1 103 2 38 -39 
39 0.0027975 0.002849219357807508 -1e-07 0.0028625 0.002925436009764462 1e-07 1 103 2 39 -40 
40 0.0028623 0.002925236009764462 -1e-07 0.002927299999999999 0.002996664802787649 1e-07 1 103 2 40 -41 
41 0.0029271 0.00299646480278765 -1e-07 0.0029921 0.003062827418595145 1e-07 1 103 2 41 -42 
42 0.0029919 0.003062627418595145 -1e-07 0.0030569 0.003123665334407361 1e-07 1 103 2 42 -43 
43 0.0030567 0.003123465334407361 -1e-07 0.0031217 0.003178940833094943 1e-07 1 103 2 43 -44 
44 0.0031215 0.003178740833094944 -1e-07 0.0031865 0.003228437932031005 1e-07 1 103 2 44 -45 
45 0.0031863 0.003228237932031005 -1e-07 0.0032513 0.00327196322701829 1e-07 1 103 2 45 -46 
46 0.0032511 0.00327176322701829 -1e-07 0.0033161 0.003309346647993738 1e-07 1 103 2 46 -47 
47 0.0033159 0.003309146647993738 -1e-07 0.0033809 0.003340442123557615 1e-07 1 103 2 47 -48 
48 0.0033807 0.003340242123557616 -1e-07 0.0034457 0.003365128151730634 1e-07 1 103 2 48 -49 
49 0.0034455 0.003364928151730635 -1e-07 0.0035105 0.003383308274708906 1e-07 1 103 2 49 -50 
50 0.0035103 0.003383108274708907 -1e-07 0.0035753 0.00339491145576167 1e-07 1 103 2 50 -51 
51 0.0035751 0.00339471145576167 -1e-07 0.0036401 0.00339989235679911 1e-07 1 103 2 51 -52 
52 0.0036399 0.003398124939749424 -1e-07 0.0037049 0.00339989235679911 1e-07 1 103 2 52 -53 
53 0.0037047 0.003390243650412573 -1e-07 0.0037697 0.003398324939749424 1e-07 1 103 2 53 -54 
54 0.0037695 0.00337608966617641 -1e-07 0.003834499999999999 0.003390443650412573 1e-07 1 103 2 54 -55 
55 0.0038343 0.003355718292099573 -1e-07 0.0038993 0.00337628966617641 1e-07 1 103 2 55 -56 
56 0.0038991 0.003329209126973408 -1e-07 0.0039641 0.003355918292099573 1e-07 1 103 2 56 -57 
57 0.003963899999999999 0.003296665752298875 -1e-07 0.0040289 0.003329409126973407 1e-07 1 103 2 57 -58 
58 0.0040287 0.003258215327553808 -1e-07 0.0040937 0.003296865752298874 1e-07 1 103 2 58 -59 
59 0.0040935 0.003214008093331936 -1e-07 0.0041585 0.003258415327553808 1e-07 1 103 2 59 -60 
60 0.004158299999999999 0.003164216784295112 -1e-07 0.004223300000000001 0.003214208093331936 1e-07 1 103 2 60 -61 
61 0.0042231 0.003109035954232581 -1e-07 0.0042881 0.003164416784295112 1e-07 1 103 2 61 -62 
62 0.0042879 0.003048681215864512 -1e-07 0.004352900000000001 0.003109235954232581 1e-07 1 103 2 62 -63 
63 0.0043527 0.002983388398360202 -1e-07 0.004417700000000001 0.003048881215864512 1e-07 1 103 2 63 -64 
64 0.0044175 0.002913412625862829 -1e-07 0.0044825 0.002983588398360202 1e-07 1 103 2 64 -65 
65 0.0044823 0.002839027320621336 -1e-07 0.004547300000000001 0.002913612625862829 1e-07 1 103 2 65 -66 
66 0.0045471 0.002760523134624569 -1e-07 0.0046121 0.002839227320621336 1e-07 1 103 2 66 -67 
67 0.0046119 0.002678206813912197 -1e-07 0.004676900000000001 0.002760723134624569 1e-07 1 103 2 67 -68 
68 0.004676700000000001 0.0025924 -1e-07 0.004741700000000001 0.002678406813912197 1e-07 1 103 2 68 -69 
69 0.0047415 0.002503437973102787 -1e-07 0.0048065 0.0025926 1e-07 1 103 2 69 -70 
70 0.004806299999999999 0.002411668342065683 -1e-07 0.0048713 0.002503637973102786 1e-07 1 103 2 70 -71 
71 0.0048711 0.002317449686122719 -1e-07 0.004936100000000001 0.002411868342065683 1e-07 1 103 2 71 -72 
72 0.0049359 0.002221150153789884 -1e-07 0.005000900000000001 0.002317649686122719 1e-07 1 103 2 72 -73 
73 0.0050007 0.002123146024367324 -1e-07 0.0050657 0.002221350153789884 1e-07 1 103 2 73 -74 
74 0.0050655 0.002023820237671434 -1e-07 0.005130500000000001 0.002123346024367324 1e-07 1 103 2 74 -75 
75 0.0051303 0.001923560897741754 -1e-07 0.0051953 0.002024020237671433 1e-07 1 103 2 75 -76 
76 0.005195099999999999 0.001822759756369265 -1e-07 0.005260100000000001 0.001923760897741754 1e-07 1 103 2 76 -77 
77 0.005259900000000001 0.001721810682371507 -1e-07 0.005324900000000001 0.001822959756369265 1e-07 1 103 2 77 -78 
78 0.005324700000000001 0.001621108122595664 -1e-07 0.0053897 0.001722010682371507 1e-07 1 103 2 78 -79 
79 0.005389499999999999 0.001521045560663073 -1e-07 0.0054545 0.001621308122595664 1e-07 1 103 2 79 -80 
80 0.0054543 0.001422013979477418 -1e-07 0.005519300000000001 0.001521245560663073 1e-07 1 103 2 80 -81 
81 0.005519100000000001 0.00132440033350419 -1e-07 0.005584100000000001 0.001422213979477418 1e-07 1 103 2 81 -82 
82 0.0055839 0.001228586036790802 -1e-07 0.005648900000000001 0.00132460033350419 1e-07 1 103 2 82 -83 
83 0.0056487 0.001134945472635266 -1e-07 0.0057137 0.001228786036790803 1e-07 1 103 2 83 -84 
84 0.0057135 0.001043844530726678 -1e-07 0.005778500000000001 0.001135145472635266 1e-07 1 103 2 84 -85 
85 0.0057783 0.0009556391774735303 -1e-07 0.005843300000000001 0.001044044530726678 1e-07 1 103 2 85 -86 
86 0.0058431 0.0008706740651060806 -1e-07 0.0059081 0.0009558391774735302 1e-07 1 103 2 86 -87 
87 0.0059079 0.0007892811849875669 -1e-07 0.005972900000000001 0.0008708740651060805 1e-07 1 103 2 87 -88 
88 0.0059727 0.0007117785703963025 -1e-07 0.0060377 0.0007894811849875668 1e-07 1 103 2 88 -89 
89 0.006037499999999999 0.0006384690538473734 -1e-07 0.0061025 0.0007119785703963024 1e-07 1 103 2 89 -90 
90 0.0061023 0.0005696390838095577 -1e-07 0.006167300000000001 0.0006386690538473733 1e-07 1 103 2 90 -91 
91 0.0061671 0.0005055576054410264 -1e-07 0.006232100000000001 0.0005698390838095576 1e-07 1 103 2 91 -92 
92 0.0062319 0.0004464750097171938 -1e-07 0.0062969 0.0005057576054410263 1e-07 1 103 2 92 -93 
93 0.0062967 0.0003926221550569035 -1e-07 0.006361700000000001 0.0004466750097171938 1e-07 1 103 2 93 -94 
94 0.0063615 0.0003442094652698207 -1e-07 0.006426500000000001 0.0003928221550569035 1e-07 1 103 2 94 -95 
95 0.0064263 0.0003014261073496986 -1e-07 0.0064913 0.0003444094652698207 1e-07 1 103 2 95 -96 
96 0.0064911 0.000264439252326199 -1e-07 0.0065561 0.0003016261073496986 1e-07 1 103 2 96 -97 
97 0.0065559 0.000233393422063403 -1e-07 0.006620900000000001 0.000264639252326199 1e-07 1 103 2 97 -98 
98 0.0066207 0.0002084099245573174 -1e-07 0.0066857 0.000233593422063403 1e-07 1 103 2 98 -99 
99 0.0066855 0.0001895863799388924 -1e-07 0.0067505 0.0002086099245573174 1e-07 1 103 2 99 -100 
100 0.0067503 0.0001769963390346346 -1e-07 0.006815300000000001 0.0001897863799388924 1e-07 1 103 2 100 -101 
101 0.0068151 0.0001706889959752476 -1e-07 0.006880100000000001 0.0001771963390346346 1e-07 1 103 2 101 -102 
102 0.0068799 0.0001706889959752476 -1e-07 0.0069449 0.0001708889959752476 1e-07 1 103 2 102 -103 
103 0.0069447 0.0001706889959752476 -1e-07 0.007009700000000001 0.0001771963390346346 1e-07 1 103 2 103 -104 
104 0.0070095 0.0001769963390346346 -1e-07 0.0070745 0.0001897863799388924 1e-07 1 103 2 104 -105 
105 0.0070743 0.0001895863799388924 -1e-07 0.0071393 0.0002086099245573174 1e-07 1 103 2 105 -106 
106 0.0071391 0.0002084099245573174 -1e-07 0.007204100000000001 0.000233593422063403 1e-07 1 103 2 106 -107 
107 0.007203900000000001 0.000233393422063403 -1e-07 0.0072689 0.000264639252326199 1e-07 1 103 2 107 -108 
108 0.007268699999999999 0.000264439252326199 -1e-07 0.0073337 0.0003016261073496986 1e-07 1 103 2 108 -109 
109 0.0073335 0.0003014261073496986 -1e-07 0.0073985 0.0003444094652698207 1e-07 1 103 2 109 -110 
110 0.007398299999999999 0.0003442094652698207 -1e-07 0.007463300000000001 0.0003928221550569035 1e-07 1 103 2 110 -111 
111 0.0074631 0.0003926221550569035 -1e-07 0.007528100000000001 0.0004466750097171938 1e-07 1 103 2 111 -112 
112 0.007527900000000001 0.0004464750097171938 -1e-07 0.0075929 0.0005057576054410263 1e-07 1 103 2 112 -113 
113 0.007592699999999999 0.0005055576054410264 -1e-07 0.0076577 0.0005698390838095576 1e-07 1 103 2 113 -114 
114 0.007657499999999999 0.0005696390838095577 -1e-07 0.007722500000000001 0.0006386690538473733 1e-07 1 103 2 114 -115 
115 0.007722300000000001 0.0006384690538473734 -1e-07 0.0077873 0.0007119785703963024 1e-07 1 103 2 115 -116 
116 0.0077871 0.0007117785703963025 -1e-07 0.007852100000000001 0.0007894811849875668 1e-07 1 103 2 116 -117 
117 0.007851900000000002 0.0007892811849875669 -1e-07 0.007916899999999999 0.0008708740651060805 1e-07 1 103 2 117 -118 
118 0.0079167 0.0008706740651060806 -1e-07 0.0079817 0.0009558391774735302 1e-07 1 103 2 118 -119 
119 0.007981500000000001 0.0009556391774735303 -1e-07 0.0080465 0.001044044530726678 1e-07 1 103 2 119 -120 
120 0.008046300000000001 0.001043844530726678 -1e-07 0.0081113 0.001135145472635266 1e-07 1 103 2 120 -121 
121 0.008111100000000001 0.001134945472635266 -1e-07 0.0081761 0.001228786036790803 1e-07 1 103 2 121 -122 
122 0.008175900000000002 0.001228586036790802 -1e-07 0.008240899999999997 0.00132460033350419 1e-07 1 103 2 122 -123 
123 0.008240699999999998 0.00132440033350419 -1e-07 0.008305699999999999 0.001422213979477418 1e-07 1 103 2 123 -124 
124 0.0083055 0.001422013979477418 -1e-07 0.008370499999999999 0.001521245560663073 1e-07 1 103 2 124 -125 
125 0.008370300000000001 0.001521045560663073 -1e-07 0.0084353 0.001621308122595664 1e-07 1 103 2 125 -126 
126 0.008435100000000001 0.001621108122595664 -1e-07 0.0085001 0.001722010682371507 1e-07 1 103 2 126 -127 
127 0.008499900000000001 0.001721810682371507 -1e-07 0.0085649 0.001822959756369265 1e-07 1 103 2 127 -128 
128 0.008564700000000001 0.001822759756369265 -1e-07 0.008629699999999999 0.001923760897741754 1e-07 1 103 2 128 -129 
129 0.0086295 0.001923560897741754 -1e-07 0.008694499999999999 0.002024020237671433 1e-07 1 103 2 129 -130 
130 0.0086943 0.002023820237671434 -1e-07 0.008759299999999999 0.002123346024367324 1e-07 1 103 2 130 -131 
131 0.008759100000000001 0.002123146024367324 -1e-07 0.0088241 0.002221350153789883 1e-07 1 103 2 131 -132 
132 0.008823900000000001 0.002221150153789883 -1e-07 0.0088889 0.002317649686122718 1e-07 1 103 2 132 -133 
133 0.008888700000000001 0.002317449686122719 -1e-07 0.008953700000000002 0.002411868342065683 1e-07 1 103 2 133 -134 
134 0.008953500000000003 0.002411668342065683 -1e-07 0.009018499999999999 0.002503637973102786 1e-07 1 103 2 134 -135 
135 0.0090183 0.002503437973102787 -1e-07 0.009083299999999999 0.0025926 1e-07 1 103 2 135 -136 
136 0.0090831 0.0025924 -1e-07 0.009148099999999999 0.002678406813912197 1e-07 1 103 2 136 -137 
137 0.0091479 0.002678206813912197 -1e-07 0.0092129 0.002760723134624569 1e-07 1 103 2 137 -138 
138 0.009212700000000001 0.002760523134624569 -1e-07 0.009277700000000002 0.002839227320621337 1e-07 1 103 2 138 -139 
139 0.009277500000000003 0.002839027320621337 -1e-07 0.009342499999999998 0.00291361262586283 1e-07 1 103 2 139 -140 
140 0.0093423 0.00291341262586283 -1e-07 0.009407299999999999 0.002983588398360201 1e-07 1 103 2 140 -141 
141 0.0094071 0.002983388398360202 -1e-07 0.009472099999999999 0.003048881215864512 1e-07 1 103 2 141 -142 
142 0.0094719 0.003048681215864512 -1e-07 0.009536899999999999 0.003109235954232581 1e-07 1 103 2 142 -143 
143 0.0095367 0.003109035954232581 -1e-07 0.009601700000000001 0.003164416784295112 1e-07 1 103 2 143 -144 
144 0.009601500000000002 0.003164216784295112 -1e-07 0.0096665 0.003214208093331935 1e-07 1 103 2 144 -145 
145 0.009666300000000001 0.003214008093331935 -1e-07 0.009731299999999998 0.003258415327553807 1e-07 1 103 2 145 -146 
146 0.009731099999999999 0.003258215327553807 -1e-07 0.0097961 0.003296865752298874 1e-07 1 103 2 146 -147 
147 0.009795900000000001 0.003296665752298875 -1e-07 0.009860899999999999 0.003329409126973406 1e-07 1 103 2 147 -148 
148 0.0098607 0.003329209126973407 -1e-07 0.009925700000000001 0.003355918292099573 1e-07 1 103 2 148 -149 
149 0.009925500000000002 0.003355718292099573 -1e-07 0.009990499999999999 0.00337628966617641 1e-07 1 103 2 149 -150 
150 0.009990300000000001 0.00337608966617641 -1e-07 0.0100553 0.003390443650412573 1e-07 1 103 2 150 -151 
151 0.0100551 0.003390243650412573 -1e-07 0.0101201 0.003398231515525709 1e-07 1 103 2 151 -152 
152 0.0101199 0.00339803151552571 -1e-07 0.0101849 0.00339989235679911 1e-07 1 103 2 152 -153 
153 0.0101847 0.00339471145576167 -1e-07 0.0102497 0.00339989235679911 1e-07 1 103 2 153 -154 
154 0.0102495 0.003383108274708907 -1e-07 0.0103145 0.00339491145576167 1e-07 1 103 2 154 -155 
155 0.0103143 0.003364928151730635 -1e-07 0.0103793 0.003383308274708906 1e-07 1 103 2 155 -156 
156 0.0103791 0.003340242123557615 -1e-07 0.0104441 0.003365128151730634 1e-07 1 103 2 156 -157 
157 0.0104439 0.003309146647993738 -1e-07 0.0105089 0.003340442123557615 1e-07 1 103 2 157 -158 
158 0.0105087 0.003271763227018289 -1e-07 0.0105737 0.003309346647993738 1e-07 1 103 2 158 -159 
159 0.0105735 0.003228237932031005 -1e-07 0.0106385 0.003271963227018289 1e-07 1 103 2 159 -160 
160 0.0106383 0.003178740833094943 -1e-07 0.0107033 0.003228437932031004 1e-07 1 103 2 160 -161 
161 0.0107031 0.003123465334407362 -1e-07 0.0107681 0.003178940833094943 1e-07 1 103 2 161 -162 
162 0.0107679 0.003062627418595146 -1e-07 0.0108329 0.003123665334407362 1e-07 1 103 2 162 -163 
163 0.0108327 0.00299646480278765 -1e-07 0.0108977 0.003062827418595146 1e-07 1 103 2 163 -164 
164 0.0108975 0.002925236009764463 -1e-07 0.0109625 0.00299666480278765 1e-07 1 103 2 164 -165 
165 0.0109623 0.002849219357807509 -1e-07 0.0110273 0.002925436009764462 1e-07 1 103 2 165 -166 
166 0.0110271 0.002768711873204505 -1e-07 0.0110921 0.002849419357807508 1e-07 1 103 2 166 -167 
167 0.0110919 0.00268402812965305 -1e-07 0.0111569 0.002768911873204505 1e-07 1 103 2 167 -168 
168 0.0111567 0.002595499019100231 -1e-07 0.0112217 0.00268422812965305 1e-07 1 103 2 168 -169 
169 0.0112215 0.002503470458820561 -1e-07 0.0112865 0.00259569901910023 1e-07 1 103 2 169 -170 
170 0.0112863 0.002408302039784177 -1e-07 0.0113513 0.002503670458820561 1e-07 1 103 2 170 -171 
171 0.0113511 0.002310365621596661 -1e-07 0.0114161 0.002408502039784177 1e-07 1 103 2 171 -172 
172 0.0114159 0.002210043879500579 -1e-07 0.0114809 0.002310565621596661 1e-07 1 103 2 172 -173 
173 0.0114807 0.002107728809116165 -1e-07 0.0115457 0.002210243879500578 1e-07 1 103 2 173 -174 
174 0.0115455 0.002003820194763719 -1e-07 0.0116105 0.002107928809116165 1e-07 1 103 2 174 -175 
175 0.0116103 0.001898724047352539 -1e-07 0.0116753 0.002004020194763718 1e-07 1 103 2 175 -176 
176 0.0116751 0.001792851017940194 -1e-07 0.0117401 0.001898924047352539 1e-07 1 103 2 176 -177 
177 0.0117399 0.001686614793160949 -1e-07 0.0118049 0.001793051017940194 1e-07 1 103 2 177 -178 
178 0.0118047 0.001580430478793003 -1e-07 0.0118697 0.001686814793160949 1e-07 1 103 2 178 -179 
179 0.0118695 0.001474712977780632 -1e-07 0.0119345 0.001580630478793003 1e-07 1 103 2 179 -180 
180 0.0119343 0.001369875369048834 -1e-07 0.0119993 0.001474912977780632 1e-07 1 103 2 180 -181 
181 0.0119991 0.001266327293445151 -1e-07 0.0120641 0.001370075369048834 1e-07 1 103 2 181 -182 
182 0.0120639 0.001164473353115363 -1e-07 0.0121289 0.001266527293445151 1e-07 1 103 2 182 -183 
183 0.0121287 0.001064711530567339 -1e-07 0.0121937 0.001164673353115363 1e-07 1 103 2 183 -184 
184 0.0121935 0.0009674316336003506 -1e-07 0.0122585 0.001064911530567339 1e-07 1 103 2 184 -185 
185 0.0122583 0.0008730137721761212 -1e-07 0.0123233 0.0009676316336003505 1e-07 1 103 2 185 -186 
186 0.0123231 0.0007818268731830512 -1e-07 0.0123881 0.0008732137721761211 1e-07 1 103 2 186 -187 
187 0.0123879 0.0006942272388970117 -1e-07 0.0124529 0.000782026873183051 1e-07 1 103 2 187 -188 
188 0.0124527 0.0006105571547713552 -1e-07 0.0125177 0.0006944272388970116 1e-07 1 103 2 188 -189 
189 0.0125175 0.0005311435519960396 -1e-07 0.0125825 0.0006107571547713551 1e-07 1 103 2 189 -190 
190 0.0125823 0.0004562967300517622 -1e-07 0.0126473 0.0005313435519960395 1e-07 1 103 2 190 -191 
191 0.0126471 0.00038630914425058 -1e-07 0.0127121 0.0004564967300517622 1e-07 1 103 2 191 -192 
192 0.0127119 0.0003214542630005547 -1e-07 0.0127769 0.00038650914425058 1e-07 1 103 2 192 -193 
193 0.0127767 0.0002619854992595336 -1e-07 0.0128417 0.0003216542630005547 1e-07 1 103 2 193 -194 
194 0.0128415 0.0002081352203532877 -1e-07 0.0129065 0.0002621854992595336 1e-07 1 103 2 194 -195 
195 0.0129063 0.0001601138400270166 -1e-07 0.0129713 0.0002083352203532877 1e-07 1 103 2 195 -196 
196 0.0129711 0.0001181089962779533 -1e-07 0.0130361 0.0001603138400270167 1e-07 1 103 2 196 -197 
197 0.0130359 8.228481818155316e-05 -1e-07 0.0131009 0.0001183089962779533 1e-07 1 103 2 197 -198 
198 0.0131007 5.278128457609185e-05 -1e-07 0.0131657 8.248481818155317e-05 1e-07 1 103 2 198 -199 
199 0.0131655 2.971367711152062e-05 -1e-07 0.0132305 5.298128457609185e-05 1e-07 1 103 2 199 -200 
200 0.0132303 1.3172129799735e-05 -1e-07 0.0132953 2.991367711152062e-05 1e-07 1 103 2 200 -201 
201 0.0132951 3.22127682633282e-06 -1e-07 0.0133601 1.3372129799735e-05 1e-07 1 103 2 201 -202 
202 0.0133599 -1.000000000000001e-07 -1e-07 0.0170001 3.42127682633282e-06 1e-07 1 103 2 202 -203 
203 0.0169999 -9.99999999998398e-08 -1e-07 0.0170001 0.0070001 1e-07 1 102 2 203 -204 
204 0.0165999 0.0069999 -1e-07 0.0170001 0.0070001 1e-07 1 103 2 204 -205 
205 0.0165351 0.006996578723173667 -1e-07 0.0166001 0.0070001 1e-07 1 103 2 205 -206 
206 0.0164703 0.006986627870200265 -1e-07 0.0165353 0.006996778723173667 1e-07 1 103 2 206 -207 
207 0.0164055 0.006970086322888479 -1e-07 0.0164705 0.006986827870200265 1e-07 1 103 2 207 -208 
208 0.0163407 0.006947018715423908 -1e-07 0.0164057 0.00697028632288848 1e-07 1 103 2 208 -209 
209 0.0162759 0.006917515181818447 -1e-07 0.0163409 0.006947218715423908 1e-07 1 103 2 209 -210 
210 0.0162111 0.006881691003722048 -1e-07 0.0162761 0.006917715181818447 1e-07 1 103 2 210 -211 
211 0.0161463 0.006839686159972984 -1e-07 0.0162113 0.006881891003722048 1e-07 1 103 2 211 -212 
212 0.0160815 0.006791664779646713 -1e-07 0.0161465 0.006839886159972984 1e-07 1 103 2 212 -213 
213 0.0160167 0.006737814500740465 -1e-07 0.0160817 0.006791864779646713 1e-07 1 103 2 213 -214 
214 0.0159519 0.006678345736999445 -1e-07 0.0160169 0.006738014500740465 1e-07 1 103 2 214 -215 
215 0.0158871 0.006613490855749419 -1e-07 0.0159521 0.006678545736999445 1e-07 1 103 2 215 -216 
216 0.0158223 0.006543503269948237 -1e-07 0.0158873 0.006613690855749419 1e-07 1 103 2 216 -217 
217 0.0157575 0.00646865644800396 -1e-07 0.0158225 0.006543703269948238 1e-07 1 103 2 217 -218 
218 0.0156927 0.006389242845228645 -1e-07 0.0157577 0.006468856448003961 1e-07 1 103 2 218 -219 
219 0.0156279 0.006305572761102988 -1e-07 0.0156929 0.006389442845228645 1e-07 1 103 2 219 -220 
220 0.0155631 0.006217973126816948 -1e-07 0.0156281 0.006305772761102988 1e-07 1 103 2 220 -221 
221 0.0154983 0.006126786227823878 -1e-07 0.0155633 0.006218173126816949 1e-07 1 103 2 221 -222 
222 0.0154335 0.00603236836639965 -1e-07 0.0154985 0.006126986227823879 1e-07 1 103 2 222 -223 
223 0.0153687 0.005935088469432662 -1e-07 0.0154337 0.006032568366399651 1e-07 1 103 2 223 -224 
224 0.0153039 0.005835326646884638 -1e-07 0.0153689 0.005935288469432662 1e-07 1 103 2 224 -225 
225 0.0152391 0.00573347270655485 -1e-07 0.0153041 0.005835526646884638 1e-07 1 103 2 225 -226 
226 0.0151743 0.005629924630951167 -1e-07 0.0152393 0.005733672706554851 1e-07 1 103 2 226 -227 
227 0.0151095 0.005525087022219369 -1e-07 0.0151745 0.005630124630951167 1e-07 1 103 2 227 -228 
228 0.0150447 0.005419369521206998 -1e-07 0.0151097 0.00552528702221937 1e-07 1 103 2 228 -229 
229 0.0149799 0.005313185206839053 -1e-07 0.0150449 0.005419569521206999 1e-07 1 103 2 229 -230 
230 0.0149151 0.005206948982059804 -1e-07 0.0149801 0.005313385206839053 1e-07 1 103 2 230 -231 
231 0.0148503 0.00510107595264746 -1e-07 0.0149153 0.005207148982059804 1e-07 1 103 2 231 -232 
232 0.0147855 0.004995979805236279 -1e-07 0.0148505 0.005101275952647461 1e-07 1 103 2 232 -233 
233 0.0147207 0.004892071190883834 -1e-07 0.0147857 0.004996179805236279 1e-07 1 103 2 233 -234 
234 0.0146559 0.00478975612049942 -1e-07 0.0147209 0.004892271190883835 1e-07 1 103 2 234 -235 
235 0.0145911 0.004689434378403339 -1e-07 0.0146561 0.004789956120499421 1e-07 1 103 2 235 -236 
236 0.0145263 0.004591497960215823 -1e-07 0.0145913 0.00468963437840334 1e-07 1 103 2 236 -237 
237 0.0144615 0.004496329541179439 -1e-07 0.0145265 0.004591697960215824 1e-07 1 103 2 237 -238 
238 0.0143967 0.004404300980899769 -1e-07 0.0144617 0.00449652954117944 1e-07 1 103 2 238 -239 
239 0.0143319 0.004315771870346951 -1e-07 0.0143969 0.00440450098089977 1e-07 1 103 2 239 -240 
240 0.0142671 0.004231088126795496 -1e-07 0.0143321 0.004315971870346952 1e-07 1 103 2 240 -241 
241 0.0142023 0.004150580642192492 -1e-07 0.0142673 0.004231288126795497 1e-07 1 103 2 241 -242 
242 0.0141375 0.004074563990235538 -1e-07 0.0142025 0.004150780642192493 1e-07 1 103 2 242 -243 
243 0.0140727 0.004003335197212351 -1e-07 0.0141377 0.004074763990235539 1e-07 1 103 2 243 -244 
244 0.0140079 0.003937172581404855 -1e-07 0.0140729 0.004003535197212351 1e-07 1 103 2 244 -245 
245 0.0139431 0.00387633466559264 -1e-07 0.0140081 0.003937372581404855 1e-07 1 103 2 245 -246 
246 0.0138783 0.003821059166905057 -1e-07 0.0139433 0.003876534665592639 1e-07 1 103 2 246 -247 
247 0.0138135 0.003771562067968995 -1e-07 0.0138785 0.003821259166905057 1e-07 1 103 2 247 -248 
248 0.0137487 0.00372803677298171 -1e-07 0.0138137 0.003771762067968995 1e-07 1 103 2 248 -249 
249 0.0136839 0.003690653352006262 -1e-07 0.0137489 0.00372823677298171 1e-07 1 103 2 249 -250 
250 0.0136191 0.003659557876442385 -1e-07 0.0136841 0.003690853352006262 1e-07 1 103 2 250 -251 
251 0.0135543 0.003634871848269366 -1e-07 0.0136193 0.003659757876442384 1e-07 1 103 2 251 -252 
252 0.0134895 0.003616691725291094 -1e-07 0.0135545 0.003635071848269365 1e-07 1 103 2 252 -253 
253 0.0134247 0.00360508854423833 -1e-07 0.0134897 0.003616891725291093 1e-07 1 103 2 253 -254 
254 0.0133599 0.00360010764320089 -1e-07 0.0134249 0.00360528854423833 1e-07 1 103 2 254 -255 
255 0.0132951 0.00360010764320089 -1e-07 0.0133601 0.003601875060250576 1e-07 1 103 2 255 -256 
256 0.0132303 0.003601675060250576 -1e-07 0.0132953 0.003609756349587427 1e-07 1 103 2 256 -257 
257 0.0131655 0.003609556349587427 -1e-07 0.0132305 0.00362391033382359 1e-07 1 103 2 257 -258 
258 0.0131007 0.00362371033382359 -1e-07 0.0131657 0.003644281707900427 1e-07 1 103 2 258 -259 
259 0.0130359 0.003644081707900427 -1e-07 0.0131009 0.003670790873026593 1e-07 1 103 2 259 -260 
260 0.0129711 0.003670590873026593 -1e-07 0.0130361 0.003703334247701126 1e-07 1 103 2 260 -261 
261 0.0129063 0.003703134247701126 -1e-07 0.0129713 0.003741784672446192 1e-07 1 103 2 261 -262 
262 0.0128415 0.003741584672446192 -1e-07 0.0129065 0.003785991906668064 1e-07 1 103 2 262 -263 
263 0.0127767 0.003785791906668065 -1e-07 0.0128417 0.003835783215704888 1e-07 1 103 2 263 -264 
264 0.0127119 0.003835583215704888 -1e-07 0.0127769 0.003890964045767419 1e-07 1 103 2 264 -265 
265 0.0126471 0.003890764045767419 -1e-07 0.0127121 0.003951318784135488 1e-07 1 103 2 265 -266 
266 0.0125823 0.003951118784135487 -1e-07 0.0126473 0.004016611601639799 1e-07 1 103 2 266 -267 
267 0.0125175 0.004016411601639799 -1e-07 0.0125825 0.004086587374137171 1e-07 1 103 2 267 -268 
268 0.0124527 0.00408638737413717 -1e-07 0.0125177 0.004160972679378664 1e-07 1 103 2 268 -269 
269 0.0123879 0.004160772679378664 -1e-07 0.0124529 0.004239476865375432 1e-07 1 103 2 269 -270 
270 0.0123231 0.004239276865375431 -1e-07 0.0123881 0.004321793186087803 1e-07 1 103 2 270 -271 
271 0.0122583 0.004321593186087803 -1e-07 0.0123233 0.004407600000000001 1e-07 1 103 2 271 -272 
272 0.0121935 0.004407400000000001 -1e-07 0.0122585 0.004496562026897214 1e-07 1 103 2 272 -273 
273 0.0121287 0.004496362026897213 -1e-07 0.0121937 0.004588331657934317 1e-07 1 103 2 273 -274 
274 0.0120639 0.004588131657934317 -1e-07 0.0121289 0.004682550313877282 1e-07 1 103 2 274 -275 
275 0.0119991 0.004682350313877281 -1e-07 0.0120641 0.004778849846210117 1e-07 1 103 2 275 -276 
276 0.0119343 0.004778649846210116 -1e-07 0.0119993 0.004876853975632677 1e-07 1 103 2 276 -277 
277 0.0118695 0.004876653975632676 -1e-07 0.0119345 0.004976179762328567 1e-07 1 103 2 277 -278 
278 0.0118047 0.004975979762328567 -1e-07 0.0118697 0.005076439102258246 1e-07 1 103 2 278 -279 
279 0.0117399 0.005076239102258245 -1e-07 0.0118049 0.005177240243630735 1e-07 1 103 2 279 -280 
280 0.0116751 0.005177040243630734 -1e-07 0.0117401 0.005278189317628494 1e-07 1 103 2 280 -281 
281 0.0116103 0.005277989317628493 -1e-07 0.0116753 0.005378891877404337 1e-07 1 103 2 281 -282 
282 0.0115455 0.005378691877404336 -1e-07 0.0116105 0.005478954439336927 1e-07 1 103 2 282 -283 
283 0.0114807 0.005478754439336927 -1e-07 0.0115457 0.005577986020522583 1e-07 1 103 2 283 -284 
284 0.0114159 0.005577786020522582 -1e-07 0.0114809 0.005675599666495811 1e-07 1 103 2 284 -285 
285 0.0113511 0.00567539966649581 -1e-07 0.0114161 0.005771413963209198 1e-07 1 103 2 285 -286 
286 0.0112863 0.005771213963209197 -1e-07 0.0113513 0.005865054527364734 1e-07 1 103 2 286 -287 
287 0.0112215 0.005864854527364734 -1e-07 0.0112865 0.005956155469273323 1e-07 1 103 2 287 -288 
288 0.0111567 0.005955955469273322 -1e-07 0.0112217 0.00604436082252647 1e-07 1 103 2 288 -289 
289 0.0110919 0.006044160822526469 -1e-07 0.0111569 0.00612932593489392 1e-07 1 103 2 289 -290 
290 0.0110271 0.006129125934893919 -1e-07 0.0110921 0.006210718815012433 1e-07 1 103 2 290 -291 
291 0.0109623 0.006210518815012432 -1e-07 0.0110273 0.006288221429603698 1e-07 1 103 2 291 -292 
292 0.0108975 0.006288021429603698 -1e-07 0.0109625 0.006361530946152627 1e-07 1 103 2 292 -293 
293 0.0108327 0.006361330946152627 -1e-07 0.0108977 0.006430360916190443 1e-07 1 103 2 293 -294 
294 0.0107679 0.006430160916190442 -1e-07 0.0108329 0.006494442394558974 1e-07 1 103 2 294 -295 
295 0.0107031 0.006494242394558973 -1e-07 0.0107681 0.006553524990282807 1e-07 1 103 2 295 -296 
296 0.0106383 0.006553324990282806 -1e-07 0.0107033 0.006607377844943097 1e-07 1 103 2 296 -297 
297 0.0105735 0.006607177844943097 -1e-07 0.0106385 0.006655790534730179 1e-07 1 103 2 297 -298 
298 0.0105087 0.006655590534730179 -1e-07 0.0105737 0.006698573892650302 1e-07 1 103 2 298 -299 
299 0.0104439 0.006698373892650301 -1e-07 0.0105089 0.006735560747673801 1e-07 1 103 2 299 -300 
300 0.0103791 0.006735360747673801 -1e-07 0.0104441 0.006766606577936598 1e-07 1 103 2 300 -301 
301 0.0103143 0.006766406577936597 -1e-07 0.0103793 0.006791590075442683 1e-07 1 103 2 301 -302 
302 0.0102495 0.006791390075442683 -1e-07 0.0103145 0.006810413620061108 1e-07 1 103 2 302 -303 
303 0.0101847 0.006810213620061107 -1e-07 0.0102497 0.006823003660965366 1e-07 1 103 2 303 -304 
304 0.0101199 0.006822803660965365 -1e-07 0.0101849 0.006829311004024752 1e-07 1 103 2 304 -305 
305 0.0100551 0.006829111004024752 -1e-07 0.0101201 0.006829311004024752 1e-07 1 103 2 305 -306 
306 0.009990300000000002 0.006822803660965365 -1e-07 0.0100553 0.006829311004024752 1e-07 1 103 2 306 -307 
307 0.0099255 0.006810213620061107 -1e-07 0.009990500000000001 0.006823003660965366 1e-07 1 103 2 307 -308 
308 0.009860700000000002 0.006791390075442683 -1e-07 0.009925699999999999 0.006810413620061108 1e-07 1 103 2 308 -309 
309 0.0097959 0.006766406577936597 -1e-07 0.009860900000000001 0.006791590075442683 1e-07 1 103 2 309 -310 
310 0.009731100000000001 0.006735360747673801 -1e-07 0.009796099999999999 0.006766606577936598 1e-07 1 103 2 310 -311 
311 0.009666300000000001 0.006698373892650301 -1e-07 0.0097313 0.006735560747673801 1e-07 1 103 2 311 -312 
312 0.009601500000000002 0.006655590534730179 -1e-07 0.0096665 0.006698573892650302 1e-07 1 103 2 312 -313 
313 0.0095367 0.006607177844943097 -1e-07 0.009601700000000001 0.006655790534730179 1e-07 1 103 2 313 -314 
314 0.0094719 0.006553324990282806 -1e-07 0.009536899999999999 0.006607377844943097 1e-07 1 103 2 314 -315 
315 0.0094071 0.006494242394558973 -1e-07 0.009472099999999999 0.006553524990282807 1e-07 1 103 2 315 -316 
316 0.009342300000000001 0.006430160916190442 -1e-07 0.009407299999999999 0.006494442394558974 1e-07 1 103 2 316 -317 
317 0.009277500000000001 0.006361330946152627 -1e-07 0.0093425 0.006430360916190443 1e-07 1 103 2 317 -318 
318 0.009212700000000001 0.006288021429603698 -1e-07 0.0092777 0.006361530946152627 1e-07 1 103 2 318 -319 
319 0.0091479 0.006210518815012432 -1e-07 0.0092129 0.006288221429603698 1e-07 1 103 2 319 -320 
320 0.009083100000000002 0.006129125934893919 -1e-07 0.009148099999999999 0.006210718815012433 1e-07 1 103 2 320 -321 
321 0.0090183 0.006044160822526469 -1e-07 0.009083300000000001 0.00612932593489392 1e-07 1 103 2 321 -322 
322 0.008953500000000001 0.005955955469273322 -1e-07 0.009018499999999999 0.00604436082252647 1e-07 1 103 2 322 -323 
323 0.008888700000000001 0.005864854527364734 -1e-07 0.0089537 0.005956155469273323 1e-07 1 103 2 323 -324 
324 0.008823900000000001 0.005771213963209197 -1e-07 0.0088889 0.005865054527364734 1e-07 1 103 2 324 -325 
325 0.008759100000000002 0.00567539966649581 -1e-07 0.0088241 0.005771413963209198 1e-07 1 103 2 325 -326 
326 0.0086943 0.005577786020522582 -1e-07 0.008759300000000001 0.005675599666495811 1e-07 1 103 2 326 -327 
327 0.0086295 0.005478754439336927 -1e-07 0.008694499999999999 0.005577986020522583 1e-07 1 103 2 327 -328 
328 0.008564700000000001 0.005378691877404336 -1e-07 0.008629699999999999 0.005478954439336927 1e-07 1 103 2 328 -329 
329 0.008499900000000001 0.005277989317628493 -1e-07 0.0085649 0.005378891877404337 1e-07 1 103 2 329 -330 
330 0.008435100000000001 0.005177040243630734 -1e-07 0.0085001 0.005278189317628494 1e-07 1 103 2 330 -331 
331 0.008370300000000001 0.005076239102258245 -1e-07 0.0084353 0.005177240243630735 1e-07 1 103 2 331 -332 
332 0.0083055 0.004975979762328567 -1e-07 0.008370499999999999 0.005076439102258246 1e-07 1 103 2 332 -333 
333 0.0082407 0.004876653975632676 -1e-07 0.008305699999999999 0.004976179762328567 1e-07 1 103 2 333 -334 
334 0.008175900000000002 0.004778649846210116 -1e-07 0.008240899999999999 0.004876853975632677 1e-07 1 103 2 334 -335 
335 0.008111100000000001 0.004682350313877282 -1e-07 0.0081761 0.004778849846210117 1e-07 1 103 2 335 -336 
336 0.008046299999999999 0.004588131657934317 -1e-07 0.0081113 0.004682550313877282 1e-07 1 103 2 336 -337 
337 0.007981500000000001 0.004496362026897213 -1e-07 0.008046499999999998 0.004588331657934317 1e-07 1 103 2 337 -338 
338 0.0079167 0.004407400000000001 -1e-07 0.0079817 0.004496562026897214 1e-07 1 103 2 338 -339 
339 0.007851900000000002 0.004321593186087803 -1e-07 0.007916899999999999 0.004407600000000001 1e-07 1 103 2 339 -340 
340 0.0077871 0.004239276865375431 -1e-07 0.007852100000000001 0.004321793186087803 1e-07 1 103 2 340 -341 
341 0.007722299999999999 0.004160772679378663 -1e-07 0.0077873 0.004239476865375432 1e-07 1 103 2 341 -342 
342 0.0076575 0.00408638737413717 -1e-07 0.007722499999999999 0.004160972679378663 1e-07 1 103 2 342 -343 
343 0.0075927 0.004016411601639799 -1e-07 0.007657700000000001 0.00408658737413717 1e-07 1 103 2 343 -344 
344 0.007527900000000001 0.003951118784135487 -1e-07 0.007592900000000001 0.004016611601639799 1e-07 1 103 2 344 -345 
345 0.0074631 0.003890764045767419 -1e-07 0.007528100000000001 0.003951318784135488 1e-07 1 103 2 345 -346 
346 0.007398299999999998 0.003835583215704888 -1e-07 0.007463300000000001 0.003890964045767419 1e-07 1 103 2 346 -347 
347 0.007333500000000001 0.003785791906668065 -1e-07 0.007398499999999999 0.003835783215704888 1e-07 1 103 2 347 -348 
348 0.0072687 0.003741584672446193 -1e-07 0.007333700000000001 0.003785991906668065 1e-07 1 103 2 348 -349 
349 0.007203899999999998 0.003703134247701126 -1e-07 0.007268900000000001 0.003741784672446193 1e-07 1 103 2 349 -350 
350 0.007139100000000001 0.003670590873026594 -1e-07 0.007204099999999999 0.003703334247701126 1e-07 1 103 2 350 -351 
351 0.007074299999999999 0.003644081707900427 -1e-07 0.007139300000000001 0.003670790873026593 1e-07 1 103 2 351 -352 
352 0.007009500000000001 0.00362371033382359 -1e-07 0.007074499999999999 0.003644281707900427 1e-07 1 103 2 352 -353 
353 0.006944700000000001 0.003609556349587427 -1e-07 0.007009700000000002 0.00362391033382359 1e-07 1 103 2 353 -354 
354 0.006879899999999999 0.003601768484474291 -1e-07 0.006944900000000001 0.003609756349587427 1e-07 1 103 2 354 -355 
355 0.006815100000000001 0.00360010764320089 -1e-07 0.006880099999999999 0.003601968484474291 1e-07 1 103 2 355 -356 
356 0.006750299999999999 0.00360010764320089 -1e-07 0.006815300000000002 0.00360528854423833 1e-07 1 103 2 356 -357 
357 0.0066855 0.00360508854423833 -1e-07 0.0067505 0.003616891725291093 1e-07 1 103 2 357 -358 
358 0.006620700000000001 0.003616691725291094 -1e-07 0.006685700000000001 0.003635071848269365 1e-07 1 103 2 358 -359 
359 0.006555899999999999 0.003634871848269366 -1e-07 0.006620900000000002 0.003659757876442385 1e-07 1 103 2 359 -360 
360 0.006491100000000001 0.003659557876442385 -1e-07 0.0065561 0.003690853352006262 1e-07 1 103 2 360 -361 
361 0.006426299999999999 0.003690653352006263 -1e-07 0.006491300000000001 0.003728236772981711 1e-07 1 103 2 361 -362 
362 0.006361499999999999 0.003728036772981711 -1e-07 0.0064265 0.003771762067968996 1e-07 1 103 2 362 -363 
363 0.006296700000000001 0.003771562067968996 -1e-07 0.0063617 0.003821259166905057 1e-07 1 103 2 363 -364 
364 0.006231899999999999 0.003821059166905057 -1e-07 0.006296900000000001 0.003876534665592638 1e-07 1 103 2 364 -365 
365 0.006167100000000001 0.003876334665592638 -1e-07 0.0062321 0.003937372581404854 1e-07 1 103 2 365 -366 
366 0.006102299999999999 0.003937172581404853 -1e-07 0.006167300000000001 0.004003535197212351 1e-07 1 103 2 366 -367 
367 0.006037499999999999 0.00400333519721235 -1e-07 0.006102499999999999 0.004074763990235538 1e-07 1 103 2 367 -368 
368 0.005972700000000001 0.004074563990235537 -1e-07 0.0060377 0.004150780642192492 1e-07 1 103 2 368 -369 
369 0.005907899999999999 0.004150580642192491 -1e-07 0.005972900000000001 0.004231288126795496 1e-07 1 103 2 369 -370 
370 0.0058431 0.004231088126795495 -1e-07 0.005908099999999999 0.00431597187034695 1e-07 1 103 2 370 -371 
371 0.005778299999999999 0.004315771870346949 -1e-07 0.0058433 0.00440450098089977 1e-07 1 103 2 371 -372 
372 0.0057135 0.004404300980899769 -1e-07 0.0057785 0.00449652954117944 1e-07 1 103 2 372 -373 
373 0.005648700000000001 0.004496329541179439 -1e-07 0.0057137 0.004591697960215824 1e-07 1 103 2 373 -374 
374 0.005583899999999999 0.004591497960215823 -1e-07 0.005648900000000002 0.00468963437840334 1e-07 1 103 2 374 -375 
375 0.0055191 0.004689434378403339 -1e-07 0.0055841 0.004789956120499422 1e-07 1 103 2 375 -376 
376 0.0054543 0.004789756120499421 -1e-07 0.0055193 0.004892271190883835 1e-07 1 103 2 376 -377 
377 0.005389499999999999 0.004892071190883834 -1e-07 0.0054545 0.004996179805236281 1e-07 1 103 2 377 -378 
378 0.005324700000000002 0.004995979805236281 -1e-07 0.0053897 0.005101275952647462 1e-07 1 103 2 378 -379 
379 0.0052599 0.005101075952647461 -1e-07 0.005324900000000002 0.005207148982059806 1e-07 1 103 2 379 -380 
380 0.005195099999999999 0.005206948982059805 -1e-07 0.0052601 0.005313385206839051 1e-07 1 103 2 380 -381 
381 0.0051303 0.005313185206839051 -1e-07 0.0051953 0.005419569521206998 1e-07 1 103 2 381 -382 
382 0.0050655 0.005419369521206997 -1e-07 0.005130500000000001 0.005525287022219369 1e-07 1 103 2 382 -383 
383 0.005000699999999999 0.005525087022219368 -1e-07 0.0050657 0.005630124630951166 1e-07 1 103 2 383 -384 
384 0.0049359 0.005629924630951165 -1e-07 0.0050009 0.00573367270655485 1e-07 1 103 2 384 -385 
385 0.0048711 0.005733472706554849 -1e-07 0.004936100000000001 0.005835526646884637 1e-07 1 103 2 385 -386 
386 0.004806299999999999 0.005835326646884636 -1e-07 0.0048713 0.005935288469432662 1e-07 1 103 2 386 -387 
387 0.0047415 0.005935088469432662 -1e-07 0.0048065 0.006032568366399651 1e-07 1 103 2 387 -388 
388 0.0046767 0.00603236836639965 -1e-07 0.004741700000000001 0.006126986227823879 1e-07 1 103 2 388 -389 
389 0.0046119 0.006126786227823878 -1e-07 0.0046769 0.006218173126816949 1e-07 1 103 2 389 -390 
390 0.0045471 0.006217973126816948 -1e-07 0.0046121 0.006305772761102988 1e-07 1 103 2 390 -391 
391 0.0044823 0.006305572761102988 -1e-07 0.004547300000000001 0.006389442845228645 1e-07 1 103 2 391 -392 
392 0.0044175 0.006389242845228645 -1e-07 0.0044825 0.006468856448003961 1e-07 1 103 2 392 -393 
393 0.0043527 0.00646865644800396 -1e-07 0.004417700000000001 0.006543703269948239 1e-07 1 103 2 393 -394 
394 0.0042879 0.006543503269948238 -1e-07 0.004352900000000001 0.00661369085574942 1e-07 1 103 2 394 -395 
395 0.0042231 0.00661349085574942 -1e-07 0.0042881 0.006678545736999446 1e-07 1 103 2 395 -396 
396 0.0041583 0.006678345736999445 -1e-07 0.004223300000000001 0.006738014500740466 1e-07 1 103 2 396 -397 
397 0.0040935 0.006737814500740466 -1e-07 0.004158500000000001 0.006791864779646713 1e-07 1 103 2 397 -398 
398 0.004028700000000001 0.006791664779646712 -1e-07 0.0040937 0.006839886159972984 1e-07 1 103 2 398 -399 
399 0.0039639 0.006839686159972983 -1e-07 0.004028900000000001 0.006881891003722047 1e-07 1 103 2 399 -400 
400 0.003899100000000001 0.006881691003722047 -1e-07 0.003964100000000001 0.006917715181818447 1e-07 1 103 2 400 -401 
401 0.003834300000000001 0.006917515181818447 -1e-07 0.003899300000000001 0.006947218715423908 1e-07 1 103 2 401 -402 
402 0.003769500000000001 0.006947018715423908 -1e-07 0.0038345 0.00697028632288848 1e-07 1 103 2 402 -403 
403 0.003704700000000001 0.006970086322888479 -1e-07 0.0037697 0.006986827870200265 1e-07 1 103 2 403 -404 
404 0.003639899999999999 0.006986627870200265 -1e-07 0.003704900000000001 0.006996778723173667 1e-07 1 103 2 404 -405 
405 -1.000000000002735e-07 0.006996578723173667 -1e-07 0.003640099999999999 0.0070001 1e-07 1 103 2 405 -406 
406 -1e-07 -9.99999999998398e-08 -1e-07 1e-07 0.0070001 1e-07 1 101 2 406 -1 
1 -9.999999999940612e-08 -9.99999999998398e-08 -1e-07 0.0170001 0.0070001 1e-07 1 201 406 1 2 3 4 5 6 7 8 9 10 11 12 13 14 15 16 17 18 19 20 21 22 23 24 25 26 27 28 29 30 31 32 33 34 35 36 37 38 39 40 41 42 43 44 45 46 47 48 49 50 51 52 53 54 55 56 57 58 59 60 61 62 63 64 65 66 67 68 69 70 71 72 73 74 75 76 77 78 79 80 81 82 83 84 85 86 87 88 89 90 91 92 93 94 95 96 97 98 99 100 101 102 103 104 105 106 107 108 109 110 111 112 113 114 115 116 117 118 119 120 121 122 123 124 125 126 127 128 129 130 131 132 133 134 135 136 137 138 139 140 141 142 143 144 145 146 147 148 149 150 151 152 153 154 155 156 157 158 159 160 161 162 163 164 165 166 167 168 169 170 171 172 173 174 175 176 177 178 179 180 181 182 183 184 185 186 187 188 189 190 191 192 193 194 195 196 197 198 199 200 201 202 203 204 205 206 207 208 209 210 211 212 213 214 215 216 217 218 219 220 221 222 223 224 225 226 227 228 229 230 231 232 233 234 235 236 237 238 239 240 241 242 243 244 245 246 247 248 249 250 251 252 253 254 255 256 257 258 259 260 261 262 263 264 265 266 267 268 269 270 271 272 273 274 275 276 277 278 279 280 281 282 283 284 285 286 287 288 289 290 291 292 293 294 295 296 297 298 299 300 301 302 303 304 305 306 307 308 309 310 311 312 313 314 315 316 317 318 319 320 321 322 323 324 325 326 327 328 329 330 331 332 333 334 335 336 337 338 339 340 341 342 343 344 345 346 347 348 349 350 351 352 353 354 355 356 357 358 359 360 361 362 363 364 365 366 367 368 369 370 371 372 373 374 375 376 377 378 379 380 381 382 383 384 385 386 387 388 389 390 391 392 393 394 395 396 397 398 399 400 401 402 403 404 405 406 
$EndEntities
$Nodes
813 4885 1 4885
0 1 0 1
1
0 0 0
0 2 0 1
2
0.0004 0 0
0 3 0 1
3
0.0004648 3.32127682633282e-06 0
0 4 0 1
4
0.0005296000000000001 1.3272129799735e-05 0
0 5 0 1
5
0.0005944 2.981367711152062e-05 0
0 6 0 1
6
0.0006592 5.288128457609165e-05 0
0 7 0 1
7
0.000724 8.238481818155278e-05 0
0 8 0 1
8
0.0007888 0.0001182089962779527 0
0 9 0 1
9
0.0008535999999999999 0.0001602138400270161 0
0 10 0 1
10
0.0009184 0.0002082352203532869 0
0 11 0 1
11
0.0009832 0.0002620854992595345 0
0 12 0 1
12
0.001048 0.0003215542630005555 0
0 13 0 1
13
0.0011128 0.0003864091442505805 0
0 14 0 1
14
0.0011776 0.0004563967300517627 0
0 15 0 1
15
0.0012424 0.0005312435519960402 0
0 16 0 1
16
0.0013072 0.0006106571547713558 0
0 17 0 1
17
0.001372 0.0006943272388970121 0
0 18 0 1
18
0.0014368 0.0007819268731830512 0
0 19 0 1
19
0.0015016 0.0008731137721761211 0
0 20 0 1
20
0.0015664 0.0009675316336003502 0
0 21 0 1
21
0.0016312 0.001064811530567338 0
0 22 0 1
22
0.001696 0.001164573353115362 0
0 23 0 1
23
0.0017608 0.00126642729344515 0
0 24 0 1
24
0.0018256 0.001369975369048833 0
0 25 0 1
25
0.0018904 0.001474812977780631 0
0 26 0 1
26
0.0019552 0.001580530478793002 0
0 27 0 1
27
0.00202 0.001686714793160947 0
0 28 0 1
28
0.0020848 0.001792951017940197 0
0 29 0 1
29
0.0021496 0.00189882404735254 0
0 30 0 1
30
0.0022144 0.00200392019476372 0
0 31 0 1
31
0.0022792 0.002107828809116166 0
0 32 0 1
32
0.002344 0.002210143879500579 0
0 33 0 1
33
0.0024088 0.002310465621596662 0
0 34 0 1
34
0.0024736 0.002408402039784177 0
0 35 0 1
35
0.0025384 0.002503570458820561 0
0 36 0 1
36
0.0026032 0.002595599019100231 0
0 37 0 1
37
0.002668 0.002684128129653049 0
0 38 0 1
38
0.0027328 0.002768811873204504 0
0 39 0 1
39
0.0027976 0.002849319357807507 0
0 40 0 1
40
0.0028624 0.002925336009764462 0
0 41 0 1
41
0.0029272 0.002996564802787649 0
0 42 0 1
42
0.002992 0.003062727418595145 0
0 43 0 1
43
0.0030568 0.003123565334407361 0
0 44 0 1
44
0.0031216 0.003178840833094943 0
0 45 0 1
45
0.0031864 0.003228337932031005 0
0 46 0 1
46
0.0032512 0.00327186322701829 0
0 47 0 1
47
0.003316 0.003309246647993738 0
0 48 0 1
48
0.0033808 0.003340342123557616 0
0 49 0 1
49
0.0034456 0.003365028151730635 0
0 50 0 1
50
0.0035104 0.003383208274708907 0
0 51 0 1
51
0.0035752 0.00339481145576167 0
0 52 0 1
52
0.00364 0.00339979235679911 0
0 53 0 1
53
0.0037048 0.003398224939749424 0
0 54 0 1
54
0.0037696 0.003390343650412573 0
0 55 0 1
55
0.0038344 0.00337618966617641 0
0 56 0 1
56
0.0038992 0.003355818292099573 0
0 57 0 1
57
0.003964 0.003329309126973407 0
0 58 0 1
58
0.0040288 0.003296765752298874 0
0 59 0 1
59
0.0040936 0.003258315327553808 0
0 60 0 1
60
0.0041584 0.003214108093331936 0
0 61 0 1
61
0.004223200000000001 0.003164316784295112 0
0 62 0 1
62
0.004288 0.003109135954232581 0
0 63 0 1
63
0.0043528 0.003048781215864512 0
0 64 0 1
64
0.004417600000000001 0.002983488398360202 0
0 65 0 1
65
0.0044824 0.002913512625862829 0
0 66 0 1
66
0.0045472 0.002839127320621336 0
0 67 0 1
67
0.004612 0.002760623134624569 0
0 68 0 1
68
0.004676800000000001 0.002678306813912197 0
0 69 0 1
69
0.0047416 0.0025925 0
0 70 0 1
70
0.0048064 0.002503537973102786 0
0 71 0 1
71
0.0048712 0.002411768342065683 0
0 72 0 1
72
0.004936 0.002317549686122719 0
0 73 0 1
73
0.005000800000000001 0.002221250153789884 0
0 74 0 1
74
0.0050656 0.002123246024367324 0
0 75 0 1
75
0.0051304 0.002023920237671434 0
0 76 0 1
76
0.0051952 0.001923660897741754 0
0 77 0 1
77
0.005260000000000001 0.001822859756369265 0
0 78 0 1
78
0.005324800000000001 0.001721910682371507 0
0 79 0 1
79
0.0053896 0.001621208122595664 0
0 80 0 1
80
0.0054544 0.001521145560663073 0
0 81 0 1
81
0.005519200000000001 0.001422113979477418 0
0 82 0 1
82
0.005584 0.00132450033350419 0
0 83 0 1
83
0.005648800000000001 0.001228686036790802 0
0 84 0 1
84
0.0057136 0.001135045472635266 0
0 85 0 1
85
0.0057784 0.001043944530726678 0
0 86 0 1
86
0.005843200000000001 0.0009557391774735303 0
0 87 0 1
87
0.005908 0.0008707740651060805 0
0 88 0 1
88
0.0059728 0.0007893811849875668 0
0 89 0 1
89
0.0060376 0.0007118785703963024 0
0 90 0 1
90
0.0061024 0.0006385690538473734 0
0 91 0 1
91
0.0061672 0.0005697390838095577 0
0 92 0 1
92
0.006232000000000001 0.0005056576054410264 0
0 93 0 1
93
0.0062968 0.0004465750097171938 0
0 94 0 1
94
0.0063616 0.0003927221550569035 0
0 95 0 1
95
0.006426400000000001 0.0003443094652698207 0
0 96 0 1
96
0.0064912 0.0003015261073496986 0
0 97 0 1
97
0.006556 0.000264539252326199 0
0 98 0 1
98
0.0066208 0.000233493422063403 0
0 99 0 1
99
0.0066856 0.0002085099245573174 0
0 100 0 1
100
0.0067504 0.0001896863799388924 0
0 101 0 1
101
0.0068152 0.0001770963390346346 0
0 102 0 1
102
0.006880000000000001 0.0001707889959752476 0
0 103 0 1
103
0.0069448 0.0001707889959752476 0
0 104 0 1
104
0.0070096 0.0001770963390346346 0
0 105 0 1
105
0.0070744 0.0001896863799388924 0
0 106 0 1
106
0.0071392 0.0002085099245573174 0
0 107 0 1
107
0.007204000000000001 0.000233493422063403 0
0 108 0 1
108
0.0072688 0.000264539252326199 0
0 109 0 1
109
0.0073336 0.0003015261073496986 0
0 110 0 1
110
0.007398399999999999 0.0003443094652698207 0
0 111 0 1
111
0.007463200000000001 0.0003927221550569035 0
0 112 0 1
112
0.007528000000000001 0.0004465750097171938 0
0 113 0 1
113
0.007592799999999999 0.0005056576054410264 0
0 114 0 1
114
0.0076576 0.0005697390838095577 0
0 115 0 1
115
0.007722400000000001 0.0006385690538473734 0
0 116 0 1
116
0.0077872 0.0007118785703963024 0
0 117 0 1
117
0.007852000000000001 0.0007893811849875668 0
0 118 0 1
118
0.0079168 0.0008707740651060805 0
0 119 0 1
119
0.0079816 0.0009557391774735303 0
0 120 0 1
120
0.0080464 0.001043944530726678 0
0 121 0 1
121
0.008111200000000001 0.001135045472635266 0
0 122 0 1
122
0.008176000000000001 0.001228686036790802 0
0 123 0 1
123
0.008240799999999998 0.00132450033350419 0
0 124 0 1
124
0.0083056 0.001422113979477418 0
0 125 0 1
125
0.0083704 0.001521145560663073 0
0 126 0 1
126
0.0084352 0.001621208122595664 0
0 127 0 1
127
0.008500000000000001 0.001721910682371507 0
0 128 0 1
128
0.008564800000000001 0.001822859756369265 0
0 129 0 1
129
0.008629599999999999 0.001923660897741754 0
0 130 0 1
130
0.0086944 0.002023920237671434 0
0 131 0 1
131
0.0087592 0.002123246024367324 0
0 132 0 1
132
0.008824 0.002221250153789883 0
0 133 0 1
133
0.008888800000000001 0.002317549686122718 0
0 134 0 1
134
0.008953600000000003 0.002411768342065683 0
0 135 0 1
135
0.009018399999999999 0.002503537973102786 0
0 136 0 1
136
0.0090832 0.0025925 0
0 137 0 1
137
0.009148 0.002678306813912197 0
0 138 0 1
138
0.0092128 0.002760623134624569 0
0 139 0 1
139
0.009277600000000002 0.002839127320621337 0
0 140 0 1
140
0.009342399999999999 0.00291351262586283 0
0 141 0 1
141
0.009407199999999999 0.002983488398360201 0
0 142 0 1
142
0.009472 0.003048781215864512 0
0 143 0 1
143
0.0095368 0.003109135954232581 0
0 144 0 1
144
0.009601600000000002 0.003164316784295112 0
0 145 0 1
145
0.0096664 0.003214108093331935 0
0 146 0 1
146
0.009731199999999999 0.003258315327553807 0
0 147 0 1
147
0.009796000000000001 0.003296765752298874 0
0 148 0 1
148
0.009860799999999999 0.003329309126973407 0
0 149 0 1
149
0.009925600000000001 0.003355818292099573 0
0 150 0 1
150
0.0099904 0.00337618966617641 0
0 151 0 1
151
0.0100552 0.003390343650412573 0
0 152 0 1
152
0.01012 0.003398131515525709 0
0 153 0 1
153
0.0101848 0.00339979235679911 0
0 154 0 1
154
0.0102496 0.00339481145576167 0
0 155 0 1
155
0.0103144 0.003383208274708907 0
0 156 0 1
156
0.0103792 0.003365028151730635 0
0 157 0 1
157
0.010444 0.003340342123557615 0
0 158 0 1
158
0.0105088 0.003309246647993738 0
0 159 0 1
159
0.0105736 0.003271863227018289 0
0 160 0 1
160
0.0106384 0.003228337932031004 0
0 161 0 1
161
0.0107032 0.003178840833094943 0
0 162 0 1
162
0.010768 0.003123565334407362 0
0 163 0 1
163
0.0108328 0.003062727418595146 0
0 164 0 1
164
0.0108976 0.00299656480278765 0
0 165 0 1
165
0.0109624 0.002925336009764462 0
0 166 0 1
166
0.0110272 0.002849319357807508 0
0 167 0 1
167
0.011092 0.002768811873204505 0
0 168 0 1
168
0.0111568 0.00268412812965305 0
0 169 0 1
169
0.0112216 0.002595599019100231 0
0 170 0 1
170
0.0112864 0.002503570458820561 0
0 171 0 1
171
0.0113512 0.002408402039784177 0
0 172 0 1
172
0.011416 0.002310465621596661 0
0 173 0 1
173
0.0114808 0.002210143879500579 0
0 174 0 1
174
0.0115456 0.002107828809116165 0
0 175 0 1
175
0.0116104 0.002003920194763718 0
0 176 0 1
176
0.0116752 0.001898824047352539 0
0 177 0 1
177
0.01174 0.001792951017940194 0
0 178 0 1
178
0.0118048 0.001686714793160949 0
0 179 0 1
179
0.0118696 0.001580530478793003 0
0 180 0 1
180
0.0119344 0.001474812977780632 0
0 181 0 1
181
0.0119992 0.001369975369048834 0
0 182 0 1
182
0.012064 0.001266427293445151 0
0 183 0 1
183
0.0121288 0.001164573353115363 0
0 184 0 1
184
0.0121936 0.001064811530567339 0
0 185 0 1
185
0.0122584 0.0009675316336003506 0
0 186 0 1
186
0.0123232 0.0008731137721761211 0
0 187 0 1
187
0.012388 0.0007819268731830511 0
0 188 0 1
188
0.0124528 0.0006943272388970117 0
0 189 0 1
189
0.0125176 0.0006106571547713551 0
0 190 0 1
190
0.0125824 0.0005312435519960395 0
0 191 0 1
191
0.0126472 0.0004563967300517622 0
0 192 0 1
192
0.012712 0.00038640914425058 0
0 193 0 1
193
0.0127768 0.0003215542630005547 0
0 194 0 1
194
0.0128416 0.0002620854992595336 0
0 195 0 1
195
0.0129064 0.0002082352203532877 0
0 196 0 1
196
0.0129712 0.0001602138400270166 0
0 197 0 1
197
0.013036 0.0001182089962779533 0
0 198 0 1
198
0.0131008 8.238481818155316e-05 0
0 199 0 1
199
0.0131656 5.288128457609185e-05 0
0 200 0 1
200
0.0132304 2.981367711152062e-05 0
0 201 0 1
201
0.0132952 1.3272129799735e-05 0
0 202 0 1
202
0.01336 3.32127682633282e-06 0
0 203 0 1
203
0.017 0 0
0 204 0 1
204
0.017 0.007 0
0 205 0 1
205
0.0166 0.007 0
0 206 0 1
206
0.0165352 0.006996678723173667 0
0 207 0 1
207
0.0164704 0.006986727870200265 0
0 208 0 1
208
0.0164056 0.00697018632288848 0
0 209 0 1
209
0.0163408 0.006947118715423908 0
0 210 0 1
210
0.016276 0.006917615181818447 0
0 211 0 1
211
0.0162112 0.006881791003722048 0
0 212 0 1
212
0.0161464 0.006839786159972984 0
0 213 0 1
213
0.0160816 0.006791764779646713 0
0 214 0 1
214
0.0160168 0.006737914500740465 0
0 215 0 1
215
0.015952 0.006678445736999445 0
0 216 0 1
216
0.0158872 0.006613590855749419 0
0 217 0 1
217
0.0158224 0.006543603269948238 0
0 218 0 1
218
0.0157576 0.00646875644800396 0
0 219 0 1
219
0.0156928 0.006389342845228645 0
0 220 0 1
220
0.015628 0.006305672761102988 0
0 221 0 1
221
0.0155632 0.006218073126816949 0
0 222 0 1
222
0.0154984 0.006126886227823878 0
0 223 0 1
223
0.0154336 0.00603246836639965 0
0 224 0 1
224
0.0153688 0.005935188469432662 0
0 225 0 1
225
0.015304 0.005835426646884638 0
0 226 0 1
226
0.0152392 0.00573357270655485 0
0 227 0 1
227
0.0151744 0.005630024630951167 0
0 228 0 1
228
0.0151096 0.00552518702221937 0
0 229 0 1
229
0.0150448 0.005419469521206998 0
0 230 0 1
230
0.01498 0.005313285206839053 0
0 231 0 1
231
0.0149152 0.005207048982059804 0
0 232 0 1
232
0.0148504 0.00510117595264746 0
0 233 0 1
233
0.0147856 0.004996079805236279 0
0 234 0 1
234
0.0147208 0.004892171190883835 0
0 235 0 1
235
0.014656 0.004789856120499421 0
0 236 0 1
236
0.0145912 0.004689534378403339 0
0 237 0 1
237
0.0145264 0.004591597960215824 0
0 238 0 1
238
0.0144616 0.00449642954117944 0
0 239 0 1
239
0.0143968 0.00440440098089977 0
0 240 0 1
240
0.014332 0.004315871870346951 0
0 241 0 1
241
0.0142672 0.004231188126795496 0
0 242 0 1
242
0.0142024 0.004150680642192492 0
0 243 0 1
243
0.0141376 0.004074663990235539 0
0 244 0 1
244
0.0140728 0.004003435197212351 0
0 245 0 1
245
0.014008 0.003937272581404855 0
0 246 0 1
246
0.0139432 0.003876434665592639 0
0 247 0 1
247
0.0138784 0.003821159166905057 0
0 248 0 1
248
0.0138136 0.003771662067968995 0
0 249 0 1
249
0.0137488 0.00372813677298171 0
0 250 0 1
250
0.013684 0.003690753352006262 0
0 251 0 1
251
0.0136192 0.003659657876442385 0
0 252 0 1
252
0.0135544 0.003634971848269366 0
0 253 0 1
253
0.0134896 0.003616791725291094 0
0 254 0 1
254
0.0134248 0.00360518854423833 0
0 255 0 1
255
0.01336 0.00360020764320089 0
0 256 0 1
256
0.0132952 0.003601775060250576 0
0 257 0 1
257
0.0132304 0.003609656349587427 0
0 258 0 1
258
0.0131656 0.00362381033382359 0
0 259 0 1
259
0.0131008 0.003644181707900427 0
0 260 0 1
260
0.013036 0.003670690873026593 0
0 261 0 1
261
0.0129712 0.003703234247701126 0
0 262 0 1
262
0.0129064 0.003741684672446192 0
0 263 0 1
263
0.0128416 0.003785891906668064 0
0 264 0 1
264
0.0127768 0.003835683215704888 0
0 265 0 1
265
0.012712 0.003890864045767419 0
0 266 0 1
266
0.0126472 0.003951218784135488 0
0 267 0 1
267
0.0125824 0.004016511601639799 0
0 268 0 1
268
0.0125176 0.004086487374137171 0
0 269 0 1
269
0.0124528 0.004160872679378664 0
0 270 0 1
270
0.012388 0.004239376865375431 0
0 271 0 1
271
0.0123232 0.004321693186087803 0
0 272 0 1
272
0.0122584 0.004407500000000001 0
0 273 0 1
273
0.0121936 0.004496462026897213 0
0 274 0 1
274
0.0121288 0.004588231657934317 0
0 275 0 1
275
0.012064 0.004682450313877281 0
0 276 0 1
276
0.0119992 0.004778749846210116 0
0 277 0 1
277
0.0119344 0.004876753975632676 0
0 278 0 1
278
0.0118696 0.004976079762328567 0
0 279 0 1
279
0.0118048 0.005076339102258245 0
0 280 0 1
280
0.01174 0.005177140243630735 0
0 281 0 1
281
0.0116752 0.005278089317628494 0
0 282 0 1
282
0.0116104 0.005378791877404337 0
0 283 0 1
283
0.0115456 0.005478854439336927 0
0 284 0 1
284
0.0114808 0.005577886020522583 0
0 285 0 1
285
0.011416 0.00567549966649581 0
0 286 0 1
286
0.0113512 0.005771313963209197 0
0 287 0 1
287
0.0112864 0.005864954527364734 0
0 288 0 1
288
0.0112216 0.005956055469273322 0
0 289 0 1
289
0.0111568 0.00604426082252647 0
0 290 0 1
290
0.011092 0.00612922593489392 0
0 291 0 1
291
0.0110272 0.006210618815012433 0
0 292 0 1
292
0.0109624 0.006288121429603698 0
0 293 0 1
293
0.0108976 0.006361430946152627 0
0 294 0 1
294
0.0108328 0.006430260916190442 0
0 295 0 1
295
0.010768 0.006494342394558973 0
0 296 0 1
296
0.0107032 0.006553424990282807 0
0 297 0 1
297
0.0106384 0.006607277844943097 0
0 298 0 1
298
0.0105736 0.006655690534730179 0
0 299 0 1
299
0.0105088 0.006698473892650302 0
0 300 0 1
300
0.010444 0.006735460747673801 0
0 301 0 1
301
0.0103792 0.006766506577936597 0
0 302 0 1
302
0.0103144 0.006791490075442683 0
0 303 0 1
303
0.0102496 0.006810313620061108 0
0 304 0 1
304
0.0101848 0.006822903660965366 0
0 305 0 1
305
0.01012 0.006829211004024752 0
0 306 0 1
306
0.0100552 0.006829211004024752 0
0 307 0 1
307
0.009990400000000002 0.006822903660965366 0
0 308 0 1
308
0.0099256 0.006810313620061108 0
0 309 0 1
309
0.009860800000000001 0.006791490075442683 0
0 310 0 1
310
0.009795999999999999 0.006766506577936597 0
0 311 0 1
311
0.009731200000000001 0.006735460747673801 0
0 312 0 1
312
0.0096664 0.006698473892650302 0
0 313 0 1
313
0.009601600000000002 0.006655690534730179 0
0 314 0 1
314
0.0095368 0.006607277844943097 0
0 315 0 1
315
0.009472 0.006553424990282807 0
0 316 0 1
316
0.009407199999999999 0.006494342394558973 0
0 317 0 1
317
0.009342400000000001 0.006430260916190442 0
0 318 0 1
318
0.0092776 0.006361430946152627 0
0 319 0 1
319
0.0092128 0.006288121429603698 0
0 320 0 1
320
0.009148 0.006210618815012433 0
0 321 0 1
321
0.009083200000000001 0.00612922593489392 0
0 322 0 1
322
0.009018399999999999 0.00604426082252647 0
0 323 0 1
323
0.008953600000000001 0.005956055469273322 0
0 324 0 1
324
0.008888800000000001 0.005864954527364734 0
0 325 0 1
325
0.008824 0.005771313963209197 0
0 326 0 1
326
0.008759200000000002 0.00567549966649581 0
0 327 0 1
327
0.0086944 0.005577886020522583 0
0 328 0 1
328
0.008629599999999999 0.005478854439336927 0
0 329 0 1
329
0.008564800000000001 0.005378791877404337 0
0 330 0 1
330
0.008500000000000001 0.005278089317628494 0
0 331 0 1
331
0.0084352 0.005177140243630735 0
0 332 0 1
332
0.0083704 0.005076339102258245 0
0 333 0 1
333
0.0083056 0.004976079762328567 0
0 334 0 1
334
0.0082408 0.004876753975632676 0
0 335 0 1
335
0.008176000000000001 0.004778749846210116 0
0 336 0 1
336
0.008111200000000001 0.004682450313877282 0
0 337 0 1
337
0.008046399999999999 0.004588231657934317 0
0 338 0 1
338
0.0079816 0.004496462026897213 0
0 339 0 1
339
0.0079168 0.004407500000000001 0
0 340 0 1
340
0.007852000000000001 0.004321693186087803 0
0 341 0 1
341
0.0077872 0.004239376865375431 0
0 342 0 1
342
0.007722399999999999 0.004160872679378663 0
0 343 0 1
343
0.007657600000000001 0.00408648737413717 0
0 344 0 1
344
0.0075928 0.004016511601639799 0
0 345 0 1
345
0.007528000000000001 0.003951218784135488 0
0 346 0 1
346
0.007463200000000001 0.003890864045767419 0
0 347 0 1
347
0.007398399999999999 0.003835683215704888 0
0 348 0 1
348
0.007333600000000001 0.003785891906668065 0
0 349 0 1
349
0.007268800000000001 0.003741684672446193 0
0 350 0 1
350
0.007203999999999999 0.003703234247701126 0
0 351 0 1
351
0.007139200000000001 0.003670690873026594 0
0 352 0 1
352
0.007074399999999999 0.003644181707900427 0
0 353 0 1
353
0.007009600000000001 0.00362381033382359 0
0 354 0 1
354
0.006944800000000001 0.003609656349587427 0
0 355 0 1
355
0.006879999999999999 0.003601868484474291 0
0 356 0 1
356
0.006815200000000001 0.00360020764320089 0
0 357 0 1
357
0.006750399999999999 0.00360518854423833 0
0 358 0 1
358
0.006685600000000001 0.003616791725291094 0
0 359 0 1
359
0.006620800000000001 0.003634971848269366 0
0 360 0 1
360
0.006555999999999999 0.003659657876442385 0
0 361 0 1
361
0.006491200000000001 0.003690753352006262 0
0 362 0 1
362
0.0064264 0.003728136772981711 0
0 363 0 1
363
0.006361599999999999 0.003771662067968996 0
0 364 0 1
364
0.006296800000000001 0.003821159166905057 0
0 365 0 1
365
0.006232 0.003876434665592638 0
0 366 0 1
366
0.006167200000000001 0.003937272581404853 0
0 367 0 1
367
0.006102399999999999 0.00400343519721235 0
0 368 0 1
368
0.0060376 0.004074663990235538 0
0 369 0 1
369
0.005972800000000001 0.004150680642192491 0
0 370 0 1
370
0.005907999999999999 0.004231188126795495 0
0 371 0 1
371
0.0058432 0.00431587187034695 0
0 372 0 1
372
0.0057784 0.00440440098089977 0
0 373 0 1
373
0.0057136 0.00449642954117944 0
0 374 0 1
374
0.005648800000000002 0.004591597960215824 0
0 375 0 1
375
0.005584 0.004689534378403339 0
0 376 0 1
376
0.0055192 0.004789856120499422 0
0 377 0 1
377
0.0054544 0.004892171190883835 0
0 378 0 1
378
0.0053896 0.004996079805236281 0
0 379 0 1
379
0.005324800000000002 0.005101175952647461 0
0 380 0 1
380
0.00526 0.005207048982059806 0
0 381 0 1
381
0.0051952 0.005313285206839051 0
0 382 0 1
382
0.0051304 0.005419469521206997 0
0 383 0 1
383
0.0050656 0.005525187022219369 0
0 384 0 1
384
0.0050008 0.005630024630951165 0
0 385 0 1
385
0.004936 0.005733572706554849 0
0 386 0 1
386
0.0048712 0.005835426646884636 0
0 387 0 1
387
0.0048064 0.005935188469432662 0
0 388 0 1
388
0.0047416 0.00603246836639965 0
0 389 0 1
389
0.0046768 0.006126886227823878 0
0 390 0 1
390
0.004612 0.006218073126816949 0
0 391 0 1
391
0.0045472 0.006305672761102988 0
0 392 0 1
392
0.0044824 0.006389342845228645 0
0 393 0 1
393
0.004417600000000001 0.00646875644800396 0
0 394 0 1
394
0.0043528 0.006543603269948239 0
0 395 0 1
395
0.004288 0.00661359085574942 0
0 396 0 1
396
0.004223200000000001 0.006678445736999446 0
0 397 0 1
397
0.0041584 0.006737914500740466 0
0 398 0 1
398
0.0040936 0.006791764779646712 0
0 399 0 1
399
0.004028800000000001 0.006839786159972983 0
0 400 0 1
400
0.003964000000000001 0.006881791003722047 0
0 401 0 1
401
0.003899200000000001 0.006917615181818447 0
0 402 0 1
402
0.0038344 0.006947118715423908 0
0 403 0 1
403
0.003769600000000001 0.00697018632288848 0
0 404 0 1
404
0.003704800000000001 0.006986727870200265 0
0 405 0 1
405
0.003639999999999999 0.006996678723173667 0
0 406 0 1
406
0 0.007 0
1 1 0 3
407
408
409
0.0001000000000000001 0 0
0.0002000000000000005 0 0
0.0003000000000000004 0 0
1 2 0 0
1 3 0 0
1 4 0 0
1 5 0 0
1 6 0 0
1 7 0 0
1 8 0 0
1 9 0 0
1 10 0 0
1 11 0 0
1 12 0 0
1 13 0 0
1 14 0 0
1 15 0 1
410
0.0012748 0.0005709503533836979 0
1 16 0 1
411
0.0013396 0.000652492196834184 0
1 17 0 1
412
0.0014044 0.0007381270560400317 0
1 18 0 1
413
0.0014692 0.0008275203226795862 0
1 19 0 1
414
0.001534 0.0009203227028882357 0
1 20 0 1
415
0.0015988 0.001016171582083844 0
1 21 0 1
416
0.0016636 0.00111469244184135 0
1 22 0 1
417
0.0017284 0.001215500323280256 0
1 23 0 1
418
0.0017932 0.001318201331246991 0
1 24 0 1
419
0.001858 0.001422394173414732 0
1 25 0 1
420
0.0019228 0.001527671728286816 0
1 26 0 1
421
0.0019876 0.001633622635976975 0
1 27 0 1
422
0.0020524 0.001739832905550572 0
1 28 0 1
423
0.0021172 0.001845887532646368 0
1 29 0 1
424
0.002182 0.00195137212105813 0
1 30 0 1
425
0.0022468 0.002055874501939943 0
1 31 0 1
426
0.0023116 0.002158986344308373 0
1 32 0 1
427
0.0023764 0.002260304750548621 0
1 33 0 1
428
0.0024412 0.002359433830690419 0
1 34 0 1
429
0.002506 0.002455986249302369 0
1 35 0 1
430
0.0025708 0.002549584738960396 0
1 36 0 1
431
0.0026356 0.00263986357437664 0
1 37 0 1
432
0.0027004 0.002726470001428777 0
1 38 0 1
433
0.0027652 0.002809065615506006 0
1 39 0 0
1 40 0 0
1 41 0 0
1 42 0 0
1 43 0 0
1 44 0 0
1 45 0 0
1 46 0 0
1 47 0 0
1 48 0 0
1 49 0 0
1 50 0 0
1 51 0 0
1 52 0 0
1 53 0 0
1 54 0 0
1 55 0 0
1 56 0 0
1 57 0 0
1 58 0 0
1 59 0 0
1 60 0 0
1 61 0 0
1 62 0 0
1 63 0 0
1 64 0 0
1 65 0 0
1 66 0 1
434
0.0045796 0.002799875227622952 0
1 67 0 1
435
0.0046444 0.002719464974268383 0
1 68 0 1
436
0.004709200000000001 0.002635403406956098 0
1 69 0 1
437
0.004774 0.002548018986551393 0
1 70 0 1
438
0.0048388 0.002457653157584235 0
1 71 0 1
439
0.0049036 0.002364659014094201 0
1 72 0 1
440
0.0049684 0.002269399919956302 0
1 73 0 1
441
0.0050332 0.002172248089078604 0
1 74 0 1
442
0.005098 0.002073583131019378 0
1 75 0 1
443
0.0051628 0.001973790567706594 0
1 76 0 1
444
0.0052276 0.00187326032705551 0
1 77 0 1
445
0.005292400000000001 0.001772385219370386 0
1 78 0 1
446
0.0053572 0.001671559402483585 0
1 79 0 1
447
0.005422 0.001571176841629368 0
1 80 0 1
448
0.0054868 0.001471629770070246 0
1 81 0 1
449
0.0055516 0.001373307156490804 0
1 82 0 1
450
0.005616400000000001 0.001276593185147496 0
1 83 0 1
451
0.005681200000000001 0.001181865754713034 0
1 84 0 1
452
0.005746 0.001089495001680972 0
1 85 0 1
453
0.005810800000000001 0.000999841854100104 0
1 86 0 1
454
0.0058756 0.0009132566212898054 0
1 87 0 1
455
0.0059404 0.0008300776250468237 0
1 88 0 1
456
0.0060052 0.0007506298776919347 0
1 89 0 0
1 90 0 0
1 91 0 0
1 92 0 0
1 93 0 0
1 94 0 0
1 95 0 0
1 96 0 0
1 97 0 0
1 98 0 0
1 99 0 0
1 100 0 0
1 101 0 0
1 102 0 0
1 103 0 0
1 104 0 0
1 105 0 0
1 106 0 0
1 107 0 0
1 108 0 0
1 109 0 0
1 110 0 0
1 111 0 0
1 112 0 0
1 113 0 0
1 114 0 0
1 115 0 0
1 116 0 1
457
0.007819600000000001 0.0007506298776919347 0
1 117 0 1
458
0.007884400000000001 0.0008300776250468237 0
1 118 0 1
459
0.0079492 0.0009132566212898054 0
1 119 0 1
460
0.008014 0.000999841854100104 0
1 120 0 1
461
0.008078800000000001 0.001089495001680972 0
1 121 0 1
462
0.008143600000000001 0.001181865754713034 0
1 122 0 1
463
0.008208399999999999 0.001276593185147496 0
1 123 0 1
464
0.0082732 0.001373307156490804 0
1 124 0 1
465
0.008338 0.001471629770070246 0
1 125 0 1
466
0.0084028 0.001571176841629368 0
1 126 0 1
467
0.0084676 0.001671559402483585 0
1 127 0 1
468
0.008532400000000001 0.001772385219370386 0
1 128 0 1
469
0.008597199999999999 0.00187326032705551 0
1 129 0 1
470
0.008662 0.001973790567706594 0
1 130 0 1
471
0.0087268 0.002073583131019379 0
1 131 0 1
472
0.0087916 0.002172248089078603 0
1 132 0 1
473
0.0088564 0.0022693999199563 0
1 133 0 1
474
0.008921200000000001 0.0023646590140942 0
1 134 0 1
475
0.008986000000000001 0.002457653157584234 0
1 135 0 1
476
0.009050799999999999 0.002548018986551393 0
1 136 0 1
477
0.0091156 0.002635403406956098 0
1 137 0 1
478
0.0091804 0.002719464974268383 0
1 138 0 1
479
0.0092452 0.002799875227622953 0
1 139 0 0
1 140 0 0
1 141 0 0
1 142 0 0
1 143 0 0
1 144 0 0
1 145 0 0
1 146 0 0
1 147 0 0
1 148 0 0
1 149 0 0
1 150 0 0
1 151 0 0
1 152 0 0
1 153 0 0
1 154 0 0
1 155 0 0
1 156 0 0
1 157 0 0
1 158 0 0
1 159 0 0
1 160 0 0
1 161 0 0
1 162 0 0
1 163 0 0
1 164 0 0
1 165 0 0
1 166 0 1
480
0.0110596 0.002809065615506006 0
1 167 0 1
481
0.0111244 0.002726470001428777 0
1 168 0 1
482
0.0111892 0.00263986357437664 0
1 169 0 1
483
0.011254 0.002549584738960396 0
1 170 0 1
484
0.0113188 0.002455986249302369 0
1 171 0 1
485
0.0113836 0.002359433830690419 0
1 172 0 1
486
0.0114484 0.00226030475054862 0
1 173 0 1
487
0.0115132 0.002158986344308372 0
1 174 0 1
488
0.011578 0.002055874501939942 0
1 175 0 1
489
0.0116428 0.001951372121058129 0
1 176 0 1
490
0.0117076 0.001845887532646367 0
1 177 0 1
491
0.0117724 0.001739832905550572 0
1 178 0 1
492
0.0118372 0.001633622635976976 0
1 179 0 1
493
0.011902 0.001527671728286818 0
1 180 0 1
494
0.0119668 0.001422394173414733 0
1 181 0 1
495
0.0120316 0.001318201331246993 0
1 182 0 1
496
0.0120964 0.001215500323280257 0
1 183 0 1
497
0.0121612 0.001114692441841351 0
1 184 0 1
498
0.012226 0.001016171582083845 0
1 185 0 1
499
0.0122908 0.0009203227028882359 0
1 186 0 1
500
0.0123556 0.0008275203226795861 0
1 187 0 1
501
0.0124204 0.0007381270560400314 0
1 188 0 1
502
0.0124852 0.0006524921968341834 0
1 189 0 1
503
0.01255 0.0005709503533836974 0
1 190 0 0
1 191 0 0
1 192 0 0
1 193 0 0
1 194 0 0
1 195 0 0
1 196 0 0
1 197 0 0
1 198 0 0
1 199 0 0
1 200 0 0
1 201 0 0
1 202 0 36
504
505
506
507
508
509
510
511
512
513
514
515
516
517
518
519
520
521
522
523
524
525
526
527
528
529
530
531
532
533
534
535
536
537
538
539
0.01345837837837838 3.231512587783284e-06 0
0.01355675675675676 3.141748349233749e-06 0
0.01365513513513514 3.051984110684213e-06 0
0.01375351351351351 2.962219872134677e-06 0
0.01385189189189189 2.872455633585142e-06 0
0.01395027027027027 2.782691395035606e-06 0
0.01404864864864865 2.69292715648607e-06 0
0.01414702702702703 2.603162917936535e-06 0
0.01424540540540541 2.513398679386999e-06 0
0.01434378378378378 2.423634440837463e-06 0
0.01444216216216216 2.333870202287928e-06 0
0.01454054054054054 2.244105963738392e-06 0
0.01463891891891892 2.154341725188856e-06 0
0.0147372972972973 2.064577486639321e-06 0
0.01483567567567568 1.974813248089785e-06 0
0.01493405405405406 1.885049009540249e-06 0
0.01503243243243243 1.795284770990713e-06 0
0.01513081081081081 1.705520532441178e-06 0
0.01522918918918919 1.615756293891642e-06 0
0.01532756756756757 1.525992055342107e-06 0
0.01542594594594595 1.436227816792571e-06 0
0.01552432432432433 1.346463578243035e-06 0
0.0156227027027027 1.256699339693499e-06 0
0.01572108108108108 1.166935101143964e-06 0
0.01581945945945946 1.077170862594428e-06 0
0.01591783783783784 9.874066240448923e-07 0
0.01601621621621622 8.976423854953563e-07 0
0.0161145945945946 8.078781469458209e-07 0
0.01621297297297298 7.181139083962853e-07 0
0.01631135135135135 6.283496698467494e-07 0
0.01640972972972973 5.385854312972135e-07 0
0.01650810810810811 4.488211927476779e-07 0
0.01660648648648649 3.590569541981424e-07 0
0.01670486486486487 2.692927156486069e-07 0
0.01680324324324324 1.79528477099071e-07 0
0.01690162162162162 8.976423854953544e-08 0
1 203 0 69
540
541
542
543
544
545
546
547
548
549
550
551
552
553
554
555
556
557
558
559
560
561
562
563
564
565
566
567
568
569
570
571
572
573
574
575
576
577
578
579
580
581
582
583
584
585
586
587
588
589
590
591
592
593
594
595
596
597
598
599
600
601
602
603
604
605
606
607
608
0.017 0.0001004865379263571 0
0.017 0.0002027187765339631 0
0.017 0.0003026787945261107 0
0.017 0.0004026388125182582 0
0.017 0.0005025988305104057 0
0.017 0.0006025588485025533 0
0.017 0.0007025188664947008 0
0.017 0.0008024788844868483 0
0.017 0.0009024389024789958 0
0.017 0.001002398920471143 0
0.017 0.001102358938463291 0
0.017 0.001202318956455439 0
0.017 0.001302278974447586 0
0.017 0.001402238992439734 0
0.017 0.001502199010431881 0
0.017 0.001602159028424029 0
0.017 0.001702119046416176 0
0.017 0.001802079064408324 0
0.017 0.001902039082400471 0
0.017 0.002001999100392619 0
0.017 0.002101959118384766 0
0.017 0.002201919136376914 0
0.017 0.002301879154369062 0
0.017 0.002401839172361209 0
0.017 0.002501799190353357 0
0.017 0.002601759208345504 0
0.017 0.002701719226337652 0
0.017 0.0028016792443298 0
0.017 0.002901639262321947 0
0.017 0.003001599280314095 0
0.017 0.003101559298306242 0
0.017 0.00320151931629839 0
0.017 0.003301479334290537 0
0.017 0.003401439352282685 0
0.017 0.003501399370274833 0
0.017 0.003601359388266981 0
0.017 0.003701319406259129 0
0.017 0.003801279424251276 0
0.017 0.003901239442243424 0
0.017 0.004001199460235571 0
0.017 0.00410115947822772 0
0.017 0.004201119496219867 0
0.017 0.004301079514212014 0
0.017 0.004401039532204163 0
0.017 0.00450099955019631 0
0.017 0.004600959568188457 0
0.017 0.004700919586180605 0
0.017 0.004800879604172753 0
0.017 0.0049008396221649 0
0.017 0.005000799640157047 0
0.017 0.005100759658149196 0
0.017 0.005200719676141343 0
0.017 0.005300679694133491 0
0.017 0.005400639712125638 0
0.017 0.005500599730117785 0
0.017 0.005600559748109933 0
0.017 0.00570051976610208 0
0.017 0.005800479784094229 0
0.017 0.005900439802086376 0
0.017 0.006000399820078523 0
0.017 0.006100359838070672 0
0.017 0.006200319856062819 0
0.017 0.006300279874054967 0
0.017 0.006400239892047114 0
0.017 0.006500199910039262 0
0.017 0.006600159928031409 0
0.017 0.006700119946023557 0
0.017 0.006800079964015705 0
0.017 0.006900039982007852 0
1 204 0 3
609
610
611
0.0169 0.007 0
0.0168 0.007 0
0.0167 0.007 0
1 205 0 0
1 206 0 0
1 207 0 0
1 208 0 0
1 209 0 0
1 210 0 0
1 211 0 0
1 212 0 0
1 213 0 0
1 214 0 0
1 215 0 0
1 216 0 0
1 217 0 0
1 218 0 1
612
0.0157252 0.006429049646616303 0
1 219 0 1
613
0.0156604 0.006347507803165816 0
1 220 0 1
614
0.0155956 0.006261872943959968 0
1 221 0 1
615
0.0155308 0.006172479677320413 0
1 222 0 1
616
0.015466 0.006079677297111764 0
1 223 0 1
617
0.0154012 0.005983828417916157 0
1 224 0 1
618
0.0153364 0.005885307558158651 0
1 225 0 1
619
0.0152716 0.005784499676719744 0
1 226 0 1
620
0.0152068 0.005681798668753009 0
1 227 0 1
621
0.015142 0.005577605826585268 0
1 228 0 1
622
0.0150772 0.005472328271713184 0
1 229 0 1
623
0.0150124 0.005366377364023026 0
1 230 0 1
624
0.0149476 0.005260167094449429 0
1 231 0 1
625
0.0148828 0.005154112467353632 0
1 232 0 1
626
0.014818 0.00504862787894187 0
1 233 0 1
627
0.0147532 0.004944125498060057 0
1 234 0 1
628
0.0146884 0.004841013655691628 0
1 235 0 1
629
0.0146236 0.00473969524945138 0
1 236 0 1
630
0.0145588 0.004640566169309582 0
1 237 0 1
631
0.014494 0.004544013750697631 0
1 238 0 1
632
0.0144292 0.004450415261039604 0
1 239 0 1
633
0.0143644 0.00436013642562336 0
1 240 0 1
634
0.0142996 0.004273529998571224 0
1 241 0 1
635
0.0142348 0.004190934384493994 0
1 242 0 0
1 243 0 0
1 244 0 0
1 245 0 0
1 246 0 0
1 247 0 0
1 248 0 0
1 249 0 0
1 250 0 0
1 251 0 0
1 252 0 0
1 253 0 0
1 254 0 0
1 255 0 0
1 256 0 0
1 257 0 0
1 258 0 0
1 259 0 0
1 260 0 0
1 261 0 0
1 262 0 0
1 263 0 0
1 264 0 0
1 265 0 0
1 266 0 0
1 267 0 0
1 268 0 0
1 269 0 1
636
0.0124204 0.004200124772377047 0
1 270 0 1
637
0.0123556 0.004280535025731617 0
1 271 0 1
638
0.0122908 0.004364596593043902 0
1 272 0 1
639
0.012226 0.004451981013448607 0
1 273 0 1
640
0.0121612 0.004542346842415765 0
1 274 0 1
641
0.0120964 0.004635340985905799 0
1 275 0 1
642
0.0120316 0.004730600080043699 0
1 276 0 1
643
0.0119668 0.004827751910921396 0
1 277 0 1
644
0.011902 0.004926416868980621 0
1 278 0 1
645
0.0118372 0.005026209432293406 0
1 279 0 1
646
0.0117724 0.00512673967294449 0
1 280 0 1
647
0.0117076 0.005227614780629614 0
1 281 0 1
648
0.0116428 0.005328440597516415 0
1 282 0 1
649
0.011578 0.005428823158370632 0
1 283 0 1
650
0.0115132 0.005528370229929755 0
1 284 0 1
651
0.0114484 0.005626692843509196 0
1 285 0 1
652
0.0113836 0.005723406814852504 0
1 286 0 1
653
0.0113188 0.005818134245286966 0
1 287 0 1
654
0.011254 0.005910504998319029 0
1 288 0 1
655
0.0111892 0.006000158145899897 0
1 289 0 1
656
0.0111244 0.006086743378710195 0
1 290 0 1
657
0.0110596 0.006169922374953177 0
1 291 0 1
658
0.0109948 0.006249370122308065 0
1 292 0 0
1 293 0 0
1 294 0 0
1 295 0 0
1 296 0 0
1 297 0 0
1 298 0 0
1 299 0 0
1 300 0 0
1 301 0 0
1 302 0 0
1 303 0 0
1 304 0 0
1 305 0 0
1 306 0 0
1 307 0 0
1 308 0 0
1 309 0 0
1 310 0 0
1 311 0 0
1 312 0 0
1 313 0 0
1 314 0 0
1 315 0 0
1 316 0 0
1 317 0 0
1 318 0 0
1 319 0 1
659
0.0091804 0.006249370122308065 0
1 320 0 1
660
0.0091156 0.006169922374953176 0
1 321 0 1
661
0.009050799999999999 0.006086743378710195 0
1 322 0 1
662
0.008985999999999999 0.006000158145899896 0
1 323 0 1
663
0.008921200000000001 0.005910504998319029 0
1 324 0 1
664
0.0088564 0.005818134245286965 0
1 325 0 1
665
0.0087916 0.005723406814852504 0
1 326 0 1
666
0.0087268 0.005626692843509196 0
1 327 0 1
667
0.008662 0.005528370229929755 0
1 328 0 1
668
0.008597199999999999 0.005428823158370632 0
1 329 0 1
669
0.008532400000000001 0.005328440597516415 0
1 330 0 1
670
0.0084676 0.005227614780629614 0
1 331 0 1
671
0.0084028 0.00512673967294449 0
1 332 0 1
672
0.008338 0.005026209432293406 0
1 333 0 1
673
0.0082732 0.004926416868980621 0
1 334 0 1
674
0.008208400000000001 0.004827751910921396 0
1 335 0 1
675
0.008143600000000001 0.0047306000800437 0
1 336 0 1
676
0.008078800000000001 0.0046353409859058 0
1 337 0 1
677
0.008013999999999999 0.004542346842415765 0
1 338 0 1
678
0.0079492 0.004451981013448607 0
1 339 0 1
679
0.0078844 0.004364596593043901 0
1 340 0 1
680
0.007819600000000001 0.004280535025731618 0
1 341 0 1
681
0.0077548 0.004200124772377047 0
1 342 0 0
1 343 0 0
1 344 0 0
1 345 0 0
1 346 0 0
1 347 0 0
1 348 0 0
1 349 0 0
1 350 0 0
1 351 0 0
1 352 0 0
1 353 0 0
1 354 0 0
1 355 0 0
1 356 0 0
1 357 0 0
1 358 0 0
1 359 0 0
1 360 0 0
1 361 0 0
1 362 0 0
1 363 0 0
1 364 0 0
1 365 0 0
1 366 0 0
1 367 0 0
1 368 0 0
1 369 0 1
682
0.0059404 0.004190934384493993 0
1 370 0 1
683
0.005875599999999999 0.004273529998571223 0
1 371 0 1
684
0.0058108 0.00436013642562336 0
1 372 0 1
685
0.005745999999999999 0.004450415261039605 0
1 373 0 1
686
0.005681200000000001 0.004544013750697632 0
1 374 0 1
687
0.005616400000000001 0.004640566169309582 0
1 375 0 1
688
0.0055516 0.00473969524945138 0
1 376 0 1
689
0.0054868 0.004841013655691629 0
1 377 0 1
690
0.005422 0.004944125498060057 0
1 378 0 1
691
0.005357200000000001 0.005048627878941871 0
1 379 0 1
692
0.005292400000000001 0.005154112467353634 0
1 380 0 1
693
0.0052276 0.005260167094449428 0
1 381 0 1
694
0.0051628 0.005366377364023024 0
1 382 0 1
695
0.005098 0.005472328271713183 0
1 383 0 1
696
0.0050332 0.005577605826585267 0
1 384 0 1
697
0.0049684 0.005681798668753007 0
1 385 0 1
698
0.0049036 0.005784499676719743 0
1 386 0 1
699
0.0048388 0.005885307558158649 0
1 387 0 1
700
0.004774 0.005983828417916156 0
1 388 0 1
701
0.0047092 0.006079677297111764 0
1 389 0 1
702
0.0046444 0.006172479677320414 0
1 390 0 1
703
0.004579600000000001 0.006261872943959968 0
1 391 0 1
704
0.0045148 0.006347507803165816 0
1 392 0 1
705
0.004450000000000001 0.006429049646616302 0
1 393 0 0
1 394 0 0
1 395 0 0
1 396 0 0
1 397 0 0
1 398 0 0
1 399 0 0
1 400 0 0
1 401 0 0
1 402 0 0
1 403 0 0
1 404 0 0
1 405 0 36
706
707
708
709
710
711
712
713
714
715
716
717
718
719
720
721
722
723
724
725
726
727
728
729
730
731
732
733
734
735
736
737
738
739
740
741
0.003541621621621621 0.006996768487412216 0
0.003443243243243242 0.006996858251650766 0
0.003344864864864864 0.006996948015889315 0
0.003246486486486485 0.006997037780127865 0
0.003148108108108107 0.006997127544366414 0
0.003049729729729729 0.006997217308604965 0
0.00295135135135135 0.006997307072843514 0
0.002852972972972972 0.006997396837082063 0
0.002754594594594594 0.006997486601320613 0
0.002656216216216215 0.006997576365559162 0
0.002557837837837837 0.006997666129797712 0
0.002459459459459459 0.006997755894036261 0
0.00236108108108108 0.006997845658274811 0
0.002262702702702702 0.006997935422513361 0
0.002164324324324323 0.00699802518675191 0
0.002065945945945945 0.00699811495099046 0
0.001967567567567567 0.006998204715229009 0
0.001869189189189188 0.006998294479467559 0
0.00177081081081081 0.006998384243706108 0
0.001672432432432432 0.006998474007944658 0
0.001574054054054053 0.006998563772183207 0
0.001475675675675675 0.006998653536421757 0
0.001377297297297297 0.006998743300660307 0
0.001278918918918918 0.006998833064898856 0
0.00118054054054054 0.006998922829137406 0
0.001082162162162161 0.006999012593375955 0
0.0009837837837837827 0.006999102357614505 0
0.0008854054054054045 0.006999192121853054 0
0.0007870270270270263 0.006999281886091604 0
0.0006886486486486481 0.006999371650330153 0
0.0005902702702702694 0.006999461414568703 0
0.0004918918918918908 0.006999551178807253 0
0.0003935135135135126 0.006999640943045802 0
0.0002951351351351344 0.006999730707284352 0
0.0001967567567567562 0.006999820471522901 0
9.837837837837801e-05 0.006999910235761451 0
1 406 0 69
742
743
744
745
746
747
748
749
750
751
752
753
754
755
756
757
758
759
760
761
762
763
764
765
766
767
768
769
770
771
772
773
774
775
776
777
778
779
780
781
782
783
784
785
786
787
788
789
790
791
792
793
794
795
796
797
798
799
800
801
802
803
804
805
806
807
808
809
810
0 0.006899513462073643 0
0 0.006797281223466037 0
0 0.00669732120547389 0
0 0.006597361187481742 0
0 0.006497401169489594 0
0 0.006397441151497447 0
0 0.006297481133505299 0
0 0.006197521115513152 0
0 0.006097561097521005 0
0 0.005997601079528857 0
0 0.005897641061536709 0
0 0.005797681043544561 0
0 0.005697721025552414 0
0 0.005597761007560266 0
0 0.005497800989568119 0
0 0.005397840971575972 0
0 0.005297880953583823 0
0 0.005197920935591676 0
0 0.005097960917599529 0
0 0.004998000899607381 0
0 0.004898040881615233 0
0 0.004798080863623086 0
0 0.004698120845630939 0
0 0.004598160827638791 0
0 0.004498200809646644 0
0 0.004398240791654496 0
0 0.004298280773662348 0
0 0.0041983207556702 0
0 0.004098360737678053 0
0 0.003998400719685906 0
0 0.003898440701693758 0
0 0.00379848068370161 0
0 0.003698520665709463 0
0 0.003598560647717315 0
0 0.003498600629725167 0
0 0.003398640611733019 0
0 0.003298680593740872 0
0 0.003198720575748724 0
0 0.003098760557756576 0
0 0.002998800539764429 0
0 0.002898840521772281 0
0 0.002798880503780133 0
0 0.002698920485787986 0
0 0.002598960467795838 0
0 0.00249900044980369 0
0 0.002399040431811543 0
0 0.002299080413819396 0
0 0.002199120395827247 0
0 0.0020991603778351 0
0 0.001999200359842953 0
0 0.001899240341850805 0
0 0.001799280323858657 0
0 0.001699320305866509 0
0 0.001599360287874363 0
0 0.001499400269882215 0
0 0.001399440251890067 0
0 0.00129948023389792 0
0 0.001199520215905771 0
0 0.001099560197913624 0
0 0.0009996001799214768 0
0 0.0008996401619293286 0
0 0.0007996801439371813 0
0 0.0006997201259450331 0
0 0.0005997601079528857 0
0 0.0004998000899607384 0
0 0.0003998400719685911 0
0 0.0002998800539764429 0
0 0.0001999200359842955 0
0 9.99600179921482e-05 0
2 1 0 4075
811
812
813
814
815
816
817
818
819
820
821
822
823
824
825
826
827
828
829
830
831
832
833
834
835
836
837
838
839
840
841
842
843
844
845
846
847
848
849
850
851
852
853
854
855
856
857
858
859
860
861
862
863
864
865
866
867
868
869
870
871
872
873
874
875
876
877
878
879
880
881
882
883
884
885
886
887
888
889
890
891
892
893
894
895
896
897
898
899
900
901
902
903
904
905
906
907
908
909
910
911
912
913
914
915
916
917
918
919
920
921
922
923
924
925
926
927
928
929
930
931
932
933
934
935
936
937
938
939
940
941
942
943
944
945
946
947
948
949
950
951
952
953
954
955
956
957
958
959
960
961
962
963
964
965
966
967
968
969
970
971
972
973
974
975
976
977
978
979
980
981
982
983
984
985
986
987
988
989
990
991
992
993
994
995
996
997
998
999
1000
1001
1002
1003
1004
1005
1006
1007
1008
1009
1010
1011
1012
1013
1014
1015
1016
1017
1018
1019
1020
1021
1022
1023
1024
1025
1026
1027
1028
1029
1030
1031
1032
1033
1034
1035
1036
1037
1038
1039
1040
1041
1042
1043
1044
1045
1046
1047
1048
1049
1050
1051
1052
1053
1054
1055
1056
1057
1058
1059
1060
1061
1062
1063
1064
1065
1066
1067
1068
1069
1070
1071
1072
1073
1074
1075
1076
1077
1078
1079
1080
1081
1082
1083
1084
1085
1086
1087
1088
1089
1090
1091
1092
1093
1094
1095
1096
1097
1098
1099
1100
1101
1102
1103
1104
1105
1106
1107
1108
1109
1110
1111
1112
1113
1114
1115
1116
1117
1118
1119
1120
1121
1122
1123
1124
1125
1126
1127
1128
1129
1130
1131
1132
1133
1134
1135
1136
1137
1138
1139
1140
1141
1142
1143
1144
1145
1146
1147
1148
1149
1150
1151
1152
1153
1154
1155
1156
1157
1158
1159
1160
1161
1162
1163
1164
1165
1166
1167
1168
1169
1170
1171
1172
1173
1174
1175
1176
1177
1178
1179
1180
1181
1182
1183
1184
1185
1186
1187
1188
1189
1190
1191
1192
1193
1194
1195
1196
1197
1198
1199
1200
1201
1202
1203
1204
1205
1206
1207
1208
1209
1210
1211
1212
1213
1214
1215
1216
1217
1218
1219
1220
1221
1222
1223
1224
1225
1226
1227
1228
1229
1230
1231
1232
1233
1234
1235
1236
1237
1238
1239
1240
1241
1242
1243
1244
1245
1246
1247
1248
1249
1250
1251
1252
1253
1254
1255
1256
1257
1258
1259
1260
1261
1262
1263
1264
1265
1266
1267
1268
1269
1270
1271
1272
1273
1274
1275
1276
1277
1278
1279
1280
1281
1282
1283
1284
1285
1286
1287
1288
1289
1290
1291
1292
1293
1294
1295
1296
1297
1298
1299
1300
1301
1302
1303
1304
1305
1306
1307
1308
1309
1310
1311
1312
1313
1314
1315
1316
1317
1318
1319
1320
1321
1322
1323
1324
1325
1326
1327
1328
1329
1330
1331
1332
1333
1334
1335
1336
1337
1338
1339
1340
1341
1342
1343
1344
1345
1346
1347
1348
1349
1350
1351
1352
1353
1354
1355
1356
1357
1358
1359
1360
1361
1362
1363
1364
1365
1366
1367
1368
1369
1370
1371
1372
1373
1374
1375
1376
1377
1378
1379
1380
1381
1382
1383
1384
1385
1386
1387
1388
1389
1390
1391
1392
1393
1394
1395
1396
1397
1398
1399
1400
1401
1402
1403
1404
1405
1406
1407
1408
1409
1410
1411
1412
1413
1414
1415
1416
1417
1418
1419
1420
1421
1422
1423
1424
1425
1426
1427
1428
1429
1430
1431
1432
1433
1434
1435
1436
1437
1438
1439
1440
1441
1442
1443
1444
1445
1446
1447
1448
1449
1450
1451
1452
1453
1454
1455
1456
1457
1458
1459
1460
1461
1462
1463
1464
1465
1466
1467
1468
1469
1470
1471
1472
1473
1474
1475
1476
1477
1478
1479
1480
1481
1482
1483
1484
1485
1486
1487
1488
1489
1490
1491
1492
1493
1494
1495
1496
1497
1498
1499
1500
1501
1502
1503
1504
1505
1506
1507
1508
1509
1510
1511
1512
1513
1514
1515
1516
1517
1518
1519
1520
1521
1522
1523
1524
1525
1526
1527
1528
1529
1530
1531
1532
1533
1534
1535
1536
1537
1538
1539
1540
1541
1542
1543
1544
1545
1546
1547
1548
1549
1550
1551
1552
1553
1554
1555
1556
1557
1558
1559
1560
1561
1562
1563
1564
1565
1566
1567
1568
1569
1570
1571
1572
1573
1574
1575
1576
1577
1578
1579
1580
1581
1582
1583
1584
1585
1586
1587
1588
1589
1590
1591
1592
1593
1594
1595
1596
1597
1598
1599
1600
1601
1602
1603
1604
1605
1606
1607
1608
1609
1610
1611
1612
1613
1614
1615
1616
1617
1618
1619
1620
1621
1622
1623
1624
1625
1626
1627
1628
1629
1630
1631
1632
1633
1634
1635
1636
1637
1638
1639
1640
1641
1642
1643
1644
1645
1646
1647
1648
1649
1650
1651
1652
1653
1654
1655
1656
1657
1658
1659
1660
1661
1662
1663
1664
1665
1666
1667
1668
1669
1670
1671
1672
1673
1674
1675
1676
1677
1678
1679
1680
1681
1682
1683
1684
1685
1686
1687
1688
1689
1690
1691
1692
1693
1694
1695
1696
1697
1698
1699
1700
1701
1702
1703
1704
1705
1706
1707
1708
1709
1710
1711
1712
1713
1714
1715
1716
1717
1718
1719
1720
1721
1722
1723
1724
1725
1726
1727
1728
1729
1730
1731
1732
1733
1734
1735
1736
1737
1738
1739
1740
1741
1742
1743
1744
1745
1746
1747
1748
1749
1750
1751
1752
1753
1754
1755
1756
1757
1758
1759
1760
1761
1762
1763
1764
1765
1766
1767
1768
1769
1770
1771
1772
1773
1774
1775
1776
1777
1778
1779
1780
1781
1782
1783
1784
1785
1786
1787
1788
1789
1790
1791
1792
1793
1794
1795
1796
1797
1798
1799
1800
1801
1802
1803
1804
1805
1806
1807
1808
1809
1810
1811
1812
1813
1814
1815
1816
1817
1818
1819
1820
1821
1822
1823
1824
1825
1826
1827
1828
1829
1830
1831
1832
1833
1834
1835
1836
1837
1838
1839
1840
1841
1842
1843
1844
1845
1846
1847
1848
1849
1850
1851
1852
1853
1854
1855
1856
1857
1858
1859
1860
1861
1862
1863
1864
1865
1866
1867
1868
1869
1870
1871
1872
1873
1874
1875
1876
1877
1878
1879
1880
1881
1882
1883
1884
1885
1886
1887
1888
1889
1890
1891
1892
1893
1894
1895
1896
1897
1898
1899
1900
1901
1902
1903
1904
1905
1906
1907
1908
1909
1910
1911
1912
1913
1914
1915
1916
1917
1918
1919
1920
1921
1922
1923
1924
1925
1926
1927
1928
1929
1930
1931
1932
1933
1934
1935
1936
1937
1938
1939
1940
1941
1942
1943
1944
1945
1946
1947
1948
1949
1950
1951
1952
1953
1954
1955
1956
1957
1958
1959
1960
1961
1962
1963
1964
1965
1966
1967
1968
1969
1970
1971
1972
1973
1974
1975
1976
1977
1978
1979
1980
1981
1982
1983
1984
1985
1986
1987
1988
1989
1990
1991
1992
1993
1994
1995
1996
1997
1998
1999
2000
2001
2002
2003
2004
2005
2006
2007
2008
2009
2010
2011
2012
2013
2014
2015
2016
2017
2018
2019
2020
2021
2022
2023
2024
2025
2026
2027
2028
2029
2030
2031
2032
2033
2034
2035
2036
2037
2038
2039
2040
2041
2042
2043
2044
2045
2046
2047
2048
2049
2050
2051
2052
2053
2054
2055
2056
2057
2058
2059
2060
2061
2062
2063
2064
2065
2066
2067
2068
2069
2070
2071
2072
2073
2074
2075
2076
2077
2078
2079
2080
2081
2082
2083
2084
2085
2086
2087
2088
2089
2090
2091
2092
2093
2094
2095
2096
2097
2098
2099
2100
2101
2102
2103
2104
2105
2106
2107
2108
2109
2110
2111
2112
2113
2114
2115
2116
2117
2118
2119
2120
2121
2122
2123
2124
2125
2126
2127
2128
2129
2130
2131
2132
2133
2134
2135
2136
2137
2138
2139
2140
2141
2142
2143
2144
2145
2146
2147
2148
2149
2150
2151
2152
2153
2154
2155
2156
2157
2158
2159
2160
2161
2162
2163
2164
2165
2166
2167
2168
2169
2170
2171
2172
2173
2174
2175
2176
2177
2178
2179
2180
2181
2182
2183
2184
2185
2186
2187
2188
2189
2190
2191
2192
2193
2194
2195
2196
2197
2198
2199
2200
2201
2202
2203
2204
2205
2206
2207
2208
2209
2210
2211
2212
2213
2214
2215
2216
2217
2218
2219
2220
2221
2222
2223
2224
2225
2226
2227
2228
2229
2230
2231
2232
2233
2234
2235
2236
2237
2238
2239
2240
2241
2242
2243
2244
2245
2246
2247
2248
2249
2250
2251
2252
2253
2254
2255
2256
2257
2258
2259
2260
2261
2262
2263
2264
2265
2266
2267
2268
2269
2270
2271
2272
2273
2274
2275
2276
2277
2278
2279
2280
2281
2282
2283
2284
2285
2286
2287
2288
2289
2290
2291
2292
2293
2294
2295
2296
2297
2298
2299
2300
2301
2302
2303
2304
2305
2306
2307
2308
2309
2310
2311
2312
2313
2314
2315
2316
2317
2318
2319
2320
2321
2322
2323
2324
2325
2326
2327
2328
2329
2330
2331
2332
2333
2334
2335
2336
2337
2338
2339
2340
2341
2342
2343
2344
2345
2346
2347
2348
2349
2350
2351
2352
2353
2354
2355
2356
2357
2358
2359
2360
2361
2362
2363
2364
2365
2366
2367
2368
2369
2370
2371
2372
2373
2374
2375
2376
2377
2378
2379
2380
2381
2382
2383
2384
2385
2386
2387
2388
2389
2390
2391
2392
2393
2394
2395
2396
2397
2398
2399
2400
2401
2402
2403
2404
2405
2406
2407
2408
2409
2410
2411
2412
2413
2414
2415
2416
2417
2418
2419
2420
2421
2422
2423
2424
2425
2426
2427
2428
2429
2430
2431
2432
2433
2434
2435
2436
2437
2438
2439
2440
2441
2442
2443
2444
2445
2446
2447
2448
2449
2450
2451
2452
2453
2454
2455
2456
2457
2458
2459
2460
2461
2462
2463
2464
2465
2466
2467
2468
2469
2470
2471
2472
2473
2474
2475
2476
2477
2478
2479
2480
2481
2482
2483
2484
2485
2486
2487
2488
2489
2490
2491
2492
2493
2494
2495
2496
2497
2498
2499
2500
2501
2502
2503
2504
2505
2506
2507
2508
2509
2510
2511
2512
2513
2514
2515
2516
2517
2518
2519
2520
2521
2522
2523
2524
2525
2526
2527
2528
2529
2530
2531
2532
2533
2534
2535
2536
2537
2538
2539
2540
2541
2542
2543
2544
2545
2546
2547
2548
2549
2550
2551
2552
2553
2554
2555
2556
2557
2558
2559
2560
2561
2562
2563
2564
2565
2566
2567
2568
2569
2570
2571
2572
2573
2574
2575
2576
2577
2578
2579
2580
2581
2582
2583
2584
2585
2586
2587
2588
2589
2590
2591
2592
2593
2594
2595
2596
2597
2598
2599
2600
2601
2602
2603
2604
2605
2606
2607
2608
2609
2610
2611
2612
2613
2614
2615
2616
2617
2618
2619
2620
2621
2622
2623
2624
2625
2626
2627
2628
2629
2630
2631
2632
2633
2634
2635
2636
2637
2638
2639
2640
2641
2642
2643
2644
2645
2646
2647
2648
2649
2650
2651
2652
2653
2654
2655
2656
2657
2658
2659
2660
2661
2662
2663
2664
2665
2666
2667
2668
2669
2670
2671
2672
2673
2674
2675
2676
2677
2678
2679
2680
2681
2682
2683
2684
2685
2686
2687
2688
2689
2690
2691
2692
2693
2694
2695
2696
2697
2698
2699
2700
2701
2702
2703
2704
2705
2706
2707
2708
2709
2710
2711
2712
2713
2714
2715
2716
2717
2718
2719
2720
2721
2722
2723
2724
2725
2726
2727
2728
2729
2730
2731
2732
2733
2734
2735
2736
2737
2738
2739
2740
2741
2742
2743
2744
2745
2746
2747
2748
2749
2750
2751
2752
2753
2754
2755
2756
2757
2758
2759
2760
2761
2762
2763
2764
2765
2766
2767
2768
2769
2770
2771
2772
2773
2774
2775
2776
2777
2778
2779
2780
2781
2782
2783
2784
2785
2786
2787
2788
2789
2790
2791
2792
2793
2794
2795
2796
2797
2798
2799
2800
2801
2802
2803
2804
2805
2806
2807
2808
2809
2810
2811
2812
2813
2814
2815
2816
2817
2818
2819
2820
2821
2822
2823
2824
2825
2826
2827
2828
2829
2830
2831
2832
2833
2834
2835
2836
2837
2838
2839
2840
2841
2842
2843
2844
2845
2846
2847
2848
2849
2850
2851
2852
2853
2854
2855
2856
2857
2858
2859
2860
2861
2862
2863
2864
2865
2866
2867
2868
2869
2870
2871
2872
2873
2874
2875
2876
2877
2878
2879
2880
2881
2882
2883
2884
2885
2886
2887
2888
2889
2890
2891
2892
2893
2894
2895
2896
2897
2898
2899
2900
2901
2902
2903
2904
2905
2906
2907
2908
2909
2910
2911
2912
2913
2914
2915
2916
2917
2918
2919
2920
2921
2922
2923
2924
2925
2926
2927
2928
2929
2930
2931
2932
2933
2934
2935
2936
2937
2938
2939
2940
2941
2942
2943
2944
2945
2946
2947
2948
2949
2950
2951
2952
2953
2954
2955
2956
2957
2958
2959
2960
2961
2962
2963
2964
2965
2966
2967
2968
2969
2970
2971
2972
2973
2974
2975
2976
2977
2978
2979
2980
2981
2982
2983
2984
2985
2986
2987
2988
2989
2990
2991
2992
2993
2994
2995
2996
2997
2998
2999
3000
3001
3002
3003
3004
3005
3006
3007
3008
3009
3010
3011
3012
3013
3014
3015
3016
3017
3018
3019
3020
3021
3022
3023
3024
3025
3026
3027
3028
3029
3030
3031
3032
3033
3034
3035
3036
3037
3038
3039
3040
3041
3042
3043
3044
3045
3046
3047
3048
3049
3050
3051
3052
3053
3054
3055
3056
3057
3058
3059
3060
3061
3062
3063
3064
3065
3066
3067
3068
3069
3070
3071
3072
3073
3074
3075
3076
3077
3078
3079
3080
3081
3082
3083
3084
3085
3086
3087
3088
3089
3090
3091
3092
3093
3094
3095
3096
3097
3098
3099
3100
3101
3102
3103
3104
3105
3106
3107
3108
3109
3110
3111
3112
3113
3114
3115
3116
3117
3118
3119
3120
3121
3122
3123
3124
3125
3126
3127
3128
3129
3130
3131
3132
3133
3134
3135
3136
3137
3138
3139
3140
3141
3142
3143
3144
3145
3146
3147
3148
3149
3150
3151
3152
3153
3154
3155
3156
3157
3158
3159
3160
3161
3162
3163
3164
3165
3166
3167
3168
3169
3170
3171
3172
3173
3174
3175
3176
3177
3178
3179
3180
3181
3182
3183
3184
3185
3186
3187
3188
3189
3190
3191
3192
3193
3194
3195
3196
3197
3198
3199
3200
3201
3202
3203
3204
3205
3206
3207
3208
3209
3210
3211
3212
3213
3214
3215
3216
3217
3218
3219
3220
3221
3222
3223
3224
3225
3226
3227
3228
3229
3230
3231
3232
3233
3234
3235
3236
3237
3238
3239
3240
3241
3242
3243
3244
3245
3246
3247
3248
3249
3250
3251
3252
3253
3254
3255
3256
3257
3258
3259
3260
3261
3262
3263
3264
3265
3266
3267
3268
3269
3270
3271
3272
3273
3274
3275
3276
3277
3278
3279
3280
3281
3282
3283
3284
3285
3286
3287
3288
3289
3290
3291
3292
3293
3294
3295
3296
3297
3298
3299
3300
3301
3302
3303
3304
3305
3306
3307
3308
3309
3310
3311
3312
3313
3314
3315
3316
3317
3318
3319
3320
3321
3322
3323
3324
3325
3326
3327
3328
3329
3330
3331
3332
3333
3334
3335
3336
3337
3338
3339
3340
3341
3342
3343
3344
3345
3346
3347
3348
3349
3350
3351
3352
3353
3354
3355
3356
3357
3358
3359
3360
3361
3362
3363
3364
3365
3366
3367
3368
3369
3370
3371
3372
3373
3374
3375
3376
3377
3378
3379
3380
3381
3382
3383
3384
3385
3386
3387
3388
3389
3390
3391
3392
3393
3394
3395
3396
3397
3398
3399
3400
3401
3402
3403
3404
3405
3406
3407
3408
3409
3410
3411
3412
3413
3414
3415
3416
3417
3418
3419
3420
3421
3422
3423
3424
3425
3426
3427
3428
3429
3430
3431
3432
3433
3434
3435
3436
3437
3438
3439
3440
3441
3442
3443
3444
3445
3446
3447
3448
3449
3450
3451
3452
3453
3454
3455
3456
3457
3458
3459
3460
3461
3462
3463
3464
3465
3466
3467
3468
3469
3470
3471
3472
3473
3474
3475
3476
3477
3478
3479
3480
3481
3482
3483
3484
3485
3486
3487
3488
3489
3490
3491
3492
3493
3494
3495
3496
3497
3498
3499
3500
3501
3502
3503
3504
3505
3506
3507
3508
3509
3510
3511
3512
3513
3514
3515
3516
3517
3518
3519
3520
3521
3522
3523
3524
3525
3526
3527
3528
3529
3530
3531
3532
3533
3534
3535
3536
3537
3538
3539
3540
3541
3542
3543
3544
3545
3546
3547
3548
3549
3550
3551
3552
3553
3554
3555
3556
3557
3558
3559
3560
3561
3562
3563
3564
3565
3566
3567
3568
3569
3570
3571
3572
3573
3574
3575
3576
3577
3578
3579
3580
3581
3582
3583
3584
3585
3586
3587
3588
3589
3590
3591
3592
3593
3594
3595
3596
3597
3598
3599
3600
3601
3602
3603
3604
3605
3606
3607
3608
3609
3610
3611
3612
3613
3614
3615
3616
3617
3618
3619
3620
3621
3622
3623
3624
3625
3626
3627
3628
3629
3630
3631
3632
3633
3634
3635
3636
3637
3638
3639
3640
3641
3642
3643
3644
3645
3646
3647
3648
3649
3650
3651
3652
3653
3654
3655
3656
3657
3658
3659
3660
3661
3662
3663
3664
3665
3666
3667
3668
3669
3670
3671
3672
3673
3674
3675
3676
3677
3678
3679
3680
3681
3682
3683
3684
3685
3686
3687
3688
3689
3690
3691
3692
3693
3694
3695
3696
3697
3698
3699
3700
3701
3702
3703
3704
3705
3706
3707
3708
3709
3710
3711
3712
3713
3714
3715
3716
3717
3718
3719
3720
3721
3722
3723
3724
3725
3726
3727
3728
3729
3730
3731
3732
3733
3734
3735
3736
3737
3738
3739
3740
3741
3742
3743
3744
3745
3746
3747
3748
3749
3750
3751
3752
3753
3754
3755
3756
3757
3758
3759
3760
3761
3762
3763
3764
3765
3766
3767
3768
3769
3770
3771
3772
3773
3774
3775
3776
3777
3778
3779
3780
3781
3782
3783
3784
3785
3786
3787
3788
3789
3790
3791
3792
3793
3794
3795
3796
3797
3798
3799
3800
3801
3802
3803
3804
3805
3806
3807
3808
3809
3810
3811
3812
3813
3814
3815
3816
3817
3818
3819
3820
3821
3822
3823
3824
3825
3826
3827
3828
3829
3830
3831
3832
3833
3834
3835
3836
3837
3838
3839
3840
3841
3842
3843
3844
3845
3846
3847
3848
3849
3850
3851
3852
3853
3854
3855
3856
3857
3858
3859
3860
3861
3862
3863
3864
3865
3866
3867
3868
3869
3870
3871
3872
3873
3874
3875
3876
3877
3878
3879
3880
3881
3882
3883
3884
3885
3886
3887
3888
3889
3890
3891
3892
3893
3894
3895
3896
3897
3898
3899
3900
3901
3902
3903
3904
3905
3906
3907
3908
3909
3910
3911
3912
3913
3914
3915
3916
3917
3918
3919
3920
3921
3922
3923
3924
3925
3926
3927
3928
3929
3930
3931
3932
3933
3934
3935
3936
3937
3938
3939
3940
3941
3942
3943
3944
3945
3946
3947
3948
3949
3950
3951
3952
3953
3954
3955
3956
3957
3958
3959
3960
3961
3962
3963
3964
3965
3966
3967
3968
3969
3970
3971
3972
3973
3974
3975
3976
3977
3978
3979
3980
3981
3982
3983
3984
3985
3986
3987
3988
3989
3990
3991
3992
3993
3994
3995
3996
3997
3998
3999
4000
4001
4002
4003
4004
4005
4006
4007
4008
4009
4010
4011
4012
4013
4014
4015
4016
4017
4018
4019
4020
4021
4022
4023
4024
4025
4026
4027
4028
4029
4030
4031
4032
4033
4034
4035
4036
4037
4038
4039
4040
4041
4042
4043
4044
4045
4046
4047
4048
4049
4050
4051
4052
4053
4054
4055
4056
4057
4058
4059
4060
4061
4062
4063
4064
4065
4066
4067
4068
4069
4070
4071
4072
4073
4074
4075
4076
4077
4078
4079
4080
4081
4082
4083
4084
4085
4086
4087
4088
4089
4090
4091
4092
4093
4094
4095
4096
4097
4098
4099
4100
4101
4102
4103
4104
4105
4106
4107
4108
4109
4110
4111
4112
4113
4114
4115
4116
4117
4118
4119
4120
4121
4122
4123
4124
4125
4126
4127
4128
4129
4130
4131
4132
4133
4134
4135
4136
4137
4138
4139
4140
4141
4142
4143
4144
4145
4146
4147
4148
4149
4150
4151
4152
4153
4154
4155
4156
4157
4158
4159
4160
4161
4162
4163
4164
4165
4166
4167
4168
4169
4170
4171
4172
4173
4174
4175
4176
4177
4178
4179
4180
4181
4182
4183
4184
4185
4186
4187
4188
4189
4190
4191
4192
4193
4194
4195
4196
4197
4198
4199
4200
4201
4202
4203
4204
4205
4206
4207
4208
4209
4210
4211
4212
4213
4214
4215
4216
4217
4218
4219
4220
4221
4222
4223
4224
4225
4226
4227
4228
4229
4230
4231
4232
4233
4234
4235
4236
4237
4238
4239
4240
4241
4242
4243
4244
4245
4246
4247
4248
4249
4250
4251
4252
4253
4254
4255
4256
4257
4258
4259
4260
4261
4262
4263
4264
4265
4266
4267
4268
4269
4270
4271
4272
4273
4274
4275
4276
4277
4278
4279
4280
4281
4282
4283
4284
4285
4286
4287
4288
4289
4290
4291
4292
4293
4294
4295
4296
4297
4298
4299
4300
4301
4302
4303
4304
4305
4306
4307
4308
4309
4310
4311
4312
4313
4314
4315
4316
4317
4318
4319
4320
4321
4322
4323
4324
4325
4326
4327
4328
4329
4330
4331
4332
4333
4334
4335
4336
4337
4338
4339
4340
4341
4342
4343
4344
4345
4346
4347
4348
4349
4350
4351
4352
4353
4354
4355
4356
4357
4358
4359
4360
4361
4362
4363
4364
4365
4366
4367
4368
4369
4370
4371
4372
4373
4374
4375
4376
4377
4378
4379
4380
4381
4382
4383
4384
4385
4386
4387
4388
4389
4390
4391
4392
4393
4394
4395
4396
4397
4398
4399
4400
4401
4402
4403
4404
4405
4406
4407
4408
4409
4410
4411
4412
4413
4414
4415
4416
4417
4418
4419
4420
4421
4422
4423
4424
4425
4426
4427
4428
4429
4430
4431
4432
4433
4434
4435
4436
4437
4438
4439
4440
4441
4442
4443
4444
4445
4446
4447
4448
4449
4450
4451
4452
4453
4454
4455
4456
4457
4458
4459
4460
4461
4462
4463
4464
4465
4466
4467
4468
4469
4470
4471
4472
4473
4474
4475
4476
4477
4478
4479
4480
4481
4482
4483
4484
4485
4486
4487
4488
4489
4490
4491
4492
4493
4494
4495
4496
4497
4498
4499
4500
4501
4502
4503
4504
4505
4506
4507
4508
4509
4510
4511
4512
4513
4514
4515
4516
4517
4518
4519
4520
4521
4522
4523
4524
4525
4526
4527
4528
4529
4530
4531
4532
4533
4534
4535
4536
4537
4538
4539
4540
4541
4542
4543
4544
4545
4546
4547
4548
4549
4550
4551
4552
4553
4554
4555
4556
4557
4558
4559
4560
4561
4562
4563
4564
4565
4566
4567
4568
4569
4570
4571
4572
4573
4574
4575
4576
4577
4578
4579
4580
4581
4582
4583
4584
4585
4586
4587
4588
4589
4590
4591
4592
4593
4594
4595
4596
4597
4598
4599
4600
4601
4602
4603
4604
4605
4606
4607
4608
4609
4610
4611
4612
4613
4614
4615
4616
4617
4618
4619
4620
4621
4622
4623
4624
4625
4626
4627
4628
4629
4630
4631
4632
4633
4634
4635
4636
4637
4638
4639
4640
4641
4642
4643
4644
4645
4646
4647
4648
4649
4650
4651
4652
4653
4654
4655
4656
4657
4658
4659
4660
4661
4662
4663
4664
4665
4666
4667
4668
4669
4670
4671
4672
4673
4674
4675
4676
4677
4678
4679
4680
4681
4682
4683
4684
4685
4686
4687
4688
4689
4690
4691
4692
4693
4694
4695
4696
4697
4698
4699
4700
4701
4702
4703
4704
4705
4706
4707
4708
4709
4710
4711
4712
4713
4714
4715
4716
4717
4718
4719
4720
4721
4722
4723
4724
4725
4726
4727
4728
4729
4730
4731
4732
4733
4734
4735
4736
4737
4738
4739
4740
4741
4742
4743
4744
4745
4746
4747
4748
4749
4750
4751
4752
4753
4754
4755
4756
4757
4758
4759
4760
4761
4762
4763
4764
4765
4766
4767
4768
4769
4770
4771
4772
4773
4774
4775
4776
4777
4778
4779
4780
4781
4782
4783
4784
4785
4786
4787
4788
4789
4790
4791
4792
4793
4794
4795
4796
4797
4798
4799
4800
4801
4802
4803
4804
4805
4806
4807
4808
4809
4810
4811
4812
4813
4814
4815
4816
4817
4818
4819
4820
4821
4822
4823
4824
4825
4826
4827
4828
4829
4830
4831
4832
4833
4834
4835
4836
4837
4838
4839
4840
4841
4842
4843
4844
4845
4846
4847
4848
4849
4850
4851
4852
4853
4854
4855
4856
4857
4858
4859
4860
4861
4862
4863
4864
4865
4866
4867
4868
4869
4870
4871
4872
4873
4874
4875
4876
4877
4878
4879
4880
4881
4882
4883
4884
4885
0.004547625716489088 0.006203323427642519 0
0.01245237428351091 0.0007966765723574831 0
0.008877047280049712 0.00574675768209074 0
0.005715173546558346 0.001242245714423169 0
0.01219722470668966 0.001176766388966087 0
0.004800104380237513 0.005827788331599358 0
0.008140865772295355 0.001287602121269183 0
0.01131693652374386 0.005725449126794406 0
0.01382087277299126 0.003690388563606433 0
0.003172648191569804 0.003311986527475267 0
0.01102551233631857 0.006112140423629245 0
0.005977164016396215 0.0008856508746550775 0
0.002747830469172959 0.002859412661481686 0
0.01426170235904591 0.00413085666605168 0
0.008666466847548555 0.005409541759672588 0
0.01196318582579679 0.001533269055559059 0
0.005032125098690037 0.005459032353513105 0
0.005493108053033938 0.001596416732298778 0
0.008364444214771161 0.001619912214616987 0
0.01155626743195515 0.00537682707116421 0
0.01399491210157761 8.060699158763144e-05 0
0.002998916408887485 0.006911184054528518 0
0.002014787537881666 0.006912677267935314 0
0.0149845187347079 8.835031757630819e-05 0
0.01445128793885693 0.004397942989648704 0
0.002547653710373805 0.002600296751952688 0
0.009216789197505034 0.002861112129913114 0
8.656791494394966e-05 0.004948020890611307 0
0.0169157034472641 0.002043321058769566 0
0.008465650015523209 0.005112842658376098 0
0.01177075631665974 0.001853790509629301 0
0.005213688859871011 0.005138731658337304 0
0.005292160424775758 0.00186865551089187 0
0.008564915296082153 0.001921548828660249 0
0.01174734655465589 0.005070935526098891 0
0.009118451950628065 0.006068421452131479 0
0.007878986079506338 0.0009270853460053206 0
0.0146697000223435 0.004683714133129565 0
0.002332961327702374 0.002328710138988535 0
0.01691688067147363 0.002651494248086683 0
7.948905454217316e-05 0.004341745984935218 0
0.008252817094383056 0.004811507264599361 0
0.008757175940832767 0.002239209809532004 0
0.005107378744875563 0.002177319814171226 0
0.005422674241452536 0.004828184882758802 0
0.01159245431194837 0.002176589735441108 0
0.01194533285328247 0.004776335576355455 0
0.008069937415887027 0.004537230027092426 0
0.008949085372085911 0.002518407873009996 0
0.007051804101664925 0.003583669383885787 0
0.009937842660305276 0.003428028577709929 0
0.002152878028643893 0.002005590700277313 0
0.01484651035574244 0.004987704389086928 0
0.004903736267932519 0.0024717513914653 0
0.01213806609820639 0.0044916301393104 0
0.011384623045744 0.002469129521043513 0
0.005615376954255997 0.004530870478956488 0
0.01036237234790633 0.003429623236235089 0
0.006637364142219396 0.003579896665103568 0
0.01311930852201623 0.003588241610753349 0
0.003891519847109594 0.003421721810235204 0
0.01691394631032064 0.003251499325294468 0
8.723735007070896e-05 0.003747464082388421 0
0.007824045109560302 0.004189049220172503 0
0.0123180810040782 0.004238816961552359 0
0.004659517309796843 0.002787302666218983 0
0.00585599063179295 0.004209498569372638 0
0.01115752051775277 0.002760548556462538 0
8.122683873076041e-05 0.005445513433569302 0
0.01691754432117448 0.001557934813858318 0
0.01447989829818688 9.24850861150398e-05 0
0.002520560505164419 0.006913969737298988 0
0.01546891467434343 7.945895400503352e-05 0
0.001524789929673066 0.006916482378045514 0
0.001941747957437059 0.001690938735764446 0
0.01503886434072431 0.005324217227755328 0
0.01692045268666319 0.003748309266142527 0
8.335762593440418e-05 0.003252987432634228 0
0.001775026266833795 0.001400912010364899 0
0.01524117153917461 0.00561441613876586 0
0.004263979510791538 0.006514039483355838 0
0.01273353965168827 0.000480462223717499 0
0.009659765705745305 0.003292626188890432 0
0.00734531446205799 0.00371208570104063 0
0.01409960345154373 0.003914214828871463 0
0.002900469756856542 0.003095325023829695 0
0.001570224895217085 0.001070616224080223 0
0.01542712343102547 0.005931449220591793 0
0.006356910001650323 0.003693918120132712 0
0.004163665565730487 0.003291260224898095 0
0.01282973649071054 0.003700920150174092 0
0.01064946716356279 0.003308482539099904 0
8.710515147308459e-05 0.002741615855615149 0
0.01691453817247893 0.004250689834657245 0
0.006244425168847031 0.0005942817678244103 0
0.01074794923915673 0.006405846260405519 0
0.01563585768185385 0.006208277366922226 0
0.001364142318146144 0.000791722633077778 0
0.009383687040651012 0.003059025042582419 0
0.007613923230173437 0.003933105551212639 0
0.01691349958397128 0.004748080489621357 0
8.17651175657047e-05 0.002249111370610371 0
0.009863883023676759 0.006717912747416142 0
0.006669897096864417 0.00028556884099932 0
0.01691343208505605 0.001052378929467217 0
8.470996263312131e-05 0.005957208890198858 0
0.009363752129498023 0.006338644045626069 0
0.007636846688514147 0.000661441720137389 0
0.006846881124501394 0.003536410685541608 0
0.01015613431851554 0.003468943225553718 0
0.01255931098104699 0.003928794994271727 0
0.004443050502173782 0.003071965282490104 0
0.01091243717121226 0.003089650688535155 0
0.00607311786232634 0.003906851994173327 0
0.01579610354569254 0.006406393924585402 0
0.001218954912336526 0.0005807826812687473 0
0.01596520910188949 9.013688511561599e-05 0
0.001020125720539861 0.006915051660222884 0
0.0136127002953697 8.349761590302528e-05 0
0.003386421234896599 0.006900211168173502 0
8.391063371258542e-05 0.001862390057248753 0
0.01690028243971241 0.005154795778304426 0
0.003382398911442226 0.003419507091483178 0
0.003598104803120952 0.003463213655805978 0
0.01360786411314645 0.003592022268410695 0
0.01339670787239472 0.003546653990638742 0
0.01691688843459024 0.005550579739113856 0
8.224383521890193e-05 0.001446860309438545 0
0.007933506155811914 0.004345780197540196 0
0.007313798742897663 0.0003877757887488886 0
0.009085439491654692 0.002692214788765805 0
0.01303968701724147 0.0001967478908703815 0
0.003953988630817211 0.006797386368245844 0
0.01044262701851898 0.006656182881090559 0
0.01118807187058784 0.005889524912684735 0
0.0123250597407686 0.0009808092575273289 0
0.0046749402592314 0.006019190742472672 0
0.01691747899473203 0.005961478399104944 0
8.656791494394966e-05 0.001049580188917548 0
0.005842952554246587 0.001058664858073531 0
0.008013512861651962 0.001103722637983712 0
0.01605838599221747 0.006653584109059692 0
0.0009643783707738371 0.0003465644915069859 0
0.01691064567768608 0.0006639263641127339 0
8.763220093316315e-05 0.006340115837271152 0
0.01632707449813081 0.006886056990472807 0
0.0006648346821864666 0.0001479824380544361 0
0.007062382539108182 0.0002552419107198379 0
0.01636061827865148 8.578164240936404e-05 0
0.0006392119246460912 0.006916461313280596 0
8.656791494394966e-05 0.004048380728681976 0
8.032633142345501e-05 0.004648883989603835 0
0.01690943474917048 0.002950471861159391 0
0.01691795648522555 0.006253532326617027 0
0.01691290325709506 0.002364376368136152 0
8.413171322560128e-05 0.0007454691505737981 0
0.009612301052695834 0.006574087012522684 0
0.01014060416146254 0.00677172345496452 0
0.0125794907945851 0.0006275596658845001 0
0.004420509205414897 0.006372440334115503 0
0.002251096274928551 0.002161466799794883 0
0.01475801211949771 0.004831714166562713 0
0.005323214439768926 0.00498544609975124 0
0.01166605871823816 0.002006754561355616 0
0.01149507058718078 0.002295851550756274 0
0.005522508662615931 0.004674288063196008 0
0.01494065874495157 0.005158899278912542 0
0.002046262239889026 0.001849690294903257 0
0.01456637382494693 0.004537085713630904 0
0.002448189377641015 0.002457153417178508 0
0.01186477744536229 0.001689376513313041 0
0.005130939077630762 0.005292296413563291 0
0.01123850732004621 0.002644804208022072 0
0.00574182780848885 0.004348480005855133 0
0.008647882661945003 0.002087462270230586 0
0.01182915208986166 0.004927629013725304 0
0.01327620548322146 6.848233397898848e-05 0
0.003726350560228727 0.00692916490565548 0
0.01202590009206042 0.004632096683320071 0
0.008838879009520321 0.00236113000127917 0
0.005012781487733819 0.002305935843197198 0
0.008185098023240448 0.004677161317625913 0
0.008368190226794704 0.004969747440324452 0
0.005191967976525819 0.002025709910555595 0
0.01513681981732381 0.005466573148332973 0
0.001844951664734439 0.001524175890765374 0
0.01222248695289963 0.004361812327015934 0
0.004761862640221368 0.002648698377294245 0
0.008566221388771235 0.005269094750906273 0
0.005391818573265959 0.001726666977219841 0
0.01164547254454204 0.005197108284833002 0
0.008480451231193929 0.001774118309033502 0
0.004919375659149602 0.005621904036661827 0
0.01208524634675427 0.001383519832390427 0
0.01435990807486896 0.004263525940849363 0
0.002640332662827359 0.00273165558459156 0
0.008265107850254274 0.001483427024763827 0
0.01143527699252756 0.005526083283056487 0
0.005573070697618287 0.001423721379163448 0
0.008750204794404743 0.005568284161884648 0
0.01533790615225566 0.005771018915298402 0
0.001658030896811791 0.001222800121901565 0
0.008988961317174573 0.005894430136584506 0
0.006444812084237033 0.000433640239810516 0
0.01691343208505605 0.006550179919035337 0
8.048763511634034e-05 0.0004558264283142481 0
0.01553881468198625 0.00608952292880283 0
0.001467546385148234 0.0009250120126838091 0
0.01655114449344274 0.006935644497057874 0
0.0004488555065572646 6.43555029421314e-05 0
0.01093133821765899 0.006240827574623762 0
0.006069722486615582 0.0007647646221216951 0
0.009211104302709187 0.006188615707611202 0
0.007803160612370166 0.000806270807055007 0
0.01692134815627462 0.0003497482446466662 0
7.82642659181345e-05 0.006655443371193186 0
0.01104355994817508 0.002928892848265134 0
0.005966629701711527 0.004075211418988889 0
0.01243744365281769 0.004082077571980498 0
0.004569325457803085 0.002910651600496693 0
0.003744934167069986 0.003457816583454862 0
0.01325219819985272 0.003523768205196291 0
0.006504200699954143 0.003627903875937771 0
0.01050237769433699 0.003386547213294204 0
0.009800702474757632 0.003368188438991778 0
0.0129689976234382 0.003618969519615869 0
0.004017164213744676 0.00337707511381511 0
0.007197946507696147 0.003616319512678633 0
0.0107805709704286 0.003203681340583089 0
0.006206830002343804 0.003797536560050278 0
0.01395764948288894 0.003793874815801379 0
0.003042350517111058 0.003206125184198621 0
0.007465359863682816 0.003802705500544257 0
0.009520444386387956 0.003195255535967442 0
0.01270098148994053 0.003796891822687467 0
0.004306600041296301 0.003197215854408214 0
0.00685965379923512 0.0002527184404018602 0
0.01666017234634593 9.485334382604163e-05 0
0.0003471030005183524 0.006917407893754321 0
8.817670475135854e-05 0.001247970121108097 0
8.218291524668929e-05 0.001651463333562835 0
8.47391540884819e-05 0.006141762024187892 0
8.656791494394966e-05 0.002049180368839019 0
8.656791494394966e-05 0.00244902044080761 0
6.66638251733357e-05 0.005645904791396957 0
0.01691454600499631 0.005350659703129564 0
7.989954021999333e-05 0.002951076030880149 0
8.043226050663717e-05 0.003445866216678203 0
0.01691169742233046 0.001254103052520669 0
0.01691339260273235 0.001852912240410719 0
0.01691129753783492 0.003956018235704338 0
0.01691944516714299 0.004455466530608495 0
0.0169043062242279 0.004952055658032325 0
0.01691833537897921 0.003551379379270912 0
8.37738601241686e-05 0.005143089932603217 0
0.01691614313300713 0.005750499775098158 0
0.01690980055495503 0.0008424708843846069 0
0.002215475327867909 0.006911164830983281 0
0.01616386152189472 8.596117088646325e-05 0
0.0156767539612883 7.191280243623371e-05 0
0.002796213205818143 0.006920128816826999 0
0.0008332099792644106 0.006913451748649905 0
0.003197862615629633 0.006910814818997336 0
0.014295204661034 9.165487527414877e-05 0
0.01518007773811094 8.685881327195975e-05 0
0.001321469634212822 0.006909768613002856 0
0.0147879742647862 8.493716422636362e-05 0
0.001719456244751283 0.006916160713526373 0
0.01380492910932256 7.071082663259254e-05 0
0.01675436872237097 0.006918370935148257 0
0.0002495889975548306 7.838209160530981e-05 0
0.007501754108583613 0.0005349976748660894 0
0.01285961899356097 0.0003467588201162041 0
0.004138255585106517 0.006658584787760621 0
0.001088999302439085 0.0004768823139575363 0
0.01590944046569076 0.00651210006729953 0
0.007726000495443955 0.004078851374223747 0
0.0106272256214404 0.006524317252965283 0
0.009487614654941455 0.006471078348760565 0
0.01615966835107479 0.006753943061820283 0
0.0008507243108536976 0.0002442291025344999 0
0.005679529013696909 0.004438340003698552 0
0.005594656954387735 0.004444510814084762 0
0.01132046638758148 0.002561656650681484 0
0.01140533844689065 0.002555485840295274 0
0.004863633627952924 0.005727129426474077 0
0.004772941097283706 0.005745184256496959 0
0.01213636637204707 0.001272870573525923 0
0.012221134495809 0.001259231781129977 0
0.009019210513582034 0.002605353013225482 0
0.00893442428729711 0.002601761540659708 0
0.004841124957091146 0.002560106112278647 0
0.004925520997014841 0.002554540543375801 0
0.007999153705798097 0.004433287066295331 0
0.008104194498086264 0.00443623508995346 0
0.01226112920763212 0.001077869905055213 0
0.01234658339563937 0.001069295177367539 0
0.004736199879295053 0.005926684815510235 0
0.004653953150977753 0.005931889297501633 0
0.005653589925437151 0.001333716213017248 0
0.005732033444316381 0.001318319380679224 0
0.008811828839148845 0.005655230779555074 0
0.008918357738877477 0.005660253723980794 0
0.008204969424356431 0.001383646084941428 0
0.008120935269770325 0.001370430818618893 0
0.01137489122580296 0.005633901753946814 0
0.01128607916228426 0.005623449901132215 0
0.00915098234327766 0.00277625948370592 0
0.009133462566823366 0.002857137370817488 0
0.007870233816070387 0.004258327482492698 0
0.007905293487951928 0.004177592151350412 0
0.005779034451209677 0.00114950978313804 0
0.005860644772736501 0.001140426425659208 0
0.0123886695662846 0.0008875455502050655 0
0.01246925503312047 0.0008851053397024031 0
0.004611330433715397 0.006112454449794935 0
0.004532174279992156 0.00612066776507189 0
0.008076905940359985 0.00119368564566183 0
0.007984234169782391 0.001189729737901301 0
0.01124998497143871 0.005817674244148092 0
0.01115781947371958 0.005802575037784197 0
0.0110992543264651 0.005884473575720755 0
0.01105978042489044 0.005793374930869528 0
0.01100472540119115 0.005875350002430231 0
0.01095628432163003 0.005781616061434821 0
0.01089349415133389 0.005889449151867639 0
0.01084250933818069 0.005762423312582492 0
0.01076381877162066 0.005860238302892387 0
0.01071226887778417 0.005726510111354434 0
0.0106146582974718 0.005855146930746154 0
0.01055547089637632 0.005704039583300305 0
0.01066407553966417 0.005569533616839822 0
0.01048522450039378 0.005540860158780225 0
0.01060936279486741 0.005391364073683684 0
0.01040719254139579 0.005360452437411828 0
0.01054064214480946 0.005200754726436437 0
0.01032044216224185 0.005151870995844489 0
0.01045672056795509 0.00583674345503683 0
0.01048330300304952 0.004962369928943748 0
0.01020768551698973 0.004909744070856783 0
0.01013324540200497 0.005351832036665925 0
0.01037611732063531 0.004672121332726739 0
0.01009073263901965 0.004661859671503542 0
0.01066016613742465 0.004747834766033817 0
0.0105858304398632 0.004495767714898475 0
0.0108317241677844 0.004543088272012368 0
0.01076293481606623 0.004280194733279223 0
0.0109941305046214 0.004370395679701489 0
0.01094770890490465 0.004135961135987907 0
0.01115507295919709 0.004205441626483623 0
0.01108120585494632 0.003963527768998029 0
0.01130886342666038 0.004037288932496497 0
0.01125365868856248 0.003823836415216986 0
0.01146366215397962 0.003880661311919586 0
0.01140258581609467 0.003676776487486103 0
0.01161359246893439 0.003727427004967883 0
0.01153095605067448 0.003515826265594374 0
0.01176026320937425 0.003574137206732381 0
0.01170416763965883 0.00337252500972066 0
0.011911828576107 0.00342056986390756 0
0.0118519319137456 0.003220764626328988 0
0.01206014067937942 0.003267624703566686 0
0.01199597498523395 0.003069099722569253 0
0.01221080951003421 0.003112196923151235 0
0.01214517416550961 0.002906159342233297 0
0.01236488098103053 0.002953829514246739 0
0.01230243701534485 0.00273658097372729 0
0.01251727111394362 0.002792512464664039 0
0.01245906133533265 0.002569228269088131 0
0.01268269907921836 0.002626386470198948 0
0.01262450470154215 0.002387775303558902 0
0.01287518252790037 0.002459711158737919 0
0.01279805774555362 0.002203821447436075 0
0.01306742418532904 0.002285080361200073 0
0.01298306738942375 0.002017446764763328 0
0.01325771043115428 0.002090899863392454 0
0.01313740013721704 0.00178763463295003 0
0.01345037118795672 0.001875607478047732 0
0.01353351569624543 0.002171885401220547 0
0.01375069078411463 0.001951273737198407 0
0.01383480279866385 0.002247012018298868 0
0.01406340988916517 0.002028140104677853 0
0.01413742783481236 0.002365164406181997 0
0.01438028696615134 0.002108020504207894 0
0.0144917151364296 0.002445608421419844 0
0.01471046285721629 0.002171377828632538 0
0.01483918023746765 0.002473460828092782 0
0.01506525096572985 0.002234723328825016 0
0.01515809860334779 0.002592408599654346 0
0.01336240643292155 0.001599812721638333 0
0.01461071597693328 0.001783868107839901 0
0.0154031494884784 0.002335724589789858 0
0.01547978696595439 0.002653466564749647 0
0.01528180029770481 0.002918124266213348 0
0.01559879950716489 0.00295700972620991 0
0.01537624390619444 0.003210480723459721 0
0.01569103353309352 0.003278669475580235 0
0.01547469336965896 0.003500268614721422 0
0.01575929626853959 0.0035699695348724 0
0.01556092747258586 0.003795625099164951 0
0.01583501754047986 0.003833992996201463 0
0.01567149600450702 0.004053225601737569 0
0.01595153387884368 0.004077810124808909 0
0.01575003101956106 0.004285000590507078 0
0.01602748802782651 0.004340566004923977 0
0.01582998425893901 0.004523266462456203 0
0.0150558802426005 0.003178925012154117 0
0.01573317458839756 0.002424186691888046 0
0.0156451798139419 0.002128675025034397 0
0.01426722721244923 0.002617333784743859 0
0.01606520543476243 0.004586479669758081 0
0.01590402550142957 0.004754695825507413 0
0.01528549880700086 0.00370579920321236 0
0.01075085106225214 0.005248751085969995 0
0.01362607768492098 0.002471605046664419 0
0.0129097168881928 0.002691867330819093 0
0.01053547786235271 0.004262578227912756 0
0.015827021253978 0.003084393061924646 0
0.01615446145829391 0.004825567630401635 0
0.01598064991281265 0.004976311936536244 0
0.0159237891091291 0.002200787957207279 0
0.01586865529588238 0.001947224517889512 0
0.01548056803402752 0.004240464915468304 0
0.01619154877169287 0.005043738862248202 0
0.01600937667096331 0.005205898856889414 0
0.01602619161847863 0.003635099865136337 0
0.01566523864704005 0.004705704923715043 0
0.01274520001283286 0.001966212934015618 0
0.01107070783396028 0.004577711068881177 0
0.01310388148404228 0.001534915471075894 0
0.01326830573357392 0.001318422122793206 0
0.01354362036075123 0.001394685296359901 0
0.01346387496469807 0.001147305493667313 0
0.01371359109545093 0.001194735975464174 0
0.01363119472629168 0.0009669735096812281 0
0.01386746495750894 0.001004507055824871 0
0.01624387593846362 0.00523244480746894 0
0.01610326268852899 0.005391909249407603 0
0.01337306785018459 0.0008983831315407826 0
0.01611772529447886 0.002038617625607026 0
0.01605438460851181 0.001788446592923295 0
0.01582187663011372 0.001710438739997614 0
0.016009408027166 0.001547932889808786 0
0.01578172362129543 0.001467359595824829 0
0.01595891743190805 0.001316200558371047 0
0.01573919347617019 0.001210449165181543 0
0.01595481082585264 0.001075279708057931 0
0.01570614582459155 0.0009662561653720077 0
0.0161503355470341 0.002271114895672682 0
0.01240194005528798 0.002313608777300068 0
0.01616433319157672 0.004161022717571738 0
0.01579757757327306 0.005129522218885874 0
0.01137924916621469 0.004262858720062584 0
0.01588274669121531 0.0008202809722155082 0
0.01610790103305603 0.0008897963708145297 0
0.01568569559642702 0.0007403574057333264 0
0.01550938899766887 0.0008695409753077363 0
0.01256721869482142 0.003028532940125514 0
0.012073628602026 0.002686766080964319 0
0.01631122322232015 0.005409741581954943 0
0.01620293184403209 0.005582990129987674 0
0.01597970228428324 0.005541661453259725 0
0.01602791681662957 0.005740902810454168 0
0.01623479201169965 0.00576641682380458 0
0.01611262294670463 0.005903200475677767 0
0.01631939072759119 0.005929353832804453 0
0.009922416539679476 0.004875677391999256 0
0.00981623272783152 0.004615550364620919 0
0.009643584463855964 0.004841915347867163 0
0.009507722502699123 0.004620227637274131 0
0.009723210277115089 0.004374655691494865 0
0.009441568193430868 0.004350860153652635 0
0.009307479488382016 0.004524800236713805 0
0.009180638202824576 0.004353592226447531 0
0.009365270396734241 0.004164894786804333 0
0.009126106838592791 0.004084441287805954 0
0.008950286016447996 0.004291925682753354 0
0.008865787155683494 0.004075978295957162 0
0.008998815008018052 0.003881600268387968 0
0.008746512870115467 0.003883567695016296 0
0.008912084969658092 0.003674554441019361 0
0.00868025215053274 0.003663059053650083 0
0.008778843140373352 0.003486629830399013 0
0.008582465576407811 0.003462055283435668 0
0.00843545517612135 0.003654051768885961 0
0.008373682622143342 0.003440009565305657 0
0.008494421472163262 0.003259881381838079 0
0.008279216908485064 0.00324304315653855 0
0.008404658990151793 0.003068081435058053 0
0.008186612018220575 0.003046980196207926 0
0.008325665589619446 0.002882128300945003 0
0.008111345072116184 0.002817002105057022 0
0.007963072805747729 0.003031471872903627 0
0.007871808095078264 0.002820500550964701 0
0.007979213704881588 0.002623301108523137 0
0.007765551028873865 0.002599097497064237 0
0.007659795608767131 0.002811587119358867 0
0.007515363268410156 0.002618852639415798 0
0.007676078428363401 0.002378569993239454 0
0.007429872056508418 0.002355140924554934 0
0.007260884397750021 0.002560491743400499 0
0.007171944104753908 0.002317493586788558 0
0.00701403100674502 0.002526897185841747 0
0.006908299785028296 0.002283153200893324 0
0.00676112965302135 0.002496585036246281 0
0.007071639251404747 0.002087280091606495 0
0.006643212916960538 0.002252297479370217 0
0.006489219987286851 0.00250368160932992 0
0.006370003030366975 0.002212646154407387 0
0.006183744994281551 0.002434724649820446 0
0.006305459903877824 0.002671025780443892 0
0.006066148709615492 0.002652825313163286 0
0.006172365296953046 0.002882466792936523 0
0.005931033801426512 0.002828075909484456 0
0.006002652278321114 0.003029161914992886 0
0.005782145148310415 0.002988994262020613 0
0.005871750328161016 0.003204196679723773 0
0.005649012055515069 0.003155521090497786 0
0.005722278523573213 0.003351312927094076 0
0.005518560637497521 0.00331341091886601 0
0.005589592909284357 0.00349957915295251 0
0.005386979812560361 0.003466089205093528 0
0.005482435326160325 0.003669142947981002 0
0.005264944792348446 0.003625546589752338 0
0.005298092366279614 0.003271069710882169 0
0.005337084723077428 0.003805524776143938 0
0.005134102800673116 0.003777452022146537 0
0.005054395977955597 0.003587662900871113 0
0.004891026933713793 0.003751464975221721 0
0.005027618822881635 0.003967559999664607 0
0.004783015746305982 0.003936996818800773 0
0.004881129447316801 0.004128070961411883 0
0.004652425956645253 0.004096983807230231 0
0.004769074789370231 0.004320531534893743 0
0.004513613505932357 0.004272822865939722 0
0.004617984979752812 0.004517955065321751 0
0.004363203280680717 0.004457202662452221 0
0.004449062960635569 0.004675894110966693 0
0.004209093104572475 0.004637816256657296 0
0.004299562713438427 0.00485914106173759 0
0.00405009564045153 0.004828889755179165 0
0.003943463060226292 0.004594642010328463 0
0.003763664094243117 0.004785934019975051 0
0.003901043004332291 0.005037522628059472 0
0.003608461182429641 0.005016943871302993 0
0.003472180460195252 0.004735308527261973 0
0.003295338369981099 0.004993366333955187 0
0.003171909226991967 0.004696664331842136 0
0.002983626553302571 0.004968888515385694 0
0.002874937589280105 0.004668705860241605 0
0.002668283484381443 0.00493041086941145 0
0.002544839139428532 0.004606264207285123 0
0.00233488675798987 0.004882389606977511 0
0.00218209070649099 0.004561976852200843 0
0.00198152339848723 0.004840056585914042 0
0.001793831784020089 0.004493817104400383 0
0.003415489621020073 0.005276438053066797 0
0.002483326833893009 0.005222803781319047 0
0.002032914032854574 0.004239069899764848 0
0.00172819048053095 0.004174210581721268 0
0.001949073408864025 0.003900299344613564 0
0.001622155403468922 0.003871885824961824 0
0.001804199931586063 0.003623084287941378 0
0.001515478402815571 0.003587696239608141 0
0.001698684948120026 0.003364781887800988 0
0.001417709046162537 0.00331824859260566 0
0.001635170266766519 0.003090239237579437 0
0.001325373347468418 0.00305319864239419 0
0.001618143920183604 0.004819803938130705 0
0.001504985989450788 0.002822406603242131 0
0.001235354769072378 0.002803620277392617 0
0.001380598235695181 0.002590489783454377 0
0.001145065141660302 0.002564904889557866 0
0.00129864738053948 0.002384409752732682 0
0.001065587779359231 0.002331308414864443 0
0.001242380168670601 0.002157993740476232 0
0.001428354053858326 0.004081475472082328 0
0.0009943027444098704 0.002108574845703152 0
0.001138308993853658 0.001943525809775968 0
0.0009144366161701403 0.001899646621186584 0
0.001083529283045737 0.001729169415434861 0
0.001242742083624238 0.003537855746167936 0
0.002240314687157946 0.00399605426045523 0
0.0008497195109309595 0.001694614102392276 0
0.0009858653850978389 0.00154052703314068 0
0.003066186986361008 0.004435167750557872 0
0.004301997386828339 0.004244812036940888 0
0.001036264395444022 0.003003529861746908 0
0.001961933228017384 0.003400521291912935 0
0.00074995346858638 0.001505968875594359 0
0.0009097323375747831 0.001350130146557054 0
0.005692127883527723 0.002774888754297617 0
0.0007167700848103994 0.001314917475511899 0
0.0008427174734626265 0.00117176830127439 0
0.006387628772917824 0.002882475791238138 0
0.006121205000652495 0.002184536353072541 0
0.006265234484371 0.002002966938079102 0
0.0008861266335136366 0.002490438284192858 0
0.001717268780110205 0.002889343323894214 0
0.007067510811252031 0.002763921872000457 0
0.001534980401255167 0.002409809315853242 0
0.008152491853889641 0.003429237343973145 0
0.0006516008552408959 0.001137715131066913 0
0.0007775857728430247 0.001002812089935749 0
0.004560223544604644 0.003891461461094299 0
0.004541190660454501 0.004892992609455958 0
0.004396227849555109 0.005059388122191981 0
0.009108634229759752 0.003715676949574799 0
0.01618678702649756 0.001396021201266435 0
0.01166102105836446 0.00392416839614081 0
0.004819966642781535 0.004511726825782014 0
0.01550620810225299 0.000671586547579804 0
0.01533025992952182 0.000753129713442823 0
0.0153352194375637 0.0009858667749861692 0
0.01515163567394891 0.000886150152225948 0
0.0007670525030240467 0.002075264364315135 0
0.001759650380817214 0.00513362638736977 0
0.001434645385078368 0.005106820400536607 0
0.001554221226293119 0.00540299988487807 0
0.001218265737456981 0.005387533456799432 0
0.001403376331127311 0.005680077607698519 0
0.001683666786651584 0.005654521505073512 0
0.001131266575982885 0.005107227117183564 0
0.001100556289988859 0.005647832514464797 0
0.001202008453816145 0.005871938417307252 0
0.0009287942672995837 0.005827140887125411 0
0.001050086038261071 0.006050183142158199 0
0.001309143440670224 0.006089759232673558 0
0.0008689528562677937 0.005623971801089071 0
0.000829531549323013 0.006030992039954738 0
0.0009159018117788813 0.006219624331678483 0
0.0006956187591613998 0.006191502577316543 0
0.006053078075999276 0.001986235377291127 0
0.005914162954473167 0.002139439265997763 0
0.006152996283004178 0.00179629622879408 0
0.01376676648606177 0.0007771184150185012 0
0.01399717077613772 0.0008276681935797379 0
0.0006055975982077414 0.000964945157644365 0
0.001346780583142136 0.001959550405739965 0
0.0108745423453879 0.003931397744153473 0
0.0007180036769534942 0.0008357934650127796 0
0.0162768315445137 0.004648732327681582 0
0.01513727749215784 0.0006867652862696098 0
0.01497452583036257 0.0007909489335297375 0
0.01303350525689206 0.001307045429224175 0
0.01162463803870791 0.003176601881656919 0
0.01197533353233259 0.003632885975702096 0
0.01623280561897812 0.001854601343949471 0
0.01224883616560231 0.003314427200011883 0
0.001199079003470651 0.001541927759093574 0
0.01102783784401622 0.00569289714788408 0
0.006373379641133306 0.001818818161432927 0
0.006278035964756185 0.001632683488489427 0
0.006479666345108906 0.001644019797968367 0
0.006385528152517611 0.001470237988719316 0
0.006588046311108523 0.00147304559807222 0
0.006468618349419327 0.00128669284669606 0
0.006694597585531859 0.001299719347129237 0
0.006592135349429247 0.001112018865336025 0
0.006799445055515036 0.001131060044301008 0
0.006719518371653153 0.0009717425616196586 0
0.006905410677197711 0.0009722707861917115 0
0.006999620234910771 0.001139414047263954 0
0.004852675574115266 0.003547219982684465 0
0.007120257145115992 0.0009575514816933415 0
0.00719654553763026 0.001133400459248853 0
0.008738196406256124 0.004262057701906755 0
0.008805208847361539 0.004439435173703991 0
0.01606221086057144 0.0006943528656402896 0
0.01624382738114102 0.0007481764844442314 0
0.007006770971926582 0.0008143183952353077 0
0.0006359057501204406 0.005993059564840844 0
0.004586535615421064 0.005094248173417022 0
0.004476226135928558 0.005234376388864367 0
0.0161805609441549 0.006065802255091188 0
0.01634845427511779 0.006102228249946583 0
0.000552042892461033 0.0008063194698287928 0
0.01051949112778882 0.005988712236929521 0
0.01035873710956942 0.005972058071028288 0
0.01120116388550105 0.003647280458065604 0
0.006070820784730412 0.003207229006088652 0
0.0149725705557436 0.0006062552892885874 0
0.01481704612897001 0.0006967824515282332 0
0.01477775406495303 0.0009028081756716523 0
0.01409591647958364 0.001013905436226627 0
0.007584532631269835 0.002155252591248708 0
0.007817015824088343 0.002178266138526169 0
0.007724823501710173 0.001984182532491768 0
0.007917535454745274 0.0019948793243212 0
0.007863539858621657 0.001816035171757401 0
0.007663697203793254 0.0017989436251506 0
0.0006478483627884724 0.001660441966270061 0
0.0007929897669822434 0.006367648967193126 0
0.0009685438736631172 0.006387951202609563 0
0.000610793236117806 0.006353238297915877 0
0.0006555207757081034 0.0006829788889916588 0
0.0005042173882775867 0.0006571349457571208 0
0.005972467552899608 0.001824318274438502 0
0.001018150607768709 0.001205381186767814 0
0.01393465707914173 0.0006452898738025601 0
0.0141174200317717 0.0006756436957226588 0
0.0137790375666771 0.0005837874710409841 0
0.01043457983098795 0.006114187794808108 0
0.01027054540747061 0.006128992316263833 0
0.01018685815374709 0.005955191795810841 0
0.01007034756367145 0.006126828215067319 0
0.009998976452218216 0.005941396615257217 0
0.009885558742142503 0.006086177225902066 0
0.009813910866846532 0.005924863849451066 0
0.01015554372240741 0.006262266661793079 0
0.008605415738906714 0.004405650419385039 0
0.008563996733156214 0.004233153667510521 0
0.008678513226923947 0.004566669462077127 0
0.01638746413575336 0.005085150043277847 0
0.006413109151728585 0.001122922838882293 0
0.005080727979303581 0.004178100083640559 0
0.008599915041720859 0.003084445814518455 0
0.01620289619292147 0.0005759818220992556 0
0.01639823797257538 0.0006524575502725605 0
0.01641824606878644 0.0008404017824243269 0
0.01586160320861759 0.005686392561332495 0
0.005513077330736787 0.003849091586120662 0
0.01623278780204874 0.006246800385477197 0
0.01640145589526942 0.006263615566789943 0
0.007777664735326656 0.001657561554741624 0
0.00760688205819416 0.001630192610092496 0
0.01563342069360613 0.0005587706016514957 0
0.01641329495456875 0.005792633826602553 0
0.005761826823242619 0.003514042728080249 0
0.0160376827893269 0.0005098188474882952 0
0.0008799005439682596 0.0008603393794562606 0
0.007299401248211709 0.0009892011017818801 0
0.007372379579304969 0.001132673044515956 0
0.01482674914421839 0.0005055238987396421 0
0.01549664312023709 0.0004980285889495083 0
0.0005656927759055668 0.001265060781023156 0
0.01467289769411037 0.0006054130943481967 0
0.004661115138140496 0.005270374151759463 0
0.004752982851722241 0.005132523405177791 0
0.00454479324214291 0.005390324852134838 0
0.004379871039679548 0.005376018585427394 0
0.004446809174125724 0.005526421508205735 0
0.004284874346257093 0.005512234242816941 0
0.004370993310525162 0.005676915703816049 0
0.004193299291111081 0.005650814227945149 0
0.004264512329599342 0.005799314138805473 0
0.004097610241186879 0.005785605446919733 0
0.004187775764274921 0.005947259562809603 0
0.00400664084855968 0.005923965669374087 0
0.004077283607660952 0.00607675262185705 0
0.003911773981518299 0.006059388465768575 0
0.003971230472313359 0.006210515134944141 0
0.003819530686248261 0.006195388493709424 0
0.003737462269212561 0.006047053651395044 0
0.003639452402003546 0.006192063845369787 0
0.003547306880052549 0.006024393505022631 0
0.003439082574595385 0.006185030038649246 0
0.003341675945804579 0.005998235595619479 0
0.003225713036653481 0.006203067893530999 0
0.003128326847883321 0.005989821796967163 0
0.003014461290486014 0.00616855766161039 0
0.003555962858278124 0.006351601465050611 0
0.003917288985134549 0.005755586532873849 0
0.003085776413629835 0.006348750946287129 0
0.002885994806762323 0.006352300694116339 0
0.002809293845854557 0.006164636020877769 0
0.002700299501179342 0.006322390975145216 0
0.002615300100749824 0.006160238296903347 0
0.002523338739582126 0.006322341362199674 0
0.002425391244114413 0.006158737235653569 0
0.002335479425052791 0.006348734873360382 0
0.003894653775339724 0.00633518813061482 0
0.01515565472959119 0.001113642622409313 0
0.0006016613093069688 0.0005411528331262776 0
0.0004583637048369768 0.0005143060281003588 0
0.01650563663516841 0.006146500504454448 0
0.01656374599282328 0.006300428167998687 0
0.01645358765107542 0.006410706528334641 0
0.01288879343641573 0.00144615673459521 0
0.01284972916700753 0.001255348343635057 0
0.01269875673256115 0.001369633073824388 0
0.002232998751160457 0.006161467899675211 0
0.00214744772935189 0.00633039484351326 0
0.002614256328829123 0.006463669163079546 0
0.01600438403814451 0.006041408306952236 0
0.009699242418027691 0.006078133195797909 0
0.009616478669777955 0.005925497745939173 0
0.009732282014084602 0.00577121426998678 0
0.009558633914071123 0.005766188373898523 0
0.00965078994582165 0.005615716023730168 0
0.009476521703926264 0.005616785471079877 0
0.009397471485100315 0.005759536596342985 0
0.00929441029258323 0.005634624116338716 0
0.009385749428496236 0.005476270213477023 0
0.00922706334657745 0.005485843008939954 0
0.009301124745156061 0.005339838315217262 0
0.009129818290171083 0.005357892632808055 0
0.009213197861638715 0.005204130349640354 0
0.009057225310599284 0.005214455113305067 0
0.007209963263683485 0.0003041960666080269 0
0.005906523867993039 0.0009716430516235404 0
0.005990378633500526 0.0009695599231674843 0
0.01511510348235574 0.0005068174520469421 0
0.007101442412526153 0.001297762899295809 0
0.007719132663180989 0.001505642149205439 0
0.008025973225912777 0.001863688039618483 0
0.008089416157261628 0.002001700132015621 0
0.009050273088668945 0.00598527582326869 0
0.007949845893909657 0.001015162169652993 0
0.00786516636074765 0.001012592430081512 0
0.01406379474644896 0.0005170261138525531 0
0.01251567985675253 0.0007105201402273806 0
0.01259528457079611 0.0007071846558920646 0
0.004484320143247473 0.006289479859772623 0
0.004401745875271662 0.006290639318243661 0
0.01567547283776086 0.00628424272236993 0
0.001318257561552309 0.0007187696790637494 0
0.001276657414542855 0.0007985608112898515 0
0.009782039077408671 0.006217340048855944 0
0.00271421098722161 0.005985788787503547 0
0.002331748981188081 0.005975854635658129 0
0.006205073751328482 0.001461069492241444 0
0.0022206165231033 0.006483680283971599 0
0.002057125408305736 0.006502192325010295 0
0.001969454952936958 0.006340909912443127 0
0.001894027382553505 0.006489043316308783 0
0.001803689068726516 0.006349622097080658 0
0.001741199398343923 0.006497219883989346 0
0.01467545472052704 0.0004477149031755427 0
0.007468645655118798 0.00098529908150689 0
0.007527296546148698 0.001123841417455558 0
0.002991565864010747 0.006495778969380682 0
0.003144064764955394 0.00650605775819976 0
0.01031973971321473 0.006714092430003894 0
0.009730239207986047 0.00666188665228149 0
0.006555762930264933 0.0003419746346386954 0
0.0006836601612826409 0.006510853357147461 0
0.0005177286476325798 0.006483359858898238 0
0.0004516926604875397 0.006349194108015882 0
0.01422212514196408 0.0005426337422768123 0
0.01296416815209046 0.001124778482388759 0
0.00852760508685322 0.004550003868819735 0
0.0085814679563226 0.004683018373742585 0
0.008723452331151125 0.004712370371382984 0
0.008608901503183016 0.004821681468259135 0
0.008758404836382343 0.00485088514797483 0
0.009072234788680623 0.005904744687956466 0
0.01551845628056908 0.001654431508424917 0
0.01632521781666151 0.0004602740000499775 0
0.0164954695431881 0.0005223580320228498 0
0.007388905606669311 0.0008700595699449461 0
0.009569298752542497 0.006045661634645921 0
0.009126811871263388 0.005062536762090192 0
0.01658672461762666 0.006445714298931018 0
0.01649259797733364 0.006545461547798757 0
0.01572182359576616 0.006207646783218708 0
0.000450966339925191 0.0009234505567880524 0
0.01315501116081884 0.0001329590844872546 0
0.003841456429020059 0.006861326189245346 0
0.009465446085865092 0.005321657113968242 0
0.01429309194039427 0.0006943941156228894 0
0.009950364087673073 0.006748777190118166 0
0.009932175285606472 0.006654402961266639 0
0.01280789519714044 0.001081191933534999 0
0.01291276056585698 0.0009631644271510856 0
0.0003741838787560594 0.006468702723227875 0
0.0108146154040419 0.005984811907037141 0
0.0169096118353087 0.006750190507762981 0
8.551868590994313e-05 0.0002670431883391136 0
0.009186060455525582 0.002940815850346783 0
0.009091339657421173 0.00295570325719484 0
0.009154668395463977 0.003035317345663111 0
0.009048502423598084 0.003052593442023604 0
0.009123563384623137 0.003144166424400665 0
0.009027165908605575 0.00287326544389499 0
0.0004281246193510221 0.00659668028144009 0
0.01636175656300029 0.006521707767728488 0
0.01662880148582752 0.006569673915384578 0
0.01645561573447039 0.0003737336133945233 0
0.01659223450207027 0.000420076318027584 0
0.008985763470198716 0.005335926056904449 0
0.008916521607746621 0.005225694584731782 0
0.004700065249401939 0.005412780040171845 0
0.01057756091988894 0.006129484181218449 0
0.01050443682810881 0.006240495361960329 0
0.01580218208856222 0.005528105749909105 0
0.01568485242796787 0.00565987357327352 0
0.01564435234021645 0.005514952889891704 0
0.01574396031072313 0.005791106289512508 0
0.01416471827711293 0.000400504312320674 0
0.01429950217827957 0.0004194153133189418 0
0.008169147964555448 0.001874459312404606 0
0.008249159531264042 0.001996479330285501 0
0.008160624065665175 0.002122252034756255 0
0.008301655326445195 0.002124114136626278 0
0.008115933654040309 0.001759512045875694 0
0.008229199388489912 0.002245348558286877 0
0.008367354153999852 0.002244346109894195 0
0.008298253942958859 0.002368240649509436 0
0.008452655240129439 0.002357538114359372 0
0.01561798541790019 0.0003874718752315712 0
0.01646403257888058 0.006914594643559921 0
0.0165286355325294 0.006847128449212504 0
0.0005392602496461351 9.029010530243022e-05 0
0.0004747039622074161 0.0001529126885262471 0
0.009001511292299947 0.00316019228817373 0
0.009080648764540381 0.003256975769313212 0
0.009205507814369263 0.003238096730732211 0
0.01663656951352648 0.0005531057450881179 0
0.01402737945787074 0.0003739204665752513 0
0.0007596245118175141 0.0005661916098389109 0
0.001826119998183114 0.006617831660711927 0
0.001685628218471248 0.006646763060663554 0
0.001596187867795803 0.006518220794424861 0
0.001544813699498885 0.006645996003879565 0
0.001459660805216163 0.006536388204682093 0
0.00540360420160456 0.003967122418010292 0
0.00557787537166232 0.00400431616617277 0
0.005660170433065765 0.003892227941721995 0
0.005470651469414781 0.004108085776716317 0
0.008667231967918201 0.004947045740755496 0
0.007560247892662283 0.0014770113268098 0
0.007433276344374447 0.001597854096845754 0
0.008859869277374994 0.004749658136517452 0
0.00215516117898242 0.006616525992430611 0
0.002284213152020514 0.006616771390519518 0
0.0110915107879326 0.006026776736993795 0
0.001873259225134182 0.006188320460140988 0
0.003586840643618708 0.006937906175804913 0
0.01339664376012105 9.237286330571236e-05 0
0.001414448593475602 0.006659829598594607 0
0.001327267735413732 0.006554145536132475 0
0.001283981730828071 0.00669254750519329 0
0.0003646554925247295 0.0006153957941039466 0
0.01478419183486699 0.0003592883952652434 0
0.01466751493634168 0.0003087263246117113 0
0.004113282693827484 0.005493852012928986 0
0.003065400567505377 0.006623388347739056 0
0.002929329775322738 0.006626284922647579 0
0.003204919060978135 0.006637173512229918 0
0.01546805305047822 0.0003321080286072461 0
0.01555055246919301 0.005615201280784589 0
0.01550616159356874 0.005495453412846612 0
0.01558693468494688 0.005387916490839054 0
0.01545031877148679 0.005373641371433202 0
0.01552824525245176 0.005263247693196462 0
0.01537301071309392 0.005257339855891057 0
0.01546634135623661 0.005138577078953531 0
0.01532672169991794 0.00512655269699514 0
0.01540838689769904 0.005010037753962596 0
0.01524714847861456 0.005004082167587316 0
0.01534371344811811 0.00488131494606862 0
0.01520127853015165 0.00486890061588229 0
0.01528577668321934 0.00474754717175243 0
0.01511918184529109 0.004741470698553408 0
0.01521813103857203 0.004614512122318967 0
0.01507185316455022 0.004602010271711518 0
0.01516231928522148 0.004477904942984333 0
0.01498635280717162 0.004469523229441744 0
0.01510390163523064 0.00433775078576193 0
0.01493600859568139 0.004320922451024305 0
0.01502922645302785 0.004189778703015394 0
0.01487086642599764 0.00418547562712911 0
0.0147932633131493 0.004309529668058507 0
0.01470967703086278 0.004192440892748247 0
0.01479634069234334 0.004056683708697468 0
0.01463205863272202 0.004062760335900396 0
0.01472333681074779 0.003929878298599225 0
0.01457911688841211 0.003927846470430666 0
0.01465390355827799 0.003800365210548549 0
0.01448519037097044 0.003805010262697456 0
0.01458094455352655 0.003667252767006027 0
0.01442673148008021 0.003664830503613379 0
0.01451100162279402 0.003520713618425843 0
0.01435023694539345 0.003525284555756172 0
0.01443010921919267 0.003382460387168277 0
0.01425078582813624 0.003390832015764989 0
0.01474231830518263 0.003665354380897122 0
0.01434413391017467 0.003224371527507574 0
0.01417166017871922 0.003231080862728978 0
0.01409045329068202 0.003381550331421136 0
0.01400933514553496 0.003240844510135255 0
0.01391924442563833 0.003382156059011991 0
0.01385029303908711 0.00324815635315306 0
0.01392696673783762 0.003112968346779349 0
0.01377188150600038 0.003123778535454693 0
0.01370340855779587 0.003254856957382718 0
0.01362307400240464 0.003138810243103945 0
0.01384152972535412 0.002973957531346079 0
0.01357731655680134 0.003269581444137767 0
0.01348020666553495 0.003177642824803429 0
0.01353894810406509 0.003021699937875041 0
0.01338911464270078 0.003042045764793297 0
0.01333280346867925 0.00318055479113681 0
0.01324129684114687 0.003064363484545177 0
0.01319199447194686 0.003199289406984019 0
0.01309737396318182 0.003087585709311736 0
0.01305301387209352 0.003243261263753747 0
0.01329060103932718 0.002916652387365202 0
0.01428229544353659 0.003661311668807546 0
0.01399766778559392 0.00349763862217421 0
0.01444082918711974 0.003934825957647731 0
0.01493086810678485 0.004598438160997328 0
0.01453313543672041 0.003230259765720456 0
0.01633000098711054 0.0003206959655954141 0
0.009162939547711741 0.003354239656624227 0
0.009288995255819285 0.003331788486921322 0
0.005599695918710599 0.004144014093366229 0
0.004032120758487488 0.006348305297919659 0
0.0039585875600122 0.00645742317742053 0
0.003825878295837689 0.006456029094705532 0
0.0166517590687779 0.006180675925263375 0
0.01661276991645641 0.006048300645185933 0
0.007601452085278132 0.001011989470919152 0
0.007663390526311584 0.001121127493475215 0
0.008371044541043298 0.002491179996450965 0
0.008514841205586203 0.002484167585053143 0
9.00591006107402e-05 0.006848535887435155 0
0.01691802645870777 0.0001489888671990223 0
0.01295355952286316 0.003113919405634738 0
0.01290921036864472 0.003252285730545988 0
0.01487483295312329 0.003929139719000308 0
0.0005543219280972188 0.0004100478187423471 0
0.0004163704159682452 0.0003709405870874708 0
0.001509121697276876 0.006403605763695787 0
0.00787384630686749 0.001537072351187222 0
0.01519910515453954 0.005126305286401792 0
0.008792172404576817 0.004982873082033575 0
0.008705122391811147 0.005069641255955136 0
0.00783036145869488 0.001406909242060742 0
0.006682102632304714 0.001656901202688503 0
0.008934214731865885 0.003066415903331444 0
0.01298491377583422 0.003360295146627764 0
0.01286088581224662 0.003379637334098463 0
0.01277379356990482 0.00327744240635374 0
0.01273318932652151 0.003409140294505339 0
0.01264128364343358 0.003311111516129746 0
0.0126038575630115 0.003442374102607335 0
0.01459001939365401 0.004169565271206894 0
0.01506603270787109 0.004865882685997891 0
0.003888316915844526 0.006566867010804256 0
0.003762821821003693 0.006569063124928533 0
0.004972701786320723 0.003405819981542733 0
0.004779569743997326 0.003361271517907062 0
0.004901568199297961 0.003242598903786907 0
0.004684181830070321 0.00349412885987315 0
0.004759372887363403 0.003197024910596102 0
0.004848349054329217 0.00310118798406391 0
0.004989502221299474 0.003122130512553874 0
0.004930365513658774 0.002992801678792939 0
0.005070301094134711 0.00300299976276439 0
0.004996260193407975 0.002867523927395071 0
0.005152328789893577 0.002887807938742394 0
0.005097812613345195 0.002764788249806839 0
0.005236055243483353 0.002775008585644286 0
0.005182317020801749 0.002662027400559041 0
0.005316131980988717 0.002658824033648866 0
0.005253477818609764 0.002533618056144909 0
0.005398369573688474 0.002544291715958689 0
0.005329476786664516 0.002404500639011368 0
0.005480690599384802 0.002428329609176228 0
0.005422577429938675 0.002299957881183471 0
0.005564337402700802 0.002313798405023596 0
0.00550131469644737 0.00218769120639467 0
0.005279707516726051 0.002888764947730368 0
0.004516092981511046 0.005648107617281095 0
0.008867035621531242 0.003194272761013515 0
0.004216720794028564 0.006083388761301227 0
0.0127669943257636 0.0009334257268731046 0
0.01285088154736268 0.0008131393439115816 0
0.01300749574590271 0.0008440869956216424 0
0.01295511356854046 0.0007107202526848099 0
0.01309672311472269 0.0007297953407626595 0
0.01303143534040283 0.0005889644179503154 0
0.0131828927052154 0.0006159180123644944 0
0.01313641616137069 0.0004893629969805399 0
0.0132687107835501 0.0005078065504236502 0
0.01322018846148211 0.0003893935300054597 0
0.01335468891637644 0.0003866247539803767 0
0.01340928003800598 0.0005228657577078465 0
0.01349159475307692 0.0004135007960546448 0
0.01266794881626258 0.001030740953300994 0
0.008448534297370294 0.00465670292347062 0
0.0083771653251523 0.004539397877745357 0
0.00480112410670783 0.002979838156896624 0
0.008430502659655951 0.002132296174182606 0
0.005531742854246722 0.004530465466490725 0
0.005488331916990402 0.004430716100718231 0
0.005423322322420611 0.004510518461511371 0
0.005382598656925271 0.0044148380412724 0
0.005312168158222772 0.004498052501011374 0
0.005358655721778223 0.004602061295542435 0
0.00524167931190631 0.004597196788923833 0
0.005190695283595112 0.004478305493484915 0
0.005115919559929591 0.004583956055265096 0
0.005171137537539961 0.00470324498482717 0
0.005042205644579791 0.004694006027135725 0
0.005114465229709091 0.004824250362632921 0
0.004971498131481258 0.004806351951525119 0
0.005030536149698575 0.004924878176103976 0
0.01146825648879304 0.002469534055563564 0
0.01151155544104262 0.00256917260489763 0
0.01157123227765418 0.002481783247366567 0
0.01145231826515965 0.002651311032900149 0
0.01155874530184332 0.00266577916813361 0
0.01149654435384271 0.002754760507036065 0
0.01161996225449902 0.002773706316691504 0
0.01167927839347688 0.002668163882951326 0
0.01153814393018365 0.002871334234103443 0
0.01140961148876252 0.002837844290280273 0
0.01145536796738029 0.002966736484731221 0
0.01133050818248453 0.002948776689345982 0
0.01137513443726545 0.003065608257744693 0
0.01124137855105544 0.003041040110635531 0
0.01129391139240495 0.003161910502333708 0
0.0111695021112525 0.003143982190580467 0
0.01121549050969481 0.00326002582054786 0
0.01109469516694993 0.003235614782478719 0
0.01166557621747792 0.002888157999148394 0
0.0132673115494584 0.003315657422897344 0
0.005547681734840354 0.004348688967099851 0
0.0164009145702664 0.006641629929984663 0
0.01411978129055427 0.0002733709457220855 0
0.008581993237751344 0.002380654315201448 0
0.008639507015605462 0.002480505579305734 0
0.008586143639480298 0.002595385517442074 0
0.01284124631338904 0.0006860856525864995 0
0.005634339428142754 0.00244832770594491 0
0.01443770375792478 0.003046728891506732 0
0.005372482868432445 0.002181558796675627 0
0.005440177237760637 0.002059299462173292 0
0.005569318940502153 0.002075474409654767 0
0.005519389711531347 0.001961412462619769 0
0.005636784984084138 0.001970228506009483 0
0.005578582287988386 0.001864187604622901 0
0.009129738951283722 0.005614774636863883 0
0.005218097694448577 0.002421360283092858 0
0.01574845696010739 0.0004534826829359932 0
0.0157363968673661 0.0003184225974977631 0
0.008172122461408167 0.004517522353777332 0
0.008207035925255183 0.004425249422460778 0
0.008141527930606343 0.004342189290554049 0
0.008250627559530641 0.004329956727682397 0
0.008177068903918654 0.004237093123795012 0
0.004987312044940284 0.002472584872689909 0
0.01388367441467557 0.003503649490811198 0
0.000316880157548655 0.006341611446824647 0
0.0003826852047763511 0.006228481679812693 0
0.00887123922023156 0.002534725179878739 0
0.008827020291767036 0.00261887445639539 0
0.008893068232625841 0.002701703664526512 0
0.008786700300122968 0.002716883035539869 0
0.008852070093766908 0.002801491446905094 0
0.008737226355662693 0.002818714296263737 0
0.003477675587370447 0.005799474809948081 0
0.01269168082861658 0.003533459204453443 0
0.01257087942401415 0.003568810814047393 0
0.004862353636846164 0.004915919052394574 0
0.004840790098502228 0.004786088120318482 0
0.004953766281539527 0.005035368433557928 0
0.01674116479990905 0.006091083056383176 0
0.01673167001281233 0.005964584633276827 0
0.01656265134940402 0.0002724783567125606 0
0.01668089767750697 0.0003294878156754632 0
0.01343991675025756 0.0002888210723904377 0
0.01356659905765998 0.0003103462669348362 0
0.01399265265293985 0.001698128081053586 0
0.005701090248995214 0.001866498409905417 0
0.005638262366277933 0.001744294021514942 0
0.01364353435330491 0.003374582168451756 0
0.01273292226470556 0.001570236803878988 0
0.01257824253993218 0.001502885483093818 0
0.01253756831483941 0.001351109103244352 0
0.01241918410715243 0.001441239600486332 0
0.01245434439479904 0.001597220500136868 0
0.012319485590801 0.001544877302621702 0
0.01233836537986476 0.001679839095866922 0
0.01219429497445036 0.001631465072394146 0
0.01222246492189037 0.001763540843946329 0
0.01235705479638057 0.00181831968951596 0
0.01223853521003656 0.001897156642794781 0
0.01211426138334187 0.001841841900796183 0
0.0121229071582853 0.001971150918432953 0
0.0123534029207434 0.00194266855758516 0
0.01201194485841153 0.001908951949510079 0
0.01201398263579021 0.002036806955691299 0
0.01213654150249784 0.002101386395696067 0
0.01201233362566948 0.002173371160961395 0
0.0119058008807564 0.002094012386034611 0
0.01187728853832062 0.00222555877209937 0
0.01201462714789349 0.002289179396423013 0
0.01188344373206883 0.002357025688817011 0
0.0117726424032615 0.00229956670931053 0
0.008299767077164195 0.004223937057220841 0
0.008218172597166397 0.004118881741779518 0
0.008355113597800836 0.004102341587128644 0
0.008270957549943791 0.003991396126827656 0
0.00812899849628339 0.00401138281185798 0
0.008180043564510591 0.003879407416671956 0
0.008036417852639425 0.00390637537879224 0
0.008087228054915985 0.003767739692159028 0
0.007949185279249416 0.003800443283056759 0
0.008428747131656786 0.00397237372360372 0
0.007905743136939366 0.003922275122902885 0
0.007823226136756373 0.003826164279727729 0
0.007855382162789418 0.003705681802344242 0
0.007737266336615844 0.003734313411563221 0
0.007770293152889812 0.003613807910041428 0
0.007650924008298483 0.003644064555162225 0
0.007682922574977845 0.003522690250092784 0
0.007565115304041299 0.003556533360913577 0
0.007593513565845157 0.003431492790567823 0
0.007461689090810346 0.003475238539043609 0
0.007501498565202834 0.003337115612389386 0
0.007381384798440005 0.003367580217371681 0
0.007411687646755419 0.00323382220157783 0
0.007273941927086964 0.003283936356017936 0
0.007741406671990035 0.003373767143351538 0
0.007314859269386791 0.003127687701020562 0
0.007174342291899486 0.003167289516696662 0
0.007132749135238058 0.003299062622876989 0
0.007040311798611502 0.003203857745814821 0
0.007552560062187078 0.003196664529939379 0
0.007019059772061645 0.003329754884993175 0
0.006917134110975635 0.003261121177049406 0
0.006944377159923487 0.003112615935443706 0
0.00681628686375082 0.00315753453939232 0
0.006849833359764176 0.003009026654359248 0
0.00678713617294944 0.003285493051212467 0
0.006691597527254766 0.00320009416269686 0
0.006670199156876631 0.003322319813427722 0
0.006573687374075779 0.003242641998533316 0
0.006560827880279472 0.003381491184398476 0
0.006458174083006397 0.003286595055380526 0
0.006441673441665233 0.003427257363688738 0
0.006343412407239664 0.003327848877159042 0
0.006321379588488309 0.00344827555462292 0
0.006343269691904785 0.00319170420439655 0
0.01353669942745823 0.003386292945139824 0
0.00329860800763122 0.006516273245944152 0
0.003341401447137551 0.006659926258501115 0
0.0002346730373213833 0.006444991789274416 0
0.009246580774026208 0.003454675271930229 0
0.009376726572635642 0.003432011709357142 0
0.009333299546305854 0.003555853255782587 0
0.009466550871406776 0.003532893410038716 0
0.009419987409737676 0.003661898166220316 0
0.009549043767170348 0.003634347594850729 0
0.009510845548586987 0.003769429132811589 0
0.009657759136827943 0.003723323405265913 0
0.009607774907275754 0.003882363272304254 0
0.009755754034086243 0.003848587603914906 0
0.009805672259023956 0.003713734088362848 0
0.009897026873121554 0.003817255246368143 0
0.009953870019464049 0.003675156929726198 0
0.01003663201064574 0.00378208990879358 0
0.009992589967729731 0.003920847947793188 0
0.01012925916846212 0.003880548121629143 0
0.01009647289620261 0.004029692421154127 0
0.01016637484469595 0.00374886243820571 0
0.01026024744565331 0.00384021360675437 0
0.0103023237804538 0.003697942603415102 0
0.0103870195796808 0.003798524490189846 0
0.0104270599568111 0.003675866678045908 0
0.0105091277461172 0.003762218256229498 0
0.01053699856948065 0.003640897111459416 0
0.01063008980203838 0.003726184093989763 0
0.01065281986635294 0.003604109477505269 0
0.01060185136090383 0.003851469253605013 0
0.01075236837910613 0.003687370325696942 0
0.01077168217351389 0.00354448606299158 0
0.01090390764435242 0.003678735193680656 0
0.0109117806150394 0.003518400615395571 0
0.009597157231417018 0.003504775700975676 0
0.01035971307865267 0.003933739386436754 0
0.01082125463580526 0.003427513894164606 0
0.01584896074508119 0.0003652745431288631 0
0.01582277067202361 0.0002454468544924055 0
0.01593274817922644 0.0002782069368677319 0
0.008857729638574651 0.005343343648830189 0
0.008914230414886327 0.005464126605441174 0
0.006593213014211637 0.003117905377099827 0
0.004337649475475261 0.00637041309045906 0
0.01554825244281778 0.005016029724202262 0
0.01092439463323971 0.003392180468143697 0
0.01113480280170979 0.003356141410290533 0
0.001694364671288492 0.006203067642063213 0
0.008976207549797286 0.005741312622754219 0
0.01455615509083455 0.0003774208326846103 0
0.004296812274291449 0.006274281264042564 0
0.01126221532720302 0.003383650358102704 0
0.001196139474884193 0.006573875195961332 0
0.001149628339548033 0.006692613608966141 0
0.001242104709444306 0.006426509166335456 0
0.009916311147659437 0.00407763317363193 0
0.01005637139141862 0.00420227419516648 0
0.01176983186086739 0.002418209566784181 0
0.009849864351650332 0.005604124365558948 0
0.01011516406637338 0.005771988581026219 0
0.01671835219917016 0.006470622641593891 0
0.005233250440268322 0.004807390746520969 0
0.01531333611052283 0.005368905578458 0
0.009851452020501344 0.00359609003173679 0
0.008304319910598984 0.001885122251657783 0
0.002127337751453604 0.005982543314878882 0
0.002224271236044838 0.005777571323848913 0
0.01401619122547514 0.002962369858786629 0
0.01391668885608497 0.00276166019047467 0
0.01543242701754663 0.005590218737478472 0
0.004979487388277679 0.00274544387946165 0
0.003820230298070207 0.006672026061042976 0
0.00370375000427911 0.006674858657362705 0
0.009302303354315344 0.005052777117241113 0
0.009366314322195039 0.003805986913594113 0
0.01465398046742869 0.003053855339536767 0
0.007342660235982329 0.00348987478603631 0
0.009753219415970356 0.005452957111674466 0
0.01373623718402487 0.002825773444147407 0
0.008065754302857253 0.004248154276795494 0
0.001612903164810994 0.006745527552434204 0
0.01186229833266546 0.002524743483810784 0
0.0153542841080573 0.0004460503148481314 0
0.01534066781484248 0.0002971015842553656 0
0.001328952505060905 0.0008719277186536403 0
0.001235630117762119 0.0008863205989564516 0
0.001306798988344462 0.0009668251805706367 0
0.00117684583053902 0.0008024246659735636 0
0.001132002155186818 0.0008948512078308522 0
0.01567313202688718 0.00612517114390655 0
0.01576432895244425 0.006114340734683695 0
0.01581994138871883 0.006196300714471911 0
0.01571809659662349 0.006030120589026623 0
0.008792132234248301 0.005245030707809331 0
0.01628421844492727 0.006618695719912946 0
0.016238032098317 0.006507888448615641 0
0.01219676480141309 0.001512385161794934 0
0.008549877445948767 0.004934004610070554 0
0.01309451549642994 0.0003785275436531568 0
0.007896332513226344 0.0035798299028372 0
0.0106419970158321 0.006261779311329443 0
0.01070493244389317 0.006153469970746374 0
0.01056099823170998 0.006348564664659196 0
0.01044306338982675 0.006346387759364495 0
0.01168192683109683 0.002348209120798831 0
0.01580711890912341 0.006021079538521905 0
0.01021446652966141 0.004139681415182232 0
0.008088152687910652 0.002244783330450442 0
0.004234723641638918 0.006353932266674575 0
0.004193436176718587 0.006265018388834443 0
0.01547450582161307 0.005694463762900284 0
0.005081700705360126 0.005036723336716687 0
0.005015882723559262 0.005141624413370011 0
0.003126600622079371 0.006748754812022032 0
0.0002609143936370944 0.006228851804838672 0
0.000303109347539016 0.006126074917908707 0
0.01536472261473917 0.004618984033507557 0
0.01246590852129712 0.003474981456643421 0
0.0124381211798904 0.003602018992799046 0
0.01255495962977181 0.003693980758463384 0
0.01242642422277481 0.00373165390860759 0
0.01230554397299019 0.003661465866810385 0
0.0123098161749185 0.003783099088051693 0
0.004093436068333868 0.006467356598242416 0
0.003640080808042318 0.00657151359157309 0
0.003583947853436042 0.006679645665995913 0
0.003517693627308944 0.006573297225225996 0
0.009200834083414176 0.00490127546892033 0
0.004361466951179385 0.006195808280296167 0
0.01242160704800195 0.001300529095262547 0
0.01249793637880166 0.001210440420925923 0
0.00221678587105791 0.006726725625552619 0
0.002342396785829122 0.006728301362528119 0
0.00210421649157003 0.00672792140330726 0
0.002420847716788316 0.00660887738050681 0
0.002463912399388656 0.006743767801834117 0
0.01122670422696116 0.002939070768222695 0
0.01266102953183642 0.000629567480955075 0
0.009724158972860801 0.004027614056667941 0
0.005058505226130699 0.004455795199118744 0
0.01020152932480848 0.003629914220635814 0
0.008691925592325284 0.00238675361756337 0
0.007797337201843908 0.0009384920507739488 0
0.0153453754210978 0.001237502756013529 0
0.01514828751452267 0.001381583990260558 0
0.01494636776281384 0.001245549689442626 0
0.009966912887594803 0.003572710384028385 0
0.01239969339997161 0.003841762166699206 0
0.01229447688291784 0.003886957083495278 0
0.01219882365348407 0.003830533759425097 0
0.01219792278925964 0.003964546094930244 0
0.01208206927255242 0.003882188836575675 0
0.01207461508417084 0.004011945900652296 0
0.01217208658860364 0.004087185348360593 0
0.01206662730830023 0.004137799811092157 0
0.01195976384872211 0.004071290503759668 0
0.01196044041191267 0.004197506136514285 0
0.01206356855497313 0.004253308806032707 0
0.01196171642328826 0.004320485832805706 0
0.01185312153244566 0.004261186151294501 0
0.01186069172923539 0.004388931001236452 0
0.01174218629445492 0.004331479679896565 0
0.01175499028796758 0.004460698348027597 0
0.01186525796316045 0.004510430254158266 0
0.01176685833969278 0.004584148543250159 0
0.01165472804706025 0.004536734531975754 0
0.01166678268006367 0.004663282980557081 0
0.01154871719680917 0.004613353892520543 0
0.01156235587616806 0.004746071218511358 0
0.0114370639340172 0.004692723366939516 0
0.01145806873690888 0.00482891947925888 0
0.0115809614000883 0.004871427938259885 0
0.01149499684445372 0.004968219181845646 0
0.0113589342135517 0.004917695834563803 0
0.01139682979477064 0.005066291622142445 0
0.01125560903367851 0.005007124176139483 0
0.01128063867096771 0.005139690455934751 0
0.01114653410040399 0.005094847056770895 0
0.01117754631617662 0.00523250187485152 0
0.01130142491952203 0.005274045873597704 0
0.01120733523689366 0.005361943660108493 0
0.01107805731989553 0.005326356949989063 0
0.01111527920549056 0.005446695565753155 0
0.01098375078217536 0.005426631167703192 0
0.01112418963858917 0.004946826481099272 0
0.01150502951843318 0.005082779046178895 0
0.01144512318600586 0.004543075716175275 0
0.01099192243479531 0.00504392238146377 0
0.01132594861969339 0.005387015259112901 0
0.01177516768592109 0.004702581887580318 0
0.01100865555010889 0.006037508743313207 0
0.01002526376654854 0.006674405947763979 0
0.01000279871787712 0.006583264441057867 0
0.009902240230029771 0.006557974005239171 0
0.01011338366144993 0.006591120673572509 0
0.009978728259337901 0.006481206115941354 0
0.009870289277886708 0.006456476256873154 0
0.009951140801227649 0.006367763214520122 0
0.01455717034336469 0.002859753496105218 0
0.006872334064613106 0.002723503843539859 0
0.01674679427149963 0.006587967394590204 0
0.01666685564593962 0.00668214144470354 0
0.001072154353647291 0.0008083613852714485 0
0.001114901047282573 0.0007146418118634105 0
0.001012579356763935 0.0007170103405212311 0
0.01455804319716796 0.000257116861364752 0
0.006753723595256169 0.003396428446237906 0
0.01171620307401027 0.004191108538415849 0
0.0120072504363307 0.001793509417797273 0
0.007095014356047042 0.003408678996900316 0
0.006986327729741708 0.003452854984797886 0
0.001213151439050321 0.006788572044770946 0
0.01464885119928237 0.0001850579813810383 0
0.006059479452087914 0.0009002477050138176 0
0.006095821216744832 0.0009873167141364642 0
0.006160559618199528 0.0009116141552311698 0
0.006034623976685914 0.001066560897170929 0
0.006140889634381291 0.001082059626431046 0
0.006072260249281141 0.001168594596161173 0
0.006197893937704587 0.001189215077783495 0
0.01094134013792067 0.006106579743853037 0
0.01394193175544307 0.003591622256586901 0
0.01404675369817202 0.003611472956959227 0
0.01400098905291756 0.00023862755706533 0
0.01391197588194428 0.0003291584640338985 0
0.008333107700388099 0.004639503412122785 0
0.01294540175794346 0.003464196917471587 0
0.006226902722587701 0.003368761557078516 0
0.006202936961775539 0.00349072236883411 0
0.0114235554276345 0.003186967381366985 0
0.01590920785146798 0.0006349021893523273 0
0.007204145658538271 0.003395719486628714 0
0.009736513445120276 0.003609472558095259 0
0.005458711538199949 0.001862095685027047 0
0.01446033647638808 0.0002967147063604974 0
0.006654521212977146 0.002703879798132096 0
0.01598177073123604 0.005900685102636352 0
0.006113223426724878 0.003418562946673107 0
0.006089623198005031 0.003530451267486157 0
0.006180145505279328 0.003601101896242464 0
0.006070273063207773 0.00365470268729329 0
0.005995485125270486 0.003451786187529873 0
0.010500489663169 0.006437331011097545 0
0.01038673589443465 0.00644853681650279 0
0.01316674171988361 0.0002944816081375556 0
0.001069412911566631 0.006594008256764672 0
0.00102510454287235 0.00672439481422692 0
0.0009448851440673218 0.0066135755948545 0
0.0008950244630865668 0.006722889804537964 0
0.00576061712505516 0.001756883683894144 0
0.005713861063341074 0.001646794160302369 0
0.005826810975109684 0.001653345081510955 0
0.005772787216406056 0.001555993389042848 0
0.00589128558855199 0.001552361447039042 0
0.01659897961765226 0.005922744254209689 0
0.01669725967223607 0.005850740277492906 0
0.01212017826228736 0.001558706273777578 0
0.008513987185608243 0.002922756998454546 0
0.007602580279838133 0.001239885311636063 0
0.01075849453208694 0.006257785736637439 0
0.009113029534751549 0.003482719557972281 0
0.002379981698938072 0.006830497777672058 0
0.009410228663846247 0.003313872701224362 0
0.003646962937838328 0.006776669653679568 0
0.003533393189881114 0.006784958338278507 0
0.01140789211469689 0.005307406884081633 0
0.007173806267707054 0.0007889205006674413 0
0.007090898855392256 0.0006675999004041558 0
0.006933283693871138 0.0006711901366079341 0
0.007232382212926253 0.0006633113682829993 0
0.007030818408381155 0.0005397243024183999 0
0.006875040644345388 0.0005221557567527697 0
0.0067901697614304 0.0006529390256371486 0
0.006738419332463175 0.0005293864256269223 0
0.006666462493253359 0.0006321889152715492 0
0.006962433490368165 0.0004307422284727225 0
0.006616374491583855 0.0005255389637410976 0
0.006547037577356642 0.0006169881384171668 0
0.006592605361948624 0.0007306723044700311 0
0.006458538167838956 0.0007087944388154796 0
0.006515534607635447 0.0008307217384041824 0
0.006387487993847492 0.0008153140724032342 0
0.00706724605742768 0.0004268667755100287 0
0.006442059287837939 0.0006057049167302662 0
0.01524575302919539 0.0003614502178482699 0
0.01523981473556318 0.0002474137490164011 0
0.01514503382434463 0.0003021968317172925 0
0.01532576412963187 0.0001797500233463936 0
0.01362432523985089 0.0004211931581059904 0
0.01368630353430702 0.0003137837878413163 0
0.01096807619954142 0.00488503620817957 0
0.007780241147119488 0.003938560447547469 0
0.006103166515070856 0.001610497207590205 0
0.0003763503159647449 0.0001438685114518411 0
0.01662611491023087 0.006857502198023575 0
0.01377437872199234 0.003361922254422964 0
0.01371071157117766 0.003475040499986249 0
0.007934729578683387 0.001661487260063664 0
0.008007762341767652 0.001552811665695466 0
0.007956123755274935 0.001441253671473237 0
0.015193272986868 0.004202983097873734 0
0.01511481852565984 0.004040850744008227 0
0.004713453105539753 0.004984690930267924 0
0.002511775097016819 0.005800541815990819 0
0.00866026123721467 0.002275102074838564 0
0.0121798464682447 0.00134752387465899 0
0.004833627082758368 0.005649503007624608 0
0.00487328744471896 0.005552240988905615 0
0.004732188245363287 0.005646766493900477 0
0.004668665164256749 0.005737753653211928 0
0.009095700070799408 0.005490817307967043 0
0.01388824392986831 0.0002155626139953154 0
0.01045323547723792 0.003569214409795525 0
0.01632359342433076 0.006722542320338008 0
0.007395267197884012 0.001418695767192266 0
0.007239063764794784 0.001572158465468198 0
0.007313088255112155 0.001763773932515758 0
0.007105449567606803 0.001727934683338882 0
0.008486988392808975 0.002232761175624235 0
0.01080707849475611 0.006173372912052159 0
0.005672108664421752 0.003657888493318871 0
0.00582805868599888 0.00368750275121047 0
0.007229185722189353 0.003002760120592451 0
0.007393213386947454 0.002973373811445567 0
0.0163624391506265 0.004812159705910698 0
0.01646080104895237 0.004683946559369087 0
0.01640792877229202 0.004524597402612342 0
0.01658638795129274 0.004563541993718513 0
0.01653318033408947 0.004415795747281469 0
0.01661352888296828 0.004713247462657135 0
0.01671219977255008 0.004622486680798368 0
0.01637317477500289 0.00436288712816866 0
0.01650182368750167 0.004267413886145681 0
0.0166382412359208 0.004322053655362458 0
0.01663409055502615 0.004178880657824126 0
0.01648361343144911 0.00412308401142226 0
0.01661587078533012 0.004029922119766495 0
0.01646353165713243 0.003979507923509019 0
0.01657721293979039 0.003890890070645613 0
0.01643857572089817 0.003833713638326961 0
0.01655556585500986 0.003744466076758803 0
0.01641477305421561 0.003684587448796501 0
0.01655621516074022 0.003591095554566114 0
0.01639533329827495 0.003531311692163266 0
0.01653896418911039 0.003427970169619263 0
0.01637252260444807 0.003373393471386821 0
0.01649594076072643 0.003275102400657772 0
0.01634438192486189 0.003214020644778542 0
0.01647408529571522 0.003113311036364928 0
0.01632038127877411 0.003049806078731069 0
0.01645755521181923 0.002948201709579302 0
0.0162926049545631 0.002882662793626707 0
0.01643003024651086 0.00278469164233244 0
0.01657575001313902 0.002835700730255443 0
0.01655656378418157 0.002692847356335536 0
0.01627658667572556 0.002721731004132141 0
0.01661279634707442 0.003188852965623829 0
0.01663858893663348 0.003497928077865106 0
0.0161764228804905 0.003327071622582881 0
0.01672153762262841 0.004089556296421426 0
0.01670403018890954 0.002740951354919486 0
0.01666962038334226 0.002609943694665786 0
0.01654427647510195 0.002556539174764464 0
0.01667366997227068 0.002473346487714614 0
0.01653717940100786 0.002421246598467671 0
0.01664838588780512 0.002340462293327019 0
0.01652118889227378 0.002281089227944045 0
0.01663442875226559 0.002207837858920976 0
0.01651270887326424 0.00214624016734576 0
0.01662412102400118 0.002070313940325837 0
0.01670707055163304 0.00287496971791598 0
0.01668975910608405 0.003800986645987928 0
0.01681257778296793 0.002804523341556643 0
0.0167706603131048 0.002535160342320913 0
0.01640615130493064 0.002496813405574084 0
0.01674473939554479 0.002263098558219781 0
0.01650048832523338 0.00200751217623365 0
0.016616399360378 0.001932980894927144 0
0.01673815272561058 0.001992126854196426 0
0.01672589718127954 0.001862951838254145 0
0.01661918867866675 0.001802845474167484 0
0.0167239440114654 0.001738511043444565 0
0.01661727886581285 0.001678717162655436 0
0.01673999322093033 0.001610170856218071 0
0.01661858497900863 0.001553423258854992 0
0.01650293064831356 0.001618806855715719 0
0.01672400633262717 0.001486667783938397 0
0.01661802838124393 0.001430066105893726 0
0.01672197203402428 0.001369451600442374 0
0.01661798361724237 0.001307969841237096 0
0.01672186077949623 0.001246268363451991 0
0.0166136218509473 0.001178709653155149 0
0.01649767345025745 0.001245979401179922 0
0.01649658788168189 0.001109236833674406 0
0.01662194556391591 0.001040693087883215 0
0.01636777611620015 0.001179883244599758 0
0.01631485317454492 0.003929391111808981 0
0.01673585977185608 0.004741715149503799 0
0.01665544501626316 0.004830956481006952 0
0.01612261982117508 0.002819342415898906 0
0.01610907993822385 0.002617196281772603 0
0.01592418997291505 0.002755231639216811 0
0.01682860874139532 0.001690647935826613 0
0.01682198948336411 0.001426645692896921 0
0.01677018938815802 0.004854968108692377 0
0.01669968589283248 0.004945028524065579 0
0.01657535759122479 0.004932791778021297 0
0.01662840372330774 0.005046037006865107 0
0.01675705488221626 0.005053245188176898 0
0.01668485463800939 0.005150833948824334 0
0.01639138959877655 0.002088214078456207 0
0.001890145752136651 0.003182487385555094 0
0.002106747093352691 0.003222584562475608 0
0.002183677056227721 0.003413425225905702 0
0.002313544747066781 0.003234142279084144 0
0.002382714913521679 0.003410324216303403 0
0.002222028300538773 0.003092004163462561 0
0.002489301418898524 0.003275259122850223 0
0.002553933927818373 0.003418314954575164 0
0.002636432352741936 0.003289492318644109 0
0.002721972655164789 0.00341326189771231 0
0.002625750357852234 0.003555368019231216 0
0.002774336905242676 0.003555273732638077 0
0.002697532625424841 0.003696437734963929 0
0.002869389735515407 0.003681865028608314 0
0.002776036755714224 0.003845454638306472 0
0.002943464735607772 0.003851629208882413 0
0.003034369472080401 0.003710754274008553 0
0.003110626935478153 0.003874331729814946 0
0.003190480075969818 0.003698290523857643 0
0.003265722176710797 0.003844180145694335 0
0.003322252951392515 0.00371352576277632 0
0.003412327744149423 0.003819369531893543 0
0.00334229372963984 0.003967449093763157 0
0.003492286567782815 0.003964815125216864 0
0.003561175004302596 0.003831052883674219 0
0.003643642277625245 0.003957751200118399 0
0.003706495535395555 0.00382577946302344 0
0.003791901027999276 0.003948272313546463 0
0.003852051619312019 0.003796562610186125 0
0.003566754621121986 0.004105981327074731 0
0.002585325717966069 0.00316430053949293 0
0.003115438757496962 0.003587215835811297 0
0.002851703632026564 0.003442201737908278 0
0.003940404171797057 0.003935437286727262 0
0.003998848574215473 0.003799567331204277 0
0.003875389243465829 0.004085009426856701 0
0.003932495713436948 0.003684938456752037 0
0.004054834410851368 0.003682820442197093 0
0.00413871938075342 0.003785297404945368 0
0.004180434043086574 0.003646890709413945 0
0.002853570372590842 0.004013313549299195 0
0.003630649170768368 0.003713675734623422 0
0.002652349686732938 0.004003323048416211 0
0.002750284230253169 0.00419344679724482 0
0.004278336469259255 0.003765838920535226 0
0.004326674417816716 0.003633519924092171 0
0.004247200626697055 0.003527983081872432 0
0.004373175150447681 0.003508700801554023 0
0.002712883737774535 0.003180416559503679 0
0.002663795177692878 0.003067934321771662 0
0.002546506343507669 0.003047691252140433 0
0.002544415110768311 0.003715378920980537 0
0.004464535555918612 0.003607198214441235 0
0.003982532016177172 0.003577255218405261 0
0.003873136952928618 0.00359872871109994 0
0.002544211964668452 0.004191353478204213 0
0.004298239615753428 0.003418126637244048 0
0.004420905063578555 0.003387589429133882 0
0.004229994240758783 0.003883530039254492 0
0.002276606005114401 0.003584614508373948 0
0.002618917015038205 0.002963031742565805 0
0.002510940193382096 0.0029351028158328 0
0.002984961419022594 0.003572687221479549 0
0.003060156790513791 0.003475990880094888 0
0.003159172167433355 0.003482491925636905 0
0.004193632783074286 0.003437739156027314 0
0.004139439847928748 0.003531145539039516 0
0.00375001000113536 0.003705628337818493 0
0.003680579904969174 0.003618135048477607 0
0.003576306234296098 0.003618561835637511 0
0.002431190195741697 0.003021664470873612 0
0.002397750565490468 0.002905167868704571 0
0.00247813915812514 0.002823105030589801 0
0.002371497428388396 0.002796759454174414 0
0.002281893437162721 0.002874331108610084 0
0.002264941548791378 0.002742154143449616 0
0.002154213883359534 0.002842419479579246 0
0.002124810432673171 0.002708305737662497 0
0.002220035472790474 0.002615916614526005 0
0.002096741727823126 0.002577412485320847 0
0.002193540152404352 0.002498331419918406 0
0.0020753300172464 0.00245308166265994 0
0.001970655316172577 0.002537332799656087 0
0.001952482846149823 0.002403740321678673 0
0.002064683142000814 0.002314369188828257 0
0.001939657195666192 0.002273282893995811 0
0.002028750227858593 0.002194861612905165 0
0.001926383390718171 0.002157103417553635 0
0.001822922389538396 0.002223013560410087 0
0.001825391586469622 0.002086665647480228 0
0.001698447280966056 0.002171018203721113 0
0.001686046898976119 0.002031836168656357 0
0.001797092580980422 0.001953271018021237 0
0.001679361579867847 0.001897884191374138 0
0.001785408417050976 0.001831199004741256 0
0.001677948836173552 0.001773049924864631 0
0.001840134215908421 0.002494942450408633 0
0.001775405542443338 0.001711735420658292 0
0.0016741698117164 0.001654698416469288 0
0.001572179724362504 0.001717942638296336 0
0.001569110122452132 0.001592829232012937 0
0.001462851825293983 0.001658464433744653 0
0.001462639220531388 0.001529404500971666 0
0.001567346431766883 0.001468947844056221 0
0.001467986517134524 0.001406568939066636 0
0.001562269256976114 0.002114536209808577 0
0.001888702901058605 0.001889312124311416 0
0.001559035947446577 0.001349366387635916 0
0.001469335932716696 0.00128777545194368 0
0.001370840626640467 0.00134165279536015 0
0.001376106635723413 0.001223068953409513 0
0.001258404265156901 0.001287613058554915 0
0.001275383448316016 0.001151789974985671 0
0.001391391479816628 0.001111155924552313 0
0.002059702277488235 0.003060546820916321 0
0.002022020123303876 0.002086392596742898 0
0.002301091418322206 0.002538128179561694 0
0.002013103314088938 0.002807578969971306 0
0.001850487265178899 0.002638558401244758 0
0.001708851592718287 0.002588714059605362 0
0.002444531953531039 0.002727827381979242 0
0.01497094554141993 0.0004396857165196795 0
0.01209989897192842 0.001725540774564862 0
0.004709989681270219 0.003647409563358452 0
0.0135166566238165 0.0002019209788607173 0
0.006679793266097617 0.0004401010553017701 0
0.006789934155233572 0.0004334207903339241 0
0.01353763447849667 0.0007768715053582424 0
0.01306567743599724 0.00344649370180068 0
0.01315285905760083 0.00330571209461103 0
0.01263577557291715 0.0008976068652343438 0
0.01272513138321602 0.0008185328952815493 0
0.001054421480253706 0.0006289069296538849 0
0.0009543985019040031 0.0006275047042756678 0
0.0007962056099219787 0.0007151873056207374 0
0.005322462035521691 0.004095138405093153 0
0.005730617573104687 0.00232591333302309 0
0.005926578271289269 0.00232162450424399 0
0.008810951889578082 0.002918817392550602 0
0.00761703716375942 0.003760243097616264 0
0.004592918776187597 0.005536470767684593 0
0.01064501890180577 0.00409688642110936 0
0.006526579584926482 0.003478761140504542 0
0.005674392924594184 0.001562235880981736 0
0.004865847328738048 0.002882233357817261 0
0.01300606147526435 0.00296614397199229 0
0.009640355008265884 0.006221927575831957 0
0.009697028448336489 0.006328990892825809 0
0.00948765269572667 0.006185592631482648 0
0.009575314448439582 0.006318217638780875 0
0.009616742489839908 0.006403328309188772 0
0.01029446832641863 0.003594886154215846 0
0.005146057415661783 0.004948097391522942 0
0.008369545554376289 0.004324197647315181 0
0.00096224499989682 0.005317027817553594 0
0.0008560425032008209 0.005122132083628715 0
0.0009929384843481263 0.004901366408202764 0
0.0007479721711975817 0.004906364338134253 0
0.0008739069688317672 0.004721367260956839 0
0.0006730305099501704 0.004711266457518535 0
0.0007710945154007793 0.004550747802669378 0
0.0006617334936153997 0.005083057357114893 0
0.0005878374607844791 0.004552899742025348 0
0.0006737902204708626 0.00439395133694139 0
0.0004982335248235967 0.004697785149890878 0
0.0004857737263363089 0.00441132409637258 0
0.000582759316327364 0.004260585506927496 0
0.0007546375654209183 0.004241185477294867 0
0.0006365575836956849 0.004095549583875712 0
0.0004248884749828933 0.004273112379617496 0
0.0008387502656717026 0.004082191992475965 0
0.0007310737459955011 0.003928562448297234 0
0.0005572834563225913 0.003930379534793345 0
0.0006274227387514115 0.003783358609657921 0
0.0004711786579628553 0.003792898707078488 0
0.0005369705802611511 0.003649483555545105 0
0.0003744794881288989 0.003673418900118035 0
0.0004492106669951746 0.0035355342174059 0
0.0005977269625707833 0.003506016472167763 0
0.0004861363797190165 0.00338798193272688 0
0.0006624280216350371 0.003359870054809541 0
0.0005608105698926974 0.003235368865453029 0
0.0004084990741978923 0.003929239698394925 0
0.0004094761472964396 0.003251274473634322 0
0.0004676388677341322 0.003121478009557923 0
0.0006167652045869308 0.003084074043566893 0
0.0004954069014022778 0.002971829967182039 0
0.0003280146470716529 0.003150179433910416 0
0.0009750180178095379 0.004545793813248098 0
0.0006712583091884865 0.002933096794919797 0
0.0005602200715393527 0.002814766859502301 0
0.0004104100266926602 0.00283875031950898 0
0.0004570764610177819 0.002701767424588122 0
0.0003427584392334104 0.004377775532576296 0
0.0002873149011808317 0.004263980920034765 0
0.000773059255443926 0.00349597190961404 0
0.000311333925380736 0.003550148911214048 0
0.0009273680929712128 0.003902666327838854 0
0.0003091154757056368 0.002735922409960459 0
0.0003602782967310949 0.002599696314936225 0
0.0004977295796288733 0.002567558990366104 0
0.0003985580770818915 0.00246465208529193 0
0.000533676863497862 0.002430594051305218 0
0.0004313651562773881 0.002331880968862129 0
0.0003047212752809655 0.002362895526352706 0
0.0003342582524030312 0.002236154013809454 0
0.0004622124309916036 0.002198557902539619 0
0.0003601239367926282 0.002104283193134046 0
0.0004869306021555216 0.00206336770645074 0
0.0003852923014839946 0.001967971471170964 0
0.0002367982135808785 0.002623906973439363 0
0.0005236353399058879 0.00191735220114275 0
0.0004088626065727585 0.001831908628658673 0
0.0002754730657697126 0.00285851513154658 0
0.0008525609743836714 0.003328089600663724 0
0.0002629742623681541 0.003261501497347017 0
0.0002692669646501902 0.001874253413629286 0
0.0003035355967373459 0.001747408106679145 0
0.0002494510074116767 0.003653389594526981 0
0.0002523507307052846 0.002146649259779179 0
0.0003659514627610411 0.004146478557751635 0
0.0004236384007817399 0.001704174840448634 0
0.000321991553150108 0.001622662846670601 0
0.0004337080171435224 0.001575459158622645 0
0.0003325555941952416 0.001498446478767351 0
0.0002272446695288748 0.004158755797556078 0
0.000225147399756551 0.001547825441211197 0
0.0002428324563289626 0.001437005249351855 0
0.0003382488151669819 0.001377358606322709 0
0.0002369614508296609 0.001320556810951615 0
0.0003418790419981738 0.00125932168753875 0
0.0002520260142289937 0.001196066751233123 0
0.0003544528319129134 0.001138625475132187 0
0.0002498559352473347 0.001075576703171799 0
0.0007350783179546471 0.002781620514334185 0
0.0009521155293069185 0.004243826760671477 0
0.0003403990392958824 0.003367831449078998 0
0.0002323838484791074 0.003359827029868918 0
0.0003448641658188693 0.002961141021972233 0
0.0002660187182425677 0.004057473333504064 0
0.0002347148889388691 0.002970285549236328 0
0.0001984579034086872 0.00356038574047005 0
0.0004272418537808569 0.00456700751469037 0
0.0003494043094426705 0.004691631608143395 0
0.0004139537606144827 0.004813816664219173 0
0.0002808372157887765 0.004799619702168596 0
0.0003315561708541383 0.004917110610642259 0
0.0002832965635826586 0.0045706058619622 0
0.0004695608328345365 0.004939283505372531 0
0.0003797554588519398 0.005039702597096356 0
0.0002581114232600469 0.005013194469892856 0
0.0002766697892824001 0.005139062109415511 0
0.0004168233598058502 0.005162234018400829 0
0.0003338307738750268 0.005256578924300115 0
0.0004628134640580397 0.005284830707948596 0
0.0003743251185158777 0.005387927874481283 0
0.0005072054949548377 0.005413933616103287 0
0.0004128061700332964 0.0055146081728931 0
0.000290015972459156 0.005489293690448946 0
0.0003214939825971607 0.005612127084021047 0
0.0004476315446219816 0.005644367367635184 0
0.0003509056470367457 0.00573929404320976 0
0.0004788499025323596 0.005776483167415078 0
0.0003788801942786173 0.005866398866926912 0
0.0002593358804453636 0.005822795764926302 0
0.0006082547186671092 0.005313047162606682 0
0.00027114372692396 0.005942472807459255 0
0.0002064050768272631 0.005249292896187611 0
0.0005835359591056678 0.005678312019582082 0
0.0002074486715628477 0.003156645666292457 0
0.0003400564159274349 0.003814629360428365 0
0.005302417624745721 0.002275860633884209 0
0.00526147204659901 0.00217350164524517 0
0.005393031493045173 0.004216988988780648 0
0.01008674712458763 0.003663280636658015 0
0.01638532689192596 0.001019088620032799 0
0.0007465280428211171 0.005875404450126675 0
0.01616862844197014 0.000434887463666813 0
0.01643225765261185 0.0002510343543757269 0
0.01650379083588013 0.0001673171477554539 0
0.007504925976746627 0.0008567279398114199 0
0.007455664885453342 0.0007530823645218641 0
0.007657537468041646 0.0008785919013732228 0
0.0167545386174017 0.002369879259700818 0
0.001774565065677336 0.006027329575159975 0
0.005321284029023692 0.002080238973840782 0
0.005351422278897412 0.001981789328647406 0
0.0108177789016837 0.004996182858644296 0
0.007736480339802267 0.001235331153358507 0
0.007862443274668184 0.004022359951231597 0
0.001954614713380992 0.006621299173871579 0
0.001891107969426811 0.00673062520146424 0
0.001784118203073516 0.006736637374974597 0
0.001853811534015339 0.006828064786576391 0
0.01524502759357934 0.005230389073223845 0
0.01520334388451175 0.005337823436608317 0
0.01511652844140119 0.004968613341441457 0
0.01500593884954759 0.004957811454952918 0
0.01493629904242919 0.004868527418736947 0
0.01505421362364033 0.00504778856493131 0
0.01498044237753384 0.004702494552477717 0
0.01486241736309745 0.004687565506642793 0
0.01481340177978881 0.004599761518445541 0
0.01484276991305723 0.004426009195781041 0
0.01471904979372193 0.004413133916878 0
0.01466491387371587 0.004316104251718572 0
0.01460880993350832 0.004399096338396493 0
0.01455456770093407 0.00431546723551061 0
0.00480821192775343 0.005276837219525382 0
0.004836590214619958 0.00540991807927221 0
0.007167102201804857 0.0005619830238557718 0
0.007289402289799727 0.0005605881376833186 0
0.0156216660067217 0.005781154952557759 0
0.01228085269760292 0.001161522595847202 0
0.01423953146083438 0.0002959651715390235 0
0.01020438918718763 0.004315263489251264 0
0.008236742223582996 0.001769876225101476 0
0.008179806369615218 0.001660629803490192 0
0.01191846945961851 0.001857747638324347 0
0.003283264276948401 0.003593987382774437 0
0.003382769687304603 0.003602952231831357 0
0.009249484021717753 0.003012688752908794 0
0.005176165484859468 0.002248994822894309 0
0.008484748844324657 0.00476855564855626 0
0.005027294298337353 0.002568239108309992 0
0.00571466441485996 0.003997956084322555 0
0.005790315645551582 0.003914146598462443 0
0.005748750813649903 0.004138053702404422 0
0.002998300888295874 0.006730761694935661 0
0.002879341169640599 0.006734281647629688 0
0.002800407298871408 0.006643006574295027 0
0.002761609270169192 0.006748955222573383 0
0.002663057321911707 0.006668121828952718 0
0.002643819939757814 0.006772649639869004 0
0.01673236165527259 0.002132380665295266 0
0.01682643237943236 0.002193765234027397 0
0.009796100507611913 0.006532420837530883 0
0.001904015627545427 0.001990192628847993 0
0.005820830218351735 0.001452708212918059 0
0.005955301573551496 0.001448324000473638 0
0.005897689004965017 0.001341831809787663 0
0.006000300001476597 0.001351501138089251 0
0.006664963889678178 0.003419837273626959 0
0.0028475168872282 0.006518542330084275 0
0.01285056770905839 0.002996540579619449 0
0.004632214173676768 0.003350219057589539 0
0.004601514019223123 0.003206491509234119 0
0.00671924341538897 0.003481124175499511 0
0.006848341180661226 0.003374012026238749 0
0.01206512908096712 0.004356912914533794 0
0.0168284772215161 0.004665788189555325 0
0.01679773505450258 0.004558338952676429 0
0.01421742044005514 0.003536947804505035 0
0.01667616901087282 0.003680231801427276 0
0.01678013986534967 0.003562356141924354 0
0.01449947600363247 0.004035216542242033 0
0.01438733597113655 0.004032098562875824 0
0.01432646404079799 0.003945565726923171 0
0.01443925139781813 0.004128563816919704 0
0.00880565873099951 0.005449407398536906 0
0.0006319328776622987 0.002530363539942506 0
0.0006941951643508271 0.002394307123920691 0
0.002771385188604591 0.003288353351387761 0
0.002884068084248823 0.003277889824322646 0
0.0004032384402519792 0.005982445244089127 0
0.01328534901760954 0.0002883669034465888 0
0.009777873231075974 0.003515625568223756 0
0.0002320279446578772 0.00469225889306919 0
0.0001712355518614615 0.004780390201197841 0
0.01227053556032406 0.001425849379747469 0
0.01530509111630311 0.00404727184487071 0
0.01106949255100256 0.003760218491080504 0
0.01565803627621196 0.005879456096911642 0
0.0155593664320194 0.00586070428391081 0
0.01643086032961582 0.00527165584561751 0
0.01649076057394902 0.005434578854864151 0
0.0164041363280748 0.005564475906868557 0
0.01656440317442345 0.005567911409468693 0
0.01664009224215105 0.005455838555625854 0
0.0167028310115745 0.005576989208701246 0
0.01675342694078447 0.005473723836586758 0
0.01671590140134199 0.005349379215410713 0
0.01663476168715706 0.005678932824344851 0
0.01674724140446057 0.00568214835586237 0
0.006186435082373406 0.003081271899775574 0
0.01258337805693703 0.002139555909580212 0
0.00818013684581478 0.001465128967067198 0
0.01132415404601047 0.005546441901179581 0
0.009763269919682047 0.005082774287266355 0
0.01676322607248608 0.002638513600841419 0
0.01676742878687953 0.006201831928515152 0
0.01684141796550978 0.006119327990819042 0
0.007172718232941813 0.003508594658856413 0
0.0002526313713878282 0.002011880383990898 0
0.005815102899370705 0.004012699454894706 0
0.005891260058773308 0.003940337859722878 0
0.008596347833835838 0.005037108756783708 0
0.008636380378971562 0.005140404505166463 0
0.005747687202481682 0.001975150859806509 0
0.002102285421682174 0.002133350617881695 0
0.01534541310101221 0.001967329909007957 0
0.0095133045036175 0.003401297896198567 0
0.0143410345706701 0.003773461189969636 0
0.0142190846483667 0.003770184940758116 0
0.01324059416822747 0.001064589715479345 0
0.01660313398019006 0.002959730451537945 0
0.01673071714447429 0.00300434297220213 0
0.001119187974654193 0.006808653992768952 0
0.01620874603752702 0.001075390939974528 0
0.01663341264053532 0.003308364480361036 0
0.01675602179056151 0.003396254097686942 0
0.01672742965677861 0.003238662253907923 0
0.00838064832972262 0.004741728326512665 0
0.008416748352431011 0.0048338637877395 0
0.0111003335980466 0.002845125727340388 0
0.005910398186961069 0.004144699938071847 0
0.0142081590718655 0.0001850438885624885 0
0.008370556171213453 0.002019376889627513 0
0.008420084926391954 0.001909147651825391 0
0.01339545084936445 0.003298090978611274 0
0.01334358894252693 0.003394770875930041 0
0.01325224334812844 0.003429603614720291 0
0.01557129973874682 0.00025504335802337 0
0.01547591532257275 0.0002212528409530636 0
0.005698319671980602 0.001411774657014205 0
0.008860203266361052 0.005574310507694408 0
0.01139465289907683 0.005199813555198034 0
0.01150560723587939 0.005253715920418752 0
0.004755711388299588 0.002872119838250129 0
0.004816209404240708 0.00278303450499138 0
0.01670484082620543 0.0039352643165331 0
0.01680122834936105 0.003856452514474811 0
0.004042505011692474 0.00407265656067401 0
0.003969674364490303 0.004237752250458107 0
0.003779254510318438 0.00425603420866775 0
0.0005769684144133376 0.001398470577673164 0
0.00902052957582674 0.004930477487728482 0
0.009095026667155413 0.004769055329042289 0
0.008978502176346437 0.004489290058096977 0
0.00232958759161786 0.002636567854197112 0
0.01642637163653957 0.006741311429496745 0
0.01200368477112732 0.001692611772362515 0
0.00793312518014316 0.0013134164449596 0
0.0002316908658880189 0.004377147375642343 0
0.01616343322842236 0.006604609180473169 0
0.01612062899591609 0.006496215537594829 0
0.01618410880887133 0.006401965416748106 0
0.01606507827325204 0.00639470208952692 0
0.01666796165737489 0.004442080692967706 0
0.01675020986137696 0.004361540196258815 0
0.01673914846616098 0.004254789668841517 0
0.01336200336628533 0.0001982202674013687 0
0.004696114225167351 0.002970148515990312 0
0.008833784100508772 0.005128276648918222 0
0.000229818116085594 0.00227057661246135 0
0.01301539917898349 0.0004593475346053358 0
0.01290317325097919 0.0006018879030899858 0
0.003944395538853416 0.006685597835800592 0
0.004010820868410588 0.006565736718411503 0
0.004606704042473519 0.002829096870444635 0
0.01239259697253739 0.004145858144913563 0
0.01233933310929864 0.004084542621295937 0
0.01240170715554194 0.003998106449048433 0
0.01537826311237144 0.005475708888839404 0
0.01105936033802641 0.003110651728294059 0
0.01099814435439314 0.003213121477365318 0
0.01114155604793527 0.003040435379995527 0
0.0147548289202277 0.003259139687921381 0
0.009292257956025403 0.006283180557542629 0
0.007707742043974601 0.0007168194424573746 0
0.007618708251429638 0.0007479348206882422 0
0.005086780981467616 0.002490378564845775 0
0.01607702945751754 0.006185609366305545 0
0.01631836900884206 0.0001927399331689318 0
0.0162216748500369 0.0002715435908937393 0
0.008458603072416263 0.002770529656703188 0
0.008299216177678542 0.002668854019177241 0
0.00822005117300444 0.002494974198427034 0
0.002284665535296809 0.002420566598430525 0
0.01478682626658563 0.002880795757772093 0
0.01622734904386308 0.001616931296397182 0
0.005456730115203912 0.002673180153663323 0
0.01513973564364866 0.005202497444865025 0
0.00111268267657183 0.001362822435184821 0
0.011690176038923 0.004799754613953385 0
0.01168388820210062 0.004915632226254033 0
0.01161058944447473 0.004984975859883056 0
0.01161761751611504 0.005097250048354211 0
0.002531140980958599 0.006643174056445107 0
0.0002062726392659999 0.005579655628007685 0
0.0006933478223530697 0.001864168408120518 0
0.001500550601217744 0.006751246045281252 0
0.001392345762649236 0.006766781787491172 0
0.007359336064849054 0.0006553261060496525 0
0.009459056200357054 0.005900794191352986 0
0.009308229939342785 0.005879552351906313 0
0.009407884456926014 0.00603393560503159 0
0.009251279783171192 0.005771046158993797 0
0.003331372063164837 0.004473383361885529 0
0.00323476986601273 0.004230786085090314 0
0.00362798892334238 0.004480031342564294 0
0.004338099278022195 0.005932115904015649 0
0.004409019468936537 0.00582615834482051 0
0.004454046513803559 0.005935103769740087 0
0.004525050701605625 0.005836524085704281 0
0.004392186409271765 0.006025973439854407 0
0.0008413968854535095 0.006635043020245803 0
0.0007656408219167054 0.006732687776326757 0
0.0002400558998793111 0.005369067391083604 0
0.0001424148076213591 0.005319757472153415 0
0.01191313861665351 0.001975265628712615 0
0.0118021052162421 0.002010183014033959 0
0.01179253337021483 0.002126290530688913 0
0.004874159804722306 0.002629379010012546 0
0.007231198561847124 0.0004678939783829788 0
0.001273748319670657 0.001800692747193093 0
0.01558506915803693 0.005943632494894147 0
0.01492101593032829 0.001557361033886625 0
0.01466146066878918 0.001370543897420546 0
0.001565401961066732 0.006039599538470891 0
0.01122188617811391 0.005712792582306221 0
0.01118739272195766 0.005622785749429866 0
0.008662995390839898 0.00408580183429566 0
0.007993444340183013 0.004036330699269191 0
0.01102708260960516 0.003446735386144778 0
0.0006874591993718624 0.0004298313758707285 0
0.0006455599332867868 0.0003213010518300541 0
0.0008170674844761262 0.0004498405525962404 0
0.0005320777954541511 0.0002735239667514869 0
0.0007515504354610632 0.0003394150827366184 0
0.0006556003767673353 0.005445477228689872 0
0.01128616904777279 0.002846640893872408 0
0.01134041961841589 0.002752722581459753 0
0.01297726653004738 0.0003494691798123155 0
0.006437814962115402 0.0009307698417462397 0
0.006286436133411557 0.0009025035660572369 0
0.006269118962622867 0.0007898257973949639 0
0.006347586778016714 0.0007153171793294675 0
0.01167780471625312 0.002241116946419859 0
0.005519281125052393 0.001768786279043655 0
0.005554415073660254 0.001666553917888143 0
0.005863815076560096 0.003828911113941686 0
0.01594846355259981 0.003390074041238174 0
0.01158129813141075 0.004278002730876552 0
0.0007869334152112257 0.003059706079536414 0
0.00272800479487389 0.002992675339108894 0
0.003513094478185973 0.003710751712299971 0
0.01669527391972868 0.006291356032016448 0
0.01681680991647646 0.006299346454685956 0
0.008552665421722921 0.002135601386005994 0
0.008505084405853933 0.002044999260656113 0
0.0001965174779844578 0.004900976599880936 0
0.01270000136714195 0.001184828175250112 0
0.009322655782943048 0.003217965962994765 0
0.01316808834326327 0.0008776323469164254 0
0.008960371725892084 0.005572891047995549 0
0.00217649919946958 0.002381774130039129 0
0.002175946563019708 0.002271562308883317 0
0.0103256078194817 0.006352594228443188 0
0.01027145324089483 0.006457751157749761 0
0.01032783664744001 0.006546190974718138 0
0.00824158994750549 0.003726557519935566 0
0.004596619012008446 0.006031399972864974 0
0.01240762033645793 0.0009722504832092105 0
0.01245579069736611 0.001078022629862562 0
0.01251078293739337 0.0009893460717353402 0
0.005802865566788102 0.001245879645471633 0
0.008056994380645702 0.001279238119500736 0
0.007851045576735117 0.001200192904220449 0
0.005304494022126635 0.004714370536817868 0
0.005397705556315482 0.004686414916773161 0
0.008344773516609439 0.001770614034400042 0
0.01676866105704279 0.003733757605644647 0
0.01282920834216022 0.003508364408021743 0
0.007541974130377196 0.003676070175219628 0
0.007460419823239728 0.003595435246431977 0
0.006988153321804177 0.002966225097123811 0
0.005803213846424706 0.002472484007734619 0
0.01068186216290696 0.006006838238788271 0
0.001448793724765139 0.001807055901811219 0
0.007713025853806811 0.003837835268693807 0
0.0105581941129807 0.003533005805452795 0
0.01065782969330221 0.003491166190135488 0
0.004726766589232908 0.003069528304224952 0
0.004613125933497528 0.003042158473685718 0
0.01680188538900195 0.005866700744899686 0
0.01679913846739816 0.006692805311888931 0
0.0007142918438496296 0.0002343746660985906 0
0.01434037570981342 0.001562269359383007 0
0.01438018990539267 0.001271721200228941 0
0.0002420022363796744 0.005699014385230943 0
0.0001666580489002208 0.005775077444252072 0
0.01475988045135202 0.0002436868974746808 0
0.01487157326701077 0.0002756778829422729 0
0.01289882441642416 0.001836126895101697 0
0.0152726604249666 0.0005802108524311147 0
0.01120796392681501 0.004413430816719025 0
0.006295376752905726 0.003560948402180028 0
0.006381718156433392 0.003515488534406309 0
0.0004144726040339226 0.0002367938749689674 0
0.0003136439773032962 0.0002249786350318516 0
0.008491548567068857 0.005031462568221829 0
0.0108434661676923 0.003330429516136444 0
0.0002584458397605436 0.002490229356988356 0
0.0002801789625246041 0.006584082201178258 0
0.0003468960086752699 0.006696264959451945 0
0.0004655312729759508 0.006717828513365449 0
0.0002308038976451491 0.006697490280437013 0
0.0002744168205399203 0.006783558632367439 0
0.000177672063959685 0.006540350708420768 0
0.005976648443672627 0.001245749827801905 0
0.0009649003358625395 0.001029058304488522 0
0.001136491667309487 0.001086881024899151 0
0.01007879670885796 0.006395804789094127 0
0.01526486516348095 0.005467981630457639 0
0.005178014216432992 0.005052912122233527 0
0.01179169506264113 0.004790941566933007 0
0.01666822241382544 0.000207828505086707 0
0.01676101515746641 0.0002510921661217076 0
0.008742368546330937 0.002472954301149272 0
0.0003881295443890868 0.0007605919314057912 0
0.0003107286908561688 0.0008815581750817223 0
0.0002493479543054355 0.0007742203656879039 0
0.0001894205754600833 0.0008633912891804186 0
0.001472720849814036 0.001180396845052856 0
0.0001598110476247541 0.002541120853935906 0
0.01375302568030674 0.000431281505516573 0
0.01685759035280598 0.002463403406915909 0
0.0002249949845408768 0.001669692586683111 0
0.0005255059030348196 0.006226313553059084 0
0.004341395897680727 0.006455966007562449 0
0.01266272219307941 0.0005428954446760194 0
0.00283419143364122 0.00318833388570159 0
0.002779392256444007 0.003089701817981944 0
0.01590423667004856 0.005392735426401207 0
0.01022469183040762 0.006557849822215294 0
0.009730974356722802 0.006442346135380142 0
0.01459808101539912 0.00108294005171228 0
0.0143645755949596 0.0009998624681953768 0
0.01561382235402673 0.004474876594353342 0
0.003256458822833892 0.006748539678646538 0
0.003375702642186054 0.006773820724225403 0
0.01652797922994748 0.006674091473139448 0
0.0001935448048122311 0.001778124613113409 0
0.00809622841497715 0.004136712312103088 0
0.001175443365250166 0.006882693538762836 0
0.01197919299873073 0.004437884633517199 0
0.01210614595624279 0.003461079657666566 0
0.01573279045889408 0.0002091528782375666 0
0.0158047649849159 0.0001496392137020747 0
0.001667869991218245 0.001534429225326068 0
0.004333511999768807 0.003299541495561414 0
0.00444481924255769 0.003291650234238174 0
0.00488567501543836 0.005168772353419303 0
0.004977804534428899 0.005258171729518643 0
0.01410736716829158 0.0001688807823722618 0
0.01358638391035485 0.003475064225970494 0
0.00790335305909929 0.002383671640518706 0
0.0122444790221887 0.002517213633971995 0
0.01362475530830261 0.0002144406462689119 0
0.0137396333878319 0.0002113260639805604 0
0.01453418247720811 0.000525445231466005 0
0.01451119422948427 0.0006924407905959042 0
0.0003813624873445897 0.006816807894794521 0
0.0004995003493339679 0.006827169053221324 0
0.0005724110604091656 0.006739673347564967 0
0.0005557870463523233 0.006620235102286408 0
0.001279913256486923 0.004813364936747476 0
0.001439137892675392 0.004538812076178413 0
0.01252511625439022 0.001889122183602395 0
0.01577285443525076 0.004916413626317772 0
0.009383412179680396 0.006239817679691229 0
0.0001657804087806872 0.004279071049163084 0
0.0001117540523662402 0.004165325709652406 0
0.01240408909118465 0.003194159770851423 0
0.01680513764248066 0.004006545121515517 0
0.01556318485246003 0.0001610657686843815 0
0.0004743177587358434 0.004053977671300561 0
0.007925114383037902 0.001097398248145335 0
0.007826066557618215 0.001101523125701743 0
0.0001814957400472945 0.002379467952568852 0
0.0001370446622151172 0.006467627247539479 0
0.008698306365768729 0.003265492134471761 0
0.003456909831766842 0.006695965083346493 0
0.0001341080235279409 0.002638488348328321 0
0.00240359255313346 0.002571273165156893 0
0.001130168200129517 0.00627397005572555 0
0.01154651603030059 0.004091419134486835 0
0.01182194811566341 0.003794466138077171 0
0.01518822891903509 0.003450584043006929 0
0.01505646910848542 0.003637450180089658 0
0.003338405948772074 0.003504881458651712 0
0.003445753431645189 0.00350509555830012 0
0.003292045984303619 0.00342169243346782 0
0.01158527194271647 0.002284058579733684 0
0.01167985003045745 0.002132701011495786 0
0.00336347297612013 0.006350781955884895 0
0.01427543791723043 0.004032246463598641 0
0.01421548330594189 0.0039359892061968 0
0.008740440732053685 0.005345786195446119 0
0.008658546832605037 0.005253711030041507 0
0.01081198346103095 0.005434740855282964 0
0.005143617954573554 0.003136949038843507 0
0.00227450201504056 0.006822279059482099 0
0.005972295075984686 0.003867855327721309 0
0.00594464507280784 0.003754837086882931 0
0.00604570145372538 0.003813161381431035 0
0.005956770782927351 0.003649203920456416 0
0.0143066773486871 0.0002008852269001992 0
0.01438758928495623 0.0001413792754413191 0
0.0009684913596052476 0.00681459599558498 0
0.0009495537968709084 0.002738173009684119 0
0.001783264801400728 0.00159156324114595 0
0.01678004971044317 0.0003667464347241033 0
0.01608276025732845 0.003868328768036009 0
0.005140377749977355 0.004339747501616667 0
0.01238769419424976 0.001181543608017863 0
0.0005765609721742407 0.000165133438120814 0
0.008269872674058265 0.00450619946440509 0
0.0006604873032506967 0.006658947151682592 0
0.009132978668521211 0.005987062951594208 0
0.009202872939649815 0.006059405662147965 0
0.009186670780687616 0.005885844142298702 0
0.009117580354858816 0.005806058043227222 0
0.01128688450712111 0.004600628146674659 0
0.01260717988755097 0.001684870248999453 0
0.004976228750949137 0.004309284485441663 0
0.01338296129205292 0.0007357032398568161 0
0.006500809421184871 0.0005158446320626215 0
0.005529254582797069 0.00424262329575964 0
0.005644591874462347 0.004243021483819155 0
0.000193484344136078 0.002726365471387869 0
0.0001585307919023584 0.002825427541290072 0
0.003739200733266571 0.006331993020452281 0
0.009512214716783162 0.003289413947795253 0
0.01649350350097992 0.001861835805853319 0
0.0001716986770440385 0.006775556515518555 0
0.0002082200390929271 0.006857445466182176 0
0.004168619233786517 0.005046646626547495 0
0.001884707402714211 0.001772901745776302 0
0.01334467791248065 0.002373478552489266 0
0.01341358033418646 0.002628138439639788 0
0.01317017839704475 0.002574786762185264 0
0.003767103508416998 0.006786316496494298 0
0.0004933566384396019 0.001077424513994554 0
0.004539512736157382 0.003461097362055559 0
0.01669994229500658 0.006777420274921901 0
0.0003273979158117512 0.0004825008848330183 0
0.0002506622951656563 0.0005606278531995225 0
0.0002893283894866063 0.0003721677365924633 0
0.0002113789242455533 0.0004494161158402456 0
0.0001769972267914449 0.0003408078424445857 0
0.01623208127459916 0.003617135345579565 0
0.01681886087672483 0.001311300666527243 0
0.01679195320557792 0.005154032764396571 0
0.01186690447743082 0.004624492924267085 0
0.00170776315768992 0.002313763023157229 0
0.01216559210943011 0.003620838233766038 0
0.01657855721434654 0.005316814692944326 0
0.01274835185338791 0.0005768640126860725 0
0.0125417878674483 0.0008023405424063606 0
0.01389195939859443 0.002517570955710462 0
0.002940036292051956 0.003196871739061483 0
0.001867295851708219 0.001664071971296539 0
0.0001904036556880182 0.006133722380136004 0
0.01266451064462391 0.003644139607481492 0
0.0001743937071508259 0.001925171544459193 0
0.01178801445892327 0.003035969592066543 0
0.0119151297709232 0.00287524238040626 0
0.01189791477249359 0.002687141239158887 0
0.01216122482379552 0.004195847357590733 0
0.01124877933993226 0.005470661105662568 0
0.01252000662613009 0.003816533528207092 0
0.004049708724991257 0.005262086135748323 0
0.003783254613733432 0.005289686885572599 0
0.003583250098774958 0.005531857836954448 0
0.003261941482660906 0.005586178435265718 0
0.003109384795186048 0.005295213417161109 0
0.002938193953707331 0.005544643526389307 0
0.008959320312843799 0.002786644953588499 0
0.01390078435024559 0.0004665055533246087 0
0.002460824226530792 0.00646672027305621 0
0.009295007247533722 0.006186799303577226 0
0.0167143048058029 0.0004495559626554965 0
0.0168285248329 0.0004832979929117712 0
0.0167552217795774 0.0005717906485096995 0
0.01669489555841187 0.0006711804161466501 0
0.01656480804055189 0.0006593618562619769 0
0.01663958898357075 0.0007751559098806969 0
0.01675566010399007 0.0007641289064698603 0
0.01672380838066333 0.0008765288181456408 0
0.01658890504452502 0.000894937671603418 0
0.01676071131662634 0.001010165400896474 0
0.008676976782722836 0.002695994299609273 0
0.01277090628710667 0.003617314052189047 0
0.01287180661123251 0.003598296022321978 0
0.006287096384242352 0.001322146812676847 0
0.0001470564617508507 0.00365097833083929 0
0.0001898351635725645 0.003742515301052748 0
0.0001419065059777101 0.00383699040176083 0
0.01593813216819307 0.006175793538836755 0
0.01597861798480085 0.006283583631132347 0
0.01000461099836099 0.004419588914677454 0
0.004718241246810708 0.005837184594210244 0
0.007402427845652836 0.0005530024172818596 0
0.002340739720952429 0.005508978546145344 0
0.002082173480895952 0.005539897944291976 0
0.002641541832694469 0.005527861644098707 0
0.01636571730350767 0.001472908827803234 0
0.009823631611018065 0.006343015444336825 0
0.01074274056079201 0.003347387247819253 0
0.01257669483816535 0.001103902251591516 0
0.009622608716937228 0.003396016543308956 0
0.0005122440588220204 0.005911625518270411 0
0.008463146429692965 0.004435349658395392 0
0.01464518861279249 0.004499656988186332 0
0.001662127840932467 0.00140634169112596 0
0.01355221659827895 0.0005273091912562614 0
0.0005993055365628806 0.002149865318852506 0
0.01348022410120076 0.003485967563082244 0
0.016805078969101 0.00682083225616552 0
0.01685271784389868 0.006912005407336061 0
0.008787398013903569 0.003065294192410533 0
0.01045624998226705 0.006553484655305142 0
0.01324064564642035 0.0001924555565002836 0
0.01102654996730562 0.005560288741178551 0
0.01438446683328439 0.0005503492991037304 0
0.01532229542187077 0.005575495069192093 0
0.01536605002802039 0.005687258937879658 0
0.01022998255029884 0.003525015218622331 0
0.01496409787969034 0.005036603656821913 0
0.01691121460947564 0.006646197813912774 0
0.009246322952933105 0.003125451803601224 0
0.001951289238386562 0.006827844752723517 0
0.007469962790123344 0.000633326400928958 0
0.01567473086758885 0.005270203036110289 0
0.01690393549885554 0.004564011189711112 0
0.000200092785925348 0.006328612673554776 0
0.0008594868437853372 0.0003399861867112576 0
0.001567732789518117 0.001235288181470824 0
0.01124560410700003 0.002756216083064873 0
0.01134689495562453 0.00265114166768695 0
0.006233761338285789 0.000696749409769448 0
0.006165432670761714 0.0007741503947780027 0
0.01415161087505575 0.003671419041574162 0
0.01410605641443244 0.003785486217827635 0
0.01590048795851596 0.0001713625603751807 0
0.01600713022653032 0.0001979379227221106 0
0.01604233758246421 0.0002996274516494598 0
0.01611906596175055 0.0002099917765807885 0
0.005654862298682164 0.004351675074058059 0
0.002979026910997043 0.004190273513589663 0
0.01513659395353846 0.0001840111680606825 0
0.01504762521166891 0.0002486980512073347 0
0.006266583910185435 0.001097247162162829 0
0.01476029961849188 0.004682472340130437 0
0.01092408498540679 0.005296165430831062 0
0.01216227341143414 0.002348093824014832 0
0.01224867831094072 0.002186000539203353 0
0.01226134707473981 0.004153159707696171 0
0.01655046019119107 0.005164164486170187 0
0.01209078297830632 0.0014744752867368 0
0.01648028090088226 0.006004699939960594 0
0.01142617094743224 0.005415098771112964 0
0.008696323548135055 0.002572508148445232 0
0.01099174451066091 0.003022061633187574 0
0.00599625024037103 0.003985969654679721 0
0.003282913742104456 0.006847481785707018 0
0.002155509766136461 0.006819700232605379 0
0.0002178355389165464 0.0009656622996612831 0
0.0001069091149012782 0.0009526735886427433 0
0.009018093730339988 0.005651809528162837 0
0.001111909556855878 0.003269858646316958 0
0.01606520605196367 0.0001097173822796555 0
0.00272792256764846 0.006845718187346315 0
0.002619897842745392 0.006870897998028725 0
0.01682797785371239 0.001907466419435523 0
0.0005367509683658744 0.001774475643052918 0
0.01494192564955758 0.003429745655674603 0
0.01682251605245714 0.00180076475546397 0
0.002582313389006369 0.002863018981777956 0
0.01196967042581134 0.004556148193845873 0
0.01397521115953899 0.003693994387368052 0
0.000515687286306429 0.005062269314733655 0
0.004617168450830057 0.004718963394675948 0
0.00946127602381024 0.006304060377257381 0
0.01683196506284516 0.006022290674869592 0
0.0001484311167125902 0.006236760974082949 0
0.0001328259982222996 0.006045599059045145 0
0.001991534289481607 0.001925853664391571 0
0.007754259939685897 0.001043448743824948 0
0.001343924645122491 0.003807814461575518 0
0.01208632015830581 0.002510609981111928 0
0.005125540879831831 0.005136394642875462 0
0.004524896692424325 0.002998503929259514 0
0.007693031031702006 0.003999812035284532 0
0.009527891598764089 0.004029964008587245 0
0.007480794646016381 0.00193068492790322 0
0.0009916636820966581 0.003507764908104821 0
0.0008778892193980646 0.003672919196243507 0
0.01530406957742484 0.004361889539319299 0
0.007328495882631462 0.00213235464051469 0
0.004446448102638625 0.004075153923490259 0
0.01012665490586683 0.003558389172259481 0
0.01005888858037072 0.003485482540786606 0
0.01497395841200223 0.001897196690895209 0
0.00796869547010182 0.004256466380229695 0
0.005463558495656671 0.004615704634186883 0
0.01153157952556438 0.002388350589053536 0
0.009405383094399937 0.004869221410446913 0
0.009512533004831313 0.005097383674992005 0
0.00653937212240042 0.002006702788640233 0
0.01085047194671743 0.006249471522712563 0
0.001766594568271459 0.001490972033142903 0
0.00169822512152607 0.001322529796964374 0
0.007008302396475718 0.0003398619704711495 0
0.006910217785113096 0.0003361722843672954 0
0.003827416819567235 0.005561573133164895 0
0.007443981163758776 0.003703115522821048 0
0.0167536314613518 0.000146878111372505 0
0.0001565212500448041 0.001145406270974906 0
0.004953348495434875 0.005541116202617503 0
0.00493053978904239 0.005461605279211941 0
0.005013554681054802 0.005372794767249655 0
0.004909000390448361 0.005339668817453034 0
0.0002818708364341112 0.003934809589742069 0
0.0001807121994832055 0.003995247829007297 0
0.0146973218191763 0.004600193910880588 0
0.0168048687168075 0.0006723163575971052 0
0.01685734157142433 0.0007533416900825881 0
0.003437975202695317 0.004267587221729933 0
0.01691718809355425 0.000245655196272912 0
0.01443052021956522 0.0004114850873370886 0
0.01681504311212823 0.002905401770707825 0
0.01690884801849643 0.002851818453710368 0
0.008222879256782313 0.001565249090361865 0
0.01672158653408115 0.00112397333065559 0
0.01681927225158392 0.001188667996456535 0
0.005925841813843475 0.001050805839663294 0
0.01383160459174113 0.003598800549131648 0
0.006810361376068231 0.0008201952395761681 0
0.003114069808221179 0.003390934241483896 0
0.003022729764778885 0.003379305192151909 0
0.0124954630511563 0.004003841184409184 0
0.0141089307557376 0.001401642846394446 0
0.004039477221386169 0.006663153639251461 0
0.001968999261618044 0.001755953083282817 0
0.000150283880957754 8.48674526535689e-05 0
0.0002170426096515556 0.0001758222001425006 0
9.275501742510989e-05 0.003555000918223326 0
8.059277439368719e-05 0.003046312654605036 0
9.890152935196003e-05 0.003151366606119192 0
8.057973974307485e-05 0.001353025255129589 0
9.362385691184631e-05 0.00176101028540434 0
8.532596944816132e-05 0.002144035967487783 0
8.294516636583003e-05 0.0005587416561109245 0
8.056075015987728e-05 0.001546747508304838 0
0.0001005504643137693 0.005557196915410767 0
8.049242109245576e-05 0.003348916010043368 0
8.427771392160478e-05 0.005047172409604722 0
0.0001707808137476879 0.005085859417527658 0
8.111540438118618e-05 0.004447135001030026 0
0.01691343208505605 0.00525069968513742 0
0.01682526354430446 0.005304786988129416 0
0.01690105435849043 0.003853621578357779 0
0.01692485200700643 0.002543196361289646 0
0.01691326684454023 0.003051388054283736 0
0.01691613069270257 0.003351459343286619 0
0.01682682954467761 0.003301479334290553 0
0.01692413209718364 0.003650841039077613 0
0.01691366999241832 0.00415066153823866 0
0.01690931592089313 0.004052790552024926 0
0.01682165080044185 0.004110789582932043 0
0.01691825421544317 0.004351732409683019 0
0.01691515643001701 0.004844691308260184 0
0.01691483326609766 0.00505207590454374 0
0.01691750309787532 0.005650539757106009 0
0.01682143678999144 0.005601175502727871 0
0.01690405078865409 0.005860995489990939 0
0.01691469802590957 0.006352544511170708 0
0.01682445591278996 0.006412717935095732 0
0.01691796981979159 0.0005512599510090646 0
0.01691877560792108 0.005450619721121714 0
0.01691400447444544 0.003151507434797914 0
0.01682506405172264 0.003096499339729995 0
0.01691585245591707 0.00095075424329202 0
0.01682943700669406 0.000917837836605056 0
0.01691865908578982 0.003451419361278765 0
8.444450322049601e-05 0.0006527399181601025 0
0.0001693008959736311 0.0007068064360876061 0
9.479208530504754e-05 0.003932875425593844 0
8.462467132282041e-05 0.004548123710867439 0
0.0001819096638893784 0.004486415397344865 0
0.008972704519480915 0.005099878244768453 0
0.009068812712295928 0.002771950435297353 0
0.0001675454768163224 0.004608144602715393 0
0.004470242843167825 0.006210846336393719 0
0.004710827053898148 0.005539656767245919 0
0.007688625355866714 0.001358297079684222 0
0.0126792098054281 0.003169905546708626 0
0.01380406881616684 0.0002939536923217204 0
0.002944769594651735 0.006823416135408497 0
0.005251284735992841 0.004234358389495295 0
0.003871855621912548 0.006775393107759826 0
0.002553832378105368 0.002750968406862846 0
0.002641830439548919 0.002805316653716439 0
0.01634945455883509 0.004214125644564297 0
0.007125156652732702 0.0003432100874726381 0
0.01080937642075794 0.005616287571071747 0
0.0110465023822842 0.003590224772760809 0
0.001536017619701534 0.001965722623731773 0
0.0148316853947976 0.0001741525337556021 0
0.01494692948802357 0.0001937748360849264 0
0.01350900150047855 9.87407695988477e-05 0
0.003504181881352751 0.006899202201971082 0
0.01084577442102608 0.003149469080146513 0
0.006141211049633307 0.00385206728931559 0
0.01402360282474795 0.003844945876880814 0
0.001622818894409296 0.006915265622145957 0
0.01645899665702984 8.569187817076889e-05 0
0.01468818584621904 8.730763446471645e-05 0
0.016263383810712 8.972466718973511e-05 0
0.002114036422356386 0.006912071371799217 0
0.0009265944771859784 0.006910128814133864 0
0.01389347711443872 0.0001004992584415759 0
0.01508283523755388 8.72975817842749e-05 0
0.01372291336436814 0.0001006566506305596 0
0.01527812699013613 8.51795939152411e-05 0
0.001425854458376889 0.006917116050091199 0
0.0007368247551261583 0.006914531385964338 0
0.0006946081825512408 0.006832102410889995 0
0.003093806131091612 0.006914193469906361 0
0.0004423959772093516 0.006912714230126507 0
0.01458980746784067 8.739739870324698e-05 0
0.01488680626867417 9.084578565013912e-05 0
0.01048779604994863 0.004067175668190982 0
0.008275036781036051 0.004715436229159399 0
0.01101783703222335 0.003323437609461949 0
0.01601491545368425 0.006489996174195862 0
0.01595261636415468 0.006407681848046687 0
0.01587754550957962 0.006344203408131974 0
0.005219864728954418 0.003950004202086945 0
0.005050144138357011 0.002400299742068168 0
0.008238213111738023 0.004602719231880869 0
0.01250811114595861 0.00333772945891528 0
0.01537451197627184 8.41747299432905e-05 0
0.01229819737164619 0.003499827581356676 0
0.002898577919828785 0.006912907083301001 0
0.003133380021735887 0.00405590119715742 0
0.0001714458812895996 0.005886717257415998 0
0.001009164423265397 0.0005254192517385294 0
0.0008946113815033975 0.0005378170792440912 0
0.0009288560032310435 0.0004342562949805288 0
0.01674946466544019 0.005237787706545162 0
0.007550813334920711 0.003848352884007306 0
0.004371652890479694 0.003133986365681612 0
0.004449698553426791 0.003176339647536622 0
0.009443193141151256 0.003127197434000619 0
0.01262449653572706 0.003859157480506733 0
0.00939271511264368 0.006139313635820201 0
0.009303866336895108 0.006075327710767083 0
0.01601575485360658 0.002418359176390739 0
0.0162209616228246 0.002450098692884665 0
0.0163625740907899 0.002333362057177561 0
0.01621578929784062 0.004456910793765435 0
0.01374813980847537 0.003654427636706395 0
0.008064528773700329 0.003225134029524723 0
0.007831894973265167 0.003201054840648967 0
0.007757873747818451 0.002995144563183898 0
0.007936028044669967 0.003398134833517409 0
0.004378862197768313 0.00389008043105457 0
0.01195640422830551 0.003926388875009451 0
0.005743521458559189 0.003794419952799314 0
0.005175744801007976 0.003422957788138755 0
0.003077569239470135 0.003302500325638752 0
0.01173050738368081 0.002550290770011543 0
0.005580261490071703 0.002966659539490794 0
0.002053080937799746 0.003620275062663809 0
0.01273498055165069 0.003709266811150155 0
0.01691388504400285 0.001750110346657652 0
0.01310186574225249 0.002815019812181399 0
0.008921653311840451 0.002881552041233575 0
0.01597020648621163 0.0003887348124906888 0
0.01301006009591403 0.003531938584245336 0
0.01316322621972008 0.003480333073172401 0
0.001213607267010947 0.0007179019494376938 0
0.0008462413050971274 0.002259624032496344 0
0.001260780281770222 0.001398438291839387 0
0.0005410046206537882 0.006915708417135822 0
0.01657805776417701 0.005794890969825947 0
0.001343866523069864 0.00159553322293278 0
0.0128366046053845 0.0005146912595460707 0
0.01659242337577904 0.006768051632777242 0
0.0004444374253997803 0.001452849778461276 0
0.008131934635978538 0.003614334099080705 0
0.009239790508617906 0.005971429576661631 0
0.008287238555084307 0.001674509815351927 0
0.01454843147922235 0.00446706575213545 0
0.01260748011724472 0.003770641707971206 0
0.009003216714340156 0.00268594881013366 0
0.01655652443709429 8.352665912866224e-05 0
0.005472509435952604 0.001681956116778524 0
0.01690860401963162 0.001148268650276204 0
0.008035472010543615 0.004343685383561371 0
0.01462230016032703 0.004585230434877229 0
0.005652390350896101 0.002179762071062391 0
0.005072955281232583 0.005222652368913166 0
0.01115296830985422 0.004769654488631787 0
0.01419296503615615 8.611779025114634e-05 0
8.891458259250272e-05 0.004845601715259233 0
0.008124128041707883 0.001560640247675463 0
0.01071275088179204 0.003258510119304246 0
0.01389083571865761 0.003737713145636376 0
0.006273659237585518 0.003741544031393961 0
0.01587162170307306 0.006429701187888675 0
0.01577796846682148 0.006314042351193747 0
0.01365051001233866 0.001660999177826927 0
0.002261772321288603 0.002313054585097512 0
0.002363043215347891 0.002387384756283738 0
0.002546185103745825 0.006813587663433843 0
0.01691781799547838 0.001950576506013908 0
0.009201605962378689 0.003851269270944654 0
0.007294255062728351 0.002811400836465166 0
0.01682990468833723 0.003001599280314111 0
0.005329790531216587 0.004809773160403524 0
0.005299329845565585 0.004899879564673526 0
8.641337866551607e-05 0.002349060422815448 0
0.004281437275403 0.005223969379029787 0
0.004541789496304532 0.003123047603174441 0
0.004238230444716624 0.003250292154498085 0
0.009589065068523916 0.00324769219393498 0
0.01691008618595277 0.001363355902032734 0
0.01077450577432522 0.006082174963300961 0
0.01216835094050152 0.00430305716297304 0
0.01631525473402582 0.006392794040819908 0
0.001019288193413371 0.0009019831182220058 0
0.01680448627667793 0.004951781420564531 0
0.008552777728756211 0.003826132044416833 0
0.002314626470050393 0.006914454727942476 0
0.009880889689917923 0.003493233336242756 0
0.01621312973055942 0.0001725187930954083 0
0.01457055285644595 0.0008888005317894895 0
0.01112380844795252 0.005712211803583696 0
0.01672127089665611 0.003128450635465883 0
0.01182727708736708 0.003985841424873373 0
0.007458878091759396 0.00125261585994326 0
0.001091821002874162 0.00374189434962276 0
0.01150928436760854 0.003327108539278768 0
0.006186439816790968 0.003704656249575259 0
0.0013456423088455 0.00630716130247941 0
0.01290642350844718 0.0004311543139637157 0
0.00754400783086699 0.0006958226776417275 0
0.008068775493979972 0.001459464057064431 0
0.0002754231977415821 0.004462869157063383 0
0.005160888340493348 0.005215289096845008 0
0.009696137472409203 0.006536124003109536 0
0.003691165019444995 0.005743784014042679 0
0.01421349858946479 0.0008375428855836053 0
0.003049572972143301 0.006825416629417932 0
0.01434847826139662 0.0002995651410887426 0
0.000346199329216295 0.0010103829539716 0
0.0007743408160517436 0.005326698162608646 0
0.006558966644158044 0.0004295797815546372 0
0.001915476753395368 0.006915616950955357 0
0.002055649741782377 0.006824070602233069 0
0.01638293477277983 0.001741125497140218 0
8.153090853696594e-05 0.001952296156708718 0
0.006744539725945353 0.0003448713503567437 0
0.01149036301053004 0.004402009775481885 0
0.005270734102507708 0.002002964217723114 0
0.008678263887587153 0.002939729152827622 0
0.004090648300810558 0.003432253168997658 0
0.006432715850671266 0.003650610260206389 0
0.01057654928767021 0.003349558218378546 0
0.0008685506145171629 0.006819379000877855 0
0.004112892331899111 0.004396839595757956 0
0.01680970334133785 0.002064568031345154 0
0.005454610256171483 0.003132448211770016 0
0.01446757281671388 0.0001978347454791364 0
0.003462792713555924 0.003427223731698481 0
0.01353094278370493 0.003560007856851306 0
0.007346816855023867 0.0004769116066474671 0
0.01691222804031024 0.002754807365607153 0
0.004092156360738859 0.003336448100387801 0
0.003981716120066838 0.003458405271604744 0
0.007272934592658069 0.003660191894212098 0
0.007266264156334612 0.003561813611513614 0
0.007354744320733893 0.003613527420752437 0
0.00972826412111787 0.00333709163635099 0
0.009712304657774614 0.0034326607477332 0
0.0001813510964704182 0.005481056832122187 0
0.0005714210348778982 0.004834784433803052 0
8.113611699992612e-05 0.006547381178485649 0
0.002830470091915213 0.003004164857799841 0
0.006314497175473329 0.0005227145118093805 0
0.01002650792775917 0.005116186893463352 0
9.526334500392988e-05 0.0001622365023892995 0
0.01576908604129552 0.005923456398275771 0
0.01691580451210133 0.002251270034994684 0
8.154340790635616e-05 0.0003619967504868067 0
0.009821790286290412 0.006630570657549482 0
0.0008503627897522015 0.006517688093574787 0
0.01027796724596374 0.006634575625170471 0
0.005544062209200902 0.004602221575854713 0
0.01145593779079909 0.002397778424145298 0
0.007312553055348058 0.0007614794872177911 0
0.01223576968055643 0.004241193371259107 0
0.01684410367658177 8.566951551924407e-05 0
0.0001611235078496608 0.003307719040785308 0
0.01066442395785882 0.006375997135709891 0
0.01367592158126129 0.00361650024599753 0
8.841744498244535e-05 0.0008413573239958025 0
0.01681794368667718 0.001527344590315349 0
0.001511367272950486 0.006230089374318385 0
0.009264677369608761 0.002915802320458614 0
0.009928894204209733 0.006230987243616161 0
0.004832180732283237 0.005041457749804247 0
0.01029168579547679 0.003452097224266322 0
0.006994401912337489 0.003550994832901246 0
0.01344633558063428 0.002844959601251841 0
0.01183214884049957 0.001901732830373451 0
0.01183286183780842 0.001817829567344378 0
0.00497563389146586 0.002401198393644269 0
0.005092798492364543 0.002306972068842229 0
0.008150833891465854 0.004598801606355726 0
0.01043389067970668 0.003400109748070458 0
0.006564239703516768 0.003583063957594418 0
0.006814053452177699 0.002061067753289958 0
0.002114396280658224 0.005227831383666318 0
0.01434470779251928 0.004116898236391208 0
0.006895967813308362 0.001314045386229525 0
0.007033472903745393 0.001496515110455831 0
0.01471287305754026 0.003504364396115097 0
0.001486880110095684 0.00108977972005101 0
0.001427077816977849 0.001006732145038947 0
0.00986865052559241 0.003402494203341116 0
0.007131690594583311 0.003596592785158 0
0.01159483668570578 0.003004053331817232 0
0.001167024268996107 0.003982718069153257 0
0.001201791086851362 0.004274639655745286 0
7.916655076513693e-05 0.004748100854626991 0
8.049510624605523e-05 0.006747301214469937 0
8.592105227820356e-05 0.005243413691465589 0
0.002799498006748564 0.005253825479896604 0
0.007446203836023474 0.0004728972594138649 0
0.01291939385218818 0.0002897844338416774 0
0.01682998414713414 0.003201519316298392 0
0.01692088501590954 0.006059032761668253 0
0.01691865438100022 0.001651793574221009 0
0.0004279442997110871 0.006105431444358265 0
0.01692090460795166 0.0004503746656395881 0
0.004966996489892975 0.002645883789090797 0
0.01433927804991182 0.002841935540986058 0
0.01273601431315495 0.002862203366512698 0
0.005823828909261823 0.004113560017811913 0
0.004114333306364432 0.006568854718685848 0
0.0168323077487393 0.004303075519085423 0
0.003531563519711041 0.003451761960493854 0
0.009955908616127534 0.005443564452593454 0
0.002773860786990092 0.002921200406548836 0
0.003695441727130668 0.006460915067919843 0
0.01132163740623144 0.004781071218056118 0
0.0008579447233101316 0.004391637686634762 0
0.01205125195466057 0.004500875536548145 0
0.009426418991559389 0.00641010387938378 0
0.007567161903014682 0.0006001641938041253 0
0.004979281997963289 0.004560928958006598 0
0.001664480178892352 0.006833433634868952 0
0.0131821094113823 0.003559714060576972 0
0.003823487953500313 0.003446730757536148 0
0.01280416445984682 0.0004135050040991045 0
0.001026240968703162 0.0004125321736715803 0
0.01597447915089034 0.006591118489519579 0
0.004203627515582185 0.006594089791913969 0
0.0133260696152608 0.003537722337828008 0
0.003673166212339062 0.003462965905490298 0
0.001065488945925342 0.004699365497279472 0
0.001187724933187058 0.004529017926403851 0
0.001814477461828502 0.00691532258060727 0
8.317896138748324e-05 0.005845250387052096 0
0.01497453626093598 0.0009863037928006524 0
0.004255841724806265 0.006181144010860791 0
0.008992996980929625 0.002971633997287514 0
0.01650220044953492 0.001503164768807754 0
0.00611570645940251 0.001302736883810777 0
0.006922483329170745 0.003535018613009512 0
0.01162815458003013 0.004417449737125148 0
0.005268548144466307 0.004389867786169331 0
0.01421593085813913 0.003028261963166455 0
0.006217660026950076 0.00100007810180688 0
0.01649025405124824 0.005681521222861467 0
0.016830493803399 0.005403726726618751 0
0.003259513951832736 0.003347900563741947 0
0.001578295343612565 0.001835109188632446 0
0.01519579923086401 0.001666214960137781 0
0.005956307764199417 0.001663180412534436 0
0.002457352827363612 0.003143339755045613 0
0.001566846131091729 0.006834226092129574 0
0.002416877729704477 0.006917643967443854 0
0.007290533898626022 0.001274095431017309 0
0.01197716027299982 0.003795453003603504 0
0.0147639443355467 0.004510262880976165 0
0.01224085877089429 0.002031949460444452 0
0.008725193187628964 0.005167412829578132 0
0.001445531679079076 0.002254912165871991 0
0.01304716607894401 0.0002880202106342366 0
0.01682888324335331 0.004206088110046483 0
0.001655739488451014 0.006369052861349303 0
0.01586301436479571 7.938840434453713e-05 0
0.004427941804406416 0.00374860039917664 0
0.004572833996361703 0.003714666976466342 0
0.0018285348315423 0.002360115930272903 0
0.0103761152494267 0.006235886034209059 0
0.001192103010876902 0.0009786756094487567 0
0.007082420640379838 0.003059735282235075 0
0.01636890439628932 0.001326587043431802 0
0.00985765444532169 0.003941878841876188 0
0.009777260943970904 0.004189201707932292 0
0.0169182121128248 0.002143659876423761 0
0.01231138803339461 0.003986964168488309 0
0.002834738954626153 0.006830901182180981 0
0.0002285959704760258 0.00604155781657645 0
0.01055951954672841 0.006578447596903719 0
0.01420622519142193 0.004076622970566189 0
0.001159216679946461 0.001208030769998144 0
0.001914479869515354 0.005795495529949433 0
0.01691131010934898 0.006454930359790293 0
0.002054194339603018 0.006168340051695532 0
0.01090649969386654 0.006015873761463999 0
0.001994807245062952 0.002666052192566988 0
0.01290962814507625 0.003672620922451852 0
0.00380807638993029 0.003525721437187782 0
0.01651884826164653 0.004814858307725671 0
0.01027411473958762 0.005587148008368922 0
0.01622775675005986 0.006701557731877202 0
0.01624233431865853 0.006793728890724451 0
0.006407206268664662 0.000515200633315548 0
0.01060348680451551 0.006440454405982092 0
0.01554523442008838 0.001364523634222471 0
0.000169159025822551 0.002084718123341731 0
0.008322898911344275 0.004426725133000699 0
0.002919996030065842 0.005974043094376263 0
0.002792685592283868 0.005771454197526601 0
0.01068571427049524 0.006465730406650761 0
0.005449043247446177 0.004329235307282933 0
0.01166908435773985 0.002454386302124338 0
0.01245995415954024 0.001733791836353115 0
0.009566287470842972 0.005467598631768657 0
0.007994404998456352 0.003669050328797449 0
0.008835861150824773 0.004600022212103431 0
0.01691670858971501 0.006848794110230676 0
0.006892266226736219 0.003456833241960975 0
0.01552684341592818 0.00109656229389081 0
0.004625171917164393 0.005644217904021363 0
0.007564146913823581 0.003007299806927242 0
0.01116356384518328 0.003491133397240196 0
0.01161780109442405 0.002570222026656416 0
0.01038116308621917 0.00441416794120363 0
0.01057263481244321 0.003438820796678093 0
0.01368193512367775 0.003007756533906472 0
0.00344836131507258 0.006822548175252817 0
0.001168553740226294 0.0005339557374049084 0
0.01495709329721266 0.004057771201282041 0
0.01130961606479649 0.003522767998076746 0
0.006737600881626876 0.002898151233236695 0
0.006563102643938618 0.002880837201273189 0
0.002002076455594668 0.006728856825154512 0
0.0007797668706751365 0.006842430464541771 0
0.016924162577825 0.004658163997238984 0
0.01346647403346584 0.003557231911670886 0
7.140470313782114e-05 0.004256548854616652 0
0.0007257906400679939 0.003210248452970811 0
0.0005468746162892585 0.00554673419131695 0
0.008063818384061042 0.001655239457741928 0
0.01612502440353694 0.006301594123049117 0
0.01691126061286142 0.001463286500329156 0
0.01103271987622727 0.005190981508891293 0
0.007497846753336228 0.001748995628901215 0
0.01029805085850689 0.005800811544117085 0
0.01684258465698327 0.003508787303004626 0
0.000569379908090235 0.002294747414578243 0
0.01480583416317395 0.004762116487304085 0
0.01490110079391017 0.004777128057774326 0
0.006125513051446673 0.0007070640154046917 0
0.0100692211121441 0.00650731422633624 0
0.0003511836940127983 6.137641233956411e-05 0
0.01665047045038542 0.00693602454182005 0
0.006271385559725804 0.003650973557458062 0
0.01426941162795856 0.003860985577276774 0
0.01644326777686352 0.004926810644070979 0
0.01382846095143689 0.001427930281691863 0
0.003480009656967341 0.003605183755947935 0
0.01281635419671291 0.003140582014274368 0
0.001376759451239316 0.006445561994665045 0
0.001099985372976104 0.006461310231412863 0
0.004087827825150545 0.003921924413149388 0
0.01183868685932029 0.004128796344392273 0
0.006718157635093772 0.003063579892944253 0
0.01023551418614128 0.003983058808896854 0
0.01602446913127697 0.003160212310525689 0
0.01085096710618672 0.003789203673784795 0
0.004237398779545489 0.003339401957149333 0
0.003820951914376113 0.005905421506858915 0
0.000144763193813794 0.006923140589142405 0
0.006223975431736692 0.003250585232448901 0
0.006341499227435141 0.003040137592143027 0
0.01215308870735725 0.00438481679776558 0
0.00657187326461308 0.0009534455530747494 0
0.01683865999351707 0.0001945483370508938 0
0.01470883513192958 0.00476151173610989 0
0.003249625353601801 0.005812217183669317 0
0.005579049958855803 0.001560432027163224 0
0.01628926298117664 0.003778089090704915 0
0.003193331695078374 0.006819336046602894 0
0.009547156924355744 0.006528902915658327 0
0.007693842381534399 0.0009546091063166872 0
0.005361750540983166 0.001898845045498548 0
0.01587382028846243 0.006088697632485261 0
0.000785816850474041 0.000195464645164093 0
0.006340795807444241 0.0006165982308218684 0
0.00835159518308237 0.003841653100056948 0
0.005823786019504068 0.001864102781367441 0
0.0168152746323383 0.00651369999135361 0
0.01588601632788386 0.0004878548671164982 0
0.01177036984441053 0.002784697792652225 0
0.00508020455479655 0.003266920989291324 0
0.01022184781230291 0.003451446460718345 0
0.004911537600761952 0.00468662800876963 0
0.004018532441455379 0.005609955751524695 0
0.0009152379050825742 0.0002802201000731133 0
0.01609495489913713 0.00672324231210349 0
0.005224625711557369 0.003005675659785819 0
0.008437749702113117 0.004935463563341664 0
0.008359939810614402 0.00490423989275208 0
0.01149470651133879 0.00307999346746341 0
0.01677442402284098 0.005778374677810269 0
0.005374370845879458 0.002787092017312512 0
0.002519685282058149 0.006016232154341883 0
0.008881543061794575 0.004891396145939206 0
0.002819705318473229 0.004419269190449589 0
0.00664596297789018 0.0008456434874052001 0
0.009035603705062838 0.003378708181523121 0
0.008964072960885409 0.003512778996266368 0
0.01418192788964866 0.003853372154186158 0
0.009358921010361305 0.005203157314211795 0
0.01016013357461128 0.006479396650277773 0
0.01413645779797415 0.002802290862912925 0
0.009027060163063262 0.005820506254772428 0
0.01306811378557846 0.00100656915854918 0
0.005539111583727902 0.002558335907457978 0
0.01135084848099318 0.003286475975602866 0
0.01547204514012381 0.00476420630534021 0
0.01035683040140201 0.003521851159035699 0
0.01081758468232713 0.006334374565635934 0
0.0106582120432677 0.003393995049661234 0
0.002715763324771039 0.006553325817668622 0
0.004138537868426431 0.006366264882123105 0
0.004198531579350201 0.006439829362881955 0
0.01408892469088644 8.059543776267998e-05 0
0.01514849391691182 0.003856153308004379 0
0.008159316382937005 0.002366038810035261 0
0.01557024368114442 9.040658516338814e-05 0
0.01396146083140304 0.001217390313052142 0
0.006465190907567146 0.00315079849634424 0
0.006491211150175077 0.003015816434548602 0
0.01047883555348244 0.00388470756403037 0
0.001159173300327936 0.0006250693149138634 0
7.311864955829306e-05 0.002848860512776186 0
0.00993365170915724 0.005765902716842538 0
0.005668012181580142 0.002057297398097027 0
0.01314743981223454 0.002969953073079161 0
0.01651288741138614 0.001742016213494982 0
0.01019500025207488 0.006637350974990389 0
0.003723520090228074 0.004085682229321949 0
0.002983873052454796 0.00328992354818249 0
0.009272373929028294 0.003694593083533909 0
0.007804100221990908 0.0034946649839688 0
0.008464372952716454 0.002618284691027277 0
0.01683250107958045 0.002303742210614613 0
0.01232339494808656 0.001269451728841403 0
0.007846387046324635 0.004105115306621531 0
0.0154857138896771 0.004898277868124478 0
0.0001737598811863885 0.004083082115713513 0
0.01561127495447605 0.005147733698061367 0
0.008008188818103919 0.002122538542089412 0
0.0006988712528152655 0.00364782479439932 0
0.007690316926091724 0.0008032731341284152 0
0.005695836518367123 0.002596461324529997 0
0.01505563752233135 0.0003595379410382088 0
0.01572979458325578 0.005399519844673827 0
0.01407702816979285 0.003107542071365099 0
0.01642683536411405 0.002637407113588562 0
0.004220730773873198 0.005371251598107108 0
0.01615907019430466 0.003001168490566065 0
0.01188578603238741 0.004747108288504278 0
0.01195577611081274 0.004661409437089014 0
0.004381256545505857 0.003219746719485207 0
0.01480348581551167 0.00378550856018973 0
0.009188723906112986 0.003583291984115521 0
0.001350865362102853 0.001468920918210699 0
0.0002509774789337376 0.003066129286987071 0
0.002956800760717561 0.003463091030967762 0
0.01625248786246468 0.003466263452699439 0
0.007697678016045765 0.00324443817521861 0
0.009518668675973764 0.006390557570237917 0
7.240194469327124e-05 0.002553939659763349 0
0.01073619930142833 0.003823341170780241 0
0.01632465736368958 0.00406788004544859 0
6.625317394802314e-05 0.00114840739896399 0
0.0160663685642261 0.006567104698168626 0
0.0006146107517415924 0.002015841915177929 0
0.002453595220151143 0.003577227578802398 0
0.002338151005831856 0.003779364853350117 0
0.002469438350329633 0.003893777717876615 0
0.006797423818310258 0.001486627015896512 0
0.0001600100658967919 0.002199120395827247 0
0.00506212596663685 0.002660785088228458 0
0.008586287423940979 0.002052967251262431 0
0.008645445969499801 0.002171598055121508 0
0.01041391631256394 0.005693920549920673 0
0.0006096989441441141 0.002669505353185011 0
0.008655242226234233 0.005342817106647029 0
0.01619529699120505 0.003154949603795374 0
0.01563991622430386 0.00188161994007088 0
0.01084928482302345 0.003240258993235969 0
0.01119517606834499 0.002846341289847672 0
0.008962010125662835 0.00326531341019473 0
0.003630349917029162 0.003537521417874016 0
0.01268984157350945 0.0007247047307326489 0
0.008427420388545931 0.004217664218711948 0
0.008498662118921323 0.004093990049186015 0
0.005958714625366485 0.001149447250114945 0
0.0005614320048238589 0.005186416720705295 0
0.008302551851499385 0.00155397253706275 0
0.009415459671608319 0.003219152772624307 0
0.0002484825586205035 0.003459712403143988 0
0.01649508459967928 0.00138111266472559 0
0.00340701045156196 0.004108030823694951 0
0.01297685224640351 0.000248745129256486 0
0.004024639925150245 0.006749382337473026 0
0.01112727865205334 0.002952900550289354 0
0.01000296931952106 0.003436718501565962 0
0.01169895500192399 0.005024151459428289 0
0.009467538957050327 0.003884676991298806 0
0.006322339841921663 0.001202396415966438 0
0.007451738612237021 0.003100046630380221 0
0.01491235082043558 0.004959595173023082 0
0.01484871220312392 0.004925009579924682 0
0.01304597349092044 0.003602616088414927 0
0.0001730448019886394 0.0002555689423106868 0
0.01503257775572276 0.0001610643864932643 0
0.0001621540531391193 0.00499800089960742 0
0.000835817646933858 0.002903225252044284 0
0.0009432310489840955 0.003166148758298426 0
0.009693242030910328 0.003532220675853827 0
0.01683080264858353 0.004784005417838886 0
7.963391851447364e-05 0.005734669521043683 0
0.005783136851206441 0.002200633375887428 0
0.001409540204533342 0.005918468969433036 0
0.004494431980968605 0.006026925714377997 0
0.005875409894046585 0.003371666537245341 0
0.009072437780665143 0.005725508964682568 0
0.009168549250196122 0.005715607892441067 0
0.008933668044297833 0.00582808578102466 0
0.01454883459583835 0.0001639784146086425 0
0.001756004095980105 0.006831066336911635 0
0.01003968177324873 0.006285170908440676 0
0.004554334335475653 0.005929350655541697 0
0.004165707997310002 0.006170533910784017 0
0.01191612581077406 0.00175360122390462 0
0.01192260601751243 0.001652297954910031 0
0.01395041323856026 0.0001594707974129331 0
0.008770757273738048 0.002397414227951699 0
0.008752916688824115 0.002322165665186753 0
0.005349783845284012 0.001812827379704976 0
0.009674493403109984 0.006619132101251949 0
0.006495428331732002 0.0003702060457246741 0
0.01050815930950289 0.00662845591213598 0
0.01641480648660307 0.0001565129911760489 0
0.01379856788565788 0.003518455037569193 0
0.01682810979296546 0.001087642204703862 0
0.003950720036184221 0.003388465922945608 0
0.003893411546618805 0.003504760534344846 0
0.01210162642468447 0.003749965796006687 0
0.0144014727997622 0.0008182858297681741 0
0.0006007733730816495 0.006830691811161703 0
0.007393943992451735 0.0004178472829576012 0
0.0009120160650081099 0.000725701198312995 0
0.01046279078943055 0.003468453195508838 0
0.01510065347729153 0.005128505179319697 0
0.01506136691148987 0.005203684480877462 0
0.00890425110525774 0.002465247094437883 0
0.01170016613665074 0.005129056010751854 0
0.01156486493336041 0.005178286300562285 0
0.009273162671993827 0.004713502412986745 0
0.01246269770015255 0.003916197348909007 0
0.01023127570089995 0.006700520437389305 0
0.006713314102786644 0.0007459779936051193 0
0.01092857514844356 0.00565527158077473 0
0.009343765488427774 0.005972207887143919 0
0.007063165457622884 0.003505044811815608 0
0.01174793531750724 0.001910112225956876 0
0.0126375641935774 0.0007900739379093935 0
0.009598937518325698 0.004199147337703694 0
0.01561707723706769 0.006044658497239133 0
0.01551351037437925 0.006014488014499672 0
0.01650220229016705 0.0009808715991236326 0
0.01416389470239737 0.004002901627915144 0
0.01110539141547273 0.005624006051442299 0
0.00799316416272013 0.004158310259067364 0
0.005253325935729055 0.005082240117732024 0
0.00189122786692599 0.002962663368171059 0
0.001250208741563593 0.001050992162175949 0
0.008545643148551064 0.005114832811772326 0
0.001261656148746816 0.0006395176185247562 0
0.005864379784704325 0.002638969061622089 0
0.0003431949475755491 0.0002996257179810374 0
0.00361353808699379 0.004263150683017651 0
0.003696969106123261 0.00686415200005855 0
0.01577344485349422 0.0005914976237120788 0
0.01644217550321613 0.006836672209578107 0
0.01070737681494703 0.003954421933451456 0
0.01036530175847359 0.006632622755904453 0
0.001830484304800739 0.005464149658801411 0
0.00344535519484456 0.006464638710201961 0
0.0134448444001918 0.0001760151903114167 0
0.008978119515546633 0.004666852380137846 0
0.01104980446580427 0.005955719058821616 0
0.01114232020725569 0.005965281245988656 0
0.005469567986229301 0.004743851395224022 0
0.007155522128472077 0.0004171974961527498 0
0.008279664993573903 0.003579851848377406 0
0.01684299764502731 0.004405314740214 0
0.01684050806714772 0.003405150198495015 0
0.009160297303208777 0.006136506691556926 0
0.007270340023286888 0.0003300628548933236 0
0.004514154512892139 0.00322690647021334 0
0.004525519958014277 0.003320659010410769 0
0.01512145692623552 0.00529668805522667 0
0.01513384424374314 0.005395935842884709 0
0.007256200474894071 0.003471911513586842 0
0.00802719081596282 0.00137276062232338 0
0.01359901041485006 0.002720096248473119 0
0.01524490113334615 0.005548583749932073 0
0.008492971957695782 0.00195697045526615 0
0.008494804514306079 0.001869965145020846 0
0.0001561509378484507 0.001399440251890006 0
0.001464592394745322 0.006840387758394906 0
0.01005706469938103 0.006766809117588011 0
0.001251283941921045 0.006863851348856781 0
0.007747871654534005 0.0008582875189625159 0
0.007840079364036346 0.0008600526568481809 0
0.0004538758644403919 0.001204564208018708 0
0.007151345005876359 0.0002735372968311377 0
0.01496514197800846 0.0003074129797507865 0
0.003885878945732241 0.004396418121719562 0
0.0002373691525377492 0.003828406688146793 0
0.002365134912401623 0.004290379625761531 0
0.006567244740778684 0.001794386457961418 0
0.0001509543161052288 0.005397792096020132 0
0.01675320311847752 6.556995838210775e-05 0
0.004616328328717508 0.005821078187790858 0
0.004768464901961163 0.004661977883379244 0
0.01467051845951468 0.0007636987710101521 0
0.0167389303435895 0.006371508860112252 0
0.006069173877906114 0.001450881906547944 0
0.002316486433678672 0.002993362649176842 0
0.001558455494669689 0.00115075001804051 0
6.416049434684878e-05 0.006242728216912088 0
0.0001622950579932645 0.001487207456973256 0
0.01473743652001363 0.0001546476694517826 0
0.01092479996738122 0.003280342447596999 0
0.01683540781428515 0.00508797805810062 0
0.011646448291244 0.002063185155958344 0
0.005361639964972317 0.004942087534418455 0
0.002189594700157914 0.002088652138191548 0
0.003906100136349964 0.006846702370158301 0
0.0007355486753020269 0.0001556831127553253 0
0.01308856560746812 0.0001518216861987297 0
0.007629944488213193 0.00384250982021777 0
0.01587844110362277 0.006262784728753346 0
0.001925420843136929 0.001635135780467605 0
0.005092847713442072 0.005361592440526069 0
0.00635197313193177 0.001014743665450756 0
0.002080959471907241 0.001910530193823848 0
0.002064170023469055 0.001992063918134676 0
0.01491232212762485 0.005099659803711822 0
0.004085257683335643 0.006246365771066574 0
0.01171446619300643 0.00204822828253971 0
0.01500977917444058 0.005258680627472242 0
0.004090874546328586 0.006720160008974458 0
0.01677216353671195 0.004467068823467573 0
0.01176445839661677 0.004955420901871532 0
0.01185922770437497 0.004854081641206423 0
0.00256962314915252 0.006728260198106958 0
0.001886033537197765 0.001585753054794669 0
0.005073385498637382 0.005417043470841802 0
0.0001549762105166001 0.001603348356802999 0
0.01139853843160326 0.003401268578763494 0
0.003777556361899428 0.00360942866068531 0
0.01013858421104902 0.006701228548982417 0
0.006774227022314122 0.003541291781492414 0
0.00212029165160074 0.001953157542605249 0
0.01488394686391554 0.005038894475705513 0
0.006479986504199653 0.002728380036083447 0
0.01651390995363683 0.005032939795339442 0
0.01528212663076524 0.005674948685954214 0
0.005381639097201171 0.004886036971866367 0
0.01160799227686278 0.00210800065587442 0
0.0138136792595801 0.0001714884324339346 0
0.001828341615481056 0.001473010691950128 0
0.01518516112782498 0.005511662422177019 0
0.01200436264834755 0.001477527828133659 0
0.00017811847609891 0.001246992063364128 0
0.01542075255000612 0.0001576975885209391 0
0.01637588847111397 0.001928226701507968 0
0.01226820451342052 0.001332915152543009 0
0.007397331097899917 0.003767896369355778 0
0.005243987317355476 0.004986823067903039 0
0.01682956260657285 0.00270685583318979 0
0.01485611848922971 0.003055431371964496 0
0.002262028937026468 0.002223569719616415 0
0.01153840855134611 0.002217180341897048 0
0.01692232102705539 0.006155767507895248 0
0.0006146629808875207 0.005824053793471803 0
0.001862242189722157 0.002791525128980276 0
0.007920146462369578 0.004099941673508019 0
0.01684344616535251 0.000588518262828075 0
0.005874176872549074 0.001979186283808888 0
0.01552670259482088 0.005777756848914408 0
0.01545748192294864 0.005853354896230949 0
0.01542166736780416 0.005768599144799619 0
0.01538493337791785 0.005832289399136967 0
0.009328705129796699 0.002991185965698842 0
0.003403826624164314 0.006569692567306317 0
0.01206323956761926 0.004572294202153412 0
0.00660507866432323 0.0003003813398133326 0
0.01039017369804146 0.00670097307852186 0
0.009788622503590643 0.006702467476571502 0
0.01202783842430899 0.001423899347426053 0
0.001408039073672488 0.0008426842411969619 0
0.01558625286564539 0.006143579321643373 0
0.01523004397563879 0.0001553519795971601 0
0.0001625418767371122 0.003004645789477279 0
0.000165844031777964 0.002912373522443087 0
0.01613713505705217 0.0003124487611839057 0
0.01021126797875456 0.006368345249757606 0
0.008023423573329511 0.003531059925666728 0
0.01684379533724163 0.002589770632107393 0
0.01086578218799673 0.005145808678315733 0
0.0168495085314518 0.001003755722992926 0
0.002693637092781936 0.006929306578337142 0
0.00017083032843241 0.001046131860435798 0
0.00218136499159789 0.002183051504802809 0
0.0007519258380589977 0.002620480745730654 0
0.008582420143232 0.001985716369018741 0
0.0117775947800605 0.005022530648192238 0
0.005158010292434502 0.002079321231482383 0
0.005177134227760647 0.0021495634850515 0
0.006728587917456702 0.0002523934518488141 0
0.00806765164275541 0.002485477917756541 0
0.002884768540895607 0.00353151213045042 0
0.0162728094824873 0.0009145708395380831 0
0.008427837298555207 0.005073832612312604 0
0.005274380950693977 0.001932223324643747 0
0.008595821878150965 0.005325472219305155 0
0.008500776269293039 0.005176527803369363 0
0.01674502238609666 0.0034809833505228 0
0.01209726718087139 0.001318339099235483 0
0.004904207273972179 0.005682781569213674 0
0.011506507591274 0.005439851607905493 0
0.008426020818096906 0.001735211580005545 0
0.01160286924105718 0.005260229196198507 0
0.006828448124118804 0.0003357144783645814 0
0.006940269270819983 0.000249235169884282 0
0.00670856510014177 0.003558299281451894 0
0.01498188855216663 0.005202650226268842 0
0.002315432517203489 0.002267156614750332 0
0.008405620965755315 0.005018842453125366 0
0.004652086882319672 0.003150773434813271 0
0.008700190987467661 0.002126343115733418 0
0.01479626950947955 0.001105922060089694 0
0.005438477482370918 0.001628803930262735 0
0.01156816361264912 0.005320484827511617 0
0.001624903628158572 0.001167500914883117 0
0.001521635148644564 0.001021118797566755 0
0.01439640390170003 0.004202734235406506 0
0.01450690967322366 0.004213277456564801 0
0.01444641561290185 0.00430471163042608 0
0.01430918887544774 0.004201381084079924 0
0.004594210759955648 0.003584900195238948 0
0.01097263585246095 0.005954780143579338 0
0.003295617581655623 0.006933323940537171 0
0.004814154801552206 0.002682131550392426 0
0.004743487942681424 0.002716414723590305 0
0.0050705207016389 0.002238786798662242 0
0.008712785034373074 0.00548049543035007 0
0.005511725759969637 0.001524831058741934 0
0.0005932749637663701 0.004965151789831677 0
0.002384364633586942 0.002471571354262529 0
0.002481518461481582 0.002531330574088028 0
0.008884311986547402 0.003350532552311418 0
0.0001622598690060231 0.0005178139393555137 0
0.003030395652997133 0.005795846316800974 0
0.01091050226263406 0.005528589779428095 0
0.001585523077094198 0.00225376499638388 0
0.005057620257557823 0.005301501543954165 0
0.004842295821094828 0.005784005667634954 0
0.01215598511490915 0.001217788484003521 0
0.01661900524123007 0.003071448712691112 0
0.008819695273196201 0.002288450872644471 0
0.01502907654930606 0.002904441062438121 0
0.006114912151019545 0.0008368913091008723 0
0.006019954015159893 0.0008225204569453984 0
0.01659027227650996 0.0001652008025018852 0
0.008718979022502484 0.002184624528111904 0
0.003542445937169269 0.003531150862801372 0
6.372456496709679e-05 0.003648540656713368 0
0.01683563679839949 0.00550444624804344 0
0.007807927582248428 0.001302829364856704 0
0.01439413083762838 0.000227275819053979 0
0.003601769306414183 0.006860324303242448 0
0.00167149959201112 0.002732571593624393 0
0.00824717094728032 0.001425743970373221 0
0.002590943934864452 0.002664308771638731 0
0.01098272576319506 0.006174511907548158 0
0.01684576072607859 0.0003012613672031864 0
0.005656872584468129 0.004490832917723374 0
0.01134312557604323 0.002509165744028641 0
0.005220785203558122 0.001974668498419648 0
0.01458580826745614 0.003384484289199101 0
0.004662674760335946 0.002876034622864871 0
0.01085651608452955 0.00608990291817688 0
0.01089491177412964 0.006172444429827759 0
0.0004535170562207074 0.001326270939839628 0
0.00878537649511643 0.002549342086433388 0
0.008364351951314762 0.001699513279286496 0
0.009652788092015962 0.005282795227346167 0
0.01427748823900061 0.001836085231432448 0
0.005551639288240544 0.001479155664832043 0
0.01629827951686398 0.002578168002749574 0
0.01683832566781487 0.005710536308783149 0
0.008202804298044071 0.00473079967416134 0
0.01344030988069043 0.00339578066436159 0
0.009236978855563622 0.006129332694851004 0
0.01124266772038101 0.004884474439698092 0
0.00985597265490399 0.005274400544407276 0
0.001948767250276698 0.006032405786364962 0
0.01634575658205653 0.00682073382297629 0
0.01216720742194658 0.004444453693322513 0
0.0162251425545182 0.004304039660096253 0
0.001420435435631199 0.002100062002952321 0
0.008183194093284421 0.001328554508696238 0
0.01221880132238494 0.001119132572455438 0
0.004779949101268654 0.005882430753782229 0
0.01328451221868903 0.002755911400524699 0
0.01147339687630409 0.005156177288900082 0
0.01564381099749917 0.0001636627012815612 0
0.005438183940238275 0.001784525663549912 0
0.003254421318959789 0.003487579140881858 0
6.31209712657517e-05 0.003848460692697663 0
0.0002710928095097792 0.0006704092107758012 0
0.01006719497505259 0.005584684779843538 0
0.006619840708534252 0.003497468228984162 0
0.002142995996988879 0.003799705717235329 0
0.01238098700398035 0.003392445738506501 0
0.005616761601339262 0.001389870918927647 0
0.002344301249133319 0.006508551428168897 0
0.013228701937173 0.0001042864656096067 0
0.003772646600631507 0.00689304410496101 0
0.0006068511808013672 9.722018863305825e-05 0
0.01638757319371401 0.006895893784149919 0
6.668823243953168e-05 0.005348513157971076 0
0.0001600924661958689 0.003085020000696207 0
0.01576998723150064 6.549110147911546e-05 0
0.004892923889523956 0.005260240615682314 0
0.005121929543768347 0.002122074729000164 0
0.005233032648910401 0.002088783325436337 0
0.005720123824173584 0.004398662265110224 0
0.01127764953553795 0.00260065110211293 0
0.008636081919051145 0.002026077321837894 0
0.004229501453772594 0.004041285090843164 0
0.0007322789343095337 0.00571620438147882 0
0.01446467199336826 0.002693114062298061 0
0.01291504917027433 0.002861431736031192 0
0.001606663139716006 0.001116061320074399 0
0.01211489079968714 0.002219606263259732 0
0.006174659911715899 0.0006412806661310962 0
0.007258984664610425 0.0008734424282610801 0
0.004863116444407701 0.002509517835561354 0
0.002686699447314274 0.002888807678948215 0
0.008118873218660208 0.001234215535587117 0
0.01693906912338149 0.002454922899811255 0
0.01685150223661856 0.003603240740023618 0
0.0001873301559475651 0.003905665986850167 0
0.01311964391583918 0.0002149552828157211 0
0.01582475334678343 0.006476560752230829 0
0.009626306789596641 0.006492622106388618 0
0.008603574394015217 0.00280788596253257 0
0.01529592829799501 0.004500390413137384 0
0.005897461957589259 0.003532635831288647 0
0.01293598048531905 0.003549814553182497 0
0.01228343446880802 0.001022335511126855 0
0.004716138657900841 0.005978812327960069 0
0.0001715801355941359 0.002464959651075181 0
0.01624794042048788 0.001261621367911842 0
0.0001561237167894396 0.0007862489131051057 0
0.005673199383262375 0.001279912106011588 0
0.006465736917834849 0.003551105237438739 0
0.01684597120478424 0.001605956042858173 0
0.005716665423038215 0.004272673670344077 0
0.00577852733085156 0.004286955034451753 0
0.005778998100864347 0.004212856804591975 0
0.01333542729802018 5.92681037611723e-05 0
0.003662707626937664 0.006936514367126974 0
0.01590049004044868 0.002577449527919388 0
0.01573491087609513 0.002710113820035365 0
0.008577558500807334 0.002223093281544518 0
0.01516073903277635 0.0004008638961557043 0
0.01523326781266581 0.0004634324013693975 0
0.01225641551905927 0.00405527958815425 0
0.005409921098317895 0.00166603890986807 0
0.003570906843120922 0.0064843932119943 0
0.001695514182787639 0.002456036146022739 0
0.006370753577715167 0.003598303105416741 0
0.009336819283919147 0.003132702194229181 0
0.01519959308160011 0.005577119117118477 0
0.002182547803399527 0.002963264488674303 0
0.002342876815472053 0.003110710617896366 0
0.0107304865493304 0.003436912198701046 0
0.006011785768476575 0.003335387665732413 0
0.0009767395747119403 0.0008047815943440909 0
0.01033181017045585 0.004070471039387414 0
0.009135488120374817 0.004586182107237533 0
0.005518937853845163 0.002814417604568627 0
0.0001573992443135268 0.003400101473107008 0
0.004801150367264504 0.00261013900608821 0
0.007540885792017218 0.0007775626064557184 0
0.01121339746335592 0.002697235470167045 0
0.0002526438420170952 0.0002830159331792368 0
0.008052930594358867 0.001142335699172616 0
0.003205515257973495 0.003406288177884815 0
0.004054060754254884 0.003521461232385366 0
0.001304522003651391 0.006805256951859556 0
0.003223527039798012 0.006384986359969387 0
0.01365302732826639 0.003530145937972165 0
0.000165644694094854 0.006629271405936853 0
0.01091639291887027 0.004721702544499043 0
0.001332368525323426 0.001049465859620657 0
0.01036069468368758 0.004222452242801847 0
0.006787804927792664 0.0002587467399909212 0
0.01020749723552626 0.00676666923660821 0
0.001241531280168699 0.006930813878931746 0
0.001110219794374073 0.006925950591646707 0
0.0002620081340973367 0.006926564528943396 0
0.01207230723751159 0.00163375965944762 0
0.01198457412758358 0.00160545746313715 0
0.001968456111027041 0.001835445801568883 0
0.01588184893146881 0.005968329656254007 0
0.01324368709481766 0.0007446160149434176 0
0.005738374712911225 0.001190909274076228 0
0.008411523396836566 0.001669480919797655 0
0.008996075729485558 0.002553839584282591 0
0.0140674776345344 0.003703578330415118 0
0.01488702046439804 0.0003771790486748368 0
0.01255785635521647 0.003209149652891014 0
0.009486596528228201 0.006088656214441377 0
0.004653777940991049 0.006073921738013644 0
0.01234706992870223 0.0009268083532011921 0
0.01360049328145041 0.002884057153130776 0
0.01149510148898113 0.005352230847032445 0
0.01652370263641133 0.0007699503598175973 0
0.005995047063855974 0.001545048994837053 0
0.00457556513959061 0.005737634884062218 0
0.00842614265491618 0.001823563757397152 0
0.01388970523674531 0.00366011097336231 0
0.0003675787159153291 0.004036532842202263 0
0.01519952344785522 0.005419927287776578 0
0.0168355497644932 0.003780894741815359 0
0.01220543661644069 0.004410112766310527 0
0.004791713931827028 0.005575581660930071 0
0.00480717061391807 0.005491963802622933 0
0.007534481340360087 0.00375789472536603 0
0.01410617522654652 0.003522456730724841 0
0.0006992799545140951 0.005580419771209624 0
0.001625536277754728 0.001291452701156809 0
0.01225978142967263 0.004305194933655357 0
0.01293308485375389 0.0005128235143970227 0
0.01440882431087625 0.004355620076054732 0
0.009010213838904829 0.005948132852596576 0
0.007989774627719904 0.001052013888121764 0
0.01683417612580261 0.002386325662896915 0
0.0006942560460210037 0.002246816821549375 0
0.01175848485467944 0.002210823168032394 0
0.0164146232937765 0.002207793130273795 0
0.004430565849878448 0.006116468542622461 0
0.0001777443079090026 0.005974711166139141 0
0.01684693210251392 0.001994223554236343 0
7.321186854587595e-05 7.320116182507694e-05 0
0.007776580812949753 0.004126775684781927 0
0.01617097881744279 0.004005547054600226 0
0.006632033123145467 0.0003625798000426441 0
0.01331344635648082 0.003468062265369325 0
0.002603740217096159 0.004355332776411916 0
0.01650501264102032 0.006770025956662483 0
0.01585491358055097 0.005834650958652519 0
0.003717817414007652 0.003533412492630505 0
0.009012327792222061 0.005504089500612408 0
0.006805072493852597 0.003466520359022249 0
0.01273038991489152 0.001791994480765668 0
0.005801406355638554 0.001096408119855686 0
0.006890130851489267 0.001682837625421217 0
0.01570995501164744 0.006343295893914769 0
0.004726132289094543 0.002793507926256002 0
0.009061333343915377 0.002642284003816209 0
0.00562994637654321 0.001473963161794081 0
0.005132224185361795 0.00256750466229678 0
0.01514352983509743 0.005055058907936314 0
0.01290256899603806 0.001628755450614686 0
0.000509481919636505 0.006022111864217087 0
0.0001528565855684252 0.002004649315467912 0
0.0001479970794962884 0.004386302961623107 0
0.005890964407574402 0.001224607688485156 0
0.01683631862629906 0.003928713636112865 0
0.01478359457121188 0.004903454459221167 0
0.0133920708548562 0.00346919981128424 0
0.0001557323904548703 0.005659097658596178 0
0.004174781596084444 0.006516833991016005 0
0.004589506086039328 0.006165399689329341 0
0.0124107797765832 0.0008357549316255178 0
0.01182182751565746 0.001746717670202292 0
0.01171794082187254 0.004064266767661828 0
0.008830598287597165 0.002456263359894678 0
0.005348901255575154 0.004317057702600121 0
0.001096838914164505 0.0005554810810919149 0
0.003121840670799381 0.003245691335545941 0
0.009071223904479139 0.006037570294914543 0
0.007924959666832728 0.0009647671489006319 0
0.01124155467326326 0.005559037094507906 0
0.0008609329650684713 0.0006294096257768033 0
0.006364983105675005 0.0004621705099419082 0
0.01347090372682073 0.0006398393791076178 0
0.01155341720408709 0.004502524730655721 0
0.01692821064883623 0.006928221924535509 0
0.005169329604964443 0.002340951042620595 0
0.002023486268755686 0.001776764649401113 0
0.00602796147041453 0.003730610325861017 0
0.008571641517164493 0.005197120273523492 0
0.0003268063569804146 0.006039596446078361 0
0.001697029883894213 0.001264594246182074 0
0.00431976560766051 0.006110449625635527 0
0.01330596022493179 0.0001277369104006596 0
0.007121837316025672 0.002909605740240143 0
0.01693162304385024 6.841974740012715e-05 0
0.01438230959972941 0.004319973188660097 0
0.0001701175898735693 0.0006111898356149122 0
0.005614262642588764 0.003772554184388369 0
0.01667384257643265 0.000955581244632187 0
0.007211956035515273 0.001411845534685883 0
0.008004892131644861 0.001749602958072904 0
0.01507142758511716 0.005379169380468319 0
0.0099661488185179 0.003486991656941711 0
0.01406995221998303 0.002612804040004783 0
0.002419339803769126 0.002397175750970764 0
0.01274491084388705 0.0006578142769687232 0
0.01693855512804835 0.0007527276828486955 0
0.01665584762206584 0.005243796009978945 0
0.007779554594540469 0.004036828852650823 0
0.01551399194009865 0.00461494664147717 0
0.005004537214076896 0.00551667805190068 0
0.0130824432732399 0.00335962331935939 0
0.01004478671800143 0.003587954886798515 0
0.0002982495725046639 0.0001446540897565309 0
0.009126726909445656 0.002727639299189932 0
0.00586586364721662 0.0010073389561868 0
0.0001460603711048516 0.004695555708242651 0
0.0001460726321801907 0.002299172526430661 0
0.0001647101184519446 0.005172143609439918 0
0.01197114667193184 0.004729124066227676 0
0.007969598923740939 0.002258977266786794 0
0.002986835882792324 0.003134804133481812 0
0.004479344320433796 0.005745068127136831 0
0.001041580366830218 0.006837699358240157 0
0.005300505538570692 0.005040862623395126 0
0.01170809424083232 0.001970912375382805 0
0.01363177058918146 0.0006365727271977245 0
0.002614079643004552 0.006582108767353774 0
0.012009684574961 0.004687136116111549 0
0.0008218277125492009 0.005466248066233361 0
0.01439134284989161 6.298930989378582e-05 0
0.009342454679285862 0.003970205543172517 0
0.01648703921272935 0.005884068281488068 0
0.001635352940894268 0.005859563887436938 0
0.007485354848135334 0.002844502842722528 0
0.01627687960212375 0.006858776790657113 0
0.009044227615507685 0.00556925143249083 0
0.008900146732437563 0.005006580321877587 0
0.002407365528928763 0.002659024586700286 0
0.00237112675361683 0.002711804597234079 0
0.0027096443268071 0.002817396541859101 0
0.01247660840154235 0.000748398309985653 0
0.004525797740580878 0.006254239065774363 0
0.007401419478216884 0.003545175668630763 0
0.0168469658002638 0.005793421399316441 0
0.01615757403289572 0.003724663267364207 0
0.01216630003655533 0.001429844697617793 0
0.0162806127994251 0.002019943973993215 0
0.001984170779863527 0.002013686014014302 0
0.0003628987561349641 0.004477916432532965 0
0.01537875568641791 0.00388616331595179 0
0.002487988792744629 0.002647649934934105 0
0.01373632879442995 0.003565561651227196 0
0.01500217161669359 0.005125398741549084 0
0.004719684983019626 0.004832264942941281 0
0.01115415788723702 0.005547245717995724 0
0.004275256020987329 0.006426836042186775 0
0.01191319432848213 0.00158880821944384 0
0.008568745207783314 0.003968326269616616 0
0.01068127141887036 0.005089476890127176 0
0.0120403566509344 0.001544089794489892 0
0.003960890801873672 0.005423647043242795 0
0.003002037957685524 0.003995698474581659 0
0.01448489477841881 0.00445668852166633 0
0.005900426225881326 0.004032963393479722 0
0.01260712850390019 0.0005804432993790662 0
0.004393430915714177 0.006419325105351455 0
0.00139892105624686 0.0009110514646080811 0
0.007295214090673329 0.00340355502489916 0
0.0005181501102729611 0.00165163000840444 0
0.01496323296598778 0.003788774635349628 0
0.01136191675933734 0.004444400635022685 0
0.006202457985430412 0.0008424494085539861 0
0.01462786440036937 0.004639847805320061 0
0.001574190493831708 0.002591109587406667 0
0.01221628046710147 0.00372918054881198 0
0.01368080284982411 0.0001615594114809842 0
0.007545300532038141 0.001349522180210702 0
0.0003728289830346402 0.003463326810181066 0
0.004910138328895853 0.002799035927954627 0
0.009191846821521212 0.002811001469336809 0
0.01529937656220826 0.005730259784481374 0
0.005931533303577955 0.0009221769071683975 0
0.01106841573487201 0.006078479043508072 0
0.005804490016186387 0.001359144591046831 0
0.01197622782615797 0.002570745770381638 0
0.01685366669568746 0.006202032274133676 0
0.01383911169383787 0.0003826003995467454 0
0.01402710759962259 0.003762392151786913 0
0.01574313375365489 0.00638134374761571 0
0.0001555053968548947 0.003484213350324515 0
0.01240867151269711 0.002089538161217904 0
0.000382746490866703 0.0030564545792505 0
0.002752766169754005 0.0064420457960188 0
0.005309174282333625 0.003104754200310187 0
0.006490234607199559 0.001034940482049052 0
0.01452568906241543 0.004120443120914867 0
0.01500379562366711 0.004793009661831923 0
0.009238313901253662 0.006239217424128564 0
0.007759315206161749 0.0007745265584485923 0
0.01097730433216773 0.003135861057032838 0
0.01272821429555408 0.003042669273781561 0
0.009642361589163751 0.003598568804241245 0
0.01683717081315356 0.006598170086156171 0
0.005719255281575157 0.001491335060350186 0
0.006113069476019294 0.003758789082254411 0
0.01277721773053442 0.003767081934410533 0
0.0146066017240373 0.004250306847981309 0
0.000986638018405075 0.006514906675843277 0
0.01674087663108326 0.003319748942595288 0
0.001526694486577978 0.004314413399305004 0
0.01628593722111289 0.002168475005982078 0
0.0009705472717974097 0.005503893616249364 0
0.01614940162779592 0.006683281726503596 0
0.01483787337434594 0.004840934976750783 0
0.01597173242588999 0.002952281114726751 0
0.008295473692101669 0.004884484736566418 0
0.01486593409474341 0.004522821755685492 0
0.01260161985624568 0.001257712501193284 0
0.01135561270774742 0.005468025584137663 0
0.01582314327302591 0.005279575876592122 0
0.01611144034845463 0.001224902755116357 0
0.01178807374534546 0.002643007433716953 0
0.01191830931800897 0.004816406278524045 0
0.01607099247696911 0.000390181108350558 0
0.01381731540382835 0.003448244668360319 0
0.01253865104442675 0.0006616827627218967 0
0.004460755044786806 0.00633788203210525 0
0.003327499224849292 0.003368349604186256 0
0.01545482113941172 0.005980913615652948 0
0.01357832025174751 0.0001560167608649935 0
0.01255207704496508 0.0009101247655901677 0
0.0007725250099862909 0.003787066275287367 0
0.0004997871140536691 0.004170454730195179 0
0.002465503487388289 0.006843893389536572 0
0.01089495401500501 0.006296487572000428 0
0.009583965815698241 0.003325706771004807 0
0.002055580579021232 0.006641379817327413 0
0.004922596004912457 0.004432170038168504 0
0.01316846541877858 0.003395857591010285 0
0.005169117171845868 0.002488196508957015 0
0.006761702962946071 0.001845490339077062 0
0.01581133080720861 0.002891805872422697 0
0.007689292750164769 0.003921353434785698 0
0.008521247835045754 0.005229689385211447 0
0.01681520952354536 0.0008308616271375502 0
0.008499605169600114 0.004858713815593422 0
0.005207786370731122 0.004889451140047407 0
0.008556389080094122 0.002699591371337053 0
0.006903086487812074 0.002872165740052014 0
0.007678236233202502 0.001032793703634001 0
0.000279308987849957 0.003737288570267268 0
0.01535097637962658 0.001480069160166422 0
0.01068783948394056 0.004927151818234655 0
0.008335192099195332 0.004813594014518314 0
0.001381756850727132 0.006847862232167938 0
5.516607423233788e-05 0.002648940476791891 0
0.004927104370665208 0.002421272053310299 0
0.00809790969630696 0.004600504443896401 0
6.638688235818466e-05 0.00693368045967088 0
0.007232192605835479 0.001948275720986224 0
0.008353940101848588 0.001547672606832648 0
0.002101722082799205 0.002058019411895225 0
0.001936665754636639 0.00207133280093886 0
0.01181560105330779 0.00498157395168221 0
0.007596597236190887 0.0008305007860233411 0
0.006873840514711942 0.0004137732413358672 0
0.01539747891419291 0.0005835425692324301 0
0.0001608091267192961 0.001852127467614443 0
0.0168389507863741 0.005223567609888956 0
0.0123405852353971 0.001353996991376152 0
0.005867997887353587 0.001752366046749096 0
0.008889442985623523 0.002980742705362734 0
0.008731337836243707 0.005421307696001421 0
0.01055392269791417 0.006503543689767317 0
0.01452247662684534 0.004385799196257893 0
0.01631082009951532 0.004947244679358362 0
0.01685059468571978 0.003695829897420328 0
0.01539143184223116 0.005886268331408378 0
0.01210884874357096 0.004539762271477107 0
0.008142285997033301 0.002618528629811565 0
0.01634687039908837 0.005690282400058208 0
0.01674906213752214 0.004168020863213119 0
0.004685554729674699 0.003798088710532771 0
0.00974154707693642 0.006591262413867347 0
0.005429653057121577 0.001948837746562605 0
0.01612712943772655 0.003487128865447279 0
0.01685630324521601 0.0003997778244028329 0
6.597929228382288e-05 0.006443095989326844 0
0.003661380382386593 0.005902750707699262 0
0.001503331870154129 0.000968143458355619 0
0.01022360269940088 0.004510576964202297 0
0.006129341626851251 0.003316105281604318 0
0.01549956207630357 0.005930757087630053 0
0.005131044680574677 0.00240802636840444 0
0.0156130245519175 0.004880990555255965 0
0.00563199627734585 0.001636062001570083 0
0.01624071147197221 0.000363668281234018 0
0.0006328731516779887 0.0002317434790446815 0
0.008617201720712205 0.005378264886035323 0
0.01311557573812987 0.001165162983737825 0
0.01684667815427245 0.004889324409901179 0
0.01669703135671936 0.003576226016151787 0
0.008889705680475046 0.002411813562354323 0
0.002606978129668803 0.006944031500941035 0
0.01437202447198352 0.003866575220361126 0
0.0006954804213342262 0.005208210716216924 0
0.008805494354145663 0.00552291257551347 0
0.01567917455984131 0.005031788518046675 0
0.0166754810956701 0.003405208186441739 0
0.01683850346782037 0.005940930879267859 0
0.004690067508314561 0.002738999420849174 0
0.01668634891017434 0.005757017421067268 0
0.004127760195974994 0.00419928885676446 0
0.01528367957542696 0.005298614486045305 0
0.001699680953319638 0.006756778930916231 0
0.005592601337274366 0.004582762640801799 0
0.01140739856887417 0.002417237290920242 0
0.0001482743197098683 0.006394508784959596 0
0.01282374471587385 0.0005979505999892101 0
0.01417800220732992 0.001201850197362258 0
0.01366807513485903 0.0005200288106235068 0
0.003200555319361665 0.003569912961792428 0
0.005968813121263069 0.002504125507316886 0
0.0001479974618542913 0.001313596900488686 0
0.003838950203921812 0.003679576810808717 0
0.01331509472229197 0.0006248648103880515 0
0.01684725538044807 0.004490040047335522 0
0.01653516055312225 0.00302356445869405 0
0.001054690423339419 0.004386824004322417 0
0.01259557566496377 0.0009813878520448815 0
0.01073056781119269 0.006332289766446028 0
0.0006579041008956277 0.006753036324877513 0
0.002441798765609172 0.004066307051373796 0
0.005826463212701772 0.004259742455466908 0
0.004614792783676874 0.002969069935437736 0
0.008747799201961611 0.002641569755563636 0
0.004892887329814853 0.002716943970107776 0
0.001088957072529823 0.0009782898529778574 0
0.007219461734582646 0.0003802052946690537 0
0.0001576890874143578 0.003224441663085321 0
0.01198900659414546 0.00241599312559144 0
0.01058417573621754 0.003970932168077436 0
0.01669939707659908 0.00686031692872899 0
0.01376628274077332 0.00265836180175263 0
0.005200484649556995 0.00409910951109988 0
0.01587274686773708 0.003228337222317186 0
0.007615920352746896 0.003319421083330163 0
0.01677068303538716 0.003641940367098668 0
0.01141659703473136 0.002724118710649198 0
0.006960093674326116 0.001891482620152416 0
0.002627954505793988 0.003830874412108753 0
0.00848096341286594 0.004327016995987996 0
0.002832151170308476 0.003354561272681919 0
0.009044656230524218 0.005417423538741227 0
0.005242675158245356 0.002338494334523902 0
0.005693952370277382 0.004182501103851729 0
0.000144293439026567 0.006702517838047274 0
0.008545878945965245 0.002298007971300415 0
0.01487479533619041 0.003613608913236892 0
0.01266553560680288 0.003725875417124304 0
0.0002330446532935564 0.002788982857092315 0
0.00408386398132007 0.003596798502893313 0
0.01671111948615078 0.004529081186453469 0
0.01581299250430503 0.0007006479878007349 0
0.009808084115823712 0.003442440458906521 0
0.002684268809413706 0.002771416483941796 0
0.006046234528793515 0.001723573030839306 0
0.01078477961705719 0.003276756822143431 0
0.0001522212569346378 0.001704691579914686 0
0.0002946220963186263 0.00686035688320837 0
0.01566516839553759 0.005964421766970435 0
0.01277036555921122 0.0007426357380610916 0
5.432058196382615e-05 0.006047676189933552 0
0.0007509413169930271 0.006607087628966044 0
0.0111842293695013 0.002993361702285777 0
0.009559812497483031 0.006457534209993392 0
0.00539166970808355 0.002957116025852618 0
0.01501169433177908 0.003934537921528917 0
0.001359659095417669 0.001709813383820706 0
0.01176671205979916 0.004876413109099127 0
0.007759875661111571 0.001143107478459154 0
0.008304589702834172 0.004571954996538525 0
0.00694140276382493 0.00337585283726148 0
0.01081005072829212 0.004855581639118276 0
0.01091795751153398 0.003184783957318799 0
0.009547632643627055 0.006233905634638109 0
0.003263093915954578 0.004089077286239499 0
0.01027607280627416 0.006262258011187712 0
0.00896701761953967 0.004801487895873055 0
0.004155500357979936 0.00336742052149204 0
0.007130377471586578 0.0004827331152639862 0
0.01638413356008172 0.001603043512848793 0
0.01489623017627861 0.002710409063238533 0
0.009312773376597997 0.00306222110334636 0
0.01079973327503109 0.004058217865022678 0
0.01566313615849009 0.0002638593153237701 0
0.0005633904559381453 0.006112735432808204 0
0.01557165586406331 0.005705690083686111 0
0.01209232271031144 0.004436095619166272 0
0.006620657065009196 0.002995258027820513 0
0.0007410451283964411 0.002508897423446677 0
0.01336048951263222 0.0002905082493046929 0
0.01178477257293373 0.002896016941068356 0
0.0001452876454015248 0.0004129012481075577 0
0.01553856688690791 0.006133117038897623 0
0.001449061303013518 0.0008758763626689121 0
0.01037186397924207 0.00360942695909545 0
0.005584237380122763 0.002681360432940581 0
0.01572905924344194 0.0001300658380216785 0
0.003215664138278336 0.003958718506546112 0
0.0007822784214690046 0.0002668275862226614 0
0.01548115079887004 0.004022056743781552 0
0.002110606069231836 0.002219439046660248 0
0.001008886732299084 0.004087818148054799 0
0.01543044673161553 0.004458893422866875 0
0.009057309120233557 0.003593804385789666 0
0.01156620496443932 0.005043001072204285 0
0.01128155711961763 0.002687811495134412 0
0.01233164915028397 0.004160998288120351 0
0.01237050262599585 0.004194687902104651 0
0.005991992756196367 0.003555124296205103 0
0.005387032314989732 0.004761986024349596 0
0.003125579531211128 0.006843554898148668 0
0.008507870202517448 0.00181778303960418 0
0.01549406882262699 0.0001522716712313555 0
0.01237345754609968 0.003924413468461196 0
0.002527827218305474 0.006550479396817552 0
0.004677605007592211 0.003259637909017216 0
0.01676413349480948 0.00379190808001326 0
0.01348965320289898 0.003306605904446268 0
0.003414758042345004 0.003688377801678853 0
0.01161370806624271 0.002401097676755829 0
0.01107064799225185 0.00300343192651143 0
0.002060159029052445 0.002927294625462447 0
0.01309810969469111 0.003518778623980926 0
0.01665222185389544 0.006370861111718626 0
0.008346807355496012 0.001947897725705067 0
0.004751495632478956 0.005342477372682224 0
0.009911963099131491 0.004255830174690492 0
0.005677728678712531 0.004085911390396419 0
0.01539449437420477 0.0002279412140747828 0
0.01684321769270098 0.005019427245883622 0
0.00125127300578342 0.0016720592416993 0
0.004290909570651591 0.006019837458723283 0
0.002921887744089185 0.003367828767702501 0
0.0075796930905794 0.0009229078220721635 0
0.005594097622695484 0.004296502205184176 0
0.01467263235891574 0.002677190271487755 0
0.005773261068864435 0.002088578209110001 0
0.0005488048022851931 0.001543598433627942 0
0.009498360972866472 0.005993420793326133 0
0.008037614539288659 0.002347789793109549 0
0.01026602434384501 0.006757298770303122 0
0.01671184671916115 0.004015321963559134 0
0.0005411315335066141 0.001171191158525832 0
0.006397245010284463 0.0006616036914242705 0
0.007680830742628008 0.003128920383183619 0
0.005178656854531028 0.005270259452924194 0
0.009571796341069666 0.006142312814472986 0
0.01416570356394837 0.003454274857667922 0
0.0140230151677113 0.0001528306734585663 0
0.01677675183619411 0.005541303202751074 0
0.005757898121656297 0.004067159554554337 0
0.01678095010213759 0.00245494106234196 0
0.01095859349491735 0.003829401073808109 0
$EndNodes
$Elements
407 9768 1 9768
1 1 1 4
1 1 407 
2 407 408 
3 408 409 
4 409 2 
1 2 1 1
5 2 3 
1 3 1 1
6 3 4 
1 4 1 1
7 4 5 
1 5 1 1
8 5 6 
1 6 1 1
9 6 7 
1 7 1 1
10 7 8 
1 8 1 1
11 8 9 
1 9 1 1
12 9 10 
1 10 1 1
13 10 11 
1 11 1 1
14 11 12 
1 12 1 1
15 12 13 
1 13 1 1
16 13 14 
1 14 1 1
17 14 15 
1 15 1 2
18 15 410 
19 410 16 
1 16 1 2
20 16 411 
21 411 17 
1 17 1 2
22 17 412 
23 412 18 
1 18 1 2
24 18 413 
25 413 19 
1 19 1 2
26 19 414 
27 414 20 
1 20 1 2
28 20 415 
29 415 21 
1 21 1 2
30 21 416 
31 416 22 
1 22 1 2
32 22 417 
33 417 23 
1 23 1 2
34 23 418 
35 418 24 
1 24 1 2
36 24 419 
37 419 25 
1 25 1 2
38 25 420 
39 420 26 
1 26 1 2
40 26 421 
41 421 27 
1 27 1 2
42 27 422 
43 422 28 
1 28 1 2
44 28 423 
45 423 29 
1 29 1 2
46 29 424 
47 424 30 
1 30 1 2
48 30 425 
49 425 31 
1 31 1 2
50 31 426 
51 426 32 
1 32 1 2
52 32 427 
53 427 33 
1 33 1 2
54 33 428 
55 428 34 
1 34 1 2
56 34 429 
57 429 35 
1 35 1 2
58 35 430 
59 430 36 
1 36 1 2
60 36 431 
61 431 37 
1 37 1 2
62 37 432 
63 432 38 
1 38 1 2
64 38 433 
65 433 39 
1 39 1 1
66 39 40 
1 40 1 1
67 40 41 
1 41 1 1
68 41 42 
1 42 1 1
69 42 43 
1 43 1 1
70 43 44 
1 44 1 1
71 44 45 
1 45 1 1
72 45 46 
1 46 1 1
73 46 47 
1 47 1 1
74 47 48 
1 48 1 1
75 48 49 
1 49 1 1
76 49 50 
1 50 1 1
77 50 51 
1 51 1 1
78 51 52 
1 52 1 1
79 52 53 
1 53 1 1
80 53 54 
1 54 1 1
81 54 55 
1 55 1 1
82 55 56 
1 56 1 1
83 56 57 
1 57 1 1
84 57 58 
1 58 1 1
85 58 59 
1 59 1 1
86 59 60 
1 60 1 1
87 60 61 
1 61 1 1
88 61 62 
1 62 1 1
89 62 63 
1 63 1 1
90 63 64 
1 64 1 1
91 64 65 
1 65 1 1
92 65 66 
1 66 1 2
93 66 434 
94 434 67 
1 67 1 2
95 67 435 
96 435 68 
1 68 1 2
97 68 436 
98 436 69 
1 69 1 2
99 69 437 
100 437 70 
1 70 1 2
101 70 438 
102 438 71 
1 71 1 2
103 71 439 
104 439 72 
1 72 1 2
105 72 440 
106 440 73 
1 73 1 2
107 73 441 
108 441 74 
1 74 1 2
109 74 442 
110 442 75 
1 75 1 2
111 75 443 
112 443 76 
1 76 1 2
113 76 444 
114 444 77 
1 77 1 2
115 77 445 
116 445 78 
1 78 1 2
117 78 446 
118 446 79 
1 79 1 2
119 79 447 
120 447 80 
1 80 1 2
121 80 448 
122 448 81 
1 81 1 2
123 81 449 
124 449 82 
1 82 1 2
125 82 450 
126 450 83 
1 83 1 2
127 83 451 
128 451 84 
1 84 1 2
129 84 452 
130 452 85 
1 85 1 2
131 85 453 
132 453 86 
1 86 1 2
133 86 454 
134 454 87 
1 87 1 2
135 87 455 
136 455 88 
1 88 1 2
137 88 456 
138 456 89 
1 89 1 1
139 89 90 
1 90 1 1
140 90 91 
1 91 1 1
141 91 92 
1 92 1 1
142 92 93 
1 93 1 1
143 93 94 
1 94 1 1
144 94 95 
1 95 1 1
145 95 96 
1 96 1 1
146 96 97 
1 97 1 1
147 97 98 
1 98 1 1
148 98 99 
1 99 1 1
149 99 100 
1 100 1 1
150 100 101 
1 101 1 1
151 101 102 
1 102 1 1
152 102 103 
1 103 1 1
153 103 104 
1 104 1 1
154 104 105 
1 105 1 1
155 105 106 
1 106 1 1
156 106 107 
1 107 1 1
157 107 108 
1 108 1 1
158 108 109 
1 109 1 1
159 109 110 
1 110 1 1
160 110 111 
1 111 1 1
161 111 112 
1 112 1 1
162 112 113 
1 113 1 1
163 113 114 
1 114 1 1
164 114 115 
1 115 1 1
165 115 116 
1 116 1 2
166 116 457 
167 457 117 
1 117 1 2
168 117 458 
169 458 118 
1 118 1 2
170 118 459 
171 459 119 
1 119 1 2
172 119 460 
173 460 120 
1 120 1 2
174 120 461 
175 461 121 
1 121 1 2
176 121 462 
177 462 122 
1 122 1 2
178 122 463 
179 463 123 
1 123 1 2
180 123 464 
181 464 124 
1 124 1 2
182 124 465 
183 465 125 
1 125 1 2
184 125 466 
185 466 126 
1 126 1 2
186 126 467 
187 467 127 
1 127 1 2
188 127 468 
189 468 128 
1 128 1 2
190 128 469 
191 469 129 
1 129 1 2
192 129 470 
193 470 130 
1 130 1 2
194 130 471 
195 471 131 
1 131 1 2
196 131 472 
197 472 132 
1 132 1 2
198 132 473 
199 473 133 
1 133 1 2
200 133 474 
201 474 134 
1 134 1 2
202 134 475 
203 475 135 
1 135 1 2
204 135 476 
205 476 136 
1 136 1 2
206 136 477 
207 477 137 
1 137 1 2
208 137 478 
209 478 138 
1 138 1 2
210 138 479 
211 479 139 
1 139 1 1
212 139 140 
1 140 1 1
213 140 141 
1 141 1 1
214 141 142 
1 142 1 1
215 142 143 
1 143 1 1
216 143 144 
1 144 1 1
217 144 145 
1 145 1 1
218 145 146 
1 146 1 1
219 146 147 
1 147 1 1
220 147 148 
1 148 1 1
221 148 149 
1 149 1 1
222 149 150 
1 150 1 1
223 150 151 
1 151 1 1
224 151 152 
1 152 1 1
225 152 153 
1 153 1 1
226 153 154 
1 154 1 1
227 154 155 
1 155 1 1
228 155 156 
1 156 1 1
229 156 157 
1 157 1 1
230 157 158 
1 158 1 1
231 158 159 
1 159 1 1
232 159 160 
1 160 1 1
233 160 161 
1 161 1 1
234 161 162 
1 162 1 1
235 162 163 
1 163 1 1
236 163 164 
1 164 1 1
237 164 165 
1 165 1 1
238 165 166 
1 166 1 2
239 166 480 
240 480 167 
1 167 1 2
241 167 481 
242 481 168 
1 168 1 2
243 168 482 
244 482 169 
1 169 1 2
245 169 483 
246 483 170 
1 170 1 2
247 170 484 
248 484 171 
1 171 1 2
249 171 485 
250 485 172 
1 172 1 2
251 172 486 
252 486 173 
1 173 1 2
253 173 487 
254 487 174 
1 174 1 2
255 174 488 
256 488 175 
1 175 1 2
257 175 489 
258 489 176 
1 176 1 2
259 176 490 
260 490 177 
1 177 1 2
261 177 491 
262 491 178 
1 178 1 2
263 178 492 
264 492 179 
1 179 1 2
265 179 493 
266 493 180 
1 180 1 2
267 180 494 
268 494 181 
1 181 1 2
269 181 495 
270 495 182 
1 182 1 2
271 182 496 
272 496 183 
1 183 1 2
273 183 497 
274 497 184 
1 184 1 2
275 184 498 
276 498 185 
1 185 1 2
277 185 499 
278 499 186 
1 186 1 2
279 186 500 
280 500 187 
1 187 1 2
281 187 501 
282 501 188 
1 188 1 2
283 188 502 
284 502 189 
1 189 1 2
285 189 503 
286 503 190 
1 190 1 1
287 190 191 
1 191 1 1
288 191 192 
1 192 1 1
289 192 193 
1 193 1 1
290 193 194 
1 194 1 1
291 194 195 
1 195 1 1
292 195 196 
1 196 1 1
293 196 197 
1 197 1 1
294 197 198 
1 198 1 1
295 198 199 
1 199 1 1
296 199 200 
1 200 1 1
297 200 201 
1 201 1 1
298 201 202 
1 202 1 37
299 202 504 
300 504 505 
301 505 506 
302 506 507 
303 507 508 
304 508 509 
305 509 510 
306 510 511 
307 511 512 
308 512 513 
309 513 514 
310 514 515 
311 515 516 
312 516 517 
313 517 518 
314 518 519 
315 519 520 
316 520 521 
317 521 522 
318 522 523 
319 523 524 
320 524 525 
321 525 526 
322 526 527 
323 527 528 
324 528 529 
325 529 530 
326 530 531 
327 531 532 
328 532 533 
329 533 534 
330 534 535 
331 535 536 
332 536 537 
333 537 538 
334 538 539 
335 539 203 
1 203 1 70
336 203 540 
337 540 541 
338 541 542 
339 542 543 
340 543 544 
341 544 545 
342 545 546 
343 546 547 
344 547 548 
345 548 549 
346 549 550 
347 550 551 
348 551 552 
349 552 553 
350 553 554 
351 554 555 
352 555 556 
353 556 557 
354 557 558 
355 558 559 
356 559 560 
357 560 561 
358 561 562 
359 562 563 
360 563 564 
361 564 565 
362 565 566 
363 566 567 
364 567 568 
365 568 569 
366 569 570 
367 570 571 
368 571 572 
369 572 573 
370 573 574 
371 574 575 
372 575 576 
373 576 577 
374 577 578 
375 578 579 
376 579 580 
377 580 581 
378 581 582 
379 582 583 
380 583 584 
381 584 585 
382 585 586 
383 586 587 
384 587 588 
385 588 589 
386 589 590 
387 590 591 
388 591 592 
389 592 593 
390 593 594 
391 594 595 
392 595 596 
393 596 597 
394 597 598 
395 598 599 
396 599 600 
397 600 601 
398 601 602 
399 602 603 
400 603 604 
401 604 605 
402 605 606 
403 606 607 
404 607 608 
405 608 204 
1 204 1 4
406 204 609 
407 609 610 
408 610 611 
409 611 205 
1 205 1 1
410 205 206 
1 206 1 1
411 206 207 
1 207 1 1
412 207 208 
1 208 1 1
413 208 209 
1 209 1 1
414 209 210 
1 210 1 1
415 210 211 
1 211 1 1
416 211 212 
1 212 1 1
417 212 213 
1 213 1 1
418 213 214 
1 214 1 1
419 214 215 
1 215 1 1
420 215 216 
1 216 1 1
421 216 217 
1 217 1 1
422 217 218 
1 218 1 2
423 218 612 
424 612 219 
1 219 1 2
425 219 613 
426 613 220 
1 220 1 2
427 220 614 
428 614 221 
1 221 1 2
429 221 615 
430 615 222 
1 222 1 2
431 222 616 
432 616 223 
1 223 1 2
433 223 617 
434 617 224 
1 224 1 2
435 224 618 
436 618 225 
1 225 1 2
437 225 619 
438 619 226 
1 226 1 2
439 226 620 
440 620 227 
1 227 1 2
441 227 621 
442 621 228 
1 228 1 2
443 228 622 
444 622 229 
1 229 1 2
445 229 623 
446 623 230 
1 230 1 2
447 230 624 
448 624 231 
1 231 1 2
449 231 625 
450 625 232 
1 232 1 2
451 232 626 
452 626 233 
1 233 1 2
453 233 627 
454 627 234 
1 234 1 2
455 234 628 
456 628 235 
1 235 1 2
457 235 629 
458 629 236 
1 236 1 2
459 236 630 
460 630 237 
1 237 1 2
461 237 631 
462 631 238 
1 238 1 2
463 238 632 
464 632 239 
1 239 1 2
465 239 633 
466 633 240 
1 240 1 2
467 240 634 
468 634 241 
1 241 1 2
469 241 635 
470 635 242 
1 242 1 1
471 242 243 
1 243 1 1
472 243 244 
1 244 1 1
473 244 245 
1 245 1 1
474 245 246 
1 246 1 1
475 246 247 
1 247 1 1
476 247 248 
1 248 1 1
477 248 249 
1 249 1 1
478 249 250 
1 250 1 1
479 250 251 
1 251 1 1
480 251 252 
1 252 1 1
481 252 253 
1 253 1 1
482 253 254 
1 254 1 1
483 254 255 
1 255 1 1
484 255 256 
1 256 1 1
485 256 257 
1 257 1 1
486 257 258 
1 258 1 1
487 258 259 
1 259 1 1
488 259 260 
1 260 1 1
489 260 261 
1 261 1 1
490 261 262 
1 262 1 1
491 262 263 
1 263 1 1
492 263 264 
1 264 1 1
493 264 265 
1 265 1 1
494 265 266 
1 266 1 1
495 266 267 
1 267 1 1
496 267 268 
1 268 1 1
497 268 269 
1 269 1 2
498 269 636 
499 636 270 
1 270 1 2
500 270 637 
501 637 271 
1 271 1 2
502 271 638 
503 638 272 
1 272 1 2
504 272 639 
505 639 273 
1 273 1 2
506 273 640 
507 640 274 
1 274 1 2
508 274 641 
509 641 275 
1 275 1 2
510 275 642 
511 642 276 
1 276 1 2
512 276 643 
513 643 277 
1 277 1 2
514 277 644 
515 644 278 
1 278 1 2
516 278 645 
517 645 279 
1 279 1 2
518 279 646 
519 646 280 
1 280 1 2
520 280 647 
521 647 281 
1 281 1 2
522 281 648 
523 648 282 
1 282 1 2
524 282 649 
525 649 283 
1 283 1 2
526 283 650 
527 650 284 
1 284 1 2
528 284 651 
529 651 285 
1 285 1 2
530 285 652 
531 652 286 
1 286 1 2
532 286 653 
533 653 287 
1 287 1 2
534 287 654 
535 654 288 
1 288 1 2
536 288 655 
537 655 289 
1 289 1 2
538 289 656 
539 656 290 
1 290 1 2
540 290 657 
541 657 291 
1 291 1 2
542 291 658 
543 658 292 
1 292 1 1
544 292 293 
1 293 1 1
545 293 294 
1 294 1 1
546 294 295 
1 295 1 1
547 295 296 
1 296 1 1
548 296 297 
1 297 1 1
549 297 298 
1 298 1 1
550 298 299 
1 299 1 1
551 299 300 
1 300 1 1
552 300 301 
1 301 1 1
553 301 302 
1 302 1 1
554 302 303 
1 303 1 1
555 303 304 
1 304 1 1
556 304 305 
1 305 1 1
557 305 306 
1 306 1 1
558 306 307 
1 307 1 1
559 307 308 
1 308 1 1
560 308 309 
1 309 1 1
561 309 310 
1 310 1 1
562 310 311 
1 311 1 1
563 311 312 
1 312 1 1
564 312 313 
1 313 1 1
565 313 314 
1 314 1 1
566 314 315 
1 315 1 1
567 315 316 
1 316 1 1
568 316 317 
1 317 1 1
569 317 318 
1 318 1 1
570 318 319 
1 319 1 2
571 319 659 
572 659 320 
1 320 1 2
573 320 660 
574 660 321 
1 321 1 2
575 321 661 
576 661 322 
1 322 1 2
577 322 662 
578 662 323 
1 323 1 2
579 323 663 
580 663 324 
1 324 1 2
581 324 664 
582 664 325 
1 325 1 2
583 325 665 
584 665 326 
1 326 1 2
585 326 666 
586 666 327 
1 327 1 2
587 327 667 
588 667 328 
1 328 1 2
589 328 668 
590 668 329 
1 329 1 2
591 329 669 
592 669 330 
1 330 1 2
593 330 670 
594 670 331 
1 331 1 2
595 331 671 
596 671 332 
1 332 1 2
597 332 672 
598 672 333 
1 333 1 2
599 333 673 
600 673 334 
1 334 1 2
601 334 674 
602 674 335 
1 335 1 2
603 335 675 
604 675 336 
1 336 1 2
605 336 676 
606 676 337 
1 337 1 2
607 337 677 
608 677 338 
1 338 1 2
609 338 678 
610 678 339 
1 339 1 2
611 339 679 
612 679 340 
1 340 1 2
613 340 680 
614 680 341 
1 341 1 2
615 341 681 
616 681 342 
1 342 1 1
617 342 343 
1 343 1 1
618 343 344 
1 344 1 1
619 344 345 
1 345 1 1
620 345 346 
1 346 1 1
621 346 347 
1 347 1 1
622 347 348 
1 348 1 1
623 348 349 
1 349 1 1
624 349 350 
1 350 1 1
625 350 351 
1 351 1 1
626 351 352 
1 352 1 1
627 352 353 
1 353 1 1
628 353 354 
1 354 1 1
629 354 355 
1 355 1 1
630 355 356 
1 356 1 1
631 356 357 
1 357 1 1
632 357 358 
1 358 1 1
633 358 359 
1 359 1 1
634 359 360 
1 360 1 1
635 360 361 
1 361 1 1
636 361 362 
1 362 1 1
637 362 363 
1 363 1 1
638 363 364 
1 364 1 1
639 364 365 
1 365 1 1
640 365 366 
1 366 1 1
641 366 367 
1 367 1 1
642 367 368 
1 368 1 1
643 368 369 
1 369 1 2
644 369 682 
645 682 370 
1 370 1 2
646 370 683 
647 683 371 
1 371 1 2
648 371 684 
649 684 372 
1 372 1 2
650 372 685 
651 685 373 
1 373 1 2
652 373 686 
653 686 374 
1 374 1 2
654 374 687 
655 687 375 
1 375 1 2
656 375 688 
657 688 376 
1 376 1 2
658 376 689 
659 689 377 
1 377 1 2
660 377 690 
661 690 378 
1 378 1 2
662 378 691 
663 691 379 
1 379 1 2
664 379 692 
665 692 380 
1 380 1 2
666 380 693 
667 693 381 
1 381 1 2
668 381 694 
669 694 382 
1 382 1 2
670 382 695 
671 695 383 
1 383 1 2
672 383 696 
673 696 384 
1 384 1 2
674 384 697 
675 697 385 
1 385 1 2
676 385 698 
677 698 386 
1 386 1 2
678 386 699 
679 699 387 
1 387 1 2
680 387 700 
681 700 388 
1 388 1 2
682 388 701 
683 701 389 
1 389 1 2
684 389 702 
685 702 390 
1 390 1 2
686 390 703 
687 703 391 
1 391 1 2
688 391 704 
689 704 392 
1 392 1 2
690 392 705 
691 705 393 
1 393 1 1
692 393 394 
1 394 1 1
693 394 395 
1 395 1 1
694 395 396 
1 396 1 1
695 396 397 
1 397 1 1
696 397 398 
1 398 1 1
697 398 399 
1 399 1 1
698 399 400 
1 400 1 1
699 400 401 
1 401 1 1
700 401 402 
1 402 1 1
701 402 403 
1 403 1 1
702 403 404 
1 404 1 1
703 404 405 
1 405 1 37
704 405 706 
705 706 707 
706 707 708 
707 708 709 
708 709 710 
709 710 711 
710 711 712 
711 712 713 
712 713 714 
713 714 715 
714 715 716 
715 716 717 
716 717 718 
717 718 719 
718 719 720 
719 720 721 
720 721 722 
721 722 723 
722 723 724 
723 724 725 
724 725 726 
725 726 727 
726 727 728 
727 728 729 
728 729 730 
729 730 731 
730 731 732 
731 732 733 
732 733 734 
733 734 735 
734 735 736 
735 736 737 
736 737 738 
737 738 739 
738 739 740 
739 740 741 
740 741 406 
1 406 1 70
741 406 742 
742 742 743 
743 743 744 
744 744 745 
745 745 746 
746 746 747 
747 747 748 
748 748 749 
749 749 750 
750 750 751 
751 751 752 
752 752 753 
753 753 754 
754 754 755 
755 755 756 
756 756 757 
757 757 758 
758 758 759 
759 759 760 
760 760 761 
761 761 762 
762 762 763 
763 763 764 
764 764 765 
765 765 766 
766 766 767 
767 767 768 
768 768 769 
769 769 770 
770 770 771 
771 771 772 
772 772 773 
773 773 774 
774 774 775 
775 775 776 
776 776 777 
777 777 778 
778 778 779 
779 779 780 
780 780 781 
781 781 782 
782 782 783 
783 783 784 
784 784 785 
785 785 786 
786 786 787 
787 787 788 
788 788 789 
789 789 790 
790 790 791 
791 791 792 
792 792 793 
793 793 794 
794 794 795 
795 795 796 
796 796 797 
797 797 798 
798 798 799 
799 799 800 
800 800 801 
801 801 802 
802 802 803 
803 803 804 
804 804 805 
805 805 806 
806 806 807 
807 807 808 
808 808 809 
809 809 810 
810 810 1 
2 1 2 8958
811 2141 3576 1666 
812 2846 3130 1238 
813 3195 3995 1044 
814 3262 3835 2908 
815 3093 3223 2824 
816 629 3870 235 
817 2372 4513 3583 
818 2583 4416 1988 
819 660 4095 320 
820 1835 3854 3610 
821 3794 3980 3839 
822 3318 4761 2001 
823 971 4136 31 
824 2014 2984 2750 
825 2853 3647 1038 
826 889 3374 3277 
827 104 4235 103 
828 306 4109 305 
829 1658 3984 2861 
830 913 1672 309 
831 3370 4055 1280 
832 106 4114 958 
833 2822 3547 1408 
834 1677 3039 1138 
835 3214 3398 1059 
836 2354 4276 853 
837 2357 4442 3383 
838 419 4171 889 
839 3609 3848 3574 
840 3277 3374 3111 
841 2961 4116 1352 
842 2168 3507 2167 
843 2286 4466 1273 
844 3637 3779 2796 
845 3310 3334 1069 
846 1201 2979 2978 
847 1032 3545 2882 
848 1353 2961 1352 
849 1533 3595 2907 
850 1074 3169 2877 
851 1851 2919 2918 
852 1456 3608 2279 
853 3248 4432 1529 
854 3143 4262 1293 
855 3715 4584 2876 
856 3040 3471 1449 
857 2188 3777 2105 
858 3055 4479 1187 
859 1530 4067 2736 
860 2091 3016 2886 
861 1050 3969 3381 
862 1068 3329 3164 
863 3487 4170 3121 
864 3285 4356 1668 
865 2739 2740 1973 
866 3004 3148 2257 
867 469 4106 128 
868 2428 3637 2795 
869 1273 4466 1531 
870 2912 4086 1975 
871 2279 3895 1456 
872 2372 3583 2373 
873 2141 4141 3576 
874 2885 4604 2799 
875 868 4049 3913 
876 3381 4174 1050 
877 2414 3524 2416 
878 2312 3195 2862 
879 2558 3224 3200 
880 418 3375 23 
881 3041 4140 2600 
882 3037 4669 1410 
883 1187 4479 1240 
884 3218 3507 2171 
885 2065 4532 2735 
886 1069 3601 3310 
887 2846 4611 3130 
888 2934 3482 959 
889 2823 3093 2824 
890 1129 3028 2903 
891 2129 3105 1954 
892 2312 2862 2054 
893 1107 2774 1106 
894 1323 3866 2845 
895 1233 3361 2350 
896 3979 4276 2354 
897 1715 3178 2989 
898 838 3570 3012 
899 1669 4330 3204 
900 173 4183 975 
901 118 4112 458 
902 2777 3032 2114 
903 606 3292 605 
904 4103 4430 3680 
905 1975 4086 2585 
906 816 3264 1097 
907 3465 3466 3341 
908 411 4075 16 
909 2999 3155 856 
910 2239 3077 2945 
911 2358 3814 3458 
912 1080 4763 3281 
913 3589 4097 3517 
914 2905 4633 952 
915 3353 4761 3318 
916 1038 3697 2853 
917 658 4286 291 
918 1693 2601 1550 
919 3083 4322 3081 
920 1999 2972 2971 
921 3179 3801 1894 
922 3015 4420 1249 
923 1182 3203 1226 
924 1079 4170 3487 
925 3552 3731 3611 
926 1793 4645 2345 
927 1894 3801 3275 
928 1988 4416 2306 
929 693 3615 380 
930 1693 3458 2601 
931 1006 3466 3465 
932 2908 3500 3262 
933 2179 3940 3177 
934 3528 3530 2028 
935 2597 4018 2598 
936 3794 3839 2109 
937 1263 3148 3004 
938 3073 4073 2573 
939 2799 4624 2885 
940 3576 4141 3501 
941 2756 4099 2755 
942 3229 3230 1269 
943 2428 2795 2419 
944 2919 3406 2918 
945 3133 4482 851 
946 911 4016 2811 
947 930 3328 3102 
948 1377 4072 2461 
949 2958 4023 1603 
950 943 3464 2918 
951 1834 3060 2989 
952 1410 4513 3037 
953 3148 4492 2257 
954 3121 4596 3487 
955 2171 3507 2168 
956 3697 4061 2853 
957 952 3970 2905 
958 3064 4365 3141 
959 3204 4330 4079 
960 3233 3519 921 
961 4017 4487 3052 
962 2119 2924 1753 
963 2479 4742 2780 
964 2699 3961 2701 
965 2755 4099 2943 
966 3299 3513 2988 
967 3102 3821 930 
968 1431 4553 4019 
969 2957 4060 2955 
970 2907 3835 1533 
971 3548 3960 1460 
972 2944 3785 2572 
973 3200 3224 885 
974 2617 3128 1433 
975 1784 3693 1782 
976 2916 2994 2148 
977 2518 3206 2508 
978 3505 4326 3135 
979 2886 4727 2091 
980 2861 3755 1658 
981 1251 2941 1458 
982 3337 3340 1060 
983 1201 3049 2979 
984 1086 3500 3499 
985 1632 3745 3257 
986 3532 3605 3149 
987 2953 4404 1743 
988 2272 4444 3305 
989 3681 3682 2779 
990 1335 3886 3163 
991 2956 3183 2958 
992 3321 4527 3219 
993 2680 2854 2668 
994 2747 4225 3877 
995 2239 2945 2216 
996 2904 4482 3133 
997 4028 4122 1109 
998 2865 3015 1249 
999 2545 3018 3017 
1000 1136 4252 3789 
1001 3155 4183 856 
1002 1008 4231 650 
1003 961 3134 770 
1004 3087 3241 1512 
1005 2017 3041 2600 
1006 3182 3556 3521 
1007 2045 4369 3059 
1008 223 4066 616 
1009 384 3382 696 
1010 2265 4592 2996 
1011 2955 4060 2956 
1012 207 1712 1019 
1013 4 1714 1020 
1014 3306 3904 895 
1015 3081 4322 1744 
1016 2989 3060 1715 
1017 2117 3907 3749 
1018 2344 3553 3207 
1019 3630 4225 2747 
1020 2603 4369 2045 
1021 335 4303 852 
1022 1226 4345 3714 
1023 1840 2903 2349 
1024 212 3796 211 
1025 2803 4324 2043 
1026 2196 4532 2065 
1027 1175 3229 1269 
1028 802 3331 801 
1029 4149 4545 2972 
1030 1217 3339 2928 
1031 1409 4072 1377 
1032 2783 4256 854 
1033 2745 4553 3786 
1034 1946 4022 3332 
1035 1671 3287 3123 
1036 3006 3094 2510 
1037 667 4257 1010 
1038 853 4034 2354 
1039 2671 3086 3064 
1040 3252 4067 1530 
1041 3903 4262 3902 
1042 860 4061 3697 
1043 2179 3177 2180 
1044 2104 3855 3147 
1045 2119 3288 2924 
1046 2969 2970 2728 
1047 801 3331 949 
1048 3196 4176 3626 
1049 2855 4584 3715 
1050 1295 3881 3022 
1051 2244 3906 3096 
1052 3986 4001 2875 
1053 3281 4763 3207 
1054 1793 2345 1794 
1055 88 4274 455 
1056 955 3348 3298 
1057 1968 3677 2352 
1058 841 3682 3681 
1059 531 3334 530 
1060 3442 4188 3245 
1061 1460 3960 3551 
1062 3093 3094 896 
1063 2424 3524 2414 
1064 2235 4317 2224 
1065 651 1116 1008 
1066 491 4491 177 
1067 770 3134 769 
1068 3409 4010 3657 
1069 73 4256 991 
1070 2882 4659 1930 
1071 992 3504 3497 
1072 1040 3609 3574 
1073 3501 3575 925 
1074 3065 3070 2052 
1075 2043 4324 2603 
1076 3684 4256 2783 
1077 627 4485 233 
1078 584 3297 1062 
1079 3800 3976 3415 
1080 3194 3721 1572 
1081 3333 3359 2675 
1082 895 3478 3306 
1083 2996 3750 2265 
1084 2180 3177 3025 
1085 2887 2888 2315 
1086 2276 3034 1844 
1087 2429 3340 3337 
1088 3165 3167 924 
1089 2350 2831 1233 
1090 1989 2583 1988 
1091 2312 3995 3195 
1092 2835 2836 1270 
1093 990 4271 133 
1094 958 4114 3468 
1095 3267 3689 3266 
1096 3130 4611 1994 
1097 1111 4604 2885 
1098 2939 3578 849 
1099 1405 3866 1323 
1100 2680 3800 2854 
1101 2792 3781 3335 
1102 3530 3937 2028 
1103 3335 3781 1071 
1104 2671 3064 2660 
1105 1265 2869 1257 
1106 1702 2777 2114 
1107 3386 4437 2700 
1108 2440 3398 3214 
1109 3026 3272 3025 
1110 2065 2735 2066 
1111 2224 4317 2887 
1112 3143 3283 1877 
1113 2877 3569 1074 
1114 1184 3203 1182 
1115 925 3576 3501 
1116 3686 4049 868 
1117 1400 4870 2896 
1118 2742 3666 2954 
1119 1603 4023 1946 
1120 2976 3040 1449 
1121 1660 3248 1529 
1122 3342 3956 3216 
1123 2984 4187 2750 
1124 1741 2953 1743 
1125 1010 1112 666 
1126 2850 4180 2410 
1127 2782 3293 1682 
1128 3251 3447 3253 
1129 3018 4182 3578 
1130 2986 2988 1721 
1131 958 3468 3376 
1132 1689 2739 1973 
1133 2882 4463 1032 
1134 2941 3626 1458 
1135 2878 4105 3011 
1136 2986 2990 2988 
1137 2857 3062 2147 
1138 1138 3039 1140 
1139 3426 4209 3088 
1140 1086 3575 3500 
1141 2353 3803 1630 
1142 3657 4010 1679 
1143 3371 4298 1670 
1144 2492 4742 2479 
1145 2162 3114 1970 
1146 2595 4048 1541 
1147 2954 3295 2742 
1148 3396 3994 3557 
1149 428 4524 33 
1150 3164 3329 2181 
1151 152 3365 151 
1152 1097 3264 2359 
1153 818 1116 652 
1154 3610 3674 1835 
1155 3497 4303 992 
1156 2712 4538 3421 
1157 2714 2969 2728 
1158 237 3565 630 
1159 1632 4126 3745 
1160 2251 3553 3103 
1161 1682 3293 1684 
1162 1260 2846 1181 
1163 2912 4512 1740 
1164 1647 3180 3127 
1165 3204 3464 1669 
1166 2675 4014 3333 
1167 1838 2914 1839 
1168 3473 3495 834 
1169 1107 3177 2774 
1170 1826 3938 2937 
1171 1954 3105 2005 
1172 4079 4375 4282 
1173 856 3156 2999 
1174 2738 4717 1659 
1175 1902 3031 3030 
1176 3598 3881 1295 
1177 1999 2971 1996 
1178 3064 3141 2665 
1179 3235 3236 1367 
1180 3955 4154 3077 
1181 924 3327 3165 
1182 3183 3184 2958 
1183 3065 4407 3070 
1184 1509 3785 2944 
1185 3202 4103 3680 
1186 2262 4025 3494 
1187 2082 3470 2832 
1188 324 4024 663 
1189 3786 4308 2745 
1190 3207 3553 2251 
1191 1731 2857 2147 
1192 2797 3097 2246 
1193 2826 3285 2912 
1194 1301 2936 2307 
1195 2950 4487 3418 
1196 3281 3282 1080 
1197 3285 4512 2912 
1198 2740 4275 1973 
1199 1245 2588 1446 
1200 1528 2738 1659 
1201 2294 4356 3285 
1202 2903 3029 1129 
1203 2314 3821 3144 
1204 842 3354 3076 
1205 905 3880 3303 
1206 2588 4546 1446 
1207 3902 4262 3987 
1208 422 4506 27 
1209 3557 4297 3032 
1210 3144 3821 3102 
1211 3018 4214 4182 
1212 2970 3703 2728 
1213 1279 3370 1280 
1214 3088 4209 2423 
1215 1886 2916 2148 
1216 3147 3855 1504 
1217 1073 3874 3328 
1218 3877 4225 843 
1219 2807 4097 3589 
1220 2268 3745 3071 
1221 3095 4640 1235 
1222 2318 3401 2322 
1223 2351 3920 2831 
1224 2635 2731 2637 
1225 2251 3103 1688 
1226 3001 3562 828 
1227 665 1112 813 
1228 3209 4263 3211 
1229 971 4214 4136 
1230 1507 3081 1744 
1231 940 3642 2975 
1232 2811 3829 911 
1233 3913 4049 2362 
1234 2410 4180 2422 
1235 2357 3383 3382 
1236 3609 4625 2290 
1237 1393 4753 4118 
1238 2918 4000 943 
1239 3135 4326 1459 
1240 3497 3504 2275 
1241 953 3513 3299 
1242 985 3979 3010 
1243 3197 3198 1828 
1244 172 3665 485 
1245 375 3664 687 
1246 1509 2944 1401 
1247 1131 2981 1130 
1248 3513 3732 3511 
1249 2508 3206 2513 
1250 1249 4420 3188 
1251 3326 4853 2925 
1252 2879 4105 2878 
1253 3162 3317 2233 
1254 3029 4801 3140 
1255 2010 2984 2014 
1256 3165 3327 2856 
1257 2000 4454 2973 
1258 1451 2595 1541 
1259 2229 2887 2315 
1260 2285 4165 1318 
1261 3511 3732 1085 
1262 229 4521 622 
1263 2731 4671 2637 
1264 241 4250 634 
1265 1223 3151 3150 
1266 653 1130 818 
1267 2314 4282 3475 
1268 1260 4611 2846 
1269 2545 3017 2542 
1270 1481 3401 2318 
1271 3116 3569 2877 
1272 289 4089 655 
1273 1973 4275 3078 
1274 4021 4361 1539 
1275 2276 4362 3034 
1276 3383 4442 2770 
1277 2924 3288 3075 
1278 1544 2582 1492 
1279 1782 3693 1788 
1280 2609 3346 3132 
1281 2711 3012 2707 
1282 2623 2703 2626 
1283 1642 2804 1575 
1284 3365 4532 2196 
1285 2196 4522 3365 
1286 3668 3869 3380 
1287 3034 3256 3255 
1288 1502 4870 1400 
1289 2777 3557 3032 
1290 3357 4064 1285 
1291 1666 3576 1626 
1292 2810 3107 2208 
1293 3445 3707 3604 
1294 3418 4487 1055 
1295 3554 4295 2896 
1296 1541 3072 1414 
1297 4099 4150 4051 
1298 3006 3654 3094 
1299 1902 3030 1903 
1300 3562 4243 828 
1301 3012 4012 838 
1302 1527 3283 3143 
1303 2990 3299 2988 
1304 3303 3880 2998 
1305 3557 3994 829 
1306 1485 2933 1595 
1307 1817 3014 2312 
1308 3824 4159 1167 
1309 2789 2790 1749 
1310 338 1104 858 
1311 964 3440 3009 
1312 2162 3115 3114 
1313 1647 4794 3180 
1314 2972 4545 4062 
1315 1840 2349 1836 
1316 3009 4606 964 
1317 849 3579 2939 
1318 1544 4425 2582 
1319 1720 3241 2274 
1320 3167 3477 924 
1321 999 4508 3161 
1322 1565 3194 1572 
1323 2352 4574 1968 
1324 2720 3051 2950 
1325 4300 4476 3872 
1326 886 4150 4099 
1327 2952 2953 1741 
1328 3209 3211 3208 
1329 3368 4090 3031 
1330 3201 3203 1184 
1331 4248 4627 2768 
1332 2361 4170 3485 
1333 1750 3101 2163 
1334 3380 4121 3668 
1335 2988 3512 1721 
1336 976 4090 3368 
1337 3453 4482 2904 
1338 3563 4041 915 
1339 3043 4390 2081 
1340 3124 3493 1049 
1341 2869 4641 1257 
1342 3025 3272 2180 
1343 2943 4099 4051 
1344 3161 4508 2858 
1345 3288 4104 3075 
1346 1356 2961 1353 
1347 2697 3996 2698 
1348 2320 2771 2317 
1349 2746 2747 1941 
1350 974 4545 4149 
1351 2934 3601 3482 
1352 2677 3104 2678 
1353 1014 3623 3189 
1354 3034 3255 1966 
1355 921 4056 3233 
1356 3273 3650 2084 
1357 1495 3618 3099 
1358 839 3779 3637 
1359 1061 3432 3136 
1360 1342 3187 1344 
1361 3118 4221 1305 
1362 2728 4538 2712 
1363 1433 3128 1428 
1364 3872 4476 2604 
1365 4186 4283 2579 
1366 2795 3637 2796 
1367 4236 4324 2808 
1368 1410 4669 2249 
1369 913 1673 1672 
1370 855 4090 689 
1371 1127 3023 1126 
1372 1125 3024 1124 
1373 2346 3117 1980 
1374 2980 3674 1438 
1375 1674 3013 1892 
1376 1294 3143 1293 
1377 1591 3013 1590 
1378 1408 4821 2822 
1379 3628 4462 914 
1380 1678 3281 3047 
1381 2820 4693 3160 
1382 2371 3166 3002 
1383 1123 3027 1122 
1384 2925 4620 3326 
1385 1136 3789 1677 
1386 2703 4569 2626 
1387 2985 3498 2096 
1388 2895 4116 2961 
1389 3472 3495 3473 
1390 2769 3385 2770 
1391 2784 2874 2873 
1392 552 3592 1059 
1393 2933 3261 1595 
1394 828 3872 3001 
1395 3845 3906 2244 
1396 3856 4342 2893 
1397 2278 3058 2289 
1398 1408 3547 1385 
1399 3703 4538 2728 
1400 1670 3905 3371 
1401 3475 3821 2314 
1402 1306 3118 1305 
1403 2704 2828 2708 
1404 1235 4640 1262 
1405 2808 4324 2803 
1406 3047 3292 1678 
1407 3406 3716 1084 
1408 1678 3292 606 
1409 605 3292 1015 
1410 2807 4098 4097 
1411 952 4633 3891 
1412 3155 3369 975 
1413 2672 3338 2951 
1414 2961 4078 2895 
1415 2512 3973 3972 
1416 3556 4060 3521 
1417 3297 4747 1062 
1418 3174 3244 1974 
1419 2564 3277 3111 
1420 3174 3245 3244 
1421 2612 4827 2072 
1422 2768 4249 4248 
1423 1281 3263 1278 
1424 2112 4438 2756 
1425 3068 4407 3065 
1426 1630 3898 2353 
1427 945 1130 654 
1428 3049 3050 2979 
1429 3044 3045 2913 
1430 1770 3361 1768 
1431 1226 3714 1180 
1432 1432 4553 1431 
1433 955 4129 3348 
1434 3266 3689 1368 
1435 2832 4885 2082 
1436 3604 3707 2872 
1437 3187 4658 1344 
1438 238 4583 631 
1439 3112 3590 1046 
1440 2160 3289 2119 
1441 2996 4144 3750 
1442 3047 4623 3292 
1443 72 3683 439 
1444 3099 4740 1495 
1445 2048 3865 2845 
1446 1247 2835 1270 
1447 3920 4570 2831 
1448 664 4024 324 
1449 896 3223 3093 
1450 3082 3621 3330 
1451 3864 4415 740 
1452 3010 3978 985 
1453 2598 4018 1444 
1454 1315 2285 1318 
1455 3582 4551 1286 
1456 3149 3605 1420 
1457 2519 4342 3856 
1458 1048 3380 3078 
1459 1512 3241 1510 
1460 3357 4551 4004 
1461 1001 4053 647 
1462 2835 3321 3219 
1463 1722 2753 1723 
1464 4003 4053 2948 
1465 2602 4815 1157 
1466 1355 3235 1367 
1467 3418 3651 2950 
1468 939 1104 339 
1469 2052 3298 1957 
1470 2784 2873 1893 
1471 3177 3940 2774 
1472 2959 2961 1356 
1473 1301 2307 1299 
1474 2021 3036 2023 
1475 3534 3886 1335 
1476 1000 4035 78 
1477 3116 3919 3569 
1478 2820 3160 2090 
1479 2925 4853 2927 
1480 585 3297 584 
1481 2956 3556 3183 
1482 3745 4126 2802 
1483 1006 4285 37 
1484 3396 3557 2778 
1485 3057 3185 1239 
1486 1224 3317 3162 
1487 1377 2461 1375 
1488 2573 3785 3073 
1489 2678 3104 3089 
1490 3995 4386 3518 
1491 2105 3778 2188 
1492 3305 4444 2813 
1493 2830 4566 2355 
1494 2558 3200 2555 
1495 676 4678 336 
1496 2510 3094 2509 
1497 3004 3629 1263 
1498 2082 4885 3861 
1499 3330 3621 2694 
1500 2000 2973 1999 
1501 3955 4643 4154 
1502 1529 4432 1530 
1503 3536 3817 3806 
1504 3125 3493 3124 
1505 1740 4512 4374 
1506 2091 4727 2820 
1507 2262 3494 3481 
1508 3393 3620 2284 
1509 3026 4750 3272 
1510 2148 3766 2294 
1511 3225 3348 1052 
1512 2876 4584 1028 
1513 2326 3623 2586 
1514 1456 3698 3228 
1515 927 3308 3307 
1516 3267 4084 3689 
1517 989 3956 3342 
1518 933 3153 3152 
1519 3284 4694 3783 
1520 4180 4209 850 
1521 1584 2986 1721 
1522 959 4039 2934 
1523 2904 3133 2655 
1524 1426 2951 1390 
1525 2273 3116 1933 
1526 2038 3858 3825 
1527 2572 3548 2944 
1528 3633 4385 4369 
1529 1116 2848 1008 
1530 3098 4242 2979 
1531 3052 4487 3051 
1532 2947 4003 2948 
1533 3628 4411 4234 
1534 1082 3295 3265 
1535 2878 3011 1896 
1536 2290 4625 4507 
1537 3013 3272 1892 
1538 2213 3342 3216 
1539 881 3639 3170 
1540 3198 4415 3864 
1541 3384 3385 3115 
1542 854 4219 2783 
1543 2919 3716 3406 
1544 3331 4213 949 
1545 3766 4356 2294 
1546 1930 4659 2590 
1547 2078 3043 2081 
1548 1748 2789 1749 
1549 2933 3835 3262 
1550 2356 2357 1003 
1551 1940 2746 1941 
1552 3255 3256 901 
1553 3212 3660 1679 
1554 1426 3971 2951 
1555 2654 2904 2655 
1556 1265 4223 2869 
1557 1653 1893 1652 
1558 2868 4543 2296 
1559 1815 2739 1689 
1560 1523 1652 1521 
1561 1541 3596 3072 
1562 2579 4283 2580 
1563 3012 3570 2829 
1564 3871 4264 3237 
1565 2250 4623 3047 
1566 1524 3321 2835 
1567 1269 3119 1177 
1568 4136 4214 2860 
1569 3114 3677 1970 
1570 3036 4563 2023 
1571 2820 4727 4257 
1572 1720 1933 1700 
1573 2461 2462 1399 
1574 2608 2610 2607 
1575 1602 2958 1603 
1576 2992 2993 1920 
1577 1984 2179 1983 
1578 1500 1616 1499 
1579 3111 3173 2559 
1580 2951 3971 2672 
1581 2771 2772 2319 
1582 3253 3397 2444 
1583 2491 2509 2469 
1584 2699 4612 3961 
1585 1699 2773 1697 
1586 2937 2938 1826 
1587 1661 2741 1640 
1588 2502 3007 2530 
1589 1918 3885 1917 
1590 3150 3339 1217 
1591 3108 3218 1457 
1592 1706 2777 1702 
1593 3319 4611 1260 
1594 1589 1590 1455 
1595 1549 2769 1548 
1596 436 4255 68 
1597 1892 2591 1879 
1598 1452 2375 2374 
1599 3245 4188 3246 
1600 2598 3038 2597 
1601 3228 3698 1929 
1602 2374 4696 1229 
1603 2839 2841 2840 
1604 2320 4811 2771 
1605 1545 1711 1537 
1606 1819 2173 1820 
1607 1750 2163 1748 
1608 2793 4155 2949 
1609 2317 2319 2316 
1610 2383 2910 2909 
1611 2239 3955 3077 
1612 2695 4215 3172 
1613 1751 4861 2884 
1614 2249 2285 1315 
1615 2711 4012 3012 
1616 1694 2150 1695 
1617 2965 4122 4028 
1618 3040 3754 3471 
1619 1774 2766 1775 
1620 1643 1748 1642 
1621 1895 3044 2913 
1622 1498 1499 1497 
1623 2863 2864 1810 
1624 1879 2592 1880 
1625 2849 4298 3371 
1626 1676 3065 2052 
1627 1396 2960 2959 
1628 2114 4435 2879 
1629 1629 2607 1596 
1630 1694 3039 2151 
1631 2816 2817 1812 
1632 1820 2919 1851 
1633 1854 1857 1855 
1634 1478 1521 1477 
1635 3075 4438 2112 
1636 2406 2872 2870 
1637 1729 2786 1728 
1638 3257 4005 1467 
1639 1811 1956 1793 
1640 1540 2738 1528 
1641 2764 2765 1774 
1642 2955 2956 1602 
1643 1714 3178 1715 
1644 1539 2371 2370 
1645 1170 3108 1457 
1646 1751 2883 1711 
1647 2761 2762 1813 
1648 3458 3814 2601 
1649 1174 3135 1459 
1650 1811 2271 1956 
1651 1276 4552 3323 
1652 2757 2758 1850 
1653 3485 4032 2361 
1654 2867 3584 3445 
1655 3129 3738 3700 
1656 1223 3150 1208 
1657 2502 2529 2528 
1658 979 3558 3276 
1659 2615 2616 1433 
1660 2013 3881 3598 
1661 2833 2834 2773 
1662 1647 3127 1648 
1663 3072 3073 1509 
1664 1082 3726 3295 
1665 3276 3558 2767 
1666 3186 4470 3130 
1667 2959 3391 2961 
1668 103 4235 102 
1669 3082 3083 3081 
1670 2625 2704 2703 
1671 3147 3610 2104 
1672 2103 2868 2296 
1673 2814 3033 2421 
1674 1461 4059 3286 
1675 3233 3559 3519 
1676 3858 4820 3825 
1677 4257 4727 1010 
1678 3027 4483 2801 
1679 655 4089 288 
1680 3972 3973 2520 
1681 1430 2615 1433 
1682 1751 2884 2883 
1683 2719 3651 2969 
1684 3051 4487 2950 
1685 1545 1751 1711 
1686 2839 2840 2838 
1687 1728 1818 1730 
1688 168 4399 878 
1689 1639 1746 1745 
1690 2904 3614 3453 
1691 1346 4123 3345 
1692 2985 3816 3470 
1693 1655 2784 1653 
1694 2608 2611 2610 
1695 2317 2771 2319 
1696 2963 2964 2962 
1697 1725 2952 1741 
1698 1633 1735 1634 
1699 1691 2090 1692 
1700 3221 4063 2591 
1701 3082 3084 3083 
1702 1532 1728 1727 
1703 2751 2752 1722 
1704 2787 2855 2786 
1705 1443 1508 1445 
1706 3000 3001 1979 
1707 3119 3353 3318 
1708 1629 2608 2607 
1709 1586 1822 1587 
1710 1856 2806 1854 
1711 1736 2181 1735 
1712 1165 3824 1167 
1713 1679 4010 3212 
1714 1834 4077 3060 
1715 2677 4688 3104 
1716 1833 2987 2986 
1717 2113 2196 2065 
1718 1125 3026 3024 
1719 3071 3745 2802 
1720 1474 1854 1853 
1721 894 3648 3379 
1722 1492 2582 1613 
1723 3098 3602 1494 
1724 3377 4234 1047 
1725 2420 3394 2867 
1726 2355 4177 2830 
1727 3623 4462 2586 
1728 3313 3486 1075 
1729 340 1120 939 
1730 235 3870 628 
1731 3257 3745 2269 
1732 3295 3726 3612 
1733 3115 4267 3384 
1734 1712 1713 1019 
1735 1714 1715 1020 
1736 1616 1702 1617 
1737 3806 3817 1913 
1738 2355 4566 1004 
1739 1700 2775 1701 
1740 1422 1545 1537 
1741 1131 3603 2981 
1742 2988 3513 3512 
1743 2643 2731 2635 
1744 1674 1879 1675 
1745 2371 4361 3168 
1746 1702 2114 1703 
1747 1548 1693 1550 
1748 2491 2510 2509 
1749 3650 4015 2084 
1750 1001 4054 2948 
1751 3198 3864 1828 
1752 1590 1674 1651 
1753 3032 4435 2114 
1754 1932 2363 2144 
1755 963 3395 568 
1756 1483 1548 1484 
1757 2340 4408 3568 
1758 1965 3237 3236 
1759 2643 4437 3386 
1760 1069 3334 531 
1761 530 3334 927 
1762 1481 2317 2316 
1763 1574 1642 1575 
1764 1286 4551 1285 
1765 2591 4651 3221 
1766 2880 2881 1930 
1767 4059 4265 3286 
1768 2987 2990 2986 
1769 3258 3410 2702 
1770 3007 3852 2530 
1771 2836 2839 2838 
1772 2637 2679 2657 
1773 2380 2447 2379 
1774 4008 4634 2759 
1775 1406 1443 1407 
1776 4029 4148 1560 
1777 1967 3226 2169 
1778 2948 4053 1001 
1779 3376 4235 958 
1780 2626 2654 2630 
1781 954 3390 3389 
1782 1975 2585 1976 
1783 1481 2316 1475 
1784 2014 2341 2015 
1785 1591 4638 3013 
1786 2625 2703 2623 
1787 2524 2525 2492 
1788 1893 2275 1894 
1789 2749 4801 3029 
1790 1422 1537 1266 
1791 1416 1483 1417 
1792 2380 2811 2447 
1793 2616 2622 2618 
1794 3208 3210 1834 
1795 2917 4448 1884 
1796 2479 2780 2481 
1797 3783 4038 3284 
1798 2771 2975 2772 
1799 1980 2049 1800 
1800 2031 2259 2034 
1801 1988 2306 2146 
1802 2477 2492 2479 
1803 2063 2113 2065 
1804 2945 2946 2221 
1805 1797 1980 1800 
1806 2340 3568 2234 
1807 2780 2781 2481 
1808 1371 1393 1369 
1809 1740 4086 2912 
1810 3379 3648 3036 
1811 1934 2191 1935 
1812 1667 3082 3081 
1813 1815 2934 2739 
1814 1492 1613 1453 
1815 1621 3241 1720 
1816 2142 4791 3658 
1817 1661 2742 2741 
1818 1538 4552 1276 
1819 3406 4000 2918 
1820 2321 2325 2320 
1821 2555 2567 2553 
1822 1791 1811 1793 
1823 2755 2943 1837 
1824 1995 2258 1992 
1825 2541 2577 2539 
1826 1752 2119 1753 
1827 2041 2803 2043 
1828 2712 3421 2711 
1829 1988 2146 1986 
1830 2780 3152 2781 
1831 1258 1266 1264 
1832 3992 4483 1123 
1833 2659 2671 2660 
1834 2620 2625 2623 
1835 1982 1983 1591 
1836 2732 2733 1940 
1837 3158 4068 3159 
1838 1823 3323 2304 
1839 1430 1433 1428 
1840 1375 1399 1373 
1841 2207 3594 2810 
1842 2704 2708 2703 
1843 2810 4819 3107 
1844 1697 1752 1698 
1845 1325 1491 1327 
1846 1446 1510 1447 
1847 2204 3231 2207 
1848 1510 1621 1511 
1849 1240 1455 1241 
1850 1251 1458 1250 
1851 1932 3103 2901 
1852 2918 3464 2121 
1853 2346 4406 3117 
1854 1932 2144 1687 
1855 2070 2190 2072 
1856 2975 4759 940 
1857 1130 2981 818 
1858 1225 3202 3201 
1859 1234 1524 1247 
1860 2644 2676 2648 
1861 2255 4025 2262 
1862 1640 1824 1641 
1863 2410 2422 2420 
1864 1882 2917 1884 
1865 1731 2147 1655 
1866 3175 3873 2446 
1867 1839 2857 1731 
1868 1621 1700 1650 
1869 2214 3216 2239 
1870 1340 4765 1526 
1871 3050 3098 2979 
1872 1015 3883 3787 
1873 1441 3147 1504 
1874 1699 2833 2773 
1875 2039 2256 2041 
1876 2680 3976 3800 
1877 2801 4604 3027 
1878 1479 1540 1528 
1879 2113 3600 2196 
1880 2377 2380 2379 
1881 1836 2348 2347 
1882 1895 2889 2605 
1883 2148 2294 1888 
1884 1202 2861 1219 
1885 1523 1653 1652 
1886 1653 2784 1893 
1887 3035 3036 2021 
1888 1531 1697 1696 
1889 1615 1836 1535 
1890 1524 2835 1247 
1891 2467 2491 2469 
1892 3104 4688 3414 
1893 1219 1231 1218 
1894 1380 4594 4283 
1895 1639 1745 1544 
1896 1331 2370 1333 
1897 2462 2464 2463 
1898 1380 1409 1377 
1899 4189 4869 2859 
1900 1452 2374 1229 
1901 2170 3233 2197 
1902 3223 3935 2824 
1903 1886 2148 1888 
1904 2679 2702 2657 
1905 2326 2586 2323 
1906 2110 2250 1688 
1907 2051 3101 1750 
1908 2752 2754 2753 
1909 2727 3510 2725 
1910 1982 1984 1983 
1911 2896 4295 1546 
1912 3199 3588 3234 
1913 3784 4068 3158 
1914 1843 2276 1844 
1915 1834 2989 1833 
1916 1478 1523 1521 
1917 1949 3109 2088 
1918 3078 4275 1048 
1919 1249 2588 1245 
1920 1946 4023 4022 
1921 1375 2461 1399 
1922 1971 2852 2851 
1923 1308 4554 3583 
1924 3651 4120 2969 
1925 2255 2262 1746 
1926 1518 1629 1596 
1927 2811 4016 2447 
1928 2173 2919 1820 
1929 2462 2466 2464 
1930 2753 4735 1723 
1931 2497 2514 2498 
1932 3005 4013 1398 
1933 568 3395 567 
1934 3662 4794 1647 
1935 1589 1591 1590 
1936 2706 2828 2704 
1937 3749 3907 3713 
1938 1720 2273 1933 
1939 1936 3325 3254 
1940 3175 4461 1213 
1941 2507 2526 2517 
1942 2840 3438 2844 
1943 2676 2730 2648 
1944 2633 2643 2635 
1945 1810 3305 2813 
1946 1860 2605 1862 
1947 3076 3354 2161 
1948 1270 2837 1271 
1949 2654 2655 2630 
1950 1542 1640 1543 
1951 2150 2152 1695 
1952 2609 4806 3346 
1953 2377 2379 2375 
1954 1659 1815 1689 
1955 1971 2851 1822 
1956 2983 4578 1290 
1957 3414 4688 931 
1958 3325 4756 3254 
1959 2396 2870 2394 
1960 2221 2947 2222 
1961 1744 3209 3208 
1962 3290 3364 920 
1963 2122 3204 2313 
1964 1573 3617 3378 
1965 1615 1840 1836 
1966 1281 4859 3263 
1967 3042 3043 2078 
1968 2845 3866 2048 
1969 2095 3498 2985 
1970 2840 4882 3438 
1971 1896 3010 2368 
1972 2485 2502 2487 
1973 1884 2916 1886 
1974 1562 1819 1582 
1975 1284 4394 2899 
1976 3062 4074 840 
1977 1534 3595 1533 
1978 2497 2515 2514 
1979 1804 1930 1806 
1980 1329 1539 1331 
1981 1285 4064 1282 
1982 1227 2602 1157 
1983 2052 4738 3298 
1984 2464 2467 2465 
1985 3502 4765 1340 
1986 1542 1661 1640 
1987 1358 2959 1356 
1988 1836 2349 2348 
1989 1533 2933 1485 
1990 2884 3137 2883 
1991 1665 1932 1687 
1992 3076 4071 842 
1993 1446 1512 1510 
1994 3797 3880 3655 
1995 2994 3611 1083 
1996 1250 1259 1231 
1997 1488 1694 1513 
1998 1457 3149 1168 
1999 2665 2915 2666 
2000 3633 4369 1033 
2001 1467 1525 1469 
2002 3730 4043 3792 
2003 1288 2983 1290 
2004 1202 1218 1203 
2005 2652 2674 2659 
2006 2766 4627 1775 
2007 1701 3620 3393 
2008 1980 3117 2049 
2009 1858 1895 1860 
2010 944 4083 3284 
2011 2229 2238 2230 
2012 3626 4176 1458 
2013 1531 1699 1697 
2014 2129 4070 3105 
2015 3185 4591 2236 
2016 2229 2315 2238 
2017 2828 3456 2708 
2018 1498 1500 1499 
2019 2509 3093 2823 
2020 3108 3507 3218 
2021 1676 1957 1649 
2022 4057 4412 4161 
2023 1677 3593 3039 
2024 2005 3105 2008 
2025 2411 2850 2410 
2026 1232 1250 1231 
2027 1706 2778 2777 
2028 2564 3111 2561 
2029 1903 3030 1906 
2030 2706 2829 2828 
2031 1931 3805 3190 
2032 1752 2160 2119 
2033 1140 3039 1488 
2034 2259 2260 2034 
2035 2927 4795 1924 
2036 1059 3592 3214 
2037 4507 4625 3167 
2038 3367 3564 939 
2039 1269 3353 3119 
2040 1843 2589 2276 
2041 1801 2880 1804 
2042 1263 3057 1160 
2043 2482 3007 2485 
2044 2190 2612 2072 
2045 3014 3995 2312 
2046 2378 2909 2377 
2047 1634 2751 1636 
2048 2376 2377 2375 
2049 1339 4703 2584 
2050 2804 4613 1575 
2051 2582 3949 1613 
2052 3398 4041 3563 
2053 2417 2425 2415 
2054 2736 4223 1530 
2055 1949 2088 2087 
2056 1933 2877 2775 
2057 1258 1264 1257 
2058 271 4447 875 
2059 2467 2469 2468 
2060 2186 4001 3986 
2061 2816 2819 2817 
2062 1922 2992 1920 
2063 3050 3099 3098 
2064 4234 4411 1047 
2065 2998 4876 2329 
2066 2151 2309 2150 
2067 1995 2779 2258 
2068 3261 3878 1595 
2069 2773 4818 1697 
2070 1240 1589 1455 
2071 1908 2613 1910 
2072 1445 4787 2342 
2073 1590 3013 1674 
2074 1689 1973 1690 
2075 2210 3107 2213 
2076 1554 2963 1556 
2077 1870 2732 1872 
2078 2979 4242 2195 
2079 2737 4343 1436 
2080 4105 4216 3011 
2081 1463 1632 1465 
2082 2850 4209 4180 
2083 1445 2342 1463 
2084 4054 4233 2888 
2085 1851 2918 2121 
2086 2335 2337 2133 
2087 1880 1937 1882 
2088 1558 1878 1560 
2089 1053 3800 3415 
2090 1703 2878 1705 
2091 1550 2601 1552 
2092 1761 2757 1763 
2093 1757 2755 1759 
2094 1245 1446 1246 
2095 753 4017 3740 
2096 1765 2761 1767 
2097 2066 2735 2070 
2098 1299 2307 1527 
2099 1806 2590 1808 
2100 1621 1720 1700 
2101 1743 2261 2103 
2102 1777 2816 1779 
2103 1643 1750 1748 
2104 1655 4666 2784 
2105 1616 1706 1702 
2106 2487 2528 2489 
2107 2054 2862 2056 
2108 1769 2764 1771 
2109 2404 2410 2403 
2110 1596 1662 1597 
2111 1535 2347 1500 
2112 1193 3222 1191 
2113 2683 2687 2685 
2114 1846 3034 1966 
2115 1862 2120 1864 
2116 908 1627 412 
2117 907 1626 614 
2118 2035 2809 2039 
2119 1221 1452 1229 
2120 1753 2924 1755 
2121 2331 2998 2329 
2122 1659 1689 1660 
2123 2421 2892 2891 
2124 2218 2945 2221 
2125 1926 2927 1924 
2126 1857 3044 1858 
2127 1483 1549 1548 
2128 2091 2820 2090 
2129 2383 2909 2378 
2130 2090 3160 2143 
2131 2074 2362 2076 
2132 1264 1479 1265 
2133 2008 2984 2010 
2134 895 3904 3159 
2135 4414 4543 2868 
2136 1313 2249 1315 
2137 1781 2863 1783 
2138 1723 2130 1725 
2139 1818 3191 3190 
2140 1674 1892 1879 
2141 2747 4705 1941 
2142 1819 1820 1582 
2143 1323 2845 1325 
2144 2720 2950 2719 
2145 1273 1531 1272 
2146 1556 2962 1558 
2147 3155 4852 3369 
2148 2154 2999 2003 
2149 2386 2409 2384 
2150 3159 4068 895 
2151 1479 1528 1480 
2152 1090 3796 212 
2153 1333 1532 1336 
2154 3277 4446 3375 
2155 2665 3141 2915 
2156 3359 3607 3360 
2157 2924 3075 2112 
2158 1393 4118 1369 
2159 3789 4293 1677 
2160 1597 2955 1599 
2161 2539 2900 2536 
2162 2035 4803 2809 
2163 2410 2420 2403 
2164 1299 1527 1297 
2165 2160 4192 3289 
2166 2883 4816 1711 
2167 1619 3139 1620 
2168 1844 3034 1846 
2169 3029 3140 3139 
2170 2705 2706 2704 
2171 1986 2830 1984 
2172 3326 4620 923 
2173 1636 1722 1638 
2174 1694 1695 1513 
2175 2010 2014 2012 
2176 1972 3347 1971 
2177 3070 3142 2052 
2178 2224 2887 2226 
2179 2056 2862 2084 
2180 1421 4123 1346 
2181 3451 4321 3260 
2182 2333 3880 3797 
2183 1607 1691 1609 
2184 1945 3000 1979 
2185 1241 2865 1243 
2186 2615 3622 2616 
2187 1577 1594 1579 
2188 1237 3100 1216 
2189 1253 2941 1251 
2190 1581 1633 1593 
2191 2226 2887 2229 
2192 2325 2332 2320 
2193 1906 2111 1908 
2194 2164 3348 3225 
2195 2770 4442 1693 
2196 1868 1947 1870 
2197 1783 2863 1810 
2198 1603 1946 1605 
2199 1686 3065 1676 
2200 1552 1876 1554 
2201 1910 2161 1970 
2202 1992 2583 1989 
2203 3313 4011 3486 
2204 1676 2052 1957 
2205 3290 3913 2612 
2206 1924 2186 1922 
2207 3190 3805 2734 
2208 2392 2814 2390 
2209 2590 4531 1808 
2210 2568 4446 3277 
2211 1014 4037 3623 
2212 1311 1410 1313 
2213 1973 3078 1974 
2214 1329 4021 1539 
2215 2216 2945 2218 
2216 1667 3081 1487 
2217 2200 4381 2203 
2218 2384 2911 2383 
2219 3470 3816 1490 
2220 2296 3171 2298 
2221 1496 1497 1309 
2222 4034 4271 990 
2223 1157 4815 1159 
2224 2725 3052 3051 
2225 996 4156 3173 
2226 4257 4693 2820 
2227 1794 2345 1797 
2228 1526 3187 1342 
2229 2406 2870 2396 
2230 1383 3172 1408 
2231 1872 1940 1874 
2232 2666 2915 2680 
2233 1384 1411 1382 
2234 3120 3121 2339 
2235 1928 2925 1926 
2236 2017 2600 2019 
2237 1705 1896 1708 
2238 1321 1405 1323 
2239 2323 2587 2321 
2240 1684 3293 1718 
2241 1902 3368 3031 
2242 305 4109 968 
2243 1465 3257 1467 
2244 3067 3125 3124 
2245 2752 2753 1722 
2246 1453 3056 1423 
2247 1485 1595 1275 
2248 2208 3107 2210 
2249 836 4261 430 
2250 3039 3593 2151 
2251 2765 2767 2766 
2252 3260 4355 3451 
2253 1711 1949 1948 
2254 1605 2360 1607 
2255 2553 2798 2550 
2256 1109 4122 3264 
2257 2051 3102 3101 
2258 4057 4161 3933 
2259 1528 1659 1529 
2260 1710 1934 1827 
2261 1436 1439 1434 
2262 1496 1498 1497 
2263 2629 3138 2633 
2264 2345 2346 1980 
2265 3173 4156 3224 
2266 2670 2677 2673 
2267 3679 3746 2260 
2268 2318 2320 2317 
2269 2086 3063 2095 
2270 1438 3147 1437 
2271 1406 1444 1443 
2272 1287 1478 1477 
2273 2861 3984 1219 
2274 1777 4616 2816 
2275 2289 3848 3609 
2276 1569 1574 1571 
2277 1475 1542 1476 
2278 1718 3014 1817 
2279 2724 2725 2722 
2280 1968 4574 1969 
2281 1243 1249 1245 
2282 2296 4543 3171 
2283 2541 2939 2577 
2284 2757 2760 2758 
2285 2413 2423 2411 
2286 1857 1858 1855 
2287 2261 2868 2103 
2288 3172 4215 1408 
2289 2655 2686 2681 
2290 2045 3059 2047 
2291 2662 3064 2665 
2292 1010 2886 1112 
2293 1854 1855 1853 
2294 2881 2882 1930 
2295 3085 3300 2569 
2296 4033 4034 990 
2297 975 4183 3155 
2298 2996 2997 2331 
2299 2469 2823 2470 
2300 1779 2816 1812 
2301 1746 3053 1745 
2302 1966 3226 1967 
2303 874 1120 341 
2304 2555 3200 2567 
2305 1775 1849 1777 
2306 1729 2787 2786 
2307 2316 4349 1475 
2308 1532 1729 1728 
2309 3721 4383 1572 
2310 2474 2523 2477 
2311 1379 3129 1366 
2312 1475 4349 1542 
2313 2586 4462 3628 
2314 2635 2637 2636 
2315 1759 1837 1761 
2316 1633 1736 1735 
2317 1396 2959 1358 
2318 2660 3064 2662 
2319 927 3334 3308 
2320 1755 2112 1757 
2321 3152 3154 933 
2322 2578 4854 4072 
2323 1708 2368 1710 
2324 3208 3211 3210 
2325 1183 2846 1238 
2326 1763 1850 1765 
2327 1943 2283 1945 
2328 2130 2952 1725 
2329 2574 3085 2571 
2330 2390 2421 2388 
2331 2806 4098 2807 
2332 2854 3227 2677 
2333 877 2876 370 
2334 878 2875 167 
2335 2561 3111 2559 
2336 1278 3263 1153 
2337 1599 2955 1602 
2338 1771 2764 1774 
2339 1431 1434 1430 
2340 1574 1643 1642 
2341 1691 2091 2090 
2342 2305 3046 1972 
2343 1430 4632 2615 
2344 2795 2796 2425 
2345 2370 4517 1333 
2346 1419 2941 1253 
2347 2964 2966 2962 
2348 2559 3173 2558 
2349 1539 2370 1331 
2350 1767 1813 1769 
2351 1389 2976 1449 
2352 1839 2858 2857 
2353 1761 4478 2757 
2354 3307 3308 2089 
2355 2060 2282 2063 
2356 2256 2803 2041 
2357 1817 2312 2054 
2358 2133 4861 1751 
2359 2027 2281 2031 
2360 1893 2873 2275 
2361 2835 3219 2836 
2362 3394 3395 963 
2363 889 4171 3374 
2364 1191 1225 1189 
2365 4070 4187 2984 
2366 1114 2847 1115 
2367 3105 4070 2984 
2368 1808 1843 1831 
2369 1404 3072 1509 
2370 2647 2699 2652 
2371 3056 4687 1423 
2372 1549 3114 2769 
2373 3445 3604 2867 
2374 1767 2761 1813 
2375 2865 3909 3015 
2376 1435 1436 1434 
2377 1348 1416 1350 
2378 1688 3103 1665 
2379 1280 4055 1283 
2380 1467 4005 1525 
2381 3034 4362 3256 
2382 2489 2497 2495 
2383 3328 3874 3101 
2384 1711 4816 1949 
2385 2832 3470 1490 
2386 2671 3145 3086 
2387 1017 4066 4065 
2388 3588 3953 3234 
2389 1213 1261 1215 
2390 3123 3287 3122 
2391 1436 4343 1439 
2392 2891 4484 3136 
2393 2072 4827 2074 
2394 1763 2757 1850 
2395 1736 2182 2181 
2396 2350 3361 1770 
2397 2963 2965 2964 
2398 1755 2924 2112 
2399 1162 3148 1263 
2400 1771 1774 1773 
2401 2507 2517 2508 
2402 1395 2944 1460 
2403 1759 2755 1837 
2404 3101 3874 2163 
2405 2862 3273 2084 
2406 2502 2528 2487 
2407 1930 2590 1806 
2408 2640 2697 2644 
2409 1211 3175 1213 
2410 1895 2605 1860 
2411 3463 4494 3748 
2412 1599 1602 1601 
2413 1360 1396 1358 
2414 3689 4084 1427 
2415 2300 2604 2302 
2416 818 1117 1116 
2417 2090 2143 1692 
2418 2181 2183 1735 
2419 2423 2850 2411 
2420 1833 2986 1584 
2421 2182 3164 2181 
2422 2298 3635 2968 
2423 2975 3642 2772 
2424 3106 4414 2868 
2425 2997 2998 2331 
2426 2914 3764 1839 
2427 1779 1812 1781 
2428 1518 1596 1519 
2429 1206 3150 1217 
2430 3066 3068 3065 
2431 2857 4074 3062 
2432 2727 4457 3510 
2433 3173 3224 2558 
2434 2718 2719 2716 
2435 1302 2937 1301 
2436 1586 3323 1823 
2437 928 3484 3171 
2438 2190 3364 3290 
2439 1908 4667 2613 
2440 2203 3231 2204 
2441 3949 4379 1613 
2442 1748 1749 1642 
2443 1801 4850 2880 
2444 2509 3094 3093 
2445 2185 2311 2182 
2446 1957 2164 1958 
2447 1579 3242 1581 
2448 2047 3059 3058 
2449 2978 3366 1201 
2450 2453 3836 3673 
2451 2427 2428 2419 
2452 2655 3133 2686 
2453 2500 2527 2507 
2454 1791 1793 1792 
2455 1937 2917 1882 
2456 1472 1481 1475 
2457 2589 4659 3545 
2458 2652 2659 2653 
2459 2679 3258 2702 
2460 3780 4381 2200 
2461 2482 4851 3007 
2462 2523 2524 2492 
2463 2836 2838 2837 
2464 2043 2603 2045 
2465 2047 3058 2278 
2466 1255 1419 1253 
2467 2851 4606 3009 
2468 2502 2530 2529 
2469 1530 4432 3252 
2470 3048 4718 957 
2471 3246 3389 3247 
2472 1159 1450 1161 
2473 2169 3233 2170 
2474 1648 1676 1649 
2475 1705 2878 1896 
2476 2864 3306 3305 
2477 1722 1723 1638 
2478 3673 4370 2433 
2479 4072 4186 2578 
2480 1195 1220 1193 
2481 1586 1587 1534 
2482 1822 3008 1587 
2483 3242 4328 1581 
2484 293 4655 292 
2485 1503 1647 1505 
2486 1872 2732 1940 
2487 1429 1430 1428 
2488 1438 3674 3610 
2489 3432 3433 3136 
2490 2571 3085 2569 
2491 3061 4400 3409 
2492 2518 4098 3206 
2493 1187 1240 1200 
2494 2606 4345 3541 
2495 2687 2688 2685 
2496 3258 3259 873 
2497 2633 2635 2634 
2498 2421 2891 2388 
2499 1728 1730 1727 
2500 1966 3255 3226 
2501 3067 3124 3066 
2502 2914 3454 1692 
2503 4007 4008 2759 
2504 2329 2333 2327 
2505 3876 4866 2743 
2506 2623 2626 2624 
2507 2347 4520 1500 
2508 2213 3216 2214 
2509 3029 3139 1129 
2510 1093 3311 1092 
2511 1910 2613 2161 
2512 2925 2927 1926 
2513 1552 2601 1876 
2514 2787 2856 2855 
2515 1095 3302 1094 
2516 2833 2977 2834 
2517 3158 3690 824 
2518 2427 2429 2428 
2519 1487 3081 1507 
2520 2388 2891 2386 
2521 3678 3913 3290 
2522 1112 2886 1113 
2523 2311 3599 3164 
2524 3523 3524 2424 
2525 1205 1228 1207 
2526 1264 2280 1479 
2527 2126 3648 3647 
2528 2144 3795 2905 
2529 3274 4185 1482 
2530 1410 2249 1313 
2531 3211 3212 3210 
2532 893 3649 3273 
2533 3109 3110 2088 
2534 1906 3030 2111 
2535 2565 2568 2564 
2536 2099 2255 1746 
2537 2019 3035 2021 
2538 1209 1236 1211 
2539 1291 1418 1289 
2540 2605 4599 1862 
2541 1229 4696 1234 
2542 1373 3538 1371 
2543 2613 3076 2161 
2544 957 4138 3048 
2545 1697 4818 1752 
2546 2666 2680 2668 
2547 2076 3042 2078 
2548 4065 4066 2977 
2549 3268 3704 3239 
2550 2014 2750 2341 
2551 3755 4672 1658 
2552 1302 4700 2937 
2553 3097 3270 2246 
2554 1744 3208 1585 
2555 2569 3300 2568 
2556 1934 2354 2191 
2557 2122 2313 2175 
2558 2758 2759 1850 
2559 869 4324 4236 
2560 2438 2453 2436 
2561 2533 3465 3341 
2562 1052 3349 3225 
2563 2402 2403 2400 
2564 3917 4148 2159 
2565 2333 3189 2327 
2566 2987 3048 2990 
2567 369 1028 368 
2568 166 1027 165 
2569 1179 3119 1260 
2570 1462 3372 1407 
2571 3336 3580 2794 
2572 2107 2154 2003 
2573 1474 1856 1854 
2574 1556 2963 2962 
2575 1441 1503 1442 
2576 1112 1113 813 
2577 1427 1428 1379 
2578 3001 4716 1979 
2579 1443 1445 1407 
2580 2163 2789 1748 
2581 3275 3801 2614 
2582 1268 3135 1176 
2583 2023 2126 2025 
2584 3002 3533 2371 
2585 2668 2854 2670 
2586 1163 1490 1165 
2587 3746 3812 2260 
2588 2417 2795 2425 
2589 1957 3298 2164 
2590 2436 3673 2433 
2591 2008 3105 2984 
2592 2762 2763 1813 
2593 2341 3041 2015 
2594 1691 1692 1609 
2595 2431 3340 2429 
2596 2474 4222 2523 
2597 1783 1810 1785 
2598 1633 1634 1593 
2599 1823 1971 1822 
2600 2422 3643 3395 
2601 958 4235 104 
2602 2390 2814 2421 
2603 2618 3652 2620 
2604 3515 4443 2600 
2605 3237 4264 3239 
2606 2591 2592 1879 
2607 2324 2326 2323 
2608 2056 2084 2058 
2609 2616 2618 2617 
2610 1532 1727 1336 
2611 2618 2620 2619 
2612 2222 2235 2224 
2613 2403 2866 2400 
2614 3330 4213 3331 
2615 3304 3844 3303 
2616 1765 4617 2761 
2617 3149 3761 3532 
2618 2768 4695 4249 
2619 3230 4642 2131 
2620 1503 3662 1647 
2621 2282 2827 2113 
2622 1634 4657 2751 
2623 3132 3520 2609 
2624 1463 2342 1632 
2625 2144 2905 2145 
2626 3161 4226 999 
2627 1505 3090 1442 
2628 2186 2992 1922 
2629 2191 3080 1935 
2630 2278 2289 2288 
2631 2226 2229 2228 
2632 2161 2162 1970 
2633 2419 2795 2417 
2634 3226 4780 2169 
2635 1547 1639 1544 
2636 1769 4637 2764 
2637 1437 1440 1436 
2638 2014 2015 2012 
2639 1139 3469 1137 
2640 3394 3584 2867 
2641 2699 2701 2674 
2642 1516 4027 3676 
2643 2956 2958 1602 
2644 2674 4205 3193 
2645 458 4112 117 
2646 2458 3215 2459 
2647 2015 3041 2017 
2648 1849 4627 4248 
2649 2371 3533 2370 
2650 2719 2969 2716 
2651 1616 1617 1499 
2652 2003 4454 2000 
2653 2765 2766 1774 
2654 1389 1449 1386 
2655 3786 4553 1432 
2656 1946 2360 1605 
2657 1275 2286 1273 
2658 3391 4078 2961 
2659 1879 1880 1675 
2660 2837 4701 1271 
2661 3157 4405 1569 
2662 2789 3462 2790 
2663 2031 2034 2032 
2664 2415 2744 2413 
2665 1858 3044 1895 
2666 2382 2383 2378 
2667 2309 4751 2150 
2668 1382 4594 1380 
2669 1428 3128 1379 
2670 3439 4730 3046 
2671 1115 3028 817 
2672 2334 2335 2133 
2673 1612 3399 1611 
2674 1392 3359 3333 
2675 1694 2151 2150 
2676 2841 4882 2840 
2677 3795 4633 2905 
2678 1123 4483 3027 
2679 1884 4448 2916 
2680 1940 1941 1874 
2681 2063 2065 2064 
2682 2081 2086 2083 
2683 1287 1477 1288 
2684 394 3091 393 
2685 191 3092 190 
2686 1597 4871 2955 
2687 1344 1421 1346 
2688 2398 2406 2396 
2689 2461 2575 2462 
2690 1554 4542 2963 
2691 3053 3054 1745 
2692 2362 3042 2076 
2693 1567 3157 1569 
2694 1183 1238 1185 
2695 1896 2368 1708 
2696 1516 3676 1518 
2697 1391 2976 1389 
2698 3133 3134 2686 
2699 2617 3737 3128 
2700 2944 3548 1460 
2701 2327 3189 2326 
2702 4369 4385 3059 
2703 1558 4864 1878 
2704 1977 3405 3049 
2705 961 3943 3134 
2706 2817 2818 1812 
2707 2181 3329 2183 
2708 2129 3564 3367 
2709 1346 3345 1348 
2710 2429 3337 2428 
2711 1590 1651 1455 
2712 3700 4630 3129 
2713 1046 3957 3112 
2714 906 3804 3670 
2715 3268 3803 2353 
2716 1702 1703 1617 
2717 2086 3271 3063 
2718 3058 3848 2289 
2719 3653 4407 1026 
2720 3113 3957 3517 
2721 2149 3937 3530 
2722 3649 3650 3273 
2723 2697 2698 2676 
2724 1781 4725 2863 
2725 2375 3793 2374 
2726 1548 1550 1484 
2727 1074 3170 3169 
2728 1889 1975 1891 
2729 2214 2239 2216 
2730 1674 1675 1651 
2731 2556 2558 2555 
2732 3130 4470 1238 
2733 1934 1935 1827 
2734 1434 4632 1430 
2735 1441 1442 1440 
2736 2693 3621 3205 
2737 3484 3635 3171 
2738 1493 1544 1492 
2739 2207 2810 2208 
2740 1972 4730 3347 
2741 4240 4848 2807 
2742 1636 2751 1722 
2743 1933 3116 2877 
2744 66 1030 65 
2745 269 1029 268 
2746 343 1087 342 
2747 2526 3862 2517 
2748 3246 3247 1719 
2749 2576 2860 2547 
2750 1928 2926 2925 
2751 2470 2493 2472 
2752 1004 4229 2355 
2753 1003 4230 2356 
2754 2697 4598 3996 
2755 2600 4140 3515 
2756 3377 4235 3376 
2757 1574 1575 1571 
2758 2404 2411 2410 
2759 1483 1484 1417 
2760 3712 3977 2120 
2761 1846 1966 1848 
2762 2568 3277 2564 
2763 2620 2623 2621 
2764 2849 3371 1279 
2765 876 2920 67 
2766 1158 3057 1239 
2767 2477 2479 2478 
2768 2732 2783 2733 
2769 2121 3204 2122 
2770 2600 3035 2019 
2771 1686 3066 3065 
2772 3367 4070 2129 
2773 3719 4307 1151 
2774 2775 3620 1701 
2775 2585 3120 1976 
2776 2554 2555 2553 
2777 2218 2221 2220 
2778 3607 3699 2658 
2779 2517 3112 2518 
2780 3750 4144 3315 
2781 3123 4045 1671 
2782 1241 4720 2865 
2783 2088 3307 2089 
2784 1933 2775 1700 
2785 1454 1492 1453 
2786 2670 2854 2677 
2787 2733 2746 1940 
2788 4030 4031 2902 
2789 2596 3502 1727 
2790 2716 2969 2714 
2791 1893 1894 1652 
2792 2277 3865 2046 
2793 2394 2407 2392 
2794 3112 3862 3590 
2795 1804 2880 1930 
2796 1474 1853 1338 
2797 3848 4385 899 
2798 845 4053 4003 
2799 4248 4249 4247 
2800 2485 3007 2502 
2801 2283 3000 1945 
2802 2339 3461 3087 
2803 3070 4407 3653 
2804 1488 3039 1694 
2805 2947 4837 2222 
2806 2190 3290 2612 
2807 1193 4523 3222 
2808 2142 3658 2155 
2809 2500 2507 2506 
2810 3500 3501 3262 
2811 2739 4039 2740 
2812 1267 1422 1266 
2813 1169 3608 1456 
2814 3749 3951 2117 
2815 1181 2846 1183 
2816 2724 2727 2725 
2817 1161 2832 1163 
2818 1202 1203 1199 
2819 1976 3120 2339 
2820 3308 3334 3310 
2821 3608 3911 2279 
2822 1444 4869 4189 
2823 1419 3269 2941 
2824 1703 4857 2878 
2825 1560 4148 1562 
2826 1521 1522 1477 
2827 319 2929 318 
2828 116 2930 115 
2829 2772 3265 2954 
2830 2132 2133 1751 
2831 1896 3011 3010 
2832 1967 2169 2168 
2833 2889 2890 2605 
2834 2081 4390 2086 
2835 2640 2644 2642 
2836 1213 4461 1261 
2837 1999 2973 2972 
2838 2714 2728 2712 
2839 2972 4062 3681 
2840 1231 3522 1218 
2841 1491 4391 1327 
2842 2992 3301 2993 
2843 2210 2213 2212 
2844 1459 3108 1172 
2845 3247 3250 3249 
2846 1700 1701 1650 
2847 4282 4375 1739 
2848 2936 4668 4359 
2849 3296 3944 1262 
2850 3332 4556 1946 
2851 1386 4312 3765 
2852 1730 3190 2734 
2853 2051 3144 3102 
2854 1787 1791 1790 
2855 553 3592 552 
2856 2573 2574 2571 
2857 1437 1441 1440 
2858 635 4250 241 
2859 1895 2913 2889 
2860 1163 2832 1490 
2861 3892 4797 4614 
2862 2464 3757 2467 
2863 2306 3322 2146 
2864 2131 4642 3536 
2865 1166 3149 1420 
2866 3844 4348 3303 
2867 4118 4464 1362 
2868 3139 3140 1620 
2869 3102 3328 3101 
2870 2028 3964 3528 
2871 2376 3525 2381 
2872 2592 4792 1880 
2873 1368 3268 3266 
2874 2880 4304 2881 
2875 2204 2207 2206 
2876 3225 3782 2165 
2877 2997 3303 2998 
2878 1914 3302 1095 
2879 2293 3284 3021 
2880 2170 2197 2172 
2881 1931 3311 1093 
2882 2637 2657 2638 
2883 3152 3153 2781 
2884 1105 3564 1952 
2885 1370 1371 1369 
2886 2647 2652 2651 
2887 3097 4358 2611 
2888 2548 2576 2547 
2889 2109 4323 3794 
2890 2433 2452 2431 
2891 1824 1825 1641 
2892 1993 1995 1992 
2893 2701 4205 2674 
2894 1661 3666 2742 
2895 1416 1417 1350 
2896 1185 3055 1187 
2897 2644 2648 2645 
2898 1510 1511 1447 
2899 2817 3158 2818 
2900 1851 2121 1852 
2901 1508 4189 3882 
2902 2261 3106 2868 
2903 2046 3865 2048 
2904 2962 4864 1558 
2905 2936 4359 2307 
2906 1406 1407 1319 
2907 1752 1753 1698 
2908 2546 2547 2545 
2909 1719 3248 1660 
2910 2725 3051 2722 
2911 2662 2665 2664 
2912 2521 3006 2510 
2913 3409 4533 3061 
2914 1416 2352 1483 
2915 1602 1603 1601 
2916 2150 4751 3670 
2917 2611 3965 2610 
2918 2877 3169 2775 
2919 4220 4411 3628 
2920 2179 2180 1983 
2921 3145 3192 903 
2922 3878 4419 1595 
2923 1718 3293 3014 
2924 1104 1105 858 
2925 2147 4666 1655 
2926 2678 3089 2683 
2927 1392 3607 3359 
2928 2154 3155 2999 
2929 3178 4718 2989 
2930 2762 3316 2763 
2931 1441 1504 1503 
2932 848 3870 629 
2933 456 4274 88 
2934 1584 1721 1506 
2935 2462 2463 1399 
2936 2447 2454 2448 
2937 1664 2110 1688 
2938 1249 3188 2588 
2939 1697 1698 1696 
2940 2870 4729 2394 
2941 2886 3016 1113 
2942 3107 3342 2213 
2943 1320 1406 1319 
2944 2200 2203 2202 
2945 1318 4165 1321 
2946 2258 2902 2583 
2947 2700 3387 3386 
2948 2659 3192 2671 
2949 3328 4253 1073 
2950 1442 1482 1440 
2951 2203 3320 3231 
2952 4261 4571 3146 
2953 1395 1460 1391 
2954 1774 1775 1773 
2955 3319 4347 1997 
2956 2851 3009 3008 
2957 1248 3095 1235 
2958 2479 2481 2480 
2959 2273 4881 3116 
2960 2027 2031 2030 
2961 2511 2521 2510 
2962 2812 3297 2811 
2963 1222 3131 1237 
2964 1808 4531 1843 
2965 1401 2944 1395 
2966 2060 2063 2062 
2967 2677 2678 2673 
2968 1225 3201 1189 
2969 3594 3867 2810 
2970 1414 3072 1404 
2971 2869 4223 2736 
2972 1797 1800 1798 
2973 1640 1641 1543 
2974 1503 1505 1442 
2975 1446 1447 1246 
2976 3670 3804 3798 
2977 3312 3900 2504 
2978 3459 4280 1840 
2979 1621 1650 1511 
2980 2315 3324 2238 
2981 2626 2630 2627 
2982 1128 3028 1129 
2983 1975 1976 1891 
2984 1836 2347 1535 
2985 1083 3706 2994 
2986 1224 3162 1144 
2987 2281 2853 2259 
2988 2318 2321 2320 
2989 879 3651 3418 
2990 3258 4278 3410 
2991 1539 4361 2371 
2992 2842 4527 3514 
2993 1985 1986 1984 
2994 2847 3613 1115 
2995 1757 4734 2755 
2996 1452 2376 2375 
2997 802 3672 3331 
2998 1639 3122 2099 
2999 2971 3681 2779 
3000 2761 3843 2762 
3001 3397 3398 2440 
3002 2325 3376 2332 
3003 1343 3363 1415 
3004 2384 4702 2911 
3005 1219 1232 1231 
3006 2422 3394 2420 
3007 1214 3100 1233 
3008 1240 1241 1200 
3009 2151 2369 2309 
3010 1623 3221 1622 
3011 1625 3457 1624 
3012 2540 2541 2539 
3013 1500 4520 1616 
3014 2313 2314 2175 
3015 2250 3047 2251 
3016 1378 3333 1398 
3017 4161 4412 968 
3018 1818 3190 1730 
3019 2722 3051 2720 
3020 2152 3798 2292 
3021 2271 3400 1956 
3022 1186 3201 1184 
3023 2402 2404 2403 
3024 1745 4425 1544 
3025 2710 2711 2707 
3026 3673 3836 880 
3027 1531 1696 1272 
3028 2951 3338 1502 
3029 3235 3378 3236 
3030 1941 4705 1943 
3031 3611 3731 1083 
3032 1215 3525 1221 
3033 1665 3103 1932 
3034 2376 2378 2377 
3035 3324 4231 1008 
3036 1494 4242 3098 
3037 1435 1437 1436 
3038 1833 2989 2987 
3039 2892 4484 2891 
3040 1320 2598 1406 
3041 2524 3402 2525 
3042 1372 1373 1371 
3043 945 1131 1130 
3044 2989 4718 2987 
3045 1987 1988 1986 
3046 3022 4092 1295 
3047 1127 4020 3023 
3048 3107 4819 3724 
3049 3232 4639 2848 
3050 2070 2735 2190 
3051 1155 1227 1157 
3052 3131 4715 1237 
3053 1843 1844 1831 
3054 2039 2809 2256 
3055 2392 4722 2814 
3056 2474 2477 2476 
3057 140 3675 139 
3058 1232 1251 1250 
3059 1101 3560 1961 
3060 2002 2003 2000 
3061 3644 4810 3632 
3062 1837 4478 1761 
3063 1202 1219 1218 
3064 3787 3883 3441 
3065 1974 3244 1690 
3066 3245 3711 3442 
3067 1849 4616 1777 
3068 2647 4612 2699 
3069 2760 3291 2758 
3070 2797 3616 3097 
3071 2563 2564 2561 
3072 1857 4240 3044 
3073 4035 4319 2283 
3074 3483 3625 3329 
3075 1647 1648 1505 
3076 2948 4054 2235 
3077 2425 2744 2415 
3078 3202 3203 3201 
3079 4460 4528 3941 
3080 1304 3529 1307 
3081 848 3388 3316 
3082 3199 3234 1354 
3083 1692 3454 1609 
3084 1386 3765 1384 
3085 2509 2823 2469 
3086 1236 3175 1211 
3087 1664 1688 1665 
3088 40 3720 39 
3089 2497 2498 2495 
3090 2152 2292 2153 
3091 3071 4483 3992 
3092 2823 4773 2470 
3093 2293 3021 3020 
3094 2683 3089 2687 
3095 2520 3538 2463 
3096 3324 4431 4231 
3097 1932 2901 2363 
3098 1407 3372 1319 
3099 1271 1273 1272 
3100 2752 3294 2754 
3101 1820 1851 1821 
3102 3270 3676 2247 
3103 2161 3354 2162 
3104 2629 2633 2632 
3105 2577 3146 2900 
3106 3409 3657 3408 
3107 1325 2845 1491 
3108 2643 3386 2731 
3109 1917 3885 1929 
3110 3151 3339 3150 
3111 3066 3069 3068 
3112 2765 3276 2767 
3113 3674 3768 1835 
3114 1565 1572 1567 
3115 2707 3012 2706 
3116 1875 4797 3892 
3117 2464 2465 2463 
3118 2533 3341 2522 
3119 3033 4849 2421 
3120 4477 4660 1868 
3121 1823 1972 1971 
3122 2864 3305 1810 
3123 2794 4155 2793 
3124 3117 3280 2049 
3125 3173 3374 996 
3126 3684 4714 3503 
3127 1238 3055 1185 
3128 1323 1325 1324 
3129 1309 3118 1306 
3130 3247 3389 3250 
3131 2665 2666 2664 
3132 2274 2361 2273 
3133 3240 3455 1685 
3134 1689 1690 1660 
3135 2946 2947 2221 
3136 3236 3617 1965 
3137 2928 4181 1217 
3138 2858 3764 3161 
3139 3017 3578 2939 
3140 1243 2865 1249 
3141 3050 4740 3099 
3142 1404 1509 1401 
3143 1403 1546 1413 
3144 1585 1833 1584 
3145 2994 3999 3766 
3146 3047 3281 3207 
3147 1585 3208 1834 
3148 3160 3161 2143 
3149 1004 4566 3322 
3150 2708 3456 3453 
3151 2981 3603 2982 
3152 3028 4102 2903 
3153 2772 2954 2319 
3154 3358 4680 2366 
3155 1542 1543 1476 
3156 1497 3118 1309 
3157 3284 4083 3021 
3158 3310 3601 2935 
3159 3011 4216 3978 
3160 1120 3367 939 
3161 3299 4831 1091 
3162 2534 2581 2533 
3163 3117 3641 3280 
3164 3330 3331 3084 
3165 4247 4249 1005 
3166 2903 4102 2349 
3167 1340 1526 1342 
3168 875 3667 3320 
3169 1452 3525 2376 
3170 2420 2867 2866 
3171 2171 4595 3218 
3172 1250 4631 1259 
3173 3003 3860 2408 
3174 1087 4528 4460 
3175 1451 1541 1414 
3176 1981 1982 1591 
3177 1207 3003 1209 
3178 3294 3624 2754 
3179 1654 1655 1653 
3180 2256 2808 2803 
3181 1366 1369 1364 
3182 1996 2971 1995 
3183 3096 3933 2244 
3184 2162 3567 3115 
3185 1998 1999 1996 
3186 3024 3026 3025 
3187 2767 2768 2766 
3188 2158 3917 2159 
3189 1794 1797 1796 
3190 1431 1435 1434 
3191 981 4031 4030 
3192 2718 2720 2719 
3193 1973 1974 1690 
3194 2311 3164 2182 
3195 1243 1245 1244 
3196 3398 3563 1059 
3197 1234 1247 1235 
3198 3740 4017 3052 
3199 4233 4244 2888 
3200 2853 4061 2259 
3201 1374 1375 1373 
3202 3485 4170 1079 
3203 243 3784 242 
3204 1677 4293 3593 
3205 4505 4714 3684 
3206 878 3986 2875 
3207 1569 4405 1574 
3208 2659 2660 2653 
3209 2792 3335 2794 
3210 2952 4108 2953 
3211 3622 4726 2616 
3212 2440 3214 2438 
3213 2146 2830 1986 
3214 3035 3379 3036 
3215 1072 3635 3484 
3216 2467 2468 2465 
3217 1169 1456 1171 
3218 1425 1453 1423 
3219 2380 2812 2811 
3220 2933 3262 3261 
3221 3018 3578 3017 
3222 1448 1667 1487 
3223 1727 3502 1336 
3224 2452 3540 3340 
3225 1432 4084 3786 
3226 1595 2286 1275 
3227 1325 1327 1326 
3228 1374 3352 1392 
3229 2463 3538 1399 
3230 1979 4716 2300 
3231 3253 4518 3251 
3232 3658 4466 4419 
3233 3228 3229 1173 
3234 1586 1823 1822 
3235 2336 3313 2335 
3236 1173 3229 1175 
3237 2229 2230 2228 
3238 1285 4551 3357 
3239 961 3451 3387 
3240 2382 2384 2383 
3241 2354 4034 2191 
3242 2552 2553 2550 
3243 2686 2700 2681 
3244 1735 4657 1634 
3245 2322 2323 2321 
3246 2146 4566 2830 
3247 3137 4318 2883 
3248 1104 3564 1105 
3249 1293 4262 3903 
3250 1209 3003 1236 
3251 2408 4706 3003 
3252 1247 1270 1248 
3253 218 4357 217 
3254 2864 3904 3306 
3255 3203 3541 1226 
3256 2169 4780 3559 
3257 2366 3838 3358 
3258 3860 4635 3954 
3259 3233 4056 2197 
3260 1888 2826 1889 
3261 3180 4794 2968 
3262 3176 3187 1526 
3263 3635 3828 2968 
3264 1656 1731 1655 
3265 3227 3627 931 
3266 2126 4563 3648 
3267 1308 3583 1311 
3268 2371 3168 3166 
3269 1648 1686 1676 
3270 3053 3472 3054 
3271 1838 1839 1731 
3272 1357 3238 1359 
3273 2577 2900 2539 
3274 2108 4323 3929 
3275 2111 4667 1908 
3276 948 4730 3439 
3277 2603 4324 3687 
3278 892 3731 3552 
3279 3057 4591 3185 
3280 1203 1205 1204 
3281 2692 4174 3381 
3282 1810 2813 1785 
3283 2625 2705 2704 
3284 2817 3690 3158 
3285 1333 4517 1532 
3286 3119 3318 1260 
3287 3659 3779 561 
3288 3127 3180 3126 
3289 1501 1535 1500 
3290 2452 3340 2431 
3291 1510 3241 1621 
3292 1486 1533 1485 
3293 1263 4591 3057 
3294 2840 2844 2843 
3295 1215 4311 3525 
3296 2294 3285 2826 
3297 1179 1260 1181 
3298 1886 1888 1887 
3299 3616 4358 3097 
3300 1016 4824 4263 
3301 2469 2470 2468 
3302 3067 3127 3126 
3303 1856 3206 2806 
3304 2070 2072 2071 
3305 1276 1485 1275 
3306 1479 1480 1265 
3307 1376 1377 1375 
3308 1711 1948 1537 
3309 1981 4479 4470 
3310 2455 2458 2457 
3311 1237 4715 3912 
3312 1396 3312 2960 
3313 1351 3199 1354 
3314 1264 1265 1257 
3315 2710 2712 2711 
3316 2740 4039 3480 
3317 2735 3364 2190 
3318 2824 4773 2823 
3319 3877 4035 2283 
3320 2165 4509 3710 
3321 2039 2041 2040 
3322 1949 2087 1948 
3323 1394 1502 1400 
3324 3706 3999 2994 
3325 1191 3222 1225 
3326 3687 4369 2603 
3327 2544 2545 2542 
3328 1797 2345 1980 
3329 1991 1992 1989 
3330 3136 3433 2409 
3331 1528 1529 1480 
3332 1585 1834 1833 
3333 1536 1615 1535 
3334 882 3580 3336 
3335 1785 2813 1787 
3336 851 3831 3133 
3337 3435 4721 4016 
3338 1615 3459 1840 
3339 1321 1323 1322 
3340 2289 2290 2288 
3341 2383 2911 2910 
3342 1398 4014 3005 
3343 1283 4394 1284 
3344 3465 4285 1006 
3345 1158 1239 1156 
3346 3583 4513 1410 
3347 3111 3374 3173 
3348 2163 3619 2789 
3349 1297 3143 1294 
3350 644 4154 277 
3351 2798 4683 2550 
3352 1596 1597 1519 
3353 2949 4547 2793 
3354 1221 1229 1222 
3355 2238 3232 2230 
3356 1659 1660 1529 
3357 3078 3079 1974 
3358 2836 2837 1270 
3359 16 4075 410 
3360 1527 3143 1297 
3361 1100 3560 1101 
3362 2258 2583 1992 
3363 1229 1234 1230 
3364 2967 4794 3662 
3365 1526 3463 3176 
3366 1195 4868 4344 
3367 3462 3619 832 
3368 3585 4168 3586 
3369 2542 3017 2541 
3370 3259 3260 873 
3371 1339 2584 1474 
3372 1457 3761 3149 
3373 2528 4745 2489 
3374 836 4571 4261 
3375 3440 3441 3009 
3376 2774 4314 1106 
3377 3185 3568 1239 
3378 1266 4784 1264 
3379 1437 3147 1441 
3380 1693 4442 3458 
3381 1587 1664 1588 
3382 1378 1380 1377 
3383 833 3625 3483 
3384 2444 3397 2441 
3385 3912 4715 3942 
3386 380 3615 842 
3387 1581 4328 1633 
3388 1514 1520 1516 
3389 610 3282 609 
3390 1080 3282 610 
3391 2996 4592 2997 
3392 3046 4730 1972 
3393 2751 3827 2752 
3394 1690 3244 1719 
3395 2086 2095 2083 
3396 1280 1281 1278 
3397 3066 3124 3069 
3398 3086 3966 1054 
3399 1546 4875 1413 
3400 1472 3401 1481 
3401 2221 2222 2220 
3402 3047 3207 2251 
3403 2238 4639 3232 
3404 2937 3938 2936 
3405 2538 2539 2536 
3406 2973 4454 3156 
3407 3600 4522 2196 
3408 1174 1459 1172 
3409 4377 4662 1205 
3410 1398 3172 1381 
3411 15 3822 14 
3412 1205 1207 1206 
3413 1208 3150 1206 
3414 2692 3381 2694 
3415 1381 1382 1380 
3416 2629 4653 3138 
3417 2034 4803 2035 
3418 3680 4316 3202 
3419 2088 2089 2087 
3420 2035 2039 2037 
3421 2532 2533 2522 
3422 3049 3405 3050 
3423 2120 3977 1864 
3424 1862 4599 2120 
3425 2066 2070 2068 
3426 3164 3599 1068 
3427 3069 3197 3068 
3428 2676 4760 2730 
3429 2891 4874 2386 
3430 1274 1275 1273 
3431 2292 3284 2293 
3432 3227 4688 2677 
3433 935 3641 3117 
3434 2900 4559 2536 
3435 1292 1293 1291 
3436 1280 1282 1281 
3437 1613 3056 1453 
3438 3136 4484 1061 
3439 1383 1384 1382 
3440 3130 3807 3186 
3441 2438 3214 2453 
3442 3129 4630 1366 
3443 3298 3348 2164 
3444 2522 3341 2521 
3445 2311 3759 3599 
3446 1327 1329 1328 
3447 2266 3399 1612 
3448 2233 4265 3162 
3449 3500 3575 3501 
3450 1665 1687 1588 
3451 3251 4665 3447 
3452 1507 1744 1585 
3453 1429 1431 1430 
3454 1403 2896 1546 
3455 3094 3654 896 
3456 1189 3201 1186 
3457 3231 3594 2207 
3458 1481 2318 2317 
3459 1648 1649 1505 
3460 1339 1474 1338 
3461 2778 3557 2777 
3462 90 3844 89 
3463 2968 3828 3491 
3464 2567 2798 2553 
3465 3238 3704 1359 
3466 2792 2794 2793 
3467 1632 3257 1465 
3468 2567 3350 2798 
3469 3582 3936 2124 
3470 1507 1584 1506 
3471 1344 4658 1421 
3472 3157 4085 2050 
3473 2027 4588 2281 
3474 1870 4775 2732 
3475 2230 3232 2232 
3476 3171 4543 928 
3477 3200 4418 2567 
3478 1359 3704 1361 
3479 1957 1958 1649 
3480 1420 3148 1164 
3481 1775 4627 1849 
3482 1446 4546 1512 
3483 1469 1471 1470 
3484 1966 1967 1848 
3485 3499 3733 1086 
3486 1175 1269 1177 
3487 1520 4207 3074 
3488 2272 3343 2271 
3489 1594 3242 1579 
3490 2164 3225 2165 
3491 2050 2051 1750 
3492 2302 4624 2799 
3493 2790 3781 2792 
3494 1850 4617 1765 
3495 1213 1215 1214 
3496 2972 3681 2971 
3497 2360 4774 1607 
3498 1284 2899 1287 
3499 1952 3564 2129 
3500 1418 3936 3582 
3501 3172 4013 2695 
3502 1237 4529 3100 
3503 1211 1213 1212 
3504 2586 2587 2323 
3505 1639 2099 1746 
3506 2324 2327 2326 
3507 1215 1221 1216 
3508 2260 4061 3679 
3509 1435 1438 1437 
3510 1049 4790 3124 
3511 1838 4557 2914 
3512 1054 3587 3141 
3513 2652 2653 2651 
3514 1388 1426 1390 
3515 3447 4211 3253 
3516 2790 2792 2791 
3517 2744 4884 2413 
3518 2477 2523 2492 
3519 2644 2697 2676 
3520 3589 4240 2807 
3521 3014 4386 3995 
3522 2213 2214 2212 
3523 3568 4408 1239 
3524 2905 3970 2906 
3525 1813 4637 1769 
3526 2292 4694 3284 
3527 991 4256 3684 
3528 3517 4097 3113 
3529 2909 4783 2377 
3530 1207 1209 1208 
3531 1055 4487 4017 
3532 2809 4469 2256 
3533 1394 2951 1502 
3534 3104 4789 3089 
3535 1170 1457 1168 
3536 1876 4542 1554 
3537 321 4095 660 
3538 1892 4750 2591 
3539 1662 4871 1597 
3540 2635 2636 2634 
3541 2993 4769 1920 
3542 1866 4477 1868 
3543 1300 1301 1299 
3544 1667 3621 3082 
3545 1210 1223 1208 
3546 3424 3752 2842 
3547 2770 4858 2769 
3548 3103 4465 2901 
3549 1177 3119 1179 
3550 3082 3330 3084 
3551 1227 3496 2602 
3552 1723 1725 1724 
3553 2640 4598 2697 
3554 1440 2737 1436 
3555 179 4577 492 
3556 3518 4386 909 
3557 1961 3560 3240 
3558 957 4718 3178 
3559 1438 3610 3147 
3560 2698 3669 2676 
3561 2848 4639 1008 
3562 4292 4755 1030 
3563 2085 3926 3496 
3564 1318 1321 1320 
3565 1245 1246 1244 
3566 3527 3530 3528 
3567 1209 1211 1210 
3568 2121 3464 3204 
3569 2434 2436 2433 
3570 2114 4857 1703 
3571 3192 3193 903 
3572 3475 4282 1739 
3573 2507 2508 2506 
3574 2912 4822 2826 
3575 1277 2849 1279 
3576 2063 2282 2113 
3577 1178 1268 1176 
3578 2764 3762 2765 
3579 1423 4687 1422 
3580 2725 3510 3052 
3581 1884 1886 1885 
3582 2616 2617 1433 
3583 1455 4720 1241 
3584 3244 3246 1719 
3585 3265 3295 2954 
3586 965 4353 3088 
3587 840 4224 3062 
3588 1206 1217 1204 
3589 2806 4848 1854 
3590 1443 4189 1508 
3591 2207 2208 2206 
3592 2041 2043 2042 
3593 2422 4180 3643 
3594 1385 1386 1384 
3595 2633 3138 2643 
3596 2031 2281 2259 
3597 2169 2170 2168 
3598 3491 4752 2968 
3599 2589 3544 2276 
3600 1562 1582 1563 
3601 1398 4013 3172 
3602 2072 2074 2073 
3603 3284 4038 944 
3604 844 4106 469 
3605 2298 2968 2967 
3606 1572 3157 1567 
3607 1894 4802 3179 
3608 3056 4380 2132 
3609 1743 2103 2102 
3610 1155 1156 1154 
3611 1068 3483 3329 
3612 2839 3219 2842 
3613 1157 1159 1158 
3614 1728 4860 1818 
3615 1812 4725 1781 
3616 3463 3748 3176 
3617 1854 4848 1857 
3618 1391 4863 2976 
3619 2587 4686 2321 
3620 2853 4101 3647 
3621 3512 4500 1721 
3622 2655 2681 2630 
3623 3078 3380 3079 
3624 2786 4860 1728 
3625 3117 4406 935 
3626 1487 1506 1451 
3627 1686 3067 3066 
3628 2060 4622 2282 
3629 3912 4529 1237 
3630 3021 3096 3020 
3631 2262 3053 1746 
3632 2119 3289 3288 
3633 1060 3581 3337 
3634 3611 4448 3552 
3635 2369 3373 2309 
3636 954 4526 3390 
3637 2197 2198 2172 
3638 2862 4656 3273 
3639 2184 2185 2182 
3640 1652 3275 1521 
3641 1364 4118 1362 
3642 2296 2298 2297 
3643 2517 2518 2508 
3644 2581 3465 2533 
3645 1318 1320 1319 
3646 2706 3012 2829 
3647 1427 1429 1428 
3648 2692 2694 2693 
3649 2315 4431 3324 
3650 2091 4468 3016 
3651 2960 3391 2959 
3652 1791 1792 1790 
3653 1329 1331 1330 
3654 2291 4361 4021 
3655 3163 4614 1335 
3656 2485 2487 2486 
3657 1548 4858 1693 
3658 1176 3135 1174 
3659 1488 1513 1489 
3660 908 1628 1627 
3661 907 1666 1626 
3662 1804 1806 1805 
3663 1741 1743 1742 
3664 2250 2251 1688 
3665 2608 3097 2611 
3666 2626 4569 2654 
3667 1341 4703 1339 
3668 4531 4659 2589 
3669 3195 4656 2862 
3670 1159 1161 1160 
3671 1499 3945 1497 
3672 2565 2569 2568 
3673 2990 4831 3299 
3674 1482 4185 2737 
3675 1284 1285 1282 
3676 2447 2448 2379 
3677 2349 3613 2348 
3678 3471 4312 1449 
3679 1448 1487 1451 
3680 3079 3174 1974 
3681 3184 4023 2958 
3682 3626 3932 3196 
3683 3070 3653 3142 
3684 4567 4631 1250 
3685 1388 1389 1386 
3686 2807 4848 2806 
3687 2422 3395 3394 
3688 1467 1469 1468 
3689 1155 1157 1156 
3690 3453 3614 2708 
3691 2150 3670 2152 
3692 3289 4192 1011 
3693 1214 1233 1212 
3694 2203 2204 2202 
3695 3450 4516 4322 
3696 3205 3621 1667 
3697 1811 2272 2271 
3698 1287 1288 1286 
3699 2337 4203 3488 
3700 2873 3497 2275 
3701 1262 3131 1230 
3702 1858 1860 1859 
3703 2769 4858 1548 
3704 3113 4098 2518 
3705 1477 2983 1288 
3706 2905 2906 2145 
3707 2335 4203 2337 
3708 1725 1741 1726 
3709 2851 3008 1822 
3710 1487 1507 1506 
3711 2934 4039 2739 
3712 2652 2699 2674 
3713 3030 3585 2111 
3714 3215 4133 932 
3715 3255 3539 3226 
3716 1971 3347 2852 
3717 2103 2296 2295 
3718 1256 1258 1257 
3719 3181 3182 846 
3720 3465 4571 4285 
3721 2679 3259 3258 
3722 1673 2241 1672 
3723 1640 4866 1824 
3724 2482 2485 2484 
3725 3261 4141 2141 
3726 2348 3834 2347 
3727 1438 4019 2980 
3728 3392 4287 3869 
3729 673 4636 333 
3730 1629 3676 3270 
3731 3269 3997 3744 
3732 1392 3333 1376 
3733 1801 1804 1803 
3734 2705 2707 2706 
3735 1166 1420 1164 
3736 706 1739 405 
3737 504 1740 202 
3738 1634 1636 1635 
3739 1403 1413 1404 
3740 1162 1263 1160 
3741 1475 1476 1473 
3742 1396 3900 3312 
3743 1412 3530 3527 
3744 3156 4454 2999 
3745 1793 1794 1792 
3746 2144 2145 1687 
3747 3250 4665 3251 
3748 2178 3457 1625 
3749 1274 1538 1276 
3750 1790 3749 1789 
3751 1721 2595 1506 
3752 1387 3352 1372 
3753 1459 3507 3108 
3754 1383 1408 1385 
3755 164 3326 923 
3756 367 3327 924 
3757 2637 2638 2636 
3758 1560 1562 1561 
3759 1743 4404 2261 
3760 1228 4766 1207 
3761 1982 3186 1985 
3762 1472 1475 1473 
3763 1390 1391 1389 
3764 1693 4858 2770 
3765 2950 3651 2719 
3766 2254 2593 2253 
3767 4158 4789 1051 
3768 3455 3560 941 
3769 3071 3992 2268 
3770 2968 4794 2967 
3771 2633 2634 2632 
3772 2644 2645 2642 
3773 3389 3390 3250 
3774 1320 4743 2598 
3775 3286 4575 4069 
3776 3866 3924 2048 
3777 2409 4702 2384 
3778 2916 3611 2994 
3779 1161 1163 1162 
3780 3145 3966 3086 
3781 1397 3363 1345 
3782 2501 3312 2504 
3783 1465 1467 1466 
3784 3435 4016 911 
3785 2563 2565 2564 
3786 2741 4866 1640 
3787 1882 1884 1883 
3788 1142 3469 1139 
3789 2099 2284 2255 
3790 2778 3571 3396 
3791 2243 2797 2246 
3792 2839 2842 2841 
3793 1545 2132 1751 
3794 1664 1665 1588 
3795 2756 4734 2112 
3796 3958 4779 4590 
3797 3541 3931 2606 
3798 1348 3345 1416 
3799 1636 1638 1637 
3800 2131 4605 3230 
3801 2446 4461 3175 
3802 4130 4158 3417 
3803 3000 3562 3001 
3804 1456 3228 1171 
3805 2623 2624 2621 
3806 2051 4195 3144 
3807 3110 3307 2088 
3808 1596 4879 1662 
3809 3335 3336 2794 
3810 1327 4391 4021 
3811 1857 4848 4240 
3812 1413 3205 1448 
3813 931 4688 3227 
3814 1413 1448 1414 
3815 1413 1414 1404 
3816 913 3661 1673 
3817 1331 1333 1332 
3818 901 3539 3255 
3819 2002 2107 2003 
3820 1547 3122 1639 
3821 3069 3198 3197 
3822 2433 4370 2452 
3823 2031 2032 2030 
3824 1362 3900 1360 
3825 2294 2826 1888 
3826 2618 2619 2617 
3827 2749 4280 3459 
3828 1995 2971 2779 
3829 2801 3071 2802 
3830 1516 1518 1517 
3831 1222 1237 1216 
3832 1041 3573 3343 
3833 1042 3935 3223 
3834 3320 3667 3231 
3835 4249 4695 835 
3836 2458 2459 2457 
3837 2063 2064 2062 
3838 4404 4675 1076 
3839 2625 3652 2705 
3840 1800 4850 1801 
3841 1445 1463 1462 
3842 2222 4837 2235 
3843 730 4414 3106 
3844 2470 4773 2493 
3845 2827 3600 2113 
3846 1400 2896 1403 
3847 1668 4356 4139 
3848 4110 4404 1076 
3849 1860 1862 1861 
3850 1549 3677 3114 
3851 2368 4778 1710 
3852 3941 4528 2750 
3853 3669 4760 2676 
3854 1529 1530 1480 
3855 2620 2621 2619 
3856 2507 2527 2526 
3857 1400 1401 1395 
3858 1448 3205 1667 
3859 1941 1943 1942 
3860 3112 3113 2518 
3861 3002 3165 2856 
3862 2481 4851 2482 
3863 2836 3219 2839 
3864 1685 3455 1119 
3865 2746 3630 2747 
3866 3340 3540 1060 
3867 1493 1547 1544 
3868 2923 4056 3404 
3869 1880 1882 1881 
3870 1152 1154 1149 
3871 3538 4325 1371 
3872 2799 2801 2800 
3873 2121 2122 1852 
3874 1463 1465 1464 
3875 3031 4842 3030 
3876 1290 1291 1289 
3877 1730 2734 2596 
3878 1279 1280 1278 
3879 1283 1284 1282 
3880 1815 2935 2934 
3881 1343 1415 1341 
3882 1558 1560 1559 
3883 1394 1395 1391 
3884 2863 3849 2864 
3885 1921 1922 1920 
3886 939 3564 1104 
3887 3529 3815 1307 
3888 3507 4326 2167 
3889 1448 1451 1414 
3890 1307 4554 1308 
3891 2955 4871 2957 
3892 4263 4824 3211 
3893 1518 1519 1517 
3894 2302 2799 2303 
3895 3291 4007 2758 
3896 3606 4597 2364 
3897 2346 4572 4406 
3898 2307 3631 1527 
3899 1119 3455 1118 
3900 2769 4336 3385 
3901 2154 4852 3155 
3902 3658 4419 2155 
3903 1507 1585 1584 
3904 3158 3159 2818 
3905 1258 1267 1266 
3906 3363 3531 1415 
3907 2416 2417 2415 
3908 2145 3595 1687 
3909 932 4689 3215 
3910 2300 2302 2301 
3911 2043 2045 2044 
3912 2556 2559 2558 
3913 2334 2336 2335 
3914 2015 2017 2016 
3915 1172 3108 1170 
3916 1713 2344 1019 
3917 1715 2343 1020 
3918 1983 4638 1591 
3919 1486 1586 1534 
3920 475 4052 134 
3921 1097 2356 1096 
3922 815 2774 1099 
3923 1099 2355 1098 
3924 1277 1279 1278 
3925 2626 2627 2624 
3926 1587 1588 1534 
3927 1828 3702 3197 
3928 3291 4164 4007 
3929 2444 4518 3253 
3930 2472 4222 2474 
3931 1575 1577 1576 
3932 1862 1864 1863 
3933 1394 1400 1395 
3934 1899 3368 1902 
3935 1223 4570 3920 
3936 1979 2300 2299 
3937 3189 3623 2326 
3938 1454 1493 1492 
3939 2554 2556 2555 
3940 1261 4311 1215 
3941 1943 1945 1944 
3942 1923 1924 1922 
3943 1945 1979 1978 
3944 834 4011 3473 
3945 2074 2076 2075 
3946 3799 3813 1256 
3947 2455 3597 2458 
3948 1354 3235 1355 
3949 4776 4860 2788 
3950 2477 2478 2476 
3951 3392 3869 1829 
3952 3099 3602 3098 
3953 1284 1287 1286 
3954 2421 4849 2892 
3955 1479 2280 1540 
3956 2008 2010 2009 
3957 2607 4879 1596 
3958 874 1121 1120 
3959 2826 4822 1889 
3960 3613 4102 1115 
3961 2997 3304 3303 
3962 1198 2861 1202 
3963 1818 4776 3191 
3964 3162 3469 1142 
3965 1160 3057 1158 
3966 3294 3625 833 
3967 889 3375 418 
3968 1157 1158 1156 
3969 1556 1558 1557 
3970 3240 3560 3455 
3971 2906 3499 2908 
3972 2430 2431 2429 
3973 1520 4027 1516 
3974 2945 4800 2946 
3975 3167 4625 3477 
3976 3710 4509 2825 
3977 1163 1165 1164 
3978 1333 1336 1334 
3979 3090 4817 1442 
3980 2132 2334 2133 
3981 3918 4488 2173 
3982 2169 3559 3233 
3983 1864 1866 1865 
3984 1403 1404 1401 
3985 892 3552 3220 
3986 3121 4170 3461 
3987 1806 1808 1807 
3988 1400 1403 1401 
3989 1152 1155 1154 
3990 2487 2489 2488 
3991 2755 4734 2756 
3992 3207 4763 2344 
3993 2879 4857 2114 
3994 1482 2737 1440 
3995 2840 2843 2838 
3996 2132 4687 3056 
3997 2935 3601 2934 
3998 1280 1283 1282 
3999 1268 4426 3135 
4000 3027 4604 1111 
4001 1998 2000 1999 
4002 3134 3831 769 
4003 1577 1579 1578 
4004 1151 4307 3656 
4005 1579 1581 1580 
4006 1581 1593 1592 
4007 3138 4653 2681 
4008 3379 4443 1043 
4009 2289 3609 2290 
4010 3219 4527 2842 
4011 2425 3939 2744 
4012 3402 3535 820 
4013 3087 4607 3241 
4014 3234 3953 1747 
4015 1365 1427 1379 
4016 2491 2511 2510 
4017 3792 4043 2515 
4018 2034 2035 2032 
4019 2173 3716 2919 
4020 1203 1204 1199 
4021 1235 1262 1230 
4022 1261 3968 3467 
4023 3461 4607 3087 
4024 1037 3644 3632 
4025 1550 1552 1551 
4026 1925 1926 1924 
4027 2322 2324 2323 
4028 2541 3017 2939 
4029 2010 2012 2011 
4030 1301 2937 2936 
4031 1866 1868 1867 
4032 816 4315 3264 
4033 2065 2066 2064 
4034 1429 1432 1431 
4035 1007 3396 2847 
4036 1146 1224 1144 
4037 1554 1556 1555 
4038 3288 4167 890 
4039 3166 3167 3165 
4040 2683 2685 2684 
4041 910 3356 344 
4042 64 3355 922 
4043 1425 1454 1453 
4044 1506 2595 1451 
4045 3171 3635 2298 
4046 1607 1609 1608 
4047 1703 1705 1704 
4048 2778 3834 3571 
4049 3239 3704 3238 
4050 2552 2554 2553 
4051 3488 3506 2337 
4052 2385 2386 2384 
4053 2907 3595 2145 
4054 2232 4575 3286 
4055 3224 4142 885 
4056 1603 1605 1604 
4057 3058 4385 3848 
4058 1663 3454 2897 
4059 1788 4779 3958 
4060 1824 4866 3876 
4061 1298 1299 1297 
4062 2688 4107 2690 
4063 3077 4800 2945 
4064 1908 1910 1909 
4065 1906 1908 1907 
4066 3624 3739 2754 
4067 1868 1870 1869 
4068 1241 1243 1242 
4069 2801 4483 3071 
4070 2420 2866 2403 
4071 2437 2438 2436 
4072 1910 1970 1968 
4073 1552 1554 1553 
4074 2112 4734 1757 
4075 1976 2339 2338 
4076 1605 1607 1606 
4077 2690 2692 2691 
4078 2325 3377 3376 
4079 955 4738 4708 
4080 1610 4759 3468 
4081 2443 2444 2441 
4082 3239 3803 3268 
4083 1144 3162 1142 
4084 1685 3542 3240 
4085 1205 1206 1204 
4086 1993 1996 1995 
4087 3454 4557 2897 
4088 3378 3889 1573 
4089 3006 3720 3654 
4090 3283 3631 2599 
4091 2130 3758 2952 
4092 1284 1286 1285 
4093 2304 2305 1972 
4094 3314 4011 3313 
4095 1378 1398 1381 
4096 1117 2848 1116 
4097 818 2981 1117 
4098 1109 3264 1108 
4099 946 3024 1107 
4100 947 3023 1109 
4101 1366 1370 1369 
4102 2412 2413 2411 
4103 2253 3546 2137 
4104 1690 1719 1660 
4105 1870 1872 1871 
4106 684 4372 371 
4107 3395 3643 567 
4108 2479 2480 2478 
4109 2342 4126 1632 
4110 852 4303 3497 
4111 2178 4511 4456 
4112 3190 4867 1931 
4113 1714 4331 3178 
4114 867 1897 1093 
4115 866 1911 1095 
4116 2252 2253 2137 
4117 3782 4509 2165 
4118 2920 4292 1030 
4119 1198 1202 1199 
4120 3573 4436 3343 
4121 1267 1423 1422 
4122 1321 1322 1320 
4123 1872 1874 1873 
4124 1982 1985 1984 
4125 2546 2548 2547 
4126 1296 1412 1298 
4127 2830 4690 1984 
4128 3250 3251 3249 
4129 3106 4413 730 
4130 1326 3537 1402 
4131 2017 2019 2018 
4132 125 4681 465 
4133 1365 1379 1366 
4134 3934 4078 2490 
4135 3316 3388 2763 
4136 1927 1928 1926 
4137 814 3027 1111 
4138 1111 2885 1110 
4139 1113 2098 813 
4140 1527 3631 3283 
4141 4182 4214 971 
4142 1367 3238 1357 
4143 2164 2165 1958 
4144 1705 1708 1707 
4145 2452 3709 3540 
4146 2319 3666 2316 
4147 1412 3527 1298 
4148 1207 1208 1206 
4149 2573 4409 2574 
4150 2618 4259 3652 
4151 2842 3752 2841 
4152 1347 3636 1397 
4153 4191 4192 4190 
4154 4408 4804 1154 
4155 1825 2749 2308 
4156 1192 1193 1191 
4157 3461 4170 2361 
4158 3695 4710 4246 
4159 1390 1394 1391 
4160 1708 1710 1709 
4161 2897 4557 3899 
4162 3527 3528 1303 
4163 2136 4587 3695 
4164 1975 4822 2912 
4165 1952 2129 1954 
4166 2964 4020 2966 
4167 2249 3825 2285 
4168 2878 4857 2879 
4169 1168 3149 1166 
4170 1223 3920 3151 
4171 2514 4043 3645 
4172 3029 4280 2749 
4173 3480 3561 2740 
4174 1961 3240 1963 
4175 1140 1488 1148 
4176 1920 4769 1916 
4177 1313 1315 1314 
4178 1710 1827 1826 
4179 1277 1278 1153 
4180 2994 3766 2148 
4181 3499 3500 2908 
4182 1388 1390 1389 
4183 1797 1798 1796 
4184 1732 3459 1615 
4185 2001 4347 3318 
4186 3346 3725 917 
4187 3928 4205 1057 
4188 3472 3473 3054 
4189 2705 3652 2709 
4190 1182 1226 1180 
4191 1203 4377 1205 
4192 3067 3126 3125 
4193 1524 4166 3321 
4194 2948 4837 2947 
4195 1272 3095 1248 
4196 368 3327 367 
4197 165 3326 164 
4198 1787 4880 1791 
4199 1991 1993 1992 
4200 1165 1167 1166 
4201 1919 1920 1916 
4202 2796 3779 3659 
4203 35 4261 429 
4204 1390 2951 1394 
4205 1311 1313 1312 
4206 2544 2546 2545 
4207 2462 2575 2466 
4208 1209 1210 1208 
4209 1370 1387 1372 
4210 3429 4094 2871 
4211 1054 4365 3086 
4212 1310 1496 1309 
4213 1718 1817 1816 
4214 3128 3738 3129 
4215 881 4025 3639 
4216 1103 2974 1102 
4217 864 1955 1103 
4218 1105 1950 858 
4219 3840 4228 4094 
4220 1279 3371 3370 
4221 3331 3672 3084 
4222 1216 3100 1214 
4223 1370 1372 1371 
4224 3084 4367 3083 
4225 1663 2897 2177 
4226 1997 3763 3319 
4227 177 3682 841 
4228 1753 1755 1754 
4229 1569 1571 1570 
4230 2526 4810 3862 
4231 2819 3690 2817 
4232 963 3584 3394 
4233 1775 1777 1776 
4234 2045 2047 2046 
4235 2395 2396 2394 
4236 1628 3546 1627 
4237 2406 3604 2872 
4238 2515 4043 2514 
4239 3042 3819 3043 
4240 1851 1852 1821 
4241 1288 1289 1286 
4242 3778 4064 2188 
4243 945 1132 1131 
4244 1129 3139 951 
4245 233 4008 863 
4246 2110 3883 2250 
4247 177 4491 3682 
4248 1136 1677 1138 
4249 2005 2008 2007 
4250 1486 1534 1533 
4251 2540 2542 2541 
4252 2076 2078 2077 
4253 2426 2427 2419 
4254 2152 2153 1695 
4255 2097 3768 3674 
4256 1101 1959 859 
4257 2759 4634 3843 
4258 2995 2996 2331 
4259 1211 1212 1210 
4260 1504 3662 1503 
4261 2453 3673 2436 
4262 1323 1324 1322 
4263 844 4216 4105 
4264 1720 2274 2273 
4265 2258 4030 2902 
4266 1271 1272 1248 
4267 3528 3529 1303 
4268 1456 3895 3698 
4269 2019 2021 2020 
4270 1888 1889 1887 
4271 3170 4550 881 
4272 1523 1654 1653 
4273 2391 2392 2390 
4274 1759 1761 1760 
4275 2399 2400 2398 
4276 1757 1759 1758 
4277 1761 1763 1762 
4278 3320 4839 875 
4279 1755 1757 1756 
4280 4065 4202 1017 
4281 445 4035 77 
4282 2336 3314 3313 
4283 3727 3888 1421 
4284 2292 2293 2153 
4285 1159 1160 1158 
4286 1274 1276 1275 
4287 1763 1765 1764 
4288 950 3399 1123 
4289 2814 4768 3033 
4290 2796 3939 2425 
4291 832 3508 3462 
4292 1589 1981 1591 
4293 1889 4822 1975 
4294 1236 4706 3213 
4295 3088 4452 965 
4296 1987 1989 1988 
4297 3409 4400 4010 
4298 812 3221 1125 
4299 811 3457 1127 
4300 233 4485 4008 
4301 1385 1388 1386 
4302 344 3356 343 
4303 65 3355 64 
4304 2670 2673 2672 
4305 1985 1987 1986 
4306 1820 1821 1582 
4307 1765 1767 1766 
4308 3308 3310 3309 
4309 2637 4671 2679 
4310 2386 4874 2409 
4311 2780 4320 3152 
4312 1213 1214 1212 
4313 1256 1257 1255 
4314 2538 2540 2539 
4315 1077 3495 3472 
4316 2389 2390 2388 
4317 2413 4884 2423 
4318 2284 3639 2255 
4319 2441 3397 2440 
4320 1817 2054 2053 
4321 2511 2522 2521 
4322 3472 4131 1077 
4323 1808 1831 1830 
4324 1318 1319 1317 
4325 1767 1769 1768 
4326 2407 4722 2392 
4327 2923 4846 4056 
4328 1657 3181 1618 
4329 825 3982 3160 
4330 3376 3468 2332 
4331 1047 4235 3377 
4332 2790 2791 1749 
4333 2582 4115 3949 
4334 2574 3694 3085 
4335 920 3365 152 
4336 1334 3534 1332 
4337 2789 3619 3462 
4338 2489 2495 2494 
4339 3128 3129 1379 
4340 3327 4584 2856 
4341 1723 4735 2130 
4342 4020 4028 3023 
4343 2654 3614 2904 
4344 3214 3592 2453 
4345 2253 3927 3546 
4346 2377 4783 2380 
4347 2681 4437 3138 
4348 1316 3362 1312 
4349 2742 4398 2741 
4350 3383 3384 827 
4351 2976 4799 3040 
4352 2910 4152 2909 
4353 3289 4167 3288 
4354 2489 4745 2497 
4355 3530 4208 2149 
4356 1769 1771 1770 
4357 1374 1392 1376 
4358 3351 4801 1825 
4359 3121 3461 2339 
4360 1903 1906 1905 
4361 2394 4729 2407 
4362 1777 1779 1778 
4363 743 1828 742 
4364 541 1829 540 
4365 1271 1274 1273 
4366 2532 2534 2533 
4367 1287 2899 1478 
4368 1348 1350 1349 
4369 1252 1253 1251 
4370 3160 4693 825 
4371 3312 3509 2960 
4372 3632 4810 2526 
4373 4172 4438 3075 
4374 2686 3943 2700 
4375 4708 4738 3142 
4376 903 4676 3145 
4377 1032 3729 3545 
4378 1003 3382 384 
4379 3695 4246 3694 
4380 1800 1801 1798 
4381 1296 1297 1294 
4382 1359 1360 1358 
4383 2481 2482 2480 
4384 1171 3228 1173 
4385 3531 3770 1415 
4386 1325 1326 1324 
4387 2610 4806 2607 
4388 1357 1358 1356 
4389 3189 3797 1014 
4390 1372 1374 1373 
4391 1771 1773 1772 
4392 3074 4027 1520 
4393 908 2134 1628 
4394 907 2139 1666 
4395 2439 2440 2438 
4396 2096 3816 2985 
4397 2418 2419 2417 
4398 2855 4883 2786 
4399 2723 2724 2722 
4400 1899 1902 1901 
4401 1498 1501 1500 
4402 1167 1169 1168 
4403 3403 3535 3402 
4404 2666 2668 2667 
4405 3236 3237 1367 
4406 1383 1385 1384 
4407 3399 3992 1123 
4408 2330 2331 2329 
4409 2050 4405 3157 
4410 1684 1718 1717 
4411 1620 2192 847 
4412 3407 4418 3200 
4413 3318 3319 1260 
4414 2586 3628 2587 
4415 2432 2433 2431 
4416 1563 3194 1565 
4417 2141 3878 3261 
4418 2466 4389 2464 
4419 1133 3603 1131 
4420 2872 4629 2870 
4421 1537 4080 1266 
4422 3252 4518 2444 
4423 1215 1216 1214 
4424 2143 3764 2914 
4425 3737 3738 3128 
4426 857 4643 3955 
4427 2021 2023 2022 
4428 1599 1601 1600 
4429 1113 3332 2098 
4430 3355 3589 922 
4431 1984 4690 2179 
4432 1779 1781 1780 
4433 1326 1402 1324 
4434 3329 3625 2183 
4435 1513 3773 1514 
4436 1276 1486 1485 
4437 2188 4064 3357 
4438 413 4201 18 
4439 615 4202 221 
4440 1270 1271 1248 
4441 3360 3607 2658 
4442 3241 4607 2274 
4443 1381 3172 1383 
4444 2230 2232 2231 
4445 3256 3791 901 
4446 3512 3513 3511 
4447 1197 4868 1195 
4448 3922 4845 883 
4449 833 3624 3294 
4450 2243 3661 2797 
4451 2645 4612 2647 
4452 2594 3511 2593 
4453 280 4053 646 
4454 1381 1383 1382 
4455 3175 4565 3873 
4456 1483 2352 1549 
4457 3612 3726 918 
4458 2414 2415 2413 
4459 821 2270 2240 
4460 822 2263 1612 
4461 2047 2278 2277 
4462 1194 1195 1193 
4463 1025 3392 542 
4464 1304 1305 1302 
4465 1981 3186 1982 
4466 2524 3403 3402 
4467 1121 3367 1120 
4468 1289 3582 1286 
4469 1311 3583 1410 
4470 3618 4045 3099 
4471 3245 3246 3244 
4472 2054 2056 2055 
4473 2547 4833 2545 
4474 2321 4686 2325 
4475 1620 3351 2192 
4476 3021 3663 3096 
4477 2591 4063 2592 
4478 2671 3192 3145 
4479 1597 1599 1598 
4480 2363 3795 2144 
4481 1247 1248 1235 
4482 3431 3433 3432 
4483 3174 4707 3245 
4484 1288 1290 1289 
4485 3216 3955 2239 
4486 948 3708 3347 
4487 3474 4650 2585 
4488 1254 1255 1253 
4489 3812 4469 2809 
4490 2393 2394 2392 
4491 4094 4228 2871 
4492 1234 1235 1230 
4493 1567 1569 1568 
4494 3045 3589 3355 
4495 3954 3983 3860 
4496 2039 2040 2037 
4497 1161 1162 1160 
4498 2070 2071 2068 
4499 2195 3741 1583 
4500 1221 1222 1216 
4501 2401 2402 2400 
4502 970 2093 1625 
4503 969 2187 1623 
4504 3335 4212 3336 
4505 3272 4750 1892 
4506 1346 1348 1347 
4507 1229 1230 1222 
4508 991 3684 3503 
4509 3776 3997 3269 
4510 1654 1656 1655 
4511 2078 2081 2080 
4512 1315 1318 1317 
4513 892 3220 3092 
4514 1749 2804 1642 
4515 1399 3538 1373 
4516 3295 3612 2742 
4517 837 1680 1119 
4518 2545 4833 3018 
4519 3354 3567 2162 
4520 3318 4347 3319 
4521 4318 4816 2883 
4522 3412 4334 2730 
4523 1368 3704 3268 
4524 3770 3771 1415 
4525 2899 3810 1478 
4526 2427 3196 2430 
4527 3072 4758 3073 
4528 542 3392 541 
4529 3301 3986 878 
4530 2992 3986 3301 
4531 4244 4431 2888 
4532 3140 3351 1620 
4533 1929 4823 3228 
4534 3086 4365 3064 
4535 1292 1294 1293 
4536 1781 1783 1782 
4537 1844 1846 1845 
4538 1347 1397 1345 
4539 835 4449 4249 
4540 3944 4728 1262 
4541 1374 1376 1375 
4542 1656 1838 1731 
4543 2137 3546 1628 
4544 541 3392 1829 
4545 1629 3270 2608 
4546 1187 1200 1188 
4547 1220 4523 1193 
4548 2033 4006 3815 
4549 1911 3369 1913 
4550 1897 3368 1899 
4551 1469 3868 1471 
4552 2582 4425 4115 
4553 2328 2329 2327 
4554 3228 4823 3229 
4555 1643 2050 1750 
4556 1264 4784 2280 
4557 1156 4408 1154 
4558 1305 4700 1302 
4559 929 3474 505 
4560 930 3475 707 
4561 2772 3642 3265 
4562 2700 3943 3387 
4563 2842 3514 3424 
4564 1540 4644 2738 
4565 3134 3943 2686 
4566 1486 3323 1586 
4567 2381 2382 2378 
4568 2397 2398 2396 
4569 1680 2782 1682 
4570 1956 4645 1793 
4571 3352 3699 3607 
4572 1000 4319 4035 
4573 1221 3525 1452 
4574 2939 4260 2577 
4575 1362 4464 3900 
4576 2498 2500 2499 
4577 4342 4733 2893 
4578 1573 3863 3617 
4579 3137 4845 3922 
4580 3122 3393 2099 
4581 1536 1732 1615 
4582 1471 1472 1470 
4583 2622 4259 2618 
4584 1877 4262 3143 
4585 1575 4613 1577 
4586 2387 2388 2386 
4587 1965 3871 3237 
4588 2854 4481 3227 
4589 2 3846 409 
4590 205 3847 611 
4591 3347 3708 2852 
4592 3053 4131 3472 
4593 4190 4192 2160 
4594 2770 3385 3383 
4595 1190 1191 1189 
4596 1070 4318 3922 
4597 2660 2662 2661 
4598 2118 4764 3222 
4599 3237 3239 3238 
4600 1169 1171 1170 
4601 1501 1536 1535 
4602 2688 2690 2689 
4603 1161 4885 2832 
4604 1406 2598 1444 
4605 3016 3332 1113 
4606 1290 1292 1291 
4607 2783 4219 2733 
4608 2023 2025 2024 
4609 1450 4082 3967 
4610 33 3579 849 
4611 2717 2718 2716 
4612 1332 3534 1335 
4613 585 3829 3297 
4614 27 3407 885 
4615 1327 1328 1326 
4616 2527 3632 2526 
4617 3451 4355 3387 
4618 3352 3607 1392 
4619 3246 4188 3389 
4620 1371 4325 1393 
4621 3917 3918 2173 
4622 2678 2683 2682 
4623 2611 4796 3965 
4624 2232 3286 2233 
4625 1185 1187 1186 
4626 1376 1378 1377 
4627 1444 4189 1443 
4628 2423 4884 3088 
4629 1378 1381 1380 
4630 1533 3835 2933 
4631 2520 4325 3538 
4632 408 3408 407 
4633 611 1080 610 
4634 409 1081 408 
4635 1081 3408 408 
4636 1081 3409 3408 
4637 1825 4670 3351 
4638 1295 1296 1294 
4639 580 3432 579 
4640 583 3434 582 
4641 578 3425 577 
4642 581 3431 580 
4643 588 3435 587 
4644 596 3437 595 
4645 565 3426 564 
4646 782 1057 781 
4647 789 912 788 
4648 797 938 796 
4649 799 1050 798 
4650 804 966 803 
4651 772 3451 771 
4652 777 1058 776 
4653 807 1016 806 
4654 745 1026 744 
4655 748 955 747 
4656 750 1052 749 
4657 755 1055 754 
4658 757 879 756 
4659 760 1065 759 
4660 765 962 764 
4661 766 3452 765 
4662 771 961 770 
4663 774 873 773 
4664 779 888 778 
4665 784 903 783 
4666 787 1054 786 
4667 791 1053 790 
4668 793 931 792 
4669 801 949 800 
4670 805 3449 804 
4671 809 1679 808 
4672 762 838 761 
4673 752 916 751 
4674 768 851 767 
4675 566 850 565 
4676 570 3427 569 
4677 571 3444 570 
4678 573 3428 572 
4679 575 1064 574 
4680 560 839 559 
4681 574 3448 573 
4682 795 1051 794 
4683 592 3423 591 
4684 594 3443 593 
4685 550 915 549 
4686 548 1067 547 
4687 546 954 545 
4688 549 3446 548 
4689 552 1059 551 
4690 558 1060 557 
4691 563 965 562 
4692 569 963 568 
4693 572 872 571 
4694 576 3430 575 
4695 577 887 576 
4696 579 1061 578 
4697 582 904 581 
4698 584 1062 583 
4699 587 911 586 
4700 589 1063 588 
4701 590 3436 589 
4702 591 932 590 
4703 595 937 594 
4704 597 1066 596 
4705 598 3439 597 
4706 599 948 598 
4707 602 964 601 
4708 603 3440 602 
4709 605 1015 604 
4710 607 1678 606 
4711 543 1025 542 
4712 555 880 554 
4713 593 1056 592 
4714 780 3412 779 
4715 781 3411 780 
4716 790 3415 789 
4717 776 3410 775 
4718 798 3413 797 
4719 796 3417 795 
4720 756 3418 755 
4721 761 3420 760 
4722 767 3422 766 
4723 778 3419 777 
4724 794 3414 793 
4725 4041 4211 915 
4726 993 3894 3893 
4727 3300 4446 2568 
4728 3449 3450 966 
4729 3420 3421 1065 
4730 3428 3429 872 
4731 3437 3438 937 
4732 3422 3453 3452 
4733 876 4292 2920 
4734 579 3432 1061 
4735 3431 3432 580 
4736 765 3452 962 
4737 771 3451 961 
4738 577 3425 887 
4739 582 3434 904 
4740 587 3435 911 
4741 595 3437 937 
4742 779 3412 888 
4743 804 3449 966 
4744 1061 3425 578 
4745 1062 3434 583 
4746 1063 3435 588 
4747 1066 3437 596 
4748 789 3415 912 
4749 593 3443 1056 
4750 548 3446 1067 
4751 569 3427 963 
4752 572 3428 872 
4753 575 3430 1064 
4754 589 3436 1063 
4755 591 3423 932 
4756 597 3439 1066 
4757 602 3440 964 
4758 797 3413 938 
4759 570 3444 3427 
4760 573 3448 3428 
4761 904 3431 581 
4762 850 3426 565 
4763 1056 3423 592 
4764 932 3436 590 
4765 1064 3448 574 
4766 793 3414 931 
4767 872 3444 571 
4768 937 3443 594 
4769 948 3439 598 
4770 887 3430 576 
4771 755 3418 1055 
4772 760 3420 1065 
4773 795 3417 1051 
4774 915 3446 549 
4775 777 3419 1058 
4776 3411 3412 780 
4777 3422 3452 766 
4778 1058 3410 776 
4779 1057 3411 781 
4780 1053 3415 790 
4781 1050 3413 798 
4782 938 3417 796 
4783 1051 3414 794 
4784 838 3420 761 
4785 879 3418 756 
4786 851 3422 767 
4787 888 3419 778 
4788 1460 4863 1391 
4789 1981 4470 3186 
4790 1163 1164 1162 
4791 1207 4766 3003 
4792 3062 4239 3893 
4793 320 4095 1023 
4794 1783 1785 1784 
4795 2056 2058 2057 
4796 2222 2224 2223 
4797 2427 2430 2429 
4798 806 3416 805 
4799 1678 3811 3281 
4800 787 3587 1054 
4801 912 3587 788 
4802 3798 4694 2292 
4803 27 4506 3407 
4804 2500 4782 2527 
4805 3416 3449 805 
4806 1016 3416 806 
4807 3585 3586 2111 
4808 1344 1346 1345 
4809 3441 3883 2110 
4810 2517 3862 3112 
4811 3346 3965 3725 
4812 3030 4842 3585 
4813 1412 4092 3555 
4814 291 4286 657 
4815 3387 3943 961 
4816 3088 4353 3426 
4817 788 3587 787 
4818 2523 3962 2524 
4819 3460 4426 1268 
4820 871 4043 3730 
4821 4079 4282 2313 
4822 2278 2288 2287 
4823 2965 4028 2964 
4824 2566 4312 3471 
4825 3973 4325 2520 
4826 1723 1724 1638 
4827 3336 4724 882 
4828 3333 4014 1398 
4829 2645 2647 2646 
4830 3073 3785 1509 
4831 876 4474 4292 
4832 2398 4270 2406 
4833 3378 3617 3236 
4834 1016 4263 3416 
4835 2880 4850 4304 
4836 2122 2175 2174 
4837 2235 4837 2948 
4838 3718 4277 3153 
4839 545 3442 544 
4840 1673 3661 2243 
4841 914 4462 4197 
4842 954 3442 545 
4843 3247 3249 3248 
4844 33 4524 3579 
4845 3204 4079 2313 
4846 3114 4336 2769 
4847 3045 4755 2913 
4848 3343 4436 2271 
4849 1450 3967 3861 
4850 1115 4102 3028 
4851 2713 2714 2712 
4852 1471 3401 1472 
4853 3222 4523 2118 
4854 1886 1887 1885 
4855 1361 1362 1360 
4856 2074 4827 2362 
4857 1918 3817 3536 
4858 3608 4159 3911 
4859 1648 3127 1686 
4860 2224 2226 2225 
4861 2226 2228 2227 
4862 2668 2670 2669 
4863 2318 2322 2321 
4864 3523 4301 2450 
4865 1784 4291 3693 
4866 1259 3522 1231 
4867 1372 3352 1374 
4868 1342 1344 1343 
4869 1818 4860 4776 
4870 2185 4654 2311 
4871 1824 4670 1825 
4872 3786 4084 3267 
4873 1165 1166 1164 
4874 3205 4113 2693 
4875 2081 2083 2082 
4876 2193 3813 3799 
4877 1458 4567 1250 
4878 1937 4739 2917 
4879 4232 4435 3032 
4880 2072 2073 2071 
4881 2454 2455 2448 
4882 2585 4086 3474 
4883 2041 2042 2040 
4884 3281 3811 3282 
4885 1384 3765 1411 
4886 3571 3613 2847 
4887 873 4278 3258 
4888 2779 4030 2258 
4889 2448 3793 2379 
4890 1736 2184 2182 
4891 1946 4556 2360 
4892 1858 1859 1855 
4893 3531 4342 2519 
4894 3580 4155 2794 
4895 1243 1244 1242 
4896 1340 1342 1341 
4897 2581 4571 3465 
4898 2198 3780 2200 
4899 1147 3656 1150 
4900 376 4090 688 
4901 1150 1153 1152 
4902 3469 4265 4059 
4903 3524 4455 2416 
4904 2787 3002 2856 
4905 819 3526 3400 
4906 1167 1168 1166 
4907 1819 4148 3917 
4908 1649 3090 1505 
4909 1799 3820 2128 
4910 1955 3503 2932 
4911 3179 3504 1950 
4912 2470 2472 2471 
4913 3132 3346 917 
4914 2929 3243 3132 
4915 1060 3540 557 
4916 509 3485 508 
4917 517 3481 516 
4918 520 834 519 
4919 508 1079 507 
4920 510 831 509 
4921 711 3492 710 
4922 725 1078 724 
4923 506 929 505 
4924 518 1077 517 
4925 513 1074 512 
4926 732 928 731 
4927 525 883 524 
4928 530 927 529 
4929 537 1048 536 
4930 532 1069 531 
4931 515 881 514 
4932 522 1075 521 
4933 527 1070 526 
4934 534 959 533 
4935 729 1076 728 
4936 739 1049 738 
4937 734 1072 733 
4938 736 960 735 
4939 712 832 711 
4940 717 882 716 
4941 720 1068 719 
4942 708 930 707 
4943 710 1073 709 
4944 727 884 726 
4945 714 1071 713 
4946 722 833 721 
4947 721 3483 720 
4948 523 3488 522 
4949 507 3487 506 
4950 521 3486 520 
4951 516 3494 515 
4952 728 3489 727 
4953 733 3484 732 
4954 735 3490 734 
4955 738 3493 737 
4956 533 3482 532 
4957 726 3479 725 
4958 535 3480 534 
4959 2915 3976 2680 
4960 3982 4226 3161 
4961 1196 1197 1195 
4962 1151 3656 1147 
4963 2214 2216 2215 
4964 2601 3814 1876 
4965 3242 4847 2184 
4966 1338 3534 1334 
4967 3381 3969 949 
4968 1627 4075 411 
4969 1785 1787 1786 
4970 2023 4563 2126 
4971 3144 4195 2176 
4972 519 3495 518 
4973 1171 1173 1172 
4974 1337 1340 1339 
4975 3213 4565 1236 
4976 1376 3333 1378 
4977 1304 1307 1306 
4978 1169 1170 1168 
4979 1671 4045 3618 
4980 3468 4759 4091 
4981 3632 3645 1037 
4982 1513 1514 1489 
4983 2911 3717 2910 
4984 2792 2793 2791 
4985 1846 1848 1847 
4986 1498 3358 1501 
4987 3215 3514 2459 
4988 2404 2412 2411 
4989 1075 4203 3313 
4990 3469 4059 1137 
4991 2333 3797 3189 
4992 1686 3127 3067 
4993 1308 1309 1306 
4994 1259 3524 3523 
4995 490 4062 176 
4996 3298 4738 955 
4997 1853 3534 1338 
4998 524 3506 523 
4999 2662 2664 2663 
5000 1308 1311 1310 
5001 3964 4877 3528 
5002 713 3508 712 
5003 2143 2914 1692 
5004 3023 4428 1126 
5005 3024 4429 1124 
5006 1296 4092 1412 
5007 225 4193 618 
5008 1312 3362 1310 
5009 3135 4426 3505 
5010 550 3563 915 
5011 1059 3563 551 
5012 1508 4787 1445 
5013 3425 4484 2892 
5014 1171 1172 1170 
5015 847 4112 118 
5016 2906 2908 2907 
5017 879 4333 4120 
5018 1292 1295 1294 
5019 2025 2027 2026 
5020 3046 4564 3439 
5021 2485 2486 2484 
5022 1300 1302 1301 
5023 3092 3220 2187 
5024 2888 4431 2315 
5025 2349 4102 3613 
5026 763 3570 762 
5027 1889 1891 1890 
5028 2552 3471 2554 
5029 3124 4790 3069 
5030 4081 4332 4309 
5031 3482 3601 1069 
5032 960 3491 3490 
5033 832 3619 3492 
5034 1259 3523 3522 
5035 3035 4443 3379 
5036 3156 4149 2973 
5037 1804 1805 1803 
5038 1329 1330 1328 
5039 2692 2693 2691 
5040 2058 2060 2059 
5041 622 4100 995 
5042 3499 3970 3733 
5043 3929 4323 2109 
5044 1164 3148 1162 
5045 307 4109 306 
5046 2640 2642 2641 
5047 2681 4653 2630 
5048 1634 1635 1593 
5049 558 3581 1060 
5050 839 3581 559 
5051 3645 4403 2514 
5052 2647 2651 2650 
5053 3024 3025 1107 
5054 2981 2982 1117 
5055 3243 3521 3520 
5056 1680 1681 1119 
5057 4309 4332 956 
5058 1897 1898 1093 
5059 1911 1912 1095 
5060 1097 2358 2356 
5061 2216 2218 2217 
5062 1132 1133 1131 
5063 2093 2100 1625 
5064 1388 3547 1426 
5065 1657 3183 3181 
5066 1469 1470 1468 
5067 692 4071 379 
5068 1101 1960 1959 
5069 1105 1951 1950 
5070 1955 2785 1103 
5071 2263 2264 1612 
5072 1521 4772 1522 
5073 3272 4638 2180 
5074 3396 3571 2847 
5075 3218 4044 1457 
5076 622 4521 4100 
5077 3383 3385 3384 
5078 3049 4299 1977 
5079 2923 3404 1029 
5080 2674 4781 2659 
5081 2208 2210 2209 
5082 2500 2506 2505 
5083 743 3702 1828 
5084 2151 3593 2369 
5085 3141 4365 1054 
5086 505 3474 504 
5087 707 3475 706 
5088 2139 2140 1666 
5089 2134 2135 1628 
5090 2314 3144 2175 
5091 2218 2220 2219 
5092 1947 4775 1870 
5093 2730 4760 3412 
5094 1298 1300 1299 
5095 2638 4598 2640 
5096 2960 3998 3391 
5097 3276 3762 3388 
5098 4406 4572 3671 
5099 1291 4836 1418 
5100 2434 2437 2436 
5101 2361 4032 2273 
5102 1967 2168 2167 
5103 1497 4540 3118 
5104 1173 1174 1172 
5105 3193 4205 3928 
5106 2025 4588 2027 
5107 2721 2722 2720 
5108 1361 3704 1368 
5109 3125 3549 3493 
5110 1673 2242 2241 
5111 3027 4421 1122 
5112 2613 4179 3076 
5113 1823 2304 1972 
5114 1450 4885 1161 
5115 763 3701 3570 
5116 3793 3850 2374 
5117 3458 4441 2358 
5118 1183 1185 1184 
5119 557 3540 556 
5120 1419 3776 3269 
5121 2175 3144 2176 
5122 1791 4444 1811 
5123 2464 4389 3757 
5124 1416 4574 2352 
5125 2638 2640 2639 
5126 2093 2158 2100 
5127 508 3485 1079 
5128 1077 3481 517 
5129 520 3486 834 
5130 710 3492 1073 
5131 833 3483 721 
5132 506 3487 929 
5133 1072 3484 733 
5134 831 3485 509 
5135 884 3479 726 
5136 832 3492 711 
5137 1076 3489 728 
5138 522 3488 1075 
5139 515 3494 881 
5140 720 3483 1068 
5141 532 3482 1069 
5142 727 3489 884 
5143 734 3490 1072 
5144 3481 3494 516 
5145 960 3490 735 
5146 1075 3486 521 
5147 1079 3487 507 
5148 732 3484 928 
5149 1049 3493 738 
5150 959 3482 533 
5151 725 3479 1078 
5152 534 3480 959 
5153 1490 3824 1165 
5154 2184 4328 3242 
5155 1743 2102 1742 
5156 1210 4832 4570 
5157 2296 2297 2295 
5158 3213 4706 3963 
5159 518 3495 1077 
5160 834 3495 519 
5161 1018 4710 3695 
5162 1710 4778 1934 
5163 2529 4160 2528 
5164 1715 3060 2343 
5165 1713 3553 2344 
5166 1420 4492 3148 
5167 2298 2967 2297 
5168 1741 1742 1726 
5169 1512 4741 3087 
5170 1293 3903 1291 
5171 3080 3325 1935 
5172 3308 3309 2089 
5173 3536 3806 2107 
5174 3429 3707 872 
5175 2658 4652 3360 
5176 3181 3556 3182 
5177 1730 2596 1727 
5178 523 3506 3488 
5179 883 3506 524 
5180 3263 4711 1153 
5181 3193 3928 903 
5182 1025 4707 4287 
5183 712 3508 832 
5184 1071 3508 713 
5185 641 4196 274 
5186 1173 1175 1174 
5187 2608 3270 3097 
5188 1725 1726 1724 
5189 2447 4016 2454 
5190 1681 1685 1119 
5191 2895 4078 3934 
5192 2263 2265 2264 
5193 2103 2295 2102 
5194 1445 1462 1407 
5195 1787 1790 1789 
5196 1225 4103 3202 
5197 2184 2949 2185 
5198 616 4066 1017 
5199 2254 2594 2593 
5200 2140 2141 1666 
5201 2135 2137 1628 
5202 2170 2172 2171 
5203 2198 2200 2199 
5204 2100 2178 1625 
5205 1941 1942 1874 
5206 2570 2571 2569 
5207 2491 3757 2511 
5208 3541 4345 1226 
5209 2264 2266 1612 
5210 1562 1563 1561 
5211 3145 4676 3966 
5212 3193 4781 2674 
5213 1101 1961 1960 
5214 217 1086 216 
5215 395 891 394 
5216 14 1085 13 
5217 192 892 191 
5218 2204 2206 2205 
5219 2015 2016 2012 
5220 1105 1952 1951 
5221 2210 2212 2211 
5222 2620 3652 2625 
5223 1884 1885 1883 
5224 1044 3995 3518 
5225 2838 3751 2837 
5226 268 3404 267 
5227 4107 4744 2690 
5228 791 3627 1053 
5229 931 3627 792 
5230 1657 3184 3183 
5231 1912 1914 1095 
5232 1898 1931 1093 
5233 2400 4748 2398 
5234 3003 4706 1236 
5235 3146 4571 4558 
5236 2242 2244 2241 
5237 1701 3393 3287 
5238 1337 1339 1338 
5239 737 3549 736 
5240 1056 3424 3423 
5241 3339 3693 2928 
5242 2687 4158 4130 
5243 933 3640 3153 
5244 1680 1682 1681 
5245 1150 1277 1153 
5246 1442 4817 1482 
5247 246 3478 245 
5248 1380 4283 1409 
5249 567 3643 566 
5250 2472 2474 2473 
5251 1645 4704 3661 
5252 3866 3925 3924 
5253 1152 3818 1155 
5254 1809 3931 3541 
5255 1880 1881 1675 
5256 2572 2573 2571 
5257 2852 4606 2851 
5258 3025 3177 1107 
5259 3567 3615 982 
5260 3819 4049 1034 
5261 2627 4653 2629 
5262 1196 3366 1198 
5263 2884 4845 3137 
5264 1175 1176 1174 
5265 1091 3890 3299 
5266 2364 4597 1732 
5267 1363 1364 1362 
5268 555 3709 880 
5269 3262 4141 3261 
5270 1097 2359 2358 
5271 745 3653 1026 
5272 3140 4801 3351 
5273 1467 1468 1466 
5274 3893 4239 993 
5275 551 3563 550 
5276 1935 1936 1827 
5277 2845 3865 1491 
5278 1418 3582 1289 
5279 3112 3957 3113 
5280 885 3407 3200 
5281 3493 3549 737 
5282 736 3549 960 
5283 2872 3707 3429 
5284 810 3657 809 
5285 1340 1341 1339 
5286 3202 4316 3203 
5287 803 3672 802 
5288 1307 1308 1306 
5289 562 3659 561 
5290 1331 1332 1330 
5291 856 4169 3156 
5292 1345 3363 1343 
5293 1575 1576 1571 
5294 1496 3358 1498 
5295 2139 2142 2140 
5296 2134 2136 2135 
5297 3520 3521 2957 
5298 1198 1199 1197 
5299 807 3660 1016 
5300 1679 3660 808 
5301 3006 4351 3720 
5302 1181 1183 1182 
5303 1474 2584 1856 
5304 1924 4795 2186 
5305 346 3515 345 
5306 143 3518 142 
5307 1449 4312 1386 
5308 1868 4660 1947 
5309 2305 3896 3046 
5310 2043 2044 2042 
5311 3694 4128 3085 
5312 897 4128 3694 
5313 2599 4692 3283 
5314 1132 1134 1133 
5315 1008 4639 3324 
5316 4322 4516 3209 
5317 1175 1177 1176 
5318 3120 4596 3121 
5319 1256 3813 1258 
5320 3060 3061 2343 
5321 318 917 317 
5322 115 918 114 
5323 2074 2075 2073 
5324 1026 3702 744 
5325 1021 4286 658 
5326 1048 3561 536 
5327 535 3561 3480 
5328 762 3570 838 
5329 2709 2710 2707 
5330 663 4024 1013 
5331 3961 4204 2701 
5332 2246 3270 2247 
5333 1488 1489 1148 
5334 536 3561 535 
5335 1525 4615 1469 
5336 3522 3523 2450 
5337 2715 2716 2714 
5338 2027 2030 2029 
5339 1355 1356 1353 
5340 1928 3498 2926 
5341 1825 4801 2749 
5342 2058 4622 2060 
5343 2060 2062 2061 
5344 1061 4484 3425 
5345 2450 4301 2405 
5346 1074 3569 512 
5347 3083 4367 3450 
5348 1201 3366 1196 
5349 1860 1861 1859 
5350 1385 3547 1388 
5351 1351 1354 1353 
5352 3287 3393 3122 
5353 2627 2629 2628 
5354 2252 2254 2253 
5355 3191 4867 3190 
5356 3089 4789 4158 
5357 559 3581 558 
5358 3397 4041 3398 
5359 2487 2488 2486 
5360 759 3703 758 
5361 3927 4075 3546 
5362 2200 2202 2201 
5363 902 3572 3271 
5364 3444 3445 3427 
5365 1806 1807 1805 
5366 3427 3584 963 
5367 3497 4674 852 
5368 2873 4674 3497 
5369 3002 3166 3165 
5370 1550 1551 1484 
5371 3509 4582 2478 
5372 2616 4726 2622 
5373 1218 4377 1203 
5374 1706 3834 2778 
5375 1304 1306 1305 
5376 3151 4779 3339 
5377 1560 1561 1559 
5378 1179 1181 1180 
5379 1703 1704 1617 
5380 512 3569 511 
5381 1303 3529 1304 
5382 1177 1179 1178 
5383 1636 1637 1635 
5384 4007 4164 863 
5385 2666 2667 2664 
5386 599 3708 948 
5387 3642 3705 3265 
5388 1465 1466 1464 
5389 3243 3520 3132 
5390 2688 2689 2685 
5391 2178 4456 3457 
5392 1387 4630 3700 
5393 4260 4261 3146 
5394 2530 3988 2529 
5395 1951 3179 1950 
5396 1955 2932 2785 
5397 1673 2243 2242 
5398 1068 3599 719 
5399 4108 4675 2953 
5400 1238 4470 3055 
5401 2754 4026 2753 
5402 1880 4792 1937 
5403 2687 4130 2688 
5404 3341 4351 2521 
5405 4132 4805 2926 
5406 3973 3974 1393 
5407 3570 3701 2829 
5408 4093 4747 4152 
5409 1976 2338 1891 
5410 2801 2802 2800 
5411 3610 3854 2104 
5412 1819 3917 2173 
5413 1882 1883 1881 
5414 962 3701 764 
5415 1994 4611 3763 
5416 2629 2632 2631 
5417 3178 4331 957 
5418 3348 4129 1052 
5419 2269 4005 3257 
5420 1071 3781 3508 
5421 1514 4808 1520 
5422 3922 4318 3137 
5423 1337 3502 1340 
5424 1296 1298 1297 
5425 1603 1604 1601 
5426 543 3711 1025 
5427 4329 4512 3285 
5428 3307 3769 927 
5429 2758 4007 2759 
5430 2439 2441 2440 
5431 2096 3498 1928 
5432 1911 1913 1912 
5433 1897 1899 1898 
5434 2799 2800 2303 
5435 3603 4069 2982 
5436 1463 1464 1462 
5437 1198 3366 2861 
5438 1853 3886 3534 
5439 3961 4334 4204 
5440 2734 4494 3463 
5441 3141 4537 2915 
5442 3540 3709 556 
5443 3659 3939 2796 
5444 1417 3199 1350 
5445 1862 1863 1861 
5446 975 3665 172 
5447 976 3664 375 
5448 3508 3781 3462 
5449 3253 4041 3397 
5450 3337 4458 2428 
5451 3010 4378 2368 
5452 3703 4333 758 
5453 2302 2303 2301 
5454 872 3707 3444 
5455 1921 1923 1922 
5456 1319 3372 1317 
5457 1327 4021 1329 
5458 1333 1334 1332 
5459 1177 1178 1176 
5460 4596 4650 929 
5461 2432 2434 2433 
5462 2131 3536 2107 
5463 603 3787 3440 
5464 1015 3787 604 
5465 2423 4209 2850 
5466 4309 4555 3796 
5467 1919 1921 1920 
5468 1052 4793 3349 
5469 3349 4793 916 
5470 2474 2476 2475 
5471 3528 4877 3529 
5472 877 3715 2876 
5473 2696 4834 3700 
5474 2300 2301 2299 
5475 2897 2898 2177 
5476 1943 1944 1942 
5477 2426 3196 2427 
5478 1328 3537 1326 
5479 1789 3749 1939 
5480 1558 1559 1557 
5481 1461 3603 1133 
5482 722 3624 833 
5483 719 3599 718 
5484 753 3740 752 
5485 2186 3986 2992 
5486 3893 3894 2874 
5487 1979 2299 1978 
5488 3815 4877 2033 
5489 3442 3711 544 
5490 1071 4212 3335 
5491 2930 2931 918 
5492 2929 3132 917 
5493 3446 3447 1067 
5494 2560 2561 2559 
5495 1945 1978 1944 
5496 824 3784 3158 
5497 2001 2002 2000 
5498 3045 4240 3589 
5499 904 3767 3431 
5500 888 3669 3419 
5501 2928 4291 1814 
5502 2274 3461 2361 
5503 2969 4120 2970 
5504 1369 4118 1364 
5505 2478 4830 3509 
5506 1659 4717 1815 
5507 1825 2308 1641 
5508 1864 1865 1863 
5509 1241 1242 1200 
5510 2501 4582 3312 
5511 4212 4724 3336 
5512 1300 3527 1303 
5513 1044 3591 3195 
5514 2458 4133 3215 
5515 3695 4409 2136 
5516 1335 3638 1330 
5517 3717 3767 904 
5518 1623 4063 3221 
5519 367 924 366 
5520 164 923 163 
5521 42 896 41 
5522 245 895 244 
5523 2977 4713 2834 
5524 1894 3275 1652 
5525 1167 3608 1169 
5526 2008 2009 2007 
5527 3100 4835 1233 
5528 3919 4881 831 
5529 2960 4807 3998 
5530 2416 2418 2417 
5531 2734 3463 2596 
5532 1923 1925 1924 
5533 3440 3787 3441 
5534 2010 2011 2009 
5535 980 4261 4260 
5536 1078 4026 3739 
5537 1701 3287 1650 
5538 2382 2385 2384 
5539 979 3565 237 
5540 2694 3621 2693 
5541 1775 1776 1773 
5542 2866 4748 2400 
5543 561 3779 560 
5544 922 3589 3517 
5545 1365 1366 1364 
5546 1577 1578 1576 
5547 2562 2563 2561 
5548 1556 1557 1555 
5549 3362 4680 3358 
5550 3630 4338 994 
5551 2765 3762 3276 
5552 3247 3248 1719 
5553 1753 1754 1698 
5554 2376 2381 2378 
5555 2922 2923 1029 
5556 1011 4601 3289 
5557 1866 1867 1865 
5558 930 4253 3328 
5559 3169 3620 2775 
5560 3221 4651 1125 
5561 3373 3914 2309 
5562 1579 1580 1578 
5563 1581 1592 1580 
5564 1794 1796 1795 
5565 1522 2983 1477 
5566 1342 1343 1341 
5567 2724 3274 2825 
5568 2550 4683 2548 
5569 1650 1671 1511 
5570 2454 3597 2455 
5571 2153 3773 1695 
5572 3994 4681 829 
5573 2746 4338 3630 
5574 1035 3650 3649 
5575 2424 4301 3523 
5576 3401 4058 2322 
5577 3107 3724 3342 
5578 3985 4805 4132 
5579 2069 3859 2156 
5580 4016 4721 2454 
5581 1609 1663 1608 
5582 1230 3131 1222 
5583 1332 1335 1330 
5584 1313 1314 1312 
5585 2660 2661 2653 
5586 3271 3915 902 
5587 2594 3512 3511 
5588 1336 1337 1334 
5589 2943 4050 1837 
5590 1607 4774 1691 
5591 2017 2018 2016 
5592 1447 1495 1246 
5593 2964 4028 4020 
5594 608 3811 607 
5595 1935 3325 1936 
5596 2578 4186 3790 
5597 1868 1869 1867 
5598 142 909 141 
5599 64 922 63 
5600 267 921 266 
5601 345 910 344 
5602 2529 4467 4160 
5603 2293 3020 3019 
5604 2369 4294 3373 
5605 3373 4294 1021 
5606 3062 3893 2147 
5607 1554 1555 1553 
5608 3265 3705 1082 
5609 1908 1909 1907 
5610 1476 3760 1614 
5611 1607 1608 1606 
5612 1350 3199 1351 
5613 1609 3454 1663 
5614 620 4167 226 
5615 2892 4439 3425 
5616 631 3558 979 
5617 1699 3658 2833 
5618 2574 3695 3694 
5619 3273 4656 893 
5620 1311 1312 1310 
5621 3445 3584 3427 
5622 2270 3789 2240 
5623 1212 4832 1210 
5624 1910 1968 1909 
5625 3000 4319 3562 
5626 3562 4319 1000 
5627 4046 4752 3491 
5628 2813 4880 1787 
5629 3453 3456 3452 
5630 2389 2391 2390 
5631 2931 3612 918 
5632 2848 4499 3232 
5633 1925 1927 1926 
5634 3452 3456 962 
5635 2362 4049 3042 
5636 2045 2046 2044 
5637 1552 1553 1551 
5638 1190 1192 1191 
5639 1696 3095 1272 
5640 3658 4791 2833 
5641 2115 4308 3786 
5642 1870 1871 1869 
5643 586 3829 585 
5644 3297 3829 2811 
5645 3364 3365 920 
5646 3217 4384 1411 
5647 1605 1606 1604 
5648 1355 1367 1357 
5649 1417 3588 3199 
5650 1840 4280 2903 
5651 3692 4519 2365 
5652 768 3831 851 
5653 554 3836 553 
5654 3431 3767 3433 
5655 2339 3087 2338 
5656 2867 4270 2866 
5657 223 4649 4066 
5658 2076 2077 2075 
5659 1997 1998 1996 
5660 2903 4280 3029 
5661 1328 3638 3537 
5662 1595 4419 2286 
5663 1565 1567 1566 
5664 2710 2713 2712 
5665 1906 1907 1905 
5666 1872 1873 1871 
5667 2363 4309 3796 
5668 3720 4351 823 
5669 2259 4061 2260 
5670 2191 4033 3080 
5671 4470 4479 3055 
5672 2110 4125 3441 
5673 1232 1252 1251 
5674 1829 3869 3668 
5675 792 3627 791 
5676 3211 4824 3212 
5677 1705 1707 1704 
5678 1523 3810 1654 
5679 3229 3885 3230 
5680 1190 3577 1977 
5681 1582 3194 1563 
5682 723 3624 722 
5683 878 4399 3301 
5684 3234 3235 1354 
5685 4109 4161 968 
5686 3313 4203 2335 
5687 827 4530 3383 
5688 1878 4029 1560 
5689 1724 3768 1638 
5690 2536 4559 2534 
5691 2414 2416 2415 
5692 3275 4772 1521 
5693 2978 2979 2195 
5694 4258 4300 3872 
5695 3667 4447 3594 
5696 3795 3796 1090 
5697 2456 3793 2448 
5698 1708 1709 1707 
5699 2549 2550 2548 
5700 1424 1425 1423 
5701 2280 3884 1540 
5702 2968 4752 3180 
5703 2724 2825 2727 
5704 3183 3556 3181 
5705 1310 3362 1496 
5706 3142 4738 2052 
5707 3316 3870 848 
5708 92 905 91 
5709 295 906 294 
5710 1387 3699 3352 
5711 3444 3707 3445 
5712 1808 1830 1807 
5713 1710 1826 1709 
5714 3450 4322 3083 
5715 415 4246 20 
5716 855 4842 4090 
5717 3405 4740 3050 
5718 1308 1310 1309 
5719 2409 4874 3136 
5720 2489 2494 2488 
5721 631 4583 3558 
5722 1261 4461 3968 
5723 4248 4616 1849 
5724 3007 4851 3852 
5725 2874 4674 2873 
5726 3168 4841 2290 
5727 2593 3927 2253 
5728 3277 3375 889 
5729 566 3643 850 
5730 2749 3459 2308 
5731 1132 4088 1134 
5732 1179 1180 1178 
5733 1426 4453 3279 
5734 1977 3851 3405 
5735 3604 4270 2867 
5736 1927 2096 1928 
5737 1254 1256 1255 
5738 3479 3728 1078 
5739 3846 4533 1081 
5740 553 3836 3592 
5741 3888 4123 1421 
5742 2128 4430 4103 
5743 2385 2387 2386 
5744 1864 3977 1866 
5745 1300 1303 1302 
5746 2019 2020 2018 
5747 1048 4121 3380 
5748 1518 3676 1629 
5749 556 3709 555 
5750 2399 2401 2400 
5751 1336 3502 1337 
5752 3592 3836 2453 
5753 1718 1816 1717 
5754 1844 1845 1831 
5755 1902 1903 1901 
5756 3133 3831 3134 
5757 2341 4663 3041 
5758 746 3653 745 
5759 820 4402 3402 
5760 3522 4376 1218 
5761 41 3654 40 
5762 1078 3739 724 
5763 3286 4069 1461 
5764 2197 4846 2198 
5765 2551 2552 2550 
5766 928 4543 4414 
5767 3594 4447 997 
5768 782 3928 1057 
5769 903 3928 783 
5770 4287 4707 3174 
5771 342 4460 681 
5772 1276 3323 1486 
5773 3089 4158 2687 
5774 455 4274 822 
5775 2275 4802 1894 
5776 2776 4711 3263 
5777 1282 4064 1281 
5778 2871 4629 3429 
5779 1687 3595 1588 
5780 3390 4526 1067 
5781 2498 2499 2495 
5782 3636 4116 2894 
5783 2087 3884 1948 
5784 1290 4578 3598 
5785 809 3657 1679 
5786 2511 3757 2531 
5787 1357 1359 1358 
5788 1337 1338 1334 
5789 2723 3274 2724 
5790 1817 2053 1816 
5791 717 3759 882 
5792 2230 2231 2228 
5793 1668 4329 3285 
5794 966 3672 803 
5795 3161 3764 2143 
5796 3773 4808 1514 
5797 4145 4146 3350 
5798 965 3659 562 
5799 808 3660 807 
5800 842 3615 3354 
5801 3479 3758 3728 
5802 3011 3978 3010 
5803 922 3517 3516 
5804 1054 3966 786 
5805 2194 2195 1583 
5806 2799 4604 2801 
5807 799 3969 1050 
5808 949 3969 800 
5809 1569 1570 1568 
5810 1072 3828 3635 
5811 3383 4530 3382 
5812 3215 4689 3514 
5813 1759 1760 1758 
5814 1761 1762 1760 
5815 1755 1756 1754 
5816 529 3769 528 
5817 2543 2544 2542 
5818 1757 1758 1756 
5819 2946 4003 2947 
5820 3013 4638 3272 
5821 1763 1764 1762 
5822 3763 4611 3319 
5823 3206 4098 2806 
5824 1368 3689 1363 
5825 2332 4811 2320 
5826 2858 4074 2857 
5827 3434 3717 904 
5828 1413 4875 3205 
5829 1188 1189 1186 
5830 1192 1194 1193 
5831 2465 2520 2463 
5832 1355 1357 1356 
5833 1990 1991 1989 
5834 3304 4273 1022 
5835 3533 4517 2370 
5836 1747 4581 3234 
5837 1765 1766 1764 
5838 1360 3900 1396 
5839 2678 2682 2673 
5840 2685 3554 2684 
5841 2345 4645 2346 
5842 3206 4251 2513 
5843 2393 2395 2394 
5844 4395 4797 3897 
5845 2035 2037 2036 
5846 2787 3533 3002 
5847 744 3702 743 
5848 1767 1768 1766 
5849 2166 4835 4529 
5850 1777 1778 1776 
5851 2066 2068 2067 
5852 1918 4642 3885 
5853 988 4375 4079 
5854 1545 4687 2132 
5855 2760 4573 3291 
5856 2395 2397 2396 
5857 102 4235 1047 
5858 1322 4743 1320 
5859 1210 4570 1223 
5860 2089 3543 2087 
5861 1729 3533 2787 
5862 1411 4266 3217 
5863 1315 1317 1314 
5864 1190 1977 1192 
5865 3359 3360 2656 
5866 3428 4094 3429 
5867 1022 3844 3304 
5868 2535 2536 2534 
5869 1635 3788 1593 
5870 2330 2995 2331 
5871 1769 1770 1768 
5872 884 3758 3479 
5873 1809 4316 3680 
5874 3256 4362 1036 
5875 3110 3769 3307 
5876 2021 2022 2020 
5877 1597 1598 1519 
5878 2047 2277 2046 
5879 1351 1352 1349 
5880 2683 2684 2682 
5881 1344 1345 1343 
5882 754 4017 753 
5883 3510 3740 3052 
5884 916 3740 3510 
5885 1056 3752 3424 
5886 539 3668 538 
5887 741 3864 740 
5888 3231 3667 3594 
5889 1431 4019 1435 
5890 248 3573 247 
5891 3473 4011 3314 
5892 1350 1351 1349 
5893 3979 4378 3010 
5894 2761 4617 3843 
5895 267 3404 921 
5896 1939 3713 2248 
5897 3260 4321 873 
5898 4806 4879 2607 
5899 1303 1304 1302 
5900 2743 4111 3876 
5901 1771 1772 1770 
5902 1943 4705 2283 
5903 2926 4620 2925 
5904 2829 4536 2828 
5905 2175 2176 2174 
5906 2078 2080 2077 
5907 960 4046 3491 
5908 3291 4573 4147 
5909 1737 4089 289 
5910 1348 1349 1347 
5911 2054 2055 2053 
5912 3602 4045 3123 
5913 3391 3998 2490 
5914 1779 1780 1778 
5915 2531 2532 2522 
5916 2379 3793 2375 
5917 2610 3965 3346 
5918 1799 2128 2118 
5919 1680 3675 2782 
5920 1531 4466 1699 
5921 2282 4015 2827 
5922 3521 4305 3182 
5923 366 3477 365 
5924 163 3476 162 
5925 2881 4463 2882 
5926 2313 4282 2314 
5927 1540 3884 3543 
5928 1178 3714 1268 
5929 2782 4814 3293 
5930 1252 1254 1253 
5931 2834 4190 2773 
5932 145 3591 144 
5933 1065 3703 759 
5934 634 4250 1005 
5935 3063 4132 2095 
5936 2455 2457 2456 
5937 2430 2432 2431 
5938 1472 1473 1470 
5939 2444 4067 3252 
5940 1476 1614 1473 
5941 409 3846 1081 
5942 611 3847 1080 
5943 2537 2538 2536 
5944 938 4130 3417 
5945 2965 4434 4122 
5946 2762 3842 3316 
5947 3462 3781 2790 
5948 2222 2223 2220 
5949 3008 4856 1587 
5950 3713 4344 2248 
5951 2290 4507 3168 
5952 3490 3828 1072 
5953 848 4593 3388 
5954 1577 4613 1594 
5955 1298 3527 1300 
5956 1002 4435 4232 
5957 2670 2672 2669 
5958 2461 4072 2575 
5959 2585 4650 3120 
5960 63 3516 62 
5961 266 3519 265 
5962 3116 4881 3919 
5963 2435 3932 3626 
5964 600 3708 599 
5965 2324 2328 2327 
5966 3059 4385 3058 
5967 1873 3566 2597 
5968 3647 3648 3646 
5969 3782 4457 2727 
5970 2437 2439 2438 
5971 2470 2471 2468 
5972 3349 3782 3225 
5973 2397 2399 2398 
5974 1415 4703 1341 
5975 986 4800 4154 
5976 2304 3550 2305 
5977 932 4133 3436 
5978 1262 4728 3131 
5979 1599 1600 1598 
5980 1781 1782 1780 
5981 2690 4174 2692 
5982 3005 4014 3832 
5983 2954 3666 2319 
5984 813 4024 664 
5985 1514 1516 1515 
5986 2016 3809 2012 
5987 2467 3757 2491 
5988 4722 4768 2814 
5989 1181 1182 1180 
5990 2718 2721 2720 
5991 1562 4148 1819 
5992 748 4129 955 
5993 1052 4129 749 
5994 3186 3807 1985 
5995 2232 2233 2231 
5996 4160 4467 3792 
5997 2412 2414 2413 
5998 510 3919 831 
5999 1070 3922 526 
6000 525 3922 883 
6001 3305 4424 2272 
6002 628 3870 972 
6003 2600 4443 3035 
6004 2856 4584 2855 
6005 2328 2330 2329 
6006 1346 1347 1345 
6007 1240 4479 1589 
6008 1236 4565 3175 
6009 2095 2985 2083 
6010 1154 4673 1149 
6011 1411 4594 1382 
6012 1471 3901 3401 
6013 1572 4085 3157 
6014 2107 3806 2154 
6015 1103 3712 2974 
6016 2023 2024 2022 
6017 1457 4044 3761 
6018 896 3654 41 
6019 3545 4855 2589 
6020 3160 3982 3161 
6021 194 1083 193 
6022 12 953 11 
6023 397 1084 396 
6024 215 952 214 
6025 2401 2405 2402 
6026 1035 4785 3650 
6027 1969 4574 4123 
6028 2751 4657 3827 
6029 764 3701 763 
6030 3438 4279 937 
6031 1359 1361 1360 
6032 2604 4624 2302 
6033 1150 1152 1149 
6034 2391 2393 2392 
6035 3599 3759 718 
6036 964 4184 601 
6037 1691 4774 2091 
6038 1733 2364 1732 
6039 3420 4012 3421 
6040 3185 3722 3568 
6041 3079 4287 3174 
6042 2577 4260 3146 
6043 3769 4335 528 
6044 1074 4550 3170 
6045 2348 3613 3571 
6046 3961 4612 2648 
6047 1255 4641 1419 
6048 3222 4764 1225 
6049 930 3821 3475 
6050 2710 3344 2713 
6051 2125 2928 1814 
6052 1292 3598 1295 
6053 2056 2057 2055 
6054 2214 2215 2212 
6055 2973 4149 2972 
6056 2647 2650 2646 
6057 1588 3595 1534 
6058 1576 3802 1571 
6059 1180 3714 1178 
6060 316 1089 315 
6061 113 1082 112 
6062 2418 2426 2419 
6063 3908 4022 3184 
6064 3443 3752 1056 
6065 2278 2287 2277 
6066 4147 4573 977 
6067 93 3655 92 
6068 544 3711 543 
6069 3019 3773 2153 
6070 245 3478 895 
6071 1447 3618 1495 
6072 4371 4776 4373 
6073 2300 4716 2604 
6074 1361 1368 1363 
6075 1970 3677 1968 
6076 3672 4367 3084 
6077 1967 2167 1848 
6078 2922 3780 2923 
6079 1650 3287 1671 
6080 1783 1784 1782 
6081 2828 4536 3456 
6082 774 4278 873 
6083 3410 4278 775 
6084 2690 2691 2689 
6085 1187 1188 1186 
6086 3360 3946 2656 
6087 723 3739 3624 
6088 1721 4500 2595 
6089 2281 4101 2853 
6090 1234 4696 1524 
6091 2131 4761 4605 
6092 1613 4380 3056 
6093 3693 4779 1788 
6094 3739 4026 2754 
6095 1257 4641 1255 
6096 757 4333 879 
6097 772 4321 3451 
6098 873 4321 773 
6099 4085 4195 2050 
6100 1194 1196 1195 
6101 3126 4046 3125 
6102 3138 4437 2643 
6103 2970 4333 3703 
6104 1220 4344 3713 
6105 1950 3685 858 
6106 4419 4466 2286 
6107 3514 4689 3424 
6108 2750 4528 2341 
6109 4456 4511 2966 
6110 2329 4876 2333 
6111 1134 4252 1136 
6112 2482 2484 2483 
6113 2081 2082 2080 
6114 1801 1803 1802 
6115 3426 4353 564 
6116 563 4353 965 
6117 3416 4516 3449 
6118 2774 3940 1099 
6119 2069 2156 2106 
6120 2387 2389 2388 
6121 1685 3743 3542 
6122 3364 4532 3365 
6123 1228 4635 3860 
6124 989 4548 3956 
6125 2208 2209 2206 
6126 1159 4815 1450 
6127 1194 1201 1196 
6128 1354 1355 1353 
6129 3240 3542 1963 
6130 3602 4124 1494 
6131 1043 4178 3379 
6132 3615 4878 982 
6133 1277 3656 2849 
6134 3356 4663 2341 
6135 3422 4482 3453 
6136 3675 4194 2782 
6137 4104 4172 3075 
6138 2906 2907 2145 
6139 604 3787 603 
6140 407 4459 1 
6141 1 4459 810 
6142 3441 4125 3009 
6143 3425 4439 887 
6144 2134 4587 2136 
6145 3790 4186 2579 
6146 3634 3915 3819 
6147 891 4576 3091 
6148 2673 3338 2672 
6149 995 4438 4172 
6150 1516 1517 1515 
6151 2170 2171 2168 
6152 3355 4755 3045 
6153 2508 2513 2506 
6154 1846 1847 1845 
6155 3456 4536 962 
6156 2498 4782 2500 
6157 1290 3598 1292 
6158 546 4526 954 
6159 1067 4526 547 
6160 850 4209 3426 
6161 2198 2199 2172 
6162 4417 4580 4416 
6163 1185 1186 1184 
6164 2367 3692 2365 
6165 3411 4334 3412 
6166 1874 3566 1873 
6167 3996 4396 2698 
6168 3264 4122 2359 
6169 3918 4576 891 
6170 4416 4580 2306 
6171 750 4793 1052 
6172 916 4793 751 
6173 1619 4451 3139 
6174 1351 1353 1352 
6175 3653 4708 3142 
6176 2521 4351 3006 
6177 1330 3638 1328 
6178 2640 2641 2639 
6179 1604 3808 1601 
6180 2224 2225 2223 
6181 2405 3952 2402 
6182 3423 4689 932 
6183 955 4708 747 
6184 784 4676 903 
6185 2091 4774 4468 
6186 1785 1786 1784 
6187 3947 4619 4111 
6188 1155 3818 1227 
6189 2025 2026 2024 
6190 2204 2205 2202 
6191 3519 3559 1045 
6192 3136 4874 2891 
6193 2721 2723 2722 
6194 2357 3382 1003 
6195 3661 4199 1645 
6196 3283 4692 1842 
6197 752 3740 916 
6198 1314 1316 1312 
6199 2226 2227 2225 
6200 890 4104 3288 
6201 1958 3090 1649 
6202 3487 4596 929 
6203 3168 4507 3166 
6204 2565 2570 2569 
6205 1188 1190 1189 
6206 2058 2059 2057 
6207 4088 4252 1134 
6208 3580 4654 2185 
6209 2645 2646 2642 
6210 4020 4456 2966 
6211 2500 2505 2499 
6212 3825 4820 3826 
6213 3569 3919 511 
6214 2283 4319 3000 
6215 3363 4342 3531 
6216 3361 4360 1768 
6217 2122 2174 1852 
6218 4371 4373 4372 
6219 3153 3852 2781 
6220 2575 4388 2466 
6221 3636 4733 1397 
6222 2382 3467 2385 
6223 2288 2291 2287 
6224 2668 2669 2667 
6225 1365 3689 1427 
6226 2584 4251 1856 
6227 1025 4287 3392 
6228 3715 4883 2855 
6229 3586 4168 4135 
6230 724 3739 723 
6231 142 3518 909 
6232 345 3515 910 
6233 2262 4131 3053 
6234 2609 4879 4806 
6235 1657 3908 3184 
6236 1587 4856 1664 
6237 294 3914 293 
6238 1409 4283 4186 
6239 1478 3810 1523 
6240 927 3769 529 
6241 2771 4811 2975 
6242 2901 4309 2363 
6243 2459 3321 2457 
6244 1563 1565 1564 
6245 1839 3764 2858 
6246 537 4121 1048 
6247 3884 4080 1948 
6248 3421 4012 2711 
6249 3889 4581 1747 
6250 731 4414 730 
6251 740 4415 739 
6252 1654 3810 1734 
6253 953 3732 3513 
6254 1594 4847 3242 
6255 2730 3961 2648 
6256 3412 4760 888 
6257 1352 3636 1349 
6258 3640 3718 3153 
6259 4118 4753 2516 
6260 2733 4338 2746 
6261 1196 1198 1197 
6262 1744 4322 3209 
6263 3832 4014 2675 
6264 4040 4572 2346 
6265 2667 3841 2664 
6266 3388 3762 2763 
6267 2163 4843 3619 
6268 2516 4464 4118 
6269 1695 3773 1513 
6270 3778 4859 1281 
6271 3708 4184 2852 
6272 2002 2131 2107 
6273 1891 3278 1890 
6274 2709 3344 2710 
6275 3685 4678 858 
6276 1271 4701 1274 
6277 1939 3749 3713 
6278 2184 4847 2949 
6279 2943 4051 4050 
6280 1361 1363 1362 
6281 2216 2217 2215 
6282 3389 4188 954 
6283 2099 3393 2284 
6284 2715 2717 2716 
6285 1085 4495 3511 
6286 3511 4495 2593 
6287 2346 4645 4040 
6288 1776 3823 1773 
6289 1787 1789 1786 
6290 3550 4732 2305 
6291 2708 4569 2703 
6292 1664 4856 2110 
6293 2243 2246 2245 
6294 1567 1568 1566 
6295 714 4212 1071 
6296 1183 1184 1182 
6297 3293 4386 3014 
6298 3897 4797 1875 
6299 4111 4619 1024 
6300 3517 3957 3516 
6301 2290 4841 2288 
6302 1859 3886 1855 
6303 13 3732 12 
6304 193 3731 192 
6305 396 3734 395 
6306 216 3733 215 
6307 2218 2219 2217 
6308 1001 4233 4054 
6309 4154 4800 3077 
6310 2694 4213 3330 
6311 1402 4076 1324 
6312 718 3759 717 
6313 1794 1795 1792 
6314 2913 4292 2889 
6315 3926 4762 3496 
6316 560 3779 839 
6317 247 1041 246 
6318 365 1040 364 
6319 44 1042 43 
6320 162 1039 161 
6321 2472 2473 2471 
6322 1073 4253 709 
6323 708 4253 930 
6324 2514 4782 2498 
6325 540 4514 203 
6326 1547 3123 3122 
6327 2465 3972 2520 
6328 317 3725 316 
6329 114 3726 113 
6330 2442 2443 2441 
6331 347 1043 346 
6332 144 1044 143 
6333 265 1045 264 
6334 62 1046 61 
6335 3663 4083 1644 
6336 4302 4564 3896 
6337 4614 4797 3638 
6338 916 4457 3349 
6339 2342 4433 4126 
6340 1036 3791 3256 
6341 2621 2649 2619 
6342 3123 4124 3602 
6343 2662 2663 2661 
6344 1127 4456 4020 
6345 3812 4803 2260 
6346 940 4759 4096 
6347 2027 2029 2026 
6348 203 4514 539 
6349 2098 4022 3908 
6350 2060 2061 2059 
6351 1827 3938 1826 
6352 336 3685 992 
6353 991 3683 72 
6354 2629 2631 2628 
6355 1480 4223 1265 
6356 527 4335 1070 
6357 2908 3835 2907 
6358 1454 1494 1493 
6359 2210 2211 2209 
6360 2556 2560 2559 
6361 2158 2159 2100 
6362 3800 4481 2854 
6363 1998 2001 2000 
6364 1835 3768 1724 
6365 3276 3565 979 
6366 3643 4180 850 
6367 2659 4781 3192 
6368 2381 3467 2382 
6369 2718 3833 2721 
6370 2266 3992 3399 
6371 923 3476 163 
6372 924 3477 366 
6373 729 4413 1076 
6374 1200 3577 1188 
6375 2815 4768 4722 
6376 3597 4862 2458 
6377 1915 1916 1914 
6378 2138 2252 2137 
6379 2785 3712 1103 
6380 2135 2138 2137 
6381 2264 2267 2266 
6382 3645 4043 871 
6383 1961 1962 1960 
6384 2572 3785 2573 
6385 609 4504 204 
6386 2284 4281 3639 
6387 204 4504 608 
6388 2875 4001 1027 
6389 1952 1954 1953 
6390 1952 1953 1951 
6391 1696 3950 3095 
6392 3437 4302 3438 
6393 3496 4393 2085 
6394 2352 3677 1549 
6395 1961 1963 1962 
6396 1682 1683 1681 
6397 2570 2572 2571 
6398 2363 3796 3795 
6399 1205 4662 1228 
6400 1195 4344 1220 
6401 1912 1915 1914 
6402 978 4145 3350 
6403 2889 4474 2890 
6404 1135 1461 1133 
6405 2638 2639 2636 
6406 1067 4665 3390 
6407 2713 2715 2714 
6408 3996 4610 4396 
6409 2705 2709 2707 
6410 2341 4528 3356 
6411 3414 4789 3104 
6412 2906 3970 3499 
6413 297 1088 296 
6414 4054 4317 2235 
6415 949 4213 3381 
6416 881 4550 514 
6417 513 4550 1074 
6418 1637 2097 1738 
6419 3616 4036 967 
6420 607 3811 1678 
6421 3526 4572 3400 
6422 1889 1890 1887 
6423 2200 2201 2199 
6424 3159 3849 2818 
6425 1363 1365 1364 
6426 1152 4711 3818 
6427 1614 4519 3692 
6428 3345 4574 1416 
6429 1543 3760 1476 
6430 1167 4159 3608 
6431 2267 2268 2266 
6432 3974 4753 1393 
6433 882 4724 716 
6434 1484 3588 1417 
6435 3496 4410 4393 
6436 2894 2895 2496 
6437 2270 4293 3789 
6438 2142 2155 2140 
6439 2364 3760 3606 
6440 336 4678 3685 
6441 1029 3404 268 
6442 2474 2475 2473 
6443 2651 2695 2650 
6444 1993 1997 1996 
6445 3180 4752 3126 
6446 1349 3636 1347 
6447 1134 1135 1133 
6448 3434 4093 3717 
6449 4254 4397 2974 
6450 1149 4579 1146 
6451 1028 4584 3327 
6452 1204 4272 1199 
6453 3869 4287 3079 
6454 1147 1149 1146 
6455 4715 4728 2094 
6456 2566 3471 2552 
6457 3669 4396 3419 
6458 1043 4443 3515 
6459 1845 3853 1831 
6460 2546 2549 2548 
6461 2066 2067 2064 
6462 1013 3908 1657 
6463 2035 2036 2032 
6464 2894 4733 3636 
6465 2187 3989 1623 
6466 2627 2628 2624 
6467 195 3706 194 
6468 2819 4616 4248 
6469 1267 1424 1423 
6470 1134 1136 1135 
6471 112 3705 111 
6472 3380 3869 3079 
6473 2097 2980 2745 
6474 2173 4488 3716 
6475 2097 3674 2980 
6476 3237 3238 1367 
6477 14 3822 1085 
6478 2913 4755 4292 
6479 2189 3176 1904 
6480 3446 4211 3447 
6481 3302 4769 2993 
6482 1145 1146 1144 
6483 3210 4077 1834 
6484 2155 4419 3878 
6485 2404 3952 2412 
6486 921 3519 266 
6487 922 3516 63 
6488 2358 4441 2356 
6489 3547 4453 1426 
6490 1716 1842 1683 
6491 911 3829 586 
6492 1150 3656 1277 
6493 1963 3542 2599 
6494 2499 3856 2495 
6495 936 4486 3280 
6496 2490 4078 3391 
6497 350 3646 349 
6498 147 3649 146 
6499 769 3831 768 
6500 3464 4137 1669 
6501 1682 1684 1683 
6502 2030 2372 2029 
6503 2263 4273 2265 
6504 4391 4712 2287 
6505 3719 4323 2108 
6506 1143 1144 1142 
6507 1877 3283 1842 
6508 3438 4302 2844 
6509 3403 3935 3535 
6510 2062 2188 2061 
6511 2750 4187 3941 
6512 2935 4206 3310 
6513 880 3836 554 
6514 2359 3814 2358 
6515 982 4267 3567 
6516 3989 4063 1623 
6517 2231 3837 2228 
6518 3303 4348 905 
6519 3543 3884 2087 
6520 2783 4505 3684 
6521 3378 4581 3889 
6522 1899 1900 1898 
6523 3492 4843 1073 
6524 3988 4277 934 
6525 2293 3019 2153 
6526 2525 4742 2492 
6527 3491 3828 3490 
6528 1914 4769 3302 
6529 3525 4311 2381 
6530 3899 4557 1838 
6531 1141 1142 1139 
6532 2267 3315 2269 
6533 2083 3470 2082 
6534 4073 4409 2573 
6535 4019 4553 2980 
6536 1592 2115 1631 
6537 2445 2736 2443 
6538 2243 2245 2242 
6539 3315 4144 1525 
6540 2540 2543 2542 
6541 3851 3923 3405 
6542 3110 4335 3769 
6543 884 4108 3758 
6544 2887 4317 2888 
6545 3399 4535 1611 
6546 2831 4832 1233 
6547 3085 4128 3300 
6548 3370 3371 2123 
6549 3481 4131 2262 
6550 929 4650 3474 
6551 3541 4316 1809 
6552 3266 3268 2353 
6553 1641 3606 1543 
6554 2116 2353 1631 
6555 3996 4598 2657 
6556 2220 3722 2219 
6557 3271 4788 3063 
6558 1663 2177 2123 
6559 1987 1990 1989 
6560 1917 1919 1916 
6561 1848 3505 1847 
6562 1363 3689 1365 
6563 3279 3971 1426 
6564 2503 4753 3974 
6565 896 4541 3223 
6566 2011 3555 3022 
6567 3670 3798 2152 
6568 1954 2005 2004 
6569 2110 4856 4125 
6570 1511 3618 1447 
6571 3306 4424 3305 
6572 2126 4588 2025 
6573 2560 2562 2561 
6574 3251 3252 3249 
6575 1899 1901 1900 
6576 1963 2599 1964 
6577 2478 4582 2476 
6578 3535 3935 1042 
6579 2476 2501 2475 
6580 3758 4108 2952 
6581 3351 3876 2192 
6582 2532 2535 2534 
6583 1050 4744 3413 
6584 2562 3551 2563 
6585 3545 4659 2882 
6586 1140 1148 1141 
6587 1964 3254 1962 
6588 1081 4533 3409 
6589 1790 3951 3749 
6590 2506 3770 2505 
6591 2004 2614 1953 
6592 2116 3267 3266 
6593 1233 4832 1212 
6594 2084 4622 2058 
6595 3700 4834 3699 
6596 1738 3788 1635 
6597 2247 3074 2245 
6598 1638 3768 1637 
6599 2511 2531 2522 
6600 2212 3747 2211 
6601 2005 2007 2006 
6602 288 4089 945 
6603 2632 2658 2631 
6604 504 3474 1740 
6605 706 3475 1739 
6606 1915 1918 1917 
6607 1366 4630 1370 
6608 1712 4081 1713 
6609 2767 4695 2768 
6610 1246 3923 1244 
6611 2115 3786 2116 
6612 2702 3996 2657 
6613 2165 3710 1958 
6614 1855 3886 1853 
6615 1138 1140 1139 
6616 1821 3194 1582 
6617 3693 4291 2928 
6618 1321 4165 1405 
6619 2899 4087 3810 
6620 2428 4458 3637 
6621 1873 2597 1938 
6622 3342 4196 989 
6623 3471 3754 2554 
6624 1136 1138 1137 
6625 3300 4245 1012 
6626 1643 4405 2050 
6627 1143 3794 1145 
6628 3004 3747 3629 
6629 1525 4005 3315 
6630 3826 3925 1405 
6631 2337 4861 2133 
6632 1881 3909 1675 
6633 1239 4408 1156 
6634 2202 3532 2201 
6635 875 4447 3667 
6636 2101 3816 2096 
6637 1188 3577 1190 
6638 1145 1151 1147 
6639 3819 3915 3043 
6640 1153 4711 1152 
6641 1903 1905 1904 
6642 3948 4076 1402 
6643 966 4367 3672 
6644 1801 1802 1798 
6645 1427 4084 1429 
6646 2482 2483 2480 
6647 3299 3890 953 
6648 3712 4757 2974 
6649 2194 2978 2195 
6650 1796 1799 1795 
6651 1012 4446 3300 
6652 874 3941 1121 
6653 2911 3767 3717 
6654 4182 4238 3578 
6655 1593 3788 1592 
6656 3981 4215 2695 
6657 3728 3758 2130 
6658 4502 4746 1890 
6659 1117 4499 2848 
6660 3232 4575 2232 
6661 3574 3848 899 
6662 600 4184 3708 
6663 1654 1734 1656 
6664 2576 4682 2860 
6665 3774 4073 3073 
6666 2717 3833 2718 
6667 2120 4757 3712 
6668 1424 1583 1425 
6669 1023 4305 3243 
6670 1684 1717 1716 
6671 3023 4028 1109 
6672 2549 2551 2550 
6673 3109 4829 3110 
6674 3901 4058 3401 
6675 3230 4605 1269 
6676 61 3590 60 
6677 895 4068 244 
6678 3914 4655 293 
6679 1536 1733 1732 
6680 2551 2566 2552 
6681 997 3867 3594 
6682 2012 3809 2011 
6683 964 4606 4184 
6684 1199 4813 1197 
6685 4120 4333 2970 
6686 3654 3720 40 
6687 364 3574 363 
6688 161 3572 160 
6689 2791 2804 1749 
6690 1086 3733 216 
6691 1085 3732 13 
6692 192 3731 892 
6693 395 3734 891 
6694 1244 3923 3851 
6695 1830 2805 2606 
6696 1262 4640 3296 
6697 2449 2450 2405 
6698 1062 4747 4093 
6699 2494 2893 2496 
6700 296 3804 295 
6701 3042 4049 3819 
6702 2493 4222 2472 
6703 3668 4121 538 
6704 1412 4208 3530 
6705 1064 3840 3448 
6706 746 4708 3653 
6707 3188 4502 2588 
6708 1040 4625 3609 
6709 3852 4851 2781 
6710 1681 3743 1685 
6711 251 3671 250 
6712 4263 4516 3416 
6713 2149 3809 2016 
6714 3834 4520 2347 
6715 1704 3945 1617 
6716 3661 4704 2797 
6717 3048 4831 2990 
6718 3415 3976 912 
6719 1772 2351 2350 
6720 2543 2557 2544 
6721 3323 4552 2304 
6722 1121 4070 3367 
6723 1571 3802 1570 
6724 1990 1994 1991 
6725 3443 4279 3752 
6726 1517 2109 1515 
6727 3221 4561 1622 
6728 3457 4562 1624 
6729 3386 4117 2731 
6730 3498 4132 2926 
6731 1041 3478 246 
6732 3843 4617 2759 
6733 3347 4730 948 
6734 3695 4587 1018 
6735 3350 4418 978 
6736 1491 4712 4391 
6737 1044 3518 143 
6738 1043 3515 346 
6739 3374 4171 996 
6740 2265 3750 2264 
6741 2100 3742 2178 
6742 1201 4299 3049 
6743 1637 3768 2097 
6744 1600 2127 2108 
6745 3076 4179 4071 
6746 1514 1515 1489 
6747 4273 4592 2265 
6748 3577 3851 1977 
6749 3620 4281 2284 
6750 783 3928 782 
6751 95 1014 94 
6752 314 967 313 
6753 2535 2537 2536 
6754 3403 4865 3935 
6755 2042 2092 2040 
6756 3825 3826 2285 
6757 3153 4277 3852 
6758 3551 3960 2563 
6759 2073 2085 2071 
6760 1630 3802 1576 
6761 3126 4752 4046 
6762 1462 4119 3372 
6763 3847 4763 1080 
6764 918 3726 114 
6765 917 3725 317 
6766 2439 2442 2441 
6767 2068 2069 2067 
6768 2914 4557 3454 
6769 1065 4538 3703 
6770 3544 4855 4009 
6771 2037 2038 2036 
6772 1736 4328 2184 
6773 2965 4542 4434 
6774 213 1090 212 
6775 10 1091 9 
6776 2432 2435 2434 
6777 1073 4843 3874 
6778 2158 3918 3917 
6779 2486 2490 2484 
6780 3125 4046 3549 
6781 2537 2578 2538 
6782 4009 4855 870 
6783 1805 1809 1803 
6784 1397 4342 3363 
6785 2784 4666 2874 
6786 987 4512 4329 
6787 956 4555 4309 
6788 2455 2456 2448 
6789 2736 4067 2443 
6790 3632 4403 3645 
6791 4018 4869 1444 
6792 511 3919 510 
6793 1601 3808 1600 
6794 526 3922 525 
6795 3343 4608 1041 
6796 2118 4523 3907 
6797 4179 4544 4071 
6798 2930 3947 2931 
6799 2512 3974 3973 
6800 1726 1835 1724 
6801 1227 4410 3496 
6802 4048 4392 1541 
6803 3372 3688 1317 
6804 3410 4610 2702 
6805 1675 3909 1651 
6806 1773 3823 1772 
6807 2651 3981 2695 
6808 3196 3932 2430 
6809 1563 1564 1561 
6810 2978 3755 3366 
6811 2209 3857 2206 
6812 2646 3832 2642 
6813 1831 3853 1830 
6814 3294 3827 3625 
6815 838 4012 3420 
6816 2821 4215 3981 
6817 3223 4541 1042 
6818 2495 3856 2494 
6819 2726 2991 2717 
6820 846 4497 3181 
6821 3947 4111 2743 
6822 1733 2366 2365 
6823 1617 3945 1499 
6824 2834 4191 4190 
6825 2272 4424 3343 
6826 3579 4260 2939 
6827 3365 4522 4002 
6828 1733 2365 2364 
6829 2102 2104 1742 
6830 2967 3662 2297 
6831 786 3966 785 
6832 2615 4549 3622 
6833 2156 2776 2106 
6834 1942 3566 1874 
6835 1058 4610 3410 
6836 4680 4770 2367 
6837 3309 3543 2089 
6838 3780 4846 2923 
6839 2776 3263 2106 
6840 1754 3950 1698 
6841 2613 4667 4179 
6842 3320 4381 2922 
6843 800 3969 799 
6844 1861 3163 1859 
6845 1637 1738 1635 
6846 1919 3698 1921 
6847 2356 4441 2357 
6848 1466 1841 1464 
6849 2596 4765 3502 
6850 3368 3664 976 
6851 3369 3665 975 
6852 2116 3786 3267 
6853 2642 3832 2641 
6854 2227 2237 2234 
6855 1314 3688 1316 
6856 2641 2675 2656 
6857 2366 4680 2367 
6858 1883 3015 1881 
6859 3486 4011 834 
6860 298 3783 297 
6861 3716 3734 1084 
6862 2689 3554 2685 
6863 2338 3278 1891 
6864 965 3939 3659 
6865 892 3092 191 
6866 891 3091 394 
6867 2136 3774 2135 
6868 2069 2105 2067 
6869 3714 4345 2805 
6870 2261 4110 3106 
6871 3400 4436 819 
6872 2698 4396 3669 
6873 2402 3952 2404 
6874 2303 3756 2301 
6875 1898 3805 1931 
6876 1551 3588 1484 
6877 2038 3037 2036 
6878 2752 3827 3294 
6879 1473 3691 1470 
6880 1559 1573 1557 
6881 909 4194 141 
6882 3280 3830 936 
6883 3956 4539 3955 
6884 1978 2859 1944 
6885 3115 4336 3114 
6886 3388 3565 3276 
6887 2237 2748 2340 
6888 2975 4811 4091 
6889 1865 1875 1863 
6890 1592 3788 2115 
6891 2228 3837 2227 
6892 1670 3808 1604 
6893 1923 2279 1925 
6894 2011 3022 2009 
6895 1578 1630 1576 
6896 4119 4661 3372 
6897 1990 3130 1994 
6898 2636 3946 2634 
6899 2306 4580 3322 
6900 2543 2579 2557 
6901 3191 4371 3311 
6902 3032 4297 4232 
6903 1592 1631 1580 
6904 1671 3618 1511 
6905 2860 4833 2547 
6906 3955 4539 857 
6907 1663 2123 1608 
6908 1242 3577 1200 
6909 2308 3606 1641 
6910 2505 3531 2519 
6911 2018 2149 2016 
6912 1869 2942 1867 
6913 3044 4240 3045 
6914 2336 3949 3314 
6915 1555 1747 1553 
6916 2046 2048 2044 
6917 3576 4473 1626 
6918 217 4357 1086 
6919 1968 1969 1909 
6920 855 4168 3585 
6921 1568 1965 1566 
6922 1439 4632 1434 
6923 2664 3841 2663 
6924 1606 1670 1604 
6925 2682 3338 2673 
6926 1698 3950 1696 
6927 1873 1938 1871 
6928 2077 2079 2075 
6929 3279 3841 2667 
6930 1145 3794 1151 
6931 1422 4687 1545 
6932 1707 2157 1704 
6933 2922 4839 3320 
6934 2219 3185 2236 
6935 1830 2606 1807 
6936 2549 3217 2551 
6937 2494 2496 2488 
6938 3646 3648 894 
6939 1565 1566 1564 
6940 3366 3755 2861 
6941 1826 2938 1709 
6942 1799 2117 1795 
6943 3269 4812 2941 
6944 2434 3744 2437 
6945 1927 2101 2096 
6946 1789 1939 1814 
6947 1424 2193 1583 
6948 2624 3723 2621 
6949 1903 1904 1901 
6950 2387 2446 2389 
6951 2663 2822 2821 
6952 3614 4569 2708 
6953 2999 4454 2003 
6954 352 3697 351 
6955 149 3696 148 
6956 3216 3956 3955 
6957 3163 3886 1859 
6958 2401 2449 2405 
6959 2140 3878 2141 
6960 2395 2408 2397 
6961 2871 4729 4629 
6962 3717 4093 2910 
6963 2418 2460 2426 
6964 2721 2729 2723 
6965 3571 3834 2348 
6966 2053 2310 1816 
6967 2468 3972 2465 
6968 2206 3857 2205 
6969 2194 3755 2978 
6970 1760 2094 1758 
6971 2030 3775 2372 
6972 2513 3770 2506 
6973 1756 3296 1754 
6974 1032 4463 3735 
6975 1538 3751 3550 
6976 2412 2424 2414 
6977 2985 3470 2083 
6978 1766 2166 1764 
6979 2167 3505 1848 
6980 2211 3004 2257 
6981 2205 3605 3532 
6982 1778 1832 1776 
6983 2011 3809 3555 
6984 2205 3532 2202 
6985 3532 3761 2201 
6986 2022 2028 2020 
6987 2513 3771 3770 
6988 2223 3722 2220 
6989 2501 2503 2475 
6990 3212 4400 3210 
6991 2062 3777 2188 
6992 2215 3747 2212 
6993 2560 3040 2562 
6994 2391 3213 2393 
6995 1051 4789 3414 
6996 2715 2726 2717 
6997 2663 2821 2661 
6998 2669 3279 2667 
6999 2849 4307 4298 
7000 2442 2445 2443 
7001 1772 2350 1770 
7002 4320 4402 3154 
7003 1803 3680 1802 
7004 2188 3357 2061 
7005 2372 2373 2029 
7006 1217 4272 1204 
7007 2650 3005 2646 
7008 1939 2248 2125 
7009 2246 2247 2245 
7010 3775 4513 2372 
7011 1782 1788 1780 
7012 365 3477 1040 
7013 162 3476 1039 
7014 2233 3317 2231 
7015 3332 4022 2098 
7016 1600 2108 1598 
7017 2764 4637 3762 
7018 1847 3460 1845 
7019 2505 2519 2499 
7020 2082 3861 2080 
7021 2059 2124 2057 
7022 2473 2512 2471 
7023 2631 2696 2628 
7024 2661 3981 2653 
7025 998 4397 4254 
7026 2570 3548 2572 
7027 1470 3691 1468 
7028 1252 1658 1254 
7029 1789 1814 1786 
7030 2211 2257 2209 
7031 2026 2033 2024 
7032 1219 3984 1232 
7033 2219 2236 2217 
7034 2227 2234 2225 
7035 3358 3838 1501 
7036 925 4609 3576 
7037 3448 4094 3428 
7038 3945 4540 1497 
7039 2956 4060 3556 
7040 115 2930 918 
7041 318 2929 917 
7042 2641 2656 2639 
7043 2949 4155 2185 
7044 2780 4742 4320 
7045 2097 2745 1738 
7046 1832 3823 1776 
7047 1086 4357 3575 
7048 3639 4025 2255 
7049 3311 4867 3191 
7050 1949 4816 3109 
7051 155 3678 154 
7052 263 901 262 
7053 349 894 348 
7054 60 900 59 
7055 146 893 145 
7056 3176 3748 1904 
7057 1496 3362 3358 
7058 3480 4039 959 
7059 4030 4491 981 
7060 1232 3984 1252 
7061 1147 1150 1149 
7062 1951 3801 3179 
7063 1244 3851 1242 
7064 2189 3187 3176 
7065 4629 4729 2870 
7066 3876 4670 1824 
7067 920 3887 3290 
7068 2260 4803 2034 
7069 3537 4395 1402 
7070 2268 3992 2266 
7071 1915 1917 1916 
7072 2138 3596 2252 
7073 1145 1147 1146 
7074 1716 1877 1842 
7075 2902 4416 2583 
7076 1598 3929 1519 
7077 1954 2004 1953 
7078 3400 4040 1956 
7079 1963 1964 1962 
7080 3381 4213 2694 
7081 62 3516 1046 
7082 265 3519 1045 
7083 3009 4125 3008 
7084 1656 3899 1838 
7085 2937 4700 2938 
7086 1143 1145 1144 
7087 3203 4316 3541 
7088 2277 4712 3865 
7089 1792 3951 1790 
7090 3375 4510 23 
7091 2457 4166 2456 
7092 3243 4618 1023 
7093 742 4679 406 
7094 2267 2269 2268 
7095 2805 4621 3714 
7096 2501 2504 2503 
7097 3152 4320 3154 
7098 1141 1143 1142 
7099 3699 4834 2658 
7100 3663 3933 3096 
7101 1030 4755 3355 
7102 2242 3845 2244 
7103 2445 2869 2736 
7104 2271 4436 3400 
7105 1099 4177 2355 
7106 3312 4582 3509 
7107 3549 4046 960 
7108 3197 4777 3068 
7109 2762 3843 3842 
7110 2116 3266 2353 
7111 1136 1137 1135 
7112 2049 4850 1800 
7113 363 899 362 
7114 249 819 248 
7115 46 820 45 
7116 160 902 159 
7117 2885 4476 4327 
7118 3939 4452 2744 
7119 1917 1929 1919 
7120 1055 4017 754 
7121 2524 3962 3403 
7122 2504 2516 2503 
7123 2354 4378 3979 
7124 2195 4242 3741 
7125 2005 2006 2004 
7126 2115 2116 1631 
7127 2599 3631 1964 
7128 2177 3370 2123 
7129 1684 1716 1683 
7130 2895 3934 2496 
7131 2007 2013 2006 
7132 2781 4851 2481 
7133 2516 4753 2503 
7134 2619 3737 2617 
7135 1140 1141 1139 
7136 1799 2118 2117 
7137 2149 4208 3809 
7138 1138 1139 1137 
7139 3322 4580 4173 
7140 4292 4474 2889 
7141 2648 4612 2645 
7142 3154 4648 933 
7143 2819 4248 4247 
7144 2193 2194 1583 
7145 2597 3038 1938 
7146 1028 3327 368 
7147 1027 3326 165 
7148 2865 4720 3909 
7149 315 3875 314 
7150 3467 4311 1261 
7151 4249 4515 1005 
7152 2563 3960 2565 
7153 1519 3929 1517 
7154 1905 2189 1904 
7155 1062 4093 3434 
7156 1907 3727 1905 
7157 2219 3722 3185 
7158 4304 4850 2049 
7159 3840 4094 3448 
7160 1913 3817 1912 
7161 2330 3868 2995 
7162 2579 2580 2557 
7163 4525 4739 1937 
7164 2653 3981 2651 
7165 973 4179 3586 
7166 2069 2106 2105 
7167 2893 2894 2496 
7168 2412 3952 2424 
7169 4231 4431 830 
7170 110 940 109 
7171 2185 4155 3580 
7172 2435 4812 3744 
7173 2497 4745 2515 
7174 3314 4115 3473 
7175 2351 2831 2350 
7176 2557 4384 3772 
7177 1939 2125 1814 
7178 2248 2940 2125 
7179 2675 3359 2656 
7180 2366 2367 2365 
7181 406 4679 741 
7182 2118 3907 2117 
7183 1522 3991 2983 
7184 2127 3719 2108 
7185 1317 3688 1314 
7186 2567 4418 3350 
7187 2237 2340 2234 
7188 11 3890 10 
7189 214 3891 213 
7190 1036 4362 3544 
7191 1583 3741 1425 
7192 2456 3850 3793 
7193 1000 4382 3562 
7194 3373 4655 3914 
7195 2449 2451 2450 
7196 2726 3622 2991 
7197 3413 4107 938 
7198 3935 4865 2824 
7199 1387 3700 3699 
7200 3647 4101 2126 
7201 92 3655 905 
7202 2322 4058 2324 
7203 3568 4306 2234 
7204 3882 4691 1508 
7205 3020 4207 3019 
7206 3987 4262 1877 
7207 2240 4088 1737 
7208 1274 4701 1538 
7209 400 943 399 
7210 197 942 196 
7211 2844 4302 3896 
7212 1425 3741 1454 
7213 42 4541 896 
7214 3402 4402 2525 
7215 831 4032 3485 
7216 1614 3692 3691 
7217 3752 4279 2841 
7218 1096 4268 1097 
7219 1098 4269 1099 
7220 2032 3775 2030 
7221 3554 4870 2684 
7222 883 4175 3506 
7223 1934 4778 2354 
7224 2343 4533 3846 
7225 3371 3905 2123 
7226 1121 4187 4070 
7227 3460 3853 1845 
7228 1097 4268 816 
7229 1099 4269 815 
7230 1495 3923 1246 
7231 1224 4210 3317 
7232 3827 4657 2183 
7233 4072 4854 2575 
7234 2064 3777 2062 
7235 343 3356 1087 
7236 1030 3355 65 
7237 1901 3748 1900 
7238 2554 3754 2556 
7239 1958 3710 3090 
7240 3354 3615 3567 
7241 3567 4267 3115 
7242 3552 4448 2917 
7243 2353 3898 1631 
7244 3597 4721 1063 
7245 2721 3833 2729 
7246 1542 4349 1661 
7247 2519 3856 2499 
7248 3369 4852 1913 
7249 3771 4251 2584 
7250 492 4031 981 
7251 3259 4117 3260 
7252 985 4241 3979 
7253 3682 4030 2779 
7254 3751 4701 2837 
7255 1852 3721 1821 
7256 1729 4517 3533 
7257 4069 4575 2982 
7258 1842 3743 1683 
7259 3280 4304 2049 
7260 2995 4144 2996 
7261 3282 4504 609 
7262 3074 4207 3906 
7263 3494 4025 881 
7264 3876 4111 2192 
7265 2139 4065 2142 
7266 1991 3763 1993 
7267 3317 3837 2231 
7268 2211 3747 3004 
7269 2442 3776 2445 
7270 244 4068 243 
7271 1796 3820 1799 
7272 1897 3664 3368 
7273 1911 3665 3369 
7274 4384 4594 1411 
7275 866 4737 1911 
7276 867 4736 1897 
7277 51 3718 50 
7278 2812 4747 3297 
7279 902 3915 3634 
7280 3120 4650 4596 
7281 2544 3772 2546 
7282 3976 4537 912 
7283 1994 3763 1991 
7284 915 4211 3446 
7285 3322 4200 1004 
7286 2105 4859 3778 
7287 1600 3808 2127 
7288 3015 3909 1881 
7289 2557 3772 2544 
7290 910 4663 3356 
7291 1772 3823 2351 
7292 2843 4732 3550 
7293 3234 4581 3235 
7294 2776 4410 3818 
7295 998 4255 436 
7296 3372 4661 3688 
7297 3292 4623 1015 
7298 3652 4259 2709 
7299 879 4120 3651 
7300 2632 4652 2658 
7301 247 3573 1041 
7302 3417 4158 1051 
7303 2822 4453 3547 
7304 3501 4141 3262 
7305 1830 3853 2805 
7306 2267 3750 3315 
7307 2505 3770 3531 
7308 3796 4555 211 
7309 3254 4668 1936 
7310 492 4577 4031 
7311 4140 4663 910 
7312 3641 3830 3280 
7313 1063 4721 3435 
7314 1143 3980 3794 
7315 3596 4758 3072 
7316 2494 3856 2893 
7317 1752 4818 2160 
7318 4099 4521 886 
7319 3220 4739 4525 
7320 1435 4019 1438 
7321 2295 3855 2102 
7322 2621 3723 2649 
7323 2548 4683 2576 
7324 3714 4621 1268 
7325 3387 4355 3386 
7326 144 3591 1044 
7327 1064 4354 3840 
7328 3600 3696 861 
7329 3447 4665 1067 
7330 2538 3790 2540 
7331 2244 4161 2241 
7332 2484 3998 2483 
7333 4202 4825 1017 
7334 2101 3824 3816 
7335 3593 4293 2369 
7336 1936 3938 1827 
7337 3311 4371 984 
7338 3489 4108 884 
7339 2991 3833 2717 
7340 871 4042 3645 
7341 2381 4311 3467 
7342 3496 4762 2602 
7343 3815 4006 2373 
7344 2657 4598 2638 
7345 3074 3845 2245 
7346 3096 3906 3020 
7347 1114 4284 2847 
7348 2847 4284 1007 
7349 1038 3647 3646 
7350 3466 4351 3341 
7351 2578 3790 2538 
7352 1541 4392 3596 
7353 3625 3827 2183 
7354 1125 4651 3026 
7355 1258 3813 1267 
7356 2929 4618 3243 
7357 2649 3738 3737 
7358 1233 4835 3361 
7359 3510 4457 916 
7360 1798 3820 1796 
7361 2987 4718 3048 
7362 3642 4047 3705 
7363 3385 4336 3115 
7364 3404 4056 921 
7365 1057 4204 3411 
7366 2269 3745 2268 
7367 3859 4393 2156 
7368 2921 2922 1029 
7369 3468 4091 2332 
7370 3682 4491 4030 
7371 1985 3807 1987 
7372 2172 4595 2171 
7373 256 3735 255 
7374 53 3736 52 
7375 3146 4558 2900 
7376 2630 4653 2627 
7377 1076 4413 4110 
7378 9 3879 8 
7379 1843 4531 2589 
7380 1063 4862 3597 
7381 1010 4727 2886 
7382 59 3644 58 
7383 262 3791 261 
7384 4123 4574 3345 
7385 1409 4186 4072 
7386 3606 3760 1543 
7387 2614 3801 1953 
7388 2793 3916 2791 
7389 2157 3945 1704 
7390 2843 3751 2838 
7391 295 3804 906 
7392 749 4129 748 
7393 3709 4370 880 
7394 3159 3904 3849 
7395 3243 4305 3521 
7396 2628 3723 2624 
7397 943 4137 3464 
7398 1269 4605 3353 
7399 1316 4680 3362 
7400 2827 4015 3650 
7401 1915 3817 1918 
7402 12 3732 953 
7403 1083 3731 193 
7404 1084 3734 396 
7405 215 3733 952 
7406 3966 4676 785 
7407 1108 4364 1109 
7408 1106 4363 1107 
7409 1931 4867 3311 
7410 1809 3680 1803 
7411 3388 4593 3565 
7412 4529 4835 3100 
7413 608 4504 3811 
7414 1107 4363 946 
7415 1109 4364 947 
7416 817 4313 1115 
7417 1115 4313 1114 
7418 2639 3946 2636 
7419 355 3746 354 
7420 3069 4790 3198 
7421 829 4297 3557 
7422 1644 4057 3663 
7423 906 3914 294 
7424 1295 4092 1296 
7425 1633 4328 1736 
7426 1574 4405 1643 
7427 316 3725 1089 
7428 113 3726 1082 
7429 1095 4289 866 
7430 1093 4288 867 
7431 2132 4380 2334 
7432 1092 4288 1093 
7433 1094 4289 1095 
7434 3170 4281 3169 
7435 47 3753 46 
7436 362 3633 361 
7437 159 3634 158 
7438 250 3526 249 
7439 2344 3847 1019 
7440 2343 3846 1020 
7441 3968 4461 2446 
7442 2203 4381 3320 
7443 3516 3957 1046 
7444 3639 4281 3170 
7445 1494 4124 1493 
7446 538 4121 537 
7447 3762 4637 2763 
7448 2732 4775 2783 
7449 2576 4568 4146 
7450 2592 4063 3989 
7451 3365 4002 151 
7452 1034 4049 3686 
7453 300 944 299 
7454 312 1645 311 
7455 97 1646 96 
7456 1742 3854 1726 
7457 2068 3859 2069 
7458 4697 4768 4354 
7459 1110 4368 1111 
7460 1977 4299 1192 
7461 2785 3977 3712 
7462 1111 4368 814 
7463 2037 3858 2038 
7464 2649 3737 2619 
7465 923 4805 3476 
7466 3041 4663 4140 
7467 1616 4520 1706 
7468 3346 4806 2610 
7469 2050 4195 2051 
7470 2086 4390 3271 
7471 1517 3929 2109 
7472 1795 3951 1792 
7473 1501 3838 1536 
7474 2156 4410 2776 
7475 3728 4026 1078 
7476 2071 3859 2068 
7477 1614 3691 1473 
7478 2040 3858 2037 
7479 1015 4623 3883 
7480 937 4279 3443 
7481 3162 4265 3469 
7482 3436 4862 1063 
7483 3503 3683 991 
7484 992 3685 3504 
7485 1194 4299 1201 
7486 2257 3857 2209 
7487 2174 3721 1852 
7488 2098 4024 813 
7489 601 4184 600 
7490 2192 4112 847 
7491 3629 4503 2236 
7492 2227 3837 2237 
7493 2896 4870 3554 
7494 3947 4685 2931 
7495 2256 4469 2808 
7496 1048 4275 3561 
7497 1128 4352 3028 
7498 3488 4203 1075 
7499 3028 4352 817 
7500 3626 4812 2435 
7501 1429 4084 1432 
7502 3598 4578 2013 
7503 1489 3839 1148 
7504 4173 4200 3322 
7505 2863 4725 3849 
7506 3296 3950 1754 
7507 2356 4230 1096 
7508 2355 4229 1098 
7509 3457 4456 1127 
7510 3583 4554 2373 
7511 243 4068 3784 
7512 1630 3803 3802 
7513 3546 4075 1627 
7514 3379 4178 894 
7515 3254 4756 1962 
7516 2915 4537 3976 
7517 3406 4151 4000 
7518 3430 4354 1064 
7519 1454 3741 1494 
7520 3301 4838 2993 
7521 1929 3698 1919 
7522 2816 4616 2819 
7523 2709 4259 3344 
7524 3616 4704 4036 
7525 3940 4177 1099 
7526 2993 4838 3302 
7527 1955 3683 3503 
7528 3504 3685 1950 
7529 4146 4682 2576 
7530 2641 3832 2675 
7531 2490 3998 2484 
7532 815 4314 2774 
7533 3623 4037 1646 
7534 2565 3960 2570 
7535 3235 4581 3378 
7536 954 4188 3442 
7537 2299 3882 1978 
7538 333 3894 993 
7539 3005 3832 2646 
7540 399 4000 398 
7541 196 3999 195 
7542 2398 4748 4270 
7543 3037 4513 3775 
7544 3637 4458 839 
7545 2833 4791 2977 
7546 2821 3981 2661 
7547 3021 4083 3663 
7548 1469 4615 3868 
7549 141 4194 140 
7550 1352 4116 3636 
7551 3438 4882 4279 
7552 1561 3863 1559 
7553 4079 4330 988 
7554 2459 4527 3321 
7555 3822 4495 1085 
7556 3080 4296 3325 
7557 2442 3997 3776 
7558 864 4677 1955 
7559 3311 4339 1092 
7560 984 4339 3311 
7561 3506 4175 2337 
7562 2556 3754 2560 
7563 3914 4751 2309 
7564 3302 4340 1094 
7565 4296 4493 1959 
7566 1828 4679 742 
7567 1077 4131 3481 
7568 1683 3743 1681 
7569 2009 3881 2007 
7570 2435 3744 2434 
7571 2057 3936 2055 
7572 2328 3901 2330 
7573 1103 4350 864 
7574 1102 4350 1103 
7575 1493 4124 1547 
7576 2534 4559 2581 
7577 2095 4132 3498 
7578 3650 4785 2827 
7579 2788 4883 3715 
7580 1816 3902 1717 
7581 2809 4803 3812 
7582 2663 3841 2822 
7583 1039 3572 161 
7584 1040 3574 364 
7585 905 4348 91 
7586 2735 4532 3364 
7587 934 4277 3718 
7588 3896 4564 3046 
7589 2532 4127 2535 
7590 3590 3862 900 
7591 2159 3742 2100 
7592 1764 3912 1762 
7593 3478 4608 3306 
7594 1863 3892 1861 
7595 1046 3590 61 
7596 1921 3895 1923 
7597 3586 4135 973 
7598 1646 4462 3623 
7599 3169 4281 3620 
7600 3820 4430 2128 
7601 1557 3889 1555 
7602 715 4212 714 
7603 3900 4464 2504 
7604 3809 4208 3555 
7605 4100 4521 4099 
7606 3322 4566 2146 
7607 2139 4202 4065 
7608 2622 3993 3344 
7609 2036 3775 2032 
7610 2264 3750 2267 
7611 4174 4744 1050 
7612 4066 4713 2977 
7613 1867 3897 1865 
7614 2067 3777 2064 
7615 1370 4630 1387 
7616 4605 4761 3353 
7617 3550 3751 2843 
7618 3927 4495 3822 
7619 1580 3898 1578 
7620 1998 4347 2001 
7621 951 4401 1129 
7622 1129 4401 1128 
7623 2471 3972 2468 
7624 2075 3926 2073 
7625 4272 4813 1199 
7626 3849 3904 2864 
7627 1993 3763 1997 
7628 1948 4080 1537 
7629 2044 3924 2042 
7630 1909 3888 1907 
7631 1254 3799 1256 
7632 1084 4151 3406 
7633 1807 3931 1805 
7634 2488 3934 2486 
7635 1066 4302 3437 
7636 3863 4709 3617 
7637 1101 4423 1100 
7638 3080 4493 4296 
7639 3753 4402 820 
7640 3660 4824 1016 
7641 859 4423 1101 
7642 775 4278 774 
7643 2504 4464 2516 
7644 3553 4465 3103 
7645 1224 4579 4210 
7646 2389 3873 2391 
7647 3759 4654 882 
7648 333 4636 3894 
7649 3772 4384 3217 
7650 2399 3954 2401 
7651 1944 3930 1942 
7652 1608 3905 1606 
7653 2546 3772 2549 
7654 1532 4517 1729 
7655 2443 4067 2444 
7656 1419 4641 4366 
7657 4417 4577 826 
7658 3099 4045 3602 
7659 2385 3968 2387 
7660 3655 3880 905 
7661 1925 3911 1927 
7662 4080 4784 1266 
7663 1530 4223 1480 
7664 3744 4812 3269 
7665 839 4458 3581 
7666 1871 3910 1869 
7667 3433 4702 2409 
7668 2456 4166 3850 
7669 1821 3721 3194 
7670 2430 3932 2432 
7671 2743 4685 3947 
7672 3429 4629 2872 
7673 709 4253 708 
7674 2598 4743 3038 
7675 4128 4245 3300 
7676 1905 3727 2189 
7677 822 4274 2263 
7678 1122 4471 1123 
7679 1225 4764 4103 
7680 3419 4396 1058 
7681 2135 3774 2138 
7682 3304 4592 4273 
7683 1252 3984 1658 
7684 3324 4639 2238 
7685 758 4333 757 
7686 1123 4471 950 
7687 4022 4023 3184 
7688 773 4321 772 
7689 1126 4489 1127 
7690 1124 4490 1125 
7691 1734 3899 1656 
7692 3963 4706 2408 
7693 3729 4855 3545 
7694 2108 3929 1598 
7695 2827 4785 3600 
7696 58 1037 57 
7697 261 1036 260 
7698 351 1038 350 
7699 148 1035 147 
7700 2240 4252 4088 
7701 1125 4490 812 
7702 1127 4489 811 
7703 3474 4086 1740 
7704 3450 4367 966 
7705 1904 3748 1901 
7706 810 4459 3657 
7707 3449 4516 3450 
7708 3188 4746 4502 
7709 1547 4124 3123 
7710 3350 4568 2798 
7711 3725 3965 1089 
7712 140 4194 3675 
7713 2757 4478 2760 
7714 3767 4702 3433 
7715 1709 3921 1707 
7716 2155 3878 2140 
7717 3849 4725 2818 
7718 3339 4779 3693 
7719 3264 4315 1108 
7720 2844 4732 2843 
7721 2324 4058 2328 
7722 4418 4506 978 
7723 3687 4324 869 
7724 2540 3790 2543 
7725 3317 4210 3837 
7726 2254 4048 2594 
7727 3252 4432 3249 
7728 1733 3838 2366 
7729 2963 4542 2965 
7730 2890 4599 2605 
7731 3794 4323 1151 
7732 2205 3857 3605 
7733 1900 3805 1898 
7734 3539 4780 3226 
7735 1618 4450 1657 
7736 1657 4450 1013 
7737 946 4429 3024 
7738 947 4428 3023 
7739 926 4075 3927 
7740 1829 4514 540 
7741 1953 3801 1951 
7742 1570 3871 1568 
7743 2966 4864 2962 
7744 564 4353 563 
7745 3251 4518 3252 
7746 3382 4530 696 
7747 3489 4675 4108 
7748 1082 3705 112 
7749 194 3706 1083 
7750 2020 3937 2018 
7751 3504 4802 2275 
7752 2183 4657 1735 
7753 3535 4496 820 
7754 3555 4208 1412 
7755 361 1033 360 
7756 158 1034 157 
7757 2589 4855 3544 
7758 3467 3968 2385 
7759 945 4089 1132 
7760 108 1610 107 
7761 3390 4665 3250 
7762 111 4047 110 
7763 2885 4327 1110 
7764 2693 4113 2691 
7765 1267 3813 1424 
7766 1045 4780 3539 
7767 2622 4726 3993 
7768 861 4522 3600 
7769 819 3573 248 
7770 4051 4573 4050 
7771 1553 3953 1551 
7772 3476 3985 1039 
7773 3711 4707 1025 
7774 3344 3993 2713 
7775 2002 4761 2131 
7776 4134 4149 3156 
7777 893 3591 145 
7778 2362 4827 3913 
7779 814 4421 3027 
7780 2093 4586 3091 
7781 2187 4585 3092 
7782 1987 3807 1990 
7783 3430 4697 4354 
7784 1912 3817 1915 
7785 4590 4779 3151 
7786 3315 4005 2269 
7787 528 4335 527 
7788 4106 4844 128 
7789 2525 4402 4320 
7790 914 4220 3628 
7791 3477 4625 1040 
7792 880 4370 3673 
7793 2325 4686 3377 
7794 3990 3991 1522 
7795 2531 4127 2532 
7796 1762 3942 1760 
7797 1802 3820 1798 
7798 1461 4069 3603 
7799 1033 4369 3687 
7800 4283 4594 2580 
7801 2897 4809 2898 
7802 2007 3881 2013 
7803 3054 4425 1745 
7804 1758 3944 1756 
7805 2105 3777 2067 
7806 962 4536 3701 
7807 3515 4140 910 
7808 3037 3775 2036 
7809 3700 4749 2696 
7810 91 4348 90 
7811 986 4154 644 
7812 2898 4055 2177 
7813 2198 4846 3780 
7814 851 4482 3422 
7815 210 956 209 
7816 402 1669 401 
7817 7 957 6 
7818 199 1668 198 
7819 967 4358 3616 
7820 3338 4589 1502 
7821 3521 4060 2957 
7822 4210 4579 2748 
7823 1468 3975 1466 
7824 2580 4594 4384 
7825 2241 4109 1672 
7826 2566 4266 3765 
7827 1732 4597 3459 
7828 863 4008 4007 
7829 1149 4673 4579 
7830 3253 4211 4041 
7831 2543 3790 2579 
7832 3757 4389 2531 
7833 693 4878 3615 
7834 2997 4592 3304 
7835 3182 4095 846 
7836 2834 4713 4191 
7837 4191 4713 898 
7838 4056 4846 2197 
7839 3701 4536 2829 
7840 1990 3807 3130 
7841 3949 4115 3314 
7842 1042 4496 3535 
7843 837 3675 1680 
7844 96 4037 95 
7845 313 4036 312 
7846 299 4038 298 
7847 3559 4780 1045 
7848 1021 4655 3373 
7849 824 4250 635 
7850 1088 4694 3798 
7851 4254 4757 2890 
7852 3061 4533 2343 
7853 847 4498 1620 
7854 1620 4498 1619 
7855 3439 4564 1066 
7856 2700 4437 2681 
7857 2890 4474 4255 
7858 1021 4294 4286 
7859 1007 3994 3396 
7860 2523 4222 3962 
7861 3840 4354 2815 
7862 3543 4644 1540 
7863 4085 4383 2176 
7864 2055 3959 2053 
7865 3408 4459 407 
7866 1780 3958 1778 
7867 2549 3772 3217 
7868 4335 4829 1070 
7869 2117 3951 1795 
7870 3724 4196 3342 
7871 3473 4115 3054 
7872 2241 4161 4109 
7873 3421 4538 1065 
7874 3384 4157 827 
7875 2080 3967 2077 
7876 870 4855 3729 
7877 3468 4114 1610 
7878 1066 4564 4302 
7879 730 4413 729 
7880 2802 4126 2800 
7881 2974 4397 1102 
7882 2480 4830 2478 
7883 398 4151 397 
7884 912 4537 3587 
7885 3555 4092 3022 
7886 2177 4055 3370 
7887 2193 4672 2194 
7888 3765 4312 2566 
7889 2515 4160 3792 
7890 2768 4627 2766 
7891 2106 4859 2105 
7892 2894 4116 2895 
7893 2102 3855 2104 
7894 1148 3980 1141 
7895 2093 4576 2158 
7896 1026 4777 3702 
7897 3561 4275 2740 
7898 3715 4373 2788 
7899 877 4373 3715 
7900 1536 3838 1733 
7901 1737 4603 2240 
7902 1611 4602 1612 
7903 1424 3813 2193 
7904 2759 4617 1850 
7905 2890 4255 4254 
7906 2860 4682 4136 
7907 4215 4821 1408 
7908 4105 4106 844 
7909 1612 4602 822 
7910 2240 4603 821 
7911 2393 3963 2395 
7912 2245 3845 2242 
7913 3761 4044 2201 
7914 950 4535 3399 
7915 2696 3723 2628 
7916 942 4356 3766 
7917 2280 4080 3884 
7918 1151 4323 3719 
7919 2454 4721 3597 
7920 3909 4720 1651 
7921 2004 3990 2614 
7922 2085 4393 3859 
7923 812 4561 3221 
7924 811 4562 3457 
7925 2085 3859 2071 
7926 3139 4451 951 
7927 1268 4621 3460 
7928 2560 3754 3040 
7929 2092 3858 2040 
7930 166 2875 1027 
7931 369 2876 1028 
7932 1242 3851 3577 
7933 2935 4717 4206 
7934 1419 4366 3776 
7935 1960 4296 1959 
7936 3349 4457 3782 
7937 3634 3819 1034 
7938 3550 4552 1538 
7939 2237 4210 2748 
7940 1726 3854 1835 
7941 3544 4362 2276 
7942 1324 4076 1322 
7943 3587 4537 3141 
7944 1042 4541 43 
7945 547 4526 546 
7946 2128 4764 2118 
7947 928 4414 731 
7948 739 4415 1049 
7949 3617 4709 1965 
7950 974 4149 4134 
7951 2437 3997 2439 
7952 3850 4166 1524 
7953 1089 3875 315 
7954 926 3927 3822 
7955 3360 4652 3946 
7956 3942 4715 2094 
7957 3572 4788 3271 
7958 2763 4637 1813 
7959 3789 4252 2240 
7960 1515 3839 1489 
7961 715 4724 4212 
7962 2397 3983 2399 
7963 2890 4757 4599 
7964 3713 3907 1220 
7965 2104 3854 1742 
7966 2310 3903 3902 
7967 1624 4647 1625 
7968 1622 4646 1623 
7969 953 3890 11 
7970 952 3891 214 
7971 3663 4057 3933 
7972 899 4385 3633 
7973 1538 4701 3751 
7974 919 4469 3812 
7975 3865 4712 1491 
7976 1625 4647 970 
7977 1623 4646 969 
7978 882 4654 3580 
7979 3302 4838 4340 
7980 2486 3934 2490 
7981 2042 3924 2092 
7982 3060 4077 3061 
7983 1717 3987 1716 
7984 1805 3931 1809 
7985 3874 4843 2163 
7986 2982 4499 1117 
7987 4152 4747 2812 
7988 2073 3926 2085 
7989 2109 3839 1515 
7990 3627 4481 1053 
7991 2614 4772 3275 
7992 4587 4826 1018 
7993 3860 3983 2408 
7994 2791 3916 2804 
7995 2159 4029 3742 
7996 2656 3946 2639 
7997 1088 3804 296 
7998 3220 4525 2187 
7999 1118 4600 1119 
8000 1119 4600 837 
8001 821 4286 2270 
8002 3733 3970 952 
8003 3181 4497 1618 
8004 1335 4614 3638 
8005 2570 3960 3548 
8006 3628 4234 2587 
8007 3109 4816 4318 
8008 2201 4044 2199 
8009 1959 4052 859 
8010 310 913 309 
8011 302 1644 301 
8012 99 914 98 
8013 3539 4626 1045 
8014 4327 4476 1009 
8015 2391 3873 3213 
8016 3698 3895 1921 
8017 3666 4349 2316 
8018 1564 3863 1561 
8019 360 3687 359 
8020 49 933 48 
8021 157 3686 156 
8022 252 935 251 
8023 260 4009 259 
8024 1482 4480 3274 
8025 2124 3936 2057 
8026 852 4674 4636 
8027 3676 4027 2247 
8028 3798 3804 1088 
8029 2672 3971 2669 
8030 3585 4842 855 
8031 1559 3863 1573 
8032 3455 4534 1118 
8033 3022 3881 2009 
8034 2713 3993 2715 
8035 1978 3882 2859 
8036 941 4534 3455 
8037 2458 4862 4133 
8038 1861 3892 3163 
8039 4359 4668 3254 
8040 514 4550 513 
8041 1418 3959 3936 
8042 3586 4667 2111 
8043 465 3994 1007 
8044 3837 4210 2237 
8045 3552 4739 3220 
8046 347 4178 1043 
8047 1791 4880 4444 
8048 2513 4251 3771 
8049 2310 3902 1816 
8050 4026 4735 2753 
8051 1405 3925 3866 
8052 3670 4751 906 
8053 1923 3895 2279 
8054 348 4178 347 
8055 887 4697 3430 
8056 1631 3898 1580 
8057 1573 3889 1557 
8058 1875 3892 1863 
8059 3321 4166 2457 
8060 1658 3799 1254 
8061 2512 3972 2471 
8062 1578 3898 1630 
8063 3566 4018 2597 
8064 3941 4187 1121 
8065 1865 3897 1875 
8066 3166 4507 3167 
8067 747 4708 746 
8068 3286 4265 2233 
8069 2166 3912 1764 
8070 908 4201 2134 
8071 907 4202 2139 
8072 1594 4613 3916 
8073 2723 4185 3274 
8074 3505 4426 1847 
8075 2942 3897 1867 
8076 785 4676 784 
8077 2426 4176 3196 
8078 3596 4392 2252 
8079 1555 3889 1747 
8080 1969 3888 1909 
8081 2048 3924 2044 
8082 1568 3871 1965 
8083 2446 3873 2389 
8084 2888 4317 4054 
8085 919 3812 3746 
8086 2859 3930 1944 
8087 1146 4579 1224 
8088 2606 3931 1807 
8089 3656 4307 2849 
8090 2496 3934 2488 
8091 3357 4004 2061 
8092 117 4112 1024 
8093 465 4681 3994 
8094 2079 3926 2075 
8095 2123 3905 1608 
8096 60 3590 900 
8097 2373 4006 2029 
8098 2279 3911 1925 
8099 1965 4709 1566 
8100 1405 4165 3826 
8101 1927 3911 2101 
8102 1938 3910 1871 
8103 2401 3954 2449 
8104 1606 3905 1670 
8105 1464 4119 1462 
8106 2405 4301 3952 
8107 3766 3999 942 
8108 1869 3910 2942 
8109 2395 3963 2408 
8110 2387 3968 2446 
8111 1466 3975 1841 
8112 994 4290 3630 
8113 363 3574 899 
8114 160 3572 902 
8115 1651 4720 1455 
8116 2938 3921 1709 
8117 1942 3930 3566 
8118 269 2921 1029 
8119 66 2920 1030 
8120 2334 4379 2336 
8121 3692 3975 3691 
8122 1913 4852 3806 
8123 2898 4394 4055 
8124 970 4586 2093 
8125 969 4585 2187 
8126 2818 4725 1812 
8127 3839 3980 1148 
8128 2028 3937 2020 
8129 3799 4672 2193 
8130 1706 4520 3834 
8131 2330 3901 3868 
8132 2940 4181 2125 
8133 1707 3921 2157 
8134 1747 3953 1553 
8135 4077 4400 3061 
8136 4021 4391 2291 
8137 2715 3993 2726 
8138 2018 3937 2149 
8139 3728 4735 4026 
8140 2094 3944 1758 
8141 2191 4034 4033 
8142 2819 4247 3690 
8143 1907 3888 3727 
8144 751 4793 750 
8145 3861 3967 2080 
8146 2432 3932 2435 
8147 1788 3958 1780 
8148 2136 4073 3774 
8149 1459 4326 3507 
8150 2380 4783 2812 
8151 151 4002 150 
8152 2101 4159 3824 
8153 4127 4388 2535 
8154 1916 4769 1914 
8155 2061 4004 2059 
8156 2247 4027 3074 
8157 57 4042 56 
8158 3212 4824 3660 
8159 2029 4006 2026 
8160 2615 4632 4549 
8161 2574 4409 3695 
8162 3946 4652 2634 
8163 3924 3925 2092 
8164 44 4496 1042 
8165 1760 3942 2094 
8166 2729 4343 4185 
8167 3765 4266 1411 
8168 2931 4398 3612 
8169 4115 4425 3054 
8170 972 4634 4485 
8171 1135 4059 1461 
8172 259 870 258 
8173 56 871 55 
8174 150 861 149 
8175 353 860 352 
8176 1756 3944 3296 
8177 990 4493 4033 
8178 4636 4674 3894 
8179 4010 4400 3212 
8180 1740 4374 202 
8181 1739 4375 405 
8182 4340 4838 983 
8183 3902 3987 1717 
8184 716 4724 715 
8185 3581 4458 3337 
8186 109 4096 108 
8187 3310 4206 3309 
8188 1551 3953 3588 
8189 4032 4881 2273 
8190 1856 4251 3206 
8191 4184 4606 2852 
8192 2695 4013 2650 
8193 4376 4377 1218 
8194 4620 4805 923 
8195 3645 4042 1037 
8196 397 4151 1084 
8197 3091 4576 2093 
8198 2013 3991 2006 
8199 2180 4638 1983 
8200 2815 4722 4228 
8201 2797 4704 3616 
8202 2729 4185 2723 
8203 4031 4577 4417 
8204 3249 4432 3248 
8205 901 4626 3539 
8206 2077 3967 2079 
8207 3985 4132 3063 
8208 1713 4465 3553 
8209 2053 3959 2310 
8210 3730 3792 1031 
8211 2354 4778 4378 
8212 2236 4591 3629 
8213 3038 3948 1938 
8214 3509 4807 2960 
8215 2503 4771 2475 
8216 1778 3958 1832 
8217 3074 3906 3845 
8218 1045 4626 264 
8219 2679 4671 3259 
8220 4298 4307 2127 
8221 3760 4519 1614 
8222 1911 4737 3665 
8223 1897 4736 3664 
8224 3544 4009 1036 
8225 3619 4843 3492 
8226 1997 4347 1998 
8227 3933 4161 2244 
8228 3744 3997 2437 
8229 1421 4658 3727 
8230 3657 4459 3408 
8231 2439 3997 2442 
8232 146 3649 893 
8233 349 3646 894 
8234 1841 4119 1464 
8235 2125 4181 2928 
8236 2452 4370 3709 
8237 4201 4826 4587 
8238 2336 4379 3949 
8239 1053 4481 3800 
8240 3259 4671 4117 
8241 2234 4306 2225 
8242 1057 4205 4204 
8243 3131 4728 4715 
8244 2159 4148 4029 
8245 1076 4675 3489 
8246 156 868 155 
8247 359 869 358 
8248 50 3640 49 
8249 253 3641 252 
8250 3503 4714 2932 
8251 4083 4198 1644 
8252 1672 4109 307 
8253 3818 4410 1227 
8254 3993 4726 2726 
8255 2124 4551 3582 
8256 1936 4668 3938 
8257 3825 4669 2038 
8258 1814 4291 1786 
8259 3578 4238 849 
8260 2825 4509 2727 
8261 2691 4295 2689 
8262 2530 4277 3988 
8263 2257 4492 3857 
8264 2460 4176 2426 
8265 3424 4689 3423 
8266 1504 4628 3662 
8267 3648 4563 3036 
8268 3655 4501 3797 
8269 4095 4305 1023 
8270 4204 4205 2701 
8271 3356 4528 1087 
8272 1141 3980 1143 
8273 4403 4782 2514 
8274 1890 4746 1887 
8275 2006 3990 2004 
8276 1716 3987 1877 
8277 4081 4465 1713 
8278 2527 4403 3632 
8279 2932 4477 2785 
8280 1022 4274 456 
8281 3803 4264 3802 
8282 3810 4087 1734 
8283 401 4137 400 
8284 198 4139 197 
8285 8 4138 7 
8286 3565 4593 630 
8287 2236 4503 2217 
8288 3091 4586 393 
8289 3092 4585 190 
8290 3520 4427 2609 
8291 43 4541 42 
8292 972 3870 3842 
8293 913 4199 3661 
8294 201 987 200 
8295 5 1714 4 
8296 208 1712 207 
8297 404 988 403 
8298 297 3783 1088 
8299 3213 3963 2393 
8300 3811 4504 3282 
8301 1883 4420 3015 
8302 2593 4495 3927 
8303 3855 4628 1504 
8304 4207 4808 3019 
8305 2874 4666 3893 
8306 3063 4788 3985 
8307 3985 4788 1039 
8308 2408 3983 2397 
8309 2303 4433 3756 
8310 3638 4797 3537 
8311 1811 4444 2272 
8312 2650 4013 3005 
8313 2311 4654 3759 
8314 3723 4749 2649 
8315 3742 4029 1878 
8316 2059 4004 2124 
8317 77 4035 843 
8318 2756 4100 4099 
8319 2531 4389 4127 
8320 2026 4006 2033 
8321 3600 4785 3696 
8322 3192 4781 3193 
8323 1087 4460 342 
8324 2957 4427 3520 
8325 3274 4480 2825 
8326 2450 4376 3522 
8327 93 4501 3655 
8328 1938 3948 3910 
8329 935 4406 3671 
8330 3536 4642 1918 
8331 2551 4266 2566 
8332 3016 4556 3332 
8333 3883 4623 2250 
8334 2916 4448 3611 
8335 354 3679 353 
8336 258 3729 257 
8337 55 3730 54 
8338 2373 4554 3815 
8339 4097 4098 3113 
8340 2225 4306 2223 
8341 2418 4455 2460 
8342 4206 4717 2738 
8343 3407 4506 4418 
8344 3662 4628 2297 
8345 2669 3971 3279 
8346 2901 4465 4081 
8347 891 4488 3918 
8348 3965 4796 1089 
8349 2932 4660 4477 
8350 3862 4810 900 
8351 3679 4061 860 
8352 2252 4392 2254 
8353 4445 4549 1439 
8354 4179 4667 3586 
8355 2730 4334 3961 
8356 4228 4729 2871 
8357 3217 4266 2551 
8358 2922 4381 3780 
8359 2033 4767 2024 
8360 105 958 104 
8361 308 1672 307 
8362 3560 4475 941 
8363 1100 4475 3560 
8364 3885 4642 3230 
8365 3722 4306 3568 
8366 4463 4486 3735 
8367 2785 4477 3977 
8368 2515 4745 4160 
8369 3805 4494 2734 
8370 3912 3942 1762 
8371 254 3830 253 
8372 3691 3975 1468 
8373 3936 3959 2055 
8374 2006 3991 3990 
8375 4260 4524 980 
8376 3179 4802 3504 
8377 2328 4058 3901 
8378 3842 4634 972 
8379 3792 4467 1031 
8380 1766 4360 2166 
8381 107 4114 106 
8382 1013 4024 3908 
8383 1259 4631 3524 
8384 4107 4130 938 
8385 139 3675 837 
8386 940 4047 3642 
8387 2930 4619 3947 
8388 319 4618 2929 
8389 116 4619 2930 
8390 3612 4398 2742 
8391 2167 4326 3505 
8392 4360 4835 2166 
8393 3940 4690 4177 
8394 646 4053 845 
8395 2399 3983 3954 
8396 90 4348 3844 
8397 3852 4277 2530 
8398 3756 4691 2301 
8399 2602 4762 4082 
8400 3903 4836 1291 
8401 3631 4359 1964 
8402 39 3720 823 
8403 3629 4591 1263 
8404 4218 4338 4219 
8405 4219 4338 2733 
8406 2223 4306 3722 
8407 3857 4492 3605 
8408 2176 4383 2174 
8409 859 4052 475 
8410 3668 4514 1829 
8411 3400 4572 4040 
8412 2941 4812 3626 
8413 2689 4295 3554 
8414 1041 4608 3478 
8415 4050 4573 2760 
8416 2176 4195 4085 
8417 888 4760 3669 
8418 2921 4839 2922 
8419 1397 4733 4342 
8420 94 4501 93 
8421 1090 4633 3795 
8422 2800 4433 2303 
8423 1964 4359 3254 
8424 54 1031 53 
8425 257 1032 256 
8426 2995 4615 4144 
8427 3816 3824 1490 
8428 3227 4481 3627 
8429 2688 4130 4107 
8430 3245 4707 3711 
8431 2634 4652 2632 
8432 4081 4309 2901 
8433 102 1047 101 
8434 305 968 304 
8435 3118 4872 4221 
8436 311 4199 310 
8437 98 4197 97 
8438 301 4198 300 
8439 3967 4082 2079 
8440 4152 4783 2909 
8441 2158 4576 3918 
8442 841 4062 490 
8443 2344 4763 3847 
8444 2917 4739 3552 
8445 2977 4791 4065 
8446 255 936 254 
8447 52 934 51 
8448 154 3887 153 
8449 1137 4059 1135 
8450 3278 4741 4546 
8451 2805 4345 2606 
8452 3605 4492 1420 
8453 2460 4631 4567 
8454 3 1020 2 
8455 206 1019 205 
8456 153 920 152 
8457 356 919 355 
8458 909 4814 4194 
8459 2594 4500 3512 
8460 314 3875 967 
8461 842 4071 692 
8462 2946 4153 4003 
8463 901 3791 262 
8464 900 3644 59 
8465 2445 4366 2869 
8466 4146 4568 3350 
8467 868 3913 3678 
8468 2288 4841 2291 
8469 1768 4360 1766 
8470 2308 4597 3606 
8471 2338 4741 3278 
8472 410 4075 926 
8473 2295 4628 3855 
8474 1589 4479 1981 
8475 195 3999 3706 
8476 1019 3847 205 
8477 1020 3846 2 
8478 3575 4357 925 
8479 4214 4833 2860 
8480 3802 4264 1570 
8481 846 4095 321 
8482 3756 4433 2342 
8483 429 4261 980 
8484 539 4514 3668 
8485 1786 4291 1784 
8486 4635 4662 2451 
8487 45 4496 44 
8488 2449 4635 2451 
8489 1885 4420 1883 
8490 242 3784 824 
8491 899 3633 362 
8492 902 3634 159 
8493 249 3526 819 
8494 46 3753 820 
8495 10 3890 1091 
8496 213 3891 1090 
8497 3826 4165 2285 
8498 1038 3646 350 
8499 1035 3649 147 
8500 2824 4865 4773 
8501 2215 4503 3747 
8502 1011 4193 225 
8503 2022 4767 2028 
8504 3906 4207 3020 
8505 3705 4047 111 
8506 1316 4770 4680 
8507 3278 4502 1890 
8508 2351 4798 3920 
8509 3681 4062 841 
8510 2696 4749 3723 
8511 3736 4467 3988 
8512 1281 4064 3778 
8513 2658 4834 2631 
8514 4113 4295 2691 
8515 2953 4675 4404 
8516 3930 4869 3566 
8517 3864 4679 1828 
8518 2879 4106 4105 
8519 1570 4264 3871 
8520 894 4178 348 
8521 3529 4877 3815 
8522 2575 4854 4388 
8523 3210 4400 4077 
8524 3988 4467 2529 
8525 4153 4800 986 
8526 2476 4582 2501 
8527 250 3671 3526 
8528 3680 4430 1802 
8529 1815 4717 2935 
8530 3271 4390 3915 
8531 3692 4472 3975 
8532 3913 4827 2612 
8533 688 4090 976 
8534 1847 4426 3460 
8535 4048 4500 2594 
8536 3716 4488 3734 
8537 3743 4692 3542 
8538 2682 4589 3338 
8539 2416 4455 2418 
8540 3665 4737 485 
8541 3664 4736 687 
8542 2473 4771 2512 
8543 2254 4392 4048 
8544 3735 4486 936 
8545 3280 4486 4304 
8546 3040 4799 2562 
8547 3579 4524 4260 
8548 2291 4391 2287 
8549 3038 4076 3948 
8550 2512 4771 3974 
8551 3290 3887 3678 
8552 4435 4844 4106 
8553 2127 4307 3719 
8554 898 4698 4191 
8555 4065 4791 2142 
8556 2580 4384 2557 
8557 1524 4696 3850 
8558 3458 4442 4441 
8559 2793 4547 3916 
8560 2281 4588 4101 
8561 100 4220 99 
8562 2174 4383 3721 
8563 357 4162 356 
8564 3915 4390 3043 
8565 264 4626 263 
8566 1955 4677 3683 
8567 3742 4511 2178 
8568 2879 4435 4106 
8569 3748 4494 1900 
8570 2783 4775 4505 
8571 2825 4480 3710 
8572 3882 4189 2859 
8573 4015 4622 2084 
8574 3384 4267 4143 
8575 2299 4691 3882 
8576 2297 4628 2295 
8577 2654 4569 3614 
8578 2649 4749 3738 
8579 2991 4549 4445 
8580 984 4372 684 
8581 3154 4402 3753 
8582 1969 4123 3888 
8583 3727 4658 2189 
8584 2535 4388 2537 
8585 3088 4884 4452 
8586 2217 4503 2215 
8587 1002 4844 4435 
8588 3920 4590 3151 
8589 4093 4152 2910 
8590 1960 4756 4296 
8591 3263 4859 2106 
8592 4126 4433 2800 
8593 421 4142 26 
8594 3843 4634 3842 
8595 3977 4477 1866 
8596 3842 3870 3316 
8597 4162 4469 919 
8598 2270 4294 4293 
8599 382 4143 694 
8600 624 4150 230 
8601 694 982 381 
8602 492 981 178 
8603 27 885 421 
8604 230 886 623 
8605 2858 4508 4074 
8606 820 4496 45 
8607 2684 4589 2682 
8608 2406 4270 3604 
8609 3542 4692 2599 
8610 3690 4250 824 
8611 232 4147 625 
8612 29 4145 423 
8613 2028 4767 3964 
8614 625 977 231 
8615 380 842 692 
8616 423 978 28 
8617 177 841 490 
8618 2980 4553 2745 
8619 2938 4221 3921 
8620 622 995 228 
8621 420 996 25 
8622 180 826 493 
8623 383 827 695 
8624 378 4135 690 
8625 175 4134 488 
8626 18 4201 908 
8627 221 4202 907 
8628 4204 4334 3411 
8629 358 4236 357 
8630 26 4156 420 
8631 695 4157 382 
8632 263 4626 901 
8633 3736 3988 934 
8634 4101 4588 2126 
8635 1495 4740 3923 
8636 3073 4758 3774 
8637 2194 4672 3755 
8638 489 974 175 
8639 30 862 424 
8640 691 973 378 
8641 233 863 626 
8642 424 4163 29 
8643 626 4164 232 
8644 2001 4761 2002 
8645 4181 4272 1217 
8646 3734 4488 891 
8647 2940 4272 4181 
8648 3514 4527 2459 
8649 2307 4359 3631 
8650 3975 4472 1841 
8651 2812 4783 4152 
8652 690 4168 377 
8653 488 4169 174 
8654 3344 4259 2622 
8655 3741 4242 1494 
8656 413 4826 4201 
8657 615 4825 4202 
8658 4427 4879 2609 
8659 200 4329 199 
8660 403 4330 402 
8661 209 4332 208 
8662 6 4331 5 
8663 228 4172 621 
8664 25 4171 419 
8665 494 4173 180 
8666 2304 4552 3550 
8667 3998 4807 2483 
8668 2199 4595 2172 
8669 1091 3879 9 
8670 3806 4852 2154 
8671 862 4682 4146 
8672 3293 4814 4386 
8673 3683 4677 439 
8674 1192 4299 1194 
8675 1887 4746 1885 
8676 2604 4716 3872 
8677 3950 4640 3095 
8678 3867 4819 2810 
8679 3694 4246 897 
8680 4773 4865 2493 
8681 890 4167 620 
8682 3911 4159 2101 
8683 4044 4595 2199 
8684 3278 4546 4502 
8685 425 4136 30 
8686 4485 4634 4008 
8687 3990 4772 2614 
8688 4374 4512 987 
8689 990 4723 4493 
8690 181 4200 494 
8691 3551 4863 1460 
8692 227 890 620 
8693 697 1003 384 
8694 495 1004 181 
8695 24 889 418 
8696 487 4183 173 
8697 2745 4308 1738 
8698 58 3644 1037 
8699 261 3791 1036 
8700 2282 4622 4015 
8701 2187 4525 3989 
8702 2301 4691 2299 
8703 3566 4869 4018 
8704 1070 4829 4318 
8705 148 3696 1035 
8706 351 3697 1038 
8707 4286 4294 2270 
8708 3459 4597 2308 
8709 1661 4349 3666 
8710 935 3671 251 
8711 997 4440 3867 
8712 4293 4294 2369 
8713 4185 4343 2737 
8714 3974 4771 2503 
8715 2283 4705 3877 
8716 3702 4777 3197 
8717 3964 4767 2033 
8718 1027 4853 3326 
8719 967 4036 313 
8720 95 4037 1014 
8721 231 4237 624 
8722 32 4182 426 
8723 1738 4308 3788 
8724 3537 4797 4395 
8725 1009 4476 4300 
8726 174 856 487 
8727 426 971 31 
8728 377 855 689 
8729 628 972 234 
8730 3925 4820 2092 
8731 3377 4686 4234 
8732 3788 4308 2115 
8733 2359 4434 3814 
8734 211 4555 210 
8735 361 3633 1033 
8736 158 3634 1034 
8737 3724 4819 865 
8738 4318 4829 3109 
8739 2365 4519 2364 
8740 182 4229 495 
8741 385 4230 697 
8742 3885 4823 1929 
8743 417 1012 22 
8744 619 1011 225 
8745 3191 4776 4371 
8746 496 1098 182 
8747 698 1096 385 
8748 3209 4516 4263 
8749 4055 4394 1283 
8750 2451 4376 2450 
8751 1014 4501 94 
8752 989 4196 641 
8753 3797 4501 1014 
8754 826 4577 493 
8755 298 4038 3783 
8756 4228 4722 2407 
8757 4499 4575 3232 
8758 4525 4792 3989 
8759 3776 4366 2445 
8760 3068 4777 4407 
8761 1699 4466 3658 
8762 444 4225 76 
8763 279 4217 645 
8764 2756 4438 4100 
8765 4100 4438 995 
8766 669 4226 329 
8767 331 4227 670 
8768 1670 4298 3808 
8769 281 1001 647 
8770 468 1002 127 
8771 3952 4301 2424 
8772 4343 4445 1439 
8773 332 4224 671 
8774 646 845 279 
8775 129 844 469 
8776 2940 4868 4813 
8777 2590 4659 4531 
8778 77 843 444 
8779 671 840 331 
8780 75 4218 442 
8781 965 4452 3939 
8782 330 999 669 
8783 446 1000 78 
8784 3747 4503 3629 
8785 648 4233 281 
8786 127 4232 467 
8787 3826 4820 3925 
8788 1564 4709 3863 
8789 3774 4758 2138 
8790 4088 4089 1737 
8791 486 975 172 
8792 33 849 427 
8793 236 848 629 
8794 688 976 375 
8795 2822 4821 2821 
8796 3877 4705 2747 
8797 427 4238 32 
8798 3239 4264 3803 
8799 443 994 75 
8800 333 993 672 
8801 672 4239 332 
8802 470 4216 129 
8803 3622 4549 2991 
8804 4441 4442 2357 
8805 3872 4716 3001 
8806 80 828 447 
8807 283 4231 649 
8808 668 825 328 
8809 2760 4478 4050 
8810 282 4244 648 
8811 1572 4383 4085 
8812 447 4243 79 
8813 649 830 282 
8814 126 829 466 
8815 3386 4355 4117 
8816 386 4268 698 
8817 183 4269 496 
8818 3309 4644 3543 
8819 3916 4547 1594 
8820 3087 4741 2338 
8821 1658 4672 3799 
8822 497 815 183 
8823 699 816 386 
8824 943 4000 399 
8825 942 3999 196 
8826 22 4245 416 
8827 2738 4644 4206 
8828 2726 4726 3622 
8829 2189 4658 3187 
8830 89 3844 1022 
8831 4082 4762 2079 
8832 131 4241 471 
8833 202 4374 201 
8834 405 4375 404 
8835 471 985 130 
8836 278 986 644 
8837 3558 4695 2767 
8838 110 4047 940 
8839 4074 4508 4227 
8840 284 1008 650 
8841 465 1007 124 
8842 1947 4714 4505 
8843 441 4256 73 
8844 865 4699 3724 
8845 328 4257 667 
8846 448 4258 80 
8847 2136 4409 4073 
8848 101 4411 100 
8849 304 4412 303 
8850 2130 4735 3728 
8851 4117 4355 3260 
8852 1802 4430 3820 
8853 2024 4767 2022 
8854 2334 4380 4379 
8855 2249 4669 3825 
8856 2179 4690 3940 
8857 2407 4729 4228 
8858 3738 4749 3700 
8859 1526 4765 3463 
8860 4000 4151 398 
8861 2815 4228 3840 
8862 1228 4662 4635 
8863 4813 4868 1197 
8864 3818 4711 2776 
8865 2274 4607 3461 
8866 3959 4836 2310 
8867 897 4246 415 
8868 132 853 472 
8869 643 857 276 
8870 76 4290 443 
8871 973 4544 4179 
8872 1937 4792 4525 
8873 472 4276 131 
8874 74 854 441 
8875 674 852 334 
8876 3463 4765 2596 
8877 2261 4404 4110 
8878 861 3696 149 
8879 860 3697 352 
8880 1885 4746 4420 
8881 464 1114 123 
8882 285 1116 651 
8883 81 4300 448 
8884 4144 4615 1525 
8885 2942 4395 3897 
8886 449 1009 81 
8887 327 1010 666 
8888 819 4436 3573 
8889 1393 4325 3973 
8890 1962 4756 1960 
8891 1566 4709 1564 
8892 124 4284 464 
8893 387 4315 699 
8894 184 4314 497 
8895 2475 4771 2473 
8896 4146 4163 862 
8897 4145 4163 4146 
8898 741 4679 3864 
8899 224 898 617 
8900 21 897 415 
8901 498 1106 184 
8902 700 1108 387 
8903 48 4648 47 
8904 3893 4666 2147 
8905 2702 4610 3996 
8906 1005 4250 4247 
8907 484 4289 170 
8908 686 4288 373 
8909 3868 4615 2995 
8910 4206 4644 3309 
8911 4110 4413 3106 
8912 4285 4571 836 
8913 3908 4024 2098 
8914 2138 4758 3596 
8915 4476 4624 2604 
8916 4296 4756 3325 
8917 4031 4417 2902 
8918 4439 4697 887 
8919 4468 4556 3016 
8920 440 991 72 
8921 336 992 675 
8922 2451 4662 4377 
8923 1418 4836 3959 
8924 843 4035 3877 
8925 675 4303 335 
8926 2893 4733 2894 
8927 473 4271 132 
8928 416 4346 21 
8929 130 4341 470 
8930 830 4431 4244 
8931 442 4337 74 
8932 2562 4799 3551 
8933 4117 4671 2731 
8934 4395 4828 1402 
8935 621 4387 227 
8936 2483 4830 2480 
8937 4033 4493 3080 
8938 463 817 122 
8939 286 818 652 
8940 82 4327 449 
8941 3033 4768 4697 
8942 326 1112 665 
8943 450 1110 82 
8944 3962 4222 2493 
8945 3875 4358 967 
8946 3808 4298 2127 
8947 123 4313 463 
8948 1450 4815 4082 
8949 1006 4786 3466 
8950 4396 4610 1058 
8951 3938 4668 2936 
8952 1036 4009 260 
8953 4255 4731 68 
8954 657 4286 821 
8955 374 867 686 
8956 631 979 237 
8957 429 980 34 
8958 171 866 484 
8959 2902 4417 4416 
8960 2038 4669 3037 
8961 2727 4509 3782 
8962 3868 3901 1471 
8963 2957 4871 4427 
8964 3048 4138 3879 
8965 79 4382 446 
8966 185 4363 498 
8967 388 4364 700 
8968 414 1018 19 
8969 616 1017 222 
8970 2748 4804 2340 
8971 2367 4472 3692 
8972 499 946 185 
8973 701 947 388 
8974 1033 3687 360 
8975 1034 3686 157 
8976 4103 4764 2128 
8977 2466 4388 4127 
8978 2631 4834 2696 
8979 1037 4042 57 
8980 2305 4732 3896 
8981 1508 4691 3756 
8982 3894 4674 2874 
8983 275 989 641 
8984 474 990 133 
8985 868 3678 155 
8986 685 4339 372 
8987 483 4340 169 
8988 3591 4656 3195 
8989 3019 4808 3773 
8990 2157 4540 3945 
8991 4122 4434 2359 
8992 462 1128 121 
8993 287 1130 653 
8994 83 4368 450 
8995 3815 4554 1307 
8996 451 814 83 
8997 325 813 664 
8998 4546 4741 1512 
8999 3033 4697 4439 
9000 3279 4453 3841 
9001 4279 4882 2841 
9002 273 4310 639 
9003 122 4352 462 
9004 438 4350 70 
9005 2451 4377 4376 
9006 1012 4510 4446 
9007 467 4422 126 
9008 3351 4670 3876 
9009 2342 4787 3756 
9010 2537 4854 2578 
9011 829 4681 466 
9012 1712 4332 4081 
9013 893 4656 3591 
9014 2460 4567 4176 
9015 3896 4732 2844 
9016 1662 4879 4427 
9017 47 4648 3753 
9018 940 4096 109 
9019 2911 4702 3767 
9020 2938 4700 4221 
9021 50 3718 3640 
9022 3771 4703 1415 
9023 4153 4217 4003 
9024 4570 4832 2831 
9025 2340 4804 4408 
9026 36 836 430 
9027 239 835 632 
9028 373 1092 685 
9029 170 1094 483 
9030 3710 4817 3090 
9031 4379 4380 1613 
9032 640 865 273 
9033 135 859 475 
9034 3678 3887 154 
9035 883 4845 4175 
9036 71 864 438 
9037 677 858 337 
9038 3229 4823 3885 
9039 1646 4037 96 
9040 944 4038 299 
9041 312 4036 1645 
9042 4452 4884 2744 
9043 3833 4445 2729 
9044 4003 4217 845 
9045 2991 4445 3833 
9046 828 4258 3872 
9047 4388 4854 2537 
9048 4087 4809 1734 
9049 389 4428 701 
9050 186 4429 499 
9051 2743 4866 4685 
9052 288 945 654 
9053 663 1013 323 
9054 461 951 120 
9055 702 1126 389 
9056 500 1124 186 
9057 84 4421 451 
9058 3962 4865 3403 
9059 906 4751 3914 
9060 452 1122 84 
9061 4304 4486 2881 
9062 121 4401 461 
9063 4050 4478 1837 
9064 437 4397 69 
9065 1900 4494 3805 
9066 482 4399 168 
9067 197 4139 942 
9068 400 4137 943 
9069 3688 4770 1316 
9070 696 4530 383 
9071 934 3718 51 
9072 379 4544 691 
9073 3198 4790 4415 
9074 176 4545 489 
9075 23 4510 417 
9076 2364 4519 3760 
9077 354 3746 3679 
9078 3823 4798 2351 
9079 3205 4875 4113 
9080 4090 4842 3031 
9081 4455 4631 2460 
9082 3891 4633 1090 
9083 3476 4805 3985 
9084 2333 4876 3880 
9085 1878 4511 3742 
9086 3958 4590 1832 
9087 4224 4239 3062 
9088 136 1100 476 
9089 639 4440 272 
9090 2310 4836 3903 
9091 476 4423 135 
9092 70 1102 437 
9093 678 1104 338 
9094 259 4009 870 
9095 2166 4529 3912 
9096 2033 4877 3964 
9097 1039 4788 3572 
9098 826 4580 4417 
9099 3879 4138 8 
9100 2942 4828 4395 
9101 372 984 684 
9102 431 4285 36 
9103 169 983 482 
9104 2899 4394 4087 
9105 1031 3736 53 
9106 1032 3735 256 
9107 4427 4871 1662 
9108 3916 4613 2804 
9109 255 3735 936 
9110 52 3736 934 
9111 1546 4295 4113 
9112 4407 4777 1026 
9113 4254 4255 998 
9114 662 1618 322 
9115 460 1619 119 
9116 3841 4453 2822 
9117 3892 4614 3163 
9118 85 4471 452 
9119 453 950 85 
9120 835 4695 4583 
9121 156 3686 868 
9122 359 3687 869 
9123 49 3640 933 
9124 252 3641 935 
9125 852 4636 334 
9126 2595 4500 4048 
9127 4424 4608 3343 
9128 4040 4645 1956 
9129 3873 4565 3213 
9130 1522 4772 3990 
9131 2729 4445 4343 
9132 633 4449 239 
9133 2287 4712 2277 
9134 56 4042 871 
9135 4001 4853 1027 
9136 2927 4853 4001 
9137 120 4451 460 
9138 323 4450 662 
9139 925 4357 218 
9140 638 4447 271 
9141 187 4490 500 
9142 390 4489 702 
9143 4133 4862 3436 
9144 221 907 614 
9145 18 908 412 
9146 501 812 187 
9147 703 811 390 
9148 919 3746 355 
9149 2885 4624 4476 
9150 977 4573 4237 
9151 4241 4276 3979 
9152 1031 4467 3736 
9153 2248 4868 2940 
9154 3413 4744 4107 
9155 2493 4865 3962 
9156 3907 4523 1220 
9157 4366 4641 2869 
9158 926 3822 15 
9159 4091 4759 2975 
9160 4434 4542 1876 
9161 642 4548 275 
9162 4237 4573 4051 
9163 1841 4661 4119 
9164 2013 4578 3991 
9165 2982 4575 4499 
9166 3003 4766 3860 
9167 3038 4743 4076 
9168 226 4601 619 
9169 4176 4567 1458 
9170 2881 4486 4463 
9171 1832 4798 3823 
9172 4589 4870 1502 
9173 3880 4876 2998 
9174 681 4460 874 
9175 2974 4757 4254 
9176 4393 4410 2156 
9177 3460 4621 3853 
9178 150 4002 861 
9179 4136 4682 862 
9180 613 4473 219 
9181 137 941 477 
9182 3218 4595 4044 
9183 3306 4608 4424 
9184 2186 4795 4001 
9185 4001 4795 2927 
9186 477 4475 136 
9187 240 4515 633 
9188 679 939 339 
9189 272 997 638 
9190 69 998 436 
9191 276 4539 642 
9192 2584 4703 3771 
9193 2690 4744 4174 
9194 3954 4635 2449 
9195 3853 4621 2805 
9196 630 4593 236 
9197 3296 4640 3950 
9198 3182 4305 4095 
9199 1520 4808 4207 
9200 831 4881 4032 
9201 303 4873 302 
9202 1402 4828 3948 
9203 3850 4696 2374 
9204 4004 4551 2124 
9205 4139 4356 942 
9206 661 846 321 
9207 459 847 118 
9208 656 1737 289 
9209 454 1611 86 
9210 4310 4819 3867 
9211 86 4535 453 
9212 898 4713 4649 
9213 481 878 167 
9214 683 877 370 
9215 432 1006 37 
9216 634 1005 240 
9217 2808 4469 4162 
9218 871 3730 55 
9219 870 3729 258 
9220 353 3679 860 
9221 119 4498 459 
9222 322 4497 661 
9223 670 4664 330 
9224 3991 4578 2983 
9225 2576 4683 4568 
9226 4502 4546 2588 
9227 4087 4394 2898 
9228 1734 4809 3899 
9229 2094 4728 3944 
9230 4192 4193 1011 
9231 300 4198 944 
9232 1645 4199 311 
9233 97 4197 1646 
9234 277 4643 643 
9235 825 4719 3982 
9236 1132 4089 4088 
9237 502 1622 188 
9238 17 1627 411 
9239 704 1624 391 
9240 220 1626 613 
9241 391 4562 703 
9242 188 4561 501 
9243 4127 4389 2466 
9244 4685 4866 2741 
9245 645 4684 278 
9246 253 3830 3641 
9247 3671 4572 3526 
9248 886 4521 623 
9249 3920 4798 4590 
9250 874 4460 3941 
9251 933 4648 48 
9252 618 4698 224 
9253 1842 4692 3743 
9254 4190 4818 2773 
9255 3466 4560 4351 
9256 4351 4560 823 
9257 4398 4685 2741 
9258 292 4655 1021 
9259 3814 4434 1876 
9260 3923 4740 3405 
9261 4446 4510 3375 
9262 4558 4571 2581 
9263 978 4506 28 
9264 108 4096 1610 
9265 2092 4820 3858 
9266 4191 4193 4192 
9267 2821 4821 4215 
9268 2160 4818 4190 
9269 138 1118 478 
9270 637 875 270 
9271 435 876 67 
9272 478 4534 137 
9273 3110 4829 4335 
9274 4143 4267 982 
9275 680 1120 340 
9276 1024 4112 4111 
9277 3860 4766 1228 
9278 4234 4686 2587 
9279 3875 4796 4358 
9280 3948 4828 3910 
9281 4860 4883 2788 
9282 4175 4861 2337 
9283 3989 4792 2592 
9284 3524 4631 4455 
9285 4154 4643 277 
9286 439 4677 71 
9287 3018 4833 4214 
9288 4111 4112 2192 
9289 329 4719 668 
9290 3899 4809 2897 
9291 4143 4157 3384 
9292 944 4198 4083 
9293 657 821 290 
9294 455 822 87 
9295 4036 4704 1645 
9296 1959 4493 4052 
9297 4074 4227 840 
9298 290 4603 656 
9299 87 4602 454 
9300 1089 4796 3875 
9301 4583 4695 3558 
9302 687 4736 374 
9303 485 4737 171 
9304 257 3729 1032 
9305 54 3730 1031 
9306 2946 4800 4153 
9307 2932 4714 4660 
9308 4091 4811 2332 
9309 4590 4798 1832 
9310 3978 4341 985 
9311 981 4491 178 
9312 2079 4762 3926 
9313 433 4560 38 
9314 682 2876 369 
9315 480 2875 166 
9316 39 823 433 
9317 242 824 635 
9318 4177 4690 2830 
9319 936 3830 254 
9320 4511 4864 2966 
9321 3879 4831 3048 
9322 869 4236 358 
9323 1669 4137 401 
9324 1668 4139 198 
9325 7 4138 957 
9326 4373 4776 2788 
9327 2931 4685 4398 
9328 4361 4841 3168 
9329 4480 4817 3710 
9330 3783 4694 1088 
9331 134 4723 474 
9332 2884 4861 4175 
9333 20 4710 414 
9334 4420 4746 3188 
9335 2940 4813 4272 
9336 2581 4559 4558 
9337 274 4699 640 
9338 612 925 218 
9339 503 969 189 
9340 410 926 15 
9341 705 970 392 
9342 393 4586 705 
9343 190 4585 503 
9344 2157 4872 4540 
9345 1017 4825 222 
9346 1018 4826 19 
9347 3289 4601 4167 
9348 189 4646 502 
9349 392 4647 704 
9350 4568 4683 2798 
9351 153 3887 920 
9352 4599 4757 2120 
9353 853 4271 4034 
9354 4270 4748 2866 
9355 3756 4787 1508 
9356 636 2921 269 
9357 434 2920 66 
9358 479 4600 138 
9359 681 874 341 
9360 139 837 479 
9361 219 4609 612 
9362 2280 4784 4080 
9363 4160 4745 2528 
9364 1610 4114 107 
9365 4076 4743 1322 
9366 4649 4713 4066 
9367 4175 4845 2884 
9368 4358 4796 2611 
9369 4472 4661 1841 
9370 4002 4522 861 
9371 128 4844 468 
9372 4096 4759 1610 
9373 4651 4750 3026 
9374 900 4810 3644 
9375 659 4618 319 
9376 457 4619 116 
9377 117 1024 457 
9378 89 1022 456 
9379 292 1021 658 
9380 320 1023 659 
9381 356 4162 919 
9382 4197 4462 1646 
9383 4320 4742 2525 
9384 4549 4632 1439 
9385 4386 4814 909 
9386 4273 4274 1022 
9387 2360 4556 4468 
9388 4125 4856 3008 
9389 4807 4830 2483 
9390 4415 4790 1049 
9391 2527 4782 4403 
9392 4354 4768 2815 
9393 972 4485 234 
9394 234 4485 627 
9395 381 4878 693 
9396 4493 4723 4052 
9397 178 4491 491 
9398 2367 4770 4472 
9399 270 4840 636 
9400 3910 4828 2942 
9401 4399 4838 3301 
9402 4472 4770 4661 
9403 4579 4673 2748 
9404 2926 4805 4620 
9405 994 4338 4218 
9406 357 4236 4162 
9407 4194 4814 2782 
9408 2263 4274 4273 
9409 2898 4809 4087 
9410 4660 4714 1947 
9411 310 4199 913 
9412 914 4197 98 
9413 1644 4198 301 
9414 210 4555 956 
9415 371 4754 683 
9416 68 4731 435 
9417 28 4506 422 
9418 4221 4872 3921 
9419 3861 4885 1450 
9420 4062 4545 176 
9421 38 4786 432 
9422 3921 4872 2157 
9423 623 4521 229 
9424 4071 4544 379 
9425 34 4524 428 
9426 4344 4868 2248 
9427 199 4329 1668 
9428 402 4330 1669 
9429 957 4331 6 
9430 956 4332 209 
9431 877 4754 4373 
9432 2949 4847 4547 
9433 4371 4372 984 
9434 4201 4587 2134 
9435 2591 4750 4651 
9436 4221 4700 1305 
9437 4558 4559 2900 
9438 4439 4849 3033 
9439 617 4649 223 
9440 4378 4778 2368 
9441 4247 4250 3690 
9442 4052 4723 134 
9443 3696 4785 1035 
9444 4373 4754 4372 
9445 4673 4804 2748 
9446 1644 4873 4057 
9447 99 4220 914 
9448 4505 4775 1947 
9449 2291 4841 4361 
9450 4173 4580 826 
9451 2684 4870 4589 
9452 3753 4648 3154 
9453 825 4693 4257 
9454 1091 4831 3879 
9455 2786 4883 4860 
9456 3361 4835 4360 
9457 4167 4601 226 
9458 876 4731 4474 
9459 1482 4817 4480 
9460 4372 4754 371 
9461 890 4387 4104 
9462 632 4583 238 
9463 493 4577 179 
9464 865 4819 4310 
9465 1878 4864 4511 
9466 4193 4698 618 
9467 4474 4731 4255 
9468 897 4346 4128 
9469 980 4524 34 
9470 2892 4849 4439 
9471 337 4678 676 
9472 3509 4830 4807 
9473 4082 4815 2602 
9474 987 4329 200 
9475 988 4330 403 
9476 208 4332 1712 
9477 5 4331 1714 
9478 986 4684 4153 
9479 983 4838 4399 
9480 4468 4774 2360 
9481 302 4873 1644 
9482 4196 4699 274 
9483 4547 4847 1594 
9484 858 4678 337 
9485 4113 4875 1546 
9486 334 4636 673 
9487 4191 4698 4193 
9488 4540 4872 3118 
9489 3156 4169 4134 
9490 201 4374 987 
9491 404 4375 988 
9492 854 4337 4219 
9493 4219 4337 4218 
9494 466 4681 125 
9495 885 4142 421 
9496 230 4150 886 
9497 694 4143 982 
9498 4142 4156 26 
9499 4246 4710 20 
9500 382 4157 4143 
9501 4104 4387 4172 
9502 423 4145 978 
9503 625 4147 977 
9504 29 4163 4145 
9505 232 4164 4147 
9506 420 4156 996 
9507 827 4157 695 
9508 4444 4880 2813 
9509 835 4583 632 
9510 4799 4863 3551 
9511 973 4135 378 
9512 974 4134 175 
9513 996 4171 25 
9514 995 4172 228 
9515 180 4173 826 
9516 624 4237 4150 
9517 977 4237 231 
9518 863 4164 626 
9519 862 4163 424 
9520 4661 4770 3688 
9521 2859 4869 3930 
9522 30 4136 862 
9523 829 4422 4297 
9524 4135 4168 690 
9525 4134 4169 488 
9526 494 4200 4173 
9527 1047 4411 101 
9528 968 4412 304 
9529 898 4649 617 
9530 174 4169 856 
9531 377 4168 855 
9532 1004 4200 181 
9533 100 4411 4220 
9534 4297 4422 4232 
9535 697 4230 1003 
9536 495 4229 1004 
9537 856 4183 487 
9538 4172 4387 621 
9539 426 4182 971 
9540 982 4878 381 
9541 1098 4229 182 
9542 1096 4230 385 
9543 32 4238 4182 
9544 4128 4346 4245 
9545 227 4387 890 
9546 1154 4804 4673 
9547 383 4530 827 
9548 840 4227 331 
9549 698 4268 1096 
9550 496 4269 1098 
9551 845 4217 279 
9552 843 4225 444 
9553 1002 4232 127 
9554 281 4233 1001 
9555 671 4224 840 
9556 999 4226 669 
9557 691 4544 973 
9558 489 4545 974 
9559 332 4239 4224 
9560 129 4216 844 
9561 994 4218 75 
9562 648 4244 4233 
9563 3724 4699 4196 
9564 1012 4245 22 
9565 19 4826 413 
9566 222 4825 615 
9567 4225 4290 76 
9568 993 4239 672 
9569 830 4244 282 
9570 849 4238 427 
9571 828 4243 447 
9572 649 4231 830 
9573 816 4268 386 
9574 815 4269 183 
9575 443 4290 994 
9576 825 4257 328 
9577 80 4258 828 
9578 471 4241 985 
9579 131 4276 4241 
9580 470 4341 4216 
9581 446 4382 1000 
9582 985 4341 130 
9583 699 4315 816 
9584 497 4314 815 
9585 4218 4337 442 
9586 4243 4382 79 
9587 4232 4422 467 
9588 448 4300 4258 
9589 4245 4346 416 
9590 417 4510 1012 
9591 74 4337 854 
9592 126 4422 829 
9593 854 4256 441 
9594 1007 4284 124 
9595 853 4276 472 
9596 132 4271 853 
9597 1009 4300 81 
9598 464 4284 1114 
9599 619 4601 1011 
9600 1108 4315 387 
9601 1106 4314 184 
9602 2976 4863 4799 
9603 21 4346 897 
9604 449 4327 1009 
9605 4216 4341 3978 
9606 4227 4664 670 
9607 236 4593 848 
9608 1114 4313 123 
9609 330 4664 999 
9610 4412 4873 303 
9611 700 4364 1108 
9612 498 4363 1106 
9613 992 4303 675 
9614 857 4539 276 
9615 4217 4684 645 
9616 1110 4327 82 
9617 463 4313 817 
9618 4508 4664 4227 
9619 4226 4719 329 
9620 278 4684 986 
9621 999 4664 4508 
9622 866 4289 484 
9623 867 4288 686 
9624 373 4288 1092 
9625 170 4289 1094 
9626 450 4368 1110 
9627 668 4719 825 
9628 468 4844 1002 
9629 946 4363 185 
9630 947 4364 388 
9631 817 4352 122 
9632 643 4643 857 
9633 814 4368 83 
9634 462 4352 1128 
9635 224 4698 898 
9636 275 4548 989 
9637 499 4429 946 
9638 701 4428 947 
9639 451 4421 814 
9640 4162 4236 2808 
9641 865 4310 273 
9642 171 4737 866 
9643 374 4736 867 
9644 1092 4339 685 
9645 1094 4340 483 
9646 864 4350 438 
9647 169 4340 983 
9648 372 4339 984 
9649 1128 4401 121 
9650 70 4350 1102 
9651 36 4285 836 
9652 3224 4156 4142 
9653 135 4423 859 
9654 239 4449 835 
9655 1126 4428 389 
9656 1124 4429 186 
9657 1122 4421 84 
9658 461 4401 951 
9659 71 4677 864 
9660 4310 4440 639 
9661 474 4723 990 
9662 452 4471 1122 
9663 414 4710 1018 
9664 702 4489 1126 
9665 500 4490 1124 
9666 1102 4397 437 
9667 4147 4164 3291 
9668 69 4397 998 
9669 1013 4450 323 
9670 951 4451 120 
9671 4539 4548 642 
9672 983 4399 482 
9673 1100 4423 476 
9674 136 4475 1100 
9675 272 4440 997 
9676 950 4471 85 
9677 640 4699 865 
9678 460 4451 1619 
9679 662 4450 1618 
9680 812 4490 187 
9681 811 4489 390 
9682 633 4515 4449 
9683 1005 4515 240 
9684 453 4535 950 
9685 501 4561 812 
9686 703 4562 811 
9687 997 4447 638 
9688 1618 4497 322 
9689 1619 4498 119 
9690 3630 4290 4225 
9691 941 4475 477 
9692 137 4534 941 
9693 3576 4609 4473 
9694 1611 4535 86 
9695 459 4498 847 
9696 661 4497 846 
9697 1626 4473 613 
9698 454 4602 1611 
9699 656 4603 1737 
9700 1624 4562 391 
9701 1622 4561 188 
9702 4153 4684 4217 
9703 4150 4237 4051 
9704 1118 4534 478 
9705 704 4647 1624 
9706 502 4646 1622 
9707 138 4600 1118 
9708 4839 4840 875 
9709 2921 4840 4839 
9710 683 4754 877 
9711 432 4786 1006 
9712 821 4603 290 
9713 822 4602 87 
9714 875 4840 270 
9715 4473 4609 219 
9716 4560 4786 38 
9717 823 4560 433 
9718 435 4731 876 
9719 705 4586 970 
9720 503 4585 969 
9721 4057 4873 4412 
9722 612 4609 925 
9723 969 4646 189 
9724 970 4647 392 
9725 837 4600 479 
9726 636 4840 2921 
9727 1024 4619 457 
9728 1023 4618 659 
9729 3562 4382 4243 
9730 3982 4719 4226 
9731 3867 4440 4310 
9732 3956 4548 4539 
9733 4449 4515 4249 
9734 3466 4786 4560 
9735 73 991 440 
9736 168 878 481 
9737 173 975 486 
9738 271 875 637 
9739 4 1020 3 
9740 412 1627 17 
9741 419 889 24 
9742 31 4136 425 
9743 430 4261 35 
9744 37 4285 431 
9745 67 2920 434 
9746 78 4035 445 
9747 106 958 105 
9748 133 4271 473 
9749 167 2875 480 
9750 207 1019 206 
9751 614 1626 220 
9752 647 4053 280 
9753 650 4231 283 
9754 651 1008 284 
9755 652 1116 285 
9756 653 818 286 
9757 654 1130 287 
9758 309 1672 308 
9759 665 813 325 
9760 666 1112 326 
9761 667 1010 327 
9762 335 852 674 
9763 338 858 677 
9764 339 1104 678 
9765 340 939 679 
9766 341 1120 680 
9767 370 2876 682 
9768 689 4090 376 
$EndElements
