$MeshFormat
4.1 0 8
$EndMeshFormat
$PhysicalNames
4
1 101 "Source"
1 102 "Microphone"
1 103 "FreeSurface"
2 201 "Domain"
$EndPhysicalNames
$Entities
406 406 1 0
1 0 0 0 0 
2 0.0004 0 0 0 
3 0.0004648 1.172215350470407e-06 0 0 
4 0.0005296000000000001 4.684281105788824e-06 0 0 
5 0.0005944 1.052247427465434e-05 0 0 
6 0.0006592 1.866398279156176e-05 0 0 
7 0.000724 2.907699465231275e-05 0 0 
8 0.0007888 4.172082221574802e-05 0 0 
9 0.0008535999999999999 5.654606118600567e-05 0 0 
10 0.0009184 7.349478365410127e-05 0 0 
11 0.0009832 9.25007644445416e-05 0 0 
12 0.001048 0.000113489739882549 0 0 
13 0.0011128 0.0001363796979707931 0 0 
14 0.0011776 0.0001610811988417986 0 0 
15 0.0012424 0.0001874977242338965 0 0 
16 0.0013072 0.0002155260546251844 0 0 
17 0.001372 0.0002450566725518866 0 0 
18 0.0014368 0.0002759741905351946 0 0 
19 0.0015016 0.0003081578019445133 0 0 
20 0.0015664 0.0003414817530354177 0 0 
21 0.0016312 0.0003758158343178841 0 0 
22 0.001696 0.0004110258893348337 0 0 
23 0.0017608 0.0004469743388629941 0 0 
24 0.0018256 0.0004835207184878233 0 0 
25 0.0018904 0.0005205222274519872 0 0 
26 0.0019552 0.0005578342866328244 0 0 
27 0.00202 0.0005953111034685696 0 0 
28 0.0020848 0.0006328062416259516 0 0 
29 0.0021496 0.0006701731931832494 0 0 
30 0.0022144 0.0007072659510930777 0 0 
31 0.0022792 0.0007439395796880586 0 0 
32 0.002344 0.0007800507810002044 0 0 
33 0.0024088 0.0008154584546811747 0 0 
34 0.0024736 0.000850024249335592 0 0 
35 0.0025384 0.0008836131031131391 0 0 
36 0.0026032 0.0009160937714471403 0 0 
37 0.002668 0.0009473393398775467 0 0 
38 0.0027328 0.0009772277199545309 0 0 
39 0.0027976 0.001005642126285003 0 0 
40 0.0028624 0.001032471532858045 0 0 
41 0.0029272 0.001057611106866229 0 0 
42 0.002992 0.001080962618327698 0 0 
43 0.0030568 0.00110243482390848 0 0 
44 0.0031216 0.001121943823445274 0 0 
45 0.0031864 0.001139413387775649 0 0 
46 0.0032512 0.001154775256594691 0 0 
47 0.003316 0.001167969405174261 0 0 
48 0.0033808 0.001178944278902688 0 0 
49 0.0034456 0.001187656994728459 0 0 
50 0.0035104 0.001194073508720791 0 0 
51 0.0035752 0.001198168749092354 0 0 
52 0.00364 0.001199926714164392 0 0 
53 0.0037048 0.001199373508146855 0 0 
54 0.0037696 0.001196591876616202 0 0 
55 0.0038344 0.001191596352768145 0 0 
56 0.0038992 0.001184406456035143 0 0 
57 0.003964 0.001175050280108261 0 0 
58 0.0040288 0.001163564383164309 0 0 
59 0.0040936 0.001149993645018991 0 0 
60 0.0041584 0.001134391091764212 0 0 
61 0.004223200000000001 0.001116817688574745 0 0 
62 0.004288 0.001097342101493852 0 0 
63 0.0043528 0.001076040429128651 0 0 
64 0.004417600000000001 0.001052995905303601 0 0 
65 0.0044824 0.00102829857383394 0 0 
66 0.0045472 0.001002044936689883 0 0 
67 0.004612 0.0009743375769263183 0 0 
68 0.004676800000000001 0.0009452847578513637 0 0 
69 0.0047416 0.000915 0 0 
70 0.0048064 0.0008836016375656892 0 0 
71 0.0048712 0.0008512123560231821 0 0 
72 0.004936 0.000817958712749195 0 0 
73 0.005000800000000001 0.0007839706425140767 0 0 
74 0.0050656 0.0007493809497767024 0 0 
75 0.0051304 0.0007143247897663883 0 0 
76 0.0051952 0.0006789391403794427 0 0 
77 0.005260000000000001 0.0006433622669538584 0 0 
78 0.005324800000000001 0.0006077331820134728 0 0 
79 0.0053896 0.0005721911020925872 0 0 
80 0.0054544 0.0005368749037634376 0 0 
81 0.005519200000000001 0.0005019225809920298 0 0 
82 0.005584 0.0004674707059426551 0 0 
83 0.005648800000000001 0.0004336538953379304 0 0 
84 0.0057136 0.0004006042844595056 0 0 
85 0.0057784 0.0003684510108447097 0 0 
86 0.005843200000000001 0.00033731970969654 0 0 
87 0.005908 0.0003073320229786166 0 0 
88 0.0059728 0.0002786051241132588 0 0 
89 0.0060376 0.0002512512601398714 0 0 
90 0.0061024 0.0002253773131226024 0 0 
91 0.0061672 0.0002010843825210204 0 0 
92 0.006232000000000001 0.0001784673901556563 0 0 
93 0.0062968 0.0001576147093119507 0 0 
94 0.0063616 0.0001386078194318483 0 0 
95 0.006426400000000001 0.0001215209877422896 0 0 
96 0.0064912 0.0001064209790645995 0 0 
97 0.006556 9.336679493865847e-05 0 0 
98 0.0066208 8.240944308120103e-05 0 0 
99 0.0066856 7.35917380790532e-05 0 0 
100 0.0067504 6.694813409607967e-05 0 0 
101 0.0068152 6.250459024751809e-05 0 0 
102 0.006880000000000001 6.027846916773444e-05 0 0 
103 0.0069448 6.027846916773444e-05 0 0 
104 0.0070096 6.250459024751809e-05 0 0 
105 0.0070744 6.694813409607967e-05 0 0 
106 0.0071392 7.35917380790532e-05 0 0 
107 0.007204000000000001 8.240944308120103e-05 0 0 
108 0.0072688 9.336679493865847e-05 0 0 
109 0.0073336 0.0001064209790645995 0 0 
110 0.007398399999999999 0.0001215209877422896 0 0 
111 0.007463200000000001 0.0001386078194318483 0 0 
112 0.007528000000000001 0.0001576147093119507 0 0 
113 0.007592799999999999 0.0001784673901556563 0 0 
114 0.0076576 0.0002010843825210204 0 0 
115 0.007722400000000001 0.0002253773131226024 0 0 
116 0.0077872 0.0002512512601398714 0 0 
117 0.007852000000000001 0.0002786051241132588 0 0 
118 0.0079168 0.0003073320229786166 0 0 
119 0.0079816 0.00033731970969654 0 0 
120 0.0080464 0.0003684510108447097 0 0 
121 0.008111200000000001 0.0004006042844595056 0 0 
122 0.008176000000000001 0.0004336538953379304 0 0 
123 0.008240799999999998 0.0004674707059426551 0 0 
124 0.0083056 0.0005019225809920298 0 0 
125 0.0083704 0.0005368749037634376 0 0 
126 0.0084352 0.0005721911020925872 0 0 
127 0.008500000000000001 0.0006077331820134728 0 0 
128 0.008564800000000001 0.0006433622669538584 0 0 
129 0.008629599999999999 0.0006789391403794427 0 0 
130 0.0086944 0.0007143247897663883 0 0 
131 0.0087592 0.0007493809497767024 0 0 
132 0.008824 0.0007839706425140763 0 0 
133 0.008888800000000001 0.0008179587127491948 0 0 
134 0.008953600000000003 0.0008512123560231821 0 0 
135 0.009018399999999999 0.0008836016375656892 0 0 
136 0.0090832 0.000915 0 0 
137 0.009148 0.0009452847578513637 0 0 
138 0.0092128 0.0009743375769263183 0 0 
139 0.009277600000000002 0.001002044936689884 0 0 
140 0.009342399999999999 0.00102829857383394 0 0 
141 0.009407199999999999 0.0010529959053036 0 0 
142 0.009472 0.001076040429128651 0 0 
143 0.0095368 0.001097342101493852 0 0 
144 0.009601600000000002 0.001116817688574745 0 0 
145 0.0096664 0.001134391091764212 0 0 
146 0.009731199999999999 0.001149993645018991 0 0 
147 0.009796000000000001 0.001163564383164309 0 0 
148 0.009860799999999999 0.001175050280108261 0 0 
149 0.009925600000000001 0.001184406456035143 0 0 
150 0.0099904 0.001191596352768145 0 0 
151 0.0100552 0.001196591876616202 0 0 
152 0.01012 0.001199340534891427 0 0 
153 0.0101848 0.001199926714164392 0 0 
154 0.0102496 0.001198168749092354 0 0 
155 0.0103144 0.001194073508720791 0 0 
156 0.0103792 0.001187656994728459 0 0 
157 0.010444 0.001178944278902688 0 0 
158 0.0105088 0.001167969405174261 0 0 
159 0.0105736 0.00115477525659469 0 0 
160 0.0106384 0.001139413387775649 0 0 
161 0.0107032 0.001121943823445274 0 0 
162 0.010768 0.001102434823908481 0 0 
163 0.0108328 0.001080962618327699 0 0 
164 0.0108976 0.001057611106866229 0 0 
165 0.0109624 0.001032471532858046 0 0 
166 0.0110272 0.001005642126285003 0 0 
167 0.011092 0.0009772277199545309 0 0 
168 0.0111568 0.000947339339877547 0 0 
169 0.0112216 0.0009160937714471403 0 0 
170 0.0112864 0.0008836131031131391 0 0 
171 0.0113512 0.0008500242493355919 0 0 
172 0.011416 0.0008154584546811746 0 0 
173 0.0114808 0.0007800507810002042 0 0 
174 0.0115456 0.0007439395796880584 0 0 
175 0.0116104 0.0007072659510930771 0 0 
176 0.0116752 0.0006701731931832489 0 0 
177 0.01174 0.000632806241625951 0 0 
178 0.0118048 0.0005953111034685704 0 0 
179 0.0118696 0.0005578342866328248 0 0 
180 0.0119344 0.0005205222274519876 0 0 
181 0.0119992 0.0004835207184878238 0 0 
182 0.012064 0.0004469743388629944 0 0 
183 0.0121288 0.000411025889334834 0 0 
184 0.0121936 0.0003758158343178842 0 0 
185 0.0122584 0.0003414817530354179 0 0 
186 0.0123232 0.0003081578019445133 0 0 
187 0.012388 0.0002759741905351945 0 0 
188 0.0124528 0.0002450566725518865 0 0 
189 0.0125176 0.0002155260546251842 0 0 
190 0.0125824 0.0001874977242338963 0 0 
191 0.0126472 0.0001610811988417984 0 0 
192 0.012712 0.0001363796979707929 0 0 
193 0.0127768 0.0001134897398825487 0 0 
194 0.0128416 9.250076444454126e-05 0 0 
195 0.0129064 7.349478365410153e-05 0 0 
196 0.0129712 5.654606118600586e-05 0 0 
197 0.013036 4.172082221574823e-05 0 0 
198 0.0131008 2.907699465231288e-05 0 0 
199 0.0131656 1.866398279156183e-05 0 0 
200 0.0132304 1.052247427465434e-05 0 0 
201 0.0132952 4.684281105788824e-06 0 0 
202 0.01336 1.172215350470407e-06 0 0 
203 0.017 0 0 0 
204 0.017 0.007 0 0 
205 0.0166 0.007 0 0 
206 0.0165352 0.00699882778464953 0 0 
207 0.0164704 0.006995315718894212 0 0 
208 0.0164056 0.006989477525725346 0 0 
209 0.0163408 0.006981336017208438 0 0 
210 0.016276 0.006970923005347688 0 0 
211 0.0162112 0.006958279177784252 0 0 
212 0.0161464 0.006943453938813995 0 0 
213 0.0160816 0.006926505216345899 0 0 
214 0.0160168 0.006907499235555458 0 0 
215 0.015952 0.00688651026011745 0 0 
216 0.0158872 0.006863620302029207 0 0 
217 0.0158224 0.006838918801158202 0 0 
218 0.0157576 0.006812502275766103 0 0 
219 0.0156928 0.006784473945374816 0 0 
220 0.015628 0.006754943327448113 0 0 
221 0.0155632 0.006724025809464806 0 0 
222 0.0154984 0.006691842198055487 0 0 
223 0.0154336 0.006658518246964582 0 0 
224 0.0153688 0.006624184165682116 0 0 
225 0.015304 0.006588974110665166 0 0 
226 0.0152392 0.006553025661137006 0 0 
227 0.0151744 0.006516479281512177 0 0 
228 0.0151096 0.006479477772548013 0 0 
229 0.0150448 0.006442165713367177 0 0 
230 0.01498 0.006404688896531431 0 0 
231 0.0149152 0.006367193758374049 0 0 
232 0.0148504 0.006329826806816751 0 0 
233 0.0147856 0.006292734048906922 0 0 
234 0.0147208 0.006256060420311941 0 0 
235 0.014656 0.006219949218999796 0 0 
236 0.0145912 0.006184541545318825 0 0 
237 0.0145264 0.006149975750664408 0 0 
238 0.0144616 0.006116386896886861 0 0 
239 0.0143968 0.00608390622855286 0 0 
240 0.014332 0.006052660660122453 0 0 
241 0.0142672 0.006022772280045469 0 0 
242 0.0142024 0.005994357873714998 0 0 
243 0.0141376 0.005967528467141955 0 0 
244 0.0140728 0.005942388893133771 0 0 
245 0.014008 0.005919037381672303 0 0 
246 0.0139432 0.00589756517609152 0 0 
247 0.0138784 0.005878056176554725 0 0 
248 0.0138136 0.005860586612224351 0 0 
249 0.0137488 0.00584522474340531 0 0 
250 0.013684 0.005832030594825739 0 0 
251 0.0136192 0.005821055721097312 0 0 
252 0.0135544 0.005812343005271541 0 0 
253 0.0134896 0.005805926491279209 0 0 
254 0.0134248 0.005801831250907646 0 0 
255 0.01336 0.005800073285835609 0 0 
256 0.0132952 0.005800626491853145 0 0 
257 0.0132304 0.005803408123383797 0 0 
258 0.0131656 0.005808403647231856 0 0 
259 0.0131008 0.005815593543964857 0 0 
260 0.013036 0.005824949719891739 0 0 
261 0.0129712 0.005836435616835692 0 0 
262 0.0129064 0.005850006354981009 0 0 
263 0.0128416 0.005865608908235788 0 0 
264 0.0127768 0.005883182311425255 0 0 
265 0.012712 0.005902657898506148 0 0 
266 0.0126472 0.005923959570871349 0 0 
267 0.0125824 0.0059470040946964 0 0 
268 0.0125176 0.00597170142616606 0 0 
269 0.0124528 0.005997955063310117 0 0 
270 0.012388 0.006025662423073681 0 0 
271 0.0123232 0.006054715242148637 0 0 
272 0.0122584 0.006085 0 0 
273 0.0121936 0.00611639836243431 0 0 
274 0.0121288 0.006148787643976818 0 0 
275 0.012064 0.006182041287250806 0 0 
276 0.0119992 0.006216029357485923 0 0 
277 0.0119344 0.006250619050223298 0 0 
278 0.0118696 0.006285675210233611 0 0 
279 0.0118048 0.006321060859620557 0 0 
280 0.01174 0.006356637733046142 0 0 
281 0.0116752 0.006392266817986528 0 0 
282 0.0116104 0.006427808897907413 0 0 
283 0.0115456 0.006463125096236562 0 0 
284 0.0114808 0.00649807741900797 0 0 
285 0.011416 0.006532529294057345 0 0 
286 0.0113512 0.00656634610466207 0 0 
287 0.0112864 0.006599395715540495 0 0 
288 0.0112216 0.006631548989155291 0 0 
289 0.0111568 0.006662680290303461 0 0 
290 0.011092 0.006692667977021383 0 0 
291 0.0110272 0.006721394875886741 0 0 
292 0.0109624 0.006748748739860129 0 0 
293 0.0108976 0.006774622686877398 0 0 
294 0.0108328 0.00679891561747898 0 0 
295 0.010768 0.006821532609844343 0 0 
296 0.0107032 0.006842385290688049 0 0 
297 0.0106384 0.006861392180568152 0 0 
298 0.0105736 0.00687847901225771 0 0 
299 0.0105088 0.006893579020935401 0 0 
300 0.010444 0.006906633205061342 0 0 
301 0.0103792 0.006917590556918799 0 0 
302 0.0103144 0.006926408261920947 0 0 
303 0.0102496 0.00693305186590392 0 0 
304 0.0101848 0.006937495409752482 0 0 
305 0.01012 0.006939721530832266 0 0 
306 0.0100552 0.006939721530832266 0 0 
307 0.009990400000000002 0.006937495409752482 0 0 
308 0.0099256 0.00693305186590392 0 0 
309 0.009860800000000001 0.006926408261920947 0 0 
310 0.009795999999999999 0.006917590556918799 0 0 
311 0.009731200000000001 0.006906633205061342 0 0 
312 0.0096664 0.006893579020935401 0 0 
313 0.009601600000000002 0.00687847901225771 0 0 
314 0.0095368 0.006861392180568152 0 0 
315 0.009472 0.006842385290688049 0 0 
316 0.009407199999999999 0.006821532609844343 0 0 
317 0.009342400000000001 0.00679891561747898 0 0 
318 0.0092776 0.006774622686877398 0 0 
319 0.0092128 0.006748748739860129 0 0 
320 0.009148 0.006721394875886741 0 0 
321 0.009083200000000001 0.006692667977021383 0 0 
322 0.009018399999999999 0.006662680290303461 0 0 
323 0.008953600000000001 0.006631548989155291 0 0 
324 0.008888800000000001 0.006599395715540495 0 0 
325 0.008824 0.00656634610466207 0 0 
326 0.008759200000000002 0.006532529294057345 0 0 
327 0.0086944 0.00649807741900797 0 0 
328 0.008629599999999999 0.006463125096236562 0 0 
329 0.008564800000000001 0.006427808897907413 0 0 
330 0.008500000000000001 0.006392266817986528 0 0 
331 0.0084352 0.006356637733046142 0 0 
332 0.0083704 0.006321060859620557 0 0 
333 0.0083056 0.006285675210233611 0 0 
334 0.0082408 0.006250619050223298 0 0 
335 0.008176000000000001 0.006216029357485924 0 0 
336 0.008111200000000001 0.006182041287250806 0 0 
337 0.008046399999999999 0.006148787643976818 0 0 
338 0.0079816 0.00611639836243431 0 0 
339 0.0079168 0.006085 0 0 
340 0.007852000000000001 0.006054715242148637 0 0 
341 0.0077872 0.006025662423073681 0 0 
342 0.007722399999999999 0.005997955063310117 0 0 
343 0.007657600000000001 0.00597170142616606 0 0 
344 0.0075928 0.0059470040946964 0 0 
345 0.007528000000000001 0.005923959570871349 0 0 
346 0.007463200000000001 0.005902657898506148 0 0 
347 0.007398399999999999 0.005883182311425255 0 0 
348 0.007333600000000001 0.005865608908235788 0 0 
349 0.007268800000000001 0.005850006354981009 0 0 
350 0.007203999999999999 0.005836435616835692 0 0 
351 0.007139200000000001 0.005824949719891739 0 0 
352 0.007074399999999999 0.005815593543964857 0 0 
353 0.007009600000000001 0.005808403647231856 0 0 
354 0.006944800000000001 0.005803408123383797 0 0 
355 0.006879999999999999 0.005800659465108574 0 0 
356 0.006815200000000001 0.005800073285835609 0 0 
357 0.006750399999999999 0.005801831250907646 0 0 
358 0.006685600000000001 0.005805926491279209 0 0 
359 0.006620800000000001 0.005812343005271541 0 0 
360 0.006555999999999999 0.005821055721097313 0 0 
361 0.006491200000000001 0.005832030594825739 0 0 
362 0.0064264 0.00584522474340531 0 0 
363 0.006361599999999999 0.005860586612224352 0 0 
364 0.006296800000000001 0.005878056176554726 0 0 
365 0.006232 0.005897565176091519 0 0 
366 0.006167200000000001 0.005919037381672302 0 0 
367 0.006102399999999999 0.005942388893133771 0 0 
368 0.0060376 0.005967528467141954 0 0 
369 0.005972800000000001 0.005994357873714998 0 0 
370 0.005907999999999999 0.006022772280045469 0 0 
371 0.0058432 0.006052660660122453 0 0 
372 0.0057784 0.00608390622855286 0 0 
373 0.0057136 0.006116386896886861 0 0 
374 0.005648800000000002 0.006149975750664408 0 0 
375 0.005584 0.006184541545318826 0 0 
376 0.0055192 0.006219949218999796 0 0 
377 0.0054544 0.006256060420311941 0 0 
378 0.0053896 0.006292734048906923 0 0 
379 0.005324800000000002 0.006329826806816751 0 0 
380 0.00526 0.006367193758374049 0 0 
381 0.0051952 0.00640468889653143 0 0 
382 0.0051304 0.006442165713367176 0 0 
383 0.0050656 0.006479477772548013 0 0 
384 0.0050008 0.006516479281512177 0 0 
385 0.004936 0.006553025661137006 0 0 
386 0.0048712 0.006588974110665166 0 0 
387 0.0048064 0.006624184165682116 0 0 
388 0.0047416 0.006658518246964582 0 0 
389 0.0046768 0.006691842198055487 0 0 
390 0.004612 0.006724025809464806 0 0 
391 0.0045472 0.006754943327448114 0 0 
392 0.0044824 0.006784473945374816 0 0 
393 0.004417600000000001 0.006812502275766103 0 0 
394 0.0043528 0.006838918801158202 0 0 
395 0.004288 0.006863620302029207 0 0 
396 0.004223200000000001 0.006886510260117451 0 0 
397 0.0041584 0.006907499235555458 0 0 
398 0.0040936 0.006926505216345898 0 0 
399 0.004028800000000001 0.006943453938813995 0 0 
400 0.003964000000000001 0.006958279177784251 0 0 
401 0.003899200000000001 0.006970923005347687 0 0 
402 0.0038344 0.006981336017208438 0 0 
403 0.003769600000000001 0.006989477525725346 0 0 
404 0.003704800000000001 0.006995315718894212 0 0 
405 0.003639999999999999 0.00699882778464953 0 0 
406 0 0.007 0 0 
1 -1.000000000000024e-07 -1e-07 -1e-07 0.0004001 1e-07 1e-07 1 103 2 1 -2 
2 0.0003999 -1e-07 -1e-07 0.0004649 1.272215350470407e-06 1e-07 1 103 2 2 -3 
3 0.0004647 1.072215350470407e-06 -1e-07 0.0005297 4.784281105788824e-06 1e-07 1 103 2 3 -4 
4 0.0005295000000000001 4.584281105788824e-06 -1e-07 0.0005945 1.062247427465434e-05 1e-07 1 103 2 4 -5 
5 0.0005943000000000001 1.042247427465434e-05 -1e-07 0.0006592999999999999 1.876398279156176e-05 1e-07 1 103 2 5 -6 
6 0.0006591 1.856398279156176e-05 -1e-07 0.0007241 2.917699465231275e-05 1e-07 1 103 2 6 -7 
7 0.0007239000000000001 2.897699465231275e-05 -1e-07 0.0007888999999999999 4.182082221574802e-05 1e-07 1 103 2 7 -8 
8 0.0007887 4.162082221574802e-05 -1e-07 0.0008536999999999999 5.664606118600567e-05 1e-07 1 103 2 8 -9 
9 0.0008535 5.644606118600567e-05 -1e-07 0.0009184999999999999 7.359478365410127e-05 1e-07 1 103 2 9 -10 
10 0.0009183 7.339478365410127e-05 -1e-07 0.0009833000000000001 9.26007644445416e-05 1e-07 1 103 2 10 -11 
11 0.0009831 9.24007644445416e-05 -1e-07 0.0010481 0.000113589739882549 1e-07 1 103 2 11 -12 
12 0.0010479 0.000113389739882549 -1e-07 0.0011129 0.0001364796979707931 1e-07 1 103 2 12 -13 
13 0.0011127 0.0001362796979707931 -1e-07 0.0011777 0.0001611811988417986 1e-07 1 103 2 13 -14 
14 0.0011775 0.0001609811988417986 -1e-07 0.0012425 0.0001875977242338965 1e-07 1 103 2 14 -15 
15 0.0012423 0.0001873977242338965 -1e-07 0.0013073 0.0002156260546251844 1e-07 1 103 2 15 -16 
16 0.0013071 0.0002154260546251844 -1e-07 0.0013721 0.0002451566725518866 1e-07 1 103 2 16 -17 
17 0.0013719 0.0002449566725518866 -1e-07 0.0014369 0.0002760741905351946 1e-07 1 103 2 17 -18 
18 0.0014367 0.0002758741905351946 -1e-07 0.0015017 0.0003082578019445133 1e-07 1 103 2 18 -19 
19 0.0015015 0.0003080578019445133 -1e-07 0.0015665 0.0003415817530354177 1e-07 1 103 2 19 -20 
20 0.0015663 0.0003413817530354177 -1e-07 0.0016313 0.0003759158343178841 1e-07 1 103 2 20 -21 
21 0.0016311 0.0003757158343178841 -1e-07 0.0016961 0.0004111258893348337 1e-07 1 103 2 21 -22 
22 0.0016959 0.0004109258893348337 -1e-07 0.0017609 0.0004470743388629941 1e-07 1 103 2 22 -23 
23 0.0017607 0.0004468743388629941 -1e-07 0.0018257 0.0004836207184878233 1e-07 1 103 2 23 -24 
24 0.0018255 0.0004834207184878233 -1e-07 0.0018905 0.0005206222274519871 1e-07 1 103 2 24 -25 
25 0.0018903 0.0005204222274519872 -1e-07 0.0019553 0.0005579342866328243 1e-07 1 103 2 25 -26 
26 0.0019551 0.0005577342866328244 -1e-07 0.0020201 0.0005954111034685696 1e-07 1 103 2 26 -27 
27 0.0020199 0.0005952111034685697 -1e-07 0.0020849 0.0006329062416259516 1e-07 1 103 2 27 -28 
28 0.0020847 0.0006327062416259517 -1e-07 0.0021497 0.0006702731931832493 1e-07 1 103 2 28 -29 
29 0.0021495 0.0006700731931832494 -1e-07 0.0022145 0.0007073659510930776 1e-07 1 103 2 29 -30 
30 0.0022143 0.0007071659510930777 -1e-07 0.0022793 0.0007440395796880586 1e-07 1 103 2 30 -31 
31 0.0022791 0.0007438395796880587 -1e-07 0.0023441 0.0007801507810002044 1e-07 1 103 2 31 -32 
32 0.0023439 0.0007799507810002045 -1e-07 0.0024089 0.0008155584546811746 1e-07 1 103 2 32 -33 
33 0.0024087 0.0008153584546811747 -1e-07 0.0024737 0.0008501242493355919 1e-07 1 103 2 33 -34 
34 0.0024735 0.0008499242493355921 -1e-07 0.0025385 0.0008837131031131391 1e-07 1 103 2 34 -35 
35 0.0025383 0.0008835131031131392 -1e-07 0.0026033 0.0009161937714471403 1e-07 1 103 2 35 -36 
36 0.0026031 0.0009159937714471404 -1e-07 0.0026681 0.0009474393398775467 1e-07 1 103 2 36 -37 
37 0.0026679 0.0009472393398775468 -1e-07 0.002732899999999999 0.0009773277199545309 1e-07 1 103 2 37 -38 
38 0.0027327 0.0009771277199545308 -1e-07 0.0027977 0.001005742126285003 1e-07 1 103 2 38 -39 
39 0.0027975 0.001005542126285003 -1e-07 0.0028625 0.001032571532858045 1e-07 1 103 2 39 -40 
40 0.0028623 0.001032371532858045 -1e-07 0.002927299999999999 0.001057711106866229 1e-07 1 103 2 40 -41 
41 0.0029271 0.001057511106866229 -1e-07 0.0029921 0.001081062618327698 1e-07 1 103 2 41 -42 
42 0.0029919 0.001080862618327698 -1e-07 0.0030569 0.00110253482390848 1e-07 1 103 2 42 -43 
43 0.0030567 0.00110233482390848 -1e-07 0.0031217 0.001122043823445274 1e-07 1 103 2 43 -44 
44 0.0031215 0.001121843823445274 -1e-07 0.0031865 0.001139513387775649 1e-07 1 103 2 44 -45 
45 0.0031863 0.001139313387775649 -1e-07 0.0032513 0.001154875256594691 1e-07 1 103 2 45 -46 
46 0.0032511 0.001154675256594691 -1e-07 0.0033161 0.001168069405174261 1e-07 1 103 2 46 -47 
47 0.0033159 0.00116786940517426 -1e-07 0.0033809 0.001179044278902688 1e-07 1 103 2 47 -48 
48 0.0033807 0.001178844278902688 -1e-07 0.0034457 0.001187756994728459 1e-07 1 103 2 48 -49 
49 0.0034455 0.001187556994728459 -1e-07 0.0035105 0.001194173508720791 1e-07 1 103 2 49 -50 
50 0.0035103 0.001193973508720791 -1e-07 0.0035753 0.001198268749092354 1e-07 1 103 2 50 -51 
51 0.0035751 0.001198068749092354 -1e-07 0.0036401 0.001200026714164392 1e-07 1 103 2 51 -52 
52 0.0036399 0.001199273508146855 -1e-07 0.0037049 0.001200026714164392 1e-07 1 103 2 52 -53 
53 0.0037047 0.001196491876616202 -1e-07 0.0037697 0.001199473508146855 1e-07 1 103 2 53 -54 
54 0.0037695 0.001191496352768145 -1e-07 0.003834499999999999 0.001196691876616202 1e-07 1 103 2 54 -55 
55 0.0038343 0.001184306456035143 -1e-07 0.0038993 0.001191696352768145 1e-07 1 103 2 55 -56 
56 0.0038991 0.001174950280108261 -1e-07 0.0039641 0.001184506456035143 1e-07 1 103 2 56 -57 
57 0.003963899999999999 0.001163464383164309 -1e-07 0.0040289 0.001175150280108261 1e-07 1 103 2 57 -58 
58 0.0040287 0.001149893645018991 -1e-07 0.0040937 0.001163664383164309 1e-07 1 103 2 58 -59 
59 0.0040935 0.001134291091764212 -1e-07 0.0041585 0.001150093645018991 1e-07 1 103 2 59 -60 
60 0.004158299999999999 0.001116717688574745 -1e-07 0.004223300000000001 0.001134491091764212 1e-07 1 103 2 60 -61 
61 0.0042231 0.001097242101493852 -1e-07 0.0042881 0.001116917688574745 1e-07 1 103 2 61 -62 
62 0.0042879 0.001075940429128651 -1e-07 0.004352900000000001 0.001097442101493852 1e-07 1 103 2 62 -63 
63 0.0043527 0.001052895905303601 -1e-07 0.004417700000000001 0.001076140429128651 1e-07 1 103 2 63 -64 
64 0.0044175 0.00102819857383394 -1e-07 0.0044825 0.001053095905303601 1e-07 1 103 2 64 -65 
65 0.0044823 0.001001944936689883 -1e-07 0.004547300000000001 0.00102839857383394 1e-07 1 103 2 65 -66 
66 0.0045471 0.0009742375769263183 -1e-07 0.0046121 0.001002144936689883 1e-07 1 103 2 66 -67 
67 0.0046119 0.0009451847578513638 -1e-07 0.004676900000000001 0.0009744375769263182 1e-07 1 103 2 67 -68 
68 0.004676700000000001 0.0009149000000000001 -1e-07 0.004741700000000001 0.0009453847578513637 1e-07 1 103 2 68 -69 
69 0.0047415 0.0008835016375656892 -1e-07 0.0048065 0.0009151 1e-07 1 103 2 69 -70 
70 0.004806299999999999 0.0008511123560231822 -1e-07 0.0048713 0.0008837016375656891 1e-07 1 103 2 70 -71 
71 0.0048711 0.000817858712749195 -1e-07 0.004936100000000001 0.0008513123560231821 1e-07 1 103 2 71 -72 
72 0.0049359 0.0007838706425140768 -1e-07 0.005000900000000001 0.0008180587127491949 1e-07 1 103 2 72 -73 
73 0.0050007 0.0007492809497767024 -1e-07 0.0050657 0.0007840706425140767 1e-07 1 103 2 73 -74 
74 0.0050655 0.0007142247897663883 -1e-07 0.005130500000000001 0.0007494809497767023 1e-07 1 103 2 74 -75 
75 0.0051303 0.0006788391403794428 -1e-07 0.0051953 0.0007144247897663882 1e-07 1 103 2 75 -76 
76 0.005195099999999999 0.0006432622669538585 -1e-07 0.005260100000000001 0.0006790391403794427 1e-07 1 103 2 76 -77 
77 0.005259900000000001 0.0006076331820134729 -1e-07 0.005324900000000001 0.0006434622669538584 1e-07 1 103 2 77 -78 
78 0.005324700000000001 0.0005720911020925873 -1e-07 0.0053897 0.0006078331820134728 1e-07 1 103 2 78 -79 
79 0.005389499999999999 0.0005367749037634376 -1e-07 0.0054545 0.0005722911020925872 1e-07 1 103 2 79 -80 
80 0.0054543 0.0005018225809920298 -1e-07 0.005519300000000001 0.0005369749037634375 1e-07 1 103 2 80 -81 
81 0.005519100000000001 0.0004673707059426551 -1e-07 0.005584100000000001 0.0005020225809920297 1e-07 1 103 2 81 -82 
82 0.0055839 0.0004335538953379304 -1e-07 0.005648900000000001 0.0004675707059426551 1e-07 1 103 2 82 -83 
83 0.0056487 0.0004005042844595056 -1e-07 0.0057137 0.0004337538953379304 1e-07 1 103 2 83 -84 
84 0.0057135 0.0003683510108447097 -1e-07 0.005778500000000001 0.0004007042844595056 1e-07 1 103 2 84 -85 
85 0.0057783 0.00033721970969654 -1e-07 0.005843300000000001 0.0003685510108447097 1e-07 1 103 2 85 -86 
86 0.0058431 0.0003072320229786166 -1e-07 0.0059081 0.00033741970969654 1e-07 1 103 2 86 -87 
87 0.0059079 0.0002785051241132588 -1e-07 0.005972900000000001 0.0003074320229786166 1e-07 1 103 2 87 -88 
88 0.0059727 0.0002511512601398714 -1e-07 0.0060377 0.0002787051241132588 1e-07 1 103 2 88 -89 
89 0.006037499999999999 0.0002252773131226024 -1e-07 0.0061025 0.0002513512601398714 1e-07 1 103 2 89 -90 
90 0.0061023 0.0002009843825210204 -1e-07 0.006167300000000001 0.0002254773131226024 1e-07 1 103 2 90 -91 
91 0.0061671 0.0001783673901556563 -1e-07 0.006232100000000001 0.0002011843825210204 1e-07 1 103 2 91 -92 
92 0.0062319 0.0001575147093119507 -1e-07 0.0062969 0.0001785673901556563 1e-07 1 103 2 92 -93 
93 0.0062967 0.0001385078194318483 -1e-07 0.006361700000000001 0.0001577147093119507 1e-07 1 103 2 93 -94 
94 0.0063615 0.0001214209877422896 -1e-07 0.006426500000000001 0.0001387078194318483 1e-07 1 103 2 94 -95 
95 0.0064263 0.0001063209790645995 -1e-07 0.0064913 0.0001216209877422896 1e-07 1 103 2 95 -96 
96 0.0064911 9.326679493865846e-05 -1e-07 0.0065561 0.0001065209790645995 1e-07 1 103 2 96 -97 
97 0.0065559 8.230944308120103e-05 -1e-07 0.006620900000000001 9.346679493865847e-05 1e-07 1 103 2 97 -98 
98 0.0066207 7.34917380790532e-05 -1e-07 0.0066857 8.250944308120103e-05 1e-07 1 103 2 98 -99 
99 0.0066855 6.684813409607967e-05 -1e-07 0.0067505 7.369173807905321e-05 1e-07 1 103 2 99 -100 
100 0.0067503 6.240459024751809e-05 -1e-07 0.006815300000000001 6.704813409607967e-05 1e-07 1 103 2 100 -101 
101 0.0068151 6.017846916773444e-05 -1e-07 0.006880100000000001 6.26045902475181e-05 1e-07 1 103 2 101 -102 
102 0.0068799 6.017846916773444e-05 -1e-07 0.0069449 6.037846916773444e-05 1e-07 1 103 2 102 -103 
103 0.0069447 6.017846916773444e-05 -1e-07 0.007009700000000001 6.26045902475181e-05 1e-07 1 103 2 103 -104 
104 0.0070095 6.240459024751809e-05 -1e-07 0.0070745 6.704813409607967e-05 1e-07 1 103 2 104 -105 
105 0.0070743 6.684813409607967e-05 -1e-07 0.0071393 7.369173807905321e-05 1e-07 1 103 2 105 -106 
106 0.0071391 7.34917380790532e-05 -1e-07 0.007204100000000001 8.250944308120103e-05 1e-07 1 103 2 106 -107 
107 0.007203900000000001 8.230944308120103e-05 -1e-07 0.0072689 9.346679493865847e-05 1e-07 1 103 2 107 -108 
108 0.007268699999999999 9.326679493865846e-05 -1e-07 0.0073337 0.0001065209790645995 1e-07 1 103 2 108 -109 
109 0.0073335 0.0001063209790645995 -1e-07 0.0073985 0.0001216209877422896 1e-07 1 103 2 109 -110 
110 0.007398299999999999 0.0001214209877422896 -1e-07 0.007463300000000001 0.0001387078194318483 1e-07 1 103 2 110 -111 
111 0.0074631 0.0001385078194318483 -1e-07 0.007528100000000001 0.0001577147093119507 1e-07 1 103 2 111 -112 
112 0.007527900000000001 0.0001575147093119507 -1e-07 0.0075929 0.0001785673901556563 1e-07 1 103 2 112 -113 
113 0.007592699999999999 0.0001783673901556563 -1e-07 0.0076577 0.0002011843825210204 1e-07 1 103 2 113 -114 
114 0.007657499999999999 0.0002009843825210204 -1e-07 0.007722500000000001 0.0002254773131226024 1e-07 1 103 2 114 -115 
115 0.007722300000000001 0.0002252773131226024 -1e-07 0.0077873 0.0002513512601398714 1e-07 1 103 2 115 -116 
116 0.0077871 0.0002511512601398714 -1e-07 0.007852100000000001 0.0002787051241132588 1e-07 1 103 2 116 -117 
117 0.007851900000000002 0.0002785051241132588 -1e-07 0.007916899999999999 0.0003074320229786166 1e-07 1 103 2 117 -118 
118 0.0079167 0.0003072320229786166 -1e-07 0.0079817 0.00033741970969654 1e-07 1 103 2 118 -119 
119 0.007981500000000001 0.00033721970969654 -1e-07 0.0080465 0.0003685510108447097 1e-07 1 103 2 119 -120 
120 0.008046300000000001 0.0003683510108447097 -1e-07 0.0081113 0.0004007042844595056 1e-07 1 103 2 120 -121 
121 0.008111100000000001 0.0004005042844595056 -1e-07 0.0081761 0.0004337538953379304 1e-07 1 103 2 121 -122 
122 0.008175900000000002 0.0004335538953379304 -1e-07 0.008240899999999997 0.0004675707059426551 1e-07 1 103 2 122 -123 
123 0.008240699999999998 0.0004673707059426551 -1e-07 0.008305699999999999 0.0005020225809920297 1e-07 1 103 2 123 -124 
124 0.0083055 0.0005018225809920298 -1e-07 0.008370499999999999 0.0005369749037634375 1e-07 1 103 2 124 -125 
125 0.008370300000000001 0.0005367749037634376 -1e-07 0.0084353 0.0005722911020925872 1e-07 1 103 2 125 -126 
126 0.008435100000000001 0.0005720911020925873 -1e-07 0.0085001 0.0006078331820134728 1e-07 1 103 2 126 -127 
127 0.008499900000000001 0.0006076331820134729 -1e-07 0.0085649 0.0006434622669538584 1e-07 1 103 2 127 -128 
128 0.008564700000000001 0.0006432622669538585 -1e-07 0.008629699999999999 0.0006790391403794427 1e-07 1 103 2 128 -129 
129 0.0086295 0.0006788391403794428 -1e-07 0.008694499999999999 0.0007144247897663882 1e-07 1 103 2 129 -130 
130 0.0086943 0.0007142247897663883 -1e-07 0.008759299999999999 0.0007494809497767023 1e-07 1 103 2 130 -131 
131 0.008759100000000001 0.0007492809497767024 -1e-07 0.0088241 0.0007840706425140762 1e-07 1 103 2 131 -132 
132 0.008823900000000001 0.0007838706425140763 -1e-07 0.0088889 0.0008180587127491947 1e-07 1 103 2 132 -133 
133 0.008888700000000001 0.0008178587127491948 -1e-07 0.008953700000000002 0.0008513123560231821 1e-07 1 103 2 133 -134 
134 0.008953500000000003 0.0008511123560231822 -1e-07 0.009018499999999999 0.0008837016375656891 1e-07 1 103 2 134 -135 
135 0.0090183 0.0008835016375656892 -1e-07 0.009083299999999999 0.0009151 1e-07 1 103 2 135 -136 
136 0.0090831 0.0009149000000000001 -1e-07 0.009148099999999999 0.0009453847578513637 1e-07 1 103 2 136 -137 
137 0.0091479 0.0009451847578513638 -1e-07 0.0092129 0.0009744375769263182 1e-07 1 103 2 137 -138 
138 0.009212700000000001 0.0009742375769263183 -1e-07 0.009277700000000002 0.001002144936689884 1e-07 1 103 2 138 -139 
139 0.009277500000000003 0.001001944936689883 -1e-07 0.009342499999999998 0.00102839857383394 1e-07 1 103 2 139 -140 
140 0.0093423 0.00102819857383394 -1e-07 0.009407299999999999 0.001053095905303601 1e-07 1 103 2 140 -141 
141 0.0094071 0.0010528959053036 -1e-07 0.009472099999999999 0.001076140429128651 1e-07 1 103 2 141 -142 
142 0.0094719 0.001075940429128651 -1e-07 0.009536899999999999 0.001097442101493852 1e-07 1 103 2 142 -143 
143 0.0095367 0.001097242101493852 -1e-07 0.009601700000000001 0.001116917688574745 1e-07 1 103 2 143 -144 
144 0.009601500000000002 0.001116717688574745 -1e-07 0.0096665 0.001134491091764212 1e-07 1 103 2 144 -145 
145 0.009666300000000001 0.001134291091764212 -1e-07 0.009731299999999998 0.001150093645018991 1e-07 1 103 2 145 -146 
146 0.009731099999999999 0.001149893645018991 -1e-07 0.0097961 0.001163664383164309 1e-07 1 103 2 146 -147 
147 0.009795900000000001 0.001163464383164309 -1e-07 0.009860899999999999 0.001175150280108261 1e-07 1 103 2 147 -148 
148 0.0098607 0.001174950280108261 -1e-07 0.009925700000000001 0.001184506456035143 1e-07 1 103 2 148 -149 
149 0.009925500000000002 0.001184306456035143 -1e-07 0.009990499999999999 0.001191696352768145 1e-07 1 103 2 149 -150 
150 0.009990300000000001 0.001191496352768145 -1e-07 0.0100553 0.001196691876616202 1e-07 1 103 2 150 -151 
151 0.0100551 0.001196491876616202 -1e-07 0.0101201 0.001199440534891427 1e-07 1 103 2 151 -152 
152 0.0101199 0.001199240534891427 -1e-07 0.0101849 0.001200026714164392 1e-07 1 103 2 152 -153 
153 0.0101847 0.001198068749092354 -1e-07 0.0102497 0.001200026714164392 1e-07 1 103 2 153 -154 
154 0.0102495 0.001193973508720791 -1e-07 0.0103145 0.001198268749092354 1e-07 1 103 2 154 -155 
155 0.0103143 0.001187556994728459 -1e-07 0.0103793 0.001194173508720791 1e-07 1 103 2 155 -156 
156 0.0103791 0.001178844278902687 -1e-07 0.0104441 0.001187756994728459 1e-07 1 103 2 156 -157 
157 0.0104439 0.00116786940517426 -1e-07 0.0105089 0.001179044278902688 1e-07 1 103 2 157 -158 
158 0.0105087 0.00115467525659469 -1e-07 0.0105737 0.001168069405174261 1e-07 1 103 2 158 -159 
159 0.0105735 0.001139313387775648 -1e-07 0.0106385 0.00115487525659469 1e-07 1 103 2 159 -160 
160 0.0106383 0.001121843823445274 -1e-07 0.0107033 0.001139513387775649 1e-07 1 103 2 160 -161 
161 0.0107031 0.001102334823908481 -1e-07 0.0107681 0.001122043823445274 1e-07 1 103 2 161 -162 
162 0.0107679 0.001080862618327699 -1e-07 0.0108329 0.001102534823908481 1e-07 1 103 2 162 -163 
163 0.0108327 0.001057511106866229 -1e-07 0.0108977 0.001081062618327699 1e-07 1 103 2 163 -164 
164 0.0108975 0.001032371532858045 -1e-07 0.0109625 0.001057711106866229 1e-07 1 103 2 164 -165 
165 0.0109623 0.001005542126285003 -1e-07 0.0110273 0.001032571532858046 1e-07 1 103 2 165 -166 
166 0.0110271 0.0009771277199545308 -1e-07 0.0110921 0.001005742126285003 1e-07 1 103 2 166 -167 
167 0.0110919 0.000947239339877547 -1e-07 0.0111569 0.0009773277199545309 1e-07 1 103 2 167 -168 
168 0.0111567 0.0009159937714471404 -1e-07 0.0112217 0.0009474393398775469 1e-07 1 103 2 168 -169 
169 0.0112215 0.0008835131031131392 -1e-07 0.0112865 0.0009161937714471403 1e-07 1 103 2 169 -170 
170 0.0112863 0.0008499242493355919 -1e-07 0.0113513 0.0008837131031131391 1e-07 1 103 2 170 -171 
171 0.0113511 0.0008153584546811746 -1e-07 0.0114161 0.0008501242493355918 1e-07 1 103 2 171 -172 
172 0.0114159 0.0007799507810002042 -1e-07 0.0114809 0.0008155584546811745 1e-07 1 103 2 172 -173 
173 0.0114807 0.0007438395796880585 -1e-07 0.0115457 0.0007801507810002041 1e-07 1 103 2 173 -174 
174 0.0115455 0.0007071659510930772 -1e-07 0.0116105 0.0007440395796880583 1e-07 1 103 2 174 -175 
175 0.0116103 0.000670073193183249 -1e-07 0.0116753 0.0007073659510930771 1e-07 1 103 2 175 -176 
176 0.0116751 0.000632706241625951 -1e-07 0.0117401 0.0006702731931832489 1e-07 1 103 2 176 -177 
177 0.0117399 0.0005952111034685704 -1e-07 0.0118049 0.0006329062416259509 1e-07 1 103 2 177 -178 
178 0.0118047 0.0005577342866328248 -1e-07 0.0118697 0.0005954111034685703 1e-07 1 103 2 178 -179 
179 0.0118695 0.0005204222274519877 -1e-07 0.0119345 0.0005579342866328247 1e-07 1 103 2 179 -180 
180 0.0119343 0.0004834207184878238 -1e-07 0.0119993 0.0005206222274519876 1e-07 1 103 2 180 -181 
181 0.0119991 0.0004468743388629944 -1e-07 0.0120641 0.0004836207184878238 1e-07 1 103 2 181 -182 
182 0.0120639 0.000410925889334834 -1e-07 0.0121289 0.0004470743388629944 1e-07 1 103 2 182 -183 
183 0.0121287 0.0003757158343178842 -1e-07 0.0121937 0.0004111258893348341 1e-07 1 103 2 183 -184 
184 0.0121935 0.0003413817530354179 -1e-07 0.0122585 0.0003759158343178843 1e-07 1 103 2 184 -185 
185 0.0122583 0.0003080578019445133 -1e-07 0.0123233 0.0003415817530354179 1e-07 1 103 2 185 -186 
186 0.0123231 0.0002758741905351945 -1e-07 0.0123881 0.0003082578019445133 1e-07 1 103 2 186 -187 
187 0.0123879 0.0002449566725518865 -1e-07 0.0124529 0.0002760741905351945 1e-07 1 103 2 187 -188 
188 0.0124527 0.0002154260546251842 -1e-07 0.0125177 0.0002451566725518865 1e-07 1 103 2 188 -189 
189 0.0125175 0.0001873977242338963 -1e-07 0.0125825 0.0002156260546251842 1e-07 1 103 2 189 -190 
190 0.0125823 0.0001609811988417984 -1e-07 0.0126473 0.0001875977242338963 1e-07 1 103 2 190 -191 
191 0.0126471 0.0001362796979707929 -1e-07 0.0127121 0.0001611811988417984 1e-07 1 103 2 191 -192 
192 0.0127119 0.0001133897398825487 -1e-07 0.0127769 0.0001364796979707929 1e-07 1 103 2 192 -193 
193 0.0127767 9.240076444454126e-05 -1e-07 0.0128417 0.0001135897398825487 1e-07 1 103 2 193 -194 
194 0.0128415 7.339478365410153e-05 -1e-07 0.0129065 9.260076444454127e-05 1e-07 1 103 2 194 -195 
195 0.0129063 5.644606118600586e-05 -1e-07 0.0129713 7.359478365410153e-05 1e-07 1 103 2 195 -196 
196 0.0129711 4.162082221574822e-05 -1e-07 0.0130361 5.664606118600587e-05 1e-07 1 103 2 196 -197 
197 0.0130359 2.897699465231288e-05 -1e-07 0.0131009 4.182082221574823e-05 1e-07 1 103 2 197 -198 
198 0.0131007 1.856398279156183e-05 -1e-07 0.0131657 2.917699465231288e-05 1e-07 1 103 2 198 -199 
199 0.0131655 1.042247427465434e-05 -1e-07 0.0132305 1.876398279156183e-05 1e-07 1 103 2 199 -200 
200 0.0132303 4.584281105788824e-06 -1e-07 0.0132953 1.062247427465434e-05 1e-07 1 103 2 200 -201 
201 0.0132951 1.072215350470407e-06 -1e-07 0.0133601 4.784281105788824e-06 1e-07 1 103 2 201 -202 
202 0.0133599 -1.000000000000001e-07 -1e-07 0.0170001 1.272215350470407e-06 1e-07 1 103 2 202 -203 
203 0.0169999 -9.99999999998398e-08 -1e-07 0.0170001 0.0070001 1e-07 1 102 2 203 -204 
204 0.0165999 0.0069999 -1e-07 0.0170001 0.0070001 1e-07 1 103 2 204 -205 
205 0.0165351 0.00699872778464953 -1e-07 0.0166001 0.0070001 1e-07 1 103 2 205 -206 
206 0.0164703 0.006995215718894211 -1e-07 0.0165353 0.006998927784649531 1e-07 1 103 2 206 -207 
207 0.0164055 0.006989377525725346 -1e-07 0.0164705 0.006995415718894212 1e-07 1 103 2 207 -208 
208 0.0163407 0.006981236017208438 -1e-07 0.0164057 0.006989577525725346 1e-07 1 103 2 208 -209 
209 0.0162759 0.006970823005347688 -1e-07 0.0163409 0.006981436017208438 1e-07 1 103 2 209 -210 
210 0.0162111 0.006958179177784252 -1e-07 0.0162761 0.006971023005347688 1e-07 1 103 2 210 -211 
211 0.0161463 0.006943353938813995 -1e-07 0.0162113 0.006958379177784252 1e-07 1 103 2 211 -212 
212 0.0160815 0.006926405216345899 -1e-07 0.0161465 0.006943553938813995 1e-07 1 103 2 212 -213 
213 0.0160167 0.006907399235555458 -1e-07 0.0160817 0.006926605216345899 1e-07 1 103 2 213 -214 
214 0.0159519 0.00688641026011745 -1e-07 0.0160169 0.006907599235555458 1e-07 1 103 2 214 -215 
215 0.0158871 0.006863520302029207 -1e-07 0.0159521 0.006886610260117451 1e-07 1 103 2 215 -216 
216 0.0158223 0.006838818801158201 -1e-07 0.0158873 0.006863720302029207 1e-07 1 103 2 216 -217 
217 0.0157575 0.006812402275766103 -1e-07 0.0158225 0.006839018801158202 1e-07 1 103 2 217 -218 
218 0.0156927 0.006784373945374816 -1e-07 0.0157577 0.006812602275766104 1e-07 1 103 2 218 -219 
219 0.0156279 0.006754843327448113 -1e-07 0.0156929 0.006784573945374816 1e-07 1 103 2 219 -220 
220 0.0155631 0.006723925809464805 -1e-07 0.0156281 0.006755043327448113 1e-07 1 103 2 220 -221 
221 0.0154983 0.006691742198055487 -1e-07 0.0155633 0.006724125809464806 1e-07 1 103 2 221 -222 
222 0.0154335 0.006658418246964582 -1e-07 0.0154985 0.006691942198055487 1e-07 1 103 2 222 -223 
223 0.0153687 0.006624084165682115 -1e-07 0.0154337 0.006658618246964582 1e-07 1 103 2 223 -224 
224 0.0153039 0.006588874110665166 -1e-07 0.0153689 0.006624284165682116 1e-07 1 103 2 224 -225 
225 0.0152391 0.006552925661137006 -1e-07 0.0153041 0.006589074110665167 1e-07 1 103 2 225 -226 
226 0.0151743 0.006516379281512177 -1e-07 0.0152393 0.006553125661137006 1e-07 1 103 2 226 -227 
227 0.0151095 0.006479377772548012 -1e-07 0.0151745 0.006516579281512177 1e-07 1 103 2 227 -228 
228 0.0150447 0.006442065713367176 -1e-07 0.0151097 0.006479577772548013 1e-07 1 103 2 228 -229 
229 0.0149799 0.006404588896531431 -1e-07 0.0150449 0.006442265713367177 1e-07 1 103 2 229 -230 
230 0.0149151 0.006367093758374048 -1e-07 0.0149801 0.006404788896531431 1e-07 1 103 2 230 -231 
231 0.0148503 0.00632972680681675 -1e-07 0.0149153 0.006367293758374049 1e-07 1 103 2 231 -232 
232 0.0147855 0.006292634048906922 -1e-07 0.0148505 0.006329926806816751 1e-07 1 103 2 232 -233 
233 0.0147207 0.006255960420311941 -1e-07 0.0147857 0.006292834048906923 1e-07 1 103 2 233 -234 
234 0.0146559 0.006219849218999795 -1e-07 0.0147209 0.006256160420311942 1e-07 1 103 2 234 -235 
235 0.0145911 0.006184441545318825 -1e-07 0.0146561 0.006220049218999796 1e-07 1 103 2 235 -236 
236 0.0145263 0.006149875750664408 -1e-07 0.0145913 0.006184641545318825 1e-07 1 103 2 236 -237 
237 0.0144615 0.006116286896886861 -1e-07 0.0145265 0.006150075750664409 1e-07 1 103 2 237 -238 
238 0.0143967 0.00608380622855286 -1e-07 0.0144617 0.006116486896886862 1e-07 1 103 2 238 -239 
239 0.0143319 0.006052560660122453 -1e-07 0.0143969 0.00608400622855286 1e-07 1 103 2 239 -240 
240 0.0142671 0.006022672280045469 -1e-07 0.0143321 0.006052760660122453 1e-07 1 103 2 240 -241 
241 0.0142023 0.005994257873714997 -1e-07 0.0142673 0.00602287228004547 1e-07 1 103 2 241 -242 
242 0.0141375 0.005967428467141955 -1e-07 0.0142025 0.005994457873714998 1e-07 1 103 2 242 -243 
243 0.0140727 0.00594228889313377 -1e-07 0.0141377 0.005967628467141955 1e-07 1 103 2 243 -244 
244 0.0140079 0.005918937381672302 -1e-07 0.0140729 0.005942488893133771 1e-07 1 103 2 244 -245 
245 0.0139431 0.00589746517609152 -1e-07 0.0140081 0.005919137381672303 1e-07 1 103 2 245 -246 
246 0.0138783 0.005877956176554725 -1e-07 0.0139433 0.005897665176091521 1e-07 1 103 2 246 -247 
247 0.0138135 0.005860486612224351 -1e-07 0.0138785 0.005878156176554726 1e-07 1 103 2 247 -248 
248 0.0137487 0.00584512474340531 -1e-07 0.0138137 0.005860686612224351 1e-07 1 103 2 248 -249 
249 0.0136839 0.005831930594825739 -1e-07 0.0137489 0.00584532474340531 1e-07 1 103 2 249 -250 
250 0.0136191 0.005820955721097312 -1e-07 0.0136841 0.005832130594825739 1e-07 1 103 2 250 -251 
251 0.0135543 0.005812243005271541 -1e-07 0.0136193 0.005821155721097313 1e-07 1 103 2 251 -252 
252 0.0134895 0.005805826491279209 -1e-07 0.0135545 0.005812443005271541 1e-07 1 103 2 252 -253 
253 0.0134247 0.005801731250907645 -1e-07 0.0134897 0.00580602649127921 1e-07 1 103 2 253 -254 
254 0.0133599 0.005799973285835609 -1e-07 0.0134249 0.005801931250907646 1e-07 1 103 2 254 -255 
255 0.0132951 0.005799973285835609 -1e-07 0.0133601 0.005800726491853145 1e-07 1 103 2 255 -256 
256 0.0132303 0.005800526491853144 -1e-07 0.0132953 0.005803508123383798 1e-07 1 103 2 256 -257 
257 0.0131655 0.005803308123383797 -1e-07 0.0132305 0.005808503647231856 1e-07 1 103 2 257 -258 
258 0.0131007 0.005808303647231856 -1e-07 0.0131657 0.005815693543964857 1e-07 1 103 2 258 -259 
259 0.0130359 0.005815493543964856 -1e-07 0.0131009 0.005825049719891739 1e-07 1 103 2 259 -260 
260 0.0129711 0.005824849719891738 -1e-07 0.0130361 0.005836535616835692 1e-07 1 103 2 260 -261 
261 0.0129063 0.005836335616835692 -1e-07 0.0129713 0.005850106354981009 1e-07 1 103 2 261 -262 
262 0.0128415 0.005849906354981008 -1e-07 0.0129065 0.005865708908235789 1e-07 1 103 2 262 -263 
263 0.0127767 0.005865508908235788 -1e-07 0.0128417 0.005883282311425255 1e-07 1 103 2 263 -264 
264 0.0127119 0.005883082311425255 -1e-07 0.0127769 0.005902757898506149 1e-07 1 103 2 264 -265 
265 0.0126471 0.005902557898506148 -1e-07 0.0127121 0.005924059570871349 1e-07 1 103 2 265 -266 
266 0.0125823 0.005923859570871349 -1e-07 0.0126473 0.0059471040946964 1e-07 1 103 2 266 -267 
267 0.0125175 0.005946904094696399 -1e-07 0.0125825 0.00597180142616606 1e-07 1 103 2 267 -268 
268 0.0124527 0.00597160142616606 -1e-07 0.0125177 0.005998055063310117 1e-07 1 103 2 268 -269 
269 0.0123879 0.005997855063310117 -1e-07 0.0124529 0.006025762423073682 1e-07 1 103 2 269 -270 
270 0.0123231 0.006025562423073681 -1e-07 0.0123881 0.006054815242148637 1e-07 1 103 2 270 -271 
271 0.0122583 0.006054615242148636 -1e-07 0.0123233 0.0060851 1e-07 1 103 2 271 -272 
272 0.0121935 0.0060849 -1e-07 0.0122585 0.006116498362434311 1e-07 1 103 2 272 -273 
273 0.0121287 0.00611629836243431 -1e-07 0.0121937 0.006148887643976819 1e-07 1 103 2 273 -274 
274 0.0120639 0.006148687643976818 -1e-07 0.0121289 0.006182141287250806 1e-07 1 103 2 274 -275 
275 0.0119991 0.006181941287250805 -1e-07 0.0120641 0.006216129357485924 1e-07 1 103 2 275 -276 
276 0.0119343 0.006215929357485923 -1e-07 0.0119993 0.006250719050223299 1e-07 1 103 2 276 -277 
277 0.0118695 0.006250519050223298 -1e-07 0.0119345 0.006285775210233611 1e-07 1 103 2 277 -278 
278 0.0118047 0.006285575210233611 -1e-07 0.0118697 0.006321160859620557 1e-07 1 103 2 278 -279 
279 0.0117399 0.006320960859620557 -1e-07 0.0118049 0.006356737733046142 1e-07 1 103 2 279 -280 
280 0.0116751 0.006356537733046142 -1e-07 0.0117401 0.006392366817986528 1e-07 1 103 2 280 -281 
281 0.0116103 0.006392166817986528 -1e-07 0.0116753 0.006427908897907414 1e-07 1 103 2 281 -282 
282 0.0115455 0.006427708897907413 -1e-07 0.0116105 0.006463225096236563 1e-07 1 103 2 282 -283 
283 0.0114807 0.006463025096236562 -1e-07 0.0115457 0.006498177419007971 1e-07 1 103 2 283 -284 
284 0.0114159 0.00649797741900797 -1e-07 0.0114809 0.006532629294057345 1e-07 1 103 2 284 -285 
285 0.0113511 0.006532429294057345 -1e-07 0.0114161 0.00656644610466207 1e-07 1 103 2 285 -286 
286 0.0112863 0.006566246104662069 -1e-07 0.0113513 0.006599495715540495 1e-07 1 103 2 286 -287 
287 0.0112215 0.006599295715540495 -1e-07 0.0112865 0.006631648989155291 1e-07 1 103 2 287 -288 
288 0.0111567 0.006631448989155291 -1e-07 0.0112217 0.006662780290303461 1e-07 1 103 2 288 -289 
289 0.0110919 0.006662580290303461 -1e-07 0.0111569 0.006692767977021384 1e-07 1 103 2 289 -290 
290 0.0110271 0.006692567977021383 -1e-07 0.0110921 0.006721494875886741 1e-07 1 103 2 290 -291 
291 0.0109623 0.006721294875886741 -1e-07 0.0110273 0.006748848739860129 1e-07 1 103 2 291 -292 
292 0.0108975 0.006748648739860128 -1e-07 0.0109625 0.006774722686877398 1e-07 1 103 2 292 -293 
293 0.0108327 0.006774522686877398 -1e-07 0.0108977 0.006799015617478981 1e-07 1 103 2 293 -294 
294 0.0107679 0.00679881561747898 -1e-07 0.0108329 0.006821632609844344 1e-07 1 103 2 294 -295 
295 0.0107031 0.006821432609844343 -1e-07 0.0107681 0.00684248529068805 1e-07 1 103 2 295 -296 
296 0.0106383 0.006842285290688049 -1e-07 0.0107033 0.006861492180568153 1e-07 1 103 2 296 -297 
297 0.0105735 0.006861292180568152 -1e-07 0.0106385 0.006878579012257711 1e-07 1 103 2 297 -298 
298 0.0105087 0.00687837901225771 -1e-07 0.0105737 0.006893679020935402 1e-07 1 103 2 298 -299 
299 0.0104439 0.006893479020935401 -1e-07 0.0105089 0.006906733205061342 1e-07 1 103 2 299 -300 
300 0.0103791 0.006906533205061341 -1e-07 0.0104441 0.006917690556918799 1e-07 1 103 2 300 -301 
301 0.0103143 0.006917490556918799 -1e-07 0.0103793 0.006926508261920947 1e-07 1 103 2 301 -302 
302 0.0102495 0.006926308261920947 -1e-07 0.0103145 0.00693315186590392 1e-07 1 103 2 302 -303 
303 0.0101847 0.006932951865903919 -1e-07 0.0102497 0.006937595409752482 1e-07 1 103 2 303 -304 
304 0.0101199 0.006937395409752482 -1e-07 0.0101849 0.006939821530832266 1e-07 1 103 2 304 -305 
305 0.0100551 0.006939621530832265 -1e-07 0.0101201 0.006939821530832266 1e-07 1 103 2 305 -306 
306 0.009990300000000002 0.006937395409752482 -1e-07 0.0100553 0.006939821530832266 1e-07 1 103 2 306 -307 
307 0.0099255 0.006932951865903919 -1e-07 0.009990500000000001 0.006937595409752482 1e-07 1 103 2 307 -308 
308 0.009860700000000002 0.006926308261920947 -1e-07 0.009925699999999999 0.00693315186590392 1e-07 1 103 2 308 -309 
309 0.0097959 0.006917490556918799 -1e-07 0.009860900000000001 0.006926508261920947 1e-07 1 103 2 309 -310 
310 0.009731100000000001 0.006906533205061341 -1e-07 0.009796099999999999 0.006917690556918799 1e-07 1 103 2 310 -311 
311 0.009666300000000001 0.006893479020935401 -1e-07 0.0097313 0.006906733205061342 1e-07 1 103 2 311 -312 
312 0.009601500000000002 0.00687837901225771 -1e-07 0.0096665 0.006893679020935402 1e-07 1 103 2 312 -313 
313 0.0095367 0.006861292180568152 -1e-07 0.009601700000000001 0.006878579012257711 1e-07 1 103 2 313 -314 
314 0.0094719 0.006842285290688049 -1e-07 0.009536899999999999 0.006861492180568153 1e-07 1 103 2 314 -315 
315 0.0094071 0.006821432609844343 -1e-07 0.009472099999999999 0.00684248529068805 1e-07 1 103 2 315 -316 
316 0.009342300000000001 0.00679881561747898 -1e-07 0.009407299999999999 0.006821632609844344 1e-07 1 103 2 316 -317 
317 0.009277500000000001 0.006774522686877398 -1e-07 0.0093425 0.006799015617478981 1e-07 1 103 2 317 -318 
318 0.009212700000000001 0.006748648739860128 -1e-07 0.0092777 0.006774722686877398 1e-07 1 103 2 318 -319 
319 0.0091479 0.006721294875886741 -1e-07 0.0092129 0.006748848739860129 1e-07 1 103 2 319 -320 
320 0.009083100000000002 0.006692567977021383 -1e-07 0.009148099999999999 0.006721494875886741 1e-07 1 103 2 320 -321 
321 0.0090183 0.006662580290303461 -1e-07 0.009083300000000001 0.006692767977021384 1e-07 1 103 2 321 -322 
322 0.008953500000000001 0.006631448989155291 -1e-07 0.009018499999999999 0.006662780290303461 1e-07 1 103 2 322 -323 
323 0.008888700000000001 0.006599295715540495 -1e-07 0.0089537 0.006631648989155291 1e-07 1 103 2 323 -324 
324 0.008823900000000001 0.006566246104662069 -1e-07 0.0088889 0.006599495715540495 1e-07 1 103 2 324 -325 
325 0.008759100000000002 0.006532429294057345 -1e-07 0.0088241 0.00656644610466207 1e-07 1 103 2 325 -326 
326 0.0086943 0.00649797741900797 -1e-07 0.008759300000000001 0.006532629294057345 1e-07 1 103 2 326 -327 
327 0.0086295 0.006463025096236562 -1e-07 0.008694499999999999 0.006498177419007971 1e-07 1 103 2 327 -328 
328 0.008564700000000001 0.006427708897907413 -1e-07 0.008629699999999999 0.006463225096236563 1e-07 1 103 2 328 -329 
329 0.008499900000000001 0.006392166817986528 -1e-07 0.0085649 0.006427908897907414 1e-07 1 103 2 329 -330 
330 0.008435100000000001 0.006356537733046142 -1e-07 0.0085001 0.006392366817986528 1e-07 1 103 2 330 -331 
331 0.008370300000000001 0.006320960859620557 -1e-07 0.0084353 0.006356737733046142 1e-07 1 103 2 331 -332 
332 0.0083055 0.006285575210233611 -1e-07 0.008370499999999999 0.006321160859620557 1e-07 1 103 2 332 -333 
333 0.0082407 0.006250519050223298 -1e-07 0.008305699999999999 0.006285775210233611 1e-07 1 103 2 333 -334 
334 0.008175900000000002 0.006215929357485924 -1e-07 0.008240899999999999 0.006250719050223299 1e-07 1 103 2 334 -335 
335 0.008111100000000001 0.006181941287250805 -1e-07 0.0081761 0.006216129357485924 1e-07 1 103 2 335 -336 
336 0.008046299999999999 0.006148687643976818 -1e-07 0.0081113 0.006182141287250806 1e-07 1 103 2 336 -337 
337 0.007981500000000001 0.00611629836243431 -1e-07 0.008046499999999998 0.006148887643976819 1e-07 1 103 2 337 -338 
338 0.0079167 0.0060849 -1e-07 0.0079817 0.006116498362434311 1e-07 1 103 2 338 -339 
339 0.007851900000000002 0.006054615242148636 -1e-07 0.007916899999999999 0.0060851 1e-07 1 103 2 339 -340 
340 0.0077871 0.006025562423073681 -1e-07 0.007852100000000001 0.006054815242148637 1e-07 1 103 2 340 -341 
341 0.007722299999999999 0.005997855063310117 -1e-07 0.0077873 0.006025762423073682 1e-07 1 103 2 341 -342 
342 0.0076575 0.00597160142616606 -1e-07 0.007722499999999999 0.005998055063310117 1e-07 1 103 2 342 -343 
343 0.0075927 0.005946904094696399 -1e-07 0.007657700000000001 0.00597180142616606 1e-07 1 103 2 343 -344 
344 0.007527900000000001 0.005923859570871349 -1e-07 0.007592900000000001 0.0059471040946964 1e-07 1 103 2 344 -345 
345 0.0074631 0.005902557898506148 -1e-07 0.007528100000000001 0.005924059570871349 1e-07 1 103 2 345 -346 
346 0.007398299999999998 0.005883082311425255 -1e-07 0.007463300000000001 0.005902757898506149 1e-07 1 103 2 346 -347 
347 0.007333500000000001 0.005865508908235788 -1e-07 0.007398499999999999 0.005883282311425255 1e-07 1 103 2 347 -348 
348 0.0072687 0.005849906354981008 -1e-07 0.007333700000000001 0.005865708908235789 1e-07 1 103 2 348 -349 
349 0.007203899999999998 0.005836335616835692 -1e-07 0.007268900000000001 0.005850106354981009 1e-07 1 103 2 349 -350 
350 0.007139100000000001 0.005824849719891739 -1e-07 0.007204099999999999 0.005836535616835692 1e-07 1 103 2 350 -351 
351 0.007074299999999999 0.005815493543964856 -1e-07 0.007139300000000001 0.00582504971989174 1e-07 1 103 2 351 -352 
352 0.007009500000000001 0.005808303647231856 -1e-07 0.007074499999999999 0.005815693543964857 1e-07 1 103 2 352 -353 
353 0.006944700000000001 0.005803308123383797 -1e-07 0.007009700000000002 0.005808503647231856 1e-07 1 103 2 353 -354 
354 0.006879899999999999 0.005800559465108573 -1e-07 0.006944900000000001 0.005803508123383798 1e-07 1 103 2 354 -355 
355 0.006815100000000001 0.005799973285835609 -1e-07 0.006880099999999999 0.005800759465108574 1e-07 1 103 2 355 -356 
356 0.006750299999999999 0.005799973285835609 -1e-07 0.006815300000000002 0.005801931250907646 1e-07 1 103 2 356 -357 
357 0.0066855 0.005801731250907645 -1e-07 0.0067505 0.00580602649127921 1e-07 1 103 2 357 -358 
358 0.006620700000000001 0.005805826491279209 -1e-07 0.006685700000000001 0.005812443005271541 1e-07 1 103 2 358 -359 
359 0.006555899999999999 0.005812243005271541 -1e-07 0.006620900000000002 0.005821155721097314 1e-07 1 103 2 359 -360 
360 0.006491100000000001 0.005820955721097313 -1e-07 0.0065561 0.005832130594825739 1e-07 1 103 2 360 -361 
361 0.006426299999999999 0.005831930594825739 -1e-07 0.006491300000000001 0.00584532474340531 1e-07 1 103 2 361 -362 
362 0.006361499999999999 0.00584512474340531 -1e-07 0.0064265 0.005860686612224352 1e-07 1 103 2 362 -363 
363 0.006296700000000001 0.005860486612224352 -1e-07 0.0063617 0.005878156176554726 1e-07 1 103 2 363 -364 
364 0.006231899999999999 0.005877956176554726 -1e-07 0.006296900000000001 0.00589766517609152 1e-07 1 103 2 364 -365 
365 0.006167100000000001 0.005897465176091519 -1e-07 0.0062321 0.005919137381672302 1e-07 1 103 2 365 -366 
366 0.006102299999999999 0.005918937381672301 -1e-07 0.006167300000000001 0.005942488893133771 1e-07 1 103 2 366 -367 
367 0.006037499999999999 0.00594228889313377 -1e-07 0.006102499999999999 0.005967628467141954 1e-07 1 103 2 367 -368 
368 0.005972700000000001 0.005967428467141954 -1e-07 0.0060377 0.005994457873714998 1e-07 1 103 2 368 -369 
369 0.005907899999999999 0.005994257873714997 -1e-07 0.005972900000000001 0.00602287228004547 1e-07 1 103 2 369 -370 
370 0.0058431 0.006022672280045469 -1e-07 0.005908099999999999 0.006052760660122453 1e-07 1 103 2 370 -371 
371 0.005778299999999999 0.006052560660122453 -1e-07 0.0058433 0.00608400622855286 1e-07 1 103 2 371 -372 
372 0.0057135 0.00608380622855286 -1e-07 0.0057785 0.006116486896886862 1e-07 1 103 2 372 -373 
373 0.005648700000000001 0.006116286896886861 -1e-07 0.0057137 0.006150075750664409 1e-07 1 103 2 373 -374 
374 0.005583899999999999 0.006149875750664408 -1e-07 0.005648900000000002 0.006184641545318826 1e-07 1 103 2 374 -375 
375 0.0055191 0.006184441545318825 -1e-07 0.0055841 0.006220049218999796 1e-07 1 103 2 375 -376 
376 0.0054543 0.006219849218999795 -1e-07 0.0055193 0.006256160420311942 1e-07 1 103 2 376 -377 
377 0.005389499999999999 0.006255960420311941 -1e-07 0.0054545 0.006292834048906923 1e-07 1 103 2 377 -378 
378 0.005324700000000002 0.006292634048906923 -1e-07 0.0053897 0.006329926806816751 1e-07 1 103 2 378 -379 
379 0.0052599 0.00632972680681675 -1e-07 0.005324900000000002 0.00636729375837405 1e-07 1 103 2 379 -380 
380 0.005195099999999999 0.006367093758374049 -1e-07 0.0052601 0.00640478889653143 1e-07 1 103 2 380 -381 
381 0.0051303 0.00640458889653143 -1e-07 0.0051953 0.006442265713367176 1e-07 1 103 2 381 -382 
382 0.0050655 0.006442065713367176 -1e-07 0.005130500000000001 0.006479577772548013 1e-07 1 103 2 382 -383 
383 0.005000699999999999 0.006479377772548012 -1e-07 0.0050657 0.006516579281512177 1e-07 1 103 2 383 -384 
384 0.0049359 0.006516379281512177 -1e-07 0.0050009 0.006553125661137006 1e-07 1 103 2 384 -385 
385 0.0048711 0.006552925661137006 -1e-07 0.004936100000000001 0.006589074110665167 1e-07 1 103 2 385 -386 
386 0.004806299999999999 0.006588874110665166 -1e-07 0.0048713 0.006624284165682116 1e-07 1 103 2 386 -387 
387 0.0047415 0.006624084165682115 -1e-07 0.0048065 0.006658618246964582 1e-07 1 103 2 387 -388 
388 0.0046767 0.006658418246964582 -1e-07 0.004741700000000001 0.006691942198055487 1e-07 1 103 2 388 -389 
389 0.0046119 0.006691742198055487 -1e-07 0.0046769 0.006724125809464806 1e-07 1 103 2 389 -390 
390 0.0045471 0.006723925809464805 -1e-07 0.0046121 0.006755043327448114 1e-07 1 103 2 390 -391 
391 0.0044823 0.006754843327448114 -1e-07 0.004547300000000001 0.006784573945374816 1e-07 1 103 2 391 -392 
392 0.0044175 0.006784373945374816 -1e-07 0.0044825 0.006812602275766104 1e-07 1 103 2 392 -393 
393 0.0043527 0.006812402275766103 -1e-07 0.004417700000000001 0.006839018801158202 1e-07 1 103 2 393 -394 
394 0.0042879 0.006838818801158201 -1e-07 0.004352900000000001 0.006863720302029207 1e-07 1 103 2 394 -395 
395 0.0042231 0.006863520302029207 -1e-07 0.0042881 0.006886610260117451 1e-07 1 103 2 395 -396 
396 0.0041583 0.006886410260117451 -1e-07 0.004223300000000001 0.006907599235555458 1e-07 1 103 2 396 -397 
397 0.0040935 0.006907399235555458 -1e-07 0.004158500000000001 0.006926605216345898 1e-07 1 103 2 397 -398 
398 0.004028700000000001 0.006926405216345898 -1e-07 0.0040937 0.006943553938813995 1e-07 1 103 2 398 -399 
399 0.0039639 0.006943353938813995 -1e-07 0.004028900000000001 0.006958379177784252 1e-07 1 103 2 399 -400 
400 0.003899100000000001 0.006958179177784251 -1e-07 0.003964100000000001 0.006971023005347687 1e-07 1 103 2 400 -401 
401 0.003834300000000001 0.006970823005347687 -1e-07 0.003899300000000001 0.006981436017208438 1e-07 1 103 2 401 -402 
402 0.003769500000000001 0.006981236017208438 -1e-07 0.0038345 0.006989577525725346 1e-07 1 103 2 402 -403 
403 0.003704700000000001 0.006989377525725346 -1e-07 0.0037697 0.006995415718894212 1e-07 1 103 2 403 -404 
404 0.003639899999999999 0.006995215718894211 -1e-07 0.003704900000000001 0.006998927784649531 1e-07 1 103 2 404 -405 
405 -9.99999999998398e-08 0.00699872778464953 -1e-07 0.003640099999999999 0.0070001 1e-07 1 103 2 405 -406 
406 -1e-07 -9.99999999998398e-08 -1e-07 1e-07 0.0070001 1e-07 1 101 2 406 -1 
1 -9.999999999940612e-08 -9.99999999998398e-08 -1e-07 0.0170001 0.0070001 1e-07 1 201 406 1 2 3 4 5 6 7 8 9 10 11 12 13 14 15 16 17 18 19 20 21 22 23 24 25 26 27 28 29 30 31 32 33 34 35 36 37 38 39 40 41 42 43 44 45 46 47 48 49 50 51 52 53 54 55 56 57 58 59 60 61 62 63 64 65 66 67 68 69 70 71 72 73 74 75 76 77 78 79 80 81 82 83 84 85 86 87 88 89 90 91 92 93 94 95 96 97 98 99 100 101 102 103 104 105 106 107 108 109 110 111 112 113 114 115 116 117 118 119 120 121 122 123 124 125 126 127 128 129 130 131 132 133 134 135 136 137 138 139 140 141 142 143 144 145 146 147 148 149 150 151 152 153 154 155 156 157 158 159 160 161 162 163 164 165 166 167 168 169 170 171 172 173 174 175 176 177 178 179 180 181 182 183 184 185 186 187 188 189 190 191 192 193 194 195 196 197 198 199 200 201 202 203 204 205 206 207 208 209 210 211 212 213 214 215 216 217 218 219 220 221 222 223 224 225 226 227 228 229 230 231 232 233 234 235 236 237 238 239 240 241 242 243 244 245 246 247 248 249 250 251 252 253 254 255 256 257 258 259 260 261 262 263 264 265 266 267 268 269 270 271 272 273 274 275 276 277 278 279 280 281 282 283 284 285 286 287 288 289 290 291 292 293 294 295 296 297 298 299 300 301 302 303 304 305 306 307 308 309 310 311 312 313 314 315 316 317 318 319 320 321 322 323 324 325 326 327 328 329 330 331 332 333 334 335 336 337 338 339 340 341 342 343 344 345 346 347 348 349 350 351 352 353 354 355 356 357 358 359 360 361 362 363 364 365 366 367 368 369 370 371 372 373 374 375 376 377 378 379 380 381 382 383 384 385 386 387 388 389 390 391 392 393 394 395 396 397 398 399 400 401 402 403 404 405 406 
$EndEntities
$Nodes
813 4328 1 4328
0 1 0 1
1
0 0 0
0 2 0 1
2
0.0004 0 0
0 3 0 1
3
0.0004648 1.172215350470407e-06 0
0 4 0 1
4
0.0005296000000000001 4.684281105788824e-06 0
0 5 0 1
5
0.0005944 1.052247427465434e-05 0
0 6 0 1
6
0.0006592 1.866398279156176e-05 0
0 7 0 1
7
0.000724 2.907699465231275e-05 0
0 8 0 1
8
0.0007888 4.172082221574802e-05 0
0 9 0 1
9
0.0008535999999999999 5.654606118600567e-05 0
0 10 0 1
10
0.0009184 7.349478365410127e-05 0
0 11 0 1
11
0.0009832 9.25007644445416e-05 0
0 12 0 1
12
0.001048 0.000113489739882549 0
0 13 0 1
13
0.0011128 0.0001363796979707931 0
0 14 0 1
14
0.0011776 0.0001610811988417986 0
0 15 0 1
15
0.0012424 0.0001874977242338965 0
0 16 0 1
16
0.0013072 0.0002155260546251844 0
0 17 0 1
17
0.001372 0.0002450566725518866 0
0 18 0 1
18
0.0014368 0.0002759741905351946 0
0 19 0 1
19
0.0015016 0.0003081578019445133 0
0 20 0 1
20
0.0015664 0.0003414817530354177 0
0 21 0 1
21
0.0016312 0.0003758158343178841 0
0 22 0 1
22
0.001696 0.0004110258893348337 0
0 23 0 1
23
0.0017608 0.0004469743388629941 0
0 24 0 1
24
0.0018256 0.0004835207184878233 0
0 25 0 1
25
0.0018904 0.0005205222274519872 0
0 26 0 1
26
0.0019552 0.0005578342866328244 0
0 27 0 1
27
0.00202 0.0005953111034685696 0
0 28 0 1
28
0.0020848 0.0006328062416259516 0
0 29 0 1
29
0.0021496 0.0006701731931832494 0
0 30 0 1
30
0.0022144 0.0007072659510930777 0
0 31 0 1
31
0.0022792 0.0007439395796880586 0
0 32 0 1
32
0.002344 0.0007800507810002044 0
0 33 0 1
33
0.0024088 0.0008154584546811747 0
0 34 0 1
34
0.0024736 0.000850024249335592 0
0 35 0 1
35
0.0025384 0.0008836131031131391 0
0 36 0 1
36
0.0026032 0.0009160937714471403 0
0 37 0 1
37
0.002668 0.0009473393398775467 0
0 38 0 1
38
0.0027328 0.0009772277199545309 0
0 39 0 1
39
0.0027976 0.001005642126285003 0
0 40 0 1
40
0.0028624 0.001032471532858045 0
0 41 0 1
41
0.0029272 0.001057611106866229 0
0 42 0 1
42
0.002992 0.001080962618327698 0
0 43 0 1
43
0.0030568 0.00110243482390848 0
0 44 0 1
44
0.0031216 0.001121943823445274 0
0 45 0 1
45
0.0031864 0.001139413387775649 0
0 46 0 1
46
0.0032512 0.001154775256594691 0
0 47 0 1
47
0.003316 0.001167969405174261 0
0 48 0 1
48
0.0033808 0.001178944278902688 0
0 49 0 1
49
0.0034456 0.001187656994728459 0
0 50 0 1
50
0.0035104 0.001194073508720791 0
0 51 0 1
51
0.0035752 0.001198168749092354 0
0 52 0 1
52
0.00364 0.001199926714164392 0
0 53 0 1
53
0.0037048 0.001199373508146855 0
0 54 0 1
54
0.0037696 0.001196591876616202 0
0 55 0 1
55
0.0038344 0.001191596352768145 0
0 56 0 1
56
0.0038992 0.001184406456035143 0
0 57 0 1
57
0.003964 0.001175050280108261 0
0 58 0 1
58
0.0040288 0.001163564383164309 0
0 59 0 1
59
0.0040936 0.001149993645018991 0
0 60 0 1
60
0.0041584 0.001134391091764212 0
0 61 0 1
61
0.004223200000000001 0.001116817688574745 0
0 62 0 1
62
0.004288 0.001097342101493852 0
0 63 0 1
63
0.0043528 0.001076040429128651 0
0 64 0 1
64
0.004417600000000001 0.001052995905303601 0
0 65 0 1
65
0.0044824 0.00102829857383394 0
0 66 0 1
66
0.0045472 0.001002044936689883 0
0 67 0 1
67
0.004612 0.0009743375769263183 0
0 68 0 1
68
0.004676800000000001 0.0009452847578513637 0
0 69 0 1
69
0.0047416 0.000915 0
0 70 0 1
70
0.0048064 0.0008836016375656892 0
0 71 0 1
71
0.0048712 0.0008512123560231821 0
0 72 0 1
72
0.004936 0.000817958712749195 0
0 73 0 1
73
0.005000800000000001 0.0007839706425140767 0
0 74 0 1
74
0.0050656 0.0007493809497767024 0
0 75 0 1
75
0.0051304 0.0007143247897663883 0
0 76 0 1
76
0.0051952 0.0006789391403794427 0
0 77 0 1
77
0.005260000000000001 0.0006433622669538584 0
0 78 0 1
78
0.005324800000000001 0.0006077331820134728 0
0 79 0 1
79
0.0053896 0.0005721911020925872 0
0 80 0 1
80
0.0054544 0.0005368749037634376 0
0 81 0 1
81
0.005519200000000001 0.0005019225809920298 0
0 82 0 1
82
0.005584 0.0004674707059426551 0
0 83 0 1
83
0.005648800000000001 0.0004336538953379304 0
0 84 0 1
84
0.0057136 0.0004006042844595056 0
0 85 0 1
85
0.0057784 0.0003684510108447097 0
0 86 0 1
86
0.005843200000000001 0.00033731970969654 0
0 87 0 1
87
0.005908 0.0003073320229786166 0
0 88 0 1
88
0.0059728 0.0002786051241132588 0
0 89 0 1
89
0.0060376 0.0002512512601398714 0
0 90 0 1
90
0.0061024 0.0002253773131226024 0
0 91 0 1
91
0.0061672 0.0002010843825210204 0
0 92 0 1
92
0.006232000000000001 0.0001784673901556563 0
0 93 0 1
93
0.0062968 0.0001576147093119507 0
0 94 0 1
94
0.0063616 0.0001386078194318483 0
0 95 0 1
95
0.006426400000000001 0.0001215209877422896 0
0 96 0 1
96
0.0064912 0.0001064209790645995 0
0 97 0 1
97
0.006556 9.336679493865847e-05 0
0 98 0 1
98
0.0066208 8.240944308120103e-05 0
0 99 0 1
99
0.0066856 7.35917380790532e-05 0
0 100 0 1
100
0.0067504 6.694813409607967e-05 0
0 101 0 1
101
0.0068152 6.250459024751809e-05 0
0 102 0 1
102
0.006880000000000001 6.027846916773444e-05 0
0 103 0 1
103
0.0069448 6.027846916773444e-05 0
0 104 0 1
104
0.0070096 6.250459024751809e-05 0
0 105 0 1
105
0.0070744 6.694813409607967e-05 0
0 106 0 1
106
0.0071392 7.35917380790532e-05 0
0 107 0 1
107
0.007204000000000001 8.240944308120103e-05 0
0 108 0 1
108
0.0072688 9.336679493865847e-05 0
0 109 0 1
109
0.0073336 0.0001064209790645995 0
0 110 0 1
110
0.007398399999999999 0.0001215209877422896 0
0 111 0 1
111
0.007463200000000001 0.0001386078194318483 0
0 112 0 1
112
0.007528000000000001 0.0001576147093119507 0
0 113 0 1
113
0.007592799999999999 0.0001784673901556563 0
0 114 0 1
114
0.0076576 0.0002010843825210204 0
0 115 0 1
115
0.007722400000000001 0.0002253773131226024 0
0 116 0 1
116
0.0077872 0.0002512512601398714 0
0 117 0 1
117
0.007852000000000001 0.0002786051241132588 0
0 118 0 1
118
0.0079168 0.0003073320229786166 0
0 119 0 1
119
0.0079816 0.00033731970969654 0
0 120 0 1
120
0.0080464 0.0003684510108447097 0
0 121 0 1
121
0.008111200000000001 0.0004006042844595056 0
0 122 0 1
122
0.008176000000000001 0.0004336538953379304 0
0 123 0 1
123
0.008240799999999998 0.0004674707059426551 0
0 124 0 1
124
0.0083056 0.0005019225809920298 0
0 125 0 1
125
0.0083704 0.0005368749037634376 0
0 126 0 1
126
0.0084352 0.0005721911020925872 0
0 127 0 1
127
0.008500000000000001 0.0006077331820134728 0
0 128 0 1
128
0.008564800000000001 0.0006433622669538584 0
0 129 0 1
129
0.008629599999999999 0.0006789391403794427 0
0 130 0 1
130
0.0086944 0.0007143247897663883 0
0 131 0 1
131
0.0087592 0.0007493809497767024 0
0 132 0 1
132
0.008824 0.0007839706425140763 0
0 133 0 1
133
0.008888800000000001 0.0008179587127491948 0
0 134 0 1
134
0.008953600000000003 0.0008512123560231821 0
0 135 0 1
135
0.009018399999999999 0.0008836016375656892 0
0 136 0 1
136
0.0090832 0.000915 0
0 137 0 1
137
0.009148 0.0009452847578513637 0
0 138 0 1
138
0.0092128 0.0009743375769263183 0
0 139 0 1
139
0.009277600000000002 0.001002044936689884 0
0 140 0 1
140
0.009342399999999999 0.00102829857383394 0
0 141 0 1
141
0.009407199999999999 0.0010529959053036 0
0 142 0 1
142
0.009472 0.001076040429128651 0
0 143 0 1
143
0.0095368 0.001097342101493852 0
0 144 0 1
144
0.009601600000000002 0.001116817688574745 0
0 145 0 1
145
0.0096664 0.001134391091764212 0
0 146 0 1
146
0.009731199999999999 0.001149993645018991 0
0 147 0 1
147
0.009796000000000001 0.001163564383164309 0
0 148 0 1
148
0.009860799999999999 0.001175050280108261 0
0 149 0 1
149
0.009925600000000001 0.001184406456035143 0
0 150 0 1
150
0.0099904 0.001191596352768145 0
0 151 0 1
151
0.0100552 0.001196591876616202 0
0 152 0 1
152
0.01012 0.001199340534891427 0
0 153 0 1
153
0.0101848 0.001199926714164392 0
0 154 0 1
154
0.0102496 0.001198168749092354 0
0 155 0 1
155
0.0103144 0.001194073508720791 0
0 156 0 1
156
0.0103792 0.001187656994728459 0
0 157 0 1
157
0.010444 0.001178944278902688 0
0 158 0 1
158
0.0105088 0.001167969405174261 0
0 159 0 1
159
0.0105736 0.00115477525659469 0
0 160 0 1
160
0.0106384 0.001139413387775649 0
0 161 0 1
161
0.0107032 0.001121943823445274 0
0 162 0 1
162
0.010768 0.001102434823908481 0
0 163 0 1
163
0.0108328 0.001080962618327699 0
0 164 0 1
164
0.0108976 0.001057611106866229 0
0 165 0 1
165
0.0109624 0.001032471532858046 0
0 166 0 1
166
0.0110272 0.001005642126285003 0
0 167 0 1
167
0.011092 0.0009772277199545309 0
0 168 0 1
168
0.0111568 0.000947339339877547 0
0 169 0 1
169
0.0112216 0.0009160937714471403 0
0 170 0 1
170
0.0112864 0.0008836131031131391 0
0 171 0 1
171
0.0113512 0.0008500242493355919 0
0 172 0 1
172
0.011416 0.0008154584546811746 0
0 173 0 1
173
0.0114808 0.0007800507810002042 0
0 174 0 1
174
0.0115456 0.0007439395796880584 0
0 175 0 1
175
0.0116104 0.0007072659510930771 0
0 176 0 1
176
0.0116752 0.0006701731931832489 0
0 177 0 1
177
0.01174 0.000632806241625951 0
0 178 0 1
178
0.0118048 0.0005953111034685704 0
0 179 0 1
179
0.0118696 0.0005578342866328248 0
0 180 0 1
180
0.0119344 0.0005205222274519876 0
0 181 0 1
181
0.0119992 0.0004835207184878238 0
0 182 0 1
182
0.012064 0.0004469743388629944 0
0 183 0 1
183
0.0121288 0.000411025889334834 0
0 184 0 1
184
0.0121936 0.0003758158343178842 0
0 185 0 1
185
0.0122584 0.0003414817530354179 0
0 186 0 1
186
0.0123232 0.0003081578019445133 0
0 187 0 1
187
0.012388 0.0002759741905351945 0
0 188 0 1
188
0.0124528 0.0002450566725518865 0
0 189 0 1
189
0.0125176 0.0002155260546251842 0
0 190 0 1
190
0.0125824 0.0001874977242338963 0
0 191 0 1
191
0.0126472 0.0001610811988417984 0
0 192 0 1
192
0.012712 0.0001363796979707929 0
0 193 0 1
193
0.0127768 0.0001134897398825487 0
0 194 0 1
194
0.0128416 9.250076444454126e-05 0
0 195 0 1
195
0.0129064 7.349478365410153e-05 0
0 196 0 1
196
0.0129712 5.654606118600586e-05 0
0 197 0 1
197
0.013036 4.172082221574823e-05 0
0 198 0 1
198
0.0131008 2.907699465231288e-05 0
0 199 0 1
199
0.0131656 1.866398279156183e-05 0
0 200 0 1
200
0.0132304 1.052247427465434e-05 0
0 201 0 1
201
0.0132952 4.684281105788824e-06 0
0 202 0 1
202
0.01336 1.172215350470407e-06 0
0 203 0 1
203
0.017 0 0
0 204 0 1
204
0.017 0.007 0
0 205 0 1
205
0.0166 0.007 0
0 206 0 1
206
0.0165352 0.00699882778464953 0
0 207 0 1
207
0.0164704 0.006995315718894212 0
0 208 0 1
208
0.0164056 0.006989477525725346 0
0 209 0 1
209
0.0163408 0.006981336017208438 0
0 210 0 1
210
0.016276 0.006970923005347688 0
0 211 0 1
211
0.0162112 0.006958279177784252 0
0 212 0 1
212
0.0161464 0.006943453938813995 0
0 213 0 1
213
0.0160816 0.006926505216345899 0
0 214 0 1
214
0.0160168 0.006907499235555458 0
0 215 0 1
215
0.015952 0.00688651026011745 0
0 216 0 1
216
0.0158872 0.006863620302029207 0
0 217 0 1
217
0.0158224 0.006838918801158202 0
0 218 0 1
218
0.0157576 0.006812502275766103 0
0 219 0 1
219
0.0156928 0.006784473945374816 0
0 220 0 1
220
0.015628 0.006754943327448113 0
0 221 0 1
221
0.0155632 0.006724025809464806 0
0 222 0 1
222
0.0154984 0.006691842198055487 0
0 223 0 1
223
0.0154336 0.006658518246964582 0
0 224 0 1
224
0.0153688 0.006624184165682116 0
0 225 0 1
225
0.015304 0.006588974110665166 0
0 226 0 1
226
0.0152392 0.006553025661137006 0
0 227 0 1
227
0.0151744 0.006516479281512177 0
0 228 0 1
228
0.0151096 0.006479477772548013 0
0 229 0 1
229
0.0150448 0.006442165713367177 0
0 230 0 1
230
0.01498 0.006404688896531431 0
0 231 0 1
231
0.0149152 0.006367193758374049 0
0 232 0 1
232
0.0148504 0.006329826806816751 0
0 233 0 1
233
0.0147856 0.006292734048906922 0
0 234 0 1
234
0.0147208 0.006256060420311941 0
0 235 0 1
235
0.014656 0.006219949218999796 0
0 236 0 1
236
0.0145912 0.006184541545318825 0
0 237 0 1
237
0.0145264 0.006149975750664408 0
0 238 0 1
238
0.0144616 0.006116386896886861 0
0 239 0 1
239
0.0143968 0.00608390622855286 0
0 240 0 1
240
0.014332 0.006052660660122453 0
0 241 0 1
241
0.0142672 0.006022772280045469 0
0 242 0 1
242
0.0142024 0.005994357873714998 0
0 243 0 1
243
0.0141376 0.005967528467141955 0
0 244 0 1
244
0.0140728 0.005942388893133771 0
0 245 0 1
245
0.014008 0.005919037381672303 0
0 246 0 1
246
0.0139432 0.00589756517609152 0
0 247 0 1
247
0.0138784 0.005878056176554725 0
0 248 0 1
248
0.0138136 0.005860586612224351 0
0 249 0 1
249
0.0137488 0.00584522474340531 0
0 250 0 1
250
0.013684 0.005832030594825739 0
0 251 0 1
251
0.0136192 0.005821055721097312 0
0 252 0 1
252
0.0135544 0.005812343005271541 0
0 253 0 1
253
0.0134896 0.005805926491279209 0
0 254 0 1
254
0.0134248 0.005801831250907646 0
0 255 0 1
255
0.01336 0.005800073285835609 0
0 256 0 1
256
0.0132952 0.005800626491853145 0
0 257 0 1
257
0.0132304 0.005803408123383797 0
0 258 0 1
258
0.0131656 0.005808403647231856 0
0 259 0 1
259
0.0131008 0.005815593543964857 0
0 260 0 1
260
0.013036 0.005824949719891739 0
0 261 0 1
261
0.0129712 0.005836435616835692 0
0 262 0 1
262
0.0129064 0.005850006354981009 0
0 263 0 1
263
0.0128416 0.005865608908235788 0
0 264 0 1
264
0.0127768 0.005883182311425255 0
0 265 0 1
265
0.012712 0.005902657898506148 0
0 266 0 1
266
0.0126472 0.005923959570871349 0
0 267 0 1
267
0.0125824 0.0059470040946964 0
0 268 0 1
268
0.0125176 0.00597170142616606 0
0 269 0 1
269
0.0124528 0.005997955063310117 0
0 270 0 1
270
0.012388 0.006025662423073681 0
0 271 0 1
271
0.0123232 0.006054715242148637 0
0 272 0 1
272
0.0122584 0.006085 0
0 273 0 1
273
0.0121936 0.00611639836243431 0
0 274 0 1
274
0.0121288 0.006148787643976818 0
0 275 0 1
275
0.012064 0.006182041287250806 0
0 276 0 1
276
0.0119992 0.006216029357485923 0
0 277 0 1
277
0.0119344 0.006250619050223298 0
0 278 0 1
278
0.0118696 0.006285675210233611 0
0 279 0 1
279
0.0118048 0.006321060859620557 0
0 280 0 1
280
0.01174 0.006356637733046142 0
0 281 0 1
281
0.0116752 0.006392266817986528 0
0 282 0 1
282
0.0116104 0.006427808897907413 0
0 283 0 1
283
0.0115456 0.006463125096236562 0
0 284 0 1
284
0.0114808 0.00649807741900797 0
0 285 0 1
285
0.011416 0.006532529294057345 0
0 286 0 1
286
0.0113512 0.00656634610466207 0
0 287 0 1
287
0.0112864 0.006599395715540495 0
0 288 0 1
288
0.0112216 0.006631548989155291 0
0 289 0 1
289
0.0111568 0.006662680290303461 0
0 290 0 1
290
0.011092 0.006692667977021383 0
0 291 0 1
291
0.0110272 0.006721394875886741 0
0 292 0 1
292
0.0109624 0.006748748739860129 0
0 293 0 1
293
0.0108976 0.006774622686877398 0
0 294 0 1
294
0.0108328 0.00679891561747898 0
0 295 0 1
295
0.010768 0.006821532609844343 0
0 296 0 1
296
0.0107032 0.006842385290688049 0
0 297 0 1
297
0.0106384 0.006861392180568152 0
0 298 0 1
298
0.0105736 0.00687847901225771 0
0 299 0 1
299
0.0105088 0.006893579020935401 0
0 300 0 1
300
0.010444 0.006906633205061342 0
0 301 0 1
301
0.0103792 0.006917590556918799 0
0 302 0 1
302
0.0103144 0.006926408261920947 0
0 303 0 1
303
0.0102496 0.00693305186590392 0
0 304 0 1
304
0.0101848 0.006937495409752482 0
0 305 0 1
305
0.01012 0.006939721530832266 0
0 306 0 1
306
0.0100552 0.006939721530832266 0
0 307 0 1
307
0.009990400000000002 0.006937495409752482 0
0 308 0 1
308
0.0099256 0.00693305186590392 0
0 309 0 1
309
0.009860800000000001 0.006926408261920947 0
0 310 0 1
310
0.009795999999999999 0.006917590556918799 0
0 311 0 1
311
0.009731200000000001 0.006906633205061342 0
0 312 0 1
312
0.0096664 0.006893579020935401 0
0 313 0 1
313
0.009601600000000002 0.00687847901225771 0
0 314 0 1
314
0.0095368 0.006861392180568152 0
0 315 0 1
315
0.009472 0.006842385290688049 0
0 316 0 1
316
0.009407199999999999 0.006821532609844343 0
0 317 0 1
317
0.009342400000000001 0.00679891561747898 0
0 318 0 1
318
0.0092776 0.006774622686877398 0
0 319 0 1
319
0.0092128 0.006748748739860129 0
0 320 0 1
320
0.009148 0.006721394875886741 0
0 321 0 1
321
0.009083200000000001 0.006692667977021383 0
0 322 0 1
322
0.009018399999999999 0.006662680290303461 0
0 323 0 1
323
0.008953600000000001 0.006631548989155291 0
0 324 0 1
324
0.008888800000000001 0.006599395715540495 0
0 325 0 1
325
0.008824 0.00656634610466207 0
0 326 0 1
326
0.008759200000000002 0.006532529294057345 0
0 327 0 1
327
0.0086944 0.00649807741900797 0
0 328 0 1
328
0.008629599999999999 0.006463125096236562 0
0 329 0 1
329
0.008564800000000001 0.006427808897907413 0
0 330 0 1
330
0.008500000000000001 0.006392266817986528 0
0 331 0 1
331
0.0084352 0.006356637733046142 0
0 332 0 1
332
0.0083704 0.006321060859620557 0
0 333 0 1
333
0.0083056 0.006285675210233611 0
0 334 0 1
334
0.0082408 0.006250619050223298 0
0 335 0 1
335
0.008176000000000001 0.006216029357485924 0
0 336 0 1
336
0.008111200000000001 0.006182041287250806 0
0 337 0 1
337
0.008046399999999999 0.006148787643976818 0
0 338 0 1
338
0.0079816 0.00611639836243431 0
0 339 0 1
339
0.0079168 0.006085 0
0 340 0 1
340
0.007852000000000001 0.006054715242148637 0
0 341 0 1
341
0.0077872 0.006025662423073681 0
0 342 0 1
342
0.007722399999999999 0.005997955063310117 0
0 343 0 1
343
0.007657600000000001 0.00597170142616606 0
0 344 0 1
344
0.0075928 0.0059470040946964 0
0 345 0 1
345
0.007528000000000001 0.005923959570871349 0
0 346 0 1
346
0.007463200000000001 0.005902657898506148 0
0 347 0 1
347
0.007398399999999999 0.005883182311425255 0
0 348 0 1
348
0.007333600000000001 0.005865608908235788 0
0 349 0 1
349
0.007268800000000001 0.005850006354981009 0
0 350 0 1
350
0.007203999999999999 0.005836435616835692 0
0 351 0 1
351
0.007139200000000001 0.005824949719891739 0
0 352 0 1
352
0.007074399999999999 0.005815593543964857 0
0 353 0 1
353
0.007009600000000001 0.005808403647231856 0
0 354 0 1
354
0.006944800000000001 0.005803408123383797 0
0 355 0 1
355
0.006879999999999999 0.005800659465108574 0
0 356 0 1
356
0.006815200000000001 0.005800073285835609 0
0 357 0 1
357
0.006750399999999999 0.005801831250907646 0
0 358 0 1
358
0.006685600000000001 0.005805926491279209 0
0 359 0 1
359
0.006620800000000001 0.005812343005271541 0
0 360 0 1
360
0.006555999999999999 0.005821055721097313 0
0 361 0 1
361
0.006491200000000001 0.005832030594825739 0
0 362 0 1
362
0.0064264 0.00584522474340531 0
0 363 0 1
363
0.006361599999999999 0.005860586612224352 0
0 364 0 1
364
0.006296800000000001 0.005878056176554726 0
0 365 0 1
365
0.006232 0.005897565176091519 0
0 366 0 1
366
0.006167200000000001 0.005919037381672302 0
0 367 0 1
367
0.006102399999999999 0.005942388893133771 0
0 368 0 1
368
0.0060376 0.005967528467141954 0
0 369 0 1
369
0.005972800000000001 0.005994357873714998 0
0 370 0 1
370
0.005907999999999999 0.006022772280045469 0
0 371 0 1
371
0.0058432 0.006052660660122453 0
0 372 0 1
372
0.0057784 0.00608390622855286 0
0 373 0 1
373
0.0057136 0.006116386896886861 0
0 374 0 1
374
0.005648800000000002 0.006149975750664408 0
0 375 0 1
375
0.005584 0.006184541545318826 0
0 376 0 1
376
0.0055192 0.006219949218999796 0
0 377 0 1
377
0.0054544 0.006256060420311941 0
0 378 0 1
378
0.0053896 0.006292734048906923 0
0 379 0 1
379
0.005324800000000002 0.006329826806816751 0
0 380 0 1
380
0.00526 0.006367193758374049 0
0 381 0 1
381
0.0051952 0.00640468889653143 0
0 382 0 1
382
0.0051304 0.006442165713367176 0
0 383 0 1
383
0.0050656 0.006479477772548013 0
0 384 0 1
384
0.0050008 0.006516479281512177 0
0 385 0 1
385
0.004936 0.006553025661137006 0
0 386 0 1
386
0.0048712 0.006588974110665166 0
0 387 0 1
387
0.0048064 0.006624184165682116 0
0 388 0 1
388
0.0047416 0.006658518246964582 0
0 389 0 1
389
0.0046768 0.006691842198055487 0
0 390 0 1
390
0.004612 0.006724025809464806 0
0 391 0 1
391
0.0045472 0.006754943327448114 0
0 392 0 1
392
0.0044824 0.006784473945374816 0
0 393 0 1
393
0.004417600000000001 0.006812502275766103 0
0 394 0 1
394
0.0043528 0.006838918801158202 0
0 395 0 1
395
0.004288 0.006863620302029207 0
0 396 0 1
396
0.004223200000000001 0.006886510260117451 0
0 397 0 1
397
0.0041584 0.006907499235555458 0
0 398 0 1
398
0.0040936 0.006926505216345898 0
0 399 0 1
399
0.004028800000000001 0.006943453938813995 0
0 400 0 1
400
0.003964000000000001 0.006958279177784251 0
0 401 0 1
401
0.003899200000000001 0.006970923005347687 0
0 402 0 1
402
0.0038344 0.006981336017208438 0
0 403 0 1
403
0.003769600000000001 0.006989477525725346 0
0 404 0 1
404
0.003704800000000001 0.006995315718894212 0
0 405 0 1
405
0.003639999999999999 0.00699882778464953 0
0 406 0 1
406
0 0.007 0
1 1 0 3
407
408
409
0.0001000000000000001 0 0
0.0002000000000000005 0 0
0.0003000000000000004 0 0
1 2 0 0
1 3 0 0
1 4 0 0
1 5 0 0
1 6 0 0
1 7 0 0
1 8 0 0
1 9 0 0
1 10 0 0
1 11 0 0
1 12 0 0
1 13 0 0
1 14 0 0
1 15 0 0
1 16 0 0
1 17 0 0
1 18 0 0
1 19 0 0
1 20 0 0
1 21 0 0
1 22 0 0
1 23 0 0
1 24 0 0
1 25 0 0
1 26 0 0
1 27 0 0
1 28 0 0
1 29 0 0
1 30 0 0
1 31 0 0
1 32 0 0
1 33 0 0
1 34 0 0
1 35 0 0
1 36 0 0
1 37 0 0
1 38 0 0
1 39 0 0
1 40 0 0
1 41 0 0
1 42 0 0
1 43 0 0
1 44 0 0
1 45 0 0
1 46 0 0
1 47 0 0
1 48 0 0
1 49 0 0
1 50 0 0
1 51 0 0
1 52 0 0
1 53 0 0
1 54 0 0
1 55 0 0
1 56 0 0
1 57 0 0
1 58 0 0
1 59 0 0
1 60 0 0
1 61 0 0
1 62 0 0
1 63 0 0
1 64 0 0
1 65 0 0
1 66 0 0
1 67 0 0
1 68 0 0
1 69 0 0
1 70 0 0
1 71 0 0
1 72 0 0
1 73 0 0
1 74 0 0
1 75 0 0
1 76 0 0
1 77 0 0
1 78 0 0
1 79 0 0
1 80 0 0
1 81 0 0
1 82 0 0
1 83 0 0
1 84 0 0
1 85 0 0
1 86 0 0
1 87 0 0
1 88 0 0
1 89 0 0
1 90 0 0
1 91 0 0
1 92 0 0
1 93 0 0
1 94 0 0
1 95 0 0
1 96 0 0
1 97 0 0
1 98 0 0
1 99 0 0
1 100 0 0
1 101 0 0
1 102 0 0
1 103 0 0
1 104 0 0
1 105 0 0
1 106 0 0
1 107 0 0
1 108 0 0
1 109 0 0
1 110 0 0
1 111 0 0
1 112 0 0
1 113 0 0
1 114 0 0
1 115 0 0
1 116 0 0
1 117 0 0
1 118 0 0
1 119 0 0
1 120 0 0
1 121 0 0
1 122 0 0
1 123 0 0
1 124 0 0
1 125 0 0
1 126 0 0
1 127 0 0
1 128 0 0
1 129 0 0
1 130 0 0
1 131 0 0
1 132 0 0
1 133 0 0
1 134 0 0
1 135 0 0
1 136 0 0
1 137 0 0
1 138 0 0
1 139 0 0
1 140 0 0
1 141 0 0
1 142 0 0
1 143 0 0
1 144 0 0
1 145 0 0
1 146 0 0
1 147 0 0
1 148 0 0
1 149 0 0
1 150 0 0
1 151 0 0
1 152 0 0
1 153 0 0
1 154 0 0
1 155 0 0
1 156 0 0
1 157 0 0
1 158 0 0
1 159 0 0
1 160 0 0
1 161 0 0
1 162 0 0
1 163 0 0
1 164 0 0
1 165 0 0
1 166 0 0
1 167 0 0
1 168 0 0
1 169 0 0
1 170 0 0
1 171 0 0
1 172 0 0
1 173 0 0
1 174 0 0
1 175 0 0
1 176 0 0
1 177 0 0
1 178 0 0
1 179 0 0
1 180 0 0
1 181 0 0
1 182 0 0
1 183 0 0
1 184 0 0
1 185 0 0
1 186 0 0
1 187 0 0
1 188 0 0
1 189 0 0
1 190 0 0
1 191 0 0
1 192 0 0
1 193 0 0
1 194 0 0
1 195 0 0
1 196 0 0
1 197 0 0
1 198 0 0
1 199 0 0
1 200 0 0
1 201 0 0
1 202 0 36
410
411
412
413
414
415
416
417
418
419
420
421
422
423
424
425
426
427
428
429
430
431
432
433
434
435
436
437
438
439
440
441
442
443
444
445
0.01345837837837838 1.140533854511747e-06 0
0.01355675675675676 1.108852358553088e-06 0
0.01365513513513514 1.077170862594428e-06 0
0.01375351351351351 1.045489366635768e-06 0
0.01385189189189189 1.013807870677109e-06 0
0.01395027027027027 9.821263747184492e-07 0
0.01404864864864865 9.504448787597896e-07 0
0.01414702702702703 9.187633828011299e-07 0
0.01424540540540541 8.870818868424703e-07 0
0.01434378378378378 8.554003908838106e-07 0
0.01444216216216216 8.237188949251511e-07 0
0.01454054054054054 7.920373989664914e-07 0
0.01463891891891892 7.603559030078319e-07 0
0.0147372972972973 7.286744070491723e-07 0
0.01483567567567568 6.969929110905126e-07 0
0.01493405405405405 6.653114151318531e-07 0
0.01503243243243243 6.336299191731933e-07 0
0.01513081081081081 6.019484232145337e-07 0
0.01522918918918919 5.702669272558739e-07 0
0.01532756756756757 5.385854312972141e-07 0
0.01542594594594595 5.069039353385546e-07 0
0.01552432432432433 4.752224393798949e-07 0
0.0156227027027027 4.435409434212354e-07 0
0.01572108108108108 4.118594474625758e-07 0
0.01581945945945946 3.801779515039161e-07 0
0.01591783783783784 3.484964555452566e-07 0
0.01601621621621621 3.168149595865969e-07 0
0.0161145945945946 2.851334636279373e-07 0
0.01621297297297297 2.534519676692778e-07 0
0.01631135135135135 2.217704717106181e-07 0
0.01640972972972973 1.900889757519586e-07 0
0.01650810810810811 1.58407479793299e-07 0
0.01660648648648649 1.267259838346392e-07 0
0.01670486486486486 9.504448787597925e-08 0
0.01680324324324324 6.336299191731956e-08 0
0.01690162162162162 3.168149595865974e-08 0
1 203 0 69
446
447
448
449
450
451
452
453
454
455
456
457
458
459
460
461
462
463
464
465
466
467
468
469
470
471
472
473
474
475
476
477
478
479
480
481
482
483
484
485
486
487
488
489
490
491
492
493
494
495
496
497
498
499
500
501
502
503
504
505
506
507
508
509
510
511
512
513
514
0.017 0.0001004895178491025 0
0.017 0.0002027246653695625 0
0.017 0.0003026845967611865 0
0.017 0.0004026445281528106 0
0.017 0.0005026044595444345 0
0.017 0.0006025643909360585 0
0.017 0.0007025243223276826 0
0.017 0.0008024842537193065 0
0.017 0.0009024441851109305 0
0.017 0.001002404116502554 0
0.017 0.001102364047894179 0
0.017 0.001202323979285803 0
0.017 0.001302283910677427 0
0.017 0.001402243842069051 0
0.017 0.001502203773460675 0
0.017 0.001602163704852299 0
0.017 0.001702123636243923 0
0.017 0.001802083567635547 0
0.017 0.001902043499027171 0
0.017 0.002002003430418795 0
0.017 0.002101963361810419 0
0.017 0.002201923293202044 0
0.017 0.002301883224593668 0
0.017 0.002401843155985291 0
0.017 0.002501803087376916 0
0.017 0.00260176301876854 0
0.017 0.002701722950160164 0
0.017 0.002801682881551788 0
0.017 0.002901642812943412 0
0.017 0.003001602744335036 0
0.017 0.00310156267572666 0
0.017 0.003201522607118284 0
0.017 0.003301482538509908 0
0.017 0.003401442469901532 0
0.017 0.003501402401293157 0
0.017 0.003601362332684781 0
0.017 0.003701322264076405 0
0.017 0.003801282195468029 0
0.017 0.003901242126859654 0
0.017 0.004001202058251278 0
0.017 0.004101161989642901 0
0.017 0.004201121921034526 0
0.017 0.00430108185242615 0
0.017 0.004401041783817774 0
0.017 0.004501001715209398 0
0.017 0.004600961646601022 0
0.017 0.004700921577992646 0
0.017 0.00480088150938427 0
0.017 0.004900841440775894 0
0.017 0.005000801372167519 0
0.017 0.005100761303559143 0
0.017 0.005200721234950766 0
0.017 0.005300681166342391 0
0.017 0.005400641097734015 0
0.017 0.005500601029125639 0
0.017 0.005600560960517263 0
0.017 0.005700520891908887 0
0.017 0.005800480823300511 0
0.017 0.005900440754692135 0
0.017 0.00600040068608376 0
0.017 0.006100360617475383 0
0.017 0.006200320548867008 0
0.017 0.006300280480258632 0
0.017 0.006400240411650256 0
0.017 0.006500200343041879 0
0.017 0.006600160274433504 0
0.017 0.006700120205825127 0
0.017 0.006800080137216751 0
0.017 0.006900040068608376 0
1 204 0 3
515
516
517
0.0169 0.007 0
0.0168 0.007 0
0.0167 0.007 0
1 205 0 0
1 206 0 0
1 207 0 0
1 208 0 0
1 209 0 0
1 210 0 0
1 211 0 0
1 212 0 0
1 213 0 0
1 214 0 0
1 215 0 0
1 216 0 0
1 217 0 0
1 218 0 0
1 219 0 0
1 220 0 0
1 221 0 0
1 222 0 0
1 223 0 0
1 224 0 0
1 225 0 0
1 226 0 0
1 227 0 0
1 228 0 0
1 229 0 0
1 230 0 0
1 231 0 0
1 232 0 0
1 233 0 0
1 234 0 0
1 235 0 0
1 236 0 0
1 237 0 0
1 238 0 0
1 239 0 0
1 240 0 0
1 241 0 0
1 242 0 0
1 243 0 0
1 244 0 0
1 245 0 0
1 246 0 0
1 247 0 0
1 248 0 0
1 249 0 0
1 250 0 0
1 251 0 0
1 252 0 0
1 253 0 0
1 254 0 0
1 255 0 0
1 256 0 0
1 257 0 0
1 258 0 0
1 259 0 0
1 260 0 0
1 261 0 0
1 262 0 0
1 263 0 0
1 264 0 0
1 265 0 0
1 266 0 0
1 267 0 0
1 268 0 0
1 269 0 0
1 270 0 0
1 271 0 0
1 272 0 0
1 273 0 0
1 274 0 0
1 275 0 0
1 276 0 0
1 277 0 0
1 278 0 0
1 279 0 0
1 280 0 0
1 281 0 0
1 282 0 0
1 283 0 0
1 284 0 0
1 285 0 0
1 286 0 0
1 287 0 0
1 288 0 0
1 289 0 0
1 290 0 0
1 291 0 0
1 292 0 0
1 293 0 0
1 294 0 0
1 295 0 0
1 296 0 0
1 297 0 0
1 298 0 0
1 299 0 0
1 300 0 0
1 301 0 0
1 302 0 0
1 303 0 0
1 304 0 0
1 305 0 0
1 306 0 0
1 307 0 0
1 308 0 0
1 309 0 0
1 310 0 0
1 311 0 0
1 312 0 0
1 313 0 0
1 314 0 0
1 315 0 0
1 316 0 0
1 317 0 0
1 318 0 0
1 319 0 0
1 320 0 0
1 321 0 0
1 322 0 0
1 323 0 0
1 324 0 0
1 325 0 0
1 326 0 0
1 327 0 0
1 328 0 0
1 329 0 0
1 330 0 0
1 331 0 0
1 332 0 0
1 333 0 0
1 334 0 0
1 335 0 0
1 336 0 0
1 337 0 0
1 338 0 0
1 339 0 0
1 340 0 0
1 341 0 0
1 342 0 0
1 343 0 0
1 344 0 0
1 345 0 0
1 346 0 0
1 347 0 0
1 348 0 0
1 349 0 0
1 350 0 0
1 351 0 0
1 352 0 0
1 353 0 0
1 354 0 0
1 355 0 0
1 356 0 0
1 357 0 0
1 358 0 0
1 359 0 0
1 360 0 0
1 361 0 0
1 362 0 0
1 363 0 0
1 364 0 0
1 365 0 0
1 366 0 0
1 367 0 0
1 368 0 0
1 369 0 0
1 370 0 0
1 371 0 0
1 372 0 0
1 373 0 0
1 374 0 0
1 375 0 0
1 376 0 0
1 377 0 0
1 378 0 0
1 379 0 0
1 380 0 0
1 381 0 0
1 382 0 0
1 383 0 0
1 384 0 0
1 385 0 0
1 386 0 0
1 387 0 0
1 388 0 0
1 389 0 0
1 390 0 0
1 391 0 0
1 392 0 0
1 393 0 0
1 394 0 0
1 395 0 0
1 396 0 0
1 397 0 0
1 398 0 0
1 399 0 0
1 400 0 0
1 401 0 0
1 402 0 0
1 403 0 0
1 404 0 0
1 405 0 36
518
519
520
521
522
523
524
525
526
527
528
529
530
531
532
533
534
535
536
537
538
539
540
541
542
543
544
545
546
547
548
549
550
551
552
553
0.003541621621621621 0.006998859466145489 0
0.003443243243243242 0.006998891147641448 0
0.003344864864864864 0.006998922829137407 0
0.003246486486486485 0.006998954510633365 0
0.003148108108108107 0.006998986192129323 0
0.003049729729729729 0.006999017873625282 0
0.002951351351351351 0.006999049555121241 0
0.002852972972972973 0.0069990812366172 0
0.002754594594594594 0.006999112918113158 0
0.002656216216216216 0.006999144599609116 0
0.002557837837837838 0.006999176281105075 0
0.00245945945945946 0.006999207962601034 0
0.002361081081081081 0.006999239644096993 0
0.002262702702702703 0.006999271325592952 0
0.002164324324324325 0.00699930300708891 0
0.002065945945945947 0.006999334688584868 0
0.001967567567567568 0.006999366370080827 0
0.00186918918918919 0.006999398051576786 0
0.001770810810810811 0.006999429733072745 0
0.001672432432432433 0.006999461414568703 0
0.001574054054054054 0.006999493096064662 0
0.001475675675675676 0.00699952477756062 0
0.001377297297297298 0.006999556459056579 0
0.00127891891891892 0.006999588140552538 0
0.001180540540540542 0.006999619822048496 0
0.001082162162162164 0.006999651503544455 0
0.0009837837837837851 0.006999683185040414 0
0.0008854054054054072 0.006999714866536372 0
0.0007870270270270291 0.006999746548032331 0
0.0006886486486486507 0.00699977822952829 0
0.0005902702702702727 0.006999809911024248 0
0.0004918918918918946 0.006999841592520207 0
0.0003935135135135157 0.006999873274016166 0
0.0002951351351351364 0.006999904955512124 0
0.0001967567567567575 0.006999936637008083 0
9.83783783783795e-05 0.006999968318504041 0
1 406 0 69
554
555
556
557
558
559
560
561
562
563
564
565
566
567
568
569
570
571
572
573
574
575
576
577
578
579
580
581
582
583
584
585
586
587
588
589
590
591
592
593
594
595
596
597
598
599
600
601
602
603
604
605
606
607
608
609
610
611
612
613
614
615
616
617
618
619
620
621
622
0 0.006899510482150898 0
0 0.006797275334630438 0
0 0.006697315403238814 0
0 0.00659735547184719 0
0 0.006497395540455565 0
0 0.006397435609063942 0
0 0.006297475677672318 0
0 0.006197515746280693 0
0 0.00609755581488907 0
0 0.005997595883497446 0
0 0.005897635952105821 0
0 0.005797676020714198 0
0 0.005697716089322574 0
0 0.005597756157930949 0
0 0.005497796226539325 0
0 0.005397836295147701 0
0 0.005297876363756077 0
0 0.005197916432364454 0
0 0.005097956500972829 0
0 0.004997996569581204 0
0 0.004898036638189581 0
0 0.004798076706797957 0
0 0.004698116775406332 0
0 0.004598156844014709 0
0 0.004498196912623084 0
0 0.00439823698123146 0
0 0.004298277049839837 0
0 0.004198317118448212 0
0 0.004098357187056588 0
0 0.003998397255664964 0
0 0.00389843732427334 0
0 0.003798477392881716 0
0 0.003698517461490092 0
0 0.003598557530098468 0
0 0.003498597598706844 0
0 0.003398637667315219 0
0 0.003298677735923595 0
0 0.003198717804531971 0
0 0.003098757873140347 0
0 0.002998797941748723 0
0 0.002898838010357099 0
0 0.002798878078965474 0
0 0.002698918147573851 0
0 0.002598958216182226 0
0 0.002498998284790602 0
0 0.002399038353398978 0
0 0.002299078422007354 0
0 0.00219911849061573 0
0 0.002099158559224106 0
0 0.001999198627832481 0
0 0.001899238696440857 0
0 0.001799278765049234 0
0 0.001699318833657609 0
0 0.001599358902265985 0
0 0.001499398970874361 0
0 0.001399439039482737 0
0 0.001299479108091113 0
0 0.001199519176699489 0
0 0.001099559245307865 0
0 0.0009995993139162405 0
0 0.0008996393825246168 0
0 0.0007996794511329923 0
0 0.0006997195197413686 0
0 0.000599759588349744 0
0 0.0004997996569581211 0
0 0.0003998397255664966 0
0 0.0002998797941748729 0
0 0.0001999198627832491 0
0 9.995993139162371e-05 0
2 1 0 3706
623
624
625
626
627
628
629
630
631
632
633
634
635
636
637
638
639
640
641
642
643
644
645
646
647
648
649
650
651
652
653
654
655
656
657
658
659
660
661
662
663
664
665
666
667
668
669
670
671
672
673
674
675
676
677
678
679
680
681
682
683
684
685
686
687
688
689
690
691
692
693
694
695
696
697
698
699
700
701
702
703
704
705
706
707
708
709
710
711
712
713
714
715
716
717
718
719
720
721
722
723
724
725
726
727
728
729
730
731
732
733
734
735
736
737
738
739
740
741
742
743
744
745
746
747
748
749
750
751
752
753
754
755
756
757
758
759
760
761
762
763
764
765
766
767
768
769
770
771
772
773
774
775
776
777
778
779
780
781
782
783
784
785
786
787
788
789
790
791
792
793
794
795
796
797
798
799
800
801
802
803
804
805
806
807
808
809
810
811
812
813
814
815
816
817
818
819
820
821
822
823
824
825
826
827
828
829
830
831
832
833
834
835
836
837
838
839
840
841
842
843
844
845
846
847
848
849
850
851
852
853
854
855
856
857
858
859
860
861
862
863
864
865
866
867
868
869
870
871
872
873
874
875
876
877
878
879
880
881
882
883
884
885
886
887
888
889
890
891
892
893
894
895
896
897
898
899
900
901
902
903
904
905
906
907
908
909
910
911
912
913
914
915
916
917
918
919
920
921
922
923
924
925
926
927
928
929
930
931
932
933
934
935
936
937
938
939
940
941
942
943
944
945
946
947
948
949
950
951
952
953
954
955
956
957
958
959
960
961
962
963
964
965
966
967
968
969
970
971
972
973
974
975
976
977
978
979
980
981
982
983
984
985
986
987
988
989
990
991
992
993
994
995
996
997
998
999
1000
1001
1002
1003
1004
1005
1006
1007
1008
1009
1010
1011
1012
1013
1014
1015
1016
1017
1018
1019
1020
1021
1022
1023
1024
1025
1026
1027
1028
1029
1030
1031
1032
1033
1034
1035
1036
1037
1038
1039
1040
1041
1042
1043
1044
1045
1046
1047
1048
1049
1050
1051
1052
1053
1054
1055
1056
1057
1058
1059
1060
1061
1062
1063
1064
1065
1066
1067
1068
1069
1070
1071
1072
1073
1074
1075
1076
1077
1078
1079
1080
1081
1082
1083
1084
1085
1086
1087
1088
1089
1090
1091
1092
1093
1094
1095
1096
1097
1098
1099
1100
1101
1102
1103
1104
1105
1106
1107
1108
1109
1110
1111
1112
1113
1114
1115
1116
1117
1118
1119
1120
1121
1122
1123
1124
1125
1126
1127
1128
1129
1130
1131
1132
1133
1134
1135
1136
1137
1138
1139
1140
1141
1142
1143
1144
1145
1146
1147
1148
1149
1150
1151
1152
1153
1154
1155
1156
1157
1158
1159
1160
1161
1162
1163
1164
1165
1166
1167
1168
1169
1170
1171
1172
1173
1174
1175
1176
1177
1178
1179
1180
1181
1182
1183
1184
1185
1186
1187
1188
1189
1190
1191
1192
1193
1194
1195
1196
1197
1198
1199
1200
1201
1202
1203
1204
1205
1206
1207
1208
1209
1210
1211
1212
1213
1214
1215
1216
1217
1218
1219
1220
1221
1222
1223
1224
1225
1226
1227
1228
1229
1230
1231
1232
1233
1234
1235
1236
1237
1238
1239
1240
1241
1242
1243
1244
1245
1246
1247
1248
1249
1250
1251
1252
1253
1254
1255
1256
1257
1258
1259
1260
1261
1262
1263
1264
1265
1266
1267
1268
1269
1270
1271
1272
1273
1274
1275
1276
1277
1278
1279
1280
1281
1282
1283
1284
1285
1286
1287
1288
1289
1290
1291
1292
1293
1294
1295
1296
1297
1298
1299
1300
1301
1302
1303
1304
1305
1306
1307
1308
1309
1310
1311
1312
1313
1314
1315
1316
1317
1318
1319
1320
1321
1322
1323
1324
1325
1326
1327
1328
1329
1330
1331
1332
1333
1334
1335
1336
1337
1338
1339
1340
1341
1342
1343
1344
1345
1346
1347
1348
1349
1350
1351
1352
1353
1354
1355
1356
1357
1358
1359
1360
1361
1362
1363
1364
1365
1366
1367
1368
1369
1370
1371
1372
1373
1374
1375
1376
1377
1378
1379
1380
1381
1382
1383
1384
1385
1386
1387
1388
1389
1390
1391
1392
1393
1394
1395
1396
1397
1398
1399
1400
1401
1402
1403
1404
1405
1406
1407
1408
1409
1410
1411
1412
1413
1414
1415
1416
1417
1418
1419
1420
1421
1422
1423
1424
1425
1426
1427
1428
1429
1430
1431
1432
1433
1434
1435
1436
1437
1438
1439
1440
1441
1442
1443
1444
1445
1446
1447
1448
1449
1450
1451
1452
1453
1454
1455
1456
1457
1458
1459
1460
1461
1462
1463
1464
1465
1466
1467
1468
1469
1470
1471
1472
1473
1474
1475
1476
1477
1478
1479
1480
1481
1482
1483
1484
1485
1486
1487
1488
1489
1490
1491
1492
1493
1494
1495
1496
1497
1498
1499
1500
1501
1502
1503
1504
1505
1506
1507
1508
1509
1510
1511
1512
1513
1514
1515
1516
1517
1518
1519
1520
1521
1522
1523
1524
1525
1526
1527
1528
1529
1530
1531
1532
1533
1534
1535
1536
1537
1538
1539
1540
1541
1542
1543
1544
1545
1546
1547
1548
1549
1550
1551
1552
1553
1554
1555
1556
1557
1558
1559
1560
1561
1562
1563
1564
1565
1566
1567
1568
1569
1570
1571
1572
1573
1574
1575
1576
1577
1578
1579
1580
1581
1582
1583
1584
1585
1586
1587
1588
1589
1590
1591
1592
1593
1594
1595
1596
1597
1598
1599
1600
1601
1602
1603
1604
1605
1606
1607
1608
1609
1610
1611
1612
1613
1614
1615
1616
1617
1618
1619
1620
1621
1622
1623
1624
1625
1626
1627
1628
1629
1630
1631
1632
1633
1634
1635
1636
1637
1638
1639
1640
1641
1642
1643
1644
1645
1646
1647
1648
1649
1650
1651
1652
1653
1654
1655
1656
1657
1658
1659
1660
1661
1662
1663
1664
1665
1666
1667
1668
1669
1670
1671
1672
1673
1674
1675
1676
1677
1678
1679
1680
1681
1682
1683
1684
1685
1686
1687
1688
1689
1690
1691
1692
1693
1694
1695
1696
1697
1698
1699
1700
1701
1702
1703
1704
1705
1706
1707
1708
1709
1710
1711
1712
1713
1714
1715
1716
1717
1718
1719
1720
1721
1722
1723
1724
1725
1726
1727
1728
1729
1730
1731
1732
1733
1734
1735
1736
1737
1738
1739
1740
1741
1742
1743
1744
1745
1746
1747
1748
1749
1750
1751
1752
1753
1754
1755
1756
1757
1758
1759
1760
1761
1762
1763
1764
1765
1766
1767
1768
1769
1770
1771
1772
1773
1774
1775
1776
1777
1778
1779
1780
1781
1782
1783
1784
1785
1786
1787
1788
1789
1790
1791
1792
1793
1794
1795
1796
1797
1798
1799
1800
1801
1802
1803
1804
1805
1806
1807
1808
1809
1810
1811
1812
1813
1814
1815
1816
1817
1818
1819
1820
1821
1822
1823
1824
1825
1826
1827
1828
1829
1830
1831
1832
1833
1834
1835
1836
1837
1838
1839
1840
1841
1842
1843
1844
1845
1846
1847
1848
1849
1850
1851
1852
1853
1854
1855
1856
1857
1858
1859
1860
1861
1862
1863
1864
1865
1866
1867
1868
1869
1870
1871
1872
1873
1874
1875
1876
1877
1878
1879
1880
1881
1882
1883
1884
1885
1886
1887
1888
1889
1890
1891
1892
1893
1894
1895
1896
1897
1898
1899
1900
1901
1902
1903
1904
1905
1906
1907
1908
1909
1910
1911
1912
1913
1914
1915
1916
1917
1918
1919
1920
1921
1922
1923
1924
1925
1926
1927
1928
1929
1930
1931
1932
1933
1934
1935
1936
1937
1938
1939
1940
1941
1942
1943
1944
1945
1946
1947
1948
1949
1950
1951
1952
1953
1954
1955
1956
1957
1958
1959
1960
1961
1962
1963
1964
1965
1966
1967
1968
1969
1970
1971
1972
1973
1974
1975
1976
1977
1978
1979
1980
1981
1982
1983
1984
1985
1986
1987
1988
1989
1990
1991
1992
1993
1994
1995
1996
1997
1998
1999
2000
2001
2002
2003
2004
2005
2006
2007
2008
2009
2010
2011
2012
2013
2014
2015
2016
2017
2018
2019
2020
2021
2022
2023
2024
2025
2026
2027
2028
2029
2030
2031
2032
2033
2034
2035
2036
2037
2038
2039
2040
2041
2042
2043
2044
2045
2046
2047
2048
2049
2050
2051
2052
2053
2054
2055
2056
2057
2058
2059
2060
2061
2062
2063
2064
2065
2066
2067
2068
2069
2070
2071
2072
2073
2074
2075
2076
2077
2078
2079
2080
2081
2082
2083
2084
2085
2086
2087
2088
2089
2090
2091
2092
2093
2094
2095
2096
2097
2098
2099
2100
2101
2102
2103
2104
2105
2106
2107
2108
2109
2110
2111
2112
2113
2114
2115
2116
2117
2118
2119
2120
2121
2122
2123
2124
2125
2126
2127
2128
2129
2130
2131
2132
2133
2134
2135
2136
2137
2138
2139
2140
2141
2142
2143
2144
2145
2146
2147
2148
2149
2150
2151
2152
2153
2154
2155
2156
2157
2158
2159
2160
2161
2162
2163
2164
2165
2166
2167
2168
2169
2170
2171
2172
2173
2174
2175
2176
2177
2178
2179
2180
2181
2182
2183
2184
2185
2186
2187
2188
2189
2190
2191
2192
2193
2194
2195
2196
2197
2198
2199
2200
2201
2202
2203
2204
2205
2206
2207
2208
2209
2210
2211
2212
2213
2214
2215
2216
2217
2218
2219
2220
2221
2222
2223
2224
2225
2226
2227
2228
2229
2230
2231
2232
2233
2234
2235
2236
2237
2238
2239
2240
2241
2242
2243
2244
2245
2246
2247
2248
2249
2250
2251
2252
2253
2254
2255
2256
2257
2258
2259
2260
2261
2262
2263
2264
2265
2266
2267
2268
2269
2270
2271
2272
2273
2274
2275
2276
2277
2278
2279
2280
2281
2282
2283
2284
2285
2286
2287
2288
2289
2290
2291
2292
2293
2294
2295
2296
2297
2298
2299
2300
2301
2302
2303
2304
2305
2306
2307
2308
2309
2310
2311
2312
2313
2314
2315
2316
2317
2318
2319
2320
2321
2322
2323
2324
2325
2326
2327
2328
2329
2330
2331
2332
2333
2334
2335
2336
2337
2338
2339
2340
2341
2342
2343
2344
2345
2346
2347
2348
2349
2350
2351
2352
2353
2354
2355
2356
2357
2358
2359
2360
2361
2362
2363
2364
2365
2366
2367
2368
2369
2370
2371
2372
2373
2374
2375
2376
2377
2378
2379
2380
2381
2382
2383
2384
2385
2386
2387
2388
2389
2390
2391
2392
2393
2394
2395
2396
2397
2398
2399
2400
2401
2402
2403
2404
2405
2406
2407
2408
2409
2410
2411
2412
2413
2414
2415
2416
2417
2418
2419
2420
2421
2422
2423
2424
2425
2426
2427
2428
2429
2430
2431
2432
2433
2434
2435
2436
2437
2438
2439
2440
2441
2442
2443
2444
2445
2446
2447
2448
2449
2450
2451
2452
2453
2454
2455
2456
2457
2458
2459
2460
2461
2462
2463
2464
2465
2466
2467
2468
2469
2470
2471
2472
2473
2474
2475
2476
2477
2478
2479
2480
2481
2482
2483
2484
2485
2486
2487
2488
2489
2490
2491
2492
2493
2494
2495
2496
2497
2498
2499
2500
2501
2502
2503
2504
2505
2506
2507
2508
2509
2510
2511
2512
2513
2514
2515
2516
2517
2518
2519
2520
2521
2522
2523
2524
2525
2526
2527
2528
2529
2530
2531
2532
2533
2534
2535
2536
2537
2538
2539
2540
2541
2542
2543
2544
2545
2546
2547
2548
2549
2550
2551
2552
2553
2554
2555
2556
2557
2558
2559
2560
2561
2562
2563
2564
2565
2566
2567
2568
2569
2570
2571
2572
2573
2574
2575
2576
2577
2578
2579
2580
2581
2582
2583
2584
2585
2586
2587
2588
2589
2590
2591
2592
2593
2594
2595
2596
2597
2598
2599
2600
2601
2602
2603
2604
2605
2606
2607
2608
2609
2610
2611
2612
2613
2614
2615
2616
2617
2618
2619
2620
2621
2622
2623
2624
2625
2626
2627
2628
2629
2630
2631
2632
2633
2634
2635
2636
2637
2638
2639
2640
2641
2642
2643
2644
2645
2646
2647
2648
2649
2650
2651
2652
2653
2654
2655
2656
2657
2658
2659
2660
2661
2662
2663
2664
2665
2666
2667
2668
2669
2670
2671
2672
2673
2674
2675
2676
2677
2678
2679
2680
2681
2682
2683
2684
2685
2686
2687
2688
2689
2690
2691
2692
2693
2694
2695
2696
2697
2698
2699
2700
2701
2702
2703
2704
2705
2706
2707
2708
2709
2710
2711
2712
2713
2714
2715
2716
2717
2718
2719
2720
2721
2722
2723
2724
2725
2726
2727
2728
2729
2730
2731
2732
2733
2734
2735
2736
2737
2738
2739
2740
2741
2742
2743
2744
2745
2746
2747
2748
2749
2750
2751
2752
2753
2754
2755
2756
2757
2758
2759
2760
2761
2762
2763
2764
2765
2766
2767
2768
2769
2770
2771
2772
2773
2774
2775
2776
2777
2778
2779
2780
2781
2782
2783
2784
2785
2786
2787
2788
2789
2790
2791
2792
2793
2794
2795
2796
2797
2798
2799
2800
2801
2802
2803
2804
2805
2806
2807
2808
2809
2810
2811
2812
2813
2814
2815
2816
2817
2818
2819
2820
2821
2822
2823
2824
2825
2826
2827
2828
2829
2830
2831
2832
2833
2834
2835
2836
2837
2838
2839
2840
2841
2842
2843
2844
2845
2846
2847
2848
2849
2850
2851
2852
2853
2854
2855
2856
2857
2858
2859
2860
2861
2862
2863
2864
2865
2866
2867
2868
2869
2870
2871
2872
2873
2874
2875
2876
2877
2878
2879
2880
2881
2882
2883
2884
2885
2886
2887
2888
2889
2890
2891
2892
2893
2894
2895
2896
2897
2898
2899
2900
2901
2902
2903
2904
2905
2906
2907
2908
2909
2910
2911
2912
2913
2914
2915
2916
2917
2918
2919
2920
2921
2922
2923
2924
2925
2926
2927
2928
2929
2930
2931
2932
2933
2934
2935
2936
2937
2938
2939
2940
2941
2942
2943
2944
2945
2946
2947
2948
2949
2950
2951
2952
2953
2954
2955
2956
2957
2958
2959
2960
2961
2962
2963
2964
2965
2966
2967
2968
2969
2970
2971
2972
2973
2974
2975
2976
2977
2978
2979
2980
2981
2982
2983
2984
2985
2986
2987
2988
2989
2990
2991
2992
2993
2994
2995
2996
2997
2998
2999
3000
3001
3002
3003
3004
3005
3006
3007
3008
3009
3010
3011
3012
3013
3014
3015
3016
3017
3018
3019
3020
3021
3022
3023
3024
3025
3026
3027
3028
3029
3030
3031
3032
3033
3034
3035
3036
3037
3038
3039
3040
3041
3042
3043
3044
3045
3046
3047
3048
3049
3050
3051
3052
3053
3054
3055
3056
3057
3058
3059
3060
3061
3062
3063
3064
3065
3066
3067
3068
3069
3070
3071
3072
3073
3074
3075
3076
3077
3078
3079
3080
3081
3082
3083
3084
3085
3086
3087
3088
3089
3090
3091
3092
3093
3094
3095
3096
3097
3098
3099
3100
3101
3102
3103
3104
3105
3106
3107
3108
3109
3110
3111
3112
3113
3114
3115
3116
3117
3118
3119
3120
3121
3122
3123
3124
3125
3126
3127
3128
3129
3130
3131
3132
3133
3134
3135
3136
3137
3138
3139
3140
3141
3142
3143
3144
3145
3146
3147
3148
3149
3150
3151
3152
3153
3154
3155
3156
3157
3158
3159
3160
3161
3162
3163
3164
3165
3166
3167
3168
3169
3170
3171
3172
3173
3174
3175
3176
3177
3178
3179
3180
3181
3182
3183
3184
3185
3186
3187
3188
3189
3190
3191
3192
3193
3194
3195
3196
3197
3198
3199
3200
3201
3202
3203
3204
3205
3206
3207
3208
3209
3210
3211
3212
3213
3214
3215
3216
3217
3218
3219
3220
3221
3222
3223
3224
3225
3226
3227
3228
3229
3230
3231
3232
3233
3234
3235
3236
3237
3238
3239
3240
3241
3242
3243
3244
3245
3246
3247
3248
3249
3250
3251
3252
3253
3254
3255
3256
3257
3258
3259
3260
3261
3262
3263
3264
3265
3266
3267
3268
3269
3270
3271
3272
3273
3274
3275
3276
3277
3278
3279
3280
3281
3282
3283
3284
3285
3286
3287
3288
3289
3290
3291
3292
3293
3294
3295
3296
3297
3298
3299
3300
3301
3302
3303
3304
3305
3306
3307
3308
3309
3310
3311
3312
3313
3314
3315
3316
3317
3318
3319
3320
3321
3322
3323
3324
3325
3326
3327
3328
3329
3330
3331
3332
3333
3334
3335
3336
3337
3338
3339
3340
3341
3342
3343
3344
3345
3346
3347
3348
3349
3350
3351
3352
3353
3354
3355
3356
3357
3358
3359
3360
3361
3362
3363
3364
3365
3366
3367
3368
3369
3370
3371
3372
3373
3374
3375
3376
3377
3378
3379
3380
3381
3382
3383
3384
3385
3386
3387
3388
3389
3390
3391
3392
3393
3394
3395
3396
3397
3398
3399
3400
3401
3402
3403
3404
3405
3406
3407
3408
3409
3410
3411
3412
3413
3414
3415
3416
3417
3418
3419
3420
3421
3422
3423
3424
3425
3426
3427
3428
3429
3430
3431
3432
3433
3434
3435
3436
3437
3438
3439
3440
3441
3442
3443
3444
3445
3446
3447
3448
3449
3450
3451
3452
3453
3454
3455
3456
3457
3458
3459
3460
3461
3462
3463
3464
3465
3466
3467
3468
3469
3470
3471
3472
3473
3474
3475
3476
3477
3478
3479
3480
3481
3482
3483
3484
3485
3486
3487
3488
3489
3490
3491
3492
3493
3494
3495
3496
3497
3498
3499
3500
3501
3502
3503
3504
3505
3506
3507
3508
3509
3510
3511
3512
3513
3514
3515
3516
3517
3518
3519
3520
3521
3522
3523
3524
3525
3526
3527
3528
3529
3530
3531
3532
3533
3534
3535
3536
3537
3538
3539
3540
3541
3542
3543
3544
3545
3546
3547
3548
3549
3550
3551
3552
3553
3554
3555
3556
3557
3558
3559
3560
3561
3562
3563
3564
3565
3566
3567
3568
3569
3570
3571
3572
3573
3574
3575
3576
3577
3578
3579
3580
3581
3582
3583
3584
3585
3586
3587
3588
3589
3590
3591
3592
3593
3594
3595
3596
3597
3598
3599
3600
3601
3602
3603
3604
3605
3606
3607
3608
3609
3610
3611
3612
3613
3614
3615
3616
3617
3618
3619
3620
3621
3622
3623
3624
3625
3626
3627
3628
3629
3630
3631
3632
3633
3634
3635
3636
3637
3638
3639
3640
3641
3642
3643
3644
3645
3646
3647
3648
3649
3650
3651
3652
3653
3654
3655
3656
3657
3658
3659
3660
3661
3662
3663
3664
3665
3666
3667
3668
3669
3670
3671
3672
3673
3674
3675
3676
3677
3678
3679
3680
3681
3682
3683
3684
3685
3686
3687
3688
3689
3690
3691
3692
3693
3694
3695
3696
3697
3698
3699
3700
3701
3702
3703
3704
3705
3706
3707
3708
3709
3710
3711
3712
3713
3714
3715
3716
3717
3718
3719
3720
3721
3722
3723
3724
3725
3726
3727
3728
3729
3730
3731
3732
3733
3734
3735
3736
3737
3738
3739
3740
3741
3742
3743
3744
3745
3746
3747
3748
3749
3750
3751
3752
3753
3754
3755
3756
3757
3758
3759
3760
3761
3762
3763
3764
3765
3766
3767
3768
3769
3770
3771
3772
3773
3774
3775
3776
3777
3778
3779
3780
3781
3782
3783
3784
3785
3786
3787
3788
3789
3790
3791
3792
3793
3794
3795
3796
3797
3798
3799
3800
3801
3802
3803
3804
3805
3806
3807
3808
3809
3810
3811
3812
3813
3814
3815
3816
3817
3818
3819
3820
3821
3822
3823
3824
3825
3826
3827
3828
3829
3830
3831
3832
3833
3834
3835
3836
3837
3838
3839
3840
3841
3842
3843
3844
3845
3846
3847
3848
3849
3850
3851
3852
3853
3854
3855
3856
3857
3858
3859
3860
3861
3862
3863
3864
3865
3866
3867
3868
3869
3870
3871
3872
3873
3874
3875
3876
3877
3878
3879
3880
3881
3882
3883
3884
3885
3886
3887
3888
3889
3890
3891
3892
3893
3894
3895
3896
3897
3898
3899
3900
3901
3902
3903
3904
3905
3906
3907
3908
3909
3910
3911
3912
3913
3914
3915
3916
3917
3918
3919
3920
3921
3922
3923
3924
3925
3926
3927
3928
3929
3930
3931
3932
3933
3934
3935
3936
3937
3938
3939
3940
3941
3942
3943
3944
3945
3946
3947
3948
3949
3950
3951
3952
3953
3954
3955
3956
3957
3958
3959
3960
3961
3962
3963
3964
3965
3966
3967
3968
3969
3970
3971
3972
3973
3974
3975
3976
3977
3978
3979
3980
3981
3982
3983
3984
3985
3986
3987
3988
3989
3990
3991
3992
3993
3994
3995
3996
3997
3998
3999
4000
4001
4002
4003
4004
4005
4006
4007
4008
4009
4010
4011
4012
4013
4014
4015
4016
4017
4018
4019
4020
4021
4022
4023
4024
4025
4026
4027
4028
4029
4030
4031
4032
4033
4034
4035
4036
4037
4038
4039
4040
4041
4042
4043
4044
4045
4046
4047
4048
4049
4050
4051
4052
4053
4054
4055
4056
4057
4058
4059
4060
4061
4062
4063
4064
4065
4066
4067
4068
4069
4070
4071
4072
4073
4074
4075
4076
4077
4078
4079
4080
4081
4082
4083
4084
4085
4086
4087
4088
4089
4090
4091
4092
4093
4094
4095
4096
4097
4098
4099
4100
4101
4102
4103
4104
4105
4106
4107
4108
4109
4110
4111
4112
4113
4114
4115
4116
4117
4118
4119
4120
4121
4122
4123
4124
4125
4126
4127
4128
4129
4130
4131
4132
4133
4134
4135
4136
4137
4138
4139
4140
4141
4142
4143
4144
4145
4146
4147
4148
4149
4150
4151
4152
4153
4154
4155
4156
4157
4158
4159
4160
4161
4162
4163
4164
4165
4166
4167
4168
4169
4170
4171
4172
4173
4174
4175
4176
4177
4178
4179
4180
4181
4182
4183
4184
4185
4186
4187
4188
4189
4190
4191
4192
4193
4194
4195
4196
4197
4198
4199
4200
4201
4202
4203
4204
4205
4206
4207
4208
4209
4210
4211
4212
4213
4214
4215
4216
4217
4218
4219
4220
4221
4222
4223
4224
4225
4226
4227
4228
4229
4230
4231
4232
4233
4234
4235
4236
4237
4238
4239
4240
4241
4242
4243
4244
4245
4246
4247
4248
4249
4250
4251
4252
4253
4254
4255
4256
4257
4258
4259
4260
4261
4262
4263
4264
4265
4266
4267
4268
4269
4270
4271
4272
4273
4274
4275
4276
4277
4278
4279
4280
4281
4282
4283
4284
4285
4286
4287
4288
4289
4290
4291
4292
4293
4294
4295
4296
4297
4298
4299
4300
4301
4302
4303
4304
4305
4306
4307
4308
4309
4310
4311
4312
4313
4314
4315
4316
4317
4318
4319
4320
4321
4322
4323
4324
4325
4326
4327
4328
0.01338931621844734 0.005748511527603211 0
0.00360834976795885 0.001266489934452814 0
0.006843951430058639 0.005733105470938676 0
0.01014424568061578 0.001269677703649402 0
0.007253652894677515 0.005774982860956917 0
0.00974484297377696 0.001226582840045422 0
0.01300340414102715 0.00575661472344486 0
0.004005905983104219 0.001244817360819412 0
0.01055141509290775 0.001209423982363528 0
0.006447408677516686 0.005782681831271793 0
0.008824221018606453 0.006494653597901882 0
0.008184618631587514 0.0005004508340736057 0
0.01232236095336623 0.0003789039629596897 0
0.004680442478620114 0.00661925986119594 0
0.005514903823393177 0.0005631019361329514 0
0.01149146419921987 0.006433411249187759 0
0.01379445718401233 0.005796983736668308 0
0.003201357425956107 0.001203786104765913 0
0.005262099505369985 0.006268974485611745 0
0.01174852781588511 0.000713026198802957 0
0.007645283403665566 0.005894672705868404 0
0.00829779090287289 0.006208677346831037 0
0.008687528681359764 0.0008060525979648706 0
0.01259414950429208 0.005878281082652841 0
0.004405075283235366 0.001120406427847126 0
0.009344065994531709 0.001099999299119792 0
0.00501097751044138 0.0008660471608454619 0
0.01199192941501035 0.006137930382494241 0
0.006049881878634653 0.005884492076467612 0
0.01094451303731298 0.001094911283394757 0
0.00735376640648893 0.0001607577451998702 0
0.009644139186731548 0.00683743120323058 0
0.0140038425425773 0.0001082180143757122 0
0.002998682208932664 0.006904329179585529 0
8.160300172710758e-05 0.004048377221360765 0
0.01692017421128852 0.002965992472105781 0
0.01420545637923235 0.005930975738259622 0
0.002806869225755565 0.001074923669822308 0
0.01090915215409011 0.006710729469237895 0
0.006086425400637739 0.0003068136388070875 0
0.005643660915137258 0.006068110128241943 0
0.01136140012979452 0.0009283893308806748 0
0.01469745266415935 9.744100515970489e-05 0
0.002310851893460066 0.006918601949003824 0
0.01690913610565873 0.003652819606624808 0
7.314050896416006e-05 0.003357063660644196 0
0.01321145174183477 8.032077234896868e-05 0
0.003795985282011605 0.006935729924536029 0
8.351906202198368e-05 0.004744834229184676 0
0.0169126830169323 0.002258712575864511 0
0.01459533693953624 0.006090903842050861 0
0.002415952487897449 0.0008847141031531692 0
0.01692486780756685 0.004262745939910059 0
8.405609558152609e-05 0.002751535329893339 0
0.001723852597343503 0.006917246941708393 0
0.01528217257194793 9.638746526780071e-05 0
0.006656243611134521 0.0001375577027660797 0
0.01035420599058149 0.006857708141706688 0
0.01498674025340463 0.006323730081008016 0
0.002025350215641322 0.000683212505204922 0
8.905145243843712e-05 0.005341502235305902 0
0.01689269627996784 0.001653134225250928 0
0.007981060711940149 0.006039018290175493 0
0.009023698581372438 0.000955232777996961 0
0.0169183324704151 0.004845322817617639 0
9.87770542867708e-05 0.002148342720688434 0
0.009204940830658908 0.006666559715554953 0
0.007796005534600989 0.0003208223560861212 0
0.01537077692596817 0.006555975586803285 0
0.001640930885596343 0.0004414426538017257 0
0.004228239445051769 0.006811343671418116 0
0.01276287666784779 0.0001947028569386417 0
0.01692278142405072 0.005340257555362339 0
8.409737381928628e-05 0.001649338867961794 0
0.01577782053711261 8.500165566347829e-05 0
0.001229702385481967 0.006914693762526193 0
0.01574370318454796 0.006731409034665599 0
0.001239688628624873 0.0002728222206514236 0
8.761717907254836e-05 0.005850584515951424 0
0.01691979351215231 0.001152344013590004 0
0.01232399793901454 0.005975943644419312 0
0.004671581061363292 0.001016400345682255 0
9.785286002090415e-05 0.001254307676169913 0
0.01690560534174291 0.005762849739841888 0
0.01361205916803339 7.827023782810104e-05 0
0.003394026617073724 0.006913708813530634 0
0.01605969848317882 0.006867902549556722 0
0.0009353711773690057 0.0001318573777657553 0
0.005250180365082287 0.0007084534462233633 0
0.0117416086623835 0.00628276570928845 0
0.005005204782827838 0.006449346884809114 0
0.01199643207748374 0.000568181892876031 0
0.009957989331706305 0.006875713723316605 0
0.007040843201313741 0.0001305002463230717 0
0.01617089179244372 8.565559275557858e-05 0
0.0008358396512965268 0.006916849271242354 0
0.008443306501103811 0.0006584580340653645 0
0.008555705912984681 0.006360119901966469 0
0.005769731413756817 0.0004309416989877893 0
0.01122779010376671 0.006567119009451746 0
0.01690579470227427 0.006140475287470306 0
8.656783994569553e-05 0.0008496594168288032 0
0.0006164475738765426 7.766020656083897e-05 0
0.01638071183978798 0.006936468000965474 0
0.0169154067397082 0.0007572175116182839 0
8.030511749746068e-05 0.0062474957119765 0
0.01065481555483202 0.006805553929267081 0
0.00634940160647601 0.0002051000690298788 0
0.01035143839931946 0.001242254321861179 0
0.006647249435839853 0.005749813945262305 0
0.003404579769362946 0.001260514030061433 0
0.01359433007275729 0.005760695159164679 0
0.003807126952059374 0.001261173229367773 0
0.0131976290000034 0.005749497250456343 0
0.007048432347860041 0.005741513183724766 0
0.009942662189076886 0.001264107390991978 0
0.01074827069715118 0.001170120178835412 0
0.006245107114235772 0.005833715518528801 0
0.004211149105586899 0.00118789822304992 0
0.01279362757293165 0.005790357218847781 0
0.003008174885755425 0.001139675361141429 0
0.01399411486534366 0.00585242610249374 0
0.007448347978762804 0.005830017755732712 0
0.00955239880414808 0.001162981547019551 0
0.01691343216005431 0.003351462504205722 0
8.429726235010745e-05 0.003652470253197296 0
8.353915245122752e-05 0.004348257015535632 0
0.01691822922880667 0.002651035751899298 0
0.01691343216005431 0.003951222092555468 0
0.01692156000547977 0.001968061361496696 0
8.110587237687532e-05 0.003049102117307194 0
9.162039897055163e-05 0.002446619076550781 0
0.0169150804796019 0.004548492879733859 0
8.533213915739614e-05 0.005040390408863394 0
0.002019336832922543 0.006917757797157471 0
0.01430142798844049 9.679922221831521e-05 0
0.01499429954233912 8.444410143226529e-05 0
0.002606521875778034 0.006918727727035993 0
0.005842768526100923 0.005964629174014246 0
0.01114730882837334 0.001011516368507519 0
0.00261337190391049 0.0009823076028956427 0
0.01439406889433893 0.006009023946408862 0
0.01646026391279291 8.800652650394272e-05 0
0.0005405342334999959 0.006917875914060294 0
0.00545112868959014 0.006176831604911811 0
0.01154440156931634 0.0008179850565662337 0
0.01477682296562667 0.006213660780208114 0
0.002203348294925843 0.0007806190020890201 0
0.01691647577415927 0.006453862149973228 0
8.810101746858923e-05 0.0005468693806677674 0
0.001826003985589016 0.0005580554508230694 0
0.01516575626895393 0.006439379672554327 0
0.007986414186802107 0.0004127408909465387 0
0.009012869031486627 0.006591186580955135 0
0.01252351975105523 0.0002914871660978039 0
0.004489335223673091 0.006713830445508735 0
0.001457146334097714 0.0003487809231152461 0
0.0155585650738768 0.006652030495470354 0
0.007605125974921042 0.0002527364954736386 0
0.009395234729712196 0.006765841499687661 0
0.004037770312341707 0.006864569091352054 0
0.01295342262778568 0.0001209270715669519 0
0.01691343216005431 0.0004526244938486261 0
8.758063186043927e-05 0.00654563061910454 0
0.006849527309100295 0.00011749343307367 0
0.01015186483814743 0.006875694154467491 0
0.0004246573701533508 6.803475283057589e-05 0
0.01657961180182482 0.006943735371693498 0
0.01341454129955227 7.483848455479107e-05 0
0.003597184078914921 0.006920757539042761 0
0.01691343216005431 0.002451823121681108 0
0.01691826575548485 0.003154939609863407 0
0.01690664763149809 0.005952760855596081 0
8.629139468112855e-05 0.003847968326226353 0
8.656783994569553e-05 0.001049579279612048 0
9.134647286042526e-05 0.004550206695330881 0
9.215026032318233e-05 0.006049035144297759 0
0.0001003679198130839 0.001856608342372763 0
8.440645472476867e-05 0.001449419005178542 0
0.01691702505202646 0.005050052837672682 0
0.01691648506804335 0.005543773187722032 0
0.01691346902659306 0.0009546154000045323 0
8.656783994569553e-05 0.005547776192235133 0
0.01691216805857613 0.001457632319897673 0
0.01691033430725343 0.00664817339757391 0
9.385650178233597e-05 0.0003607255722787531 0
0.01665362917462307 8.758270661353602e-05 0
0.0003442968873439978 0.006914690939905351 0
0.01449137878833168 8.600605300573914e-05 0
0.001029030357138413 0.006917150543875636 0
0.01557352039984128 8.406799946260746e-05 0
0.01596705291788828 8.072977296373195e-05 0
0.01379488292801593 8.229551782663229e-05 0
0.003194149984447627 0.006915309556094705 0
0.002803756482567068 0.006914320479940642 0
0.001423558838276884 0.006918604221680937 0
0.007792908350894739 0.00596525702092697 0
0.009214414400491516 0.001051663965275912 0
0.004535714957448157 0.001086795576059164 0
0.01246311282466132 0.005935993023548992 0
0.004815484908014349 0.0009720356393793264 0
0.01219391738853506 0.006047443424209291 0
0.008102208110476711 0.00609536067121719 0
0.008888624064399189 0.0008902442692598697 0
0.01186773566740304 0.006190969862871818 0
0.005128314029995631 0.0007878872198868706 0
0.008561998458665111 0.0007286321791108489 0
0.008437246110162486 0.006274296350212706 0
0.01186031071499962 0.0006242660112156994 0
0.00513036197675729 0.006367339726451367 0
0.01161752150653778 0.006363108962280775 0
0.005387957779418529 0.0006460394484672015 0
0.01212990873519775 0.0004967294207571023 0
0.004872542379698435 0.006515016002814141 0
0.008303699818961917 0.0005792724119397944 0
0.008689999936106493 0.00643026259035321 0
0.01135438425421009 0.006493454290713777 0
0.005643391802556763 0.0004972762587749108 0
0.005902009369186257 0.0003764725239318594 0
0.01109852451677448 0.006621760140402929 0
0.001110018412242603 0.0002238092384541875 0
0.01588997708202131 0.006793251295323142 0
0.004362425473756225 0.006769844398661725 0
0.01264372129972942 0.0002368143681327423 0
0.01673241770863303 0.00693368239388422 0
0.0002581581768357159 8.505274619210199e-05 0
8.706365744042856e-05 0.006748024412170768 0
0.01692079216557171 0.0002554521042037348 0
0.01077713812805198 0.006745605499213318 0
0.006222799109883489 0.000258324837487044 0
0.007476644867140237 0.0001923178225751235 0
0.00952185074939536 0.006789301722577854 0
0.01053064314647664 0.006839822899344979 0
0.006472162146696036 0.0001763665642794906 0
0.01619304294143892 0.006894370579886547 0
0.0008084046408003785 0.0001050609905113207 0
0.007227300363141797 0.0001361021251480013 0
0.009778229093877072 0.006848197943123088 0
0.003919936029494876 0.006918120664577207 0
0.01307485741246541 0.0001007325322922321 0
0.01685210070501957 8.355183361525437e-05 0
0.0001446067944192789 0.006914470195620074 0
0.01691419662339737 0.006847167500612015 0
7.525619514323414e-05 0.0001513330628248031 0
0.01332970662731682 7.806944403918612e-05 0
0.01337350215248091 0.0001602892182216266 0
0.01347510131615521 0.0001582021391212116 0
0.01343047802290711 0.0002417597455879853 0
0.01332102060979701 0.0002523708263057842 0
0.01338953312249068 0.0003394903171422495 0
0.0132677362076121 0.000354341118018815 0
0.01335402921198484 0.0004568943988583971 0
0.01321803041111761 0.0004699320209383233 0
0.01329783884687376 0.0005879578140743796 0
0.01345321154221874 0.0005682290480827296 0
0.01339146746849743 0.0007186317509483859 0
0.0135569792500882 0.0006940029210554658 0
0.01349397065252339 0.000866693783446915 0
0.01368325366054987 0.0008381658222121405 0
0.01360683281402535 0.001032414033344145 0
0.01382768102724728 0.001004406471806786 0
0.01372443678370061 0.001237616239417472 0
0.01398784703795824 0.001193819309833627 0
0.01389374797659444 0.00143793785338555 0
0.01361178494183591 0.001497443696091357 0
0.01379529967339554 0.001728813302214425 0
0.01347886096721332 0.001768182341929817 0
0.01368136842518155 0.002054323697446341 0
0.01330356266822738 0.002086439728304506 0
0.01416843017170456 0.001394621483821685 0
0.01353177792113821 0.002405956413027584 0
0.01313626092203542 0.002446449405099012 0
0.01392376841804353 0.00235258871776322 0
0.01377097037697811 0.002724588052209749 0
0.01323665071214883 0.0007350682732235499 0
0.01417023749145843 0.002661779240125194 0
0.01401833497309002 0.003037777876614581 0
0.01441901330006022 0.002973880386272619 0
0.01427466931694794 0.003358192445478309 0
0.01389610546181347 0.003403426735492975 0
0.01467021478575775 0.003291766624942803 0
0.01452525661139507 0.003664893502013164 0
0.01479538812877969 0.002936096374151651 0
0.01491873322137883 0.003605453013417928 0
0.01477806429500658 0.00398186014802812 0
0.0128925094117288 0.002077037455826014 0
0.01274186430205535 0.002470687995513668 0
0.01250308264088965 0.002171731549864344 0
0.01236393684447206 0.002510647297243549 0
0.01516044776631961 0.003901104372948274 0
0.0150165115543257 0.004260256193303251 0
0.01528803029927864 0.003555521968956217 0
0.01465571391219765 0.004342877797390577 0
0.01215456701752417 0.002217605446467323 0
0.01199491525622403 0.002534769108660918 0
0.01221056694906367 0.002854619178237738 0
0.01182968963243374 0.002881672128967466 0
0.01204547090485071 0.003210442229689548 0
0.01158948185894862 0.003192595190290516 0
0.01186352223629046 0.003564445023360327 0
0.01146357993571337 0.003588914947416166 0
0.01118684160583916 0.003278791313110255 0
0.01106001471679727 0.003621928496570404 0
0.01085062392441476 0.003286894530005341 0
0.0106705656838856 0.003645341889071364 0
0.0104510704219036 0.00331177717553373 0
0.01027291138532068 0.003669947073827391 0
0.01004459976276607 0.003341524147543748 0
0.009879037969360774 0.003691379316573372 0
0.009645056882735908 0.003366610523278563 0
0.009458383518493617 0.003780524846673074 0
0.009251054910214562 0.003419757688612127 0
0.01010915250914363 0.00401875435778362 0
0.009075604173857848 0.003744392570021811 0
0.008853647830559815 0.003438259213821074 0
0.008688431496492859 0.003791472777686626 0
0.008455310500227582 0.003441151884447453 0
0.008263658885235482 0.003869685479925342 0
0.008052355233942108 0.003474921986783885 0
0.008231738788099354 0.003104926495540036 0
0.007833893478745475 0.00313016856768144 0
0.00765326767597042 0.00348844601000295 0
0.00743491913494839 0.003153186091338238 0
0.007257569294487544 0.003510407148699489 0
0.007036321481492239 0.003177239042827181 0
0.00685892586732437 0.003534866031609323 0
0.006645546806548322 0.003205983959858804 0
0.006460432114713727 0.003560054976750529 0
0.006217339496996491 0.003174336351229586 0
0.006058191576808744 0.003575899143176007 0
0.005838762713981146 0.003251586965731193 0
0.00566007259489123 0.003603399552308837 0
0.005449876278742704 0.003280555151094725 0
0.005262752826122413 0.003629367492488284 0
0.005033240607000734 0.003248210428280576 0
0.004861242754086145 0.003649705797707072 0
0.004630045252454041 0.003328286839569483 0
0.004479842363002579 0.003670480471886085 0
0.004241849518524201 0.003350926012311516 0
0.004083630828778877 0.003748053122281393 0
0.003843862396010604 0.003381147064025604 0
0.003664514604709417 0.003733920003505211 0
0.003466770647600029 0.003413015735100945 0
0.003269137320741313 0.003760878112472319 0
0.003079287068096464 0.003361654332294728 0
0.002872443647286393 0.003773422018424 0
0.003499587143346575 0.004076072433906351 0
0.006826941986466098 0.002849546971269837 0
0.00264741534197903 0.00342760207072241 0
0.002466829708116707 0.003808424288440452 0
0.00468660290972478 0.003996988311970369 0
0.01127341618034622 0.003944828459076806 0
0.008897497558908184 0.004102551799570791 0
0.00224587476968066 0.003466415891871599 0
0.008019562122899924 0.002774353371258197 0
0.00562739888869767 0.002953778716864282 0
0.002080258120466872 0.003814081295943875 0
0.002290398830908235 0.004162042204825341 0
0.0024115133180891 0.003097521029973606 0
0.002025873834625296 0.003131450391196374 0
0.001870554040727909 0.004150439879365374 0
0.002110144141397674 0.004517149752404201 0
0.005871805444261512 0.003949066370972266 0
0.002188855923000848 0.0027833205249507 0
0.007110441583282212 0.003884397133984105 0
0.009376099348033913 0.003059130924493964 0
0.001811787765648987 0.002812589828239439 0
0.004419956133474747 0.002992766782762901 0
0.002002399301224568 0.002435727038838734 0
0.001739484281649522 0.004522852254282585 0
0.001936829542446969 0.00485250058896529 0
0.01181816719255718 0.002227998796952238 0
0.001631198589139947 0.002502989549296911 0
0.001766561034820608 0.002185844645682729 0
0.01061532491789231 0.00296849564720126 0
0.001688146897956768 0.00314702872891235 0
0.002366971539146672 0.002471362415798419 0
0.01488396604877911 0.004602733859811022 0
0.01523694355980013 0.004540931250405474 0
0.001555165481573322 0.004845375188488074 0
0.001772126080435924 0.005167932135271338 0
0.002186259271354147 0.005152863146482174 0
0.00144730902341977 0.002219888096546658 0
0.001592587141649672 0.001936603768419092 0
0.01506765301627125 0.004892293098629335 0
0.01543084526040649 0.004822689670270747 0
0.01555480423676823 0.004519210379245538 0
0.01528635799134477 0.005147415213826197 0
0.01561795485778541 0.005071600704390823 0
0.001392345673682237 0.005197280940792607 0
0.001611375459440674 0.005468662357958398 0
0.01425971891791078 0.001119567827312216 0
0.01444293332623351 0.00134291141108297 0
0.001306061376277099 0.005506567338216283 0
0.01550952029731356 0.005343097582357401 0
0.01452286944430525 0.001064288860125567 0
0.01470683898401011 0.001286232629920785 0
0.001546086293152248 0.004260359902175942 0
0.01455143647029634 0.004658392948690335 0
0.001293443803920265 0.001962985565720856 0
0.001461766459139969 0.001678347592312316 0
0.01479078442628201 0.001043429392027785 0
0.01496440860702612 0.001235145303244616 0
0.01578412543930163 0.005298606567586953 0
0.01567958447104114 0.005546569896421229 0
0.01227546762533638 0.001924358065278772 0
0.001310038085207658 0.002523985900692801 0
0.01503931741318961 0.0009694310910290799 0
0.01521418903169365 0.001185940940483786 0
0.001139776125971518 0.001717857836454508 0
0.001272760369475361 0.001479535434110081 0
0.001928317191848131 0.001898390644866944 0
0.0152902818109588 0.0009573427545703974 0
0.0154653208588653 0.001143755004915861 0
0.01538443844892341 0.001394969202322539 0
0.01565300384874792 0.001330730583601968 0
0.01571832900103757 0.001050664246385169 0
0.01556649041767538 0.001611539445331597 0
0.001483246411020537 0.005742165505647899 0
0.001200141173999953 0.0057574127707749 0
0.001254727702766457 0.004934925182985428 0
0.0158956487517124 0.005057467422346237 0
0.01593411368976075 0.005509056071680053 0
0.01583680931308782 0.005735773083937473 0
0.01590846356249904 0.001255703485354522 0
0.01597655924452699 0.001023305763005314 0
0.0150310852407289 0.005163030716873936 0
0.001012853665740862 0.001488948812109089 0
0.001156593365710869 0.001255529905170991 0
0.001038174159232348 0.001952089632880511 0
0.01389116709878239 0.0007980860375537799 0
0.001509822806143611 0.001422613663194579 0
0.01609576047328561 0.005703529151487108 0
0.01599066057868856 0.005917490763770556 0
0.001036815916303014 0.005549969832258261 0
0.0009383610474552346 0.005778370441005029 0
0.001101832460318202 0.006012141104437168 0
0.0008652762485358394 0.001289761402343985 0
0.0009931914051426512 0.001086703585348054 0
0.01543921864084211 0.005581270482977199 0
0.000824142111241581 0.005981751415446854 0
0.003660229256178871 0.003101572657337247 0
0.01226745250982545 0.003541366747955233 0
0.001765098571045387 0.005730532852840257 0
0.001626762377315165 0.00599374205825601 0
0.001890101699679347 0.005969471757967674 0
0.01614613325602036 0.005488587974295482 0
0.01209779091103328 0.003900586232273626 0
0.01247883467055941 0.00388112167457738 0
0.01232564113880691 0.004214516746015398 0
0.01267959924705151 0.004199563904716245 0
0.01252184991719436 0.004501455109625893 0
0.01284926623450757 0.004524584504599622 0
0.01220085219184026 0.004528173339454071 0
0.01238054931150439 0.0047772735365307 0
0.01210793041600481 0.004814593203401754 0
0.01226516458190354 0.005021302381346461 0
0.01202184811319472 0.00505698341121403 0
0.01251545610742924 0.004987234807213033 0
0.001211948914211339 0.001046032953143145 0
0.0009557055965446811 0.006182913937219117 0
0.0007628066632400536 0.006187449035333081 0
0.01620432288671588 0.005900004869258915 0
0.0161239713393547 0.006083857520259301 0
0.01613304654214052 0.00118975324369195 0
0.01608523024897372 0.001410237357664068 0
0.01620853218724137 0.0009649309373055514 0
0.01604931718811573 0.0008144271092625408 0
0.01624102777245053 0.0007612012833851517 0
0.01218823508227256 0.00525028294330462 0
0.01194691614697312 0.005271776570201274 0
0.01179197690225965 0.005096359156660712 0
0.01172752450619365 0.005342645568360673 0
0.01156116470017227 0.005137878480925513 0
0.01147631230972919 0.005358891791894035 0
0.01132032170110946 0.005166085983042924 0
0.01122395205809353 0.005405864979396393 0
0.01106895740603083 0.005181155801956033 0
0.01097064114394094 0.005447400606168955 0
0.01079372666036365 0.005246952786897895 0
0.01070715864606584 0.005548215103328659 0
0.0105145097975725 0.005288117036858786 0
0.01040324284392303 0.005617395166456337 0
0.01021411000796971 0.005334378724923395 0
0.0101022813967101 0.005620229160994216 0
0.009912348218777119 0.00538342682322677 0
0.009804264233150346 0.005697042217294789 0
0.009622867043136769 0.005444503738992703 0
0.009516604502315179 0.005698938767124557 0
0.009354088373604963 0.005495536814637874 0
0.01001195047120406 0.005866057326566185 0
0.01059259290758675 0.005802566437277272 0
0.009264423258275669 0.005724542877848782 0
0.009107881102100561 0.005545250290328292 0
0.009405814731184497 0.005930236752913551 0
0.01114607369553234 0.00563403391835676 0
0.00903380656928889 0.005742365916809664 0
0.008885141978352776 0.005587362014420072 0
0.008953659350241425 0.005377262093688545 0
0.008734287279335326 0.005430517949705402 0
0.009448090018768104 0.005209657155938928 0
0.0146591854974281 0.0008446423074457534 0
0.01576113755382742 0.005955555617696994 0
0.0007720190496355844 0.0010902361775892 0
0.0008698102614143194 0.0009151349164800426 0
0.0008032199725743787 0.001505103713744636 0
0.01159757266112992 0.00555489687138461 0
0.0008025744513131886 0.005589301509525905 0
0.001789709269736971 0.00617824912492059 0
0.00200304244699699 0.006164804578813711 0
0.002122038722299084 0.00597634053850426 0
0.002245676146085669 0.006218106647391617 0
0.002347436891261364 0.005991960961131857 0
0.002468992966627225 0.006177162496943639 0
0.002564569690457924 0.005994876217806777 0
0.002664921752398739 0.006180678448973546 0
0.002782239788836033 0.005998765760760383 0
0.002876005404260215 0.006216296338549688 0
0.003000084795657645 0.006009233453545165 0
0.003083741597690335 0.006205011901664986 0
0.003216101892878708 0.006016416501570651 0
0.003113020542633077 0.005804797906854246 0
0.003355434236582545 0.005818618442685819 0
0.003449730745032982 0.006050626730016804 0
0.003598715959699808 0.005841806615322969 0
0.003690056929353702 0.006060865971765338 0
0.003840718758013287 0.005866166224659228 0
0.00373807503615794 0.005627434767368589 0
0.003997247682005821 0.00565319290280643 0
0.004071950846408349 0.005906919972128215 0
0.004267159374878516 0.005733061380488772 0
0.004170091634947888 0.005460634265561623 0
0.004425169519924575 0.005515131453397555 0
0.004497637450924098 0.005724497117013214 0
0.004674832246249255 0.005589440234587188 0
0.003230438440984831 0.005586127138993018 0
0.004601539941507965 0.005330323568982253 0
0.004837137720291048 0.005401684640688651 0
0.004908103168261561 0.005617339201003458 0
0.005064877089989936 0.005460813461495802 0
0.005008490869066013 0.005236048645991144 0
0.00523647732107165 0.00530680252147215 0
0.005189034018161084 0.005080182044736627 0
0.005410702716485065 0.005160856560990169 0
0.005472356619328118 0.005379257056331199 0
0.005629010026193211 0.005229895008399962 0
0.01433046177083399 0.004427290343165245 0
0.01425266457238279 0.004752639727924813 0
0.01404152830859153 0.004511152231307726 0
0.01397542220925852 0.004780764068970501 0
0.0141216126410621 0.004974881455113611 0
0.01390670862220282 0.005014033113516887 0
0.01403665035079459 0.005193292952457577 0
0.01515777944574028 0.0007763280627439712 0
0.01535534899296771 0.0007521992701029199 0
0.008671222617453428 0.005632598812342238 0
0.008526749767523066 0.005483801632225181 0
0.008580156782882375 0.005273495204547869 0
0.008369433803196696 0.005335096859251196 0
0.008416492241748442 0.005115104879171959 0
0.00820491919214425 0.005189355281502807 0
0.01383876193798694 0.005205176972982763 0
0.01371580069107536 0.00506931387416479 0
0.01463555224695164 0.001586547294113698 0
0.008172360061739485 0.005417105118038818 0
0.008016853183391699 0.005262946432559515 0
0.008037204775883244 0.005051535215467487 0
0.007836365317523542 0.005154742493727518 0
0.007868420218576548 0.00491072289071552 0
0.007663069790023155 0.004996045263312361 0
0.007626049339634696 0.005200696875924836 0
0.007472336825867848 0.005074996643619791 0
0.003573412902878518 0.006240994308041968 0
0.003765923896704669 0.006259182406204601 0
0.004942096495291076 0.004989776701940769 0
0.008650765650663977 0.005043064254433356 0
0.008473346621350701 0.004871822673899533 0
0.01631878833120719 0.006060111800806295 0
0.0162457075658644 0.006234106982296511 0
0.01208170596793389 0.005430889292400432 0
0.01225995117521081 0.005432529693906775 0
0.01366413699535633 0.005260820715153673 0
0.01354346414005468 0.005130686345257077 0
0.01357768075257533 0.004950745902454864 0
0.005587270635838866 0.005026531465214396 0
0.005790528435222794 0.005110516442102534 0
0.005151011500855301 0.00480736530406358 0
0.005800948928076165 0.005291742112704871 0
0.005970260019502542 0.005223790061831199 0
0.005959351535373724 0.004995093506721672 0
0.00614365365358493 0.005088980117094947 0
0.006138740256223456 0.004878202766680226 0
0.006327608886745677 0.004970098181270151 0
0.006325043103866414 0.004746261044406038 0
0.006518256286300672 0.004851293477615885 0
0.006508341524721769 0.005086479572423794 0
0.0006426802279746961 0.0009149469978357817 0
0.0007643250904173201 0.0007391411454965367 0
0.0009784091880350341 0.0007458884815662527 0
0.005106177229652597 0.00566525809463815 0
0.004975701802205877 0.005800289146894071 0
0.006701654969438471 0.004957589084747548 0
0.006695471284596913 0.005156534821944491 0
0.01630073493521636 0.001328823087219691 0
0.01624589517249153 0.001541728252170015 0
0.01605030511186487 0.006266899040740861 0
0.007490882754719012 0.004881290296746821 0
0.006162992107977949 0.005269363618253248 0
0.007450656932079778 0.005255918715887791 0
0.007594173169967433 0.005381058844695173 0
0.0006337276715071231 0.006029295894575662 0
0.008458907913194336 0.00567452335577418 0
0.008601611068765721 0.005803248415649429 0
0.01336509364789815 0.001030257969326899 0
0.001898186528592553 0.006344443053377973 0
0.001716716957834332 0.006359465542317118 0
0.0005696864871463873 0.00076635697139455 0
0.0006466231768904648 0.0006104523329693353 0
0.002680420374776746 0.005795943492185355 0
0.01644135193360568 0.006196994259332916 0
0.01635507755237946 0.006374025290045388 0
0.01639478368036218 0.005903099013515773 0
0.01363724391510036 0.0005325399203780397 0
0.000857751665790391 0.006371275275725127 0
0.0006596020588173056 0.00636269892208866 0
0.001044546733078996 0.006354042830791226 0
0.01424038125684353 0.005150037353507803 0
0.01418346609457453 0.005325865976921144 0
0.01611279530392364 0.0006011310887983424 0
0.01629591731337723 0.000589315826571258 0
0.01350102579017538 0.005298548263881975 0
0.01338390480581532 0.005181131830131063 0
0.002562402695656571 0.00636170546491903 0
0.01086133308900633 0.004936674703042362 0
0.01436114831330126 0.005296308936790885 0
0.01164261382699457 0.004899305640478279 0
0.002999762815487745 0.006372346978597869 0
0.000578775274401349 0.00107398117348154 0
0.01641304869427743 0.0006952588145985334 0
0.01645868307501971 0.0005544410343361352 0
0.003656743400309484 0.006430364784794778 0
0.003832903516761891 0.006431764286289869 0
0.01430552126118456 0.00544840369910274 0
0.01446567926923828 0.00543226915346991 0
0.01522642430491606 0.000606901689397984 0
0.01540582236056137 0.0005722278218150039 0
0.01334728326142925 0.00533399106292926 0
0.01323294495474058 0.005226804737037085 0
0.01326389745730777 0.005067169529593119 0
0.01301242289346058 0.004204457292774246 0
0.01642322652899659 0.001481816211614871 0
0.01640885377304521 0.001668075411838949 0
0.01621510927946967 0.001731570003916364 0
0.01635508958241585 0.001850585251783538 0
0.01617945178864575 0.001916687693305167 0
0.01635266533777207 0.002036611692959707 0
0.01614545604387929 0.002105397451886492 0
0.01629398019055983 0.002231456673514882 0
0.01610578463900315 0.002299374234115727 0
0.0162834405128809 0.002438641658348714 0
0.01606913249978946 0.002500863668497378 0
0.01622475647203254 0.002632780257697215 0
0.01590039193289042 0.002362541269706726 0
0.01601573293009891 0.002701052167789528 0
0.01618865750971576 0.002834528299825061 0
0.01636941524555299 0.002758921686047231 0
0.01636871428438986 0.002951548505049452 0
0.01617004848886267 0.00303095740990332 0
0.01634963513108055 0.00315278000948125 0
0.01614829788288997 0.003224311748898374 0
0.01630281725217527 0.00333966664903966 0
0.01611994840317144 0.003418499443947905 0
0.01627608312608505 0.003531075252006254 0
0.01607633645682746 0.003624126229135269 0
0.01628317199427936 0.003731140192783491 0
0.01597938153532784 0.003104325363335047 0
0.01647696325287904 0.001323687188192636 0
0.01605358687389583 0.003832754968348061 0
0.01623848830695716 0.00393606538562847 0
0.01643726948067504 0.003879960771481616 0
0.01638880188172771 0.004053238103512232 0
0.01622593060602542 0.004123675242741023 0
0.01640378831871152 0.004232148178215418 0
0.01622107506726771 0.004309250198273786 0
0.01637483093334195 0.0044135509341465 0
0.01320467958391193 0.005394028701598648 0
0.01308650867573121 0.005272333224812941 0
0.008412239122117113 0.0027444191663121 0
0.008206749028069317 0.00243460159942998 0
0.00855312661086243 0.002396530378943569 0
0.008368705055452598 0.00211154200276039 0
0.008036995695224994 0.002136232453293457 0
0.008677268051119239 0.002089804096977919 0
0.008181250807423292 0.001853271004829423 0
0.007894559138219561 0.001858939171896556 0
0.008029169297533405 0.001613861171095579 0
0.007760010260552961 0.001608856795565535 0
0.007894354239455295 0.001387486431045797 0
0.00764014712408177 0.001384991881644797 0
0.007497797545180851 0.001610747819490599 0
0.007373119130328361 0.001389960777792952 0
0.00722223089375725 0.00160969347916117 0
0.00710205622702374 0.001337916741603057 0
0.006934301929772619 0.001595825015230587 0
0.006800994922323519 0.001342152952515515 0
0.006638722173633727 0.001590883874793395 0
0.006507560404330669 0.001295878513820389 0
0.006352405108524984 0.001568928032739904 0
0.006214369132204961 0.001303738028222128 0
0.006081632226090474 0.001551766036883169 0
0.00830094675176231 0.00159760521968853 0
0.005955616609451967 0.001336684439251659 0
0.005833558742793668 0.001539923497782452 0
0.006941945899861687 0.001109466388058945 0
0.006356516551108093 0.001111981272367305 0
0.00752620896313085 0.001173449007140864 0
0.005735843648656805 0.001348315194105634 0
0.005607423989231209 0.001525908541844437 0
0.005527447247303941 0.001338199085579589 0
0.005395931674143208 0.001513319180560227 0
0.005484745857411561 0.001702844345742062 0
0.005270564467853385 0.001683997588990421 0
0.005951174389797345 0.001819004652952549 0
0.005834647817900362 0.001149043862073931 0
0.005186221166339737 0.001499529295690471 0
0.005063074113822909 0.001661047978137022 0
0.005143480488086965 0.001859756282028331 0
0.004925856949010761 0.001828300500529521 0
0.005003059110744289 0.002043638016383868 0
0.004777047450581901 0.001998196089462279 0
0.004710551996945917 0.001768182290171337 0
0.004564057096512916 0.001949152611038933 0
0.004497185623131711 0.00174231336813273 0
0.004365728382165241 0.001906300037487854 0
0.004301505115230371 0.001730709911727057 0
0.00418205407155085 0.001869286622651348 0
0.005248441391198334 0.002079197188192109 0
0.004996463859358529 0.001480840462356941 0
0.004130072127342067 0.001703157876927011 0
0.004009045670639942 0.001831733514210715 0
0.004059860192634305 0.002005276964784199 0
0.003879137543765244 0.001964082916194201 0
0.003839344862928708 0.001767831435381602 0
0.003704480632518228 0.001913132459349908 0
0.003662395449476941 0.001747841878712914 0
0.003530513995830351 0.001869761346951029 0
0.00357464643836315 0.002050491384621796 0
0.003391727271815403 0.00199477517901051 0
0.003939256908816004 0.002157123193504383 0
0.003364094484765778 0.00178931598556538 0
0.003218158654188012 0.001925158349480892 0
0.003245136655283714 0.002124089498647826 0
0.003182636605990533 0.001751538503582645 0
0.00304592060784141 0.001866922831886035 0
0.003020963865026615 0.001675409901395925 0
0.002877381813567534 0.001809939567224859 0
0.002846539099276513 0.001641129629447121 0
0.002709404469722051 0.001756700914111102 0
0.002687897205857051 0.001565452755966437 0
0.004419919426966872 0.002108505551525813 0
0.002935091798876028 0.001997695714613839 0
0.007361660371805642 0.001862912190325319 0
0.005100427912246965 0.001339395369206067 0
0.004386894231711922 0.001572870855013068 0
0.007306187731460394 0.005157047927877675 0
0.007277777311898393 0.005329989586739759 0
0.01644488416996968 0.003449432480276694 0
0.002517597198534394 0.004554778195538164 0
0.006706493014645284 0.004732564621119006 0
0.01644543858456562 0.002327825153660576 0
0.005143730193123246 0.005850040927916927 0
0.005027455764312777 0.005966841923970186 0
0.006477211229364151 0.001844447008895439 0
0.01264253600357186 0.003521002896564035 0
0.01439563549636126 0.005583727485115529 0
0.01455692097812655 0.005561401785979785 0
0.005085859511256404 0.002291054773911309 0
0.01218364432425767 0.00559587551775009 0
0.01233533338490584 0.00556838894053288 0
0.01305547154067 0.005414897303277271 0
0.00254237735896203 0.001698129057020014 0
0.002518452406692557 0.00152582570499936 0
0.01378877803424512 0.005359484834464013 0
0.01294736315541713 0.005313715030815035 0
0.01297776458498693 0.005164996179567206 0
0.01292158005209028 0.005469759709880581 0
0.01415304310110568 0.005488963470167908 0
0.01650212625059118 0.001813083386191635 0
0.0004858990153120239 0.0006227785825313769 0
0.0005716797263786606 0.0004690898990648723 0
0.000719831671359264 0.0004744332926359561 0
0.01505540242334188 0.0006219546691085603 0
0.01592988218101064 0.0006632302641488806 0
0.003479380941703678 0.006407265520552283 0
0.008441244879298185 0.005843982405184279 0
0.00492781524787413 0.001319899537721432 0
0.001817487884599803 0.006499199785411488 0
0.001977637236200959 0.006491260064908908 0
0.001655775150006695 0.00653466038012874 0
0.01648814556929555 0.003068045384454441 0
0.01651732174366961 0.00634916799610317 0
0.01644151079040185 0.006511509081515858 0
0.01629026837613011 0.006516318241313214 0
0.003297681362660549 0.001629709393849638 0
0.005937581838748839 0.004773223983249445 0
0.001549219111048944 0.006392456946289218 0
0.001498408271798644 0.006540612848053445 0
0.006558642734695856 0.005261706599983413 0
0.006707957650051634 0.005331984741001295 0
0.006579315842174987 0.005416086992495968 0
0.01002378542454585 0.005076230451088546 0
0.0008851615590633423 0.005382001277458995 0
0.0006590399487221479 0.005438589929928005 0
0.0007359138005083995 0.005239913271285583 0
0.0005308891280220891 0.005266924666724539 0
0.0006087368464141856 0.005106697562419715 0
0.0004827664567494585 0.005424807198433183 0
0.0009756683029914772 0.006503393909667819 0
0.01621459830851062 0.004491901830538547 0
0.01636618469057808 0.004585391959896355 0
0.01512878930743306 0.0004645265462045289 0
0.0149609385048118 0.0004899180713828265 0
0.0159864510627479 0.0004932147606342809 0
0.002969662364363045 0.001532618149288224 0
0.01635394724597524 0.0004409350303407967 0
0.01649760467826531 0.0004102147714174155 0
0.01281008631132535 0.005355339929592453 0
0.01277983541170481 0.005491279058465764 0
0.01267560976298887 0.005393314975493028 0
0.003764166232890664 0.001627113213100285 0
0.003626588836361078 0.001601117704815267 0
0.01651678674057014 0.004127028756174416 0
0.008542612742865295 0.005955327022582413 0
0.002628489172883722 0.001414325080315883 0
0.00248908993697604 0.001371132912482045 0
0.002365915284359269 0.001463644094259308 0
0.002351970224388463 0.001293276736518541 0
0.002222578008840996 0.001402838444301485 0
0.002202539374502716 0.001249460953548357 0
0.002081086506442465 0.001339045917421991 0
0.002064592109318138 0.001190214840856613 0
0.003750416446779157 0.006563665175623226 0
0.003890899701513188 0.006571548431356768 0
0.003978345168352874 0.006457520299707637 0
0.01651250547261029 0.004503705410955559 0
0.0165298789775446 0.00466778624156237 0
0.01636820962672051 0.004754666828961873 0
0.01650981208716912 0.004831741587647364 0
0.01637339893617385 0.004917249414515145 0
0.01653121966064192 0.004993303551499846 0
0.006842862450976605 0.005242529223744959 0
0.006848925529269848 0.005397685976566261 0
0.0004146651565293848 0.0004936576133731151 0
0.008867783284137534 0.002341727227610355 0
0.00896378490081424 0.002070473418552985 0
0.008830422822504404 0.001864403490121333 0
0.009066002548965259 0.001843979507067575 0
0.009205838755093025 0.002025735148332221 0
0.009291701584737782 0.001825857044926207 0
0.009423204012322876 0.001985543064558325 0
0.008940223046276443 0.001666111809273124 0
0.009499209188645419 0.001773638019065809 0
0.009617568833793458 0.001943117843036597 0
0.009691825412228587 0.001770169851159534 0
0.009802016134850624 0.001910772784868158 0
0.00986092910770109 0.001745568241213744 0
0.009979632979061119 0.001879891388644505 0
0.009917974356686019 0.002058344084531588 0
0.01010593644505028 0.002016371401684479 0
0.01015293095591296 0.001813211961209679 0
0.01029093254512592 0.001969723093520328 0
0.01033754950074079 0.001794024499112715 0
0.01047981472305747 0.001935997867046048 0
0.0105157337361026 0.001749939129027803 0
0.01064279586600729 0.001882829159770121 0
0.01069019198074418 0.001725837804918688 0
0.01080908959784775 0.001839168064762188 0
0.01085728310563364 0.001652927583084406 0
0.01097881995927523 0.001796594095656383 0
0.01102748291761926 0.001630255758970566 0
0.01093173904154088 0.001975917693824498 0
0.009556067793377898 0.002142181321122578 0
0.01004946114438884 0.002215930224186573 0
0.01043195521646008 0.002111831074680793 0
0.01115000471403033 0.00175902472010651 0
0.01119747036128052 0.001591982918328308 0
0.00934575745449936 0.001659126785902209 0
0.01132367985151257 0.001719332248819945 0
0.01136457729645653 0.001522548247255652 0
0.01127376326111868 0.001899172555680658 0
0.0114977127185945 0.001669384363074248 0
0.01154384315858844 0.001495841709524813 0
0.01143783641694635 0.00136737976451499 0
0.01159355904949752 0.001330904428625848 0
0.0117130467935998 0.001451426139926455 0
0.01175444960898055 0.001282275603087124 0
0.0118784773710047 0.001398079897338047 0
0.01191291315610923 0.001203696906864727 0
0.01204722522911588 0.001341877475773928 0
0.01208554630368943 0.001169300112546808 0
0.0122235343459899 0.001294807920884637 0
0.01226150624463285 0.001114988809824601 0
0.01240473361188983 0.001240826763681911 0
0.01242930421073192 0.001025535694546642 0
0.01259003320427719 0.001179941631287059 0
0.01262850572800467 0.0009896028415354919 0
0.0124890073879231 0.0008634136392329872 0
0.01265864267510342 0.0008152549925545972 0
0.0121304862871586 0.0009956951399625242 0
0.01023401320410187 0.001660097802941008 0
0.009760238457309028 0.001619109951237298 0
0.01070507230097096 0.001595997339565063 0
0.01178651341446477 0.001125910891013254 0
0.01252656536462299 0.0006867189035764166 0
0.01267062068694363 0.0006535240832210906 0
0.01238797203808668 0.0007389750291577927 0
0.01107863141664849 0.001469816554324836 0
0.0127913471758686 0.001124195729255859 0
0.0004471350423787164 0.005126851030635124 0
0.0005022751078530511 0.004979095007401567 0
0.0006597591577133348 0.00494642668524414 0
0.0005487623481907847 0.004821829221421925 0
0.0007118739441238 0.004784526750335142 0
0.000594866397661202 0.004662306158962739 0
0.0007648654533687757 0.004617837424126048 0
0.0006255742325754002 0.004486137288727087 0
0.0008163167052238516 0.004443486123340102 0
0.0006851422155243758 0.004313978019549615 0
0.0005142634181308624 0.004355802265003794 0
0.0005638252082628796 0.004194179313646527 0
0.0007313674003117656 0.004142263985450713 0
0.0005778653217353123 0.004021148160891709 0
0.0007668261170802448 0.003966616541541785 0
0.0006094278088368977 0.003833940654677534 0
0.0008078081907606279 0.003785539759151378 0
0.0006726374090308615 0.003659825238924235 0
0.000854015399453528 0.003602768129831099 0
0.0007117953356504392 0.003478674376906881 0
0.0005447636093197528 0.003539507280846235 0
0.0005528677627829222 0.003362460363576597 0
0.0007403310733408459 0.003298004671584335 0
0.0005782108925385162 0.003176548386476097 0
0.000770277988128505 0.003120676171135775 0
0.0006292146819633325 0.003002760026835145 0
0.001010506146567827 0.003737843525909498 0
0.0007822488107420665 0.002938200515811062 0
0.0006564118086400655 0.002824797912145692 0
0.0005014337125047955 0.002895069105541897 0
0.0005001220298940026 0.002726969283020291 0
0.0006742035888103477 0.002654104278743914 0
0.0005143326032475328 0.002551534576667113 0
0.0006903171826350731 0.002486828474564631 0
0.0005530487456631983 0.002387981602710896 0
0.0004440136156459405 0.003246055843937366 0
0.0009207135603244692 0.003237456400738372 0
0.0004714729488715548 0.003901530440207151 0
0.000411130570123406 0.004240572698766457 0
0.01274423752955345 0.001340303349777906 0
0.005013256128905517 0.001199989441106499 0
0.005164068115105296 0.001203580454850235 0
0.01449690053830878 0.005695885593732068 0
0.01464521404912556 0.005681041242755719 0
0.01582910829049102 0.0005283404418208225 0
0.007984695678961538 0.005454135361416507 0
0.008093869562036428 0.005576765361712529 0
0.007950663611252479 0.005615420242042176 0
0.008049442338755746 0.005714795571165771 0
0.0004586052565207221 0.00470806844453595 0
0.01314066876489308 0.000363658358580504 0
0.01308563178531151 0.0004789162550219526 0
0.005265956478096289 0.005732532719494639 0
0.01659653297443977 0.006219216557042351 0
0.008689117234496684 0.005932918295366124 0
0.009906485760137721 0.001599461203559342 0
0.000406466635229313 0.002633094813388588 0
0.01659948888739209 0.0005092266019919773 0
0.004869494998239621 0.005929811550178989 0
0.004922282090837746 0.006075015931929686 0
0.004775740660228338 0.006051033509893512 0
0.004841392326676771 0.006198069185367179 0
0.004687809380349057 0.006164798329989077 0
0.00530082060700034 0.005880324734397809 0
0.005403062966162366 0.005787101479700464 0
0.01184182466219119 0.001574782953239711 0
0.0004255000825948985 0.0007513540218938388 0
0.00691239110221436 0.00487502220378524 0
0.01663168060892508 0.0003818805285495412 0
0.01661817303215741 0.006466182127102274 0
0.01655030216911774 0.006608686985356903 0
0.0120206235588715 0.005597517902874395 0
0.01210104688476934 0.005723975754134293 0
0.01196611900447726 0.005737674070475696 0
0.002181881558650532 0.001108833120614891 0
0.002062259201136866 0.001032897889513333 0
0.001934069044361728 0.001124979871565977 0
0.001929877061013293 0.0009614856629816529 0
0.001807416199589773 0.001058622996803936 0
0.001794125856369869 0.0009155545427948571 0
0.00168048339729906 0.0009977286621456541 0
0.001667392555303771 0.0008561196995007358 0
0.01607203997044151 0.00419579694189283 0
0.01148070920118523 0.001227572255049902 0
0.01134872650858743 0.001255945097964875 0
0.0003624723417567782 0.004371789305198702 0
0.01344577134885192 0.005440675205536036 0
0.006909438045891577 0.004620195129381503 0
0.006698805362303656 0.004478514743283948 0
0.0004719171523223445 0.0003666641707808058 0
0.004009169049012743 0.006591085596540934 0
0.004117322147441343 0.006505878485897568 0
0.01301383610867973 0.0003714376285107786 0
0.01471004565090587 0.005545060884196814 0
0.0148001371514545 0.005669546800584417 0
0.01473447485919474 0.005807158040456823 0
0.0148705429272962 0.005813166727946304 0
0.01495418186747566 0.005661332360793965 0
0.01503277041921915 0.005796823167697944 0
0.01496539302300042 0.005928959858595251 0
0.01510843430091659 0.005925526818646026 0
0.01657880166614101 0.001440962510075655 0
0.01663724106264552 0.001302351461884397 0
0.01652830921165823 0.001183967238918928 0
0.008620343311905277 0.006073236324481314 0
0.008772248021911797 0.006043877868826278 0
0.004076935144259989 0.006354930221518716 0
0.004215625930083517 0.006390343183183727 0
0.01638369322886946 0.005077057370879359 0
0.01651826378039678 0.005148799825468947 0
0.01352345813957881 0.0002367702233874607 0
0.004834708573231592 0.00144940733811454 0
0.004776918274237724 0.001311558542986415 0
0.01587638540551218 0.0003879236575796054 0
0.01573841472981968 0.0004121387764826115 0
0.01602369917509268 0.000340955843768951 0
0.01281336005866374 0.0007366322433718722 0
0.001898979586184221 0.006624747832799021 0
0.002040823621534129 0.006642840949142676 0
0.0009084026083172039 0.004090599289170637 0
0.001574508105592417 0.00665519311568885 0
0.004736759430279393 0.006289531213601109 0
0.004602699219525807 0.006267330675444314 0
0.004549622710471356 0.006141887273898508 0
0.002601699834537056 0.001284155615907724 0
0.002720006321976009 0.001317739741472981 0
0.002572145908704998 0.001888204325768265 0
0.0152728959913386 0.001670184578701829 0
0.01574562785972836 0.0006828225003559928 0
0.01375662448901144 0.004570932550851808 0
0.01387827271682309 0.004316338213794817 0
0.01454495876184375 0.005274921393959089 0
0.01502944755019667 0.006038239507514351 0
0.01516012455986974 0.006061525889438978 0
0.002121923807519723 0.00650558940184518 0
0.0021872431460454 0.006648971365706819 0
0.001126655510158492 0.006499081451354556 0
0.01266221500130114 0.00552604278078012 0
0.001453347660897975 0.006667951558128203 0
0.0166407056438384 0.004765888486620268 0
0.009814230630384186 0.001490855824354924 0
0.009685246322098955 0.001507027889811872 0
0.01524922036957991 0.005927865408383521 0
0.01531103901058114 0.006058108045337409 0
0.01598481826754091 0.001976633400237739 0
0.004257140170886521 0.006517216612900164 0
0.01524121285042069 0.006173317918330129 0
0.01536951366016089 0.006180001650783276 0
0.01257830322196609 0.0005538905312251941 0
0.01268922634551847 0.0005181241467088499 0
0.002238810985469173 0.001567437455429815 0
0.0007092858671634934 0.002315751076853599 0
0.0005656743718365428 0.002221879187195059 0
0.0004269691135619005 0.002295408063515013 0
0.0004142925726702325 0.002141216405411015 0
0.0005659039160015658 0.002064177460950596 0
0.0004367735947276522 0.001987803748699138 0
0.0005712664478852506 0.001909897196339734 0
0.0004244476887300484 0.001835431682859228 0
0.005426798920239424 0.005918336049174507 0
0.00552537702983527 0.005832098444438563 0
0.001061782561181505 0.006625375626045553 0
0.0009296666049546914 0.006639501946704747 0
0.005055388890080465 0.006108993874571251 0
0.01550975842933627 0.001914750891125064 0
0.01514093524459123 0.001970733354287406 0
0.01540359604498672 0.002258105198676183 0
0.01429682086547247 0.00229334780596324 0
0.01436901786550356 0.005724256577002877 0
0.0003590967788276861 0.00501406197425459 0
0.000314131077416506 0.005133797607141353 0
0.0046907371831995 0.001417033557713118 0
0.008719394267915175 0.00616413131018511 0
0.008845018098312717 0.006148742811506511 0
0.01540539683954975 0.00592714495157435 0
0.004343567459311847 0.006424917960130681 0
0.0003401600767705959 0.0003777627272327287 0
0.00372059603084585 0.001503442033004832 0
0.003840243988704581 0.00151764466181981 0
0.01588461857596678 0.003481194289028642 0
0.008728527461409438 0.004778696176711247 0
0.009938806833680347 0.001453242180822295 0
0.01666338686378832 0.001158909489820494 0
0.01657495080821834 0.00105433986585024 0
0.01501841674338537 0.000358351993583062 0
0.01487396859361024 0.0003566265988004464 0
0.01481294527300878 0.0005009172035120961 0
0.01472646544098281 0.0003687464107167502 0
0.01514464265339152 0.0003283352453488432 0
0.01466891480406532 0.0005118455419862618 0
0.01458887003982096 0.0003954445407319323 0
0.01452369039130141 0.0005274673518189162 0
0.0144395156475542 0.0003861887700557735 0
0.01438121169619045 0.0005319445638119931 0
0.01430079288746654 0.0004157159231539011 0
0.0142377784569972 0.0005473423412747764 0
0.01416175023112108 0.0004263633524477111 0
0.01432168593651596 0.000677358874249225 0
0.004872141812288332 0.004709638833722029 0
0.005114790178526168 0.004473247579757219 0
0.01664449967075851 0.005087541456080496 0
0.01666164507103204 0.005221676847644128 0
0.01652836075841649 0.005297372366289214 0
0.01665329668268426 0.005357636830863602 0
0.01654295346834561 0.005435011351570907 0
0.01666150491882562 0.005490259048859605 0
0.01655341101795221 0.005570591939737799 0
0.01667229812140967 0.005618979337160939 0
0.01205450259451886 0.005839531445367602 0
0.011925552810402 0.005861197251557516 0
0.005096306941518907 0.001087553636278375 0
0.005218938139212549 0.001075632710088362 0
0.008404660854931039 0.005977800477194637 0
0.008314116920352813 0.005891512610779168 0
0.01296430793829225 0.001269287001868914 0
0.008462603024802241 0.004554442568085312 0
0.004645757988106541 0.001292846727636684 0
0.001550819222174581 0.000935532768486293 0
0.001547471850300975 0.0007949956812013043 0
0.002259768567408477 0.006517664378378615 0
0.002323117770333768 0.006638240301856883 0
0.01295211579373883 0.0004827187378367058 0
0.01289059783209548 0.0003738501911775549 0
0.003600953664718319 0.001473460499470287 0
0.003806637640626597 0.006679620872942727 0
0.003685942184281476 0.006677362290287528 0
0.005505545792339433 0.005700252110757755 0
0.005630649497158444 0.005746059960519917 0
0.007920976608855634 0.005750406814240339 0
0.007824371501521765 0.005664404965599936 0
0.00122506075308908 0.006359158754213862 0
0.0003108136779603043 0.002047953490520687 0
0.0131593871494089 0.004480493101408457 0
0.004331885304648341 0.006303660079152071 0
0.01314307799092175 0.00552071729383647 0
0.005340823054329825 0.006003643375808454 0
0.004660122347562674 0.006382827499321449 0
0.01667940634858119 0.006590367637611647 0
0.01662618545209193 0.006707013878955763 0
0.01651470171028356 0.006728568314517075 0
0.0009584531511541948 0.004582214333653285 0
0.007005077420138526 0.005320469231793345 0
0.006970232634336878 0.005463758845735371 0
0.006981582763383274 0.00517812928867434 0
0.002241937012448389 0.005779334408912496 0
0.005609217369577203 0.005612016009735099 0
0.005737161126435393 0.005663065714413605 0
0.001665256312888069 0.0007159290935009302 0
0.001549759299029235 0.0006715274336206675 0
0.00143654709574087 0.0007279598741625664 0
0.001450937535263225 0.0005991038492827189 0
0.001331903280024103 0.0006626769761936789 0
0.001330750442470345 0.0005394249561002811 0
0.001224580488570673 0.0005996219071494708 0
0.001228178800596862 0.0007303828481083686 0
0.001226907877616824 0.0004802180412894074 0
0.001121001320210084 0.0005360594912215194 0
0.0008431101372873284 0.00258597098136584 0
0.01286459635762569 0.005592844165872499 0
0.002029147584537347 0.0009229474603804754 0
0.001811661794813031 0.001208992383193547 0
0.01421724291401358 0.0003085665275160379 0
0.01408427368566717 0.0002972142484177617 0
0.01402508352669607 0.0004259154248732349 0
0.01395804889622491 0.000315171946751399 0
0.01389598263025913 0.0004278909714251493 0
0.01383483569965321 0.000318403861465668 0
0.001119510108227555 0.0004037535919972132 0
0.001018549521067443 0.0004728176470384219 0
0.00101098511813678 0.0003567058141693644 0
0.01183521225251032 0.005761701896072302 0
0.01179306007603297 0.005908992343864652 0
0.01297644584230187 0.00280527802416237 0
0.01216625453271987 0.005829655467839784 0
0.005366669756484652 0.002330360872937306 0
0.01670091534558757 0.001032589579727808 0
0.01661879677976975 0.0009245703711705045 0
0.001520958729891228 0.001101749473809169 0
0.01640055636256509 0.0003105164385333384 0
0.01627226704597453 0.0003329533456880524 0
0.0163210609494621 0.0002192728839698608 0
0.008722683694399064 0.00167385350505798 0
0.008820081750663218 0.001506401387105017 0
0.008993036367140987 0.001485049596411819 0
0.008900735230391355 0.001349349407263281 0
0.008737429827769537 0.001357640694562332 0
0.009051734256609273 0.001338120623379917 0
0.008810052483519468 0.001223007491626935 0
0.008669921243588726 0.001222029536195312 0
0.00873736213750472 0.00110663778124528 0
0.008605674091936522 0.001104943641509421 0
0.00853153439865046 0.001221951863860819 0
0.008468860477798655 0.001074970258855603 0
0.008386516575075279 0.001215023574873912 0
0.008321245803806165 0.001081215680074043 0
0.008383025487121229 0.000986981274607186 0
0.008271364812054096 0.0009429767682958079 0
0.008175647750489396 0.001067679606826304 0
0.008122909351175649 0.0009331878193573513 0
0.008201166176177145 0.0008227621225518626 0
0.008073114139103313 0.0008121536402094045 0
0.007981656893462096 0.0009104845089844033 0
0.007945440791702379 0.0007683887367906962 0
0.007840603865217172 0.0008852962540925233 0
0.007798792232974035 0.0007479869431843925 0
0.007882749092299707 0.0006447259013538471 0
0.007754500572655664 0.0005983276486189594 0
0.007661956598267507 0.0007132539928810916 0
0.007618339331944286 0.0005785110067791669 0
0.007529208470552781 0.0006799169528159633 0
0.007489639380387203 0.0005474798777201444 0
0.007393734061490501 0.0006467824610893484 0
0.007357576616021049 0.0004937194022548992 0
0.007258150970225296 0.0006089916050662633 0
0.007217733877442787 0.0004740258583789386 0
0.007122241290697527 0.0005739743157594408 0
0.007084812586465747 0.0004416819152974374 0
0.006988299418044915 0.0005391824227999591 0
0.007294168686478147 0.0007545098885193475 0
0.006958080789923956 0.0004088369368842782 0
0.006856855573576849 0.0005017814670246778 0
0.00688743304312054 0.0006407685825852187 0
0.006747220659839174 0.0006001806220417884 0
0.006731382909921009 0.0004554273955284958 0
0.006601543546734474 0.0005308077830607793 0
0.00662578739881543 0.0007038529238479166 0
0.006488709245274739 0.0006423298189066292 0
0.006473957403521442 0.0005290452260137096 0
0.006357470270053397 0.0005752980217369856 0
0.006372803021797923 0.0007331245085628463 0
0.006240909222930344 0.000669167076133527 0
0.006223094731008596 0.0005352015360935011 0
0.006112951878574156 0.0006124089717538467 0
0.006123234552572568 0.0007489909130453326 0
0.005997560322617529 0.0006860295496531341 0
0.006002292930924906 0.0008524211585941655 0
0.005882699310383383 0.000755772016365468 0
0.01291584351447492 0.001515067372837417 0
0.005176484836578173 0.002588612916899404 0
0.004912237761504944 0.002504460864687898 0
0.005640970802755918 0.005889032368467125 0
0.001220556525725765 0.00662670378532389 0
0.00685532219618378 0.005534560456106523 0
0.01555326578971702 0.00384941466031571 0
0.008011304745828446 0.005841436068920963 0
0.01170005337651486 0.005791608734235844 0
0.01165505698111779 0.005920854852351861 0
0.01155958097970573 0.005816000165506235 0
0.01151650920528267 0.005951103203907968 0
0.01162538689781357 0.006058345464857576 0
0.01148112379280868 0.006104594558473307 0
0.01137996552286898 0.005988452737430872 0
0.01134448722953991 0.006121624466612905 0
0.01124287918531286 0.006022115016364168 0
0.01120862366251343 0.006180639443216212 0
0.01110204715406814 0.006061260155287624 0
0.01106405329735684 0.006203685235237514 0
0.01095586246796807 0.006096222042690207 0
0.01091861475308693 0.006241785359148763 0
0.01080696589310294 0.006136329802847014 0
0.01077662609409003 0.006307390985120098 0
0.01065317400513483 0.006177906437174598 0
0.01061416785277951 0.006331694134977032 0
0.01049492729517026 0.00621685955097563 0
0.01046195794334553 0.006393189101296217 0
0.01033593060056465 0.006260058132244072 0
0.0102800609278002 0.006435946899088893 0
0.01017636187805226 0.006305311436466935 0
0.01012151811453407 0.006455891259066609 0
0.0100239757639928 0.006346425106090003 0
0.009985438591546098 0.006492731266354572 0
0.00987751090397217 0.006389167016296642 0
0.009828695925199027 0.006532077151256857 0
0.009727917877936988 0.006422503349799143 0
0.009769469974083619 0.006281521833874941 0
0.009623212587800925 0.006331014245695611 0
0.009595214145232376 0.006480029976815682 0
0.009488778337695125 0.006384675653754267 0
0.01039401501885493 0.006531218741858969 0
0.01072154049499161 0.006438208191546226 0
0.01007601430889766 0.006581979441283758 0
0.01102067421036666 0.006339029302046326 0
0.0103787092775237 0.006099374033715853 0
0.009463256083399088 0.006512752607929449 0
0.00936096217053093 0.006428491304787601 0
0.009383043014553272 0.006296548940855472 0
0.009254373804059397 0.006345328018580154 0
0.009275432013127917 0.006209366782319051 0
0.00914830118729331 0.00626536056853365 0
0.009162716980265171 0.006121234831249761 0
0.01132085121384532 0.006249924585368826 0
0.00913147960627532 0.006391381284879456 0
0.009030943421481391 0.006318112896439144 0
0.009659161946090424 0.006175495172142463 0
0.0005710544569770357 0.001756865643108028 0
0.0004389447084873696 0.001685471815257419 0
0.0003258404226409578 0.001741701594362391 0
0.0003233279240366319 0.001615612717211188 0
0.0004354707276880213 0.001546091648897371 0
0.0003206990123151947 0.001486845936683639 0
0.0004302766531322465 0.00141438382057117 0
0.0003150722983579404 0.001360941764253567 0
0.008865276148638697 0.001085712330478668 0
0.007469491311621399 0.0004243532964661985 0
0.01236302532675268 0.001435384216239435 0
0.01415423206353516 0.0002038618791733661 0
0.004974272629151508 0.001076801687024973 0
0.006444801464673948 0.005358442279359289 0
0.006451707003900627 0.005510682066396126 0
0.006567528946544414 0.005551485309166125 0
0.01138023526092204 0.001139497882759497 0
0.01150451802566866 0.001097767822192908 0
0.01490763316114425 0.006043926335361133 0
0.00914601127601381 0.001461610523928059 0
0.009196311413109682 0.00133361035171414 0
0.009127860888580043 0.001230957796445341 0
0.0003972169895661119 0.000264421763135719 0
0.0002779882411148241 0.0002802739023196653 0
0.0005155521165413623 0.00025551163784872 0
0.008789697925473535 0.006253763809547461 0
0.01675159002344424 0.001234848666881826 0
0.01479090589313115 0.0002673858469911914 0
0.01096776410861293 0.005909663461610209 0
0.004564936175922372 0.001392769323181647 0
0.0054156391893227 0.0046349770959333 0
0.008194107258518586 0.005701373348170649 0
0.01621209234971003 0.004846622806207536 0
0.01530333055457217 0.006281485145378114 0
0.01541795387764565 0.006287983846942244 0
0.01549730623991913 0.006192360472318026 0
0.01553660857099246 0.006321528836982957 0
0.008674446986372937 0.001000785616771502 0
0.01562832564514158 0.006205450977799801 0
0.01567615316270691 0.006330678273581881 0
0.01577391177219782 0.006225332343644209 0
0.0156037371482407 0.00643258921704311 0
0.01572203944274711 0.006448269987989298 0
0.01648601410862639 0.0009452176320482626 0
0.009543248980716044 0.006601575263132224 0
0.007179936860362566 0.0003343681519079079 0
0.01444777195543455 0.005814303453545611 0
0.005873082761378986 0.000610273461875018 0
0.005779845850861873 0.0006897320092387046 0
0.00577102697510864 0.000811975446444191 0
0.005665726416264637 0.0007346649762468792 0
0.005660722826311035 0.0008655068942780885 0
0.00555704331499728 0.0008022657265386651 0
0.005551869704069207 0.0009236254891834854 0
0.005447947398572709 0.0008626116022213606 0
0.005443905917753396 0.0009816639861066536 0
0.005347164336380671 0.0009131690886339775 0
0.005554405711109574 0.001046362197252871 0
0.008282369566858584 0.006008383488577327 0
0.008194531789318045 0.005922359185082529 0
0.01254132652599973 0.005433963398625553 0
0.0002807461816889747 0.004273985968841371 0
0.0003132276345417222 0.0041521768955508 0
0.01304903406403526 0.004722221266007298 0
0.005378554897148481 0.004282800780319106 0
0.008149710182217653 0.0007075475445218176 0
0.007850106014528882 0.0005304247573488753 0
0.004376720983748051 0.006540875863059062 0
0.01188547852527842 0.005987992767316154 0
0.007888789781555841 0.001029920571000699 0
0.007560038103278016 0.0008199987023217261 0
0.001136045012445126 0.006731725655519479 0
0.001255598987747571 0.006752963773348273 0
0.01501376113534031 0.00228458204474302 0
0.002112886938708904 0.006742883776508541 0
0.006101373241067708 0.0004925046199607892 0
0.005145287036092356 0.0009744051834251373 0
0.002385594166322539 0.001823562288884639 0
0.01126203810480278 0.00116794524877666 0
0.01122215345891484 0.001298212086888007 0
0.01114799544328102 0.001190492054815947 0
0.003158999980473625 0.006386517642461778 0
0.003071442038314039 0.006518771288114658 0
0.002927518233013781 0.00651851122480334 0
0.002997108826936699 0.00664521369451561 0
0.002859272553898737 0.006642305629077742 0
0.003143027307570882 0.00664428977985433 0
0.002790931290810369 0.006517744434598708 0
0.002732052642186309 0.006650082343893103 0
0.0008115840822513383 0.004899795801683677 0
0.004514639145272824 0.001265209432460714 0
0.004447397366270488 0.001363410924386274 0
0.005432906327085127 0.001117898752890491 0
0.00889888742440934 0.006035849336566015 0
0.0002712404996873061 0.0004960632111957386 0
0.006964129619832963 0.005586631637440003 0
0.007059845316880045 0.00552945430407996 0
0.01331383829280603 0.004213423386078038 0
0.01317207259294372 0.003878010878251671 0
0.0151859992761269 0.006273187146399207 0
0.01578049767877805 0.0002718423004088293 0
0.01565675459560946 0.0003090246113113706 0
0.01675280676717035 0.005147888732958822 0
0.01674525100573492 0.005041767027506357 0
0.01298684532917463 0.001045133472197795 0
0.006334495180100565 0.005444519720727164 0
0.006337324196832072 0.005571370191826344 0
0.006231923350975906 0.005519142523960074 0
0.006247781781342065 0.005635037958069434 0
0.006140298210352092 0.005592317900913194 0
0.004856149440348966 0.006325662932828071 0
0.01452054735740002 0.0002788156488478253 0
0.009347697185553189 0.006549099335764556 0
0.004723387693986358 0.001194471214971016 0
0.001526301640184023 0.006758464802732264 0
0.001632665293226535 0.006755372352488469 0
0.01496111417744945 0.006137421518229678 0
0.01673610069606615 0.0009138382080371666 0
0.01666214714768596 0.0008131043793971507 0
0.001032224615983914 0.004380505778236815 0
0.001184706075746537 0.004542080636401881 0
0.001061562813734979 0.003528964151700961 0
0.001236858907666118 0.003680090480043497 0
0.006142877772540727 0.0008806769953931238 0
0.01560825326961152 0.0004277758795170868 0
0.01553444738870546 0.0003266464337943809 0
0.01158524078171744 0.00617828623887981 0
0.01673862257001637 0.006696079517051498 0
0.0001863871837374815 0.004184819759736166 0
0.004463020574885105 0.006456492038667787 0
0.0009195494490387979 0.0004136730648574205 0
0.008606641181260264 0.006193660913160755 0
0.01351260398177651 0.003941698596739091 0
0.01334168529667272 0.003583333140466318 0
0.01273322762850517 0.005213510418287967 0
0.0009474101378478287 0.005182306044674751 0
0.005551727097000661 0.002078711281086941 0
0.005673261459756045 0.00236119882194423 0
0.006155639162747392 0.005699743038666119 0
0.006050075169473136 0.005662630819895907 0
0.006031921172939993 0.005544835534851584 0
0.01191020171350359 0.004588272036089641 0
0.01301858851681506 0.0005961428588951226 0
0.006193782137410377 0.0004148287024845834 0
0.005689956262128346 0.004450079641769287 0
0.0004047098978545195 0.001276883107790724 0
0.0002808137542008073 0.00124077300674658 0
0.0005372593323829354 0.001325208130899357 0
0.01673872557901974 0.0004754887317841329 0
0.01669960251500915 0.0005945110589531091 0
0.01675734898818196 0.0003521816542441532 0
0.01667511028040804 0.0002659309319499518 0
0.01674973476491579 0.006489344217053643 0
0.01003000336411198 0.001559479355738522 0
0.01008208832843241 0.00143756772555312 0
0.01656609047366132 0.005712264834797318 0
0.0166837126114474 0.005773873241194103 0
0.0164309237507371 0.005645626293399416 0
0.0007147657322433727 0.001822548270289368 0
0.007115893946567849 0.004727533476510583 0
0.007138593914802068 0.004474179588315282 0
0.002925128019437698 0.006754903080136252 0
0.008081435911543689 0.004814351344763867 0
0.007892345944619055 0.004650914136574395 0
0.003508845137443377 0.00155237696178814 0
0.003470967732729053 0.001427266268428686 0
0.0002485940389262437 0.004390077053796255 0
0.000315138361994885 0.004490661849763657 0
0.009279800463152937 0.001436443693248059 0
0.009323373453758492 0.001303573716341207 0
0.0094011704757601 0.001414565200241734 0
0.009442839814225931 0.001312122627933212 0
0.01260198182402172 0.0004400761841988985 0
0.01250135930930092 0.0004692966407847058 0
0.01270874872654178 0.0004011494680841911 0
0.00973760068644695 0.001393255579366073 0
0.009622125860275929 0.001403659119022439 0
0.009566241234166372 0.00150928420054005 0
0.01511229606223234 0.005651713425597207 0
0.00781093678288531 0.005782041955844855 0
0.007713523990063901 0.005710522594872032 0
0.007725092265846398 0.00559374760759979 0
0.007618773062655331 0.005644630077291112 0
0.004604344568664606 0.001518207893247425 0
0.008911376982436311 0.004974909821292317 0
0.009019282782905189 0.004697507057975838 0
0.01197104490589266 0.001966753368979727 0
0.004666498843529413 0.00490629223083708 0
0.004564750676555471 0.004611158262454475 0
0.004332550323892017 0.004892090958177189 0
0.004221104943230743 0.004504688894283485 0
0.003955713679012247 0.00476990109215146 0
0.0009170193528350709 0.0003061304146348021 0
0.01433186398919981 0.005834152095577498 0
0.01425656664250192 0.005754066498363843 0
0.01305655248007631 0.0002585307292056458 0
0.01506324777819897 0.0002425251675019684 0
0.01517987936957745 0.0002262006318661395 0
0.01525499776431571 0.0002924130335378739 0
0.002695984300195104 0.001206699432749014 0
0.00280442837051843 0.001242500610921074 0
0.002838497994441015 0.001366835097338842 0
0.002586520077717559 0.001167495805989733 0
0.0132962671017472 0.004732566644730516 0
0.005939253497402168 0.005627949535134298 0
0.005969658560553708 0.005739351710208786 0
0.0162039041565976 0.0002300574241669868 0
0.007705448753438754 0.002146285815887022 0
0.0152448749093191 0.002571249271143192 0
0.008130486479920528 0.001393813797029264 0
0.003684118578266114 0.001391978485517718 0
0.008262771406359271 0.0007294596329786283 0
0.007616169345043969 0.005745487320352126 0
0.007519459241033984 0.005687731377833049 0
0.007525279733927592 0.005581223175199843 0
0.007423271796062737 0.005629525290394958 0
0.007429444591225404 0.005517423309861561 0
0.007328629940973511 0.005570441246123558 0
0.002418135446025944 0.002032496917767227 0
0.01534675012095365 0.006376155788403758 0
0.008459112728560675 0.001354074279541149 0
0.01110552952327162 0.001288265039448785 0
0.01502114888550275 0.005506796549846886 0
0.003733995384927601 0.006779089553497269 0
0.003620644785365614 0.006770893746341483 0
0.003568622593794014 0.006682273543134207 0
0.003507315361021129 0.00677436736230505 0
0.003450939225431228 0.00668288049527534 0
0.001178360929178977 0.003905364436310072 0
0.00795554667736666 0.0005512113815005276 0
0.01165598356168286 0.001982420199898477 0
0.01149705173239239 0.00223078581942034 0
0.0002279766557641942 0.001553557396539096 0
0.00799660084665074 0.0006509811712363846 0
0.004292334717949509 0.006623610817200185 0
0.001646244089373049 0.0006030977519825083 0
0.01261995592413154 0.001567361348529308 0
0.01681397482561683 0.0005713619247555268 0
0.01512274090768328 0.006180879844807512 0
0.01316338801345517 0.001422042539312374 0
0.006036447890592148 0.001152135259085388 0
0.009024793966938475 0.006429083344033972 0
0.008932537471687818 0.006373993813961224 0
0.007752879961888658 0.005346310232860521 0
0.001578038649884823 0.006839573912268814 0
0.002911599620288442 0.001275950923466172 0
0.009635013292683797 0.005892690695157118 0
0.00448476639712735 0.006559617437039169 0
0.01389297048716035 0.0002163536121072489 0
0.01640695348880202 0.005376608338707652 0
0.001428198430929365 0.003856145925820569 0
0.01168035883017899 0.006159975163286028 0
0.01416700154143187 0.0006820988351110523 0
0.0139623694953053 0.0005469120425159926 0
0.01129554040265346 0.001057937231374428 0
0.006702168707477446 0.001094357164396278 0
0.0009122096238411955 0.0005331148876153288 0
0.016764034140932 0.005416187086600591 0
0.01241544350333193 0.005172136690919954 0
0.01006530019170873 0.00618656290043075 0
0.009819983871835221 0.006121263374871261 0
0.002880687079203779 0.001186757588358572 0
0.01678684673440815 0.0006748654639572322 0
0.002912875747493592 0.005600693052455679 0
0.003093567611675215 0.005318941014639135 0
0.002792767685922561 0.005311497473790431 0
0.002960777336061067 0.005015553457651676 0
0.003342401387888768 0.005071733603048725 0
0.003146705859968003 0.00471187417049304 0
0.0102709240795044 0.006582568529708619 0
0.01036528671355132 0.00665037255176242 0
0.01047542903549486 0.006624671423335991 0
0.01025420149642539 0.006689976411107792 0
0.01059509273722531 0.006476844375189991 0
0.01068993256556372 0.006560996542086306 0
0.01079614329051833 0.006534182578361449 0
0.01090571409891603 0.006384870790746575 0
0.01099488212415561 0.006460454454800162 0
0.01110623863210523 0.006420458968093816 0
0.002394462092400055 0.006526650719163556 0
0.00245690359083096 0.006647644676667168 0
0.002392275650078018 0.006744731222470416 0
0.002509329274329201 0.00675355119132335 0
0.002451990495361898 0.006838984358281979 0
0.008678862909406284 0.006269037125767008 0
0.005446308139760232 0.006028297385632795 0
0.004128954649209614 0.002211397165261811 0
0.003994506736458636 0.002385186375306412 0
0.004233061899789969 0.00243120086808492 0
0.004015800640542391 0.002674165132255934 0
0.003739283676277841 0.002535477487565689 0
0.01663884960098887 0.004888728158917396 0
0.01673848975350342 0.004825510464147398 0
0.01674951456342596 0.004715213472300591 0
0.002631909375599704 0.002109794428812968 0
0.001314014123414474 0.003459876582851969 0
0.004978445034520797 0.006199240706596727 0
0.005090316287335191 0.00621279646738149 0
0.00517194498658442 0.006139927343370512 0
0.005220451333303549 0.005969835431026419 0
0.004394996278130193 0.001260019263309918 0
0.00433963462226122 0.001348542585727109 0
0.007295945792351389 0.000374616122153166 0
0.013325141457802 0.005474197638870309 0
0.01341068101823044 0.005555757088706196 0
0.01352434168979131 0.00553529536442385 0
0.01330743814103656 0.005586609829556322 0
0.01349473912583375 0.005649737960030235 0
0.01359823270727077 0.005614056332974759 0
0.01363371284346389 0.005517227309850123 0
0.01369721429770003 0.005600807351508565 0
0.009789556834022198 0.002253409705083973 0
0.009972793552474475 0.002443940237946553 0
0.009699488271024409 0.002495127339096146 0
0.009907361145644744 0.002721904557151459 0
0.01023122720902332 0.002399288322376691 0
0.01473946579170708 0.004880981097926359 0
0.008424168660575944 0.001842442031911284 0
0.01303408118541039 0.005544368390877416 0
0.01311298500912336 0.005623454579610017 0
0.003164923515606023 0.001590957054534578 0
0.003263079734806356 0.001498006236220656 0
0.003152344496291756 0.00145906642442092 0
0.00323674890198149 0.001385562884593092 0
0.003128279565354396 0.001345705825247834 0
0.01128053511183811 0.005880414014545525 0
0.002284764187465253 0.006742830125496703 0
0.01557437535776535 0.006075058115293002 0
0.01652902582768776 0.004361152125443519 0
0.01664797842751315 0.004444812006500946 0
0.01667596647775758 0.00424324196640432 0
0.01664639653397025 0.004565470026465337 0
0.01675728730257241 0.004503155508560688 0
0.01676190355623193 0.00439358929824367 0
0.008779118636036828 0.0009973876826473724 0
0.0003795395328802034 0.005321364266046076 0
0.000344507921085568 0.005443955944052427 0
0.0004198040950388355 0.005551218071132452 0
0.0002976950570978305 0.005567909560805183 0
0.0003680864746530774 0.005670741922463729 0
0.0002497479654190535 0.005686021803489124 0
0.0003164277278649812 0.005786148670871162 0
0.0004432418797608757 0.005776732708962706 0
0.0003878463691405088 0.005892187226523848 0
0.0002670015559974349 0.005896907550546648 0
0.0003314213199106103 0.005999735947407873 0
0.0002652882240018334 0.005347651973654887 0
0.003853326269892764 0.006774164758830451 0
0.01565163711991131 0.006530188159632841 0
0.01576618187201886 0.006555653082417053 0
0.0158370486100259 0.006467888790621514 0
0.01588078321167489 0.00657974451004879 0
0.01595153624972833 0.006491444882739662 0
0.01599098149614904 0.006603697081871722 0
0.01607783195149082 0.006513225632529772 0
0.01610661331799461 0.006629293188325111 0
0.0160286906220009 0.006710526193604878 0
0.0161364762144163 0.006732299960674745 0
0.01554515378195565 0.006512356929857299 0
0.01549130135454712 0.006436402714226463 0
0.01485513351574264 0.0008142192951887742 0
0.01655784850505249 0.00157576138522064 0
0.01669654824611909 0.001718284826948184 0
0.0166838932621632 0.001521337995329981 0
0.01510435196382134 0.0001416099275068821 0
0.01433500169670517 0.0002899072421605046 0
0.006839640525964403 0.0009225563991472987 0
0.007036651983307949 0.0008765721271186996 0
0.006314455820083005 0.005158861621612368 0
0.01094309285241637 0.001510404553145472 0
0.0107970746136811 0.001412779328069165 0
0.0002282828201209848 0.004072490684572893 0
0.0003277053156292183 0.004036722348109477 0
0.0002494774505061356 0.003964437661406511 0
0.008482076585673948 0.006070150443365662 0
0.01494822659264681 0.0002529398274698572 0
0.01485164089831959 0.0001479061338169356 0
0.002945621331119352 0.001360176068818951 0
0.003394633705648004 0.006768342487922029 0
0.0033390300090735 0.00668370868007251 0
0.003281948718214155 0.006760455800202314 0
0.01590895124168669 0.0002622722875541801 0
0.01601536125480499 0.0002247747491931542 0
0.01671530644810153 0.001414603606509496 0
0.0004748365792252088 0.003036806770647091 0
0.0003653344814662576 0.002941169385284994 0
0.0003329455554705821 0.003154884956088667 0
0.0003755887860701929 0.002815578860027408 0
0.0002613677011421116 0.002870306316192111 0
0.0002690805623151143 0.002758781583641711 0
0.0002436570197284528 0.00299190071697636 0
0.0001627591302603495 0.002912554605585822 0
0.0003173878678728453 0.001927971106846425 0
0.0002199759538859796 0.001988144186222679 0
0.01093573079418127 0.005691152758140736 0
0.006312189495937965 0.0004538304831154735 0
0.006408352956662542 0.0003660004198214745 0
0.0122927887188284 0.005698740076113954 0
0.01241042486685429 0.005678397259534186 0
0.01236604691004598 0.005785300898426582 0
0.01246663481365166 0.005764068656603407 0
0.01252291331146482 0.005679963046545139 0
0.0138172845563917 0.0005498116858278033 0
0.01377812436626151 0.0002150745349690036 0
0.01371760558624366 0.0003101679526716222 0
0.009957617298412869 0.006629077420266754 0
0.009825569315204645 0.006679881964905122 0
0.01005531567383562 0.006705640148207329 0
0.009740177388641854 0.0066097711993524 0
0.009930772953686804 0.006734419047179653 0
0.009715811757654728 0.006697654151514488 0
0.001433357393540489 0.006761400647825394 0
0.01240350221156034 0.0006089476053774447 0
0.01229508783873338 0.0006515378697725771 0
0.01225881000447256 0.0007669657431057736 0
0.0121644825043269 0.0006750804483631806 0
0.01213880362682858 0.0007917792644192025 0
0.01205510617054229 0.0007192255149729944 0
0.01202697346631202 0.0008198430847630987 0
0.0123187735322493 0.0005386644884426217 0
0.009232920458527021 0.001219805214782634 0
0.005532474177252647 0.005955814902778393 0
0.01647473870184768 0.003280450746638378 0
0.0165940507857182 0.003391773699146523 0
0.01657555578588139 0.003531566914851116 0
0.01670216421846796 0.003471266552412812 0
0.01671447152397054 0.003604184951550318 0
0.01671777654068786 0.003342015923728828 0
0.01658139859916577 0.003664012498105532 0
0.0166937032915579 0.003730053714862607 0
0.01660954209541368 0.0031817748734106 0
0.01681639339989924 0.00352942027361042 0
0.014636166910146 0.0002773886945247077 0
0.008321282501456872 0.0008254883396895691 0
0.00844454153896238 0.0008324024618848276 0
0.01097473035529807 0.001379597422667809 0
0.0004057625060796335 0.002427820517583965 0
0.000297879850803838 0.002345258748691504 0
0.0002623712338536595 0.002537193594204385 0
0.005041323473135463 0.006303862434945076 0
0.001770398441698086 0.006639601811917925 0
0.001844149635538249 0.006742560362600243 0
0.001950298200033944 0.00674105905241808 0
0.001885412664137009 0.006836378216448558 0
0.0003015214070067572 0.002233747430570673 0
0.0001983226860272202 0.002291532058671217 0
0.004774985812328603 0.006395585433555072 0
0.004721562809551836 0.00648894322754801 0
0.005713186406201178 0.005525189413894362 0
0.009183914899356329 0.001696080726795521 0
0.004227482050072302 0.001578557619507843 0
0.004087814292004699 0.001554881236611774 0
0.004170998221005194 0.001447011310695475 0
0.004054083894252354 0.001427725598574146 0
0.004121939369517197 0.001341861175809359 0
0.006492857824207415 0.005622117446126146 0
0.01678081330634217 0.001647778044436449 0
0.004183781724755867 0.006612541238035195 0
0.004110122602438141 0.006702030665853229 0
0.016764939548437 0.005538783716504966 0
0.01678506923297711 0.005657522392039319 0
0.0002344587565965266 0.005047138714961533 0
0.0002699358988949227 0.004922911841199167 0
0.0001924697780547636 0.005160989557155399 0
0.008341879379203323 0.005520799171723675 0
0.0007326856720375327 0.005773082730327609 0
0.001012428523130889 0.006745079479193443 0
0.0008929881977328032 0.006754607022519865 0
0.000808227348780827 0.006668738644258954 0
0.0007882705010048138 0.006775021274395361 0
0.0006946834744969935 0.006707070130770269 0
0.0007178874231568138 0.006590061970551091 0
0.0006012770175518149 0.006629100092737942 0
0.0005845537126550511 0.006741790631344153 0
0.0004882211609661836 0.006672598893917009 0
0.0005050882442683459 0.006549801383852596 0
0.0003867573438724355 0.006598198344763185 0
0.0003886472646966073 0.006476280642743195 0
0.0003764167513408984 0.006716265176708613 0
0.0002758037805119691 0.006651316462047037 0
0.0002793720815247643 0.006756354651398626 0
0.01483364372815237 0.005943780283029367 0
0.01469744833363939 0.005941383782049055 0
0.01478498886037083 0.006042871300721496 0
0.009844672024147353 0.00137881635765957 0
0.004714951633702431 0.005910463560309451 0
0.0004690518866091731 0.0009550770188985541 0
0.003061223843240833 0.006752801008761669 0
0.01196948016801279 0.001051774871970745 0
0.011834906617593 0.0009718353560064083 0
0.007902740457240331 0.005859239748562433 0
0.01478773078200507 0.00196479606081584 0
0.01293855616569789 0.0002790376287104459 0
0.000500726300136041 0.004566081903956574 0
0.01623156907309104 0.006639851459073514 0
0.01624250327232628 0.006757697281731136 0
0.01633581372746412 0.006698873234287602 0
0.01633472577998932 0.006784323735149903 0
0.01648946564350067 0.0060271735321637 0
0.009115182733948006 0.006499062958014944 0
0.002333042305022205 0.006401212378543266 0
0.006341982763569782 0.005673263911036642 0
0.008371214407102139 0.006084808547691728 0
0.002575530543205968 0.004988330899049558 0
0.01641274579333898 0.002579501522082485 0
0.01653397292624201 0.002706610522730413 0
0.01654992562927688 0.00249432406895777 0
0.01651424474269341 0.002852268823551614 0
0.0166468291983675 0.002792319218253703 0
0.01667142189619952 0.002666659383082653 0
0.01663957229334722 0.002919686422155638 0
0.01676126064340154 0.002743301700683935 0
0.01172689926003138 0.006002973061385908 0
0.01104039481222855 0.001199126473522791 0
0.01109550693115671 0.001121806025408761 0
0.01675817555550446 0.005304701777791936 0
0.01684595283841172 0.005192444644317729 0
0.00267472413943411 0.001107447396679701 0
0.007053120471756029 0.000303800814678192 0
0.006931282492705958 0.0002901816573580114 0
0.0071352453637062 0.0002397665570965605 0
0.01319621727840035 0.0002457150517133572 0
0.0004928824386735333 0.003700791031852358 0
0.0003894114986665205 0.003582737675235094 0
0.0003640240274804737 0.003786640296220187 0
0.0004147730872288685 0.003448406704814124 0
0.0002902625012224484 0.003499161618885106 0
0.0002546684758852717 0.003625854551902805 0
0.0003013594204112485 0.003381174004392322 0
0.0001796600506700739 0.003534432116936625 0
0.0004149795931914554 0.001069791531097675 0
0.000335817392169856 0.0009642720464385717 0
0.001324336308863339 0.0004303612259254049 0
0.002657869564990723 0.006516776355204233 0
0.0008025003493213794 0.0003684144833206921 0
0.0008208519753657179 0.0002523379495940211 0
0.0007337452671741917 0.0002859637808743675 0
0.0005788924206761269 0.000342659672201419 0
0.00941055898884309 0.006155497879826168 0
0.01114319597017312 0.006308301429858203 0
0.01120968694207644 0.006385565895228613 0
0.0103749794639462 0.001637867481592295 0
0.01028225541090223 0.00153287867119741 0
0.01040393182725921 0.001503414465606005 0
0.0103199639604585 0.001423025726253137 0
0.01043084801284501 0.001396683464949101 0
0.01051025006765575 0.001469796811616365 0
0.01053641168108936 0.001368611469118247 0
0.01061154607916296 0.001432585182410533 0
0.0106446293347964 0.00132188566583794 0
0.01046676098706581 0.001310243970127745 0
0.01680315066882617 0.006592437287117659 0
0.00342092769850692 0.006564896377950252 0
0.003196911124134804 0.006519102867725553 0
0.005984987836041998 0.0005425412214869608 0
0.01457753670830877 0.00579955214405992 0
0.01452011117412208 0.005912730869052632 0
0.01195369694886218 0.0007466415499889937 0
0.005771025262781945 0.0009492933376433867 0
0.007265920031078432 0.0002704649841609431 0
0.007361359443598127 0.0003076671187482328 0
0.01681286425545404 0.001364632421218839 0
0.0136801187343577 0.0002161136177300121 0
0.009438713214357146 0.006618684975775463 0
0.01137063462481078 0.005565768356496671 0
0.015561533206178 0.0006891084025666796 0
0.001362037206116523 0.006581041233226249 0
0.003794654924646303 0.001414622536038329 0
0.01678174288815039 0.0002437102578778513 0
0.01020857458812493 0.001440175045958928 0
0.009238922970559307 0.006483068279808383 0
0.0119145039763979 0.0008475672773367517 0
0.003924343322781098 0.006107529643838777 0
0.004145550280590431 0.006103939324485313 0
0.004287739561740085 0.005958830281716686 0
0.01619209465528683 0.006404753264122404 0
0.00502648897427642 0.0009676728164898238 0
0.004913538285683031 0.0009827721588059227 0
0.004865430263662517 0.001065304428169275 0
0.004844608856805331 0.001220809254911553 0
0.008927721157507309 0.001210997665461097 0
0.008979265939110404 0.00111103436347445 0
0.006750036818126694 0.005464606137066477 0
0.006758017032056867 0.005585683130051935 0
0.0002051731790279065 0.003427829735554499 0
0.003922428337411799 0.006688725089695385 0
0.004595313594093664 0.00648589669204328 0
0.01402822353728112 0.005378189403818475 0
0.01398997361255964 0.005514872804161813 0
0.01407913177603337 0.005613949963088344 0
0.01395390558784355 0.005633420018551133 0
0.01386784136915122 0.005549400435413623 0
0.01418897984020519 0.005605198974545754 0
0.01385363653225825 0.005657123862905882 0
0.0139166902448048 0.005737936753089003 0
0.00334538744444705 0.001413789036465969 0
0.01059549546827718 0.001538110302205914 0
0.01674575950750234 0.002864869178366821 0
0.01674223788856643 0.002986667342422019 0
0.01684240723654033 0.002810453879256378 0
0.008055060136195545 0.0005665606726073086 0
0.01569242075244407 0.0001978347442623228 0
0.01621535997515255 0.0004538732862818268 0
0.01656445795263099 0.005881381920231067 0
0.01664849736414822 0.006009748477326297 0
0.005771004275706779 0.0005755364212479204 0
0.01275587699090394 0.005611642410874883 0
0.01282512575851022 0.005698720922448893 0
0.01653415937429756 0.0002720916094677592 0
0.01164970238342584 0.002527982841615251 0
0.01130976464753221 0.002473603595268565 0
0.01144872165560495 0.002801281914783317 0
0.0111033132223895 0.002722133135439601 0
0.01098033097465771 0.002429759057825345 0
0.004974719109151585 0.00282393740425042 0
0.01558156148446476 0.00577080169510499 0
0.01666344079254019 0.006324601080843451 0
0.01671978903862956 0.006217907818497002 0
0.01677820929702911 0.00630759184996605 0
0.005885463550440523 0.000504874727788894 0
0.01399407631191026 0.0002127680212597755 0
0.003986568768181589 0.001666567247167244 0
0.001360034746559022 0.005965558543392206 0
0.00683449071720022 0.0003718921991074176 0
0.006719198043003666 0.0003260177674879825 0
0.006618682496462806 0.0003901911895249411 0
0.006616342030022072 0.000283157278968884 0
0.0002367943379030096 0.005471358354241291 0
0.007580185299802238 0.0004587231012252099 0
0.007687379104371618 0.0004818794370027566 0
0.007654555690213549 0.0003676869540749439 0
0.00628532592131721 0.000334651183797198 0
0.01264793397258445 0.004763319323246954 0
0.0127473392185144 0.00499131086513312 0
0.001776686650914698 0.0007837188449280404 0
0.001885943591774887 0.0008302072645173589 0
0.001866066226056704 0.0007204761802474037 0
0.001765129413418934 0.0006832345444376911 0
0.01142576222160191 0.006220710399775557 0
0.0002836072708335222 0.001065081663056272 0
0.0002303089503122337 0.0009762999327773683 0
0.0002675882806709162 0.0008775767029364631 0
0.0002122627616408419 0.003313735720313098 0
0.009343199335204491 0.006652246519325068 0
0.01423832987285124 0.0008638590243422719 0
0.007175342359624003 0.001058872694221612 0
0.0045997641228751 0.001166373139138674 0
0.001422936949498733 0.0004852837607748116 0
0.001521173389350618 0.0005061348819240725 0
0.00230401081541203 0.001155165768245731 0
0.002285668400161834 0.001034803248878868 0
0.002391591149500766 0.001077137954517399 0
0.002182504325029677 0.0009837070882382009 0
0.002271485501864085 0.0009190508018903348 0
0.01212873802817184 0.005926929540000712 0
0.01200905600380601 0.005948118247346135 0
0.01344038050882665 0.004497471170857923 0
0.01448583738830137 0.004916558620350438 0
0.01044824057131833 0.006726420374763993 0
0.01055164739044517 0.006686795927368401 0
0.01646689339430905 0.002164266409445484 0
0.016588342274591 0.002263478535449226 0
0.01661749455294236 0.002133711770598457 0
0.01672930187565569 0.00222316831181255 0
0.01673782690978532 0.002098414901792001 0
0.01665216671342711 0.002009590477218248 0
0.01670297741500941 0.002359104224365085 0
0.0167595595866311 0.001977838666132502 0
0.01668897931660729 0.001894452180521768 0
0.01679726177226613 0.001869921644520446 0
0.01684619302782198 0.002050693837049828 0
0.0002267142802772747 0.001436844040905225 0
0.0001920386116243105 0.001321247564455025 0
0.01164104239664654 0.001170326262157181 0
0.01161201275895993 0.001036757325651925 0
0.01151489675537778 0.0009937389033420163 0
0.01160795834330283 0.0009305126438117362 0
0.007726667705807693 0.001003596940991492 0
0.01302094067849643 0.005655343991407203 0
0.0130835955830427 0.005715102642176303 0
0.003897097365332101 0.001414031315597144 0
0.01220831007218119 0.0005519898996538086 0
0.01225862805787727 0.0004789448788651688 0
0.0003402167079742478 0.000639101023699427 0
0.0002023504056153855 0.0006077185418219577 0
0.00591984191668441 0.005498265773869323 0
0.01117312972416865 0.002148276540028666 0
0.009395750424783323 0.001233784736733555 0
0.01021752918427921 0.00583852027950712 0
0.01677086132092548 0.001124431229216568 0
0.01646780382311729 0.0019301636193769 0
0.0144232596276729 0.004072716185133812 0
0.007313617820573028 0.005691761716243243 0
0.007232222988632075 0.005623643364845843 0
0.007231907173519091 0.005523436879908972 0
0.001395678846253112 0.001271436144177182 0
0.01557041327460511 0.002558357055397146 0
0.01544954520538261 0.002835517045812332 0
0.003398895196673361 0.006250009291394356 0
0.001135832543471188 0.002253255706283217 0
0.001495365192476901 0.0004231985799843709 0
0.006816026826291601 0.0002619839322584253 0
0.01183529450069981 0.006096526818606863 0
0.01677569371249774 0.002628289835041714 0
0.01670433691684847 0.002555361516482908 0
0.01139716763323803 0.006312975102382885 0
0.0141382518075995 0.003789061710383515 0
0.002487782780259996 0.001232963825294931 0
0.0002420401380971091 0.0007088060807610352 0
0.0001535945875727925 0.0007001854613314503 0
0.005286561093282537 0.005537263871271312 0
0.01658264606967271 0.006811633406268723 0
0.01648666103410724 0.006844723193118922 0
0.01669111855102143 0.006789124223486419 0
0.01681295327483128 0.006791492585112817 0
0.01024655375289512 0.001339633254221533 0
0.0122751688336377 0.0009703262890957028 0
0.001462427011206201 0.002864736871225641 0
0.001139755062318418 0.002783383746307217 0
0.001215547502571261 0.003055848996718851 0
0.01529663449508102 0.00542769560483047 0
0.01150324242986686 0.006297176938378182 0
0.01541237922573225 0.004197553809555448 0
0.01573134184692929 0.004098954738644496 0
0.001750042829075904 0.00169308335191512 0
0.002002645453455168 0.00161386133042559 0
0.001840354310708434 0.001459580112441816 0
0.00873302712563551 0.0009037316496928391 0
0.008630970073386863 0.0008977385454085993 0
0.007125753035502263 0.004932395484729677 0
0.0002130171527830321 0.001873283433805489 0
0.0001979496425966749 0.005998847102718004 0
0.0002725503564341668 0.00610364981874267 0
0.0003956593574161033 0.006103734999144109 0
0.0003319695921849119 0.006209282078753228 0
0.0004619081339730831 0.006212354415726455 0
0.0008955759474407986 0.001726524813200778 0
0.01122021068727541 0.001439562594924427 0
0.01657682374699534 0.00379621878236338 0
0.01668862609939525 0.003857141787506961 0
0.01679796393766067 0.00379431379385749 0
0.01657719143078087 0.003921266587506838 0
0.01669804569507846 0.003980239110966005 0
0.009668127466293112 0.001300224872718681 0
0.008147818551047256 0.004559954314218566 0
0.007925448642991578 0.004367917410459568 0
0.007629881282668197 0.004517052037505652 0
0.007666665163547506 0.004153255023190396 0
0.008222439611701937 0.004261159713691591 0
0.01283213821963857 0.0002625881982977825 0
0.00601358025625031 0.0004449893517368608 0
0.01569681936614699 0.006638274379352821 0
0.0006333204525086518 0.00562680565626139 0
0.0002253763266444227 0.006202451275396048 0
0.0002608018411165026 0.006307416919462839 0
0.01685668933868332 0.004445918814913716 0
0.01190628474021033 0.005467788842314337 0
0.01679511451950678 0.003911700603931271 0
0.01679328541477054 0.004028014703310569 0
0.0167149444269853 0.004094507745583836 0
0.01681531581482185 0.004128062059074027 0
0.005308634776603899 0.001335054876491698 0
0.000203332069293554 0.00209433549707762 0
0.002572583043522337 0.002747375370275886 0
0.002796999336119144 0.003044965457820173 0
0.002932070509925173 0.002697555632019059 0
0.003151253125658747 0.002946702303006724 0
0.003240154504747173 0.002625960401900995 0
0.003054482118957307 0.002384517325937457 0
0.002692525852705472 0.002407611999174305 0
0.005744353796754234 0.005799843637540962 0
0.01455812156527171 0.0001766727032934939 0
0.01679983295708348 0.001501857858860853 0
0.009998232196693142 0.001348457878497213 0
0.01604843060466461 0.005261128530517495 0
0.007558346145358718 0.000340999510172977 0
0.003020041353317521 0.001309350499556536 0
0.01139874430530721 0.001028946727629063 0
0.005352152933014191 0.0008066736750147003 0
0.005252756759867645 0.0008521968165043576 0
0.00545667220235208 0.0007630733628227497 0
0.005558952560457847 0.0007068244492026395 0
0.005638687434453224 0.0006333256864339181 0
0.01183919042632266 0.0007629986814635852 0
0.0002239936306163166 0.001685945504973181 0
0.0001919371502635599 0.004496129681814309 0
0.0002751976953338613 0.004595014104288152 0
0.00487612366112279 0.001629209814386519 0
0.002801445831059541 0.006747013469403585 0
0.002691960533633951 0.006753682803087612 0
0.005752638162656228 0.005912525552744163 0
0.005837561240884095 0.005857009877706805 0
0.0003970920363454838 0.004852263208241294 0
0.0002713718982037122 0.004809428527168268 0
0.0001748737482806344 0.004878865285872012 0
0.01680815972156693 0.003691063422368657 0
0.006582930927354545 0.005658436488643247 0
0.008619660595081515 0.001487586013582426 0
0.0001851072827130928 0.005798193217125394 0
0.0001554947106432725 0.005695036234584236 0
0.001016355307729261 0.0002495734379857708 0
0.01591774820769211 0.006115716989529623 0
0.01404473908668443 0.0009649466076442643 0
0.008752659310969088 0.002674767950986028 0
0.009071330922871585 0.002565275387906908 0
0.008974355327763285 0.002904753398785975 0
0.0002102563208486383 0.0003869247395815877 0
0.01682899502482085 0.003415960536533267 0
0.01615409704567411 0.0003403493696522591 0
0.002199234399190373 0.001970445714358324 0
0.00891701780444467 0.006256297430756758 0
0.01402892007499563 0.005712245816006092 0
0.008127443562496272 0.005818756513679116 0
0.008566985163989549 0.0009823877899018197 0
0.01591305977003155 0.006374319741859024 0
0.0002784148691057052 0.006538303601108362 0
0.004036045404650867 0.003019196300180171 0
0.01205986520539904 0.001699011885242331 0
0.007088725000902941 0.005407507107033967 0
0.0127303777238975 0.005714319495093306 0
0.0007297852275154537 0.0001996470888393728 0
0.01631074856610554 0.001127755366054876 0
0.01070210388439809 0.005998226140013708 0
0.009138303127034474 0.002274717640900511 0
0.009393106199346359 0.002482106684863383 0
0.01681733425873479 0.002521679534895632 0
0.01689543659902141 0.0006562376904391378 0
0.001069746209034508 0.0009120129569693907 0
0.008809684882970565 0.005787611163461154 0
0.01426265308823713 0.0001992828140861486 0
0.01436392844878871 0.0001838758998304315 0
0.01591188149910252 0.006699410690468963 0
0.002603045382402273 0.006673160297469293 0
0.00429559595881711 0.001246748992205091 0
0.007341616101018859 0.004591374120773036 0
0.01415520511770785 0.00570504551608928 0
0.01408259578459569 0.005801546588639307 0
0.01474569920655733 0.00066415843154347 0
0.01314159722012485 0.001739763512269611 0
0.0008969326105245541 0.002167512387055499 0
0.01680509411606005 0.002303953859177946 0
0.006048058054720081 0.005399509317335641 0
0.0003910884676577818 0.00634305724644535 0
0.01681737893992747 0.001015551611689243 0
0.0003284386003182954 0.0001726329451483461 0
0.003954749811406847 0.006803575023731387 0
0.01327059014750168 0.0001464378890134277 0
0.01558133517297812 0.0002228320101711084 0
0.01547370021593492 0.0002407357439832706 0
0.01543700890864034 0.0003252072191436231 0
0.0127044675915065 0.00581207793684746 0
0.01263816882454485 0.005730724836738189 0
0.01209941419854171 0.006018346552852084 0
0.005918752835588823 0.00591503104344759 0
0.008018660164594824 0.001193438400411881 0
0.01076760912447804 0.006648191334900825 0
0.01066494950295708 0.006670870732550614 0
0.007782471329771046 0.001195480538705922 0
0.003791968344852792 0.004363141918027378 0
0.0083228183286892 0.005765428975938985 0
0.01223982174987998 0.005918008726443829 0
0.005855332427225898 0.002100853809490019 0
0.006005285979950918 0.002407973877031914 0
0.01529852172487379 0.0004743943130082161 0
0.01660587603813465 0.0001735435261393439 0
0.008437016000360764 0.006173120701141334 0
0.008952813034100122 0.001011909052287515 0
0.001229382340553433 0.0003707133395756202 0
0.001321631363299507 0.0003269092331195864 0
0.01681417872774849 0.002152985787715659 0
0.002833477950018348 0.001498219619482395 0
0.0005221425097636876 0.005885483211128758 0
0.0001880135673015416 0.002393051926416053 0
0.003576168673749345 0.001355215729615774 0
0.003477275253011131 0.001324015735844662 0
0.01585145343315041 0.001497474145097101 0
0.00827152025319821 0.006117308681088843 0
0.007396598263765138 0.004327179642287383 0
0.01689753311100277 0.00404827637394793 0
0.01170414941374835 0.0009738031237720643 0
0.01169458877030926 0.0008672291598383537 0
0.01577331459220418 0.004799995262270134 0
0.01586772294034359 0.004507791324424971 0
0.009166780783764893 0.005934979237272735 0
0.006191864619402696 0.002078201946067128 0
0.006344674479170488 0.002460617533514646 0
0.006137363071980587 0.002762792448695616 0
0.004065108242091674 0.005136074764593638 0
0.004232679896229155 0.001352530895044812 0
0.001835283260905196 0.00347730664095014 0
0.001386715915164779 0.006444328536451089 0
0.001423017329759597 0.006280719853966961 0
0.003314107286023087 0.001306496529900442 0
0.01581851841814881 0.001769320066730971 0
0.01033507086372349 0.006770341295804626 0
0.01023517635583063 0.00677234544895109 0
0.01212062435437983 0.0005837402849340045 0
0.01601085645643312 0.004722401730255746 0
0.01642995360003579 0.0001938759431662483 0
0.005095237302073289 0.0008902027565949478 0
0.007052468010933894 0.005642513263292129 0
0.01280563471335202 0.0004706446302771262 0
0.01288307147322763 0.0005975692368168817 0
0.01002601255547002 0.001722529714648492 0
0.01535542183427982 0.005774828110395949 0
0.0007086688962667587 0.002138702025940803 0
0.01467717035589418 0.006055532500243769 0
0.01505456699545958 0.003248801745437335 0
0.01656871646340039 0.0006384286514500384 0
0.009219143674616848 0.004978603511856951 0
0.009348476424964476 0.004602933004623519 0
0.009554497971779175 0.004879337835996832 0
0.009727158041846446 0.004515073155261445 0
0.00943114330227097 0.004218138999527767 0
0.001159456935142909 0.0003001152084714008 0
0.009182398835094517 0.006579691013498323 0
0.01677040882935713 0.0007938320643795403 0
0.003497993011793709 0.001712423001346679 0
0.0004523856796970586 0.0001557610371725644 0
0.000181988850621425 0.001221092769644917 0
0.01680031127640867 0.005769123891741742 0
0.01675358743205294 0.005856729471048899 0
0.005850809127494061 0.005735933839907702 0
0.01540590827004428 0.003194621650021919 0
0.009549193147473867 0.001312552282426127 0
0.01507690937517888 0.006288663001158693 0
0.002733776299201999 0.006355763176930085 0
9.828981779198658e-05 0.002345027572958988 0
0.01684827820373653 0.004325950037012999 0
0.00142487145256307 0.0008626344676591451 0
0.0006352006639081063 0.0002525744925630548 0
0.00537499954628582 0.006111033836211343 0
0.00422535060792298 0.006713415228922577 0
0.006972809362285554 0.005685404021254128 0
0.007140537994877886 0.00569996384741508 0
0.004508028622994887 0.001163879109637828 0
0.01683472588052499 0.004783198977844015 0
0.01685122949357903 0.004654480700566212 0
0.0155217566898579 0.0009171449326773832 0
0.01019446571498083 0.002954866432601586 0
0.0104121016494993 0.00268005978308627 0
0.0001099949375024025 0.002029684953075695 0
0.004402592542767354 0.006656468793703986 0
0.01015855978362378 0.001543725465863502 0
0.007497771459103148 0.003825776987820733 0
0.00785306033783221 0.003816436821167413 0
0.009838614763580772 0.006783441517325393 0
0.01376652195688213 0.0004300564295164695 0
0.003384387451317808 0.001520797378098356 0
0.0005698169079812535 0.000162059667900471 0
0.01164680287940404 0.006246235131711447 0
0.004295951504533633 0.001466544775217835 0
0.00741614585368376 0.005745354631195149 0
0.01246452440004088 0.005566706611608082 0
0.01662691051522754 0.003038251890924955 0
0.01675042740306923 0.003108931226672128 0
0.01683732740484518 0.003031708348966235 0
0.01420095058130333 0.000103291918721844 0
0.01008247291870665 0.001321426360450787 0
0.006523741612267067 0.0003259776760358704 0
0.01565909100928874 0.002164114149365187 0
0.01561683507197179 0.003538574749781732 0
0.01573796837374637 0.003240843550141563 0
0.0158413677460945 0.003711292152512887 0
0.005687258544963321 0.005986838707581345 0
0.0133677010507003 0.002773069390937723 0
0.0132426143849498 0.003190139997884828 0
0.01583548327442782 0.0001709301226714651 0
0.001935080012714746 0.005457110117008305 0
0.01684497143053028 0.005863149138277735 0
0.01677651432965511 0.005953937851718075 0
0.01685410166090767 0.006042041821260476 0
0.006875707760769352 0.005644607858498272 0
0.008374957749929838 0.0007222927246986421 0
0.01528608814860149 0.0001955363783574739 0
0.01635038898161814 9.815318243845857e-05 0
0.0157463297483698 0.002778593049074008 0
0.0008870188417058802 0.00239242810790921 0
0.01198093129853336 0.004260377085747788 0
0.01163119925370932 0.004404956943950639 0
0.01167212993670791 0.003984502995571764 0
0.01643544962402493 0.006652214175149225 0
0.01484609522805356 0.006152368236613519 0
0.01491271229058525 0.006216000315689106 0
0.0005586510381258708 0.001609516340481987 0
0.002081753538013606 0.006333373640343358 0
0.0004837281008668801 0.006774961608965809 0
0.01625818329544666 0.0001297758909354781 0
0.0164401873210803 0.003605417622539844 0
0.006070118885531176 0.00578384479414379 0
0.005265203453549306 0.006091067549783636 0
0.005308931009081182 0.006187370933427503 0
0.0168324140556589 0.006218631446363854 0
0.01688472739475975 0.006301164394141317 0
0.01679225091076313 0.006128764316322891 0
0.01675582763017457 0.004286252353778714 0
0.003668573013016261 0.006926461241085841 0
0.004760956002909829 0.001045928747327298 0
0.01402987875209336 0.001992184136835687 0
0.01288845508253255 0.0002052474142156153 0
0.01272921843624945 0.0002782177560952176 0
0.01545300933306921 0.0004338942790115914 0
0.009041357184546604 0.006194782729400344 0
0.003548627136142134 0.004733158585241653 0
0.008921338291852954 0.006472830889097802 0
0.01612148148471462 0.005039701618065859 0
0.01243309534310614 0.003183568135882703 0
0.0001109577553217601 0.001149389658373023 0
0.007976708740347626 0.005945938739259402 0
0.007871325223210279 0.005944858510727835 0
0.008071646204701279 0.006007736504032166 0
0.01016128610722343 0.006737820803662947 0
0.01073631676919724 0.002645511997205672 0
0.01071336624353061 0.002344651007586216 0
0.001284812956938466 0.006157096651812622 0
0.0006879756997849717 0.00682165407125152 0
0.0147094728862884 0.0002017244029889121 0
0.007144942913619161 0.005224640376215669 0
0.005931563525747894 0.0009985779657402109 0
0.006680640837028251 0.003939504603594244 0
0.006910198117455228 0.004142817458836334 0
0.006285767434139429 0.003917514693923174 0
0.006137196245322995 0.004216574202798006 0
0.006460364012871461 0.004227872205582551 0
0.01261453173137937 0.0003265279172766514 0
0.0003166461544945043 0.003273678605120353 0
0.0002135087388892513 0.003188088131864817 0
0.01199465099016523 0.006050287825502822 0
0.01364646994658445 0.003090241899549506 0
0.009511795601107487 0.006700024837683548 0
0.009609915355210443 0.006685559485796902 0
0.0001696486909038807 0.0002783521467187326 0
0.000128594299629723 0.0004498196912623119 0
0.0002214237948727632 0.0001835602594733188 0
0.014100056278147 0.0001092384790500381 0
0.001601848547450024 0.006221378881733909 0
0.004133039629276345 0.004150738662717098 0
0.0004524686496747022 0.00410082774337757 0
0.01689726382800755 0.00349174029674498 0
0.01318288940267543 0.001176658450874273 0
0.005543807665139355 0.006061929944460442 0
9.921796572833624e-05 0.003449004540190149 0
7.420026962305995e-05 0.001942747678450098 0
0.01350544178451114 0.0004299599150340812 0
0.009173360801098384 0.001137261171856053 0
0.004340808130170767 0.005249576705829579 0
0.01453721810908398 0.00262638782748902 0
0.0005255423233475904 0.006315541000644773 0
0.002683548358751295 0.004145307437283587 0
0.003089308035795095 0.00410171908698927 0
0.01088812546128389 0.003977262339635045 0
0.01108342478570513 0.004287647370786567 0
0.01070888035317139 0.004324046774678866 0
0.01049442159063024 0.004003229001172011 0
0.01033175803686751 0.004348306213431414 0
0.01056564418258807 0.004710042628652474 0
0.007621655733513117 0.002799115059688786 0
0.005084890286877168 0.004054850555156756 0
0.007217655286417586 0.002820908395027762 0
0.007011432705265396 0.002501496614178833 0
0.007430467245076556 0.002432042917858932 0
0.00817697386566384 0.00603017558671903 0
0.0169129935778808 0.006748956719398509 0
0.01690823840387321 0.002354362384480542 0
0.01691616823105778 0.005434465548119227 0
0.0169168387480662 0.004949776880196196 0
0.01682986136809118 0.004888052124158834 0
8.348314263780313e-05 0.001549378936570163 0
8.045709023942957e-05 0.006147778996435626 0
8.656783994570594e-05 0.004648136809710508 0
0.0001557541373677848 0.004693775210773465 0
8.306746349960072e-05 0.003947846752226113 0
8.656783994570073e-05 0.006647335437542985 0
0.0001790500247351029 0.006595826906750273 0
0.000178122198902746 0.006489889167223885 0
0.0001797807869950464 0.006700046923737794 0
0.01691043110355154 0.006549172299197011 0
0.01689957751503073 0.003851843840407355 0
0.01689918190655088 0.003749496485030485 0
0.0169134321600543 0.00255178305307274 0
0.0168182211301926 0.002407958369580724 0
0.01691423197472859 0.003252068734220922 0
0.01682682961967586 0.003201522607118281 0
0.01691933494426146 0.005649499898041377 0
0.0169025807752123 0.001862544737450458 0
0.01690928930433179 0.001761468774272528 0
0.01691980104618204 0.0008547438465744024 0
0.01691459735330681 0.0003595457140057497 0
8.741571768064102e-05 0.002548578376729077 0
8.629631340494048e-05 0.002649311072355765 0
0.0001764217304034144 0.002594717006881157 0
8.909655343920277e-05 0.003148290739415573 0
0.0001735865636352044 0.003090479315497833 0
0.0001063280514701035 0.003267364149644517 0
8.614912069980843e-05 0.003749071381361207 0
0.0001733318339913123 0.003799687020335426 0
8.44728374236707e-05 0.006346618680948372 0
8.672713027905489e-05 0.006444897241890284 0
8.65678399457042e-05 0.004448216946927259 0
8.147253084971745e-05 0.0009476167995861734 0
8.720603523889973e-05 0.005138218195716054 0
8.987685461174511e-05 0.005240328990542299 0
8.6567839945699e-05 0.001349459073786911 0
8.065908864059342e-05 0.001750523734624703 0
8.656783994570594e-05 0.005947615917801624 0
8.366945812714188e-05 0.005443860425365402 0
8.656783994570073e-05 0.004148337152752387 0
8.827742607642533e-05 0.00424604752435867 0
0.0169134321600543 0.0015521837391565 0
0.0169134321600543 0.001052384082198377 0
0.0169194083105893 0.001248721405347547 0
8.662236626897149e-05 0.004938270335032045 0
0.01473870860922395 0.006133977067258352 0
0.0001786037260303082 0.002493447029830345 0
0.0001742886345309554 0.002699576556931824 0
0.00195884626231678 0.0007476824748688738 0
0.0009659327725387327 0.006836225824802184 0
0.001793026027499117 0.006841356775634691 0
0.007620925017149984 0.005526853048548332 0
0.00217548369181688 0.0008675080594618264 0
0.01581389496146184 0.006666197803995957 0
0.01460229874063584 0.005981782356008936 0
0.01451715249824347 0.006038258077088144 0
0.008674419410313487 0.003070879155502772 0
0.007321055208051239 0.005458283761724051 0
0.004028564686814835 0.001333572295568641 0
0.006660765868901197 0.0008816245476127686 0
0.0001731356868434671 0.003698517461490063 0
0.01682686431315655 0.003301482538509928 0
0.003497663462026224 0.006920393652941602 0
0.003550504032324825 0.006523717700202427 0
0.003330242795776868 0.006438582806951844 0
0.01655741272702506 8.472643802438957e-05 0
0.002705299556668622 0.0069184737372882 0
0.0002411180422769374 0.00691261879142023 0
0.01547358898735902 8.106664659237196e-05 0
0.01459457237620929 8.542156686739983e-05 0
0.01606661156091915 8.125538663384009e-05 0
0.01611151220629239 0.0001703278356614403 0
0.00113067132403018 0.006914696418408068 0
0.002213317672246371 0.006915951754301619 0
0.01586867608562897 8.556251206229748e-05 0
0.003292009373990016 0.00691860976043292 0
0.01568263485615664 9.703279347769624e-05 0
0.01369938997370564 7.700191535470755e-05 0
0.01479785511603724 8.12602564129036e-05 0
0.01538097691027152 8.163267177030854e-05 0
0.01390110851806141 8.619614198147755e-05 0
0.0004398859739227837 0.006918862121379181 0
0.003101457954475968 0.006914164723657022 0
0.003144489991119186 0.006828773087296224 0
0.001324393556137018 0.006917308929512516 0
0.00211510769815481 0.006914120672978107 0
0.0007376508622142942 0.006918822737388633 0
0.0006394320224791267 0.006914595895417475 0
0.01675367534342168 8.341603124596263e-05 0
0.002897454545785049 0.006915880364709444 0
0.01012581881053495 0.004685213072770952 0
0.000274750032052816 0.006423184301489169 0
0.00547400139289381 0.005560440922218739 0
0.006998562621558273 0.0002042207835762748 0
0.006701703125385801 0.0002135132047428314 0
0.0001700306308732961 0.002809154255452884 0
0.003875948873465101 0.005389863092647303 0
0.003584310550386962 0.005360962219953981 0
0.003728684978164482 0.00507694889293946 0
0.004874900165520194 0.006419770185444283 0
0.01439536636732064 8.724194068594022e-05 0
0.002271106435538655 0.005543126796582632 0
0.0001825232695840603 0.0007959549737590597 0
0.01088053670148218 0.006626773349805999 0
0.008223607002279311 0.001215709505622776 0
0.0008374630920311146 0.006542893376770732 0
0.01439682433357255 0.0059227508893618 0
0.01429122578678985 0.005914500786759959 0
0.001136774645114006 0.00531952305849141 0
0.01523583319855495 0.006383609525346564 0
0.01529764612503629 0.006449248642396676 0
0.0001792164914096745 0.005585878095780479 0
0.01376293876999356 0.00549375629097347 0
0.01366802428530845 0.005401338329965656 0
0.008235733744324543 0.0006330981658156523 0
0.01512902262370699 0.006359487373918267 0
0.004458932458442713 0.006254023362783898 0
0.001046856667336379 0.002537063629135043 0
0.0002900473707918641 0.002639290170952843 0
0.00385032583757065 0.001333314219100758 0
0.007699511758060787 0.005815959801424133 0
0.009613568141833208 0.001640559262417366 0
7.969309951723347e-05 0.000248582262206466 0
0.01281194409065733 0.0009234350928188193 0
0.01296693399996251 0.0008429101838749527 0
0.0001873067184441565 0.00681711677158712 0
0.00108045616246378 0.006828153845808249 0
0.001185223079531538 0.006828860728271198 0
0.0169066046439674 0.002151281544596393 0
0.0001862242887727891 0.00527387249681587 0
0.00783434459848556 0.002457294654908776 0
0.01446985738900897 0.0001809942054294225 0
0.001525331775128423 0.006921709757308797 0
0.01058006349390418 0.00659102323263532 0
0.01316368618796262 0.0009176707361278685 0
0.01664623691261452 0.006878777254030969 0
0.01584602449349204 0.0008467105781200367 0
0.01458382325041719 0.0006879756342901655 0
0.01444728438957669 0.0008177314874872896 0
0.01286736714618664 0.005773120261247397 0
0.007836963594397586 0.005499742613647399 0
0.01630738880732974 0.005761181683365015 0
0.005768302914345773 0.006005304037498532 0
0.01359495180345149 0.0002986664701391316 0
0.0021597013402932 0.006832062314044184 0
0.01494597121485971 0.001696852507609628 0
0.01440559165330256 0.001899765768452912 0
0.01365942023544058 0.005698622166405008 0
0.0135386883769511 0.004714556289653996 0
0.003029102677405558 0.001428262436274943 0
0.003108999093067904 0.001242881651489103 0
0.00533565953377782 0.001037331478275668 0
0.009796398631020664 0.003032948006416096 0
0.007310635878136325 0.004987504604265086 0
0.009514541771549945 0.001405812173006866 0
0.0001717867882919475 0.004600494141362523 0
0.0001679002912866497 0.006116546347311797 0
0.006913847333145392 0.0001913112382466589 0
0.0006211901076590802 0.006509646985344572 0
0.005480741280329922 0.003938837857461316 0
0.002506827779232638 0.006919952884345344 0
0.01009304105589752 0.006814052655647193 0
0.0001600102179419235 0.006282318694768306 0
0.008596523739102269 0.0008087167393418197 0
0.006261470200739598 0.005749398934310744 0
0.006373077160840348 0.005776439060558121 0
0.004583433631325273 0.006594152789228259 0
0.01257925757731411 0.001863030230190419 0
0.008475013992485713 0.0007394181509111867 0
0.01604268674402925 0.001624455260074717 0
0.003317463238137818 0.002372686457878118 0
0.01568634415904881 0.0005394689530243183 0
0.006854507180664065 0.005055704654231739 0
0.01690921140210485 0.0001536768734421252 0
8.2920892719128e-05 0.006846932283635606 0
0.0001737454728953682 0.004306904050583255 0
0.01692118804842971 0.005149231300139378 0
0.003959673323817399 0.001513322418961792 0
0.0006552232016481564 0.001222587871331481 0
0.00855730601548027 0.004172141739686971 0
0.001270758262518111 0.004313860376149051 0
0.006164233414292786 0.005801027499813349 0
0.0003499333728411783 0.003924400808601597 0
0.000261417308821529 0.003853189349877422 0
0.01671222129572011 0.0001686687103009147 0
0.002067172688671237 0.006830332210191449 0
0.007174333222326308 0.002172355430387356 0
0.006868259412930981 0.002176035897827336 0
0.01691528351981822 0.000547511992579317 0
0.0001531804325486733 9.479029085611608e-05 0
0.0168338073954083 0.006905828100153085 0
0.009786184963644057 0.001303143321998862 0
0.01107592426258488 0.006541207842082451 0
0.01097357847333141 0.006576697824704728 0
0.002245978637045612 0.002212013608446531 0
0.0006997621246459251 0.001657350533768967 0
0.002380048034087673 0.0009573797444371486 0
0.002477528061498875 0.001016080137965182 0
0.002489671844213791 0.001119241841075951 0
0.004535105624477048 0.006365302439719077 0
0.006089569391174774 0.0003942164971067709 0
0.003444643939524921 0.002191905014031064 0
0.003641690960193054 0.002248974303794442 0
0.008729792304064392 0.006359182102112962 0
0.01517480972781605 7.558733852553118e-05 0
0.01199626788213533 0.0009301609676471692 0
9.735388249532823e-05 0.002246456425193197 0
0.01683718455535117 0.006498796518385058 0
0.01683344527758588 0.006401315719698573 0
0.01187735908903005 0.005629599387589283 0
0.01676299642641219 0.004606305627005206 0
0.0131199397571162 0.0001724425826245594 0
0.004349191813327859 0.006145195355629796 0
0.00961080893196252 0.002753651453427253 0
0.0118171928519464 0.0008629810489835374 0
0.01094240403886703 0.004609015553519745 0
0.01118384037550441 0.004870891960548227 0
0.01343415709646158 0.001276110718129057 0
0.009740992939753178 0.005136410178307785 0
0.005687322337487701 0.001083280228520244 0
0.01626019986311357 0.005340081716921207 0
0.0125910631726589 0.002833217896642787 0
0.009184114989228026 0.005320685010534261 0
0.01281902324039936 0.0031715647090458 0
0.005378616690518159 0.004928232086848151 0
0.00599202255501111 0.0003508434325247374 0
8.447561983921173e-05 0.004839430805061575 0
0.0009610048074792698 0.002966915819926226 0
0.004054318712358574 0.006782495564117806 0
0.00411796751757787 0.006832395879033577 0
0.0001813441931725404 0.001063257706264057 0
0.001257482955367475 0.0008826470900040609 0
0.0001687755880363101 0.003901921060956129 0
0.01130359276748502 0.00634946323022443 0
0.004483794212757831 0.001476480317654009 0
0.01338173691949771 0.00567426956266307 0
0.0132637725053501 0.005687564810018707 0
0.01320674582200909 0.005610493594421659 0
0.01293281407030047 0.005703735730693668 0
0.0166822605561983 0.0007058852323204288 0
0.01252028160287957 0.0003797724835991161 0
0.01241432921578775 0.0004041777037056852 0
0.01087434359750466 0.002177753867848092 0
0.01066340388792122 0.002106217791901462 0
0.0001730158726293632 0.006385252167701408 0
0.009669066938875459 0.001217289198510543 0
0.009076575385263229 0.001130273321482114 0
0.009123639011278904 0.00105702274172384 0
0.009036693625771556 0.006057000437685557 0
0.0002602948602388518 0.003748467182534507 0
0.01374994297951904 0.004852358017629468 0
0.01302979879321882 0.0001635286473217392 0
0.009480495476460977 0.001218570268498971 0
0.009417487974291748 0.001144919925326999 0
0.001270587460144905 0.006850861454580021 0
0.01672728759367489 0.003236906982491564 0
0.0003872330885453627 0.006826465164460081 0
0.00621085751463593 0.001772469535507638 0
0.01690326653657544 0.001355906200221317 0
0.009260917244242231 0.001127017077885689 0
0.006657522787576865 0.005600611807858442 0
0.006710467691970012 0.005680601581840963 0
0.006567806970394508 0.00574203243025363 0
0.01593529811633285 0.0001621214343158614 0
8.138288814791422e-05 0.002853296376051253 0
0.0007862461209451844 0.0005849544197742093 0
0.01089827444261223 0.006506521009990905 0
0.003927278133332664 0.006303918076624831 0
0.005706574306971896 0.001730130563887816 0
0.006281396183528095 0.004494498228140182 0
0.0003495951744341523 7.5629361248249e-05 0
0.004680718273228619 0.001106224669117572 0
0.004720901548852836 0.001574780980303013 0
0.01198122648833519 0.0006616633697641401 0
0.008537023541168592 0.0008740360773971806 0
0.01239142702536698 0.005466566465335113 0
0.01042014523844521 0.006805751956190473 0
0.01627279820195794 0.006847627088310384 0
0.01442800868368325 0.005119354343422027 0
0.01463098516843883 0.005092098335145673 0
0.01473694514222844 0.005272903876479405 0
0.004628675514703058 0.002159756566720621 0
0.004460801913347918 0.002324908242690522 0
0.004448470456078963 0.002607628440302597 0
0.007687611959870554 0.004766314790417702 0
0.01691977654250067 0.002749928914158755 0
0.007140286252165441 0.005593099131476913 0
0.003502473254546411 0.002541438865796386 0
0.0168431069389509 0.001190583005967189 0
0.009918151242225592 0.006235592180568664 0
0.004803149353720594 0.00576546036125326 0
0.001437323179207461 0.004498990390042891 0
0.006358139346686919 0.0002813912609746774 0
0.007922213401186925 0.0004661945224420181 0
0.007834523361841809 0.0004172897342617056 0
0.007917880345090526 0.0003793262203395952 0
0.0148902950057558 7.551233081771937e-05 0
0.01462802305497666 0.005418629586996373 0
0.010356002402071 0.0049850486044727 0
0.01638594569348403 0.005231697312835898 0
0.01654096384029859 0.0007742031308808966 0
0.01102923856499692 0.006639638180616076 0
0.002751924860211504 0.006835606953893716 0
0.0002592147409566075 0.004692368289881626 0
0.01374633200293213 0.000678812177069135 0
0.01683532712815251 0.0004084184437756059 0
0.005185039144619749 0.006234037754040153 0
0.003741791554639258 0.001320238135085223 0
0.01683500410879181 0.005099367077540813 0
0.01411928300099894 0.004185499384725448 0
0.01674368460296707 0.001807265858209232 0
0.01681170653805337 0.001735044726496883 0
0.01668280903976929 0.006120610200393418 0
0.00882681778435563 0.005939123012827476 0
0.01618532336357193 0.006546813831476331 0
0.01620591598244089 0.004662957433063505 0
0.009378595543256719 0.002211307338432253 0
0.0009309822268969972 0.006920166548833934 0
0.01316236651285809 0.004927123293120218 0
0.01296867611693196 0.004972910326880537 0
0.00255517806914613 0.00684039526578827 0
0.004631462884231152 0.006026443820828578 0
0.004465349160611551 0.00600506090495195 0
0.0006019488131129118 0.00620968104102622 0
0.0008137274144978139 0.002775557806707451 0
0.002850792371705583 0.006835393249084637 0
0.0169138401873318 0.004160278303909316 0
0.005704263785562971 0.004703745346118452 0
0.01409917930339473 0.0005520599468618863 0
0.009082893856282817 0.00659935348856973 0
0.004242542082239357 0.002054169918212599 0
0.004851714994346988 0.002223144493825313 0
0.001945570976201761 0.001285915094303199 0
0.001684275350626473 0.001332635472735879 0
0.008830794494263897 0.00635490474381413 0
0.002387947492461399 0.001638930881359235 0
0.01544975006439607 0.006529495917730671 0
0.01549571891468731 0.0066011914487157 0
0.006133562425823452 0.005490693486847525 0
0.006215611340129186 0.005397662157177134 0
0.01632778861964339 0.00550928811449757 0
0.01283311896251531 0.003858258740976507 0
0.01423209891777453 0.005852953514677788 0
0.006256227089626218 0.0008161289707425733 0
0.006388430182419062 0.0008987341832736371 0
0.007701397097995995 0.0008576632193177816 0
0.000866222401551188 0.004268050690422256 0
0.01117809207971578 0.001082866113124813 0
0.0001655740198841342 0.005897635952105801 0
0.003755851403633824 0.002101371500892774 0
0.01021943684113502 0.006143935771153504 0
0.0131566589712657 0.0005989109747917298 0
0.001745625178242944 0.003781151799368472 0
0.007020138218279527 0.0006871875419671783 0
0.01147945563995263 0.0008545899097342591 0
0.005522602993626719 0.00614524289385625 0
0.009736636790546038 0.002061565147728579 0
0.01607680676351551 0.004011565455329237 0
0.002269834121196855 0.0008242494416985484 0
0.0021184431126145 0.0007888614898770635 0
0.002477011493641978 0.0009227436334867246 0
0.002910540758310651 0.004448065417169292 0
0.01167258159779775 0.001629850191248518 0
0.01180876411378456 0.001775046238196885 0
0.003032248777653374 0.002160165350546191 0
0.0134141096780915 0.005027082519417145 0
0.009766148327571526 0.004093392677951072 0
0.01129663923366232 0.0009670982227025669 0
8.090441308087129e-05 0.0007595088285120275 0
0.01141866930012361 0.0058432527764464 0
0.007460338214067664 0.0003256631237553618 0
0.005312680130521051 0.001168808040751966 0
0.0116810540505102 0.0007559012706858004 0
0.009285140145995532 0.002752983569895496 0
0.003474425951892397 0.0056014280894357 0
0.004763449801666967 0.005163413639774013 0
0.005384269792656749 0.006213630533846112 0
0.01160970155686297 0.000781617426699579 0
0.006026195014390602 0.004516990421458101 0
0.01598050525202041 0.002905832803319972 0
0.01579272485298715 0.0029985824760267 0
0.01365048688485204 0.0004025272100748375 0
0.002348353357507677 0.0008634838878100971 0
0.01465827685652328 0.006146085514281282 0
0.002667960176553906 0.001022692419734416 0
0.01389251316124196 0.005435000199414473 0
0.002095522110079291 0.0007145038423632365 0
0.008037532788255562 0.001026942181316128 0
0.008250141462931546 0.004962414348444685 0
0.007155112745063139 0.0007208075235371975 0
0.008809637178456011 0.005213325685568492 0
0.000467913312960401 0.006002438321230799 0
0.0008917419221263654 0.003420911493240749 0
0.001005370208140404 0.0005980256426272837 0
0.001732902886464676 0.006746706390618365 0
0.01140879257102862 0.0008820805062837007 0
0.01486797281237028 0.005524906754123459 0
0.01492201378360341 0.005348239945690699 0
0.00111893082447204 0.0006563079923170229 0
0.002265272139387831 0.004813124516487877 0
0.004937494999420607 0.0009015031937996869 0
0.01206905004248836 0.006103096831974773 0
0.01023931866195628 0.002147872084603701 0
0.001936809879601874 0.000649739598357923 0
0.01505331878947176 0.006372620260020112 0
0.005754550733045144 0.004907414097821288 0
0.01181349779720553 0.0006719079246599305 0
0.005193670120083644 0.006322179309787401 0
0.00537974565688058 0.001881435490142927 0
0.008761701822911404 0.0008226867555387197 0
0.006498392993919263 0.004588500720024601 0
0.01511781131201465 0.001437606373891952 0
0.01048872835745352 0.001590366525960323 0
0.01070382559295751 0.001394244633479761 0
0.01077336591260938 0.001309440123121019 0
0.01069845771487198 0.001245884783546618 0
0.01087281799149694 0.001338111485059798 0
0.01085523088973792 0.001232919690889457 0
0.01094878552003285 0.001265011686343054 0
0.01514045486959592 0.00289740584729888 0
0.01348895031117022 0.0003223649000195041 0
0.002542306374538169 0.0009566991558146464 0
0.002994229216590833 0.006819665158266366 0
0.002824791481162396 0.002190995774887888 0
0.01194026917706595 0.006178710938413393 0
0.01177406920706997 0.006169384041683233 0
0.005063098177088598 0.0008226867555387188 0
0.008176226560231193 0.006139646363018338 0
0.008824018884809734 0.0008573996497565489 0
0.009091996797138183 0.0009854695747395499 0
0.008368415551272964 0.006238158452900764 0
0.008514979723587881 0.006230305605908017 0
0.005198798155510188 0.0007646316768310959 0
0.01180340019322659 0.006246585874321723 0
0.01121599675740082 0.0009971418411723358 0
0.008809205515740917 0.004453538099162168 0
0.01311535971709276 0.005105222881835184 0
0.014135461772927 0.005884795740154842 0
0.006530636315216755 0.0002331552637425565 0
0.008036583005423627 0.006081460294367196 0
0.004868823638623598 0.0009182249971147615 0
0.008957659801284962 0.0009241061512454091 0
0.001890419622906108 0.0005920632857997427 0
0.001737598883040685 0.0005837404480707902 0
0.005065865402575476 0.006405013461162773 0
0.01193413459742453 0.0005949865388372236 0
0.01605444016393397 0.004392206713978096 0
0.002523848903252168 0.006526739974948962 0
0.01536929129658485 0.0002467830708100501 0
0.001330429519297404 0.0007822195139987756 0
0.01088465785693823 0.001132848371869783 0
0.00612283813237433 0.005864930475935195 0
0.005315757446278071 0.0006857351782366692 0
0.01167679267228082 0.006318421792568397 0
0.008505144964761477 0.006314335319587531 0
0.001099591535861979 0.00475916265474898 0
0.01225522670659509 0.006009076902831019 0
0.01233503402329154 0.005884819435236756 0
0.002742416163025395 0.001057347422581765 0
0.002190424948124464 0.001752104719220758 0
0.0001709501313394771 0.005391563644683657 0
8.3831942725026e-05 0.003559220412689378 0
0.004177482403811467 0.001267660882177074 0
0.002897728249879418 0.005841886733160166 0
0.0001656325199704857 0.0009077845233006858 0
0.01265545401407512 0.005631035626732521 0
0.002445073287098873 0.005778836632899634 0
0.002600252918450906 0.005551928598587894 0
0.002008952517835351 0.005761807464320811 0
0.01234229621180676 0.001661678030165914 0
0.009865876288868175 0.00129087546277921 0
0.007580275283235367 0.005879593572152874 0
0.01286747776458548 0.005226734340447067 0
0.005826014485403147 0.005578286901730528 0
0.01206291221936011 0.0005207668943516945 0
0.004937087780639885 0.0064792331056483 0
0.004607829735819195 0.001058696040602311 0
0.01239715158020798 0.005945217330983974 0
0.004803987314151793 0.006546186933286187 0
0.0125524832439411 0.005281471894292042 0
0.01589620936277836 0.004256346844205772 0
0.007531892783961096 0.005795730318050332 0
0.008372415804629588 0.0006102835070352914 0
0.01154526023228706 0.006379538382528586 0
0.005460496388854827 0.0006060124702993476 0
0.008633785586342237 0.006368845888964135 0
0.01673880112724234 0.004188040058695888 0
0.01596511319335544 0.003300379788605253 0
0.01014445920819339 0.002627409301934984 0
0.00306923362738182 0.001168799175499298 0
0.01392910694834678 0.005825918580839589 0
0.003208814755416215 0.001286472236957909 0
0.004348446539229871 0.001164902996319301 0
0.007721550262072907 0.005920245658556811 0
0.01175384346278528 0.0008081111918522878 0
0.005487244704593573 0.002643627230680698 0
0.002746630354639287 0.001935452775414363 0
0.0008001513952839313 0.005055321131020162 0
0.001922462920695553 0.006921647048023194 0
0.005984898203918054 0.005843214800119529 0
0.001695344829931261 0.00049475892999256 0
0.001385166356354916 0.0009918324296207415 0
0.01406112149770229 0.005873211375543915 0
0.002251988872511687 0.006832928788498148 0
0.004471300415577971 0.00109653452970569 0
0.01252869958442203 0.005903465470294311 0
0.01592760366093246 0.002148051317814943 0
0.01217345742134521 0.001491102962257743 0
0.003233874019800967 0.00668783635747424 0
0.01636566954687717 0.0008599744673397597 0
0.01683123436623721 0.002924072555817056 0
0.001678969402432562 0.001157753258807304 0
0.01054148144411515 0.006035010749686604 0
0.007382324704369212 0.005824823784032027 0
0.008236307605752573 0.0005450579699493602 0
0.005590652727635379 0.0005484271983489841 0
0.008769690796053806 0.006442281690076537 0
0.01142147981069816 0.006457916598135794 0
0.01081074850016878 0.001159361977761962 0
0.01284085762649155 0.001762630464849599 0
0.008108401374114121 0.0004865658655395563 0
0.007432902053414678 0.0007782316796746827 0
0.007324280175183022 0.0009074258204455018 0
0.005871721600989354 0.0008736079849574847 0
0.01110149134002675 0.001915797121059343 0
0.0021018199054656 0.001467290233596188 0
0.00414003686467077 0.0012004898031648 0
0.007510343209191853 0.005866391823062683 0
0.001822703514904062 0.006924263529384259 0
0.01584469173661731 0.002550450555444628 0
0.003271670337721941 0.001225193101755233 0
0.01372779132248332 0.005782681831271794 0
0.01376289874789634 0.0056950245320832 0
0.001306302795031151 0.004716106810533451 0
0.006469969860144426 0.002862911913173933 0
0.002578868939695271 0.001053137765736468 0
0.005549651250491797 0.001172786309792796 0
0.007557720136321928 0.0009895402107533025 0
0.006507234130477026 0.0008141851729017769 0
0.004273278320726777 0.001162742000328582 0
0.01386201106336363 0.005806072880834807 0
0.01240616386010676 0.0004998961334422834 0
0.004621236196779954 0.006662814494723388 0
0.013832085906827 0.00403526407611897 0
0.00473516520715345 0.006580590302399284 0
0.01518873737331311 0.005786093411277781 0
0.01490458837204507 0.0006428043443263112 0
0.001557941027069396 0.001257237602544822 0
0.003883454088908745 0.00126063867599301 0
0.002408303305172505 0.006920996262284696 0
0.01604811689956688 0.001803733284852991 0
0.01603037590344801 0.006404784630793678 0
0.001524227834574207 0.003607958257850718 0
0.007611312747547823 0.001869097708016503 0
0.009823294247032439 0.001231397821758011 0
0.007180141737087366 0.005768177971394305 0
0.0106219660521698 0.001215943456983979 0
0.0108410587176329 0.005992484741683781 0
0.008603531758730182 0.001328656477548408 0
0.000659960303093992 0.0001454575035526647 0
0.0007291317868490209 0.0001104525832718909 0
0.01580319027588306 0.006348451644275346 0
0.009517734548465216 0.006230997177683038 0
0.005718014168353956 0.0004835500601828111 0
0.01129064482358219 0.006527667372650115 0
0.006236250973897015 0.0009724175882502776 0
0.015451810693596 0.006059169820741998 0
0.007328023545550587 0.005792089709274022 0
0.004801793165797992 0.004355762816778791 0
0.007742130125402705 0.0003902250870571034 0
0.01145306997067816 0.001849039460752103 0
8.353943377348294e-05 0.0006449808140657712 0
0.004734485782458346 0.0009832455283610062 0
0.01036005029297818 0.001315075123407569 0
0.008024655019845402 0.0004861281410919239 0
0.005387025544554887 0.005663518220688581 0
0.01254439711932094 0.001352763461903124 0
0.0005510374047147486 0.001465689330455401 0
0.01596331369228346 0.006770769188050876 0
0.01562000116913835 0.00667793634706013 0
0.01352710370479248 0.005743861854524499 0
0.003472451141774816 0.001246902846814654 0
0.001477441893504335 0.00684098081649788 0
0.00135167648128968 0.006699125982526699 0
0.01119455185080734 0.006497413223984419 0
0.01692262387408307 0.004739291199283605 0
0.009284260699437113 0.006070263096716253 0
0.009555126268467041 0.006069801651048149 0
0.00406901811239856 0.00120858876794147 0
0.01186167241951459 0.004854799676406189 0
0.002024258236061413 0.002110366517428031 0
0.003338253335614014 0.001230660636910317 0
0.01365694832613624 0.005779017094552906 0
0.007056525723156016 0.001878533656372196 0
0.006766193246431051 0.001860049994171739 0
0.012004798209007 0.001513858245240212 0
0.01113832036604671 0.005906169079913849 0
0.0006824438504517728 0.001972303355743612 0
0.002939467166708584 0.001125155091916344 0
0.01028731607167028 0.001255701488158266 0
0.008948350071831264 0.006558583908096316 0
0.01683561087976161 0.006695427901250879 0
0.01406271928197105 0.001655091491984476 0
0.004959830833018378 0.006381166235281547 0
0.008151005581519686 0.0005841678009143722 0
0.0100256823153859 0.001263076183295483 0
0.01673594239584524 0.002454777829641661 0
0.007438362727411748 0.005396841565074629 0
0.01554299246569378 0.0005324950671869357 0
0.0001740506632612222 0.004975976932781968 0
0.003536640806082358 0.001264144417423508 0
0.01345398137511656 0.005739658808420901 0
0.01244015966407219 0.005863952629003912 0
0.01651753313045719 0.000162448808660337 0
0.005592004122130191 0.005492571241974718 0
0.01021319700241007 0.00127158846926274 0
0.006781277806425627 0.005744842994536734 0
0.00644114496208523 0.005706768872591446 0
0.008507162192734993 0.0006767757174230425 0
0.003739539951192239 0.001253042953759232 0
0.01332566873325363 0.005743532630734519 0
0.0001973857219816685 0.002192467667729128 0
0.003674668781834561 0.001258815316190099 0
0.000965840743346053 0.003936653668450278 0
0.005842780984927226 0.000419646553095513 0
0.0111625317889889 0.006586954915896716 0
0.01300986268607909 0.00351419765246789 0
7.7640114978305e-05 0.002951249451726402 0
0.006916418929211557 0.005736770060700268 0
0.01008552018294167 0.001250022531780661 0
0.01693061870536783 0.005854371841385861 0
0.002350029067341572 0.006833178784339295 0
0.01571714909191235 0.006102714588116813 0
0.0001669812644191603 0.001776411695860083 0
0.005283766766768506 0.002960936412491106 0
0.0005777117465566375 0.005767742145148033 0
0.01351817477475966 8.066315598188531e-05 0
0.01356639287663868 0.00543675015511489 0
0.006781241901426109 0.0007552257320928555 0
0.01244669049527105 0.000323350571635839 0
0.004553504873954382 0.006684791815672449 0
0.01048587995669078 0.001229430259934996 0
0.0008973120856214309 0.004766720730893373 0
0.005333940061421584 0.006258507361721807 0
0.008325473671513069 0.001382910423778666 0
0.0008255724289882053 0.0004692731596275339 0
0.00108115933076835 0.004138387311765022 0
0.008086941005590808 0.005908736347854601 0
7.935799078705175e-05 0.005635248298569052 0
0.01048092428417323 0.002435192202610357 0
0.01500767412502308 0.0001719240425657929 0
0.01567626474396666 0.006717407406780297 0
0.01173380932193366 0.005658954927455901 0
0.0116110124882375 0.005705705525598206 0
0.01683508635823242 0.0008903064457612153 0
0.007728652100067185 0.0003038254942330175 0
0.009273402500675905 0.006695094618118006 0
0.006913021134419705 0.00077646207658225 0
0.0001732162395662786 0.0005228728245288512 0
0.01101585820192249 0.001097117966703295 0
0.005252563682163738 0.0009446820230360094 0
0.0167361361199721 0.004929327083574114 0
0.01567081770794457 0.0008294375447384962 0
0.006714456297358109 0.005747805988830157 0
0.01332846028659044 0.0008578226952392475 0
0.003417038829457047 0.00163396832145518 0
0.001682158485600417 0.006836328743048334 0
0.004430870648039335 0.006747423971803073 0
0.0125763545564328 0.0002515706460732557 0
0.002782708636117881 0.001139245046872746 0
0.007521637047936432 0.005480679988675907 0
0.01683001940044711 0.004993057171774833 0
0.01692618282878278 0.005245376286176592 0
0.01660986637781453 0.004055817762900794 0
0.002489209259174606 0.005301527885959993 0
0.001185832795202076 0.0002290651181305415 0
0.0158232427878556 0.006756948316896327 0
0.001059981610240528 0.0001788414623894782 0
0.006520445974118915 0.001016126809062026 0
0.004696904586098799 0.002743981591567525 0
0.001769069539712192 0.0005134099772474477 0
0.003564547999980951 0.006844029719326178 0
0.01681148066488675 0.0001560781228411154 0
0.005807389604104487 0.002681864028900805 0
0.009480313037801148 0.001602293445753539 0
0.00780559333834239 0.00587865200627885 0
0.01462361822954102 0.005887381304361978 0
0.01691906573559782 0.003062958389561562 0
0.008232467543260459 0.006186456159729488 0
0.0001594508276531025 0.004005571761263159 0
0.01555365562030135 0.005931508629310533 0
0.006783249956808748 0.0001712512449125419 0
0.004467562031268531 0.00426444015665899 0
0.01084413935135039 0.006717472992919069 0
0.006154514581474394 0.0002787005189349764 0
0.007663871280328961 0.0002777923966372693 0
0.009330378749814133 0.006732410005082526 0
0.01106277095519012 0.00578468791862867 0
0.008582520046390471 0.006289384125892319 0
0.01269993942607379 0.0002025578704132496 0
0.004293850291760595 0.006784767171061656 0
0.01041677002860907 0.005909001066393579 0
0.00054504543267829 7.817880125178707e-05 0
0.0005794502063312858 0.006838246402848872 0
0.002866555351297636 0.001102694006115708 0
0.01226658703398 0.005809433572661482 0
0.01484693518522932 0.006250994185481728 0
0.0002837111988045222 0.005241366973552717 0
0.0169377867694528 0.004648829600835468 0
0.003494572686849482 0.002818620507721865 0
0.009121087132652056 0.004353151243060755 0
0.0009894002481253064 0.004961250768820988 0
0.006605933778573969 0.0001925335657298769 0
0.006435811463779305 0.000253154728484787 0
0.0143542301884376 0.001603033416437851 0
0.01617097278897099 0.006812791664446486 0
0.008881341876458134 0.006538362043059713 0
0.01428397736156112 0.0056567631098 0
0.01279326758557546 0.0003572900487863748 0
0.0104190828896001 0.001238953920565763 0
0.01624419985545833 0.00516336686348339 0
0.003331122879735875 0.004405671935304498 0
0.001126019478029024 0.003297681995783262 0
0.01071816699790482 0.006777785650236606 0
0.006290744330727271 0.0002359249084594008 0
0.009457873829477785 0.006769608262712886 0
0.007521965543104831 0.000243837062900511 0
0.001625977999073942 0.006918968977494618 0
0.0009913599472473073 0.0001639364840570062 0
0.01599977745476973 0.006840103825481064 0
0.0005242075519476079 0.006107921365816843 0
0.004609925561167355 0.001651687824554949 0
0.01255602118703957 0.005761016750866184 0
0.008451095399949871 0.001503287672993789 0
0.002464872900624708 0.002251683046488451 0
0.006314847578352798 0.005311203885418501 0
0.01693399304066012 0.00205399576108591 0
0.01500334811716005 0.006225642728407177 0
0.01483396094150647 0.005088660411631211 0
0.009140286704407249 0.006651933414106226 0
0.008079739453478769 0.0006467208820923618 0
0.01692098309114982 0.002863605372243313 0
0.003834548110192802 0.004014385228087486 0
0.01058878843976188 0.006812748409155532 0
0.009589216918882364 0.006810863006640904 0
0.006409075043390271 0.0001789500337936586 0
0.007416553737550197 0.0001840918455095542 0
0.005142698802037696 0.006043737963745893 0
0.006542006680328044 0.0001558857016579281 0
0.008963408095272461 0.005902937281423869 0
0.003450500437875196 0.006844403014974875 0
0.0164198367366605 0.006761183924476059 0
0.01237891613288501 0.000338112846156184 0
0.008525148004068764 0.001658038780884076 0
0.01612809451621264 0.006881092055833269 0
0.0008708715660800948 0.0001268092089075261 0
0.01024899133583728 0.006860113461963266 0
0.01068298684620405 0.001180326101002083 0
0.01542718526002551 0.0001612411937024251 0
0.002156262703523926 0.0007322846957211289 0
0.014894255810294 0.002600899038952456 0
0.006201961920799809 0.0003284649729318155 0
0.01444579773200318 0.006042966844408155 0
0.002198656237290717 0.006398925717693325 0
0.01213695632591302 0.006086814563089456 0
0.01079106817641296 0.005823718107009061 0
0.01373139630766824 0.003697613000012975 0
0.001984070716687934 0.0008465042484028366 0
0.001981492201790926 0.006836027125908752 0
0.01301487404939754 0.0001006808272520188 0
0.003977705452180852 0.006893862378998904 0
0.01011606559641394 0.00165497789491224 0
0.003671816148953932 0.006860959067491554 0
0.009364801543192308 0.001527125484673214 0
0.003137518029281165 0.001175364828595048 0
0.005992786583628305 0.005920924852178336 0
0.01538359583225878 0.006464258628584949 0
0.009706505390751097 0.006836343539816909 0
0.007285859107226862 0.0001688160764320582 0
0.007156158476593377 0.0001526830505475672 0
0.009846195285672443 0.00686229457582851 0
0.0002950853421941329 0.006845286347958674 0
0.0009080044738275133 0.0002010263987712738 0
0.01283168253671212 0.0001666711785518757 0
0.0004887482284879133 0.00118094872358129 0
0.007116542415965058 0.00577003965327815 0
0.01684495681304455 0.0003037922007786131 0
0.001260514793240859 0.006507384062845652 0
0.01259293350085834 0.005133569868099007 0
0.01256828659875879 0.005574563951459882 0
0.01360949431420896 0.004265473823840475 0
0.0001568767308964217 0.004397916949731342 0
0.003340138610394558 0.006840784446073404 0
0.006726171385319944 0.0001279240030513818 0
0.01358777041103864 0.0001711887148340722 0
0.005691258822650642 0.00538595280769419 0
0.00990786326295707 0.006820359587322867 0
0.001355917359731586 0.004079854715594891 0
0.01646377022843916 0.003735349973454772 0
0.0162540165027622 0.006918710851585581 0
0.01632026251065579 0.006917647739631373 0
0.00385486609360953 0.006915875998975017 0
0.0131445353708332 9.131455934976562e-05 0
0.01010429087496476 0.006015321424346994 0
0.01326766930909913 6.164941907611018e-05 0
0.003732701922258851 0.006925845761659407 0
0.01644105625463418 0.006926678833635819 0
0.01109266100686139 0.00104936271999732 0
0.007721874717843988 0.005479792537895612 0
0.0004948080950895554 0.005656803704503043 0
0.007097508035121966 0.0001235656864562208 0
0.003790989894604812 0.006861954336421 0
0.008634010175825428 0.0007473330893126738 0
0.004154746513191042 0.006770970500806332 0
0.01003133037566511 0.00687562652785977 0
0.01000174755635227 0.006801882728485499 0
0.006970008859336236 0.0001271784750213273 0
0.008230603571874983 0.00581988612673009 0
0.007228849386272501 0.005706556497385764 0
0.01552346157621346 0.0001584020943483982 0
0.00926822951758529 0.006600221473132241 0
0.006912400000000004 0.0001142555225667028 0
0.01009028725394201 0.006888963279927797 0
0.005176514195241724 0.0008659601902516866 0
0.01683282179514566 0.004225221458730167 0
0.008623773488392758 0.001848407453985055 0
0.002651852815997835 0.006838626212960393 0
0.01692058129818884 0.003568461867000816 0
0.01295303352079927 0.0006997406299111752 0
0.01650842158434665 0.006930893395458586 0
0.00738587112901294 0.00104442959870927 0
0.01436743692855907 0.0009738614838112362 0
0.01265512552957075 0.005863805017141007 0
0.01141076016439302 0.002027940537772434 0
0.01092990010868336 0.002994297877650604 0
0.0001499485406596234 0.002999538944134725 0
0.01662243975525851 0.001809608587936127 0
0.01095500777481572 0.00117845089974191 0
0.0008441033111681491 0.001935846202450318 0
8.057337831360312e-05 0.005755339659908429 0
0.00902586160571546 0.001218577970529505 0
0.005720905243880137 0.006050081700142361 0
0.00567904873035152 0.0005638753859172918 0
0.01326253404772143 0.005756925861289302 0
0.004761011299200524 0.003043861536139781 0
0.0003522562601889299 0.00368889814754899 0
0.006671729212490721 0.002530626909796732 0
0.01131585092247633 0.005733855648539793 0
0.01684336615722873 0.005376012535753023 0
0.006661839448807713 0.005508625312156535 0
0.01694195120252848 0.004449503402359344 0
0.01293623707150285 0.005783982537440524 0
0.01645272893294426 0.005780710749061718 0
0.0003707212083976421 0.0008572745757243661 0
0.01693537327227063 0.006050380651779584 0
0.0006778869600616924 0.001388649145093978 0
0.004906401601755604 0.00114668726158497 0
0.003402463497114653 0.001346416320140238 0
0.01001200714519281 0.0043321478954397 0
0.005588574314780666 0.006121960052508374 0
0.006793884344256099 0.005677768207173316 0
0.0004242428609462744 0.003998479465432133 0
0.003938458751962528 0.001236677381001618 0
0.0144560984524496 0.005980035538932525 0
0.004938284786080827 0.006285274642133206 0
0.004192788639048923 0.006253721965256472 0
0.009612327289024921 0.001173480584398964 0
0.01609848051251818 0.0004459048698271318 0
0.0001715348677783241 0.004776450391323604 0
0.009288939759858259 0.001064250422739353 0
0.01510677710238028 0.00534448080438909 0
0.01393237539072515 0.0001551971893180965 0
0.01692692968930098 0.006371372631144401 0
0.01577995795704944 0.00199457396505478 0
0.01644499028328249 0.001085869182224504 0
0.01589500256010543 0.006252210241095245 0
0.006502829536922989 0.005762205670311639 0
0.01061930055803303 0.005043551035669135 0
0.0002629123546410254 0.00308227333437845 0
0.0001526192594167412 0.001497999553490284 0
0.0008719547088370536 0.006843105384830133 0
0.0168290463459632 0.00158416118955962 0
0.004796917115391377 0.001129904262680281 0
0.009093644704974277 0.001588586584972892 0
0.00697841212787143 0.005755099807258962 0
0.002865598808554822 0.006396132430695938 0
0.003939540597955832 0.001315361158099629 0
0.01378978709277259 0.005592977286219287 0
0.00442650228435301 0.006360879176090703 0
0.01683829134950982 0.005479725621990731 0
0.01684627478323298 0.002697462183301441 0
0.007151461359653862 0.004221164447881025 0
0.006510194664859833 0.0004308249617334015 0
0.004306286223832592 0.006711460624180109 0
0.01638452532777424 0.0068572400656659 0
0.01607070677033244 0.004555451806452173 0
0.01442577010789142 0.0002639563532647908 0
0.01600267872695487 0.004893237767829102 0
0.01402600046112272 0.0006643313526999372 0
0.003167146605747947 0.006745298393436912 0
0.01142740752228164 0.004953434758646857 0
0.01146585118941426 0.004714553469250074 0
0.01487706670054966 0.00145726810805668 0
0.001567731717730334 0.0004262537294865646 0
0.001606004212496844 0.0005156593647192595 0
0.01464102178003352 0.000150857246443487 0
0.002403500465801387 0.001174031928925259 0
0.01587726668928953 0.00392389902500792 0
0.009646090738020325 0.006605168455981195 0
0.01684462507348176 0.003116876909874328 0
0.01417473469866058 0.005795467636429792 0
0.0165818426586715 0.002594774863498389 0
0.009489334584693707 0.001138009214662867 0
0.009237421566401047 0.001559740281370492 0
0.01146404610190335 0.005707066929408439 0
0.01128642808862388 0.006442445640255721 0
0.01218923739865607 0.0004444179873635754 0
0.0109636843156501 0.006670663740018594 0
0.01606957482454755 0.006802212205378291 0
0.01656433504962309 0.002398614752841536 0
0.01692863109208586 0.004364373638406673 0
0.002743181532164162 0.001427905976105969 0
0.01162140453501279 0.00179032618371436 0
0.003230038508342629 0.006838063580201207 0
0.01191922637927047 0.006107069765867548 0
0.01684177786224975 0.005590386907472404 0
0.01312750831822115 0.005760701477855846 0
0.01672860063284567 0.006397806998932798 0
0.01016509478421151 0.006641337548205317 0
0.01662467914346846 0.003286584445083179 0
0.01564448013943681 0.004303919171397112 0
0.01464959391174362 0.002281546837113098 0
0.01491469594035166 0.006293308455934963 0
0.001410694056102203 0.003227142580085211 0
0.009560988769394136 0.002328464675747333 0
0.01526737223158187 0.005631022235296507 0
0.01210178609035727 0.0008810042865348986 0
0.01445504419694522 0.000645380879470902 0
0.01508164131646084 6.177482375175529e-05 0
0.0003725170091463306 0.004609752409588384 0
0.006524627356946053 0.002146367219275517 0
0.01650598318231366 0.004007462396315179 0
0.006186275732180578 0.005863255210408233 0
0.01323879165531907 0.005518560353169293 0
0.004666467537680112 0.002427313366632413 0
0.003062876148836127 0.006842864753687978 0
0.01692609044232078 0.006228375726540726 0
0.001144131681507166 0.005119057199153038 0
0.00112082626371792 0.006209574779606417 0
0.01654581769763225 0.002042483452237712 0
0.01016394427303036 0.001352319468356392 0
0.004412953736643055 0.005863774198931614 0
0.0105923340457858 0.00164454170053783 0
0.009899689576067164 0.00688356560285857 0
0.01136570789358221 0.006401109828732978 0
0.007146226016171098 0.005490092462072832 0
0.01601916721124753 0.0001438418357536061 0
0.01610171476769235 0.0002612930444885588 0
0.01343271788742511 0.004860061349915885 0
0.01562412347790192 0.0001537667103468573 0
0.0001488575380718046 0.005497796226539336 0
0.01047009921561573 0.006845937460083577 0
0.002991171832246211 0.001206938613061065 0
0.00378918633289989 0.002829806417012181 0
0.0002488566855439068 0.001782981186341295 0
0.0159384536458149 0.006830850974200348 0
0.001362373515805841 0.006820177975138817 0
0.006428217824505474 0.005235338791759473 0
0.0001577827964731257 0.005081135846532138 0
0.005645069168351892 0.0009736136293756149 0
0.01682989405651827 0.001289192803418248 0
0.0001521830707720724 0.001605923182198682 0
0.008871021328101565 0.0009696876872217876 0
0.01391732364422113 0.00531429742765545 0
0.00798523067882548 0.004089143110711816 0
0.01225269190608013 0.0004072179763995711 0
0.01683814706507362 0.003611402047078432 0
0.01665400587930371 0.004328915785619997 0
0.01636319093842659 0.0009967495169945907 0
0.004045622821903406 0.00622454129020983 0
0.001397492536221152 0.0003209584391271371 0
0.005914781228908716 0.005812999543808839 0
0.0004186811275624178 0.00446945568180133 0
0.002811962634366528 0.004747547289068867 0
0.009756710342538439 0.00677268358546774 0
0.009656232185380142 0.006769442129381512 0
0.008307121259344505 0.0006540055077393402 0
0.01682865660816977 0.004551670706155937 0
0.01478545429437507 0.0001730109434451297 0
0.005609634421049699 0.00599234521030585 0
0.0169268203193604 0.006926831062166168 0
7.317968063959637e-05 7.316893783382858e-05 0
0.01018272244298957 0.006539544735470639 0
0.002041028068056389 0.0007716799647420236 0
0.01176851006369952 0.00553077711942096 0
0.001468948387911104 0.006120629251807445 0
0.0001584539904621839 0.003618278171835592 0
0.01523264967794218 0.006488918680184416 0
0.01081965968422565 0.00643423471115305 0
0.0138348575819855 0.0001573038930599308 0
0.0128964328596188 0.0001426845717007168 0
0.007213448343415492 0.00541702960142238 0
0.002601690010943846 0.006769879621709437 0
0.0098836465449955 0.001229167482334521 0
0.01675083466104868 0.006051020533404231 0
0.01432117536360653 0.005990939643835718 0
0.01388863072290685 0.0006475906591333291 0
0.009466804678471726 0.001491675635421994 0
0.003071698000011302 0.001534791773692245 0
0.01308259198482566 0.0007317406094707333 0
0.008855716414492986 0.006427732946970315 0
0.007188556719325162 0.0008489321523592699 0
0.0006770114637810777 0.0003720169229801439 0
0.009023342908714614 0.006520405987283642 0
0.01693137925829398 6.889174506143243e-05 0
7.163946034408411e-05 0.006927753845486225 0
0.003877999435304588 0.001618495795286147 0
0.01170890570254907 0.001065424283982009 0
0.003241014660712341 0.006242926783141037 0
0.01050131164576496 0.006523389374863298 0
0.0168418015477806 0.0007380384500256408 0
0.005426263946401163 0.001226549413101308 0
0.01232815918272792 0.0004575384945850474 0
0.006307610895163143 0.005819639260435348 0
0.01666580798511907 0.004664522562886998 0
0.01233814823631331 0.0008478688252622482 0
0.0150024442340119 0.0007649474924793392 0
0.0007387788694909409 0.006475315306096036 0
0.008220681332400051 0.005572877274222114 0
0.01295569628851678 0.005591275950886848 0
0.007208955754116781 0.000218226635041438 0
0.01406866865046783 0.000802146789533921 0
0.01131870087363611 0.001376729558309591 0
0.008055414116152326 0.000430898038576447 0
0.009698699151000365 0.006527131083601786 0
0.005581164228225943 0.001860423554209488 0
0.004809595696250172 0.006473100356529539 0
0.00790592168972571 0.006019349764851395 0
0.01318854685913724 0.0001472461710100162 0
0.004390734387507019 0.001445569891599659 0
0.01683828181065462 0.001435040829465707 0
0.009037457321939035 0.001039049088337577 0
0.01684544313110901 0.001807688085954822 0
0.0130702616084582 0.005774592421466721 0
0.01641234924982833 0.001210020412522127 0
0.01520981240158524 0.0001486401342966257 0
0.01144922894514876 0.0009328928435362975 0
0.004175524697138053 0.006849844769571752 0
0.001601180446638425 0.004019710415003232 0
0.01113846984848949 0.001379666693930433 0
0.01055642322403874 0.001280496160552766 0
0.007448400416089169 0.002126844454933985 0
0.004660154203633645 0.006550183662761772 0
0.009323973980659123 0.0011880509688446 0
0.00465318721280939 0.00577618179201774 0
0.0001462690742984642 0.004096681356381961 0
0.01128353156408824 0.004519079595872041 0
0.01295831221102472 0.0001964376679712762 0
0.0004073569883661522 0.003342988654595942 0
0.01665919121161926 0.004988133455515641 0
0.009193175834437881 0.004026223337323285 0
0.01663698799695296 0.004155666050480593 0
0.004254806313507232 0.002779031443591213 0
0.007387389136527838 0.0003832219631730756 0
0.007890068847783656 0.005338510015304535 0
0.008947794827496977 0.006138534549183037 0
0.01652751748099071 0.00296596020522722 0
0.01684079013573067 0.001940887094418453 0
0.005128142200386268 0.006288043138521097 0
0.0003178681831172946 0.0007838075275523903 0
0.01017807193858726 0.006812005304938397 0
0.01153208426943181 0.0009096116833480685 0
0.006784909730245797 0.000109224281076238 0
0.006191883379836578 0.001112639449003514 0
0.008285853489516668 0.004739707495432404 0
0.01356865820416057 0.005689053784848123 0
0.0001460960716165166 0.001403649975372094 0
0.01477335914746624 0.00541868265314706 0
0.003819594725339335 0.00230517779532859 0
0.01077559197405316 0.001991956388166976 0
0.01658242704614699 0.001910269355240217 0
0.0002853140055881012 0.002455092870772075 0
0.008532211360557627 0.006148094797611416 0
0.01174446457341575 0.006094376252143467 0
0.01685373609765391 0.005700520891908922 0
0.01102536624380235 0.001299306293526987 0
0.01665165328461447 0.006951239003921738 0
0.01645240606909606 0.005507425207582668 0
0.00580788435960668 0.00544236617758486 0
0.004540969408153427 0.005108339420720023 0
0.01471012168627478 0.006193946600211897 0
0.01510049953642654 0.006418626158481579 0
0.001108226690449106 0.000777369909654583 0
0.01285385812417684 0.004790402806535525 0
0.005855413072552321 0.004235218756037796 0
0.001585387106287138 0.003393178118069661 0
0.009583907000871306 0.001232299393366033 0
0.01398314861788544 0.005780137697472743 0
0.009015586434995724 0.005172957224588113 0
0.001666880728057629 0.001518293613742987 0
0.009158170041781721 0.001002755723303396 0
0.01534985201386179 0.000156380885528282 0
0.01505535506247184 0.006128741897679539 0
0.0122098287063348 0.0008733027012498033 0
0.01667679797056267 0.005900824119059313 0
0.003095311298768507 0.002014806349034956 0
0.01383981200301788 0.005736955425632862 0
0.0004832976965057391 6.156621754223671e-05 0
0.01138874034411136 0.004228203073051564 0
0.001673249975397682 0.00666630681016847 0
0.01522248873435581 0.0003908389735013651 0
0.01238134115401779 0.005337135228951135 0
0.002110953324944381 0.0009296397794106561 0
0.01618612286269509 0.0001539541858798709 0
0.01543417104520204 0.006373307026365597 0
0.01373599266265495 0.0001513708284244537 0
0.0005396845861911932 0.00553683606532119 0
0.01157899345429828 0.006287076687382487 0
0.01626180978215916 5.757288521498864e-05 0
0.00852414832988568 0.0007973522722771412 0
0.01430184140572699 0.004981272819625488 0
0.004562590346486947 0.005884403565675425 0
0.0002850072327803647 0.002140391874173628 0
0.01277091463191286 0.0005951250972730444 0
0.005913783519648124 0.002961813078188089 0
0.0103859777368761 0.002265146290756919 0
0.01626697317098526 0.005008799614630258 0
0.0001479992187387452 0.0009919624099104024 0
0.01685483975224929 0.00110475932372996 0
0.005133584023194317 0.005957614061664855 0
0.01559146876692148 0.006592790661745372 0
0.01252443791222479 0.005828803587933366 0
0.009858900428950762 0.004842217245257107 0
0.01492625574539985 0.0001625124085672834 0
0.008358991504341539 0.006165676292827804 0
0.004433958706594065 0.001186303257928136 0
0.00450272653376949 0.006641772256230519 0
0.01337512487581274 0.001538569885786656 0
0.007773350759368542 0.0004914194070237757 0
0.0003666006691146351 0.002715639882637561 0
0.01081389018320554 0.001513828993915746 0
0.01316223996923766 0.005684923538125271 0
0.0003910811959004067 0.005218060908819962 0
0.01533921962697329 0.0003605884815021201 0
0.000351463128779237 0.004747053318518038 0
0.005810106668090093 0.0005054933859415952 0
0.009959824403674575 0.006063013373000477 0
0.00982711402670774 0.005947837915521666 0
0.01692907071347248 0.003424335666520176 0
0.01425749150592575 0.005970709264523154 0
0.0005077086956477156 0.006441831029120489 0
0.00830119040050243 0.005648343371464897 0
0.0006795845334492956 7.449295260398073e-05 0
0.01054067870104549 0.002242292618489632 0
0.0003507279341651293 0.003052229336991008 0
0.01261487749396398 0.005807356218529245 0
0.01542372918101031 0.006593873073179271 0
0.01623547681533448 0.00562153203610086 0
0.01160452262008113 0.0008595213881238831 0
0.01656942687349728 0.004241358810389711 0
0.004026007717608509 0.006698493089704235 0
0.007076938497702712 0.0001941052632353302 0
0.01170230768062727 0.004692377553234965 0
5.458444490434762e-05 0.0004498196912622967 0
0.01654939381602361 0.006879075926552702 0
0.01357165427953774 0.003392950954681321 0
0.003650498423380898 0.001322210289653747 0
0.01026180323282579 0.005999151911607744 0
0.01175827965184751 0.0009085983024469538 0
0.00904098499245818 0.003187875978626737 0
0.0002306249025741496 0.001143115416731703 0
0.0003697952802446808 0.002537298511318763 0
0.01648051537440936 0.003170762753496167 0
0.0108803211992196 0.001430944356571598 0
0.01593073292659084 0.004097312601016052 0
0.01674930748490785 0.001326651314522622 0
0.007143042902625171 0.005087137172819649 0
0.008469374368168518 0.0009398108915973143 0
0.001063474237161046 0.003148436023945904 0
0.0001398404425971573 0.0001913236044158869 0
0.0006508348050917219 0.005894864471880098 0
0.006596196814007307 0.0001323506416347486 0
0.01070448403970921 0.001481257629941031 0
0.007316914980992911 0.004803244905366829 0
0.000151900100963949 0.001933643459394333 0
0.01123936950635602 0.006299503302905856 0
0.006917871271272962 0.004377409723403935 0
0.006408849691162491 0.005623253401355787 0
0.01122881368196505 0.002992740163858146 0
0.000965385334027795 0.002683357332251971 0
0.002193947403027056 0.006756719604760078 0
0.002033615426090878 0.006757824382742788 0
0.01658015491671649 0.001702300688225902 0
0.01657049305483438 0.006113374081066473 0
0.008046320520810219 0.0007243472211819267 0
0.0004861663206332627 0.006855282242342847 0
0.01529477518970812 0.0065292247241682 0
0.0008831207712166229 0.0006439653560051557 0
0.01331387172748594 0.004922800667355377 0
0.01645018620914391 0.002459557771755924 0
0.005933775596032493 0.0004419438940339755 0
0.0060815673024045 0.001003272747630978 0
0.01187192701517964 0.001071551326449523 0
0.004301763382520706 0.002234836726497264 0
0.01248423502713633 0.0005585862882823657 0
0.001401551546821304 0.0003984678688447193 0
0.0003887692061507152 0.0001180145240999341 0
0.003636524384990997 0.006582781463527661 0
0.0117137089053124 0.006218278045915709 0
0.0106290396393116 0.006741002362929072 0
0.01486539830831472 0.0002423480153011279 0
0.00107691001973614 0.0003039422240747841 0
0.000347903819255117 0.001156080350923604 0
0.007364587565870373 0.004082354647032728 0
0.002928037487279678 0.006845145007915534 0
0.0168556033919711 0.0008075219151605553 0
0.01684334864253232 0.0004910811173486412 0
0.003279565070673708 0.006600932749728984 0
0.006516343349149671 0.005695555721655133 0
0.002449695445802117 0.00642528362138538 0
0.002428796794726431 0.006311823582389494 0
0.00667443338037035 0.00542685737525558 0
0.003361296421357209 0.003136405974624749 0
0.001512464685805263 0.0003666962151312766 0
0.005839499225207689 0.004611009848148821 0
0.005555509348038941 0.00483712536497381 0
0.0004360607348479865 0.003144310344703295 0
0.005374644536901228 0.0007331024521576354 0
0.00546814471366194 0.0006813590310815287 0
0.005679951988622823 0.001207627622598238 0
0.0004844518059656158 0.003805725605739307 0
0.01189138365310272 0.0006935779537317424 0
0.001839226569915043 0.0006397680543700004 0
0.0007843382846275324 0.0068550905478216 0
0.01685672033033643 0.000213188337331984 0
0.008134299163477625 0.005968032247625417 0
0.01220084567207179 0.005735719304250809 0
0.009701642621241811 0.006035851186600081 0
0.004383823051487263 0.003966710192440061 0
0.01077639032541111 0.001230079635848058 0
0.01072540915081533 0.00670603799486979 0
0.00897533651233446 0.001282652458471578 0
0.004924253746198242 0.001224261608534436 0
0.001979446357474529 0.001423406039399865 0
0.01685717495453581 0.002605991106969382 0
0.003974987830309716 0.001396138072004999 0
0.005467769406880453 0.006104667133014528 0
0.007865731120712318 0.0003350804417121506 0
0.01683739702571545 0.00222913297644611 0
0.006407657941273059 0.000467180156771438 0
0.003505697195530697 0.006605061800788325 0
0.008520669826033007 0.001978009291602155 0
0.0003059099635141574 0.001832273800842965 0
0.0001958268399329874 0.0004639201166421227 0
0.00743250360024616 0.0002590603888588667 0
0.008378073395885647 0.0008991477874524304 0
0.01427845669887156 0.00555860909120265 0
0.01286633102441189 0.005093342099952082 0
0.0005148112696011804 0.004469369284872196 0
0.01359769247409354 0.005346686168374397 0
0.009069579644728492 0.001702264548355727 0
0.004097106188547627 0.006622515586510937 0
0.0006553056005140882 0.001523544421789006 0
0.007516708170013153 0.004699371449175775 0
0.01575906350166004 0.0001567094765557767 0
0.01478402746207068 0.005876372208370387 0
0.00762477342374862 0.005826175600479229 0
0.0120607769207198 0.0006336201275761546 0
0.01118871021021672 0.005787832115996918 0
0.004521358874072462 0.001583160205495348 0
0.007346169629735084 0.0002287966629590061 0
0.01684535330690556 0.005279802890680909 0
0.00614179127935148 0.004681835288786799 0
0.01218978462929104 0.005976112418889983 0
0.00670979950067214 0.004248906070375784 0
0.00614229406989337 0.0003464912902843508 0
0.0001428098087219772 0.006199318205177655 0
0.003892588706735742 0.006855760697313265 0
0.001703627356990604 0.0006468686006333934 0
0.005909398655717976 0.005371134688665179 0
0.007452162319442117 0.0009079252023808963 0
0.0008042019901661254 0.000176539918454034 0
0.01634692231822241 0.006603753238267882 0
0.005546868657488026 0.0006240559238714759 0
0.00941286590994554 0.006706469350044525 0
0.009918049906493181 0.001347099854150053 0
0.01560940761036766 0.003014285097361023 0
0.003497199073356386 0.002360413260233692 0
0.005282110381590689 0.0007786084303617281 0
0.005711063570686591 0.0006436503841068691 0
0.007841871052766146 0.006001968592345704 0
0.005755562032548348 0.001913500519849769 0
0.004086564516004737 0.001271283218997187 0
0.005623958262364408 0.00417178081614886 0
0.003339581487542293 0.005373619352289821 0
0.0168498413013336 0.00398480344343631 0
0.01407500337651073 0.00018771340397451 0
0.006999369595955479 0.005030657073507363 0
0.009574630333699917 0.006748354985862798 0
0.01668109361801423 0.001623915749426455 0
0.01366113565652326 0.0001388595149145093 0
0.01674529450368294 0.006854592982180037 0
0.007150022004978159 0.005336419088832806 0
0.001557216813036765 0.0005822850015748805 0
0.008801393665551799 0.0009242027398043461 0
0.01675493589791326 0.001575810167522672 0
0.00332137133142864 0.006124953026064875 0
0.0001409283623780826 0.001699318833657572 0
0.007282568410971696 0.001223380441687634 0
0.002920782870007653 0.001442872453108183 0
0.011064545477502 0.00136333040077977 0
0.0004955279785445587 0.0008490019171494183 0
0.01041353008892849 0.006866724263992176 0
0.005235523581594162 0.006178904846563128 0
0.01471575278263709 0.0002788113388053908 0
0.0001475820300149214 0.003364946839742309 0
0.007616346659361945 0.0003144194428898843 0
0.01664283021090734 0.002475865885143881 0
0.01151044350835512 0.006219599461265443 0
0.01051777605687099 0.006774400282309866 0
0.01180832389778738 0.006020906042621959 0
0.001344916863921799 0.001122397824622635 0
0.002076521083109573 0.0008545235003791472 0
0.01569164543006356 0.002366372339033561 0
0.01516637225067148 0.005513130469399588 0
0.01677461354122676 0.005223405898180506 0
0.01145700945188163 0.006373484206449244 0
$EndNodes
$Elements
407 8654 1 8654
1 1 1 4
1 1 407 
2 407 408 
3 408 409 
4 409 2 
1 2 1 1
5 2 3 
1 3 1 1
6 3 4 
1 4 1 1
7 4 5 
1 5 1 1
8 5 6 
1 6 1 1
9 6 7 
1 7 1 1
10 7 8 
1 8 1 1
11 8 9 
1 9 1 1
12 9 10 
1 10 1 1
13 10 11 
1 11 1 1
14 11 12 
1 12 1 1
15 12 13 
1 13 1 1
16 13 14 
1 14 1 1
17 14 15 
1 15 1 1
18 15 16 
1 16 1 1
19 16 17 
1 17 1 1
20 17 18 
1 18 1 1
21 18 19 
1 19 1 1
22 19 20 
1 20 1 1
23 20 21 
1 21 1 1
24 21 22 
1 22 1 1
25 22 23 
1 23 1 1
26 23 24 
1 24 1 1
27 24 25 
1 25 1 1
28 25 26 
1 26 1 1
29 26 27 
1 27 1 1
30 27 28 
1 28 1 1
31 28 29 
1 29 1 1
32 29 30 
1 30 1 1
33 30 31 
1 31 1 1
34 31 32 
1 32 1 1
35 32 33 
1 33 1 1
36 33 34 
1 34 1 1
37 34 35 
1 35 1 1
38 35 36 
1 36 1 1
39 36 37 
1 37 1 1
40 37 38 
1 38 1 1
41 38 39 
1 39 1 1
42 39 40 
1 40 1 1
43 40 41 
1 41 1 1
44 41 42 
1 42 1 1
45 42 43 
1 43 1 1
46 43 44 
1 44 1 1
47 44 45 
1 45 1 1
48 45 46 
1 46 1 1
49 46 47 
1 47 1 1
50 47 48 
1 48 1 1
51 48 49 
1 49 1 1
52 49 50 
1 50 1 1
53 50 51 
1 51 1 1
54 51 52 
1 52 1 1
55 52 53 
1 53 1 1
56 53 54 
1 54 1 1
57 54 55 
1 55 1 1
58 55 56 
1 56 1 1
59 56 57 
1 57 1 1
60 57 58 
1 58 1 1
61 58 59 
1 59 1 1
62 59 60 
1 60 1 1
63 60 61 
1 61 1 1
64 61 62 
1 62 1 1
65 62 63 
1 63 1 1
66 63 64 
1 64 1 1
67 64 65 
1 65 1 1
68 65 66 
1 66 1 1
69 66 67 
1 67 1 1
70 67 68 
1 68 1 1
71 68 69 
1 69 1 1
72 69 70 
1 70 1 1
73 70 71 
1 71 1 1
74 71 72 
1 72 1 1
75 72 73 
1 73 1 1
76 73 74 
1 74 1 1
77 74 75 
1 75 1 1
78 75 76 
1 76 1 1
79 76 77 
1 77 1 1
80 77 78 
1 78 1 1
81 78 79 
1 79 1 1
82 79 80 
1 80 1 1
83 80 81 
1 81 1 1
84 81 82 
1 82 1 1
85 82 83 
1 83 1 1
86 83 84 
1 84 1 1
87 84 85 
1 85 1 1
88 85 86 
1 86 1 1
89 86 87 
1 87 1 1
90 87 88 
1 88 1 1
91 88 89 
1 89 1 1
92 89 90 
1 90 1 1
93 90 91 
1 91 1 1
94 91 92 
1 92 1 1
95 92 93 
1 93 1 1
96 93 94 
1 94 1 1
97 94 95 
1 95 1 1
98 95 96 
1 96 1 1
99 96 97 
1 97 1 1
100 97 98 
1 98 1 1
101 98 99 
1 99 1 1
102 99 100 
1 100 1 1
103 100 101 
1 101 1 1
104 101 102 
1 102 1 1
105 102 103 
1 103 1 1
106 103 104 
1 104 1 1
107 104 105 
1 105 1 1
108 105 106 
1 106 1 1
109 106 107 
1 107 1 1
110 107 108 
1 108 1 1
111 108 109 
1 109 1 1
112 109 110 
1 110 1 1
113 110 111 
1 111 1 1
114 111 112 
1 112 1 1
115 112 113 
1 113 1 1
116 113 114 
1 114 1 1
117 114 115 
1 115 1 1
118 115 116 
1 116 1 1
119 116 117 
1 117 1 1
120 117 118 
1 118 1 1
121 118 119 
1 119 1 1
122 119 120 
1 120 1 1
123 120 121 
1 121 1 1
124 121 122 
1 122 1 1
125 122 123 
1 123 1 1
126 123 124 
1 124 1 1
127 124 125 
1 125 1 1
128 125 126 
1 126 1 1
129 126 127 
1 127 1 1
130 127 128 
1 128 1 1
131 128 129 
1 129 1 1
132 129 130 
1 130 1 1
133 130 131 
1 131 1 1
134 131 132 
1 132 1 1
135 132 133 
1 133 1 1
136 133 134 
1 134 1 1
137 134 135 
1 135 1 1
138 135 136 
1 136 1 1
139 136 137 
1 137 1 1
140 137 138 
1 138 1 1
141 138 139 
1 139 1 1
142 139 140 
1 140 1 1
143 140 141 
1 141 1 1
144 141 142 
1 142 1 1
145 142 143 
1 143 1 1
146 143 144 
1 144 1 1
147 144 145 
1 145 1 1
148 145 146 
1 146 1 1
149 146 147 
1 147 1 1
150 147 148 
1 148 1 1
151 148 149 
1 149 1 1
152 149 150 
1 150 1 1
153 150 151 
1 151 1 1
154 151 152 
1 152 1 1
155 152 153 
1 153 1 1
156 153 154 
1 154 1 1
157 154 155 
1 155 1 1
158 155 156 
1 156 1 1
159 156 157 
1 157 1 1
160 157 158 
1 158 1 1
161 158 159 
1 159 1 1
162 159 160 
1 160 1 1
163 160 161 
1 161 1 1
164 161 162 
1 162 1 1
165 162 163 
1 163 1 1
166 163 164 
1 164 1 1
167 164 165 
1 165 1 1
168 165 166 
1 166 1 1
169 166 167 
1 167 1 1
170 167 168 
1 168 1 1
171 168 169 
1 169 1 1
172 169 170 
1 170 1 1
173 170 171 
1 171 1 1
174 171 172 
1 172 1 1
175 172 173 
1 173 1 1
176 173 174 
1 174 1 1
177 174 175 
1 175 1 1
178 175 176 
1 176 1 1
179 176 177 
1 177 1 1
180 177 178 
1 178 1 1
181 178 179 
1 179 1 1
182 179 180 
1 180 1 1
183 180 181 
1 181 1 1
184 181 182 
1 182 1 1
185 182 183 
1 183 1 1
186 183 184 
1 184 1 1
187 184 185 
1 185 1 1
188 185 186 
1 186 1 1
189 186 187 
1 187 1 1
190 187 188 
1 188 1 1
191 188 189 
1 189 1 1
192 189 190 
1 190 1 1
193 190 191 
1 191 1 1
194 191 192 
1 192 1 1
195 192 193 
1 193 1 1
196 193 194 
1 194 1 1
197 194 195 
1 195 1 1
198 195 196 
1 196 1 1
199 196 197 
1 197 1 1
200 197 198 
1 198 1 1
201 198 199 
1 199 1 1
202 199 200 
1 200 1 1
203 200 201 
1 201 1 1
204 201 202 
1 202 1 37
205 202 410 
206 410 411 
207 411 412 
208 412 413 
209 413 414 
210 414 415 
211 415 416 
212 416 417 
213 417 418 
214 418 419 
215 419 420 
216 420 421 
217 421 422 
218 422 423 
219 423 424 
220 424 425 
221 425 426 
222 426 427 
223 427 428 
224 428 429 
225 429 430 
226 430 431 
227 431 432 
228 432 433 
229 433 434 
230 434 435 
231 435 436 
232 436 437 
233 437 438 
234 438 439 
235 439 440 
236 440 441 
237 441 442 
238 442 443 
239 443 444 
240 444 445 
241 445 203 
1 203 1 70
242 203 446 
243 446 447 
244 447 448 
245 448 449 
246 449 450 
247 450 451 
248 451 452 
249 452 453 
250 453 454 
251 454 455 
252 455 456 
253 456 457 
254 457 458 
255 458 459 
256 459 460 
257 460 461 
258 461 462 
259 462 463 
260 463 464 
261 464 465 
262 465 466 
263 466 467 
264 467 468 
265 468 469 
266 469 470 
267 470 471 
268 471 472 
269 472 473 
270 473 474 
271 474 475 
272 475 476 
273 476 477 
274 477 478 
275 478 479 
276 479 480 
277 480 481 
278 481 482 
279 482 483 
280 483 484 
281 484 485 
282 485 486 
283 486 487 
284 487 488 
285 488 489 
286 489 490 
287 490 491 
288 491 492 
289 492 493 
290 493 494 
291 494 495 
292 495 496 
293 496 497 
294 497 498 
295 498 499 
296 499 500 
297 500 501 
298 501 502 
299 502 503 
300 503 504 
301 504 505 
302 505 506 
303 506 507 
304 507 508 
305 508 509 
306 509 510 
307 510 511 
308 511 512 
309 512 513 
310 513 514 
311 514 204 
1 204 1 4
312 204 515 
313 515 516 
314 516 517 
315 517 205 
1 205 1 1
316 205 206 
1 206 1 1
317 206 207 
1 207 1 1
318 207 208 
1 208 1 1
319 208 209 
1 209 1 1
320 209 210 
1 210 1 1
321 210 211 
1 211 1 1
322 211 212 
1 212 1 1
323 212 213 
1 213 1 1
324 213 214 
1 214 1 1
325 214 215 
1 215 1 1
326 215 216 
1 216 1 1
327 216 217 
1 217 1 1
328 217 218 
1 218 1 1
329 218 219 
1 219 1 1
330 219 220 
1 220 1 1
331 220 221 
1 221 1 1
332 221 222 
1 222 1 1
333 222 223 
1 223 1 1
334 223 224 
1 224 1 1
335 224 225 
1 225 1 1
336 225 226 
1 226 1 1
337 226 227 
1 227 1 1
338 227 228 
1 228 1 1
339 228 229 
1 229 1 1
340 229 230 
1 230 1 1
341 230 231 
1 231 1 1
342 231 232 
1 232 1 1
343 232 233 
1 233 1 1
344 233 234 
1 234 1 1
345 234 235 
1 235 1 1
346 235 236 
1 236 1 1
347 236 237 
1 237 1 1
348 237 238 
1 238 1 1
349 238 239 
1 239 1 1
350 239 240 
1 240 1 1
351 240 241 
1 241 1 1
352 241 242 
1 242 1 1
353 242 243 
1 243 1 1
354 243 244 
1 244 1 1
355 244 245 
1 245 1 1
356 245 246 
1 246 1 1
357 246 247 
1 247 1 1
358 247 248 
1 248 1 1
359 248 249 
1 249 1 1
360 249 250 
1 250 1 1
361 250 251 
1 251 1 1
362 251 252 
1 252 1 1
363 252 253 
1 253 1 1
364 253 254 
1 254 1 1
365 254 255 
1 255 1 1
366 255 256 
1 256 1 1
367 256 257 
1 257 1 1
368 257 258 
1 258 1 1
369 258 259 
1 259 1 1
370 259 260 
1 260 1 1
371 260 261 
1 261 1 1
372 261 262 
1 262 1 1
373 262 263 
1 263 1 1
374 263 264 
1 264 1 1
375 264 265 
1 265 1 1
376 265 266 
1 266 1 1
377 266 267 
1 267 1 1
378 267 268 
1 268 1 1
379 268 269 
1 269 1 1
380 269 270 
1 270 1 1
381 270 271 
1 271 1 1
382 271 272 
1 272 1 1
383 272 273 
1 273 1 1
384 273 274 
1 274 1 1
385 274 275 
1 275 1 1
386 275 276 
1 276 1 1
387 276 277 
1 277 1 1
388 277 278 
1 278 1 1
389 278 279 
1 279 1 1
390 279 280 
1 280 1 1
391 280 281 
1 281 1 1
392 281 282 
1 282 1 1
393 282 283 
1 283 1 1
394 283 284 
1 284 1 1
395 284 285 
1 285 1 1
396 285 286 
1 286 1 1
397 286 287 
1 287 1 1
398 287 288 
1 288 1 1
399 288 289 
1 289 1 1
400 289 290 
1 290 1 1
401 290 291 
1 291 1 1
402 291 292 
1 292 1 1
403 292 293 
1 293 1 1
404 293 294 
1 294 1 1
405 294 295 
1 295 1 1
406 295 296 
1 296 1 1
407 296 297 
1 297 1 1
408 297 298 
1 298 1 1
409 298 299 
1 299 1 1
410 299 300 
1 300 1 1
411 300 301 
1 301 1 1
412 301 302 
1 302 1 1
413 302 303 
1 303 1 1
414 303 304 
1 304 1 1
415 304 305 
1 305 1 1
416 305 306 
1 306 1 1
417 306 307 
1 307 1 1
418 307 308 
1 308 1 1
419 308 309 
1 309 1 1
420 309 310 
1 310 1 1
421 310 311 
1 311 1 1
422 311 312 
1 312 1 1
423 312 313 
1 313 1 1
424 313 314 
1 314 1 1
425 314 315 
1 315 1 1
426 315 316 
1 316 1 1
427 316 317 
1 317 1 1
428 317 318 
1 318 1 1
429 318 319 
1 319 1 1
430 319 320 
1 320 1 1
431 320 321 
1 321 1 1
432 321 322 
1 322 1 1
433 322 323 
1 323 1 1
434 323 324 
1 324 1 1
435 324 325 
1 325 1 1
436 325 326 
1 326 1 1
437 326 327 
1 327 1 1
438 327 328 
1 328 1 1
439 328 329 
1 329 1 1
440 329 330 
1 330 1 1
441 330 331 
1 331 1 1
442 331 332 
1 332 1 1
443 332 333 
1 333 1 1
444 333 334 
1 334 1 1
445 334 335 
1 335 1 1
446 335 336 
1 336 1 1
447 336 337 
1 337 1 1
448 337 338 
1 338 1 1
449 338 339 
1 339 1 1
450 339 340 
1 340 1 1
451 340 341 
1 341 1 1
452 341 342 
1 342 1 1
453 342 343 
1 343 1 1
454 343 344 
1 344 1 1
455 344 345 
1 345 1 1
456 345 346 
1 346 1 1
457 346 347 
1 347 1 1
458 347 348 
1 348 1 1
459 348 349 
1 349 1 1
460 349 350 
1 350 1 1
461 350 351 
1 351 1 1
462 351 352 
1 352 1 1
463 352 353 
1 353 1 1
464 353 354 
1 354 1 1
465 354 355 
1 355 1 1
466 355 356 
1 356 1 1
467 356 357 
1 357 1 1
468 357 358 
1 358 1 1
469 358 359 
1 359 1 1
470 359 360 
1 360 1 1
471 360 361 
1 361 1 1
472 361 362 
1 362 1 1
473 362 363 
1 363 1 1
474 363 364 
1 364 1 1
475 364 365 
1 365 1 1
476 365 366 
1 366 1 1
477 366 367 
1 367 1 1
478 367 368 
1 368 1 1
479 368 369 
1 369 1 1
480 369 370 
1 370 1 1
481 370 371 
1 371 1 1
482 371 372 
1 372 1 1
483 372 373 
1 373 1 1
484 373 374 
1 374 1 1
485 374 375 
1 375 1 1
486 375 376 
1 376 1 1
487 376 377 
1 377 1 1
488 377 378 
1 378 1 1
489 378 379 
1 379 1 1
490 379 380 
1 380 1 1
491 380 381 
1 381 1 1
492 381 382 
1 382 1 1
493 382 383 
1 383 1 1
494 383 384 
1 384 1 1
495 384 385 
1 385 1 1
496 385 386 
1 386 1 1
497 386 387 
1 387 1 1
498 387 388 
1 388 1 1
499 388 389 
1 389 1 1
500 389 390 
1 390 1 1
501 390 391 
1 391 1 1
502 391 392 
1 392 1 1
503 392 393 
1 393 1 1
504 393 394 
1 394 1 1
505 394 395 
1 395 1 1
506 395 396 
1 396 1 1
507 396 397 
1 397 1 1
508 397 398 
1 398 1 1
509 398 399 
1 399 1 1
510 399 400 
1 400 1 1
511 400 401 
1 401 1 1
512 401 402 
1 402 1 1
513 402 403 
1 403 1 1
514 403 404 
1 404 1 1
515 404 405 
1 405 1 37
516 405 518 
517 518 519 
518 519 520 
519 520 521 
520 521 522 
521 522 523 
522 523 524 
523 524 525 
524 525 526 
525 526 527 
526 527 528 
527 528 529 
528 529 530 
529 530 531 
530 531 532 
531 532 533 
532 533 534 
533 534 535 
534 535 536 
535 536 537 
536 537 538 
537 538 539 
538 539 540 
539 540 541 
540 541 542 
541 542 543 
542 543 544 
543 544 545 
544 545 546 
545 546 547 
546 547 548 
547 548 549 
548 549 550 
549 550 551 
550 551 552 
551 552 553 
552 553 406 
1 406 1 70
553 406 554 
554 554 555 
555 555 556 
556 556 557 
557 557 558 
558 558 559 
559 559 560 
560 560 561 
561 561 562 
562 562 563 
563 563 564 
564 564 565 
565 565 566 
566 566 567 
567 567 568 
568 568 569 
569 569 570 
570 570 571 
571 571 572 
572 572 573 
573 573 574 
574 574 575 
575 575 576 
576 576 577 
577 577 578 
578 578 579 
579 579 580 
580 580 581 
581 581 582 
582 582 583 
583 583 584 
584 584 585 
585 585 586 
586 586 587 
587 587 588 
588 588 589 
589 589 590 
590 590 591 
591 591 592 
592 592 593 
593 593 594 
594 594 595 
595 595 596 
596 596 597 
597 597 598 
598 598 599 
599 599 600 
600 600 601 
601 601 602 
602 602 603 
603 603 604 
604 604 605 
605 605 606 
606 606 607 
607 607 608 
608 608 609 
609 609 610 
610 610 611 
611 611 612 
612 612 613 
613 613 614 
614 614 615 
615 615 616 
616 616 617 
617 617 618 
618 618 619 
619 619 620 
620 620 621 
621 621 622 
622 622 1 
2 1 2 8032
623 1881 3991 2356 
624 3127 3783 3069 
625 1582 2696 1385 
626 2511 3402 649 
627 1715 2839 2550 
628 1353 3274 2722 
629 1952 2608 1624 
630 2501 3585 1882 
631 2512 2513 823 
632 2619 3573 772 
633 1801 3334 2661 
634 2651 4027 1526 
635 1740 3570 2992 
636 723 2929 2906 
637 2091 2538 2090 
638 3277 4113 1995 
639 17 2803 16 
640 865 3192 2649 
641 2675 3012 2692 
642 2759 3936 2248 
643 1114 3703 1105 
644 2756 4046 1226 
645 799 3039 2666 
646 3195 3919 3105 
647 89 3227 88 
648 1881 2356 1701 
649 2660 3461 1034 
650 742 2754 2542 
651 3326 4191 3229 
652 1765 2520 2282 
653 1526 4027 1529 
654 2489 2685 2010 
655 1978 3302 1817 
656 684 3313 2391 
657 2832 3899 2816 
658 2064 2521 2182 
659 1222 2645 1593 
660 3599 3840 2840 
661 2725 2726 761 
662 1152 2508 2507 
663 1218 3969 2303 
664 2500 3173 1669 
665 265 2785 264 
666 2917 3047 2418 
667 1052 3840 2671 
668 417 2969 416 
669 2662 2663 645 
670 2506 3207 2424 
671 1241 3469 2198 
672 2398 3036 3035 
673 440 2910 439 
674 2872 3989 755 
675 1105 3703 2623 
676 2542 3141 742 
677 1750 2590 2003 
678 3372 3728 2710 
679 1568 3326 3229 
680 1534 3954 2531 
681 2284 3055 2686 
682 940 3181 2683 
683 864 3127 3069 
684 3585 3968 2007 
685 1995 4113 3481 
686 238 3057 237 
687 938 3181 940 
688 706 2904 2855 
689 2416 2418 2417 
690 1882 3585 2007 
691 1497 3245 1495 
692 1345 3259 2819 
693 823 3442 2512 
694 884 3219 882 
695 2757 3514 1114 
696 1014 2737 2579 
697 2823 2886 2387 
698 3111 3117 2034 
699 3655 3916 1129 
700 2892 2969 417 
701 2625 3951 1278 
702 2618 2619 2029 
703 1278 3951 2595 
704 2385 2886 1386 
705 2652 2653 1029 
706 2398 3131 3036 
707 2512 3402 2511 
708 2595 2596 1392 
709 2590 2962 2003 
710 2768 3494 2235 
711 2391 3313 2297 
712 2484 3417 3416 
713 1864 2559 2558 
714 603 2876 602 
715 2686 3055 699 
716 2225 4289 3204 
717 2840 3840 2774 
718 2486 3011 807 
719 3336 3518 3205 
720 1353 3733 3274 
721 2189 3369 2712 
722 2242 3613 3237 
723 2269 3974 1943 
724 1345 2819 2796 
725 1740 2992 1999 
726 1255 2861 2468 
727 2570 3769 1618 
728 994 2165 2121 
729 1245 2882 2337 
730 1873 2489 2010 
731 1565 3229 1577 
732 1503 3526 2621 
733 1100 3218 1098 
734 1129 2499 1097 
735 821 3478 2581 
736 1817 3302 2053 
737 2766 3678 3055 
738 2453 2455 1980 
739 1300 2898 1296 
740 2397 2727 1710 
741 2171 3471 1945 
742 706 3632 2904 
743 2816 3899 1044 
744 1568 3229 1565 
745 1124 2772 2295 
746 370 2788 369 
747 2731 3263 732 
748 2456 2781 871 
749 1785 3470 3103 
750 2741 2967 808 
751 2520 2780 2282 
752 2474 2475 2213 
753 2798 4145 2936 
754 798 3033 2720 
755 2299 3652 759 
756 2907 3862 2518 
757 3103 3468 1785 
758 1052 2671 1032 
759 1624 2608 1516 
760 2340 2341 1913 
761 2557 2949 1059 
762 1129 3916 2499 
763 2500 3610 3173 
764 1443 4112 2798 
765 2927 2929 723 
766 2361 3978 2730 
767 418 2892 417 
768 2874 3154 2249 
769 2588 3384 3198 
770 322 3331 321 
771 1610 3929 2087 
772 2418 2841 2417 
773 2712 3369 664 
774 2551 3929 1610 
775 2144 3646 1333 
776 1235 2763 1595 
777 673 3056 2841 
778 2621 3244 1503 
779 844 3678 2766 
780 2297 3313 3312 
781 1134 4222 2435 
782 758 2765 2764 
783 649 2834 2511 
784 2435 3765 1134 
785 2692 3012 751 
786 1162 2645 1222 
787 3205 3487 2219 
788 1230 2776 1211 
789 2716 2717 1985 
790 2776 3341 3340 
791 485 2813 751 
792 3204 4080 2225 
793 2316 2317 1656 
794 1001 2657 1009 
795 2543 2799 2086 
796 2236 2886 2823 
797 2362 3063 2742 
798 1034 3461 2744 
799 3166 3183 2073 
800 3905 3906 2583 
801 687 3001 2871 
802 1952 2609 2608 
803 3122 3687 3495 
804 2550 2839 1062 
805 1710 2727 1542 
806 1629 3412 2958 
807 999 3736 2704 
808 808 2966 2741 
809 999 2704 2698 
810 2448 3839 3661 
811 769 3047 2917 
812 2069 3790 2568 
813 1329 3680 2190 
814 705 2854 2607 
815 363 3167 362 
816 2567 2568 1081 
817 3494 4137 2235 
818 751 4297 2692 
819 2945 2996 825 
820 2047 2505 1925 
821 2770 3719 2129 
822 3020 3313 684 
823 2346 3968 3585 
824 668 2976 589 
825 1022 2634 1052 
826 1385 2696 1347 
827 1125 2550 1046 
828 2399 4030 1187 
829 2649 2997 865 
830 806 3043 2707 
831 2568 4259 2069 
832 2392 2867 2393 
833 1475 2618 2029 
834 2605 4069 752 
835 3065 4252 2487 
836 995 2652 1029 
837 788 3758 304 
838 2857 3475 2139 
839 1218 2303 1215 
840 2019 2422 2096 
841 1079 2193 1092 
842 1943 3974 2801 
843 3638 3796 869 
844 2581 3478 3273 
845 2571 3405 3050 
846 2340 2344 2341 
847 3142 3810 2178 
848 3039 3350 2666 
849 2612 2792 1338 
850 2330 2566 2331 
851 2091 4106 2538 
852 835 3918 2616 
853 807 3603 2486 
854 2362 3257 3063 
855 3131 3462 683 
856 1007 3740 2251 
857 1495 3245 1506 
858 1636 2490 1584 
859 2427 4059 2130 
860 2504 2878 2089 
861 2959 3242 777 
862 1883 2907 2518 
863 2231 3866 1602 
864 2636 3693 3159 
865 2530 3859 2100 
866 1167 3797 3616 
867 1117 3588 2818 
868 601 3208 600 
869 2564 4140 1847 
870 2368 2908 2369 
871 1978 3511 3302 
872 2336 3467 2786 
873 2634 3119 2912 
874 2424 4019 2814 
875 873 2456 871 
876 1636 3688 2490 
877 2215 3449 2767 
878 772 3660 2619 
879 882 3219 1236 
880 2381 2382 1777 
881 3305 3870 3005 
882 2089 3952 2504 
883 2607 3037 705 
884 2484 3416 3415 
885 1723 2624 1961 
886 2193 4113 1092 
887 1416 3065 2487 
888 2899 3991 1881 
889 2616 3918 2617 
890 3063 3257 3017 
891 2736 3634 1125 
892 3036 3131 683 
893 3192 4303 2649 
894 2752 3365 1606 
895 1609 2543 2086 
896 2024 3713 3499 
897 2468 2861 2022 
898 1357 2385 1386 
899 1087 2756 1226 
900 3320 3438 3321 
901 1890 4085 2186 
902 88 3227 87 
903 2366 3978 2361 
904 2047 3822 2505 
905 3336 4012 3518 
906 2705 2725 1881 
907 673 3057 3056 
908 3321 3438 1407 
909 2355 4055 2104 
910 1318 2144 1333 
911 2958 3412 3271 
912 2764 2765 2300 
913 1945 3578 2171 
914 2634 2774 1052 
915 452 2761 451 
916 2742 3063 747 
917 2395 2855 2091 
918 1830 2269 1943 
919 2448 3661 2449 
920 2493 2953 1346 
921 727 2761 452 
922 1633 2427 2130 
923 2890 3257 2365 
924 1045 2709 1069 
925 1002 3535 3293 
926 759 3940 2299 
927 1975 3634 2736 
928 1952 2712 2610 
929 1782 4304 2753 
930 2422 3424 2096 
931 1042 2557 1059 
932 1857 2453 1980 
933 3105 3695 2790 
934 2661 3335 1801 
935 2621 3526 1512 
936 2329 3767 1103 
937 2871 3001 2227 
938 2581 2870 821 
939 2100 2883 2530 
940 2424 3216 2506 
941 2768 3464 741 
942 774 3117 3111 
943 1153 3953 2509 
944 3487 3700 2219 
945 2856 4106 2091 
946 2699 2701 967 
947 1620 2570 1618 
948 1296 2898 1720 
949 2644 3573 2619 
950 2550 3692 1715 
951 1769 2425 2114 
952 2607 2854 2081 
953 1849 2564 1847 
954 2421 4313 1219 
955 3262 3263 2731 
956 2726 2788 761 
957 2779 2968 848 
958 1338 2792 1321 
959 1955 2355 2104 
960 2397 2728 2727 
961 2401 2402 1703 
962 1152 2507 1149 
963 3372 4256 3728 
964 1445 3869 1251 
965 3306 4008 1053 
966 1979 2498 1924 
967 1751 2511 2011 
968 591 3028 590 
969 3033 3793 2720 
970 2936 4145 2784 
971 795 2906 2905 
972 2999 3891 3850 
973 1365 2556 1362 
974 1181 2399 1187 
975 1007 2251 1000 
976 2660 3527 1691 
977 2248 3215 2759 
978 2978 3422 3145 
979 1153 2509 1152 
980 3439 3912 3344 
981 2389 2823 2387 
982 1748 2395 2091 
983 2329 3699 1963 
984 2142 3132 2995 
985 2025 2581 1757 
986 2952 4304 1782 
987 1465 2520 1765 
988 1021 2592 1170 
989 2886 4041 1386 
990 2579 3833 1014 
991 1922 2474 2213 
992 1443 2798 1267 
993 3499 3713 2070 
994 1280 2595 1392 
995 2635 3905 2583 
996 3650 3841 566 
997 2315 3925 3901 
998 3159 3693 787 
999 2468 3449 1255 
1000 994 2121 916 
1001 692 3906 3905 
1002 2309 2437 1753 
1003 1681 2419 1722 
1004 1130 2687 1435 
1005 602 2876 688 
1006 2511 2834 2011 
1007 2343 4036 1913 
1008 2390 4189 1949 
1009 1103 3767 1114 
1010 2932 3884 3273 
1011 2249 3490 2874 
1012 3103 3470 2903 
1013 1654 2316 1656 
1014 795 2905 2904 
1015 2616 2831 835 
1016 1077 2567 1081 
1017 2300 3898 1733 
1018 483 3013 482 
1019 2344 2881 2341 
1020 2923 3800 1297 
1021 740 3183 3166 
1022 1864 2558 1861 
1023 3114 3387 2526 
1024 2088 2838 1596 
1025 1124 3139 2772 
1026 3103 3469 3468 
1027 3514 3703 1114 
1028 1987 2716 1985 
1029 1865 3894 2560 
1030 2704 3736 2229 
1031 2703 3366 1374 
1032 1952 2610 2609 
1033 1297 3800 1302 
1034 908 2773 891 
1035 2309 2800 2437 
1036 2215 2767 2217 
1037 908 3521 2773 
1038 2471 4014 2865 
1039 2687 4118 1435 
1040 1337 3680 1329 
1041 2229 3425 2704 
1042 1799 3240 2542 
1043 486 2813 485 
1044 3145 3383 2978 
1045 3237 3613 623 
1046 3586 3627 3194 
1047 1733 3898 2046 
1048 1251 3869 2537 
1049 1075 2567 1074 
1050 2566 3726 3294 
1051 667 3013 2730 
1052 1662 2381 1777 
1053 1125 3692 2550 
1054 2064 3201 2521 
1055 1117 2818 1115 
1056 1437 4144 1541 
1057 2559 2636 2558 
1058 2182 4138 2877 
1059 2995 4053 2142 
1060 2642 3200 2137 
1061 2887 3569 2627 
1062 2394 2395 1748 
1063 1771 2826 2825 
1064 3423 3537 3199 
1065 2270 4144 1437 
1066 1911 2340 1913 
1067 1932 2505 2434 
1068 3152 3964 3491 
1069 2412 3093 2777 
1070 2273 3113 2562 
1071 2663 3165 645 
1072 3157 3305 3005 
1073 2829 3758 2830 
1074 680 3758 2829 
1075 2271 2562 2281 
1076 1768 2705 1881 
1077 1453 2852 2099 
1078 2130 4059 3253 
1079 2889 2890 2365 
1080 881 3306 1053 
1081 2532 2533 2445 
1082 2679 2683 1756 
1083 1963 3767 2329 
1084 612 2942 611 
1085 1960 2219 1713 
1086 3105 3919 661 
1087 2711 3964 3152 
1088 1600 2231 1602 
1089 2519 2577 2463 
1090 1819 2833 2543 
1091 1178 2763 1235 
1092 2867 3815 2393 
1093 2624 3290 1961 
1094 2853 4109 3704 
1095 2025 2870 2581 
1096 2362 2742 2360 
1097 1643 2318 1642 
1098 3349 3436 2189 
1099 2505 2850 2434 
1100 2860 3739 2173 
1101 2177 3336 2745 
1102 1694 2379 1695 
1103 2341 3986 2345 
1104 852 3726 2566 
1105 1018 3140 1124 
1106 1365 4018 2556 
1107 628 3193 2678 
1108 2238 3945 1308 
1109 3198 3384 674 
1110 2510 3553 1228 
1111 2424 3207 2423 
1112 2961 3880 2321 
1113 2204 3994 1907 
1114 1942 2607 2081 
1115 1221 2762 1127 
1116 2140 2857 2139 
1117 2924 3453 651 
1118 765 2910 440 
1119 1219 4313 1239 
1120 2563 2564 1849 
1121 1787 3475 2857 
1122 651 3501 2924 
1123 3355 3391 2302 
1124 777 3670 2959 
1125 2881 3986 2341 
1126 2992 3570 973 
1127 2802 2849 700 
1128 1802 2764 2300 
1129 2198 3465 1241 
1130 1422 2889 2365 
1131 2397 2729 2728 
1132 2513 2932 823 
1133 2597 2598 2596 
1134 2459 3847 2457 
1135 2540 4147 1982 
1136 3025 3048 2373 
1137 3224 4100 2844 
1138 1492 3773 1532 
1139 3380 4226 2079 
1140 1838 3106 2789 
1141 1982 4147 2554 
1142 1498 3954 1534 
1143 2521 3168 2182 
1144 2331 3715 2894 
1145 2636 3159 2454 
1146 2170 3502 3445 
1147 1346 3221 2493 
1148 1269 2238 1308 
1149 1865 2560 1864 
1150 672 2998 2775 
1151 2823 3464 2768 
1152 1256 3218 1100 
1153 2627 3569 627 
1154 2734 3841 3650 
1155 2569 2570 1620 
1156 688 2876 2697 
1157 3212 3989 2872 
1158 1029 3119 2634 
1159 1602 3866 2045 
1160 1901 4000 1920 
1161 2198 3469 2200 
1162 1979 2964 2498 
1163 1200 2433 1242 
1164 2391 3883 684 
1165 1063 2400 1058 
1166 655 4298 2555 
1167 1645 2309 1455 
1168 707 3796 3638 
1169 1054 4101 1023 
1170 1419 2375 1421 
1171 2316 3265 2317 
1172 2728 3870 3305 
1173 1056 2736 1125 
1174 2595 2597 2596 
1175 2592 4122 1170 
1176 1659 2377 1658 
1177 2853 3704 2884 
1178 1576 2960 2321 
1179 1329 2190 1327 
1180 2999 3850 695 
1181 3289 4289 2225 
1182 1049 3740 1007 
1183 1702 2401 1703 
1184 2833 3615 2543 
1185 662 3227 89 
1186 2545 2621 2166 
1187 2708 3607 2893 
1188 2379 4124 1695 
1189 3169 3471 2171 
1190 3661 3839 652 
1191 2457 3847 2458 
1192 2793 3723 969 
1193 2779 4208 2853 
1194 2500 2873 1177 
1195 599 2862 754 
1196 1374 3172 2703 
1197 1123 3224 2844 
1198 2447 4085 1890 
1199 2613 2614 629 
1200 2182 2877 2002 
1201 600 3208 2862 
1202 2211 4000 1901 
1203 2675 3013 3012 
1204 701 3841 2733 
1205 2465 2574 2466 
1206 2707 4042 806 
1207 1616 2587 1615 
1208 2692 2693 2677 
1209 2333 2334 2332 
1210 2798 2936 1268 
1211 1401 2332 1400 
1212 2776 4281 1211 
1213 1645 4084 2309 
1214 1589 1769 1588 
1215 845 3895 2877 
1216 1023 4101 2659 
1217 3452 3839 3419 
1218 1455 1753 1417 
1219 627 3820 2627 
1220 2010 3202 2078 
1221 3273 3884 2048 
1222 752 3738 2605 
1223 1512 3835 2621 
1224 2652 3935 2654 
1225 1746 2394 1748 
1226 2318 2707 2298 
1227 1039 3664 3138 
1228 1465 1765 1464 
1229 2109 2959 2935 
1230 2348 2354 2347 
1231 1533 1681 1596 
1232 2036 2782 2536 
1233 2477 2479 2478 
1234 1627 2239 2238 
1235 2734 3650 3113 
1236 1453 1718 1452 
1237 1504 3358 2246 
1238 1467 2266 1468 
1239 2386 2387 2385 
1240 1704 2232 2231 
1241 2950 4235 3088 
1242 2960 2961 2321 
1243 1081 2193 1079 
1244 2858 2897 2896 
1245 1264 1464 1263 
1246 2225 3711 3289 
1247 1299 1642 1273 
1248 2789 2792 2004 
1249 416 2969 655 
1250 2106 3254 2859 
1251 1024 2295 1030 
1252 1423 2551 1610 
1253 848 3272 2779 
1254 1203 1400 1202 
1255 1201 2510 1228 
1256 1625 1951 1624 
1257 921 4190 2546 
1258 2257 2258 2256 
1259 1222 1393 1223 
1260 2621 3835 2166 
1261 1173 1175 1174 
1262 2259 3151 2711 
1263 1532 2477 2476 
1264 1725 2131 1729 
1265 1921 2342 2340 
1266 1353 2722 1350 
1267 2910 4120 439 
1268 1587 1588 1586 
1269 1235 1417 1234 
1270 2552 2553 2551 
1271 1538 2347 1536 
1272 1260 2465 2421 
1273 2829 2830 2207 
1274 1953 2917 2418 
1275 1075 4095 2567 
1276 913 2657 1001 
1277 1478 1483 1479 
1278 2255 2256 1426 
1279 1968 3111 2034 
1280 1665 2134 1666 
1281 2569 2571 2570 
1282 1661 2049 1679 
1283 2443 2532 2445 
1284 1626 2101 1996 
1285 1665 2642 2137 
1286 1176 1267 1177 
1287 3343 3628 2033 
1288 1741 2037 1742 
1289 755 3710 2872 
1290 1949 4189 2041 
1291 2205 2829 2207 
1292 2319 2320 1570 
1293 1938 2719 2167 
1294 1196 1263 1195 
1295 2184 3342 3222 
1296 1535 4019 2424 
1297 1981 2128 1709 
1298 2357 2358 1389 
1299 2087 2486 1778 
1300 2263 2264 1467 
1301 758 2892 418 
1302 1418 1581 1385 
1303 2455 4032 1980 
1304 2372 2380 2379 
1305 2388 2389 2387 
1306 2438 3401 1390 
1307 2021 2422 2019 
1308 1431 1432 1430 
1309 1825 1827 1824 
1310 2961 3028 3026 
1311 2457 2458 1561 
1312 1058 1130 1057 
1313 2534 3743 3512 
1314 1823 1825 1824 
1315 1447 1819 1448 
1316 2304 2370 1539 
1317 1919 2205 2204 
1318 3307 3788 3022 
1319 1390 3985 2438 
1320 1615 2585 2584 
1321 1494 2476 1496 
1322 1244 2538 2433 
1323 1225 1431 1430 
1324 1175 1184 1174 
1325 2777 3093 2689 
1326 2851 3241 2197 
1327 2538 2539 2433 
1328 1360 1418 1385 
1329 1237 1419 1238 
1330 694 3785 2684 
1331 2525 2746 2529 
1332 1288 2442 1289 
1333 2439 2440 1288 
1334 1338 3539 2612 
1335 1882 2006 1702 
1336 3056 3057 2491 
1337 2527 3719 2770 
1338 1764 2145 1718 
1339 2524 2746 2525 
1340 1447 2537 1820 
1341 2740 3375 988 
1342 2016 2017 1259 
1343 1700 2220 1776 
1344 1186 3147 2426 
1345 1420 1658 1419 
1346 1426 3667 1372 
1347 2415 3783 3127 
1348 1011 2816 1044 
1349 2419 4287 1722 
1350 1711 2398 2396 
1351 1658 2376 2375 
1352 1402 2253 1408 
1353 2524 2525 2523 
1354 1814 2589 1749 
1355 1956 2355 1955 
1356 1618 3769 1800 
1357 1885 2425 1769 
1358 2019 2096 2020 
1359 2190 2301 1336 
1360 901 2641 902 
1361 603 2977 2876 
1362 1673 2051 1953 
1363 1313 1315 1312 
1364 2017 2019 2018 
1365 1478 1479 1477 
1366 919 2544 917 
1367 991 3592 3196 
1368 223 3339 222 
1369 1000 2251 1021 
1370 2779 2853 1957 
1371 473 3743 3287 
1372 1594 2552 2551 
1373 1132 1237 1131 
1374 2659 2660 1034 
1375 2170 3906 3502 
1376 1950 2390 1949 
1377 1783 2030 1883 
1378 2815 3379 3374 
1379 2081 4214 2080 
1380 1775 2254 2253 
1381 1691 3461 2660 
1382 971 2699 967 
1383 3027 3880 2961 
1384 1680 2227 2226 
1385 2386 2388 2387 
1386 1711 2396 1710 
1387 1245 3383 2882 
1388 1583 1981 1709 
1389 1980 4032 2494 
1390 1068 1131 1067 
1391 2659 2661 2660 
1392 3642 4138 3168 
1393 1173 1174 1172 
1394 1377 2255 1375 
1395 825 3441 2945 
1396 2426 3148 1186 
1397 2916 3753 2431 
1398 2374 4070 832 
1399 1803 1946 1802 
1400 2863 3922 2690 
1401 1784 2952 1782 
1402 2558 2636 2454 
1403 1677 1702 1440 
1404 1439 2270 1437 
1405 1726 2310 1725 
1406 1947 2511 1751 
1407 2896 2897 1720 
1408 2905 4006 2539 
1409 1125 3634 2262 
1410 1093 2691 1095 
1411 2877 3669 845 
1412 1561 2460 1562 
1413 2104 4055 2622 
1414 1058 2400 1130 
1415 1589 1885 1769 
1416 589 2976 588 
1417 2251 2592 1021 
1418 1455 2309 1753 
1419 2548 2621 2545 
1420 1230 3341 2776 
1421 2673 2676 1302 
1422 1920 2209 2208 
1423 1799 4031 3240 
1424 2262 3692 1125 
1425 2573 2640 1931 
1426 1587 1589 1588 
1427 1457 1665 1456 
1428 1689 2107 1690 
1429 1626 1996 1579 
1430 1414 1443 1267 
1431 1235 1455 1417 
1432 2968 3191 848 
1433 3233 3503 1082 
1434 1594 2551 1423 
1435 2582 2583 1791 
1436 2465 2466 2421 
1437 2810 3171 2828 
1438 2606 2607 1942 
1439 3214 3867 2508 
1440 1420 2920 1675 
1441 2690 3922 3852 
1442 1775 3239 2254 
1443 2363 2923 2359 
1444 2563 2565 2564 
1445 668 4317 2976 
1446 1401 2333 2332 
1447 1439 2271 2270 
1448 2684 2935 694 
1449 3774 3813 3807 
1450 832 3446 2374 
1451 3051 3128 812 
1452 919 2546 2544 
1453 1203 1401 1400 
1454 2433 4195 1242 
1455 3559 3767 1963 
1456 1361 2386 2385 
1457 3728 4256 853 
1458 1536 1689 1537 
1459 1002 3293 992 
1460 2342 3930 2946 
1461 2414 3008 2750 
1462 1541 1711 1710 
1463 1184 1405 1204 
1464 2371 2372 1694 
1465 1432 1950 1949 
1466 2333 2335 2334 
1467 1681 1722 1596 
1468 1757 2581 2048 
1469 2046 2706 2367 
1470 1315 1478 1477 
1471 119 3297 118 
1472 916 2121 1028 
1473 1000 1021 915 
1474 1827 1956 1955 
1475 3545 3792 2067 
1476 2577 4317 3028 
1477 1816 2624 1723 
1478 1409 2524 2523 
1479 1063 4182 2400 
1480 1581 1947 1751 
1481 1170 1173 1172 
1482 2273 2562 2271 
1483 1823 1824 1483 
1484 2461 2519 2463 
1485 2767 3449 2468 
1486 2239 2241 2238 
1487 1481 1509 1484 
1488 1783 1883 1474 
1489 1073 1074 1072 
1490 1765 2158 1766 
1491 2036 2536 2035 
1492 1074 1077 1076 
1493 1357 1386 1355 
1494 2715 2716 1987 
1495 1393 1394 1223 
1496 2286 3055 2284 
1497 1583 1709 1397 
1498 1265 1409 1250 
1499 2691 3996 1095 
1500 1361 2385 1357 
1501 1789 2170 1788 
1502 1318 1333 1316 
1503 2045 2381 1662 
1504 1757 2048 1653 
1505 1248 1440 1246 
1506 2869 3288 2628 
1507 2775 4250 672 
1508 1570 2322 1571 
1509 1394 1704 1600 
1510 1596 2838 1488 
1511 1631 2520 1465 
1512 1320 2144 1318 
1513 1311 1313 1312 
1514 1972 2269 1830 
1515 1830 1943 1828 
1516 2264 2267 2266 
1517 2787 3403 2962 
1518 2502 2615 1719 
1519 1339 1346 1334 
1520 2908 3170 2369 
1521 1713 2066 1645 
1522 1585 1654 1445 
1523 1225 1430 1218 
1524 2253 4031 1408 
1525 1673 1953 1640 
1526 1453 1764 1718 
1527 2838 3773 1492 
1528 1360 1385 1347 
1529 1704 2231 1600 
1530 793 3014 2760 
1531 1486 1533 1488 
1532 2462 2464 2461 
1533 1616 4114 2587 
1534 1253 1627 1269 
1535 3026 3027 2961 
1536 2574 2575 2466 
1537 2637 3926 827 
1538 1602 2045 1662 
1539 1922 2212 2211 
1540 1444 1725 1443 
1541 1082 4323 1051 
1542 1529 1536 1530 
1543 1968 2034 1687 
1544 2618 4071 2643 
1545 1264 1465 1464 
1546 2440 2443 2442 
1547 2723 2724 2023 
1548 2029 2741 1717 
1549 930 3154 2874 
1550 1244 2433 1200 
1551 2052 2778 1816 
1552 1367 1452 1365 
1553 2745 3336 1960 
1554 1331 1337 1329 
1555 2444 2638 2446 
1556 2476 3414 1496 
1557 1193 1232 1231 
1558 1111 1117 1115 
1559 2178 4066 3142 
1560 2711 3152 2259 
1561 1012 1043 1002 
1562 2246 3936 1504 
1563 2730 3013 2675 
1564 2002 2169 1686 
1565 2858 3421 2632 
1566 3285 3946 3681 
1567 1533 1596 1488 
1568 3348 3648 2054 
1569 1077 1079 1078 
1570 1271 3438 3320 
1571 2815 4160 3379 
1572 1917 1979 1924 
1573 1625 2013 1951 
1574 2865 4014 2472 
1575 2484 3558 3417 
1576 2775 3015 2601 
1577 2289 3553 2510 
1578 1627 2238 1269 
1579 1607 2618 1411 
1580 2444 2446 2443 
1581 1593 1604 1393 
1582 2000 2146 1840 
1583 1613 1814 1749 
1584 2320 2323 2322 
1585 2438 3676 1004 
1586 4083 4173 2373 
1587 2425 3687 2114 
1588 1168 3797 1167 
1589 3171 3552 2828 
1590 2192 2394 1746 
1591 2938 3100 2202 
1592 1187 1587 1586 
1593 1891 4320 2573 
1594 1226 1273 1227 
1595 1260 2421 1219 
1596 1092 1203 1202 
1597 1909 1921 1911 
1598 1492 1532 1494 
1599 1932 2176 1933 
1600 600 2862 599 
1601 2350 2616 2348 
1602 1435 1439 1437 
1603 1308 1775 1402 
1604 1010 1049 1007 
1605 263 3141 262 
1606 1820 1821 1819 
1607 1178 1235 1234 
1608 2342 2344 2340 
1609 3254 4098 2859 
1610 2787 2962 2590 
1611 2710 3728 781 
1612 1196 1264 1263 
1613 1367 2852 1453 
1614 1697 2327 1699 
1615 398 3231 397 
1616 1713 2219 2066 
1617 1921 2340 1911 
1618 1134 3765 2920 
1619 1367 1453 1452 
1620 1411 2618 1475 
1621 2360 2366 2361 
1622 3028 4317 668 
1623 1515 1624 1516 
1624 1772 2328 2327 
1625 1763 2427 1633 
1626 2110 2419 1681 
1627 1940 2606 1942 
1628 1938 2167 1940 
1629 1753 2437 1993 
1630 2734 3113 2275 
1631 1375 1426 1372 
1632 933 3368 2848 
1633 2697 3623 688 
1634 1642 2318 2298 
1635 3113 3962 2562 
1636 1642 2298 2296 
1637 2591 3792 1670 
1638 1030 1176 1035 
1639 1377 4010 2255 
1640 1890 2186 2061 
1641 1605 1700 1604 
1642 2442 4068 1289 
1643 2271 2281 2270 
1644 916 1028 910 
1645 2858 2896 914 
1646 2539 4106 2905 
1647 2441 3913 2439 
1648 1029 2634 1005 
1649 1538 2348 2347 
1650 1700 1776 1604 
1651 1655 2035 1654 
1652 2011 3662 1752 
1653 1701 2356 1700 
1654 1079 1092 1080 
1655 3279 3896 3802 
1656 1682 2110 1681 
1657 2361 2730 2364 
1658 1788 2572 2569 
1659 1222 1223 1161 
1660 1018 1124 1024 
1661 1421 1661 1429 
1662 1873 2010 1872 
1663 1556 2457 1558 
1664 1773 1998 1075 
1665 3646 3735 1333 
1666 1551 1626 1579 
1667 1860 2453 1857 
1668 1291 2357 1293 
1669 2375 4111 1421 
1670 3229 4191 2653 
1671 1753 1993 1754 
1672 1305 2263 1307 
1673 1564 2319 1566 
1674 1450 2541 1678 
1675 1609 2085 2083 
1676 1413 4014 2469 
1677 1267 1268 1177 
1678 2210 2790 2209 
1679 1847 2001 1846 
1680 1400 1613 1612 
1681 1077 1081 1079 
1682 1415 1445 1251 
1683 2320 2325 2323 
1684 2546 2547 2545 
1685 1660 3648 3348 
1686 1996 2063 1997 
1687 3202 4277 2078 
1688 1468 1680 1470 
1689 1735 2300 1733 
1690 1654 1656 1445 
1691 720 3700 3487 
1692 2001 2164 1846 
1693 2709 3222 1069 
1694 2547 2947 2548 
1695 1633 2130 1591 
1696 1769 2114 1770 
1697 2477 2478 2476 
1698 1982 2554 2489 
1699 2645 3577 1593 
1700 2063 3177 3042 
1701 2484 4052 3558 
1702 2657 3932 1009 
1703 1282 2439 1284 
1704 2010 2078 1872 
1705 1027 2550 1062 
1706 2700 2703 2702 
1707 1761 2261 1676 
1708 1515 1625 1624 
1709 1744 2192 1746 
1710 2491 3108 1981 
1711 616 3573 3370 
1712 1051 4323 2630 
1713 1107 1113 1109 
1714 2063 3042 3041 
1715 1162 1222 1161 
1716 744 4099 2771 
1717 2544 2546 2545 
1718 1006 2659 1034 
1719 1960 3205 2219 
1720 1983 2540 1982 
1721 1087 1226 1088 
1722 1799 2542 2541 
1723 2358 2360 2359 
1724 2969 4298 655 
1725 1606 3597 2752 
1726 1924 2498 2047 
1727 1066 1067 1041 
1728 1472 1741 1650 
1729 1092 1202 1093 
1730 1718 2502 1719 
1731 2013 2189 1951 
1732 1408 1799 1450 
1733 1005 2634 1022 
1734 2479 2480 2478 
1735 1671 3792 3545 
1736 991 3196 999 
1737 1591 2456 873 
1738 2266 4026 1468 
1739 1321 2792 1320 
1740 1808 2849 2802 
1741 1542 2727 1544 
1742 1148 1195 1146 
1743 2990 3217 1256 
1744 2206 2593 2205 
1745 1676 2009 1659 
1746 2358 2362 2360 
1747 1819 2543 1448 
1748 2938 3723 2793 
1749 1448 2543 1609 
1750 1320 2792 2789 
1751 3586 3917 3566 
1752 1074 2567 1077 
1753 1582 3373 2696 
1754 1857 1980 1855 
1755 1717 2741 1958 
1756 2446 2534 2532 
1757 3903 4058 2914 
1758 2597 2599 2598 
1759 1723 1961 1643 
1760 1613 1749 1614 
1761 2264 2268 2267 
1762 1951 2712 1952 
1763 1379 1446 1377 
1764 1042 1058 1057 
1765 1816 2778 2624 
1766 1109 4149 2181 
1767 1808 2802 1796 
1768 2035 2316 1654 
1769 2547 2548 2545 
1770 1805 2555 1803 
1771 1890 2061 1891 
1772 1437 1541 1438 
1773 2255 2257 2256 
1774 2431 3753 2432 
1775 2350 2831 2616 
1776 2173 4104 1674 
1777 1944 2710 2563 
1778 2458 2462 2461 
1779 2566 3294 2331 
1780 1500 2304 1502 
1781 1855 2237 1853 
1782 1980 2494 2237 
1783 1779 2646 1780 
1784 1529 1538 1536 
1785 1860 2454 2453 
1786 1622 2569 1620 
1787 1461 2584 1459 
1788 1922 2213 2212 
1789 1884 3909 2658 
1790 2205 2207 2204 
1791 1905 1919 1907 
1792 989 2652 995 
1793 3008 3009 2750 
1794 2400 2687 1130 
1795 1532 2476 1494 
1796 3168 4138 2182 
1797 2671 3840 2093 
1798 2257 2259 2258 
1799 2949 3950 1059 
1800 2630 4323 1818 
1801 1138 1255 1136 
1802 2100 2808 1764 
1803 1762 2836 1763 
1804 2167 2606 1940 
1805 1851 2563 1849 
1806 809 3186 2799 
1807 2062 2649 2648 
1808 2473 3588 1117 
1809 2325 2326 2323 
1810 1226 1299 1273 
1811 1124 2295 1024 
1812 2460 4060 1562 
1813 2114 3687 3122 
1814 2440 2444 2443 
1815 1875 2489 1873 
1816 2328 2665 2327 
1817 1950 2731 2390 
1818 2232 2374 2231 
1819 1142 1259 1140 
1820 1498 1534 1500 
1821 998 2652 989 
1822 2279 2733 2276 
1823 1099 2499 1118 
1824 2771 3912 3439 
1825 2365 3931 2357 
1826 3739 4104 2173 
1827 1884 2658 2657 
1828 1571 1597 1573 
1829 1516 2608 1518 
1830 1010 3872 1049 
1831 2295 4028 1030 
1832 1775 2253 1402 
1833 1178 1234 1179 
1834 2626 2641 904 
1835 2049 2346 1679 
1836 1520 2423 1522 
1837 785 3307 3022 
1838 3250 3751 2818 
1839 1689 2108 2107 
1840 1895 2474 1897 
1841 3046 3228 2729 
1842 2401 3128 3051 
1843 1692 2840 2774 
1844 2684 3785 2934 
1845 1176 1177 1035 
1846 1187 1586 1188 
1847 1887 2447 1890 
1848 3026 3028 591 
1849 590 3028 668 
1850 827 3427 2637 
1851 2510 3316 2289 
1852 2968 4181 3191 
1853 758 3102 2765 
1854 1435 1437 1436 
1855 2134 2135 1666 
1856 2364 2730 2675 
1857 2741 2966 1958 
1858 1891 2573 1893 
1859 1575 1694 1693 
1860 1725 1729 1443 
1861 2566 3763 852 
1862 1372 3667 2852 
1863 3050 3405 682 
1864 1073 1075 1074 
1865 1105 2623 1107 
1866 2037 3310 2451 
1867 2555 3873 655 
1868 1977 2283 1976 
1869 924 4190 921 
1870 1164 2645 1162 
1871 1044 2709 1026 
1872 16 2803 700 
1873 1375 2255 1426 
1874 1041 2557 1042 
1875 1818 3549 2630 
1876 2585 2586 2584 
1877 2131 2132 1729 
1878 1812 2447 1887 
1879 1273 2296 1274 
1880 1771 2949 2826 
1881 1643 4177 2318 
1882 1749 2590 1750 
1883 1925 2505 1927 
1884 2848 4062 933 
1885 2698 2704 2700 
1886 1937 2719 1938 
1887 1558 2457 1561 
1888 2509 3214 2508 
1889 2813 4297 751 
1890 1618 1800 1616 
1891 1097 2499 1099 
1892 1148 1196 1195 
1893 2377 2378 2376 
1894 1665 1666 1456 
1895 1658 2375 1419 
1896 2505 3822 2850 
1897 1130 1435 1434 
1898 1237 1238 1131 
1899 2828 3875 1705 
1900 1578 3184 2459 
1901 1793 2582 1791 
1902 1286 3381 2911 
1903 1924 2047 1925 
1904 2337 3306 1245 
1905 2487 3066 1416 
1906 2348 2616 2354 
1907 2100 2809 2808 
1908 811 3071 2706 
1909 1299 1643 1642 
1910 1759 1788 1622 
1911 1733 2046 1731 
1912 2041 2436 2043 
1913 2215 2216 1761 
1914 1404 1456 1381 
1915 1046 2550 1027 
1916 2561 3714 3096 
1917 1927 2505 1932 
1918 1807 2183 1805 
1919 1425 4284 2429 
1920 2655 3872 1010 
1921 2537 2743 1820 
1922 1841 2000 1840 
1923 1920 2210 2209 
1924 1893 2573 1931 
1925 1177 2873 1035 
1926 1040 2828 1705 
1927 1347 2696 1342 
1928 1853 1944 1851 
1929 1522 2423 1531 
1930 1765 2282 2158 
1931 1479 2384 1481 
1932 914 1884 912 
1933 2598 2775 2601 
1934 1946 2764 1802 
1935 1907 3994 1909 
1936 1167 2645 1164 
1937 1731 2367 1728 
1938 2121 2752 1028 
1939 2006 2401 1702 
1940 2268 2690 2267 
1941 1518 2608 1535 
1942 2965 3910 2345 
1943 1274 1410 1276 
1944 1903 2208 1905 
1945 142 3255 141 
1946 2217 2218 2216 
1947 3611 3970 756 
1948 2066 4084 1645 
1949 2643 4071 3104 
1950 2610 2611 2609 
1951 1640 2416 1637 
1952 2560 2561 2559 
1953 1989 2715 1987 
1954 1334 2175 1331 
1955 2100 3859 2809 
1956 2373 3120 3025 
1957 1897 2474 1922 
1958 3012 3013 483 
1959 482 3013 667 
1960 2043 3166 2073 
1961 1308 3945 1775 
1962 2974 3136 1236 
1963 2404 4235 2950 
1964 1474 2517 1431 
1965 2458 2461 2460 
1966 1463 1615 1461 
1967 2733 2734 2275 
1968 3054 3360 2588 
1969 2324 3097 3049 
1970 1115 1119 1116 
1971 2341 2345 2343 
1972 1136 4222 1134 
1973 1284 2439 1288 
1974 1419 1421 1238 
1975 1278 2595 1280 
1976 1316 2252 1313 
1977 1877 1982 1875 
1978 2599 2804 2598 
1979 1303 1454 1305 
1980 1661 1679 1429 
1981 1502 1539 1508 
1982 1901 1920 1903 
1983 1722 2708 2089 
1984 1741 1742 1650 
1985 1249 1250 1175 
1986 2588 3198 2585 
1987 1327 1336 1325 
1988 1702 1703 1440 
1989 1293 2357 1389 
1990 1048 1089 1087 
1991 1193 1231 1194 
1992 1307 1467 1442 
1993 2701 4224 967 
1994 3265 3958 2317 
1995 1251 2537 1252 
1996 1566 2319 1570 
1997 3088 3089 2950 
1998 2602 4069 2605 
1999 1126 1260 1219 
2000 1033 2630 1054 
2001 1653 2514 1418 
2002 2089 2878 2088 
2003 1109 2181 1111 
2004 2643 2644 2619 
2005 1919 2204 1907 
2006 811 3133 3102 
2007 1828 2515 1825 
2008 2947 2948 2548 
2009 2844 2846 1123 
2010 1250 2522 1175 
2011 1687 2173 1674 
2012 2587 2588 2585 
2013 1659 4193 2377 
2014 1140 3887 2861 
2015 2104 2622 2106 
2016 372 3144 371 
2017 629 3240 2613 
2018 2372 2379 1694 
2019 1140 2861 1138 
2020 3102 3133 2765 
2021 1826 1828 1825 
2022 1699 1937 1936 
2023 2908 3988 3484 
2024 2017 2018 1259 
2025 2618 2643 2619 
2026 2079 4096 3380 
2027 2706 3133 811 
2028 1728 1962 1726 
2029 1917 1924 1918 
2030 1381 3923 2805 
2031 1502 2304 1539 
2032 1242 1594 1423 
2033 2632 4288 2858 
2034 1686 2392 1632 
2035 1026 2709 1045 
2036 1822 1823 1483 
2037 1773 2138 1998 
2038 2332 4238 1400 
2039 1307 2263 1467 
2040 1680 2228 2227 
2041 754 2862 2807 
2042 2534 3512 2532 
2043 1237 2920 1420 
2044 1717 1957 1630 
2045 2898 3909 1884 
2046 1796 2467 1793 
2047 1982 2489 1875 
2048 3482 4176 1623 
2049 1615 2584 1461 
2050 2064 2182 2002 
2051 1716 2002 1686 
2052 2061 4320 1891 
2053 1652 1653 1418 
2054 2354 3543 2347 
2055 1737 1802 1735 
2056 1251 1252 1091 
2057 2017 2021 2019 
2058 1932 2434 2176 
2059 1067 2557 1041 
2060 2453 4163 2455 
2061 2019 2020 2018 
2062 699 3653 2686 
2063 1799 2541 1450 
2064 1231 1388 1387 
2065 2124 2980 2822 
2066 3057 3865 2491 
2067 2496 4042 2318 
2068 659 3439 3344 
2069 2062 2648 1779 
2070 1566 1570 1569 
2071 1774 3867 3214 
2072 1763 2684 2427 
2073 2432 3896 3279 
2074 1562 1576 1564 
2075 1657 3126 3125 
2076 1447 1448 1262 
2077 1969 2154 1968 
2078 1953 2418 2416 
2079 1111 1115 1112 
2080 2020 2723 2023 
2081 1018 3833 3140 
2082 1883 2518 2517 
2083 1544 2727 1590 
2084 1420 1659 1658 
2085 2307 2972 1997 
2086 1381 2805 1379 
2087 1972 2662 2269 
2088 2602 2605 2599 
2089 1991 2713 1989 
2090 1023 2659 1006 
2091 1327 2190 1336 
2092 2101 3177 1996 
2093 2046 2367 1731 
2094 1976 2294 1971 
2095 2121 3365 2752 
2096 1061 2762 1082 
2097 1930 3250 2818 
2098 797 2942 612 
2099 611 2942 705 
2100 1248 1677 1440 
2101 2733 3841 2734 
2102 1473 1474 1431 
2103 1897 1922 1899 
2104 3153 3373 1752 
2105 2665 4186 800 
2106 1289 1422 1291 
2107 2718 3496 642 
2108 1573 2371 1575 
2109 1526 1529 1528 
2110 1944 2563 1851 
2111 1670 3252 3150 
2112 2908 3484 719 
2113 1470 2226 1472 
2114 2283 2293 1976 
2115 1788 2569 1622 
2116 2076 2913 1076 
2117 1551 1579 1552 
2118 1314 1316 1313 
2119 1518 1535 1520 
2120 1958 2968 2779 
2121 2864 3503 3233 
2122 1511 1515 1514 
2123 2096 2723 2020 
2124 1829 1830 1828 
2125 1239 1607 1411 
2126 2935 2959 846 
2127 1768 1881 1701 
2128 2825 3789 1771 
2129 1581 1751 1582 
2130 1021 1170 1169 
2131 1688 1968 1687 
2132 1256 3879 2990 
2133 2521 3201 1777 
2134 2549 3636 957 
2135 2215 2217 2216 
2136 1190 2178 1193 
2137 1802 2300 1735 
2138 2811 3429 2996 
2139 2360 2742 2366 
2140 1293 1389 1295 
2141 2080 4214 3786 
2142 1882 2007 2006 
2143 1840 2368 1837 
2144 872 2978 874 
2145 1814 2795 2589 
2146 1658 2377 2376 
2147 1821 2833 1819 
2148 3395 3400 1221 
2149 907 2626 904 
2150 1695 1772 1697 
2151 2666 3158 799 
2152 1522 1531 1524 
2153 2288 2766 2286 
2154 1224 1225 1218 
2155 2131 2299 2132 
2156 1484 3686 3123 
2157 1919 2206 2205 
2158 885 2737 1014 
2159 1237 1420 1419 
2160 1726 4212 2310 
2161 2408 3705 2921 
2162 1257 1265 1250 
2163 1831 1972 1830 
2164 2254 2613 2253 
2165 2216 3633 2261 
2166 1893 1931 1895 
2167 1670 3150 2591 
2168 1297 1302 1301 
2169 237 3057 673 
2170 1742 2450 1744 
2171 1068 1132 1131 
2172 2811 2996 1993 
2173 1712 1757 1653 
2174 1575 2371 1694 
2175 1142 2016 1259 
2176 838 3487 3205 
2177 3635 4309 2719 
2178 2672 4034 1511 
2179 2674 2692 2677 
2180 1764 2808 2145 
2181 1665 2137 2134 
2182 1827 1955 1954 
2183 8 3562 7 
2184 2301 2302 1336 
2185 1050 1128 1060 
2186 1677 1882 1702 
2187 3287 3743 2534 
2188 1615 2587 2585 
2189 2729 3611 3046 
2190 1409 4258 2527 
2191 1027 1062 1017 
2192 1610 1778 1611 
2193 1541 1710 1542 
2194 1927 1932 1929 
2195 1484 3123 1486 
2196 2764 2892 758 
2197 1947 2512 2511 
2198 1943 2516 2515 
2199 2562 3462 2281 
2200 1772 2697 2328 
2201 2050 2179 2049 
2202 2240 2242 2239 
2203 1409 2523 2522 
2204 2628 3820 2869 
2205 1787 2705 1768 
2206 2735 3784 3730 
2207 1348 1360 1347 
2208 2873 3664 1039 
2209 1315 1477 1476 
2210 1208 1210 1168 
2211 2893 3952 2089 
2212 2525 2528 2526 
2213 2738 3058 1310 
2214 1085 1244 1200 
2215 2359 2923 1389 
2216 2007 3129 2006 
2217 2290 2291 2288 
2218 992 1020 983 
2219 1089 2756 1087 
2220 2584 3908 1459 
2221 3493 3532 2827 
2222 2818 3588 1930 
2223 1012 3949 1043 
2224 2653 3119 1029 
2225 1166 1167 1164 
2226 1317 1318 1316 
2227 1680 2226 1470 
2228 1400 4238 1613 
2229 2258 2530 2256 
2230 1807 2338 2183 
2231 3043 3883 2707 
2232 2489 4202 2685 
2233 1160 1161 1157 
2234 913 1000 915 
2235 1751 2011 1752 
2236 2891 3512 658 
2237 1319 1320 1318 
2238 1479 1481 1480 
2239 1432 1949 1948 
2240 1694 1695 1693 
2241 1778 1779 1611 
2242 1943 2801 2516 
2243 2574 3232 2575 
2244 1340 1341 1339 
2245 2573 2656 2640 
2246 2650 3601 3575 
2247 2183 2555 1805 
2248 3199 3537 3200 
2249 1964 2025 1757 
2250 1103 1114 1105 
2251 2998 3015 2775 
2252 2276 2733 2275 
2253 2977 4186 2876 
2254 1750 2003 1812 
2255 2242 3237 2239 
2256 1871 1872 1869 
2257 1009 2817 2816 
2258 1066 1068 1067 
2259 1280 1392 1282 
2260 1957 2853 1959 
2261 1845 1846 1843 
2262 1213 1230 1211 
2263 2490 2491 1981 
2264 1335 1339 1334 
2265 2678 3193 2110 
2266 87 3227 841 
2267 2536 4266 2035 
2268 2035 2902 2316 
2269 1152 2509 2508 
2270 1263 1416 1195 
2271 1284 1288 1287 
2272 2177 2745 1933 
2273 2107 2109 1690 
2274 2272 2273 2271 
2275 1266 1397 1265 
2276 2141 2922 1821 
2277 2443 2445 2442 
2278 738 3607 2708 
2279 1725 2310 2131 
2280 1661 2050 2049 
2281 1059 1063 1058 
2282 1548 1551 1550 
2283 2364 2675 2674 
2284 1457 2642 1665 
2285 1311 1312 1310 
2286 2669 2688 2667 
2287 2322 4141 1571 
2288 1913 4036 1914 
2289 2413 3258 2415 
2290 2945 4237 2996 
2291 2477 2504 2479 
2292 1782 1783 1474 
2293 3522 3606 2535 
2294 789 4109 2853 
2295 1641 1673 1640 
2296 3294 3715 2331 
2297 2634 2912 2774 
2298 1759 1789 1788 
2299 1959 2884 2865 
2300 2733 3350 701 
2301 2658 4176 3482 
2302 998 3935 2652 
2303 2789 3106 2144 
2304 1887 1890 1889 
2305 2561 3096 2559 
2306 1095 1129 1097 
2307 1772 2327 1697 
2308 1730 3139 1732 
2309 2063 2306 1997 
2310 1958 2779 1957 
2311 1609 2083 1598 
2312 2555 4298 1803 
2313 2895 3508 1285 
2314 1846 2168 1843 
2315 2082 3786 3180 
2316 1354 1355 1353 
2317 1604 2234 1393 
2318 1866 3640 3061 
2319 2956 2957 985 
2320 2872 3587 2871 
2321 1872 2330 1869 
2322 2178 3810 1232 
2323 2471 2865 2755 
2324 1393 4131 1394 
2325 2216 2261 1761 
2326 1181 1187 1183 
2327 1955 2104 2103 
2328 2437 2811 1993 
2329 1980 2237 1855 
2330 1013 1016 1012 
2331 2984 3723 3363 
2332 2002 2877 2169 
2333 1176 1414 1267 
2334 1120 1178 1122 
2335 2901 4167 2068 
2336 1219 1239 1220 
2337 2706 3907 2367 
2338 2237 4065 1853 
2339 2417 3688 1636 
2340 2003 3926 2637 
2341 1083 1246 1084 
2342 1090 1251 1091 
2343 1447 1820 1819 
2344 2323 3097 2324 
2345 1689 1690 1537 
2346 800 3635 2665 
2347 2060 2782 2036 
2348 1332 1334 1331 
2349 2225 3965 3711 
2350 2603 2604 2602 
2351 1544 1590 1546 
2352 1242 1423 1243 
2353 2360 2361 2359 
2354 2030 2907 1883 
2355 2538 3854 2090 
2356 2440 2442 1288 
2357 1170 1172 1171 
2358 2449 3809 3349 
2359 1720 2898 2896 
2360 2126 3100 2938 
2361 2947 3651 2948 
2362 1167 3094 2645 
2363 1184 1204 1185 
2364 2469 4014 2471 
2365 2209 3135 2208 
2366 2172 2761 2197 
2367 2155 3560 2732 
2368 1899 2211 1901 
2369 1741 2038 2037 
2370 1109 1111 1110 
2371 2525 2529 2528 
2372 1558 1561 1560 
2373 3145 3796 2497 
2374 1099 1118 1101 
2375 2760 3015 793 
2376 1398 1583 1397 
2377 2554 4202 2489 
2378 2264 2266 1467 
2379 1200 1242 1201 
2380 2863 3826 675 
2381 1508 2672 1511 
2382 2401 3051 2402 
2383 2429 3316 1425 
2384 2552 2927 2553 
2385 2099 2883 2100 
2386 2652 2654 2653 
2387 1920 2208 1903 
2388 1404 1457 1456 
2389 3625 3648 1660 
2390 2758 2759 2739 
2391 1320 2789 2144 
2392 2258 2827 2530 
2393 2228 2871 2227 
2394 2111 2678 2110 
2395 3683 3774 792 
2396 1267 2798 1268 
2397 2487 4219 3066 
2398 2580 4013 3524 
2399 2208 4021 1905 
2400 1076 2913 1072 
2401 803 3927 3891 
2402 2302 3659 3355 
2403 1119 2763 1120 
2404 1957 1959 1630 
2405 2712 4048 2610 
2406 3617 3952 626 
2407 1554 1578 1556 
2408 2906 3856 723 
2409 2504 2650 2479 
2410 1778 2062 1779 
2411 1972 2748 2663 
2412 1356 1357 1355 
2413 2051 2917 1953 
2414 2220 2866 1776 
2415 1752 3662 3153 
2416 1414 1444 1443 
2417 2104 2106 2105 
2418 3374 3496 2815 
2419 1607 4071 2618 
2420 3001 3673 3663 
2421 3258 4197 3083 
2422 1467 1468 1442 
2423 2439 3913 2440 
2424 1083 1084 1063 
2425 3705 4197 2921 
2426 2446 2532 2443 
2427 1876 4203 2953 
2428 1877 1983 1982 
2429 1536 1537 1530 
2430 3302 3511 1261 
2431 1644 1723 1643 
2432 2026 2235 2025 
2433 1155 1156 1153 
2434 1895 4187 2474 
2435 1448 1609 1598 
2436 2158 2159 1766 
2437 2137 2452 2134 
2438 1001 1007 1000 
2439 2569 2572 2571 
2440 1444 1726 1725 
2441 2705 2726 2725 
2442 1190 1193 1192 
2443 2358 2359 1389 
2444 1481 1484 1482 
2445 2498 2578 2047 
2446 1974 1976 1971 
2447 1949 2041 2040 
2448 3148 3933 1708 
2449 2719 3966 3635 
2450 2130 2456 1591 
2451 1692 2912 1574 
2452 1556 4232 2457 
2453 2697 2876 2328 
2454 3979 4161 2265 
2455 1839 1840 1837 
2456 2799 3067 809 
2457 1765 1766 1464 
2458 1737 1803 1802 
2459 2748 3276 2663 
2460 1707 2631 2143 
2461 2646 2647 1780 
2462 2083 2172 2084 
2463 1074 1076 1072 
2464 2186 2885 2061 
2465 1084 1233 1063 
2466 2131 3652 2299 
2467 1262 2843 1261 
2468 1048 1087 1047 
2469 3194 3303 3195 
2470 2771 4099 2746 
2471 1463 1616 1615 
2472 3255 4055 648 
2473 2832 3317 1967 
2474 2810 2828 1040 
2475 3312 4044 2604 
2476 2320 2322 1570 
2477 3419 3839 3420 
2478 3481 4113 2193 
2479 1475 1717 1630 
2480 1951 1952 1624 
2481 1239 1411 1240 
2482 2577 3028 2961 
2483 988 4171 2740 
2484 1651 3796 3145 
2485 1459 2642 1457 
2486 1131 2970 1067 
2487 1475 1630 1412 
2488 2291 2766 2288 
2489 1090 1091 1089 
2490 3349 3809 762 
2491 1042 1057 1016 
2492 3258 3783 2415 
2493 1252 1447 1262 
2494 1246 1247 1084 
2495 2833 2910 765 
2496 2124 4091 2980 
2497 2027 3373 3153 
2498 2721 3305 3157 
2499 1282 4201 2439 
2500 1302 1303 1301 
2501 2650 3952 3617 
2502 1823 2732 1826 
2503 665 3990 2951 
2504 3054 4324 3361 
2505 1008 1010 1007 
2506 2740 3058 2738 
2507 1642 2296 1273 
2508 904 2641 901 
2509 773 4234 3445 
2510 2661 4245 2660 
2511 1466 1631 1465 
2512 1323 1338 1321 
2513 3538 4231 1341 
2514 2179 3584 2049 
2515 1003 1012 1002 
2516 688 3208 601 
2517 2847 3860 3092 
2518 1060 1126 1061 
2519 2318 4042 2707 
2520 2461 2463 2460 
2521 3104 4071 2576 
2522 1595 1645 1455 
2523 2689 3246 3164 
2524 1820 2141 1821 
2525 2914 2915 2913 
2526 1022 1052 1032 
2527 2347 4206 1536 
2528 1360 2722 1652 
2529 1410 2625 1276 
2530 1539 2672 1508 
2531 1520 4204 2423 
2532 2626 3311 2641 
2533 2804 4250 2598 
2534 1276 2625 1278 
2535 2809 3612 2808 
2536 2115 2147 2117 
2537 1423 1610 1424 
2538 991 999 986 
2539 1041 1042 1016 
2540 1330 1331 1329 
2541 2233 3749 2925 
2542 2357 3931 2358 
2543 1217 1218 1215 
2544 1358 1361 1357 
2545 1655 2036 2035 
2546 2176 2177 1933 
2547 1937 1938 1936 
2548 2766 3055 2286 
2549 3460 3671 2452 
2550 1778 2486 2062 
2551 1536 4206 1689 
2552 360 3264 359 
2553 2290 2292 2291 
2554 1742 4327 2450 
2555 2413 2415 2414 
2556 2458 2460 1561 
2557 2598 2601 2596 
2558 2676 3943 1302 
2559 1864 2560 2559 
2560 3445 4234 2572 
2561 1415 1585 1445 
2562 2041 2043 2042 
2563 4135 4212 2311 
2564 1511 4034 1515 
2565 1222 1593 1393 
2566 1161 3292 1157 
2567 1077 1078 1076 
2568 1812 4322 2447 
2569 2683 3181 1756 
2570 1718 1719 1452 
2571 1991 2714 2713 
2572 1017 2655 1010 
2573 1524 2651 1526 
2574 1779 2648 2646 
2575 2145 2502 1718 
2576 1714 1960 1713 
2577 2713 2715 1989 
2578 2278 2279 2276 
2579 1796 2802 2467 
2580 2148 3483 2887 
2581 1484 1486 1485 
2582 1342 2696 1341 
2583 2774 2912 1692 
2584 1646 1713 1645 
2585 2315 3901 3510 
2586 2725 2899 1881 
2587 1700 2356 2220 
2588 957 3846 2549 
2589 1204 1253 1205 
2590 1405 3387 3114 
2591 1051 2630 1033 
2592 2598 4250 2775 
2593 2486 3603 2062 
2594 1585 1655 1654 
2595 1120 2763 1178 
2596 1411 1475 1412 
2597 2928 3210 2553 
2598 842 3303 3194 
2599 928 2874 997 
2600 2016 4020 3066 
2601 2527 2770 2524 
2602 1835 1836 1833 
2603 1107 2623 1113 
2604 1011 1017 1010 
2605 1006 1034 996 
2606 2660 4245 3527 
2607 3092 4134 2847 
2608 3046 3611 756 
2609 1627 2240 2239 
2610 1922 2211 1899 
2611 2409 2921 2413 
2612 3462 3962 3040 
2613 2127 2735 1810 
2614 804 3044 2778 
2615 2777 4152 2412 
2616 1071 1073 1072 
2617 645 3411 2662 
2618 869 3796 1651 
2619 1564 4228 2319 
2620 1529 1530 1528 
2621 1867 1868 1865 
2622 2035 4266 2902 
2623 2593 2829 2205 
2624 1295 2923 1297 
2625 1408 4031 1799 
2626 1291 4174 2357 
2627 1127 2762 1061 
2628 1126 1219 1127 
2629 1744 2450 2192 
2630 2486 3209 3011 
2631 3027 3837 2325 
2632 1252 1262 1261 
2633 2578 4286 3698 
2634 2165 3365 2121 
2635 2778 3656 804 
2636 2464 2519 2461 
2637 1533 1682 1681 
2638 2708 4287 738 
2639 1946 2892 2764 
2640 747 4150 2742 
2641 2467 2582 1793 
2642 1684 1687 1674 
2643 3095 4163 2453 
2644 3446 3605 2374 
2645 1669 3664 2500 
2646 3096 3714 679 
2647 1648 1686 1632 
2648 1344 1347 1342 
2649 899 2963 896 
2650 1997 2972 1579 
2651 1394 1600 1599 
2652 2542 2754 2541 
2653 763 3537 3423 
2654 3113 3650 805 
2655 2494 2495 2237 
2656 1221 4094 2762 
2657 1717 1958 1957 
2658 3313 4044 3312 
2659 2206 2594 2593 
2660 2874 2875 997 
2661 781 4318 2710 
2662 1288 1289 1287 
2663 1662 1777 1663 
2664 1500 4142 2304 
2665 1704 2233 2232 
2666 2568 3790 1081 
2667 1610 2087 1778 
2668 3214 3324 1664 
2669 2226 4061 1472 
2670 1753 1754 1417 
2671 1914 1917 1916 
2672 1400 1612 1202 
2673 2402 2404 2403 
2674 3248 4043 3249 
2675 2605 2804 2599 
2676 2095 4188 3893 
2677 2043 2073 2044 
2678 2250 3651 2875 
2679 1996 1997 1579 
2680 2533 2891 2890 
2681 1836 4179 1833 
2682 1956 2979 2355 
2683 1787 2857 2705 
2684 1724 1816 1723 
2685 2235 4137 2025 
2686 1573 4173 2371 
2687 1045 1069 1055 
2688 2148 2887 2150 
2689 1079 1080 1078 
2690 1593 1605 1604 
2691 1769 1770 1588 
2692 2571 4234 3405 
2693 2060 2783 2782 
2694 917 994 916 
2695 2700 2702 2701 
2696 2261 3633 3505 
2697 1431 4223 1432 
2698 2052 3656 2778 
2699 1602 1662 1603 
2700 2790 2791 2209 
2701 1134 2920 1132 
2702 1085 1200 1086 
2703 2016 2488 2017 
2704 1115 2818 1119 
2705 1055 1085 1056 
2706 1911 1913 1912 
2707 661 3695 3105 
2708 2341 2343 1913 
2709 2380 3623 2379 
2710 2472 4014 1412 
2711 1056 1125 1046 
2712 1013 1041 1016 
2713 642 3408 2718 
2714 2053 2851 2052 
2715 1600 1602 1601 
2716 3275 4233 3447 
2717 2172 2197 2084 
2718 3581 4132 2686 
2719 1352 1353 1350 
2720 737 2868 2835 
2721 1531 2651 1524 
2722 1808 4213 2849 
2723 1226 1227 1088 
2724 1605 1701 1700 
2725 146 3247 145 
2726 264 2785 742 
2727 1610 1611 1424 
2728 2087 3209 2486 
2729 3370 3573 2644 
2730 1515 1516 1514 
2731 1722 2089 2088 
2732 1039 1048 1047 
2733 2150 2627 2152 
2734 2102 2720 2101 
2735 736 4143 3238 
2736 1446 4010 1377 
2737 1932 1933 1929 
2738 995 1029 1005 
2739 2589 2590 1749 
2740 2842 3421 2858 
2741 1004 3401 2438 
2742 2622 4055 3255 
2743 1570 1571 1569 
2744 1059 1083 1063 
2745 1190 4066 2178 
2746 2011 3825 3662 
2747 1825 4243 1827 
2748 1486 1488 1487 
2749 2605 3130 2804 
2750 975 3181 938 
2751 2675 2692 2674 
2752 641 4315 2926 
2753 1009 2816 1008 
2754 818 3968 3584 
2755 2698 2700 2699 
2756 983 4050 3354 
2757 2107 3242 2959 
2758 1032 1050 1033 
2759 2367 3907 2951 
2760 2719 3973 2167 
2761 1440 3107 1246 
2762 2790 3695 851 
2763 2616 2617 2354 
2764 887 3219 884 
2765 1083 1248 1246 
2766 1639 1640 1637 
2767 3901 3925 3085 
2768 1561 1562 1560 
2769 2074 2924 2140 
2770 2817 2832 2816 
2771 1418 4244 1581 
2772 1253 1269 1254 
2773 2543 3615 2799 
2774 1921 3930 2342 
2775 1885 2943 2425 
2776 3019 4069 2604 
2777 3614 4133 3507 
2778 2115 3122 2147 
2779 2033 3628 2068 
2780 2031 2835 2030 
2781 3049 3097 676 
2782 1050 1060 1051 
2783 1117 3589 2473 
2784 1779 1780 1611 
2785 3025 3120 3049 
2786 761 2788 370 
2787 1026 1027 1017 
2788 1476 2758 2739 
2789 2807 2862 2380 
2790 2563 2710 2565 
2791 1810 4213 1808 
2792 1092 1093 1080 
2793 2683 3976 940 
2794 1784 4178 2952 
2795 1095 3996 1129 
2796 2405 2950 2408 
2797 2720 3793 2101 
2798 827 3926 3426 
2799 1273 1274 1227 
2800 3681 3946 1880 
2801 705 2942 2854 
2802 3483 4268 3473 
2803 2284 2686 2283 
2804 1232 3810 3053 
2805 2280 2666 2279 
2806 1411 1412 1240 
2807 2872 3710 3587 
2808 921 2546 919 
2809 910 3169 908 
2810 2013 3349 2189 
2811 1993 1994 1754 
2812 3517 3844 2717 
2813 1252 2537 1447 
2814 2099 2100 1764 
2815 1871 1873 1872 
2816 2469 3647 1413 
2817 2014 2015 2013 
2818 786 3009 3008 
2819 2349 2350 2348 
2820 1833 4179 2748 
2821 2750 3093 2412 
2822 2094 2664 1608 
2823 1635 1636 1584 
2824 1233 3393 2806 
2825 1845 1847 1846 
2826 1239 1240 1220 
2827 995 996 991 
2828 2004 3389 2789 
2829 1803 4298 1946 
2830 3447 4233 831 
2831 1113 4149 1109 
2832 2336 3791 3467 
2833 3105 3268 3195 
2834 3229 4180 1577 
2835 2296 4194 1274 
2836 1305 4161 2263 
2837 2263 3979 2264 
2838 2462 3251 3062 
2839 1483 4262 1479 
2840 1613 1614 1612 
2841 2548 3244 2621 
2842 722 3586 3566 
2843 1584 2490 1583 
2844 1682 2111 2110 
2845 2034 2860 2173 
2846 1366 1367 1365 
2847 1336 2580 1325 
2848 1386 4041 3236 
2849 1509 3686 1484 
2850 2639 2760 2638 
2851 822 3614 3507 
2852 2006 3128 2401 
2853 2107 2959 2109 
2854 2372 2807 2380 
2855 1783 2753 2031 
2856 2789 3389 1838 
2857 1868 3894 1865 
2858 3118 3214 1664 
2859 788 4072 3758 
2860 1475 2029 1717 
2861 2559 3096 2636 
2862 1033 1054 1023 
2863 3110 3949 1012 
2864 3134 3584 2179 
2865 1044 2940 2709 
2866 2409 2413 2411 
2867 1456 3923 1381 
2868 2720 3157 798 
2869 1160 1162 1161 
2870 2351 2352 2350 
2871 1388 3609 3059 
2872 1695 4124 1772 
2873 727 4022 2761 
2874 1090 1415 1251 
2875 2708 2893 2089 
2876 1166 1168 1167 
2877 3066 4020 2633 
2878 994 2166 2165 
2879 2956 2958 2957 
2880 1151 1152 1149 
2881 2582 2635 2583 
2882 2835 2869 737 
2883 2114 2115 1770 
2884 1674 4104 1673 
2885 2666 3350 2279 
2886 1479 4262 2384 
2887 993 1002 992 
2888 1977 2284 2283 
2889 1423 1424 1243 
2890 2589 2787 2590 
2891 2353 2492 2352 
2892 1242 1243 1201 
2893 2454 3095 2453 
2894 2821 3536 951 
2895 1022 1032 1023 
2896 2649 3603 2997 
2897 2258 3493 2827 
2898 2037 4327 1742 
2899 2413 2414 2411 
2900 1749 1750 1614 
2901 2780 3230 783 
2902 1130 1434 1057 
2903 2547 3836 2947 
2904 2876 4186 2328 
2905 2378 3530 3052 
2906 1087 1088 1047 
2907 1208 1211 1210 
2908 1045 1046 1027 
2909 3425 3498 1383 
2910 2169 2867 2392 
2911 2323 2324 2322 
2912 2086 2503 2085 
2913 1234 2399 1179 
2914 2704 3425 2703 
2915 2070 3110 1434 
2916 2202 3100 3099 
2917 3232 4172 2942 
2918 2189 2712 1951 
2919 1682 3123 2112 
2920 2650 3575 2479 
2921 1821 2910 2833 
2922 2799 3186 2086 
2923 911 916 910 
2924 1269 1308 1270 
2925 2388 3060 2389 
2926 2045 3101 2381 
2927 2369 4257 2368 
2928 1489 2838 1492 
2929 1437 1438 1436 
2930 1412 1413 1240 
2931 1005 1006 996 
2932 2331 4251 2330 
2933 912 2657 913 
2934 1890 1891 1889 
2935 2150 2887 2627 
2936 1252 1261 1091 
2937 1313 4253 1315 
2938 2678 3247 628 
2939 2268 2863 2690 
2940 995 1005 996 
2941 989 991 986 
2942 1048 1090 1089 
2943 2058 4203 1876 
2944 1005 1022 1006 
2945 906 914 912 
2946 2078 2566 2330 
2947 3282 3740 3399 
2948 2327 4254 1699 
2949 697 3076 2902 
2950 2761 3190 451 
2951 2643 3104 2644 
2952 961 2751 990 
2953 1379 2805 1446 
2954 1981 3108 2128 
2955 2770 2771 2746 
2956 2417 4267 2416 
2957 3150 3252 1206 
2958 2763 3315 1595 
2959 989 995 991 
2960 4114 4324 3054 
2961 1435 1436 1434 
2962 1909 1911 1910 
2963 2382 2521 1777 
2964 1101 2329 1103 
2965 2053 3302 3241 
2966 2408 2921 2409 
2967 3233 4094 1795 
2968 2887 3483 745 
2969 2742 2973 2366 
2970 2786 3734 2336 
2971 1884 2657 912 
2972 2905 4106 2856 
2973 819 3687 2944 
2974 1554 3863 1578 
2975 1434 3110 1057 
2976 1213 2303 1230 
2977 2393 4263 2392 
2978 1118 2329 1101 
2979 3486 4285 4230 
2980 1533 3123 1682 
2981 982 998 989 
2982 1657 3125 1530 
2983 1016 3110 1012 
2984 2794 3819 1966 
2985 2376 3396 2375 
2986 2334 3707 2332 
2987 2135 2196 2180 
2988 3698 4286 782 
2989 1412 4014 1413 
2990 2000 3116 2146 
2991 1996 3177 2063 
2992 659 3344 3109 
2993 1231 3609 1388 
2994 2995 3132 2991 
2995 2128 2129 1709 
2996 3099 4296 2202 
2997 1173 1249 1175 
2998 637 4285 3486 
2999 2508 3981 2507 
3000 2954 2958 2956 
3001 1178 1179 1122 
3002 1085 1086 1056 
3003 2464 2976 2519 
3004 1546 2428 1548 
3005 1998 4095 1075 
3006 1551 1552 1550 
3007 2352 4269 2350 
3008 1201 1228 1086 
3009 1187 1188 1183 
3010 1722 4287 2708 
3011 1995 3791 2888 
3012 2788 3983 3501 
3013 2240 2243 2242 
3014 2053 3241 2851 
3015 2448 2449 2015 
3016 2429 4284 2431 
3017 2700 2704 2703 
3018 3238 4143 3239 
3019 2774 3840 1052 
3020 1707 4325 2631 
3021 1800 4114 1616 
3022 2935 3720 2109 
3023 1372 2852 1368 
3024 1917 3910 1979 
3025 1060 3180 1126 
3026 2914 4110 2915 
3027 2688 3158 2667 
3028 1609 2086 2085 
3029 1328 1329 1327 
3030 3497 3636 1879 
3031 2294 4116 1971 
3032 2540 3844 3565 
3033 2373 4173 3120 
3034 1045 1055 1046 
3035 996 3592 991 
3036 1289 4068 1422 
3037 1481 2384 1509 
3038 1084 3325 1233 
3039 3222 3342 1069 
3040 1062 2655 1017 
3041 3008 3010 3007 
3042 2147 2148 2117 
3043 2176 2939 2177 
3044 2452 3671 2134 
3045 2972 3863 1554 
3046 3007 3010 849 
3047 1459 3908 2642 
3048 2684 2934 2427 
3049 2519 4317 2577 
3050 2480 2485 2482 
3051 1590 2428 1546 
3052 2571 3050 2570 
3053 2690 3852 755 
3054 2560 2894 2561 
3055 3066 4219 2488 
3056 1061 1082 1051 
3057 2424 4204 1535 
3058 1022 1023 1006 
3059 1974 1977 1976 
3060 2669 2689 2688 
3061 3080 3990 665 
3062 3565 4147 2540 
3063 1155 1157 1156 
3064 1492 1494 1493 
3065 3198 3362 3199 
3066 2275 3113 2273 
3067 1562 4060 1576 
3068 1924 1925 1918 
3069 2451 3310 3178 
3070 1478 1822 1483 
3071 3064 3752 3683 
3072 362 3167 632 
3073 2714 3825 3434 
3074 1823 1826 1825 
3075 1762 1763 1633 
3076 1055 1056 1046 
3077 2403 3107 1703 
3078 1107 1109 1108 
3079 2522 3975 1175 
3080 1863 1864 1861 
3081 1424 1425 1243 
3082 2822 2980 1154 
3083 1119 1120 1116 
3084 1308 1402 1309 
3085 2835 2868 2030 
3086 2533 3512 2891 
3087 2405 2408 2407 
3088 2021 4219 3510 
3089 847 4303 3192 
3090 891 2773 889 
3091 3644 3713 2024 
3092 1938 1940 1939 
3093 3244 4081 1503 
3094 2046 3133 2706 
3095 1259 3887 1140 
3096 3221 3538 1992 
3097 2164 2535 2168 
3098 2423 3207 1531 
3099 1026 1045 1027 
3100 1220 1221 1127 
3101 2494 4032 3780 
3102 979 2824 976 
3103 2672 4051 2014 
3104 2855 2904 2856 
3105 868 2781 867 
3106 1036 2873 1039 
3107 2065 2127 1810 
3108 1364 1365 1362 
3109 1360 1652 1418 
3110 2746 4099 2529 
3111 1762 2837 2836 
3112 2416 4267 1637 
3113 2942 4172 2854 
3114 1905 4021 1919 
3115 2256 2883 1426 
3116 2203 2938 2202 
3117 2928 3874 3210 
3118 2083 2084 1598 
3119 2943 3649 2945 
3120 2396 2397 1710 
3121 1716 2064 2002 
3122 2274 2275 2273 
3123 2853 2884 1959 
3124 2848 3368 2847 
3125 1448 1598 1262 
3126 1253 3639 1627 
3127 1215 2303 1213 
3128 1126 1127 1061 
3129 2524 2770 2746 
3130 3284 3946 3285 
3131 1030 1035 1031 
3132 2693 2813 2695 
3133 2842 2858 914 
3134 1468 4026 1680 
3135 1195 2633 1146 
3136 2074 2140 2139 
3137 1200 1201 1086 
3138 914 2896 1884 
3139 1839 1841 1840 
3140 2156 2448 2015 
3141 1541 1542 1438 
3142 2469 2470 2127 
3143 2025 4137 2870 
3144 1993 2996 1994 
3145 2631 2632 2143 
3146 1225 1473 1431 
3147 1024 1030 1025 
3148 3167 3619 632 
3149 2073 2924 2074 
3150 634 3606 3522 
3151 2426 3933 3148 
3152 2236 2768 2235 
3153 1032 1033 1023 
3154 1265 4258 1409 
3155 1744 1746 1745 
3156 2729 3870 2728 
3157 3169 3521 908 
3158 2154 3111 1968 
3159 2116 3142 1770 
3160 2859 3156 2106 
3161 3480 3546 2382 
3162 1242 4195 1594 
3163 1032 2671 1050 
3164 2212 3268 2211 
3165 2693 2695 2694 
3166 843 4213 2735 
3167 1373 1375 1372 
3168 2146 2908 2368 
3169 2111 2859 2678 
3170 1883 2517 1474 
3171 2350 4269 2831 
3172 2897 3382 1298 
3173 2664 4185 3155 
3174 1018 1024 1019 
3175 1115 1116 1112 
3176 1014 1018 1015 
3177 1346 2175 1334 
3178 2786 3467 2754 
3179 810 3258 3083 
3180 1421 1429 1428 
3181 2502 3121 2615 
3182 981 2699 971 
3183 3500 3530 2378 
3184 2382 4038 3480 
3185 2772 3139 1730 
3186 917 2544 994 
3187 1219 1220 1127 
3188 1396 3628 3343 
3189 1953 2416 1640 
3190 1071 1072 1070 
3191 3363 3723 2203 
3192 1008 2816 1011 
3193 1193 1194 1192 
3194 2782 3961 2536 
3195 1175 3975 1184 
3196 3303 3919 3195 
3197 2730 3978 667 
3198 1362 2556 1361 
3199 864 3176 3127 
3200 1532 2878 2477 
3201 1409 2527 2524 
3202 1581 1582 1385 
3203 1021 1169 915 
3204 1050 1051 1033 
3205 1770 3142 1588 
3206 2627 2628 2152 
3207 1042 1059 1058 
3208 1231 1387 1194 
3209 1678 3791 1995 
3210 2480 2482 2481 
3211 1858 1860 1857 
3212 1311 1314 1313 
3213 776 3331 322 
3214 951 4126 2821 
3215 1421 4111 1661 
3216 1333 2252 1316 
3217 2404 2950 2405 
3218 1574 2912 1798 
3219 2367 4316 1728 
3220 3205 3518 838 
3221 2135 2180 2136 
3222 2252 4253 1313 
3223 3295 3576 2164 
3224 2897 3489 1720 
3225 2538 4106 2539 
3226 2261 4192 1676 
3227 2398 3709 3131 
3228 1809 1810 1808 
3229 1415 3138 1669 
3230 2772 3548 2295 
3231 1011 1044 1026 
3232 1494 1496 1495 
3233 2459 4232 1578 
3234 2834 3825 2011 
3235 2692 4297 2693 
3236 977 1311 1310 
3237 1827 1954 1824 
3238 1138 2861 1255 
3239 2345 3910 2343 
3240 2716 4285 2717 
3241 1272 1773 1075 
3242 3356 4073 4048 
3243 719 3170 2908 
3244 2771 3504 744 
3245 3512 3743 658 
3246 2525 2526 2523 
3247 2228 2872 2871 
3248 1315 1476 1312 
3249 1402 1408 1406 
3250 1038 2810 1040 
3251 1405 3115 1204 
3252 2217 3322 2218 
3253 2132 2909 2133 
3254 1853 4065 1944 
3255 2686 4132 2283 
3256 2600 2602 2599 
3257 2048 2514 1653 
3258 1867 1869 1868 
3259 2796 4293 1345 
3260 1432 1948 1430 
3261 1907 1909 1908 
3262 3093 3246 2689 
3263 4142 4184 2305 
3264 1003 1013 1012 
3265 770 3360 3054 
3266 1154 3098 2822 
3267 1688 1969 1968 
3268 1013 1066 1041 
3269 2317 3959 1656 
3270 2356 2975 2220 
3271 3564 3589 1934 
3272 1656 3959 2743 
3273 2402 3882 2404 
3274 1409 2522 1250 
3275 2541 3467 1678 
3276 1013 2903 1066 
3277 3078 4266 2536 
3278 1479 1480 1477 
3279 1060 1061 1051 
3280 2392 4263 1632 
3281 3248 3842 2516 
3282 3077 3925 3794 
3283 1592 1633 1591 
3284 2361 2364 2363 
3285 2439 4201 2441 
3286 1943 2515 1828 
3287 2491 3865 3108 
3288 2506 2718 2492 
3289 2007 3256 3129 
3290 1826 1829 1828 
3291 1489 1492 1491 
3292 3107 4029 1246 
3293 3338 3778 2294 
3294 2092 3854 3143 
3295 1959 2865 2472 
3296 1439 2272 2271 
3297 923 2915 974 
3298 3109 4151 659 
3299 1249 1257 1250 
3300 902 2963 899 
3301 1246 4029 1247 
3302 983 3354 979 
3303 1376 1377 1375 
3304 2155 3735 3646 
3305 1111 2181 1117 
3306 2654 3935 3724 
3307 3400 4094 1221 
3308 2023 2767 2468 
3309 1783 2031 2030 
3310 909 910 908 
3311 1797 1808 1796 
3312 1917 1918 1916 
3313 3160 4152 1247 
3314 3262 3851 2518 
3315 1011 1026 1017 
3316 4058 4110 2914 
3317 1648 1716 1686 
3318 1530 3125 1528 
3319 1407 4259 3321 
3320 1172 3252 1670 
3321 2034 2173 1687 
3322 1472 4061 1741 
3323 1583 2490 1981 
3324 1775 3945 3239 
3325 1835 1837 1836 
3326 2457 4232 2459 
3327 1822 2732 1823 
3328 1388 2952 1387 
3329 1652 1712 1653 
3330 813 3961 3821 
3331 2619 3660 2029 
3332 984 992 983 
3333 2927 2928 2553 
3334 2498 4286 2578 
3335 1147 1148 1146 
3336 1111 1112 1110 
3337 2127 3784 2735 
3338 1597 4173 1573 
3339 1829 1831 1830 
3340 1847 4140 2001 
3341 410 791 202 
3342 518 792 405 
3343 3503 4323 1082 
3344 874 2978 877 
3345 2310 4212 4135 
3346 1179 2399 1181 
3347 1468 1470 1469 
3348 2371 4173 4083 
3349 2962 3403 650 
3350 2769 2812 2681 
3351 2795 3459 703 
3352 2575 2576 2466 
3353 2371 4083 2372 
3354 1217 1224 1218 
3355 2895 4325 1707 
3356 3335 3513 1801 
3357 755 3989 2690 
3358 1464 4209 1263 
3359 1552 2972 1554 
3360 2875 3490 2250 
3361 1370 1372 1368 
3362 2830 2946 2207 
3363 2378 3052 2376 
3364 1416 3066 2633 
3365 1831 2748 1972 
3366 1788 4280 2572 
3367 677 3729 3668 
3368 1184 1185 1174 
3369 3136 3666 1236 
3370 1882 3789 2501 
3371 2414 3010 3008 
3372 2787 4275 824 
3373 2953 3525 1876 
3374 1036 1039 1038 
3375 913 915 907 
3376 2365 4174 1422 
3377 2169 2392 1686 
3378 1626 2102 2101 
3379 3368 3860 2847 
3380 2596 3921 1392 
3381 2020 2023 2022 
3382 2811 4136 644 
3383 2851 3656 2052 
3384 2083 4218 2172 
3385 1684 1688 1687 
3386 1314 1317 1316 
3387 2451 4327 2037 
3388 2210 3105 2790 
3389 1302 3943 1303 
3390 1030 4028 1176 
3391 2711 3151 2312 
3392 1408 1450 1449 
3393 2681 2812 2682 
3394 1090 3138 1415 
3395 1746 1748 1747 
3396 2583 4305 1791 
3397 2423 4204 2424 
3398 2263 4161 3979 
3399 3778 4116 2294 
3400 2473 3589 3564 
3401 896 2963 2900 
3402 1348 2722 1360 
3403 1794 1796 1793 
3404 2471 2755 2470 
3405 2051 2918 2917 
3406 3756 3920 3717 
3407 1496 1498 1497 
3408 1972 2663 2662 
3409 1751 1752 1582 
3410 2254 2614 2613 
3411 1319 1321 1320 
3412 3241 3302 2843 
3413 1039 1047 1038 
3414 1712 1964 1757 
3415 677 3668 3052 
3416 792 3774 2931 
3417 1263 3065 1416 
3418 700 2803 2802 
3419 3780 4272 2494 
3420 1966 2747 1589 
3421 2594 3135 2791 
3422 2963 4167 2901 
3423 1817 2052 1816 
3424 1856 1857 1855 
3425 2517 4223 1431 
3426 3473 3529 3483 
3427 1317 1319 1318 
3428 2436 3619 3167 
3429 2449 3349 2015 
3430 2930 3826 2863 
3431 2039 3136 2974 
3432 2973 3829 2366 
3433 1257 1266 1265 
3434 2368 4257 1837 
3435 930 2874 928 
3436 1340 1342 1341 
3437 1132 2920 1237 
3438 877 2978 1245 
3439 1344 1348 1347 
3440 2514 4244 1418 
3441 3227 4202 841 
3442 1473 1782 1474 
3443 1571 4141 1597 
3444 1335 1340 1339 
3445 982 989 986 
3446 1472 1650 1649 
3447 2213 3194 2212 
3448 1008 1011 1010 
3449 3015 3608 2601 
3450 709 3920 3756 
3451 2875 3651 2947 
3452 2357 4174 2365 
3453 291 3303 290 
3454 222 3339 780 
3455 1790 1791 1789 
3456 2879 2880 2682 
3457 3320 4200 1271 
3458 928 997 926 
3459 2849 3677 700 
3460 2213 3586 3194 
3461 1675 1676 1659 
3462 1697 1699 1698 
3463 1133 1134 1132 
3464 2279 3350 2733 
3465 1792 1793 1791 
3466 1378 1379 1377 
3467 1931 4187 1895 
3468 2339 2497 2338 
3469 1760 1761 1676 
3470 1050 2671 1128 
3471 2611 2815 2814 
3472 2585 3198 2586 
3473 1641 1674 1673 
3474 1092 4113 1203 
3475 1170 1171 1169 
3476 3218 3902 1098 
3477 1818 4323 3503 
3478 3582 3613 2242 
3479 2093 3197 2671 
3480 2614 4045 629 
3481 783 3772 2780 
3482 1947 2513 2512 
3483 1332 1335 1334 
3484 2180 2711 2312 
3485 2190 3061 2301 
3486 1964 2026 2025 
3487 1955 2103 1954 
3488 2859 4098 2678 
3489 2475 3586 2213 
3490 2758 3318 2759 
3491 2418 3047 2841 
3492 3663 3673 2038 
3493 1193 2178 1232 
3494 2877 3895 2169 
3495 1064 2751 963 
3496 1151 1153 1152 
3497 2114 3122 2115 
3498 2214 2215 1761 
3499 2791 4211 2594 
3500 905 2842 903 
3501 2735 3679 843 
3502 1233 4182 1063 
3503 1055 3143 1085 
3504 2515 4243 1825 
3505 2444 2639 2638 
3506 1630 2472 1412 
3507 2909 3450 2133 
3508 2482 2484 2483 
3509 1962 4212 1726 
3510 2096 3327 2723 
3511 2754 3467 2541 
3512 1204 4261 1253 
3513 2587 3054 2588 
3514 1341 4231 1339 
3515 2674 2677 2676 
3516 2101 3793 3177 
3517 1060 3857 3180 
3518 2925 3749 2234 
3519 1149 2507 1148 
3520 3956 4328 3519 
3521 1141 1142 1140 
3522 2685 3202 2010 
3523 1135 1136 1134 
3524 2962 3926 2003 
3525 2038 3310 2037 
3526 3311 3545 2641 
3527 1905 1907 1906 
3528 1139 1140 1138 
3529 1137 1138 1136 
3530 2437 4136 2811 
3531 2976 4317 2519 
3532 1450 1678 1451 
3533 1298 3489 2897 
3534 881 1053 883 
3535 1776 2925 2234 
3536 877 1245 879 
3537 3540 3680 3346 
3538 2146 2368 1840 
3539 2843 3302 1261 
3540 1266 1398 1397 
3541 2939 4015 3602 
3542 2630 3549 1054 
3543 2163 3648 3625 
3544 1352 1354 1353 
3545 1548 4260 1551 
3546 885 1014 892 
3547 2921 4197 3258 
3548 2161 2313 2162 
3549 2429 2430 2292 
3550 1361 2556 2386 
3551 2631 2911 2632 
3552 806 4042 3260 
3553 2685 4202 3227 
3554 742 2785 2754 
3555 2932 3273 704 
3556 1984 1985 1983 
3557 986 2698 981 
3558 3307 4218 2083 
3559 1639 1641 1640 
3560 1346 2953 2175 
3561 2866 2926 2925 
3562 2014 4034 2672 
3563 1804 1805 1803 
3564 1225 3174 1473 
3565 1861 2558 1860 
3566 840 3844 3517 
3567 1990 1991 1989 
3568 3873 4001 3082 
3569 1994 3649 2747 
3570 1354 1356 1355 
3571 913 1001 1000 
3572 894 2900 1813 
3573 2068 3628 2901 
3574 3604 3716 3148 
3575 3191 4181 866 
3576 775 3297 119 
3577 1988 1989 1987 
3578 1498 1500 1499 
3579 1534 4142 1500 
3580 2009 4193 1659 
3581 2313 2315 2314 
3582 1481 1482 1480 
3583 4162 4263 2393 
3584 1949 2040 1948 
3585 1417 2794 1234 
3586 1001 1008 1007 
3587 1235 1595 1455 
3588 1711 3709 2398 
3589 2982 4152 2777 
3590 1535 4204 1520 
3591 2387 2886 2385 
3592 2104 2105 2103 
3593 1986 1987 1985 
3594 2110 3193 2419 
3595 793 3015 2998 
3596 3184 3185 2459 
3597 1202 2691 1093 
3598 952 2956 985 
3599 1587 1966 1589 
3600 2431 2432 2430 
3601 1782 2753 1783 
3602 1589 2747 1885 
3603 2698 2699 981 
3604 2026 2236 2235 
3605 1330 1332 1331 
3606 2411 2750 2412 
3607 3894 4251 2331 
3608 3683 3752 2161 
3609 2085 3307 2083 
3610 3724 4180 2654 
3611 1380 1381 1379 
3612 2809 3859 733 
3613 2532 3512 2533 
3614 1247 4152 2982 
3615 1274 4194 1410 
3616 2556 3179 2386 
3617 1644 1724 1723 
3618 1854 1855 1853 
3619 683 3462 3040 
3620 2807 3048 754 
3621 1398 1584 1583 
3622 2176 4015 2939 
3623 1940 1942 1941 
3624 664 4048 2712 
3625 3308 4315 641 
3626 1452 4018 1365 
3627 2402 2403 1703 
3628 2954 4276 2958 
3629 1228 2736 1086 
3630 1784 4299 4178 
3631 2516 4043 3248 
3632 2835 3288 2869 
3633 2298 4301 2296 
3634 674 3362 3198 
3635 2900 2901 1813 
3636 2628 3288 2629 
3637 2943 2945 685 
3638 1302 3800 2673 
3639 999 2698 986 
3640 3501 3777 2788 
3641 2197 4022 2851 
3642 775 3576 3295 
3643 906 912 907 
3644 2577 2961 2960 
3645 2321 4228 1576 
3646 2917 3708 769 
3647 2239 3237 2241 
3648 2693 4297 2813 
3649 2884 3561 2865 
3650 1264 1466 1465 
3651 3476 4269 714 
3652 1458 1459 1457 
3653 2693 2694 2677 
3654 724 3370 3104 
3655 2000 3606 3116 
3656 2808 3612 624 
3657 1635 1637 1636 
3658 762 3436 3349 
3659 3745 4321 4211 
3660 1128 3857 1060 
3661 2406 3107 2403 
3662 1466 1632 1631 
3663 1001 1009 1008 
3664 965 1064 963 
3665 1571 1573 1572 
3666 1617 1618 1616 
3667 1305 1307 1306 
3668 786 3032 3009 
3669 3060 3888 630 
3670 2003 4322 1812 
3671 2456 4040 2781 
3672 2159 2161 2160 
3673 2278 2280 2279 
3674 4211 4321 2594 
3675 1172 1670 1171 
3676 2819 3259 1395 
3677 2846 3220 1123 
3678 2589 4275 2787 
3679 1114 3767 2757 
3680 2414 2750 2411 
3681 1806 1807 1805 
3682 2944 3687 2425 
3683 3159 3818 3095 
3684 2333 2336 2335 
3685 2232 4070 2374 
3686 922 2915 923 
3687 1356 1358 1357 
3688 2678 4098 3247 
3689 2415 3010 2414 
3690 2330 4251 1869 
3691 1705 2895 1707 
3692 1748 2091 2090 
3693 3554 4097 2824 
3694 2446 3892 2534 
3695 1039 3138 1048 
3696 3215 3375 2759 
3697 1942 2081 2080 
3698 1394 1599 1223 
3699 1727 1728 1726 
3700 3285 3681 990 
3701 2933 3148 1708 
3702 2108 3242 2107 
3703 1631 4162 2520 
3704 1150 3098 1151 
3705 2293 2294 1976 
3706 732 3264 2731 
3707 1145 1146 1143 
3708 2326 3097 2323 
3709 2041 2042 2040 
3710 1500 1502 1501 
3711 1204 1205 1185 
3712 2648 3137 2646 
3713 1119 3751 2763 
3714 2436 3166 2043 
3715 1791 4305 1789 
3716 851 4242 2790 
3717 1885 3649 2943 
3718 2703 3425 3366 
3719 3325 3732 1233 
3720 1966 3819 2747 
3721 912 913 907 
3722 3356 4048 3397 
3723 1403 1404 1381 
3724 1903 1905 1904 
3725 1484 1485 1482 
3726 1311 3132 1314 
3727 4229 4290 3454 
3728 1392 4201 1282 
3729 1758 1759 1622 
3730 2992 3161 1999 
3731 2903 3470 1066 
3732 1722 2088 1596 
3733 1742 1744 1743 
3734 2299 4047 2132 
3735 2841 3056 2417 
3736 1619 1620 1618 
3737 1389 2923 1295 
3738 3125 3126 2039 
3739 2615 4247 3179 
3740 1621 1622 1620 
3741 987 2955 2954 
3742 1575 1693 1692 
3743 1394 3749 1704 
3744 1576 4060 2960 
3745 993 1003 1002 
3746 3829 3978 2366 
3747 961 990 959 
3748 982 986 981 
3749 1913 1914 1912 
3750 2874 3490 2875 
3751 2034 3117 2860 
3752 1852 1853 1851 
3753 982 2824 998 
3754 1776 2234 1604 
3755 1714 2745 1960 
3756 1303 1305 1304 
3757 1734 1735 1733 
3758 2164 2168 1846 
3759 2723 3304 2724 
3760 2147 4268 3483 
3761 1670 3792 1671 
3762 1109 1110 1108 
3763 2236 2823 2768 
3764 2078 2330 1872 
3765 3584 3968 2346 
3766 1578 4232 1556 
3767 658 3689 2891 
3768 1944 3372 2710 
3769 1736 1737 1735 
3770 3010 3127 849 
3771 3671 3706 2196 
3772 3941 4146 3305 
3773 1695 1697 1696 
3774 1065 2941 1396 
3775 1460 1461 1459 
3776 1470 1472 1471 
3777 2966 2968 1958 
3778 1636 4267 2417 
3779 2904 2905 2856 
3780 1595 1646 1645 
3781 1657 3830 3126 
3782 875 1591 873 
3783 2922 4120 2910 
3784 761 3144 2725 
3785 2016 3066 2488 
3786 1646 1714 1713 
3787 1863 1865 1864 
3788 1488 2838 1489 
3789 2851 4217 3656 
3790 3515 3569 2887 
3791 1062 3937 2655 
3792 3104 3370 2644 
3793 894 908 891 
3794 3405 4234 3444 
3795 1732 1733 1731 
3796 2130 3213 2456 
3797 1473 3174 1784 
3798 1151 3098 1154 
3799 2831 4269 3476 
3800 2820 3536 2821 
3801 1299 1644 1643 
3802 1148 2507 1196 
3803 2637 4322 2003 
3804 2761 4022 2197 
3805 3813 4279 3803 
3806 1453 2099 1764 
3807 1730 1731 1728 
3808 640 3493 3152 
3809 1576 4228 1564 
3810 1333 3755 2252 
3811 3784 4283 3757 
3812 1291 1293 1292 
3813 2475 3917 3586 
3814 3189 3595 3188 
3815 2800 3433 830 
3816 803 3891 2999 
3817 2318 4177 2496 
3818 2251 3281 2592 
3819 2533 2890 2889 
3820 1307 1442 1441 
3821 2043 2044 2042 
3822 2518 3851 2517 
3823 2302 4013 2580 
3824 2562 3962 3462 
3825 1422 4174 1291 
3826 2516 3842 2515 
3827 3240 4031 2613 
3828 1358 1362 1361 
3829 980 983 979 
3830 1295 1297 1296 
3831 1860 2558 2454 
3832 2136 4311 2805 
3833 2700 2701 2699 
3834 1462 1463 1461 
3835 1611 2916 1424 
3836 2979 3249 820 
3837 1821 2922 2910 
3838 987 2954 948 
3839 3054 3361 770 
3840 1699 1936 1935 
3841 963 2751 961 
3842 2229 3498 3425 
3843 1625 2014 2013 
3844 2094 4185 2664 
3845 2507 3269 1196 
3846 3260 4042 2496 
3847 1502 1508 1507 
3848 2954 2956 950 
3849 2059 2060 2036 
3850 2868 2907 2030 
3851 934 988 932 
3852 3179 4247 2388 
3853 626 3952 2893 
3854 940 2880 941 
3855 1232 3609 1231 
3856 2242 4077 3582 
3857 1876 1877 1875 
3858 2866 3378 2926 
3859 672 4250 3130 
3860 3848 3942 3189 
3861 2933 3604 3148 
3862 3179 4018 1719 
3863 3607 3631 2893 
3864 1662 1663 1603 
3865 2703 3172 2702 
3866 1338 4310 3832 
3867 3049 3120 2324 
3868 808 3124 2966 
3869 1486 1487 1485 
3870 2272 2274 2273 
3871 1965 3226 1209 
3872 1901 1903 1902 
3873 2820 3848 3536 
3874 1328 1330 1329 
3875 1850 1851 1849 
3876 1874 1875 1873 
3877 2325 3880 3027 
3878 2978 3383 1245 
3879 1538 2349 2348 
3880 1274 1276 1275 
3881 2581 3273 2048 
3882 3017 3257 2890 
3883 2641 3768 902 
3884 3354 3554 2824 
3885 3457 3713 3644 
3886 1253 1254 1205 
3887 911 917 916 
3888 4230 4285 2716 
3889 1946 2969 2892 
3890 2948 3244 2548 
3891 1368 2852 1367 
3892 3416 3419 3418 
3893 2001 3295 2164 
3894 1602 1603 1601 
3895 1289 1291 1290 
3896 2129 3912 2770 
3897 1600 1601 1599 
3898 1562 1564 1563 
3899 1297 1301 1300 
3900 1326 1327 1325 
3901 2600 2603 2602 
3902 1848 1849 1847 
3903 2218 3322 3162 
3904 2305 4184 3415 
3905 2762 3233 1082 
3906 2306 2308 2307 
3907 1268 2500 1177 
3908 893 2900 894 
3909 4194 4301 2297 
3910 1188 4066 1190 
3911 2274 2276 2275 
3912 2073 2074 2044 
3913 4001 4117 815 
3914 1105 1107 1106 
3915 3217 3218 1256 
3916 1293 1295 1294 
3917 1979 2965 2964 
3918 2850 3822 689 
3919 2732 3735 2155 
3920 486 3328 2813 
3921 1314 3132 2142 
3922 2154 3112 3111 
3923 2333 2888 2336 
3924 2867 3702 693 
3925 2855 2856 2091 
3926 2677 3675 2676 
3927 2085 3788 3307 
3928 3130 4250 2804 
3929 2289 2290 2288 
3930 4211 4242 3725 
3931 2828 3552 1685 
3932 3109 3344 2128 
3933 1425 2510 1243 
3934 3575 3721 2485 
3935 1566 1569 1568 
3936 1516 1518 1517 
3937 1967 3899 2832 
3938 950 2956 952 
3939 3152 3493 2259 
3940 1833 2748 1831 
3941 1508 1511 1510 
3942 948 2954 950 
3943 752 4069 3019 
3944 1454 4161 1305 
3945 1278 1280 1279 
3946 3232 4129 2575 
3947 681 3934 3739 
3948 939 3058 937 
3949 2577 2960 2463 
3950 2132 2133 1729 
3951 2875 2947 997 
3952 1028 3471 3169 
3953 1552 1554 1553 
3954 2304 4175 2370 
3955 984 993 992 
3956 2175 4075 1331 
3957 508 3874 2928 
3958 2138 3320 1998 
3959 1899 1901 1900 
3960 2223 4064 2224 
3961 946 987 948 
3962 1564 1566 1565 
3963 871 2781 868 
3964 2381 4038 2382 
3965 2224 4064 2751 
3966 1282 1284 1283 
3967 1817 2053 2052 
3968 977 1310 942 
3969 2724 2767 2023 
3970 1350 2722 1348 
3971 906 2842 914 
3972 3292 4056 1157 
3973 2732 3560 1826 
3974 1285 4325 2895 
3975 1911 1912 1910 
3976 2866 2925 1776 
3977 3419 3420 3418 
3978 1573 1575 1574 
3979 1072 2913 1070 
3980 669 3806 2781 
3981 3519 4328 638 
3982 2 3272 409 
3983 1540 3125 2039 
3984 987 4215 3893 
3985 2802 2803 2467 
3986 2076 2914 2913 
3987 2267 3212 2266 
3988 920 2941 1065 
3989 2871 3587 687 
3990 2781 4040 669 
3991 3061 3680 3540 
3992 3175 3684 863 
3993 2196 3964 2180 
3994 688 3623 3208 
3995 1364 1366 1365 
3996 3794 3925 2315 
3997 1488 1489 1487 
3998 2928 3948 508 
3999 2604 4044 3019 
4000 2722 3274 1652 
4001 3111 3999 774 
4002 1211 4281 1210 
4003 2455 4163 3781 
4004 909 911 910 
4005 2408 2409 2407 
4006 741 3541 2768 
4007 1767 1768 1701 
4008 3496 4170 2815 
4009 2499 3849 1118 
4010 2751 3965 2224 
4011 3216 3496 2718 
4012 3206 4047 2299 
4013 2106 3156 2105 
4014 1284 1287 1286 
4015 2353 2506 2492 
4016 2900 2963 2901 
4017 1106 3300 1104 
4018 2351 2353 2352 
4019 2287 2288 2286 
4020 2918 3708 2917 
4021 1780 3753 2916 
4022 2207 3930 2204 
4023 941 2880 944 
4024 2688 4278 3158 
4025 2975 4248 2220 
4026 1170 4122 1173 
4027 1269 1270 1254 
4028 2996 3429 825 
4029 1091 3511 1089 
4030 2328 4186 2665 
4031 1897 1899 1898 
4032 2349 2351 2350 
4033 1163 1164 1162 
4034 2896 2898 1884 
4035 2404 2405 2403 
4036 1511 1514 1513 
4037 56 3550 55 
4038 1518 1520 1519 
4039 2526 3889 3114 
4040 1556 1558 1557 
4041 2285 2286 2284 
4042 1526 1528 1527 
4043 3466 4129 3034 
4044 3891 3927 2394 
4045 915 2626 907 
4046 3245 4081 3244 
4047 3668 3729 2179 
4048 2480 3575 2485 
4049 1540 2039 1755 
4050 2565 3657 3571 
4051 2736 3877 1975 
4052 1679 2501 1429 
4053 1331 4075 1337 
4054 1280 1282 1281 
4055 1579 2972 1552 
4056 3309 4168 3624 
4057 2441 4201 3921 
4058 2088 3773 2838 
4059 3960 4200 2138 
4060 2480 2481 2478 
4061 2640 3235 1931 
4062 2766 3580 844 
4063 2849 4213 843 
4064 894 909 908 
4065 2394 3927 2395 
4066 794 3911 3689 
4067 1891 1893 1892 
4068 1709 3719 1397 
4069 2364 2674 2673 
4070 980 984 983 
4071 604 2977 603 
4072 708 3064 519 
4073 800 2977 604 
4074 1520 1522 1521 
4075 2638 3892 2446 
4076 2462 3998 2464 
4077 3434 4290 2714 
4078 2958 4276 1629 
4079 733 3859 2827 
4080 1422 4068 2889 
4081 1446 4311 3151 
4082 1524 1526 1525 
4083 1276 1278 1277 
4084 1895 1897 1896 
4085 2124 2822 2126 
4086 952 985 954 
4087 3399 3740 1049 
4088 2245 3149 2243 
4089 3543 4206 2347 
4090 1035 2873 1036 
4091 1366 1368 1367 
4092 3391 4013 2302 
4093 1522 1524 1523 
4094 2654 3229 2653 
4095 2014 2156 2015 
4096 3194 3627 842 
4097 3285 4064 2223 
4098 2534 3892 3287 
4099 3121 3309 735 
4100 713 3605 3446 
4101 1959 2472 1630 
4102 2135 3671 2196 
4103 2926 3645 641 
4104 1961 4177 1643 
4105 2138 4200 3320 
4106 3061 3640 2301 
4107 2822 3100 2126 
4108 2469 2471 2470 
4109 1207 1208 1168 
4110 2280 2667 2666 
4111 1081 3790 2193 
4112 3735 3755 1333 
4113 1893 1895 1894 
4114 1255 4222 1136 
4115 2086 3186 2503 
4116 1424 4284 1425 
4117 2397 3611 2729 
4118 3832 4282 3539 
4119 2485 4052 2482 
4120 3120 4173 1597 
4121 1086 2736 1056 
4122 1657 4125 2837 
4123 1542 1544 1543 
4124 2073 3183 2924 
4125 3166 4025 740 
4126 1432 3851 1950 
4127 976 2824 982 
4128 3180 3786 1260 
4129 2911 3531 1286 
4130 1312 2738 1310 
4131 2183 4001 3873 
4132 3454 4290 711 
4133 1093 1095 1094 
4134 3380 4096 2957 
4135 1073 1272 1075 
4136 2556 4018 3179 
4137 1786 1787 1768 
4138 1486 3123 1533 
4139 2342 3817 2344 
4140 1421 1428 1238 
4141 2244 2245 2243 
4142 1004 2903 1003 
4143 968 2984 2983 
4144 969 2984 966 
4145 2813 3328 2695 
4146 1927 1929 1928 
4147 2135 2136 1666 
4148 968 2983 972 
4149 966 2984 968 
4150 900 2981 905 
4151 2533 2889 2445 
4152 1185 3252 1174 
4153 898 2981 900 
4154 1159 1160 1157 
4155 2080 3786 2082 
4156 2987 2990 2989 
4157 2987 2989 2988 
4158 929 2988 935 
4159 927 2988 929 
4160 2985 2988 927 
4161 2988 2989 935 
4162 925 2985 927 
4163 517 847 516 
4164 962 964 963 
4165 941 944 943 
4166 947 2993 945 
4167 954 956 955 
4168 964 965 963 
4169 950 951 949 
4170 958 959 957 
4171 962 963 961 
4172 968 971 967 
4173 945 2991 943 
4174 970 2994 2993 
4175 970 2993 947 
4176 948 950 949 
4177 964 966 965 
4178 966 968 967 
4179 972 980 979 
4180 954 955 953 
4181 964 969 966 
4182 2993 2995 2991 
4183 944 945 943 
4184 943 2991 977 
4185 946 947 945 
4186 945 2993 2991 
4187 948 949 947 
4188 950 952 951 
4189 952 953 951 
4190 952 954 953 
4191 956 957 955 
4192 958 2992 973 
4193 960 961 959 
4194 966 967 965 
4195 972 976 971 
4196 972 979 976 
4197 2994 2995 2993 
4198 958 973 960 
4199 409 848 408 
4200 944 946 945 
4201 960 962 961 
4202 968 972 971 
4203 941 943 942 
4204 956 958 957 
4205 941 942 939 
4206 943 977 942 
4207 949 970 947 
4208 976 982 981 
4209 958 960 959 
4210 946 948 947 
4211 976 981 971 
4212 955 978 953 
4213 956 2992 958 
4214 940 941 939 
4215 938 940 939 
4216 938 939 937 
4217 936 975 938 
4218 936 938 937 
4219 936 937 934 
4220 933 936 934 
4221 933 934 932 
4222 931 933 932 
4223 929 935 931 
4224 931 932 930 
4225 929 931 930 
4226 929 930 928 
4227 2987 2988 2985 
4228 906 907 904 
4229 927 929 928 
4230 2986 2987 2985 
4231 903 906 904 
4232 927 928 926 
4233 974 2986 2985 
4234 900 905 903 
4235 903 904 901 
4236 974 2985 925 
4237 925 927 926 
4238 900 903 901 
4239 901 902 899 
4240 1165 1166 1164 
4241 1065 1396 1071 
4242 923 974 925 
4243 925 926 924 
4244 900 901 899 
4245 1065 1071 1070 
4246 923 925 924 
4247 1708 2981 898 
4248 898 900 899 
4249 1401 2888 2333 
4250 1065 1070 922 
4251 923 924 921 
4252 898 899 896 
4253 895 1708 898 
4254 3419 3520 3452 
4255 478 3016 477 
4256 484 3012 483 
4257 584 3006 583 
4258 511 3011 510 
4259 449 3022 448 
4260 454 3021 453 
4261 469 2998 468 
4262 471 3014 470 
4263 500 2999 499 
4264 513 2997 512 
4265 562 3003 561 
4266 495 3000 494 
4267 608 3002 607 
4268 577 3004 576 
4269 564 3039 563 
4270 592 3026 591 
4271 579 3033 578 
4272 614 3034 613 
4273 606 3038 605 
4274 461 3043 460 
4275 456 3044 455 
4276 502 3018 501 
4277 569 3040 568 
4278 598 3023 597 
4279 464 3019 463 
4280 586 3029 585 
4281 572 3035 571 
4282 557 3007 556 
4283 582 3041 581 
4284 514 865 513 
4285 560 3031 559 
4286 610 3037 609 
4287 470 793 469 
4288 462 684 461 
4289 455 804 454 
4290 457 702 456 
4291 465 752 464 
4292 448 850 447 
4293 460 806 459 
4294 453 727 452 
4295 450 785 449 
4296 477 794 476 
4297 479 747 478 
4298 488 675 487 
4299 491 755 490 
4300 496 802 495 
4301 499 695 498 
4302 501 803 500 
4303 503 706 502 
4304 505 795 504 
4305 507 723 506 
4306 512 807 511 
4307 458 3045 457 
4308 468 672 467 
4309 472 750 471 
4310 482 667 481 
4311 485 751 484 
4312 622 866 621 
4313 475 658 474 
4314 494 687 493 
4315 599 754 598 
4316 611 705 610 
4317 613 797 612 
4318 615 724 614 
4319 602 688 601 
4320 563 799 562 
4321 565 701 564 
4322 570 683 569 
4323 574 3046 573 
4324 580 749 579 
4325 583 657 582 
4326 585 796 584 
4327 587 748 586 
4328 596 676 595 
4329 605 800 604 
4330 607 696 606 
4331 609 801 608 
4332 620 808 619 
4333 558 786 557 
4334 561 728 560 
4335 576 671 575 
4336 578 798 577 
4337 590 668 589 
4338 593 753 592 
4339 556 849 555 
4340 568 805 567 
4341 573 756 572 
4342 463 3020 462 
4343 597 3024 596 
4344 571 3036 570 
4345 581 3042 580 
4346 1315 3827 1478 
4347 1477 2758 1476 
4348 1558 1560 1559 
4349 2539 4006 3314 
4350 1588 3142 1586 
4351 2921 3258 2413 
4352 3004 3005 671 
4353 3023 3025 3024 
4354 786 3008 3007 
4355 1212 1213 1211 
4356 583 3006 657 
4357 470 3014 793 
4358 477 3016 794 
4359 501 3018 803 
4360 512 2997 807 
4361 453 3021 727 
4362 460 3043 806 
4363 494 3000 687 
4364 576 3004 671 
4365 607 3002 696 
4366 561 3003 728 
4367 556 3007 849 
4368 613 3034 797 
4369 578 3033 798 
4370 568 3040 805 
4371 585 3029 796 
4372 563 3039 799 
4373 609 3037 801 
4374 605 3038 800 
4375 573 3046 756 
4376 468 2998 672 
4377 499 2999 695 
4378 457 3045 702 
4379 448 3022 850 
4380 455 3044 804 
4381 596 3024 676 
4382 570 3036 683 
4383 799 3003 562 
4384 865 2997 513 
4385 702 3044 456 
4386 807 3011 511 
4387 752 3019 464 
4388 580 3042 749 
4389 801 3002 608 
4390 3023 3024 597 
4391 3019 3020 463 
4392 3035 3036 571 
4393 796 3006 584 
4394 750 3014 471 
4395 804 3021 454 
4396 803 2999 500 
4397 701 3039 564 
4398 798 3004 577 
4399 462 3020 684 
4400 747 3016 478 
4401 753 3026 592 
4402 751 3012 484 
4403 706 3018 502 
4404 748 3029 586 
4405 754 3023 598 
4406 785 3022 449 
4407 696 3038 606 
4408 793 2998 469 
4409 749 3033 579 
4410 724 3034 614 
4411 756 3035 572 
4412 3041 3042 581 
4413 657 3041 582 
4414 802 3000 495 
4415 786 3007 557 
4416 705 3037 610 
4417 684 3043 461 
4418 683 3040 569 
4419 728 3031 560 
4420 972 2983 980 
4421 3023 3048 3025 
4422 2148 2150 2149 
4423 1750 1812 1811 
4424 920 1065 922 
4425 922 923 921 
4426 2805 3923 2136 
4427 748 3062 3029 
4428 754 3048 3023 
4429 747 3063 3016 
4430 1925 1927 1926 
4431 3108 3109 2128 
4432 1179 1181 1180 
4433 3243 4024 635 
4434 733 3583 2809 
4435 2647 3831 3808 
4436 1971 4116 1969 
4437 895 898 896 
4438 896 2900 893 
4439 3662 3825 2714 
4440 3337 3461 1691 
4441 2605 3738 3130 
4442 510 771 509 
4443 618 772 617 
4444 2622 3254 2106 
4445 1827 3842 1956 
4446 2172 3190 2761 
4447 3183 3453 2924 
4448 666 3633 3551 
4449 510 3011 771 
4450 1531 4105 2651 
4451 2689 3164 2688 
4452 2296 4301 4194 
4453 1756 4076 2679 
4454 1300 3909 2898 
4455 1308 1309 1270 
4456 2611 2814 2609 
4457 2492 3275 2352 
4458 1780 2916 1611 
4459 2565 3697 3657 
4460 2115 2117 2116 
4461 1676 4192 2009 
4462 3101 3605 3477 
4463 2947 3836 997 
4464 2361 2363 2359 
4465 2065 2469 2127 
4466 992 3293 1020 
4467 920 922 921 
4468 2049 3584 2346 
4469 1554 1556 1555 
4470 2302 2580 1336 
4471 2904 3632 795 
4472 969 3744 2793 
4473 2818 3751 1119 
4474 944 2880 2879 
4475 1813 3225 3223 
4476 1581 3858 1947 
4477 2745 2937 1933 
4478 2565 3571 2564 
4479 1492 1493 1491 
4480 1548 1550 1549 
4481 1746 1747 1745 
4482 2623 3805 1113 
4483 2506 3216 2718 
4484 2259 3493 2258 
4485 980 2983 1390 
4486 2493 3525 2953 
4487 1544 1546 1545 
4488 559 3032 558 
4489 1870 1871 1869 
4490 895 896 893 
4491 888 2933 890 
4492 2635 4207 779 
4493 3031 3032 559 
4494 558 3032 786 
4495 1842 1843 1841 
4496 2297 4301 2391 
4497 2681 4265 2769 
4498 3459 3614 3479 
4499 2029 4255 2741 
4500 2684 3720 2935 
4501 764 4007 3108 
4502 872 3422 2978 
4503 3600 3964 2196 
4504 447 3175 446 
4505 555 3176 554 
4506 3821 3961 2782 
4507 3739 3934 2918 
4508 2820 3942 3848 
4509 1103 1105 1104 
4510 1858 1861 1860 
4511 2608 4019 1535 
4512 1188 1190 1189 
4513 2102 3984 3941 
4514 1844 1845 1843 
4515 2017 2488 2021 
4516 681 3739 2860 
4517 630 3888 3864 
4518 3149 3534 3533 
4519 686 4043 2801 
4520 2335 3614 2334 
4521 3000 3001 687 
4522 2501 3789 2825 
4523 3143 3854 1244 
4524 1339 4231 1346 
4525 2523 3387 2522 
4526 3850 3891 2192 
4527 767 3378 2866 
4528 1909 1910 1908 
4529 2895 3875 3508 
4530 1067 3997 2557 
4531 3357 4248 2975 
4532 1724 1817 1816 
4533 3052 3668 3396 
4534 1546 1548 1547 
4535 1999 2079 1965 
4536 946 2879 987 
4537 2597 2600 2599 
4538 1812 1887 1886 
4539 2095 3893 2812 
4540 3016 3017 794 
4541 3029 3030 796 
4542 2536 3961 3078 
4543 1147 1149 1148 
4544 3029 3062 3030 
4545 3016 3063 3017 
4546 2615 3179 1719 
4547 2233 3308 2232 
4548 690 4249 3296 
4549 1837 4257 1836 
4550 890 2933 895 
4551 2015 3349 2013 
4552 3189 3596 3595 
4553 3151 4311 2312 
4554 1095 1097 1096 
4555 2631 3531 2911 
4556 1120 1122 1121 
4557 689 3822 3658 
4558 1030 1031 1025 
4559 2415 3127 3010 
4560 1879 3636 2549 
4561 1035 1036 1031 
4562 1370 1373 1372 
4563 1887 1889 1888 
4564 797 3232 2942 
4565 431 3070 430 
4566 421 811 420 
4567 416 655 415 
4568 423 665 422 
4569 432 813 431 
4570 426 759 425 
4571 429 678 428 
4572 419 758 418 
4573 430 3081 429 
4574 414 815 413 
4575 520 708 519 
4576 534 757 533 
4577 544 812 543 
4578 537 677 536 
4579 551 810 550 
4580 412 707 411 
4581 422 3071 421 
4582 548 3089 547 
4583 441 765 440 
4584 531 666 530 
4585 540 818 539 
4586 546 718 545 
4587 549 766 548 
4588 553 864 552 
4589 524 656 523 
4590 526 817 525 
4591 434 697 433 
4592 528 760 527 
4593 542 698 541 
4594 522 816 521 
4595 521 3077 520 
4596 437 3072 436 
4597 413 3079 412 
4598 436 814 435 
4599 443 809 442 
4600 438 717 437 
4601 445 863 444 
4602 415 3082 414 
4603 433 3078 432 
4604 533 3087 532 
4605 424 3080 423 
4606 523 3084 522 
4607 541 3086 540 
4608 543 3074 542 
4609 527 3068 526 
4610 547 3088 546 
4611 550 3083 549 
4612 525 3091 524 
4613 552 3069 551 
4614 435 3076 434 
4615 532 3075 531 
4616 442 3067 441 
4617 444 3090 443 
4618 2502 3309 3121 
4619 1181 1183 1182 
4620 1539 4051 2672 
4621 2032 2591 1773 
4622 3882 4235 2404 
4623 1637 4267 1636 
4624 1018 1019 1015 
4625 1146 4308 1143 
4626 2852 3667 2099 
4627 920 921 919 
4628 918 2941 920 
4629 3199 3200 2586 
4630 1494 1495 1493 
4631 2479 3575 2480 
4632 2310 3652 2131 
4633 944 2879 946 
4634 3025 3049 3024 
4635 2301 3659 2302 
4636 1809 2065 1810 
4637 1773 2591 2138 
4638 3024 3049 676 
4639 2671 3197 1128 
4640 1024 1025 1019 
4641 2862 3208 2380 
4642 1592 1762 1633 
4643 3122 3495 643 
4644 3137 4303 847 
4645 3643 4052 2485 
4646 2744 3592 1034 
4647 2793 2971 2125 
4648 2126 2938 2793 
4649 1869 4251 1868 
4650 1807 2339 2338 
4651 3042 3177 749 
4652 903 2842 906 
4653 1715 3692 3568 
4654 1402 1406 1309 
4655 1101 1103 1102 
4656 2894 3894 2331 
4657 1097 1099 1098 
4658 3238 3845 736 
4659 1699 4254 1937 
4660 2192 3891 2394 
4661 620 3124 808 
4662 866 3124 621 
4663 420 3102 419 
4664 660 3706 3671 
4665 3449 4221 1255 
4666 2829 3278 680 
4667 1824 3885 1483 
4668 2150 2152 2151 
4669 2707 4307 2298 
4670 2781 3806 867 
4671 2814 4170 2424 
4672 672 3130 467 
4673 1430 3969 1218 
4674 1099 1101 1100 
4675 2319 4156 2320 
4676 812 3128 3074 
4677 3087 3146 3075 
4678 717 3073 3072 
4679 3084 3085 816 
4680 1740 1965 1209 
4681 1938 1939 1936 
4682 980 1390 984 
4683 3198 3199 2586 
4684 1551 3984 1626 
4685 765 3615 2833 
4686 942 3058 939 
4687 2068 3768 2067 
4688 1243 2510 1201 
4689 1940 1941 1939 
4690 3500 3770 757 
4691 3080 3298 2311 
4692 890 895 893 
4693 893 894 891 
4694 2087 3210 3209 
4695 2389 3464 2823 
4696 3272 4208 2779 
4697 1156 3953 1153 
4698 1214 1215 1213 
4699 1937 3966 2719 
4700 2281 3709 2270 
4701 1057 3110 1016 
4702 795 3856 2906 
4703 3774 3807 2931 
4704 1053 2737 883 
4705 1420 1675 1659 
4706 1608 3174 1224 
4707 2020 2022 2018 
4708 2582 4207 2635 
4709 1014 1015 892 
4710 1373 1376 1375 
4711 2393 3815 3230 
4712 1310 3058 942 
4713 1679 3585 2501 
4714 1632 4263 1631 
4715 2737 4033 2579 
4716 3381 3382 2911 
4717 3477 3605 713 
4718 2281 3462 3131 
4719 2552 2929 2927 
4720 3450 4145 2133 
4721 2168 4196 1843 
4722 2145 3309 2502 
4723 519 3064 518 
4724 725 3561 2884 
4725 1324 1325 1323 
4726 2245 3889 3534 
4727 2960 4060 2463 
4728 2509 3324 3214 
4729 812 3319 3051 
4730 2607 4078 3037 
4731 1190 1192 1191 
4732 2664 4299 1608 
4733 1468 1469 1442 
4734 2865 3561 2755 
4735 894 1813 909 
4736 2705 2857 2726 
4737 3112 3999 3111 
4738 3194 3195 2212 
4739 1248 1771 1677 
4740 4273 4327 2451 
4741 932 3154 930 
4742 1797 1809 1808 
4743 685 4039 2943 
4744 5 3704 4 
4745 1068 1133 1132 
4746 3175 4236 3684 
4747 1838 1839 1837 
4748 2482 2483 2481 
4749 3788 4236 850 
4750 731 3721 3575 
4751 2603 3312 2604 
4752 2398 3970 2396 
4753 2306 2307 1997 
4754 1028 3169 910 
4755 1154 1155 1153 
4756 1970 1971 1969 
4757 3094 3577 2645 
4758 1742 1743 1650 
4759 684 3883 3043 
4760 549 3083 766 
4761 436 3072 814 
4762 441 3067 765 
4763 3070 3081 430 
4764 665 3071 422 
4765 429 3081 678 
4766 540 3086 818 
4767 547 3089 3088 
4768 520 3077 708 
4769 432 3078 813 
4770 812 3074 543 
4771 421 3071 811 
4772 656 3084 523 
4773 655 3082 415 
4774 816 3077 521 
4775 814 3076 435 
4776 815 3079 413 
4777 524 3091 656 
4778 760 3068 527 
4779 757 3087 533 
4780 412 3079 707 
4781 813 3070 431 
4782 766 3089 548 
4783 526 3068 817 
4784 717 3072 437 
4785 697 3078 433 
4786 414 3082 815 
4787 522 3084 816 
4788 532 3087 3075 
4789 423 3080 665 
4790 542 3074 698 
4791 546 3088 718 
4792 864 3069 552 
4793 434 3076 697 
4794 817 3091 525 
4795 531 3075 666 
4796 698 3086 541 
4797 551 3069 810 
4798 863 3090 444 
4799 809 3067 442 
4800 810 3083 550 
4801 443 3090 809 
4802 3090 3186 809 
4803 3216 4170 3496 
4804 2102 2721 2720 
4805 1807 2882 2339 
4806 2885 4119 2061 
4807 2946 3163 2342 
4808 2146 3988 2908 
4809 1759 1790 1789 
4810 1386 4271 1355 
4811 419 3102 758 
4812 811 3102 420 
4813 2488 4219 2021 
4814 3223 3225 2941 
4815 1973 1974 1971 
4816 1856 1858 1857 
4817 3128 3129 3074 
4818 205 4088 517 
4819 1355 3733 1353 
4820 1707 2143 2008 
4821 3202 3227 662 
4822 3282 3299 1672 
4823 2180 2312 2136 
4824 2940 3722 2709 
4825 3779 3987 3986 
4826 1967 4128 2940 
4827 1228 3553 2749 
4828 2165 3835 3572 
4829 1425 3316 2510 
4830 3087 3187 3146 
4831 1496 1497 1495 
4832 2098 3286 2681 
4833 2045 3605 3101 
4834 2916 4284 1424 
4835 1408 1449 1406 
4836 2749 3877 1228 
4837 2290 2429 2292 
4838 2134 3671 2135 
4839 1390 3401 984 
4840 2606 4078 2607 
4841 1594 3314 2552 
4842 3294 3726 730 
4843 2164 3576 2535 
4844 2642 3908 3200 
4845 979 3354 2824 
4846 497 3178 496 
4847 1759 2864 1790 
4848 2109 2836 1690 
4849 2943 2944 2425 
4850 2092 4159 3342 
4851 2466 3855 2421 
4852 1416 2633 1195 
4853 2268 2930 2863 
4854 2311 4212 3990 
4855 697 4266 3078 
4856 1003 2903 1013 
4857 2742 4150 2973 
4858 1794 1797 1796 
4859 2967 4165 808 
4860 1303 1304 1301 
4861 1397 4258 1265 
4862 1070 2915 922 
4863 993 1004 1003 
4864 1322 1323 1321 
4865 621 3124 620 
4866 772 4165 2967 
4867 2303 3737 1230 
4868 3137 4166 2646 
4869 790 4166 3137 
4870 3937 4326 2655 
4871 1264 3269 1466 
4872 895 2933 1708 
4873 1234 4153 2399 
4874 2593 3278 2829 
4875 1907 1908 1906 
4876 2867 3895 3702 
4877 3982 4207 2803 
4878 2803 4207 2467 
4879 516 3192 515 
4880 408 3191 407 
4881 451 3190 450 
4882 1326 1328 1327 
4883 1435 4118 1439 
4884 1216 1217 1215 
4885 1914 4036 1917 
4886 3296 3571 690 
4887 2170 4280 1788 
4888 1376 1378 1377 
4889 3248 3249 2979 
4890 2219 3700 2066 
4891 1220 4199 1221 
4892 985 3161 954 
4893 1263 4209 3065 
4894 2500 3664 2873 
4895 3347 3539 2005 
4896 2454 3159 3095 
4897 1877 1984 1983 
4898 1737 1804 1803 
4899 3097 3266 676 
4900 2326 3266 3097 
4901 467 3130 466 
4902 2801 4043 2516 
4903 2452 3537 3386 
4904 3781 4032 2455 
4905 3580 3920 3731 
4906 2141 4115 2922 
4907 1069 4159 1055 
4908 1206 3252 1185 
4909 805 3962 3113 
4910 678 4103 2909 
4911 1832 1833 1831 
4912 3074 3129 698 
4913 2791 3135 2209 
4914 2077 2837 1762 
4915 2023 2468 2022 
4916 1272 2032 1773 
4917 2668 2669 2667 
4918 3230 3815 3231 
4919 875 1592 1591 
4920 2554 4147 3626 
4921 753 3027 3026 
4922 1917 4036 3910 
4923 2063 4057 2306 
4924 2248 3936 2246 
4925 3689 3911 2891 
4926 2128 3344 2129 
4927 2987 3217 2990 
4928 2741 4255 2967 
4929 1792 1794 1793 
4930 2647 4166 3831 
4931 2245 3534 3149 
4932 1404 1458 1457 
4933 2861 3887 2022 
4934 2098 2681 2680 
4935 1145 1147 1146 
4936 2257 3151 2259 
4937 3142 4066 1586 
4938 1599 3292 1223 
4939 757 3187 3087 
4940 2727 4146 1590 
4941 3921 4201 1392 
4942 2432 3279 2430 
4943 830 3432 2800 
4944 2530 2883 2256 
4945 3334 4245 2661 
4946 818 3134 539 
4947 1059 3950 1083 
4948 2014 4051 2156 
4949 1107 1108 1106 
4950 2990 3092 2989 
4951 1349 1350 1348 
4952 2277 2278 2276 
4953 1410 4082 2625 
4954 1450 1451 1449 
4955 1703 3107 1440 
4956 2060 2784 2783 
4957 1143 4020 1142 
4958 1744 1745 1743 
4959 574 3228 3046 
4960 671 3228 575 
4961 1497 4081 3245 
4962 2531 4184 1534 
4963 2396 3970 3611 
4964 1537 1657 1530 
4965 3533 3594 3149 
4966 2976 3463 588 
4967 693 3815 2867 
4968 1675 1760 1676 
4969 2312 4311 2136 
4970 1790 1792 1791 
4971 956 3161 2992 
4972 1463 1617 1616 
4973 1391 1608 1224 
4974 428 3206 427 
4975 2778 4130 2624 
4976 675 3922 2863 
4977 2717 4291 1985 
4978 1210 3797 1168 
4979 671 3870 3228 
4980 2604 4069 2602 
4981 2370 4312 1539 
4982 2702 3711 2701 
4983 2970 3997 1067 
4984 1498 1499 1497 
4985 2915 4110 974 
4986 539 3134 538 
4987 1834 1835 1833 
4988 1705 1707 1706 
4989 1343 1344 1342 
4990 728 3164 3031 
4991 1323 4310 1338 
4992 3335 3549 3513 
4993 3014 4246 2760 
4994 1133 1135 1134 
4995 1683 1684 1674 
4996 2429 2431 2430 
4997 1699 1935 1698 
4998 2902 4266 697 
4999 1950 3262 2731 
5000 1695 1696 1693 
5001 676 3266 595 
5002 3913 4319 2639 
5003 1854 1856 1855 
5004 497 3674 3178 
5005 2492 4233 3275 
5006 1009 3932 2817 
5007 2958 3271 2957 
5008 730 3715 3294 
5009 2108 3243 3242 
5010 2210 3268 3105 
5011 1289 1290 1287 
5012 3062 3998 2462 
5013 2000 3742 3606 
5014 1126 3180 1260 
5015 3568 3692 2262 
5016 1760 2214 1761 
5017 2991 3132 977 
5018 703 3458 2795 
5019 3415 3416 2305 
5020 1141 1143 1142 
5021 458 3260 3045 
5022 806 3260 459 
5023 2520 4162 2780 
5024 1135 1137 1136 
5025 1444 1727 1726 
5026 528 3162 760 
5027 2477 2878 2504 
5028 1139 1141 1140 
5029 1631 4263 4162 
5030 2166 3835 2165 
5031 2901 3225 1813 
5032 3237 3238 2241 
5033 1004 3103 2903 
5034 1866 1867 1865 
5035 1820 2743 2141 
5036 3808 3896 2647 
5037 3145 3422 1651 
5038 1378 1380 1379 
5039 2167 3881 2606 
5040 3129 3256 698 
5041 1137 1139 1138 
5042 2791 4242 4211 
5043 2021 3901 2422 
5044 1985 4291 1983 
5045 1647 1648 1632 
5046 1224 3174 1225 
5047 3893 4188 2955 
5048 2428 4260 1548 
5049 1598 2843 1262 
5050 2161 2162 2160 
5051 3108 4007 3109 
5052 2739 3375 2740 
5053 2159 2160 1766 
5054 3143 4159 2092 
5055 2794 4153 1234 
5056 2751 4064 990 
5057 1476 2739 2738 
5058 2850 3331 2434 
5059 1203 3277 1401 
5060 1240 3267 1220 
5061 2544 2545 2166 
5062 3136 4011 897 
5063 3758 4072 2830 
5064 1268 3610 2500 
5065 1085 3143 1244 
5066 1988 1990 1989 
5067 1470 1471 1469 
5068 660 3671 3460 
5069 1929 2937 1930 
5070 3116 3606 3516 
5071 2648 4303 3137 
5072 3151 4010 1446 
5073 1986 1988 1987 
5074 2760 4246 2638 
5075 828 3825 2834 
5076 1562 1563 1560 
5077 363 4025 3167 
5078 473 3287 472 
5079 1914 1916 1915 
5080 1678 1995 1451 
5081 1804 1806 1805 
5082 1984 1986 1985 
5083 800 4186 2977 
5084 3288 3957 2629 
5085 918 920 919 
5086 2845 2848 2847 
5087 3061 3540 1866 
5088 1655 2059 2036 
5089 2834 3428 828 
5090 1307 1441 1306 
5091 2158 3813 3774 
5092 1351 1352 1350 
5093 2338 4001 2183 
5094 2785 2786 2754 
5095 2137 3537 2452 
5096 2377 3770 2378 
5097 1571 1572 1569 
5098 3058 4171 937 
5099 724 3466 3034 
5100 1433 3300 1106 
5101 977 3132 1311 
5102 2740 4171 3058 
5103 1697 1698 1696 
5104 2889 4068 2445 
5105 371 3144 761 
5106 2715 4230 2716 
5107 2894 3440 2561 
5108 2048 3884 2514 
5109 3009 3093 2750 
5110 1905 1906 1904 
5111 1472 1649 1471 
5112 869 1651 870 
5113 1795 3451 3233 
5114 3416 3418 2305 
5115 1187 4030 1587 
5116 990 4064 3285 
5117 723 3948 2927 
5118 1638 1639 1637 
5119 2028 3751 3250 
5120 2313 2314 2162 
5121 2364 2673 2363 
5122 791 869 868 
5123 3786 4214 2465 
5124 2944 4292 819 
5125 2575 3466 2576 
5126 1500 1501 1499 
5127 1806 2882 1807 
5128 2310 4135 3652 
5129 2817 3932 3482 
5130 3031 3246 3032 
5131 409 3272 848 
5132 3018 4086 3927 
5133 1303 3943 1454 
5134 487 3328 486 
5135 3138 3664 1669 
5136 918 919 917 
5137 2984 3363 2983 
5138 529 3162 528 
5139 3127 3176 849 
5140 1380 1403 1381 
5141 2902 3265 2316 
5142 2979 3261 2355 
5143 2721 3941 3305 
5144 2627 3820 2628 
5145 698 3256 3086 
5146 1047 2810 1038 
5147 1415 1669 1585 
5148 2780 4279 2282 
5149 2409 2411 2410 
5150 2240 2244 2243 
5151 820 3261 2979 
5152 3052 3530 677 
5153 3153 3662 1991 
5154 3274 3733 2118 
5155 1014 3833 1018 
5156 682 3995 3050 
5157 1157 4056 1156 
5158 1852 1854 1853 
5159 3328 3826 2695 
5160 2126 2793 2125 
5161 1634 1635 1584 
5162 1043 3535 1002 
5163 931 3368 933 
5164 616 3370 615 
5165 1628 2094 1608 
5166 796 3234 3006 
5167 1663 3201 3118 
5168 2841 3385 673 
5169 2941 3225 1396 
5170 3076 3265 2902 
5171 1879 1880 1399 
5172 2411 2412 2410 
5173 850 3175 447 
5174 849 3176 555 
5175 1758 2864 1759 
5176 2079 3329 1965 
5177 2147 3483 2148 
5178 1233 3732 3393 
5179 1617 1619 1618 
5180 1573 1574 1572 
5181 2197 3241 2084 
5182 2656 4119 3485 
5183 3338 4158 691 
5184 496 3178 802 
5185 2384 3915 1509 
5186 3221 4231 3538 
5187 2060 2936 2784 
5188 2111 3156 2859 
5189 1078 2076 1076 
5190 1458 1460 1459 
5191 3122 4268 2147 
5192 141 3255 648 
5193 1621 1758 1622 
5194 2193 3790 3481 
5195 1619 1621 1620 
5196 1516 1517 1514 
5197 1871 1874 1873 
5198 2386 3179 2388 
5199 2071 2796 2072 
5200 1466 3269 1647 
5201 1748 2090 1747 
5202 2084 2843 1598 
5203 1727 1730 1728 
5204 3626 4202 2554 
5205 3167 4025 3166 
5206 926 3836 924 
5207 847 4088 3137 
5208 1174 3252 1172 
5209 3623 4124 2379 
5210 588 3463 587 
5211 303 3758 302 
5212 2039 2974 1755 
5213 1238 2970 1131 
5214 3414 3954 1496 
5215 2450 4327 4273 
5216 2783 3821 2782 
5217 1845 1848 1847 
5218 1728 4316 1962 
5219 1732 1734 1733 
5220 2291 3580 2766 
5221 2158 3774 2159 
5222 1502 1507 1501 
5223 1088 2810 1047 
5224 3382 4288 2911 
5225 1743 3301 1650 
5226 1990 3153 1991 
5227 1293 1294 1292 
5228 1730 1732 1731 
5229 1705 3875 2895 
5230 3104 3466 724 
5231 3126 4011 3136 
5232 2796 2819 2797 
5233 2012 3461 3337 
5234 1734 1736 1735 
5235 2145 4168 3309 
5236 2780 4162 3230 
5237 905 3421 2842 
5238 2282 3813 2158 
5239 2762 4094 3233 
5240 1305 1306 1304 
5241 2955 4276 2954 
5242 2879 4215 987 
5243 1903 1904 1902 
5244 799 3158 3003 
5245 480 3829 2973 
5246 1396 3343 1071 
5247 1460 1462 1461 
5248 1605 1767 1701 
5249 951 3536 949 
5250 2291 3920 3580 
5251 3186 3684 2503 
5252 3095 3818 716 
5253 1359 2071 1815 
5254 3281 3282 1672 
5255 1777 3201 1663 
5256 847 3192 516 
5257 848 3191 408 
5258 3146 3505 3075 
5259 450 3190 785 
5260 2696 4023 1341 
5261 1850 1852 1851 
5262 1496 3954 1498 
5263 2227 3663 2226 
5264 1274 1275 1227 
5265 1429 2825 1428 
5266 405 2931 404 
5267 202 867 201 
5268 617 3573 616 
5269 2148 2149 2117 
5270 3724 3935 2230 
5271 1754 2794 1417 
5272 1663 3118 1664 
5273 3041 4057 2063 
5274 567 3650 566 
5275 3543 4024 3243 
5276 1150 3099 3098 
5277 3551 3633 2218 
5278 424 3298 3080 
5279 759 3298 425 
5280 687 3587 493 
5281 2306 3691 2308 
5282 2054 3648 3182 
5283 1160 1163 1162 
5284 2006 3129 3128 
5285 2860 3406 681 
5286 2206 3135 2594 
5287 3279 3717 2430 
5288 857 3717 3279 
5289 934 4171 988 
5290 1612 2691 1202 
5291 2805 4311 1446 
5292 2183 3873 2555 
5293 1118 3699 2329 
5294 1566 1568 1565 
5295 815 4117 3079 
5296 2095 2769 2094 
5297 2001 3296 3295 
5298 869 870 868 
5299 1297 1300 1296 
5300 1789 4305 2170 
5301 3222 3301 2184 
5302 870 871 868 
5303 3135 4021 2208 
5304 3121 3888 2615 
5305 1276 1277 1275 
5306 593 3629 753 
5307 503 3632 706 
5308 795 3632 504 
5309 978 3636 3497 
5310 890 893 891 
5311 798 3157 3004 
5312 1166 1207 1168 
5313 3178 3674 2451 
5314 883 2737 885 
5315 2293 3338 2294 
5316 2894 3715 3440 
5317 2535 3576 3522 
5318 776 4015 3331 
5319 3331 4015 2434 
5320 1337 3567 3346 
5321 544 3319 812 
5322 718 3319 545 
5323 1048 3138 1090 
5324 1534 4184 4142 
5325 1874 1876 1875 
5326 1552 1553 1550 
5327 2378 3770 3500 
5328 1880 3333 1399 
5329 1150 1151 1149 
5330 2628 2629 2152 
5331 2450 3850 2192 
5332 783 3231 398 
5333 3278 4321 3963 
5334 2313 3794 2315 
5335 1295 1296 1294 
5336 824 3766 2787 
5337 1977 2285 2284 
5338 1093 1094 1080 
5339 1891 1892 1889 
5340 940 3976 2880 
5341 2362 3931 3257 
5342 1508 1510 1507 
5343 2674 2676 2673 
5344 1942 2080 1941 
5345 2234 4131 1393 
5346 2059 2936 2060 
5347 2345 3987 2965 
5348 2844 4100 2119 
5349 1291 1292 1290 
5350 1280 1281 1279 
5351 3147 3413 1668 
5352 2591 3150 2138 
5353 2491 3688 3056 
5354 1848 1850 1849 
5355 3318 3936 2759 
5356 2444 3913 2639 
5357 1933 2937 1929 
5358 1208 1212 1211 
5359 1040 1705 1668 
5360 2971 3744 962 
5361 2161 3752 2313 
5362 1575 1692 1574 
5363 1073 3343 1272 
5364 2337 4008 3306 
5365 2726 3983 2788 
5366 4256 4272 3748 
5367 1901 1902 1900 
5368 2326 3629 3266 
5369 1436 2070 1434 
5370 695 3674 498 
5371 2159 3683 2161 
5372 3314 4006 2929 
5373 918 3223 2941 
5374 3524 3832 2580 
5375 1682 2112 2111 
5376 2218 3633 2216 
5377 2102 3941 2721 
5378 3228 3870 2729 
5379 1505 3404 2250 
5380 2420 3292 1599 
5381 1771 3789 1677 
5382 2115 2116 1770 
5383 1750 1811 1614 
5384 475 3689 658 
5385 794 3689 476 
5386 3990 4212 1962 
5387 957 3636 955 
5388 2465 4214 2574 
5389 1363 1364 1362 
5390 967 4224 965 
5391 3495 3687 819 
5392 2062 3603 2649 
5393 2278 3393 2280 
5394 3213 3253 862 
5395 988 3154 932 
5396 2610 4073 2611 
5397 2973 4150 480 
5398 2124 2126 2125 
5399 1179 1180 1122 
5400 2181 3589 1117 
5401 2067 3792 2032 
5402 1909 3994 1921 
5403 3062 3251 3030 
5404 2593 4321 3278 
5405 1814 3707 2795 
5406 3243 3641 3242 
5407 2189 3436 3369 
5408 3386 3537 763 
5409 2507 3981 3269 
5410 491 3710 755 
5411 2801 3443 686 
5412 3396 4111 2375 
5413 742 3141 263 
5414 3534 3889 2528 
5415 3206 3940 427 
5416 1155 1159 1157 
5417 1693 2840 1692 
5418 2400 3637 2687 
5419 1284 1286 1283 
5420 3154 3215 2249 
5421 3730 3784 710 
5422 465 3738 752 
5423 1188 1189 1183 
5424 3030 3251 3185 
5425 2074 2139 2075 
5426 2287 2289 2288 
5427 2503 4236 3788 
5428 1544 1545 1543 
5429 678 3206 428 
5430 1511 1513 1510 
5431 2909 4047 678 
5432 911 918 917 
5433 3032 3246 3009 
5434 2924 3501 2140 
5435 2396 3611 2397 
5436 2656 4328 2640 
5437 3234 3691 3006 
5438 1558 1559 1557 
5439 1554 1555 1553 
5440 2820 2821 2797 
5441 2031 3288 2835 
5442 575 3228 574 
5443 1899 1900 1898 
5444 962 3744 964 
5445 474 3743 473 
5446 1813 3223 909 
5447 1518 1519 1517 
5448 2612 3539 3347 
5449 1925 1926 1918 
5450 3418 3420 2370 
5451 2405 2407 2406 
5452 3909 4176 2658 
5453 1528 1540 1527 
5454 3146 4192 3505 
5455 3658 3822 2578 
5456 1868 4251 3894 
5457 717 4120 2922 
5458 534 3500 757 
5459 3146 3187 2009 
5460 2913 2915 1070 
5461 3011 3209 771 
5462 3596 3942 1395 
5463 1226 4046 1299 
5464 1282 1283 1281 
5465 2795 3707 3459 
5466 954 3161 956 
5467 2868 3630 2907 
5468 3035 3970 2398 
5469 2907 3630 625 
5470 1839 1842 1841 
5471 2855 4086 706 
5472 566 3841 565 
5473 1862 1863 1861 
5474 2763 3751 3315 
5475 517 4088 847 
5476 1078 3591 2076 
5477 677 3530 536 
5478 2068 4167 3768 
5479 3030 3234 796 
5480 2481 3414 2478 
5481 3238 3239 2241 
5482 2753 3957 2031 
5483 2949 3997 2826 
5484 1529 4027 1538 
5485 481 3829 480 
5486 2285 2287 2286 
5487 2474 4187 2475 
5488 1520 1521 1519 
5489 1120 1121 1116 
5490 1278 1279 1277 
5491 1897 1898 1896 
5492 3022 3788 850 
5493 3260 3972 3045 
5494 666 3551 530 
5495 909 3223 911 
5496 3004 3157 3005 
5497 2800 4136 2437 
5498 1526 1527 1525 
5499 2084 3241 2843 
5500 1956 3248 2979 
5501 834 4230 4229 
5502 3068 3304 817 
5503 2201 2203 2202 
5504 2768 3541 3494 
5505 2667 3158 2666 
5506 1729 4112 1443 
5507 3534 4108 639 
5508 701 3350 3039 
5509 1867 1870 1869 
5510 1522 1523 1521 
5511 505 3856 795 
5512 723 3856 506 
5513 3090 3684 3186 
5514 1524 1525 1523 
5515 1767 1786 1768 
5516 755 3852 490 
5517 1564 1565 1563 
5518 595 3266 594 
5519 1895 1896 1894 
5520 2120 2844 2119 
5521 509 3874 508 
5522 650 3926 2962 
5523 2890 3911 3017 
5524 2845 2847 2846 
5525 1893 1894 1892 
5526 1163 1165 1164 
5527 962 4240 2971 
5528 1374 3203 3172 
5529 1983 4291 2540 
5530 1929 1930 1928 
5531 1196 3269 1264 
5532 2845 2846 2844 
5533 1428 2970 1238 
5534 1489 1491 1490 
5535 1548 1549 1547 
5536 2837 3830 1657 
5537 3304 3327 817 
5538 2325 3837 2326 
5539 2434 4015 2176 
5540 707 3638 411 
5541 2224 2225 2222 
5542 2567 4095 2568 
5543 1223 3292 1161 
5544 3511 3980 1089 
5545 1469 3317 1442 
5546 3048 4083 2373 
5547 1737 3330 1804 
5548 730 3747 3715 
5549 1105 1106 1104 
5550 1388 4304 2952 
5551 3200 3537 2137 
5552 1194 1229 1192 
5553 2853 4208 789 
5554 2951 3990 1962 
5555 459 3260 458 
5556 2951 3907 665 
5557 488 3922 675 
5558 2320 4156 2325 
5559 2927 3948 2928 
5560 1721 2119 1198 
5561 1404 3337 1458 
5562 2572 4234 2571 
5563 3177 3793 749 
5564 3938 4105 1531 
5565 624 4168 2808 
5566 2767 4004 2217 
5567 508 3948 507 
5568 1556 1557 1555 
5569 1216 4274 3271 
5570 1648 1774 1716 
5571 2658 3932 2657 
5572 3000 3673 3001 
5573 1786 2383 1787 
5574 1542 1543 1438 
5575 1004 3676 3103 
5576 1590 3941 2428 
5577 817 3327 3091 
5578 3045 3290 702 
5579 1304 3359 1301 
5580 2490 3688 2491 
5581 1927 1928 1926 
5582 2670 2777 2669 
5583 911 3223 918 
5584 407 3993 1 
5585 515 3992 204 
5586 204 3992 514 
5587 1 3993 622 
5588 3089 3705 2950 
5589 2518 3263 3262 
5590 2714 4290 2713 
5591 2994 3189 3188 
5592 1537 4125 1657 
5593 2713 4290 4229 
5594 4179 4257 2369 
5595 1369 1370 1368 
5596 2747 3649 1885 
5597 1112 1123 1110 
5598 1738 3140 2579 
5599 3245 4155 1506 
5600 1463 3334 1617 
5601 768 4160 4073 
5602 2078 3763 2566 
5603 933 4062 936 
5604 2470 3784 2127 
5605 3629 3837 753 
5606 879 3306 881 
5607 1055 4159 3143 
5608 1228 3877 2736 
5609 1688 1970 1969 
5610 2038 3673 3310 
5611 1835 1838 1837 
5612 960 4240 962 
5613 689 3741 2850 
5614 953 4126 951 
5615 1528 3125 1540 
5616 1740 1999 1965 
5617 1387 3155 1194 
5618 2575 4129 3466 
5619 480 4150 479 
5620 808 4165 619 
5621 1095 1096 1094 
5622 2669 2777 2689 
5623 2743 3869 1656 
5624 1324 1326 1325 
5625 2122 2124 2123 
5626 1247 3325 1084 
5627 1812 1886 1811 
5628 2292 3920 2291 
5629 1359 3410 2071 
5630 618 4165 772 
5631 3185 3251 2459 
5632 3271 3412 1216 
5633 1181 1182 1180 
5634 1843 4196 1841 
5635 2649 4303 2648 
5636 4119 4320 2061 
5637 3162 3322 760 
5638 2967 3660 772 
5639 1842 1844 1843 
5640 2595 3951 2597 
5641 2943 4039 2944 
5642 2957 4096 985 
5643 2795 4275 2589 
5644 2283 4132 2293 
5645 537 3729 677 
5646 1197 2122 1739 
5647 1143 4308 4020 
5648 1036 1038 1037 
5649 1212 1214 1213 
5650 3130 3738 466 
5651 1089 3980 2756 
5652 1151 1154 1153 
5653 1887 1888 1886 
5654 2050 3668 2179 
5655 994 2544 2166 
5656 2150 2151 2149 
5657 2747 3819 1994 
5658 1038 1040 1037 
5659 2668 2670 2669 
5660 1169 2626 915 
5661 2609 4019 2608 
5662 2244 3114 2245 
5663 2308 3184 2307 
5664 3707 4238 2332 
5665 2057 2163 1567 
5666 2836 3720 1763 
5667 2464 3463 2976 
5668 3209 3210 771 
5669 2982 3325 1247 
5670 2731 4220 2390 
5671 1217 1391 1224 
5672 1829 1832 1831 
5673 2430 3717 2292 
5674 1505 2250 2247 
5675 446 4016 203 
5676 554 4017 406 
5677 1103 1104 1102 
5678 1260 3786 2465 
5679 1097 1098 1096 
5680 2339 3145 2497 
5681 2827 3593 733 
5682 2713 4229 2715 
5683 472 3287 750 
5684 2721 3157 2720 
5685 3200 3908 2586 
5686 1190 1191 1189 
5687 2717 4285 3517 
5688 1319 1322 1321 
5689 2594 4321 2593 
5690 1344 1349 1348 
5691 203 4016 445 
5692 406 4017 553 
5693 2994 3848 3189 
5694 2725 3144 2899 
5695 2008 2426 1706 
5696 778 3669 2877 
5697 1476 2738 1312 
5698 3164 3246 3031 
5699 2948 3245 3244 
5700 1099 1100 1098 
5701 1314 2142 1317 
5702 3055 3678 699 
5703 2274 2277 2276 
5704 2467 4207 2582 
5705 1101 1102 1100 
5706 1088 3171 2810 
5707 1878 2171 1580 
5708 791 3638 869 
5709 1480 2758 1477 
5710 1712 2118 1964 
5711 1340 1343 1342 
5712 4048 4073 2610 
5713 1669 3173 1585 
5714 2289 3316 2290 
5715 1332 1345 1335 
5716 2819 2820 2797 
5717 1774 3214 3118 
5718 1290 3381 1287 
5719 3195 3268 2212 
5720 2363 3800 2923 
5721 858 3562 8 
5722 1641 1683 1674 
5723 3073 3958 3072 
5724 1257 1672 1266 
5725 1155 2980 1159 
5726 2163 3625 1567 
5727 2662 4306 2269 
5728 814 3265 3076 
5729 1625 4034 2014 
5730 1546 1547 1545 
5731 2808 4168 2145 
5732 2494 4272 2495 
5733 2920 3765 1675 
5734 2752 3509 3471 
5735 1473 1784 1782 
5736 3126 3136 2039 
5737 737 3886 2868 
5738 1577 3724 3394 
5739 1154 2980 1155 
5740 3775 4009 3686 
5741 3608 4319 2601 
5742 1964 3236 2026 
5743 3546 4054 2382 
5744 2458 3847 2462 
5745 1973 1975 1974 
5746 2159 3774 3683 
5747 718 3882 3319 
5748 1214 1216 1215 
5749 2426 3147 1706 
5750 3575 3601 731 
5751 425 3298 424 
5752 3781 4163 3812 
5753 2912 3119 1798 
5754 1656 3869 1445 
5755 529 3551 3162 
5756 3239 3945 2241 
5757 1685 3875 2828 
5758 3009 3246 3093 
5759 2839 3937 1062 
5760 1504 3936 3318 
5761 1413 3267 1240 
5762 1970 1973 1971 
5763 2986 3217 2987 
5764 426 3940 759 
5765 2950 3705 2408 
5766 3092 3860 2989 
5767 2854 4172 2081 
5768 883 885 884 
5769 2576 3466 3104 
5770 1253 4261 3639 
5771 3092 3300 1433 
5772 888 3604 2933 
5773 2681 2682 2680 
5774 3064 3683 792 
5775 2033 2068 2067 
5776 2243 4077 2242 
5777 885 892 886 
5778 879 881 880 
5779 1184 3975 1405 
5780 877 879 878 
5781 2799 3615 3067 
5782 625 3862 2907 
5783 1936 2919 1935 
5784 881 883 882 
5785 1707 2008 1706 
5786 3178 3310 802 
5787 2670 2982 2777 
5788 2122 4091 2124 
5789 3772 4279 2780 
5790 1354 1382 1356 
5791 1635 1638 1637 
5792 1236 3219 2974 
5793 1466 1647 1632 
5794 1034 3592 996 
5795 1322 1324 1323 
5796 1020 4050 983 
5797 1916 3564 1934 
5798 2224 3965 2225 
5799 2478 3414 2476 
5800 1608 4299 3174 
5801 2470 4283 3784 
5802 2299 3940 3206 
5803 2317 3958 3073 
5804 2484 3415 2483 
5805 2280 3393 2668 
5806 2971 3694 2125 
5807 3346 3680 1337 
5808 3267 4199 1220 
5809 3339 4132 780 
5810 816 3925 3077 
5811 1398 1634 1584 
5812 675 3328 487 
5813 3533 3534 639 
5814 890 891 889 
5815 1572 3326 1569 
5816 722 3627 3586 
5817 1756 3437 1721 
5818 2282 4279 3813 
5819 1863 1866 1865 
5820 438 4120 717 
5821 2160 4252 4209 
5822 1517 3364 1514 
5823 3619 4220 3878 
5824 2888 3277 1995 
5825 1752 3373 1582 
5826 3134 3729 538 
5827 2141 3959 3073 
5828 3237 3622 3238 
5829 545 3319 544 
5830 2937 3250 1930 
5831 1436 3499 2070 
5832 1650 3301 1649 
5833 1914 1915 1912 
5834 2336 3734 2335 
5835 1738 3939 3140 
5836 1068 3470 1133 
5837 2497 4117 2338 
5838 1871 3345 1874 
5839 238 3764 3057 
5840 3619 3878 632 
5841 3762 3933 2008 
5842 2228 3212 2872 
5843 656 3947 3084 
5844 2966 4181 2968 
5845 1845 3347 1848 
5846 3524 4282 3832 
5847 1071 3343 1073 
5848 2124 2125 2123 
5849 1165 3226 1166 
5850 3309 3624 3621 
5851 2130 3253 3213 
5852 644 3690 2811 
5853 1832 1834 1833 
5854 1670 1671 1171 
5855 2790 4242 2791 
5856 2911 4288 2632 
5857 3162 3551 2218 
5858 1328 1395 1330 
5859 2277 2806 2278 
5860 3086 3968 818 
5861 2728 4146 2727 
5862 2710 4318 2565 
5863 3266 3629 594 
5864 1563 3394 1560 
5865 1144 1145 1143 
5866 2631 4325 3531 
5867 1834 3106 1835 
5868 1706 3147 1668 
5869 1876 3525 1877 
5870 1485 1504 1482 
5871 1205 1206 1185 
5872 1667 2229 2153 
5873 872 873 871 
5874 2997 3603 807 
5875 1646 2028 1714 
5876 3047 3385 2841 
5877 1992 2027 1990 
5878 1586 4066 1188 
5879 2338 4117 4001 
5880 2553 3929 2551 
5881 1585 3173 1655 
5882 2171 3578 1580 
5883 2994 3188 2995 
5884 2033 2067 2032 
5885 3518 4012 633 
5886 3420 3839 2448 
5887 1349 1351 1350 
5888 3075 3505 666 
5889 843 3677 2849 
5890 2109 3720 2836 
5891 3464 4294 3528 
5892 874 877 876 
5893 935 3368 931 
5894 728 4278 3164 
5895 2640 4328 3956 
5896 3331 3741 321 
5897 2117 3053 2116 
5898 2940 3899 1967 
5899 2201 2202 2199 
5900 2983 3363 1390 
5901 969 3723 2984 
5902 1683 1715 1684 
5903 615 3370 724 
5904 2580 4310 1325 
5905 2646 4166 2647 
5906 1916 1934 1915 
5907 2184 3301 1743 
5908 2188 2337 1806 
5909 2503 3788 2085 
5910 2709 3722 3222 
5911 3322 3828 760 
5912 729 4211 3725 
5913 2748 4179 3276 
5914 2152 3059 2151 
5915 1705 1706 1668 
5916 3570 3694 973 
5917 2663 3276 3165 
5918 1160 3377 1163 
5919 1391 1628 1608 
5920 1663 1664 1603 
5921 1841 4196 2000 
5922 1358 1363 1362 
5923 2179 3729 3134 
5924 1965 4227 3226 
5925 2752 3471 1028 
5926 2112 3156 2111 
5927 1192 3286 1191 
5928 766 3705 3089 
5929 2959 3670 846 
5930 2225 4080 2222 
5931 3479 3614 822 
5932 3516 3606 634 
5933 1879 2549 1880 
5934 1892 3371 1889 
5935 1601 2420 1599 
5936 878 897 876 
5937 3508 3875 1685 
5938 1272 3343 2033 
5939 753 3837 3027 
5940 3434 3825 828 
5941 3927 4086 2395 
5942 2496 3972 3260 
5943 2462 3847 3251 
5944 2280 2668 2667 
5945 2395 4086 2855 
5946 3544 3642 3168 
5947 2806 4182 1233 
5948 1835 3106 1838 
5949 3210 3874 771 
5950 1325 4310 1323 
5951 1395 3942 2819 
5952 2335 4133 3614 
5953 2739 2740 2738 
5954 1144 2198 1158 
5955 2074 2075 2044 
5956 874 875 873 
5957 1755 2974 2174 
5958 1244 3854 2538 
5959 1975 3563 1974 
5960 2539 4195 2433 
5961 2198 2200 2199 
5962 3213 4040 2456 
5963 3052 3396 2376 
5964 2200 2438 2201 
5965 518 3064 792 
5966 2690 3989 2267 
5967 3018 3927 803 
5968 2169 3895 2867 
5969 1667 2012 1403 
5970 1738 2187 1736 
5971 1208 3407 1212 
5972 1638 2113 1639 
5973 2565 4318 3697 
5974 3802 3896 726 
5975 2071 4293 2796 
5976 1227 3171 1088 
5977 854 3727 2964 
5978 3310 3673 802 
5979 2382 4054 2521 
5980 1541 4144 1711 
5981 2353 3207 2506 
5982 836 4038 3101 
5983 2665 4254 2327 
5984 2220 4248 2866 
5985 2866 4248 767 
5986 2831 3476 835 
5987 2315 3510 2314 
5988 1040 1668 1037 
5989 1553 3348 1550 
5990 2071 2072 1815 
5991 3450 3760 2783 
5992 3469 3676 2200 
5993 2136 3923 1666 
5994 3114 3115 1405 
5995 2825 2826 1428 
5996 1189 3390 1183 
5997 3185 3234 3030 
5998 2409 2410 2407 
5999 3091 4216 656 
6000 2337 2882 1806 
6001 2185 3554 3354 
6002 3098 3100 2822 
6003 1721 3437 2120 
6004 1489 1490 1487 
6005 1628 2095 2094 
6006 2027 3153 1990 
6007 2180 3964 2711 
6008 2132 4047 2909 
6009 2531 3414 2481 
6010 1180 3392 1122 
6011 2796 2797 2072 
6012 756 3970 3035 
6013 813 3821 3070 
6014 1270 1271 1254 
6015 2041 4189 2436 
6016 870 872 871 
6017 2501 2825 1429 
6018 1673 4104 2051 
6019 3836 4190 924 
6020 3081 4103 678 
6021 587 3463 748 
6022 3322 4004 3828 
6023 2051 4104 3739 
6024 3082 4001 815 
6025 2153 2744 2012 
6026 1655 3173 2059 
6027 3360 3384 2588 
6028 2405 2406 2403 
6029 2154 4116 3778 
6030 897 3353 876 
6031 2568 4095 3321 
6032 2936 3610 1268 
6033 3117 3406 2860 
6034 2344 3798 2881 
6035 1366 1369 1368 
6036 882 1236 880 
6037 2475 4187 3235 
6038 886 887 884 
6039 3233 3451 2864 
6040 1612 3211 2691 
6041 1064 3965 2751 
6042 1147 1150 1149 
6043 649 3428 2834 
6044 1715 3568 1684 
6045 1245 3306 879 
6046 3502 3682 3445 
6047 17 3982 2803 
6048 1066 3470 1068 
6049 3457 3644 1781 
6050 2773 4139 889 
6051 1939 2919 1936 
6052 1771 3950 2949 
6053 1351 3333 1352 
6054 2632 3421 2143 
6055 3101 4038 2381 
6056 2824 4097 998 
6057 2346 3585 1679 
6058 1858 1862 1861 
6059 2897 4288 3382 
6060 1910 2194 1908 
6061 3068 3828 3304 
6062 1338 3832 3539 
6063 888 889 887 
6064 2407 3160 2406 
6065 738 4287 3472 
6066 1967 3317 1469 
6067 3164 4278 2688 
6068 663 3991 2899 
6069 3148 3716 1186 
6070 2881 3782 860 
6071 1403 3337 1404 
6072 1839 3389 1842 
6073 2095 2812 2769 
6074 861 4279 3772 
6075 804 3656 3021 
6076 1755 2174 1878 
6077 2529 4108 2528 
6078 1614 3211 1612 
6079 3571 4140 2564 
6080 1540 1755 1580 
6081 3044 4130 2778 
6082 2877 4138 778 
6083 1736 3330 1737 
6084 1370 1374 1373 
6085 1592 2077 1762 
6086 2119 3392 1198 
6087 1745 2184 1743 
6088 3717 3920 2292 
6089 3284 3285 2223 
6090 1809 2191 2065 
6091 2718 4233 2492 
6092 1960 3336 3205 
6093 1019 1186 1015 
6094 1462 3334 1463 
6095 3359 3909 1300 
6096 1036 1037 1031 
6097 988 3215 3154 
6098 2483 2531 2481 
6099 2659 4101 2661 
6100 1495 1506 1493 
6101 2082 3857 3579 
6102 3424 3947 656 
6103 535 3500 534 
6104 1406 1407 1309 
6105 1975 3877 3563 
6106 4229 4230 2715 
6107 2214 3449 2215 
6108 1724 1978 1817 
6109 2817 3897 2832 
6110 675 3826 3328 
6111 2723 3327 3304 
6112 1239 4313 1607 
6113 2482 4052 2484 
6114 949 3536 970 
6115 1804 3330 2188 
6116 2826 2970 1428 
6117 1124 3140 3139 
6118 265 3834 2785 
6119 1442 3317 1441 
6120 1363 1371 1364 
6121 2611 4160 2815 
6122 984 3401 993 
6123 1108 1433 1106 
6124 1969 4116 2154 
6125 3471 3509 1945 
6126 1369 3204 3203 
6127 1194 3155 1229 
6128 2334 3614 3459 
6129 1505 2246 1490 
6130 818 3584 3134 
6131 2139 2620 2075 
6132 1444 3548 1727 
6133 1549 2054 1781 
6134 1301 3359 1300 
6135 2807 4083 3048 
6136 359 3264 732 
6137 3163 3817 2342 
6138 3006 3691 657 
6139 3158 4278 3003 
6140 2056 2230 2057 
6141 2050 4111 3396 
6142 1197 1209 1165 
6143 2308 3185 3184 
6144 1559 2056 1567 
6145 3816 3817 3163 
6146 3567 4203 2058 
6147 628 3247 146 
6148 536 3530 535 
6149 2140 3983 2857 
6150 1721 2120 2119 
6151 3548 4028 2295 
6152 3433 3700 3456 
6153 1754 3819 2794 
6154 1209 3226 1165 
6155 1458 3337 1691 
6156 2120 2845 2844 
6157 2827 3859 2530 
6158 1376 1383 1378 
6159 3001 3663 2227 
6160 623 3622 3237 
6161 1514 3364 1513 
6162 1792 1795 1794 
6163 2682 4215 2879 
6164 2307 3863 2972 
6165 2022 3887 2018 
6166 2620 2776 2075 
6167 1272 2033 2032 
6168 1438 3499 1436 
6169 772 3573 617 
6170 3123 3686 2112 
6171 805 3650 567 
6172 1363 2221 1371 
6173 493 3587 492 
6174 1451 2069 1449 
6175 2108 3543 3243 
6176 1217 3412 1391 
6177 1593 3577 1605 
6178 2004 2612 1844 
6179 1739 1740 1209 
6180 1804 2188 1806 
6181 1248 3950 1771 
6182 3485 4119 833 
6183 1116 3224 1112 
6184 1133 1785 1135 
6185 2974 3219 2174 
6186 1261 3511 1091 
6187 2788 3777 369 
6188 1760 2435 2214 
6189 1935 2093 1698 
6190 1287 3381 1286 
6191 779 4225 2635 
6192 1137 1241 1139 
6193 1491 1505 1490 
6194 2247 2248 2246 
6195 3491 3964 743 
6196 1141 1144 1143 
6197 530 3551 529 
6198 3038 3635 800 
6199 1414 3548 1444 
6200 1617 3334 1801 
6201 2268 3979 2930 
6202 2203 3723 2938 
6203 2054 3182 2055 
6204 2784 3450 2783 
6205 1696 2840 1693 
6206 1866 3540 1867 
6207 1623 3359 1304 
6208 1182 1199 1198 
6209 1763 3720 2684 
6210 3339 4158 3338 
6211 2436 3167 3166 
6212 1988 1992 1990 
6213 1569 3326 1568 
6214 1471 1967 1469 
6215 3394 3724 2056 
6216 3085 3947 2422 
6217 2526 3387 2523 
6218 1080 3591 1078 
6219 2122 2123 1739 
6220 780 4132 3581 
6221 1207 3407 1208 
6222 3207 3938 1531 
6223 1844 3347 1845 
6224 2308 3691 3234 
6225 2925 4315 2233 
6226 3103 3676 3469 
6227 1984 2493 1986 
6228 2249 3215 2248 
6229 802 3673 3000 
6230 1159 3377 1160 
6231 2314 2487 2162 
6232 1870 3345 1871 
6233 2257 4010 3151 
6234 1906 1923 1904 
6235 3096 3693 2636 
6236 1183 3390 1182 
6237 1889 3371 1888 
6238 1501 1503 1499 
6239 2755 4283 2470 
6240 719 3620 3170 
6241 2171 3521 3169 
6242 1216 3412 1217 
6243 1380 1667 1403 
6244 2055 3457 1781 
6245 1275 3171 1227 
6246 1197 3377 2122 
6247 2290 3316 2429 
6248 1199 1756 1721 
6249 2045 3866 3605 
6250 1574 1798 1572 
6251 3067 3615 765 
6252 1852 1859 1854 
6253 2090 2092 1747 
6254 993 3401 1004 
6255 1191 2098 2097 
6256 535 3530 3500 
6257 1306 1623 1304 
6258 1727 2772 1730 
6259 1344 3410 1349 
6260 1122 3392 1121 
6261 2325 4156 3880 
6262 1617 1801 1619 
6263 1734 1738 1736 
6264 3290 4130 702 
6265 594 3629 593 
6266 2528 3889 2526 
6267 1634 3398 1635 
6268 504 3632 503 
6269 2629 3059 2152 
6270 1458 1691 1460 
6271 1621 1818 1758 
6272 3888 4247 2615 
6273 2981 3933 3762 
6274 1550 3348 1549 
6275 3675 3943 2676 
6276 2149 3053 2117 
6277 2668 3732 2670 
6278 2057 2185 2163 
6279 2080 2082 1941 
6280 3099 3100 3098 
6281 2309 4084 2800 
6282 2221 2223 2222 
6283 3073 4115 2141 
6284 656 4216 3424 
6285 1627 3639 2240 
6286 1343 3410 1344 
6287 1369 3203 1370 
6288 3116 3516 837 
6289 3053 3672 1232 
6290 2880 3976 2682 
6291 1638 2157 2113 
6292 1166 3226 1207 
6293 1994 4237 3649 
6294 1292 1298 1290 
6295 2311 3990 3080 
6296 2784 4145 3450 
6297 1838 3389 1839 
6298 2098 2680 2679 
6299 1229 3286 1192 
6300 2899 3843 663 
6301 2440 3913 2444 
6302 1279 1685 1277 
6303 3295 3297 775 
6304 1510 1512 1507 
6305 1874 2058 1876 
6306 1391 1629 1628 
6307 860 3986 2881 
6308 1555 1660 1553 
6309 1565 1577 1563 
6310 1559 1567 1557 
6311 2919 3197 1935 
6312 1545 2024 1543 
6313 1848 2005 1850 
6314 2670 3325 2982 
6315 2306 4057 3691 
6316 1112 3224 1123 
6317 3296 4140 3571 
6318 1902 2757 1900 
6319 1934 2195 1915 
6320 1683 2839 1715 
6321 1349 1359 1351 
6322 879 880 878 
6323 2358 3931 2362 
6324 1110 3220 1108 
6325 1560 3394 1559 
6326 888 890 889 
6327 1519 1606 1517 
6328 1832 2155 1834 
6329 1296 1720 1294 
6330 721 4147 3565 
6331 883 884 882 
6332 654 3987 3779 
6333 885 886 884 
6334 2801 3974 3443 
6335 1283 1285 1281 
6336 1540 1580 1527 
6337 1991 3662 2714 
6338 959 3846 957 
6339 2244 3115 3114 
6340 3140 3939 3139 
6341 1767 3094 1786 
6342 2285 2749 2287 
6343 1163 1197 1165 
6344 1898 1963 1896 
6345 2542 3240 3141 
6346 1525 1945 1523 
6347 1894 2260 1892 
6348 1322 1384 1324 
6349 1212 1427 1214 
6350 1191 2097 1189 
6351 1096 1258 1094 
6352 2697 4124 3623 
6353 1970 2262 1973 
6354 3304 3828 2724 
6355 881 882 880 
6356 1182 1198 1180 
6357 3193 3472 2419 
6358 290 3303 842 
6359 2578 3822 2047 
6360 1928 2473 1926 
6361 1842 2004 1844 
6362 2374 3866 2231 
6363 3235 3917 2475 
6364 2504 3952 2650 
6365 1102 1256 1100 
6366 3450 4103 3760 
6367 2990 3300 3092 
6368 2759 3375 2739 
6369 2719 4309 3973 
6370 1549 1781 1547 
6371 3505 4192 2261 
6372 3319 3882 3051 
6373 935 3860 3368 
6374 3147 3904 3413 
6375 1532 3773 2878 
6376 745 3515 2887 
6377 1811 3211 1614 
6378 411 3638 410 
6379 2765 3898 2300 
6380 814 3958 3265 
6381 2757 3767 3559 
6382 708 3752 3064 
6383 1359 1399 1351 
6384 2930 3979 2265 
6385 2031 3957 3288 
6386 877 878 876 
6387 1144 1158 1145 
6388 712 3455 2885 
6389 2885 4210 712 
6390 863 3684 3090 
6391 3572 3924 2165 
6392 1918 3564 1916 
6393 3587 3710 492 
6394 651 3777 3501 
6395 2464 3998 3463 
6396 2113 3547 1639 
6397 1635 3398 1638 
6398 997 3836 926 
6399 2901 3628 3225 
6400 1815 1879 1399 
6401 2241 3945 2238 
6402 1974 3563 1977 
6403 2099 3667 2883 
6404 1230 3737 3341 
6405 2108 4206 3543 
6406 3172 3289 2702 
6407 2883 3667 1426 
6408 2113 3937 3547 
6409 1298 3381 1290 
6410 1920 4000 2210 
6411 3713 3949 2070 
6412 3681 3846 990 
6413 2812 4215 2682 
6414 2012 3337 1403 
6415 792 2931 405 
6416 791 867 202 
6417 872 874 873 
6418 648 4055 3261 
6419 2552 3314 2929 
6420 1359 1815 1399 
6421 2198 2199 1158 
6422 2200 2201 2199 
6423 1427 3407 3329 
6424 2770 3912 2771 
6425 2870 3506 821 
6426 874 876 875 
6427 1684 3568 1688 
6428 2187 3330 1736 
6429 2638 4246 3892 
6430 1738 2579 2187 
6431 3411 3430 2662 
6432 1774 3890 1716 
6433 1667 2153 2012 
6434 3798 3817 715 
6435 2695 3488 2694 
6436 2118 3236 1964 
6437 3528 4294 3590 
6438 3320 3321 1998 
6439 2293 4132 3339 
6440 2857 3983 2726 
6441 630 4294 3060 
6442 1826 3560 1829 
6443 1977 3563 2285 
6444 1652 3274 1712 
6445 2153 3196 2744 
6446 2410 3160 2407 
6447 2051 3739 2918 
6448 498 3674 497 
6449 1798 3326 1572 
6450 3149 4077 2243 
6451 734 4077 3149 
6452 886 888 887 
6453 1335 3270 1340 
6454 1639 3547 1641 
6455 3807 3813 670 
6456 985 4295 3161 
6457 1133 3470 1785 
6458 2221 2222 1371 
6459 1249 3280 1257 
6460 2422 3901 3085 
6461 2639 3608 2760 
6462 2056 2057 1567 
6463 3118 3890 1774 
6464 2098 2679 2097 
6465 2054 2055 1781 
6466 1505 2247 2246 
6467 3393 3732 2668 
6468 2680 2683 2679 
6469 1755 1878 1580 
6470 4037 4293 2071 
6471 2174 2773 1878 
6472 3182 3293 2055 
6473 2223 2224 2222 
6474 2647 3753 1780 
6475 1199 1721 1198 
6476 1197 1739 1209 
6477 2004 2792 2612 
6478 3505 3633 666 
6479 2247 2249 2248 
6480 2624 4130 3290 
6481 1330 3259 1332 
6482 1317 3555 1319 
6483 2884 3704 725 
6484 2869 3787 737 
6485 2077 3830 2837 
6486 410 3638 791 
6487 679 3795 3096 
6488 1577 3394 1563 
6489 3930 3994 2204 
6490 1613 4238 1814 
6491 2087 3929 3210 
6492 2891 3911 2890 
6493 1352 3283 1354 
6494 3408 4233 2718 
6495 2760 3608 3015 
6496 1606 3364 1517 
6497 476 3689 475 
6498 1167 3616 3094 
6499 3536 3848 970 
6500 1121 3224 1116 
6501 1667 3498 2229 
6502 2893 3631 626 
6503 2653 4191 3119 
6504 2174 4139 2773 
6505 3188 3595 1384 
6506 3242 3641 777 
6507 2067 3768 3545 
6508 2878 3773 2088 
6509 2186 4210 2885 
6510 3152 3776 640 
6511 955 3636 978 
6512 3268 4000 2211 
6513 2096 4216 3327 
6514 1874 3345 2058 
6515 1647 3867 1648 
6516 837 3988 3116 
6517 2308 3234 3185 
6518 2882 3383 2339 
6519 2090 3854 2092 
6520 2206 4021 3135 
6521 3563 3877 2749 
6522 1020 3293 3182 
6523 1848 3347 2005 
6524 862 3804 3213 
6525 1221 4199 3395 
6526 714 4269 3275 
6527 3463 3998 748 
6528 2888 3791 2336 
6529 2513 3884 2932 
6530 990 3846 959 
6531 2236 4041 2886 
6532 1651 3422 870 
6533 2046 3898 3133 
6534 1206 3960 3150 
6535 708 3794 3752 
6536 2864 3451 1790 
6537 3719 4258 1397 
6538 2975 3991 663 
6539 1266 3299 1398 
6540 2557 3997 2949 
6541 2076 4164 2914 
6542 2836 4125 1690 
6543 1191 3286 2098 
6544 492 3710 491 
6545 2830 4072 2946 
6546 3051 3882 2402 
6547 746 4098 3254 
6548 3388 3995 682 
6549 3296 4249 3297 
6550 2202 4296 2199 
6551 1123 3220 1110 
6552 1171 3311 1169 
6553 2837 4125 2836 
6554 1590 4146 3941 
6555 3106 3646 2144 
6556 1044 3899 2940 
6557 3189 3942 3596 
6558 2344 3817 3798 
6559 2142 3555 1317 
6560 749 3793 3033 
6561 3208 3623 2380 
6562 2495 4272 4256 
6563 2267 3989 3212 
6564 3951 4082 2600 
6565 2201 3985 2203 
6566 1163 3377 1197 
6567 2535 3742 2168 
6568 1863 3640 1866 
6569 4073 4160 2611 
6570 2633 4308 1146 
6571 466 3738 465 
6572 2735 4213 1810 
6573 743 3964 3600 
6574 3155 4178 2664 
6575 2793 3744 2971 
6576 1862 3640 1863 
6577 3056 3688 2417 
6578 1345 3270 1335 
6579 2326 3837 3629 
6580 3430 4306 2662 
6581 1482 3318 1480 
6582 2926 4315 2925 
6583 2939 4012 2177 
6584 3108 3865 764 
6585 3485 4328 2656 
6586 2260 3371 1892 
6587 3059 3609 2151 
6588 3181 3437 1756 
6589 3421 3762 2143 
6590 2724 4004 2767 
6591 1144 3465 2198 
6592 2154 3778 3112 
6593 3416 4241 3419 
6594 670 3813 3803 
6595 1212 3407 1427 
6596 1912 3291 1910 
6597 2744 3461 2012 
6598 3286 4265 2681 
6599 1515 4034 1625 
6600 2965 4300 2964 
6601 716 4163 3095 
6602 1394 4131 3749 
6603 1401 3277 2888 
6604 3427 4085 2637 
6605 3116 3988 2146 
6606 2448 4087 3420 
6607 2042 3341 2040 
6608 2806 3393 2278 
6609 1595 3315 1646 
6610 2586 3908 2584 
6611 2821 3685 2797 
6612 631 4052 3643 
6613 1356 3332 1358 
6614 3078 3961 813 
6615 1660 3348 1553 
6616 3691 4057 657 
6617 691 4198 3778 
6618 2097 3390 1189 
6619 1169 3311 2626 
6620 3804 4040 3213 
6621 3020 4044 3313 
6622 538 3729 537 
6623 3296 3297 3295 
6624 658 3743 474 
6625 2617 4024 2354 
6626 1198 3392 1180 
6627 1666 3923 1456 
6628 964 3744 969 
6629 1603 3323 1601 
6630 3459 3479 703 
6631 3437 3712 2120 
6632 2769 4185 2094 
6633 1326 3596 1328 
6634 3660 4255 2029 
6635 3857 4264 3579 
6636 810 3783 3258 
6637 1355 4271 3733 
6638 3455 4119 2885 
6639 2922 4115 717 
6640 858 4283 3562 
6641 1370 3203 1374 
6642 3420 4087 2370 
6643 1672 3299 1266 
6644 3069 3783 810 
6645 2044 3340 2042 
6646 3419 4241 3520 
6647 635 3754 3243 
6648 3280 3281 1672 
6649 1236 3666 880 
6650 3114 3889 2245 
6651 2120 3712 2845 
6652 1395 3259 1330 
6653 2264 3979 2268 
6654 3780 4032 859 
6655 2265 3488 2930 
6656 1054 3549 3335 
6657 1387 4178 3155 
6658 3124 4181 2966 
6659 3070 3760 3081 
6660 641 3409 3308 
6661 4085 4322 2637 
6662 1992 3538 2027 
6663 2018 3887 1259 
6664 2981 3762 905 
6665 376 3357 375 
6666 173 3356 172 
6667 3986 3987 2345 
6668 176 3374 175 
6669 791 868 867 
6670 1487 3358 1485 
6671 2383 3475 1787 
6672 1364 3351 1366 
6673 710 3784 3757 
6674 2906 4006 2905 
6675 3120 4141 2324 
6676 2601 4319 3921 
6677 1254 3367 1205 
6678 2743 3959 2141 
6679 3283 3284 1382 
6680 1842 3389 2004 
6681 3038 4309 3635 
6682 2964 4300 854 
6683 833 4119 3455 
6684 1480 3318 2758 
6685 1371 3351 1364 
6686 3101 3477 836 
6687 1966 4153 2794 
6688 565 3841 701 
6689 3562 4283 2755 
6690 2694 3675 2677 
6691 1053 4033 2737 
6692 1543 3499 1438 
6693 2846 4134 3220 
6694 1352 3333 3283 
6695 2160 4209 1766 
6696 1727 3548 2772 
6697 3176 4017 554 
6698 3175 4016 446 
6699 3711 4224 2701 
6700 1772 4124 2697 
6701 1399 3333 1351 
6702 2040 3737 1948 
6703 27 3405 26 
6704 230 3406 229 
6705 236 3385 235 
6706 33 3384 32 
6707 178 3408 177 
6708 381 3409 380 
6709 3366 3425 1383 
6710 231 681 230 
6711 28 682 27 
6712 179 831 178 
6713 382 832 381 
6714 2964 4286 2498 
6715 1549 3348 2054 
6716 1870 3346 3345 
6717 2250 3490 2247 
6718 2032 3792 2591 
6719 3276 4179 2369 
6720 380 641 379 
6721 29 3388 28 
6722 177 642 176 
6723 2255 4010 2257 
6724 1935 3197 2093 
6725 170 3369 169 
6726 2600 4082 2603 
6727 640 3532 3493 
6728 1641 3547 1683 
6729 1559 3394 2056 
6730 2008 3933 2426 
6731 1340 3270 1343 
6732 2847 4134 2846 
6733 1712 3274 2118 
6734 228 774 227 
6735 384 713 383 
6736 25 773 24 
6737 181 714 180 
6738 1332 3259 1345 
6739 3050 3769 2570 
6740 1391 3412 1629 
6741 1186 3904 3147 
6742 1493 3404 1491 
6743 2612 3347 1844 
6744 875 3353 1592 
6745 3077 3794 708 
6746 1382 3332 1356 
6747 1856 3355 1858 
6748 378 3378 377 
6749 234 769 233 
6750 31 770 30 
6751 175 3379 174 
6752 667 3829 481 
6753 1908 3352 1906 
6754 1319 3555 1322 
6755 2870 4137 3506 
6756 3225 3628 1396 
6757 1257 3280 1672 
6758 26 3444 25 
6759 180 3447 179 
6760 383 3446 382 
6761 846 3701 2935 
6762 72 3402 71 
6763 275 3403 274 
6764 1829 3560 1832 
6765 2935 3701 694 
6766 3752 3794 2313 
6767 1677 3789 1882 
6768 1797 3395 1809 
6769 1031 3413 1025 
6770 987 3893 2955 
6771 2103 3915 1954 
6772 333 3432 332 
6773 1309 3438 1270 
6774 801 3881 3002 
6775 174 768 173 
6776 377 767 376 
6777 32 3360 31 
6778 3220 4134 1433 
6779 4172 4214 2081 
6780 1441 3448 1306 
6781 3212 4026 2266 
6782 183 835 182 
6783 386 836 385 
6784 2832 3897 3317 
6785 3459 3707 2334 
6786 1509 3775 3686 
6787 760 3828 3068 
6788 133 3430 132 
6789 336 3429 335 
6790 1145 3376 1147 
6791 1354 3283 1382 
6792 2129 3719 1709 
6793 36 3423 35 
6794 1349 3410 1359 
6795 1182 3390 1199 
6796 3435 4210 3427 
6797 633 4012 2939 
6798 1794 3400 1797 
6799 1688 3568 1970 
6800 3197 4264 1128 
6801 2845 3712 2848 
6802 1854 3391 1856 
6803 280 712 279 
6804 77 711 76 
6805 129 829 128 
6806 332 830 331 
6807 1523 3509 1521 
6808 127 719 126 
6809 282 833 281 
6810 79 834 78 
6811 330 720 329 
6812 1878 3521 2171 
6813 506 3856 505 
6814 3778 4198 3112 
6815 1298 3382 3381 
6816 2858 4288 2897 
6817 2613 4031 2253 
6818 1371 4080 3351 
6819 1704 3749 2233 
6820 1491 3404 1505 
6821 970 3848 2994 
6822 331 3456 330 
6823 78 3454 77 
6824 281 3455 280 
6825 279 3435 278 
6826 76 3434 75 
6827 2685 3227 3202 
6828 1790 3451 1792 
6829 225 691 224 
6830 22 692 21 
6831 1867 3540 1870 
6832 3547 3937 2839 
6833 1232 3672 3609 
6834 1139 3465 1141 
6835 1597 4141 3120 
6836 1449 3474 1406 
6837 2573 4320 2656 
6838 1995 3481 1451 
6839 131 645 130 
6840 75 828 74 
6841 278 827 277 
6842 334 644 333 
6843 1015 3716 892 
6844 338 3441 337 
6845 135 3443 134 
6846 490 3852 489 
6847 1135 3468 1137 
6848 284 638 283 
6849 81 637 80 
6850 125 837 124 
6851 328 838 327 
6852 3250 4067 2028 
6853 1689 4206 2108 
6854 1108 3220 1433 
6855 385 3477 384 
6856 182 3476 181 
6857 2945 3441 685 
6858 2165 3924 3365 
6859 4075 4203 3567 
6860 797 4129 3232 
6861 3060 4294 2389 
6862 2989 3860 935 
6863 3531 4325 1285 
6864 965 4224 1064 
6865 2139 3475 2620 
6866 1378 3498 1380 
6867 829 4121 3170 
6868 237 673 236 
6869 172 3397 171 
6870 34 674 33 
6871 3139 3939 1732 
6872 132 3411 131 
6873 74 3428 73 
6874 277 3426 276 
6875 3273 3478 704 
6876 757 3770 3187 
6877 1638 3398 2157 
6878 3073 3959 2317 
6879 1926 3564 1918 
6880 387 3480 386 
6881 3005 3870 671 
6882 3532 3593 2827 
6883 3267 3647 2191 
6884 3502 3906 692 
6885 2592 3281 3280 
6886 3236 4041 2026 
6887 3019 4044 3020 
6888 329 3487 328 
6889 80 3486 79 
6890 283 3485 282 
6891 126 3484 125 
6892 2027 4023 3373 
6893 1398 3299 1634 
6894 2463 4060 2460 
6895 3838 4194 2297 
6896 2339 3383 3145 
6897 771 3874 509 
6898 4133 4157 646 
6899 2105 3775 2103 
6900 1664 3324 3323 
6901 276 650 275 
6902 73 649 72 
6903 1485 3358 1504 
6904 23 3502 22 
6905 3881 3973 3002 
6906 286 839 285 
6907 326 633 325 
6908 83 840 82 
6909 123 634 122 
6910 1094 3591 1080 
6911 712 4210 3435 
6912 1205 3367 1206 
6913 35 3362 34 
6914 171 664 170 
6915 374 663 373 
6916 3858 3884 2513 
6917 2579 4033 2187 
6918 2065 3647 2469 
6919 1954 3915 3885 
6920 3282 4079 3299 
6921 1877 3525 1984 
6922 3941 3984 2428 
6923 3506 4137 647 
6924 1605 3577 1767 
6925 975 3437 3181 
6926 1369 3351 3204 
6927 1509 3915 3775 
6928 186 635 185 
6929 389 636 388 
6930 3852 3922 489 
6931 1941 3579 1939 
6932 1601 3323 2420 
6933 2939 3718 633 
6934 3456 3700 720 
6935 134 826 133 
6936 337 825 336 
6937 1671 3311 1171 
6938 643 4268 3122 
6939 2142 4053 3555 
6940 1915 3291 1912 
6941 39 3460 38 
6942 2537 3869 2743 
6943 3192 3992 515 
6944 3191 3993 407 
6945 3443 3974 826 
6946 1294 3489 1292 
6947 1150 3376 3099 
6948 1758 3503 2864 
6949 1328 3596 1395 
6950 1606 3365 3364 
6951 3263 3862 3618 
6952 2240 3639 2244 
6953 3565 3844 840 
6954 3748 4272 653 
6955 124 3516 123 
6956 82 3517 81 
6957 285 3519 284 
6958 327 3518 326 
6959 655 3873 3082 
6960 2445 4068 2442 
6961 2246 3358 1490 
6962 2066 3700 3433 
6963 1504 3318 1482 
6964 3071 3907 2706 
6965 1947 3858 2513 
6966 3230 3231 783 
6967 71 3442 70 
6968 1619 3513 1621 
6969 3085 3925 816 
6970 3654 3655 1129 
6971 19 779 18 
6972 222 780 221 
6973 2622 3255 3254 
6974 2285 3563 2749 
6975 288 722 287 
6976 85 721 84 
6977 2623 4169 3805 
6978 122 3522 121 
6979 2800 4084 3433 
6980 3321 4259 2568 
6981 1142 4020 2016 
6982 3892 4246 750 
6983 2518 3862 3263 
6984 164 3452 163 
6985 367 3453 366 
6986 1646 3315 2028 
6987 3040 3962 805 
6988 3165 4121 829 
6989 801 4078 3881 
6990 3881 4078 2606 
6991 3432 4136 2800 
6992 3235 3956 3917 
6993 1910 3291 2194 
6994 489 3922 488 
6995 1507 3526 1501 
6996 1904 3514 1902 
6997 2929 4006 2906 
6998 3271 3380 2957 
6999 1083 3950 1248 
7000 2200 3676 2438 
7001 1919 4021 2206 
7002 2819 3942 2820 
7003 339 685 338 
7004 136 686 135 
7005 70 823 69 
7006 273 824 272 
7007 388 3546 387 
7008 2934 4059 2427 
7009 1708 3933 2981 
7010 3002 3973 696 
7011 2560 3894 2894 
7012 1358 3332 1363 
7013 240 764 239 
7014 37 763 36 
7015 169 3436 168 
7016 1432 4223 3851 
7017 3363 3985 1390 
7018 2495 4065 2237 
7019 735 3550 3121 
7020 665 3907 3071 
7021 343 3495 342 
7022 120 775 119 
7023 323 776 322 
7024 1460 3527 1462 
7025 2116 3810 3142 
7026 1158 3376 1145 
7027 2776 3340 2075 
7028 892 3604 886 
7029 693 4049 3815 
7030 1664 3323 1603 
7031 1850 3523 1852 
7032 3271 4274 3380 
7033 2881 3798 3782 
7034 2441 4319 3913 
7035 876 3353 875 
7036 1281 3508 1279 
7037 390 3544 389 
7038 779 4207 3982 
7039 3163 3824 3816 
7040 1413 3647 3267 
7041 1363 3332 2221 
7042 3746 4300 3987 
7043 1698 3599 1696 
7044 3591 4164 2076 
7045 507 3948 723 
7046 2450 4273 3850 
7047 2695 3826 3488 
7048 84 3565 83 
7049 287 3566 286 
7050 2254 4143 2614 
7051 137 3431 136 
7052 272 3458 271 
7053 3398 3399 2157 
7054 3281 3740 3282 
7055 748 3998 3062 
7056 2075 3340 2044 
7057 1315 4253 3827 
7058 63 3494 62 
7059 2496 4177 3972 
7060 1827 4243 3842 
7061 290 842 289 
7062 87 841 86 
7063 2028 4067 1714 
7064 2228 4026 3212 
7065 38 3386 37 
7066 168 762 167 
7067 371 761 370 
7068 3558 4052 631 
7069 1680 4026 2228 
7070 245 3504 244 
7071 1581 4244 3858 
7072 2293 3339 3338 
7073 695 4273 3674 
7074 427 3940 426 
7075 2070 3949 3110 
7076 3084 3947 3085 
7077 647 4137 3494 
7078 3021 4217 727 
7079 189 777 188 
7080 392 778 391 
7081 2356 3991 2975 
7082 1286 3531 1283 
7083 1270 3438 1271 
7084 1939 3579 2919 
7085 975 3712 3437 
7086 2229 3736 2153 
7087 2752 3597 3509 
7088 128 3620 127 
7089 3917 3956 839 
7090 2125 3694 2123 
7091 2203 3985 3363 
7092 1277 3552 1275 
7093 221 3581 220 
7094 1490 3358 1487 
7095 68 704 67 
7096 271 703 270 
7097 1366 3351 1369 
7098 69 3574 68 
7099 1979 3910 2965 
7100 324 3602 323 
7101 2996 4237 1994 
7102 1271 3367 1254 
7103 1962 4316 2951 
7104 622 3993 866 
7105 514 3992 865 
7106 2186 4085 3427 
7107 2272 3811 2274 
7108 704 3574 2932 
7109 2932 3574 823 
7110 1414 4028 3548 
7111 1478 3827 1822 
7112 2389 4294 3464 
7113 2946 3930 2207 
7114 1671 3545 3311 
7115 3433 3456 830 
7116 3131 3709 2281 
7117 1836 4257 4179 
7118 379 3645 378 
7119 2277 3637 2806 
7120 3966 4254 2665 
7121 2951 4316 2367 
7122 3440 3715 856 
7123 346 3529 345 
7124 16 700 15 
7125 219 699 218 
7126 3727 4286 2964 
7127 897 3666 3136 
7128 3626 4147 721 
7129 2156 4087 2448 
7130 2287 3553 2289 
7131 2850 3741 3331 
7132 2990 3879 3300 
7133 2190 3680 3061 
7134 2528 4108 3534 
7135 3072 3958 814 
7136 1994 3819 1754 
7137 1716 3890 2064 
7138 1513 3572 1510 
7139 3387 3975 2522 
7140 270 3479 269 
7141 342 819 341 
7142 67 3478 66 
7143 139 820 138 
7144 1900 3559 1898 
7145 2576 3855 2466 
7146 3555 4053 1384 
7147 657 4057 3041 
7148 2191 3647 2065 
7149 2143 3762 2008 
7150 2167 3973 3881 
7151 3973 4309 696 
7152 86 3626 85 
7153 289 3627 288 
7154 663 3861 2975 
7155 2914 4164 3903 
7156 3545 3768 2641 
7157 1683 3547 2839 
7158 3034 4129 797 
7159 320 689 319 
7160 117 690 116 
7161 3180 3857 2082 
7162 2056 3724 2230 
7163 905 3762 3421 
7164 3885 4262 1483 
7165 827 3435 3427 
7166 902 4167 2963 
7167 1644 3876 1724 
7168 1668 3413 1037 
7169 3372 4065 2495 
7170 1592 3353 2077 
7171 1858 3355 1862 
7172 1506 3404 1493 
7173 3096 3795 3693 
7174 1176 4028 1414 
7175 3523 3524 1859 
7176 3468 3469 1241 
7177 2059 3610 2936 
7178 3140 3833 2579 
7179 2172 4218 3190 
7180 2195 3291 1915 
7181 2194 3352 1908 
7182 870 3422 872 
7183 3050 3995 3769 
7184 678 4047 3206 
7185 40 660 39 
7186 243 659 242 
7187 3902 3903 1258 
7188 1382 4205 3332 
7189 60 3528 59 
7190 3037 4078 801 
7191 1527 3578 1525 
7192 2319 4228 4156 
7193 1521 3597 1519 
7194 188 3641 187 
7195 391 3642 390 
7196 191 846 190 
7197 394 845 393 
7198 1406 3474 1407 
7199 2549 3681 1880 
7200 248 3542 247 
7201 1832 3560 2155 
7202 3963 4321 855 
7203 3427 4210 2186 
7204 1809 3395 2191 
7205 936 4062 975 
7206 1147 3376 1150 
7207 66 821 65 
7208 269 822 268 
7209 4156 4228 2321 
7210 1037 3413 1031 
7211 1186 3716 1015 
7212 1407 3438 1309 
7213 1896 3598 1894 
7214 90 662 89 
7215 293 661 292 
7216 3115 4261 1204 
7217 1322 3555 1384 
7218 3448 3897 2817 
7219 2079 4226 3329 
7220 3289 3711 2702 
7221 1930 3588 1928 
7222 1795 3400 1794 
7223 2753 4003 3957 
7224 2785 4157 2786 
7225 2230 3554 2057 
7226 2247 3490 2249 
7227 3396 3668 2050 
7228 1199 4076 1756 
7229 2024 3499 1543 
7230 3709 4144 2270 
7231 1690 4125 1537 
7232 165 652 164 
7233 244 3439 243 
7234 368 651 367 
7235 3361 3761 770 
7236 2093 3599 1698 
7237 2670 3732 3325 
7238 1906 3352 1923 
7239 55 3550 735 
7240 1970 3568 2262 
7241 864 4017 3176 
7242 863 4016 3175 
7243 769 4092 3047 
7244 1306 3448 1623 
7245 702 4130 3044 
7246 1786 3616 2383 
7247 349 3569 348 
7248 3409 4070 3308 
7249 2640 3956 3235 
7250 3340 3341 2042 
7251 1241 3465 1139 
7252 1383 3498 1378 
7253 14 843 13 
7254 217 844 216 
7255 141 648 140 
7256 268 3507 267 
7257 65 3506 64 
7258 344 643 343 
7259 892 3716 3604 
7260 1992 3971 3221 
7261 2072 3497 1815 
7262 3838 4082 1410 
7263 1451 3481 2069 
7264 1557 3625 1555 
7265 3287 3892 750 
7266 1945 3509 1523 
7267 1141 3465 1144 
7268 878 3666 897 
7269 553 4017 864 
7270 445 4016 863 
7271 1792 3451 1795 
7272 220 3653 219 
7273 1785 3468 1135 
7274 2069 3474 1449 
7275 1137 3468 1241 
7276 2274 3811 2277 
7277 1661 4111 2050 
7278 978 4126 953 
7279 3351 4080 3204 
7280 2177 4012 3336 
7281 1859 3391 1854 
7282 3221 3971 2493 
7283 897 4011 3353 
7284 3341 3737 2040 
7285 3150 3960 2138 
7286 24 3682 23 
7287 1745 4089 2184 
7288 3417 4241 3416 
7289 739 4241 3417 
7290 1719 4018 1452 
7291 3855 4313 2421 
7292 1739 3570 1740 
7293 3170 4121 2369 
7294 479 4150 747 
7295 1380 3498 1667 
7296 1815 3497 1879 
7297 1324 3595 1326 
7298 3492 3542 2529 
7299 1946 4298 2969 
7300 2601 3921 2596 
7301 3440 3714 2561 
7302 3353 4011 2077 
7303 42 3600 41 
7304 1954 3885 1824 
7305 1019 3904 1186 
7306 3256 3968 3086 
7307 48 3593 47 
7308 251 3594 250 
7309 619 4165 618 
7310 3571 3657 690 
7311 2937 4067 3250 
7312 1292 3489 1298 
7313 1888 3655 1886 
7314 166 3661 165 
7315 267 646 266 
7316 345 3473 344 
7317 64 647 63 
7318 717 4115 3073 
7319 1675 3765 1760 
7320 2082 3579 1941 
7321 2473 3564 1926 
7322 1551 4260 3984 
7323 396 693 395 
7324 193 694 192 
7325 3293 3535 2055 
7326 116 3657 115 
7327 319 3658 318 
7328 3249 4102 820 
7329 988 3375 3215 
7330 3300 3879 1104 
7331 1547 3644 1545 
7332 1822 3755 2732 
7333 696 4309 3038 
7334 1724 3876 1978 
7335 1258 3591 1094 
7336 335 3690 334 
7337 2629 4003 3059 
7338 1621 3513 1818 
7339 92 852 91 
7340 114 781 113 
7341 295 851 294 
7342 317 782 316 
7343 2817 3482 3448 
7344 866 4181 3124 
7345 4209 4252 3065 
7346 2773 3521 1878 
7347 974 4110 2986 
7348 1818 3503 1758 
7349 1512 3526 1507 
7350 3182 3799 1020 
7351 439 4120 438 
7352 3017 3911 794 
7353 393 3669 392 
7354 190 3670 189 
7355 2388 4247 3060 
7356 4185 4265 1229 
7357 1923 3514 1904 
7358 2971 4240 3694 
7359 2909 4103 3450 
7360 750 4246 3014 
7361 937 4171 934 
7362 3196 3592 2744 
7363 973 4240 960 
7364 1767 3577 3094 
7365 1801 3513 1619 
7366 155 3601 154 
7367 233 3708 232 
7368 1852 3523 1859 
7369 1501 3526 1503 
7370 1279 3508 1685 
7371 766 4197 3705 
7372 1567 3625 1557 
7373 1984 3525 2493 
7374 3003 4278 728 
7375 3609 3672 2151 
7376 3314 4195 2539 
7377 3312 3838 2297 
7378 706 4086 3018 
7379 43 743 42 
7380 163 3520 162 
7381 246 744 245 
7382 1766 4209 1464 
7383 1405 3975 3387 
7384 3439 3504 2771 
7385 2815 4170 2814 
7386 51 3612 50 
7387 254 3613 253 
7388 2353 3938 3207 
7389 1691 3527 1460 
7390 1647 3981 3867 
7391 1720 3489 1294 
7392 1285 3508 1281 
7393 1129 3996 3654 
7394 1870 3540 3346 
7395 1886 3654 1811 
7396 1973 3634 1975 
7397 2244 3639 3115 
7398 691 3778 3338 
7399 54 3621 53 
7400 3395 4199 2191 
7401 1685 3552 1277 
7402 3458 4275 2795 
7403 1902 3514 2757 
7404 3329 4226 1427 
7405 2757 3559 1900 
7406 3648 3799 3182 
7407 3133 3898 2765 
7408 1283 3531 1285 
7409 1963 3598 1896 
7410 1580 3578 1527 
7411 2064 3890 3201 
7412 1346 4231 3221 
7413 2005 3523 1850 
7414 53 3624 52 
7415 223 4158 3339 
7416 3217 4058 3218 
7417 1025 3904 1019 
7418 3173 3610 2059 
7419 2055 3535 3457 
7420 2509 3953 3324 
7421 3656 4217 3021 
7422 3070 3821 3760 
7423 152 3631 151 
7424 355 3630 354 
7425 1433 4134 3092 
7426 2521 4054 3168 
7427 2230 4097 3554 
7428 3201 3890 3118 
7429 759 4135 3298 
7430 3059 4003 1388 
7431 1781 3644 1547 
7432 2682 3976 2680 
7433 2603 3838 3312 
7434 1880 3946 3333 
7435 218 3678 217 
7436 15 3677 14 
7437 2377 4193 3770 
7438 1275 3552 3171 
7439 1760 3765 2435 
7440 1374 4107 1373 
7441 2153 3736 3196 
7442 3972 4177 1961 
7443 162 739 161 
7444 247 3492 246 
7445 365 740 364 
7446 44 3491 43 
7447 3935 4097 2230 
7448 144 746 143 
7449 347 745 346 
7450 62 3541 61 
7451 2057 3554 2185 
7452 866 3993 3191 
7453 865 3992 3192 
7454 1648 3867 1774 
7455 2123 3570 1739 
7456 886 3604 888 
7457 2151 3672 2149 
7458 1510 3572 1512 
7459 3900 4033 1053 
7460 214 709 213 
7461 11 710 10 
7462 297 729 296 
7463 94 730 93 
7464 112 853 111 
7465 315 854 314 
7466 2351 3938 2353 
7467 2673 3800 2363 
7468 3332 4205 2221 
7469 3163 4072 788 
7470 325 3718 324 
7471 3828 4004 2724 
7472 2749 3553 2287 
7473 1898 3559 1963 
7474 2797 3685 2072 
7475 1834 3646 3106 
7476 3222 3722 3301 
7477 3367 4200 3960 
7478 13 3679 12 
7479 2372 4083 2807 
7480 1519 3597 1606 
7481 1525 3578 1945 
7482 2184 4089 3342 
7483 785 4218 3307 
7484 1545 3644 2024 
7485 3520 4241 739 
7486 3711 3965 1064 
7487 1894 3598 2260 
7488 3417 3759 739 
7489 61 741 60 
7490 264 742 263 
7491 348 3515 347 
7492 1928 3588 2473 
7493 1948 3969 1430 
7494 3448 3482 1623 
7495 1696 3599 2840 
7496 3290 3972 1961 
7497 1797 3400 3395 
7498 3315 3751 2028 
7499 1856 3391 3355 
7500 3094 3616 1786 
7501 318 3698 317 
7502 294 3695 293 
7503 115 3697 114 
7504 91 3696 90 
7505 395 3702 394 
7506 192 3701 191 
7507 2217 4004 3322 
7508 4178 4299 2664 
7509 2946 4072 3163 
7510 399 783 398 
7511 196 784 195 
7512 2587 4114 3054 
7513 3155 4185 1229 
7514 725 3704 5 
7515 3083 4197 766 
7516 41 3706 40 
7517 3257 3931 2365 
7518 1741 4061 2038 
7519 3426 3926 650 
7520 2431 4284 2916 
7521 3342 4089 2092 
7522 30 3761 29 
7523 3193 3556 3472 
7524 1384 3595 1324 
7525 3380 4274 1427 
7526 774 4093 3117 
7527 1555 3625 1660 
7528 2483 4184 2531 
7529 3513 3549 1818 
7530 880 3666 878 
7531 2262 3634 1973 
7532 3168 4054 636 
7533 726 3896 3808 
7534 46 640 45 
7535 249 639 248 
7536 160 3558 159 
7537 3149 3594 734 
7538 2000 4196 3742 
7539 3746 3987 654 
7540 2493 3971 1986 
7541 2155 3646 1834 
7542 96 856 95 
7543 110 653 109 
7544 299 855 298 
7545 313 654 312 
7546 1988 3971 1992 
7547 691 4158 224 
7548 9 858 8 
7549 212 857 211 
7550 1626 3984 2102 
7551 3346 3567 3345 
7552 3088 4235 718 
7553 3488 3826 2930 
7554 2540 4291 3844 
7555 1734 3939 1738 
7556 3354 4050 2185 
7557 628 3556 3193 
7558 667 3978 3829 
7559 3161 4295 1999 
7560 2092 4089 1747 
7561 4096 4295 985 
7562 3190 4218 785 
7563 1814 4238 3707 
7564 2277 3811 3637 
7565 3345 3567 2058 
7566 2001 4140 3296 
7567 3974 4306 826 
7568 350 627 349 
7569 59 3590 58 
7570 147 628 146 
7571 187 3754 186 
7572 3247 4098 3868 
7573 2487 4252 2162 
7574 362 632 361 
7575 47 3532 46 
7576 159 631 158 
7577 250 3533 249 
7578 2324 4141 2322 
7579 3079 4302 707 
7580 1384 4053 3188 
7581 1383 4107 3366 
7582 3137 4088 790 
7583 239 3764 238 
7584 401 861 400 
7585 198 862 197 
7586 321 3741 320 
7587 2123 3694 3570 
7588 274 3766 273 
7589 1376 4107 1383 
7590 1811 3654 3211 
7591 3361 3995 3388 
7592 2919 4264 3197 
7593 1098 3902 1096 
7594 58 630 57 
7595 148 3556 147 
7596 261 629 260 
7597 351 3557 350 
7598 1503 4081 1499 
7599 1249 4122 3280 
7600 2149 3672 3053 
7601 3457 3535 1043 
7602 1096 3902 1258 
7603 158 3643 157 
7604 316 3727 315 
7605 113 3728 112 
7606 93 3726 92 
7607 296 3725 295 
7608 108 859 107 
7609 311 860 310 
7610 3509 3597 1521 
7611 1158 4296 3376 
7612 3753 3896 2432 
7613 2647 3896 3753 
7614 3291 4148 2194 
7615 12 3730 11 
7616 215 3731 214 
7617 3606 3742 2535 
7618 889 4139 887 
7619 1102 3879 1256 
7620 1104 3879 1102 
7621 3637 4182 2806 
7622 3734 4157 4133 
7623 3475 4090 2620 
7624 3172 4289 3289 
7625 1173 4122 1249 
7626 3760 3821 2783 
7627 99 679 98 
7628 302 680 301 
7629 49 733 48 
7630 252 734 251 
7631 3308 4070 2232 
7632 2546 4190 2547 
7633 3595 3596 1326 
7634 2185 3799 2163 
7635 1956 3842 3248 
7636 200 669 199 
7637 6 725 5 
7638 403 670 402 
7639 209 726 208 
7640 130 3814 129 
7641 3170 3620 829 
7642 1923 3703 3514 
7643 3366 4107 1374 
7644 1299 4046 1644 
7645 1822 3827 3755 
7646 2435 4221 2214 
7647 1247 4029 3160 
7648 3397 4048 664 
7649 150 738 149 
7650 353 737 352 
7651 1053 4008 3900 
7652 788 3824 3163 
7653 642 3496 3374 
7654 3053 3810 2116 
7655 253 3582 252 
7656 156 731 155 
7657 50 3583 49 
7658 359 732 358 
7659 2869 3820 3557 
7660 3329 4227 1965 
7661 787 3823 3159 
7662 3301 3722 1649 
7663 1986 3971 1988 
7664 372 3843 3144 
7665 151 3607 150 
7666 55 735 54 
7667 258 736 257 
7668 3240 3853 3141 
7669 1587 4030 1966 
7670 105 716 104 
7671 308 715 307 
7672 2447 4322 4085 
7673 358 3665 357 
7674 157 3721 156 
7675 369 3777 368 
7676 2314 4219 2487 
7677 3249 4043 3431 
7678 3737 3969 1948 
7679 1471 4128 1967 
7680 3413 3904 1025 
7681 3188 4053 2995 
7682 305 788 304 
7683 102 787 101 
7684 2369 4121 3276 
7685 255 623 254 
7686 52 624 51 
7687 357 3618 356 
7688 154 3617 153 
7689 206 790 205 
7690 3 789 2 
7691 3210 3929 2553 
7692 629 3853 3240 
7693 153 626 152 
7694 356 625 355 
7695 256 3622 255 
7696 3159 3823 3818 
7697 1439 4118 2272 
7698 2814 4019 2609 
7699 3365 3924 3364 
7700 1950 3851 3262 
7701 636 4054 3546 
7702 1963 3699 3598 
7703 3424 4216 2096 
7704 636 3544 3168 
7705 3404 4127 2250 
7706 841 4202 3626 
7707 3184 3863 2307 
7708 1454 3943 3675 
7709 826 4306 3430 
7710 167 3809 166 
7711 2529 4099 3492 
7712 298 3745 297 
7713 314 3746 313 
7714 95 3747 94 
7715 111 3748 110 
7716 3538 4023 2027 
7717 2026 4041 2236 
7718 2953 4203 2175 
7719 373 3843 372 
7720 789 3272 2 
7721 1800 4324 4114 
7722 2514 3884 3858 
7723 859 4032 3781 
7724 161 3759 160 
7725 3261 4055 2355 
7726 3651 4155 2948 
7727 213 3756 212 
7728 10 3757 9 
7729 2185 4050 3799 
7730 3995 4324 3769 
7731 1944 4065 3372 
7732 3561 3562 2755 
7733 3649 4237 2945 
7734 2952 4178 1387 
7735 3218 3903 3902 
7736 3141 3853 262 
7737 2163 3799 3648 
7738 2078 4277 3763 
7739 97 3750 96 
7740 375 3861 374 
7741 2422 3947 3424 
7742 2574 4214 4172 
7743 3770 4193 3187 
7744 662 4277 3202 
7745 194 3785 193 
7746 302 3758 680 
7747 1538 4027 2349 
7748 3433 4084 2066 
7749 3253 3771 862 
7750 3497 3685 978 
7751 3410 4037 2071 
7752 2597 3951 2600 
7753 3481 3790 2069 
7754 2986 4110 4058 
7755 1862 3659 3640 
7756 3344 3912 2129 
7757 1644 4046 3876 
7758 1258 4164 3591 
7759 45 3776 44 
7760 2223 4205 3284 
7761 1043 3713 3457 
7762 2093 3840 3599 
7763 3324 4123 3323 
7764 1410 4194 3838 
7765 400 3772 399 
7766 197 3771 196 
7767 2650 3617 3601 
7768 1629 4188 1628 
7769 2072 3685 3497 
7770 1732 3939 1734 
7771 3398 4079 3399 
7772 3253 4059 784 
7773 3254 3914 746 
7774 1159 4091 3377 
7775 1049 3872 3399 
7776 2424 4170 3216 
7777 3764 3865 3057 
7778 2656 4320 4119 
7779 3524 4013 1859 
7780 2349 4105 2351 
7781 3359 4176 3909 
7782 718 4235 3882 
7783 312 3779 311 
7784 109 3780 108 
7785 3371 3916 1888 
7786 2406 4029 3107 
7787 3583 3612 2809 
7788 3275 3447 714 
7789 1427 4274 1214 
7790 2133 4112 1729 
7791 2194 3805 3352 
7792 1747 4089 1745 
7793 2195 4148 3291 
7794 3849 4270 1118 
7795 3269 3981 1647 
7796 2735 3730 3679 
7797 266 3834 265 
7798 310 3782 309 
7799 107 3781 106 
7800 1203 4113 3277 
7801 2383 4090 3475 
7802 3355 3659 1862 
7803 2188 4008 2337 
7804 3686 4009 2112 
7805 3618 3862 625 
7806 21 3905 20 
7807 352 3787 351 
7808 1441 3897 3448 
7809 211 3801 210 
7810 3239 4143 2254 
7811 2625 4082 3951 
7812 2251 3740 3281 
7813 829 3814 3165 
7814 3165 3814 645 
7815 1886 3655 3654 
7816 2221 4205 2223 
7817 184 3918 183 
7818 2410 4152 3160 
7819 1343 4037 3410 
7820 402 3803 401 
7821 199 3804 198 
7822 210 3802 209 
7823 2980 4091 1159 
7824 140 3871 139 
7825 3572 3835 1512 
7826 2272 4118 3811 
7827 100 3795 99 
7828 2438 3985 2201 
7829 3364 3924 1513 
7830 1714 4067 2745 
7831 3174 4299 1784 
7832 232 3934 231 
7833 3196 3736 999 
7834 855 4321 3745 
7835 1373 4107 1376 
7836 208 3808 207 
7837 404 3807 403 
7838 201 3806 200 
7839 3605 3866 2374 
7840 3392 4100 1121 
7841 3388 3761 3361 
7842 106 3812 105 
7843 839 3956 3519 
7844 3323 4123 2420 
7845 1629 4276 4188 
7846 2512 3442 3402 
7847 850 4236 3175 
7848 104 3818 103 
7849 307 3816 306 
7850 635 4024 3977 
7851 1427 4226 3380 
7852 2097 4076 3390 
7853 3488 4063 2694 
7854 3399 3872 2157 
7855 3263 3665 732 
7856 103 3823 102 
7857 306 3824 305 
7858 1513 3924 3572 
7859 2826 3997 2970 
7860 2260 3849 3371 
7861 3219 4139 2174 
7862 207 3831 206 
7863 3482 3932 2658 
7864 1499 4081 1497 
7865 1207 4227 3407 
7866 1594 4195 3314 
7867 2753 4304 4003 
7868 2009 4192 3146 
7869 652 3839 3452 
7870 3799 4050 1020 
7871 784 4059 4002 
7872 1064 4224 3711 
7873 1999 4295 2079 
7874 145 3868 144 
7875 142 3914 3255 
7876 3635 3966 2665 
7877 740 3944 3183 
7878 262 3853 261 
7879 2105 4009 3775 
7880 3231 4049 397 
7881 257 3845 256 
7882 292 3919 291 
7883 3230 4162 2393 
7884 1888 3916 3655 
7885 3276 4121 3165 
7886 3618 3665 3263 
7887 2948 4155 3245 
7888 1043 3949 3713 
7889 1578 3863 3184 
7890 790 4088 205 
7891 740 4025 364 
7892 1649 4128 1471 
7893 3362 3423 3199 
7894 3775 3915 2103 
7895 3045 3972 3290 
7896 3953 4123 3324 
7897 3977 4024 2617 
7898 2680 3976 2683 
7899 2077 4011 3830 
7900 2745 4067 2937 
7901 2821 4126 3685 
7902 3589 4239 1934 
7903 2531 3954 3414 
7904 768 4073 3356 
7905 57 3864 56 
7906 3616 3797 2383 
7907 4002 4059 2934 
7908 3327 4216 3091 
7909 3299 4079 1634 
7910 185 3977 184 
7911 856 3750 3440 
7912 2420 4056 3292 
7913 2679 4076 2097 
7914 227 3999 226 
7915 361 3878 360 
7916 3542 4108 2529 
7917 143 3914 142 
7918 3317 3897 1441 
7919 3722 4128 1649 
7920 2222 4080 1371 
7921 3885 3915 2384 
7922 2495 4256 3372 
7923 3501 3983 2140 
7924 725 4154 3561 
7925 975 4062 3712 
7926 3602 4015 776 
7927 3390 4076 1199 
7928 2732 3755 3735 
7929 2351 4105 3938 
7930 18 3982 17 
7931 354 3886 353 
7932 3119 4191 1798 
7933 2412 4152 2410 
7934 3755 3827 2252 
7935 366 3944 365 
7936 2986 4058 3217 
7937 2210 4000 3268 
7938 3187 4193 2009 
7939 2661 4101 3335 
7940 3144 3843 2899 
7941 3527 4245 1462 
7942 3251 3847 2459 
7943 3652 4135 759 
7944 3367 3960 1206 
7945 2354 4024 3543 
7946 2370 4175 3418 
7947 3330 3900 2188 
7948 3373 4023 2696 
7949 784 3771 3253 
7950 241 4007 240 
7951 1634 4079 3398 
7952 642 3374 176 
7953 3440 3750 3714 
7954 1923 4169 3703 
7955 380 3409 641 
7956 177 3408 642 
7957 28 3388 682 
7958 682 3405 27 
7959 681 3406 230 
7960 831 3408 178 
7961 832 3409 381 
7962 3374 3379 175 
7963 216 3967 215 
7964 3444 4234 773 
7965 3247 3868 145 
7966 2574 4172 3232 
7967 3376 4296 3099 
7968 360 3878 3264 
7969 3298 4135 2311 
7970 121 4035 120 
7971 3849 3916 3371 
7972 3156 4009 2105 
7973 3731 3920 709 
7974 3405 3444 26 
7975 179 3447 831 
7976 382 3446 832 
7977 3321 4095 1998 
7978 2654 4180 3229 
7979 2769 4265 4185 
7980 767 3357 376 
7981 768 3356 173 
7982 259 3928 258 
7983 1978 3980 3511 
7984 229 4093 228 
7985 3418 4175 2305 
7986 3510 3901 2021 
7987 2119 4100 3392 
7988 2191 4199 3267 
7989 3211 3996 2691 
7990 2162 4252 2160 
7991 3815 4049 3231 
7992 32 3384 3360 
7993 31 3360 770 
7994 377 3378 767 
7995 174 3379 768 
7996 235 4092 234 
7997 25 3444 773 
7998 713 3446 383 
7999 714 3447 180 
8000 3377 4091 2122 
8001 3283 3946 3284 
8002 3278 4314 680 
8003 340 4039 339 
8004 1628 4188 2095 
8005 3712 4062 2848 
8006 3333 3946 3283 
8007 3275 4269 2352 
8008 3284 4205 1382 
8009 3445 3682 773 
8010 3160 4029 2406 
8011 3733 4271 2118 
8012 3270 4037 1343 
8013 2390 4220 3619 
8014 3356 3397 172 
8015 711 4290 3434 
8016 715 3817 3816 
8017 3467 3791 1678 
8018 2250 4127 3651 
8019 673 3385 236 
8020 674 3384 33 
8021 4027 4105 2349 
8022 300 3963 299 
8023 1121 4100 3224 
8024 384 3477 713 
8025 181 3476 714 
8026 332 3432 830 
8027 309 3955 308 
8028 195 4002 194 
8029 644 3432 333 
8030 712 3435 279 
8031 711 3434 76 
8032 830 3456 331 
8033 280 3455 712 
8034 77 3454 711 
8035 3305 4146 2728 
8036 330 3456 720 
8037 834 3454 78 
8038 833 3455 281 
8039 75 3434 828 
8040 278 3435 827 
8041 2572 4280 3445 
8042 3445 4280 2170 
8043 887 4139 3219 
8044 836 3477 385 
8045 835 3476 182 
8046 641 3645 379 
8047 132 3430 3411 
8048 2038 4061 3663 
8049 3768 4167 902 
8050 827 3426 277 
8051 131 3411 645 
8052 828 3428 74 
8053 2170 4305 3906 
8054 664 3369 170 
8055 653 4272 3780 
8056 2187 3900 3330 
8057 852 3763 3696 
8058 282 3485 833 
8059 720 3487 329 
8060 719 3484 126 
8061 79 3486 834 
8062 649 3402 72 
8063 650 3403 275 
8064 3872 4326 2157 
8065 2265 4161 4063 
8066 378 3645 3378 
8067 2233 4315 3308 
8068 2400 4182 3637 
8069 2112 4009 3156 
8070 386 3480 836 
8071 3235 4187 1931 
8072 34 3362 674 
8073 171 3397 664 
8074 73 3428 649 
8075 276 3426 650 
8076 35 3423 3362 
8077 820 3871 3261 
8078 826 3430 133 
8079 825 3429 336 
8080 637 3486 80 
8081 328 3487 838 
8082 125 3484 837 
8083 638 3485 283 
8084 4127 4155 3651 
8085 3261 3871 648 
8086 3539 4282 2005 
8087 3218 4058 3903 
8088 138 4102 137 
8089 3280 4122 2592 
8090 291 3919 3303 
8091 22 3502 692 
8092 3402 3442 71 
8093 397 4049 396 
8094 149 4005 148 
8095 3987 4300 2965 
8096 3309 3621 735 
8097 831 4233 3408 
8098 2694 4063 3675 
8099 1214 4274 1216 
8100 3602 3718 2939 
8101 337 3441 825 
8102 134 3443 826 
8103 3369 3436 169 
8104 829 3620 128 
8105 3637 3811 2687 
8106 3694 4240 973 
8107 127 3620 719 
8108 3226 4227 1207 
8109 3903 4164 1258 
8110 2549 3846 3681 
8111 284 3519 638 
8112 81 3517 637 
8113 838 3518 327 
8114 837 3516 124 
8115 763 3423 36 
8116 4149 4239 2181 
8117 769 3708 233 
8118 226 4198 225 
8119 3590 4294 630 
8120 773 3682 24 
8121 3378 3645 2926 
8122 1934 4239 2195 
8123 3399 4079 3282 
8124 685 3441 338 
8125 686 3443 135 
8126 3684 4236 2503 
8127 2811 3690 3429 
8128 3279 3801 857 
8129 1156 4123 3953 
8130 123 3516 634 
8131 840 3517 82 
8132 326 3518 633 
8133 839 3519 285 
8134 387 3546 3480 
8135 29 3761 3388 
8136 242 4151 241 
8137 3763 4277 3696 
8138 3204 4289 3203 
8139 3297 4249 118 
8140 3562 4154 7 
8141 3734 4133 2335 
8142 260 4045 259 
8143 770 3761 30 
8144 70 3442 823 
8145 3415 4184 2483 
8146 634 3522 122 
8147 2603 4082 3838 
8148 2199 4296 1158 
8149 3550 3888 3121 
8150 20 4225 19 
8151 3429 3690 335 
8152 638 4328 3485 
8153 334 3690 644 
8154 2265 4063 3488 
8155 2620 4281 2776 
8156 636 3546 388 
8157 286 3566 839 
8158 83 3565 840 
8159 23 3682 3502 
8160 3745 4211 729 
8161 2786 4157 3734 
8162 3483 3529 745 
8163 2133 4145 4112 
8164 2157 4326 2113 
8165 2305 4175 4142 
8166 824 3458 272 
8167 136 3431 686 
8168 38 3460 3386 
8169 37 3386 763 
8170 168 3436 762 
8171 834 4229 3454 
8172 3957 4003 2629 
8173 3407 4227 3329 
8174 389 3544 636 
8175 101 4074 100 
8176 823 3574 69 
8177 2303 3969 3737 
8178 3702 3895 845 
8179 3357 3861 375 
8180 3797 4090 2383 
8181 721 3565 84 
8182 722 3566 287 
8183 3685 4126 978 
8184 2436 4189 3619 
8185 3472 4287 2419 
8186 778 4138 3642 
8187 3335 4101 1054 
8188 4087 4312 2370 
8189 3876 3980 1978 
8190 1859 4013 3391 
8191 231 3934 681 
8192 2686 3653 3581 
8193 3486 4230 834 
8194 1795 4094 3400 
8195 129 3814 829 
8196 271 3458 703 
8197 764 3865 3764 
8198 3403 3766 274 
8199 867 3806 201 
8200 2931 3807 404 
8201 3699 4270 3598 
8202 645 3814 130 
8203 789 4208 3272 
8204 660 3460 39 
8205 3760 4103 3081 
8206 3876 4046 2756 
8207 68 3574 704 
8208 118 4249 117 
8209 3464 3528 741 
8210 3598 4270 2260 
8211 727 4217 4022 
8212 780 3581 221 
8213 323 3602 776 
8214 4 4109 3 
8215 85 3626 721 
8216 288 3627 722 
8217 4063 4161 1454 
8218 3203 4289 3172 
8219 342 3495 819 
8220 633 3718 325 
8221 2940 4128 3722 
8222 3557 3820 627 
8223 3379 4160 768 
8224 704 3478 67 
8225 703 3479 270 
8226 341 4292 340 
8227 1345 4293 3270 
8228 1577 4180 3724 
8229 374 3861 663 
8230 7 4154 6 
8231 2614 4143 3928 
8232 3674 4273 2451 
8233 663 3843 373 
8234 3619 4189 2390 
8235 774 3999 227 
8236 3517 4285 637 
8237 3507 4133 646 
8238 3406 4093 229 
8239 1341 4023 3538 
8240 390 3642 3544 
8241 764 3764 239 
8242 183 3918 835 
8243 1229 4265 3286 
8244 3867 3981 2508 
8245 841 3626 86 
8246 842 3627 289 
8247 3523 4282 3524 
8248 273 3766 824 
8249 234 4092 769 
8250 652 3452 164 
8251 651 3453 367 
8252 3385 4092 235 
8253 643 3495 343 
8254 3510 4219 2314 
8255 1462 4245 3334 
8256 3561 4154 3562 
8257 269 3479 822 
8258 66 3478 821 
8259 228 4093 774 
8260 2435 4222 4221 
8261 2975 3861 3357 
8262 56 3864 3550 
8263 98 4183 97 
8264 4148 4149 1113 
8265 3900 4008 2188 
8266 692 3905 21 
8267 186 3754 635 
8268 3255 3914 3254 
8269 3850 4273 695 
8270 244 3504 3439 
8271 3640 3659 2301 
8272 3893 4215 2812 
8273 777 3641 188 
8274 778 3642 391 
8275 3864 3888 3550 
8276 243 3439 659 
8277 3811 4118 2687 
8278 324 3718 3602 
8279 1506 4127 3404 
8280 2181 4239 3589 
8281 857 3756 3717 
8282 3757 4283 858 
8283 3581 3653 220 
8284 3452 3520 163 
8285 3386 3460 2452 
8286 821 3506 65 
8287 822 3507 268 
8288 2113 4326 3937 
8289 3654 3996 3211 
8290 1798 4191 3326 
8291 2576 4071 3855 
8292 2547 4190 3836 
8293 2214 4221 3449 
8294 165 3661 652 
8295 647 3494 63 
8296 744 3504 245 
8297 3566 3917 839 
8298 762 3809 167 
8299 2187 4033 3900 
8300 669 4040 3804 
8301 345 3529 3473 
8302 219 3653 699 
8303 392 3669 778 
8304 189 3670 777 
8305 1337 4075 3567 
8306 2195 4149 4148 
8307 3906 4305 2583 
8308 3805 4148 1113 
8309 224 4158 223 
8310 40 3706 660 
8311 3579 4264 2919 
8312 707 4302 3796 
8313 344 3473 643 
8314 267 3507 646 
8315 64 3506 647 
8316 3342 4159 1069 
8317 3708 3934 232 
8318 3769 4324 1800 
8319 3558 3759 3417 
8320 3494 3541 62 
8321 3715 3747 856 
8322 3830 4011 3126 
8323 635 3977 185 
8324 3803 4279 861 
8325 1711 4144 3709 
8326 225 4198 691 
8327 3472 4005 738 
8328 3641 3754 187 
8329 745 3529 346 
8330 2194 4148 3805 
8331 3576 4035 3522 
8332 743 3600 42 
8333 690 3657 116 
8334 689 3658 319 
8335 240 4007 764 
8336 775 4035 3576 
8337 3484 3988 837 
8338 846 3670 190 
8339 845 3669 393 
8340 3749 4131 2234 
8341 3243 3754 3641 
8342 301 4314 300 
8343 700 3677 15 
8344 699 3678 218 
8345 3600 3706 41 
8346 339 4039 685 
8347 644 4136 3432 
8348 4188 4276 2955 
8349 247 3542 3492 
8350 368 3777 651 
8351 2175 4203 4075 
8352 166 3809 3661 
8353 3703 4169 2623 
8354 3522 4035 121 
8355 139 3871 820 
8356 3236 4271 1386 
8357 3928 4143 736 
8358 3883 4307 2707 
8359 1128 4264 3857 
8360 320 3741 689 
8361 3742 4196 2168 
8362 2118 4271 3236 
8363 3844 4291 2717 
8364 3264 4220 2731 
8365 779 3982 18 
8366 43 3491 743 
8367 162 3520 739 
8368 246 3492 744 
8369 2655 4326 3872 
8370 3663 4061 2226 
8371 1506 4155 4127 
8372 741 3528 60 
8373 824 4275 3458 
8374 639 3542 248 
8375 3796 4302 2497 
8376 3474 4259 1407 
8377 3779 3986 860 
8378 348 3569 3515 
8379 217 3678 844 
8380 14 3677 843 
8381 394 3702 845 
8382 191 3701 846 
8383 137 4102 3431 
8384 767 4248 3357 
8385 120 4035 775 
8386 3580 3967 844 
8387 90 3696 662 
8388 293 3695 661 
8389 3453 3944 366 
8390 3528 3590 59 
8391 648 3871 140 
8392 2651 4105 4027 
8393 347 3515 745 
8394 61 3541 741 
8395 3910 4036 2343 
8396 19 4225 779 
8397 627 3569 349 
8398 3657 3697 115 
8399 3658 3698 318 
8400 843 3679 13 
8401 3060 4247 3888 
8402 2499 3916 3849 
8403 3352 4169 1923 
8404 832 4070 3409 
8405 364 4025 363 
8406 3480 4038 836 
8407 646 3834 266 
8408 820 4102 138 
8409 250 3594 3533 
8410 47 3593 3532 
8411 694 3701 192 
8412 693 3702 395 
8413 317 3698 782 
8414 851 3695 294 
8415 114 3697 781 
8416 852 3696 91 
8417 2967 4255 3660 
8418 3878 4220 3264 
8419 1623 4176 3359 
8420 3621 3624 53 
8421 3675 4063 1454 
8422 2756 3980 3876 
8423 2639 4319 3608 
8424 2195 4239 4149 
8425 3431 4043 686 
8426 2260 4270 3849 
8427 739 3759 161 
8428 733 3593 48 
8429 734 3594 251 
8430 659 4151 242 
8431 3805 4169 3352 
8432 4051 4312 2156 
8433 1210 4090 3797 
8434 1921 3994 3930 
8435 646 4157 3834 
8436 44 3776 3491 
8437 2420 4123 4056 
8438 46 3532 640 
8439 159 3558 631 
8440 249 3533 639 
8441 819 4292 341 
8442 4142 4175 2304 
8443 661 3919 292 
8444 781 3728 113 
8445 92 3726 852 
8446 295 3725 851 
8447 782 3727 316 
8448 731 3601 155 
8449 4090 4281 2620 
8450 1539 4312 4051 
8451 50 3612 3583 
8452 253 3613 3582 
8453 3601 3617 154 
8454 2787 3766 3403 
8455 160 3759 3558 
8456 624 3612 51 
8457 623 3613 254 
8458 147 3556 628 
8459 350 3557 627 
8460 58 3590 630 
8461 735 3621 54 
8462 631 3643 158 
8463 3855 4071 1607 
8464 3361 4324 3995 
8465 3851 4223 2517 
8466 151 3631 3607 
8467 3696 4277 662 
8468 52 3624 624 
8469 640 3776 45 
8470 144 3868 746 
8471 2005 4282 3523 
8472 626 3631 152 
8473 625 3630 355 
8474 193 3785 694 
8475 746 3914 143 
8476 3679 3730 12 
8477 3842 4243 2515 
8478 3858 4244 2514 
8479 4022 4217 2851 
8480 365 3944 740 
8481 3827 4253 2252 
8482 3812 4163 716 
8483 729 3725 296 
8484 315 3727 854 
8485 730 3726 93 
8486 112 3728 853 
8487 11 3730 710 
8488 214 3731 709 
8489 184 3977 3918 
8490 3643 3721 157 
8491 4003 4304 1388 
8492 2391 4307 3883 
8493 3639 4261 3115 
8494 3834 4157 2785 
8495 49 3583 733 
8496 252 3582 734 
8497 4112 4145 2798 
8498 117 4249 690 
8499 3704 4109 4 
8500 156 3721 731 
8501 2269 4306 3974 
8502 4030 4153 1966 
8503 150 3607 738 
8504 732 3665 358 
8505 844 3967 216 
8506 3731 3967 3580 
8507 3270 4293 4037 
8508 3624 4168 624 
8509 2578 3698 3658 
8510 3473 4268 643 
8511 853 3748 111 
8512 297 3745 729 
8513 94 3747 730 
8514 854 3746 314 
8515 357 3665 3618 
8516 2384 4262 3885 
8517 3279 3802 3801 
8518 4301 4307 2391 
8519 356 3618 625 
8520 153 3617 626 
8521 351 3787 3557 
8522 255 3622 623 
8523 3921 4319 2441 
8524 709 3756 213 
8525 710 3757 10 
8526 2079 4295 4096 
8527 639 4108 3542 
8528 782 4286 3727 
8529 3880 4156 2321 
8530 3630 3886 354 
8531 261 3853 629 
8532 632 3878 361 
8533 737 3787 352 
8534 3693 4074 787 
8535 998 4097 3935 
8536 630 3864 57 
8537 313 3746 654 
8538 855 3745 298 
8539 856 3747 95 
8540 110 3748 653 
8541 3492 4099 744 
8542 399 3772 783 
8543 196 3771 784 
8544 212 3756 857 
8545 9 3757 858 
8546 3832 4310 2580 
8547 3491 3776 3152 
8548 3868 4098 746 
8549 3798 3955 3782 
8550 396 4049 693 
8551 96 3750 856 
8552 3999 4198 226 
8553 736 3845 257 
8554 3714 4183 679 
8555 3582 4077 734 
8556 3905 4225 20 
8557 256 3845 3622 
8558 2156 4312 4087 
8559 654 3779 312 
8560 653 3780 109 
8561 3183 3944 3453 
8562 353 3886 737 
8563 4117 4302 3079 
8564 861 3772 400 
8565 862 3771 197 
8566 4056 4123 1156 
8567 3117 4093 3406 
8568 857 3801 211 
8569 4020 4308 2633 
8570 3556 4005 3472 
8571 148 4005 3556 
8572 258 3928 736 
8573 311 3779 860 
8574 108 3780 859 
8575 215 3967 3731 
8576 1607 4313 3855 
8577 401 3803 861 
8578 198 3804 862 
8579 2497 4302 4117 
8580 629 4045 260 
8581 860 3782 310 
8582 859 3781 107 
8583 738 4005 149 
8584 784 4002 195 
8585 241 4151 4007 
8586 1937 4254 3966 
8587 670 3803 402 
8588 669 3804 199 
8589 209 3802 726 
8590 99 3795 679 
8591 3047 4092 3385 
8592 403 3807 670 
8593 200 3806 669 
8594 726 3808 208 
8595 299 3963 855 
8596 3725 4242 851 
8597 1118 4270 3699 
8598 105 3812 716 
8599 4221 4222 1255 
8600 1271 4200 3367 
8601 715 3816 307 
8602 716 3818 104 
8603 194 4002 3785 
8604 102 3823 787 
8605 305 3824 788 
8606 3801 3802 210 
8607 715 3955 3798 
8608 2527 4258 3719 
8609 206 3831 790 
8610 2298 4307 4301 
8611 340 4292 4039 
8612 853 4256 3748 
8613 3781 3812 106 
8614 3557 3787 2869 
8615 3984 4260 2428 
8616 3808 3831 207 
8617 3816 3824 306 
8618 3818 3823 103 
8619 308 3955 715 
8620 3831 4166 790 
8621 3782 3955 309 
8622 259 4045 3928 
8623 2918 3934 3708 
8624 679 4183 98 
8625 6 4154 725 
8626 787 4074 101 
8627 3697 4318 781 
8628 97 4183 3750 
8629 3 4109 789 
8630 680 4314 301 
8631 1210 4281 4090 
8632 100 4074 3795 
8633 2399 4153 4030 
8634 3431 4102 3249 
8635 854 4300 3746 
8636 2196 3706 3600 
8637 3661 3809 2449 
8638 300 4314 3963 
8639 3918 3977 2617 
8640 3795 4074 3693 
8641 3112 4198 3999 
8642 3622 3845 3238 
8643 2485 3721 3643 
8644 2635 4225 3905 
8645 2868 3886 3630 
8646 3750 4183 3714 
8647 4007 4151 3109 
8648 4039 4292 2944 
8649 3785 4002 2934 
8650 3928 4045 2614 
8651 3963 4314 3278 
8652 304 3758 303 
8653 2007 3968 3256 
8654 2069 4259 3474 
$EndElements
