# vtk DataFile Version 2.0
Waveguide, Created by Gmsh 4.15.0-git 
ASCII
DATASET UNSTRUCTURED_GRID
POINTS 1955 double
0 0.004 0
0 0.011 0
0.025 0.004 0
0.025 0.011 0
0.0003965437134596247 0.004000000000000001 0
0.0007930874268230623 0.004000000000000001 0
0.00118963114028532 0.004 0
0.001586174853834849 0.004000000000000001 0
0.001982718567442129 0.004 0
0.002379262281157213 0.004 0
0.00277580599450525 0.004 0
0.003172349708027828 0.004 0
0.003568893421786548 0.004 0
0.003950446910453079 0.004 0
0.004248214145996558 0.003999999999999999 0
0.00446493116825244 0.004 0
0.004627505218185692 0.00399773852515565 0
0.00475029330842086 0.003996057356746149 0
0.004852203762605131 0.004004847845896609 0
0.004953762903718688 0.004017844367860065 0
0.005043569061401506 0.004058411058621612 0
0.005115357112790981 0.004126867134803673 0
0.005190374322130906 0.004225017332589408 0
0.005287498366810775 0.004359988036665565 0
0.005396945881987035 0.00449648542907431 0
0.005550482613974828 0.004685653911335615 0
0.005768285959986894 0.004948927996559205 0
0.00602613505404277 0.005250184418266066 0
0.006291432100156291 0.005544894102765202 0
0.006566613026662235 0.005830380330153974 0
0.0068545154630117 0.00610300186459019 0
0.007158419865206188 0.006357606888549993 0
0.007481938273462494 0.006586664834236713 0
0.007828318379942027 0.0067791846350551 0
0.008169468864891963 0.006911720298828445 0
0.00847308661997587 0.006979834255645942 0
0.00876017699092071 0.006999966105315896 0
0.009046637612603081 0.006976860915833446 0
0.00934876807717934 0.006906136937177836 0
0.009686301833265918 0.00677222237511189 0
0.010031684181371 0.006577908227385409 0
0.01035436680321767 0.006347669099752342 0
0.01065756904096411 0.006092221954775315 0
0.01094486748531776 0.005818959767737005 0
0.01121956751165353 0.005533009566241075 0
0.01148450383347047 0.005237975759822745 0
0.01174209097219319 0.004936495843640453 0
0.01199441726473528 0.004630594289749507 0
0.01224333872318832 0.004321912986192307 0
0.01249056317007966 0.004011869612401379 0
0.01273772547356304 0.003701776701530062 0
0.01298645792214605 0.003392943074878333 0
0.01323846034654474 0.00308677463620621 0
0.01349557467850378 0.002784891252532656 0
0.0137598679781251 0.002489280943723508 0
0.01403372534344823 0.002202522754887777 0
0.01431994439706377 0.001928127953315435 0
0.01462179208607123 0.001671075514273699 0
0.01494286948816428 0.001438591767099706 0
0.01528643610880725 0.001241064349052681 0
0.0156281337655023 0.001101195343801881 0
0.01593612932409746 0.001025897833803688 0
0.01623175661159008 0.001000093660011952 0
0.01652698819198799 0.001020176637550149 0
0.01683463968504126 0.00108952773525715 0
0.01717508382423037 0.00122242520862235 0
0.01752123513243316 0.001415359110876329 0
0.01784455062233314 0.001644704594909539 0
0.01814828755706688 0.001899510076130409 0
0.01843605609428644 0.002172273422241743 0
0.01871112948155784 0.002457863633582275 0
0.01897634445952948 0.002752647319256682 0
0.01923413318684644 0.003053955477857992 0
0.01945011381817888 0.003315074583506424 0
0.01960232634796146 0.003502611992966196 0
0.01971070110492173 0.003637673013352748 0
0.01980756516780969 0.003772091223418661 0
0.01988285707042784 0.0038710359725559 0
0.01995426497072574 0.003940046817459668 0
0.02004365806285484 0.003981508991727173 0
0.02014474985843386 0.00399493767422253 0
0.02024696741975836 0.004003816220376312 0
0.02036862431954537 0.004002423558914303 0
0.0205303707551926 0.004 0
0.02074240061128297 0.004 0
0.02104224189024157 0.004 0
0.02143110659362043 0.004 0
0.02182765030491761 0.004 0
0.02222419401842735 0.004 0
0.02262073773210136 0.004 0
0.02301728144533389 0.004 0
0.02341382515672862 0.004000000000000001 0
0.02381036886737899 0.004 0
0.024206912577901 0.004 0
0.02460345628905702 0.004 0
0.025 0.004388888888888079 0
0.025 0.004777777777775989 0
0.025 0.005166666666663899 0
0.025 0.005555555555551809 0
0.025 0.00594444444443938 0
0.025 0.006333333333327292 0
0.025 0.006722222222214864 0
0.025 0.007111111111102775 0
0.025 0.007499999999990684 0
0.025 0.007888888888880834 0
0.025 0.008277777777771151 0
0.025 0.008666666666660792 0
0.025 0.009055555555551112 0
0.025 0.009444444444440075 0
0.025 0.009833333333330392 0
0.025 0.01022222222222003 0
0.025 0.01061111111111036 0
0.02460083446775215 0.011 0
0.02420166893353069 0.011 0
0.02380250340113469 0.011 0
0.02340333786829811 0.011 0
0.02300417233454686 0.011 0
0.02260500680153219 0.011 0
0.02220584126883538 0.011 0
0.02180667573624034 0.011 0
0.0214075102043358 0.011 0
0.02102051446219407 0.011 0
0.02072907013663264 0.011 0
0.02052125938586806 0.011 0
0.02036254374675684 0.01100267730814822 0
0.02024236382300908 0.01100357897186603 0
0.02013899660545769 0.01099453064961751 0
0.02003819635231608 0.010980059504962 0
0.01994918766798264 0.01093630677530968 0
0.01987808329945086 0.01086535615962525 0
0.01980098131436463 0.01076282026381344 0
0.01970246869137938 0.01062712514648135 0
0.01958984490865202 0.01048713881280137 0
0.01943060872923874 0.01029127288234225 0
0.01920485436851592 0.01001913868042598 0
0.01894458886413928 0.009716502433323587 0
0.01867651584363047 0.009420770131798548 0
0.01839812259131044 0.009134750268015199 0
0.01810645915817003 0.008862308307598859 0
0.0177981039964387 0.008608973991952153 0
0.01746935322055182 0.008382857801603423 0
0.01711708920222988 0.008195735579610107 0
0.01678707374358639 0.008075603887132585 0
0.01649060748422222 0.008015224937847168 0
0.01620795921805299 0.008000469302988223 0
0.01592455611141035 0.008027836750135622 0
0.01562716707574698 0.00810150828279377 0
0.01529235214106029 0.008238150276166216 0
0.01494619573322298 0.008436418987910402 0
0.01462285166338679 0.008670237115356239 0
0.01431900436911727 0.008928982880654862 0
0.01403098317365517 0.009205285323203891 0
0.01375545810312101 0.009494075617938198 0
0.01348958146183021 0.009791786888597543 0
0.01323092787981119 0.01009580296989248 0
0.01297739623649987 0.01040410833387509 0
0.01272711376616664 0.01071505996088329 0
0.01247835059764544 0.01102722963940625 0
0.01222944304106474 0.01133928420116252 0
0.01197872126731054 0.0116498817023198 0
0.0117244364148321 0.01195756602715746 0
0.01146468222485928 0.01226064192047715 0
0.01119730699428943 0.01255700713413993 0
0.01091981542447151 0.01284390605739231 0
0.01062927193510891 0.01311754887295906 0
0.01032227337036937 0.01337253267366359 0
0.009995195554922927 0.01360107080279498 0
0.009649654218576845 0.01378950668548211 0
0.00933498094948618 0.01391038112194438 0
0.009046185336981916 0.01397693124723904 0
0.008772539311491436 0.01399986055244067 0
0.008496926699659678 0.01398315646770718 0
0.00820633702096756 0.01392253609022987 0
0.007881893057472215 0.01380380986845351 0
0.007529828515578854 0.01361663943683007 0
0.007201131352311199 0.01339044499798319 0
0.006892820646886052 0.01313705637580405 0
0.006601192797939692 0.01286457622943758 0
0.006322827422731471 0.01257852915639135 0
0.00605477596970685 0.01228277725254893 0
0.005794526594148414 0.01198012708720219 0
0.005568544390125018 0.01170769433216878 0
0.005409117797107795 0.01151157572481692 0
0.005296317407380199 0.01137133522357584 0
0.005197649907497231 0.01123524870408572 0
0.005120712877514786 0.01113320149773435 0
0.005049377624292212 0.01106261840489969 0
0.00496007390753069 0.01101946942848285 0
0.004858943918125319 0.01100532305170399 0
0.00475588705389063 0.01099632717070663 0
0.004635143566312944 0.01099741894386934 0
0.00447698855565738 0.011 0
0.004267502564505823 0.011 0
0.003974934670993082 0.011 0
0.00359248976687618 0.011 0
0.003193324237107437 0.011 0
0.002794158707592313 0.011 0
0.002394993177989282 0.011 0
0.001995827648544299 0.011 0
0.001596662119035214 0.011 0
0.001197496589234992 0.011 0
0.0007983310594808229 0.011 0
0.0003991655296989889 0.011 0
0 0.01061111111111205 0
0 0.01022222222222437 0
0 0.009833333333336381 0
0 0.009444444444448735 0
0 0.00905555555556075 0
0 0.008666666666673104 0
0 0.008277777777785119 0
0 0.007888888888897437 0
0 0.00750000000000932 0
0 0.007111111111119301 0
0 0.006722222222229716 0
0 0.006333333333339321 0
0 0.005944444444449944 0
0 0.005555555555559549 0
0 0.005166666666670172 0
0 0.004777777777779776 0
0 0.004388888888890192 0
0.0196554673096658 0.003788799496332592 0
0.004701880490780267 0.01089529668015034 0
0.02030696842401342 0.004103126430391767 0
0.005352066926768779 0.01121969064630519 0
0.005052440096239405 0.01096698027694333 0
0.01995228702015178 0.004034003118739284 0
0.01671618566137248 0.007789935761894723 0
0.008223917699204261 0.007184976073303661 0
0.006183872500249107 0.00595754573650803 0
0.01884839198581129 0.009004148105418084 0
0.01414231030118543 0.002583773367402527 0
0.003798650881801001 0.01076177555708536 0
0.01891215378456046 0.003095883166252067 0
0.01109757524307876 0.01217624843322961 0
0.02119055853826707 0.004294756287593958 0
0.006450797572279676 0.0122100555417158 0
0.0157283970025098 0.007815762064851397 0
0.00714742314939861 0.006768710660021758 0
0.009251724027295839 0.007192527897814498 0
0.01790346134658714 0.008247117116362673 0
0.02469856815225139 0.007678007415859624 0
0.0003365657072583577 0.007305813810868114 0
0.003378568382719338 0.004303662525744444 0
0.01951969449651901 0.009987663385707689 0
0.01315758576188735 0.003737735918755488 0
0.004344135307855595 0.004200712370316724 0
0.01204546934928675 0.01092985488943428 0
0.02161037791369345 0.01062068989801749 0
0.008889504963440934 0.01375141149012045 0
0.00545123297410405 0.004968762601515611 0
0.01662260687332395 0.001313067140517541 0
0.002590192772317532 0.0106716500210952 0
0.02242290277646118 0.00434924646954771 0
0.01213614437385565 0.004983847922463981 0
0.01039843434361457 0.006737507026956799 0
0.02043986452646732 0.01088057927076208 0
0.01130522036791029 0.005854246853446161 0
0.01286349660318761 0.01004870655770087 0
0.01456013189712685 0.008254565905574603 0
0.002181215938990589 0.004343718657661852 0
0.0003470952858062259 0.008528663116738201 0
0.02467231793000031 0.008846515584331171 0
0.02466321234297386 0.006527777777771086 0
0.01360014876501642 0.009132324374557769 0
0.01776042408154448 0.002058334776436748 0
0.004799884573576224 0.004101041777343006 0
0.02281065055093977 0.01064408334506713 0
0.0003265570344569016 0.006157758716907027 0
0.007597524294299517 0.01324156634170466 0
0.00996216100351428 0.01320547092558997 0
0.01527987081832769 0.001627197767596205 0
0.001407371072294248 0.01066059094528303 0
0.02361400710875099 0.004343777154887194 0
0.01985034632960061 0.01062895744632918 0
0.005139502559971205 0.004358770692001599 0
0.02090229340027736 0.01078178523741782 0
0.02063638568323778 0.004161857743729154 0
0.004378683056124077 0.01084414930253546 0
0.005642127773726848 0.01148450836929995 0
0.01936586208553359 0.003529574705568401 0
0.02466321234297372 0.005361111111107874 0
0.000371315730344509 0.009642391506189339 0
0.02361805676042262 0.01061994447967138 0
0.001386659933651157 0.004343723869687039 0
0.0126225196130651 0.004387408618381146 0
0.0003291689790377308 0.005316681033888003 0
0.0246462520409827 0.009633986144274064 0
0.01158742761711789 0.01158279416083094 0
0.01362845413248983 0.003158498733635822 0
0.01832627092374603 0.002553282795151281 0
0.01053994136037443 0.01276768644596465 0
0.006982969989262179 0.0127482714443651 0
0.02011015560229591 0.01088693715416454 0
0.01469371431749707 0.002050949443400595 0
0.008139426628611973 0.01357877067361018 0
0.01587957185256837 0.001285084369871687 0
0.01716877973672297 0.001624349127750595 0
0.004998573800523445 0.004151833404790306 0
0.00939010236027917 0.01359437960100807 0
0.02440513834737738 0.01062399330632713 0
0.0006407790395599003 0.0106239275568731 0
0.02438927954763321 0.00433375508597218 0
0.0006109931180547334 0.004333890753742716 0
0.01986091109579288 0.003971876065523794 0
0.01985471798708476 0.004083998029377033 0
0.01994814599954622 0.00415008852702236 0
0.01983901292763504 0.004205196469070773 0
0.01994663818327605 0.00428247480999204 0
0.01982055866906191 0.004342088424558459 0
0.01994516115146497 0.004427587561203571 0
0.01980246602733409 0.00449616827630282 0
0.01994034760439072 0.004588973551497954 0
0.01978211373613975 0.004668250884811106 0
0.01993666657108854 0.004771809518910288 0
0.01976353918709862 0.004859804546091043 0
0.01993320757008971 0.004977434954210738 0
0.01960100473409121 0.004739777019413936 0
0.01957265650232344 0.004949131787402043 0
0.01939308587725713 0.004812020294837805 0
0.01936201743400126 0.005046313171908261 0
0.01916785207604885 0.004895499102834948 0
0.01913481610754252 0.005147948770040668 0
0.01892825108892639 0.004986923610170673 0
0.01889369631767283 0.005252908670522842 0
0.01867804793116768 0.005086102284170197 0
0.01909680694969519 0.005429423435982989 0
0.01864129941922196 0.005360419052963836 0
0.01842043452497136 0.005190239371562493 0
0.0183830778741978 0.005468926960517161 0
0.018159079485637 0.005296381013364816 0
0.01812118165095272 0.005578056651822045 0
0.01789270155195014 0.005405247636497965 0
0.01834899789102437 0.005751039477395668 0
0.01793262712823867 0.005116997591501572 0
0.01765932409384639 0.005228051391398863 0
0.01770073785098556 0.004932014410697519 0
0.01742271529747387 0.005045384785600597 0
0.0173830330329454 0.00534421443872237 0
0.01714319198276581 0.005160887960598442 0
0.01718172410669576 0.004858155966893567 0
0.01689214468150414 0.004977044275411583 0
0.0169363418791893 0.004662943746411899 0
0.01664309482585054 0.004785357850182342 0
0.01660053898202334 0.005101496230620645 0
0.01634936229169887 0.004911866746531421 0
0.01668082253477652 0.0044692066505412 0
0.01630853040749553 0.005227115709970065 0
0.01605267116422528 0.005035615634905216 0
0.01601172445288249 0.005354065399843914 0
0.01575577545074767 0.005167400762551506 0
0.01571176856026952 0.005484751363509636 0
0.01544954435359221 0.005284619403601583 0
0.01540732719877013 0.005616245005545471 0
0.01808381748366201 0.005862789884708585 0
0.01831625326354016 0.00603897824342025 0
0.01578388834328089 0.004871175752058445 0
0.01514283214482488 0.005423970953964273 0
0.01509890426223626 0.00575318960240427 0
0.0162709905668437 0.005539302318231021 0
0.01804578601278823 0.006153727173561298 0
0.01482805018475567 0.005562806397777336 0
0.01478084468049474 0.005894887004511775 0
0.01828365294899006 0.006332289912557949 0
0.01971276499942577 0.004253627060911925 0
0.01450293564486079 0.005701219672438133 0
0.01445256435722971 0.006040757305994818 0
0.01486775863288461 0.005208307654876287 0
0.01698340182190321 0.004344268818816669 0
0.01672140110538545 0.004144898843062557 0
0.01800771772618365 0.006450050241775308 0
0.0189867408195836 0.00474236861972583 0
0.01537231017941369 0.005950039806314041 0
0.014161481478869 0.005823680350363351 0
0.01411566006216988 0.006184359047691904 0
0.01825130739478538 0.006635557116078519 0
0.01852211865880861 0.006531379804059583 0
0.01849839604968663 0.006827526069416394 0
0.01877489348428968 0.00671987569774744 0
0.01874978975498435 0.007017072711660106 0
0.01904602670777113 0.006885927147248471 0
0.01900640185867774 0.007204547617365095 0
0.01930692523160103 0.007070567206171898 0
0.01926540390119175 0.00739836342635774 0
0.01956306251448268 0.007267737456315835 0
0.01961266949161081 0.006933195053363668 0
0.01985886761058635 0.007136172050157603 0
0.01982439137142408 0.007458719646272473 0
0.02012290373638559 0.007327070176667138 0
0.02015799601568264 0.007001570649899266 0
0.02042198636207773 0.007194006566097884 0
0.02045263433307038 0.006867587167328483 0
0.02072115060170957 0.007057780273572172 0
0.0206892465164615 0.007389630738574585 0
0.02099489087579764 0.007250995773749601 0
0.02096107180412562 0.007587461207272039 0
0.02127201416096261 0.007448636131530334 0
0.02130446308719196 0.007106495470980404 0
0.02158595254581328 0.00730664656933402 0
0.02154566226764386 0.007654734551387797 0
0.02161859629953721 0.006958071434018724 0
0.02190407644336503 0.00716521588480406 0
0.02193773622346034 0.006804578446245747 0
0.02223010872959331 0.00701906073060909 0
0.02226350328245803 0.006651705036326418 0
0.02164195336367845 0.006596018106446957 0
0.02256134863849114 0.006866130187593504 0
0.02252339369424458 0.007233219657459023 0
0.02259598668808253 0.00650327065481969 0
0.02012188679019883 0.004876503486735877 0
0.02012205744151623 0.005107477230612146 0
0.01703031787698118 0.004019239729865033 0
0.01676713863455083 0.003812981673277748 0
0.0138198705847316 0.005960379447823117 0
0.01377417156645976 0.006330663909456942 0
0.02285936053116144 0.007078416091937301 0
0.02282162732009413 0.007446369905052597 0
0.0144206284948464 0.006385511826661933 0
0.01347273013188339 0.006105498995277328 0
0.01342710172432602 0.006484127621988262 0
0.01777119808434668 0.00626725936294624 0
0.01772920808125326 0.006563737786788188 0
0.01749269115734768 0.006379306344142036 0
0.01645395424102606 0.00394309679626783 0
0.01650012882706359 0.003606098233719767 0
0.01618452527782865 0.003737008452379199 0
0.01622701421074851 0.003393852612673562 0
0.01590290198279425 0.00352963977780328 0
0.01681825691930249 0.003478974480300466 0
0.01387682441535128 0.00553410596032643 0
0.01312009926041351 0.006253137344965717 0
0.01307313602199804 0.006635365781898133 0
0.01338414478601151 0.006866288993346845 0
0.01302792589434552 0.007020268775421493 0
0.01745900408044348 0.006664958582838412 0
0.01721699512252237 0.006489106394158363 0
0.01594881464007818 0.003179034519997199 0
0.01562150484866323 0.003315519939971021 0
0.01906804635471885 0.006538515261638257 0
0.01271619727744962 0.006786780938981751 0
0.0126684948860091 0.007173587928102628 0
0.01298305282560915 0.007408206991701301 0
0.01262276861130059 0.007563723898276074 0
0.01230768733954731 0.007327577286817161 0
0.01226152356798582 0.007718961106260102 0
0.0119463481251589 0.007483504192544211 0
0.01190050781626285 0.007874824744117848 0
0.01221427188385868 0.008110101741395663 0
0.01185377356370798 0.008263021410908677 0
0.01154250514971748 0.008031654083850157 0
0.01149979405119167 0.008412660910325257 0
0.01120598486799141 0.008187147310050606 0
0.01114714833431204 0.008545948196813985 0
0.01084197860155704 0.008321382949683534 0
0.01079969480285701 0.00868592164155044 0
0.0105150442190636 0.008501443191193196 0
0.01046875016428604 0.00883553929127372 0
0.01018814993630163 0.008634963357310068 0
0.01014423253347578 0.008978505147332267 0
0.009867486266144098 0.008775910629998189 0
0.009824211134025419 0.009113321530875518 0
0.009549130383257595 0.008916523318433463 0
0.009518377152924815 0.009248072834259467 0
0.00923781535218372 0.009053418377910344 0
0.009226962062457504 0.009378819380086431 0
0.008926890207294995 0.009190397875191632 0
0.008909147813246763 0.009524008399904086 0
0.008616483352373345 0.00933371261483152 0
0.008577451491694645 0.009664127301564653 0
0.00830708425177383 0.009474536668498517 0
0.008888100692599699 0.009856534141451443 0
0.008264240138691733 0.009786878563733616 0
0.008017754295275133 0.009597199852781993 0
0.008054338296647383 0.009303722542458866 0
0.007783733586929404 0.009426421109441703 0
0.007748038231533756 0.009703469211986553 0
0.007530409572952776 0.009540588923280552 0
0.007495491819785692 0.009804238595222023 0
0.007287230331028891 0.009645020956044336 0
0.007315109978607297 0.009390989243874609 0
0.007074922608097873 0.009494734634144743 0
0.007252382221599354 0.009903048791250445 0
0.007458101992408991 0.01006625867944416 0
0.00710924190708544 0.009232635713572777 0
0.006859736104604079 0.009341985126299138 0
0.006896352629191448 0.009067966481315293 0
0.006641206822268615 0.009177379105951797 0
0.00660696295793883 0.009456427326249024 0
0.006380497682747662 0.009296716933976108 0
0.006405357492914406 0.009003760274180162 0
0.006133278986183984 0.009130193275276283 0
0.006153971425602945 0.008821152925877202 0
0.005867118742813214 0.008952329358007674 0
0.005898147287802196 0.008637125691769698 0
0.00559907145954674 0.00876805819519799 0
0.005646235869715519 0.008392192637642742 0
0.005325550443820778 0.00857534731991756 0
0.005349387089444483 0.008238624375898779 0
0.005039860722381859 0.008387805604238229 0
0.005066257709186129 0.008038705797765975 0
0.004749959226817957 0.008186796901579798 0
0.004779993237791418 0.007835886313483392 0
0.004465868011603014 0.007976658763682731 0
0.004491779585265589 0.007629837293460045 0
0.004174035370654616 0.007772515755386066 0
0.006362757373543558 0.009577264992274855 0
0.00419856751398188 0.007424059959742197 0
0.003872342410863109 0.007576385345075639 0
0.007209492503612349 0.01016653621570724 0
0.007425175311343285 0.01033875714737024 0
0.005305917062461103 0.008914524295167182 0
0.003875217234391776 0.007928168679329493 0
0.003547934338696137 0.007730976625819949 0
0.00357369453500175 0.007370161451489806 0
0.009825675299905089 0.009432967041385418 0
0.003242242297954331 0.007524137839515233 0
0.003232621443384483 0.007894185007355836 0
0.003273835962265662 0.0071567119910648 0
0.007169765966458391 0.0104447452314964 0
0.007390976762007876 0.01062234716659461 0
0.002936941385010009 0.007316197608451584 0
0.002968964512715241 0.006943964160659864 0
0.003307524067739817 0.006786249481394533 0
0.007150001213921423 0.008961006211420023 0
0.01077975782965094 0.009043909588811691 0
0.00300108312258148 0.006568053501093392 0
0.002661142938634461 0.006729496960839621 0
0.003341927057373292 0.006413980932935194 0
0.005354747454876496 0.007912727370567533 0
0.004523671795646517 0.00727400229842933 0
0.006178823878717469 0.008533288638206163 0
0.008962284434190159 0.008856595135945781 0
0.002691771733056917 0.006350454943004563 0
0.002351784736916246 0.006514242639428151 0
0.007119258810387365 0.01072803072059701 0
0.007354563935738873 0.0109169271579954 0
0.007636369180308288 0.01080192344113941 0
0.007600321816297319 0.01111464041753044 0
0.007905247107479535 0.0109837463866127 0
0.007859664991583051 0.01131715320198912 0
0.008176444591009139 0.01118107142996672 0
0.008129749936990564 0.01152519208233958 0
0.008445989267502313 0.01139247294020649 0
0.008402968581124749 0.01173818481388058 0
0.008726034167957974 0.0116019904896574 0
0.006893790359214001 0.01054519759675753 0
0.00684794596319469 0.01082914940868936 0
0.006627643066777184 0.01065656043517033 0
0.008682671449157015 0.01195198485523058 0
0.009009558887254463 0.01181414420759963 0
0.009052590236004358 0.01146119498019574 0
0.009339703870485563 0.01167549673250219 0
0.009382897399212874 0.01131684592360076 0
0.002382634711958217 0.006134751080927521 0
0.01025664162215618 0.008333799079108587 0
0.004732523369178053 0.008543345041096021 0
0.006581280534797403 0.01092302483458759 0
0.00637925415914644 0.01074589303274646 0
0.01180640164304055 0.00864882404419054 0
0.002039123079809811 0.006296411417738759 0
0.002006776067032932 0.006676513368146494 0
0.01768752726778756 0.006854141128840037 0
0.00958839606902912 0.008577347270592761 0
0.002071675847752801 0.005915621247430418 0
0.02018825464078914 0.006676360792705729 0
0.02048085851242147 0.006546636770914439 0
0.02022871165733237 0.006359460708590023 0
0.02050383523350156 0.006241331781440039 0
0.02034079337253377 0.004987100936718915 0
0.002417884060275763 0.00575398373143514 0
0.005849021644639499 0.009261733387254299 0
0.02229445618114473 0.00628904132363796 0
0.02263147014422049 0.006135663555389356 0
0.0223240693887937 0.005918958060069995 0
0.02266415786653168 0.005765395934688443 0
0.02297095331773819 0.005980742538493949 0
0.01627664880323189 0.00304481241658497 0
0.02065221247961988 0.007725647056503855 0
0.02092665445411346 0.007926791584416965 0
0.02061333554059493 0.00806549350326533 0
0.02089136528976307 0.008269357696070076 0
0.02057502085506872 0.008409494202914628 0
0.02085589850684677 0.008615369046250808 0
0.02053635321522131 0.008756952936149446 0
0.02081965263238894 0.008965868911268387 0
0.02114378720902471 0.008821615544733886 0
0.02025532346583073 0.008549041080503578 0
0.009673091677559758 0.01153489824423432 0
0.009717001955232556 0.01117261315663016 0
0.0155760838246061 0.00366916653088223 0
0.01529180919072835 0.003454097538331889 0
0.01524791989229017 0.003810541599045028 0
0.02110659603075748 0.009175161048432691 0
0.02142641395350731 0.009029494936491146 0
0.02078089205587839 0.009318666789174153 0
0.01845962419579777 0.004911146421982624 0
0.008964908904201315 0.01216662289036256 0
0.02315993347209217 0.007291842012479253 0
0.02312266742495265 0.007661077621235998 0
0.02278353105664727 0.007813867062552349 0
0.02308491459504872 0.008030081943769198 0
0.02274562253295417 0.008182107808759538 0
0.02304736083284706 0.008400831547917299 0
0.02007316404602161 0.004509975895620942 0
0.02271645052520069 0.00855428956739286 0
0.02301139621043153 0.008773121995434856 0
0.02267865861421515 0.008927416767543649 0
0.02297416204911386 0.00914764491670169 0
0.02262945916558139 0.009301162246245052 0
0.008637685299113716 0.01230365088618719 0
0.006797924394374323 0.01111287780393989 0
0.01955561597969349 0.005178528352245393 0
0.01895169347135246 0.007520488600154584 0
0.01922583217919271 0.00772848528700729 0
0.008097225236228018 0.01187359929486249 0
0.01717500203977509 0.006802047986674152 0
0.01693393824355553 0.006594643393166004 0
0.006522948293064332 0.01120528447155441 0
0.02337626417911303 0.008247216960385573 0
0.007555297422388856 0.01143410688413561 0
0.01001000370976734 0.01139306504971791 0
0.01005401152398105 0.01102860033787231 0
0.01495970071023484 0.003593944483193879 0
0.01491510264505959 0.003957355581157615 0
0.01599441907017234 0.002824971996160277 0
0.009760517388071871 0.01080914971169386 0
0.01009701833048389 0.01066419518042915 0
0.01039272299500452 0.01088402236060982 0
0.01043536479612729 0.01051712427265037 0
0.01293719447741532 0.007797327085590902 0
0.016329158119962 0.002688500879060399 0
0.01329856133902423 0.007642022760907326 0
0.01316711220484794 0.005873212145116962 0
0.0128122044996485 0.006021432493644154 0
0.020214967027568 0.008897216747160945 0
0.02033676732970349 0.005245029184200914 0
0.0205761978487001 0.005115719249822796 0
0.006415700158603466 0.0104958724528475 0
0.006187947678045582 0.01059334265723536 0
0.02300571905853282 0.005605324718809645 0
0.02331527915899636 0.005823876097772008 0
0.006145417119433512 0.01082563020464898 0
0.005966676864473267 0.01067651164118716 0
0.006010995786079416 0.0104594972250383 0
0.005804970967849003 0.01054382000618905 0
0.005840679841376597 0.01033273261252034 0
0.005643447718517837 0.01041484957447445 0
0.00568070040316245 0.01020201100888748 0
0.005495537855661491 0.01027882489158516 0
0.005518028682009719 0.01006677457194619 0
0.005312294945870859 0.01014511089904756 0
0.005339803150370238 0.009927899905890164 0
0.005124428053601018 0.01000351053680256 0
0.005093690311187291 0.01024739538071573 0
0.004889282472977615 0.01009678326730223 0
0.00491661823230862 0.009828862425035645 0
0.004658648579916687 0.009939535306332343 0
0.005476993854439449 0.01048284309256577 0
0.008495213326727862 0.01102784904735618 0
0.001694013604152169 0.006458522960656558 0
0.001667296112261372 0.006839374166496766 0
0.004688567699088857 0.009637974243198543 0
0.004404631195735762 0.009764659303613228 0
0.01846055445495317 0.007140109375842883 0
0.01072688660300254 0.01072298729383663 0
0.01077544715244732 0.01036591025010398 0
0.01890057261514099 0.007853350584820704 0
0.01123159290808375 0.007807168346923283 0
0.02331760790044198 0.00899308388507678 0
0.02009943518347762 0.005359423135932706 0
0.01917824472613656 0.008067923717431773 0
0.01697917801707281 0.006303374814335135 0
0.01669940052503235 0.006417114881342465 0
0.01665386967256962 0.006705099917795088 0
0.01641847097813216 0.006530426104454919 0
0.01637884607123296 0.00682994894979766 0
0.0161432672039731 0.006661695632441136 0
0.005773619809487658 0.01073790587252662 0
0.02138130915654271 0.009374477334060084 0
0.009626075575290464 0.01189112653412102 0
0.02327962113976487 0.009371070851380978 0
0.01199311253746597 0.007091412855859867 0
0.02235799591137674 0.005550183978298906 0
0.02202070384398268 0.005703735575132252 0
0.02205188065577164 0.005343922216007987 0
0.02171976116793585 0.005491454854885234 0
0.00891938728608725 0.01251841772083593 0
0.0153366555679616 0.003099187385771348 0
0.0224230770294862 0.008324654296324709 0
0.002112590911072346 0.00551226262501564 0
0.001757219326979056 0.005691885360280272 0
0.002470705743712232 0.005348961413916262 0
0.004437261242651233 0.009443320744121049 0
0.004133320218726194 0.0095684253468322 0
0.004162863066380943 0.009238530729528115 0
0.003856000400154071 0.009360201521336171 0
0.001975237066949792 0.007056797602143188 0
0.001637734606886214 0.007219756217331023 0
0.001943135522972659 0.007436590973162942 0
0.001607917336733342 0.007599573432465854 0
0.001911179468373396 0.007815995663418715 0
0.001567858880441428 0.007978768457043171 0
0.001882300575406617 0.008198403481801375 0
0.001534597049014361 0.008359960782708259 0
0.001850050966338949 0.008579264272122878 0
0.001501700803438517 0.008742304981168236 0
0.001817575282820141 0.008961193819384235 0
0.002165187398560366 0.008798147206439079 0
0.002133506154258074 0.009179033374335351 0
0.002468800314148423 0.009030841262259576 0
0.001786095490415933 0.009343782624214656 0
0.002445925635642475 0.009398010245558044 0
0.005743460582332223 0.009977454797817475 0
0.002770147946737716 0.005588471479121883 0
0.01462461069343921 0.003735658544834113 0
0.0145790461151119 0.004104778480238352 0
0.02346265275229218 0.007508864547163202 0
0.02349943497450769 0.007135917024026178 0
0.00602121590975417 0.0102828746713921 0
0.003645378588910284 0.006630067388124599 0
0.003677875450505986 0.006263272055685856 0
0.00397297478454216 0.006476273855397539 0
0.004005126963977171 0.006116741909114653 0
0.004301065847226422 0.006329132164925975 0
0.004318369637291907 0.005969564584988292 0
0.004601187996833673 0.006186349476884894 0
0.004037481002619474 0.00575944388474218 0
0.004346981920441664 0.005611618923858597 0
0.004073071986772842 0.005405584523387394 0
0.004379781913118624 0.005259608907475923 0
0.004108222813696561 0.005065423849888678 0
0.01609680334548913 0.00695144900903242 0
0.01585386908656058 0.006763965889399238 0
0.003788877942095332 0.005201154406052217 0
0.01857850523418571 0.005922323223399217 0
0.003882444905099891 0.009026219881631371 0
0.01604079951302212 0.002465472459756314 0
0.01728421825307484 0.004225326719046224 0
0.01733829870072005 0.003896425060305529 0
0.01758102240251157 0.004109799461224168 0
0.01764482890777918 0.003773180322509259 0
0.01789411899329905 0.003983378551559637 0
0.0069294662042617 0.008785648089635362 0
0.007196308164265627 0.008676501259691669 0
0.006964860891715484 0.008494548739386005 0
0.007240317598648934 0.008382039997028475 0
0.007001000993244208 0.008195267496518884 0
0.007284302198469917 0.008080352781470396 0
0.007521864147773394 0.008271249126065803 0
0.007039874565900247 0.007884830600987268 0
0.007593099668165128 0.007973116879879907 0
0.007812159561726642 0.008165104407289604 0
0.006580972181512627 0.009726754828902104 0
0.01795889121385814 0.00365061930513262 0
0.01822070065468586 0.00385802411493526 0
0.01769350276066312 0.003433848184795966 0
0.02056896090830666 0.005390476899683054 0
0.004871682522737986 0.01033949281457358 0
0.02334989208083239 0.005445155337618696 0
0.008592709602265037 0.01265479054274274 0
0.01993374796669977 0.008688696644491118 0
0.001297312564841081 0.006645833114112822 0
0.01710417758420199 0.005462185593041 0
0.004383754691697309 0.01009011693967694 0
0.003796614838458217 0.009646270497625365 0
0.02147070098240165 0.00867316320603214 0
0.01989319101334513 0.0090374649612754 0
0.01073051106860124 0.01110966308179745 0
0.004673800821505575 0.005467619895394463 0
0.005037703305895862 0.01047171662837848 0
0.003568730670586784 0.009150683289792237 0
0.007759439052324468 0.008514516789538589 0
0.008049935008046944 0.008359389430764424 0
0.008099280054733692 0.008057687441620954 0
0.00833397902896217 0.008241547641215922 0
0.008391527608699958 0.007958291406301925 0
0.00862125864663545 0.008129594397272523 0
0.02362772642383108 0.00921461461129325 0
0.01637751917322248 0.002326148929830125 0
0.01666814215135893 0.002552575906808872 0
0.014285097033557 0.003878795790076116 0
0.0142399944903214 0.004248871734996493 0
0.02083131795983758 0.0052595363477143 0
0.02082119423263216 0.005555791196526845 0
0.004402403817747832 0.004923505308435022 0
0.01325244880244617 0.008034203343573415 0
0.007933099576159099 0.01066400921718441 0
0.006753604632252042 0.01140986981017447 0
0.01106914103507514 0.01057315196423289 0
0.01111845038508509 0.01020966177937904 0
0.008680574751988499 0.007849813986158825 0
0.008911073299663907 0.008021592011770856 0
0.02359355945337027 0.009590753689537971 0
0.009803291327500095 0.01044747696184518 0
0.009470252185513993 0.0105907591327584 0
0.02366172602110677 0.005665045048316053 0
0.0236238404295951 0.006041183145582398 0
0.02304634691835697 0.005248511649594099 0
0.02056748540042378 0.004834532971983918 0
0.01047378650393178 0.01014326675690068 0
0.001270558542291804 0.007799148118217545 0
0.01665921161657549 0.007010893144686475 0
0.02369687579011305 0.005283699416541548 0
0.002550218974362723 0.008664144807741902 0
0.0161461969723591 0.00634530806256563 0
0.003599432117900131 0.008805912198313488 0
0.02076699504737827 0.006412231027411975 0
0.02175469885552492 0.005137375000724052 0
0.01361439579811986 0.007876506709613191 0
0.001789486687238326 0.005310706897132985 0
0.001438353133092909 0.005473442389767446 0
0.01974939703747323 0.004015186174648849 0
0.002815187408174285 0.005207806315962769 0
0.01944711613116553 0.004598191513174609 0
0.01580592637231883 0.007059056249252112 0
0.01556187180109022 0.006859088842635943 0
0.01997855630713612 0.008347726835781 0
0.008307852561843312 0.008538914705528354 0
0.006743518528444186 0.008007256476418511 0
0.006784339317599065 0.007684903271762388 0
0.006473378903747467 0.007811687432734007 0
0.006516830348707062 0.007473328997136692 0
0.01813235621424299 0.004184189780277659 0
0.01845188468621057 0.004058391918014511 0
0.0155214514782752 0.007191209118310525 0
0.01525965643867331 0.006991783046964981 0
0.01522629123325671 0.007335242905091705 0
0.01494411868944923 0.007119484228825852 0
0.006196024086149146 0.007604573189613117 0
0.006238530123603002 0.007261328959757993 0
0.01520653799229881 0.004172081711231995 0
0.01286280022069576 0.005642512365105567 0
0.01250529561038303 0.005792280481548958 0
0.01604282160966658 0.007274803608665524 0
0.02325429992837897 0.009726180370974091 0
0.02397329897871574 0.005886601157517914 0
0.008873778745969393 0.01287024537436489 0
0.009202837845823325 0.01273317406931645 0
0.01467507093276542 0.003384816586523158 0
0.01753679968743381 0.00608546728865125 0
0.00708600797167715 0.007549949809993866 0
0.02025742933003499 0.006058368139063787 0
0.01998561229912293 0.00617667172418796 0
0.01613974394328978 0.004080473267375447 0
0.004145541939655998 0.004749330482164845 0
0.01887176836744696 0.008224331235800608 0
0.0238050287805975 0.007354769506398038 0
0.023839825089827 0.006982007575966939 0
0.00591507850786681 0.007393776976492543 0
0.005961217570393905 0.0070418232399837 0
0.005631102165663919 0.007178787087881151 0
0.005676789902808599 0.006822187582050412 0
0.006273647147628755 0.00692007241719005 0
0.005362469495308258 0.006962948543498646 0
0.005410436659543721 0.006603524821124519 0
0.01674122511746806 0.006117365176205093 0
0.0217411450731116 0.008903585939115581 0
0.007815112803134034 0.009151148850334908 0
0.01961849654471947 0.008829421453424595 0
0.01490557465038913 0.007458032400719746 0
0.01462374139269181 0.007249080902444262 0
0.009513269384523869 0.01023216026466087 0
0.01142197199600477 0.01043806221697082 0
0.01146661074657587 0.01006100671861137 0
0.01181831961187858 0.01027635315790146 0
0.01181701243624508 0.009888043690236518 0
0.01150918426874118 0.009677865870260169 0
0.01186848497197802 0.00954057238913443 0
0.004852648405621199 0.01054816338367602 0
0.01608628735720109 0.002102260565294371 0
0.01575052425915119 0.002243935005752152 0
0.003912462320894297 0.008666865759065502 0
0.01801738073794415 0.003309204234663066 0
0.01778095907551152 0.003067325041975725 0
0.0153020948684737 0.006640788064581912 0
0.02169067663236379 0.005852560981493385 0
0.01394161346197787 0.004022603130932035 0
0.01389753968933463 0.004393789300822257 0
0.01419629618952088 0.00461876586991796 0
0.01385513894455032 0.004765013325194054 0
0.01355206630871356 0.004542363254693847 0
0.0135231735244896 0.004930610294928768 0
0.004977305385569494 0.00956153408545948 0
0.018589106617968 0.007989801161799686 0
0.005083391901300992 0.006756715538064998 0
0.0195863334223548 0.009182149127997396 0
0.01985303063580081 0.009383291772925875 0
0.001185973004038045 0.008522595384550757 0
0.001152865325359055 0.0089065367575809 0
0.00646243100186137 0.01150663603347933 0
0.006264279059582482 0.01127725232719935 0
0.01852670674774553 0.003759287970703048 0
0.01875171831685269 0.003957437267127241 0
0.01163126144888614 0.007250626038122573 0
0.01167906360845772 0.006857215397251293 0
0.01131617004168469 0.007014086676046509 0
0.01356948895799485 0.008268754989301148 0
0.01317789886808636 0.00846108842585316 0
0.004676346055932607 0.01043871409706553 0
0.02004947160752377 0.004218122510743435 0
0.003377977811447775 0.006036954318259164 0
0.003285630552404866 0.008951451687964225 0
0.00332185975976278 0.009309855515955453 0
0.002256725143514799 0.007653223141254879 0
0.005008231403711785 0.01067405601256047 0
0.008311059408363047 0.01243936204949542 0
0.008265580765753533 0.01279356939072215 0
0.008009195699930936 0.01256427704816131 0
0.01204384978854493 0.006705588929393164 0
0.01365970420400881 0.007487288926492052 0
0.01396136857866323 0.007737901025911382 0
0.009096306190383626 0.01109701495775357 0
0.006345169370480451 0.00984031151199919 0
0.006547385401382196 0.009993410602204758 0
0.006112960361143977 0.009696943830456457 0
0.02239026227962686 0.005201082009624224 0
0.001407320908072608 0.005857975698051751 0
0.001087335197507948 0.005638005392799097 0
0.00115003126951606 0.005262244986045377 0
0.0009911339197843003 0.006047358636076246 0
0.02370908698619953 0.008797030397066995 0
0.02374415175093563 0.007748105490736936 0
0.01134527052705313 0.01084422693284602 0
0.02034374071819648 0.007860489959090411 0
0.0141447327142479 0.004967606197331603 0
0.01155047905956197 0.009301413294315643 0
0.01868429272238633 0.004242507894501612 0
0.01895225231042956 0.004147000819245569 0
0.01902742663193295 0.003893817711523714 0
0.01920229649262391 0.004074809162709832 0
0.02120841340352588 0.008127877252965323 0
0.02414858527759877 0.007196057362179767 0
0.00815757285279636 0.007709986014456974 0
0.02353441420687058 0.006767468289175913 0
0.01671678246536505 0.002186753882719498 0
0.01700851954032724 0.002414899776986914 0
0.01695232947908174 0.002769006929711182 0
0.0239300023123338 0.006257933860312997 0
0.01798564125424765 0.004810105099984628 0
0.008985831289451213 0.007740651228201226 0
0.009209620052392717 0.007924104669441219 0
0.003116239808556796 0.005435750261587915 0
0.003153468539914612 0.005056741734442157 0
0.002807801424650399 0.004861567623403053 0
0.0200146452680575 0.005886869767883906 0
0.0197467410455256 0.006000931726052711 0
0.01971285488326491 0.006293811591291193 0
0.01947637425046392 0.006115404176454495 0
0.01977618107270399 0.005717052313481946 0
0.003300813325849918 0.008601605137019028 0
0.02394160777703736 0.009438245794583381 0
0.02390697928698328 0.009816859589712613 0
0.01947403566527113 0.0079351737550113 0
0.009186251958989356 0.0103797113331906 0
0.02110505300792695 0.005417938583576494 0
0.02106363326207805 0.005096763280598683 0
0.02109867502162613 0.005737244223854253 0
0.00572927377168012 0.006462969647226298 0
0.005459052799168159 0.006241802436946456 0
0.0098444823571802 0.01009120061057676 0
0.0170260303893879 0.006014681281562664 0
0.01678714676548585 0.005821865142198982 0
0.01746249120143261 0.003202055548252459 0
0.007686842382113391 0.01023168121216761 0
0.005145331528708397 0.01103154408578987 0
0.005152591993972658 0.01090013305988619 0
0.005261516351898872 0.0109822768540638 0
0.005268646661261925 0.01083348973318423 0
0.005394806812631579 0.01091918428076984 0
0.005166354815169886 0.01059368233887978 0
0.01216246060313169 0.009734172791145877 0
0.01222601762529347 0.009315781061800449 0
0.01729751586256351 0.002644284477204643 0
0.02180397676827826 0.008518948423976484 0
0.008722378510637119 0.007525294983331553 0
0.004425736757041363 0.00463206817188223 0
0.004655000126041833 0.004785932683645184 0
0.004677581383803955 0.004520580447930209 0
0.004877134056270396 0.00464281868886922 0
0.004892963238640736 0.004904017976296497 0
0.0113679147462301 0.006626744064754153 0
0.009124830712058007 0.008219068015258808 0
0.004268080730894012 0.006697635250572789 0
0.004455783894859385 0.009090018233485658 0
0.004951881984416138 0.01091952631939541 0
0.019143112474773 0.008433191916740789 0
0.00942990463458206 0.008113412190194453 0
0.009499061242507316 0.007797746254721931 0
0.01914030482632957 0.004298884507304613 0
0.005353592420327175 0.007310507793747693 0
0.01854930351966491 0.008376026267574686 0
0.006797495581573189 0.009873852433121536 0
0.007415342170224476 0.008858376317186493 0
0.01774536705733299 0.004632613573400539 0
0.01403502544608025 0.007334544720298309 0
0.006165441553468863 0.00793854776673805 0
0.008063543856111553 0.00899427461550042 0
0.005418235309960152 0.01076422988612716 0
0.01456288403902595 0.007631603791938458 0
0.01245524610463435 0.006173016167432775 0
0.01214416143266646 0.005937945220541261 0
0.01935941434511498 0.004240179325211695 0
0.01944626319412033 0.00403905075793645 0
0.01320284197972144 0.004692961259258136 0
0.009736758019731197 0.007989396431807424 0
0.009799239772176746 0.007679761612991034 0
0.01321499786599275 0.005494640959820405 0
0.01290430143891008 0.005284761802486111 0
0.004684809369968819 0.01065272568458869 0
0.00449699591217965 0.01053753554598521 0
0.006713569862641192 0.01171524986301131 0
0.01120906941080916 0.009468913848557905 0
0.006171648861425641 0.01157959551458618 0
0.007004735623766232 0.01161833593161866 0
0.006971164106913903 0.01194420339835364 0
0.01580403873399856 0.001889946613445053 0
0.01613847410032935 0.001761450164423358 0
0.01519196388931999 0.007661468837163594 0
0.01399233903005449 0.003660974495567776 0
0.00669877123941604 0.008609240050221486 0
0.02234872016463217 0.009059426606248578 0
0.02230229389070867 0.009453222418016712 0
0.02258754292280481 0.009677805590342571 0
0.02225850351477875 0.00983452747409579 0
0.0225962991922903 0.01003920971237117 0
0.02223478694421828 0.01027100274973877 0
0.02188080836018032 0.009967584620323737 0
0.01734829107499937 0.005635712207412061 0
0.01650149790778259 0.005970641059773436 0
0.009150850474775117 0.01307889479676078 0
0.00882611533635216 0.01322190044210173 0
0.02027844376870853 0.005775469930294691 0
0.02422655081764598 0.006094707695077111 0
0.006743537062896531 0.0101347045512547 0
0.01101147019501523 0.006772328821995971 0
0.01100481665999435 0.007179692609902037 0
0.0144830468284957 0.004819734019125393 0
0.01466911309998471 0.006896770299776327 0
0.02080271563280972 0.005846330755956939 0
0.02107537566530045 0.006043072973653164 0
0.005537534809923807 0.01084789288618881 0
0.005520094659621575 0.01101001685370463 0
0.007890876381757967 0.007112050079924543 0
0.009469676437087408 0.01293916386015001 0
0.009532765546354894 0.01259158210078109 0
0.02417364058850294 0.00683734690031068 0
0.007269522307073929 0.01183552166762984 0
0.007240729577353578 0.01217776266965052 0
0.00753710401742848 0.01208854778369438 0
0.01702392878150269 0.007871248095264176 0
0.0169219938686653 0.007563692141662232 0
0.01723185051731938 0.007623629015794466 0
0.01663189922693018 0.007502057760617271 0
0.01711234217777432 0.00732386609582307 0
0.01741749751966548 0.007363344251366158 0
0.01755317131583302 0.007662232116822158 0
0.01774296610707455 0.007388212261498836 0
0.01788202740827135 0.007680117024227874 0
0.01325284326072264 0.004326038700076818 0
0.01999429572210508 0.01086743924593961 0
0.02008676679626255 0.01076990148604323 0
0.007470264790808052 0.01242075925666756 0
0.009549597391124418 0.00988417176660389 0
0.01252033517135078 0.009569455012414914 0
0.01257275079769077 0.009209899187985891 0
0.01287855751658525 0.009435810114564505 0
0.01293311339771067 0.009049668141407643 0
0.01264407674816165 0.008779218561812649 0
0.009571242329483044 0.00712004770893303 0
0.009901723444576316 0.007000456901510105 0
0.0007519953635617786 0.005787859932700857 0
0.0180616851943078 0.007430334034086728 0
0.0007729468061414666 0.008636704325735396 0
0.0008761214574310698 0.008285696064401566 0
0.0007875108900769904 0.00906333000139274 0
0.001117912885258098 0.009291048683059128 0
0.006327334696573106 0.01009946777753079 0
0.01120431523420526 0.009103370668558793 0
0.01220261446727934 0.005572148455896965 0
0.01185983356004276 0.005723299584322064 0
0.01181229817609672 0.006098003596995188 0
0.007513976445351704 0.006952156108646062 0
0.007614286242665309 0.007296643047562769 0
0.01601902149733323 0.007779411559268899 0
0.01006632289768274 0.007864264362404271 0
0.01010652630593945 0.007552326873129309 0
0.01039831943803736 0.007751724776771023 0
0.01043750450316034 0.007419321372133178 0
0.01070318109904507 0.007678845321548469 0
0.0196738722350416 0.01025941893756687 0
0.01982936308957298 0.01001367128803005 0
0.0199441124688766 0.01029910605181135 0
0.02010831673054417 0.01005526669143066 0
0.02021885398307593 0.01029964013463634 0
0.02037670465544652 0.01007815126643493 0
0.02048542596463759 0.01032251009036648 0
0.02065095371787215 0.01011075779701353 0
0.0202697259562374 0.009805309344186297 0
0.02075002636128786 0.01034879416240615 0
0.02093804853903183 0.01013101510499966 0
0.02105909185792554 0.01039894026705247 0
0.02124803763906213 0.01015245296602092 0
0.02107660330870463 0.009848029318155765 0
0.02032286408439705 0.01051028792482759 0
0.004204052552561809 0.004439766691886234 0
0.003911019808981541 0.004563911467147767 0
0.00484119792087 0.0108934968105289 0
0.0164247295422156 0.007673464995888541 0
0.01928251412891672 0.009006768612301673 0
0.007829911145697799 0.008856039571935898 0
0.0194402115169367 0.006409827440789403 0
0.01918108766496227 0.006224372079849941 0
0.01924208217879221 0.005931678673338363 0
0.01888277363890865 0.006278613457843331 0
0.005793262497736251 0.01166254840959435 0
0.005896534523203448 0.0114689742004332 0
0.0056967958094659 0.01126107360391781 0
0.005920869662579207 0.0111952531485251 0
0.01952879920718768 0.009534206602535218 0
0.01358575885955239 0.003789974260731775 0
0.005320686280287172 0.004717483525259861 0
0.01736472698186432 0.002263038216750172 0
0.01764235525130432 0.00250922750844242 0
0.02444839488597356 0.007047772740631766 0
0.005679808487892283 0.01092569537065645 0
0.005902854601127394 0.0109266295652916 0
0.005588999357928674 0.01064999109234369 0
0.02146889340857002 0.009908381321158644 0
0.0243227913387073 0.005725383655550369 0
0.005204077115932059 0.0104183928567159 0
0.01824565068978858 0.00775262706354889 0
0.01491807776154085 0.008092743478318112 0
0.02021199762199979 0.01081164098698514 0
0.007198858354821661 0.007192543856830042 0
0.0068286246896398 0.006966855537134817 0
0.006766015105758872 0.006554081425382567 0
0.006459069322297521 0.006224963040281189 0
0.01586459967357862 0.007544322700287033 0
0.0201881929223561 0.004087631359384497 0
0.02023696946395377 0.004196057447467493 0
0.02036602065000504 0.004217704928972109 0
0.02028957398240218 0.004329027875202322 0
0.02046110635599267 0.004367074994732554 0
0.02034224510286185 0.004507127607978748 0
0.02052948821948014 0.004583428944081224 0
0.01807969350516611 0.003011412369855214 0
0.01836271969421815 0.003168839718173887 0
0.005052831988771925 0.01084181826880597 0
0.019765844519342 0.003892771057911303 0
0.002956080400676457 0.008729369595123198 0
0.00301137715247908 0.008369892058875863 0
0.007900153639586304 0.01293663165745567 0
0.008211364124441598 0.0131635675498851 0
0.005241615209395025 0.01111252462870016 0
0.01444723800208824 0.005186806057560698 0
0.01104141487389989 0.006391866756270098 0
0.02010298288268162 0.01048559960594482 0
0.01927141038813519 0.003867112418956903 0
0.01913120645608905 0.003629190152140209 0
0.01882547940994193 0.003683609987781282 0
0.006882803474725065 0.01230536381124442 0
0.008915822385733102 0.007236428229474577 0
0.000754398373524454 0.009460006913346945 0
0.001086352019640097 0.009680540413722729 0
0.0007272756583315747 0.009853444815433047 0
0.001027635089151653 0.01006155214659801 0
0.001418223915713081 0.009953409594245557 0
0.004580312234124063 0.00416419349679451 0
0.01434423214976695 0.007086863580775552 0
0.01961985824430313 0.003943681842920869 0
0.01962413810148537 0.004092864724742997 0
0.01806097312244958 0.00449192730460451 0
0.02120536851728157 0.01070264512335956 0
0.007978335786684235 0.007395300744714867 0
0.007722726510562713 0.007651655617178004 0
0.004887918514595658 0.004414076191227142 0
0.01541108819793846 0.001974487414409852 0
0.01540163541371198 0.002379515031060154 0
0.004853750521640353 0.01072510058193653 0
0.005806554788229784 0.006084160914657768 0
0.005485134985700134 0.005875155239988795 0
0.005144585141368495 0.006058780750074965 0
0.00520393363124381 0.005671403264658591 0
0.00549703567706479 0.005542486022450558 0
0.01966404958861485 0.006606715192355072 0
0.00275328386867868 0.009271841682956103 0
0.002743889888507981 0.009633489902227425 0
0.002412809913463072 0.009779539928614217 0
0.002731399156665757 0.00998972919210073 0
0.003060850437424892 0.009845610621523325 0
0.003046765140611638 0.01020298026800407 0
0.002395106095503185 0.0101355259389924 0
0.002077839890406103 0.009927090687468002 0
0.002034902759414071 0.01032502874438161 0
0.003374410521016471 0.01006007888382165 0
0.003356271309431474 0.01039233852630149 0
0.003698628669302336 0.01025600420621558 0
0.02087090190709601 0.004211884229974187 0
0.02097314178151267 0.004496192769222277 0
0.02127052200993623 0.004644613818486868 0
0.02158082157988132 0.00442910616902106 0
0.02199534585921572 0.004382004160259703 0
0.02223631445482656 0.004688607210023121 0
0.02261323389085961 0.004665715680772171 0
0.01916419956294834 0.003338078168403475 0
0.004138965185899062 0.01079826788031983 0
0.004000673965929298 0.01049555521674348 0
0.004027641905536354 0.01017257114083154 0
0.01825142591952082 0.008130290458520291 0
0.01860132611507483 0.007632466614196911 0
0.01552806765470912 0.007534627949429949 0
0.01353578512145257 0.008669678490133588 0
0.01390267707265654 0.008441197163192681 0
0.009852376764403479 0.01285912880038173 0
0.009875066444613284 0.01244460725069665 0
0.01635329422006315 0.007399796139157338 0
0.01858414265188158 0.003460053668297907 0
0.01792990175074987 0.007107335720250519 0
0.009468255448948196 0.00745847446790342 0
0.0220879448036377 0.008759176192678048 0
0.0003716432653669001 0.009196665211938756 0
0.02185256636998124 0.004761074151276923 0
0.01734599675658722 0.00794503910832485 0
0.006324646972323543 0.01099338463509576 0
0.0003805527027292495 0.01004362655400654 0
0.02197728255357235 0.009231750373402896 0
0.004557120859316324 0.01087556042752463 0
0.006067346364718961 0.006324712943004448 0
0.01889684355103457 0.004412408375037344 0
0.01863934564270312 0.004517538121054342 0
0.003014333778573532 0.01062090937549666 0
0.007970311280940159 0.009878542970311523 0
0.008196963206722113 0.01010427862095702 0
0.01850870694359687 0.008758851660240218 0
0.005580531088003971 0.009087057706792676 0
0.005570919545976401 0.009393706652647825 0
0.005812987172087869 0.009555763609886799 0
0.005556389508950371 0.009639739063190969 0
0.005302712093373636 0.009219373867295414 0
0.005025540848497908 0.009067608605509047 0
0.005300616279048553 0.009521907632285108 0
0.01905928485626492 0.009364606690930574 0
0.0150748281202554 0.002180666036928839 0
0.01506768301500619 0.00254774825955727 0
0.003405998498347487 0.009687468369108875 0
0.02139336627143574 0.005223490829887751 0
0.005375477349604836 0.01107103158470405 0
0.005266749811717943 0.005293680836648821 0
0.01935909411685487 0.006735486820513342 0
0.005028726248647184 0.008733058807805073 0
0.008536432423727022 0.007267842068831075 0
0.008420956218217751 0.007533561314405634 0
0.02005370507435096 0.004081445236214063 0
0.0042319010037079 0.007062389447465986 0
0.01947942976626598 0.003834996108195772 0
0.02198669795360233 0.006065265886044317 0
0.02161429697179995 0.00620276347364834 0
0.005847502659480269 0.00564061183663058 0
0.01321011902407138 0.009295624454691041 0
0.004884747994989603 0.005778750353825731 0
0.006120496085212142 0.009942913363149265 0
0.004544589315966572 0.006913097470942022 0
0.004849921949015536 0.007110848735623897 0
0.004570920371780387 0.006544672184218349 0
0.004918756270542531 0.00638215460558811 0
0.007564006181766316 0.009280070777271623 0
0.004706734438335031 0.004319763129741828 0
0.006108583870057758 0.009419769338187467 0
0.005907469028332855 0.009816969316358696 0
0.01952078610085853 0.003665830116109283 0
0.01066630272378744 0.007996501453821032 0
0.005501103713483908 0.01134167313107035 0
0.009278119187791268 0.008727970327608799 0
0.009140860475237036 0.01073348184935684 0
0.008860208777529176 0.01052263426354596 0
0.008814562698283051 0.01087371876254584 0
0.008536809035048753 0.01066021795173323 0
0.008548960287918763 0.01031920722379517 0
0.00991515071629024 0.008445339932417395 0
0.004138532072914039 0.004190227942311213 0
0.02061817331973237 0.01078834522817721 0
0.007043572091664561 0.009751849805952966 0
0.006677665458194026 0.01039542954813855 0
0.01977139503561984 0.0104681309706095 0
0.02425538714318139 0.009665122285606464 0
0.02418407447766895 0.01002962457427956 0
0.02430005347702307 0.009299796041125028 0
0.02384637842378078 0.01024453507198028 0
0.003076351084220383 0.005811314173843451 0
0.003413914617415761 0.005672189035690192 0
0.008247719331392135 0.01046702319482195 0
0.005215023065631195 0.004527219103012148 0
0.01453265307627214 0.004470610609626975 0
0.01482280521827509 0.004666944291465976 0
0.01487193903679737 0.004316943625886625 0
0.01516378339316389 0.004527690397511992 0
0.01550014055738191 0.004372365095083612 0
0.01512185136692539 0.00489247349635487 0
0.01548526130946827 0.004702144055746889 0
0.01951404514709945 0.005826021189293872 0
0.01958012786962509 0.005596981527578481 0
0.01980527206399424 0.005442407038467988 0
0.01932929340831683 0.005598621636589081 0
0.01904804642049482 0.005718339491174044 0
0.0180117516339265 0.002337297138312813 0
0.008644045757920438 0.009010344047163237 0
0.008682721387630141 0.008657536921469105 0
0.0090395661307885 0.008531571807074411 0
0.0136939783287527 0.007098037583031493 0
0.01827842361672223 0.003534338168650964 0
0.007459702521508476 0.008574830986644232 0
0.01728735346609673 0.007093453220925808 0
0.01698734942149501 0.007057095005215382 0
0.01116313384549521 0.009834211679379461 0
0.01086214654238759 0.009629853054799943 0
0.01081640559715485 0.00999324107720235 0
0.01051335300299946 0.009774679993251113 0
0.01061739286419396 0.009410146245024684 0
0.01021176787331411 0.009557622582394738 0
0.02157879168859343 0.01022650988834932 0
0.02167148426537205 0.009570975269892026 0
0.0101781237475367 0.009940067668458905 0
0.009426549187578168 0.01095341198235034 0
0.01642305582232481 0.001968919479731403 0
0.01678322791726464 0.001826075899766506 0
0.01657426013152934 0.005399685725241705 0
0.003034883133329992 0.006192684380252497 0
0.006460195064269168 0.008124474960787574 0
0.01238556851811187 0.004696138498352887 0
0.01278506319829586 0.004708424307424608 0
0.01258355129517885 0.005042617695571554 0
0.00220258487597083 0.008421593666776171 0
0.002530854685373624 0.008249057664523019 0
0.002225803882987793 0.008034075308277369 0
0.002567438297198903 0.007857215277352714 0
0.002596641812670076 0.007484523112413671 0
0.009222220528659741 0.01004160860113867 0
0.01259340627675018 0.01034688403256724 0
0.01234377755060983 0.01064216514411375 0
0.01222107053415579 0.01030442302630451 0
0.0004965423697944175 0.008857294753384402 0
0.02202487678733864 0.01064796970626858 0
0.02240626379921359 0.0106547973461748 0
0.01762199675484214 0.005517400273995814 0
0.01293490386380193 0.0040922597065392 0
0.01781437200725704 0.005976736613301834 0
0.02029816813817126 0.008203836801981289 0
0.02244839535476349 0.007964231977373301 0
0.02211891320422534 0.008100435526318013 0
0.0221524726603103 0.007743982209413421 0
0.0224833398601498 0.007599527955361034 0
0.02183048033695815 0.007865998954189915 0
0.01013867784379333 0.01030055524181017 0
0.01158663404814642 0.00764477012171772 0
0.01128979111175517 0.007416562677943164 0
0.02003414791714223 0.00800161235941417 0
0.01553541431780005 0.004022358208388073 0
0.01582710996609225 0.004219207361276463 0
0.01661553474004126 0.002912689249227103 0
0.01214498792530965 0.008494025704526127 0
0.01251540663636106 0.008386627356008756 0
0.01209076182785791 0.008917553485962612 0
0.01596867212843139 0.005676590223588422 0
0.01393159539632187 0.008111286463603543 0
0.01430074669719309 0.00793859921211678 0
0.005625369441988689 0.00751625396865833 0
0.02400321226453361 0.01065496266010123 0
0.02342269920151691 0.01027829581943944 0
0.0232085541039762 0.01060540334375062 0
0.02300377549103225 0.01025027580494333 0
0.01183795268111306 0.01127849153060503 0
0.01144985758582917 0.011214089144407 0
0.01122383469159422 0.01150757910836768 0
0.008343390005629352 0.009161351305845285 0
0.00104511256356738 0.01066558337275939 0
0.01744359637686602 0.001860337526380229 0
0.003709408025390427 0.005900270615400337 0
0.02400677129032729 0.004341121552017481 0
0.02420419497320529 0.004682119877342312 0
0.02463334426828585 0.004640272225978916 0
0.02440353305971213 0.005023943603418776 0
0.02401937748892004 0.00507668977656954 0
0.02382422955110106 0.00468345887577181 0
0.02341013753223749 0.004722661921312399 0
0.02321838270224992 0.004349683293031374 0
0.02298540882957796 0.004677094032288076 0
0.01189012741044939 0.005320563247151864 0
0.000993574270284711 0.004341315491252651 0
0.0007854374964982431 0.004676313855311752 0
0.0003653408869335306 0.004639652319029533 0
0.0005742044802358169 0.00500385348472222 0
0.001147006211484453 0.004667739136450204 0
0.001539214670536004 0.004724806231524877 0
0.001776782287316552 0.004350004060062366 0
0.001975614050525593 0.004683194594772788 0
0.002433585381835449 0.004686395585309379 0
0.002171049734677244 0.005050003836756409 0
0.003609642048584437 0.007000771190863187 0
0.004482601981591196 0.004387483060493534 0
0.01134474307247262 0.01188181659642822 0
0.01884281343939072 0.00858917404409364 0
0.01796958724592807 0.006759795844564812 0
0.00231893162990078 0.00689154525659184 0
0.005895351713786994 0.007729533479886038 0
0.005862719687699398 0.008080603446442446 0
0.002978773096546529 0.004311496067859774 0
0.002587441992180497 0.004315177710735788 0
0.00912209962006792 0.007463355242271194 0
0.02327723684780066 0.006197213343469913 0
0.01967322255068334 0.008488662252830721 0
0.02017387308346109 0.009240189324502955 0
0.01708093883640171 0.002029242405058985 0
0.001807267112501294 0.01066001213389549 0
0.001615364911176087 0.01033068379284447 0
0.003938492897141056 0.006847987842712123 0
0.008547883184492606 0.01300477346435177 0
0.02056133532802925 0.01054774013439428 0
0.02219282975865224 0.007378342804549776 0
0.0003366540358131998 0.007694054508828123 0
0.0006601861816914919 0.007499965616269338 0
0.0006703685624848011 0.007112559211880999 0
0.0009931601741673265 0.00726943122993469 0
0.0006668961251101015 0.00793273281719745 0
0.001007754203951697 0.006919802432035977 0
0.0006610886618938517 0.006744552277308546 0
0.0003197476175556044 0.008099947273380814 0
0.02466959270179902 0.008080364797069641 0
0.02433923669961828 0.00787851855009287 0
0.02433119029385464 0.008273982161500618 0
0.02403141486515317 0.008005347034013267 0
0.02399375949092685 0.008468115051674562 0
0.02433172764601618 0.008653997439710147 0
0.00228683946627136 0.007270616584662925 0
0.01860370294557026 0.002864955577591082 0
0.01990360898029997 0.006811401041497134 0
0.0133813945856437 0.003444734569563451 0
0.01567377418808983 0.005812314847107105 0
0.01563683492486711 0.00614161239103756 0
0.01533863539933389 0.006291706738655389 0
0.01564351693150978 0.006511139512498348 0
0.01503415730615987 0.006445899019813441 0
0.01596560693839249 0.00603974194337653 0
0.01474881359288782 0.006238797353214761 0
0.01506227757008771 0.006095753254152278 0
0.01898138647566426 0.006006180206319504 0
0.008325451731965463 0.008856907865083384 0
0.0003345199595404723 0.006921009989466799 0
0.0003328848384276802 0.006535204957680081 0
0.0007001397484877609 0.006371311153398156 0
0.0239987022428955 0.009081147223205232 0
0.01111223461787459 0.01115900788162146 0
0.01334122789629199 0.007253685671816751 0
0.0137256823347422 0.006709932906548157 0
0.0003978369889541497 0.005747950000488585 0
0.01235554963199666 0.006938976093783821 0
0.01257327668115203 0.007962158545644299 0
0.02469992389040558 0.01003122800833981 0
0.001486515899016063 0.005118577651460469 0
0.02466619286891346 0.008469328607738764 0
0.004453344272015508 0.008328592046099176 0
0.004444439640142982 0.008706269453161422 0
0.00361116754153089 0.008458685250682196 0
0.003939196300095751 0.008300020580855751 0
0.000762604904261238 0.005410287775736365 0
0.02049814120086906 0.009107824178173208 0
0.001469047030531255 0.009126360113759998 0
0.004801993856628405 0.007495959908256016 0
0.0219598538688308 0.006424306205611671 0
0.02132604704554252 0.006435990379280707 0
0.02132733355554825 0.006766518595872528 0
0.01276423852795351 0.006404159882417973 0
0.001725053394912066 0.006076886206657525 0
0.008360189850340739 0.01208813662427033 0
0.008228541342335787 0.01082273769373899 0
0.01586096321873517 0.003876308933017448 0
0.01611536796132918 0.004406506307277314 0
0.01641445655487287 0.004275179712546602 0
0.002628243624200321 0.007106057280603251 0
0.02319656103849289 0.00692476765756232 0
0.007348953379535146 0.007773592603144083 0
0.003903784875259315 0.007215672744593535 0
0.001226734848455667 0.008149117395556755 0
0.003583776722463714 0.008101349955447389 0
0.01819758984359741 0.008490042007835971 0
0.02293364500736123 0.006348642103321364 0
0.02400004052801381 0.00550412693234245 0
0.01785408238105717 0.005690715748031579 0
0.005083324863624691 0.007708432450057169 0
0.01687977293923327 0.003125346682445181 0
0.01860058010247578 0.005637351002355656 0
0.01288095167172344 0.008189693448926959 0
0.02341005497826856 0.007880672621645999 0
0.02269718205676748 0.005399646755459459 0
0.001438132395895788 0.009513293817152846 0
0.00805866734993081 0.01222441902791595 0
0.008771782647809862 0.0112423735296192 0
0.02139713076954949 0.005607132813772564 0
0.02335101124302756 0.008615876420617464 0
0.02102282672318751 0.006916641631236228 0
0.01381212824835049 0.005134925928512119 0
0.02149797839028335 0.008325879618954772 0
0.02409331085812503 0.007590901973498042 0
0.001359650630893834 0.006248179935190127 0
0.01722760224164503 0.004547429975266702 0
0.01725978830786416 0.006198755248902555 0
0.02281299122943065 0.004340289912606554 0
0.002101756377213016 0.009558402644815764 0
0.009247532038214075 0.01238012201543979 0
0.002908912311420107 0.007681285838643272 0
0.01035700272695992 0.01125218908785339 0
0.01030434073214459 0.01161892322758409 0
0.02459131987207129 0.00612005397418311 0
0.02293606893363221 0.009519064200647345 0
0.01407379385441889 0.006542970675655336 0
0.01351740682893963 0.005728099306330325 0
0.01634813275677892 0.007121402409236578 0
0.01884486780390733 0.005532349339902477 0
0.01570598856872976 0.002604068074785908 0
0.01359780901778249 0.004168408046008718 0
0.02074840471659105 0.006731305707826832 0
0.004663505448441951 0.01020621171469942 0
0.01686168477913311 0.005276706185789311 0
0.01645937837283584 0.006248055005190847 0
0.009293199068296379 0.01202826251495934 0
0.01388672086573247 0.002875187570082991 0
0.01428624602117402 0.002940046067154887 0
0.0145204209770244 0.002678202065097689 0
0.00476972697835483 0.009287966074024188 0
0.01707735551086962 0.003690365904107648 0
0.02289571324000134 0.006713919668043806 0
0.01172570671843358 0.01066960898264323 0
0.02123547285436303 0.007786062790916769 0
0.009962961235318356 0.0117541267743759 0
0.01025480410749929 0.01197885072978683 0
0.01060224930105452 0.01184909254873127 0
0.01054936812980588 0.01222494094119723 0
0.01064929624593399 0.01150721692093688 0
0.02338473513598383 0.005104354281737674 0
0.02106377239031672 0.00950815163190858 0
0.02078773066965715 0.00965307508324654 0
0.02045194759638855 0.009505419116239784 0
0.01566454938063749 0.002961515116481636 0
0.01240783595186104 0.006555104945324047 0
0.006832499211854151 0.007329700927244082 0
0.01819941148097437 0.005018144391433056 0
0.0150066259242566 0.0032383174430542 0
0.01468034418485478 0.00300927642669761 0
0.01952314074175301 0.007594505560094794 0
0.02038791986539662 0.007524033964093689 0
0.01655289273993683 0.003260295612491841 0
0.01433752005128977 0.003526250071823121 0
0.01403547380406121 0.003265202033475554 0
0.0211780239636409 0.008472210394167833 0
0.007075619909048264 0.01101959831037882 0
0.006004054705102432 0.006691970295250473 0
0.004654725626177001 0.005098076612613907 0
0.01209872259503025 0.006323826658203015 0
0.01991096407395197 0.005203003243903371 0
0.01018752061773743 0.01265459049402926 0
0.003732886261346087 0.004292489065508438 0
0.01837987960175393 0.004355939234326145 0
0.01831042522253097 0.004641080387504241 0
0.02031448121029111 0.004723541564492651 0
0.003172088108080496 0.00464478978146766 0
0.00350492558859444 0.004895073104809651 0
0.004507996628101328 0.01072123276992916 0
0.002728945444929831 0.005971943298097508 0
0.01994768056453342 0.00648238256251613 0
0.0168165750138342 0.007282431262495523 0
0.0206764548868482 0.004388181967430522 0
0.01746553605509028 0.004743714830173878 0
0.01173922767342389 0.006478894736575682 0
0.02103547977846858 0.006596500640867681 0
0.003450059067505898 0.005301504949578326 0
0.006148067534367404 0.01193609529210253 0
0.02467008202658032 0.009235031701788949 0
0.0144082659293639 0.002309886871564887 0
0.004935080584396964 0.005204448047899994 0
0.01964534009464991 0.004560967215641367 0
0.01950580500962017 0.004406505551211602 0
0.02008779765923729 0.007651378474673664 0
0.007839838574421706 0.01164714700746331 0
0.001754361179092442 0.009722959008704317 0
0.007314582456490719 0.01121544637675569 0
0.0142723149351492 0.005486429804147813 0
0.0208069000909373 0.004962560272684447 0
0.006824379459900573 0.009611141477051317 0
0.01821186125480874 0.006947953073656305 0
0.004742965045543408 0.008909721980902403 0
0.01871976415915048 0.004793118502956621 0
0.005165270751718714 0.004962355125247922 0
0.001057233381164952 0.006393572663116348 0
0.00220352099379726 0.01068353066864283 0
0.01738981972453965 0.003560471379083788 0
0.01499232695205615 0.006780423773732128 0
0.01870774320413022 0.007327219432110206 0
0.02186857900212381 0.007519153495613163 0
0.01425165051471399 0.008564482217504468 0
0.0163882350436309 0.004595729441637862 0
0.003745468773633289 0.005540024569141775 0
0.006225607874851036 0.0103329900874624 0
0.006100398516989934 0.01109324193508166 0
0.00430183752597761 0.0106250035514016 0
0.004287710407632248 0.01035328059289645 0
0.007004930123644997 0.01001686021260944 0
0.0185745509861663 0.006232577549271696 0
0.01923334953908918 0.00466101512132402 0
0.0006773941123339015 0.01022615888613151 0
0.01542369764743957 0.007879812486537867 0
0.01143520598125045 0.008838758883966751 0
0.02323493379422672 0.00655943046098112 0
0.007247117657131462 0.01301436470983227 0
0.007557547179286236 0.01291450960082529 0
0.02052252205171035 0.005954051753457627 0
0.004861780843064135 0.004223225398070116 0
0.009836796452686135 0.007340516786460941 0
0.008508043557135532 0.01334265544201622 0
0.007921295729864898 0.01330418045649323 0
0.008454125509474402 0.0136786501185857 0
0.02293852649405388 0.009875357143230326 0
0.02151374418949752 0.004847594651123476 0
0.00855423179589788 0.009987723120300791 0
0.01079079328554048 0.01244467720685869 0
0.01968387496965453 0.004399876208295878 0
0.003840993610926356 0.004863939273586985 0
0.01094981225200761 0.0117711216265364 0
0.002895200702070725 0.008093364580628131 0
0.009074887863044606 0.01345730676827875 0
0.01069186460045525 0.006545883848639366 0
0.0227574095803929 0.005006524115266578 0
0.009581062909104418 0.01223900313336948 0
0.006730186493109608 0.008315074695463168 0
0.005500410966500212 0.01117008690345721 0
0.01977540042480881 0.007801925625472745 0
0.0153715552641552 0.002747190897967802 0
0.01781216764389113 0.004316289215617088 0
0.01933174432124955 0.005293430221887564 0
0.005090654283100756 0.004712779938771944 0
0.0197470262719825 0.005060002968218296 0
0.02357728039024772 0.006402842153047159 0
0.02471010147924399 0.01040258791077358 0
0.01758328535588565 0.005804330920098831 0
0.02137525251600852 0.00592010740893827 0
0.01648471036119145 0.001571380031049569 0
0.01614121372312919 0.001437636719949773 0
0.00796560702878941 0.0103591937823487 0
0.006671661483734622 0.008897677717631133 0
0.02387713366683809 0.006619180030619289 0
0.000331202148968783 0.0104068913764203 0
0.02135940593784703 0.01043286131591953 0
0.02002876324031837 0.005615096563790846 0
0.02470786431670828 0.005743792677260551 0
0.01622318368381619 0.005854124354529465 0
0.01176602371547141 0.008991207674109625 0
0.007358228028772906 0.009125537342037447 0
0.01505281963888416 0.002891111520150497 0
0.01246292257567508 0.009965136553475298 0
0.01979996257588256 0.009704285653766791 0
0.01313339622419612 0.009699233468140365 0
0.01496156797516245 0.00181016308270425 0
0.02441320507273663 0.007449468932968144 0
0.01586501017170317 0.006317715924237455 0
0.009914094568039072 0.0121021879947334 0
0.01714218799291456 0.003335748047691724 0
0.02427344685891036 0.006453605740221519 0
0.007702523996338604 0.009967893485607511 0
0.01354291598316758 0.005352793966605609 0
0.00589775578304446 0.01014956530470601 0
0.01026348198161273 0.01301125299441363 0
0.007673011706786891 0.01050298532780083 0
0.01751931894225763 0.004429195629121432 0
0.0125641462916194 0.005428736402810014 0
0.01608601536887166 0.004725815580736575 0
0.008034979088494761 0.008662087900395717 0
0.0204353732868054 0.004110312148134281 0
0.00888666989532591 0.01018734620171705 0
0.02152007419981497 0.007994896199539716 0
0.02030697192147375 0.005507362757980665 0
0.02212204224216214 0.005004909678164735 0
0.01955147824853837 0.004237824720097964 0
0.01296250390516462 0.008734030566891329 0
0.00133642397700452 0.007026038649198877 0
0.01730695425420213 0.005916525559159932 0
0.01929524241686571 0.004450271503617228 0
0.0114224789491624 0.006200730889940067 0
0.02009424913331513 0.009576002310615861 0
0.009696616118275801 0.01342682445329348 0
0.01757421774208232 0.007120997970978584 0
0.005162560577827166 0.009761114682468921 0
0.006959360065152127 0.01028027144095849 0
0.01471851349131618 0.00657621550652328 0
0.01326233623417938 0.008913003833028883 0
0.006545783348782144 0.007137011222715738 0
0.009218699204351985 0.009704388596764096 0
0.02055785737747399 0.009844276578596116 0
0.01020209731800489 0.01231326578660299 0
0.007036978367449596 0.01131242691825871 0
0.0197257517860988 0.00814118916915541 0
0.01324099109194199 0.005141141700028143 0
0.006424195826225857 0.008716717111702113 0
0.01394004150276866 0.008823658408207874 0
0.0170758745606807 0.005735493026228396 0
0.02076103919409355 0.004667453728480075 0
0.004749956037271267 0.01079435189679273 0
0.004178373347875157 0.008884141417829042 0
0.004640263542870144 0.01078770643061487 0
0.02362934541638619 0.008449144928530036 0
0.01615807533922943 0.007578635721129803 0
0.008559758142480625 0.008382811898032191 0
0.02054422799424144 0.005667894916125724 0
0.01071322634970334 0.006948877807748662 0
0.01401783339896743 0.006924918305571594 0
0.009878731645754629 0.009763762586172588 0
0.01015081557855852 0.007227394961393741 0
0.002718710016190617 0.01033830682557959 0
0.01473948023996451 0.002415745645285304 0
0.01579963058440403 0.004549535692029883 0
0.002539665938609922 0.005030946955069573 0
0.0235604085103485 0.009946313196678555 0
0.0172231166665877 0.002963873418341544 0
0.004893241176697524 0.004099758558792019 0
0.005003592010963962 0.004314131181053033 0
0.00494692035939831 0.01079957388171836 0
0.0176913480169988 0.007964981217149746 0
0.00514760476147964 0.01074974926875473 0
0.01554930884189613 0.001395942717253581 0
0.02008253167167544 0.004676774621363687 0
0.009415221023297749 0.01327472942508376 0
0.001296684287431215 0.007434639983045811 0
0.006345016481233281 0.006584254752442062 0
0.01463651471263913 0.007939627762186985 0
0.02019953646354917 0.01091961991489379 0
0.00528876378339898 0.0106927874734166 0
0.007876967729596908 0.007911510072085088 0
0.02188026853876075 0.01034273992861875 0
0.006475789785888155 0.01025943517616029 0
0.02101061634538089 0.004777454942860221 0
0.01887221053473191 0.003400423452278161 0
0.0194291441071552 0.008281678541777499 0
0.01686443771182052 0.001489083361590234 0
0.007179993461517285 0.01248109719552849 0
0.006436877528980486 0.01182689328713706 0
0.00179203852681003 0.004969450089151901 0
0.005324261517977781 0.010530324971333 0
0.00406877421170656 0.009868700565831234 0
0.0175649327766482 0.002819311289885149 0
0.0242817909516654 0.005338251015797802 0
0.006445761843340909 0.008421951140905359 0
0.004696035441530933 0.004086364523807257 0
0.0224124294876531 0.008697937510765022 0
0.005037454101768825 0.004500476011745276 0
0.02030181788250488 0.01091837071015744 0
0.00883013785906387 0.008314569102316354 0
0.01938034785854983 0.008629702975977123 0
0.0200596208915529 0.00435488346402678 0
0.02018152426470637 0.01065920435705386 0
0.0203670841365472 0.01072358013761306 0
0.007601257387568247 0.009002912548186788 0
0.01796102629981607 0.002732614711935707 0
0.00934196202269481 0.00843650818858919 0
0.005642475902235241 0.005241375718485831 0
0.01684561270081913 0.005560213300569587 0
0.004501318367389507 0.0103326278632459 0
0.021811435462505 0.008204793235795595 0
0.01992571983363185 0.01076038918475466 0
0.02001228972707507 0.01063323833012571 0
0.001258673767622061 0.01034412931823533 0
0.01008206332039193 0.00924450921840711 0
0.01926207594112091 0.009706696870249804 0
0.01656182256683639 0.007263316143238638 0
0.003597422417840803 0.004565350886934222 0
0.02368955008121778 0.00812041143890364 0
0.01295963438312139 0.004441418518335982 0
0.01438290282501135 0.006730145757576024 0
0.01371120331978377 0.003475725178136474 0
0.01436431174266971 0.007394150356264222 0
0.0050894799612761 0.004235323949047603 0
0.0207767272149732 0.006138005308037862 0
0.006648118251387617 0.01254135923663085 0
0.02260701591558996 0.01038157748596986 0
0.005953665056448378 0.008375224360622541 0
0.009657416675614053 0.008299924701471546 0
0.02420179344321501 0.01038615248600004 0
0.0221096294592976 0.008434324197642978 0
0.0009487198224434549 0.007679832075969401 0
0.0009276786357371018 0.004990204254408838 0
0.01038399409755213 0.009178372012207368 0
0.003405502754348683 0.01073239531477182 0
0.004179592647764682 0.008109302309670878 0
0.02163952700042121 0.009222056770592346 0
0.02474001793419434 0.00499395427698909 0
0.0002537428692414157 0.004980926256417941 0
0.005765979564342574 0.01108419348153053 0
0.007386607312019061 0.007495383541916982 0
0.01168625034286626 0.01099111395282207 0
0.01879666710083243 0.00581125439760047 0
0.01654241040881035 0.005687464527821648 0
0.009147132294646561 0.01373808204571813 0
0.01000301429032375 0.008163509615677791 0
0.02103083127697826 0.006309378453956105 0
0.01546812840760495 0.005011311714873643 0
0.005546553785638199 0.009856822663332222 0
0.01975829430216215 0.004130476298402294 0
0.008708365326993874 0.01353808284182564 0
0.01801074854734294 0.007949036713073775 0
0.01093453637624938 0.009331238681150603 0
0.009276594786571011 0.007668863033501255 0
0.01202964178088336 0.01056168358437495 0
0.00496342399636861 0.005489203558263348 0
0.02002032349711045 0.009830907057605932 0
0.0109712213928085 0.007968336922029751 0
0.01155180685381937 0.005573472687103368 0
0.01331170406671513 0.004018771036937877 0
0.01636010476935182 0.001230711472991862 0
0.02079335505482722 0.01057888078425194 0
0.02471244117390829 0.007269038421573702 0
0.001773091498516151 0.0100464944416906 0
0.01935131661091579 0.003702394565031021 0
0.008664292362212063 0.01379023229413593 0
0.007284478293512226 0.01151528320581769 0
0.02436056537368483 0.008975035796079773 0
0.004186617438585021 0.008497560808035527 0
0.005419450764741006 0.01062403530315724 0
0.01489844460566397 0.007778053667779145 0
0.02366707109967109 0.004974172854386594 0
0.004589948040261388 0.005826565739974322 0
0.01440293099882904 0.003225118237134866 0
0.009530576539020898 0.009560837679122863 0
0.01574743199503976 0.00731629648322415 0
0.006569477460730811 0.006799805538489552 0
0.01035528529687443 0.008053011569223887 0
0.02080223872254795 0.009917430776402324 0
0.01586317333957872 0.001590859115831763 0
0.003272492814629801 0.008253180331668072 0
0.01521002298116641 0.005164136644734131 0
0.01687872633146021 0.006833460927105094 0
0.01043298571427258 0.00710264197136764 0
0.006691042509108064 0.01200035318029244 0
0.01556813714625569 0.001690470055962902 0
0.007892347817079624 0.01011153808680246 0
0.007613130455464694 0.008761335242698402 0
0.01106393444702228 0.008846356518534078 0
0.02015621734610397 0.004274789591442758 0
0.01625442467440224 0.006099362164295197 0
0.02470601872163387 0.01070745412630818 0
0.02202185653387167 0.009613188931900192 0
0.02050299505535844 0.004231588422216842 0
0.0101831286524786 0.006929181817722738 0
0.0190734109384821 0.004512766845234008 0
0.02471322217295642 0.006878934643560081 0
0.000985749149782972 0.007976917786850031 0
0.01481214961114681 0.002708416783357674 0
0.01296499804840352 0.004962647718133753 0
0.02131318449441085 0.009651091725659039 0
0.01101268235291231 0.007585751322251086 0
0.00618239855830731 0.008232911389051651 0
0.0002915525729726695 0.004289561282878506 0
0.02470844742919635 0.00428956128134575 0
0.01836900999707797 0.00743608877104438 0
0.003710965053877701 0.009954699769382592 0
0.002753702167169201 0.008961382607304573 0
0.005068070642832384 0.009318897598667377 0
0.0240620409011317 0.008779816436259911 0
0.0005753166225682797 0.008282559811932927 0
0.0002884870391896468 0.01071430192817425 0
0.0187500352369357 0.006078470686153142 0
0.003047992288639998 0.009506501488122297 0
0.007555966773144993 0.01175618930729454 0
0.005569175842051265 0.008089922266896773 0
0.01099381572608816 0.0108739059989486 0
0.01072418152237523 0.00734442868192117 0
0.02019919267536917 0.004564434406135161 0
0.01229051657807087 0.005262101304379423 0
0.01821162335358447 0.007205426222015433 0
0.005365270013636377 0.009718235349384393 0
0.01474266921553859 0.004955860130691936 0
0.005361920577384613 0.01036248938136196 0
0.01853228980504559 0.004715720858374457 0
0.004852354364217985 0.006059065513228539 0
0.01744268152454109 0.006907699035554147 0
0.00520324455438478 0.006408595630359809 0
0.003589840833461868 0.009430895838763619 0
0.01079981580642894 0.01206853412691257 0
0.002753441261086059 0.008453768555120037 0
0.02100936338378061 0.01061169186952108 0
0.0127945856983644 0.009733915362886715 0
0.007779979307587269 0.01233690097292255 0
0.003983318580045814 0.004351828939727606 0
0.00782234825195818 0.0119960087740734 0
0.01970615888757404 0.005248737513478809 0
0.01093117140349022 0.01140736365114857 0
0.01107431014345089 0.006071605244433729 0
0.01193017217001438 0.009236302408086332 0
0.004783561168508543 0.006764758692931683 0
0.005713372015468303 0.009769349890117232 0
0.009685583678343383 0.01314495468318312 0
0.006053952855210767 0.01133458223098132 0
0.02244653083724165 0.004897397481332103 0
0.005143825636868619 0.007115162639348264 0
0.003019758172888663 0.009121733762904306 0
0.01345307120444168 0.009492824978448456 0
0.0193416223739709 0.009332753992491772 0
0.01425173676994645 0.007646319513066171 0
0.01993622528877075 0.01050300648096411 0
0.01911714766772324 0.008735485921705219 0
0.02018666900738528 0.004423373140067784 0
0.0009408060398084873 0.01037872230184674 0
0.005632111792953361 0.007835864252798856 0
0.02445377909619004 0.006740273955578266 0
0.014584721016956 0.005430915485885046 0
0.00563174685844553 0.01109652823597 0
0.01419312990998052 0.008244650465381058 0
0.01828226503333375 0.002855999836080268 0
0.006108252141346786 0.01012872502129974 0
0.02129417368652148 0.006170315487453669 0
0.01237712774706586 0.008986555530687227 0
0.002397942492017085 0.01044449311248468 0
0.02444952791604713 0.01021951869033602 0
0.0232359419250661 0.01001528446705315 0
0.00122041421143108 0.004966103511943051 0
0.005352059349810602 0.007624526317008779 0
0.01408617813964106 0.005252118385692052 0
0.0006211808094411646 0.006039185153470471 0
0.02312290225031978 0.004956221197795919 0
0.01609898720669808 0.001185351101541097 0
0.002776009260047955 0.004549455953583735 0
0.01864205306706315 0.003196901869633108 0
0.01055539530347101 0.008236782072354213 0
0.005645000701146465 0.01077019689345542 0
0.007686633105307091 0.01264647415837533 0
0.008238688541400334 0.007414833520340268 0
0.0002179254348942816 0.00886105934353023 0
0.01593160783722093 0.00653505694258633 0
0.005994763826547319 0.01174993009796605 0
0.01207706398169087 0.01002183130497972 0
0.01235327685909374 0.008711585953795427 0
0.005097453012712503 0.007394239640673636 0
0.01043751255333895 0.01247613921300528 0
0.02013691128285771 0.004171609229050449 0
0.01883018200629845 0.004601318396126808 0
0.02124063615504202 0.004904232206347873 0
0.007345262490995529 0.01271826969944164 0
0.0128116130907456 0.008485195394442103 0
0.005949384383970663 0.009988466722530303 0
0.008474694578539315 0.007742518490547389 0
0.00780048205405208 0.01353334810239116 0
0.003651945516162558 0.01052761376422355 0
0.01159032758140631 0.005889950722361369 0
0.01624398549251943 0.007800015323511488 0
0.00524219553552474 0.01028836922972538 0
0.01954009655312481 0.005383582929189156 0
0.01515328746965816 0.007929277680515644 0
0.004734159336937224 0.004184111728832229 0
0.0009403993094016348 0.006640542667471294 0
0.01875738338895159 0.006475056872510676 0
0.02443674807408332 0.009892091699264405 0

CELLS 3706 14806
2 1 203
2 203 204
2 204 205
2 205 206
2 206 207
2 207 208
2 208 209
2 209 210
2 210 211
2 211 212
2 212 213
2 213 214
2 214 215
2 215 216
2 216 217
2 217 218
2 218 219
2 219 0
3 469 465 1692
3 645 643 1125
3 816 1305 1444
3 1452 285 1462
3 1071 260 1862
3 1120 264 1121
3 1510 262 1663
3 1178 1179 1256
3 1132 1081 1792
3 1543 937 1560
3 855 1218 1224
3 270 1175 1658
3 1081 1172 1173
3 1069 1452 1462
3 1175 1241 1658
3 1170 821 1559
3 1031 1510 1663
3 260 1071 1339
3 1218 1019 1224
3 294 1151 1615
3 510 1461 1481
3 1173 749 1478
3 66 67 1374
3 1199 1220 1619
3 688 808 1395
3 1172 931 1173
3 1461 1460 1481
3 1198 1199 1619
3 1031 1127 1510
3 1103 245 1397
3 1080 1081 1132
3 1510 1127 1650
3 973 1160 1406
3 913 1235 1266
3 1170 1559 1560
3 1001 1169 1678
3 656 645 1125
3 924 1076 1608
3 1301 1635 1949
3 229 1107 1240
3 1428 920 1500
3 1109 437 1110
3 989 844 1399
3 228 29 1135
3 1444 995 1672
3 821 1170 1634
3 1335 469 1692
3 1173 1478 1792
3 1222 889 1600
3 924 1608 1652
3 1160 973 1249
3 1279 255 1755
3 1743 1206 1858
3 740 821 1634
3 228 1135 1226
3 1235 913 1267
3 1426 1428 1500
3 1299 1301 1949
3 1323 296 1410
3 282 1286 1365
3 1107 229 1903
3 1118 244 1434
3 594 1543 1560
3 912 1032 1734
3 690 688 1395
3 1340 1024 1341
3 1081 1041 1172
3 228 1178 1256
3 882 1129 1208
3 30 1134 1135
3 1023 1368 1778
3 1286 282 1366
3 19 297 1719
3 140 1221 1722
3 86 87 1199
3 243 1117 1656
3 1204 231 1205
3 1235 569 1266
3 641 640 1124
3 731 814 1438
3 36 1160 1249
3 966 964 1723
3 770 1108 1839
3 1143 797 1561
3 286 1283 1285
3 68 69 1303
3 27 1256 1759
3 64 65 1738
3 1415 1279 1755
3 39 40 1068
3 1199 87 1200
3 964 1146 1723
3 1368 1023 1618
3 938 973 1406
3 1173 931 1732
3 437 1109 1247
3 1625 515 1832
3 1096 1539 1693
3 643 676 1125
3 1179 1182 1256
3 1305 1304 1444
3 294 1615 1617
3 1256 1182 1759
3 30 31 1134
3 1142 1143 1561
3 189 221 1105
3 1108 770 1672
3 1596 150 1699
3 1004 986 1217
3 286 1285 1574
3 763 1743 1858
3 1124 1116 1791
3 244 1118 1811
3 1006 1329 1851
3 1039 996 1125
3 1440 803 1660
3 1301 325 1635
3 1121 264 1303
3 292 127 1058
3 1297 1295 1715
3 1205 1195 1206
3 803 1440 1842
3 1484 1380 1745
3 296 66 1374
3 867 768 903
3 1129 882 1207
3 122 123 1279
3 1195 1205 1945
3 206 207 1219
3 1420 1727 1783
3 1426 1500 1659
3 15 16 1166
3 1727 799 1783
3 1000 1001 1678
3 85 234 1196
3 1151 294 1616
3 544 1281 1688
3 67 264 1374
3 1196 234 1197
3 1305 816 1707
3 1329 1328 1851
3 193 231 1204
3 264 1120 1374
3 1651 358 1795
3 814 873 1438
3 1149 1625 1832
3 1231 1276 1289
3 325 1301 1302
3 239 140 1722
3 1281 1032 1688
3 218 219 1388
3 95 96 1378
3 523 1076 1804
3 844 984 1399
3 1068 40 1846
3 1238 1526 1587
3 1429 1705 1770
3 269 1212 1667
3 239 1207 1482
3 1232 989 1399
3 982 1459 1587
3 240 1426 1659
3 1076 523 1840
3 611 665 1208
3 1428 1429 1770
3 825 823 1209
3 800 1311 1567
3 839 1132 1792
3 995 1108 1672
3 279 1157 1203
3 616 889 1222
3 1007 1177 1702
3 1080 1041 1081
3 1113 1114 1932
3 281 1161 1163
3 1166 1265 1397
3 1032 1281 1734
3 1025 1126 1319
3 1276 1231 1620
3 268 1150 1616
3 1007 867 1177
3 195 196 1229
3 1001 1168 1169
3 1127 280 1650
3 1116 1600 1895
3 756 652 768
3 903 1146 1721
3 297 1613 1719
3 1211 1596 1699
3 123 255 1279
3 1110 437 1112
3 29 30 1135
3 142 226 1048
3 1125 996 1821
3 171 172 1617
3 1016 825 1209
3 937 1170 1560
3 1027 1651 1795
3 662 1594 1857
3 1429 919 1705
3 1537 1101 1538
3 1116 1124 1600
3 1317 1766 1785
3 280 1127 1745
3 1276 1620 1674
3 139 239 1482
3 1368 266 1778
3 801 1380 1484
3 1161 281 1219
3 1212 1557 1667
3 1117 243 1767
3 1539 1096 1684
3 919 1429 1861
3 1048 226 1049
3 1341 1024 1778
3 355 1297 1715
3 264 68 1303
3 34 227 1041
3 1041 227 1172
3 1135 1134 1728
3 1600 889 1895
3 196 251 1229
3 1316 1317 1785
3 665 882 1208
3 325 1302 1515
3 1183 384 1247
3 381 379 1247
3 1524 1525 1545
3 69 289 1303
3 237 1080 1132
3 1447 918 1590
3 1388 219 1855
3 1538 1101 1830
3 95 1378 1856
3 296 1323 1738
3 918 1447 1921
3 785 1289 1472
3 1563 732 1572
3 42 1154 1627
3 806 684 1244
3 1679 896 1690
3 975 974 976
3 1205 231 1945
3 1613 265 1719
3 1367 266 1368
3 1178 228 1226
3 756 768 867
3 245 1103 1278
3 281 206 1219
3 896 1210 1690
3 247 1318 1733
3 285 1389 1462
3 1114 1011 1932
3 1150 268 1611
3 115 116 1367
3 872 1744 1757
3 1360 970 1891
3 569 489 1266
3 1559 1228 1560
3 1620 469 1674
3 1568 1141 1845
3 296 1374 1410
3 977 976 1174
3 970 1360 1914
3 873 1437 1438
3 188 189 1105
3 1305 1707 1751
3 1710 1512 1772
3 288 1523 1550
3 1459 554 1587
3 1216 560 1400
3 1728 1134 1828
3 802 1148 1859
3 33 1041 1080
3 465 463 1692
3 1072 1071 1862
3 1004 1217 1614
3 1306 1305 1751
3 183 223 1270
3 1126 1025 1318
3 1380 1379 1745
3 182 183 1270
3 1148 802 1882
3 1059 1058 1763
3 1395 808 1741
3 891 890 1158
3 1560 1228 1876
3 513 1317 1711
3 1089 243 1656
3 1132 839 1542
3 1711 1061 1826
3 384 1183 1433
3 1081 1173 1792
3 80 1137 1251
3 1265 976 1397
3 1224 1319 1788
3 88 252 1200
3 1168 1001 1253
3 1165 1412 1765
3 1146 903 1723
3 1214 1106 1706
3 1088 1089 1090
3 1092 1102 1155
3 1706 1106 1947
3 921 1370 1449
3 1000 928 1001
3 1318 247 1648
3 867 903 1177
3 1539 1538 1693
3 1144 872 1757
3 717 1666 1912
3 281 1163 1223
3 1498 428 1665
3 1011 1114 1895
3 1174 976 1265
3 816 1444 1672
3 379 437 1247
3 880 1665 1697
3 1233 569 1234
3 1204 1205 1601
3 676 641 1124
3 880 1498 1665
3 1084 1614 1712
3 1311 800 1834
3 1274 657 1275
3 191 277 1225
3 102 1814 1848
3 560 1216 1686
3 181 182 278
3 237 32 1080
3 783 843 974
3 942 1394 1924
3 1166 16 1747
3 1214 832 1514
3 1437 873 1439
3 1797 1083 1829
3 1255 404 1467
3 1524 1545 1825
3 1394 942 1716
3 1233 1234 1237
3 491 569 1233
3 1090 1092 1155
3 226 143 1106
3 293 1241 1714
3 1105 1177 1721
3 1145 1215 1308
3 539 537 1472
3 1319 1224 1844
3 1563 1562 1769
3 1154 42 1890
3 1050 1054 1221
3 1814 1122 1848
3 1237 1234 1239
3 1459 982 1703
3 428 1498 1920
3 87 88 1200
3 121 275 1171
3 1024 1340 1733
3 1244 684 1495
3 513 1711 1826
3 263 1210 1699
3 553 1797 1829
3 229 1399 1903
3 987 928 1000
3 974 1103 1397
3 1662 1487 1718
3 384 381 1247
3 187 188 983
3 1124 640 1600
3 1064 1257 1657
3 204 205 1223
3 677 1319 1852
3 728 729 783
3 1304 1372 1444
3 1319 1126 1852
3 1632 1354 1696
3 180 181 1113
3 1523 1524 1550
3 235 1159 1777
3 1606 300 1647
3 1075 912 1734
3 782 1037 1708
3 1533 1535 1624
3 1331 1625 1882
3 941 1563 1572
3 926 927 928
3 768 652 1128
3 762 655 1519
3 121 122 275
3 657 1274 1494
3 1157 279 1816
3 1526 982 1587
3 1912 1666 1942
3 35 36 1249
3 1082 236 1136
3 783 974 975
3 1202 1384 1628
3 483 479 1585
3 140 141 1221
3 1623 1563 1769
3 246 1529 1806
3 172 294 1617
3 116 266 1367
3 1203 1157 1736
3 1317 513 1766
3 637 640 641
3 1159 235 1836
3 300 1606 1905
3 903 768 968
3 404 1255 1466
3 1177 1105 1702
3 1057 1343 1811
3 1246 249 1759
3 250 64 1738
3 31 237 1134
3 282 115 1367
3 881 1239 1687
3 1200 252 1201
3 1210 263 1690
3 554 497 1248
3 1158 890 1215
3 1462 1389 1784
3 1703 870 1820
3 120 121 1171
3 1274 910 1494
3 469 1335 1674
3 145 236 1082
3 1420 1422 1680
3 1594 1208 1857
3 961 1718 1744
3 1092 1094 1102
3 1167 1710 1772
3 1234 1236 1239
3 1296 366 1874
3 738 740 1634
3 1234 569 1235
3 1048 1050 1221
3 37 238 1160
3 1167 993 1710
3 146 147 1607
3 1200 1201 1220
3 897 867 1007
3 205 281 1223
3 79 80 1251
3 1199 1200 1220
3 1359 1066 1934
3 1250 931 1929
3 554 1248 1587
3 1206 762 1602
3 1275 657 1472
3 1219 207 1930
3 899 1287 1288
3 1114 278 1115
3 1529 246 1793
3 989 1232 1482
3 636 556 637
3 1216 1055 1686
3 234 86 1199
3 1192 1411 1412
3 1104 1623 1769
3 687 1748 1782
3 38 39 1067
3 1292 1294 1296
3 975 976 977
3 1220 806 1619
3 1422 760 1680
3 72 73 1203
3 546 555 556
3 983 188 1105
3 468 471 472
3 13 1278 1886
3 1216 1400 1586
3 1109 1183 1247
3 1289 785 1644
3 1066 1359 1941
3 1049 226 1051
3 1625 1149 1882
3 872 961 1744
3 1420 1680 1727
3 1348 1350 1595
3 1205 1206 1602
3 1196 1197 1568
3 363 1622 1678
3 642 641 643
3 1261 883 1897
3 83 276 1673
3 832 1136 1827
3 509 493 1233
3 1164 1165 1765
3 1160 238 1406
3 1866 1580 1887
3 925 891 926
3 899 1288 1375
3 1626 248 1802
3 643 641 676
3 537 785 1472
3 1102 1415 1755
3 468 470 471
3 1002 880 1697
3 732 1563 1623
3 1391 1456 1918
3 1657 1257 1899
3 563 1433 1566
3 468 472 1372
3 494 1403 1779
3 1304 466 1372
3 141 142 1048
3 1624 1535 1889
3 472 471 473
3 684 874 1495
3 479 1280 1585
3 1088 1090 1282
3 1234 1235 1236
3 767 1554 1576
3 1459 1703 1820
3 1323 1642 1738
3 622 829 1293
3 73 279 1203
3 1526 1238 1860
3 1599 1075 1734
3 911 1075 1259
3 1403 494 1867
3 722 724 1262
3 1252 981 1260
3 883 1261 1892
3 1075 1599 1912
3 509 1233 1237
3 1136 832 1706
3 363 1169 1801
3 1106 143 1947
3 366 1153 1874
3 926 891 927
3 874 1255 1641
3 133 134 243
3 961 1662 1718
3 1073 1161 1219
3 926 928 987
3 1232 138 1482
3 1366 282 1367
3 822 891 925
3 926 987 1227
3 1143 1141 1568
3 1029 1626 1802
3 1320 798 1351
3 472 995 1372
3 1421 1072 1862
3 898 305 1251
3 32 33 1080
3 136 229 1240
3 1300 668 1649
3 403 401 1466
3 1292 1293 1294
3 1614 1068 1712
3 974 843 1103
3 1241 1242 1714
3 555 616 1222
3 783 729 843
3 74 75 1268
3 504 486 751
3 75 76 220
3 921 1449 1868
3 148 258 1130
3 614 1310 1311
3 1289 1275 1472
3 637 641 642
3 245 1166 1397
3 238 1217 1406
3 783 975 1554
3 1067 39 1068
3 1604 1112 1953
3 1296 1297 1799
3 740 753 821
3 637 556 640
3 1159 291 1777
3 195 1229 1786
3 611 1208 1594
3 73 74 279
3 1090 1091 1092
3 34 35 227
3 1433 1183 1566
3 1294 1295 1297
3 818 820 1542
3 1313 1315 1316
3 466 467 468
3 33 34 1041
3 812 1605 1682
3 546 556 636
3 303 225 304
3 647 645 656
3 278 182 1270
3 1249 973 1250
3 931 1250 1943
3 1390 1391 1918
3 1271 530 1306
3 544 545 546
3 183 184 223
3 951 1632 1696
3 1110 1112 1443
3 1365 1286 1781
3 458 561 1277
3 1123 676 1124
3 1331 1333 1625
3 1209 823 1827
3 731 1438 1931
3 473 474 475
3 475 476 477
3 193 194 231
3 1644 785 1668
3 462 530 1271
3 1356 842 1474
3 928 927 1156
3 1306 980 1758
3 947 1298 1299
3 1263 1180 1879
3 1628 1384 1922
3 821 753 822
3 749 1173 1732
3 616 888 889
3 142 143 226
3 572 570 1254
3 1350 398 1595
3 85 86 234
3 714 622 1293
3 917 1462 1784
3 526 524 1325
3 1280 990 1585
3 1034 894 1353
3 366 1296 1833
3 1293 829 1294
3 1439 1441 1442
3 728 727 729
3 760 1422 1952
3 1409 1463 1539
3 504 751 911
3 385 384 1433
3 958 1320 1351
3 1373 300 1905
3 981 1252 1413
3 1642 250 1738
3 832 730 1514
3 736 738 1669
3 291 1159 1739
3 464 466 1304
3 976 974 1397
3 762 1519 1761
3 1150 1151 1616
3 1757 289 1911
3 657 539 1472
3 1272 910 1274
3 981 722 1262
3 491 489 569
3 1642 1643 1812
3 947 944 1298
3 894 892 1353
3 726 727 728
3 65 296 1738
3 497 495 1248
3 1051 226 1106
3 822 890 891
3 1016 1209 1607
3 546 545 555
3 1072 1421 1849
3 664 798 1314
3 767 728 1554
3 1239 881 1860
3 1313 1314 1315
3 990 1280 1603
3 842 1356 1473
3 402 406 1416
3 71 72 232
3 84 85 1196
3 1316 523 1804
3 913 911 1259
3 227 1249 1929
3 993 1167 1774
3 1047 1866 1887
3 191 192 277
3 871 1145 1308
3 493 491 1233
3 1343 1057 1771
3 78 225 303
3 1262 724 1263
3 788 664 1314
3 962 1644 1668
3 147 148 1130
3 276 1568 1845
3 668 1300 1556
3 237 1132 1133
3 1343 244 1811
3 839 818 1542
3 1748 1218 1782
3 13 14 1278
3 712 1287 1565
3 1296 1799 1833
3 1357 1487 1548
3 83 84 276
3 486 483 1585
3 138 139 1482
3 910 1272 1321
3 1073 1219 1339
3 1008 1601 1602
3 232 72 1203
3 955 953 1495
3 65 66 296
3 249 1246 1589
3 1157 1158 1736
3 925 926 1227
3 340 338 1520
3 1467 404 1468
3 1037 1612 1708
3 564 563 565
3 186 224 963
3 1291 714 1293
3 1112 1604 1864
3 1271 1306 1758
3 931 1172 1929
3 456 458 1277
3 192 193 1204
3 473 471 474
3 566 565 840
3 401 404 1466
3 947 1299 1300
3 1182 1246 1759
3 683 682 684
3 1105 221 1702
3 1088 243 1089
3 519 1334 1476
3 1296 1294 1297
3 812 318 1605
3 487 486 504
3 1049 1051 1567
3 1254 570 1466
3 740 752 753
3 1153 366 1908
3 1263 883 1892
3 227 35 1249
3 75 220 1268
3 1241 293 1658
3 1577 812 1578
3 747 770 1309
3 1487 427 1548
3 1090 1089 1091
3 495 493 509
3 137 138 1232
3 975 978 1554
3 1246 1576 1589
3 1315 798 1320
3 524 531 1325
3 1334 1431 1476
3 1572 732 1598
3 544 546 1281
3 504 911 913
3 1115 278 1270
3 220 1168 1253
3 943 944 947
3 699 902 1332
3 530 1304 1305
3 718 719 720
3 198 1411 1591
3 911 912 1075
3 450 451 452
3 12 13 1558
3 1287 940 1288
3 1312 788 1314
3 718 526 719
3 25 26 249
3 145 146 236
3 431 1307 1450
3 460 462 1271
3 1787 1458 1820
3 780 714 1291
3 1287 1325 1565
3 1294 829 1295
3 406 1349 1416
3 1411 1192 1591
3 1435 1361 1440
3 157 246 1337
3 1260 981 1262
3 1331 1332 1333
3 1249 1250 1929
3 252 89 1504
3 684 682 874
3 1437 1439 1442
3 475 474 476
3 1314 798 1315
3 1295 829 1355
3 881 660 1526
3 165 166 269
3 464 465 466
3 28 228 1256
3 656 1125 1821
3 946 1111 1298
3 27 28 1256
3 263 1257 1690
3 721 719 1375
3 644 643 645
3 1327 1328 1329
3 553 456 1277
3 1307 431 1451
3 139 140 239
3 899 526 1325
3 1024 1023 1778
3 472 473 856
3 1225 277 1564
3 31 32 237
3 922 1354 1579
3 229 137 1232
3 426 424 1473
3 1316 1315 1317
3 1084 1004 1614
3 37 38 238
3 1255 1254 1466
3 247 120 1171
3 466 468 1372
3 1329 1006 1670
3 452 453 454
3 400 402 1416
3 840 841 943
3 1865 1184 1898
3 136 137 229
3 28 29 228
3 1298 1111 1301
3 564 565 566
3 953 1244 1495
3 1244 954 1939
3 406 415 1349
3 1310 1052 1311
3 892 1352 1353
3 477 476 480
3 1180 1263 1877
3 1287 899 1325
3 530 464 1304
3 454 456 553
3 458 460 561
3 701 699 1332
3 473 475 1264
3 1301 1111 1302
3 1002 1697 1851
3 1495 874 1641
3 448 449 450
3 1499 764 1551
3 1217 986 1805
3 1223 1606 1647
3 338 761 1520
3 862 788 1312
3 913 1259 1267
3 475 477 478
3 944 946 1298
3 454 455 456
3 1295 1355 1356
3 720 719 721
3 1070 1055 1216
3 637 642 1599
3 1019 1218 1748
3 424 842 1473
3 149 150 1596
3 250 1642 1812
3 265 1613 1951
3 58 59 270
3 1111 1110 1443
3 712 940 1287
3 570 403 1466
3 1332 902 1333
3 690 1395 1716
3 593 1538 1539
3 1384 1202 1504
3 840 565 841
3 1231 1289 1644
3 174 175 268
3 422 368 1475
3 24 25 1119
3 585 815 1345
3 806 1244 1619
3 450 449 451
3 774 772 931
3 726 728 767
3 1201 252 1202
3 682 572 1254
3 172 173 294
3 275 122 1279
3 1366 1367 1368
3 832 1214 1706
3 456 457 458
3 1441 361 1442
3 1327 284 1328
3 1413 1252 1479
3 1207 239 1803
3 1436 1435 1440
3 1276 1275 1289
3 67 68 264
3 1115 1270 1631
3 390 388 563
3 1345 815 1354
3 368 345 1475
3 477 480 1280
3 819 817 1326
3 135 136 1240
3 1052 1049 1567
3 909 908 993
3 452 451 453
3 48 284 1327
3 923 877 1035
3 938 789 973
3 719 526 899
3 1396 1413 1479
3 69 70 289
3 1030 1649 1676
3 712 811 940
3 561 460 1271
3 1299 1298 1301
3 1182 1181 1246
3 681 572 682
3 1202 252 1504
3 829 590 1355
3 1273 1275 1276
3 983 1105 1721
3 415 598 1349
3 1193 1188 1243
3 1374 1120 1410
3 593 1537 1538
3 793 624 1321
3 1576 978 1589
3 946 1110 1111
3 41 42 1627
3 379 377 437
3 1641 1255 1913
3 994 819 1326
3 653 652 756
3 350 1361 1435
3 1035 1291 1292
3 813 730 832
3 892 444 1352
3 289 70 1432
3 674 672 800
3 1463 593 1539
3 1750 1131 1755
3 383 381 384
3 468 467 470
3 651 649 652
3 924 865 1010
3 1402 994 1403
3 929 1499 1551
3 1330 701 1332
3 1273 1274 1275
3 1363 997 1729
3 163 164 290
3 822 925 1559
3 50 244 1343
3 81 82 222
3 925 1228 1559
3 1346 687 1347
3 119 120 247
3 902 697 1431
3 1243 763 1858
3 720 981 1413
3 348 358 1361
3 418 413 1451
3 923 1035 1153
3 941 1562 1563
3 943 841 944
3 462 464 530
3 475 478 1264
3 358 346 1324
3 1194 1193 1195
3 868 1014 1015
3 458 459 460
3 624 587 1321
3 454 453 455
3 390 563 564
3 1010 1312 1313
3 933 1322 1323
3 952 1272 1273
3 565 563 1566
3 827 994 1402
3 118 1340 1341
3 460 461 462
3 628 784 1489
3 176 177 291
3 1391 1392 1393
3 877 780 1291
3 90 91 1383
3 1562 242 1769
3 346 343 1324
3 1303 289 1757
3 933 777 1322
3 1272 793 1321
3 860 952 1335
3 1336 156 1337
3 681 682 683
3 1319 677 1788
3 119 247 1340
3 1050 1049 1052
3 642 717 1599
3 703 701 1330
3 600 687 1346
3 911 751 912
3 1334 902 1431
3 1114 1115 1116
3 1288 1572 1598
3 575 629 1357
3 1169 363 1678
3 489 487 1266
3 1210 1211 1699
3 587 551 1321
3 1369 287 1370
3 865 862 1312
3 1262 1263 1892
3 156 157 1337
3 725 721 1375
3 189 190 221
3 166 167 1685
3 399 396 1468
3 927 891 1158
3 940 941 1572
3 744 747 1309
3 466 465 467
3 797 1143 1701
3 45 46 1385
3 1053 1052 1310
3 856 473 1264
3 161 233 1398
3 388 385 1433
3 551 910 1321
3 456 455 457
3 530 1305 1306
3 495 509 1248
3 924 1010 1076
3 1010 865 1312
3 448 447 449
3 1060 1928 1940
3 622 590 829
3 1336 1337 1338
3 1035 877 1291
3 348 346 358
3 1346 1347 1348
3 798 627 1351
3 26 27 1759
3 642 643 644
3 792 793 860
3 860 793 952
3 445 447 448
3 1356 1355 1473
3 778 935 1357
3 159 287 1369
3 806 1220 1677
3 792 624 793
3 1340 247 1733
3 1409 1539 1684
3 710 708 1184
3 1032 990 1603
3 807 908 909
3 1348 1347 1350
3 1333 1334 1507
3 133 243 1088
3 1333 902 1334
3 8 259 1392
3 840 943 1030
3 1061 860 1335
3 922 1345 1354
3 1179 957 1180
3 178 179 235
3 431 418 1451
3 1206 1195 1858
3 229 1232 1399
3 940 811 941
3 807 909 1362
3 988 849 1364
3 246 158 1369
3 1370 287 1371
3 718 720 1413
3 160 161 1398
3 196 197 251
3 56 57 293
3 55 56 1575
3 708 706 802
3 334 331 1342
3 1467 1468 1571
3 993 908 1307
3 719 899 1375
3 1034 1353 1853
3 728 783 1554
3 1069 918 1921
3 1383 1384 1504
3 50 51 244
3 629 778 1357
3 7 8 1392
3 288 1550 1773
3 54 55 230
3 738 739 740
3 1524 230 1525
3 958 860 1061
3 1423 1446 1447
3 1317 1315 1320
3 157 158 246
3 161 162 233
3 1292 1291 1293
3 849 847 1364
3 1392 259 1393
3 404 399 1468
3 556 555 1222
3 52 53 288
3 707 706 708
3 159 160 287
3 585 759 815
3 376 375 377
3 1187 1185 1188
3 1437 1436 1438
3 1431 1401 1476
3 736 737 738
3 885 765 1409
3 1273 1272 1274
3 1179 1180 1181
3 576 578 922
3 434 433 614
3 11 12 242
3 625 624 792
3 284 49 1343
3 1649 668 1676
3 118 119 1340
3 1313 1312 1314
3 155 156 1336
3 371 1435 1436
3 1362 909 1363
3 143 144 1947
3 1307 908 1450
3 1426 1427 1428
3 901 1865 1898
3 1150 905 1151
3 1394 259 1405
3 778 934 935
3 598 600 1346
3 661 655 762
3 600 603 687
3 201 300 1373
3 1226 1135 1728
3 521 526 718
3 371 352 1435
3 1411 271 1412
3 1377 1380 1381
3 47 48 1327
3 1412 1165 1815
3 235 1573 1740
3 443 441 1454
3 302 1386 1387
3 46 253 1385
3 1189 1188 1193
3 1393 1394 1395
3 52 288 1434
3 876 780 877
3 773 772 774
3 272 1381 1382
3 664 627 798
3 421 420 433
3 835 1028 1029
3 343 340 1520
3 512 516 1396
3 114 282 1365
3 1474 842 1475
3 523 1316 1785
3 1393 259 1394
3 440 432 1450
3 1326 817 1630
3 302 1387 1388
3 1377 301 1378
3 683 684 806
3 878 877 923
3 1364 847 1402
3 88 89 252
3 588 426 1473
3 1454 628 1489
3 266 117 1341
3 339 341 1502
3 910 549 1494
3 244 51 1434
3 847 827 1402
3 792 958 1351
3 1561 408 1725
3 448 450 666
3 1039 1125 1927
3 1019 1020 1224
3 952 793 1272
3 590 588 1355
3 253 1327 1329
3 1181 1180 1258
3 608 685 758
3 220 76 1147
3 500 502 1465
3 1376 301 1377
3 802 1330 1331
3 706 703 1330
3 598 1346 1349
3 762 1206 1743
3 532 525 1401
3 302 5 1386
3 199 271 1411
3 445 446 447
3 777 868 1322
3 272 1376 1381
3 214 267 1446
3 458 457 459
3 1383 1382 1384
3 1102 1094 1415
3 807 630 908
3 522 742 991
3 259 9 1405
3 49 50 1343
3 1325 531 1565
3 547 595 608
3 521 718 1396
3 213 214 1446
3 551 549 910
3 1026 337 1342
3 1001 928 1156
3 620 587 624
3 1427 1425 1457
3 1390 283 1391
3 287 160 1398
3 575 1357 1548
3 1377 1378 1379
3 91 272 1383
3 516 521 1396
3 272 92 1376
3 792 860 958
3 1171 275 1883
3 1446 267 1447
3 1388 1387 1389
3 48 49 284
3 485 483 486
3 697 695 1431
3 439 442 1453
3 699 697 902
3 240 1425 1426
3 337 334 1342
3 132 133 1088
3 117 118 1341
3 517 533 544
3 864 862 865
3 1428 1427 1429
3 1317 1320 1711
3 1426 1425 1427
3 563 388 1433
3 559 532 1401
3 1376 1377 1381
3 935 934 971
3 445 448 1352
3 842 422 1475
3 299 113 1365
3 383 384 385
3 387 385 388
3 261 1430 1457
3 1418 1419 1420
3 874 1254 1255
3 260 209 1424
3 112 113 299
3 605 607 1019
3 201 202 300
3 1001 1156 1253
3 1215 890 1308
3 10 1404 1405
3 1386 283 1390
3 357 352 371
3 10 11 1404
3 1387 1386 1390
3 198 199 1411
3 1377 1379 1380
3 1417 241 1418
3 705 703 706
3 271 200 1373
3 432 431 1450
3 1178 957 1179
3 707 708 710
3 695 559 1401
3 775 774 789
3 257 155 1336
3 710 1184 1185
3 1033 894 1034
3 352 350 1435
3 1497 391 1518
3 1022 1024 1025
3 444 445 1352
3 544 533 545
3 759 633 765
3 1334 519 1507
3 1292 1296 1874
3 625 792 1351
3 116 117 266
3 93 301 1376
3 4 5 302
3 852 849 988
3 93 94 301
3 866 865 924
3 1523 230 1524
3 441 628 1454
3 696 695 697
3 283 7 1392
3 752 871 1308
3 446 443 1454
3 452 1269 1809
3 1420 1419 1422
3 1418 241 1419
3 1417 1418 1421
3 6 283 1386
3 1151 905 1414
3 659 559 695
3 378 377 379
3 884 765 885
3 158 159 1369
3 209 210 1424
3 1430 1427 1457
3 114 115 282
3 200 201 1373
3 253 47 1327
3 868 869 1014
3 419 838 1344
3 568 690 712
3 199 200 271
3 815 759 1408
3 680 444 892
3 438 439 1453
3 211 241 1417
3 1286 1366 1717
3 445 443 446
3 478 477 479
3 580 585 1345
3 407 571 1483
3 5 6 1386
3 113 114 1365
3 350 348 1361
3 761 337 1026
3 1419 241 1445
3 596 414 1477
3 449 447 557
3 1346 1348 1349
3 918 915 1501
3 9 10 1405
3 91 92 272
3 1497 1518 1571
3 1189 1193 1194
3 1352 666 1353
3 1370 1371 1449
3 444 443 445
3 802 706 1330
3 827 819 994
3 1331 1330 1332
3 6 7 283
3 631 830 1005
3 790 789 938
3 542 547 1471
3 272 1382 1383
3 660 691 1526
3 1211 895 1362
3 1458 554 1459
3 868 1015 1322
3 8 9 259
3 620 624 625
3 680 892 893
3 92 93 1376
3 1269 1087 1809
3 784 896 1489
3 729 727 732
3 210 211 1417
3 1177 903 1721
3 758 685 835
3 747 750 770
3 639 795 1407
3 947 1300 1649
3 705 706 707
3 421 433 434
3 211 212 241
3 1888 1300 1949
3 915 689 1470
3 1445 213 1446
3 809 689 915
3 1423 1419 1445
3 576 922 1547
3 1229 251 1713
3 908 630 1450
3 448 666 1352
3 103 104 240
3 895 807 1362
3 916 915 918
3 720 721 722
3 135 1240 1767
3 777 735 868
3 698 697 699
3 528 1252 1260
3 669 612 951
3 722 721 723
3 680 893 907
3 367 410 736
3 853 852 883
3 1372 995 1444
3 608 595 685
3 1032 1603 1688
3 148 149 258
3 1050 1052 1053
3 547 608 1471
3 154 155 257
3 151 152 263
3 1416 1348 1595
3 744 746 747
3 240 104 1425
3 659 695 696
3 1065 1063 1066
3 639 794 795
3 671 615 672
3 893 892 894
3 521 524 526
3 1403 994 1854
3 870 1460 1461
3 208 209 260
3 89 90 1504
3 934 933 1410
3 40 41 254
3 100 101 262
3 502 528 1465
3 46 47 253
3 1174 1265 1613
3 43 44 256
3 442 680 1453
3 210 1417 1424
3 1120 934 1410
3 944 945 946
3 104 105 1425
3 212 213 1445
3 1425 105 1457
3 695 1401 1431
3 1518 805 1571
3 353 359 1344
3 673 672 674
3 11 242 1404
3 415 597 598
3 630 440 1450
3 696 697 698
3 305 225 1251
3 1579 1354 1632
3 528 1260 1261
3 574 639 1407
3 776 667 919
3 1391 283 1392
3 241 212 1445
3 797 567 1561
3 359 369 419
3 1048 1049 1050
3 734 804 870
3 235 179 1573
3 585 633 759
3 886 1071 1072
3 1034 1853 1869
3 843 729 1623
3 447 446 1358
3 809 915 916
3 558 532 559
3 716 596 1477
3 600 601 603
3 1417 1421 1424
3 56 293 1575
3 1371 287 1398
3 876 877 878
3 442 444 680
3 214 215 267
3 886 1072 1480
3 1423 1445 1446
3 279 74 1268
3 223 184 1152
3 1220 1201 1677
3 1019 607 1020
3 776 919 1448
3 233 162 1621
3 795 834 936
3 730 674 1514
3 765 633 1409
3 336 334 337
3 106 107 261
3 316 812 1577
3 855 764 972
3 1283 949 1285
3 1349 1348 1416
3 608 758 904
3 675 674 730
3 1422 1419 1423
3 215 216 1452
3 1145 1432 1925
3 771 750 772
3 419 420 421
3 1295 1356 1715
3 712 690 811
3 846 716 932
3 658 559 659
3 598 599 600
3 216 217 285
3 424 422 842
3 109 110 1455
3 1436 1440 1660
3 916 918 1069
3 51 52 1434
3 997 1363 1901
3 680 907 1453
3 571 574 1483
3 738 1634 1669
3 1005 830 1006
3 462 463 464
3 97 98 280
3 106 261 1457
3 627 625 1351
3 389 388 390
3 784 895 896
3 628 440 630
3 1164 1162 1165
3 499 497 554
3 631 1005 1513
3 700 699 701
3 434 614 615
3 979 894 1033
3 742 744 1309
3 874 682 1254
3 1079 1555 1570
3 428 412 1513
3 108 109 286
3 460 459 461
3 979 1033 1154
3 1144 1757 1911
3 835 1029 1414
3 1210 895 1211
3 90 1383 1504
3 1358 446 1359
3 255 1750 1755
3 105 106 1457
3 1241 1176 1242
3 1078 999 1079
3 1187 1188 1189
3 698 699 700
3 205 206 281
3 893 894 979
3 1468 396 1497
3 1285 949 1448
3 442 443 444
3 439 441 442
3 592 584 764
3 267 215 1452
3 670 854 959
3 784 630 807
3 747 746 749
3 515 1481 1832
3 1073 887 1074
3 1064 1063 1065
3 1429 1427 1430
3 747 749 750
3 1359 446 1454
3 808 689 809
3 896 895 1210
3 1044 1646 1663
3 1192 1412 1815
3 1071 1073 1339
3 1401 525 1476
3 462 461 463
3 809 916 917
3 242 12 1558
3 442 441 443
3 204 1223 1647
3 216 285 1452
3 704 703 705
3 782 955 1037
3 702 704 886
3 628 630 784
3 441 440 628
3 784 807 895
3 580 582 585
3 702 701 703
3 342 340 343
3 886 887 1071
3 884 885 1117
3 558 559 658
3 1071 887 1073
3 419 421 838
3 528 505 1252
3 955 1495 1641
3 439 432 440
3 864 865 866
3 922 578 1345
3 455 453 523
3 1073 1074 1161
3 629 777 778
3 557 1358 1360
3 933 1323 1410
3 512 1396 1479
3 886 704 887
3 795 794 834
3 658 659 760
3 771 772 773
3 688 562 689
3 436 426 588
3 949 776 1448
3 578 580 1345
3 190 191 1225
3 499 554 1458
3 758 835 1414
3 603 604 605
3 344 343 346
3 286 109 1455
3 702 703 704
3 756 867 897
3 1240 1107 1900
3 589 588 590
3 640 1222 1600
3 956 853 957
3 1619 1244 1939
3 439 440 441
3 387 388 389
3 347 346 348
3 402 405 406
3 946 1109 1110
3 700 701 702
3 580 581 582
3 341 367 1502
3 376 377 378
3 1064 1065 1257
3 1627 1033 1709
3 578 579 580
3 698 700 799
3 831 632 998
3 419 369 420
3 1161 1074 1162
3 365 361 1441
3 855 1224 1788
3 585 582 633
3 878 923 1498
3 663 627 664
3 608 904 1471
3 1092 1093 1094
3 626 625 627
3 950 949 1283
3 985 939 986
3 1396 718 1413
3 850 852 853
3 872 754 961
3 600 599 601
3 516 520 521
3 479 477 1280
3 1074 1464 1492
3 451 449 1608
3 1561 1725 1870
3 808 809 1456
3 54 230 1523
3 100 262 1510
3 621 590 622
3 417 429 631
3 1077 1078 1385
3 1161 1162 1163
3 1361 358 1651
3 809 917 1456
3 329 328 330
3 430 432 438
3 916 1069 1462
3 1062 970 1063
3 1453 907 1541
3 676 1123 1927
3 1464 709 1492
3 1355 588 1473
3 471 470 1230
3 688 689 808
3 1186 1185 1187
3 936 834 1031
3 568 712 1565
3 598 597 599
3 1471 904 1493
3 70 71 1432
3 1062 1063 1064
3 1300 1299 1949
3 1085 1087 1269
3 230 55 1575
3 576 577 578
3 371 1436 1437
3 552 532 558
3 1404 242 1562
3 393 391 1497
3 367 736 1502
3 531 525 532
3 773 774 775
3 917 916 1462
3 901 1243 1865
3 1324 343 1520
3 568 688 690
3 778 933 934
3 1163 1162 1164
3 633 582 1463
3 552 562 568
3 583 591 593
3 731 730 813
3 524 520 525
3 791 776 949
3 528 1261 1465
3 416 365 1441
3 720 722 981
3 639 757 794
3 631 632 830
3 831 998 999
3 831 999 1077
3 438 432 439
3 224 983 1146
3 1074 887 1464
3 870 804 1460
3 586 551 587
3 406 414 415
3 705 707 709
3 932 716 1477
3 619 587 620
3 511 510 1481
3 1409 633 1463
3 1165 1162 1492
3 550 549 551
3 704 705 1464
3 912 751 990
3 1031 834 1127
3 1357 935 1487
3 1156 927 1157
3 327 326 328
3 950 1283 1284
3 603 601 604
3 919 667 1496
3 557 447 1358
3 963 224 964
3 1077 999 1078
3 950 1284 1286
3 723 721 725
3 386 385 387
3 887 704 1464
3 605 606 607
3 1007 1702 1704
3 415 596 597
3 407 403 570
3 959 854 960
3 1133 1132 1542
3 713 622 714
3 1155 1102 1754
3 764 584 1551
3 631 429 632
3 787 664 788
3 835 836 1028
3 558 658 1470
3 574 1407 1483
3 791 949 950
3 392 394 576
3 430 418 431
3 722 723 724
3 496 498 527
3 1375 1288 1598
3 430 431 432
3 568 562 688
3 850 853 956
3 552 558 562
3 521 520 524
3 531 532 552
3 524 525 531
3 506 503 510
3 520 519 1476
3 679 667 776
3 288 53 1523
3 830 632 831
3 412 417 1513
3 944 841 945
3 770 750 771
3 574 638 639
3 601 599 617
3 516 514 519
3 542 543 547
3 547 548 595
3 855 972 1218
3 715 845 920
3 868 735 869
3 689 562 1470
3 652 649 1948
3 372 412 428
3 1359 1454 1489
3 592 764 855
3 850 849 852
3 571 570 572
3 679 791 833
3 1020 1021 1022
3 915 1470 1501
3 715 596 716
3 514 511 515
3 359 419 1344
3 1252 505 1479
3 613 542 1471
3 541 539 657
3 736 410 737
3 1046 1045 1047
3 845 716 846
3 930 846 1044
3 338 337 761
3 930 1044 1122
3 702 886 1480
3 969 866 970
3 778 777 933
3 516 519 520
3 1051 1106 1214
3 498 499 500
3 757 638 796
3 500 499 501
3 971 1120 1121
3 620 625 626
3 525 520 1476
3 387 389 1547
3 998 632 1469
3 723 725 726
3 875 780 876
3 705 709 1464
3 691 693 982
3 328 326 1488
3 937 992 1170
3 822 753 890
3 794 757 801
3 605 604 606
3 632 429 1469
3 679 776 791
3 879 878 880
3 237 1133 1134
3 401 399 404
3 506 511 512
3 775 789 790
3 505 503 506
3 753 752 1308
3 700 702 1480
3 361 357 1442
3 421 434 1503
3 509 1237 1238
3 14 15 245
3 502 505 528
3 349 348 350
3 512 514 516
3 606 604 667
3 571 573 574
3 671 672 673
3 1022 1023 1024
3 1231 470 1620
3 799 700 1480
3 1280 480 1603
3 429 418 430
3 573 572 681
3 639 638 757
3 562 558 1470
3 179 180 1573
3 502 501 503
3 969 970 1062
3 956 957 1178
3 779 714 780
3 681 683 914
3 330 353 1485
3 406 405 414
3 838 421 1503
3 1186 1190 1191
3 500 501 502
3 1451 413 1512
3 597 596 715
3 144 145 1082
3 415 414 596
3 670 959 1503
3 573 681 1491
3 407 570 571
3 506 510 511
3 583 593 1463
3 1555 907 1570
3 326 323 1515
3 512 511 514
3 879 1002 1057
3 863 862 864
3 834 794 1484
3 429 430 1469
3 710 1185 1186
3 663 664 787
3 501 499 1458
3 845 846 930
3 540 541 542
3 515 511 1481
3 861 788 862
3 715 716 845
3 430 438 1469
3 290 164 1667
3 920 1428 1770
3 848 847 849
3 1558 13 1886
3 25 249 1119
3 1020 607 1021
3 626 627 663
3 948 1148 1149
3 742 743 744
3 972 764 1499
3 548 543 549
3 502 503 505
3 804 948 1460
3 1191 1190 1192
3 606 667 679
3 1162 1074 1492
3 522 991 1653
3 804 900 948
3 330 332 353
3 571 572 573
3 373 365 416
3 436 588 589
3 1313 1316 1804
3 951 612 1546
3 1175 270 1837
3 658 760 1501
3 323 325 1515
3 638 573 1491
3 790 938 939
3 738 737 739
3 417 418 429
3 1541 907 1555
3 531 552 1565
3 1030 943 1649
3 574 573 638
3 500 1465 1486
3 759 765 857
3 498 497 499
3 794 801 1484
3 1509 1508 1535
3 1189 1194 1229
3 411 368 422
3 599 597 1490
3 674 800 1514
3 1127 834 1484
3 1112 437 1953
3 99 100 1510
3 960 854 1027
3 353 1344 1485
3 1186 1187 1190
3 956 1178 1226
3 971 934 1120
3 383 385 386
3 673 674 675
3 1622 1578 1678
3 333 335 937
3 519 514 1507
3 1470 658 1501
3 1046 1047 1060
3 550 551 586
3 546 636 1281
3 787 861 921
3 879 880 1002
3 725 1375 1598
3 389 390 391
3 787 788 861
3 621 622 713
3 586 587 619
3 1022 1021 1023
3 589 590 621
3 1175 1176 1241
3 434 670 1503
3 36 37 1160
3 848 849 850
3 425 435 575
3 828 827 847
3 1336 1338 1655
3 900 769 901
3 405 403 407
3 734 769 804
3 434 615 670
3 1079 999 1555
3 821 822 1559
3 353 354 359
3 402 403 405
3 498 500 1486
3 389 392 1547
3 542 541 543
3 626 663 766
3 330 328 332
3 864 866 969
3 496 497 498
3 629 735 777
3 82 83 1673
3 344 346 347
3 550 586 678
3 548 549 550
3 1342 331 1485
3 876 878 879
3 261 107 1574
3 342 343 344
3 347 348 349
3 575 623 629
3 735 623 1516
3 670 615 671
3 796 638 1491
3 835 685 836
3 946 945 1109
3 380 379 381
3 541 657 1494
3 336 337 338
3 580 579 581
3 582 581 583
3 948 900 1148
3 540 542 613
3 578 577 579
3 681 914 1491
3 956 1226 1553
3 1242 1176 1633
3 993 1307 1710
3 779 875 1017
3 619 620 1508
3 420 369 1400
3 597 715 1490
3 357 371 1442
3 1335 952 1674
3 941 811 942
3 879 1057 1517
3 861 862 863
3 527 498 1486
3 1809 1087 1853
3 395 393 396
3 826 859 1036
3 582 583 1463
3 904 758 905
3 779 780 875
3 670 671 854
3 329 330 331
3 108 286 1574
3 771 773 816
3 715 920 1490
3 1532 1533 1534
3 713 714 779
3 359 362 369
3 804 769 900
3 724 1824 1877
3 327 328 329
3 620 626 1508
3 576 394 577
3 1223 1163 1606
3 904 906 1493
3 566 840 1612
3 1302 1111 1443
3 880 878 1498
3 505 506 1479
3 905 758 1414
3 356 360 366
3 613 1471 1493
3 1461 510 1787
3 547 543 548
3 1432 1145 1911
3 506 512 1479
3 1017 875 1118
3 167 168 298
3 619 1508 1509
3 1212 1043 1213
3 514 515 1507
3 893 979 1570
3 617 599 1490
3 382 381 383
3 417 413 418
3 395 397 398
3 53 54 1523
3 1311 1052 1567
3 400 401 402
3 889 888 1011
3 595 548 1522
3 1154 1033 1627
3 591 584 592
3 1209 236 1607
3 433 420 560
3 1477 414 1528
3 601 617 1496
3 417 631 1513
3 635 567 797
3 397 399 400
3 709 707 1505
3 920 845 1500
3 394 393 395
3 673 675 803
3 707 710 1505
3 1237 1239 1860
3 828 847 848
3 389 391 392
3 744 745 746
3 392 391 393
3 1179 1181 1182
3 1257 263 1899
3 412 413 417
3 759 857 1408
3 1273 1276 1674
3 220 1253 1268
3 733 332 1488
3 998 1469 1541
3 464 463 465
3 1461 1787 1820
3 604 601 1496
3 621 713 837
3 414 405 1528
3 591 677 1537
3 1175 869 1176
3 679 833 1511
3 423 422 424
3 316 318 812
3 411 423 427
3 412 373 413
3 354 332 733
3 1056 1055 1070
3 351 350 352
3 726 725 727
3 1767 1240 1900
3 912 990 1032
3 517 544 1688
3 583 581 584
3 985 986 1003
3 607 606 1511
3 402 401 403
3 1323 1322 1642
3 629 623 735
3 564 566 805
3 425 424 426
3 549 543 1494
3 579 577 929
3 354 733 1604
3 400 399 401
3 436 589 686
3 397 396 399
3 591 592 677
3 197 198 1591
3 435 426 436
3 184 185 1152
3 1469 438 1541
3 1092 1091 1093
3 1038 955 1641
3 372 373 412
3 685 595 1506
3 991 742 1309
3 675 730 731
3 392 393 394
3 1508 766 1535
3 396 393 1497
3 845 930 1500
3 461 459 513
3 496 495 497
3 324 326 327
3 395 396 397
3 407 1483 1528
3 858 825 1016
3 1532 1509 1533
3 1021 607 1511
3 341 340 342
3 925 1227 1228
3 373 416 1512
3 575 435 623
3 667 604 1496
3 537 535 785
3 438 1453 1541
3 1013 1012 1045
3 349 350 351
3 583 584 591
3 540 539 541
3 875 876 1517
3 405 407 1528
3 487 504 1266
3 876 879 1517
3 335 334 336
3 324 327 594
3 494 495 496
3 425 426 435
3 423 424 425
3 820 819 827
3 411 422 423
3 347 349 355
3 1186 1191 1505
3 800 1567 1768
3 323 321 325
3 322 324 1588
3 1042 836 1043
3 378 379 380
3 383 386 1546
3 1090 1155 1902
3 801 757 1536
3 1028 836 1042
3 1014 869 1175
3 543 541 1494
3 606 679 1511
3 331 330 1485
3 710 1186 1505
3 1288 940 1572
3 1354 815 1696
3 410 368 411
3 1564 277 1601
3 757 796 1536
3 966 1723 1731
3 372 365 373
3 268 175 1610
3 995 856 1108
3 654 660 881
3 374 375 376
3 1439 873 1593
3 1758 985 1780
3 626 766 1508
3 71 232 1432
3 341 345 367
3 1488 326 1515
3 467 465 469
3 785 535 1668
3 882 989 1207
3 1682 1605 1847
3 154 257 1657
3 490 492 529
3 1339 1219 1930
3 844 669 984
3 1143 1568 1701
3 820 827 828
3 341 342 345
3 150 151 1699
3 413 373 1512
3 1027 854 1521
3 370 322 1588
3 918 1501 1590
3 1042 1043 1212
3 1176 869 1516
3 507 508 517
3 937 335 992
3 941 942 1562
3 364 365 372
3 1531 1509 1532
3 734 694 769
3 339 338 340
3 392 576 1547
3 904 905 906
3 790 939 980
3 548 550 1522
3 709 1505 1581
3 1109 945 1183
3 665 844 882
3 1037 955 1038
3 382 383 1546
3 828 848 851
3 691 982 1526
3 380 381 382
3 990 751 1585
3 1118 875 1517
3 351 352 356
3 795 936 1638
3 324 323 326
3 980 939 985
3 871 1144 1145
3 480 481 507
3 999 998 1555
3 907 893 1570
3 390 564 1518
3 1165 1492 1581
3 339 340 341
3 1547 922 1579
3 854 671 1521
3 1013 1045 1046
3 391 390 1518
3 751 486 1585
3 998 1541 1555
3 740 739 752
3 961 754 1592
3 921 861 1529
3 550 678 1522
3 1212 1213 1557
3 1506 595 1522
3 1584 797 1701
3 374 362 375
3 494 493 495
3 1036 859 1167
3 367 345 368
3 871 754 872
3 220 1147 1168
3 906 905 1150
3 367 368 410
3 522 741 742
3 538 539 540
3 636 637 1599
3 332 328 1488
3 861 863 1529
3 372 428 1583
3 333 331 334
3 336 338 339
3 364 361 365
3 360 361 364
3 693 694 734
3 869 735 1516
3 107 108 1574
3 1056 1070 1129
3 76 77 1147
3 841 565 1566
3 1130 258 1729
3 671 673 1521
3 411 427 1527
3 1379 280 1745
3 1337 246 1806
3 333 937 1543
3 81 222 1137
3 1505 1191 1581
3 1549 1017 1550
3 850 956 1553
3 731 813 814
3 836 685 1506
3 978 977 1636
3 1533 1509 1535
3 356 352 357
3 1270 223 1631
3 1525 230 1575
3 678 586 1531
3 339 1502 1569
3 673 803 1521
3 552 568 1565
3 472 856 995
3 280 1379 1789
3 857 765 884
3 749 746 1478
3 492 493 494
3 665 612 669
3 619 1509 1531
3 1123 1124 1791
3 1613 297 1720
3 1656 885 1684
3 1474 1475 1597
3 1516 623 1540
3 451 1608 1840
3 586 619 1531
3 848 850 1553
3 394 395 1530
3 110 111 1639
3 871 872 1144
3 425 575 1548
3 395 398 1530
3 356 357 360
3 186 187 224
3 644 645 646
3 321 319 1635
3 1544 837 1545
3 1646 936 1663
3 78 79 225
3 1389 285 1790
3 646 645 647
3 333 334 335
3 304 225 305
3 410 411 1527
3 360 357 361
3 779 1017 1549
3 737 410 1527
3 577 394 1530
3 353 332 354
3 694 692 763
3 612 382 1546
3 436 686 1540
3 931 772 1732
3 857 884 1107
3 1333 1507 1625
3 564 805 1518
3 748 818 839
3 435 436 1540
3 814 824 873
3 400 1416 1595
3 380 382 611
3 280 98 1650
3 665 669 844
3 929 577 1530
3 386 387 1579
3 1230 470 1231
3 1404 1562 1924
3 593 591 1537
3 883 1263 1879
3 1043 836 1506
3 329 331 333
3 818 819 820
3 1118 1434 1773
3 371 1437 1442
3 450 452 1809
3 1094 1097 1415
3 589 621 1544
3 397 400 1595
3 623 435 1540
3 945 841 1566
3 251 197 1591
3 763 1243 1880
3 713 779 1549
3 979 1154 1683
3 492 491 493
3 621 837 1544
3 584 581 1551
3 1229 1194 1786
3 1104 843 1623
3 818 817 819
3 1013 1046 1159
3 538 537 539
3 1054 1053 1055
3 837 713 1549
3 1492 709 1581
3 1475 345 1597
3 1398 233 1624
3 611 382 612
3 318 320 1605
3 480 507 1603
3 374 376 1586
3 376 378 662
3 579 929 1551
3 423 425 1548
3 686 589 1544
3 427 423 1548
3 581 579 1551
3 1406 1217 1805
3 1477 1528 1609
3 258 1363 1729
3 478 479 482
3 490 491 492
3 141 1048 1221
3 176 291 1610
3 1207 989 1482
3 752 754 871
3 555 609 616
3 1528 1483 1609
3 1023 1021 1618
3 814 813 823
3 437 377 1953
3 873 824 1593
3 859 858 997
3 882 844 989
3 99 1510 1650
3 1265 1166 1951
3 980 1306 1751
3 1468 1497 1571
3 693 692 694
3 1044 846 1646
3 1097 1099 1813
3 1085 1086 1087
3 1243 901 1880
3 536 538 618
3 691 692 693
3 1136 236 1209
3 742 741 743
3 635 797 1584
3 258 149 1596
3 1003 986 1004
3 485 486 487
3 727 725 1598
3 851 848 1553
3 611 612 665
3 1601 1205 1602
3 1197 234 1198
3 1094 1095 1097
3 387 1547 1579
3 1400 374 1586
3 1928 1611 1940
3 345 342 1597
3 545 533 1552
3 540 613 1580
3 782 953 955
3 284 1343 1771
3 560 420 1400
3 428 1513 1665
3 767 1258 1824
3 614 1311 1834
3 1485 1344 1640
3 490 489 491
3 1183 945 1566
3 1720 274 1749
3 359 354 362
3 752 739 754
3 254 1627 1709
3 335 336 1569
3 959 960 1700
3 1501 760 1590
3 980 985 1758
3 594 327 1543
3 1250 973 1943
3 517 518 533
3 45 1385 1810
3 770 771 1672
3 327 329 1543
3 536 537 538
3 654 881 1687
3 826 858 859
3 336 339 1569
3 1213 1043 1629
3 1562 942 1924
3 969 1062 1655
3 1083 1084 1085
3 238 1067 1217
3 364 372 1583
3 1309 770 1839
3 729 732 1623
3 1212 269 1894
3 1151 1414 1615
3 748 839 1478
3 223 1152 1245
3 22 23 274
3 1338 863 1933
3 840 1030 1612
3 324 594 1588
3 538 540 1580
3 1085 1084 1086
3 342 344 1597
3 320 322 370
3 1487 935 1718
3 375 362 1604
3 1006 830 1670
3 1174 1720 1749
3 755 781 782
3 744 743 745
3 130 131 273
3 967 1040 1245
3 831 1077 1670
3 449 557 1608
3 409 634 668
3 1414 1029 1615
3 369 374 1400
3 743 741 1018
3 369 362 374
3 482 484 522
3 398 397 1595
3 163 290 1621
3 1067 1068 1614
3 386 1579 1632
3 322 323 324
3 319 610 1635
3 1026 1342 1640
3 536 535 537
3 1113 278 1114
3 640 556 1222
3 782 781 953
3 167 298 1685
3 1050 1053 1054
3 760 659 1680
3 1557 290 1667
3 482 479 483
3 734 870 1703
3 175 176 1610
3 488 489 490
3 245 15 1166
3 662 1857 1872
3 739 737 1592
3 1542 820 1691
3 60 61 295
3 1577 1578 1622
3 1363 258 1910
3 162 163 1621
3 1163 1164 1606
3 796 1491 1628
3 1500 930 1659
3 963 965 1152
3 1780 1003 1797
3 1754 1059 1764
3 362 354 1604
3 737 1527 1592
3 1029 1028 1626
3 1025 1319 1844
3 1054 1055 1056
3 1242 1633 1654
3 992 335 1569
3 203 204 1647
3 1076 1010 1804
3 774 931 1943
3 1440 1361 1651
3 1540 686 1633
3 826 1036 1593
3 824 826 1593
3 973 789 1943
3 1193 1243 1858
3 1516 1540 1633
3 1153 1035 1874
3 303 810 1147
3 467 469 1620
3 322 321 323
3 748 745 817
3 1003 1004 1083
3 746 745 748
3 474 471 1230
3 748 817 818
3 1639 299 1916
3 1083 1004 1084
3 1599 717 1912
3 1342 1485 1640
3 1609 1407 1638
3 504 913 1266
3 605 1019 1748
3 534 518 535
3 932 1609 1638
3 687 603 1748
3 1483 1407 1609
3 932 1477 1609
3 248 1626 1796
3 1385 1078 1810
3 1642 1015 1643
3 943 947 1649
3 1000 1578 1682
3 416 1441 1689
3 881 1526 1860
3 480 476 481
3 1451 1512 1710
3 814 823 824
3 661 762 1743
3 1608 557 1652
3 1008 1564 1601
3 254 41 1627
3 1371 1398 1624
3 914 683 1677
3 376 662 1586
3 826 825 858
3 1198 234 1199
3 1026 1640 1681
3 824 823 825
3 261 1574 1819
3 534 535 536
3 1021 1511 1618
3 1511 833 1618
3 1100 1098 1101
3 824 825 826
3 329 333 1543
3 1213 1629 1661
3 909 993 1901
3 691 661 692
3 1324 1760 1795
3 488 487 489
3 1009 1012 1013
3 509 1238 1248
3 754 739 1592
3 1656 1684 1808
3 378 380 1594
3 1344 838 1640
3 295 1643 1831
3 1324 1520 1760
3 233 1621 1881
3 310 312 1577
3 1002 1328 1771
3 800 672 1834
3 1506 1522 1629
3 3 112 1843
3 642 644 717
3 1491 914 1628
3 268 1610 1611
3 1221 1054 1722
3 260 1339 1930
3 953 781 954
3 732 727 1598
3 256 44 1810
3 1248 1238 1587
3 618 538 1580
3 1170 992 1634
3 42 43 1890
3 1243 1188 1865
3 1393 1395 1741
3 271 1373 1765
3 1608 1076 1840
3 111 3 1843
3 1455 110 1639
3 1407 795 1638
3 746 748 1478
3 1125 676 1927
3 616 786 888
3 517 508 518
3 982 693 1703
3 669 951 1737
3 1638 936 1646
3 1499 1675 1762
3 347 355 1671
3 813 832 1827
3 247 1171 1648
3 1322 1015 1642
3 533 518 534
3 1507 515 1625
3 648 647 649
3 315 409 1556
3 1546 386 1632
3 1481 1460 1832
3 325 321 1635
3 1055 1053 1686
3 1554 978 1576
3 555 545 609
3 660 661 691
3 320 321 322
3 1099 1171 1883
3 950 1286 1717
3 522 484 741
3 708 802 1859
3 232 1203 1736
3 268 1616 1944
3 236 146 1607
3 1094 1093 1095
3 358 1324 1795
3 662 378 1594
3 1418 1420 1783
3 536 618 1582
3 293 57 1658
3 953 954 1244
3 1108 856 1756
3 1097 1098 1099
3 484 483 485
3 698 799 1727
3 507 481 508
3 996 1731 1821
3 380 611 1594
3 263 152 1899
3 566 1612 1776
3 1423 1447 1952
3 750 749 1732
3 846 932 1646
3 1603 507 1688
3 174 268 1944
3 1574 1285 1819
3 178 235 1777
3 490 529 1698
3 1190 1187 1713
3 1438 1436 1660
3 1474 1597 1671
3 951 1546 1632
3 482 483 484
3 1452 1069 1921
3 485 487 488
3 1166 1747 1951
3 0 4 1855
3 94 2 1856
3 98 99 1650
3 1387 1390 1784
3 320 319 321
3 833 791 1717
3 968 768 1128
3 219 0 1855
3 2 95 1856
3 291 177 1777
3 1583 428 1920
3 1231 1644 1838
3 1663 262 1907
3 246 1369 1793
3 1037 1038 1776
3 243 134 1767
3 755 782 1708
3 1172 227 1929
3 1171 1099 1648
3 1043 1506 1629
3 557 1360 1652
3 1640 838 1681
3 257 1336 1655
3 863 1338 1806
3 57 58 1658
3 470 467 1620
3 319 317 610
3 958 1061 1711
3 238 38 1067
3 1097 1095 1098
3 1653 991 1756
3 1522 678 1629
3 1502 736 1669
3 755 635 781
3 1310 614 1878
3 299 1781 1916
3 409 668 1556
3 1629 678 1661
3 646 648 711
3 1079 1570 1683
3 1503 959 1681
3 655 653 1519
3 1665 1005 1697
3 185 963 1152
3 153 154 1657
3 302 1388 1855
3 58 270 1658
3 1264 478 1653
3 903 968 1723
3 954 781 1584
3 24 1119 1290
3 828 851 1691
3 897 1007 1008
3 1671 355 1715
3 1185 1184 1865
3 1152 965 1245
3 1724 295 1831
3 1531 1532 1661
3 1394 1405 1924
3 1378 301 1856
3 890 753 1308
3 1022 1025 1844
3 1117 885 1656
3 1009 786 1012
3 77 303 1147
3 398 1350 1675
3 1285 1448 1819
3 816 773 1707
3 320 370 1605
3 534 536 1582
3 1655 1062 1884
3 1176 1516 1633
3 930 1122 1659
3 269 166 1685
3 923 1153 1920
3 1079 1683 1946
3 1675 1350 1762
3 1297 355 1799
3 1208 1129 1857
3 165 269 1667
3 961 1592 1662
3 508 481 962
3 1385 253 1871
3 1180 957 1879
3 1824 1258 1877
3 455 523 1785
3 919 1496 1705
3 123 124 255
3 1018 1645 1698
3 1255 1467 1913
3 103 240 1814
3 1100 1126 1318
3 977 1174 1749
3 1513 1005 1665
3 1597 344 1671
3 811 690 1716
3 1328 1002 1851
3 1189 1229 1713
3 609 545 1552
3 1499 929 1675
3 938 1406 1805
3 1059 1763 1764
3 648 649 650
3 952 1273 1674
3 427 1487 1662
3 1643 1015 1831
3 1302 1443 1794
3 1100 1101 1126
3 1645 488 1698
3 954 1584 1735
3 646 647 648
3 533 534 1552
3 1077 1385 1871
3 967 1039 1040
3 1544 1545 1654
3 510 503 1787
3 939 938 1805
3 476 474 1664
3 1424 1421 1862
3 1251 1137 1937
3 634 635 755
3 1621 1534 1881
3 987 1000 1682
3 375 1604 1953
3 164 165 1667
3 1147 810 1168
3 853 883 1879
3 1456 1391 1741
3 936 1031 1663
3 312 313 314
3 202 1 1863
3 1532 1534 1694
3 1779 1403 1854
3 101 102 1848
3 1224 1020 1844
3 1083 1085 1829
3 310 311 312
3 1552 534 1582
3 1137 222 1138
3 1 203 1863
3 763 692 1743
3 1063 970 1914
3 992 1569 1669
3 1467 1571 1798
3 1129 1207 1803
3 614 433 1878
3 1099 1098 1100
3 1239 1236 1873
3 307 898 1753
3 308 309 310
3 1607 147 1950
3 1550 1017 1773
3 1633 686 1654
3 501 1458 1787
3 686 1544 1654
3 1819 1448 1861
3 883 852 1897
3 615 614 1834
3 1060 1047 1885
3 1103 843 1104
3 967 996 1039
3 1489 896 1941
3 312 314 316
3 318 317 319
3 830 831 1670
3 1835 1709 1869
3 1211 1362 1910
3 1441 1439 1689
3 208 260 1930
3 660 655 661
3 1885 1047 1887
3 1731 1742 1821
3 1592 1527 1662
3 743 1018 1630
3 724 723 1824
3 1018 741 1645
3 1569 1502 1669
3 1578 1000 1678
3 592 855 1788
3 781 635 1584
3 1326 1630 1746
3 344 347 1671
3 1153 1583 1920
3 965 967 1245
3 1460 948 1832
3 817 745 1630
3 494 496 1867
3 857 1107 1752
3 1527 427 1662
3 1217 1067 1614
3 1724 1831 1837
3 1119 249 1589
3 63 64 250
3 318 319 320
3 1447 1590 1952
3 1465 1261 1935
3 1082 1136 1706
3 1589 978 1636
3 790 980 1751
3 267 1452 1921
3 1235 1267 1893
3 796 1628 1922
3 1282 1090 1902
3 967 966 996
3 678 1531 1661
3 513 459 1766
3 651 652 653
3 482 522 1653
3 1093 1091 1096
3 1136 1209 1827
3 1138 1841 1937
3 1155 1754 1764
3 1700 960 1760
3 507 517 1688
3 771 816 1672
3 654 655 660
3 1512 416 1772
3 311 309 602
3 866 924 1891
3 1167 859 1774
3 975 977 978
3 932 1638 1646
3 1553 1226 1728
3 1065 1066 1679
3 1673 276 1845
3 304 305 306
3 485 488 1645
3 416 1689 1772
3 659 696 1680
3 1847 370 1938
3 1794 1443 1864
3 653 756 1519
3 1246 1181 1807
3 132 1088 1282
3 523 453 1840
3 356 366 1833
3 745 743 1630
3 224 187 983
3 59 60 1724
3 683 806 1677
3 1258 767 1807
3 80 81 1137
3 1449 766 1868
3 634 755 1676
3 1570 979 1683
3 1590 760 1952
3 1530 398 1675
3 492 494 1779
3 964 224 1146
3 1588 1228 1938
3 1279 1415 1813
3 270 59 1724
3 901 769 1880
3 863 864 1933
3 1061 1335 1692
3 1065 1679 1690
3 1082 1706 1947
3 409 567 634
3 1490 920 1770
3 787 921 1868
3 616 609 786
3 314 313 315
3 1661 1532 1694
3 231 194 1786
3 567 408 1561
3 1573 1011 1740
3 1191 1192 1815
3 1578 812 1682
3 838 1503 1681
3 1159 1046 1739
3 1286 1284 1781
3 1744 1121 1757
3 650 649 651
3 478 482 1653
3 609 1552 1695
3 308 310 1622
3 1612 1037 1776
3 726 767 1824
3 1545 837 1825
3 257 1655 1884
3 951 1696 1737
3 97 280 1789
3 1382 1381 1823
3 134 135 1767
3 1683 256 1946
3 1320 958 1711
3 649 647 1875
3 929 1530 1675
3 285 217 1790
3 1257 1065 1690
3 1053 1310 1686
3 885 1409 1684
3 355 349 1799
3 888 786 1009
3 484 485 1645
3 741 484 1645
3 307 305 898
3 766 1449 1889
3 1439 1593 1689
3 766 663 1868
3 1384 1382 1922
3 1133 1542 1691
3 985 1003 1780
3 463 461 1826
3 1448 919 1861
3 481 476 1664
3 1318 1025 1733
3 965 966 967
3 1148 900 1898
3 1580 613 1887
3 1370 921 1793
3 815 1408 1696
3 1488 1515 1794
3 1474 1671 1715
3 993 1774 1901
3 914 1677 1896
3 636 1599 1734
3 634 567 635
3 1596 1211 1910
3 1215 1145 1925
3 474 1230 1664
3 173 174 1944
3 151 263 1699
3 1005 1006 1697
3 306 307 308
3 1115 1631 1909
3 1776 1038 1798
3 889 1011 1895
3 1025 1024 1733
3 1378 96 1789
3 218 1388 1790
3 535 518 1668
3 820 828 1691
3 1108 1756 1839
3 1356 1474 1715
3 1213 1661 1694
3 1261 1260 1892
3 1681 959 1700
3 306 308 363
3 315 408 409
3 1683 1154 1890
3 1146 983 1721
3 23 24 1290
3 1634 992 1669
3 298 1626 1726
3 316 314 317
3 235 1740 1836
3 1626 1028 1726
3 1655 1338 1933
3 240 1659 1814
3 1515 1302 1794
3 1358 1359 1934
3 40 254 1846
3 1227 987 1847
3 1391 1393 1741
3 1008 1602 1761
3 1228 1588 1876
3 364 1583 1908
3 366 360 1908
3 242 1558 1769
3 316 317 318
3 292 1058 1059
3 1236 1235 1893
3 225 79 1251
3 223 1245 1631
3 761 1026 1700
3 1326 1746 1854
3 1008 1007 1564
3 1371 1624 1889
3 803 675 1931
3 1583 1153 1908
3 1680 696 1727
3 1040 1039 1123
3 1277 561 1780
3 896 1679 1941
3 1307 1451 1710
3 1118 1517 1811
3 1440 1651 1842
3 1593 1036 1689
3 317 314 1637
3 1709 1034 1869
3 654 653 655
3 1557 1213 1694
3 924 1652 1891
3 1813 1099 1883
3 1277 1780 1797
3 668 634 1676
3 610 317 1637
3 171 1617 1817
3 1013 1159 1836
3 1033 1034 1709
3 153 1657 1899
3 315 1556 1637
3 693 734 1703
3 1259 1075 1912
3 1536 1382 1823
3 1535 766 1889
3 1142 1561 1870
3 1382 1536 1922
3 942 811 1716
3 1395 1394 1716
3 935 971 1718
3 314 315 1637
3 131 132 1282
3 1746 529 1854
3 1550 1524 1825
3 1157 927 1158
3 644 646 1666
3 315 313 408
3 799 1480 1849
3 1028 1042 1726
3 962 481 1664
3 1099 1100 1648
3 1165 1581 1815
3 1567 1051 1768
3 773 775 1707
3 646 711 1666
3 1245 1040 1631
3 488 490 1698
3 997 858 1822
3 1602 762 1761
3 1549 1550 1825
3 1652 1360 1891
3 1496 617 1705
3 694 763 1880
3 1027 1521 1842
3 791 950 1717
3 1121 1303 1757
3 711 1267 1942
3 1575 293 1714
3 1616 294 1944
3 772 750 1732
3 717 644 1666
3 508 962 1668
3 1261 1897 1935
3 1158 1215 1736
3 409 408 567
3 1380 801 1823
3 1718 971 1744
3 1011 888 1740
3 518 508 1668
3 906 1150 1928
3 1227 1847 1938
3 1187 1189 1713
3 1264 1653 1756
3 1584 1701 1735
3 310 1577 1622
3 1119 1589 1636
3 767 1576 1807
3 656 1742 1875
3 898 1251 1937
3 1100 1318 1648
3 77 78 303
3 965 964 966
3 1269 452 1926
3 1107 884 1900
3 185 186 963
3 312 316 1577
3 651 653 654
3 786 609 1695
3 696 698 1727
3 1253 1156 1816
3 561 1758 1780
3 1737 1408 1752
3 1150 1611 1928
3 1350 1347 1762
3 180 1113 1932
3 181 278 1113
3 1552 1582 1695
3 1168 810 1169
3 856 1264 1756
3 18 19 1719
3 561 1271 1758
3 594 1560 1876
3 1011 1573 1932
3 1742 1128 1875
3 1101 1098 1830
3 1142 1870 1904
3 1116 1115 1791
3 1230 1231 1838
3 454 553 1926
3 1197 1198 1735
3 1026 1681 1700
3 1012 786 1695
3 1281 636 1734
3 147 1130 1950
3 650 651 1687
3 1432 232 1925
3 1054 1056 1722
3 1525 1575 1714
3 1047 1045 1866
3 1576 1246 1807
3 971 1121 1744
3 1045 1012 1818
3 1290 1119 1636
3 312 311 313
3 20 21 297
3 1086 1084 1712
3 1268 1253 1816
3 1042 1212 1894
3 1660 803 1931
3 603 605 1748
3 1156 1157 1816
3 808 1456 1741
3 968 1128 1742
3 1691 851 1828
3 303 304 810
3 984 669 1737
3 1692 463 1826
3 1705 617 1770
3 1529 863 1806
3 1438 1660 1931
3 1192 1190 1915
3 1014 1175 1837
3 1259 1912 1942
3 310 309 311
3 1046 1060 1739
3 1762 1347 1782
3 126 127 292
3 1677 1201 1896
3 1140 1142 1904
3 1434 288 1773
3 1347 687 1782
3 1051 1214 1768
3 1618 833 1917
3 1181 1258 1807
3 1707 775 1751
3 1689 1036 1772
3 1760 960 1795
3 1128 652 1948
3 1612 1030 1708
3 1267 711 1893
3 309 307 1753
3 756 897 1519
3 194 195 1786
3 1328 284 1771
3 1214 1514 1768
3 1117 1767 1900
3 1520 761 1760
3 1615 1029 1802
3 1149 1148 1882
3 1412 271 1765
3 1534 1621 1936
3 921 1529 1793
3 851 1553 1728
3 1651 1027 1842
3 984 1737 1752
3 22 274 1775
3 1127 1484 1745
3 308 307 309
3 1568 1197 1701
3 775 790 1751
3 602 309 1753
3 217 218 1790
3 1095 1093 1693
3 1368 1618 1917
3 96 97 1789
3 129 130 1763
3 1739 1060 1940
3 306 305 307
3 128 129 1058
3 1621 290 1936
3 1408 857 1752
3 169 170 248
3 1283 286 1954
3 21 22 1775
3 130 273 1763
3 1605 370 1847
3 266 1341 1778
3 1089 1656 1808
3 963 964 965
3 294 173 1944
3 1859 1148 1898
3 972 1762 1782
3 459 457 1766
3 276 1196 1568
3 256 1810 1946
3 692 661 1743
3 299 1365 1781
3 222 82 1673
3 1402 1403 1906
3 177 178 1777
3 1443 1112 1864
3 987 1682 1847
3 969 1655 1933
3 1626 298 1796
3 1698 529 1746
3 258 1596 1910
3 553 1277 1797
3 870 1461 1820
3 1137 1138 1937
3 651 654 1687
3 1514 800 1768
3 972 1499 1762
3 17 18 265
3 275 1279 1813
3 1591 1192 1915
3 1421 1418 1783
3 1630 1018 1746
3 1399 984 1903
3 1057 1002 1771
3 1467 1798 1913
3 1017 1118 1773
3 1045 1818 1866
3 231 1786 1945
3 761 1700 1760
3 1369 1370 1793
3 1225 1564 1704
3 1093 1096 1693
3 1389 1387 1784
3 1729 997 1822
3 617 1490 1770
3 1685 298 1726
3 1140 1141 1142
3 1381 1380 1823
3 648 650 1800
3 16 17 1747
3 1145 1144 1911
3 1766 457 1785
3 1036 1167 1772
3 805 566 1776
3 457 455 1785
3 1379 1378 1789
3 1388 1389 1790
3 1091 1089 1808
3 1218 972 1782
3 363 308 1622
3 1800 650 1873
3 277 1204 1601
3 1659 1122 1814
3 1070 1216 1872
3 503 501 1787
3 1679 1066 1941
3 1142 1141 1143
3 1558 1104 1769
3 1010 1313 1804
3 256 1683 1890
3 859 997 1774
3 988 1364 1919
3 1169 810 1801
3 1684 1096 1808
3 1338 1337 1806
3 996 966 1731
3 1870 602 1904
3 994 1326 1854
3 529 492 1779
3 986 939 1805
3 1263 724 1877
3 1676 755 1708
3 677 592 1788
3 666 450 1809
3 1571 805 1798
3 888 1009 1740
3 649 1875 1948
3 1216 1586 1872
3 960 1027 1795
3 1643 295 1923
3 1853 1087 1869
3 1736 1215 1925
3 1003 1083 1797
3 1430 261 1819
3 1085 1269 1829
3 239 1722 1803
3 311 602 1725
3 1267 1259 1942
3 221 190 1225
3 1061 1692 1826
3 733 1794 1864
3 1841 898 1937
3 1573 180 1932
3 44 45 1810
3 60 295 1724
3 647 656 1875
3 1133 1691 1828
3 733 1488 1794
3 102 103 1814
3 1290 1636 1749
3 1015 1014 1831
3 1722 1056 1803
3 349 351 1799
3 1545 1525 1850
3 168 169 1796
3 452 454 1926
3 1696 1408 1737
3 1756 991 1839
3 1657 257 1884
3 124 125 1750
3 1190 1713 1915
3 672 615 1834
3 1195 1193 1858
3 1030 1676 1708
3 723 726 1824
3 1480 1072 1849
3 1458 1459 1820
3 1636 977 1749
3 1364 1402 1906
3 292 1059 1131
3 1517 1057 1811
3 1478 839 1792
3 254 1709 1835
3 1138 222 1139
3 62 63 1812
3 1184 708 1859
3 1765 1373 1905
3 377 375 1953
3 1415 1097 1813
3 1035 1292 1874
3 1134 1133 1828
3 408 313 1725
3 1123 1039 1927
3 1188 1185 1865
3 1040 1123 1909
3 1537 677 1852
3 1783 799 1849
3 1784 1390 1918
3 833 1717 1917
3 666 1809 1853
3 300 202 1863
3 112 299 1843
3 453 451 1840
3 948 1149 1832
3 1687 1239 1873
3 1430 1819 1861
3 461 513 1826
3 14 245 1278
3 1056 1129 1803
3 298 168 1796
3 289 1432 1911
3 4 302 1855
3 301 94 1856
3 1101 1537 1852
3 823 813 1827
3 1353 666 1853
3 1138 1139 1140
3 1018 1698 1746
3 1122 1044 1907
3 125 126 1730
3 1020 1022 1844
3 801 1536 1823
3 260 1424 1862
3 805 1776 1798
3 262 101 1848
3 1799 351 1833
3 1174 1613 1720
3 1695 1582 1818
3 277 192 1204
3 1201 1202 1896
3 1670 1077 1871
3 276 84 1196
3 1644 962 1838
3 1581 1191 1815
3 1131 1754 1755
3 1639 111 1843
3 286 1455 1954
3 351 356 1833
3 1818 618 1866
3 253 1329 1871
3 1129 1070 1857
3 170 171 1817
3 802 1331 1882
3 1429 1430 1861
3 254 1835 1846
3 988 1919 1935
3 1366 1368 1917
3 496 527 1867
3 1364 1906 1919
3 789 774 1943
3 858 1016 1822
3 1140 1139 1141
3 957 853 1879
3 991 1309 1839
3 255 124 1750
3 837 1549 1825
3 1258 1180 1877
3 1260 1262 1892
3 1564 1007 1704
3 1131 1059 1754
3 1238 1237 1860
3 1624 233 1881
3 1363 909 1901
3 711 648 1800
3 1610 291 1940
3 295 61 1923
3 1617 1615 1802
3 249 26 1759
3 1194 1195 1945
3 370 1588 1938
3 43 256 1890
3 663 787 1868
3 292 1131 1730
3 970 866 1891
3 1604 733 1864
3 1449 1371 1889
3 1062 1064 1884
3 852 988 1897
3 1666 711 1942
3 1405 1404 1924
3 1095 1693 1830
3 152 153 1899
3 1009 1013 1836
3 1582 618 1818
3 1096 1091 1808
3 1066 1063 1914
3 1702 221 1704
3 1521 803 1842
3 1447 267 1921
3 1498 923 1920
3 851 1728 1828
3 769 694 1880
3 306 363 1801
3 1493 1885 1887
3 1534 1533 1881
3 207 208 1930
3 1228 1227 1938
3 1104 1558 1886
3 1456 917 1918
3 613 1493 1887
3 290 1557 1936
3 1362 1363 1910
3 1422 1423 1952
3 1236 1800 1873
3 232 1736 1925
3 1740 1009 1836
3 553 1829 1926
3 1360 1358 1934
3 433 560 1878
3 1798 1038 1913
3 1493 906 1885
3 1098 1095 1830
3 1078 1079 1946
3 1012 1695 1818
3 1284 1283 1954
3 1138 1140 1841
3 313 311 1725
3 900 901 1898
3 360 364 1908
3 274 23 1290
3 1087 1086 1869
3 1533 1624 1881
3 1731 968 1742
3 864 969 1933
3 1359 1489 1941
3 203 1647 1863
3 527 1486 1919
3 954 1735 1939
3 144 1082 1947
3 1697 1006 1851
3 1086 1835 1869
3 884 1117 1900
3 1752 1107 1903
3 63 250 1812
3 273 131 1282
3 1906 527 1919
3 1693 1538 1830
3 1556 1300 1888
3 61 62 1923
3 1536 796 1922
3 1654 1545 1850
3 897 1008 1761
3 618 1580 1866
3 1044 1663 1907
3 270 1724 1837
3 304 306 1801
3 1586 662 1872
3 1486 1465 1935
3 1613 1265 1951
3 1628 914 1896
3 675 731 1931
3 299 1639 1843
3 1139 222 1673
3 1647 300 1863
3 1588 594 1876
3 1519 897 1761
3 1126 1101 1852
3 1606 1164 1905
3 1123 1791 1909
3 650 1687 1873
3 1763 273 1764
3 251 1591 1915
3 1064 1657 1884
3 1720 297 1775
3 1329 1670 1871
3 221 1225 1704
3 1919 1486 1935
3 1723 968 1731
3 1242 1654 1850
3 279 1268 1816
3 1713 251 1915
3 1114 1116 1895
3 1202 1628 1896
3 1857 1070 1872
3 1130 1729 1822
3 1753 898 1841
3 1038 1641 1913
3 1103 1104 1886
3 1611 1610 1940
3 1278 1103 1886
3 1403 1867 1906
3 1664 1230 1838
3 1557 1694 1936
3 1635 610 1949
3 984 1752 1903
3 1726 1042 1894
3 1754 1102 1755
3 1694 1534 1936
3 265 18 1719
3 1455 1639 1916
3 1714 1242 1850
3 1831 1014 1837
3 1686 1310 1878
3 1717 1366 1917
3 274 1290 1749
3 610 1888 1949
3 1701 1197 1735
3 291 1739 1940
3 1525 1714 1850
3 1086 1712 1835
3 560 1686 1878
3 1712 1068 1846
3 711 1800 1893
3 1198 1619 1939
3 1742 656 1821
3 269 1685 1894
3 962 1664 1838
3 1835 1712 1846
3 810 304 1801
3 297 21 1775
3 1685 1726 1894
3 248 170 1817
3 17 265 1747
3 1058 129 1763
3 274 1720 1775
3 610 1637 1888
3 1774 997 1901
3 1822 1016 1950
3 126 292 1730
3 1617 1802 1817
3 169 248 1796
3 1786 1194 1945
3 529 1779 1854
3 1637 1556 1888
3 1016 1607 1950
3 1897 988 1935
3 1421 1783 1849
3 62 1812 1923
3 1725 602 1870
3 1184 1859 1898
3 1164 1765 1905
3 1155 1764 1902
3 1130 1822 1950
3 1141 1139 1845
3 1631 1040 1909
3 1848 1122 1907
3 125 1730 1750
3 1802 248 1817
3 1781 1284 1916
3 1810 1078 1946
3 1791 1115 1909
3 1455 1916 1954
3 1916 1284 1954
3 917 1784 1918
3 1764 273 1902
3 1139 1673 1845
3 275 1813 1883
3 1735 1198 1939
3 602 1753 1904
3 1812 1643 1923
3 1800 1236 1893
3 1060 1885 1928
3 262 1848 1907
3 1829 1269 1926
3 273 1282 1902
3 1867 527 1906
3 1841 1140 1904
3 1747 265 1951
3 1885 906 1928
3 1914 1360 1934
3 1875 1128 1948
3 1753 1841 1904
3 1730 1131 1750
3 1066 1914 1934
3 19 20 297
3 127 128 1058

CELL_TYPES 3706
3
3
3
3
3
3
3
3
3
3
3
3
3
3
3
3
3
3
5
5
5
5
5
5
5
5
5
5
5
5
5
5
5
5
5
5
5
5
5
5
5
5
5
5
5
5
5
5
5
5
5
5
5
5
5
5
5
5
5
5
5
5
5
5
5
5
5
5
5
5
5
5
5
5
5
5
5
5
5
5
5
5
5
5
5
5
5
5
5
5
5
5
5
5
5
5
5
5
5
5
5
5
5
5
5
5
5
5
5
5
5
5
5
5
5
5
5
5
5
5
5
5
5
5
5
5
5
5
5
5
5
5
5
5
5
5
5
5
5
5
5
5
5
5
5
5
5
5
5
5
5
5
5
5
5
5
5
5
5
5
5
5
5
5
5
5
5
5
5
5
5
5
5
5
5
5
5
5
5
5
5
5
5
5
5
5
5
5
5
5
5
5
5
5
5
5
5
5
5
5
5
5
5
5
5
5
5
5
5
5
5
5
5
5
5
5
5
5
5
5
5
5
5
5
5
5
5
5
5
5
5
5
5
5
5
5
5
5
5
5
5
5
5
5
5
5
5
5
5
5
5
5
5
5
5
5
5
5
5
5
5
5
5
5
5
5
5
5
5
5
5
5
5
5
5
5
5
5
5
5
5
5
5
5
5
5
5
5
5
5
5
5
5
5
5
5
5
5
5
5
5
5
5
5
5
5
5
5
5
5
5
5
5
5
5
5
5
5
5
5
5
5
5
5
5
5
5
5
5
5
5
5
5
5
5
5
5
5
5
5
5
5
5
5
5
5
5
5
5
5
5
5
5
5
5
5
5
5
5
5
5
5
5
5
5
5
5
5
5
5
5
5
5
5
5
5
5
5
5
5
5
5
5
5
5
5
5
5
5
5
5
5
5
5
5
5
5
5
5
5
5
5
5
5
5
5
5
5
5
5
5
5
5
5
5
5
5
5
5
5
5
5
5
5
5
5
5
5
5
5
5
5
5
5
5
5
5
5
5
5
5
5
5
5
5
5
5
5
5
5
5
5
5
5
5
5
5
5
5
5
5
5
5
5
5
5
5
5
5
5
5
5
5
5
5
5
5
5
5
5
5
5
5
5
5
5
5
5
5
5
5
5
5
5
5
5
5
5
5
5
5
5
5
5
5
5
5
5
5
5
5
5
5
5
5
5
5
5
5
5
5
5
5
5
5
5
5
5
5
5
5
5
5
5
5
5
5
5
5
5
5
5
5
5
5
5
5
5
5
5
5
5
5
5
5
5
5
5
5
5
5
5
5
5
5
5
5
5
5
5
5
5
5
5
5
5
5
5
5
5
5
5
5
5
5
5
5
5
5
5
5
5
5
5
5
5
5
5
5
5
5
5
5
5
5
5
5
5
5
5
5
5
5
5
5
5
5
5
5
5
5
5
5
5
5
5
5
5
5
5
5
5
5
5
5
5
5
5
5
5
5
5
5
5
5
5
5
5
5
5
5
5
5
5
5
5
5
5
5
5
5
5
5
5
5
5
5
5
5
5
5
5
5
5
5
5
5
5
5
5
5
5
5
5
5
5
5
5
5
5
5
5
5
5
5
5
5
5
5
5
5
5
5
5
5
5
5
5
5
5
5
5
5
5
5
5
5
5
5
5
5
5
5
5
5
5
5
5
5
5
5
5
5
5
5
5
5
5
5
5
5
5
5
5
5
5
5
5
5
5
5
5
5
5
5
5
5
5
5
5
5
5
5
5
5
5
5
5
5
5
5
5
5
5
5
5
5
5
5
5
5
5
5
5
5
5
5
5
5
5
5
5
5
5
5
5
5
5
5
5
5
5
5
5
5
5
5
5
5
5
5
5
5
5
5
5
5
5
5
5
5
5
5
5
5
5
5
5
5
5
5
5
5
5
5
5
5
5
5
5
5
5
5
5
5
5
5
5
5
5
5
5
5
5
5
5
5
5
5
5
5
5
5
5
5
5
5
5
5
5
5
5
5
5
5
5
5
5
5
5
5
5
5
5
5
5
5
5
5
5
5
5
5
5
5
5
5
5
5
5
5
5
5
5
5
5
5
5
5
5
5
5
5
5
5
5
5
5
5
5
5
5
5
5
5
5
5
5
5
5
5
5
5
5
5
5
5
5
5
5
5
5
5
5
5
5
5
5
5
5
5
5
5
5
5
5
5
5
5
5
5
5
5
5
5
5
5
5
5
5
5
5
5
5
5
5
5
5
5
5
5
5
5
5
5
5
5
5
5
5
5
5
5
5
5
5
5
5
5
5
5
5
5
5
5
5
5
5
5
5
5
5
5
5
5
5
5
5
5
5
5
5
5
5
5
5
5
5
5
5
5
5
5
5
5
5
5
5
5
5
5
5
5
5
5
5
5
5
5
5
5
5
5
5
5
5
5
5
5
5
5
5
5
5
5
5
5
5
5
5
5
5
5
5
5
5
5
5
5
5
5
5
5
5
5
5
5
5
5
5
5
5
5
5
5
5
5
5
5
5
5
5
5
5
5
5
5
5
5
5
5
5
5
5
5
5
5
5
5
5
5
5
5
5
5
5
5
5
5
5
5
5
5
5
5
5
5
5
5
5
5
5
5
5
5
5
5
5
5
5
5
5
5
5
5
5
5
5
5
5
5
5
5
5
5
5
5
5
5
5
5
5
5
5
5
5
5
5
5
5
5
5
5
5
5
5
5
5
5
5
5
5
5
5
5
5
5
5
5
5
5
5
5
5
5
5
5
5
5
5
5
5
5
5
5
5
5
5
5
5
5
5
5
5
5
5
5
5
5
5
5
5
5
5
5
5
5
5
5
5
5
5
5
5
5
5
5
5
5
5
5
5
5
5
5
5
5
5
5
5
5
5
5
5
5
5
5
5
5
5
5
5
5
5
5
5
5
5
5
5
5
5
5
5
5
5
5
5
5
5
5
5
5
5
5
5
5
5
5
5
5
5
5
5
5
5
5
5
5
5
5
5
5
5
5
5
5
5
5
5
5
5
5
5
5
5
5
5
5
5
5
5
5
5
5
5
5
5
5
5
5
5
5
5
5
5
5
5
5
5
5
5
5
5
5
5
5
5
5
5
5
5
5
5
5
5
5
5
5
5
5
5
5
5
5
5
5
5
5
5
5
5
5
5
5
5
5
5
5
5
5
5
5
5
5
5
5
5
5
5
5
5
5
5
5
5
5
5
5
5
5
5
5
5
5
5
5
5
5
5
5
5
5
5
5
5
5
5
5
5
5
5
5
5
5
5
5
5
5
5
5
5
5
5
5
5
5
5
5
5
5
5
5
5
5
5
5
5
5
5
5
5
5
5
5
5
5
5
5
5
5
5
5
5
5
5
5
5
5
5
5
5
5
5
5
5
5
5
5
5
5
5
5
5
5
5
5
5
5
5
5
5
5
5
5
5
5
5
5
5
5
5
5
5
5
5
5
5
5
5
5
5
5
5
5
5
5
5
5
5
5
5
5
5
5
5
5
5
5
5
5
5
5
5
5
5
5
5
5
5
5
5
5
5
5
5
5
5
5
5
5
5
5
5
5
5
5
5
5
5
5
5
5
5
5
5
5
5
5
5
5
5
5
5
5
5
5
5
5
5
5
5
5
5
5
5
5
5
5
5
5
5
5
5
5
5
5
5
5
5
5
5
5
5
5
5
5
5
5
5
5
5
5
5
5
5
5
5
5
5
5
5
5
5
5
5
5
5
5
5
5
5
5
5
5
5
5
5
5
5
5
5
5
5
5
5
5
5
5
5
5
5
5
5
5
5
5
5
5
5
5
5
5
5
5
5
5
5
5
5
5
5
5
5
5
5
5
5
5
5
5
5
5
5
5
5
5
5
5
5
5
5
5
5
5
5
5
5
5
5
5
5
5
5
5
5
5
5
5
5
5
5
5
5
5
5
5
5
5
5
5
5
5
5
5
5
5
5
5
5
5
5
5
5
5
5
5
5
5
5
5
5
5
5
5
5
5
5
5
5
5
5
5
5
5
5
5
5
5
5
5
5
5
5
5
5
5
5
5
5
5
5
5
5
5
5
5
5
5
5
5
5
5
5
5
5
5
5
5
5
5
5
5
5
5
5
5
5
5
5
5
5
5
5
5
5
5
5
5
5
5
5
5
5
5
5
5
5
5
5
5
5
5
5
5
5
5
5
5
5
5
5
5
5
5
5
5
5
5
5
5
5
5
5
5
5
5
5
5
5
5
5
5
5
5
5
5
5
5
5
5
5
5
5
5
5
5
5
5
5
5
5
5
5
5
5
5
5
5
5
5
5
5
5
5
5
5
5
5
5
5
5
5
5
5
5
5
5
5
5
5
5
5
5
5
5
5
5
5
5
5
5
5
5
5
5
5
5
5
5
5
5
5
5
5
5
5
5
5
5
5
5
5
5
5
5
5
5
5
5
5
5
5
5
5
5
5
5
5
5
5
5
5
5
5
5
5
5
5
5
5
5
5
5
5
5
5
5
5
5
5
5
5
5
5
5
5
5
5
5
5
5
5
5
5
5
5
5
5
5
5
5
5
5
5
5
5
5
5
5
5
5
5
5
5
5
5
5
5
5
5
5
5
5
5
5
5
5
5
5
5
5
5
5
5
5
5
5
5
5
5
5
5
5
5
5
5
5
5
5
5
5
5
5
5
5
5
5
5
5
5
5
5
5
5
5
5
5
5
5
5
5
5
5
5
5
5
5
5
5
5
5
5
5
5
5
5
5
5
5
5
5
5
5
5
5
5
5
5
5
5
5
5
5
5
5
5
5
5
5
5
5
5
5
5
5
5
5
5
5
5
5
5
5
5
5
5
5
5
5
5
5
5
5
5
5
5
5
5
5
5
5
5
5
5
5
5
5
5
5
5
5
5
5
5
5
5
5
5
5
5
5
5
5
5
5
5
5
5
5
5
5
5
5
5
5
5
5
5
5
5
5
5
5
5
5
5
5
5
5
5
5
5
5
5
5
5
5
5
5
5
5
5
5
5
5
5
5
5
5
5
5
5
5
5
5
5
5
5
5
5
5
5
5
5
5
5
5
5
5
5
5
5
5
5
5
5
5
5
5
5
5
5
5
5
5
5
5
5
5
5
5
5
5
5
5
5
5
5
5
5
5
5
5
5
5
5
5
5
5
5
5
5
5
5
5
5
5
5
5
5
5
5
5
5
5
5
5
5
5
5
5
5
5
5
5
5
5
5
5
5
5
5
5
5
5
5
5
5
5
5
5
5
5
5
5
5
5
5
5
5
5
5
5
5
5
5
5
5
5
5
5
5
5
5
5
5
5
5
5
5
5
5
5
5
5
5
5
5
5
5
5
5
5
5
5
5
5
5
5
5
5
5
5
5
5
5
5
5
5
5
5
5
5
5
5
5
5
5
5
5
5
5
5
5
5
5
5
5
5
5
5
5
5
5
5
5
5
5
5
5
5
5
5
5
5
5
5
5
5
5
5
5
5
5
5
5
5
5
5
5
5
5
5
5
5
5
5
5
5
5
5
5
5
5
5
5
5
5
5
5
5
5
5
5
5
5
5
5
5
5
5
5
5
5
5
5
5
5
5
5
5
5
5
5
5
5
5
5
5
5
5
5
5
5
5
5
5
5
5
5
5
5
5
5
5
5
5
5
5
5
5
5
5
5
5
5
5
5
5
5
5
5
5
5
5
5
5
5
5
5
5
5
5
5
5
5
5
5
5
5
5
5
5
5
5
5
5
5
5
5
5
5
5
5
5
5
5
5
5
5
5
5
5
5
5
5
5
5
5
5
5
5
5
5
5
5
5
5
5
5
5
5
5
5
5
5
5
5
5
5
5
5
5
5
5
5
5
5
5
5
5
5
5
5
5
5
5
5
5
5
5
5
5
5
5
5
5
5
5
5
5
5
5
5
5
5
5
5
5
5
5
5
5
5
5
5
5
5
5
5
5
5
5
5
5
5
5
5
5
5
5
5
5
5
5
5
5
5
5
5
5
5
5
5
5
5
5
5
5
5
5
5
5
5
5
5
5
5
5
5
5
5
5
5
5
5
5
5
5
5
5
5
5
5
5
5
5
5
5
5
5
5
5
5
5
5
5
5
5
5
5
5
5
5
5
5
5
5
5
5
5
5
5
5
5
5
5
5
5
5
5
5
5
5
5
5
5
5
5
5
5
5
5
5
5
5
5
5
5
5
5
5
5
5
5
5
5
5
5
5
5
5
5
5
5
5
5
5
5
5
5
5
5
5
5
5
5
5
5
5
5
5
5
5
5
5
5
5
5
5
5
5
5
5
5
5
5
5
5
5
5
5
5
5
5
5
5
5
5
5
5
5
5
5
5
5
5
5
5
5
5
5
5
5
5
5
5
5
5
5
5
5
5
5
5
5
5
5
5
5
5
5
5
5
5
5
5
5
5
5
5
5
5
5
5
5
5
5
5
5
5
5
5
5
5
5
5
5
5
5
5
5
5
5
5
5
5
5
5
5
5
5
5
5
5
5
5
5
5
5
5
5
5
5
5
5
5
5
5
5
5
5
5
5
5
5
5
5
5
5
5
5
5
5
5
5
5
5
5
5
5
5
5
5
5
5
5
5
5
5
5
5
5
5
5
5
5
5
5
5
5
5
5
5
5
5
5
5
5
5
5
5
5
5
5
5
5
5
5
5
5
5
5
5
5
5
5
5
5
5
5
5
5
5
5
5
5
5
5
5
5
5
5
5
5
5
5
5
5
5
5
5
5
5
5
5
5
5
5
5
5
5
5
5
5
5
5
5
5
5
5
5
5
5
5
5
5
5
5
5
5
5
5
5
5
5
5
5
5
5
5
5
5
5
5
5
5
5
5
5
5
5
5
5
5
5
5
5
5
5
5
5
5
5
5
5
5
5
5
5
5
5
5
5
5
5
5
5
5
5
5
5
5
5
5
5
5
5
5
5
5
5
5
5
5
5
5
5
5
5
5
5
5
5
5
5
5
5
5
5
5
5
5
5
5
5
5
5
5
5
5
5
5
5
5
5
5
5
5
5
5
5
5
5
5
5
5
5
5
5
5
5
5
5
5
5
5
5
5
5
5
5
5
5
5
5
5
5
5
5
5
5
5
5
5
5
5
5
5
5
5
5
5
5
5
5
5
5
5
5
5
5
5
5
5
5
5
5
5
5
5
5
5
5
5
5
5
5
5
5
5
5
5
5
5
5
5
5
5
5
5
5
5
5
5
5
5
5
5
5
5
5
5
5
5
5
5
5
5
5
5
5
5
5
5
5
5
5
5
5
5
5
5
5
5
5
5
5
5
5
5
5
5
5
5
5
5
5
5
5
5
5
5
5
5
5
5
5
5
5
5
5
5
5
5
5
5
5
5
5
5
5
5
5
5
5
5
5
5
5
5
5
5
5
5
5
5
5
5
5
5
5
5
5
5
5
5
5
5
5
5
5
5
5
5
5
5
5
5
5
5
5
5
5
5
5
5
5
5
5
5
5
5
5
5
5
5
5
5
5
5
5
5
5
5
5
5
5
5
5
5
5
5
5
5
5
5
5
5
5
5
5
5
5
5
5
5
5
5
5
5
5
5
5
5
5
5
5
5
5
5
5
5
5
5
5
5
5
5
5
5
5
5
5
5
5
5
5
5
5
5
5
5
5
5
5
5
5
5
5
5
5
5
5
5
5
5
5
5
5
5
5
5
5
5
5
5
5
5
5
5
5
5
5
5
5
5
5
5
5
5
5
5
5
5
5
5
5
5
5
5
5
5
5
5
5
5
5
5
5
5
5
5
5
5
5
5
5
5
5
5
5
5
5
5
5
5
5
5
5
5
5
5
5
5
5
5
5
5
5
5
5
5
5
5
5
5
5
5
5
5
5
5
5
5
5
5
5
5
5
5
5
5
5
5
5
5
5
5
5
5
5
5
5
5
5
5
5
5
5
5
5
5
5
5
5
5
5
5
5
5
5
5
5
5
5
5
5
5
5
5
5
5
5
5
5
5
5
5
5
5
5
5
5
5
5
5
5
5
5
5
5
5
5
5
5
5
5
5
5
5
5
5
5
5
5
5
5
5
5
5
5
5
5
5
5
5
5
5
5
5
5
5
5
5
5
5
5
5
5
5
5
5
5
5
5
5
5
5
5
5
5
5
5
5
5
5
5
5
5
5
5
5
5
5
5
5
5
5
5
5
5
5
5
5
5
5
5
5
5
5
5
5
5
5
5
5
5
5
5
5
5
5
5
5
5
5
5
5
5
5
5
5
5
5
5
5
5
5
5
5
5
5
5
5
5
5
5
5
5
5
5
5
5
5
5
5
5
5
5
5
5
5
5
5
5
5
5
5
5
5
5
5
5
5
5
5
5
5
5
5
5
5
5
5
5
5
5
5
5
5
5
5
5
5

CELL_DATA 3706
SCALARS CellEntityIds int 1
LOOKUP_TABLE default
1
1
1
1
1
1
1
1
1
1
1
1
1
1
1
1
1
1
2
2
2
2
2
2
2
2
2
2
2
2
2
2
2
2
2
2
2
2
2
2
2
2
2
2
2
2
2
2
2
2
2
2
2
2
2
2
2
2
2
2
2
2
2
2
2
2
2
2
2
2
2
2
2
2
2
2
2
2
2
2
2
2
2
2
2
2
2
2
2
2
2
2
2
2
2
2
2
2
2
2
2
2
2
2
2
2
2
2
2
2
2
2
2
2
2
2
2
2
2
2
2
2
2
2
2
2
2
2
2
2
2
2
2
2
2
2
2
2
2
2
2
2
2
2
2
2
2
2
2
2
2
2
2
2
2
2
2
2
2
2
2
2
2
2
2
2
2
2
2
2
2
2
2
2
2
2
2
2
2
2
2
2
2
2
2
2
2
2
2
2
2
2
2
2
2
2
2
2
2
2
2
2
2
2
2
2
2
2
2
2
2
2
2
2
2
2
2
2
2
2
2
2
2
2
2
2
2
2
2
2
2
2
2
2
2
2
2
2
2
2
2
2
2
2
2
2
2
2
2
2
2
2
2
2
2
2
2
2
2
2
2
2
2
2
2
2
2
2
2
2
2
2
2
2
2
2
2
2
2
2
2
2
2
2
2
2
2
2
2
2
2
2
2
2
2
2
2
2
2
2
2
2
2
2
2
2
2
2
2
2
2
2
2
2
2
2
2
2
2
2
2
2
2
2
2
2
2
2
2
2
2
2
2
2
2
2
2
2
2
2
2
2
2
2
2
2
2
2
2
2
2
2
2
2
2
2
2
2
2
2
2
2
2
2
2
2
2
2
2
2
2
2
2
2
2
2
2
2
2
2
2
2
2
2
2
2
2
2
2
2
2
2
2
2
2
2
2
2
2
2
2
2
2
2
2
2
2
2
2
2
2
2
2
2
2
2
2
2
2
2
2
2
2
2
2
2
2
2
2
2
2
2
2
2
2
2
2
2
2
2
2
2
2
2
2
2
2
2
2
2
2
2
2
2
2
2
2
2
2
2
2
2
2
2
2
2
2
2
2
2
2
2
2
2
2
2
2
2
2
2
2
2
2
2
2
2
2
2
2
2
2
2
2
2
2
2
2
2
2
2
2
2
2
2
2
2
2
2
2
2
2
2
2
2
2
2
2
2
2
2
2
2
2
2
2
2
2
2
2
2
2
2
2
2
2
2
2
2
2
2
2
2
2
2
2
2
2
2
2
2
2
2
2
2
2
2
2
2
2
2
2
2
2
2
2
2
2
2
2
2
2
2
2
2
2
2
2
2
2
2
2
2
2
2
2
2
2
2
2
2
2
2
2
2
2
2
2
2
2
2
2
2
2
2
2
2
2
2
2
2
2
2
2
2
2
2
2
2
2
2
2
2
2
2
2
2
2
2
2
2
2
2
2
2
2
2
2
2
2
2
2
2
2
2
2
2
2
2
2
2
2
2
2
2
2
2
2
2
2
2
2
2
2
2
2
2
2
2
2
2
2
2
2
2
2
2
2
2
2
2
2
2
2
2
2
2
2
2
2
2
2
2
2
2
2
2
2
2
2
2
2
2
2
2
2
2
2
2
2
2
2
2
2
2
2
2
2
2
2
2
2
2
2
2
2
2
2
2
2
2
2
2
2
2
2
2
2
2
2
2
2
2
2
2
2
2
2
2
2
2
2
2
2
2
2
2
2
2
2
2
2
2
2
2
2
2
2
2
2
2
2
2
2
2
2
2
2
2
2
2
2
2
2
2
2
2
2
2
2
2
2
2
2
2
2
2
2
2
2
2
2
2
2
2
2
2
2
2
2
2
2
2
2
2
2
2
2
2
2
2
2
2
2
2
2
2
2
2
2
2
2
2
2
2
2
2
2
2
2
2
2
2
2
2
2
2
2
2
2
2
2
2
2
2
2
2
2
2
2
2
2
2
2
2
2
2
2
2
2
2
2
2
2
2
2
2
2
2
2
2
2
2
2
2
2
2
2
2
2
2
2
2
2
2
2
2
2
2
2
2
2
2
2
2
2
2
2
2
2
2
2
2
2
2
2
2
2
2
2
2
2
2
2
2
2
2
2
2
2
2
2
2
2
2
2
2
2
2
2
2
2
2
2
2
2
2
2
2
2
2
2
2
2
2
2
2
2
2
2
2
2
2
2
2
2
2
2
2
2
2
2
2
2
2
2
2
2
2
2
2
2
2
2
2
2
2
2
2
2
2
2
2
2
2
2
2
2
2
2
2
2
2
2
2
2
2
2
2
2
2
2
2
2
2
2
2
2
2
2
2
2
2
2
2
2
2
2
2
2
2
2
2
2
2
2
2
2
2
2
2
2
2
2
2
2
2
2
2
2
2
2
2
2
2
2
2
2
2
2
2
2
2
2
2
2
2
2
2
2
2
2
2
2
2
2
2
2
2
2
2
2
2
2
2
2
2
2
2
2
2
2
2
2
2
2
2
2
2
2
2
2
2
2
2
2
2
2
2
2
2
2
2
2
2
2
2
2
2
2
2
2
2
2
2
2
2
2
2
2
2
2
2
2
2
2
2
2
2
2
2
2
2
2
2
2
2
2
2
2
2
2
2
2
2
2
2
2
2
2
2
2
2
2
2
2
2
2
2
2
2
2
2
2
2
2
2
2
2
2
2
2
2
2
2
2
2
2
2
2
2
2
2
2
2
2
2
2
2
2
2
2
2
2
2
2
2
2
2
2
2
2
2
2
2
2
2
2
2
2
2
2
2
2
2
2
2
2
2
2
2
2
2
2
2
2
2
2
2
2
2
2
2
2
2
2
2
2
2
2
2
2
2
2
2
2
2
2
2
2
2
2
2
2
2
2
2
2
2
2
2
2
2
2
2
2
2
2
2
2
2
2
2
2
2
2
2
2
2
2
2
2
2
2
2
2
2
2
2
2
2
2
2
2
2
2
2
2
2
2
2
2
2
2
2
2
2
2
2
2
2
2
2
2
2
2
2
2
2
2
2
2
2
2
2
2
2
2
2
2
2
2
2
2
2
2
2
2
2
2
2
2
2
2
2
2
2
2
2
2
2
2
2
2
2
2
2
2
2
2
2
2
2
2
2
2
2
2
2
2
2
2
2
2
2
2
2
2
2
2
2
2
2
2
2
2
2
2
2
2
2
2
2
2
2
2
2
2
2
2
2
2
2
2
2
2
2
2
2
2
2
2
2
2
2
2
2
2
2
2
2
2
2
2
2
2
2
2
2
2
2
2
2
2
2
2
2
2
2
2
2
2
2
2
2
2
2
2
2
2
2
2
2
2
2
2
2
2
2
2
2
2
2
2
2
2
2
2
2
2
2
2
2
2
2
2
2
2
2
2
2
2
2
2
2
2
2
2
2
2
2
2
2
2
2
2
2
2
2
2
2
2
2
2
2
2
2
2
2
2
2
2
2
2
2
2
2
2
2
2
2
2
2
2
2
2
2
2
2
2
2
2
2
2
2
2
2
2
2
2
2
2
2
2
2
2
2
2
2
2
2
2
2
2
2
2
2
2
2
2
2
2
2
2
2
2
2
2
2
2
2
2
2
2
2
2
2
2
2
2
2
2
2
2
2
2
2
2
2
2
2
2
2
2
2
2
2
2
2
2
2
2
2
2
2
2
2
2
2
2
2
2
2
2
2
2
2
2
2
2
2
2
2
2
2
2
2
2
2
2
2
2
2
2
2
2
2
2
2
2
2
2
2
2
2
2
2
2
2
2
2
2
2
2
2
2
2
2
2
2
2
2
2
2
2
2
2
2
2
2
2
2
2
2
2
2
2
2
2
2
2
2
2
2
2
2
2
2
2
2
2
2
2
2
2
2
2
2
2
2
2
2
2
2
2
2
2
2
2
2
2
2
2
2
2
2
2
2
2
2
2
2
2
2
2
2
2
2
2
2
2
2
2
2
2
2
2
2
2
2
2
2
2
2
2
2
2
2
2
2
2
2
2
2
2
2
2
2
2
2
2
2
2
2
2
2
2
2
2
2
2
2
2
2
2
2
2
2
2
2
2
2
2
2
2
2
2
2
2
2
2
2
2
2
2
2
2
2
2
2
2
2
2
2
2
2
2
2
2
2
2
2
2
2
2
2
2
2
2
2
2
2
2
2
2
2
2
2
2
2
2
2
2
2
2
2
2
2
2
2
2
2
2
2
2
2
2
2
2
2
2
2
2
2
2
2
2
2
2
2
2
2
2
2
2
2
2
2
2
2
2
2
2
2
2
2
2
2
2
2
2
2
2
2
2
2
2
2
2
2
2
2
2
2
2
2
2
2
2
2
2
2
2
2
2
2
2
2
2
2
2
2
2
2
2
2
2
2
2
2
2
2
2
2
2
2
2
2
2
2
2
2
2
2
2
2
2
2
2
2
2
2
2
2
2
2
2
2
2
2
2
2
2
2
2
2
2
2
2
2
2
2
2
2
2
2
2
2
2
2
2
2
2
2
2
2
2
2
2
2
2
2
2
2
2
2
2
2
2
2
2
2
2
2
2
2
2
2
2
2
2
2
2
2
2
2
2
2
2
2
2
2
2
2
2
2
2
2
2
2
2
2
2
2
2
2
2
2
2
2
2
2
2
2
2
2
2
2
2
2
2
2
2
2
2
2
2
2
2
2
2
2
2
2
2
2
2
2
2
2
2
2
2
2
2
2
2
2
2
2
2
2
2
2
2
2
2
2
2
2
2
2
2
2
2
2
2
2
2
2
2
2
2
2
2
2
2
2
2
2
2
2
2
2
2
2
2
2
2
2
2
2
2
2
2
2
2
2
2
2
2
2
2
2
2
2
2
2
2
2
2
2
2
2
2
2
2
2
2
2
2
2
2
2
2
2
2
2
2
2
2
2
2
2
2
2
2
2
2
2
2
2
2
2
2
2
2
2
2
2
2
2
2
2
2
2
2
2
2
2
2
2
2
2
2
2
2
2
2
2
2
2
2
2
2
2
2
2
2
2
2
2
2
2
2
2
2
2
2
2
2
2
2
2
2
2
2
2
2
2
2
2
2
2
2
2
2
2
2
2
2
2
2
2
2
2
2
2
2
2
2
2
2
2
2
2
2
2
2
2
2
2
2
2
2
2
2
2
2
2
2
2
2
2
2
2
2
2
2
2
2
2
2
2
2
2
2
2
2
2
2
2
2
2
2
2
2
2
2
2
2
2
2
2
2
2
2
2
2
2
2
2
2
2
2
2
2
2
2
2
2
2
2
2
2
2
2
2
2
2
2
2
2
2
2
2
2
2
2
2
2
2
2
2
2
2
2
2
2
2
2
2
2
2
2
2
2
2
2
2
2
2
2
2
2
2
2
2
2
2
2
2
2
2
2
2
2
2
2
2
2
2
2
2
2
2
2
2
2
2
2
2
2
2
2
2
2
2
2
2
2
2
2
2
2
2
2
2
2
2
2
2
2
2
2
2
2
2
2
2
2
2
2
2
2
2
2
2
2
2
2
2
2
2
2
2
2
2
2
2
2
2
2
2
2
2
2
2
2
2
2
2
2
2
2
2
2
2
2
2
2
2
2
2
2
2
2
2
2
2
2
2
2
2
2
2
2
2
2
2
2
2
2
2
2
2
2
2
2
2
2
2
2
2
2
2
2
2
2
2
2
2
2
2
2
2
2
2
2
2
2
2
2
2
2
2
2
2
2
2
2
2
2
2
2
2
2
2
2
2
2
2
2
2
2
2
2
2
2
2
2
2
2
2
2
2
2
2
2
2
2
2
2
2
2
2
2
2
2
2
2
2
2
2
2
2
2
2
2
2
2
2
2
2
2
2
2
2
2
2
2
2
2
2
2
2
2
2
2
2
2
2
2
2
2
2
2
2
2
2
2
2
2
2
2
2
2
2
2
2
2
2
2
2
2
2
2
2
2
2
2
2
2
2
2
2
2
2
2
2
2
2
2
2
2
2
2
2
2
2
2
2
2
2
2
2
2
2
2
2
2
2
2
2
2
2
2
2
2
2
2
2
2
2
2
2
2
2
2
2
2
2
2
2
2
2
2
2
2
2
2
2
2
2
2
2
2
2
2
2
2
2
2
2
2
2
2
2
2
2
2
2
2
2
2
2
2
2
2
2
2
2
2
2
2
2
2
2
2
2
2
2
2
2
2
2
2
2
2
2
2
2
2
2
2
2
2
2
2
2
2
2
2
2
2
2
2
2
2
2
2
2
2
2
2
2
2
2
2
2
2
2
2
2
2
2
2
2
2
2
2
2
2
2
2
2
2
2
2
2
2
2
2
2
2
2
2
2
2
2
2
2
2
2
2
2
2
2
2
2
2
2
2
2
2
2
2
2
2
2
2
2
2
2
2
2
2
2
2
2
2
2
2
2
2
2
2
2
2
2
2
2
2
2
2
2
2
2
2
2
2
2
2
2
2
2
2
2
2
2
2
2
2
2
2
2
2
2
2
2
2
2
2
2
2
2
2
2
2
2
2
2
2
2
2
2
2
2
2
2
2
2
2
2
2
2
2
2
2
2
2
2
2
2
2
2
2
2
2
2
2
2
2
2
2
2
2
2
2
2
2
2
2
2
2
2
2
2
2
2
2
2
2
2
2
2
2
2
2
2
2
2
2
2
2
2
2
2
2
2
2
2
2
2
2
2
2
2
2
2
2
2
2
2
2
2
2
2
2
2
2
2
2
2
2
2
2
2
2
2
2
2
2
2
2
2
2
2
2
2
2
2
2
2
2
2
2
2
2
2
2
2
2
2
2
2
2
2
2
2
2
2
2
2
2
2
2
2
2
2
2
2
2
2
2
2
2
2
2
2
2
2
2
2
2
2
2
2
2
2
2
2
2
2
2
2
2
2
2
2
2
2
2
2
2
2
2
2
2
2
2
2
2
2
2
2
2
2
2
2
2
2
2
2
2
2
2
2
2
2
2
2
2
2
2
2
2
2
2
2
2
2
2
2
2
2
2
2
2
2
2
2
2
2
2
2
2
2
2
2
2
2
2
2
2
2
2
2
2
2
2
2
2
2
2
2
2
2
2
2
2
2
2
2
2
2
2
2
2
2
2
2
2
2
2
2
2
2
2
2
2
2
2
2
2
2
2
2
2
2
2
2
2
2
2
2
2
2
2
2
2
2
2
2
2
2
2
2
2
2
2
2
2
2
2
2
2
2
2
2
2
2
2
2
2
2
2
2
2
2
2
2
2
2
2
2
2
2
2
2
2
2
2
2
2
2
2
2
2
2
2
2
2
2
2
2
2
2
2
2
2
2
2
2
2
2
2
2
2
2
2
2
2
2
2
2
2
2
2
2
2
2
2
2
2
2
2
2
2
2
2
2
2
2
2
2
2
2
2
2
2
2
2
2
2
2
2
2
2
2
2
2
2
2
2
2
2
2
2
2
2
2
2
2
2
2
2
2
2
2
2
2
2
2
2
2
2
2
2
2
2
2
2
2
2
2
2
2
2
2
2
2
2
2
2
2
2
2
2
2
2
2
2
2
2
2
2
2
2
2
2
2
2
2
2
2
2
2
2
2
2
2
2
2
2
2
2
2
2
2
2
2
2
2
2
2
2
2
2
2
2
2
2
2
2
2
2
2
2
2
2
2
2
2
2
2
2
2
2
2
2
2
2
2
2
2
2
2
2
2
2
2
2
2
2
2
2
2
2
2
2
2
2
2
2
2
2
2
2
2
2
2
2
2
2
2
2
2
2
2
2
2
2
2
2
2
2
2
2
2
2
2
2
2
2
2
2
2
2
2
2
2
2
2
2
2
2
2
2
2
2
2
2
2
2
2
2
2
2
2
2
2
2
2
2
2
2
2
2
2
2
2
2
2
2
2
2
2
2
2
2
2
2
2
2
2
2
2
2
2
2
2
2
2
2
2
2
2
2
2
2
2
2
2
2
2
2
2
2
2
2
2
2
2
2
2
2
2
2
2
2
2
2
2
2
2
2
2
2
2
2
2
2
2
2
2
2
2
2
2
2
2
2
2
2
2
2
2
2
2
2
2
2
2
2
2
2
2
2
2
2
2
2
2
2
2
2
2
2
2
2
2
2
2
2
2
2
2
2
2
2
2
2
2
2
2
2
2
2
2
2
2
2
2
2
2
2
2
2
2
2
2
2
2
2
2
2
2
2
2
2
2
2
2
2
2
2
2
2
2
2
2
2
2
2
2
2
2
2
2
2
2
2
2
2
2
2
2
2
2
2
2
2
2
2
2
2
2
2
2
2
2
2
2
2
2
2
2
2
2
2
2
2
2
2
2
2
2
2
2
2
2
2
2
2
2
2
2
2
2
2
2
2
2
2
2
2
2
2
2
2
2
2
2
2
2
2
2
2
2
2
2
2
2
2
2
2
