$MeshFormat
4.1 0 8
$EndMeshFormat
$PhysicalNames
4
1 101 "Source"
1 102 "Microphone"
1 103 "FreeSurface"
2 201 "Domain"
$EndPhysicalNames
$Entities
406 406 1 0
1 0 0 0 0 
2 0.0004 0 0 0 
3 0.0004648 2.784011457367217e-06 0 0 
4 0.0005296000000000001 1.112516762624846e-05 0 0 
5 0.0005944 2.499087640230405e-05 0 0 
6 0.0006592 4.432695912995919e-05 0 0 
7 0.000724 6.905786229924278e-05 0 0 
8 0.0007888 9.908695276240156e-05 0 0 
9 0.0008535999999999999 0.0001342968953167635 0 0 
10 0.0009184 0.0001745501111784905 0 0 
11 0.0009832 0.0002196893155557863 0 0 
12 0.001048 0.0002695381322210538 0 0 
13 0.0011128 0.0003239017826806337 0 0 
14 0.0011776 0.0003825678472492717 0 0 
15 0.0012424 0.0004453070950555042 0 0 
16 0.0013072 0.000511874379734813 0 0 
17 0.001372 0.0005820095973107308 0 0 
18 0.0014368 0.0006554387025210871 0 0 
19 0.0015016 0.0007318747796182192 0 0 
20 0.0015664 0.0008110191634591171 0 0 
21 0.0016312 0.0008925626065049749 0 0 
22 0.001696 0.00097618648717023 0 0 
23 0.0017608 0.001061564054799611 0 0 
24 0.0018256 0.001148361706408581 0 0 
25 0.0018904 0.00123624029019847 0 0 
26 0.0019552 0.001324856430752958 0 0 
27 0.00202 0.001413863870737853 0 0 
28 0.0020848 0.001502914823861635 0 0 
29 0.0021496 0.001591661333810217 0 0 
30 0.0022144 0.00167975663384606 0 0 
31 0.0022792 0.001766856501759139 0 0 
32 0.002344 0.001852620604875486 0 0 
33 0.0024088 0.00193671382986779 0 0 
34 0.0024736 0.002018807592172031 0 0 
35 0.0025384 0.002098581119893706 0 0 
36 0.0026032 0.002175722707186958 0 0 
37 0.002668 0.002249930932209173 0 0 
38 0.0027328 0.002320915834892011 0 0 
39 0.0027976 0.002388400049926882 0 0 
40 0.0028624 0.002452119890537858 0 0 
41 0.0029272 0.002511826378807295 0 0 
42 0.002992 0.002567286218528284 0 0 
43 0.0030568 0.002618282706782641 0 0 
44 0.0031216 0.002664616580682526 0 0 
45 0.0031864 0.002706106795967166 0 0 
46 0.0032512 0.00274259123441239 0 0 
47 0.003316 0.002773927337288869 0 0 
48 0.0033808 0.002799992662393884 0 0 
49 0.0034456 0.002820685362480091 0 0 
50 0.0035104 0.002835924583211877 0 0 
51 0.0035752 0.002845650779094341 0 0 
52 0.00364 0.002849825946140431 0 0 
53 0.0037048 0.002848496419552453 0 0 
54 0.0037696 0.002841820503878886 0 0 
55 0.0038344 0.002829831246643547 0 0 
56 0.0038992 0.002812575494484344 0 0 
57 0.003964 0.002790120672259827 0 0 
58 0.0040288 0.002762554519594341 0 0 
59 0.0040936 0.002729984748045579 0 0 
60 0.0041584 0.00269253862023411 0 0 
61 0.004223200000000001 0.002650362452579389 0 0 
62 0.004288 0.002603621043585245 0 0 
63 0.0043528 0.002552497029908763 0 0 
64 0.004417600000000001 0.002497190172728642 0 0 
65 0.0044824 0.002437916577201456 0 0 
66 0.0045472 0.00237490784805572 0 0 
67 0.004612 0.002308410184623164 0 0 
68 0.004676800000000001 0.002238683418843273 0 0 
69 0.0047416 0.002166 0 0 
70 0.0048064 0.002090643930157655 0 0 
71 0.0048712 0.002012909654455637 0 0 
72 0.004936 0.001933100910598068 0 0 
73 0.005000800000000001 0.001851529542033784 0 0 
74 0.0050656 0.001768514279464086 0 0 
75 0.0051304 0.001684379495439332 0 0 
76 0.0051952 0.001599453936910663 0 0 
77 0.005260000000000001 0.001514069440689261 0 0 
78 0.005324800000000001 0.001428559636832335 0 0 
79 0.0053896 0.001343258645022209 0 0 
80 0.0054544 0.001258499769032251 0 0 
81 0.005519200000000001 0.001174614194380872 0 0 
82 0.005584 0.001091929694262372 0 0 
83 0.005648800000000001 0.001010769348811033 0 0 
84 0.0057136 0.0009314502827028135 0 0 
85 0.0057784 0.0008542824260273034 0 0 
86 0.005843200000000001 0.0007795673032716962 0 0 
87 0.005908 0.0007075968551486798 0 0 
88 0.0059728 0.0006386522978718214 0 0 
89 0.0060376 0.0005730030243356915 0 0 
90 0.0061024 0.0005109055514942458 0 0 
91 0.0061672 0.0004526025180504489 0 0 
92 0.006232000000000001 0.0003983217363735753 0 0 
93 0.0062968 0.0003482753023486818 0 0 
94 0.0063616 0.0003026587666364359 0 0 
95 0.006426400000000001 0.0002616503705814952 0 0 
96 0.0064912 0.0002254103497550387 0 0 
97 0.006556 0.0001940803078527804 0 0 
98 0.0066208 0.0001677826633948825 0 0 
99 0.0066856 0.0001466201713897277 0 0 
100 0.0067504 0.0001306755218305912 0 0 
101 0.0068152 0.0001200110165940434 0 0 
102 0.006880000000000001 0.0001146683260025627 0 0 
103 0.0069448 0.0001146683260025627 0 0 
104 0.0070096 0.0001200110165940434 0 0 
105 0.0070744 0.0001306755218305912 0 0 
106 0.0071392 0.0001466201713897277 0 0 
107 0.007204000000000001 0.0001677826633948825 0 0 
108 0.0072688 0.0001940803078527804 0 0 
109 0.0073336 0.0002254103497550387 0 0 
110 0.007398399999999999 0.0002616503705814952 0 0 
111 0.007463200000000001 0.0003026587666364359 0 0 
112 0.007528000000000001 0.0003482753023486818 0 0 
113 0.007592799999999999 0.0003983217363735753 0 0 
114 0.0076576 0.0004526025180504489 0 0 
115 0.007722400000000001 0.0005109055514942458 0 0 
116 0.0077872 0.0005730030243356915 0 0 
117 0.007852000000000001 0.0006386522978718214 0 0 
118 0.0079168 0.0007075968551486798 0 0 
119 0.0079816 0.0007795673032716962 0 0 
120 0.0080464 0.0008542824260273034 0 0 
121 0.008111200000000001 0.0009314502827028135 0 0 
122 0.008176000000000001 0.001010769348811033 0 0 
123 0.008240799999999998 0.001091929694262372 0 0 
124 0.0083056 0.001174614194380872 0 0 
125 0.0083704 0.001258499769032251 0 0 
126 0.0084352 0.001343258645022209 0 0 
127 0.008500000000000001 0.001428559636832335 0 0 
128 0.008564800000000001 0.001514069440689261 0 0 
129 0.008629599999999999 0.001599453936910663 0 0 
130 0.0086944 0.001684379495439332 0 0 
131 0.0087592 0.001768514279464086 0 0 
132 0.008824 0.001851529542033784 0 0 
133 0.008888800000000001 0.001933100910598068 0 0 
134 0.008953600000000003 0.002012909654455637 0 0 
135 0.009018399999999999 0.002090643930157655 0 0 
136 0.0090832 0.002166 0 0 
137 0.009148 0.002238683418843273 0 0 
138 0.0092128 0.002308410184623164 0 0 
139 0.009277600000000002 0.002374907848055721 0 0 
140 0.009342399999999999 0.002437916577201456 0 0 
141 0.009407199999999999 0.002497190172728641 0 0 
142 0.009472 0.002552497029908763 0 0 
143 0.0095368 0.002603621043585245 0 0 
144 0.009601600000000002 0.002650362452579389 0 0 
145 0.0096664 0.002692538620234109 0 0 
146 0.009731199999999999 0.002729984748045579 0 0 
147 0.009796000000000001 0.002762554519594341 0 0 
148 0.009860799999999999 0.002790120672259827 0 0 
149 0.009925600000000001 0.002812575494484344 0 0 
150 0.0099904 0.002829831246643547 0 0 
151 0.0100552 0.002841820503878886 0 0 
152 0.01012 0.002848433770367139 0 0 
153 0.0101848 0.002849825946140431 0 0 
154 0.0102496 0.002845650779094341 0 0 
155 0.0103144 0.002835924583211877 0 0 
156 0.0103792 0.002820685362480091 0 0 
157 0.010444 0.002799992662393884 0 0 
158 0.0105088 0.002773927337288869 0 0 
159 0.0105736 0.002742591234412389 0 0 
160 0.0106384 0.002706106795967166 0 0 
161 0.0107032 0.002664616580682526 0 0 
162 0.010768 0.002618282706782642 0 0 
163 0.0108328 0.002567286218528285 0 0 
164 0.0108976 0.002511826378807295 0 0 
165 0.0109624 0.002452119890537858 0 0 
166 0.0110272 0.002388400049926882 0 0 
167 0.011092 0.002320915834892011 0 0 
168 0.0111568 0.002249930932209174 0 0 
169 0.0112216 0.002175722707186958 0 0 
170 0.0112864 0.002098581119893706 0 0 
171 0.0113512 0.002018807592172031 0 0 
172 0.011416 0.00193671382986779 0 0 
173 0.0114808 0.001852620604875485 0 0 
174 0.0115456 0.001766856501759139 0 0 
175 0.0116104 0.001679756633846058 0 0 
176 0.0116752 0.001591661333810216 0 0 
177 0.01174 0.001502914823861634 0 0 
178 0.0118048 0.001413863870737855 0 0 
179 0.0118696 0.001324856430752959 0 0 
180 0.0119344 0.001236240290198471 0 0 
181 0.0119992 0.001148361706408582 0 0 
182 0.012064 0.001061564054799612 0 0 
183 0.0121288 0.0009761864871702309 0 0 
184 0.0121936 0.0008925626065049751 0 0 
185 0.0122584 0.0008110191634591174 0 0 
186 0.0123232 0.0007318747796182192 0 0 
187 0.012388 0.0006554387025210869 0 0 
188 0.0124528 0.0005820095973107305 0 0 
189 0.0125176 0.0005118743797348124 0 0 
190 0.0125824 0.0004453070950555038 0 0 
191 0.0126472 0.0003825678472492712 0 0 
192 0.012712 0.0003239017826806332 0 0 
193 0.0127768 0.0002695381322210532 0 0 
194 0.0128416 0.0002196893155557855 0 0 
195 0.0129064 0.0001745501111784912 0 0 
196 0.0129712 0.000134296895316764 0 0 
197 0.013036 9.908695276240202e-05 0 0 
198 0.0131008 6.90578622992431e-05 0 0 
199 0.0131656 4.432695912995934e-05 0 0 
200 0.0132304 2.499087640230405e-05 0 0 
201 0.0132952 1.112516762624846e-05 0 0 
202 0.01336 2.784011457367217e-06 0 0 
203 0.017 0 0 0 
204 0.017 0.007 0 0 
205 0.0166 0.007 0 0 
206 0.0165352 0.006997215988542633 0 0 
207 0.0164704 0.006988874832373751 0 0 
208 0.0164056 0.006975009123597696 0 0 
209 0.0163408 0.006955673040870041 0 0 
210 0.016276 0.006930942137700758 0 0 
211 0.0162112 0.006900913047237599 0 0 
212 0.0161464 0.006865703104683236 0 0 
213 0.0160816 0.006825449888821509 0 0 
214 0.0160168 0.006780310684444213 0 0 
215 0.015952 0.006730461867778947 0 0 
216 0.0158872 0.006676098217319367 0 0 
217 0.0158224 0.006617432152750728 0 0 
218 0.0157576 0.006554692904944496 0 0 
219 0.0156928 0.006488125620265187 0 0 
220 0.015628 0.006417990402689269 0 0 
221 0.0155632 0.006344561297478913 0 0 
222 0.0154984 0.006268125220381781 0 0 
223 0.0154336 0.006188980836540883 0 0 
224 0.0153688 0.006107437393495025 0 0 
225 0.015304 0.00602381351282977 0 0 
226 0.0152392 0.005938435945200389 0 0 
227 0.0151744 0.00585163829359142 0 0 
228 0.0151096 0.00576375970980153 0 0 
229 0.0150448 0.005675143569247042 0 0 
230 0.01498 0.005586136129262147 0 0 
231 0.0149152 0.005497085176138365 0 0 
232 0.0148504 0.005408338666189783 0 0 
233 0.0147856 0.005320243366153941 0 0 
234 0.0147208 0.00523314349824086 0 0 
235 0.014656 0.005147379395124514 0 0 
236 0.0145912 0.005063286170132211 0 0 
237 0.0145264 0.004981192407827969 0 0 
238 0.0144616 0.004901418880106295 0 0 
239 0.0143968 0.004824277292813042 0 0 
240 0.014332 0.004750069067790827 0 0 
241 0.0142672 0.004679084165107989 0 0 
242 0.0142024 0.004611599950073119 0 0 
243 0.0141376 0.004547880109462141 0 0 
244 0.0140728 0.004488173621192706 0 0 
245 0.014008 0.004432713781471717 0 0 
246 0.0139432 0.004381717293217359 0 0 
247 0.0138784 0.004335383419317474 0 0 
248 0.0138136 0.004293893204032834 0 0 
249 0.0137488 0.004257408765587611 0 0 
250 0.013684 0.004226072662711131 0 0 
251 0.0136192 0.004200007337606117 0 0 
252 0.0135544 0.004179314637519909 0 0 
253 0.0134896 0.004164075416788123 0 0 
254 0.0134248 0.004154349220905659 0 0 
255 0.01336 0.004150174053859569 0 0 
256 0.0132952 0.004151503580447547 0 0 
257 0.0132304 0.004158179496121114 0 0 
258 0.0131656 0.004170168753356453 0 0 
259 0.0131008 0.004187424505515656 0 0 
260 0.013036 0.004209879327740172 0 0 
261 0.0129712 0.004237445480405659 0 0 
262 0.0129064 0.004270015251954421 0 0 
263 0.0128416 0.00430746137976589 0 0 
264 0.0127768 0.004349637547420611 0 0 
265 0.012712 0.004396378956414756 0 0 
266 0.0126472 0.004447502970091237 0 0 
267 0.0125824 0.004502809827271358 0 0 
268 0.0125176 0.004562083422798544 0 0 
269 0.0124528 0.00462509215194428 0 0 
270 0.012388 0.004691589815376836 0 0 
271 0.0123232 0.004761316581156728 0 0 
272 0.0122584 0.004834 0 0 
273 0.0121936 0.004909356069842346 0 0 
274 0.0121288 0.004987090345544364 0 0 
275 0.012064 0.005066899089401932 0 0 
276 0.0119992 0.005148470457966216 0 0 
277 0.0119344 0.005231485720535914 0 0 
278 0.0118696 0.005315620504560668 0 0 
279 0.0118048 0.005400546063089337 0 0 
280 0.01174 0.00548593055931074 0 0 
281 0.0116752 0.005571440363167665 0 0 
282 0.0116104 0.005656741354977791 0 0 
283 0.0115456 0.005741500230967749 0 0 
284 0.0114808 0.005825385805619128 0 0 
285 0.011416 0.005908070305737628 0 0 
286 0.0113512 0.005989230651188967 0 0 
287 0.0112864 0.006068549717297186 0 0 
288 0.0112216 0.006145717573972697 0 0 
289 0.0111568 0.006220432696728304 0 0 
290 0.011092 0.00629240314485132 0 0 
291 0.0110272 0.006361347702128179 0 0 
292 0.0109624 0.006426996975664309 0 0 
293 0.0108976 0.006489094448505754 0 0 
294 0.0108328 0.006547397481949551 0 0 
295 0.010768 0.006601678263626424 0 0 
296 0.0107032 0.006651724697651318 0 0 
297 0.0106384 0.006697341233363564 0 0 
298 0.0105736 0.006738349629418505 0 0 
299 0.0105088 0.006774589650244962 0 0 
300 0.010444 0.00680591969214722 0 0 
301 0.0103792 0.006832217336605117 0 0 
302 0.0103144 0.006853379828610272 0 0 
303 0.0102496 0.006869324478169409 0 0 
304 0.0101848 0.006879988983405957 0 0 
305 0.01012 0.006885331673997437 0 0 
306 0.0100552 0.006885331673997437 0 0 
307 0.009990400000000002 0.006879988983405957 0 0 
308 0.0099256 0.006869324478169409 0 0 
309 0.009860800000000001 0.006853379828610272 0 0 
310 0.009795999999999999 0.006832217336605117 0 0 
311 0.009731200000000001 0.00680591969214722 0 0 
312 0.0096664 0.006774589650244962 0 0 
313 0.009601600000000002 0.006738349629418505 0 0 
314 0.0095368 0.006697341233363564 0 0 
315 0.009472 0.006651724697651318 0 0 
316 0.009407199999999999 0.006601678263626424 0 0 
317 0.009342400000000001 0.006547397481949551 0 0 
318 0.0092776 0.006489094448505754 0 0 
319 0.0092128 0.006426996975664309 0 0 
320 0.009148 0.006361347702128179 0 0 
321 0.009083200000000001 0.00629240314485132 0 0 
322 0.009018399999999999 0.006220432696728304 0 0 
323 0.008953600000000001 0.006145717573972697 0 0 
324 0.008888800000000001 0.006068549717297186 0 0 
325 0.008824 0.005989230651188967 0 0 
326 0.008759200000000002 0.005908070305737628 0 0 
327 0.0086944 0.005825385805619128 0 0 
328 0.008629599999999999 0.005741500230967749 0 0 
329 0.008564800000000001 0.005656741354977791 0 0 
330 0.008500000000000001 0.005571440363167665 0 0 
331 0.0084352 0.00548593055931074 0 0 
332 0.0083704 0.005400546063089337 0 0 
333 0.0083056 0.005315620504560668 0 0 
334 0.0082408 0.005231485720535914 0 0 
335 0.008176000000000001 0.005148470457966217 0 0 
336 0.008111200000000001 0.005066899089401933 0 0 
337 0.008046399999999999 0.004987090345544364 0 0 
338 0.0079816 0.004909356069842346 0 0 
339 0.0079168 0.004834 0 0 
340 0.007852000000000001 0.004761316581156728 0 0 
341 0.0077872 0.004691589815376836 0 0 
342 0.007722399999999999 0.004625092151944279 0 0 
343 0.007657600000000001 0.004562083422798544 0 0 
344 0.0075928 0.004502809827271359 0 0 
345 0.007528000000000001 0.004447502970091237 0 0 
346 0.007463200000000001 0.004396378956414756 0 0 
347 0.007398399999999999 0.004349637547420611 0 0 
348 0.007333600000000001 0.004307461379765891 0 0 
349 0.007268800000000001 0.004270015251954422 0 0 
350 0.007203999999999999 0.004237445480405659 0 0 
351 0.007139200000000001 0.004209879327740174 0 0 
352 0.007074399999999999 0.004187424505515656 0 0 
353 0.007009600000000001 0.004170168753356453 0 0 
354 0.006944800000000001 0.004158179496121114 0 0 
355 0.006879999999999999 0.004151566229632861 0 0 
356 0.006815200000000001 0.004150174053859569 0 0 
357 0.006750399999999999 0.004154349220905659 0 0 
358 0.006685600000000001 0.004164075416788123 0 0 
359 0.006620800000000001 0.004179314637519909 0 0 
360 0.006555999999999999 0.004200007337606117 0 0 
361 0.006491200000000001 0.004226072662711132 0 0 
362 0.0064264 0.004257408765587611 0 0 
363 0.006361599999999999 0.004293893204032834 0 0 
364 0.006296800000000001 0.004335383419317475 0 0 
365 0.006232 0.004381717293217358 0 0 
366 0.006167200000000001 0.004432713781471716 0 0 
367 0.006102399999999999 0.004488173621192705 0 0 
368 0.0060376 0.004547880109462141 0 0 
369 0.005972800000000001 0.004611599950073118 0 0 
370 0.005907999999999999 0.004679084165107989 0 0 
371 0.0058432 0.004750069067790825 0 0 
372 0.0057784 0.004824277292813042 0 0 
373 0.0057136 0.004901418880106295 0 0 
374 0.005648800000000002 0.004981192407827969 0 0 
375 0.005584 0.005063286170132211 0 0 
376 0.0055192 0.005147379395124515 0 0 
377 0.0054544 0.005233143498240861 0 0 
378 0.0053896 0.005320243366153942 0 0 
379 0.005324800000000002 0.005408338666189784 0 0 
380 0.00526 0.005497085176138367 0 0 
381 0.0051952 0.005586136129262145 0 0 
382 0.0051304 0.005675143569247041 0 0 
383 0.0050656 0.00576375970980153 0 0 
384 0.0050008 0.005851638293591419 0 0 
385 0.004936 0.005938435945200388 0 0 
386 0.0048712 0.006023813512829769 0 0 
387 0.0048064 0.006107437393495025 0 0 
388 0.0047416 0.006188980836540883 0 0 
389 0.0046768 0.006268125220381781 0 0 
390 0.004612 0.006344561297478913 0 0 
391 0.0045472 0.00641799040268927 0 0 
392 0.0044824 0.006488125620265188 0 0 
393 0.004417600000000001 0.006554692904944497 0 0 
394 0.0043528 0.006617432152750728 0 0 
395 0.004288 0.006676098217319367 0 0 
396 0.004223200000000001 0.006730461867778947 0 0 
397 0.0041584 0.006780310684444214 0 0 
398 0.0040936 0.006825449888821509 0 0 
399 0.004028800000000001 0.006865703104683236 0 0 
400 0.003964000000000001 0.006900913047237598 0 0 
401 0.003899200000000001 0.006930942137700757 0 0 
402 0.0038344 0.006955673040870041 0 0 
403 0.003769600000000001 0.006975009123597696 0 0 
404 0.003704800000000001 0.006988874832373751 0 0 
405 0.003639999999999999 0.006997215988542633 0 0 
406 0 0.007 0 0 
1 -1.000000000000024e-07 -1e-07 -1e-07 0.0004001 1e-07 1e-07 1 103 2 1 -2 
2 0.0003999 -1.000000000000001e-07 -1e-07 0.0004649 2.884011457367217e-06 1e-07 1 103 2 2 -3 
3 0.0004647 2.684011457367216e-06 -1e-07 0.0005297 1.122516762624846e-05 1e-07 1 103 2 3 -4 
4 0.0005295000000000001 1.102516762624846e-05 -1e-07 0.0005945 2.509087640230405e-05 1e-07 1 103 2 4 -5 
5 0.0005943000000000001 2.489087640230405e-05 -1e-07 0.0006592999999999999 4.442695912995919e-05 1e-07 1 103 2 5 -6 
6 0.0006591 4.422695912995918e-05 -1e-07 0.0007241 6.915786229924278e-05 1e-07 1 103 2 6 -7 
7 0.0007239000000000001 6.895786229924278e-05 -1e-07 0.0007888999999999999 9.918695276240156e-05 1e-07 1 103 2 7 -8 
8 0.0007887 9.898695276240156e-05 -1e-07 0.0008536999999999999 0.0001343968953167635 1e-07 1 103 2 8 -9 
9 0.0008535 0.0001341968953167635 -1e-07 0.0009184999999999999 0.0001746501111784905 1e-07 1 103 2 9 -10 
10 0.0009183 0.0001744501111784905 -1e-07 0.0009833000000000001 0.0002197893155557863 1e-07 1 103 2 10 -11 
11 0.0009831 0.0002195893155557863 -1e-07 0.0010481 0.0002696381322210538 1e-07 1 103 2 11 -12 
12 0.0010479 0.0002694381322210538 -1e-07 0.0011129 0.0003240017826806337 1e-07 1 103 2 12 -13 
13 0.0011127 0.0003238017826806337 -1e-07 0.0011777 0.0003826678472492717 1e-07 1 103 2 13 -14 
14 0.0011775 0.0003824678472492717 -1e-07 0.0012425 0.0004454070950555042 1e-07 1 103 2 14 -15 
15 0.0012423 0.0004452070950555042 -1e-07 0.0013073 0.0005119743797348129 1e-07 1 103 2 15 -16 
16 0.0013071 0.000511774379734813 -1e-07 0.0013721 0.0005821095973107307 1e-07 1 103 2 16 -17 
17 0.0013719 0.0005819095973107309 -1e-07 0.0014369 0.0006555387025210871 1e-07 1 103 2 17 -18 
18 0.0014367 0.0006553387025210872 -1e-07 0.0015017 0.0007319747796182192 1e-07 1 103 2 18 -19 
19 0.0015015 0.0007317747796182193 -1e-07 0.0015665 0.000811119163459117 1e-07 1 103 2 19 -20 
20 0.0015663 0.0008109191634591171 -1e-07 0.0016313 0.0008926626065049748 1e-07 1 103 2 20 -21 
21 0.0016311 0.0008924626065049749 -1e-07 0.0016961 0.00097628648717023 1e-07 1 103 2 21 -22 
22 0.0016959 0.0009760864871702301 -1e-07 0.0017609 0.001061664054799611 1e-07 1 103 2 22 -23 
23 0.0017607 0.001061464054799611 -1e-07 0.0018257 0.001148461706408581 1e-07 1 103 2 23 -24 
24 0.0018255 0.001148261706408581 -1e-07 0.0018905 0.00123634029019847 1e-07 1 103 2 24 -25 
25 0.0018903 0.00123614029019847 -1e-07 0.0019553 0.001324956430752958 1e-07 1 103 2 25 -26 
26 0.0019551 0.001324756430752958 -1e-07 0.0020201 0.001413963870737853 1e-07 1 103 2 26 -27 
27 0.0020199 0.001413763870737853 -1e-07 0.0020849 0.001503014823861635 1e-07 1 103 2 27 -28 
28 0.0020847 0.001502814823861635 -1e-07 0.0021497 0.001591761333810217 1e-07 1 103 2 28 -29 
29 0.0021495 0.001591561333810217 -1e-07 0.0022145 0.00167985663384606 1e-07 1 103 2 29 -30 
30 0.0022143 0.00167965663384606 -1e-07 0.0022793 0.00176695650175914 1e-07 1 103 2 30 -31 
31 0.0022791 0.001766756501759139 -1e-07 0.0023441 0.001852720604875486 1e-07 1 103 2 31 -32 
32 0.0023439 0.001852520604875486 -1e-07 0.0024089 0.00193681382986779 1e-07 1 103 2 32 -33 
33 0.0024087 0.00193661382986779 -1e-07 0.0024737 0.002018907592172031 1e-07 1 103 2 33 -34 
34 0.0024735 0.002018707592172031 -1e-07 0.0025385 0.002098681119893705 1e-07 1 103 2 34 -35 
35 0.0025383 0.002098481119893706 -1e-07 0.0026033 0.002175822707186958 1e-07 1 103 2 35 -36 
36 0.0026031 0.002175622707186959 -1e-07 0.0026681 0.002250030932209173 1e-07 1 103 2 36 -37 
37 0.0026679 0.002249830932209174 -1e-07 0.002732899999999999 0.002321015834892011 1e-07 1 103 2 37 -38 
38 0.0027327 0.002320815834892011 -1e-07 0.0027977 0.002388500049926882 1e-07 1 103 2 38 -39 
39 0.0027975 0.002388300049926882 -1e-07 0.0028625 0.002452219890537858 1e-07 1 103 2 39 -40 
40 0.0028623 0.002452019890537858 -1e-07 0.002927299999999999 0.002511926378807294 1e-07 1 103 2 40 -41 
41 0.0029271 0.002511726378807295 -1e-07 0.0029921 0.002567386218528284 1e-07 1 103 2 41 -42 
42 0.0029919 0.002567186218528284 -1e-07 0.0030569 0.00261838270678264 1e-07 1 103 2 42 -43 
43 0.0030567 0.002618182706782641 -1e-07 0.0031217 0.002664716580682526 1e-07 1 103 2 43 -44 
44 0.0031215 0.002664516580682526 -1e-07 0.0031865 0.002706206795967166 1e-07 1 103 2 44 -45 
45 0.0031863 0.002706006795967166 -1e-07 0.0032513 0.00274269123441239 1e-07 1 103 2 45 -46 
46 0.0032511 0.00274249123441239 -1e-07 0.0033161 0.002774027337288869 1e-07 1 103 2 46 -47 
47 0.0033159 0.002773827337288869 -1e-07 0.0033809 0.002800092662393884 1e-07 1 103 2 47 -48 
48 0.0033807 0.002799892662393884 -1e-07 0.0034457 0.00282078536248009 1e-07 1 103 2 48 -49 
49 0.0034455 0.002820585362480091 -1e-07 0.0035105 0.002836024583211877 1e-07 1 103 2 49 -50 
50 0.0035103 0.002835824583211877 -1e-07 0.0035753 0.002845750779094341 1e-07 1 103 2 50 -51 
51 0.0035751 0.002845550779094341 -1e-07 0.0036401 0.00284992594614043 1e-07 1 103 2 51 -52 
52 0.0036399 0.002848396419552454 -1e-07 0.0037049 0.00284992594614043 1e-07 1 103 2 52 -53 
53 0.0037047 0.002841720503878886 -1e-07 0.0037697 0.002848596419552453 1e-07 1 103 2 53 -54 
54 0.0037695 0.002829731246643547 -1e-07 0.003834499999999999 0.002841920503878886 1e-07 1 103 2 54 -55 
55 0.0038343 0.002812475494484344 -1e-07 0.0038993 0.002829931246643547 1e-07 1 103 2 55 -56 
56 0.0038991 0.002790020672259827 -1e-07 0.0039641 0.002812675494484344 1e-07 1 103 2 56 -57 
57 0.003963899999999999 0.002762454519594341 -1e-07 0.0040289 0.002790220672259827 1e-07 1 103 2 57 -58 
58 0.0040287 0.002729884748045579 -1e-07 0.0040937 0.00276265451959434 1e-07 1 103 2 58 -59 
59 0.0040935 0.00269243862023411 -1e-07 0.0041585 0.002730084748045579 1e-07 1 103 2 59 -60 
60 0.004158299999999999 0.002650262452579389 -1e-07 0.004223300000000001 0.00269263862023411 1e-07 1 103 2 60 -61 
61 0.0042231 0.002603521043585245 -1e-07 0.0042881 0.002650462452579389 1e-07 1 103 2 61 -62 
62 0.0042879 0.002552397029908763 -1e-07 0.004352900000000001 0.002603721043585245 1e-07 1 103 2 62 -63 
63 0.0043527 0.002497090172728642 -1e-07 0.004417700000000001 0.002552597029908763 1e-07 1 103 2 63 -64 
64 0.0044175 0.002437816577201456 -1e-07 0.0044825 0.002497290172728642 1e-07 1 103 2 64 -65 
65 0.0044823 0.00237480784805572 -1e-07 0.004547300000000001 0.002438016577201455 1e-07 1 103 2 65 -66 
66 0.0045471 0.002308310184623164 -1e-07 0.0046121 0.00237500784805572 1e-07 1 103 2 66 -67 
67 0.0046119 0.002238583418843273 -1e-07 0.004676900000000001 0.002308510184623164 1e-07 1 103 2 67 -68 
68 0.004676700000000001 0.0021659 -1e-07 0.004741700000000001 0.002238783418843273 1e-07 1 103 2 68 -69 
69 0.0047415 0.002090543930157655 -1e-07 0.0048065 0.0021661 1e-07 1 103 2 69 -70 
70 0.004806299999999999 0.002012809654455638 -1e-07 0.0048713 0.002090743930157654 1e-07 1 103 2 70 -71 
71 0.0048711 0.001933000910598068 -1e-07 0.004936100000000001 0.002013009654455637 1e-07 1 103 2 71 -72 
72 0.0049359 0.001851429542033784 -1e-07 0.005000900000000001 0.001933200910598068 1e-07 1 103 2 72 -73 
73 0.0050007 0.001768414279464086 -1e-07 0.0050657 0.001851629542033784 1e-07 1 103 2 73 -74 
74 0.0050655 0.001684279495439332 -1e-07 0.005130500000000001 0.001768614279464086 1e-07 1 103 2 74 -75 
75 0.0051303 0.001599353936910663 -1e-07 0.0051953 0.001684479495439332 1e-07 1 103 2 75 -76 
76 0.005195099999999999 0.00151396944068926 -1e-07 0.005260100000000001 0.001599553936910663 1e-07 1 103 2 76 -77 
77 0.005259900000000001 0.001428459636832335 -1e-07 0.005324900000000001 0.001514169440689261 1e-07 1 103 2 77 -78 
78 0.005324700000000001 0.001343158645022209 -1e-07 0.0053897 0.001428659636832335 1e-07 1 103 2 78 -79 
79 0.005389499999999999 0.001258399769032251 -1e-07 0.0054545 0.001343358645022209 1e-07 1 103 2 79 -80 
80 0.0054543 0.001174514194380872 -1e-07 0.005519300000000001 0.001258599769032251 1e-07 1 103 2 80 -81 
81 0.005519100000000001 0.001091829694262372 -1e-07 0.005584100000000001 0.001174714194380872 1e-07 1 103 2 81 -82 
82 0.0055839 0.001010669348811033 -1e-07 0.005648900000000001 0.001092029694262372 1e-07 1 103 2 82 -83 
83 0.0056487 0.0009313502827028136 -1e-07 0.0057137 0.001010869348811033 1e-07 1 103 2 83 -84 
84 0.0057135 0.0008541824260273035 -1e-07 0.005778500000000001 0.0009315502827028135 1e-07 1 103 2 84 -85 
85 0.0057783 0.0007794673032716962 -1e-07 0.005843300000000001 0.0008543824260273034 1e-07 1 103 2 85 -86 
86 0.0058431 0.0007074968551486799 -1e-07 0.0059081 0.0007796673032716961 1e-07 1 103 2 86 -87 
87 0.0059079 0.0006385522978718214 -1e-07 0.005972900000000001 0.0007076968551486798 1e-07 1 103 2 87 -88 
88 0.0059727 0.0005729030243356916 -1e-07 0.0060377 0.0006387522978718213 1e-07 1 103 2 88 -89 
89 0.006037499999999999 0.0005108055514942458 -1e-07 0.0061025 0.0005731030243356915 1e-07 1 103 2 89 -90 
90 0.0061023 0.0004525025180504489 -1e-07 0.006167300000000001 0.0005110055514942457 1e-07 1 103 2 90 -91 
91 0.0061671 0.0003982217363735753 -1e-07 0.006232100000000001 0.0004527025180504489 1e-07 1 103 2 91 -92 
92 0.0062319 0.0003481753023486818 -1e-07 0.0062969 0.0003984217363735753 1e-07 1 103 2 92 -93 
93 0.0062967 0.0003025587666364359 -1e-07 0.006361700000000001 0.0003483753023486818 1e-07 1 103 2 93 -94 
94 0.0063615 0.0002615503705814952 -1e-07 0.006426500000000001 0.000302758766636436 1e-07 1 103 2 94 -95 
95 0.0064263 0.0002253103497550387 -1e-07 0.0064913 0.0002617503705814952 1e-07 1 103 2 95 -96 
96 0.0064911 0.0001939803078527804 -1e-07 0.0065561 0.0002255103497550387 1e-07 1 103 2 96 -97 
97 0.0065559 0.0001676826633948825 -1e-07 0.006620900000000001 0.0001941803078527804 1e-07 1 103 2 97 -98 
98 0.0066207 0.0001465201713897277 -1e-07 0.0066857 0.0001678826633948825 1e-07 1 103 2 98 -99 
99 0.0066855 0.0001305755218305912 -1e-07 0.0067505 0.0001467201713897277 1e-07 1 103 2 99 -100 
100 0.0067503 0.0001199110165940434 -1e-07 0.006815300000000001 0.0001307755218305912 1e-07 1 103 2 100 -101 
101 0.0068151 0.0001145683260025627 -1e-07 0.006880100000000001 0.0001201110165940434 1e-07 1 103 2 101 -102 
102 0.0068799 0.0001145683260025627 -1e-07 0.0069449 0.0001147683260025627 1e-07 1 103 2 102 -103 
103 0.0069447 0.0001145683260025627 -1e-07 0.007009700000000001 0.0001201110165940434 1e-07 1 103 2 103 -104 
104 0.0070095 0.0001199110165940434 -1e-07 0.0070745 0.0001307755218305912 1e-07 1 103 2 104 -105 
105 0.0070743 0.0001305755218305912 -1e-07 0.0071393 0.0001467201713897277 1e-07 1 103 2 105 -106 
106 0.0071391 0.0001465201713897277 -1e-07 0.007204100000000001 0.0001678826633948825 1e-07 1 103 2 106 -107 
107 0.007203900000000001 0.0001676826633948825 -1e-07 0.0072689 0.0001941803078527804 1e-07 1 103 2 107 -108 
108 0.007268699999999999 0.0001939803078527804 -1e-07 0.0073337 0.0002255103497550387 1e-07 1 103 2 108 -109 
109 0.0073335 0.0002253103497550387 -1e-07 0.0073985 0.0002617503705814952 1e-07 1 103 2 109 -110 
110 0.007398299999999999 0.0002615503705814952 -1e-07 0.007463300000000001 0.000302758766636436 1e-07 1 103 2 110 -111 
111 0.0074631 0.0003025587666364359 -1e-07 0.007528100000000001 0.0003483753023486818 1e-07 1 103 2 111 -112 
112 0.007527900000000001 0.0003481753023486818 -1e-07 0.0075929 0.0003984217363735753 1e-07 1 103 2 112 -113 
113 0.007592699999999999 0.0003982217363735753 -1e-07 0.0076577 0.0004527025180504489 1e-07 1 103 2 113 -114 
114 0.007657499999999999 0.0004525025180504489 -1e-07 0.007722500000000001 0.0005110055514942457 1e-07 1 103 2 114 -115 
115 0.007722300000000001 0.0005108055514942458 -1e-07 0.0077873 0.0005731030243356915 1e-07 1 103 2 115 -116 
116 0.0077871 0.0005729030243356916 -1e-07 0.007852100000000001 0.0006387522978718213 1e-07 1 103 2 116 -117 
117 0.007851900000000002 0.0006385522978718214 -1e-07 0.007916899999999999 0.0007076968551486798 1e-07 1 103 2 117 -118 
118 0.0079167 0.0007074968551486799 -1e-07 0.0079817 0.0007796673032716961 1e-07 1 103 2 118 -119 
119 0.007981500000000001 0.0007794673032716962 -1e-07 0.0080465 0.0008543824260273034 1e-07 1 103 2 119 -120 
120 0.008046300000000001 0.0008541824260273035 -1e-07 0.0081113 0.0009315502827028135 1e-07 1 103 2 120 -121 
121 0.008111100000000001 0.0009313502827028136 -1e-07 0.0081761 0.001010869348811033 1e-07 1 103 2 121 -122 
122 0.008175900000000002 0.001010669348811033 -1e-07 0.008240899999999997 0.001092029694262372 1e-07 1 103 2 122 -123 
123 0.008240699999999998 0.001091829694262372 -1e-07 0.008305699999999999 0.001174714194380872 1e-07 1 103 2 123 -124 
124 0.0083055 0.001174514194380872 -1e-07 0.008370499999999999 0.001258599769032251 1e-07 1 103 2 124 -125 
125 0.008370300000000001 0.001258399769032251 -1e-07 0.0084353 0.001343358645022209 1e-07 1 103 2 125 -126 
126 0.008435100000000001 0.001343158645022209 -1e-07 0.0085001 0.001428659636832335 1e-07 1 103 2 126 -127 
127 0.008499900000000001 0.001428459636832335 -1e-07 0.0085649 0.001514169440689261 1e-07 1 103 2 127 -128 
128 0.008564700000000001 0.00151396944068926 -1e-07 0.008629699999999999 0.001599553936910663 1e-07 1 103 2 128 -129 
129 0.0086295 0.001599353936910663 -1e-07 0.008694499999999999 0.001684479495439332 1e-07 1 103 2 129 -130 
130 0.0086943 0.001684279495439332 -1e-07 0.008759299999999999 0.001768614279464086 1e-07 1 103 2 130 -131 
131 0.008759100000000001 0.001768414279464086 -1e-07 0.0088241 0.001851629542033784 1e-07 1 103 2 131 -132 
132 0.008823900000000001 0.001851429542033784 -1e-07 0.0088889 0.001933200910598068 1e-07 1 103 2 132 -133 
133 0.008888700000000001 0.001933000910598068 -1e-07 0.008953700000000002 0.002013009654455637 1e-07 1 103 2 133 -134 
134 0.008953500000000003 0.002012809654455638 -1e-07 0.009018499999999999 0.002090743930157654 1e-07 1 103 2 134 -135 
135 0.0090183 0.002090543930157655 -1e-07 0.009083299999999999 0.0021661 1e-07 1 103 2 135 -136 
136 0.0090831 0.0021659 -1e-07 0.009148099999999999 0.002238783418843273 1e-07 1 103 2 136 -137 
137 0.0091479 0.002238583418843273 -1e-07 0.0092129 0.002308510184623164 1e-07 1 103 2 137 -138 
138 0.009212700000000001 0.002308310184623164 -1e-07 0.009277700000000002 0.002375007848055721 1e-07 1 103 2 138 -139 
139 0.009277500000000003 0.002374807848055721 -1e-07 0.009342499999999998 0.002438016577201456 1e-07 1 103 2 139 -140 
140 0.0093423 0.002437816577201456 -1e-07 0.009407299999999999 0.002497290172728641 1e-07 1 103 2 140 -141 
141 0.0094071 0.002497090172728641 -1e-07 0.009472099999999999 0.002552597029908763 1e-07 1 103 2 141 -142 
142 0.0094719 0.002552397029908763 -1e-07 0.009536899999999999 0.002603721043585245 1e-07 1 103 2 142 -143 
143 0.0095367 0.002603521043585245 -1e-07 0.009601700000000001 0.002650462452579389 1e-07 1 103 2 143 -144 
144 0.009601500000000002 0.002650262452579389 -1e-07 0.0096665 0.002692638620234109 1e-07 1 103 2 144 -145 
145 0.009666300000000001 0.002692438620234109 -1e-07 0.009731299999999998 0.002730084748045578 1e-07 1 103 2 145 -146 
146 0.009731099999999999 0.002729884748045579 -1e-07 0.0097961 0.00276265451959434 1e-07 1 103 2 146 -147 
147 0.009795900000000001 0.002762454519594341 -1e-07 0.009860899999999999 0.002790220672259827 1e-07 1 103 2 147 -148 
148 0.0098607 0.002790020672259827 -1e-07 0.009925700000000001 0.002812675494484344 1e-07 1 103 2 148 -149 
149 0.009925500000000002 0.002812475494484344 -1e-07 0.009990499999999999 0.002829931246643547 1e-07 1 103 2 149 -150 
150 0.009990300000000001 0.002829731246643547 -1e-07 0.0100553 0.002841920503878886 1e-07 1 103 2 150 -151 
151 0.0100551 0.002841720503878886 -1e-07 0.0101201 0.002848533770367139 1e-07 1 103 2 151 -152 
152 0.0101199 0.002848333770367139 -1e-07 0.0101849 0.00284992594614043 1e-07 1 103 2 152 -153 
153 0.0101847 0.002845550779094341 -1e-07 0.0102497 0.00284992594614043 1e-07 1 103 2 153 -154 
154 0.0102495 0.002835824583211877 -1e-07 0.0103145 0.002845750779094341 1e-07 1 103 2 154 -155 
155 0.0103143 0.002820585362480091 -1e-07 0.0103793 0.002836024583211877 1e-07 1 103 2 155 -156 
156 0.0103791 0.002799892662393884 -1e-07 0.0104441 0.00282078536248009 1e-07 1 103 2 156 -157 
157 0.0104439 0.002773827337288869 -1e-07 0.0105089 0.002800092662393883 1e-07 1 103 2 157 -158 
158 0.0105087 0.002742491234412389 -1e-07 0.0105737 0.002774027337288868 1e-07 1 103 2 158 -159 
159 0.0105735 0.002706006795967166 -1e-07 0.0106385 0.002742691234412389 1e-07 1 103 2 159 -160 
160 0.0106383 0.002664516580682526 -1e-07 0.0107033 0.002706206795967166 1e-07 1 103 2 160 -161 
161 0.0107031 0.002618182706782642 -1e-07 0.0107681 0.002664716580682526 1e-07 1 103 2 161 -162 
162 0.0107679 0.002567186218528285 -1e-07 0.0108329 0.002618382706782641 1e-07 1 103 2 162 -163 
163 0.0108327 0.002511726378807295 -1e-07 0.0108977 0.002567386218528285 1e-07 1 103 2 163 -164 
164 0.0108975 0.002452019890537858 -1e-07 0.0109625 0.002511926378807295 1e-07 1 103 2 164 -165 
165 0.0109623 0.002388300049926882 -1e-07 0.0110273 0.002452219890537858 1e-07 1 103 2 165 -166 
166 0.0110271 0.002320815834892011 -1e-07 0.0110921 0.002388500049926882 1e-07 1 103 2 166 -167 
167 0.0110919 0.002249830932209174 -1e-07 0.0111569 0.002321015834892011 1e-07 1 103 2 167 -168 
168 0.0111567 0.002175622707186959 -1e-07 0.0112217 0.002250030932209174 1e-07 1 103 2 168 -169 
169 0.0112215 0.002098481119893706 -1e-07 0.0112865 0.002175822707186958 1e-07 1 103 2 169 -170 
170 0.0112863 0.002018707592172031 -1e-07 0.0113513 0.002098681119893705 1e-07 1 103 2 170 -171 
171 0.0113511 0.00193661382986779 -1e-07 0.0114161 0.002018907592172031 1e-07 1 103 2 171 -172 
172 0.0114159 0.001852520604875485 -1e-07 0.0114809 0.00193681382986779 1e-07 1 103 2 172 -173 
173 0.0114807 0.001766756501759139 -1e-07 0.0115457 0.001852720604875485 1e-07 1 103 2 173 -174 
174 0.0115455 0.001679656633846058 -1e-07 0.0116105 0.001766956501759139 1e-07 1 103 2 174 -175 
175 0.0116103 0.001591561333810216 -1e-07 0.0116753 0.001679856633846059 1e-07 1 103 2 175 -176 
176 0.0116751 0.001502814823861634 -1e-07 0.0117401 0.001591761333810216 1e-07 1 103 2 176 -177 
177 0.0117399 0.001413763870737855 -1e-07 0.0118049 0.001503014823861634 1e-07 1 103 2 177 -178 
178 0.0118047 0.001324756430752959 -1e-07 0.0118697 0.001413963870737855 1e-07 1 103 2 178 -179 
179 0.0118695 0.001236140290198471 -1e-07 0.0119345 0.001324956430752959 1e-07 1 103 2 179 -180 
180 0.0119343 0.001148261706408582 -1e-07 0.0119993 0.001236340290198471 1e-07 1 103 2 180 -181 
181 0.0119991 0.001061464054799612 -1e-07 0.0120641 0.001148461706408582 1e-07 1 103 2 181 -182 
182 0.0120639 0.0009760864871702309 -1e-07 0.0121289 0.001061664054799612 1e-07 1 103 2 182 -183 
183 0.0121287 0.0008924626065049752 -1e-07 0.0121937 0.0009762864871702308 1e-07 1 103 2 183 -184 
184 0.0121935 0.0008109191634591174 -1e-07 0.0122585 0.0008926626065049751 1e-07 1 103 2 184 -185 
185 0.0122583 0.0007317747796182193 -1e-07 0.0123233 0.0008111191634591173 1e-07 1 103 2 185 -186 
186 0.0123231 0.000655338702521087 -1e-07 0.0123881 0.0007319747796182192 1e-07 1 103 2 186 -187 
187 0.0123879 0.0005819095973107305 -1e-07 0.0124529 0.0006555387025210869 1e-07 1 103 2 187 -188 
188 0.0124527 0.0005117743797348125 -1e-07 0.0125177 0.0005821095973107304 1e-07 1 103 2 188 -189 
189 0.0125175 0.0004452070950555038 -1e-07 0.0125825 0.0005119743797348124 1e-07 1 103 2 189 -190 
190 0.0125823 0.0003824678472492712 -1e-07 0.0126473 0.0004454070950555038 1e-07 1 103 2 190 -191 
191 0.0126471 0.0003238017826806332 -1e-07 0.0127121 0.0003826678472492712 1e-07 1 103 2 191 -192 
192 0.0127119 0.0002694381322210532 -1e-07 0.0127769 0.0003240017826806332 1e-07 1 103 2 192 -193 
193 0.0127767 0.0002195893155557855 -1e-07 0.0128417 0.0002696381322210532 1e-07 1 103 2 193 -194 
194 0.0128415 0.0001744501111784911 -1e-07 0.0129065 0.0002197893155557855 1e-07 1 103 2 194 -195 
195 0.0129063 0.000134196895316764 -1e-07 0.0129713 0.0001746501111784912 1e-07 1 103 2 195 -196 
196 0.0129711 9.898695276240202e-05 -1e-07 0.0130361 0.000134396895316764 1e-07 1 103 2 196 -197 
197 0.0130359 6.89578622992431e-05 -1e-07 0.0131009 9.918695276240202e-05 1e-07 1 103 2 197 -198 
198 0.0131007 4.422695912995934e-05 -1e-07 0.0131657 6.915786229924311e-05 1e-07 1 103 2 198 -199 
199 0.0131655 2.489087640230405e-05 -1e-07 0.0132305 4.442695912995934e-05 1e-07 1 103 2 199 -200 
200 0.0132303 1.102516762624846e-05 -1e-07 0.0132953 2.509087640230405e-05 1e-07 1 103 2 200 -201 
201 0.0132951 2.684011457367215e-06 -1e-07 0.0133601 1.122516762624846e-05 1e-07 1 103 2 201 -202 
202 0.0133599 -1.000000000000001e-07 -1e-07 0.0170001 2.884011457367217e-06 1e-07 1 103 2 202 -203 
203 0.0169999 -9.99999999998398e-08 -1e-07 0.0170001 0.0070001 1e-07 1 102 2 203 -204 
204 0.0165999 0.0069999 -1e-07 0.0170001 0.0070001 1e-07 1 103 2 204 -205 
205 0.0165351 0.006997115988542632 -1e-07 0.0166001 0.0070001 1e-07 1 103 2 205 -206 
206 0.0164703 0.006988774832373751 -1e-07 0.0165353 0.006997315988542633 1e-07 1 103 2 206 -207 
207 0.0164055 0.006974909123597696 -1e-07 0.0164705 0.006988974832373752 1e-07 1 103 2 207 -208 
208 0.0163407 0.00695557304087004 -1e-07 0.0164057 0.006975109123597696 1e-07 1 103 2 208 -209 
209 0.0162759 0.006930842137700757 -1e-07 0.0163409 0.006955773040870041 1e-07 1 103 2 209 -210 
210 0.0162111 0.006900813047237599 -1e-07 0.0162761 0.006931042137700758 1e-07 1 103 2 210 -211 
211 0.0161463 0.006865603104683236 -1e-07 0.0162113 0.006901013047237599 1e-07 1 103 2 211 -212 
212 0.0160815 0.006825349888821509 -1e-07 0.0161465 0.006865803104683236 1e-07 1 103 2 212 -213 
213 0.0160167 0.006780210684444213 -1e-07 0.0160817 0.00682554988882151 1e-07 1 103 2 213 -214 
214 0.0159519 0.006730361867778947 -1e-07 0.0160169 0.006780410684444214 1e-07 1 103 2 214 -215 
215 0.0158871 0.006675998217319366 -1e-07 0.0159521 0.006730561867778947 1e-07 1 103 2 215 -216 
216 0.0158223 0.006617332152750728 -1e-07 0.0158873 0.006676198217319367 1e-07 1 103 2 216 -217 
217 0.0157575 0.006554592904944496 -1e-07 0.0158225 0.006617532152750728 1e-07 1 103 2 217 -218 
218 0.0156927 0.006488025620265187 -1e-07 0.0157577 0.006554792904944496 1e-07 1 103 2 218 -219 
219 0.0156279 0.006417890402689269 -1e-07 0.0156929 0.006488225620265188 1e-07 1 103 2 219 -220 
220 0.0155631 0.006344461297478913 -1e-07 0.0156281 0.00641809040268927 1e-07 1 103 2 220 -221 
221 0.0154983 0.006268025220381781 -1e-07 0.0155633 0.006344661297478914 1e-07 1 103 2 221 -222 
222 0.0154335 0.006188880836540882 -1e-07 0.0154985 0.006268225220381781 1e-07 1 103 2 222 -223 
223 0.0153687 0.006107337393495025 -1e-07 0.0154337 0.006189080836540883 1e-07 1 103 2 223 -224 
224 0.0153039 0.00602371351282977 -1e-07 0.0153689 0.006107537393495025 1e-07 1 103 2 224 -225 
225 0.0152391 0.005938335945200389 -1e-07 0.0153041 0.006023913512829771 1e-07 1 103 2 225 -226 
226 0.0151743 0.005851538293591419 -1e-07 0.0152393 0.005938535945200389 1e-07 1 103 2 226 -227 
227 0.0151095 0.00576365970980153 -1e-07 0.0151745 0.00585173829359142 1e-07 1 103 2 227 -228 
228 0.0150447 0.005675043569247042 -1e-07 0.0151097 0.005763859709801531 1e-07 1 103 2 228 -229 
229 0.0149799 0.005586036129262147 -1e-07 0.0150449 0.005675243569247043 1e-07 1 103 2 229 -230 
230 0.0149151 0.005496985176138365 -1e-07 0.0149801 0.005586236129262147 1e-07 1 103 2 230 -231 
231 0.0148503 0.005408238666189783 -1e-07 0.0149153 0.005497185176138365 1e-07 1 103 2 231 -232 
232 0.0147855 0.005320143366153941 -1e-07 0.0148505 0.005408438666189784 1e-07 1 103 2 232 -233 
233 0.0147207 0.00523304349824086 -1e-07 0.0147857 0.005320343366153941 1e-07 1 103 2 233 -234 
234 0.0146559 0.005147279395124514 -1e-07 0.0147209 0.00523324349824086 1e-07 1 103 2 234 -235 
235 0.0145911 0.00506318617013221 -1e-07 0.0146561 0.005147479395124515 1e-07 1 103 2 235 -236 
236 0.0145263 0.004981092407827969 -1e-07 0.0145913 0.005063386170132211 1e-07 1 103 2 236 -237 
237 0.0144615 0.004901318880106295 -1e-07 0.0145265 0.004981292407827969 1e-07 1 103 2 237 -238 
238 0.0143967 0.004824177292813042 -1e-07 0.0144617 0.004901518880106296 1e-07 1 103 2 238 -239 
239 0.0143319 0.004749969067790826 -1e-07 0.0143969 0.004824377292813042 1e-07 1 103 2 239 -240 
240 0.0142671 0.004678984165107989 -1e-07 0.0143321 0.004750169067790827 1e-07 1 103 2 240 -241 
241 0.0142023 0.004611499950073119 -1e-07 0.0142673 0.004679184165107989 1e-07 1 103 2 241 -242 
242 0.0141375 0.004547780109462141 -1e-07 0.0142025 0.004611699950073119 1e-07 1 103 2 242 -243 
243 0.0140727 0.004488073621192705 -1e-07 0.0141377 0.004547980109462142 1e-07 1 103 2 243 -244 
244 0.0140079 0.004432613781471717 -1e-07 0.0140729 0.004488273621192706 1e-07 1 103 2 244 -245 
245 0.0139431 0.004381617293217359 -1e-07 0.0140081 0.004432813781471717 1e-07 1 103 2 245 -246 
246 0.0138783 0.004335283419317474 -1e-07 0.0139433 0.00438181729321736 1e-07 1 103 2 246 -247 
247 0.0138135 0.004293793204032834 -1e-07 0.0138785 0.004335483419317474 1e-07 1 103 2 247 -248 
248 0.0137487 0.00425730876558761 -1e-07 0.0138137 0.004293993204032834 1e-07 1 103 2 248 -249 
249 0.0136839 0.00422597266271113 -1e-07 0.0137489 0.004257508765587611 1e-07 1 103 2 249 -250 
250 0.0136191 0.004199907337606117 -1e-07 0.0136841 0.004226172662711131 1e-07 1 103 2 250 -251 
251 0.0135543 0.004179214637519909 -1e-07 0.0136193 0.004200107337606117 1e-07 1 103 2 251 -252 
252 0.0134895 0.004163975416788123 -1e-07 0.0135545 0.004179414637519909 1e-07 1 103 2 252 -253 
253 0.0134247 0.004154249220905659 -1e-07 0.0134897 0.004164175416788123 1e-07 1 103 2 253 -254 
254 0.0133599 0.004150074053859569 -1e-07 0.0134249 0.004154449220905659 1e-07 1 103 2 254 -255 
255 0.0132951 0.004150074053859569 -1e-07 0.0133601 0.004151603580447547 1e-07 1 103 2 255 -256 
256 0.0132303 0.004151403580447546 -1e-07 0.0132953 0.004158279496121115 1e-07 1 103 2 256 -257 
257 0.0131655 0.004158079496121114 -1e-07 0.0132305 0.004170268753356453 1e-07 1 103 2 257 -258 
258 0.0131007 0.004170068753356453 -1e-07 0.0131657 0.004187524505515656 1e-07 1 103 2 258 -259 
259 0.0130359 0.004187324505515655 -1e-07 0.0131009 0.004209979327740173 1e-07 1 103 2 259 -260 
260 0.0129711 0.004209779327740172 -1e-07 0.0130361 0.004237545480405659 1e-07 1 103 2 260 -261 
261 0.0129063 0.004237345480405659 -1e-07 0.0129713 0.004270115251954421 1e-07 1 103 2 261 -262 
262 0.0128415 0.004269915251954421 -1e-07 0.0129065 0.00430756137976589 1e-07 1 103 2 262 -263 
263 0.0127767 0.00430736137976589 -1e-07 0.0128417 0.004349737547420612 1e-07 1 103 2 263 -264 
264 0.0127119 0.004349537547420611 -1e-07 0.0127769 0.004396478956414756 1e-07 1 103 2 264 -265 
265 0.0126471 0.004396278956414756 -1e-07 0.0127121 0.004447602970091238 1e-07 1 103 2 265 -266 
266 0.0125823 0.004447402970091237 -1e-07 0.0126473 0.004502909827271358 1e-07 1 103 2 266 -267 
267 0.0125175 0.004502709827271358 -1e-07 0.0125825 0.004562183422798544 1e-07 1 103 2 267 -268 
268 0.0124527 0.004561983422798544 -1e-07 0.0125177 0.00462519215194428 1e-07 1 103 2 268 -269 
269 0.0123879 0.00462499215194428 -1e-07 0.0124529 0.004691689815376836 1e-07 1 103 2 269 -270 
270 0.0123231 0.004691489815376836 -1e-07 0.0123881 0.004761416581156728 1e-07 1 103 2 270 -271 
271 0.0122583 0.004761216581156727 -1e-07 0.0123233 0.0048341 1e-07 1 103 2 271 -272 
272 0.0121935 0.004833899999999999 -1e-07 0.0122585 0.004909456069842347 1e-07 1 103 2 272 -273 
273 0.0121287 0.004909256069842346 -1e-07 0.0121937 0.004987190345544364 1e-07 1 103 2 273 -274 
274 0.0120639 0.004986990345544363 -1e-07 0.0121289 0.005066999089401932 1e-07 1 103 2 274 -275 
275 0.0119991 0.005066799089401931 -1e-07 0.0120641 0.005148570457966216 1e-07 1 103 2 275 -276 
276 0.0119343 0.005148370457966216 -1e-07 0.0119993 0.005231585720535914 1e-07 1 103 2 276 -277 
277 0.0118695 0.005231385720535914 -1e-07 0.0119345 0.005315720504560668 1e-07 1 103 2 277 -278 
278 0.0118047 0.005315520504560667 -1e-07 0.0118697 0.005400646063089337 1e-07 1 103 2 278 -279 
279 0.0117399 0.005400446063089336 -1e-07 0.0118049 0.00548603055931074 1e-07 1 103 2 279 -280 
280 0.0116751 0.00548583055931074 -1e-07 0.0117401 0.005571540363167665 1e-07 1 103 2 280 -281 
281 0.0116103 0.005571340363167664 -1e-07 0.0116753 0.005656841354977791 1e-07 1 103 2 281 -282 
282 0.0115455 0.005656641354977791 -1e-07 0.0116105 0.00574160023096775 1e-07 1 103 2 282 -283 
283 0.0114807 0.005741400230967749 -1e-07 0.0115457 0.005825485805619128 1e-07 1 103 2 283 -284 
284 0.0114159 0.005825285805619127 -1e-07 0.0114809 0.005908170305737628 1e-07 1 103 2 284 -285 
285 0.0113511 0.005907970305737627 -1e-07 0.0114161 0.005989330651188968 1e-07 1 103 2 285 -286 
286 0.0112863 0.005989130651188967 -1e-07 0.0113513 0.006068649717297187 1e-07 1 103 2 286 -287 
287 0.0112215 0.006068449717297186 -1e-07 0.0112865 0.006145817573972697 1e-07 1 103 2 287 -288 
288 0.0111567 0.006145617573972697 -1e-07 0.0112217 0.006220532696728304 1e-07 1 103 2 288 -289 
289 0.0110919 0.006220332696728304 -1e-07 0.0111569 0.006292503144851321 1e-07 1 103 2 289 -290 
290 0.0110271 0.00629230314485132 -1e-07 0.0110921 0.006361447702128179 1e-07 1 103 2 290 -291 
291 0.0109623 0.006361247702128179 -1e-07 0.0110273 0.006427096975664309 1e-07 1 103 2 291 -292 
292 0.0108975 0.006426896975664309 -1e-07 0.0109625 0.006489194448505754 1e-07 1 103 2 292 -293 
293 0.0108327 0.006488994448505754 -1e-07 0.0108977 0.006547497481949551 1e-07 1 103 2 293 -294 
294 0.0107679 0.00654729748194955 -1e-07 0.0108329 0.006601778263626424 1e-07 1 103 2 294 -295 
295 0.0107031 0.006601578263626424 -1e-07 0.0107681 0.006651824697651318 1e-07 1 103 2 295 -296 
296 0.0106383 0.006651624697651318 -1e-07 0.0107033 0.006697441233363564 1e-07 1 103 2 296 -297 
297 0.0105735 0.006697241233363563 -1e-07 0.0106385 0.006738449629418506 1e-07 1 103 2 297 -298 
298 0.0105087 0.006738249629418505 -1e-07 0.0105737 0.006774689650244962 1e-07 1 103 2 298 -299 
299 0.0104439 0.006774489650244962 -1e-07 0.0105089 0.006806019692147221 1e-07 1 103 2 299 -300 
300 0.0103791 0.00680581969214722 -1e-07 0.0104441 0.006832317336605117 1e-07 1 103 2 300 -301 
301 0.0103143 0.006832117336605117 -1e-07 0.0103793 0.006853479828610272 1e-07 1 103 2 301 -302 
302 0.0102495 0.006853279828610272 -1e-07 0.0103145 0.006869424478169409 1e-07 1 103 2 302 -303 
303 0.0101847 0.006869224478169409 -1e-07 0.0102497 0.006880088983405957 1e-07 1 103 2 303 -304 
304 0.0101199 0.006879888983405956 -1e-07 0.0101849 0.006885431673997438 1e-07 1 103 2 304 -305 
305 0.0100551 0.006885231673997437 -1e-07 0.0101201 0.006885431673997438 1e-07 1 103 2 305 -306 
306 0.009990300000000002 0.006879888983405956 -1e-07 0.0100553 0.006885431673997438 1e-07 1 103 2 306 -307 
307 0.0099255 0.006869224478169409 -1e-07 0.009990500000000001 0.006880088983405957 1e-07 1 103 2 307 -308 
308 0.009860700000000002 0.006853279828610272 -1e-07 0.009925699999999999 0.006869424478169409 1e-07 1 103 2 308 -309 
309 0.0097959 0.006832117336605117 -1e-07 0.009860900000000001 0.006853479828610272 1e-07 1 103 2 309 -310 
310 0.009731100000000001 0.00680581969214722 -1e-07 0.009796099999999999 0.006832317336605117 1e-07 1 103 2 310 -311 
311 0.009666300000000001 0.006774489650244962 -1e-07 0.0097313 0.006806019692147221 1e-07 1 103 2 311 -312 
312 0.009601500000000002 0.006738249629418505 -1e-07 0.0096665 0.006774689650244962 1e-07 1 103 2 312 -313 
313 0.0095367 0.006697241233363563 -1e-07 0.009601700000000001 0.006738449629418506 1e-07 1 103 2 313 -314 
314 0.0094719 0.006651624697651318 -1e-07 0.009536899999999999 0.006697441233363564 1e-07 1 103 2 314 -315 
315 0.0094071 0.006601578263626424 -1e-07 0.009472099999999999 0.006651824697651318 1e-07 1 103 2 315 -316 
316 0.009342300000000001 0.00654729748194955 -1e-07 0.009407299999999999 0.006601778263626424 1e-07 1 103 2 316 -317 
317 0.009277500000000001 0.006488994448505754 -1e-07 0.0093425 0.006547497481949551 1e-07 1 103 2 317 -318 
318 0.009212700000000001 0.006426896975664309 -1e-07 0.0092777 0.006489194448505754 1e-07 1 103 2 318 -319 
319 0.0091479 0.006361247702128179 -1e-07 0.0092129 0.006427096975664309 1e-07 1 103 2 319 -320 
320 0.009083100000000002 0.00629230314485132 -1e-07 0.009148099999999999 0.006361447702128179 1e-07 1 103 2 320 -321 
321 0.0090183 0.006220332696728304 -1e-07 0.009083300000000001 0.006292503144851321 1e-07 1 103 2 321 -322 
322 0.008953500000000001 0.006145617573972697 -1e-07 0.009018499999999999 0.006220532696728304 1e-07 1 103 2 322 -323 
323 0.008888700000000001 0.006068449717297186 -1e-07 0.0089537 0.006145817573972697 1e-07 1 103 2 323 -324 
324 0.008823900000000001 0.005989130651188967 -1e-07 0.0088889 0.006068649717297187 1e-07 1 103 2 324 -325 
325 0.008759100000000002 0.005907970305737627 -1e-07 0.0088241 0.005989330651188968 1e-07 1 103 2 325 -326 
326 0.0086943 0.005825285805619127 -1e-07 0.008759300000000001 0.005908170305737628 1e-07 1 103 2 326 -327 
327 0.0086295 0.005741400230967749 -1e-07 0.008694499999999999 0.005825485805619128 1e-07 1 103 2 327 -328 
328 0.008564700000000001 0.005656641354977791 -1e-07 0.008629699999999999 0.00574160023096775 1e-07 1 103 2 328 -329 
329 0.008499900000000001 0.005571340363167664 -1e-07 0.0085649 0.005656841354977791 1e-07 1 103 2 329 -330 
330 0.008435100000000001 0.00548583055931074 -1e-07 0.0085001 0.005571540363167665 1e-07 1 103 2 330 -331 
331 0.008370300000000001 0.005400446063089336 -1e-07 0.0084353 0.00548603055931074 1e-07 1 103 2 331 -332 
332 0.0083055 0.005315520504560667 -1e-07 0.008370499999999999 0.005400646063089337 1e-07 1 103 2 332 -333 
333 0.0082407 0.005231385720535914 -1e-07 0.008305699999999999 0.005315720504560668 1e-07 1 103 2 333 -334 
334 0.008175900000000002 0.005148370457966216 -1e-07 0.008240899999999999 0.005231585720535914 1e-07 1 103 2 334 -335 
335 0.008111100000000001 0.005066799089401932 -1e-07 0.0081761 0.005148570457966217 1e-07 1 103 2 335 -336 
336 0.008046299999999999 0.004986990345544363 -1e-07 0.0081113 0.005066999089401933 1e-07 1 103 2 336 -337 
337 0.007981500000000001 0.004909256069842346 -1e-07 0.008046499999999998 0.004987190345544364 1e-07 1 103 2 337 -338 
338 0.0079167 0.004833899999999999 -1e-07 0.0079817 0.004909456069842347 1e-07 1 103 2 338 -339 
339 0.007851900000000002 0.004761216581156727 -1e-07 0.007916899999999999 0.0048341 1e-07 1 103 2 339 -340 
340 0.0077871 0.004691489815376836 -1e-07 0.007852100000000001 0.004761416581156728 1e-07 1 103 2 340 -341 
341 0.007722299999999999 0.004624992151944279 -1e-07 0.0077873 0.004691689815376836 1e-07 1 103 2 341 -342 
342 0.0076575 0.004561983422798544 -1e-07 0.007722499999999999 0.004625192151944279 1e-07 1 103 2 342 -343 
343 0.0075927 0.004502709827271359 -1e-07 0.007657700000000001 0.004562183422798544 1e-07 1 103 2 343 -344 
344 0.007527900000000001 0.004447402970091237 -1e-07 0.007592900000000001 0.004502909827271359 1e-07 1 103 2 344 -345 
345 0.0074631 0.004396278956414756 -1e-07 0.007528100000000001 0.004447602970091238 1e-07 1 103 2 345 -346 
346 0.007398299999999998 0.004349537547420611 -1e-07 0.007463300000000001 0.004396478956414756 1e-07 1 103 2 346 -347 
347 0.007333500000000001 0.004307361379765891 -1e-07 0.007398499999999999 0.004349737547420612 1e-07 1 103 2 347 -348 
348 0.0072687 0.004269915251954422 -1e-07 0.007333700000000001 0.004307561379765891 1e-07 1 103 2 348 -349 
349 0.007203899999999998 0.004237345480405659 -1e-07 0.007268900000000001 0.004270115251954422 1e-07 1 103 2 349 -350 
350 0.007139100000000001 0.004209779327740174 -1e-07 0.007204099999999999 0.004237545480405659 1e-07 1 103 2 350 -351 
351 0.007074299999999999 0.004187324505515655 -1e-07 0.007139300000000001 0.004209979327740174 1e-07 1 103 2 351 -352 
352 0.007009500000000001 0.004170068753356453 -1e-07 0.007074499999999999 0.004187524505515656 1e-07 1 103 2 352 -353 
353 0.006944700000000001 0.004158079496121114 -1e-07 0.007009700000000002 0.004170268753356453 1e-07 1 103 2 353 -354 
354 0.006879899999999999 0.004151466229632861 -1e-07 0.006944900000000001 0.004158279496121115 1e-07 1 103 2 354 -355 
355 0.006815100000000001 0.004150074053859569 -1e-07 0.006880099999999999 0.004151666229632861 1e-07 1 103 2 355 -356 
356 0.006750299999999999 0.004150074053859569 -1e-07 0.006815300000000002 0.004154449220905659 1e-07 1 103 2 356 -357 
357 0.0066855 0.004154249220905659 -1e-07 0.0067505 0.004164175416788123 1e-07 1 103 2 357 -358 
358 0.006620700000000001 0.004163975416788123 -1e-07 0.006685700000000001 0.004179414637519909 1e-07 1 103 2 358 -359 
359 0.006555899999999999 0.004179214637519909 -1e-07 0.006620900000000002 0.004200107337606117 1e-07 1 103 2 359 -360 
360 0.006491100000000001 0.004199907337606117 -1e-07 0.0065561 0.004226172662711132 1e-07 1 103 2 360 -361 
361 0.006426299999999999 0.004225972662711131 -1e-07 0.006491300000000001 0.004257508765587612 1e-07 1 103 2 361 -362 
362 0.006361499999999999 0.004257308765587611 -1e-07 0.0064265 0.004293993204032834 1e-07 1 103 2 362 -363 
363 0.006296700000000001 0.004293793204032834 -1e-07 0.0063617 0.004335483419317475 1e-07 1 103 2 363 -364 
364 0.006231899999999999 0.004335283419317475 -1e-07 0.006296900000000001 0.004381817293217358 1e-07 1 103 2 364 -365 
365 0.006167100000000001 0.004381617293217357 -1e-07 0.0062321 0.004432813781471716 1e-07 1 103 2 365 -366 
366 0.006102299999999999 0.004432613781471716 -1e-07 0.006167300000000001 0.004488273621192705 1e-07 1 103 2 366 -367 
367 0.006037499999999999 0.004488073621192704 -1e-07 0.006102499999999999 0.004547980109462142 1e-07 1 103 2 367 -368 
368 0.005972700000000001 0.004547780109462141 -1e-07 0.0060377 0.004611699950073119 1e-07 1 103 2 368 -369 
369 0.005907899999999999 0.004611499950073118 -1e-07 0.005972900000000001 0.004679184165107989 1e-07 1 103 2 369 -370 
370 0.0058431 0.004678984165107989 -1e-07 0.005908099999999999 0.004750169067790825 1e-07 1 103 2 370 -371 
371 0.005778299999999999 0.004749969067790825 -1e-07 0.0058433 0.004824377292813042 1e-07 1 103 2 371 -372 
372 0.0057135 0.004824177292813042 -1e-07 0.0057785 0.004901518880106296 1e-07 1 103 2 372 -373 
373 0.005648700000000001 0.004901318880106295 -1e-07 0.0057137 0.004981292407827969 1e-07 1 103 2 373 -374 
374 0.005583899999999999 0.004981092407827969 -1e-07 0.005648900000000002 0.005063386170132211 1e-07 1 103 2 374 -375 
375 0.0055191 0.00506318617013221 -1e-07 0.0055841 0.005147479395124516 1e-07 1 103 2 375 -376 
376 0.0054543 0.005147279395124515 -1e-07 0.0055193 0.005233243498240861 1e-07 1 103 2 376 -377 
377 0.005389499999999999 0.005233043498240861 -1e-07 0.0054545 0.005320343366153942 1e-07 1 103 2 377 -378 
378 0.005324700000000002 0.005320143366153942 -1e-07 0.0053897 0.005408438666189785 1e-07 1 103 2 378 -379 
379 0.0052599 0.005408238666189784 -1e-07 0.005324900000000002 0.005497185176138367 1e-07 1 103 2 379 -380 
380 0.005195099999999999 0.005496985176138366 -1e-07 0.0052601 0.005586236129262146 1e-07 1 103 2 380 -381 
381 0.0051303 0.005586036129262145 -1e-07 0.0051953 0.005675243569247041 1e-07 1 103 2 381 -382 
382 0.0050655 0.00567504356924704 -1e-07 0.005130500000000001 0.005763859709801531 1e-07 1 103 2 382 -383 
383 0.005000699999999999 0.00576365970980153 -1e-07 0.0050657 0.005851738293591419 1e-07 1 103 2 383 -384 
384 0.0049359 0.005851538293591418 -1e-07 0.0050009 0.005938535945200388 1e-07 1 103 2 384 -385 
385 0.0048711 0.005938335945200388 -1e-07 0.004936100000000001 0.00602391351282977 1e-07 1 103 2 385 -386 
386 0.004806299999999999 0.006023713512829769 -1e-07 0.0048713 0.006107537393495025 1e-07 1 103 2 386 -387 
387 0.0047415 0.006107337393495025 -1e-07 0.0048065 0.006189080836540883 1e-07 1 103 2 387 -388 
388 0.0046767 0.006188880836540882 -1e-07 0.004741700000000001 0.006268225220381781 1e-07 1 103 2 388 -389 
389 0.0046119 0.006268025220381781 -1e-07 0.0046769 0.006344661297478914 1e-07 1 103 2 389 -390 
390 0.0045471 0.006344461297478913 -1e-07 0.0046121 0.00641809040268927 1e-07 1 103 2 390 -391 
391 0.0044823 0.00641789040268927 -1e-07 0.004547300000000001 0.006488225620265188 1e-07 1 103 2 391 -392 
392 0.0044175 0.006488025620265188 -1e-07 0.0044825 0.006554792904944497 1e-07 1 103 2 392 -393 
393 0.0043527 0.006554592904944497 -1e-07 0.004417700000000001 0.006617532152750728 1e-07 1 103 2 393 -394 
394 0.0042879 0.006617332152750728 -1e-07 0.004352900000000001 0.006676198217319367 1e-07 1 103 2 394 -395 
395 0.0042231 0.006675998217319366 -1e-07 0.0042881 0.006730561867778947 1e-07 1 103 2 395 -396 
396 0.0041583 0.006730361867778947 -1e-07 0.004223300000000001 0.006780410684444215 1e-07 1 103 2 396 -397 
397 0.0040935 0.006780210684444214 -1e-07 0.004158500000000001 0.006825549888821509 1e-07 1 103 2 397 -398 
398 0.004028700000000001 0.006825349888821508 -1e-07 0.0040937 0.006865803104683236 1e-07 1 103 2 398 -399 
399 0.0039639 0.006865603104683236 -1e-07 0.004028900000000001 0.006901013047237598 1e-07 1 103 2 399 -400 
400 0.003899100000000001 0.006900813047237598 -1e-07 0.003964100000000001 0.006931042137700757 1e-07 1 103 2 400 -401 
401 0.003834300000000001 0.006930842137700757 -1e-07 0.003899300000000001 0.006955773040870041 1e-07 1 103 2 401 -402 
402 0.003769500000000001 0.00695557304087004 -1e-07 0.0038345 0.006975109123597696 1e-07 1 103 2 402 -403 
403 0.003704700000000001 0.006974909123597696 -1e-07 0.0037697 0.006988974832373752 1e-07 1 103 2 403 -404 
404 0.003639899999999999 0.006988774832373751 -1e-07 0.003704900000000001 0.006997315988542633 1e-07 1 103 2 404 -405 
405 -9.99999999998398e-08 0.006997115988542632 -1e-07 0.003640099999999999 0.0070001 1e-07 1 103 2 405 -406 
406 -1e-07 -9.99999999998398e-08 -1e-07 1e-07 0.0070001 1e-07 1 101 2 406 -1 
1 -9.999999999940612e-08 -9.99999999998398e-08 -1e-07 0.0170001 0.0070001 1e-07 1 201 406 1 2 3 4 5 6 7 8 9 10 11 12 13 14 15 16 17 18 19 20 21 22 23 24 25 26 27 28 29 30 31 32 33 34 35 36 37 38 39 40 41 42 43 44 45 46 47 48 49 50 51 52 53 54 55 56 57 58 59 60 61 62 63 64 65 66 67 68 69 70 71 72 73 74 75 76 77 78 79 80 81 82 83 84 85 86 87 88 89 90 91 92 93 94 95 96 97 98 99 100 101 102 103 104 105 106 107 108 109 110 111 112 113 114 115 116 117 118 119 120 121 122 123 124 125 126 127 128 129 130 131 132 133 134 135 136 137 138 139 140 141 142 143 144 145 146 147 148 149 150 151 152 153 154 155 156 157 158 159 160 161 162 163 164 165 166 167 168 169 170 171 172 173 174 175 176 177 178 179 180 181 182 183 184 185 186 187 188 189 190 191 192 193 194 195 196 197 198 199 200 201 202 203 204 205 206 207 208 209 210 211 212 213 214 215 216 217 218 219 220 221 222 223 224 225 226 227 228 229 230 231 232 233 234 235 236 237 238 239 240 241 242 243 244 245 246 247 248 249 250 251 252 253 254 255 256 257 258 259 260 261 262 263 264 265 266 267 268 269 270 271 272 273 274 275 276 277 278 279 280 281 282 283 284 285 286 287 288 289 290 291 292 293 294 295 296 297 298 299 300 301 302 303 304 305 306 307 308 309 310 311 312 313 314 315 316 317 318 319 320 321 322 323 324 325 326 327 328 329 330 331 332 333 334 335 336 337 338 339 340 341 342 343 344 345 346 347 348 349 350 351 352 353 354 355 356 357 358 359 360 361 362 363 364 365 366 367 368 369 370 371 372 373 374 375 376 377 378 379 380 381 382 383 384 385 386 387 388 389 390 391 392 393 394 395 396 397 398 399 400 401 402 403 404 405 406 
$EndEntities
$Nodes
813 2351 1 2351
0 1 0 1
1
0 0 0
0 2 0 1
2
0.0004 0 0
0 3 0 1
3
0.0004648 2.784011457367217e-06 0
0 4 0 1
4
0.0005296000000000001 1.112516762624846e-05 0
0 5 0 1
5
0.0005944 2.499087640230405e-05 0
0 6 0 1
6
0.0006592 4.432695912995919e-05 0
0 7 0 1
7
0.000724 6.905786229924278e-05 0
0 8 0 1
8
0.0007888 9.908695276240156e-05 0
0 9 0 1
9
0.0008535999999999999 0.0001342968953167635 0
0 10 0 1
10
0.0009184 0.0001745501111784905 0
0 11 0 1
11
0.0009832 0.0002196893155557863 0
0 12 0 1
12
0.001048 0.0002695381322210538 0
0 13 0 1
13
0.0011128 0.0003239017826806337 0
0 14 0 1
14
0.0011776 0.0003825678472492717 0
0 15 0 1
15
0.0012424 0.0004453070950555042 0
0 16 0 1
16
0.0013072 0.000511874379734813 0
0 17 0 1
17
0.001372 0.0005820095973107308 0
0 18 0 1
18
0.0014368 0.0006554387025210871 0
0 19 0 1
19
0.0015016 0.0007318747796182192 0
0 20 0 1
20
0.0015664 0.0008110191634591171 0
0 21 0 1
21
0.0016312 0.0008925626065049749 0
0 22 0 1
22
0.001696 0.00097618648717023 0
0 23 0 1
23
0.0017608 0.001061564054799611 0
0 24 0 1
24
0.0018256 0.001148361706408581 0
0 25 0 1
25
0.0018904 0.00123624029019847 0
0 26 0 1
26
0.0019552 0.001324856430752958 0
0 27 0 1
27
0.00202 0.001413863870737853 0
0 28 0 1
28
0.0020848 0.001502914823861635 0
0 29 0 1
29
0.0021496 0.001591661333810217 0
0 30 0 1
30
0.0022144 0.00167975663384606 0
0 31 0 1
31
0.0022792 0.001766856501759139 0
0 32 0 1
32
0.002344 0.001852620604875486 0
0 33 0 1
33
0.0024088 0.00193671382986779 0
0 34 0 1
34
0.0024736 0.002018807592172031 0
0 35 0 1
35
0.0025384 0.002098581119893706 0
0 36 0 1
36
0.0026032 0.002175722707186958 0
0 37 0 1
37
0.002668 0.002249930932209173 0
0 38 0 1
38
0.0027328 0.002320915834892011 0
0 39 0 1
39
0.0027976 0.002388400049926882 0
0 40 0 1
40
0.0028624 0.002452119890537858 0
0 41 0 1
41
0.0029272 0.002511826378807295 0
0 42 0 1
42
0.002992 0.002567286218528284 0
0 43 0 1
43
0.0030568 0.002618282706782641 0
0 44 0 1
44
0.0031216 0.002664616580682526 0
0 45 0 1
45
0.0031864 0.002706106795967166 0
0 46 0 1
46
0.0032512 0.00274259123441239 0
0 47 0 1
47
0.003316 0.002773927337288869 0
0 48 0 1
48
0.0033808 0.002799992662393884 0
0 49 0 1
49
0.0034456 0.002820685362480091 0
0 50 0 1
50
0.0035104 0.002835924583211877 0
0 51 0 1
51
0.0035752 0.002845650779094341 0
0 52 0 1
52
0.00364 0.002849825946140431 0
0 53 0 1
53
0.0037048 0.002848496419552453 0
0 54 0 1
54
0.0037696 0.002841820503878886 0
0 55 0 1
55
0.0038344 0.002829831246643547 0
0 56 0 1
56
0.0038992 0.002812575494484344 0
0 57 0 1
57
0.003964 0.002790120672259827 0
0 58 0 1
58
0.0040288 0.002762554519594341 0
0 59 0 1
59
0.0040936 0.002729984748045579 0
0 60 0 1
60
0.0041584 0.00269253862023411 0
0 61 0 1
61
0.004223200000000001 0.002650362452579389 0
0 62 0 1
62
0.004288 0.002603621043585245 0
0 63 0 1
63
0.0043528 0.002552497029908763 0
0 64 0 1
64
0.004417600000000001 0.002497190172728642 0
0 65 0 1
65
0.0044824 0.002437916577201456 0
0 66 0 1
66
0.0045472 0.00237490784805572 0
0 67 0 1
67
0.004612 0.002308410184623164 0
0 68 0 1
68
0.004676800000000001 0.002238683418843273 0
0 69 0 1
69
0.0047416 0.002166 0
0 70 0 1
70
0.0048064 0.002090643930157655 0
0 71 0 1
71
0.0048712 0.002012909654455637 0
0 72 0 1
72
0.004936 0.001933100910598068 0
0 73 0 1
73
0.005000800000000001 0.001851529542033784 0
0 74 0 1
74
0.0050656 0.001768514279464086 0
0 75 0 1
75
0.0051304 0.001684379495439332 0
0 76 0 1
76
0.0051952 0.001599453936910663 0
0 77 0 1
77
0.005260000000000001 0.001514069440689261 0
0 78 0 1
78
0.005324800000000001 0.001428559636832335 0
0 79 0 1
79
0.0053896 0.001343258645022209 0
0 80 0 1
80
0.0054544 0.001258499769032251 0
0 81 0 1
81
0.005519200000000001 0.001174614194380872 0
0 82 0 1
82
0.005584 0.001091929694262372 0
0 83 0 1
83
0.005648800000000001 0.001010769348811033 0
0 84 0 1
84
0.0057136 0.0009314502827028135 0
0 85 0 1
85
0.0057784 0.0008542824260273034 0
0 86 0 1
86
0.005843200000000001 0.0007795673032716962 0
0 87 0 1
87
0.005908 0.0007075968551486798 0
0 88 0 1
88
0.0059728 0.0006386522978718214 0
0 89 0 1
89
0.0060376 0.0005730030243356915 0
0 90 0 1
90
0.0061024 0.0005109055514942458 0
0 91 0 1
91
0.0061672 0.0004526025180504489 0
0 92 0 1
92
0.006232000000000001 0.0003983217363735753 0
0 93 0 1
93
0.0062968 0.0003482753023486818 0
0 94 0 1
94
0.0063616 0.0003026587666364359 0
0 95 0 1
95
0.006426400000000001 0.0002616503705814952 0
0 96 0 1
96
0.0064912 0.0002254103497550387 0
0 97 0 1
97
0.006556 0.0001940803078527804 0
0 98 0 1
98
0.0066208 0.0001677826633948825 0
0 99 0 1
99
0.0066856 0.0001466201713897277 0
0 100 0 1
100
0.0067504 0.0001306755218305912 0
0 101 0 1
101
0.0068152 0.0001200110165940434 0
0 102 0 1
102
0.006880000000000001 0.0001146683260025627 0
0 103 0 1
103
0.0069448 0.0001146683260025627 0
0 104 0 1
104
0.0070096 0.0001200110165940434 0
0 105 0 1
105
0.0070744 0.0001306755218305912 0
0 106 0 1
106
0.0071392 0.0001466201713897277 0
0 107 0 1
107
0.007204000000000001 0.0001677826633948825 0
0 108 0 1
108
0.0072688 0.0001940803078527804 0
0 109 0 1
109
0.0073336 0.0002254103497550387 0
0 110 0 1
110
0.007398399999999999 0.0002616503705814952 0
0 111 0 1
111
0.007463200000000001 0.0003026587666364359 0
0 112 0 1
112
0.007528000000000001 0.0003482753023486818 0
0 113 0 1
113
0.007592799999999999 0.0003983217363735753 0
0 114 0 1
114
0.0076576 0.0004526025180504489 0
0 115 0 1
115
0.007722400000000001 0.0005109055514942458 0
0 116 0 1
116
0.0077872 0.0005730030243356915 0
0 117 0 1
117
0.007852000000000001 0.0006386522978718214 0
0 118 0 1
118
0.0079168 0.0007075968551486798 0
0 119 0 1
119
0.0079816 0.0007795673032716962 0
0 120 0 1
120
0.0080464 0.0008542824260273034 0
0 121 0 1
121
0.008111200000000001 0.0009314502827028135 0
0 122 0 1
122
0.008176000000000001 0.001010769348811033 0
0 123 0 1
123
0.008240799999999998 0.001091929694262372 0
0 124 0 1
124
0.0083056 0.001174614194380872 0
0 125 0 1
125
0.0083704 0.001258499769032251 0
0 126 0 1
126
0.0084352 0.001343258645022209 0
0 127 0 1
127
0.008500000000000001 0.001428559636832335 0
0 128 0 1
128
0.008564800000000001 0.001514069440689261 0
0 129 0 1
129
0.008629599999999999 0.001599453936910663 0
0 130 0 1
130
0.0086944 0.001684379495439332 0
0 131 0 1
131
0.0087592 0.001768514279464086 0
0 132 0 1
132
0.008824 0.001851529542033784 0
0 133 0 1
133
0.008888800000000001 0.001933100910598068 0
0 134 0 1
134
0.008953600000000003 0.002012909654455637 0
0 135 0 1
135
0.009018399999999999 0.002090643930157655 0
0 136 0 1
136
0.0090832 0.002166 0
0 137 0 1
137
0.009148 0.002238683418843273 0
0 138 0 1
138
0.0092128 0.002308410184623164 0
0 139 0 1
139
0.009277600000000002 0.002374907848055721 0
0 140 0 1
140
0.009342399999999999 0.002437916577201456 0
0 141 0 1
141
0.009407199999999999 0.002497190172728641 0
0 142 0 1
142
0.009472 0.002552497029908763 0
0 143 0 1
143
0.0095368 0.002603621043585245 0
0 144 0 1
144
0.009601600000000002 0.002650362452579389 0
0 145 0 1
145
0.0096664 0.002692538620234109 0
0 146 0 1
146
0.009731199999999999 0.002729984748045579 0
0 147 0 1
147
0.009796000000000001 0.002762554519594341 0
0 148 0 1
148
0.009860799999999999 0.002790120672259827 0
0 149 0 1
149
0.009925600000000001 0.002812575494484344 0
0 150 0 1
150
0.0099904 0.002829831246643547 0
0 151 0 1
151
0.0100552 0.002841820503878886 0
0 152 0 1
152
0.01012 0.002848433770367139 0
0 153 0 1
153
0.0101848 0.002849825946140431 0
0 154 0 1
154
0.0102496 0.002845650779094341 0
0 155 0 1
155
0.0103144 0.002835924583211877 0
0 156 0 1
156
0.0103792 0.002820685362480091 0
0 157 0 1
157
0.010444 0.002799992662393884 0
0 158 0 1
158
0.0105088 0.002773927337288869 0
0 159 0 1
159
0.0105736 0.002742591234412389 0
0 160 0 1
160
0.0106384 0.002706106795967166 0
0 161 0 1
161
0.0107032 0.002664616580682526 0
0 162 0 1
162
0.010768 0.002618282706782642 0
0 163 0 1
163
0.0108328 0.002567286218528285 0
0 164 0 1
164
0.0108976 0.002511826378807295 0
0 165 0 1
165
0.0109624 0.002452119890537858 0
0 166 0 1
166
0.0110272 0.002388400049926882 0
0 167 0 1
167
0.011092 0.002320915834892011 0
0 168 0 1
168
0.0111568 0.002249930932209174 0
0 169 0 1
169
0.0112216 0.002175722707186958 0
0 170 0 1
170
0.0112864 0.002098581119893706 0
0 171 0 1
171
0.0113512 0.002018807592172031 0
0 172 0 1
172
0.011416 0.00193671382986779 0
0 173 0 1
173
0.0114808 0.001852620604875485 0
0 174 0 1
174
0.0115456 0.001766856501759139 0
0 175 0 1
175
0.0116104 0.001679756633846058 0
0 176 0 1
176
0.0116752 0.001591661333810216 0
0 177 0 1
177
0.01174 0.001502914823861634 0
0 178 0 1
178
0.0118048 0.001413863870737855 0
0 179 0 1
179
0.0118696 0.001324856430752959 0
0 180 0 1
180
0.0119344 0.001236240290198471 0
0 181 0 1
181
0.0119992 0.001148361706408582 0
0 182 0 1
182
0.012064 0.001061564054799612 0
0 183 0 1
183
0.0121288 0.0009761864871702309 0
0 184 0 1
184
0.0121936 0.0008925626065049751 0
0 185 0 1
185
0.0122584 0.0008110191634591174 0
0 186 0 1
186
0.0123232 0.0007318747796182192 0
0 187 0 1
187
0.012388 0.0006554387025210869 0
0 188 0 1
188
0.0124528 0.0005820095973107305 0
0 189 0 1
189
0.0125176 0.0005118743797348124 0
0 190 0 1
190
0.0125824 0.0004453070950555038 0
0 191 0 1
191
0.0126472 0.0003825678472492712 0
0 192 0 1
192
0.012712 0.0003239017826806332 0
0 193 0 1
193
0.0127768 0.0002695381322210532 0
0 194 0 1
194
0.0128416 0.0002196893155557855 0
0 195 0 1
195
0.0129064 0.0001745501111784912 0
0 196 0 1
196
0.0129712 0.000134296895316764 0
0 197 0 1
197
0.013036 9.908695276240202e-05 0
0 198 0 1
198
0.0131008 6.90578622992431e-05 0
0 199 0 1
199
0.0131656 4.432695912995934e-05 0
0 200 0 1
200
0.0132304 2.499087640230405e-05 0
0 201 0 1
201
0.0132952 1.112516762624846e-05 0
0 202 0 1
202
0.01336 2.784011457367217e-06 0
0 203 0 1
203
0.017 0 0
0 204 0 1
204
0.017 0.007 0
0 205 0 1
205
0.0166 0.007 0
0 206 0 1
206
0.0165352 0.006997215988542633 0
0 207 0 1
207
0.0164704 0.006988874832373751 0
0 208 0 1
208
0.0164056 0.006975009123597696 0
0 209 0 1
209
0.0163408 0.006955673040870041 0
0 210 0 1
210
0.016276 0.006930942137700758 0
0 211 0 1
211
0.0162112 0.006900913047237599 0
0 212 0 1
212
0.0161464 0.006865703104683236 0
0 213 0 1
213
0.0160816 0.006825449888821509 0
0 214 0 1
214
0.0160168 0.006780310684444213 0
0 215 0 1
215
0.015952 0.006730461867778947 0
0 216 0 1
216
0.0158872 0.006676098217319367 0
0 217 0 1
217
0.0158224 0.006617432152750728 0
0 218 0 1
218
0.0157576 0.006554692904944496 0
0 219 0 1
219
0.0156928 0.006488125620265187 0
0 220 0 1
220
0.015628 0.006417990402689269 0
0 221 0 1
221
0.0155632 0.006344561297478913 0
0 222 0 1
222
0.0154984 0.006268125220381781 0
0 223 0 1
223
0.0154336 0.006188980836540883 0
0 224 0 1
224
0.0153688 0.006107437393495025 0
0 225 0 1
225
0.015304 0.00602381351282977 0
0 226 0 1
226
0.0152392 0.005938435945200389 0
0 227 0 1
227
0.0151744 0.00585163829359142 0
0 228 0 1
228
0.0151096 0.00576375970980153 0
0 229 0 1
229
0.0150448 0.005675143569247042 0
0 230 0 1
230
0.01498 0.005586136129262147 0
0 231 0 1
231
0.0149152 0.005497085176138365 0
0 232 0 1
232
0.0148504 0.005408338666189783 0
0 233 0 1
233
0.0147856 0.005320243366153941 0
0 234 0 1
234
0.0147208 0.00523314349824086 0
0 235 0 1
235
0.014656 0.005147379395124514 0
0 236 0 1
236
0.0145912 0.005063286170132211 0
0 237 0 1
237
0.0145264 0.004981192407827969 0
0 238 0 1
238
0.0144616 0.004901418880106295 0
0 239 0 1
239
0.0143968 0.004824277292813042 0
0 240 0 1
240
0.014332 0.004750069067790827 0
0 241 0 1
241
0.0142672 0.004679084165107989 0
0 242 0 1
242
0.0142024 0.004611599950073119 0
0 243 0 1
243
0.0141376 0.004547880109462141 0
0 244 0 1
244
0.0140728 0.004488173621192706 0
0 245 0 1
245
0.014008 0.004432713781471717 0
0 246 0 1
246
0.0139432 0.004381717293217359 0
0 247 0 1
247
0.0138784 0.004335383419317474 0
0 248 0 1
248
0.0138136 0.004293893204032834 0
0 249 0 1
249
0.0137488 0.004257408765587611 0
0 250 0 1
250
0.013684 0.004226072662711131 0
0 251 0 1
251
0.0136192 0.004200007337606117 0
0 252 0 1
252
0.0135544 0.004179314637519909 0
0 253 0 1
253
0.0134896 0.004164075416788123 0
0 254 0 1
254
0.0134248 0.004154349220905659 0
0 255 0 1
255
0.01336 0.004150174053859569 0
0 256 0 1
256
0.0132952 0.004151503580447547 0
0 257 0 1
257
0.0132304 0.004158179496121114 0
0 258 0 1
258
0.0131656 0.004170168753356453 0
0 259 0 1
259
0.0131008 0.004187424505515656 0
0 260 0 1
260
0.013036 0.004209879327740172 0
0 261 0 1
261
0.0129712 0.004237445480405659 0
0 262 0 1
262
0.0129064 0.004270015251954421 0
0 263 0 1
263
0.0128416 0.00430746137976589 0
0 264 0 1
264
0.0127768 0.004349637547420611 0
0 265 0 1
265
0.012712 0.004396378956414756 0
0 266 0 1
266
0.0126472 0.004447502970091237 0
0 267 0 1
267
0.0125824 0.004502809827271358 0
0 268 0 1
268
0.0125176 0.004562083422798544 0
0 269 0 1
269
0.0124528 0.00462509215194428 0
0 270 0 1
270
0.012388 0.004691589815376836 0
0 271 0 1
271
0.0123232 0.004761316581156728 0
0 272 0 1
272
0.0122584 0.004834 0
0 273 0 1
273
0.0121936 0.004909356069842346 0
0 274 0 1
274
0.0121288 0.004987090345544364 0
0 275 0 1
275
0.012064 0.005066899089401932 0
0 276 0 1
276
0.0119992 0.005148470457966216 0
0 277 0 1
277
0.0119344 0.005231485720535914 0
0 278 0 1
278
0.0118696 0.005315620504560668 0
0 279 0 1
279
0.0118048 0.005400546063089337 0
0 280 0 1
280
0.01174 0.00548593055931074 0
0 281 0 1
281
0.0116752 0.005571440363167665 0
0 282 0 1
282
0.0116104 0.005656741354977791 0
0 283 0 1
283
0.0115456 0.005741500230967749 0
0 284 0 1
284
0.0114808 0.005825385805619128 0
0 285 0 1
285
0.011416 0.005908070305737628 0
0 286 0 1
286
0.0113512 0.005989230651188967 0
0 287 0 1
287
0.0112864 0.006068549717297186 0
0 288 0 1
288
0.0112216 0.006145717573972697 0
0 289 0 1
289
0.0111568 0.006220432696728304 0
0 290 0 1
290
0.011092 0.00629240314485132 0
0 291 0 1
291
0.0110272 0.006361347702128179 0
0 292 0 1
292
0.0109624 0.006426996975664309 0
0 293 0 1
293
0.0108976 0.006489094448505754 0
0 294 0 1
294
0.0108328 0.006547397481949551 0
0 295 0 1
295
0.010768 0.006601678263626424 0
0 296 0 1
296
0.0107032 0.006651724697651318 0
0 297 0 1
297
0.0106384 0.006697341233363564 0
0 298 0 1
298
0.0105736 0.006738349629418505 0
0 299 0 1
299
0.0105088 0.006774589650244962 0
0 300 0 1
300
0.010444 0.00680591969214722 0
0 301 0 1
301
0.0103792 0.006832217336605117 0
0 302 0 1
302
0.0103144 0.006853379828610272 0
0 303 0 1
303
0.0102496 0.006869324478169409 0
0 304 0 1
304
0.0101848 0.006879988983405957 0
0 305 0 1
305
0.01012 0.006885331673997437 0
0 306 0 1
306
0.0100552 0.006885331673997437 0
0 307 0 1
307
0.009990400000000002 0.006879988983405957 0
0 308 0 1
308
0.0099256 0.006869324478169409 0
0 309 0 1
309
0.009860800000000001 0.006853379828610272 0
0 310 0 1
310
0.009795999999999999 0.006832217336605117 0
0 311 0 1
311
0.009731200000000001 0.00680591969214722 0
0 312 0 1
312
0.0096664 0.006774589650244962 0
0 313 0 1
313
0.009601600000000002 0.006738349629418505 0
0 314 0 1
314
0.0095368 0.006697341233363564 0
0 315 0 1
315
0.009472 0.006651724697651318 0
0 316 0 1
316
0.009407199999999999 0.006601678263626424 0
0 317 0 1
317
0.009342400000000001 0.006547397481949551 0
0 318 0 1
318
0.0092776 0.006489094448505754 0
0 319 0 1
319
0.0092128 0.006426996975664309 0
0 320 0 1
320
0.009148 0.006361347702128179 0
0 321 0 1
321
0.009083200000000001 0.00629240314485132 0
0 322 0 1
322
0.009018399999999999 0.006220432696728304 0
0 323 0 1
323
0.008953600000000001 0.006145717573972697 0
0 324 0 1
324
0.008888800000000001 0.006068549717297186 0
0 325 0 1
325
0.008824 0.005989230651188967 0
0 326 0 1
326
0.008759200000000002 0.005908070305737628 0
0 327 0 1
327
0.0086944 0.005825385805619128 0
0 328 0 1
328
0.008629599999999999 0.005741500230967749 0
0 329 0 1
329
0.008564800000000001 0.005656741354977791 0
0 330 0 1
330
0.008500000000000001 0.005571440363167665 0
0 331 0 1
331
0.0084352 0.00548593055931074 0
0 332 0 1
332
0.0083704 0.005400546063089337 0
0 333 0 1
333
0.0083056 0.005315620504560668 0
0 334 0 1
334
0.0082408 0.005231485720535914 0
0 335 0 1
335
0.008176000000000001 0.005148470457966217 0
0 336 0 1
336
0.008111200000000001 0.005066899089401933 0
0 337 0 1
337
0.008046399999999999 0.004987090345544364 0
0 338 0 1
338
0.0079816 0.004909356069842346 0
0 339 0 1
339
0.0079168 0.004834 0
0 340 0 1
340
0.007852000000000001 0.004761316581156728 0
0 341 0 1
341
0.0077872 0.004691589815376836 0
0 342 0 1
342
0.007722399999999999 0.004625092151944279 0
0 343 0 1
343
0.007657600000000001 0.004562083422798544 0
0 344 0 1
344
0.0075928 0.004502809827271359 0
0 345 0 1
345
0.007528000000000001 0.004447502970091237 0
0 346 0 1
346
0.007463200000000001 0.004396378956414756 0
0 347 0 1
347
0.007398399999999999 0.004349637547420611 0
0 348 0 1
348
0.007333600000000001 0.004307461379765891 0
0 349 0 1
349
0.007268800000000001 0.004270015251954422 0
0 350 0 1
350
0.007203999999999999 0.004237445480405659 0
0 351 0 1
351
0.007139200000000001 0.004209879327740174 0
0 352 0 1
352
0.007074399999999999 0.004187424505515656 0
0 353 0 1
353
0.007009600000000001 0.004170168753356453 0
0 354 0 1
354
0.006944800000000001 0.004158179496121114 0
0 355 0 1
355
0.006879999999999999 0.004151566229632861 0
0 356 0 1
356
0.006815200000000001 0.004150174053859569 0
0 357 0 1
357
0.006750399999999999 0.004154349220905659 0
0 358 0 1
358
0.006685600000000001 0.004164075416788123 0
0 359 0 1
359
0.006620800000000001 0.004179314637519909 0
0 360 0 1
360
0.006555999999999999 0.004200007337606117 0
0 361 0 1
361
0.006491200000000001 0.004226072662711132 0
0 362 0 1
362
0.0064264 0.004257408765587611 0
0 363 0 1
363
0.006361599999999999 0.004293893204032834 0
0 364 0 1
364
0.006296800000000001 0.004335383419317475 0
0 365 0 1
365
0.006232 0.004381717293217358 0
0 366 0 1
366
0.006167200000000001 0.004432713781471716 0
0 367 0 1
367
0.006102399999999999 0.004488173621192705 0
0 368 0 1
368
0.0060376 0.004547880109462141 0
0 369 0 1
369
0.005972800000000001 0.004611599950073118 0
0 370 0 1
370
0.005907999999999999 0.004679084165107989 0
0 371 0 1
371
0.0058432 0.004750069067790825 0
0 372 0 1
372
0.0057784 0.004824277292813042 0
0 373 0 1
373
0.0057136 0.004901418880106295 0
0 374 0 1
374
0.005648800000000002 0.004981192407827969 0
0 375 0 1
375
0.005584 0.005063286170132211 0
0 376 0 1
376
0.0055192 0.005147379395124515 0
0 377 0 1
377
0.0054544 0.005233143498240861 0
0 378 0 1
378
0.0053896 0.005320243366153942 0
0 379 0 1
379
0.005324800000000002 0.005408338666189784 0
0 380 0 1
380
0.00526 0.005497085176138367 0
0 381 0 1
381
0.0051952 0.005586136129262145 0
0 382 0 1
382
0.0051304 0.005675143569247041 0
0 383 0 1
383
0.0050656 0.00576375970980153 0
0 384 0 1
384
0.0050008 0.005851638293591419 0
0 385 0 1
385
0.004936 0.005938435945200388 0
0 386 0 1
386
0.0048712 0.006023813512829769 0
0 387 0 1
387
0.0048064 0.006107437393495025 0
0 388 0 1
388
0.0047416 0.006188980836540883 0
0 389 0 1
389
0.0046768 0.006268125220381781 0
0 390 0 1
390
0.004612 0.006344561297478913 0
0 391 0 1
391
0.0045472 0.00641799040268927 0
0 392 0 1
392
0.0044824 0.006488125620265188 0
0 393 0 1
393
0.004417600000000001 0.006554692904944497 0
0 394 0 1
394
0.0043528 0.006617432152750728 0
0 395 0 1
395
0.004288 0.006676098217319367 0
0 396 0 1
396
0.004223200000000001 0.006730461867778947 0
0 397 0 1
397
0.0041584 0.006780310684444214 0
0 398 0 1
398
0.0040936 0.006825449888821509 0
0 399 0 1
399
0.004028800000000001 0.006865703104683236 0
0 400 0 1
400
0.003964000000000001 0.006900913047237598 0
0 401 0 1
401
0.003899200000000001 0.006930942137700757 0
0 402 0 1
402
0.0038344 0.006955673040870041 0
0 403 0 1
403
0.003769600000000001 0.006975009123597696 0
0 404 0 1
404
0.003704800000000001 0.006988874832373751 0
0 405 0 1
405
0.003639999999999999 0.006997215988542633 0
0 406 0 1
406
0 0.007 0
1 1 0 2
407
408
0.0001333333333333332 0 0
0.0002666666666666661 0 0
1 2 0 0
1 3 0 0
1 4 0 0
1 5 0 0
1 6 0 0
1 7 0 0
1 8 0 0
1 9 0 0
1 10 0 0
1 11 0 0
1 12 0 0
1 13 0 0
1 14 0 0
1 15 0 0
1 16 0 0
1 17 0 0
1 18 0 0
1 19 0 0
1 20 0 0
1 21 0 0
1 22 0 0
1 23 0 0
1 24 0 0
1 25 0 0
1 26 0 0
1 27 0 0
1 28 0 0
1 29 0 0
1 30 0 0
1 31 0 0
1 32 0 0
1 33 0 0
1 34 0 0
1 35 0 0
1 36 0 0
1 37 0 0
1 38 0 0
1 39 0 0
1 40 0 0
1 41 0 0
1 42 0 0
1 43 0 0
1 44 0 0
1 45 0 0
1 46 0 0
1 47 0 0
1 48 0 0
1 49 0 0
1 50 0 0
1 51 0 0
1 52 0 0
1 53 0 0
1 54 0 0
1 55 0 0
1 56 0 0
1 57 0 0
1 58 0 0
1 59 0 0
1 60 0 0
1 61 0 0
1 62 0 0
1 63 0 0
1 64 0 0
1 65 0 0
1 66 0 0
1 67 0 0
1 68 0 0
1 69 0 0
1 70 0 0
1 71 0 0
1 72 0 0
1 73 0 0
1 74 0 0
1 75 0 0
1 76 0 0
1 77 0 0
1 78 0 0
1 79 0 0
1 80 0 0
1 81 0 0
1 82 0 0
1 83 0 0
1 84 0 0
1 85 0 0
1 86 0 0
1 87 0 0
1 88 0 0
1 89 0 0
1 90 0 0
1 91 0 0
1 92 0 0
1 93 0 0
1 94 0 0
1 95 0 0
1 96 0 0
1 97 0 0
1 98 0 0
1 99 0 0
1 100 0 0
1 101 0 0
1 102 0 0
1 103 0 0
1 104 0 0
1 105 0 0
1 106 0 0
1 107 0 0
1 108 0 0
1 109 0 0
1 110 0 0
1 111 0 0
1 112 0 0
1 113 0 0
1 114 0 0
1 115 0 0
1 116 0 0
1 117 0 0
1 118 0 0
1 119 0 0
1 120 0 0
1 121 0 0
1 122 0 0
1 123 0 0
1 124 0 0
1 125 0 0
1 126 0 0
1 127 0 0
1 128 0 0
1 129 0 0
1 130 0 0
1 131 0 0
1 132 0 0
1 133 0 0
1 134 0 0
1 135 0 0
1 136 0 0
1 137 0 0
1 138 0 0
1 139 0 0
1 140 0 0
1 141 0 0
1 142 0 0
1 143 0 0
1 144 0 0
1 145 0 0
1 146 0 0
1 147 0 0
1 148 0 0
1 149 0 0
1 150 0 0
1 151 0 0
1 152 0 0
1 153 0 0
1 154 0 0
1 155 0 0
1 156 0 0
1 157 0 0
1 158 0 0
1 159 0 0
1 160 0 0
1 161 0 0
1 162 0 0
1 163 0 0
1 164 0 0
1 165 0 0
1 166 0 0
1 167 0 0
1 168 0 0
1 169 0 0
1 170 0 0
1 171 0 0
1 172 0 0
1 173 0 0
1 174 0 0
1 175 0 0
1 176 0 0
1 177 0 0
1 178 0 0
1 179 0 0
1 180 0 0
1 181 0 0
1 182 0 0
1 183 0 0
1 184 0 0
1 185 0 0
1 186 0 0
1 187 0 0
1 188 0 0
1 189 0 0
1 190 0 0
1 191 0 0
1 192 0 0
1 193 0 0
1 194 0 0
1 195 0 0
1 196 0 0
1 197 0 0
1 198 0 0
1 199 0 0
1 200 0 0
1 201 0 0
1 202 0 24
409
410
411
412
413
414
415
416
417
418
419
420
421
422
423
424
425
426
427
428
429
430
431
432
0.0135056 2.672650999072528e-06 0
0.0136512 2.56129054077784e-06 0
0.0137968 2.449930082483151e-06 0
0.0139424 2.338569624188463e-06 0
0.014088 2.227209165893774e-06 0
0.0142336 2.115848707599085e-06 0
0.0143792 2.004488249304397e-06 0
0.0145248 1.893127791009708e-06 0
0.0146704 1.781767332715019e-06 0
0.014816 1.670406874420331e-06 0
0.0149616 1.559046416125642e-06 0
0.0151072 1.447685957830953e-06 0
0.0152528 1.336325499536264e-06 0
0.0153984 1.224965041241576e-06 0
0.015544 1.113604582946887e-06 0
0.0156896 1.002244124652199e-06 0
0.0158352 8.9088366635751e-07 0
0.0159808 7.795232080628209e-07 0
0.0161264 6.681627497681325e-07 0
0.016272 5.568022914734434e-07 0
0.0164176 4.45441833178755e-07 0
0.0165632 3.340813748840659e-07 0
0.0167088 2.227209165893774e-07 0
0.0168544 1.11360458294689e-07 0
1 203 0 46
433
434
435
436
437
438
439
440
441
442
443
444
445
446
447
448
449
450
451
452
453
454
455
456
457
458
459
460
461
462
463
464
465
466
467
468
469
470
471
472
473
474
475
476
477
478
0.017 0.0001514410149225699 0
0.017 0.0003005534367338503 0
0.017 0.0004494300270286537 0
0.017 0.0005983066173234571 0
0.017 0.0007471832076182605 0
0.017 0.0008960597979130638 0
0.017 0.001044936388207867 0
0.017 0.001193812978502671 0
0.017 0.001342689568797474 0
0.017 0.001491566159092277 0
0.017 0.001640442749387081 0
0.017 0.001789319339681884 0
0.017 0.001938195929976687 0
0.017 0.002087072520271491 0
0.017 0.002235949110566294 0
0.017 0.002384825700861098 0
0.017 0.002533702291155901 0
0.017 0.002682578881450705 0
0.017 0.002831455471745509 0
0.017 0.002980332062040313 0
0.017 0.003129208652335117 0
0.017 0.003278085242629921 0
0.017 0.003426961832924725 0
0.017 0.003575838423219528 0
0.017 0.003724715013514332 0
0.017 0.003873591603809136 0
0.017 0.00402246819410394 0
0.017 0.004171344784398744 0
0.017 0.004320221374693549 0
0.017 0.004469097964988352 0
0.017 0.004617974555283156 0
0.017 0.00476685114557796 0
0.017 0.004915727735872763 0
0.017 0.005064604326167566 0
0.017 0.005213480916462368 0
0.017 0.005362357506757172 0
0.017 0.005511234097051974 0
0.017 0.005660110687346777 0
0.017 0.00580898727764158 0
0.017 0.005957863867936382 0
0.017 0.006106740458231185 0
0.017 0.006255617048525987 0
0.017 0.006404493638820789 0
0.017 0.006553370229115592 0
0.017 0.006702246819410395 0
0.017 0.006851123409705197 0
1 204 0 2
479
480
0.01686666666666667 0.007 0
0.01673333333333334 0.007 0
1 205 0 0
1 206 0 0
1 207 0 0
1 208 0 0
1 209 0 0
1 210 0 0
1 211 0 0
1 212 0 0
1 213 0 0
1 214 0 0
1 215 0 0
1 216 0 0
1 217 0 0
1 218 0 0
1 219 0 0
1 220 0 0
1 221 0 0
1 222 0 0
1 223 0 0
1 224 0 0
1 225 0 0
1 226 0 0
1 227 0 0
1 228 0 0
1 229 0 0
1 230 0 0
1 231 0 0
1 232 0 0
1 233 0 0
1 234 0 0
1 235 0 0
1 236 0 0
1 237 0 0
1 238 0 0
1 239 0 0
1 240 0 0
1 241 0 0
1 242 0 0
1 243 0 0
1 244 0 0
1 245 0 0
1 246 0 0
1 247 0 0
1 248 0 0
1 249 0 0
1 250 0 0
1 251 0 0
1 252 0 0
1 253 0 0
1 254 0 0
1 255 0 0
1 256 0 0
1 257 0 0
1 258 0 0
1 259 0 0
1 260 0 0
1 261 0 0
1 262 0 0
1 263 0 0
1 264 0 0
1 265 0 0
1 266 0 0
1 267 0 0
1 268 0 0
1 269 0 0
1 270 0 0
1 271 0 0
1 272 0 0
1 273 0 0
1 274 0 0
1 275 0 0
1 276 0 0
1 277 0 0
1 278 0 0
1 279 0 0
1 280 0 0
1 281 0 0
1 282 0 0
1 283 0 0
1 284 0 0
1 285 0 0
1 286 0 0
1 287 0 0
1 288 0 0
1 289 0 0
1 290 0 0
1 291 0 0
1 292 0 0
1 293 0 0
1 294 0 0
1 295 0 0
1 296 0 0
1 297 0 0
1 298 0 0
1 299 0 0
1 300 0 0
1 301 0 0
1 302 0 0
1 303 0 0
1 304 0 0
1 305 0 0
1 306 0 0
1 307 0 0
1 308 0 0
1 309 0 0
1 310 0 0
1 311 0 0
1 312 0 0
1 313 0 0
1 314 0 0
1 315 0 0
1 316 0 0
1 317 0 0
1 318 0 0
1 319 0 0
1 320 0 0
1 321 0 0
1 322 0 0
1 323 0 0
1 324 0 0
1 325 0 0
1 326 0 0
1 327 0 0
1 328 0 0
1 329 0 0
1 330 0 0
1 331 0 0
1 332 0 0
1 333 0 0
1 334 0 0
1 335 0 0
1 336 0 0
1 337 0 0
1 338 0 0
1 339 0 0
1 340 0 0
1 341 0 0
1 342 0 0
1 343 0 0
1 344 0 0
1 345 0 0
1 346 0 0
1 347 0 0
1 348 0 0
1 349 0 0
1 350 0 0
1 351 0 0
1 352 0 0
1 353 0 0
1 354 0 0
1 355 0 0
1 356 0 0
1 357 0 0
1 358 0 0
1 359 0 0
1 360 0 0
1 361 0 0
1 362 0 0
1 363 0 0
1 364 0 0
1 365 0 0
1 366 0 0
1 367 0 0
1 368 0 0
1 369 0 0
1 370 0 0
1 371 0 0
1 372 0 0
1 373 0 0
1 374 0 0
1 375 0 0
1 376 0 0
1 377 0 0
1 378 0 0
1 379 0 0
1 380 0 0
1 381 0 0
1 382 0 0
1 383 0 0
1 384 0 0
1 385 0 0
1 386 0 0
1 387 0 0
1 388 0 0
1 389 0 0
1 390 0 0
1 391 0 0
1 392 0 0
1 393 0 0
1 394 0 0
1 395 0 0
1 396 0 0
1 397 0 0
1 398 0 0
1 399 0 0
1 400 0 0
1 401 0 0
1 402 0 0
1 403 0 0
1 404 0 0
1 405 0 24
481
482
483
484
485
486
487
488
489
490
491
492
493
494
495
496
497
498
499
500
501
502
503
504
0.003494399999999999 0.006997327349000927 0
0.003348799999999999 0.006997438709459222 0
0.003203199999999999 0.006997550069917517 0
0.0030576 0.006997661430375811 0
0.002912 0.006997772790834106 0
0.0027664 0.006997884151292401 0
0.0026208 0.006997995511750696 0
0.0024752 0.00699810687220899 0
0.002329600000000001 0.006998218232667285 0
0.002184000000000001 0.006998329593125579 0
0.002038400000000001 0.006998440953583874 0
0.0018928 0.006998552314042169 0
0.0017472 0.006998663674500464 0
0.001601600000000001 0.006998775034958759 0
0.001456 0.006998886395417053 0
0.0013104 0.006998997755875347 0
0.0011648 0.006999109116333642 0
0.0010192 0.006999220476791937 0
0.0008736000000000001 0.006999331837250232 0
0.000728 0.006999443197708527 0
0.0005824 0.006999554558166822 0
0.0004368000000000003 0.006999665918625116 0
0.0002912000000000002 0.00699977727908341 0
0.0001456000000000002 0.006999888639541705 0
1 406 0 46
505
506
507
508
509
510
511
512
513
514
515
516
517
518
519
520
521
522
523
524
525
526
527
528
529
530
531
532
533
534
535
536
537
538
539
540
541
542
543
544
545
546
547
548
549
550
0 0.00684855898507743 0
0 0.00669944656326615 0
0 0.006550569972971347 0
0 0.006401693382676543 0
0 0.00625281679238174 0
0 0.006103940202086936 0
0 0.005955063611792133 0
0 0.005806187021497329 0
0 0.005657310431202526 0
0 0.005508433840907723 0
0 0.005359557250612919 0
0 0.005210680660318116 0
0 0.005061804070023313 0
0 0.00491292747972851 0
0 0.004764050889433706 0
0 0.004615174299138903 0
0 0.004466297708844099 0
0 0.004317421118549295 0
0 0.004168544528254492 0
0 0.004019667937959687 0
0 0.003870791347664884 0
0 0.00372191475737008 0
0 0.003573038167075275 0
0 0.003424161576780472 0
0 0.003275284986485668 0
0 0.003126408396190864 0
0 0.00297753180589606 0
0 0.002828655215601256 0
0 0.002679778625306451 0
0 0.002530902035011648 0
0 0.002382025444716844 0
0 0.00223314885442204 0
0 0.002084272264127237 0
0 0.001935395673832435 0
0 0.001786519083537632 0
0 0.001637642493242828 0
0 0.001488765902948026 0
0 0.001339889312653223 0
0 0.00119101272235842 0
0 0.001042136132063618 0
0 0.0008932595417688151 0
0 0.0007443829514740133 0
0 0.0005955063611792107 0
0 0.000446629770884408 0
0 0.0002977531805896053 0
0 0.0001488765902948027 0
2 1 0 1801
551
552
553
554
555
556
557
558
559
560
561
562
563
564
565
566
567
568
569
570
571
572
573
574
575
576
577
578
579
580
581
582
583
584
585
586
587
588
589
590
591
592
593
594
595
596
597
598
599
600
601
602
603
604
605
606
607
608
609
610
611
612
613
614
615
616
617
618
619
620
621
622
623
624
625
626
627
628
629
630
631
632
633
634
635
636
637
638
639
640
641
642
643
644
645
646
647
648
649
650
651
652
653
654
655
656
657
658
659
660
661
662
663
664
665
666
667
668
669
670
671
672
673
674
675
676
677
678
679
680
681
682
683
684
685
686
687
688
689
690
691
692
693
694
695
696
697
698
699
700
701
702
703
704
705
706
707
708
709
710
711
712
713
714
715
716
717
718
719
720
721
722
723
724
725
726
727
728
729
730
731
732
733
734
735
736
737
738
739
740
741
742
743
744
745
746
747
748
749
750
751
752
753
754
755
756
757
758
759
760
761
762
763
764
765
766
767
768
769
770
771
772
773
774
775
776
777
778
779
780
781
782
783
784
785
786
787
788
789
790
791
792
793
794
795
796
797
798
799
800
801
802
803
804
805
806
807
808
809
810
811
812
813
814
815
816
817
818
819
820
821
822
823
824
825
826
827
828
829
830
831
832
833
834
835
836
837
838
839
840
841
842
843
844
845
846
847
848
849
850
851
852
853
854
855
856
857
858
859
860
861
862
863
864
865
866
867
868
869
870
871
872
873
874
875
876
877
878
879
880
881
882
883
884
885
886
887
888
889
890
891
892
893
894
895
896
897
898
899
900
901
902
903
904
905
906
907
908
909
910
911
912
913
914
915
916
917
918
919
920
921
922
923
924
925
926
927
928
929
930
931
932
933
934
935
936
937
938
939
940
941
942
943
944
945
946
947
948
949
950
951
952
953
954
955
956
957
958
959
960
961
962
963
964
965
966
967
968
969
970
971
972
973
974
975
976
977
978
979
980
981
982
983
984
985
986
987
988
989
990
991
992
993
994
995
996
997
998
999
1000
1001
1002
1003
1004
1005
1006
1007
1008
1009
1010
1011
1012
1013
1014
1015
1016
1017
1018
1019
1020
1021
1022
1023
1024
1025
1026
1027
1028
1029
1030
1031
1032
1033
1034
1035
1036
1037
1038
1039
1040
1041
1042
1043
1044
1045
1046
1047
1048
1049
1050
1051
1052
1053
1054
1055
1056
1057
1058
1059
1060
1061
1062
1063
1064
1065
1066
1067
1068
1069
1070
1071
1072
1073
1074
1075
1076
1077
1078
1079
1080
1081
1082
1083
1084
1085
1086
1087
1088
1089
1090
1091
1092
1093
1094
1095
1096
1097
1098
1099
1100
1101
1102
1103
1104
1105
1106
1107
1108
1109
1110
1111
1112
1113
1114
1115
1116
1117
1118
1119
1120
1121
1122
1123
1124
1125
1126
1127
1128
1129
1130
1131
1132
1133
1134
1135
1136
1137
1138
1139
1140
1141
1142
1143
1144
1145
1146
1147
1148
1149
1150
1151
1152
1153
1154
1155
1156
1157
1158
1159
1160
1161
1162
1163
1164
1165
1166
1167
1168
1169
1170
1171
1172
1173
1174
1175
1176
1177
1178
1179
1180
1181
1182
1183
1184
1185
1186
1187
1188
1189
1190
1191
1192
1193
1194
1195
1196
1197
1198
1199
1200
1201
1202
1203
1204
1205
1206
1207
1208
1209
1210
1211
1212
1213
1214
1215
1216
1217
1218
1219
1220
1221
1222
1223
1224
1225
1226
1227
1228
1229
1230
1231
1232
1233
1234
1235
1236
1237
1238
1239
1240
1241
1242
1243
1244
1245
1246
1247
1248
1249
1250
1251
1252
1253
1254
1255
1256
1257
1258
1259
1260
1261
1262
1263
1264
1265
1266
1267
1268
1269
1270
1271
1272
1273
1274
1275
1276
1277
1278
1279
1280
1281
1282
1283
1284
1285
1286
1287
1288
1289
1290
1291
1292
1293
1294
1295
1296
1297
1298
1299
1300
1301
1302
1303
1304
1305
1306
1307
1308
1309
1310
1311
1312
1313
1314
1315
1316
1317
1318
1319
1320
1321
1322
1323
1324
1325
1326
1327
1328
1329
1330
1331
1332
1333
1334
1335
1336
1337
1338
1339
1340
1341
1342
1343
1344
1345
1346
1347
1348
1349
1350
1351
1352
1353
1354
1355
1356
1357
1358
1359
1360
1361
1362
1363
1364
1365
1366
1367
1368
1369
1370
1371
1372
1373
1374
1375
1376
1377
1378
1379
1380
1381
1382
1383
1384
1385
1386
1387
1388
1389
1390
1391
1392
1393
1394
1395
1396
1397
1398
1399
1400
1401
1402
1403
1404
1405
1406
1407
1408
1409
1410
1411
1412
1413
1414
1415
1416
1417
1418
1419
1420
1421
1422
1423
1424
1425
1426
1427
1428
1429
1430
1431
1432
1433
1434
1435
1436
1437
1438
1439
1440
1441
1442
1443
1444
1445
1446
1447
1448
1449
1450
1451
1452
1453
1454
1455
1456
1457
1458
1459
1460
1461
1462
1463
1464
1465
1466
1467
1468
1469
1470
1471
1472
1473
1474
1475
1476
1477
1478
1479
1480
1481
1482
1483
1484
1485
1486
1487
1488
1489
1490
1491
1492
1493
1494
1495
1496
1497
1498
1499
1500
1501
1502
1503
1504
1505
1506
1507
1508
1509
1510
1511
1512
1513
1514
1515
1516
1517
1518
1519
1520
1521
1522
1523
1524
1525
1526
1527
1528
1529
1530
1531
1532
1533
1534
1535
1536
1537
1538
1539
1540
1541
1542
1543
1544
1545
1546
1547
1548
1549
1550
1551
1552
1553
1554
1555
1556
1557
1558
1559
1560
1561
1562
1563
1564
1565
1566
1567
1568
1569
1570
1571
1572
1573
1574
1575
1576
1577
1578
1579
1580
1581
1582
1583
1584
1585
1586
1587
1588
1589
1590
1591
1592
1593
1594
1595
1596
1597
1598
1599
1600
1601
1602
1603
1604
1605
1606
1607
1608
1609
1610
1611
1612
1613
1614
1615
1616
1617
1618
1619
1620
1621
1622
1623
1624
1625
1626
1627
1628
1629
1630
1631
1632
1633
1634
1635
1636
1637
1638
1639
1640
1641
1642
1643
1644
1645
1646
1647
1648
1649
1650
1651
1652
1653
1654
1655
1656
1657
1658
1659
1660
1661
1662
1663
1664
1665
1666
1667
1668
1669
1670
1671
1672
1673
1674
1675
1676
1677
1678
1679
1680
1681
1682
1683
1684
1685
1686
1687
1688
1689
1690
1691
1692
1693
1694
1695
1696
1697
1698
1699
1700
1701
1702
1703
1704
1705
1706
1707
1708
1709
1710
1711
1712
1713
1714
1715
1716
1717
1718
1719
1720
1721
1722
1723
1724
1725
1726
1727
1728
1729
1730
1731
1732
1733
1734
1735
1736
1737
1738
1739
1740
1741
1742
1743
1744
1745
1746
1747
1748
1749
1750
1751
1752
1753
1754
1755
1756
1757
1758
1759
1760
1761
1762
1763
1764
1765
1766
1767
1768
1769
1770
1771
1772
1773
1774
1775
1776
1777
1778
1779
1780
1781
1782
1783
1784
1785
1786
1787
1788
1789
1790
1791
1792
1793
1794
1795
1796
1797
1798
1799
1800
1801
1802
1803
1804
1805
1806
1807
1808
1809
1810
1811
1812
1813
1814
1815
1816
1817
1818
1819
1820
1821
1822
1823
1824
1825
1826
1827
1828
1829
1830
1831
1832
1833
1834
1835
1836
1837
1838
1839
1840
1841
1842
1843
1844
1845
1846
1847
1848
1849
1850
1851
1852
1853
1854
1855
1856
1857
1858
1859
1860
1861
1862
1863
1864
1865
1866
1867
1868
1869
1870
1871
1872
1873
1874
1875
1876
1877
1878
1879
1880
1881
1882
1883
1884
1885
1886
1887
1888
1889
1890
1891
1892
1893
1894
1895
1896
1897
1898
1899
1900
1901
1902
1903
1904
1905
1906
1907
1908
1909
1910
1911
1912
1913
1914
1915
1916
1917
1918
1919
1920
1921
1922
1923
1924
1925
1926
1927
1928
1929
1930
1931
1932
1933
1934
1935
1936
1937
1938
1939
1940
1941
1942
1943
1944
1945
1946
1947
1948
1949
1950
1951
1952
1953
1954
1955
1956
1957
1958
1959
1960
1961
1962
1963
1964
1965
1966
1967
1968
1969
1970
1971
1972
1973
1974
1975
1976
1977
1978
1979
1980
1981
1982
1983
1984
1985
1986
1987
1988
1989
1990
1991
1992
1993
1994
1995
1996
1997
1998
1999
2000
2001
2002
2003
2004
2005
2006
2007
2008
2009
2010
2011
2012
2013
2014
2015
2016
2017
2018
2019
2020
2021
2022
2023
2024
2025
2026
2027
2028
2029
2030
2031
2032
2033
2034
2035
2036
2037
2038
2039
2040
2041
2042
2043
2044
2045
2046
2047
2048
2049
2050
2051
2052
2053
2054
2055
2056
2057
2058
2059
2060
2061
2062
2063
2064
2065
2066
2067
2068
2069
2070
2071
2072
2073
2074
2075
2076
2077
2078
2079
2080
2081
2082
2083
2084
2085
2086
2087
2088
2089
2090
2091
2092
2093
2094
2095
2096
2097
2098
2099
2100
2101
2102
2103
2104
2105
2106
2107
2108
2109
2110
2111
2112
2113
2114
2115
2116
2117
2118
2119
2120
2121
2122
2123
2124
2125
2126
2127
2128
2129
2130
2131
2132
2133
2134
2135
2136
2137
2138
2139
2140
2141
2142
2143
2144
2145
2146
2147
2148
2149
2150
2151
2152
2153
2154
2155
2156
2157
2158
2159
2160
2161
2162
2163
2164
2165
2166
2167
2168
2169
2170
2171
2172
2173
2174
2175
2176
2177
2178
2179
2180
2181
2182
2183
2184
2185
2186
2187
2188
2189
2190
2191
2192
2193
2194
2195
2196
2197
2198
2199
2200
2201
2202
2203
2204
2205
2206
2207
2208
2209
2210
2211
2212
2213
2214
2215
2216
2217
2218
2219
2220
2221
2222
2223
2224
2225
2226
2227
2228
2229
2230
2231
2232
2233
2234
2235
2236
2237
2238
2239
2240
2241
2242
2243
2244
2245
2246
2247
2248
2249
2250
2251
2252
2253
2254
2255
2256
2257
2258
2259
2260
2261
2262
2263
2264
2265
2266
2267
2268
2269
2270
2271
2272
2273
2274
2275
2276
2277
2278
2279
2280
2281
2282
2283
2284
2285
2286
2287
2288
2289
2290
2291
2292
2293
2294
2295
2296
2297
2298
2299
2300
2301
2302
2303
2304
2305
2306
2307
2308
2309
2310
2311
2312
2313
2314
2315
2316
2317
2318
2319
2320
2321
2322
2323
2324
2325
2326
2327
2328
2329
2330
2331
2332
2333
2334
2335
2336
2337
2338
2339
2340
2341
2342
2343
2344
2345
2346
2347
2348
2349
2350
2351
0.01347116867038454 0.004078854480599922 0
0.003528831329615464 0.00292114551940008 0
0.006826841073541745 0.004083979188285872 0
0.01017315892645826 0.002916020811714128 0
0.01382598872991173 0.004195880744297835 0
0.003173395775480757 0.002805192179216599 0
0.01316970580400125 0.004102967792994567 0
0.00383029419599875 0.002897032207005433 0
0.009863117527515083 0.002878860889653449 0
0.007136882472484918 0.004121139110346552 0
0.00655086173533376 0.004131883517632963 0
0.01045395035806633 0.002869869438980549 0
0.01238376648606456 0.0008455966734270712 0
0.004619843520418581 0.006151528312710641 0
0.00409843224768731 0.002800843326475501 0
0.01289336288566403 0.004200477584433965 0
0.009581445425729642 0.002742833905924954 0
0.007418554574270358 0.004257166094075047 0
0.005614687240668397 0.001184000052972113 0
0.01138749734874562 0.005802588220096008 0
0.006286247616529869 0.004262455222783586 0
0.01071375238347013 0.002737544777216414 0
0.002818217774673792 0.002558940138100987 0
0.01416464267316491 0.004445401820571786 0
0.01262103513939319 0.004372832269337427 0
0.004385805655166735 0.002623198776206866 0
0.01474121466848891 0.0001139357655419301 0
0.002256703193121388 0.00687170222181067 0
0.01686910990220156 0.002304053956827886 0
0.0001240040592341736 0.004690529411235057 0
0.01199554784091528 0.001355903478591219 0
0.00502146396560324 0.005663485141797379 0
0.008670365139227884 0.005643184456316673 0
0.008310738561186855 0.001385587286795987 0
0.007828608396836738 0.0007201979193999595 0
0.009185492051425518 0.006255810621279025 0
0.01401529644098586 0.0001283761881860548 0
0.002989415132017115 0.00687454255363541 0
0.006458333580193557 0.0003357981684973662 0
0.009594338628841273 0.006642258284098831 0
0.005242946151380989 0.001711882426256573 0
0.01176641271386775 0.005305566548384063 0
0.008334223372945591 0.005224792562219286 0
0.00866349647365015 0.001772140227629797 0
0.002495635705313123 0.00220736539915551 0
0.01451091604341607 0.00480138804878236 0
0.01165794265130122 0.001783201847323244 0
0.005363355944287216 0.005219856140565576 0
0.00768442639039389 0.004458343051462107 0
0.009315573609606109 0.002541656948537894 0
0.008037764075099178 0.004782254456763605 0
0.008961553024699521 0.002189391005779212 0
0.0001331223725792325 0.003943390997847636 0
0.01687188694460789 0.003044651545900692 0
0.006022679737905301 0.004435737556015167 0
0.0109773202620947 0.002564262443984834 0
0.004908808623962372 0.002116688878620077 0
0.01207563498070652 0.004872305631588075 0
0.003676104507348618 0.00691831233458305 0
0.01330897491682321 8.470988058583567e-05 0
0.01131260095017706 0.002186822969797999 0
0.005675533501616409 0.004801539984584424 0
0.005996878898123114 0.0007653871520382142 0
0.01098400585275399 0.006249337298645263 0
0.01687330244702392 0.001566004454239676 0
0.0001303979282387784 0.005426830600466629 0
0.004257088407305639 0.006578614437361995 0
0.01274291159269436 0.000421385562638008 0
0.002159210717501732 0.00178831675350549 0
0.01485267785500169 0.005198994995807869 0
0.01236097842516548 0.00460655154753676 0
0.004639485586412619 0.002426182448513897 0
0.01688085124786835 0.003801629570488056 0
0.0001277218337314753 0.003212831263353324 0
0.0154793376726357 0.0001377064864793174 0
0.001538941297480688 0.006869887519809826 0
0.007436806006099468 0.0003915435466641487 0
0.01063058857975096 0.006623501945265605 0
0.001899302127955124 0.001425535058279019 0
0.01509574182939057 0.005567043141581599 0
0.0001294155358797407 0.002605340330159037 0
0.01685525004461257 0.004406830242403308 0
0.001654940841786272 0.001074629417939694 0
0.01534505915821373 0.005925370582060309 0
0.01559624438277189 0.006250861656986942 0
0.001383892787547128 0.0007704841426774754 0
0.008933692726314488 0.005958484086353943 0
0.008084307154774225 0.001018501398188952 0
0.006972580917584303 0.0001733632301048871 0
0.0101477809175843 0.006826636769895113 0
0.0168696740822949 0.004991965334379712 0
0.0001260064718808206 0.002005789840264379 0
0.0168710690907759 0.0009704980930604653 0
0.0001243095475551709 0.006026400972727936 0
0.001072164954621946 0.0004123157770512752 0
0.01592783504537805 0.00658768422294873 0
0.01689962525978145 0.005580415199769524 0
0.0001290936666518191 0.001414327607800616 0
0.0007761632271486574 0.0001941960855420168 0
0.01622383562803415 0.006805802119820157 0
0.01605532408051272 0.0001323863948185207 0
0.0009238406701459921 0.006873255023132814 0
0.004026919287643209 0.006790391088253567 0
0.01297308071235679 0.0002096089117464336 0
0.01158120692931267 0.005560907496080819 0
0.005452022407950018 0.001461142981915995 0
0.01652477440298486 0.006925283972668938 0
0.0004752255970151397 7.471602733105914e-05 0
0.0001290936666518173 0.0009676978369162104 0
0.01689842837266435 0.006035775781564213 0
0.01217763012905262 0.001081904738250525 0
0.00481658820300674 0.005920612976173404 0
0.01117739242054798 0.006041141736760792 0
0.005818375790668169 0.0009505192550059299 0
0.006671334316846496 0.0002127290807396398 0
0.009846534316846496 0.006787270919260359 0
0.01255173606029443 0.0006095004218834143 0
0.004439167346135323 0.006372071528320261 0
0.006197946452045069 0.0005500140538012141 0
0.009382913978968137 0.006459072359391727 0
0.01037383553910976 0.006751430844510513 0
0.007233157842992276 0.0002585985229944235 0
0.01081058908471289 0.006429360022951208 0
0.007662833549283287 0.000576028475240976 0
0.01686803300430121 0.0005430449100685629 0
0.0001334700843049312 0.006480776333111408 0
0.003400867303545507 0.006865286533193214 0
0.01357849644098586 0.0001287102695609384 0
0.01687743077966432 0.006449819178890247 0
0.0001357869744712525 0.0005193402941649728 0
0.01649464181098041 0.000119905473201311 0
0.0005115122593697188 0.006865868019096189 0
0.0001212391650789388 0.001712080788390218 0
0.0001266819381786286 0.004242145123594547 0
0.0168710690907759 0.001863757634829284 0
0.01686976600770708 0.001266498699972779 0
0.01689729107045011 0.002609400033476096 0
0.0001562775954522637 0.003513830558957886 0
0.0001293114144891427 0.00291226059467721 0
0.01687380817028204 0.004697163213203981 0
0.0001393583288322765 0.005727344172752669 0
0.01687538083815422 0.003346368056937666 0
0.01687435347731711 0.004096906489251348 0
0.0001069673095372894 0.004983712493429448 0
0.0001298360981250544 0.002298180625980242 0
0.0168727948538994 0.00528791921160977 0
0.01518093577630527 0.0001246463779507145 0
0.01446127132493012 0.0001018590042075099 0
0.001965505905459515 0.006875471232297814 0
0.002703061094571069 0.006870748530890822 0
0.001226675942598543 0.006870612409574883 0
0.01576480749400778 0.0001253589005146666 0
0.01318066250734563 0.0001062692697279904 0
0.003813899841823955 0.006890209541158074 0
0.01361900388495773 0.004106550562180927 0
0.01355409147592049 0.003994854102055189 0
0.003371645727611739 0.002879990069537989 0
0.003440779760538405 0.002998659908939087 0
0.006688248477578931 0.00409641625290216 0
0.006772287559850647 0.00396904210384317 0
0.01031725105773546 0.002905587126084712 0
0.0102463146998574 0.003035170357832873 0
0.003040692467267297 0.00271245956199315 0
0.003057326881761233 0.002840923152219684 0
0.01395927735615932 0.004287498391657433 0
0.01394236156413789 0.004159138590674346 0
0.01059312789272889 0.002812267585039455 0
0.01069771250854575 0.00289190328194939 0
0.006407559549185411 0.004187982837333904 0
0.006302287491454255 0.004108096718050611 0
0.002693391701681322 0.002425863940224333 0
0.01430293773491032 0.004600622810864281 0
0.00586191004812728 0.004573021089734865 0
0.01111986846034895 0.002439599327859854 0
0.01084678356186731 0.002652010116946409 0
0.01099521764897816 0.002700236908142185 0
0.006153216438132688 0.004347989883053591 0
0.006004894483997256 0.004299491909811249 0
0.01462927969051169 0.004966606755923174 0
0.002376974108586597 0.00201948314916123 0
0.01145700018122362 0.002036671192766532 0
0.005540945009965537 0.004962494713030768 0
0.01330181259324606 0.004083917527439628 0
0.01324433931094978 0.003972269920500892 0
0.003698187406753945 0.002916082472560371 0
0.003755660689050219 0.003027730079499108 0
0.01000625364871319 0.002915814252315458 0
0.009907390330184859 0.002984929163355105 0
0.006993746351286808 0.004084185747684542 0
0.007092950341397583 0.004013542793889894 0
0.01302487007376116 0.004140461379716732 0
0.01291859142606933 0.00405238511169989 0
0.003973957802431889 0.002859727321841763 0
0.00406816153659472 0.002949820300870519 0
0.007836312030365011 0.004595314645006356 0
0.009167277135029288 0.002413965764915936 0
0.009722621413391582 0.002821532385094631 0
0.009602360650841277 0.002874795667063597 0
0.007277378586608417 0.00417846761490537 0
0.007401494979570543 0.004137662922449556 0
0.01250028676949676 0.004451176312918437 0
0.01249240109100229 0.004307042855415437 0
0.004500853362929897 0.00254816219467228 0
0.00451394183417966 0.002679070977772021 0
0.0122051470088302 0.004736854717637216 0
0.004794150238971744 0.00225799037655125 0
0.007556466877950303 0.004352793525843886 0
0.007682588290656758 0.004328850833309864 0
0.009443533122049697 0.002647206474156115 0
0.00931217932696264 0.002680832339405039 0
0.004249066978141264 0.00273965719911423 0
0.01275310926297644 0.004277178826253956 0
0.008149646194875928 0.004978731428811176 0
0.008843499196448078 0.002031847063384166 0
0.005057133126218274 0.001960657573570072 0
0.01197356439418477 0.005055409365826527 0
0.01178850909756129 0.001609831944078197 0
0.005230249910375247 0.005400944185757453 0
0.002049362208655116 0.001601095586457812 0
0.01496468791167676 0.005378023671706255 0
0.008536055125983008 0.0016053217867732 0
0.008490501967581518 0.00536984546256057 0
0.01522301769697523 0.005748127486537877 0
0.001793050892641723 0.001240524941802094 0
0.008179873527245978 0.001203672148629801 0
0.008786265536851783 0.005816280194363112 0
0.01548550593832597 0.006079827610960032 0
0.001517897884515776 0.0009091625828963395 0
0.001268797052884071 0.0006176027794888468 0
0.01573120294711594 0.006382397220511171 0
0.007959412496204034 0.0008663533939571129 0
0.009050032378252132 0.006127540218753891 0
0.001006328655317901 0.0003241887400542908 0
0.0009290559108668514 0.0004258583906267387 0
0.01599367142870964 0.006675811223198566 0
0.0160704291353332 0.006574017318983313 0
0.009473831011781364 0.006548131032734073 0
0.009510614247762877 0.006416512427273083 0
0.006318912448861558 0.000444302503402264 0
0.006322942225341962 0.0005703798759483392 0
0.004136673727491706 0.006684591810061731 0
0.004129194300048323 0.006559348932201028 0
0.01286332627250829 0.0003154081899382675 0
0.01287080569995168 0.0004406510677989728 0
0.0003764689634833413 0.0001157647060376008 0
0.0004816035179619864 0.0001988942932360837 0
0.01662353103651665 0.006884235293962402 0
0.016518396482038 0.006801105706763913 0
0.007348697853266207 0.0003220625635725846 0
0.007324611387886346 0.0004504137196259632 0
0.01046947259794665 0.006679317031059812 0
0.01030649915650241 0.006644560522831898 0
0.01042298530623142 0.00651985156598134 0
0.01025451052566565 0.00648078755316842 0
0.01038566098050315 0.006353497756261112 0
0.01019422607869928 0.006312630421822969 0
0.01033548549730906 0.00615337011327693 0
0.01011779425961742 0.006107455295984008 0
0.01027513696659841 0.005895160066403731 0
0.009966409300785411 0.00585570550226845 0
0.01019404178540204 0.005582791852381449 0
0.009866855799591697 0.00549636199424081 0
0.01011328737320626 0.005212317113374773 0
0.009680441994970352 0.00513738776243026 0
0.01000449692953406 0.004792239693517464 0
0.009569634372761367 0.004705175617023319 0
0.01047405078038932 0.004950408265320342 0
0.01033440121693446 0.004457741781635488 0
0.01083396589874065 0.004562063344153431 0
0.01065899774857693 0.00413598375579907 0
0.01108816604763925 0.004210799505695381 0
0.01092456552291506 0.003794923991783974 0
0.01141731784195955 0.003950219283769396 0
0.01022897344594364 0.004011275470230965 0
0.01127941628379223 0.003509020382823063 0
0.01164273988760398 0.003664930717777545 0
0.01158148212170251 0.003294912543548911 0
0.01192328916926209 0.003406618441430641 0
0.01181019630164405 0.003013088294273258 0
0.01220707865506273 0.003137163944806642 0
0.01209531236070269 0.002708442797770267 0
0.01250141115262159 0.002866559628728754 0
0.01241093812625939 0.002469881205291643 0
0.01280741032654583 0.002592147143019378 0
0.01271671533954846 0.002207508491746315 0
0.01313168239961458 0.002308409010433096 0
0.01301364847029391 0.001875057314427851 0
0.01348020169019428 0.002009621366304894 0
0.01359558675833343 0.002488137746276018 0
0.013986724885819 0.002135052181896677 0
0.01415011136089633 0.002675796726758108 0
0.01452845539742406 0.002259755891589747 0
0.01468934298400654 0.002800272380686415 0
0.01509204288063319 0.002421906219868161 0
0.01515098345491192 0.002965877897113946 0
0.01494050873695038 0.001865893637479857 0
0.01335301693123759 0.001575421969292934 0
0.01544642683055542 0.001987661629665854 0
0.01531223908476981 0.001496806119405765 0
0.01482047328794971 0.001381717080197936 0
0.01479042841350801 0.003335819115068532 0
0.01526279062056599 0.003501768171875331 0
0.01561933623511562 0.003100326076936411 0
0.01574206787679749 0.003595319380052845 0
0.01542457618892755 0.003925977535814927 0
0.01584305813902007 0.004006006674384846 0
0.01554211136727741 0.00429111204944106 0
0.01594455911617471 0.004448922374570351 0
0.01559819250032659 0.004675854465656111 0
0.01597078299230165 0.004814132737842941 0
0.01571497257714365 0.005036437521670486 0
0.01610380352167087 0.005130720073400684 0
0.01053338884821739 0.005693736886546001 0
0.01583060785876 0.00163129083182712 0
0.01568054307627787 0.001219779995275489 0
0.01590509060570957 0.002039967463077683 0
0.01286566573726534 0.003068201853187032 0
0.01577960352138429 0.005359363501303787 0
0.0161234040430236 0.005440182199585427 0
0.01512707402090844 0.004238707977433109 0
0.009286226977880764 0.004990529595151204 0
0.009108487465927406 0.004633478431513628 0
0.0129489789668597 0.001463194075554692 0
0.01323185071717214 0.001166119074794344 0
0.01362471449375334 0.001268663120980046 0
0.01091927111031272 0.004967362657877145 0
0.01599034187955799 0.001320847293147201 0
0.01598634388114276 0.000959394467215107 0
0.01564640012210279 0.0008547349599953777 0
0.01348704602031226 0.0008873739009453239 0
0.01384037464152805 0.0009654367736141763 0
0.01148803233315123 0.004340218230759207 0
0.009414989464683065 0.004305772083978638 0
0.008993572687920677 0.004236400106080705 0
0.009263796351301912 0.003910971807765374 0
0.008838998109219212 0.003879395322683398 0
0.008598060551112259 0.004171010389454991 0
0.008477701739384426 0.003797575546838612 0
0.008674013906035258 0.003527410073406467 0
0.008302723344868545 0.003455540587911722 0
0.008556254001021139 0.003133755750116135 0
0.008138045805603416 0.003099972870605839 0
0.008353591747146396 0.00274566034146392 0
0.007956710661432331 0.002740029857003293 0
0.007728572143120243 0.003113681078775115 0
0.007559671854772823 0.00270568395105208 0
0.007757933345378378 0.002326108024844504 0
0.007327594936842556 0.00230462107805534 0
0.007108802111670042 0.002745121819533887 0
0.006823356420683462 0.00224294412475097 0
0.006613415878434024 0.002677295081617482 0
0.007172652968952403 0.001860846283337521 0
0.006713994757924589 0.001795422842896504 0
0.006968827949847127 0.001475773268182216 0
0.006536837376363838 0.001411256408393367 0
0.006332351339095148 0.001713317505998188 0
0.006797452461445249 0.001139064396133947 0
0.007137530253567942 0.001139739157571552 0
0.006787099833794823 0.003073573997605088 0
0.006384489221638732 0.003037948757236546 0
0.00612923514041353 0.00261750742772891 0
0.005975076120733216 0.003053404193115152 0
0.005723115667646894 0.002672688291670776 0
0.005555156379986822 0.003018062254885882 0
0.005737172330490671 0.003385970363372889 0
0.00529260324711894 0.00332681546970329 0
0.005528142719642977 0.003744197488277408 0
0.005124024031110836 0.003694125527964215 0
0.005270940352865995 0.004015631985408597 0
0.00494609355761735 0.004007789372928307 0
0.004741240722058913 0.003682911147767201 0
0.004556660671160901 0.00399093470476722 0
0.00479781085467375 0.004373907591155482 0
0.00436324865912587 0.004346478600507839 0
0.004552641869452286 0.00469033789221055 0
0.0041351549978575 0.004686832872236464 0
0.00392072060874942 0.004326448577237468 0
0.003682918515584875 0.004704552401505259 0
0.00344290989636889 0.004275522860325831 0
0.003181461630228956 0.00475437563397335 0
0.002892460329492882 0.004258453703276047 0
0.002649114232204342 0.004782609188963857 0
0.002352832930889906 0.004325100456805109 0
0.002105352723421269 0.004781076172213944 0
0.00182507467071723 0.004288853463265836 0
0.002103338128445671 0.003825044279976109 0
0.001568359781878999 0.003827859599595374 0
0.001797537590205518 0.00339998488182391 0
0.003494312376266458 0.005126345426312314 0
0.002381601140682802 0.005275513456678182 0
0.001798632999278729 0.005230731944179285 0
0.001355240016836757 0.003382146195229164 0
0.001563107459552316 0.003041375795998225 0
0.004357982823863607 0.005038509829197672 0
0.0011076852935707 0.002996670179033652 0
0.001403562783549187 0.002665700870481654 0
0.001260861174306344 0.004249626814325273 0
0.002132058035194275 0.005766764798097001 0
0.001667394782971383 0.005702954657253066 0
0.001331574787675516 0.005377438257488973 0
0.001252941228435586 0.005793422958131142 0
0.001057362400579447 0.002668097677130583 0
0.001140575770625969 0.00235322673809924 0
0.001900285948321537 0.003034347901624314 0
0.0009556736629450883 0.005455615432808623 0
0.003176085204718498 0.003948068964181003 0
0.0008152517699359122 0.005813247117146999 0
0.001035843484947729 0.006097646065523121 0
0.001536946160787259 0.002304855043951435 0
0.001343987432978097 0.002026327150786322 0
0.0009970878272987475 0.002013690036077164 0
0.001221237144994869 0.001711935282054675 0
0.0008170483210263235 0.001696195682043289 0
0.001018300204295115 0.001447020736738815 0
0.0009473756685297761 0.003320461797571334 0
0.004390388428363895 0.003641568780300362 0
0.002593847347179512 0.005723530524124754 0
0.002430616353969711 0.006087662790407913 0
0.002773919717976724 0.00607739022922142 0
0.01609993438681699 0.003267714581964198 0
0.01588933423088709 0.005686682097337799 0
0.01621629923501887 0.005707864279634997 0
0.000728352923969177 0.006120209222345394 0
0.01228488731266188 0.003558097996432139 0
0.005372178205388677 0.002684332242125788 0
0.005495940577365362 0.002410857260952076 0
0.01232406658043313 0.00207920264396623 0
0.009644117847015616 0.005748469236511735 0
0.004906732446633355 0.004720458946734666 0
0.004560959900399236 0.003369200601140568 0
0.00894640000353933 0.004940368892601524 0
0.0007170846395040745 0.001409451501143502 0
0.0009111366373090405 0.001169326627523967 0
0.01618505138080845 0.004190880310623214 0
0.008150634703335241 0.003787412199722561 0
0.01175384934392125 0.002646117680631401 0
0.01289539779019376 0.001107534494341928 0
0.01267778907452681 0.001292159227479908 0
0.009034258441550456 0.005252190776482204 0
0.006187774257216392 0.001435525059681951 0
0.006017711444586034 0.001658941687257418 0
0.01539920636654706 0.00496206082906718 0
0.008689891796343982 0.002790738971113072 0
0.008580352760860546 0.002531067309918654 0
0.01631343348212711 0.001015139135911665 0
0.01619877794182043 0.0007537651050031732 0
0.01601988004712565 0.002916736053016395 0
0.006595605921385004 0.003372667175253067 0
0.006907881573339585 0.003405618066976213 0
0.01598830412021435 0.005934866805716475 0
0.0162412850355669 0.00601968132686762 0
0.006997363785251538 0.0008551259728667607 0
0.0164262539060526 0.001408974392959284 0
0.016662422550662 0.006752169048472888 0
0.01653080606739161 0.006644246762357821 0
0.0003375774493379752 0.0002478309515271094 0
0.0004691939326083444 0.0003557532376421853 0
0.01371375720445037 0.0006324001751998871 0
0.01402161274072323 0.0007073828291482578 0
0.01344372030427659 0.0005911999639851046 0
0.01631178069011138 0.004890944940467925 0
0.01092573334801826 0.003426567334886172 0
0.0008799578303064787 0.006345838710061604 0
0.001153057672529585 0.006370119818522472 0
0.0006119541681464113 0.006357656678160465 0
0.006579813061700689 0.0003075072447362762 0
0.006742961874137265 0.0003205657708101445 0
0.006636193753646195 0.0004434130317077685 0
0.009720442229053236 0.006712020743487403 0
0.009731327365422556 0.006587172060113132 0
0.0005732406654649583 0.001155355036128919 0
0.0007410385464102498 0.000948884569460985 0
0.001674490566003014 0.001995322370149795 0
0.001847057388545485 0.002253819349927382 0
0.01407721330176221 0.004243415078416049 0
0.01407840620590098 0.004074426450015912 0
0.01422936011409952 0.004137179205114037 0
0.01394681805319736 0.003988242642627925 0
0.01409857627904425 0.003890764456089687 0
0.01393045738836297 0.00378703977137742 0
0.01412349868517062 0.003672271620069854 0
0.01391368767134746 0.003551047160096391 0
0.01431499214886894 0.003809919321410255 0
0.002922522443887019 0.002756258711404218 0
0.002922143766452686 0.002932441578717205 0
0.002767562618264365 0.002846405273660662 0
0.00277026860651425 0.003037787504244773 0
0.002947051984328462 0.003129204221456852 0
0.002767566084231117 0.00325795683234591 0
0.0006773956701003024 0.001970685007064445 0
0.0168814937131779 0.0002255394128471908 0
0.0001219466139048032 0.006776471415110214 0
0.005874257475814248 0.003717636770862108 0
0.01633072780721228 0.00302825617204487 0
0.01629584646433124 0.002756223466423284 0
0.01638956104152733 0.003419822582715835 0
0.01400134349298596 0.001315530795212358 0
0.007299550891163191 0.0008998174243662789 0
0.007434244170846005 0.001119108785863808 0
0.0006130728807018475 0.005513500770552696 0
0.0007162540680602427 0.005233952837128046 0
0.002600389234730034 0.006350090842991559 0
0.002918550696702198 0.006361181656002331 0
0.003081946653183966 0.006105103037054254 0
0.003209567806045169 0.006384161387994582 0
0.003374643242741416 0.006144641361319423 0
0.003500855539095961 0.006395901160172105 0
0.003653454083300197 0.006180108028613101 0
0.002325991711616906 0.00638019437124931 0
0.01054139950809871 0.006223306701771687 0
0.001318769376154083 0.001431890211068335 0
0.0006869894884404624 0.0001275251250595633 0
0.01631301037527177 0.006872474661293074 0
0.009946995572824016 0.006769905640689503 0
0.002593761632467571 0.002940494483366227 0
0.00522667769137114 0.00243023510078831 0
0.00506768253806579 0.002671065445574131 0
0.01646292016442436 0.005835041403308012 0
0.007111297426488193 0.0002216555606513819 0
0.006996098092193868 0.0003018154851735302 0
0.005335834934294974 0.002194957742756868 0
0.005589156443360912 0.002148901996045495 0
0.006102946794267988 0.001973454142141951 0
0.01647922310804539 0.0008385666456850655 0
0.01639292262243435 0.0005794701381179601 0
0.01563174735760766 0.005605422826144362 0
0.006815316846516936 0.0004967240634023528 0
0.006650241981539145 0.0006258317475253778 0
0.002607407088848874 0.002747343573400271 0
0.003179125009404401 0.002930031760466378 0
0.006868347695149218 0.0002285961372888571 0
0.005754351018653864 0.003960009099048139 0
0.005571038492101635 0.004284602393153979 0
0.0009711046275638555 0.0009157007032631155 0
0.004259707583440099 0.00337329890205716 0
0.004077084826781589 0.003592671657091239 0
0.004390565274606358 0.003117891551827681 0
0.004713573278135774 0.003110654135493056 0
0.01413658976887446 0.003377417669352669 0
0.01653218834538275 0.006074891489753322 0
0.0163488501942841 0.006238902334278228 0
0.008863925027913128 0.002541223419680125 0
0.008946685089438888 0.00278468344436903 0
0.009329695009931497 0.005322301751355439 0
0.009109308726604528 0.005506949178851779 0
0.01370593075234078 0.003707018356307016 0
0.01369102582661846 0.003431462569338867 0
0.01346541229044643 0.003570153254155771 0
0.0134524030175465 0.003304290673187133 0
0.01323779481391254 0.003462409715349519 0
0.008761754897439369 0.005148294619707578 0
0.008678412593976774 0.004917937182407616 0
0.01618315481429777 0.0005012757471503592 0
0.0007444590981953055 0.00657867398368478 0
0.01654648155490951 0.001063851591018221 0
0.002467277411814217 0.006598975595509246 0
0.01568166035675184 0.005811288807618571 0
0.003775201202423582 0.006418302854354586 0
0.003891108536310874 0.006196996215559419 0
0.003808925924979842 0.005956259154979034 0
0.004082321145865085 0.006023664511017603 0
0.003981743201266609 0.005735214685449743 0
0.004251318086393822 0.005797826237555267 0
0.0004791622664890652 0.005274278511002648 0
0.00049881961191371 0.005025424616094962 0
0.0007746567824243036 0.004963094917965721 0
0.0005801148849471707 0.00477510543938141 0
0.01654682929765105 0.002889505787960445 0
0.01654170373789126 0.002625205246145788 0
0.01629931473311936 0.00250344134162646 0
0.01651531330050711 0.002378413382401546 0
0.01658038628747113 0.006306946916369424 0
0.01006232336944106 0.006476758232706561 0
0.0009860242689370118 0.006573697722549387 0
0.005894868758370081 0.00139851084630557 0
0.00576457251865232 0.001606337354552886 0
0.006049372322307373 0.001222679215911913 0
0.0004934005932775883 0.0009130162893140293 0
0.0006140248056162798 0.0007124442877099136 0
0.00398825364770451 0.003322669895181792 0
0.003810123958080357 0.003541923239222383 0
0.003045161654944971 0.003358808398048331 0
0.002778580257430935 0.003516073996918603 0
0.002532927416372186 0.003345020224265451 0
0.01564785600920327 0.002409289891864726 0
0.006205627006110444 0.0006789963061081352 0
0.006370189767403147 0.0007298118654075689 0
0.006257439632890285 0.000858987826936314 0
0.006281596916543161 0.001202571453153069 0
0.009390817070630402 0.006322737157629722 0
0.009541792938246538 0.006272706023844559 0
0.009446044564934388 0.006166220510341242 0
0.004249827336074543 0.006476134853304822 0
0.001061634039520843 0.0005445295722749945 0
0.01275314209034969 0.0005438605819906572 0
0.01291663890201568 0.0006215192349435412 0
0.01304204134919764 0.0004936877846566739 0
0.01310812781554476 0.0006831600256696248 0
0.01277596306012612 0.0007135516984639561 0
0.0159382923956506 0.00645545267195503 0
0.0005065089882497417 0.00657558611882251 0
0.0008371054181845047 0.004696224487819985 0
0.0006282694791057732 0.004525265945339384 0
0.01262614209429441 0.001057952915025018 0
0.005424016279366423 0.001948195151945115 0
0.008713362756469799 0.002337300260168383 0
0.008498806063250536 0.002299274620416703 0
0.01657462330507156 0.003124283898762491 0
0.01243348569373001 0.00120384047070705 0
0.01247324808747399 0.001429456406018011 0
0.008835376939080014 0.005382720499343789 0
0.003603332624548661 0.006625837666906245 0
0.001748155952694249 0.002536240702033372 0
0.002057258797806221 0.002479228035499229 0
0.01027960833762369 0.006780946169062975 0
0.003264322381383643 0.005881275688137382 0
0.00435370461402304 0.006035627965422171 0
0.004482031660064133 0.005840203515187861 0
0.004416602648633776 0.005617271028854518 0
0.004651194599462474 0.005690585164560836 0
0.004623922378761505 0.005463626429242835 0
0.004735450239555008 0.004972587463487761 0
0.00504273252176617 0.004974693551420406 0
0.00517639986977308 0.00476828109617048 0
0.004905554261030773 0.005175902294227925 0
0.0139441133048205 0.0004391221479801409 0
0.01419621330460835 0.0005045367980325457 0
0.01429350695130879 0.0007404232268776265 0
0.01444889744437448 0.0004951856574303341 0
0.01455531718253278 0.0007545769178980942 0
0.01469784632893352 0.0005460290114474003 0
0.01481508001256449 0.0007824089720016732 0
0.01496809127650595 0.0005638919665903338 0
0.01511683530967558 0.0007909362063555515 0
0.01523122685780797 0.000579751689523953 0
0.007564170519657744 0.0008928469026609973 0
0.007671042295228688 0.001099463694804597 0
0.007575031242468579 0.00131663607917135 0
0.007828352069050483 0.001288959957605111 0
0.007726299697841874 0.001505299755883788 0
0.007963939912831352 0.001475707173355073 0
0.00786717964202 0.001698037001571819 0
0.008103914670554734 0.001683230808685748 0
0.008009647991995489 0.001892967155163151 0
0.008238352383647918 0.001862845073203449 0
0.008157976882778343 0.0020796265657058 0
0.002726156414855973 0.006561798059305428 0
0.01227942649842048 0.001354925959310526 0
0.01229380710110911 0.001543681804700655 0
0.01251870700085204 0.001643484911792976 0
0.01372826648079234 0.0004022262044584553 0
0.0111111600002788 0.00258520561682326 0
0.0112458516204054 0.002499782398674197 0
0.01126375430009981 0.00266575031325892 0
0.005884999677548656 0.004414827943409623 0
0.005748778661693427 0.004491200088761173 0
0.0004411884067960815 0.006138320849830326 0
0.001862086662227724 0.005990865638274588 0
0.001961175581919018 0.002000260411350589 0
0.001834377375702509 0.001835289977403246 0
0.006424204748391641 0.0008979393799533773 0
0.005964206028354287 0.003956348482301412 0
0.006148136139603837 0.003785214468232226 0
0.0003854332368476727 0.0007320929430238779 0
0.004632408115991913 0.002571472842441317 0
0.004755976651972158 0.002485376808520087 0
0.004635907290455685 0.00272433512648354 0
0.01236322078247994 0.004410138310118961 0
0.01234286975854345 0.004241819949291984 0
0.01248789899381299 0.004143926488255865 0
0.01219987229719519 0.00434948378417523 0
0.01218046332951835 0.004150834808712459 0
0.01199740204167005 0.004268125225571438 0
0.01205064902189668 0.004500913179458661 0
0.009186518208982999 0.002573167555244831 0
0.007810001455955249 0.004435062233955016 0
0.007959201497139107 0.004521584397043881 0
0.007960057946913521 0.004344021750949191 0
0.008102191401703067 0.004442006997656595 0
0.008125981051276368 0.004262250427751357 0
0.007966337225636836 0.004149591762324545 0
0.00123599993997013 0.006582974782022162 0
0.001408379410044391 0.006427868623643832 0
0.003148920295173926 0.003168984587391578 0
0.00336298873240409 0.00658605501430142 0
0.003145493457831178 0.006601706472514591 0
0.001049772713799871 0.004887611159738313 0
0.007136261341912952 0.003174679501903278 0
0.007195413774614412 0.003490796393596621 0
0.006716951896257758 0.003653215346776871 0
0.006993537383642119 0.003665383292877209 0
0.007226621805462904 0.003727898576608905 0
0.007443469216427632 0.003597747677309913 0
0.000437145761618506 0.001399417857082094 0
0.0003578251459244817 0.001196550666099777 0
0.0009106474611170843 0.0005983249027863534 0
0.0008031314255796214 0.0004892137488142585 0
0.01209711736372046 0.002329875750681881 0
0.01201964302818186 0.002048329586199541 0
0.01186032020468502 0.002220046144400327 0
0.01439954666973353 0.0009561512617973166 0
0.01140948618783503 0.002572757749789551 0
0.01143134365843734 0.002767231901894125 0
0.01124962782326294 0.002842507146863086 0
0.01197599952132586 0.004035801155126674 0
0.0005240405014100245 0.005760947898327304 0
0.0004065836234822193 0.005601274035601159 0
0.002233043859157447 0.006591289815277864 0
0.00565191819514182 0.001926808571835764 0
0.005522942128362042 0.00175068742220942 0
0.007431509316366118 0.000704429550669019 0
0.007203426885615238 0.0006910304599680307 0
0.01369478278316479 0.003146302340932762 0
0.00241339720700661 0.002830106217962952 0
0.002451147103595796 0.002619893618773728 0
0.007453145767504217 0.003846569041010836 0
0.004807863391943438 0.005528238936780661 0
0.003726262641131062 0.003324067705934694 0
0.003561955857718742 0.003508340890476384 0
0.01346302558298122 0.002959873377748464 0
0.005267658334418697 0.004965208517073291 0
0.01580106318675246 0.006056303229002604 0
0.004395388183051141 0.002776156303140634 0
0.00427959909018746 0.002884096757627285 0
0.016194861572006 0.001811324162414389 0
0.01677340317121962 0.006879087861013653 0
0.0002265968287803767 0.0001209121389863454 0
0.01616748218782408 0.003594052620311777 0
0.01641513432491386 0.003650663199530283 0
0.0166135486531068 0.003486844934990433 0
0.009687759713692493 0.006404231598066482 0
0.009724438197333433 0.006210766345902442 0
0.003639694296467432 0.003751605498691224 0
0.003488065604560919 0.003293705695090621 0
0.003305137251625132 0.003465627487833937 0
0.0006321299693672362 0.000259371690897283 0
0.01636781165403029 0.006740506520675519 0
0.01548598663672491 0.005223885241862455 0
0.0151999301358403 0.005167325507163347 0
0.01512636591543233 0.004925436824733466 0
0.01528955095622912 0.005395978903255679 0
0.0152652755325924 0.004720579030723245 0
0.01501599622558359 0.004714663059297958 0
0.01491901383400593 0.004900185000974997 0
0.01478588216426096 0.004716009581708393 0
0.01088902709356248 0.002796095202156223 0
0.006115468083557344 0.004204907655816062 0
0.007757806658152848 0.001929365129360109 0
0.005395536866727174 0.004791587745006755 0
0.00534014304933924 0.004606517678028303 0
0.001517442049426487 0.001772531168260673 0
0.002076604097787826 0.006433222851947056 0
0.0003889190906328673 0.00462100548627123 0
0.0004242404990648149 0.004361880287663092 0
0.0006544131059471395 0.004279630801128859 0
0.0004863693584078385 0.004129483989746704 0
0.0006858700361375945 0.004040166708626986 0
0.0004680740738997897 0.003888828937853491 0
0.0007182856512723485 0.003793628204164812 0
0.0005154016650685839 0.003641389583328207 0
0.0003147521907241671 0.003738589113707262 0
0.0003969682793033853 0.004830937159764978 0
0.003830717404707557 0.00662758200292628 0
0.01633135097107895 0.0003663153628190334 0
0.01654735732496741 0.0004063851128920911 0
0.009459170285224132 0.002780373707235038 0
0.009473368976561944 0.002941582323623984 0
0.009601372739002106 0.003039025050853934 0
0.009424233630084475 0.003122255524412551 0
0.00963443184523848 0.003241015900692959 0
0.009298626716558662 0.002905270547579366 0
0.009215734517529814 0.003133736577180286 0
0.009384574928725265 0.003335188209674856 0
0.009589212230133703 0.003487060216674524 0
0.009825596686201444 0.003389437659646271 0
0.009805086686166246 0.003701998465353103 0
0.01003427483125813 0.003515313254080921 0
0.008861772486203444 0.003008766694080674 0
0.01003365712004313 0.003245330593961489 0
0.01023879627644359 0.003368576535341078 0
0.01053424471098813 0.003763197348154958 0
0.007542847286549126 0.004231348964535404 0
0.003686135740687974 0.005690198280165629 0
0.01118515271873365 0.004736770524497896 0
0.01126659486319611 0.00503181859073409 0
0.01105926261736252 0.005258561955242037 0
0.01146227655797353 0.004813632781849481 0
0.01133650543698342 0.00532130251864746 0
0.01116683689129902 0.005490553380336701 0
0.01147012170171181 0.005148550988672415 0
0.01074987810765625 0.005252656613065186 0
0.0003902805405344885 0.00637792761667842 0
0.0005370585461546267 0.001751067464150924 0
0.0004452090398680691 0.001943073571741372 0
0.0004950528189317516 0.002173522504136029 0
0.0007808288854062734 0.002245919690155033 0
0.000573554715753509 0.002422984948290807 0
0.0007608574223467012 0.003058405905235359 0
0.01491813858552001 0.004505170549568413 0
0.01468067870277507 0.004513304781385959 0
0.01479313839144265 0.004296755244504216 0
0.01484181826017006 0.004044359601293585 0
0.01455181652500474 0.004341102094186974 0
0.01111018196883333 0.003226997373118645 0
0.01084504910242159 0.003173183721713946 0
0.01067291568085491 0.003348659584259744 0
0.0002597362699514483 0.004474758552026545 0
0.005504129634034794 0.004645671121816723 0
0.007670065695628353 0.003685741089132102 0
0.007679747650258408 0.003942855919045952 0
0.01638259367676356 0.006572314773158294 0
0.01178530888847548 0.001982310064646249 0
0.01193594775566645 0.001815940310232002 0
0.01213078948686341 0.001868523083170003 0
0.008914651580385839 0.005606423175696235 0
0.00520136505013061 0.002957367311429087 0
0.01626089397835752 0.002095362396029586 0
0.01645718419401547 0.001897986200169777 0
0.001333694854291882 0.006161088500059128 0
0.01459121574454273 0.0003315885376619265 0
0.01480827383216506 0.0003513426667321449 0
0.01502899008711095 0.0003673276559086778 0
0.0137061166901217 0.004024329745741647 0
0.008622843125108375 0.002138625392591237 0
0.0009859776537749663 0.003979094980176344 0
0.006072734767975978 0.00345269240615882 0
0.00875073530592264 0.004496622233532204 0
0.005863921758803409 0.004244734122142149 0
0.01681171241983916 0.006714573616339438 0
0.0001882875801608192 0.0002854263836605518 0
0.004203950455824655 0.006210217068430082 0
0.01608719697227902 0.006401667921110391 0
0.01597834964019083 0.006287095669811855 0
0.01622966988652516 0.006655347810325263 0
0.01628862788022924 0.004489245898961302 0
0.01647442187162184 0.004309069646506118 0
0.01651134084895156 0.004564998698400133 0
0.01642623067301023 0.004041975424661189 0
0.004909106560715113 0.00288859945243556 0
0.004995524265854169 0.003135255092969786 0
0.008451513215108467 0.004485189376308163 0
0.0006178911607449614 0.00328992487259678 0
0.0004654876623434098 0.003071847949694072 0
0.0005817880032813472 0.002862716483836112 0
0.0003774614448687121 0.003278554578098869 0
0.01153919868680208 0.005339898533032292 0
0.006452733523242727 0.0036273447107204 0
0.006564848985410275 0.003818632350535534 0
0.01137127757863138 0.002386235244771357 0
0.001448267775518554 0.006621218285101595 0
0.001649391441592776 0.006486879526611427 0
0.002012639260560813 0.006625764017799108 0
0.01324471349386665 0.003704990608943062 0
0.01301746789066975 0.00359394880965986 0
0.0002595966023350906 0.006251485005127683 0
0.005684183755374543 0.001407527904647855 0
0.0003779717842269884 0.002863311486275047 0
0.008552537955163236 0.005082131709924682 0
0.008472317209005282 0.004901899670257817 0
0.01663488172827946 0.003719198213984162 0
0.005121255984588059 0.002213722250181688 0
0.005024145463133826 0.002417267268685914 0
0.000377209354564291 0.002379684817298625 0
0.01184802771187106 0.004412833267643386 0
0.01186937859268518 0.004631997220974477 0
0.005117396045100212 0.005181793503002663 0
0.01220106213681588 0.003920491895557762 0
0.009131890245270526 0.003353293268817838 0
0.008085311978129419 0.004629002138567973 0
0.006447393506061367 0.004053479490856564 0
0.0105669264866856 0.002958308986901523 0
0.01040963299208783 0.003006347345220469 0
0.001619093990026947 0.006714615053852353 0
0.002119938162877261 0.002197819724179517 0
0.00228190566926333 0.002354139361670403 0
0.0004219735741940039 0.002572042052917342 0
0.008403679389154739 0.002055445690191309 0
0.003821519385470925 0.005418492011872549 0
0.01277756208884329 0.004121926852616078 0
0.01278921423044444 0.003965146700117052 0
0.01295602659176833 0.00390354900384696 0
0.01283154872181974 0.003748447498689011 0
0.01263218119336496 0.003868279473199083 0
0.005841958505972468 0.001181928521121594 0
0.005124619344839083 0.004315576718830811 0
0.0115579778202587 0.002481358662433172 0
0.01153573006018261 0.002295933433496904 0
0.01208043360507395 0.001656219726883579 0
0.00119063800412173 0.001236048788672571 0
0.001269517110738742 0.0009752260024638313 0
0.001427065376543581 0.001222520848792138 0
0.001567549336713855 0.001394038436844517 0
0.002224278848844055 0.002710926557321976 0
0.01434510327943841 0.00171277688070095 0
0.001581415179142068 0.004692518883093551 0
0.01661615367187639 0.004130372867793862 0
0.01430403330359458 0.0003093373860394233 0
0.01498551714248316 0.005082690082116609 0
0.01412853346351369 0.0003034488632532636 0
0.01550313709671667 0.005744035909732116 0
0.009755597949067885 0.002933818564183991 0
0.009785151626534466 0.003093244177129942 0
0.007243824032805123 0.004070220458455223 0
0.009154838797689196 0.002772038146428999 0
0.01583818417061107 0.0006303385159849937 0
0.01561120677814141 0.0005485946417961907 0
0.0157974000643941 0.000387504759972269 0
0.01559244022912671 0.0003159077330144528 0
0.009056502314829429 0.002493204323052248 0
0.01668150420958631 0.00588928077291547 0
0.01663701929193444 0.005698419746283411 0
0.01647736280055777 0.005590827637358527 0
0.01637890015551425 0.00528965359000773 0
0.01665469415788825 0.005486087845903285 0
0.002166395691672417 0.002004000407180804 0
0.008116331244839219 0.002384711801022202 0
0.0003292013665848314 0.005140374455434288 0
0.01033951115798857 0.003160249502964349 0
0.01383672285551061 0.0002656875209444999 0
0.01675812133140078 0.003581220254628784 0
0.007681777753456227 0.00414579924013269 0
0.0003305230380681 0.003547249432733108 0
0.00242277823070765 0.003083928463561928 0
0.01104023277213764 0.002867055552515893 0
0.005023333014852322 0.005348437107664895 0
0.009873765935037736 0.006341399123793412 0
0.0134606936527757 0.003796305216086427 0
0.0002954399059455926 0.006557708837275277 0
0.005743495273735318 0.004620287769628577 0
0.01663029819398362 0.0006240082380362649 0
0.01669761614967188 0.0008377946877830083 0
0.003925469670372401 0.003000630271995199 0
0.004034692411196651 0.003111012764424844 0
0.004198475942871721 0.003044698874323167 0
0.01307444441869246 0.004001670923036733 0
0.008298525636960038 0.001679846785678255 0
0.008441460717019005 0.001822777541794305 0
0.01135650461087193 0.005541676069747523 0
0.006994793647642205 0.0006104660350848795 0
0.002912199027868862 0.005316001599065433 0
0.004121654481403475 0.006384154584480738 0
0.01668850120445214 0.002761157045437968 0
0.009367813830218254 0.005591643485394156 0
0.009196712967658718 0.00575628203395657 0
0.01339313707363825 0.003980720130811187 0
0.003598623862969474 0.003009775415626709 0
0.0002830010642384459 0.002218405651276356 0
0.01259097062798992 0.003611669509172309 0
0.00692912954863442 0.003991143590213382 0
0.01005720882956852 0.003034333878195284 0
0.01669890190565126 0.00432108729384478 0
0.01671620051390776 0.004532615695752407 0
0.009043298009830888 0.002372259371033427 0
0.01494613361514228 0.0002331845020069542 0
0.01052398887420935 0.003105870443162954 0
0.007443480436909348 0.001615380116354982 0
0.01669840452036046 0.006610782231076962 0
0.0002788635890877619 0.0004186547193633567 0
0.007759312916944523 0.000925090680336292 0
0.007858636188199439 0.001083129833161015 0
0.008004379808335023 0.001212190507614191 0
0.00812729389925078 0.001354835802360952 0
0.004140568026970401 0.003941635017992297 0
0.01069390710431452 0.003041955389843705 0
0.01085220952882929 0.002946783050370974 0
0.006320559704337184 0.003954784262913036 0
0.001865537701262469 0.006486465827379101 0
0.01532094896189378 0.001058360204029921 0
0.01123283925174463 0.005664025226803534 0
0.01105526087710789 0.005658028788753031 0
0.01115559353618353 0.005837241086890607 0
0.01095574391126856 0.005835758234123445 0
0.01086087446146543 0.005661291435367692 0
0.01074376708420531 0.005890978704523183 0
0.01087575479321014 0.006027659930456185 0
0.009870278443077165 0.004332600187891077 0
0.005219151916989246 0.002016542738172488 0
0.01667421586911903 0.002479853065578496 0
0.0002715740927948466 0.002997406171495421 0
0.01669809324855781 0.006178154627813898 0
0.004387409360775372 0.00535974813823079 0
0.01660524565965589 0.003937736793665017 0
0.005769220700774661 0.002339661751236263 0
0.01449437554083804 0.004505809973276131 0
0.01437211964989158 0.004373509320195925 0
0.01443130137101348 0.004193765767874314 0
0.01539887778697168 0.005583120484900535 0
0.006861128002665466 0.003828940037550045 0
0.000353291864024826 0.001773394843943334 0
0.001018112498534323 0.000720011520967468 0
0.0124395785721889 0.0010049796914319 0
0.01254456278518787 0.0008800740384237739 0
0.01680807895656531 0.005773102922083113 0
0.004413838066309149 0.006236957068217057 0
0.007619348937619936 0.0007169572691755602 0
0.001123996570817179 0.006729992590842639 0
0.00557876754525605 0.001554274856253751 0
0.0003184236571736766 0.005781879489622528 0
0.01614251345876417 0.0002838040752549927 0
0.0002677832294483498 0.005302744208829025 0
0.008650518622020367 0.005320844224649933 0
0.004838435386351833 0.005697131792932537 0
0.01628541623683651 0.000183612979281305 0
0.003263124176961537 0.006756523734374063 0
0.01423712174873553 0.0001715401821307388 0
0.01674504761348856 0.002925150840350661 0
0.01652382968044495 0.002158104655405725 0
0.01669448069383257 0.001945700990503803 0
0.01662078202903562 0.001743569633260319 0
0.01644576817754493 0.001659536108685441 0
0.01661604323258464 0.001507697471749452 0
0.01673415369342074 0.002152846466819655 0
0.003964256218631583 0.006508856824449348 0
0.01677609744304208 0.006318740958050032 0
0.003853435697534453 0.003153684056787049 0
0.0121230252404178 0.001453763661589736 0
0.01197961647316564 0.001508488788637 0
0.01513863656625782 0.004536608097619097 0
0.008566166628047853 0.001959760325053662 0
0.002508791389974282 0.003678127488573943 0
0.0008945216861813432 0.004421598604799036 0
0.01679434520456811 0.0006863582076181993 0
0.004646421609143197 0.005224260796532598 0
0.01541831852904116 0.0004689465260371293 0
0.006366863997865073 0.002299499398559618 0
0.005930004063213033 0.001028205196498272 0
0.006134247505383054 0.0010129442226624 0
0.006017368204492597 0.0009025855445635371 0
0.0004174665111231282 0.006722179899643554 0
0.01551635450114851 0.005927902530016219 0
0.00373414552122379 0.006779477357939793 0
0.003565603324446412 0.006814952941378316 0
0.0125409117843224 0.003282392683245847 0
0.0006235860387555515 0.006723389810581588 0
0.0007908984706189752 0.006761157592927813 0
0.004548763377676312 0.002963537031863576 0
0.01263081307142796 0.004210707223333203 0
0.004549828394002478 0.006017832471836307 0
0.008374471407247302 0.005034483630513628 0
0.002952643221005017 0.006604602461720325 0
0.002796941327253435 0.00673629863042306 0
0.000645798358949198 0.0004750908438696556 0
0.007928194552277631 0.003490726603774713 0
0.01314431178448365 0.003865570536726759 0
0.01165762358784361 0.002128738761286195 0
0.01163342350622142 0.001976437818591633 0
0.01163386216456673 0.004591818440549592 0
0.0117136267297842 0.004150476096023801 0
0.0002947898473023396 0.004042641627207474 0
0.003939270922949137 0.005026126302251126 0
0.01056212704348933 0.006401697678735026 0
0.01072242839293217 0.006297815194117857 0
0.01071094003301644 0.006108187315855379 0
0.01052335298957422 0.005994123298062818 0
0.002288174794601912 0.002193340559002356 0
0.01170426840563334 0.004808245199723138 0
0.01190427321490251 0.004839614404227308 0
0.01175713537714807 0.004965357472868465 0
0.01205947739125449 0.004717059713699026 0
0.000124947703403825 0.002454895985932711 0
0.0001325009856258785 0.003066420397026935 0
0.0001204114991228186 0.001860283357232449 0
0.0001276230391416468 0.0006696566943487844 0
0.0001262895094913292 0.0008187732529584351 0
0.0002903681792119327 0.0008956560488660717 0
0.01687091930761142 0.004842381051747521 0
0.01673311960126553 0.004912437178414196 0
0.01673314832690342 0.005070869970982267 0
0.01655924453974045 0.004988721550295042 0
0.01658985717308793 0.004806091974112337 0
0.0001230690679144865 0.001116574427211004 0
0.0001220920943628863 0.001265451017505816 0
0.01687106909077589 0.004245783079546142 0
0.0001263599019761599 0.001563204198095417 0
0.0002687875053777461 0.001490192041004841 0
0.0001292411903061237 0.003354268089182176 0
0.0001258744249071839 0.002755744767775269 0
0.0001345620703023243 0.005571738248579657 0
0.0001359295357154632 0.004097489123853053 0
0.0002308949606551636 0.004179603230067687 0
0.0168568925402043 0.006179274932582418 0
0.01686519363067441 0.002021357916442573 0
0.01684355959358514 0.005454753410194757 0
0.0001246598629657744 0.004847395088484001 0
0.01687664167255289 0.0008074441087025518 0
0.01685066976748404 0.002761439123074446 0
0.0001533157315391984 0.003775617976631002 0
0.01687106909077588 0.005139042621314961 0
0.01687531970260032 0.001714881044534482 0
0.0168554806376243 0.00246169619565694 0
0.01686730837370032 0.004561693067259154 0
0.01687142224185105 0.003202263079104397 0
0.01674116528020822 0.003278085242629948 0
0.0168753607700203 0.003948442609260928 0
0.00011711695663464 0.003645103742059886 0
0.0001355628204809979 0.006630396552543344 0
0.01687106909077588 0.0003749917318812456 0
0.01671761026416067 0.0002797205154895519 0
0.0001238404138145799 0.006327807232201365 0
0.004669826575307182 0.005902472633386911 0
0.002783012414133421 0.002688167181204843 0
0.002669105935344734 0.002567425717595642 0
0.002555216303929946 0.002436302628914715 0
0.007446403304162335 0.0005236923344263803 0
0.0001289309092241207 0.005880625316644709 0
0.0002476964217682041 0.005938141945922787 0
0.01687284948539398 0.001416835768331993 0
0.01673833502996858 0.001355499887608286 0
0.01673151463929279 0.001182555274053227 0
0.01687106909077588 0.001119374683355263 0
0.01146850730561122 0.003001689662420572 0
0.006688426232018072 0.0008649382205535134 0
0.0162366612976342 0.006493021177987966 0
0.0001303964334991373 0.002149967454650803 0
0.0004444614498326661 0.0005376729348312947 0
0.008266266890311038 0.004906860967375934 0
0.008367076295832601 0.004727367520144047 0
0.01101049028294546 0.003052834618619053 0
0.009852882146949099 0.00666434223465374 0
0.0006728517821764455 0.006872709945606997 0
0.001823956447496469 0.006874648902458098 0
0.01663609644098587 0.0001263716999367502 0
0.01458927139734239 0.0001502128931708388 0
0.01373071779416009 0.0001300366268106846 0
0.01562897434842923 0.0001376910515391424 0
0.001683686125312887 0.006869435846811694 0
0.003141110104385523 0.006876177588475936 0
0.002402303005175287 0.006871345128233154 0
0.001383008122626868 0.006875743568028905 0
0.01532717702833747 0.0001292858334774509 0
0.01525299579636807 0.0002573333968628072 0
0.01590875312635972 0.0001278859176973512 0
0.01597371601830318 0.000260255941553478 0
0.002111106841124309 0.006876583221635377 0
0.002549495896443757 0.006871009811948371 0
0.0003639035590141549 0.006873628300063271 0
0.0001573825805929116 0.005136219173020475 0
0.008181039231799657 0.004754314487465246 0
0.007176742627394004 0.0005041572965832314 0
0.007428215262320177 0.003311015980197506 0
0.007962762580594354 0.004686559011963028 0
0.0162070636571949 0.00386764744345761 0
0.01511817639252638 0.005331544534587211 0
0.009641724635736719 0.004004290426843976 0
0.01279545722033296 0.003452663167148208 0
0.0007767131347154402 0.0003520477188962293 0
0.005484601101960598 0.004461820560053302 0
0.01365929298285629 0.003884914369985272 0
0.006428432957368247 0.0004694144927555556 0
0.007045226789512564 0.003856240193978584 0
0.00197546072473095 0.002745302075367108 0
0.005255296306422026 0.001843016114662898 0
0.008680510343547981 0.005492621602767452 0
0.00200847183329082 0.001829015104935357 0
0.000289065605880795 0.002699079081150807 0
0.006881436150491117 0.0003637933383763628 0
0.01273630488485874 0.0008879220520241855 0
0.01295945926490145 0.0008436273775491742 0
0.01319754867322452 0.0008712570901234567 0
0.008148264719717893 0.00404432164015757 0
0.008246593987254811 0.004585601256719859 0
0.0102601754179831 0.003613155856205075 0
0.001597692336337497 0.001221646542062891 0
0.01603557842126768 0.002626237632538471 0
0.01456807842671507 0.004675658962188666 0
0.01442119211369652 0.004625794999963438 0
0.008198471172535539 0.001516391611908783 0
0.002212828579350726 0.003327433170024084 0
0.002619656536703786 0.006730782502716011 0
0.01657467052146098 0.005169626975462663 0
0.01226456327194702 0.004528283101910488 0
0.01197085608782443 0.003754100318297483 0
0.01231348115429921 0.0009538170124182449 0
0.01046760401599061 0.003480562447364548 0
0.01246180460217117 0.0007713845193178695 0
0.007525036675074268 0.004046593455976974 0
0.002830553480005475 0.003854654641176461 0
0.01322840710908472 0.0005363430929776376 0
0.01317187357900496 0.0003441047515606779 0
0.01335769594917942 0.0003977547288802632 0
0.01332559239271135 0.0002366168631807788 0
0.01348259807991861 0.0002600966929546741 0
0.01463987471807101 0.004815893575910959 0
0.01674382390992292 0.003100038195902599 0
0.008588656048943204 0.004711072790856924 0
0.0088080719079196 0.002162177502559232 0
0.008889542739804555 0.002327459870029145 0
0.0002570385716921635 0.001332883873531821 0
0.01241345816017491 0.003801054262621719 0
0.01671056903214826 0.00101371518903874 0
0.01674216859907824 0.0004494300270286578 0
0.005736309791610621 0.004334336705163321 0
0.0165803122853849 0.001287245342418458 0
0.008352378698132126 0.001537869152698922 0
0.004786032278380752 0.002692535441780077 0
0.01015683498494428 0.00670813379774405 0
0.002885528718469459 0.002627759447384519 0
0.0002602566333817068 0.002523049611721306 0
0.0137899625252223 0.001700308180434873 0
0.01483114141191273 0.005051693476333525 0
0.0149960599483764 0.005244511017128914 0
0.002329404203631923 0.006742221161303992 0
0.01166287419679574 0.005217084708751556 0
0.004901229087578901 0.002558591918641125 0
0.01503206026286278 0.0001141669858662035 0
0.0002150137398045926 0.006876749919558766 0
0.01678183592613732 0.0001200648234300637 0
0.01044095369709738 0.005360632124104129 0
0.01674211932674089 0.004766851145577948 0
0.0002690589867906171 0.0006036334228677032 0
0.009383827923877089 0.005854826146450997 0
0.009210689471306016 0.005955653742031209 0
0.009066189286379383 0.005899768956575902 0
0.002102451014497422 0.006156874587518471 0
0.01422037598359783 0.004309371186199566 0
0.01411163198788631 0.00437250092017567 0
0.006612032976509848 0.003991919186740059 0
0.01538607295159121 0.0002884287040319663 0
0.0002567373212605667 0.001049345274321255 0
0.0001246915349890354 0.004542307252114812 0
0.002474303164809529 0.006754539108485987 0
0.01103621022324697 0.00598159246683686 0
0.009599574193500113 0.006519661080457121 0
0.001312295940596882 0.006742269713092407 0
0.001068355569280212 0.006866200351081339 0
0.009008450410476081 0.005737639855472406 0
0.0004044185166182761 0.001600928614176894 0
0.0160743612666835 0.002322937948347993 0
0.01443625900261037 0.003150757166644552 0
0.01674116528020823 0.005362357506757176 0
0.0009525035415422715 0.006730294495167396 0
0.01689369144525934 0.002160255994185579 0
0.01669535051388628 0.002322494620448375 0
0.001092171423744553 0.003675620911059834 0
0.00285131546128495 0.00687309840820426 0
0.01000876076894946 0.006640549823748303 0
0.001895739958451825 0.006746663737360641 0
0.01004480556270093 0.006790335722044264 0
0.01573154493121838 0.002745684597354466 0
0.01656275354798397 0.0002500623496433769 0
0.0168935208651161 0.002908605808622324 0
0.01387566546963867 0.0001259766734488296 0
0.00955429007411223 0.005979911524163847 0
0.001167363697206478 0.004659917719213551 0
0.01230145899609889 0.001071390466777249 0
0.01495400288855163 0.00366354420771655 0
0.01462829037478364 0.003670711236224549 0
0.01457443979764508 0.003940923468256866 0
0.0146385028690552 0.004163381235223191 0
0.006999651114890905 0.0004463357050867095 0
0.008525077565521613 0.00524285760194412 0
0.01354250322194392 0.0004219466304907797 0
0.0007249477137411808 0.003523618050097129 0
0.009864930089189211 0.006513301591577621 0
0.01085232249640908 0.006192948718204271 0
0.01138207267275461 0.00568046755884824 0
0.01259913474031193 0.0007376981910965108 0
0.003341734309926062 0.0031447068216728 0
0.009745682387949001 0.006002413494475079 0
0.000854849834872949 0.0007688321851010687 0
0.01212614126873538 0.001299546025359641 0
0.003071976884344743 0.006745816100478348 0
0.01307899302632767 0.000193876007342554 0
0.003913912894082245 0.006803853553439484 0
0.007242162558298246 0.003914965952105142 0
0.01403602342182953 0.003068605607686025 0
0.01298715345121735 0.0003208671187906902 0
0.004013102901918594 0.006675127298977169 0
0.01640082559884515 0.005080390745326889 0
0.003077116897029819 0.003011729810012952 0
0.0001172387902434145 0.005285879678200167 0
0.0002715282694826689 0.005500470487223961 0
0.01674634803990341 0.004025276049289114 0
0.006540704184017969 0.0007579301342431444 0
0.01171086068933082 0.002374777780083046 0
0.01365100230125765 0.0002610466382210299 0
0.005116758815528562 0.004541955636512049 0
0.0109896646026743 0.0061302647322139 0
0.01088894803186884 0.006333678511407704 0
0.01382832392113934 0.004077908097600242 0
0.01329743906314281 0.003863971282613665 0
0.0001215324569082323 0.00439221385184757 0
0.01657970163036558 0.003319299680305695 0
0.01046706534026719 0.003285351098483602 0
0.003301968576606825 0.002976806404518599 0
0.005396997043324624 0.005092733316211811 0
0.002227879994509244 0.001875605466427263 0
0.004935837938186386 0.002242338381327444 0
0.006769648777226596 0.0002025155054526553 0
0.01675045609694617 0.00163550635042635 0
0.001156035615101194 0.0008459947840487119 0
0.004162714635434443 0.005534524043612208 0
0.01222132308646286 0.001201339765081714 0
0.01436305044283522 0.004004901827331864 0
0.01185703263199432 0.001517618190436433 0
0.005132016231693487 0.00546012862259276 0
0.004982358058227426 0.005505686149026495 0
0.005262898609499937 0.005277251781607239 0
0.002085413512268825 0.001699067045797367 0
0.01172493793791583 0.001697925908195935 0
0.01503643347617232 0.005467991385329518 0
0.001970473837594734 0.001532380879230629 0
0.001835210334916919 0.001551104864499562 0
0.001752758918575527 0.001429896080778454 0
0.001658907977736159 0.001600346387006667 0
0.007128216535798603 0.0003499406112698672 0
0.008707431033987066 0.002002383021811523 0
0.01004233680071127 0.003773380413978509 0
0.004957044917186345 0.005747762224054451 0
0.01017985228794573 0.00317380410948331 0
0.005092287651104831 0.005578115922385165 0
0.01672852690205096 0.005228407158800686 0
0.01277811900377777 0.001694856884412976 0
0.006468364612404909 0.0006256088552380216 0
0.005845165282761759 0.001829940938719651 0
0.0002550654185506478 0.004312394919705273 0
0.01688324254586589 0.003651406583731535 0
0.01615055618784341 0.006239105925394506 0
0.008285598937226352 0.005135766906049046 0
0.00869504406778158 0.001877654769403467 0
0.005168475879406569 0.001780906304641111 0
0.0118237938778759 0.005217355930861737 0
0.001846684260210742 0.001336207520392646 0
0.01516086122849629 0.005657851079851076 0
0.01522691858176618 0.005543507162125074 0
0.01264384089229234 0.004045860394340516 0
0.0007978381845882825 0.006901179519325278 0
0.01178513112855573 0.001813113187013533 0
0.005491197980210534 0.005039115386434353 0
0.01470318927188148 0.005043536625723782 0
0.002297790055508161 0.001960692722597554 0
0.01258531732002693 0.001913050267580505 0
0.004678124792856975 0.006037298895074321 0
0.0116911681454176 0.005370287918705221 0
0.005311283175928728 0.001610651268187115 0
0.00841164603871211 0.00530188979636111 0
0.008564840273598134 0.001717117773995721 0
0.008560424112658086 0.005466500562291969 0
0.009330587481720018 0.003577623314649867 0
0.008306297180853387 0.002249795944252975 0
0.01176026715246749 0.005090754949852927 0
0.002565508318571616 0.002293667071094253 0
0.002440226512429418 0.002344667856725833 0
0.01127653974748833 0.002268998461405144 0
0.01488988514301097 0.005310022343397352 0
0.01148735554719549 0.00562562032636877 0
0.005486030399664592 0.001354788281897281 0
0.005432418899401922 0.001605318595570746 0
0.01161810837871393 0.005464822512762561 0
0.0002540911898546317 0.005636541286755994 0
0.006151114290541713 0.004051101329800151 0
0.01189529388663573 0.005134161893498942 0
0.01160898214355322 0.005002595160676424 0
0.005127742871506019 0.001870194425424074 0
0.003651420941694393 0.003157969271221148 0
0.005838000863563475 0.002082969147125998 0
0.006069597765073709 0.002279047482776862 0
0.009577784896345483 0.00545923284598648 0
0.00309057019800285 0.003638772773583414 0
0.00859521991908679 0.00556609766790431 0
0.01191984047150085 0.001648664210077724 0
0.01528775511800355 0.00583475435971726 0
0.01535493694876921 0.005720230937073634 0
0.004885470789796528 0.005827379408657366 0
0.004772303110784951 0.00580763639514221 0
0.001719235769552832 0.001160181910659982 0
0.01210495403386869 0.001166675504695066 0
0.00822719723827677 0.005045202080019655 0
0.01689779549745415 0.006324008063459462 0
0.006382596833850058 0.003794838451274635 0
0.0002625203187306569 0.006717406193525672 0
0.01138720388076726 0.002114258797023663 0
0.01455361409039975 0.004893299933710151 0
0.002403751976017719 0.00212133190379129 0
0.005606652006112404 0.004880080534641032 0
0.01190065980624968 0.002471104451515348 0
0.01200462975688445 0.004962920116158626 0
0.004974526632776092 0.002030822980738218 0
0.0131424236785032 0.002740344576877655 0
0.0001258250874855427 0.006174630800223845 0
0.005693857645730185 0.001128145710023796 0
0.01130403272262688 0.005883120800300042 0
0.001551204534500415 0.006272030331196936 0
0.0147567914361636 0.005135178033148593 0
0.005579971110129296 0.001299008641373069 0
0.008740616611240802 0.005721754643840882 0
0.008266366387896141 0.001271892575265063 0
0.0002491130441278216 0.001654386594858054 0
0.002178526810338102 0.006746802588255532 0
0.007413869416089349 0.003017567547376936 0
0.001935468249989843 0.001674817888251331 0
0.01655947818637054 0.006493516477430737 0
0.008917024825813439 0.00209739383126718 0
0.008110452732014301 0.004886434625967112 0
0.01380993494712857 0.003918688931363387 0
0.005898889565213845 0.000855449104650519 0
0.003271420316978513 0.006898595327083991 0
0.001456781177005091 0.001582148297046973 0
0.0165653437369659 0.005356625203841513 0
0.01093079202879737 0.005469043103453015 0
0.004849636447664564 0.005360731175088858 0
0.015829667479574 0.0002292125720513155 0
0.0159787966884233 0.0004381527664790883 0
0.004851644797970508 0.002376608576966562 0
0.01497626545354347 0.001045707172452866 0
0.0137187761751615 0.00415545113081793 0
0.0154070679532326 0.006010864978845219 0
0.01561737707046565 0.006061004012015947 0
0.001583097423827852 0.001000746775185067 0
0.001447984769910917 0.00103144987186189 0
0.0002689910103432155 0.001929396614892473 0
0.0002823557654971429 0.00340268370917534 0
0.0048373593602241 0.002174732313331285 0
0.01215845187615824 0.004813915226553333 0
0.01216793021917287 0.004628192302369693 0
0.005089079926617065 0.002069117418751288 0
0.01475139684844063 0.004915654169429138 0
0.01162973601748593 0.002845139464992316 0
0.006117647965732071 0.0008042541749101982 0
0.004904654240779645 0.003386493662506353 0
0.0168544277327246 0.005915808488726497 0
0.0002728108432089454 0.003877813730649373 0
0.01250109526777442 0.003983389162606463 0
0.008111006682526557 0.001105638970821207 0
0.008860344387602977 0.005893763620948087 0
0.004557681226892847 0.006245534907792882 0
0.01140601532060123 0.004584063105970228 0
0.01685501318533552 0.006582847167167883 0
0.0001170455159982594 0.0003927775806721327 0
0.0002648588700975563 0.004961159125094543 0
0.005991781194846018 0.004141161685450825 0
0.01342687697173984 0.0001192650614564444 0
0.007819846089616436 0.004241467362016385 0
0.002642983264836578 0.002345336081466897 0
0.01121038956781234 0.00236091036663529 0
0.01113199850895147 0.002732151107520669 0
0.008349371155409586 0.004242149310744434 0
0.009301706202571373 0.00621500153464526 0
0.009255000085676715 0.006331992200854402 0
0.009185798825369398 0.006127213374122356 0
0.009043203425876129 0.002639770396007318 0
0.009081364390996013 0.002956961860007121 0
0.01110769897919116 0.006120276494483248 0
0.01233496338112675 0.004053250946010189 0
0.01158875357086354 0.001868330069371044 0
0.00577443266759731 0.001038503052360573 0
0.01123628251474387 0.005961416371781192 0
0.004696885717681223 0.002878032833416687 0
0.00542413018800602 0.004941458317046189 0
0.001153407281150759 0.0006595668720362998 0
0.001174399293448435 0.0005410909835942349 0
0.001263577495774843 0.0007417454133212286 0
0.01584788965885717 0.006343575361299286 0
0.01582560070655161 0.006458909016405815 0
0.01572782221625893 0.006275852545241714 0
0.01228496982085259 0.004658798010997953 0
0.004716638193273833 0.00234318969344814 0
0.002948682373299449 0.005797103368908971 0
0.01584076106686044 0.006209079190671889 0
0.00738198528124147 0.003989547973846663 0
0.01190131938921505 0.001424146151831093 0
0.01320305797547058 0.003168228139570072 0
0.005366133600948614 0.001741415226593339 0
0.001395099168671421 0.0008950158050345727 0
0.003884011521014688 0.003776759901726278 0
0.01555034959982345 0.006169239881437638 0
0.00146771279352492 0.0008257200705398611 0
0.00526058109468752 0.005131305275085217 0
0.005395588693959217 0.004263279581712192 0
0.01203577710111338 0.001243502799510868 0
0.01617907436264743 0.0001150511719974403 0
0.003739382391028579 0.004034912473531123 0
0.01398199293614602 0.000261051513498636 0
0.003255467279873407 0.002858910589044176 0
0.0080079557585758 0.0009534174960354122 0
0.008999559908739796 0.006035951526069144 0
0.003447887387245588 0.006733000032551724 0
0.007939753830934442 0.002115816705106685 0
0.006709634838095289 0.003838615697611055 0
0.0003952327040469585 0.005944116301399848 0
0.003371498309259313 0.003714542248423026 0
0.007651619038226787 0.001743064838896076 0
0.00353158514135058 0.005905561774917115 0
0.006326934580557391 0.003420583466815227 0
0.01677019725838346 0.001496308786471152 0
0.005955997892716247 0.004516613329738983 0
0.01423219599216969 0.004520597526409672 0
0.01103958974454449 0.002485917465826538 0
0.002768143082339969 0.00247854994727714 0
0.008790145999525208 0.00194381065099079 0
0.01663347687649437 0.004660321019195558 0
0.01539082275977712 0.0007168873712896872 0
0.01440500973230267 0.003502816021461735 0
0.007315951587152018 0.001353870292876137 0
0.009257873790723679 0.002468322938791167 0
0.01240990820818153 0.004530554141204578 0
0.00774214797534283 0.00453517910103326 0
0.004560469413066886 0.002471728382176934 0
0.005626134384075455 0.004556307063400005 0
0.0002413433453176666 0.004616429007656001 0
0.01618815412561189 0.001512077324531973 0
0.004303604591632554 0.006357607078838862 0
0.01389442189436694 0.003314967069481343 0
0.01465248953934024 0.001041956967073848 0
0.007463328756209869 0.00196724219130968 0
0.009347059510361749 0.006049804471959151 0
0.01601175928855991 0.006124770402597144 0
0.01415077318766617 0.001002684214124156 0
0.003473914019568543 0.003944930409030442 0
0.008465035953454273 0.001529003759867355 0
0.01413932484762284 0.0001183967249288537 0
0.01152251663921993 0.001954076525832796 0
0.01675394917846442 0.003863688105609175 0
0.007643132604755283 0.003448879970519385 0
0.01551715325178353 0.005433554191493364 0
0.006311241436949923 0.001012786952810768 0
0.006506626528618648 0.001088092801833007 0
0.0004701341070710886 0.003439649912202116 0
0.004371100839140498 0.006463636455692983 0
0.01260681013595182 0.0005338926297197883 0
0.0008831443415546359 0.0002645423161477104 0
0.0161137967065712 0.006737804692119127 0
0.01564929390922935 0.006334332624581602 0
0.004518695186938313 0.006327528335728694 0
0.001343890407758518 0.0006727279280136535 0
0.003376061258440652 0.00554439446669723 0
0.003209304568322489 0.003052835214816334 0
0.001798038263087609 0.006625204353010513 0
0.005718254502707495 0.001266520279407333 0
0.001034739671088294 0.005154939828439137 0
0.005360073427620427 0.001522597992961451 0
0.006075236252415938 0.0006758874184155444 0
0.007745256256489272 0.0006701262778781771 0
0.007541170760387965 0.0006114495903846787 0
0.009110673371322263 0.00620250976038693 0
0.01106452662867774 0.006202509760386934 0
0.007861859394407627 0.0008211245116105997 0
0.009927509021897506 0.003117688720354814 0
0.005714063453663451 0.004161998404397196 0
0.01302388872753023 0.003349090336982938 0
0.0002421856313626989 0.0007443829514739327 0
0.01151001321330769 0.002150336729983467 0
0.002617460394058555 0.003133037501556858 0
0.001787010093570401 0.001692471946182235 0
0.007570623431931973 0.0004973175637200933 0
0.0002656414616645092 0.006078849312538737 0
0.003495481104419017 0.003129725505062873 0
0.01642011327347499 0.006894132551177561 0
0.0005798783675406895 0.0001058500199546428 0
0.0002519982022661169 0.004762044930136496 0
0.001576686897716416 0.006013453803764061 0
0.01232218684905976 0.001784027073015658 0
0.005555121351900312 0.004768403116583896 0
0.007609517708025358 0.004417607884042734 0
0.009390482291974639 0.002582392115957267 0
0.01445565459564361 0.0002495666643511675 0
0.005750999762009213 0.004728712298098512 0
0.0002694694384275213 0.003154762837314469 0
0.000868417444040189 0.0041859450411089 0
0.006829228498593579 0.000690617207886577 0
0.01641618716028544 0.00471890698967073 0
0.004772240369374185 0.006010725113402304 0
0.01675043787811844 0.003422147559475743 0
0.01148422519488151 0.005468242843945946 0
0.009031697191613184 0.003619242984841122 0
0.004498979164329219 0.006137496145195811 0
0.009052956625453887 0.00225860813313868 0
0.01070501265575339 0.003562782141289879 0
0.000610204278036753 0.002657195995631479 0
0.007877064258123607 0.004707630423456651 0
0.00130596941848456 0.001103167618741051 0
0.00411769513006615 0.00527859215971039 0
0.01510807685284916 0.00391881868066492 0
0.001237849262634835 0.003937223573635081 0
0.0137940617331054 0.002855028156040437 0
0.001540470814431132 0.001120028040032719 0
0.009105045061492777 0.00601564860346125 0
0.002115175992925316 0.001890840523949663 0
0.007316538704284808 0.0005747446722545249 0
0.00553902078848119 0.004071619825332919 0
0.01438161197243285 0.001262577399349411 0
0.01641529358981855 0.0002314735163856966 0
0.007855614491631146 0.003821114718052473 0
0.004917062069304614 0.005608766507325506 0
0.01676136523710481 0.004163885155945049 0
0.01069263921789314 0.005493166447953447 0
0.01571335315822417 0.0002420357399573626 0
0.0151076256578277 0.000235566614805578 0
0.009524509766600695 0.002684879516696148 0
0.007475893747753957 0.004317465017657941 0
0.01155647860558765 0.002662521091948113 0
0.0002405255093869373 0.006399141004878831 0
0.00171282858567203 0.001297082572090098 0
0.008860089467248842 0.003281585671364686 0
0.004409178186094361 0.002924549418426973 0
0.01522639047145419 0.0003942889145725236 0
0.01514916692944874 0.005454797988637395 0
0.01689676876178981 0.006810013266273763 0
0.0001032312382101969 0.0001899867337262218 0
0.01676242152263811 0.001780683130710848 0
0.008779319306813074 0.005578103361002854 0
0.003056563795395891 0.006487912994557957 0
0.01388392553004179 0.004254358869995985 0
0.003115883024901858 0.002745859654015825 0
0.01068152205164923 0.006458873511895446 0
0.01266649276379917 0.0004654027433306455 0
0.004329683316504137 0.006538102160811006 0
0.006120863644529998 0.0005950315552292005 0
0.007725736832983237 0.0007934383643735622 0
0.01075431238351724 0.006519518813448338 0
0.01222299405589015 0.0009951722622242448 0
0.00132724984136516 0.005000526298692134 0
0.0146964109862047 0.0002346993923359681 0
0.009903128811077529 0.006140533945818112 0
0.005632881954069767 0.004423862645435424 0
0.008814538283661872 0.004739895906182379 0
0.01672446840037401 0.006460442154830881 0
0.005852795915909273 0.004091027946089349 0
0.01246277923379626 0.0006813177019579725 0
0.009660805497992499 0.002772337065272574 0
0.007339965628089864 0.004230154652630057 0
0.004168753508285234 0.003203007146213603 0
0.0002357814056532809 0.002828655215601264 0
0.01674622537657333 0.00603784577212694 0
0.0004076260539208308 0.005438453602641898 0
0.0007656361896766026 0.0006186617324736073 0
0.01266260157992239 0.0006283144517120103 0
0.01688931157561297 0.005688226344059313 0
0.002288868767156405 0.002528836303777235 0
0.01691019378656629 0.0006727449124708557 0
0.01675871125048279 0.0005757103456879211 0
0.01057623783483438 0.006560194228437137 0
0.002032703755186912 0.006774256959469694 0
0.01687786376558988 0.00350065711848633 0
0.004532037327282259 0.002819967427532578 0
0.0100302476907746 0.006275755404025013 0
0.01645771120861087 0.003843444215059652 0
0.002970790604937297 0.002632312170816685 0
0.01267161643957366 0.001515456397966323 0
0.01488500440912571 0.000108167052865218 0
0.0143434586946059 0.0001307789514188654 0
0.01402868710763464 0.004367669847688489 0
0.01689508805282205 0.0001066723099716815 0
0.0001049119471779394 0.006893327690028329 0
0.005672901173978288 0.001740847632200824 0
0.002390788685341688 0.002236012629081453 0
0.007221096438510643 0.001579735752298544 0
0.0002350501707426653 0.002374843338441848 0
0.00979962737799491 0.002837377406157248 0
0.007200257018379692 0.004163430398370596 0
0.01595524090495472 0.003751139417054157 0
0.00953951072136325 0.003737929440569962 0
0.01088988427914543 0.006419782489632243 0
0.000830806239490417 0.002528818706876321 0
0.01637862179474412 0.000107088670998492 0
0.001811994621369294 0.006262827509527377 0
0.01633301526874779 0.002295496637643401 0
0.01145382810667803 0.005737579367680649 0
0.006247800225249718 0.0004831241375151682 0
0.007824301679732474 0.004045005952150076 0
0.009917680002327007 0.003964708992859525 0
0.01129240710641105 0.005773488578587686 0
0.004211767725960873 0.006651033158211495 0
0.01278823227403911 0.0003489668417885035 0
0.0002364593798052199 0.002076053535355521 0
0.009024558369194399 0.003144127938894192 0
0.005642568984561917 0.004686820225685356 0
0.01620307885409192 0.004699511357389372 0
0.01677383560515862 0.005607615651991424 0
0.01169011194908348 0.00188467859738914 0
0.001460321425249989 0.006764746827977017 0
0.003459451363553121 0.002891281088713825 0
0.01353765280625255 0.004104729839828814 0
0.002191504923160255 0.00295534073097706 0
0.01188252729703717 0.005008036367072132 0
0.007061515833033861 0.004115292182158619 0
0.009938552301282627 0.00288440220929038 0
0.008962282114116127 0.00243074267322756 0
0.008260927201284863 0.004413488429180214 0
0.01120477804250543 0.003050153395375808 0
0.01421022982202546 0.003996681694858907 0
0.01339018366745377 0.004089603082723194 0
0.003605933956985595 0.002909096566895064 0
0.01441778325342389 0.004740557932183087 0
0.001764102956875148 0.00676611357869866 0
0.008411626215962798 0.001440729462797635 0
0.005822222521556276 0.004669439445975159 0
0.01544835270221648 0.002728616936627542 0
0.000342008063528746 0.004203345355978088 0
0.01008132209809499 0.002906641071903548 0
0.006917302352629348 0.004093523622808954 0
0.01068564347495863 0.006569248576720712 0
0.01642324534950131 0.001204893437122277 0
0.01139889423842572 0.002233764272746423 0
0.01329470827730177 0.000712486174729068 0
0.008371470709988465 0.00245600893969525 0
0.004166723777257924 0.002886535984381687 0
0.01057385127958806 0.006662190052841596 0
0.002410981598417164 0.002463403951586228 0
0.006276627169045998 0.003616134700640262 0
0.006193877306215574 0.003214514729795061 0
0.008953579559804971 0.005468937930993437 0
0.01434822262040615 0.004679225795181924 0
0.005153178762304241 0.005333711040125002 0
0.00294007521386808 0.006761343792149761 0
0.005159582769623002 0.0050541802442984 0
0.01303881369652162 0.00376330129157313 0
0.01676658265222508 0.00464372882819781 0
0.003311034084992496 0.002814349150404052 0
0.0005842504082869786 0.005956712492115334 0
0.01435120468749521 0.004502622811084283 0
0.01638952557258951 0.00641116359876466 0
0.01581652233077177 0.005899038965527549 0
0.015683803097695 0.006169318618992062 0
0.01527292244859572 0.00565056743009764 0
0.009124866354062813 0.002318385374510896 0
0.01675131038117014 0.002616458451561623 0
0.01511367467321977 0.0004763150566488728 0
0.01426810779726384 0.004430300532892246 0
0.01307106411137297 0.0009971345092022257 0
0.01510748169703919 0.001245647644021622 0
0.0008247839395508945 0.002795317491290584 0
0.00798099142236691 0.001332923360233832 0
0.01536669846668468 0.004503919871072762 0
0.009303826227055051 0.006405978628409183 0
0.00654267623565177 0.0005258532655191598 0
0.01145199381660867 0.004999149380483103 0
0.01481540750222533 0.0002082658758964426 0
0.001145639657518246 0.0004651622550450561 0
0.01585434562951605 0.006534834193800959 0
0.001712551395347289 0.002799135422323761 0
0.0002225243699401202 0.001191012722358387 0
0.006372815797284673 0.0003800898467280611 0
0.002267360215125932 0.002078300370630829 0
0.001694445612487714 0.001779192369800523 0
0.008443049400857763 0.00164865613346796 0
0.001288709446288809 0.0008517465831053461 0
0.00959415041626489 0.006126685766576186 0
0.0117441080136996 0.00391110551419898 0
0.006529089917712091 0.0004163972406432252 0
0.007986387135668255 0.001066461273755513 0
0.01642315978778492 0.003216220255447932 0
0.004090046480825533 0.006751266881508745 0
0.01290995351917447 0.0002487331184912503 0
0.01660021628503311 0.00443194283362586 0
0.0003983091551815841 0.00105149293631243 0
0.006467902661967252 0.002004927602869446 0
0.000221616008042276 0.001786207530642559 0
0.007985586597205921 0.003968631093627687 0
0.009850787571968103 0.003227153483120392 0
0.008870616664865601 0.005738673725062001 0
0.01479436365415883 0.003823794409692887 0
0.001134066902219853 0.001040910754118875 0
0.01114900016951608 0.005953595436333703 0
0.01540144856457034 0.005830458863719908 0
0.006465486401233746 0.003922730748463965 0
0.0002372499345661971 0.003280620095424836 0
0.003945063377822861 0.006361673494875002 0
0.007894205785668273 0.0009527534980777273 0
0.01321321928444256 0.000193115354479567 0
0.01632464827932759 0.00547695313654593 0
0.005504477084542289 0.004868804885261728 0
0.0004697730051662664 0.002735816567146021 0
0.005005901821225995 0.002134537981923743 0
9.263228006478087e-05 9.195509260147413e-05 0
0.01690736771993522 0.006908044907398523 0
0.008344806573791882 0.004008493817383634 0
0.008413925879469368 0.005170320367835312 0
0.002544893230715868 0.004001657669395744 0
0.000353788164473668 0.002070552586969848 0
0.01678220920637578 0.003723428545688343 0
0.01603705149925906 0.000656585320366544 0
0.01015824059224897 0.006582225655886127 0
0.008586201632019345 0.00182989012757539 0
0.003265803823246202 0.003286366598007454 0
0.0008684713448233921 0.006660955948582343 0
0.01660847246119376 0.0009384820283812587 0
0.0002252446592034239 0.003641876349138349 0
0.01134643168639063 0.003202741568256421 0
0.01568987717304567 0.005953954169430534 0
0.004314705762025721 0.002995110177931473 0
0.01183087327824003 0.001717095111919478 0
0.007242285249467488 0.0003770345428092139 0
0.01624255804492605 0.006356772191507151 0
0.01665258103153353 0.003009744680744049 0
0.005292342201125341 0.004437830035027331 0
0.01066689016391236 0.003183010335564079 0
0.000581715006363101 0.001560254667154117 0
0.01120538587535297 0.004472171674152204 0
0.01622129543733228 0.001236887675147917 0
0.007522932977758251 0.0004218107278445003 0
0.004916012616185139 0.002702698064607724 0
0.008960594007534885 0.005849711394183936 0
0.0166825668852674 0.006940830788744013 0
0.0003174331147325973 5.916921125598664e-05 0
0.01155912257701099 0.002053685639524287 0
0.004055180787520525 0.006244953925651973 0
0.0055561950436749 0.00141534853321759 0
0.006217296028206596 0.0041835797810064 0
0.01078547393201982 0.002814744184158994 0
0.008622472260036146 0.005198532039056579 0
$EndNodes
$Elements
407 4700 1 4700
1 1 1 3
1 1 407 
2 407 408 
3 408 2 
1 2 1 1
4 2 3 
1 3 1 1
5 3 4 
1 4 1 1
6 4 5 
1 5 1 1
7 5 6 
1 6 1 1
8 6 7 
1 7 1 1
9 7 8 
1 8 1 1
10 8 9 
1 9 1 1
11 9 10 
1 10 1 1
12 10 11 
1 11 1 1
13 11 12 
1 12 1 1
14 12 13 
1 13 1 1
15 13 14 
1 14 1 1
16 14 15 
1 15 1 1
17 15 16 
1 16 1 1
18 16 17 
1 17 1 1
19 17 18 
1 18 1 1
20 18 19 
1 19 1 1
21 19 20 
1 20 1 1
22 20 21 
1 21 1 1
23 21 22 
1 22 1 1
24 22 23 
1 23 1 1
25 23 24 
1 24 1 1
26 24 25 
1 25 1 1
27 25 26 
1 26 1 1
28 26 27 
1 27 1 1
29 27 28 
1 28 1 1
30 28 29 
1 29 1 1
31 29 30 
1 30 1 1
32 30 31 
1 31 1 1
33 31 32 
1 32 1 1
34 32 33 
1 33 1 1
35 33 34 
1 34 1 1
36 34 35 
1 35 1 1
37 35 36 
1 36 1 1
38 36 37 
1 37 1 1
39 37 38 
1 38 1 1
40 38 39 
1 39 1 1
41 39 40 
1 40 1 1
42 40 41 
1 41 1 1
43 41 42 
1 42 1 1
44 42 43 
1 43 1 1
45 43 44 
1 44 1 1
46 44 45 
1 45 1 1
47 45 46 
1 46 1 1
48 46 47 
1 47 1 1
49 47 48 
1 48 1 1
50 48 49 
1 49 1 1
51 49 50 
1 50 1 1
52 50 51 
1 51 1 1
53 51 52 
1 52 1 1
54 52 53 
1 53 1 1
55 53 54 
1 54 1 1
56 54 55 
1 55 1 1
57 55 56 
1 56 1 1
58 56 57 
1 57 1 1
59 57 58 
1 58 1 1
60 58 59 
1 59 1 1
61 59 60 
1 60 1 1
62 60 61 
1 61 1 1
63 61 62 
1 62 1 1
64 62 63 
1 63 1 1
65 63 64 
1 64 1 1
66 64 65 
1 65 1 1
67 65 66 
1 66 1 1
68 66 67 
1 67 1 1
69 67 68 
1 68 1 1
70 68 69 
1 69 1 1
71 69 70 
1 70 1 1
72 70 71 
1 71 1 1
73 71 72 
1 72 1 1
74 72 73 
1 73 1 1
75 73 74 
1 74 1 1
76 74 75 
1 75 1 1
77 75 76 
1 76 1 1
78 76 77 
1 77 1 1
79 77 78 
1 78 1 1
80 78 79 
1 79 1 1
81 79 80 
1 80 1 1
82 80 81 
1 81 1 1
83 81 82 
1 82 1 1
84 82 83 
1 83 1 1
85 83 84 
1 84 1 1
86 84 85 
1 85 1 1
87 85 86 
1 86 1 1
88 86 87 
1 87 1 1
89 87 88 
1 88 1 1
90 88 89 
1 89 1 1
91 89 90 
1 90 1 1
92 90 91 
1 91 1 1
93 91 92 
1 92 1 1
94 92 93 
1 93 1 1
95 93 94 
1 94 1 1
96 94 95 
1 95 1 1
97 95 96 
1 96 1 1
98 96 97 
1 97 1 1
99 97 98 
1 98 1 1
100 98 99 
1 99 1 1
101 99 100 
1 100 1 1
102 100 101 
1 101 1 1
103 101 102 
1 102 1 1
104 102 103 
1 103 1 1
105 103 104 
1 104 1 1
106 104 105 
1 105 1 1
107 105 106 
1 106 1 1
108 106 107 
1 107 1 1
109 107 108 
1 108 1 1
110 108 109 
1 109 1 1
111 109 110 
1 110 1 1
112 110 111 
1 111 1 1
113 111 112 
1 112 1 1
114 112 113 
1 113 1 1
115 113 114 
1 114 1 1
116 114 115 
1 115 1 1
117 115 116 
1 116 1 1
118 116 117 
1 117 1 1
119 117 118 
1 118 1 1
120 118 119 
1 119 1 1
121 119 120 
1 120 1 1
122 120 121 
1 121 1 1
123 121 122 
1 122 1 1
124 122 123 
1 123 1 1
125 123 124 
1 124 1 1
126 124 125 
1 125 1 1
127 125 126 
1 126 1 1
128 126 127 
1 127 1 1
129 127 128 
1 128 1 1
130 128 129 
1 129 1 1
131 129 130 
1 130 1 1
132 130 131 
1 131 1 1
133 131 132 
1 132 1 1
134 132 133 
1 133 1 1
135 133 134 
1 134 1 1
136 134 135 
1 135 1 1
137 135 136 
1 136 1 1
138 136 137 
1 137 1 1
139 137 138 
1 138 1 1
140 138 139 
1 139 1 1
141 139 140 
1 140 1 1
142 140 141 
1 141 1 1
143 141 142 
1 142 1 1
144 142 143 
1 143 1 1
145 143 144 
1 144 1 1
146 144 145 
1 145 1 1
147 145 146 
1 146 1 1
148 146 147 
1 147 1 1
149 147 148 
1 148 1 1
150 148 149 
1 149 1 1
151 149 150 
1 150 1 1
152 150 151 
1 151 1 1
153 151 152 
1 152 1 1
154 152 153 
1 153 1 1
155 153 154 
1 154 1 1
156 154 155 
1 155 1 1
157 155 156 
1 156 1 1
158 156 157 
1 157 1 1
159 157 158 
1 158 1 1
160 158 159 
1 159 1 1
161 159 160 
1 160 1 1
162 160 161 
1 161 1 1
163 161 162 
1 162 1 1
164 162 163 
1 163 1 1
165 163 164 
1 164 1 1
166 164 165 
1 165 1 1
167 165 166 
1 166 1 1
168 166 167 
1 167 1 1
169 167 168 
1 168 1 1
170 168 169 
1 169 1 1
171 169 170 
1 170 1 1
172 170 171 
1 171 1 1
173 171 172 
1 172 1 1
174 172 173 
1 173 1 1
175 173 174 
1 174 1 1
176 174 175 
1 175 1 1
177 175 176 
1 176 1 1
178 176 177 
1 177 1 1
179 177 178 
1 178 1 1
180 178 179 
1 179 1 1
181 179 180 
1 180 1 1
182 180 181 
1 181 1 1
183 181 182 
1 182 1 1
184 182 183 
1 183 1 1
185 183 184 
1 184 1 1
186 184 185 
1 185 1 1
187 185 186 
1 186 1 1
188 186 187 
1 187 1 1
189 187 188 
1 188 1 1
190 188 189 
1 189 1 1
191 189 190 
1 190 1 1
192 190 191 
1 191 1 1
193 191 192 
1 192 1 1
194 192 193 
1 193 1 1
195 193 194 
1 194 1 1
196 194 195 
1 195 1 1
197 195 196 
1 196 1 1
198 196 197 
1 197 1 1
199 197 198 
1 198 1 1
200 198 199 
1 199 1 1
201 199 200 
1 200 1 1
202 200 201 
1 201 1 1
203 201 202 
1 202 1 25
204 202 409 
205 409 410 
206 410 411 
207 411 412 
208 412 413 
209 413 414 
210 414 415 
211 415 416 
212 416 417 
213 417 418 
214 418 419 
215 419 420 
216 420 421 
217 421 422 
218 422 423 
219 423 424 
220 424 425 
221 425 426 
222 426 427 
223 427 428 
224 428 429 
225 429 430 
226 430 431 
227 431 432 
228 432 203 
1 203 1 47
229 203 433 
230 433 434 
231 434 435 
232 435 436 
233 436 437 
234 437 438 
235 438 439 
236 439 440 
237 440 441 
238 441 442 
239 442 443 
240 443 444 
241 444 445 
242 445 446 
243 446 447 
244 447 448 
245 448 449 
246 449 450 
247 450 451 
248 451 452 
249 452 453 
250 453 454 
251 454 455 
252 455 456 
253 456 457 
254 457 458 
255 458 459 
256 459 460 
257 460 461 
258 461 462 
259 462 463 
260 463 464 
261 464 465 
262 465 466 
263 466 467 
264 467 468 
265 468 469 
266 469 470 
267 470 471 
268 471 472 
269 472 473 
270 473 474 
271 474 475 
272 475 476 
273 476 477 
274 477 478 
275 478 204 
1 204 1 3
276 204 479 
277 479 480 
278 480 205 
1 205 1 1
279 205 206 
1 206 1 1
280 206 207 
1 207 1 1
281 207 208 
1 208 1 1
282 208 209 
1 209 1 1
283 209 210 
1 210 1 1
284 210 211 
1 211 1 1
285 211 212 
1 212 1 1
286 212 213 
1 213 1 1
287 213 214 
1 214 1 1
288 214 215 
1 215 1 1
289 215 216 
1 216 1 1
290 216 217 
1 217 1 1
291 217 218 
1 218 1 1
292 218 219 
1 219 1 1
293 219 220 
1 220 1 1
294 220 221 
1 221 1 1
295 221 222 
1 222 1 1
296 222 223 
1 223 1 1
297 223 224 
1 224 1 1
298 224 225 
1 225 1 1
299 225 226 
1 226 1 1
300 226 227 
1 227 1 1
301 227 228 
1 228 1 1
302 228 229 
1 229 1 1
303 229 230 
1 230 1 1
304 230 231 
1 231 1 1
305 231 232 
1 232 1 1
306 232 233 
1 233 1 1
307 233 234 
1 234 1 1
308 234 235 
1 235 1 1
309 235 236 
1 236 1 1
310 236 237 
1 237 1 1
311 237 238 
1 238 1 1
312 238 239 
1 239 1 1
313 239 240 
1 240 1 1
314 240 241 
1 241 1 1
315 241 242 
1 242 1 1
316 242 243 
1 243 1 1
317 243 244 
1 244 1 1
318 244 245 
1 245 1 1
319 245 246 
1 246 1 1
320 246 247 
1 247 1 1
321 247 248 
1 248 1 1
322 248 249 
1 249 1 1
323 249 250 
1 250 1 1
324 250 251 
1 251 1 1
325 251 252 
1 252 1 1
326 252 253 
1 253 1 1
327 253 254 
1 254 1 1
328 254 255 
1 255 1 1
329 255 256 
1 256 1 1
330 256 257 
1 257 1 1
331 257 258 
1 258 1 1
332 258 259 
1 259 1 1
333 259 260 
1 260 1 1
334 260 261 
1 261 1 1
335 261 262 
1 262 1 1
336 262 263 
1 263 1 1
337 263 264 
1 264 1 1
338 264 265 
1 265 1 1
339 265 266 
1 266 1 1
340 266 267 
1 267 1 1
341 267 268 
1 268 1 1
342 268 269 
1 269 1 1
343 269 270 
1 270 1 1
344 270 271 
1 271 1 1
345 271 272 
1 272 1 1
346 272 273 
1 273 1 1
347 273 274 
1 274 1 1
348 274 275 
1 275 1 1
349 275 276 
1 276 1 1
350 276 277 
1 277 1 1
351 277 278 
1 278 1 1
352 278 279 
1 279 1 1
353 279 280 
1 280 1 1
354 280 281 
1 281 1 1
355 281 282 
1 282 1 1
356 282 283 
1 283 1 1
357 283 284 
1 284 1 1
358 284 285 
1 285 1 1
359 285 286 
1 286 1 1
360 286 287 
1 287 1 1
361 287 288 
1 288 1 1
362 288 289 
1 289 1 1
363 289 290 
1 290 1 1
364 290 291 
1 291 1 1
365 291 292 
1 292 1 1
366 292 293 
1 293 1 1
367 293 294 
1 294 1 1
368 294 295 
1 295 1 1
369 295 296 
1 296 1 1
370 296 297 
1 297 1 1
371 297 298 
1 298 1 1
372 298 299 
1 299 1 1
373 299 300 
1 300 1 1
374 300 301 
1 301 1 1
375 301 302 
1 302 1 1
376 302 303 
1 303 1 1
377 303 304 
1 304 1 1
378 304 305 
1 305 1 1
379 305 306 
1 306 1 1
380 306 307 
1 307 1 1
381 307 308 
1 308 1 1
382 308 309 
1 309 1 1
383 309 310 
1 310 1 1
384 310 311 
1 311 1 1
385 311 312 
1 312 1 1
386 312 313 
1 313 1 1
387 313 314 
1 314 1 1
388 314 315 
1 315 1 1
389 315 316 
1 316 1 1
390 316 317 
1 317 1 1
391 317 318 
1 318 1 1
392 318 319 
1 319 1 1
393 319 320 
1 320 1 1
394 320 321 
1 321 1 1
395 321 322 
1 322 1 1
396 322 323 
1 323 1 1
397 323 324 
1 324 1 1
398 324 325 
1 325 1 1
399 325 326 
1 326 1 1
400 326 327 
1 327 1 1
401 327 328 
1 328 1 1
402 328 329 
1 329 1 1
403 329 330 
1 330 1 1
404 330 331 
1 331 1 1
405 331 332 
1 332 1 1
406 332 333 
1 333 1 1
407 333 334 
1 334 1 1
408 334 335 
1 335 1 1
409 335 336 
1 336 1 1
410 336 337 
1 337 1 1
411 337 338 
1 338 1 1
412 338 339 
1 339 1 1
413 339 340 
1 340 1 1
414 340 341 
1 341 1 1
415 341 342 
1 342 1 1
416 342 343 
1 343 1 1
417 343 344 
1 344 1 1
418 344 345 
1 345 1 1
419 345 346 
1 346 1 1
420 346 347 
1 347 1 1
421 347 348 
1 348 1 1
422 348 349 
1 349 1 1
423 349 350 
1 350 1 1
424 350 351 
1 351 1 1
425 351 352 
1 352 1 1
426 352 353 
1 353 1 1
427 353 354 
1 354 1 1
428 354 355 
1 355 1 1
429 355 356 
1 356 1 1
430 356 357 
1 357 1 1
431 357 358 
1 358 1 1
432 358 359 
1 359 1 1
433 359 360 
1 360 1 1
434 360 361 
1 361 1 1
435 361 362 
1 362 1 1
436 362 363 
1 363 1 1
437 363 364 
1 364 1 1
438 364 365 
1 365 1 1
439 365 366 
1 366 1 1
440 366 367 
1 367 1 1
441 367 368 
1 368 1 1
442 368 369 
1 369 1 1
443 369 370 
1 370 1 1
444 370 371 
1 371 1 1
445 371 372 
1 372 1 1
446 372 373 
1 373 1 1
447 373 374 
1 374 1 1
448 374 375 
1 375 1 1
449 375 376 
1 376 1 1
450 376 377 
1 377 1 1
451 377 378 
1 378 1 1
452 378 379 
1 379 1 1
453 379 380 
1 380 1 1
454 380 381 
1 381 1 1
455 381 382 
1 382 1 1
456 382 383 
1 383 1 1
457 383 384 
1 384 1 1
458 384 385 
1 385 1 1
459 385 386 
1 386 1 1
460 386 387 
1 387 1 1
461 387 388 
1 388 1 1
462 388 389 
1 389 1 1
463 389 390 
1 390 1 1
464 390 391 
1 391 1 1
465 391 392 
1 392 1 1
466 392 393 
1 393 1 1
467 393 394 
1 394 1 1
468 394 395 
1 395 1 1
469 395 396 
1 396 1 1
470 396 397 
1 397 1 1
471 397 398 
1 398 1 1
472 398 399 
1 399 1 1
473 399 400 
1 400 1 1
474 400 401 
1 401 1 1
475 401 402 
1 402 1 1
476 402 403 
1 403 1 1
477 403 404 
1 404 1 1
478 404 405 
1 405 1 25
479 405 481 
480 481 482 
481 482 483 
482 483 484 
483 484 485 
484 485 486 
485 486 487 
486 487 488 
487 488 489 
488 489 490 
489 490 491 
490 491 492 
491 492 493 
492 493 494 
493 494 495 
494 495 496 
495 496 497 
496 497 498 
497 498 499 
498 499 500 
499 500 501 
500 501 502 
501 502 503 
502 503 504 
503 504 406 
1 406 1 47
504 406 505 
505 505 506 
506 506 507 
507 507 508 
508 508 509 
509 509 510 
510 510 511 
511 511 512 
512 512 513 
513 513 514 
514 514 515 
515 515 516 
516 516 517 
517 517 518 
518 518 519 
519 519 520 
520 520 521 
521 521 522 
522 522 523 
523 523 524 
524 524 525 
525 525 526 
526 526 527 
527 527 528 
528 528 529 
529 529 530 
530 530 531 
531 531 532 
532 532 533 
533 533 534 
534 534 535 
535 535 536 
536 536 537 
537 537 538 
538 538 539 
539 539 540 
540 540 541 
541 541 542 
542 542 543 
543 543 544 
544 544 545 
545 545 546 
546 546 547 
547 547 548 
548 548 549 
549 549 550 
550 550 1 
2 1 2 4150
551 763 1944 1666 
552 1289 1751 1448 
553 1891 2225 1902 
554 1432 1695 1404 
555 1342 1405 1207 
556 625 1675 1458 
557 1466 2028 1196 
558 752 1587 575 
559 748 1316 567 
560 750 1332 568 
561 96 1016 589 
562 313 1019 312 
563 1053 1590 1197 
564 775 1512 1511 
565 632 1502 1501 
566 1265 1653 1652 
567 1702 2013 1155 
568 563 1542 1541 
569 1416 2018 1848 
570 388 1883 387 
571 1570 1718 1134 
572 1053 1197 1052 
573 584 1717 1512 
574 1548 1655 691 
575 626 2221 1423 
576 1172 1573 944 
577 1427 1569 1374 
578 1014 1232 1124 
579 1349 1351 870 
580 864 2051 1275 
581 974 1739 1417 
582 1417 1722 974 
583 292 1829 291 
584 1008 1802 1201 
585 974 1583 1498 
586 481 1582 609 
587 1579 1584 682 
588 862 1819 1463 
589 685 1632 1558 
590 2030 2096 1656 
591 897 2055 1298 
592 1419 1688 601 
593 1004 1276 797 
594 1006 1277 795 
595 1666 1944 1688 
596 1159 1843 1795 
597 1157 1427 1374 
598 1693 1751 1289 
599 1434 1996 1576 
600 1132 2325 1285 
601 1235 1236 1055 
602 1275 1368 1367 
603 1558 1632 1562 
604 694 1980 1687 
605 1562 1783 1557 
606 1599 1629 603 
607 1501 1623 632 
608 1736 1857 764 
609 1458 1768 625 
610 1256 1257 1050 
611 1271 1999 1836 
612 251 1956 250 
613 916 1390 1366 
614 1115 1980 1312 
615 999 1240 998 
616 1250 1362 1249 
617 1578 1969 1577 
618 1203 1985 1399 
619 1004 1379 1276 
620 1006 1380 1277 
621 994 1092 993 
622 1266 2010 1815 
623 916 1970 1390 
624 109 672 108 
625 989 1101 981 
626 1043 1212 1082 
627 1052 1106 1059 
628 1337 2277 1335 
629 1340 1396 1338 
630 988 1154 987 
631 1003 1743 1561 
632 1607 1609 608 
633 1640 1783 579 
634 1411 1527 1071 
635 1309 1803 1784 
636 1597 1606 1337 
637 1234 2325 1132 
638 1315 2132 1790 
639 1491 2052 1143 
640 877 2051 864 
641 1012 1355 1354 
642 610 2310 703 
643 606 725 164 
644 605 727 367 
645 1302 2206 1764 
646 1239 1242 1241 
647 1248 1249 977 
648 975 1066 976 
649 1561 1743 1658 
650 613 1946 87 
651 609 1581 704 
652 1085 1087 980 
653 979 1173 1172 
654 957 1050 955 
655 1067 1754 1412 
656 1196 1890 1466 
657 1288 1289 992 
658 1334 1335 876 
659 64 753 576 
660 267 751 575 
661 1481 1635 643 
662 965 1392 1348 
663 1392 1393 1348 
664 8 1062 7 
665 211 1063 210 
666 1331 2118 822 
667 1174 1271 1173 
668 1319 1321 1317 
669 969 1052 968 
670 941 2162 1445 
671 300 801 299 
672 962 1948 1301 
673 1335 1338 1336 
674 1583 1695 1498 
675 991 1125 990 
676 1184 2042 1518 
677 1011 1620 1619 
678 1438 1566 1199 
679 1023 1209 1024 
680 1061 1948 962 
681 1593 2133 1359 
682 1423 1676 626 
683 1456 1457 1455 
684 1020 1773 1281 
685 1677 1812 1554 
686 989 1161 1101 
687 213 2072 212 
688 10 2071 9 
689 601 1691 1419 
690 1439 1441 1061 
691 948 1208 949 
692 1040 1344 1343 
693 1313 1814 1581 
694 1371 1372 1183 
695 1546 1774 701 
696 1543 2219 2178 
697 984 1386 1385 
698 1126 1406 1125 
699 957 1256 1050 
700 1146 1708 1149 
701 1746 1788 1786 
702 864 1275 866 
703 1003 1561 1560 
704 1745 1998 1217 
705 1836 2018 1271 
706 1392 1395 1393 
707 1281 1804 1020 
708 1477 1698 706 
709 1096 1698 1477 
710 1067 1412 1066 
711 967 968 948 
712 1288 1291 1289 
713 198 1813 197 
714 401 1814 400 
715 1095 1776 1365 
716 1066 1411 1071 
717 403 704 402 
718 200 703 199 
719 925 1172 944 
720 1581 1814 704 
721 1010 1802 1008 
722 1173 1416 1175 
723 966 1085 980 
724 1696 2071 784 
725 1384 2072 786 
726 994 1156 1092 
727 1512 1717 1191 
728 1045 1118 1044 
729 1275 1367 866 
730 1404 2257 1432 
731 997 1044 970 
732 98 665 97 
733 311 666 310 
734 1125 1434 1127 
735 1672 1757 1648 
736 1346 1347 1345 
737 968 1764 948 
738 1074 2327 1105 
739 711 1422 712 
740 873 987 874 
741 1371 1504 1372 
742 1487 1569 1427 
743 1524 1604 863 
744 706 1495 1477 
745 1731 2310 610 
746 1303 1357 1304 
747 634 2305 1580 
748 1535 1765 1536 
749 1272 2057 2009 
750 1510 2291 1511 
751 1550 1687 1467 
752 1155 2013 1260 
753 948 1764 1208 
754 1424 1425 1164 
755 1066 1071 976 
756 906 990 905 
757 1156 1737 1092 
758 1008 1176 1009 
759 850 2271 849 
760 2106 2191 698 
761 1209 1465 1424 
762 831 1926 1248 
763 871 989 981 
764 1633 2219 1464 
765 116 2083 674 
766 309 666 308 
767 100 665 99 
768 1528 1783 1640 
769 299 801 298 
770 1577 1969 1138 
771 1399 1985 1894 
772 1517 2206 1302 
773 1456 1458 1457 
774 909 998 910 
775 1043 1082 917 
776 1171 1951 1267 
777 868 2065 1288 
778 913 1533 911 
779 1185 2042 1184 
780 1014 1124 1013 
781 1580 1957 634 
782 1244 1245 1021 
783 1108 1313 1162 
784 970 2292 1046 
785 1555 2191 1447 
786 988 1159 1154 
787 1240 1398 1397 
788 680 1979 1508 
789 1048 1261 1186 
790 893 994 993 
791 999 1241 1240 
792 1377 1391 887 
793 1101 2351 1408 
794 1248 1250 1249 
795 1115 1312 1117 
796 1276 2344 797 
797 1277 2345 795 
798 1008 1201 1176 
799 872 2166 1377 
800 1201 1469 1176 
801 1444 1749 1047 
802 965 1348 945 
803 960 1023 959 
804 1447 2191 2106 
805 1512 1937 584 
806 1494 1776 1095 
807 1295 1733 1715 
808 1198 1843 1159 
809 1548 1656 1655 
810 1107 1450 1076 
811 971 1107 1076 
812 909 999 998 
813 1562 1782 579 
814 1202 2038 724 
815 1205 2036 723 
816 1636 1791 1556 
817 620 1750 1448 
818 1820 2077 1234 
819 1239 1241 999 
820 1224 1965 1609 
821 1265 1652 1079 
822 936 1718 1570 
823 1557 1783 1121 
824 1048 1186 1049 
825 1497 2198 695 
826 197 1813 196 
827 400 1814 399 
828 107 1069 106 
829 302 1165 301 
830 746 2045 1225 
831 745 2047 1226 
832 1608 2225 1891 
833 1057 1235 1055 
834 947 2109 1375 
835 1179 2106 1370 
836 1761 2056 1762 
837 1046 1280 1279 
838 1452 2300 1320 
839 677 1582 481 
840 1050 1114 1051 
841 867 2090 1695 
842 1386 1387 1385 
843 1527 1904 1702 
844 1108 1162 1057 
845 587 2061 1449 
846 1044 2292 970 
847 1232 1546 1124 
848 1235 1554 1236 
849 873 988 987 
850 1334 1337 1335 
851 1566 1567 581 
852 987 2270 874 
853 1737 2228 1092 
854 1436 1825 986 
855 1173 1175 1172 
856 853 970 854 
857 1015 1342 1207 
858 824 1331 820 
859 1195 1487 1427 
860 97 1016 96 
861 1335 1340 1338 
862 893 993 891 
863 1241 1538 1240 
864 1313 1818 1814 
865 1447 2106 1179 
866 1822 1900 1628 
867 831 1248 833 
868 1103 1314 1075 
869 820 1331 822 
870 880 1010 1008 
871 1558 2150 685 
872 1280 1470 1410 
873 916 1366 914 
874 1414 1597 882 
875 951 957 955 
876 1467 1980 1115 
877 1106 1258 1059 
878 1533 1907 911 
879 1176 1449 1177 
880 861 1288 992 
881 1536 1765 1027 
882 1052 1059 968 
883 1040 1346 1345 
884 689 2173 1529 
885 923 979 925 
886 1314 2132 1315 
887 1023 1210 1209 
888 1385 2218 858 
889 1101 1408 1102 
890 1118 1158 1044 
891 995 2340 878 
892 1040 1343 963 
893 1125 1127 990 
894 1002 1262 1048 
895 871 981 872 
896 1285 1909 1132 
897 1347 1413 1345 
898 1448 1751 620 
899 814 1094 871 
900 409 1982 202 
901 1298 2028 897 
902 1280 1410 1279 
903 1681 2146 2138 
904 985 2317 1710 
905 1729 1817 1813 
906 784 2071 783 
907 786 2072 785 
908 939 1490 930 
909 647 2219 1633 
910 1215 2048 622 
911 2094 2285 1855 
912 1867 2184 456 
913 1779 1816 841 
914 975 976 913 
915 1261 1545 1186 
916 1128 1615 1214 
917 880 1008 881 
918 1012 1354 825 
919 1220 1587 752 
920 1227 1691 745 
921 872 1377 884 
922 1793 2056 1761 
923 1297 1981 1901 
924 652 1781 1775 
925 1074 1105 995 
926 1550 1821 1687 
927 1687 1980 1467 
928 918 1970 916 
929 879 1456 1455 
930 833 1248 977 
931 1368 1557 1367 
932 1242 1700 1241 
933 868 1288 861 
934 695 1664 1497 
935 700 1719 1591 
936 187 2169 186 
937 1492 1636 1556 
938 1338 1488 1339 
939 1113 1167 1111 
940 1289 1448 1290 
941 1308 1311 1310 
942 1002 1048 908 
943 1438 1567 1566 
944 1170 1915 1650 
945 1478 1646 676 
946 643 1740 1481 
947 1052 1197 1106 
948 365 727 571 
949 162 725 572 
950 979 1172 925 
951 563 1725 1542 
952 1301 2285 1023 
953 576 761 62 
954 575 762 265 
955 870 1568 1349 
956 1345 2320 1344 
957 1159 1541 1154 
958 1117 1312 1303 
959 1662 2067 1211 
960 674 2083 1545 
961 1852 1941 1853 
962 991 1126 1125 
963 969 1053 1052 
964 1068 1460 1090 
965 185 1723 184 
966 723 1206 1205 
967 724 1203 1202 
968 1043 1376 1213 
969 1516 1901 1213 
970 951 1369 958 
971 1388 1446 1386 
972 1474 1515 1296 
973 960 1301 1023 
974 915 1043 917 
975 1161 1551 1101 
976 996 1074 995 
977 201 610 200 
978 404 609 403 
979 1266 1815 1242 
980 604 1734 1556 
981 974 1722 828 
982 944 1573 1531 
983 1469 1826 1674 
984 1480 1481 1074 
985 966 980 921 
986 250 1956 249 
987 308 1064 307 
988 1179 1370 1181 
989 923 1827 979 
990 1510 1511 1189 
991 1224 1609 1415 
992 941 1445 934 
993 765 1904 1527 
994 748 1317 1316 
995 750 1726 1332 
996 1634 2100 1980 
997 1648 1790 1672 
998 608 1927 1607 
999 1645 2328 1637 
1000 584 1744 1717 
1001 1209 1424 1024 
1002 819 1334 876 
1003 1024 1424 1164 
1004 824 1712 1331 
1005 879 1455 878 
1006 884 1377 887 
1007 979 1174 1173 
1008 632 1641 1502 
1009 1191 1717 1193 
1010 967 969 968 
1011 1376 2250 1213 
1012 1406 2079 1125 
1013 1170 1650 1168 
1014 1462 1949 1464 
1015 1391 1735 1667 
1016 970 1278 854 
1017 951 2101 1369 
1018 1338 1339 1336 
1019 1335 1336 876 
1020 1181 1371 1183 
1021 862 1463 869 
1022 984 1385 858 
1023 1174 1299 1271 
1024 1167 1381 1111 
1025 1441 1442 1061 
1026 1608 1903 1606 
1027 622 1216 1215 
1028 1225 1459 746 
1029 1226 1227 745 
1030 1576 1996 664 
1031 105 639 104 
1032 304 640 303 
1033 1290 1294 1293 
1034 1088 1998 1389 
1035 837 873 847 
1036 907 1002 908 
1037 1290 1448 1294 
1038 906 991 990 
1039 579 1783 1562 
1040 1167 1544 1381 
1041 1721 2046 621 
1042 833 977 835 
1043 829 986 831 
1044 819 876 817 
1045 1498 1695 1432 
1046 1023 1024 959 
1047 1374 1857 1736 
1048 1381 2052 1491 
1049 863 1604 809 
1050 865 877 864 
1051 1096 1477 1098 
1052 1118 2335 1158 
1053 1271 2256 1173 
1054 1013 1104 1015 
1055 1362 1363 1249 
1056 1260 1898 1547 
1057 1464 1780 1633 
1058 306 640 305 
1059 103 639 102 
1060 1599 1630 1629 
1061 982 1244 1021 
1062 1318 1452 1320 
1063 837 1882 1863 
1064 1308 1972 1311 
1065 1045 1119 1118 
1066 1197 1719 1106 
1067 1551 1888 772 
1068 1207 2096 2030 
1069 1114 1467 1115 
1070 616 1822 1628 
1071 1389 1390 1088 
1072 971 1076 868 
1073 1113 1168 1167 
1074 1125 2079 1434 
1075 1364 2102 977 
1076 940 948 941 
1077 1212 2168 1082 
1078 931 956 929 
1079 1455 2322 878 
1080 1295 1715 1350 
1081 964 1439 1061 
1082 1279 2187 1692 
1083 640 1788 1746 
1084 1186 1509 1187 
1085 948 949 941 
1086 1344 1539 1343 
1087 1543 1971 1460 
1088 687 2267 1640 
1089 849 864 848 
1090 1651 1652 573 
1091 1525 1603 1524 
1092 1420 1767 561 
1093 899 1238 909 
1094 984 1388 1386 
1095 990 1139 905 
1096 1424 1605 1425 
1097 2060 2286 1744 
1098 958 973 957 
1099 1119 1492 1118 
1100 1313 1581 1162 
1101 1703 1888 1551 
1102 1396 2114 1338 
1103 1218 2046 1721 
1104 1086 1130 1085 
1105 1148 1708 1146 
1106 1130 1565 1483 
1107 3 658 2 
1108 206 657 205 
1109 2138 2146 1372 
1110 1096 1945 1698 
1111 1284 2097 1905 
1112 1673 2163 1370 
1113 864 866 848 
1114 1661 1968 829 
1115 1142 2056 1793 
1116 822 1012 825 
1117 1530 1631 1564 
1118 1470 2184 1867 
1119 940 967 948 
1120 1660 1740 643 
1121 1268 1565 1130 
1122 1521 2304 1772 
1123 905 907 904 
1124 1002 1489 1262 
1125 738 1451 559 
1126 740 1453 560 
1127 1393 1407 1394 
1128 1395 2108 1393 
1129 1377 1735 1391 
1130 1457 1952 1683 
1131 1135 1778 1714 
1132 1416 1475 1175 
1133 1104 1151 1015 
1134 962 1301 960 
1135 1240 1397 998 
1136 1333 2076 1428 
1137 1177 1447 1179 
1138 102 1081 101 
1139 1508 1760 680 
1140 1285 2031 1909 
1141 1291 1693 1289 
1142 576 1273 761 
1143 1094 1095 989 
1144 1449 1555 1447 
1145 853 997 970 
1146 2155 2242 2182 
1147 1071 1527 1155 
1148 1199 2102 1438 
1149 1571 2109 947 
1150 1493 1494 1095 
1151 1011 1819 862 
1152 1761 1762 1494 
1153 1256 1548 1257 
1154 1012 1356 1355 
1155 1585 1670 1584 
1156 1117 1303 1153 
1157 975 1067 1066 
1158 1315 1741 1480 
1159 1311 2328 1472 
1160 914 975 913 
1161 1055 2152 1053 
1162 997 1045 1044 
1163 1423 2221 1400 
1164 1325 1329 1327 
1165 1386 2295 1387 
1166 1606 1903 1337 
1167 1106 1752 1258 
1168 1573 1951 1171 
1169 1511 1974 775 
1170 1486 2286 1487 
1171 827 1661 829 
1172 985 2133 1593 
1173 1370 1371 1181 
1174 1075 1480 1074 
1175 1013 1124 1104 
1176 1312 2100 1303 
1177 1177 1449 1447 
1178 953 2204 1346 
1179 245 2192 244 
1180 1931 1996 1434 
1181 1068 1090 1001 
1182 1193 1486 1195 
1183 1753 1872 592 
1184 1213 1901 1212 
1185 1529 1611 689 
1186 1092 1093 993 
1187 840 1749 1444 
1188 1250 1595 1362 
1189 610 1982 1731 
1190 1480 1572 1481 
1191 1527 1966 765 
1192 1501 2135 1623 
1193 1669 1804 1786 
1194 873 874 847 
1195 1753 1884 1396 
1196 602 1737 1736 
1197 769 1941 1852 
1198 1442 2143 1854 
1199 822 2118 1012 
1200 1797 2043 851 
1201 1449 2023 587 
1202 899 909 901 
1203 814 871 816 
1204 1287 1384 1361 
1205 1013 1015 973 
1206 1176 1177 1009 
1207 1267 1552 1170 
1208 670 787 317 
1209 867 1695 1583 
1210 42 2188 41 
1211 1461 1543 1460 
1212 1603 1604 1524 
1213 1316 1321 760 
1214 1413 1497 1345 
1215 1187 1510 1189 
1216 1129 1665 1592 
1217 942 965 945 
1218 1286 1696 1592 
1219 1103 1549 1314 
1220 1978 2167 679 
1221 1653 1893 1892 
1222 646 785 216 
1223 645 783 13 
1224 1389 1998 1745 
1225 1273 1274 761 
1226 1459 1991 1092 
1227 1558 1562 1557 
1228 1128 1214 1129 
1229 1462 2311 1949 
1230 1768 2146 1681 
1231 1211 1824 1662 
1232 905 2067 907 
1233 1631 2174 660 
1234 897 2028 1466 
1235 1393 1529 1407 
1236 853 854 852 
1237 1210 1704 1209 
1238 1087 2172 1484 
1239 650 1384 1287 
1240 1741 2181 1480 
1241 649 1696 1286 
1242 1015 1207 973 
1243 1047 2131 1444 
1244 1775 1781 1546 
1245 1151 1478 1342 
1246 1244 1738 1245 
1247 1658 2035 1561 
1248 1168 1588 1167 
1249 1688 1944 601 
1250 882 1598 1414 
1251 1465 2284 1424 
1252 903 905 904 
1253 1176 2023 1449 
1254 1487 2324 1569 
1255 1038 1820 1234 
1256 1186 1187 1049 
1257 1157 1374 1156 
1258 2032 2055 1506 
1259 1008 1009 881 
1260 1162 1235 1057 
1261 1289 1290 992 
1262 1154 1707 987 
1263 1368 1558 1557 
1264 861 992 859 
1265 849 865 864 
1266 1101 1102 981 
1267 878 2322 996 
1268 1631 1919 1564 
1269 1309 1784 1375 
1270 1370 2106 1673 
1271 856 984 858 
1272 1284 1905 1268 
1273 1294 1295 1293 
1274 953 960 959 
1275 1050 1051 955 
1276 1745 2342 1389 
1277 668 2052 1544 
1278 651 2021 1549 
1279 1554 2027 677 
1280 876 1341 817 
1281 1549 1953 1683 
1282 1599 1972 1308 
1283 909 910 901 
1284 1523 1524 863 
1285 930 1490 932 
1286 1311 1472 1310 
1287 865 878 877 
1288 1085 2172 1087 
1289 575 1587 762 
1290 1249 1364 977 
1291 1393 2108 1529 
1292 1416 2254 1475 
1293 898 2055 897 
1294 1098 1477 1403 
1295 958 1013 973 
1296 1602 1829 673 
1297 1066 1412 1411 
1298 1441 1713 1442 
1299 878 996 995 
1300 208 2098 207 
1301 5 2099 4 
1302 1319 1322 1321 
1303 1316 2139 567 
1304 1332 2140 568 
1305 606 726 725 
1306 605 728 727 
1307 1564 2167 1122 
1308 1071 1155 1072 
1309 2291 2309 2025 
1310 1414 1598 1223 
1311 1691 2120 745 
1312 1379 1978 477 
1313 1380 1979 549 
1314 1247 1696 784 
1315 340 2120 339 
1316 1077 1800 1489 
1317 927 1513 924 
1318 1030 1945 1096 
1319 1160 1198 1159 
1320 951 955 950 
1321 701 1775 1546 
1322 964 1061 962 
1323 835 1882 837 
1324 60 761 565 
1325 263 762 566 
1326 1486 1487 1195 
1327 753 754 576 
1328 751 752 575 
1329 1848 2254 1416 
1330 943 954 938 
1331 676 2142 1478 
1332 1050 2175 1114 
1333 1303 1304 1153 
1334 1435 1827 923 
1335 903 906 905 
1336 1126 1547 1406 
1337 1043 1213 1212 
1338 955 2080 950 
1339 903 904 902 
1340 1554 1812 1236 
1341 1092 2228 1459 
1342 572 717 160 
1343 571 719 363 
1344 1493 1908 978 
1345 1892 1984 1653 
1346 1753 1891 1872 
1347 1422 1468 712 
1348 786 1663 1384 
1349 1794 2162 1237 
1350 1090 1122 1091 
1351 1131 1268 1130 
1352 1531 1573 1171 
1353 878 2340 877 
1354 1233 1400 1232 
1355 850 2131 2054 
1356 1971 2174 1460 
1357 477 2148 1379 
1358 549 2149 1380 
1359 1755 2138 1504 
1360 846 849 848 
1361 1451 1452 1318 
1362 772 1801 1551 
1363 1155 1260 1259 
1364 1474 2230 1668 
1365 996 1075 1074 
1366 1567 2011 581 
1367 1040 1345 1344 
1368 1254 2230 1474 
1369 1541 1723 563 
1370 1415 1607 1606 
1371 1731 1982 1732 
1372 845 851 843 
1373 1667 1711 1391 
1374 1549 1683 651 
1375 1585 1877 1670 
1376 1090 1530 1122 
1377 1046 1279 1278 
1378 1408 1589 1409 
1379 1632 1782 1562 
1380 1461 2219 1543 
1381 972 1462 1068 
1382 1098 1403 1100 
1383 1756 1921 1686 
1384 557 1485 734 
1385 558 1482 736 
1386 2054 2131 1251 
1387 664 1946 1576 
1388 1114 1115 1051 
1389 1183 2268 1185 
1390 1401 1423 1400 
1391 843 1779 841 
1392 1350 1534 1353 
1393 956 2059 929 
1394 1314 1315 1075 
1395 1448 1750 1294 
1396 1124 2326 1104 
1397 1488 2114 1896 
1398 1422 1505 1468 
1399 1637 2328 1311 
1400 1104 1584 1151 
1401 1017 1839 1081 
1402 1048 1049 908 
1403 1547 2195 1260 
1404 775 1937 1512 
1405 1854 1855 1442 
1406 1718 2224 1473 
1407 1338 2114 1488 
1408 1232 1774 1546 
1409 1151 1584 1579 
1410 1121 1528 1119 
1411 1351 1352 870 
1412 1659 1740 1660 
1413 959 1163 946 
1414 209 2098 208 
1415 6 2099 5 
1416 823 1598 882 
1417 1786 1804 1123 
1418 897 1466 894 
1419 1640 2267 1528 
1420 1507 1978 1379 
1421 1508 1979 1380 
1422 1123 1804 1476 
1423 1374 1736 1156 
1424 1544 2074 668 
1425 1509 2309 1510 
1426 1355 1668 1354 
1427 2151 2301 1936 
1428 1693 1851 770 
1429 1615 2091 1214 
1430 1592 2176 1129 
1431 1880 1967 1750 
1432 1147 1817 1729 
1433 320 1989 319 
1434 1220 1876 1587 
1435 1279 1692 1278 
1436 712 1860 1500 
1437 1490 2076 2008 
1438 851 2043 1779 
1439 1299 1999 1271 
1440 1209 2128 1465 
1441 977 2102 1882 
1442 1408 1409 1102 
1443 1518 2042 879 
1444 830 1583 974 
1445 846 850 849 
1446 1000 2057 1272 
1447 1532 2187 1410 
1448 907 908 904 
1449 219 2004 218 
1450 16 2001 15 
1451 1173 2256 1416 
1452 856 1692 984 
1453 1924 2284 730 
1454 1058 1108 1057 
1455 1458 2137 1457 
1456 562 1422 711 
1457 1595 1825 1437 
1458 1362 1878 1363 
1459 725 2350 572 
1460 727 2349 571 
1461 998 2034 910 
1462 1107 1580 1450 
1463 858 2218 860 
1464 592 1884 1753 
1465 1673 2106 698 
1466 1762 1763 1494 
1467 870 2274 1568 
1468 952 2204 953 
1469 1011 2111 1620 
1470 1310 2068 1803 
1471 857 870 855 
1472 814 1908 1094 
1473 874 1709 880 
1474 860 1011 862 
1475 1706 1800 1077 
1476 1549 1553 1314 
1477 853 2238 1789 
1478 1021 1128 1022 
1479 949 951 950 
1480 865 879 878 
1481 1315 1790 1648 
1482 1764 2206 1208 
1483 1321 1454 760 
1484 1574 1768 1458 
1485 734 1495 733 
1486 736 1496 735 
1487 972 1000 971 
1488 1114 1550 1467 
1489 1201 1826 1469 
1490 1576 1946 1578 
1491 1319 1323 1322 
1492 945 952 946 
1493 1340 1753 1396 
1494 1483 2172 1130 
1495 848 1135 844 
1496 951 958 957 
1497 1652 2039 573 
1498 983 2303 1439 
1499 914 1366 975 
1500 1095 2252 989 
1501 961 1040 963 
1502 1415 1609 1607 
1503 770 1751 1693 
1504 871 872 816 
1505 1270 1929 839 
1506 1434 1576 1127 
1507 1342 2142 1405 
1508 935 947 937 
1509 1341 1758 817 
1510 1846 1847 1475 
1511 1507 2167 1978 
1512 677 1947 1554 
1513 581 1811 1566 
1514 1068 1461 1460 
1515 1896 2114 655 
1516 840 1444 842 
1517 1247 2176 1592 
1518 1294 1967 1295 
1519 471 1971 1543 
1520 1275 1560 1368 
1521 1468 1834 1330 
1522 649 1286 1062 
1523 650 1287 1063 
1524 1744 2286 1486 
1525 874 880 875 
1526 1581 1582 1162 
1527 1337 1977 1597 
1528 710 1499 553 
1529 712 1500 554 
1530 986 1926 831 
1531 1446 1501 1386 
1532 937 938 936 
1533 1578 1946 613 
1534 609 1582 1581 
1535 1108 1563 1313 
1536 823 882 821 
1537 1472 2328 688 
1538 982 1021 983 
1539 947 2124 937 
1540 1359 2064 1593 
1541 1500 1860 1329 
1542 1582 2027 1162 
1543 1439 2121 1441 
1544 1356 2337 1355 
1545 884 887 886 
1546 1595 1596 1362 
1547 1556 1791 604 
1548 958 1014 1013 
1549 1139 2067 905 
1550 1240 2029 1398 
1551 1536 1844 1798 
1552 993 1328 891 
1553 564 1883 388 
1554 888 985 890 
1555 917 919 918 
1556 854 856 855 
1557 1151 1342 1015 
1558 924 1513 922 
1559 1325 2300 1329 
1560 1258 1402 1302 
1561 978 1761 1493 
1562 1509 1510 1187 
1563 1450 1537 1076 
1564 1329 2088 1500 
1565 1400 1774 1232 
1566 1838 1954 756 
1567 1162 2027 1235 
1568 1619 1819 1011 
1569 1550 2175 1822 
1570 1488 1519 1339 
1571 915 1376 1043 
1572 1347 1426 1413 
1573 1087 1088 980 
1574 1278 2201 854 
1575 1475 2254 1846 
1576 1357 1866 1304 
1577 673 2155 1602 
1578 917 2130 919 
1579 1426 1748 1413 
1580 1390 1970 1088 
1581 1393 1394 1348 
1582 1584 1670 682 
1583 1419 1691 1227 
1584 823 2289 1598 
1585 1504 2138 1372 
1586 1648 1741 1315 
1587 869 971 868 
1588 587 2023 1792 
1589 755 1964 1609 
1590 1537 1875 1291 
1591 846 848 844 
1592 1238 1239 999 
1593 1634 1980 694 
1594 570 2212 1806 
1595 1370 2163 1371 
1596 866 1778 1135 
1597 1541 1542 1154 
1598 1589 1918 1666 
1599 1258 1939 1402 
1600 1591 1719 1197 
1601 899 1940 1238 
1602 1296 2350 725 
1603 1297 2349 727 
1604 981 2166 872 
1605 942 945 943 
1606 1519 2212 1521 
1607 800 2129 1689 
1608 1543 2178 471 
1609 1609 1965 755 
1610 810 978 812 
1611 935 936 933 
1612 1421 1422 562 
1613 1572 1635 1481 
1614 996 1103 1075 
1615 1243 1266 1242 
1616 1424 2284 1605 
1617 1858 2211 1326 
1618 1060 1601 805 
1619 1855 2285 1301 
1620 1329 1330 1327 
1621 1846 2254 768 
1622 1607 1608 1606 
1623 1092 1991 1093 
1624 1513 2022 2015 
1625 966 1086 1085 
1626 1269 1284 1268 
1627 1375 2124 947 
1628 1949 2311 1463 
1629 1130 2172 1085 
1630 1449 2061 1555 
1631 1169 1170 1168 
1632 961 962 960 
1633 1213 1920 1516 
1634 1171 1267 1170 
1635 920 1435 923 
1636 1054 1055 1053 
1637 818 824 820 
1638 992 1292 859 
1639 1081 1706 1017 
1640 1076 2065 868 
1641 1545 2084 674 
1642 1460 2174 1090 
1643 1707 1807 1149 
1644 1474 1668 1515 
1645 616 1821 1550 
1646 1084 2303 983 
1647 1534 1535 1353 
1648 1693 2147 1851 
1649 1636 2267 687 
1650 1814 1818 653 
1651 1813 1817 654 
1652 983 1439 964 
1653 1412 1838 1411 
1654 1704 1941 1849 
1655 862 868 861 
1656 1332 1726 1471 
1657 1388 1532 1446 
1658 1702 1904 1871 
1659 1734 2335 1556 
1660 1320 2300 1325 
1661 937 942 938 
1662 2151 2252 1365 
1663 887 888 886 
1664 963 982 964 
1665 1601 2182 803 
1666 1516 2306 1420 
1667 1528 2267 1119 
1668 2008 2076 1166 
1669 660 2174 1971 
1670 912 914 913 
1671 1060 1602 1601 
1672 938 1718 936 
1673 1591 1785 700 
1674 1022 1084 983 
1675 888 2317 985 
1676 1004 1507 1379 
1677 1006 1508 1380 
1678 796 1286 1007 
1679 798 1287 1005 
1680 1413 2198 1497 
1681 1056 1057 1055 
1682 1519 1521 1520 
1683 1360 1726 1266 
1684 1529 2173 1407 
1685 919 1435 920 
1686 1223 1598 1255 
1687 820 821 819 
1688 1530 1564 1122 
1689 856 858 857 
1690 1464 2219 1461 
1691 1020 1669 1019 
1692 1492 1556 1118 
1693 688 1962 1472 
1694 756 1963 1838 
1695 1431 1594 1485 
1696 845 852 851 
1697 935 937 936 
1698 1522 1525 1524 
1699 1389 2342 1067 
1700 760 1454 1225 
1701 1784 1803 965 
1702 1976 2074 1544 
1703 1489 1689 1262 
1704 1384 1663 1361 
1705 1518 1955 1184 
1706 942 943 938 
1707 1648 1757 1041 
1708 1236 1812 1590 
1709 1024 1164 1163 
1710 566 741 261 
1711 565 743 58 
1712 939 1600 1428 
1713 1368 1559 1558 
1714 1689 2333 800 
1715 860 861 859 
1716 1674 1792 1469 
1717 1522 1772 1525 
1718 738 1452 1451 
1719 722 2261 1716 
1720 912 1376 915 
1721 1580 2305 1450 
1722 1069 1856 1070 
1723 1590 1591 1197 
1724 892 893 891 
1725 1420 2306 1767 
1726 1808 1835 708 
1727 818 1526 824 
1728 158 717 562 
1729 361 719 561 
1730 1214 1665 1129 
1731 972 1068 1001 
1732 1530 2174 1631 
1733 2005 2264 2009 
1734 1300 1358 1299 
1735 1652 1653 721 
1736 1534 2261 1535 
1737 925 944 926 
1738 652 1877 1585 
1739 940 941 934 
1740 566 1429 742 
1741 1736 1943 602 
1742 820 822 821 
1743 1564 1919 679 
1744 2178 2219 647 
1745 1082 2130 917 
1746 1553 2021 428 
1747 1605 2284 1924 
1748 1084 1810 1540 
1749 1119 2267 1492 
1750 871 1094 989 
1751 1147 1729 1728 
1752 2052 2069 1143 
1753 880 881 875 
1754 1434 2079 1931 
1755 1186 2159 1509 
1756 1592 1696 1247 
1757 670 788 787 
1758 894 1466 893 
1759 1440 2014 1960 
1760 963 964 962 
1761 953 959 946 
1762 845 853 852 
1763 822 825 823 
1764 915 917 916 
1765 900 903 902 
1766 1134 1718 1473 
1767 858 859 857 
1768 1267 1951 1847 
1769 645 784 783 
1770 646 786 785 
1771 961 1346 1040 
1772 1902 2225 766 
1773 1079 1651 1036 
1774 1580 1958 777 
1775 1161 2151 1703 
1776 1607 2225 1608 
1777 315 787 590 
1778 1825 1926 986 
1779 839 2125 1270 
1780 1462 1464 1461 
1781 932 1490 940 
1782 1048 1262 1261 
1783 740 1815 1453 
1784 1510 2309 2291 
1785 1058 1109 1108 
1786 1544 2116 1976 
1787 1457 1953 1455 
1788 1221 1721 1224 
1789 1549 2021 1553 
1790 719 1420 561 
1791 717 1421 562 
1792 858 860 859 
1793 1798 1799 1536 
1794 1354 2329 825 
1795 907 2067 1662 
1796 602 2117 1737 
1797 1456 1574 1458 
1798 1291 2065 1537 
1799 1506 2055 902 
1800 1470 2321 1410 
1801 1306 1599 1308 
1802 829 1968 986 
1803 1363 1438 1364 
1804 1303 2100 2050 
1805 1969 2082 1136 
1806 678 1826 1732 
1807 1000 2263 971 
1808 935 1445 947 
1809 1405 2096 1207 
1810 1847 1951 1475 
1811 857 2274 870 
1812 1715 1733 596 
1813 856 857 855 
1814 1363 1911 1438 
1815 428 2205 1553 
1816 912 913 911 
1817 675 2180 1572 
1818 1199 1566 1198 
1819 1576 1578 1577 
1820 1588 1883 564 
1821 1161 2252 2151 
1822 931 1727 956 
1823 1683 1953 1457 
1824 1521 1772 1522 
1825 682 1686 1579 
1826 1484 2331 1087 
1827 1094 1493 1095 
1828 1927 2225 1607 
1829 1935 2079 1406 
1830 818 819 817 
1831 1315 1480 1075 
1832 985 1593 890 
1833 805 1601 803 
1834 1729 1731 1730 
1835 1493 1761 1494 
1836 1303 2050 1357 
1837 854 855 852 
1838 1165 1746 802 
1839 1301 1948 1855 
1840 1704 1849 619 
1841 867 1583 832 
1842 1547 1898 656 
1843 1104 1585 1584 
1844 1022 1810 1084 
1845 1121 2207 1557 
1846 691 1900 1548 
1847 971 2263 1107 
1848 1120 1121 1119 
1849 837 1863 873 
1850 1509 2159 2087 
1851 825 827 826 
1852 1193 1195 1194 
1853 923 925 924 
1854 961 963 962 
1855 1195 1427 1196 
1856 205 2344 480 
1857 2 2345 408 
1858 1550 1822 616 
1859 1732 1826 1802 
1860 1901 1981 1212 
1861 949 950 941 
1862 1208 2101 949 
1863 994 1157 1156 
1864 927 2022 1513 
1865 1542 1807 1707 
1866 947 1794 1571 
1867 1547 2348 1406 
1868 1191 1193 1192 
1869 1609 1964 608 
1870 1594 2257 1403 
1871 1797 1798 1033 
1872 860 862 861 
1873 1527 1702 1155 
1874 989 2252 1161 
1875 1330 1860 1468 
1876 1471 1726 1360 
1877 1450 1913 1537 
1878 982 983 964 
1879 922 966 921 
1880 1559 2150 1558 
1881 1763 2026 637 
1882 1526 2211 824 
1883 1087 1586 1088 
1884 214 2072 213 
1885 11 2071 10 
1886 1643 2113 1833 
1887 1358 2103 1299 
1888 1161 1703 1551 
1889 1545 2159 1186 
1890 1216 2007 1954 
1891 1189 1191 1190 
1892 1438 2102 1364 
1893 1428 2076 939 
1894 818 820 819 
1895 1488 1896 1806 
1896 1973 1994 1739 
1897 1555 2061 414 
1898 1403 1404 1100 
1899 1343 2338 963 
1900 1359 1360 1266 
1901 1187 1189 1188 
1902 1038 1234 1132 
1903 945 946 943 
1904 1164 2179 1443 
1905 1767 2029 710 
1906 830 974 828 
1907 1719 1771 1106 
1908 672 1856 1069 
1909 1445 1794 947 
1910 1563 1818 1313 
1911 1406 2348 1935 
1912 1323 1418 1322 
1913 2155 2182 1601 
1914 1410 2063 1532 
1915 1721 2006 1965 
1916 902 2197 1506 
1917 1014 1233 1232 
1918 1090 1091 1001 
1919 1071 1072 976 
1920 1090 2174 1530 
1921 1177 1179 1178 
1922 1272 2263 1000 
1923 945 2272 952 
1924 912 915 914 
1925 862 869 868 
1926 1088 1970 980 
1927 973 2260 957 
1928 1554 1947 1677 
1929 919 2019 1435 
1930 1410 2187 1279 
1931 202 1982 610 
1932 1348 2272 945 
1933 1716 2253 722 
1934 1805 1828 614 
1935 1167 2116 1544 
1936 1112 1113 1111 
1937 1193 1717 1486 
1938 1021 2296 1128 
1939 1086 1131 1130 
1940 688 2328 1645 
1941 414 2191 1555 
1942 668 2069 2052 
1943 291 1829 614 
1944 827 829 828 
1945 564 2116 1588 
1946 842 1444 846 
1947 1179 1181 1180 
1948 1538 2029 1240 
1949 1540 1841 1084 
1950 1079 1652 1651 
1951 1183 1185 1184 
1952 1128 1129 1022 
1953 1574 2146 1768 
1954 1021 1022 983 
1955 1304 1306 1305 
1956 1737 2117 1503 
1957 656 2348 1547 
1958 866 1135 848 
1959 1569 2324 1870 
1960 822 823 821 
1961 1488 1806 1519 
1962 1585 1781 652 
1963 988 1160 1159 
1964 949 2101 951 
1965 1602 2155 1601 
1966 939 2076 1490 
1967 1482 1565 736 
1968 1485 1594 734 
1969 952 953 946 
1970 954 2224 1718 
1971 1405 2142 1649 
1972 762 1429 566 
1973 1663 2262 1361 
1974 1569 1870 1857 
1975 958 1369 1014 
1976 1295 1350 1349 
1977 777 1957 1580 
1978 1181 1183 1182 
1979 953 961 960 
1980 1326 2211 1694 
1981 761 2247 565 
1982 1151 1579 1478 
1983 1980 2100 1312 
1984 851 1779 843 
1985 887 2317 888 
1986 1476 1804 1281 
1987 1961 2298 1539 
1988 2115 2144 1418 
1989 1308 1310 1309 
1990 1366 1389 1067 
1991 1792 2023 1469 
1992 1149 1708 1707 
1993 572 718 717 
1994 571 720 719 
1995 1560 1561 1559 
1996 922 1513 966 
1997 1803 2068 1392 
1998 1257 2175 1050 
1999 1505 1834 1468 
2000 1329 1860 1330 
2001 1260 2013 1898 
2002 603 1972 1599 
2003 824 1858 1712 
2004 1806 2212 1519 
2005 1344 1961 1539 
2006 937 1784 942 
2007 972 1001 1000 
2008 1350 1715 1534 
2009 613 1969 1578 
2010 869 972 971 
2011 810 1809 978 
2012 1401 2206 1517 
2013 1763 2127 2026 
2014 819 2339 1334 
2015 1611 2108 624 
2016 1487 2286 1887 
2017 56 743 558 
2018 259 741 557 
2019 1812 2255 1590 
2020 1686 1921 1579 
2021 2080 2162 950 
2022 748 1451 1318 
2023 1046 1278 970 
2024 1241 1700 1538 
2025 728 1297 727 
2026 726 1296 725 
2027 1569 1857 1374 
2028 1127 1577 1139 
2029 754 1273 576 
2030 757 1332 758 
2031 759 1316 760 
2032 671 1165 802 
2033 561 709 359 
2034 562 711 156 
2035 890 891 889 
2036 741 1485 557 
2037 743 1482 558 
2038 709 1767 710 
2039 1779 2043 1089 
2040 1707 1708 987 
2041 907 1662 1002 
2042 957 2260 1256 
2043 1920 2306 1516 
2044 1787 2078 1402 
2045 1939 2183 1402 
2046 724 1985 1203 
2047 1894 2244 1399 
2048 1469 2023 1176 
2049 829 831 830 
2050 1274 2247 761 
2051 1189 2273 1191 
2052 1662 2110 1002 
2053 842 843 841 
2054 1306 1308 1307 
2055 1268 1905 1565 
2056 865 1518 879 
2057 1887 2324 1487 
2058 1780 1949 1862 
2059 825 2329 827 
2060 339 1691 601 
2061 1815 2010 1453 
2062 1287 1361 1005 
2063 896 897 894 
2064 1160 1199 1198 
2065 972 2311 1462 
2066 986 2141 1436 
2067 900 902 898 
2068 1662 1824 1078 
2069 605 1205 728 
2070 606 1202 726 
2071 1242 1815 1700 
2072 904 2197 902 
2073 760 1225 600 
2074 751 1218 752 
2075 758 1226 599 
2076 753 1215 754 
2077 1216 1954 1754 
2078 1532 1823 1446 
2079 710 1538 1499 
2080 1350 1353 1351 
2081 1290 1293 1292 
2082 846 1444 850 
2083 1574 2042 1185 
2084 1110 1111 1109 
2085 1155 1259 1072 
2086 1224 1415 1414 
2087 817 1758 813 
2088 292 2203 1829 
2089 627 799 111 
2090 849 1518 865 
2091 1109 2308 1108 
2092 1078 2110 1662 
2093 950 2162 941 
2094 1575 2297 900 
2095 1615 2296 1769 
2096 1932 1997 1521 
2097 2087 2309 1509 
2098 1115 1117 1116 
2099 1111 2347 1109 
2100 1387 2111 1385 
2101 1443 1701 1164 
2102 1286 1592 1007 
2103 1729 1730 1728 
2104 596 2234 1715 
2105 943 2281 954 
2106 1103 1953 1549 
2107 910 912 911 
2108 1517 2078 1401 
2109 932 940 934 
2110 909 1238 999 
2111 831 833 832 
2112 1381 2347 1111 
2113 934 1445 935 
2114 837 847 838 
2115 1239 1243 1242 
2116 1371 2278 1504 
2117 1321 1992 1454 
2118 1474 1986 1254 
2119 833 835 834 
2120 884 886 885 
2121 556 1080 714 
2122 1483 1565 1482 
2123 1233 1401 1400 
2124 1750 1967 1294 
2125 1030 1096 1032 
2126 1117 1153 1152 
2127 1415 1606 1597 
2128 2092 2244 1922 
2129 1046 1833 1280 
2130 1328 2144 891 
2131 1001 2057 1000 
2132 835 837 836 
2133 86 1946 85 
2134 1122 2167 1942 
2135 790 1136 669 
2136 670 1140 788 
2137 622 2007 1216 
2138 1264 1265 1079 
2139 792 1143 617 
2140 794 1145 618 
2141 645 1144 784 
2142 646 1150 786 
2143 1265 2249 1653 
2144 978 1908 812 
2145 920 923 922 
2146 1705 2313 1407 
2147 1498 1739 974 
2148 902 2055 898 
2149 1675 2137 1458 
2150 1019 1669 666 
2151 1538 1700 1499 
2152 1127 1139 990 
2153 1492 2267 1636 
2154 1016 2290 589 
2155 749 1453 750 
2156 747 1451 748 
2157 1135 2238 844 
2158 1456 2042 1574 
2159 716 1025 715 
2160 714 1034 713 
2161 563 1723 185 
2162 718 1421 717 
2163 720 1420 719 
2164 1399 1437 1436 
2165 1446 2135 1501 
2166 1258 1302 1059 
2167 339 2120 1691 
2168 901 1575 900 
2169 1666 1918 763 
2170 1175 1951 1573 
2171 1175 1573 1172 
2172 844 845 843 
2173 1096 1098 1097 
2174 762 1587 1429 
2175 1477 1831 1403 
2176 915 916 914 
2177 1221 1224 1223 
2178 852 2123 1796 
2179 934 935 933 
2180 1466 2246 893 
2181 723 1479 1206 
2182 1471 2210 1983 
2183 1588 2116 1167 
2184 736 1905 1496 
2185 1566 1811 1198 
2186 796 2099 1286 
2187 798 2098 1287 
2188 1105 1740 1659 
2189 834 867 832 
2190 1561 1840 1559 
2191 1168 1650 1588 
2192 1229 1419 1227 
2193 1489 2110 1077 
2194 357 709 553 
2195 154 711 554 
2196 1772 1993 1828 
2197 2101 2206 1933 
2198 1807 2177 1149 
2199 928 1600 939 
2200 954 1718 938 
2201 1065 1079 1036 
2202 1710 1987 1230 
2203 1403 2257 1404 
2204 872 884 883 
2205 1203 1399 1252 
2206 1552 1915 1170 
2207 921 1970 918 
2208 114 2095 113 
2209 1717 1744 1486 
2210 558 735 54 
2211 557 733 257 
2212 591 2013 1702 
2213 977 1882 835 
2214 1716 2261 1534 
2215 963 2338 982 
2216 1941 2094 1853 
2217 1443 2224 1701 
2218 826 2289 823 
2219 810 2164 1809 
2220 1827 2336 1300 
2221 742 1485 741 
2222 744 1482 743 
2223 1238 1690 1239 
2224 811 863 809 
2225 1726 2010 1266 
2226 1257 1900 1822 
2227 1733 1967 729 
2228 1295 1967 1733 
2229 884 885 883 
2230 917 918 916 
2231 825 826 823 
2232 1715 2234 1716 
2233 1157 1890 1427 
2234 1445 2162 1794 
2235 662 2112 1650 
2236 1704 2128 1209 
2237 434 1041 433 
2238 506 1042 505 
2239 1429 1430 742 
2240 863 2136 1523 
2241 1625 1738 1244 
2242 1131 1269 1268 
2243 186 1725 563 
2244 908 2044 904 
2245 1437 2092 1595 
2246 930 931 929 
2247 1163 2281 946 
2248 546 1614 545 
2249 531 1611 530 
2250 454 1642 453 
2251 449 1640 448 
2252 459 1644 458 
2253 507 1646 506 
2254 519 1634 518 
2255 529 1626 528 
2256 514 1628 513 
2257 547 1613 546 
2258 467 1638 466 
2259 512 1655 511 
2260 539 1612 538 
2261 444 1639 443 
2262 535 1610 534 
2263 440 1660 439 
2264 435 1647 434 
2265 438 1635 437 
2266 463 1641 462 
2267 517 1687 516 
2268 541 1624 540 
2269 544 1621 543 
2270 524 1629 523 
2271 537 1664 536 
2272 460 693 459 
2273 455 692 454 
2274 450 687 449 
2275 453 604 452 
2276 458 623 457 
2277 462 632 461 
2278 527 1645 526 
2279 530 624 529 
2280 534 631 533 
2281 509 1649 508 
2282 511 644 510 
2283 515 616 514 
2284 520 580 519 
2285 532 689 531 
2286 526 1637 525 
2287 536 695 535 
2288 540 683 539 
2289 545 659 544 
2290 464 690 463 
2291 542 648 541 
2292 548 680 547 
2293 525 603 524 
2294 465 1616 464 
2295 468 696 467 
2296 470 647 469 
2297 442 1657 441 
2298 448 579 447 
2299 439 643 438 
2300 443 615 442 
2301 445 685 444 
2302 474 1631 473 
2303 473 660 472 
2304 469 1633 468 
2305 476 679 475 
2306 1905 2097 1496 
2307 1070 1856 1800 
2308 1235 2027 1554 
2309 1478 1921 1646 
2310 1121 1783 1528 
2311 627 1654 800 
2312 1478 2142 1342 
2313 1401 2078 1423 
2314 1451 2199 559 
2315 1453 2200 560 
2316 807 1060 805 
2317 1892 1893 595 
2318 1320 1325 1324 
2319 508 676 507 
2320 436 675 435 
2321 621 2006 1721 
2322 1410 2321 2063 
2323 565 744 743 
2324 566 742 741 
2325 1847 2134 1267 
2326 892 894 893 
2327 186 2169 1725 
2328 840 841 839 
2329 2301 2343 1975 
2330 1158 1734 1643 
2331 506 1646 1042 
2332 434 1647 1041 
2333 1603 1805 1602 
2334 1304 2239 1306 
2335 1431 1485 742 
2336 852 1796 851 
2337 545 1614 659 
2338 530 1611 624 
2339 1613 1614 546 
2340 534 1610 631 
2341 511 1655 644 
2342 525 1637 603 
2343 540 1624 683 
2344 536 1664 695 
2345 687 1640 449 
2346 692 1642 454 
2347 448 1640 579 
2348 462 1641 632 
2349 693 1644 459 
2350 643 1635 438 
2351 685 1639 444 
2352 696 1638 467 
2353 690 1641 463 
2354 615 1657 442 
2355 647 1633 469 
2356 526 1645 1637 
2357 689 1611 531 
2358 473 1631 660 
2359 464 1616 690 
2360 468 1633 696 
2361 443 1639 615 
2362 439 1660 643 
2363 453 1642 604 
2364 458 1644 623 
2365 683 1612 539 
2366 695 1610 535 
2367 616 1628 514 
2368 680 1613 547 
2369 624 1626 529 
2370 580 1634 519 
2371 659 1621 544 
2372 648 1624 541 
2373 603 1629 524 
2374 845 2238 853 
2375 1089 1816 1779 
2376 543 1622 542 
2377 789 1699 790 
2378 888 890 889 
2379 1245 2296 1021 
2380 1288 2065 1291 
2381 739 1499 740 
2382 737 1500 738 
2383 663 1993 1772 
2384 508 1649 676 
2385 675 1647 435 
2386 676 1646 507 
2387 1399 2244 1437 
2388 1882 2102 1200 
2389 706 1373 705 
2390 551 1495 706 
2391 552 1496 708 
2392 1663 2334 2262 
2393 1250 1825 1595 
2394 1159 1795 1541 
2395 969 1054 1053 
2396 919 920 918 
2397 771 2286 2060 
2398 1395 2068 1962 
2399 1929 2012 867 
2400 513 691 512 
2401 441 686 440 
2402 1753 1903 1891 
2403 1459 1503 746 
2404 1114 2175 1550 
2405 839 1929 836 
2406 1593 2064 895 
2407 1402 1517 1302 
2408 855 2123 852 
2409 542 1622 648 
2410 1621 1622 543 
2411 1909 2031 956 
2412 734 1831 1495 
2413 1126 2195 1547 
2414 1807 2169 667 
2415 1849 1941 769 
2416 1398 1920 1397 
2417 538 642 537 
2418 466 641 465 
2419 1511 2291 1974 
2420 1721 1965 1224 
2421 1325 1327 1326 
2422 906 1073 991 
2423 1056 1058 1057 
2424 513 1628 691 
2425 686 1660 440 
2426 441 1657 686 
2427 691 1655 512 
2428 874 875 847 
2429 1113 1169 1168 
2430 1286 2099 1062 
2431 1287 2098 1063 
2432 501 1670 500 
2433 489 1678 488 
2434 491 1684 490 
2435 417 1673 416 
2436 426 1682 425 
2437 418 577 417 
2438 413 587 412 
2439 410 678 409 
2440 494 1676 493 
2441 492 699 491 
2442 482 677 481 
2443 487 700 486 
2444 485 588 484 
2445 499 652 498 
2446 416 698 415 
2447 430 681 429 
2448 425 702 424 
2449 431 1672 430 
2450 493 1671 492 
2451 495 626 494 
2452 423 625 422 
2453 421 697 420 
2454 427 651 426 
2455 497 701 496 
2456 490 578 489 
2457 502 682 501 
2458 484 1677 483 
2459 496 1679 495 
2460 411 1674 410 
2461 424 1675 423 
2462 488 1685 487 
2463 422 1680 421 
2464 503 1686 502 
2465 518 694 517 
2466 446 1632 445 
2467 1002 2110 1489 
2468 842 846 844 
2469 1898 2013 1885 
2470 1589 1666 1409 
2471 1605 2196 1425 
2472 1666 1688 1667 
2473 627 800 799 
2474 912 2251 1376 
2475 538 1612 642 
2476 641 1616 465 
2477 466 1638 641 
2478 642 1664 537 
2479 893 2246 994 
2480 1365 2252 1095 
2481 965 1803 1392 
2482 1665 1760 1508 
2483 619 2128 1704 
2484 1560 2051 1003 
2485 1867 2321 1470 
2486 2019 2130 1083 
2487 533 1627 532 
2488 461 1623 460 
2489 793 1817 794 
2490 791 1818 792 
2491 518 1634 694 
2492 445 1632 685 
2493 694 1687 517 
2494 729 1923 1733 
2495 1024 1163 959 
2496 953 1346 961 
2497 1261 2084 1545 
2498 910 911 901 
2499 1336 1341 876 
2500 954 2281 1701 
2501 1731 1732 1730 
2502 451 1636 450 
2503 523 684 522 
2504 1208 2206 2101 
2505 1484 2247 1274 
2506 521 1770 520 
2507 1229 1711 1419 
2508 940 1490 967 
2509 804 2323 1123 
2510 1073 1865 991 
2511 890 892 891 
2512 932 933 931 
2513 521 1832 1770 
2514 888 889 886 
2515 532 1627 689 
2516 632 1623 461 
2517 460 1623 693 
2518 631 1627 533 
2519 1174 1300 1299 
2520 900 2297 903 
2521 1351 1799 1352 
2522 860 2218 1011 
2523 896 898 897 
2524 1714 1789 1135 
2525 528 688 527 
2526 1521 1522 1520 
2527 1259 1906 1072 
2528 523 1629 684 
2529 450 1636 687 
2530 1251 2131 2058 
2531 1599 2239 1630 
2532 579 1782 447 
2533 808 2164 810 
2534 1432 2257 1431 
2535 1697 2049 1358 
2536 1169 1171 1170 
2537 1862 1949 1720 
2538 882 2339 821 
2539 1572 2181 675 
2540 1473 2093 1134 
2541 590 1019 313 
2542 1060 1603 1602 
2543 1725 2169 1807 
2544 1924 2196 1605 
2545 528 1626 688 
2546 688 1645 527 
2547 1106 1771 1752 
2548 1440 2303 1841 
2549 1565 1905 736 
2550 1244 1777 1625 
2551 1036 1651 1034 
2552 2087 2159 585 
2553 854 2201 856 
2554 1490 2008 967 
2555 892 1593 895 
2556 1537 2265 1875 
2557 1444 2131 850 
2558 776 2301 1975 
2559 787 1773 590 
2560 1070 1706 1081 
2561 1042 1921 1756 
2562 1270 2012 1929 
2563 2000 2002 1841 
2564 515 1821 616 
2565 1687 1821 516 
2566 1045 1120 1119 
2567 1098 1100 1099 
2568 1379 2148 1276 
2569 1380 2149 1277 
2570 1931 2079 569 
2571 578 1678 489 
2572 493 1676 1671 
2573 682 1670 501 
2574 430 1672 681 
2575 425 1682 702 
2576 416 1673 698 
2577 699 1684 491 
2578 490 1684 578 
2579 577 1673 417 
2580 1678 1685 488 
2581 651 1682 426 
2582 701 1679 496 
2583 588 1677 484 
2584 626 1676 494 
2585 495 1679 626 
2586 625 1680 422 
2587 410 1674 678 
2588 492 1671 699 
2589 702 1675 424 
2590 423 1675 625 
2591 487 1685 700 
2592 421 1680 697 
2593 502 1686 682 
2594 604 1791 452 
2595 1262 2129 1261 
2596 1650 1915 662 
2597 1491 2347 1381 
2598 420 1755 419 
2599 899 901 900 
2600 1248 1926 1250 
2601 1997 2304 1521 
2602 928 929 927 
2603 1054 1056 1055 
2604 1935 2348 1897 
2605 1694 2202 1326 
2606 815 818 817 
2607 1365 2301 2151 
2608 1594 1831 734 
2609 1363 1364 1249 
2610 1476 2186 1123 
2611 1323 1889 1418 
2612 895 2064 1690 
2613 1901 2349 1297 
2614 821 2339 819 
2615 976 1533 913 
2616 1808 2077 1835 
2617 2009 2264 1272 
2618 928 939 930 
2619 679 2167 1564 
2620 2051 2340 1003 
2621 498 1775 497 
2622 1138 2066 1577 
2623 1402 2078 1517 
2624 827 828 826 
2625 1529 2108 1611 
2626 1515 2350 1296 
2627 1884 1899 1396 
2628 1893 2196 595 
2629 244 1766 574 
2630 1646 1921 1042 
2631 1435 2336 1827 
2632 841 2125 839 
2633 1322 1992 1321 
2634 1643 1833 1158 
2635 1746 2323 802 
2636 41 1747 573 
2637 1128 2296 1615 
2638 942 1784 965 
2639 446 1782 1632 
2640 814 816 815 
2641 633 1916 1713 
2642 1960 2126 1441 
2643 937 2124 1784 
2644 815 817 813 
2645 936 2319 933 
2646 1336 1950 1341 
2647 561 1767 709 
2648 1868 2057 1001 
2649 1282 2288 1809 
2650 1472 2068 1310 
2651 497 1775 701 
2652 652 1775 498 
2653 1805 1829 1602 
2654 1407 2173 1705 
2655 984 1692 1388 
2656 842 844 843 
2657 1570 2319 936 
2658 1027 1765 1025 
2659 447 1782 446 
2660 1659 1660 686 
2661 925 926 924 
2662 1391 1987 887 
2663 1072 1906 1533 
2664 2014 2287 636 
2665 2182 2248 801 
2666 457 1867 456 
2667 590 1020 1019 
2668 1786 1788 1064 
2669 641 1638 1618 
2670 520 1770 580 
2671 1269 1285 1284 
2672 2204 2272 2119 
2673 1250 1926 1825 
2674 1732 1982 678 
2675 590 1773 1020 
2676 809 1604 807 
2677 1425 2179 1164 
2678 1829 2203 673 
2679 485 1785 588 
2680 700 1785 486 
2681 891 2144 889 
2682 1739 1994 1417 
2683 2190 2278 577 
2684 1243 1359 1266 
2685 1280 2113 1470 
2686 451 1791 1636 
2687 1220 1973 1876 
2688 679 1919 475 
2689 474 1919 1631 
2690 1512 2273 1511 
2691 840 842 841 
2692 1426 2313 1705 
2693 803 2182 801 
2694 587 1792 412 
2695 411 1792 1674 
2696 1300 1697 1358 
2697 486 1785 485 
2698 1519 1520 1339 
2699 920 921 918 
2700 1267 2134 1552 
2701 873 2189 988 
2702 1540 2000 1841 
2703 2012 2090 867 
2704 1575 1907 1073 
2705 1650 1883 1588 
2706 804 1123 806 
2707 614 1829 1805 
2708 503 1756 1686 
2709 431 1757 1672 
2710 889 2144 2115 
2711 944 1600 926 
2712 1960 2121 1440 
2713 1425 2196 1893 
2714 516 1821 515 
2715 788 1773 787 
2716 509 1930 1649 
2717 644 1930 510 
2718 923 924 922 
2719 1304 1305 1153 
2720 1998 2185 1217 
2721 1068 1462 1461 
2722 1177 1178 1009 
2723 412 1792 411 
2724 709 710 553 
2725 711 712 554 
2726 1367 1778 866 
2727 557 734 733 
2728 558 736 735 
2729 452 1791 451 
2730 1702 1871 591 
2731 1713 2126 633 
2732 2030 2260 1207 
2733 1786 2323 1746 
2734 1187 1188 1049 
2735 892 895 894 
2736 1754 1954 1412 
2737 2058 2131 1047 
2738 975 1366 1067 
2739 1521 2212 1932 
2740 1330 1834 1724 
2741 648 1625 1624 
2742 1195 1196 1194 
2743 1392 2068 1395 
2744 815 1526 818 
2745 2034 2251 910 
2746 244 2192 1766 
2747 1193 1194 1192 
2748 472 1971 471 
2749 41 2188 1747 
2750 1463 2311 869 
2751 1334 1977 1337 
2752 1833 2113 1280 
2753 828 1722 826 
2754 692 1643 1642 
2755 750 2010 1726 
2756 1557 2207 1367 
2757 875 1749 847 
2758 477 1978 476 
2759 549 1979 548 
2760 1295 1349 1293 
2761 583 1910 1703 
2762 1853 1854 629 
2763 896 899 898 
2764 504 1756 503 
2765 432 1757 431 
2766 748 1318 1317 
2767 1191 1192 1190 
2768 1033 2043 1797 
2769 1899 2114 1396 
2770 1525 1805 1603 
2771 816 1526 815 
2772 684 1832 522 
2773 684 1866 1832 
2774 1655 1656 644 
2775 1616 1759 690 
2776 721 2039 1652 
2777 1505 2337 1834 
2778 1870 2324 594 
2779 1237 2162 2080 
2780 1649 1930 1405 
2781 856 2201 1692 
2782 1856 2333 1689 
2783 1647 1648 1041 
2784 1502 2295 1501 
2785 880 2245 1010 
2786 1113 1842 1169 
2787 980 1970 921 
2788 408 1277 407 
2789 480 1276 479 
2790 829 830 828 
2791 920 922 921 
2792 1310 1803 1309 
2793 1610 1748 631 
2794 1189 1190 1188 
2795 910 2251 912 
2796 1703 2151 583 
2797 697 1755 420 
2798 1093 1328 993 
2799 1576 1577 1127 
2800 1544 2052 1381 
2801 1863 1882 1200 
2802 1572 2180 1635 
2803 1047 1749 875 
2804 1736 1737 1156 
2805 1670 1877 500 
2806 499 1877 652 
2807 1535 1536 1353 
2808 1218 1721 1221 
2809 659 1769 1621 
2810 661 2161 1795 
2811 832 1583 830 
2812 693 1823 1644 
2813 1419 1711 1688 
2814 932 934 933 
2815 212 2072 650 
2816 9 2071 649 
2817 1916 2143 1713 
2818 1027 1844 1536 
2819 764 1943 1736 
2820 1213 2250 1920 
2821 1207 2260 973 
2822 1728 1730 1010 
2823 929 2022 927 
2824 1548 1900 1257 
2825 1290 1292 992 
2826 588 1812 1677 
2827 812 814 813 
2828 428 2021 427 
2829 1073 2297 1575 
2830 1671 1787 699 
2831 1680 1681 697 
2832 1442 1948 1061 
2833 1886 2318 1801 
2834 1542 1707 1154 
2835 578 1752 1678 
2836 701 1774 1679 
2837 1179 1180 1178 
2838 109 799 672 
2839 1270 2125 1263 
2840 1059 1764 968 
2841 1398 2029 1767 
2842 675 1741 1647 
2843 1034 2188 713 
2844 1181 1182 1180 
2845 1183 1184 1182 
2846 1692 2187 1388 
2847 705 1956 251 
2848 456 2184 455 
2849 1025 2192 715 
2850 1525 1828 1805 
2851 569 2079 1935 
2852 1203 1204 1202 
2853 1672 1790 681 
2854 414 2061 413 
2855 1306 1307 1305 
2856 1206 1742 1205 
2857 637 2343 1763 
2858 1677 1947 483 
2859 482 1947 677 
2860 631 1705 1627 
2861 641 1618 1617 
2862 1438 1911 1567 
2863 1658 1659 686 
2864 651 1683 1682 
2865 1685 1719 700 
2866 1226 1228 1227 
2867 1809 2288 1793 
2868 1546 1781 1124 
2869 1454 1991 1225 
2870 1110 1112 1111 
2871 1688 1711 1667 
2872 1216 1745 1215 
2873 1770 1832 1357 
2874 1104 2326 1585 
2875 433 2193 203 
2876 505 2194 406 
2877 1635 2180 437 
2878 1070 1081 639 
2879 1373 1945 1830 
2880 982 2338 1244 
2881 1363 2332 1911 
2882 812 1908 814 
2883 471 2178 470 
2884 1115 1116 1051 
2885 1368 1560 1559 
2886 436 2180 675 
2887 1495 2232 733 
2888 1496 2233 735 
2889 1629 1630 684 
2890 881 1047 875 
2891 1317 1321 1316 
2892 1311 1972 1637 
2893 550 2149 549 
2894 478 2148 477 
2895 644 2096 1930 
2896 1590 2255 1591 
2897 890 1593 892 
2898 1541 1795 1723 
2899 1350 1351 1349 
2900 641 1617 1616 
2901 1755 2190 419 
2902 1308 1309 1307 
2903 1659 1743 1105 
2904 1421 1505 1422 
2905 1408 2318 1589 
2906 1715 1716 1534 
2907 1674 1826 678 
2908 1657 1658 686 
2909 1138 1969 1136 
2910 1306 2239 1599 
2911 522 1832 521 
2912 1689 2129 1262 
2913 1747 2188 1034 
2914 1962 2068 1472 
2915 1129 1810 1022 
2916 1407 2313 1394 
2917 1618 1862 1720 
2918 831 832 830 
2919 1766 2192 1025 
2920 680 1760 1613 
2921 1837 1881 1465 
2922 1096 1097 1032 
2923 885 1694 883 
2924 896 1940 899 
2925 895 896 894 
2926 1893 2249 1425 
2927 774 2143 1916 
2928 1883 2112 387 
2929 1224 1414 1223 
2930 415 2191 414 
2931 1366 1390 1389 
2932 1772 2304 663 
2933 649 1062 8 
2934 650 1063 211 
2935 429 2205 428 
2936 574 1766 1765 
2937 555 1830 716 
2938 1292 2274 859 
2939 794 1817 1147 
2940 792 1818 1563 
2941 899 900 898 
2942 1595 2346 1596 
2943 879 2042 1456 
2944 1669 1786 1064 
2945 1700 1815 740 
2946 872 883 816 
2947 1795 2161 1723 
2948 1017 1018 1016 
2949 1798 1844 1033 
2950 833 834 832 
2951 802 803 801 
2952 1678 1771 1685 
2953 1117 1152 1116 
2954 796 1006 795 
2955 798 1004 797 
2956 807 1604 1060 
2957 838 839 836 
2958 1415 1597 1414 
2959 911 1575 901 
2960 1020 1804 1669 
2961 203 2193 432 
2962 406 2194 504 
2963 1614 1615 659 
2964 1065 1264 1079 
2965 928 930 929 
2966 930 932 931 
2967 1622 1738 648 
2968 1058 1110 1109 
2969 1499 2241 553 
2970 1500 2240 554 
2971 870 2123 855 
2972 881 2058 1047 
2973 933 2319 931 
2974 1148 1709 1708 
2975 835 836 834 
2976 1772 1828 1525 
2977 1514 1515 1355 
2978 837 838 836 
2979 1633 1780 696 
2980 1795 1843 661 
2981 1866 2239 1304 
2982 1164 1701 1163 
2983 926 927 924 
2984 2146 2268 1372 
2985 500 1877 499 
2986 475 1919 474 
2987 1802 1826 1201 
2988 1399 1436 1252 
2989 573 1747 1651 
2990 1214 1760 1665 
2991 1962 2307 1395 
2992 623 1867 457 
2993 1891 1902 1872 
2994 625 1768 1680 
2995 1499 1700 740 
2996 1007 1508 1006 
2997 1005 1507 1004 
2998 1254 1986 1204 
2999 744 1483 1482 
3000 620 1934 1750 
3001 677 2027 1582 
3002 706 1698 1373 
3003 1340 1903 1753 
3004 718 1514 1421 
3005 720 1516 1420 
3006 1873 2143 774 
3007 1225 1991 1459 
3008 1264 1443 1265 
3009 1612 1961 642 
3010 1091 1868 1001 
3011 1682 1952 702 
3012 1330 1724 1712 
3013 1983 2210 1231 
3014 738 2088 1452 
3015 1105 2243 995 
3016 1281 1773 788 
3017 1511 2273 1189 
3018 665 1839 1017 
3019 1228 1983 1231 
3020 1504 2278 2190 
3021 1325 1326 1324 
3022 1763 1776 1494 
3023 418 2190 577 
3024 593 2318 1886 
3025 671 801 300 
3026 1548 2030 1656 
3027 1587 1876 1429 
3028 636 2287 2002 
3029 1765 2269 574 
3030 726 1474 1296 
3031 1332 1471 758 
3032 883 1526 816 
3033 716 1026 1025 
3034 714 1035 1034 
3035 1854 2143 1873 
3036 1684 1939 578 
3037 1430 1431 742 
3038 883 1694 1526 
3039 1465 2128 1837 
3040 1855 1948 1442 
3041 979 1827 1174 
3042 997 1714 1045 
3043 810 812 811 
3044 510 1930 509 
3045 1045 1714 1120 
3046 1729 2310 1731 
3047 1620 2111 2041 
3048 716 1830 1028 
3049 1596 2220 1362 
3050 1642 1734 604 
3051 1579 1921 1478 
3052 2033 2076 1333 
3053 1205 1378 728 
3054 1218 1219 752 
3055 1215 1217 754 
3056 1166 2076 2033 
3057 1714 1778 1120 
3058 1468 1860 712 
3059 1423 2235 1676 
3060 1140 1141 788 
3061 790 1137 1136 
3062 2082 2158 1136 
3063 792 1491 1143 
3064 794 1146 1145 
3065 1144 1246 784 
3066 1150 1382 786 
3067 1261 2129 1654 
3068 1800 1856 1689 
3069 1553 2132 1314 
3070 1922 2244 611 
3071 1813 2310 1729 
3072 1777 1938 1625 
3073 1145 2177 2070 
3074 838 840 839 
3075 1790 2132 681 
3076 1651 1747 1034 
3077 1639 1840 615 
3078 708 1835 707 
3079 2119 2272 1394 
3080 1520 1950 1339 
3081 1098 1099 1097 
3082 1291 2147 1693 
3083 729 1967 1880 
3084 1832 1866 1357 
3085 1185 2146 1574 
3086 1586 2185 1998 
3087 969 2008 1054 
3088 2069 2157 1143 
3089 2070 2156 1145 
3090 1531 2122 944 
3091 1522 1524 1523 
3092 1504 2190 1755 
3093 1253 1254 1204 
3094 311 1019 666 
3095 931 2319 1727 
3096 2163 2278 1371 
3097 853 1789 997 
3098 1330 1712 1327 
3099 624 2307 1626 
3100 1228 1231 1230 
3101 991 1865 1126 
3102 703 1813 198 
3103 704 1814 401 
3104 744 2247 1484 
3105 636 2017 2014 
3106 1620 1759 1617 
3107 1903 2277 1337 
3108 1709 2245 880 
3109 926 928 927 
3110 584 2236 1744 
3111 1219 1994 1220 
3112 2083 2159 1545 
3113 2005 2009 2003 
3114 1080 2077 1820 
3115 1933 2206 1401 
3116 1481 2327 1074 
3117 1219 1220 752 
3118 1705 1748 1426 
3119 716 1028 1026 
3120 483 1947 482 
3121 615 2035 1657 
3122 1658 1743 1659 
3123 780 2005 2003 
3124 779 2002 2000 
3125 1431 2257 1594 
3126 631 1748 1705 
3127 811 1758 863 
3128 1990 2127 1762 
3129 1255 1417 1222 
3130 859 2274 857 
3131 1353 1799 1351 
3132 1453 2010 750 
3133 1697 2165 2049 
3134 744 1484 1483 
3135 794 1147 1146 
3136 792 1563 1491 
3137 1246 1247 784 
3138 1619 1620 1617 
3139 1141 1281 788 
3140 1914 1915 1552 
3141 801 2248 298 
3142 696 1862 1638 
3143 718 1515 1514 
3144 780 2004 219 
3145 779 2001 16 
3146 1647 1741 1648 
3147 1650 2112 1883 
3148 1654 2084 1261 
3149 718 2350 1515 
3150 966 1513 1086 
3151 1087 2145 1586 
3152 1023 2285 1210 
3153 650 2072 1384 
3154 649 2071 1696 
3155 1748 2198 1413 
3156 1628 1900 691 
3157 1035 1038 1037 
3158 1765 1766 1025 
3159 1357 2050 1770 
3160 1666 1667 1409 
3161 1421 1514 1505 
3162 1236 2152 1055 
3163 1293 1568 1292 
3164 1501 2295 1386 
3165 1429 1876 1430 
3166 586 1989 320 
3167 1752 1771 1678 
3168 586 1990 1988 
3169 1618 1720 1619 
3170 1169 1842 1531 
3171 1412 1954 1838 
3172 1617 1759 1616 
3173 1153 1571 1152 
3174 1089 2053 1816 
3175 665 1016 97 
3176 1210 1941 1704 
3177 1146 1149 1145 
3178 1150 1383 1382 
3179 1144 1540 1246 
3180 1785 2255 588 
3181 702 2137 1675 
3182 1147 1728 1148 
3183 1140 1142 1141 
3184 1137 1138 1136 
3185 996 2322 1103 
3186 2182 2242 628 
3187 1853 1855 1854 
3188 1372 2268 1183 
3189 1335 2277 1340 
3190 1031 2043 1033 
3191 1282 1476 1281 
3192 1685 1771 1719 
3193 1080 1820 714 
3194 1403 1831 1594 
3195 1590 2152 1236 
3196 1122 2262 1091 
3197 648 1738 1625 
3198 1518 2271 1955 
3199 1680 1768 1681 
3200 1626 1962 688 
3201 1430 1433 1432 
3202 1038 1132 1039 
3203 720 2349 1901 
3204 1974 2291 638 
3205 834 1929 867 
3206 802 2323 804 
3207 1463 1819 1720 
3208 1339 1950 1336 
3209 1816 2053 1263 
3210 1683 1952 1682 
3211 1238 1940 1690 
3212 720 1901 1516 
3213 1129 2176 1810 
3214 1441 2121 1960 
3215 1069 1070 639 
3216 660 1971 472 
3217 1960 2014 778 
3218 1577 2066 1139 
3219 1703 1910 1888 
3220 578 1939 1752 
3221 1017 1706 1077 
3222 1613 2091 1614 
3223 1841 2303 1084 
3224 1592 1665 1007 
3225 1274 2331 1484 
3226 1475 1951 1175 
3227 1539 1777 1343 
3228 906 2297 1073 
3229 1133 1727 1570 
3230 196 1813 654 
3231 399 1814 653 
3232 1035 1036 1034 
3233 1026 1027 1025 
3234 476 1978 679 
3235 548 1979 680 
3236 1158 2292 1044 
3237 814 815 813 
3238 967 2008 969 
3239 911 1907 1575 
3240 1031 1033 1029 
3241 798 1005 1004 
3242 796 1007 1006 
3243 1275 2051 1560 
3244 1701 2224 954 
3245 1437 1825 1436 
3246 1676 2235 1671 
3247 640 1746 1165 
3248 782 2127 1990 
3249 1382 1663 786 
3250 1433 1739 1498 
3251 1140 1988 1142 
3252 1228 1229 1227 
3253 1108 2308 1563 
3254 1203 1252 1204 
3255 1495 1831 1477 
3256 781 2309 2087 
3257 1017 1077 1018 
3258 1218 1221 1219 
3259 582 2134 1847 
3260 877 2340 2051 
3261 1327 1858 1326 
3262 919 2130 2019 
3263 1094 1908 1493 
3264 1713 2143 1442 
3265 1515 1668 1355 
3266 802 804 803 
3267 1144 2000 1540 
3268 1150 2003 1383 
3269 666 1064 308 
3270 100 1839 665 
3271 1738 2282 1245 
3272 1830 1945 1028 
3273 1360 2210 1471 
3274 690 2258 1641 
3275 1624 1938 683 
3276 1028 1030 1029 
3277 1014 1369 1233 
3278 249 1956 555 
3279 944 2122 1600 
3280 1409 1735 1102 
3281 1796 1797 851 
3282 1072 1533 976 
3283 1615 1769 659 
3284 1355 2337 1514 
3285 708 2097 1808 
3286 1433 1973 1739 
3287 847 1749 838 
3288 580 2100 1634 
3289 1333 1428 1112 
3290 1913 2265 1537 
3291 1260 2195 1259 
3292 1552 2134 1859 
3293 1112 1842 1113 
3294 1657 2035 1658 
3295 1906 1907 1533 
3296 1160 1200 1199 
3297 1567 1911 1845 
3298 1889 2115 1418 
3299 1653 1984 721 
3300 1007 1665 1508 
3301 1149 2177 1145 
3302 760 2105 759 
3303 758 2104 757 
3304 1133 1134 1039 
3305 672 1069 107 
3306 301 1165 671 
3307 1216 1754 1745 
3308 1441 2126 1713 
3309 1954 2007 756 
3310 1846 1861 1847 
3311 1847 1861 582 
3312 1073 1906 1865 
3313 1733 1923 596 
3314 600 2105 760 
3315 599 2104 758 
3316 1643 1734 1642 
3317 1556 2335 1118 
3318 607 2314 1838 
3319 1430 1876 1433 
3320 678 1982 409 
3321 1551 2351 1101 
3322 1681 2138 697 
3323 1030 1032 1031 
3324 808 810 809 
3325 2121 2303 1440 
3326 1965 2006 755 
3327 1362 2220 1878 
3328 642 2215 1664 
3329 1318 1320 1319 
3330 1496 2097 708 
3331 1845 1911 767 
3332 1425 2249 2179 
3333 723 2237 1479 
3334 1699 1864 790 
3335 1732 1802 1730 
3336 1930 2096 1405 
3337 1400 2221 1774 
3338 1397 2034 998 
3339 1083 2165 1697 
3340 810 811 809 
3341 869 2311 972 
3342 1302 1764 1059 
3343 583 2151 1936 
3344 1760 2091 1613 
3345 1133 1909 1727 
3346 812 813 811 
3347 1730 1802 1010 
3348 1502 2041 1387 
3349 1497 2320 1345 
3350 1625 1938 1624 
3351 1070 1800 1706 
3352 1763 2343 1776 
3353 204 2316 478 
3354 1 2315 550 
3355 1012 2118 1356 
3356 1710 2317 1987 
3357 2041 2111 1387 
3358 1352 1799 1798 
3359 1132 1909 1133 
3360 427 2021 651 
3361 1239 1690 1243 
3362 1950 2136 1341 
3363 1178 2058 1009 
3364 1221 1223 1222 
3365 1361 1942 1005 
3366 1787 2183 699 
3367 1037 1065 1036 
3368 1618 1619 1617 
3369 1762 2127 1763 
3370 1480 2181 1572 
3371 1320 1324 1323 
3372 693 2135 1823 
3373 1131 1283 1269 
3374 408 2345 1277 
3375 480 2344 1276 
3376 1695 2090 1404 
3377 692 2113 1643 
3378 1644 2063 623 
3379 1959 2126 1960 
3380 1188 2044 1049 
3381 1769 2282 1621 
3382 1614 2091 1615 
3383 1346 2204 1347 
3384 685 2150 1639 
3385 1500 2088 738 
3386 611 2244 1894 
3387 2160 2242 2155 
3388 1428 1842 1112 
3389 1664 2215 1497 
3390 1035 1820 1038 
3391 605 2036 1205 
3392 606 2038 1202 
3393 889 2115 886 
3394 1774 2221 1679 
3395 1780 1862 696 
3396 1770 2050 580 
3397 978 1809 1793 
3398 1522 1523 1520 
3399 1523 1950 1520 
3400 1077 1078 1018 
3401 1859 2134 582 
3402 1060 1604 1603 
3403 1093 1992 1328 
3404 1169 1531 1171 
3405 753 2048 1215 
3406 751 2046 1218 
3407 1427 1890 1196 
3408 1273 2145 1274 
3409 1712 1724 1331 
3410 804 805 803 
3411 808 809 807 
3412 1051 2080 955 
3413 1028 1945 1030 
3414 1457 2137 1952 
3415 728 1981 1297 
3416 1724 1834 1356 
3417 1054 1166 1056 
3418 1589 2318 1869 
3419 377 1836 376 
3420 1174 1827 1300 
3421 1840 2035 615 
3422 1869 1918 1589 
3423 997 1789 1714 
3424 1009 2058 881 
3425 1387 2295 1502 
3426 946 2281 943 
3427 926 1600 928 
3428 1054 2008 1166 
3429 1920 2250 1397 
3430 671 802 801 
3431 1961 2320 2215 
3432 1416 2256 2018 
3433 639 1081 102 
3434 231 1851 230 
3435 28 1852 27 
3436 381 1846 380 
3437 178 1845 177 
3438 30 1849 29 
3439 658 795 2 
3440 657 797 205 
3441 27 629 26 
3442 230 630 229 
3443 2044 2197 904 
3444 2103 2312 1299 
3445 1100 2012 1099 
3446 613 2082 1969 
3447 1263 2125 1816 
3448 177 767 176 
3449 380 768 379 
3450 29 769 28 
3451 232 770 231 
3452 1661 2230 1254 
3453 1233 1933 1401 
3454 413 2061 587 
3455 1654 2129 800 
3456 383 582 382 
3457 180 581 179 
3458 1838 1963 607 
3459 1887 2286 771 
3460 1612 2298 1961 
3461 806 807 805 
3462 1537 2065 1076 
3463 382 1861 381 
3464 1958 2016 777 
3465 1875 2147 1291 
3466 1637 1972 603 
3467 1033 2231 1029 
3468 1318 1319 1317 
3469 1859 1914 1552 
3470 1417 1994 1222 
3471 176 1850 175 
3472 379 1848 378 
3473 1225 2045 600 
3474 1226 2047 599 
3475 885 2202 1694 
3476 1823 2063 1644 
3477 1305 1571 1153 
3478 758 1983 1226 
3479 1099 1270 1263 
3480 384 1859 383 
3481 228 773 227 
3482 25 774 24 
3483 1811 1843 1198 
3484 306 1788 640 
3485 1811 1917 1843 
3486 1253 1661 1254 
3487 1202 1986 726 
3488 1194 1298 1192 
3489 1231 1710 1230 
3490 26 1873 25 
3491 229 1874 228 
3492 665 1017 1016 
3493 1638 1862 1618 
3494 1349 1568 1293 
3495 1359 2133 1360 
3496 1309 1375 1307 
3497 1049 2044 908 
3498 1190 1506 1188 
3499 1649 2142 676 
3500 1184 1955 1182 
3501 1536 1799 1353 
3502 1705 2173 1627 
3503 1630 1866 684 
3504 1454 1992 1093 
3505 1205 1742 1378 
3506 378 598 377 
3507 31 619 30 
3508 175 597 174 
3509 234 620 233 
3510 1230 2229 1229 
3511 1720 1819 1619 
3512 1697 2019 1083 
3513 1255 1722 1417 
3514 1712 1858 1327 
3515 770 1895 1751 
3516 1751 1895 620 
3517 669 2209 790 
3518 1430 1432 1431 
3519 617 2213 792 
3520 618 2214 794 
3521 1180 1251 1178 
3522 874 2270 1709 
3523 1539 1938 1777 
3524 1981 2168 1212 
3525 1503 2228 1737 
3526 1110 1333 1112 
3527 1152 1237 1116 
3528 1191 2273 1512 
3529 1398 2306 1920 
3530 233 1895 232 
3531 1215 1745 1217 
3532 655 2114 1899 
3533 790 2209 789 
3534 1038 1039 1037 
3535 714 2154 556 
3536 716 2153 555 
3537 1222 1994 1219 
3538 1725 1807 1542 
3539 794 2214 793 
3540 792 2213 791 
3541 1028 1029 1026 
3542 646 2280 1150 
3543 645 2279 1144 
3544 278 1872 277 
3545 75 1871 74 
3546 1099 1263 1097 
3547 1065 1473 1264 
3548 1684 2183 1939 
3549 670 2275 1140 
3550 1623 2135 693 
3551 886 2115 885 
3552 1835 2024 707 
3553 849 2271 1518 
3554 33 1881 32 
3555 236 1880 235 
3556 978 1793 1761 
3557 715 2153 716 
3558 713 2154 714 
3559 1377 2166 1735 
3560 1987 2229 1230 
3561 32 1837 31 
3562 1503 2266 746 
3563 1865 1906 1259 
3564 1437 2244 2092 
3565 1132 1133 1039 
3566 1433 1498 1432 
3567 630 2147 1875 
3568 1147 1148 1146 
3569 1141 1282 1281 
3570 1639 2150 1840 
3571 331 1888 330 
3572 757 2140 1332 
3573 759 2139 1316 
3574 1622 2282 1738 
3575 130 1887 129 
3576 333 1886 332 
3577 1869 2318 593 
3578 772 1886 1801 
3579 226 634 225 
3580 183 661 182 
3581 23 633 22 
3582 386 662 385 
3583 666 1669 1064 
3584 1285 2325 1284 
3585 280 1884 279 
3586 77 1885 76 
3587 129 771 128 
3588 332 772 331 
3589 1610 2198 1748 
3590 1089 2043 1031 
3591 282 655 281 
3592 79 656 78 
3593 281 1899 280 
3594 1383 1868 1382 
3595 1540 1810 1246 
3596 1137 1211 1138 
3597 1667 1735 1409 
3598 227 1912 226 
3599 385 1914 384 
3600 24 1916 23 
3601 182 1917 181 
3602 827 2329 1661 
3603 2019 2336 1435 
3604 638 2291 2025 
3605 279 592 278 
3606 76 591 75 
3607 1758 2136 863 
3608 658 796 795 
3609 657 798 797 
3610 80 1897 79 
3611 283 1896 282 
3612 329 583 328 
3613 126 584 125 
3614 1030 1031 1029 
3615 1035 1037 1036 
3616 844 2238 845 
3617 455 2184 692 
3618 1252 1253 1204 
3619 1228 1230 1229 
3620 330 1910 329 
3621 1373 1956 705 
3622 1571 1794 1152 
3623 1690 1940 895 
3624 1221 1222 1219 
3625 1824 1864 1078 
3626 1042 2194 505 
3627 1041 2193 433 
3628 804 806 805 
3629 1834 2337 1356 
3630 1523 2136 1950 
3631 1276 2316 479 
3632 1277 2315 407 
3633 1133 1570 1134 
3634 1891 1903 1608 
3635 1032 1089 1031 
3636 1881 2284 1465 
3637 577 2163 1673 
3638 376 1879 375 
3639 750 2171 749 
3640 748 2170 747 
3641 2111 2218 1385 
3642 1320 1323 1319 
3643 1838 2314 1411 
3644 334 593 333 
3645 131 594 130 
3646 806 808 807 
3647 1735 2166 1102 
3648 1591 2255 1785 
3649 437 2180 436 
3650 1347 2119 1426 
3651 47 2259 46 
3652 1223 1255 1222 
3653 581 2020 1811 
3654 1324 1889 1323 
3655 567 2170 748 
3656 568 2171 750 
3657 1720 1949 1463 
3658 1793 2288 1142 
3659 1841 2287 1440 
3660 710 2029 1538 
3661 336 1918 335 
3662 1134 2093 1039 
3663 235 1934 234 
3664 1641 2258 1502 
3665 1627 2173 689 
3666 1479 2049 1206 
3667 74 1904 73 
3668 335 1869 334 
3669 132 1870 131 
3670 277 1902 276 
3671 697 2138 1755 
3672 1784 2124 1375 
3673 672 2333 1856 
3674 327 776 326 
3675 124 775 123 
3676 285 570 284 
3677 82 569 81 
3678 1204 1986 1202 
3679 2108 2307 624 
3680 572 2350 718 
3681 571 2349 720 
3682 1762 2056 1990 
3683 85 1946 664 
3684 2050 2100 580 
3685 1136 2158 669 
3686 35 1924 34 
3687 238 1923 237 
3688 1143 2157 617 
3689 1145 2156 618 
3690 699 2183 1684 
3691 81 1935 80 
3692 328 1936 327 
3693 125 1937 124 
3694 470 2178 647 
3695 1835 2077 1080 
3696 640 1165 303 
3697 105 1069 639 
3698 1226 1983 1228 
3699 1776 2301 1365 
3700 237 729 236 
3701 34 730 33 
3702 172 731 171 
3703 375 732 374 
3704 169 1894 168 
3705 1535 2269 1765 
3706 1200 2189 1863 
3707 692 2184 2113 
3708 1439 2303 2121 
3709 1864 2276 1078 
3710 1778 2207 1120 
3711 1100 2090 2012 
3712 224 777 223 
3713 21 778 20 
3714 276 766 275 
3715 73 765 72 
3716 1852 1853 629 
3717 667 2177 1807 
3718 838 1749 840 
3719 630 1875 1874 
3720 1850 1878 597 
3721 1137 1824 1211 
3722 286 1932 285 
3723 83 1931 82 
3724 1698 1945 1373 
3725 225 1957 224 
3726 22 1959 21 
3727 419 2190 418 
3728 565 2247 744 
3729 556 2024 1080 
3730 1356 2118 1724 
3731 1102 2166 981 
3732 1064 1788 307 
3733 1728 2245 1148 
3734 836 1929 834 
3735 1256 2030 1548 
3736 1244 2338 1777 
3737 1854 1873 629 
3738 749 2200 1453 
3739 747 2199 1451 
3740 1752 1939 1258 
3741 754 2185 1273 
3742 773 1913 1912 
3743 903 2297 906 
3744 135 1943 134 
3745 338 1944 337 
3746 1863 2189 873 
3747 1958 2264 2016 
3748 1878 2332 1363 
3749 1936 2301 776 
3750 171 1922 170 
3751 374 1925 373 
3752 337 763 336 
3753 134 764 133 
3754 275 1927 274 
3755 72 1928 71 
3756 1597 1977 882 
3757 1600 2122 1428 
3758 1352 2302 2123 
3759 1489 1800 1689 
3760 122 638 121 
3761 325 637 324 
3762 186 563 185 
3763 389 564 388 
3764 1367 2207 1778 
3765 179 2011 178 
3766 627 2341 1654 
3767 1229 2229 1711 
3768 1938 2298 683 
3769 2148 2316 1276 
3770 2149 2315 1277 
3771 1723 2161 184 
3772 1005 1942 1507 
3773 326 1975 325 
3774 123 1974 122 
3775 174 1995 173 
3776 683 2298 1612 
3777 698 2191 415 
3778 695 2198 1610 
3779 1742 2165 1083 
3780 1653 2249 1893 
3781 1679 2221 626 
3782 594 2324 1887 
3783 737 2240 1500 
3784 739 2241 1499 
3785 552 2233 1496 
3786 551 2232 1495 
3787 181 2020 180 
3788 1727 1909 956 
3789 850 2054 1955 
3790 681 2205 429 
3791 1245 2282 1769 
3792 71 607 70 
3793 274 608 273 
3794 1806 2208 570 
3795 714 1820 1035 
3796 800 2333 799 
3797 740 2226 739 
3798 738 2227 737 
3799 708 2222 552 
3800 706 2223 551 
3801 2133 2210 1360 
3802 307 1788 306 
3803 1056 2033 1058 
3804 1828 2086 614 
3805 1952 2137 702 
3806 1561 2035 1840 
3807 813 1758 811 
3808 1621 2282 1622 
3809 1942 2167 1507 
3810 1083 2089 1742 
3811 2003 2009 1383 
3812 2024 2259 707 
3813 170 611 169 
3814 373 612 372 
3815 36 595 35 
3816 239 596 238 
3817 560 2226 740 
3818 559 2227 738 
3819 705 2223 706 
3820 707 2222 708 
3821 288 663 287 
3822 85 664 84 
3823 1959 1960 778 
3824 1341 2136 1758 
3825 1120 2207 1121 
3826 589 2290 1699 
3827 1580 2330 1958 
3828 1018 2290 1016 
3829 1251 2058 1178 
3830 287 1997 286 
3831 84 1996 83 
3832 19 636 18 
3833 222 635 221 
3834 390 1976 389 
3835 766 2225 1927 
3836 2037 2269 2261 
3837 1506 2044 1188 
3838 1273 2185 2145 
3839 1418 2216 1322 
3840 768 2254 1848 
3841 2025 2309 781 
3842 1073 1907 1906 
3843 1586 1998 1088 
3844 2113 2184 1470 
3845 1513 2015 1086 
3846 1889 2202 885 
3847 20 2017 19 
3848 223 2016 222 
3849 1210 2094 1941 
3850 799 2333 672 
3851 1086 2015 1131 
3852 273 1964 272 
3853 70 1963 69 
3854 339 601 338 
3855 136 602 135 
3856 1694 2211 1526 
3857 1885 2013 591 
3858 1990 2056 1988 
3859 38 1984 37 
3860 323 782 322 
3861 289 1993 288 
3862 120 781 119 
3863 1404 2090 1100 
3864 789 2283 1699 
3865 2063 2321 623 
3866 1058 2033 1110 
3867 1857 2040 764 
3868 133 2040 132 
3869 37 1892 36 
3870 1269 2031 1285 
3871 1532 2063 1823 
3872 1107 2330 1580 
3873 1443 2179 1265 
3874 1699 2283 589 
3875 1093 1991 1454 
3876 324 2026 323 
3877 121 2025 120 
3878 1152 1794 1237 
3879 790 1864 1137 
3880 128 2060 127 
3881 1953 2322 1455 
3882 1081 1839 101 
3883 1099 2012 1270 
3884 1352 2123 870 
3885 1214 2091 1760 
3886 1097 2053 1032 
3887 633 2126 1959 
3888 173 2062 172 
3889 1801 2318 1408 
3890 1196 2028 1194 
3891 1369 1933 1233 
3892 69 756 68 
3893 272 755 271 
3894 1388 2187 1532 
3895 1253 1968 1661 
3896 1344 2320 1961 
3897 1411 2314 1966 
3898 1148 2245 1709 
3899 78 2081 77 
3900 1879 1999 732 
3901 1722 2289 826 
3902 1192 2032 1190 
3903 1087 2331 2145 
3904 1116 2080 1051 
3905 1137 1864 1824 
3906 988 2189 1160 
3907 1756 2194 1042 
3908 1757 2193 1041 
3909 1742 2089 1378 
3910 207 2098 657 
3911 4 2099 658 
3912 1853 2094 1855 
3913 1671 2235 1787 
3914 101 1839 100 
3915 1243 2064 1359 
3916 168 1985 167 
3917 793 2294 1817 
3918 791 2293 1818 
3919 1897 2348 656 
3920 1988 1989 586 
3921 1272 2264 1958 
3922 1436 2141 1252 
3923 1211 2067 2066 
3924 2003 2004 780 
3925 2000 2001 779 
3926 1817 2294 654 
3927 1818 2293 653 
3928 1781 2326 1124 
3929 895 1940 896 
3930 1656 2096 644 
3931 1200 2102 1199 
3932 765 1966 1928 
3933 17 779 16 
3934 189 667 188 
3935 392 668 391 
3936 220 780 219 
3937 1220 1994 1973 
3938 598 2018 1836 
3939 387 2112 386 
3940 432 2193 1757 
3941 504 2194 1756 
3942 1776 2343 2301 
3943 68 2007 67 
3944 271 2006 270 
3945 2015 2022 1283 
3946 952 2272 2204 
3947 1378 1981 728 
3948 806 2186 808 
3949 1484 2172 1483 
3950 1471 1983 758 
3951 221 2073 220 
3952 18 2075 17 
3953 391 2074 390 
3954 726 1986 1474 
3955 321 586 320 
3956 118 585 117 
3957 88 613 87 
3958 291 614 290 
3959 662 1915 1914 
3960 1053 2152 1590 
3961 1182 2054 1180 
3962 243 2037 242 
3963 40 2039 39 
3964 407 2315 1 
3965 479 2316 204 
3966 1063 2098 209 
3967 1062 2099 6 
3968 1402 2183 1787 
3969 1394 2272 1348 
3970 1851 2147 630 
3971 1369 2101 1933 
3972 1692 2201 1278 
3973 322 2085 321 
3974 290 2086 289 
3975 119 2087 118 
3976 1003 2243 1743 
3977 1809 2164 1282 
3978 1976 2116 564 
3979 1032 2053 1089 
3980 2066 2067 1139 
3981 785 2072 214 
3982 783 2071 11 
3983 1796 2302 1797 
3984 588 2255 1812 
3985 140 2045 139 
3986 343 2047 342 
3987 167 724 166 
3988 242 722 241 
3989 370 723 369 
3990 39 721 38 
3991 885 2115 1889 
3992 1140 1989 1988 
3993 1217 2185 754 
3994 372 2107 371 
3995 2088 2300 1452 
3996 635 2264 2005 
3997 1144 2001 2000 
3998 1150 2004 2003 
3999 1464 1949 1780 
4000 190 2070 189 
4001 393 2069 392 
4002 1157 2246 1890 
4003 1065 2093 1473 
4004 139 746 138 
4005 342 745 341 
4006 270 621 269 
4007 67 622 66 
4008 1234 2077 1808 
4009 1598 2289 1255 
4010 1878 2220 597 
4011 1078 2276 1018 
4012 1123 2323 1786 
4013 117 2083 116 
4014 994 2246 1157 
4015 89 2082 88 
4016 1911 2332 767 
4017 1166 2033 1056 
4018 137 2117 136 
4019 808 2186 2164 
4020 46 2024 556 
4021 1131 2015 1283 
4022 1283 2031 1269 
4023 1307 2109 1305 
4024 674 2095 114 
4025 1823 2135 1446 
4026 1479 2217 2049 
4027 1253 2141 1968 
4028 1160 2189 1200 
4029 773 2265 1913 
4030 585 2159 2083 
4031 184 2161 183 
4032 1787 2235 2078 
4033 1759 2258 690 
4034 1661 2329 2230 
4035 1263 2053 1097 
4036 1010 2245 1728 
4037 1843 1917 661 
4038 1875 2265 1874 
4039 166 2038 165 
4040 369 2036 368 
4041 1865 2195 1126 
4042 1697 2336 2019 
4043 1252 2141 1253 
4044 1459 2228 1503 
4045 1037 2093 1065 
4046 731 2092 1922 
4047 1298 2055 2032 
4048 1324 2202 1889 
4049 1885 2081 1898 
4050 66 2048 65 
4051 269 2046 268 
4052 1898 2081 656 
4053 1626 2307 1962 
4054 1767 2306 1398 
4055 745 2120 341 
4056 1110 2033 1333 
4057 1326 2202 1324 
4058 1842 2122 1531 
4059 1811 2020 1917 
4060 1690 2064 1243 
4061 1329 2300 2088 
4062 1123 2186 806 
4063 1925 2103 612 
4064 658 2099 796 
4065 657 2098 798 
4066 1194 2028 1298 
4067 1620 2041 1759 
4068 1282 2164 1476 
4069 1298 2032 1192 
4070 1850 2332 1878 
4071 2037 2261 722 
4072 1710 2299 985 
4073 1237 2080 1116 
4074 2031 2059 956 
4075 1027 2231 1844 
4076 1211 2066 1138 
4077 1190 2032 1506 
4078 1977 2339 882 
4079 1913 2305 1912 
4080 1668 2230 1354 
4081 555 1956 1830 
4082 1264 2224 1443 
4083 1408 2351 1801 
4084 1955 2054 1182 
4085 1375 2109 1307 
4086 1654 2095 2084 
4087 2084 2095 674 
4088 1711 2229 1391 
4089 142 2105 141 
4090 345 2104 344 
4091 1077 2110 1078 
4092 623 2321 1867 
4093 1080 2024 1835 
4094 1740 2327 1481 
4095 1961 2215 642 
4096 2009 2057 1383 
4097 675 2181 1741 
4098 46 2259 2024 
4099 1808 2097 1284 
4100 1553 2205 2132 
4101 2132 2205 681 
4102 1361 2262 1942 
4103 1150 2280 2004 
4104 1144 2279 2001 
4105 1140 2275 1989 
4106 577 2278 2163 
4107 1105 2327 1740 
4108 1180 2054 1251 
4109 1840 2150 1559 
4110 2005 2073 635 
4111 2002 2075 636 
4112 2014 2017 778 
4113 2016 2264 635 
4114 165 606 164 
4115 41 573 40 
4116 244 574 243 
4117 368 605 367 
4118 779 2075 2002 
4119 780 2073 2005 
4120 1750 1934 1880 
4121 268 751 267 
4122 65 753 64 
4123 344 599 343 
4124 141 600 140 
4125 2092 2346 1595 
4126 1383 2057 1868 
4127 284 2208 283 
4128 2103 2217 612 
4129 2018 2256 1271 
4130 1798 2302 1352 
4131 1801 2351 1551 
4132 1391 2229 1987 
4133 1568 2274 1292 
4134 217 646 216 
4135 395 617 394 
4136 192 618 191 
4137 14 645 13 
4138 1246 2176 1247 
4139 318 670 317 
4140 115 674 114 
4141 91 669 90 
4142 294 673 293 
4143 1283 2059 2031 
4144 1039 2093 1037 
4145 2078 2235 1423 
4146 2049 2217 1358 
4147 2022 2059 1283 
4148 1769 2296 1245 
4149 1514 2337 1505 
4150 2164 2186 1476 
4151 1539 2298 1938 
4152 230 1851 630 
4153 27 1852 629 
4154 769 1852 28 
4155 177 1845 767 
4156 380 1846 768 
4157 770 1851 231 
4158 1990 2085 782 
4159 1284 2325 1808 
4160 381 1861 1846 
4161 586 2085 1990 
4162 29 1849 769 
4163 127 2236 126 
4164 1473 2224 1264 
4165 1305 2109 1571 
4166 767 1850 176 
4167 768 1848 379 
4168 929 2059 2022 
4169 582 1861 382 
4170 1334 2339 1977 
4171 2123 2302 1796 
4172 191 2156 190 
4173 394 2157 393 
4174 629 1873 26 
4175 630 1874 229 
4176 1724 2118 1331 
4177 1999 2312 732 
4178 90 2158 89 
4179 1876 1973 1433 
4180 232 1895 770 
4181 1206 2165 1742 
4182 619 1849 30 
4183 1844 2231 1033 
4184 383 1859 582 
4185 1837 2128 619 
4186 378 1848 598 
4187 175 1850 597 
4188 25 1873 774 
4189 228 1874 773 
4190 598 1836 377 
4191 1026 2231 1027 
4192 1822 2175 1257 
4193 620 1895 233 
4194 1966 2314 1928 
4195 2133 2299 2210 
4196 1870 2040 1857 
4197 1890 2246 1466 
4198 1987 2317 887 
4199 595 2196 1924 
4200 1299 2312 1999 
4201 730 2284 1881 
4202 2179 2249 1265 
4203 1830 1956 1373 
4204 31 1837 619 
4205 667 2169 188 
4206 144 2139 143 
4207 347 2140 346 
4208 1988 2056 1142 
4209 773 1912 227 
4210 774 1916 24 
4211 384 1914 1859 
4212 295 2160 294 
4213 178 2011 1845 
4214 628 2248 2182 
4215 1397 2250 2034 
4216 1836 1879 376 
4217 1563 2308 1491 
4218 240 2234 239 
4219 1727 2319 1570 
4220 581 2011 179 
4221 234 1934 620 
4222 1259 2195 1865 
4223 32 1881 1837 
4224 1046 2292 1833 
4225 1701 2281 1163 
4226 1958 2330 1272 
4227 772 1888 331 
4228 2002 2287 1841 
4229 332 1886 772 
4230 129 1887 771 
4231 1142 2288 1141 
4232 280 1899 1884 
4233 180 2020 581 
4234 592 1872 278 
4235 591 1871 75 
4236 1428 2122 1842 
4237 655 1899 281 
4238 279 1884 592 
4239 76 1885 591 
4240 2070 2177 667 
4241 1888 1910 330 
4242 1450 2305 1913 
4243 1993 2086 1828 
4244 1816 2125 841 
4245 1358 2217 2103 
4246 226 1912 634 
4247 661 1917 182 
4248 662 1914 385 
4249 23 1916 633 
4250 1880 1934 235 
4251 371 2237 370 
4252 594 1887 130 
4253 593 1886 333 
4254 597 1995 174 
4255 1029 2231 1026 
4256 282 1896 655 
4257 79 1897 656 
4258 1810 2176 1246 
4259 266 575 265 
4260 63 576 62 
4261 346 757 345 
4262 143 759 142 
4263 1989 2275 319 
4264 329 1910 583 
4265 1808 2325 1234 
4266 366 727 365 
4267 163 725 162 
4268 1871 1904 74 
4269 1872 1902 277 
4270 478 2316 2148 
4271 550 2315 2149 
4272 241 2253 240 
4273 248 2153 247 
4274 45 2154 44 
4275 2001 2279 15 
4276 2004 2280 218 
4277 2026 2127 782 
4278 1382 2334 1663 
4279 1868 2334 1382 
4280 730 1881 33 
4281 729 1880 236 
4282 316 787 315 
4283 93 789 92 
4284 1925 2312 2103 
4285 397 791 396 
4286 194 793 193 
4287 12 783 11 
4288 215 785 214 
4289 131 1870 594 
4290 334 1869 593 
4291 1141 2288 1282 
4292 1917 2020 181 
4293 583 1936 328 
4294 80 1935 1897 
4295 584 1937 125 
4296 1797 2302 1798 
4297 375 1879 732 
4298 138 2266 137 
4299 2049 2165 1206 
4300 1347 2204 2119 
4301 1975 2343 637 
4302 1083 2130 2089 
4303 1968 2141 986 
4304 1708 2270 987 
4305 633 1959 22 
4306 634 1957 225 
4307 335 1918 1869 
4308 2261 2269 1535 
4309 2145 2185 1586 
4310 797 2344 205 
4311 795 2345 2 
4312 276 1902 766 
4313 73 1904 765 
4314 1709 2270 1708 
4315 731 2346 2092 
4316 92 2209 91 
4317 569 1935 81 
4318 327 1936 776 
4319 124 1937 775 
4320 771 2060 128 
4321 396 2213 395 
4322 193 2214 192 
4323 34 1924 730 
4324 237 1923 729 
4325 77 2081 1885 
4326 2089 2168 1378 
4327 1231 2299 1710 
4328 146 2170 145 
4329 349 2171 348 
4330 656 2081 78 
4331 1378 2168 1981 
4332 44 713 43 
4333 247 715 246 
4334 763 1918 336 
4335 2144 2216 1418 
4336 731 1922 171 
4337 732 1925 374 
4338 1506 2197 2044 
4339 82 1931 569 
4340 285 1932 570 
4341 112 627 111 
4342 297 628 296 
4343 765 1928 72 
4344 766 1927 275 
4345 1328 2216 2144 
4346 224 1957 777 
4347 21 1959 778 
4348 1300 2336 1697 
4349 1743 2243 1105 
4350 1754 2342 1745 
4351 1255 2289 1722 
4352 15 2279 14 
4353 218 2280 217 
4354 319 2275 318 
4355 132 2040 1870 
4356 775 1974 123 
4357 776 1975 326 
4358 1789 2238 1135 
4359 172 2062 731 
4360 386 2112 662 
4361 1995 2062 173 
4362 2119 2313 1426 
4363 1833 2292 1158 
4364 2041 2258 1759 
4365 1340 2277 1903 
4366 337 1944 763 
4367 134 1943 764 
4368 595 1924 35 
4369 596 1923 238 
4370 824 2211 1858 
4371 1440 2287 2014 
4372 2034 2250 1376 
4373 296 2242 295 
4374 1699 2276 1864 
4375 71 1928 607 
4376 274 1927 608 
4377 1322 2216 1992 
4378 183 2161 661 
4379 764 2040 133 
4380 170 1922 611 
4381 373 1925 612 
4382 61 761 60 
4383 264 762 263 
4384 348 568 347 
4385 145 567 144 
4386 1654 2341 2095 
4387 122 1974 638 
4388 325 1975 637 
4389 286 1997 1932 
4390 83 1996 1931 
4391 1777 2338 1343 
4392 597 2220 1995 
4393 1256 2260 2030 
4394 161 572 160 
4395 364 571 363 
4396 611 1894 169 
4397 778 2017 20 
4398 777 2016 223 
4399 314 590 313 
4400 95 589 94 
4401 283 2208 1896 
4402 293 2203 292 
4403 188 2169 187 
4404 126 2236 584 
4405 341 2120 340 
4406 399 653 398 
4407 196 654 195 
4408 1932 2212 570 
4409 602 1943 135 
4410 601 1944 338 
4411 148 2199 147 
4412 351 2200 350 
4413 1699 2290 2276 
4414 1103 2322 1953 
4415 1376 2251 2034 
4416 1942 2262 1122 
4417 608 1964 273 
4418 607 1963 70 
4419 1955 2271 850 
4420 2276 2290 1018 
4421 1395 2307 2108 
4422 298 2248 297 
4423 1585 2326 1781 
4424 389 1976 564 
4425 664 1996 84 
4426 663 1997 287 
4427 570 2208 284 
4428 1210 2285 2094 
4429 638 2025 121 
4430 637 2026 324 
4431 673 2160 2155 
4432 36 1892 595 
4433 1995 2220 1596 
4434 1502 2258 2041 
4435 94 2283 93 
4436 1894 1985 168 
4437 19 2017 636 
4438 222 2016 635 
4439 249 555 248 
4440 46 556 45 
4441 612 2217 2107 
4442 398 2293 397 
4443 195 2294 194 
4444 110 799 109 
4445 767 2332 1850 
4446 2089 2130 1082 
4447 1992 2216 1328 
4448 288 1993 663 
4449 1158 2335 1734 
4450 212 650 211 
4451 9 649 8 
4452 1874 2265 773 
4453 272 1964 755 
4454 69 1963 756 
4455 612 2107 372 
4456 353 2226 352 
4457 150 2227 149 
4458 2060 2236 127 
4459 37 1984 1892 
4460 50 2222 49 
4461 253 2223 252 
4462 2308 2347 1491 
4463 113 2341 112 
4464 120 2025 781 
4465 323 2026 782 
4466 2145 2331 1274 
4467 147 747 146 
4468 262 566 261 
4469 350 749 349 
4470 59 565 58 
4471 703 2310 1813 
4472 2262 2334 1091 
4473 1011 2218 2111 
4474 136 2117 602 
4475 159 717 158 
4476 362 719 361 
4477 312 1019 311 
4478 255 2232 254 
4479 52 2233 51 
4480 2062 2346 731 
4481 635 2073 221 
4482 390 2074 1976 
4483 636 2075 18 
4484 152 2240 151 
4485 355 2241 354 
4486 985 2299 2133 
4487 1067 2342 1754 
4488 1845 2011 1567 
4489 756 2007 68 
4490 755 2006 271 
4491 239 2234 596 
4492 721 1984 38 
4493 1272 2330 2263 
4494 1912 2305 634 
4495 2230 2329 1354 
4496 289 2086 1993 
4497 782 2085 322 
4498 781 2087 119 
4499 1630 2239 1866 
4500 43 2188 42 
4501 246 2192 245 
4502 2107 2217 1479 
4503 1185 2268 2146 
4504 108 672 107 
4505 301 671 300 
4506 167 1985 724 
4507 2210 2299 1231 
4508 1091 2334 1868 
4509 663 2304 1997 
4510 1596 2346 2062 
4511 210 1063 209 
4512 402 704 401 
4513 7 1062 6 
4514 199 703 198 
4515 220 2073 780 
4516 17 2075 779 
4517 668 2074 391 
4518 270 2006 621 
4519 67 2007 622 
4520 732 2312 1925 
4521 352 560 351 
4522 57 743 56 
4523 149 559 148 
4524 260 741 259 
4525 713 2188 43 
4526 1928 2314 607 
4527 242 2037 722 
4528 39 2039 721 
4529 2215 2320 1497 
4530 1394 2313 2119 
4531 99 665 98 
4532 310 666 309 
4533 321 2085 586 
4534 614 2086 290 
4535 118 2087 585 
4536 715 2192 246 
4537 252 705 251 
4538 360 561 359 
4539 157 562 156 
4540 49 707 48 
4541 2095 2341 113 
4542 574 2269 2037 
4543 139 2045 746 
4544 342 2047 745 
4545 392 2069 668 
4546 189 2070 667 
4547 724 2038 166 
4548 723 2036 369 
4549 2107 2237 371 
4550 106 1069 105 
4551 303 1165 302 
4552 585 2083 117 
4553 88 2082 613 
4554 621 2046 269 
4555 622 2048 66 
4556 1082 2168 2089 
4557 55 558 54 
4558 258 557 257 
4559 354 739 353 
4560 151 737 150 
4561 370 2237 723 
4562 2263 2330 1107 
4563 405 609 404 
4564 202 610 201 
4565 722 2253 241 
4566 574 2037 243 
4567 573 2039 40 
4568 137 2266 2117 
4569 155 711 154 
4570 51 552 50 
4571 358 709 357 
4572 254 551 253 
4573 707 2259 48 
4574 4 658 3 
4575 207 657 206 
4576 600 2045 140 
4577 599 2047 343 
4578 104 639 103 
4579 305 640 304 
4580 2243 2340 995 
4581 673 2203 293 
4582 356 553 355 
4583 153 554 152 
4584 256 733 255 
4585 53 735 52 
4586 746 2266 138 
4587 165 2038 606 
4588 368 2036 605 
4589 1596 2062 1995 
4590 268 2046 751 
4591 65 2048 753 
4592 1896 2208 1806 
4593 190 2156 2070 
4594 393 2157 2069 
4595 240 2253 2234 
4596 89 2158 2082 
4597 141 2105 600 
4598 344 2104 599 
4599 1003 2340 2243 
4600 1109 2347 2308 
4601 1744 2236 2060 
4602 618 2156 191 
4603 617 2157 394 
4604 759 2105 142 
4605 757 2104 345 
4606 669 2158 90 
4607 48 2259 47 
4608 294 2160 673 
4609 14 2279 645 
4610 217 2280 646 
4611 318 2275 670 
4612 143 2139 759 
4613 346 2140 757 
4614 91 2209 669 
4615 395 2213 617 
4616 192 2214 618 
4617 567 2139 144 
4618 568 2140 347 
4619 44 2154 713 
4620 247 2153 715 
4621 295 2242 2160 
4622 789 2209 92 
4623 793 2214 193 
4624 791 2213 396 
4625 145 2170 567 
4626 348 2171 568 
4627 555 2153 248 
4628 556 2154 45 
4629 1479 2237 2107 
4630 93 2283 789 
4631 628 2242 296 
4632 194 2294 793 
4633 397 2293 791 
4634 2117 2266 1503 
4635 747 2170 146 
4636 749 2171 349 
4637 112 2341 627 
4638 297 2248 628 
4639 2234 2253 1716 
4640 589 2283 94 
4641 147 2199 747 
4642 350 2200 749 
4643 653 2293 398 
4644 654 2294 195 
4645 559 2199 148 
4646 560 2200 351 
4647 149 2227 559 
4648 352 2226 560 
4649 49 2222 707 
4650 252 2223 705 
4651 739 2226 353 
4652 737 2227 150 
4653 551 2223 253 
4654 552 2222 50 
4655 151 2240 737 
4656 354 2241 739 
4657 51 2233 552 
4658 254 2232 551 
4659 733 2232 255 
4660 735 2233 52 
4661 554 2240 152 
4662 553 2241 355 
4663 54 735 53 
4664 56 558 55 
4665 58 743 57 
4666 60 565 59 
4667 62 761 61 
4668 64 576 63 
4669 154 554 153 
4670 156 711 155 
4671 158 562 157 
4672 160 717 159 
4673 162 572 161 
4674 164 725 163 
4675 257 733 256 
4676 259 557 258 
4677 261 741 260 
4678 263 566 262 
4679 265 762 264 
4680 267 575 266 
4681 357 553 356 
4682 359 709 358 
4683 361 561 360 
4684 363 719 362 
4685 365 571 364 
4686 367 727 366 
4687 481 609 405 
4688 13 783 12 
4689 87 1946 86 
4690 96 589 95 
4691 111 799 110 
4692 116 674 115 
4693 610 703 200 
4694 216 785 215 
4695 315 590 314 
4696 317 787 316 
4697 609 704 403 
4698 1848 2018 598 
4699 1411 1966 1527 
4700 1836 1999 1879 
$EndElements
