$MeshFormat
4.1 0 8
$EndMeshFormat
$PhysicalNames
4
1 101 "Source"
1 102 "Microphone"
1 103 "FreeSurface"
2 201 "Domain"
$EndPhysicalNames
$Entities
406 406 1 0
1 0 0 0 0 
2 0.0004 0 0 0 
3 0.0004648 2.832853763636817e-06 0 0 
4 0.0005296000000000001 1.132034600565632e-05 0 0 
5 0.0005944 2.542931283041465e-05 0 0 
6 0.0006592 4.510462507960759e-05 0 0 
7 0.000724 7.026940374308915e-05 0 0 
8 0.0007888 0.0001008253203547244 0 0 
9 0.0008535999999999999 0.0001366529811995137 0 0 
10 0.0009184 0.0001776123938307447 0 0 
11 0.0009832 0.0002235435140743089 0 0 
12 0.001048 0.0002742668713828267 0 0 
13 0.0011128 0.0003295842700960834 0 0 
14 0.0011776 0.00038927956386768 0 0 
15 0.0012424 0.0004531195002319166 0 0 
16 0.0013072 0.0005208546320108622 0 0 
17 0.001372 0.0005922202920003926 0 0 
18 0.0014368 0.0006669376271267203 0 0 
19 0.0015016 0.0007447146880325739 0 0 
20 0.0015664 0.0008252475698355928 0 0 
21 0.0016312 0.0009082215996015533 0 0 
22 0.001696 0.0009933125658925148 0 0 
23 0.0017608 0.001080187985585569 0 0 
24 0.0018256 0.00116850840301224 0 0 
25 0.0018904 0.001257928716342302 0 0 
26 0.0019552 0.001348099526029325 0 0 
27 0.00202 0.001438668500049043 0 0 
28 0.0020848 0.00152928175059605 0 0 
29 0.0021496 0.001619585216859519 0 0 
30 0.0022144 0.001709226048474938 0 0 
31 0.0022792 0.001797853984246142 0 0 
32 0.002344 0.001885122720750494 0 0 
33 0.0024088 0.001970691265479506 0 0 
34 0.0024736 0.00205422526922768 0 0 
35 0.0025384 0.00213539833252342 0 0 
36 0.0026032 0.002213893280997256 0 0 
37 0.002668 0.002289403404704071 0 0 
38 0.0027328 0.002361633656556783 0 0 
39 0.0027976 0.002430301805188757 0 0 
40 0.0028624 0.002495139537740276 0 0 
41 0.0029272 0.002555893508260054 0 0 
42 0.002992 0.002612326327625271 0 0 
43 0.0030568 0.00266421749111216 0 0 
44 0.0031216 0.002711364239992746 0 0 
45 0.0031864 0.002753582353791151 0 0 
46 0.0032512 0.002790706870103835 0 0 
47 0.003316 0.002822592729171129 0 0 
48 0.0033808 0.002849115340681495 0 0 
49 0.0034456 0.002870171070593776 0 0 
50 0.0035104 0.002885677646075244 0 0 
51 0.0035752 0.002895574476973189 0 0 
52 0.00364 0.002899822892563947 0 0 
53 0.0037048 0.002898470040948111 0 0 
54 0.0037696 0.002891677003946936 0 0 
55 0.0038344 0.002879477408865364 0 0 
56 0.0038992 0.002861918924212139 0 0 
57 0.003964 0.00283907015773807 0 0 
58 0.0040288 0.002811020388359154 0 0 
59 0.0040936 0.002777879217309536 0 0 
60 0.0041584 0.00273977613988734 0 0 
61 0.004223200000000001 0.002696860039466747 0 0 
62 0.004288 0.002649298605753407 0 0 
63 0.0043528 0.002597277679556285 0 0 
64 0.004417600000000001 0.002541000526636162 0 0 
65 0.0044824 0.002480687043468148 0 0 
66 0.0045472 0.00241657289802161 0 0 
67 0.004612 0.002348908608914799 0 0 
68 0.004676800000000001 0.002277958566542278 0 0 
69 0.0047416 0.002204 0 0 
70 0.0048064 0.00212732189384463 0 0 
71 0.0048712 0.002048223858919771 0 0 
72 0.004936 0.001967014961661192 0 0 
73 0.005000800000000001 0.001884012516455429 0 0 
74 0.0050656 0.001799540845770473 0 0 
75 0.0051304 0.00171393001290318 0 0 
76 0.0051952 0.00162751453229506 0 0 
77 0.005260000000000001 0.001540632062455738 0 0 
78 0.005324800000000001 0.001453622086601323 0 0 
79 0.0053896 0.00136682458616295 0 0 
80 0.0054544 0.001280578712348606 0 0 
81 0.005519200000000001 0.001195221460948957 0 0 
82 0.005584 0.001111086355565221 0 0 
83 0.005648800000000001 0.001028502144404209 0 0 
84 0.0057136 0.0009477915157326873 0 0 
85 0.0057784 0.0008692698370102386 0 0 
86 0.005843200000000001 0.0007932439226273399 0 0 
87 0.005908 0.000720010835063569 0 0 
88 0.0059728 0.0006498567241502742 0 0 
89 0.0060376 0.0005830557089731597 0 0 
90 0.0061024 0.0005198688067836184 0 0 
91 0.0061672 0.0004605429131039656 0 0 
92 0.006232000000000001 0.0004053098370117081 0 0 
93 0.0062968 0.0003543853953723428 0 0 
94 0.0063616 0.0003079685695598822 0 0 
95 0.006426400000000001 0.0002662407279601179 0 0 
96 0.0064912 0.0002293649172946008 0 0 
97 0.006556 0.0001974852255344081 0 0 
98 0.0066208 0.0001707262188930383 0 0 
99 0.0066856 0.0001491924550983194 0 0 
100 0.0067504 0.000132968074845163 0 0 
101 0.0068152 0.0001221164730255178 0 0 
102 0.006880000000000001 0.0001166800510201515 0 0 
103 0.0069448 0.0001166800510201515 0 0 
104 0.0070096 0.0001221164730255178 0 0 
105 0.0070744 0.000132968074845163 0 0 
106 0.0071392 0.0001491924550983194 0 0 
107 0.007204000000000001 0.0001707262188930383 0 0 
108 0.0072688 0.0001974852255344081 0 0 
109 0.0073336 0.0002293649172946008 0 0 
110 0.007398399999999999 0.0002662407279601179 0 0 
111 0.007463200000000001 0.0003079685695598822 0 0 
112 0.007528000000000001 0.0003543853953723428 0 0 
113 0.007592799999999999 0.0004053098370117081 0 0 
114 0.0076576 0.0004605429131039656 0 0 
115 0.007722400000000001 0.0005198688067836184 0 0 
116 0.0077872 0.0005830557089731597 0 0 
117 0.007852000000000001 0.0006498567241502742 0 0 
118 0.0079168 0.000720010835063569 0 0 
119 0.0079816 0.0007932439226273399 0 0 
120 0.0080464 0.0008692698370102386 0 0 
121 0.008111200000000001 0.0009477915157326873 0 0 
122 0.008176000000000001 0.001028502144404209 0 0 
123 0.008240799999999998 0.001111086355565221 0 0 
124 0.0083056 0.001195221460948957 0 0 
125 0.0083704 0.001280578712348606 0 0 
126 0.0084352 0.00136682458616295 0 0 
127 0.008500000000000001 0.001453622086601323 0 0 
128 0.008564800000000001 0.001540632062455738 0 0 
129 0.008629599999999999 0.00162751453229506 0 0 
130 0.0086944 0.00171393001290318 0 0 
131 0.0087592 0.001799540845770473 0 0 
132 0.008824 0.001884012516455429 0 0 
133 0.008888800000000001 0.001967014961661191 0 0 
134 0.008953600000000003 0.002048223858919771 0 0 
135 0.009018399999999999 0.00212732189384463 0 0 
136 0.0090832 0.002204 0 0 
137 0.009148 0.002277958566542278 0 0 
138 0.0092128 0.002348908608914799 0 0 
139 0.009277600000000002 0.002416572898021611 0 0 
140 0.009342399999999999 0.002480687043468148 0 0 
141 0.009407199999999999 0.002541000526636161 0 0 
142 0.009472 0.002597277679556285 0 0 
143 0.0095368 0.002649298605753407 0 0 
144 0.009601600000000002 0.002696860039466747 0 0 
145 0.0096664 0.00273977613988734 0 0 
146 0.009731199999999999 0.002777879217309536 0 0 
147 0.009796000000000001 0.002811020388359154 0 0 
148 0.009860799999999999 0.00283907015773807 0 0 
149 0.009925600000000001 0.002861918924212139 0 0 
150 0.0099904 0.002879477408865364 0 0 
151 0.0100552 0.002891677003946936 0 0 
152 0.01012 0.002898406292654282 0 0 
153 0.0101848 0.002899822892563947 0 0 
154 0.0102496 0.002895574476973189 0 0 
155 0.0103144 0.002885677646075244 0 0 
156 0.0103792 0.002870171070593776 0 0 
157 0.010444 0.002849115340681495 0 0 
158 0.0105088 0.002822592729171129 0 0 
159 0.0105736 0.002790706870103834 0 0 
160 0.0106384 0.002753582353791151 0 0 
161 0.0107032 0.002711364239992745 0 0 
162 0.010768 0.002664217491112161 0 0 
163 0.0108328 0.002612326327625272 0 0 
164 0.0108976 0.002555893508260054 0 0 
165 0.0109624 0.002495139537740277 0 0 
166 0.0110272 0.002430301805188757 0 0 
167 0.011092 0.002361633656556783 0 0 
168 0.0111568 0.002289403404704072 0 0 
169 0.0112216 0.002213893280997256 0 0 
170 0.0112864 0.00213539833252342 0 0 
171 0.0113512 0.00205422526922768 0 0 
172 0.011416 0.001970691265479505 0 0 
173 0.0114808 0.001885122720750494 0 0 
174 0.0115456 0.001797853984246141 0 0 
175 0.0116104 0.001709226048474936 0 0 
176 0.0116752 0.001619585216859518 0 0 
177 0.01174 0.001529281750596048 0 0 
178 0.0118048 0.001438668500049045 0 0 
179 0.0118696 0.001348099526029327 0 0 
180 0.0119344 0.001257928716342303 0 0 
181 0.0119992 0.001168508403012241 0 0 
182 0.012064 0.00108018798558557 0 0 
183 0.0121288 0.0009933125658925157 0 0 
184 0.0121936 0.0009082215996015536 0 0 
185 0.0122584 0.0008252475698355931 0 0 
186 0.0123232 0.0007447146880325739 0 0 
187 0.012388 0.0006669376271267201 0 0 
188 0.0124528 0.0005922202920003923 0 0 
189 0.0125176 0.0005208546320108618 0 0 
190 0.0125824 0.000453119500231916 0 0 
191 0.0126472 0.0003892795638676795 0 0 
192 0.012712 0.0003295842700960829 0 0 
193 0.0127768 0.0002742668713828261 0 0 
194 0.0128416 0.0002235435140743081 0 0 
195 0.0129064 0.0001776123938307454 0 0 
196 0.0129712 0.0001366529811995142 0 0 
197 0.013036 0.0001008253203547249 0 0 
198 0.0131008 7.026940374308946e-05 0 0 
199 0.0131656 4.510462507960775e-05 0 0 
200 0.0132304 2.542931283041465e-05 0 0 
201 0.0132952 1.132034600565632e-05 0 0 
202 0.01336 2.832853763636817e-06 0 0 
203 0.017 0 0 0 
204 0.017 0.007 0 0 
205 0.0166 0.007 0 0 
206 0.0165352 0.006997167146236364 0 0 
207 0.0164704 0.006988679653994343 0 0 
208 0.0164056 0.006974570687169585 0 0 
209 0.0163408 0.006954895374920392 0 0 
210 0.016276 0.00692973059625691 0 0 
211 0.0162112 0.006899174679645276 0 0 
212 0.0161464 0.006863347018800487 0 0 
213 0.0160816 0.006822387606169255 0 0 
214 0.0160168 0.006776456485925691 0 0 
215 0.015952 0.006725733128617174 0 0 
216 0.0158872 0.006670415729903918 0 0 
217 0.0158224 0.00661072043613232 0 0 
218 0.0157576 0.006546880499768083 0 0 
219 0.0156928 0.006479145367989138 0 0 
220 0.015628 0.006407779707999607 0 0 
221 0.0155632 0.00633306237287328 0 0 
222 0.0154984 0.006255285311967426 0 0 
223 0.0154336 0.006174752430164407 0 0 
224 0.0153688 0.006091778400398447 0 0 
225 0.015304 0.006006687434107485 0 0 
226 0.0152392 0.005919812014414431 0 0 
227 0.0151744 0.005831491596987761 0 0 
228 0.0151096 0.005742071283657698 0 0 
229 0.0150448 0.005651900473970675 0 0 
230 0.01498 0.005561331499950957 0 0 
231 0.0149152 0.00547071824940395 0 0 
232 0.0148504 0.00538041478314048 0 0 
233 0.0147856 0.005290773951525062 0 0 
234 0.0147208 0.005202146015753859 0 0 
235 0.014656 0.005114877279249506 0 0 
236 0.0145912 0.005029308734520494 0 0 
237 0.0145264 0.004945774730772319 0 0 
238 0.0144616 0.004864601667476581 0 0 
239 0.0143968 0.004786106719002744 0 0 
240 0.014332 0.004710596595295929 0 0 
241 0.0142672 0.004638366343443216 0 0 
242 0.0142024 0.004569698194811243 0 0 
243 0.0141376 0.004504860462259724 0 0 
244 0.0140728 0.004444106491739946 0 0 
245 0.014008 0.00438767367237473 0 0 
246 0.0139432 0.00433578250888784 0 0 
247 0.0138784 0.004288635760007255 0 0 
248 0.0138136 0.004246417646208849 0 0 
249 0.0137488 0.004209293129896164 0 0 
250 0.013684 0.004177407270828871 0 0 
251 0.0136192 0.004150884659318505 0 0 
252 0.0135544 0.004129828929406224 0 0 
253 0.0134896 0.004114322353924756 0 0 
254 0.0134248 0.00410442552302681 0 0 
255 0.01336 0.004100177107436053 0 0 
256 0.0132952 0.00410152995905189 0 0 
257 0.0132304 0.004108322996053063 0 0 
258 0.0131656 0.004120522591134637 0 0 
259 0.0131008 0.004138081075787861 0 0 
260 0.013036 0.004160929842261931 0 0 
261 0.0129712 0.004188979611640846 0 0 
262 0.0129064 0.004222120782690464 0 0 
263 0.0128416 0.00426022386011266 0 0 
264 0.0127768 0.004303139960533253 0 0 
265 0.012712 0.004350701394246594 0 0 
266 0.0126472 0.004402722320443715 0 0 
267 0.0125824 0.004458999473363839 0 0 
268 0.0125176 0.004519312956531852 0 0 
269 0.0124528 0.00458342710197839 0 0 
270 0.012388 0.004651091391085201 0 0 
271 0.0123232 0.004722041433457723 0 0 
272 0.0122584 0.004795999999999999 0 0 
273 0.0121936 0.004872678106155369 0 0 
274 0.0121288 0.004951776141080229 0 0 
275 0.012064 0.005032985038338808 0 0 
276 0.0119992 0.00511598748354457 0 0 
277 0.0119344 0.005200459154229528 0 0 
278 0.0118696 0.00528606998709682 0 0 
279 0.0118048 0.00537248546770494 0 0 
280 0.01174 0.005459367937544262 0 0 
281 0.0116752 0.005546377913398678 0 0 
282 0.0116104 0.00563317541383705 0 0 
283 0.0115456 0.005719421287651395 0 0 
284 0.0114808 0.005804778539051043 0 0 
285 0.011416 0.005888913644434779 0 0 
286 0.0113512 0.005971497855595791 0 0 
287 0.0112864 0.006052208484267313 0 0 
288 0.0112216 0.006130730162989762 0 0 
289 0.0111568 0.00620675607737266 0 0 
290 0.011092 0.006279989164936431 0 0 
291 0.0110272 0.006350143275849727 0 0 
292 0.0109624 0.006416944291026841 0 0 
293 0.0108976 0.006480131193216381 0 0 
294 0.0108328 0.006539457086896034 0 0 
295 0.010768 0.006594690162988292 0 0 
296 0.0107032 0.006645614604627657 0 0 
297 0.0106384 0.006692031430440118 0 0 
298 0.0105736 0.006733759272039883 0 0 
299 0.0105088 0.006770635082705399 0 0 
300 0.010444 0.006802514774465591 0 0 
301 0.0103792 0.006829273781106962 0 0 
302 0.0103144 0.006850807544901681 0 0 
303 0.0102496 0.006867031925154837 0 0 
304 0.0101848 0.006877883526974483 0 0 
305 0.01012 0.006883319948979848 0 0 
306 0.0100552 0.006883319948979848 0 0 
307 0.009990400000000002 0.006877883526974483 0 0 
308 0.0099256 0.006867031925154837 0 0 
309 0.009860800000000001 0.006850807544901681 0 0 
310 0.009795999999999999 0.006829273781106962 0 0 
311 0.009731200000000001 0.006802514774465591 0 0 
312 0.0096664 0.006770635082705399 0 0 
313 0.009601600000000002 0.006733759272039883 0 0 
314 0.0095368 0.006692031430440118 0 0 
315 0.009472 0.006645614604627657 0 0 
316 0.009407199999999999 0.006594690162988292 0 0 
317 0.009342400000000001 0.006539457086896034 0 0 
318 0.0092776 0.006480131193216381 0 0 
319 0.0092128 0.006416944291026841 0 0 
320 0.009148 0.006350143275849727 0 0 
321 0.009083200000000001 0.006279989164936431 0 0 
322 0.009018399999999999 0.00620675607737266 0 0 
323 0.008953600000000001 0.006130730162989762 0 0 
324 0.008888800000000001 0.006052208484267313 0 0 
325 0.008824 0.005971497855595791 0 0 
326 0.008759200000000002 0.005888913644434779 0 0 
327 0.0086944 0.005804778539051043 0 0 
328 0.008629599999999999 0.005719421287651395 0 0 
329 0.008564800000000001 0.00563317541383705 0 0 
330 0.008500000000000001 0.005546377913398678 0 0 
331 0.0084352 0.005459367937544262 0 0 
332 0.0083704 0.00537248546770494 0 0 
333 0.0083056 0.00528606998709682 0 0 
334 0.0082408 0.005200459154229528 0 0 
335 0.008176000000000001 0.005115987483544572 0 0 
336 0.008111200000000001 0.005032985038338809 0 0 
337 0.008046399999999999 0.004951776141080229 0 0 
338 0.0079816 0.004872678106155369 0 0 
339 0.0079168 0.004795999999999999 0 0 
340 0.007852000000000001 0.004722041433457723 0 0 
341 0.0077872 0.004651091391085201 0 0 
342 0.007722399999999999 0.004583427101978389 0 0 
343 0.007657600000000001 0.004519312956531852 0 0 
344 0.0075928 0.004458999473363839 0 0 
345 0.007528000000000001 0.004402722320443715 0 0 
346 0.007463200000000001 0.004350701394246594 0 0 
347 0.007398399999999999 0.004303139960533253 0 0 
348 0.007333600000000001 0.00426022386011266 0 0 
349 0.007268800000000001 0.004222120782690464 0 0 
350 0.007203999999999999 0.004188979611640846 0 0 
351 0.007139200000000001 0.004160929842261931 0 0 
352 0.007074399999999999 0.004138081075787861 0 0 
353 0.007009600000000001 0.004120522591134637 0 0 
354 0.006944800000000001 0.004108322996053063 0 0 
355 0.006879999999999999 0.004101593707345719 0 0 
356 0.006815200000000001 0.004100177107436053 0 0 
357 0.006750399999999999 0.00410442552302681 0 0 
358 0.006685600000000001 0.004114322353924756 0 0 
359 0.006620800000000001 0.004129828929406224 0 0 
360 0.006555999999999999 0.004150884659318505 0 0 
361 0.006491200000000001 0.004177407270828871 0 0 
362 0.0064264 0.004209293129896165 0 0 
363 0.006361599999999999 0.004246417646208849 0 0 
364 0.006296800000000001 0.004288635760007255 0 0 
365 0.006232 0.004335782508887839 0 0 
366 0.006167200000000001 0.004387673672374728 0 0 
367 0.006102399999999999 0.004444106491739946 0 0 
368 0.0060376 0.004504860462259723 0 0 
369 0.005972800000000001 0.004569698194811243 0 0 
370 0.005907999999999999 0.004638366343443216 0 0 
371 0.0058432 0.004710596595295929 0 0 
372 0.0057784 0.004786106719002744 0 0 
373 0.0057136 0.004864601667476581 0 0 
374 0.005648800000000002 0.004945774730772319 0 0 
375 0.005584 0.005029308734520494 0 0 
376 0.0055192 0.005114877279249507 0 0 
377 0.0054544 0.00520214601575386 0 0 
378 0.0053896 0.005290773951525064 0 0 
379 0.005324800000000002 0.005380414783140482 0 0 
380 0.00526 0.005470718249403952 0 0 
381 0.0051952 0.005561331499950956 0 0 
382 0.0051304 0.005651900473970674 0 0 
383 0.0050656 0.005742071283657697 0 0 
384 0.0050008 0.00583149159698776 0 0 
385 0.004936 0.00591981201441443 0 0 
386 0.0048712 0.006006687434107484 0 0 
387 0.0048064 0.006091778400398447 0 0 
388 0.0047416 0.006174752430164407 0 0 
389 0.0046768 0.006255285311967426 0 0 
390 0.004612 0.00633306237287328 0 0 
391 0.0045472 0.006407779707999608 0 0 
392 0.0044824 0.006479145367989139 0 0 
393 0.004417600000000001 0.006546880499768083 0 0 
394 0.0043528 0.00661072043613232 0 0 
395 0.004288 0.006670415729903918 0 0 
396 0.004223200000000001 0.006725733128617174 0 0 
397 0.0041584 0.006776456485925692 0 0 
398 0.0040936 0.006822387606169255 0 0 
399 0.004028800000000001 0.006863347018800486 0 0 
400 0.003964000000000001 0.006899174679645276 0 0 
401 0.003899200000000001 0.00692973059625691 0 0 
402 0.0038344 0.006954895374920392 0 0 
403 0.003769600000000001 0.006974570687169585 0 0 
404 0.003704800000000001 0.006988679653994343 0 0 
405 0.003639999999999999 0.006997167146236364 0 0 
406 0 0.007 0 0 
1 -1.000000000000024e-07 -1e-07 -1e-07 0.0004001 1e-07 1e-07 1 103 2 1 -2 
2 0.0003999 -9.999999999999989e-08 -1e-07 0.0004649 2.932853763636817e-06 1e-07 1 103 2 2 -3 
3 0.0004647 2.732853763636817e-06 -1e-07 0.0005297 1.142034600565632e-05 1e-07 1 103 2 3 -4 
4 0.0005295000000000001 1.122034600565632e-05 -1e-07 0.0005945 2.552931283041464e-05 1e-07 1 103 2 4 -5 
5 0.0005943000000000001 2.532931283041465e-05 -1e-07 0.0006592999999999999 4.520462507960759e-05 1e-07 1 103 2 5 -6 
6 0.0006591 4.500462507960759e-05 -1e-07 0.0007241 7.036940374308915e-05 1e-07 1 103 2 6 -7 
7 0.0007239000000000001 7.016940374308914e-05 -1e-07 0.0007888999999999999 0.0001009253203547244 1e-07 1 103 2 7 -8 
8 0.0007887 0.0001007253203547244 -1e-07 0.0008536999999999999 0.0001367529811995137 1e-07 1 103 2 8 -9 
9 0.0008535 0.0001365529811995137 -1e-07 0.0009184999999999999 0.0001777123938307447 1e-07 1 103 2 9 -10 
10 0.0009183 0.0001775123938307447 -1e-07 0.0009833000000000001 0.0002236435140743089 1e-07 1 103 2 10 -11 
11 0.0009831 0.0002234435140743089 -1e-07 0.0010481 0.0002743668713828267 1e-07 1 103 2 11 -12 
12 0.0010479 0.0002741668713828267 -1e-07 0.0011129 0.0003296842700960834 1e-07 1 103 2 12 -13 
13 0.0011127 0.0003294842700960834 -1e-07 0.0011777 0.00038937956386768 1e-07 1 103 2 13 -14 
14 0.0011775 0.00038917956386768 -1e-07 0.0012425 0.0004532195002319166 1e-07 1 103 2 14 -15 
15 0.0012423 0.0004530195002319166 -1e-07 0.0013073 0.0005209546320108622 1e-07 1 103 2 15 -16 
16 0.0013071 0.0005207546320108623 -1e-07 0.0013721 0.0005923202920003925 1e-07 1 103 2 16 -17 
17 0.0013719 0.0005921202920003926 -1e-07 0.0014369 0.0006670376271267202 1e-07 1 103 2 17 -18 
18 0.0014367 0.0006668376271267203 -1e-07 0.0015017 0.0007448146880325738 1e-07 1 103 2 18 -19 
19 0.0015015 0.0007446146880325739 -1e-07 0.0015665 0.0008253475698355927 1e-07 1 103 2 19 -20 
20 0.0015663 0.0008251475698355928 -1e-07 0.0016313 0.0009083215996015532 1e-07 1 103 2 20 -21 
21 0.0016311 0.0009081215996015533 -1e-07 0.0016961 0.0009934125658925149 1e-07 1 103 2 21 -22 
22 0.0016959 0.0009932125658925147 -1e-07 0.0017609 0.001080287985585569 1e-07 1 103 2 22 -23 
23 0.0017607 0.001080087985585569 -1e-07 0.0018257 0.00116860840301224 1e-07 1 103 2 23 -24 
24 0.0018255 0.00116840840301224 -1e-07 0.0018905 0.001258028716342302 1e-07 1 103 2 24 -25 
25 0.0018903 0.001257828716342302 -1e-07 0.0019553 0.001348199526029325 1e-07 1 103 2 25 -26 
26 0.0019551 0.001347999526029325 -1e-07 0.0020201 0.001438768500049043 1e-07 1 103 2 26 -27 
27 0.0020199 0.001438568500049043 -1e-07 0.0020849 0.00152938175059605 1e-07 1 103 2 27 -28 
28 0.0020847 0.00152918175059605 -1e-07 0.0021497 0.00161968521685952 1e-07 1 103 2 28 -29 
29 0.0021495 0.001619485216859519 -1e-07 0.0022145 0.001709326048474938 1e-07 1 103 2 29 -30 
30 0.0022143 0.001709126048474938 -1e-07 0.0022793 0.001797953984246142 1e-07 1 103 2 30 -31 
31 0.0022791 0.001797753984246142 -1e-07 0.0023441 0.001885222720750494 1e-07 1 103 2 31 -32 
32 0.0023439 0.001885022720750494 -1e-07 0.0024089 0.001970791265479506 1e-07 1 103 2 32 -33 
33 0.0024087 0.001970591265479506 -1e-07 0.0024737 0.00205432526922768 1e-07 1 103 2 33 -34 
34 0.0024735 0.00205412526922768 -1e-07 0.0025385 0.002135498332523419 1e-07 1 103 2 34 -35 
35 0.0025383 0.00213529833252342 -1e-07 0.0026033 0.002213993280997256 1e-07 1 103 2 35 -36 
36 0.0026031 0.002213793280997256 -1e-07 0.0026681 0.002289503404704071 1e-07 1 103 2 36 -37 
37 0.0026679 0.002289303404704071 -1e-07 0.002732899999999999 0.002361733656556783 1e-07 1 103 2 37 -38 
38 0.0027327 0.002361533656556783 -1e-07 0.0027977 0.002430401805188756 1e-07 1 103 2 38 -39 
39 0.0027975 0.002430201805188757 -1e-07 0.0028625 0.002495239537740276 1e-07 1 103 2 39 -40 
40 0.0028623 0.002495039537740276 -1e-07 0.002927299999999999 0.002555993508260054 1e-07 1 103 2 40 -41 
41 0.0029271 0.002555793508260054 -1e-07 0.0029921 0.002612426327625271 1e-07 1 103 2 41 -42 
42 0.0029919 0.002612226327625271 -1e-07 0.0030569 0.00266431749111216 1e-07 1 103 2 42 -43 
43 0.0030567 0.002664117491112161 -1e-07 0.0031217 0.002711464239992746 1e-07 1 103 2 43 -44 
44 0.0031215 0.002711264239992746 -1e-07 0.0031865 0.002753682353791151 1e-07 1 103 2 44 -45 
45 0.0031863 0.002753482353791152 -1e-07 0.0032513 0.002790806870103835 1e-07 1 103 2 45 -46 
46 0.0032511 0.002790606870103835 -1e-07 0.0033161 0.002822692729171129 1e-07 1 103 2 46 -47 
47 0.0033159 0.00282249272917113 -1e-07 0.0033809 0.002849215340681495 1e-07 1 103 2 47 -48 
48 0.0033807 0.002849015340681495 -1e-07 0.0034457 0.002870271070593776 1e-07 1 103 2 48 -49 
49 0.0034455 0.002870071070593777 -1e-07 0.0035105 0.002885777646075244 1e-07 1 103 2 49 -50 
50 0.0035103 0.002885577646075244 -1e-07 0.0035753 0.002895674476973189 1e-07 1 103 2 50 -51 
51 0.0035751 0.00289547447697319 -1e-07 0.0036401 0.002899922892563946 1e-07 1 103 2 51 -52 
52 0.0036399 0.002898370040948111 -1e-07 0.0037049 0.002899922892563946 1e-07 1 103 2 52 -53 
53 0.0037047 0.002891577003946936 -1e-07 0.0037697 0.00289857004094811 1e-07 1 103 2 53 -54 
54 0.0037695 0.002879377408865364 -1e-07 0.003834499999999999 0.002891777003946936 1e-07 1 103 2 54 -55 
55 0.0038343 0.002861818924212139 -1e-07 0.0038993 0.002879577408865363 1e-07 1 103 2 55 -56 
56 0.0038991 0.00283897015773807 -1e-07 0.0039641 0.002862018924212139 1e-07 1 103 2 56 -57 
57 0.003963899999999999 0.002810920388359154 -1e-07 0.0040289 0.00283917015773807 1e-07 1 103 2 57 -58 
58 0.0040287 0.002777779217309536 -1e-07 0.0040937 0.002811120388359154 1e-07 1 103 2 58 -59 
59 0.0040935 0.00273967613988734 -1e-07 0.0041585 0.002777979217309536 1e-07 1 103 2 59 -60 
60 0.004158299999999999 0.002696760039466747 -1e-07 0.004223300000000001 0.00273987613988734 1e-07 1 103 2 60 -61 
61 0.0042231 0.002649198605753407 -1e-07 0.0042881 0.002696960039466747 1e-07 1 103 2 61 -62 
62 0.0042879 0.002597177679556285 -1e-07 0.004352900000000001 0.002649398605753407 1e-07 1 103 2 62 -63 
63 0.0043527 0.002540900526636162 -1e-07 0.004417700000000001 0.002597377679556285 1e-07 1 103 2 63 -64 
64 0.0044175 0.002480587043468148 -1e-07 0.0044825 0.002541100526636161 1e-07 1 103 2 64 -65 
65 0.0044823 0.00241647289802161 -1e-07 0.004547300000000001 0.002480787043468147 1e-07 1 103 2 65 -66 
66 0.0045471 0.002348808608914799 -1e-07 0.0046121 0.00241667289802161 1e-07 1 103 2 66 -67 
67 0.0046119 0.002277858566542278 -1e-07 0.004676900000000001 0.002349008608914799 1e-07 1 103 2 67 -68 
68 0.004676700000000001 0.0022039 -1e-07 0.004741700000000001 0.002278058566542278 1e-07 1 103 2 68 -69 
69 0.0047415 0.002127221893844631 -1e-07 0.0048065 0.0022041 1e-07 1 103 2 69 -70 
70 0.004806299999999999 0.002048123858919771 -1e-07 0.0048713 0.00212742189384463 1e-07 1 103 2 70 -71 
71 0.0048711 0.001966914961661192 -1e-07 0.004936100000000001 0.002048323858919771 1e-07 1 103 2 71 -72 
72 0.0049359 0.001883912516455429 -1e-07 0.005000900000000001 0.001967114961661192 1e-07 1 103 2 72 -73 
73 0.0050007 0.001799440845770473 -1e-07 0.0050657 0.001884112516455429 1e-07 1 103 2 73 -74 
74 0.0050655 0.00171383001290318 -1e-07 0.005130500000000001 0.001799640845770473 1e-07 1 103 2 74 -75 
75 0.0051303 0.00162741453229506 -1e-07 0.0051953 0.00171403001290318 1e-07 1 103 2 75 -76 
76 0.005195099999999999 0.001540532062455738 -1e-07 0.005260100000000001 0.00162761453229506 1e-07 1 103 2 76 -77 
77 0.005259900000000001 0.001453522086601323 -1e-07 0.005324900000000001 0.001540732062455738 1e-07 1 103 2 77 -78 
78 0.005324700000000001 0.001366724586162949 -1e-07 0.0053897 0.001453722086601323 1e-07 1 103 2 78 -79 
79 0.005389499999999999 0.001280478712348606 -1e-07 0.0054545 0.00136692458616295 1e-07 1 103 2 79 -80 
80 0.0054543 0.001195121460948957 -1e-07 0.005519300000000001 0.001280678712348606 1e-07 1 103 2 80 -81 
81 0.005519100000000001 0.001110986355565221 -1e-07 0.005584100000000001 0.001195321460948957 1e-07 1 103 2 81 -82 
82 0.0055839 0.001028402144404209 -1e-07 0.005648900000000001 0.001111186355565221 1e-07 1 103 2 82 -83 
83 0.0056487 0.0009476915157326873 -1e-07 0.0057137 0.001028602144404209 1e-07 1 103 2 83 -84 
84 0.0057135 0.0008691698370102386 -1e-07 0.005778500000000001 0.0009478915157326872 1e-07 1 103 2 84 -85 
85 0.0057783 0.0007931439226273399 -1e-07 0.005843300000000001 0.0008693698370102385 1e-07 1 103 2 85 -86 
86 0.0058431 0.000719910835063569 -1e-07 0.0059081 0.0007933439226273398 1e-07 1 103 2 86 -87 
87 0.0059079 0.0006497567241502743 -1e-07 0.005972900000000001 0.0007201108350635689 1e-07 1 103 2 87 -88 
88 0.0059727 0.0005829557089731597 -1e-07 0.0060377 0.0006499567241502742 1e-07 1 103 2 88 -89 
89 0.006037499999999999 0.0005197688067836184 -1e-07 0.0061025 0.0005831557089731596 1e-07 1 103 2 89 -90 
90 0.0061023 0.0004604429131039656 -1e-07 0.006167300000000001 0.0005199688067836183 1e-07 1 103 2 90 -91 
91 0.0061671 0.0004052098370117081 -1e-07 0.006232100000000001 0.0004606429131039656 1e-07 1 103 2 91 -92 
92 0.0062319 0.0003542853953723428 -1e-07 0.0062969 0.0004054098370117081 1e-07 1 103 2 92 -93 
93 0.0062967 0.0003078685695598822 -1e-07 0.006361700000000001 0.0003544853953723428 1e-07 1 103 2 93 -94 
94 0.0063615 0.0002661407279601179 -1e-07 0.006426500000000001 0.0003080685695598822 1e-07 1 103 2 94 -95 
95 0.0064263 0.0002292649172946008 -1e-07 0.0064913 0.0002663407279601179 1e-07 1 103 2 95 -96 
96 0.0064911 0.0001973852255344081 -1e-07 0.0065561 0.0002294649172946008 1e-07 1 103 2 96 -97 
97 0.0065559 0.0001706262188930383 -1e-07 0.006620900000000001 0.0001975852255344081 1e-07 1 103 2 97 -98 
98 0.0066207 0.0001490924550983194 -1e-07 0.0066857 0.0001708262188930383 1e-07 1 103 2 98 -99 
99 0.0066855 0.000132868074845163 -1e-07 0.0067505 0.0001492924550983194 1e-07 1 103 2 99 -100 
100 0.0067503 0.0001220164730255178 -1e-07 0.006815300000000001 0.000133068074845163 1e-07 1 103 2 100 -101 
101 0.0068151 0.0001165800510201515 -1e-07 0.006880100000000001 0.0001222164730255178 1e-07 1 103 2 101 -102 
102 0.0068799 0.0001165800510201515 -1e-07 0.0069449 0.0001167800510201515 1e-07 1 103 2 102 -103 
103 0.0069447 0.0001165800510201515 -1e-07 0.007009700000000001 0.0001222164730255178 1e-07 1 103 2 103 -104 
104 0.0070095 0.0001220164730255178 -1e-07 0.0070745 0.000133068074845163 1e-07 1 103 2 104 -105 
105 0.0070743 0.000132868074845163 -1e-07 0.0071393 0.0001492924550983194 1e-07 1 103 2 105 -106 
106 0.0071391 0.0001490924550983194 -1e-07 0.007204100000000001 0.0001708262188930383 1e-07 1 103 2 106 -107 
107 0.007203900000000001 0.0001706262188930383 -1e-07 0.0072689 0.0001975852255344081 1e-07 1 103 2 107 -108 
108 0.007268699999999999 0.0001973852255344081 -1e-07 0.0073337 0.0002294649172946008 1e-07 1 103 2 108 -109 
109 0.0073335 0.0002292649172946008 -1e-07 0.0073985 0.0002663407279601179 1e-07 1 103 2 109 -110 
110 0.007398299999999999 0.0002661407279601179 -1e-07 0.007463300000000001 0.0003080685695598822 1e-07 1 103 2 110 -111 
111 0.0074631 0.0003078685695598822 -1e-07 0.007528100000000001 0.0003544853953723428 1e-07 1 103 2 111 -112 
112 0.007527900000000001 0.0003542853953723428 -1e-07 0.0075929 0.0004054098370117081 1e-07 1 103 2 112 -113 
113 0.007592699999999999 0.0004052098370117081 -1e-07 0.0076577 0.0004606429131039656 1e-07 1 103 2 113 -114 
114 0.007657499999999999 0.0004604429131039656 -1e-07 0.007722500000000001 0.0005199688067836183 1e-07 1 103 2 114 -115 
115 0.007722300000000001 0.0005197688067836184 -1e-07 0.0077873 0.0005831557089731596 1e-07 1 103 2 115 -116 
116 0.0077871 0.0005829557089731597 -1e-07 0.007852100000000001 0.0006499567241502742 1e-07 1 103 2 116 -117 
117 0.007851900000000002 0.0006497567241502743 -1e-07 0.007916899999999999 0.0007201108350635689 1e-07 1 103 2 117 -118 
118 0.0079167 0.000719910835063569 -1e-07 0.0079817 0.0007933439226273398 1e-07 1 103 2 118 -119 
119 0.007981500000000001 0.0007931439226273399 -1e-07 0.0080465 0.0008693698370102385 1e-07 1 103 2 119 -120 
120 0.008046300000000001 0.0008691698370102386 -1e-07 0.0081113 0.0009478915157326872 1e-07 1 103 2 120 -121 
121 0.008111100000000001 0.0009476915157326873 -1e-07 0.0081761 0.001028602144404209 1e-07 1 103 2 121 -122 
122 0.008175900000000002 0.001028402144404209 -1e-07 0.008240899999999997 0.001111186355565221 1e-07 1 103 2 122 -123 
123 0.008240699999999998 0.001110986355565221 -1e-07 0.008305699999999999 0.001195321460948957 1e-07 1 103 2 123 -124 
124 0.0083055 0.001195121460948957 -1e-07 0.008370499999999999 0.001280678712348606 1e-07 1 103 2 124 -125 
125 0.008370300000000001 0.001280478712348606 -1e-07 0.0084353 0.00136692458616295 1e-07 1 103 2 125 -126 
126 0.008435100000000001 0.001366724586162949 -1e-07 0.0085001 0.001453722086601323 1e-07 1 103 2 126 -127 
127 0.008499900000000001 0.001453522086601323 -1e-07 0.0085649 0.001540732062455738 1e-07 1 103 2 127 -128 
128 0.008564700000000001 0.001540532062455738 -1e-07 0.008629699999999999 0.00162761453229506 1e-07 1 103 2 128 -129 
129 0.0086295 0.00162741453229506 -1e-07 0.008694499999999999 0.00171403001290318 1e-07 1 103 2 129 -130 
130 0.0086943 0.00171383001290318 -1e-07 0.008759299999999999 0.001799640845770473 1e-07 1 103 2 130 -131 
131 0.008759100000000001 0.001799440845770473 -1e-07 0.0088241 0.001884112516455429 1e-07 1 103 2 131 -132 
132 0.008823900000000001 0.001883912516455429 -1e-07 0.0088889 0.001967114961661191 1e-07 1 103 2 132 -133 
133 0.008888700000000001 0.001966914961661191 -1e-07 0.008953700000000002 0.002048323858919771 1e-07 1 103 2 133 -134 
134 0.008953500000000003 0.002048123858919771 -1e-07 0.009018499999999999 0.00212742189384463 1e-07 1 103 2 134 -135 
135 0.0090183 0.002127221893844631 -1e-07 0.009083299999999999 0.0022041 1e-07 1 103 2 135 -136 
136 0.0090831 0.0022039 -1e-07 0.009148099999999999 0.002278058566542278 1e-07 1 103 2 136 -137 
137 0.0091479 0.002277858566542278 -1e-07 0.0092129 0.002349008608914799 1e-07 1 103 2 137 -138 
138 0.009212700000000001 0.002348808608914799 -1e-07 0.009277700000000002 0.002416672898021611 1e-07 1 103 2 138 -139 
139 0.009277500000000003 0.002416472898021611 -1e-07 0.009342499999999998 0.002480787043468148 1e-07 1 103 2 139 -140 
140 0.0093423 0.002480587043468149 -1e-07 0.009407299999999999 0.002541100526636161 1e-07 1 103 2 140 -141 
141 0.0094071 0.002540900526636161 -1e-07 0.009472099999999999 0.002597377679556285 1e-07 1 103 2 141 -142 
142 0.0094719 0.002597177679556285 -1e-07 0.009536899999999999 0.002649398605753407 1e-07 1 103 2 142 -143 
143 0.0095367 0.002649198605753407 -1e-07 0.009601700000000001 0.002696960039466747 1e-07 1 103 2 143 -144 
144 0.009601500000000002 0.002696760039466747 -1e-07 0.0096665 0.00273987613988734 1e-07 1 103 2 144 -145 
145 0.009666300000000001 0.00273967613988734 -1e-07 0.009731299999999998 0.002777979217309536 1e-07 1 103 2 145 -146 
146 0.009731099999999999 0.002777779217309536 -1e-07 0.0097961 0.002811120388359154 1e-07 1 103 2 146 -147 
147 0.009795900000000001 0.002810920388359154 -1e-07 0.009860899999999999 0.002839170157738069 1e-07 1 103 2 147 -148 
148 0.0098607 0.00283897015773807 -1e-07 0.009925700000000001 0.002862018924212139 1e-07 1 103 2 148 -149 
149 0.009925500000000002 0.002861818924212139 -1e-07 0.009990499999999999 0.002879577408865363 1e-07 1 103 2 149 -150 
150 0.009990300000000001 0.002879377408865364 -1e-07 0.0100553 0.002891777003946936 1e-07 1 103 2 150 -151 
151 0.0100551 0.002891577003946936 -1e-07 0.0101201 0.002898506292654281 1e-07 1 103 2 151 -152 
152 0.0101199 0.002898306292654282 -1e-07 0.0101849 0.002899922892563946 1e-07 1 103 2 152 -153 
153 0.0101847 0.00289547447697319 -1e-07 0.0102497 0.002899922892563946 1e-07 1 103 2 153 -154 
154 0.0102495 0.002885577646075244 -1e-07 0.0103145 0.002895674476973189 1e-07 1 103 2 154 -155 
155 0.0103143 0.002870071070593777 -1e-07 0.0103793 0.002885777646075244 1e-07 1 103 2 155 -156 
156 0.0103791 0.002849015340681495 -1e-07 0.0104441 0.002870271070593776 1e-07 1 103 2 156 -157 
157 0.0104439 0.002822492729171129 -1e-07 0.0105089 0.002849215340681495 1e-07 1 103 2 157 -158 
158 0.0105087 0.002790606870103835 -1e-07 0.0105737 0.002822692729171129 1e-07 1 103 2 158 -159 
159 0.0105735 0.002753482353791151 -1e-07 0.0106385 0.002790806870103834 1e-07 1 103 2 159 -160 
160 0.0106383 0.002711264239992745 -1e-07 0.0107033 0.002753682353791151 1e-07 1 103 2 160 -161 
161 0.0107031 0.002664117491112161 -1e-07 0.0107681 0.002711464239992745 1e-07 1 103 2 161 -162 
162 0.0107679 0.002612226327625272 -1e-07 0.0108329 0.002664317491112161 1e-07 1 103 2 162 -163 
163 0.0108327 0.002555793508260054 -1e-07 0.0108977 0.002612426327625272 1e-07 1 103 2 163 -164 
164 0.0108975 0.002495039537740277 -1e-07 0.0109625 0.002555993508260054 1e-07 1 103 2 164 -165 
165 0.0109623 0.002430201805188757 -1e-07 0.0110273 0.002495239537740277 1e-07 1 103 2 165 -166 
166 0.0110271 0.002361533656556783 -1e-07 0.0110921 0.002430401805188757 1e-07 1 103 2 166 -167 
167 0.0110919 0.002289303404704072 -1e-07 0.0111569 0.002361733656556783 1e-07 1 103 2 167 -168 
168 0.0111567 0.002213793280997256 -1e-07 0.0112217 0.002289503404704071 1e-07 1 103 2 168 -169 
169 0.0112215 0.00213529833252342 -1e-07 0.0112865 0.002213993280997256 1e-07 1 103 2 169 -170 
170 0.0112863 0.00205412526922768 -1e-07 0.0113513 0.002135498332523419 1e-07 1 103 2 170 -171 
171 0.0113511 0.001970591265479505 -1e-07 0.0114161 0.00205432526922768 1e-07 1 103 2 171 -172 
172 0.0114159 0.001885022720750493 -1e-07 0.0114809 0.001970791265479505 1e-07 1 103 2 172 -173 
173 0.0114807 0.001797753984246141 -1e-07 0.0115457 0.001885222720750494 1e-07 1 103 2 173 -174 
174 0.0115455 0.001709126048474936 -1e-07 0.0116105 0.001797953984246141 1e-07 1 103 2 174 -175 
175 0.0116103 0.001619485216859518 -1e-07 0.0116753 0.001709326048474936 1e-07 1 103 2 175 -176 
176 0.0116751 0.001529181750596048 -1e-07 0.0117401 0.001619685216859518 1e-07 1 103 2 176 -177 
177 0.0117399 0.001438568500049045 -1e-07 0.0118049 0.001529381750596048 1e-07 1 103 2 177 -178 
178 0.0118047 0.001347999526029327 -1e-07 0.0118697 0.001438768500049045 1e-07 1 103 2 178 -179 
179 0.0118695 0.001257828716342303 -1e-07 0.0119345 0.001348199526029327 1e-07 1 103 2 179 -180 
180 0.0119343 0.001168408403012241 -1e-07 0.0119993 0.001258028716342303 1e-07 1 103 2 180 -181 
181 0.0119991 0.00108008798558557 -1e-07 0.0120641 0.001168608403012241 1e-07 1 103 2 181 -182 
182 0.0120639 0.0009932125658925156 -1e-07 0.0121289 0.00108028798558557 1e-07 1 103 2 182 -183 
183 0.0121287 0.0009081215996015536 -1e-07 0.0121937 0.0009934125658925157 1e-07 1 103 2 183 -184 
184 0.0121935 0.0008251475698355931 -1e-07 0.0122585 0.0009083215996015535 1e-07 1 103 2 184 -185 
185 0.0122583 0.0007446146880325739 -1e-07 0.0123233 0.000825347569835593 1e-07 1 103 2 185 -186 
186 0.0123231 0.0006668376271267201 -1e-07 0.0123881 0.0007448146880325738 1e-07 1 103 2 186 -187 
187 0.0123879 0.0005921202920003923 -1e-07 0.0124529 0.00066703762712672 1e-07 1 103 2 187 -188 
188 0.0124527 0.0005207546320108618 -1e-07 0.0125177 0.0005923202920003922 1e-07 1 103 2 188 -189 
189 0.0125175 0.000453019500231916 -1e-07 0.0125825 0.0005209546320108617 1e-07 1 103 2 189 -190 
190 0.0125823 0.0003891795638676795 -1e-07 0.0126473 0.000453219500231916 1e-07 1 103 2 190 -191 
191 0.0126471 0.0003294842700960829 -1e-07 0.0127121 0.0003893795638676795 1e-07 1 103 2 191 -192 
192 0.0127119 0.0002741668713828261 -1e-07 0.0127769 0.0003296842700960829 1e-07 1 103 2 192 -193 
193 0.0127767 0.0002234435140743081 -1e-07 0.0128417 0.0002743668713828261 1e-07 1 103 2 193 -194 
194 0.0128415 0.0001775123938307454 -1e-07 0.0129065 0.0002236435140743081 1e-07 1 103 2 194 -195 
195 0.0129063 0.0001365529811995142 -1e-07 0.0129713 0.0001777123938307454 1e-07 1 103 2 195 -196 
196 0.0129711 0.0001007253203547249 -1e-07 0.0130361 0.0001367529811995142 1e-07 1 103 2 196 -197 
197 0.0130359 7.016940374308946e-05 -1e-07 0.0131009 0.0001009253203547249 1e-07 1 103 2 197 -198 
198 0.0131007 4.500462507960775e-05 -1e-07 0.0131657 7.036940374308946e-05 1e-07 1 103 2 198 -199 
199 0.0131655 2.532931283041465e-05 -1e-07 0.0132305 4.520462507960775e-05 1e-07 1 103 2 199 -200 
200 0.0132303 1.122034600565632e-05 -1e-07 0.0132953 2.552931283041464e-05 1e-07 1 103 2 200 -201 
201 0.0132951 2.732853763636817e-06 -1e-07 0.0133601 1.142034600565632e-05 1e-07 1 103 2 201 -202 
202 0.0133599 -9.999999999999989e-08 -1e-07 0.0170001 2.932853763636817e-06 1e-07 1 103 2 202 -203 
203 0.0169999 -9.99999999998398e-08 -1e-07 0.0170001 0.0070001 1e-07 1 102 2 203 -204 
204 0.0165999 0.0069999 -1e-07 0.0170001 0.0070001 1e-07 1 103 2 204 -205 
205 0.0165351 0.006997067146236363 -1e-07 0.0166001 0.0070001 1e-07 1 103 2 205 -206 
206 0.0164703 0.006988579653994343 -1e-07 0.0165353 0.006997267146236364 1e-07 1 103 2 206 -207 
207 0.0164055 0.006974470687169585 -1e-07 0.0164705 0.006988779653994344 1e-07 1 103 2 207 -208 
208 0.0163407 0.006954795374920392 -1e-07 0.0164057 0.006974670687169586 1e-07 1 103 2 208 -209 
209 0.0162759 0.00692963059625691 -1e-07 0.0163409 0.006954995374920393 1e-07 1 103 2 209 -210 
210 0.0162111 0.006899074679645276 -1e-07 0.0162761 0.006929830596256911 1e-07 1 103 2 210 -211 
211 0.0161463 0.006863247018800487 -1e-07 0.0162113 0.006899274679645276 1e-07 1 103 2 211 -212 
212 0.0160815 0.006822287606169255 -1e-07 0.0161465 0.006863447018800487 1e-07 1 103 2 212 -213 
213 0.0160167 0.006776356485925691 -1e-07 0.0160817 0.006822487606169256 1e-07 1 103 2 213 -214 
214 0.0159519 0.006725633128617173 -1e-07 0.0160169 0.006776556485925692 1e-07 1 103 2 214 -215 
215 0.0158871 0.006670315729903917 -1e-07 0.0159521 0.006725833128617174 1e-07 1 103 2 215 -216 
216 0.0158223 0.00661062043613232 -1e-07 0.0158873 0.006670515729903918 1e-07 1 103 2 216 -217 
217 0.0157575 0.006546780499768083 -1e-07 0.0158225 0.00661082043613232 1e-07 1 103 2 217 -218 
218 0.0156927 0.006479045367989138 -1e-07 0.0157577 0.006546980499768084 1e-07 1 103 2 218 -219 
219 0.0156279 0.006407679707999607 -1e-07 0.0156929 0.006479245367989138 1e-07 1 103 2 219 -220 
220 0.0155631 0.006332962372873279 -1e-07 0.0156281 0.006407879707999608 1e-07 1 103 2 220 -221 
221 0.0154983 0.006255185311967426 -1e-07 0.0155633 0.00633316237287328 1e-07 1 103 2 221 -222 
222 0.0154335 0.006174652430164407 -1e-07 0.0154985 0.006255385311967426 1e-07 1 103 2 222 -223 
223 0.0153687 0.006091678400398447 -1e-07 0.0154337 0.006174852430164407 1e-07 1 103 2 223 -224 
224 0.0153039 0.006006587434107485 -1e-07 0.0153689 0.006091878400398447 1e-07 1 103 2 224 -225 
225 0.0152391 0.00591971201441443 -1e-07 0.0153041 0.006006787434107486 1e-07 1 103 2 225 -226 
226 0.0151743 0.00583139159698776 -1e-07 0.0152393 0.005919912014414431 1e-07 1 103 2 226 -227 
227 0.0151095 0.005741971283657697 -1e-07 0.0151745 0.005831591596987761 1e-07 1 103 2 227 -228 
228 0.0150447 0.005651800473970675 -1e-07 0.0151097 0.005742171283657698 1e-07 1 103 2 228 -229 
229 0.0149799 0.005561231499950956 -1e-07 0.0150449 0.005652000473970675 1e-07 1 103 2 229 -230 
230 0.0149151 0.00547061824940395 -1e-07 0.0149801 0.005561431499950957 1e-07 1 103 2 230 -231 
231 0.0148503 0.00538031478314048 -1e-07 0.0149153 0.00547081824940395 1e-07 1 103 2 231 -232 
232 0.0147855 0.005290673951525062 -1e-07 0.0148505 0.005380514783140481 1e-07 1 103 2 232 -233 
233 0.0147207 0.005202046015753858 -1e-07 0.0147857 0.005290873951525062 1e-07 1 103 2 233 -234 
234 0.0146559 0.005114777279249506 -1e-07 0.0147209 0.005202246015753859 1e-07 1 103 2 234 -235 
235 0.0145911 0.005029208734520494 -1e-07 0.0146561 0.005114977279249506 1e-07 1 103 2 235 -236 
236 0.0145263 0.004945674730772319 -1e-07 0.0145913 0.005029408734520495 1e-07 1 103 2 236 -237 
237 0.0144615 0.004864501667476581 -1e-07 0.0145265 0.00494587473077232 1e-07 1 103 2 237 -238 
238 0.0143967 0.004786006719002743 -1e-07 0.0144617 0.004864701667476582 1e-07 1 103 2 238 -239 
239 0.0143319 0.004710496595295929 -1e-07 0.0143969 0.004786206719002744 1e-07 1 103 2 239 -240 
240 0.0142671 0.004638266343443216 -1e-07 0.0143321 0.004710696595295929 1e-07 1 103 2 240 -241 
241 0.0142023 0.004569598194811243 -1e-07 0.0142673 0.004638466343443217 1e-07 1 103 2 241 -242 
242 0.0141375 0.004504760462259724 -1e-07 0.0142025 0.004569798194811243 1e-07 1 103 2 242 -243 
243 0.0140727 0.004444006491739946 -1e-07 0.0141377 0.004504960462259724 1e-07 1 103 2 243 -244 
244 0.0140079 0.004387573672374729 -1e-07 0.0140729 0.004444206491739947 1e-07 1 103 2 244 -245 
245 0.0139431 0.004335682508887839 -1e-07 0.0140081 0.00438777367237473 1e-07 1 103 2 245 -246 
246 0.0138783 0.004288535760007255 -1e-07 0.0139433 0.00433588250888784 1e-07 1 103 2 246 -247 
247 0.0138135 0.004246317646208849 -1e-07 0.0138785 0.004288735760007255 1e-07 1 103 2 247 -248 
248 0.0137487 0.004209193129896164 -1e-07 0.0138137 0.004246517646208849 1e-07 1 103 2 248 -249 
249 0.0136839 0.004177307270828871 -1e-07 0.0137489 0.004209393129896165 1e-07 1 103 2 249 -250 
250 0.0136191 0.004150784659318505 -1e-07 0.0136841 0.004177507270828871 1e-07 1 103 2 250 -251 
251 0.0135543 0.004129728929406224 -1e-07 0.0136193 0.004150984659318505 1e-07 1 103 2 251 -252 
252 0.0134895 0.004114222353924756 -1e-07 0.0135545 0.004129928929406224 1e-07 1 103 2 252 -253 
253 0.0134247 0.00410432552302681 -1e-07 0.0134897 0.004114422353924756 1e-07 1 103 2 253 -254 
254 0.0133599 0.004100077107436053 -1e-07 0.0134249 0.004104525523026811 1e-07 1 103 2 254 -255 
255 0.0132951 0.004100077107436053 -1e-07 0.0133601 0.00410162995905189 1e-07 1 103 2 255 -256 
256 0.0132303 0.004101429959051889 -1e-07 0.0132953 0.004108422996053063 1e-07 1 103 2 256 -257 
257 0.0131655 0.004108222996053063 -1e-07 0.0132305 0.004120622591134637 1e-07 1 103 2 257 -258 
258 0.0131007 0.004120422591134636 -1e-07 0.0131657 0.004138181075787862 1e-07 1 103 2 258 -259 
259 0.0130359 0.004137981075787861 -1e-07 0.0131009 0.004161029842261931 1e-07 1 103 2 259 -260 
260 0.0129711 0.004160829842261931 -1e-07 0.0130361 0.004189079611640847 1e-07 1 103 2 260 -261 
261 0.0129063 0.004188879611640846 -1e-07 0.0129713 0.004222220782690464 1e-07 1 103 2 261 -262 
262 0.0128415 0.004222020782690464 -1e-07 0.0129065 0.004260323860112661 1e-07 1 103 2 262 -263 
263 0.0127767 0.00426012386011266 -1e-07 0.0128417 0.004303239960533253 1e-07 1 103 2 263 -264 
264 0.0127119 0.004303039960533253 -1e-07 0.0127769 0.004350801394246594 1e-07 1 103 2 264 -265 
265 0.0126471 0.004350601394246594 -1e-07 0.0127121 0.004402822320443716 1e-07 1 103 2 265 -266 
266 0.0125823 0.004402622320443715 -1e-07 0.0126473 0.004459099473363839 1e-07 1 103 2 266 -267 
267 0.0125175 0.004458899473363838 -1e-07 0.0125825 0.004519412956531852 1e-07 1 103 2 267 -268 
268 0.0124527 0.004519212956531852 -1e-07 0.0125177 0.004583527101978391 1e-07 1 103 2 268 -269 
269 0.0123879 0.00458332710197839 -1e-07 0.0124529 0.004651191391085201 1e-07 1 103 2 269 -270 
270 0.0123231 0.004650991391085201 -1e-07 0.0123881 0.004722141433457723 1e-07 1 103 2 270 -271 
271 0.0122583 0.004721941433457722 -1e-07 0.0123233 0.004796099999999999 1e-07 1 103 2 271 -272 
272 0.0121935 0.004795899999999999 -1e-07 0.0122585 0.00487277810615537 1e-07 1 103 2 272 -273 
273 0.0121287 0.004872578106155369 -1e-07 0.0121937 0.004951876141080229 1e-07 1 103 2 273 -274 
274 0.0120639 0.004951676141080229 -1e-07 0.0121289 0.005033085038338808 1e-07 1 103 2 274 -275 
275 0.0119991 0.005032885038338808 -1e-07 0.0120641 0.005116087483544571 1e-07 1 103 2 275 -276 
276 0.0119343 0.00511588748354457 -1e-07 0.0119993 0.005200559154229528 1e-07 1 103 2 276 -277 
277 0.0118695 0.005200359154229527 -1e-07 0.0119345 0.00528616998709682 1e-07 1 103 2 277 -278 
278 0.0118047 0.00528596998709682 -1e-07 0.0118697 0.00537258546770494 1e-07 1 103 2 278 -279 
279 0.0117399 0.005372385467704939 -1e-07 0.0118049 0.005459467937544262 1e-07 1 103 2 279 -280 
280 0.0116751 0.005459267937544261 -1e-07 0.0117401 0.005546477913398678 1e-07 1 103 2 280 -281 
281 0.0116103 0.005546277913398678 -1e-07 0.0116753 0.005633275413837051 1e-07 1 103 2 281 -282 
282 0.0115455 0.00563307541383705 -1e-07 0.0116105 0.005719521287651395 1e-07 1 103 2 282 -283 
283 0.0114807 0.005719321287651394 -1e-07 0.0115457 0.005804878539051043 1e-07 1 103 2 283 -284 
284 0.0114159 0.005804678539051042 -1e-07 0.0114809 0.005889013644434779 1e-07 1 103 2 284 -285 
285 0.0113511 0.005888813644434779 -1e-07 0.0114161 0.005971597855595792 1e-07 1 103 2 285 -286 
286 0.0112863 0.005971397855595791 -1e-07 0.0113513 0.006052308484267313 1e-07 1 103 2 286 -287 
287 0.0112215 0.006052108484267313 -1e-07 0.0112865 0.006130830162989763 1e-07 1 103 2 287 -288 
288 0.0111567 0.006130630162989762 -1e-07 0.0112217 0.006206856077372661 1e-07 1 103 2 288 -289 
289 0.0110919 0.00620665607737266 -1e-07 0.0111569 0.006280089164936432 1e-07 1 103 2 289 -290 
290 0.0110271 0.006279889164936431 -1e-07 0.0110921 0.006350243275849727 1e-07 1 103 2 290 -291 
291 0.0109623 0.006350043275849726 -1e-07 0.0110273 0.006417044291026841 1e-07 1 103 2 291 -292 
292 0.0108975 0.00641684429102684 -1e-07 0.0109625 0.006480231193216382 1e-07 1 103 2 292 -293 
293 0.0108327 0.006480031193216381 -1e-07 0.0108977 0.006539557086896034 1e-07 1 103 2 293 -294 
294 0.0107679 0.006539357086896034 -1e-07 0.0108329 0.006594790162988293 1e-07 1 103 2 294 -295 
295 0.0107031 0.006594590162988292 -1e-07 0.0107681 0.006645714604627657 1e-07 1 103 2 295 -296 
296 0.0106383 0.006645514604627657 -1e-07 0.0107033 0.006692131430440118 1e-07 1 103 2 296 -297 
297 0.0105735 0.006691931430440117 -1e-07 0.0106385 0.006733859272039883 1e-07 1 103 2 297 -298 
298 0.0105087 0.006733659272039882 -1e-07 0.0105737 0.0067707350827054 1e-07 1 103 2 298 -299 
299 0.0104439 0.006770535082705399 -1e-07 0.0105089 0.006802614774465592 1e-07 1 103 2 299 -300 
300 0.0103791 0.006802414774465591 -1e-07 0.0104441 0.006829373781106963 1e-07 1 103 2 300 -301 
301 0.0103143 0.006829173781106962 -1e-07 0.0103793 0.006850907544901681 1e-07 1 103 2 301 -302 
302 0.0102495 0.00685070754490168 -1e-07 0.0103145 0.006867131925154838 1e-07 1 103 2 302 -303 
303 0.0101847 0.006866931925154837 -1e-07 0.0102497 0.006877983526974483 1e-07 1 103 2 303 -304 
304 0.0101199 0.006877783526974482 -1e-07 0.0101849 0.006883419948979849 1e-07 1 103 2 304 -305 
305 0.0100551 0.006883219948979848 -1e-07 0.0101201 0.006883419948979849 1e-07 1 103 2 305 -306 
306 0.009990300000000002 0.006877783526974482 -1e-07 0.0100553 0.006883419948979849 1e-07 1 103 2 306 -307 
307 0.0099255 0.006866931925154837 -1e-07 0.009990500000000001 0.006877983526974483 1e-07 1 103 2 307 -308 
308 0.009860700000000002 0.00685070754490168 -1e-07 0.009925699999999999 0.006867131925154838 1e-07 1 103 2 308 -309 
309 0.0097959 0.006829173781106962 -1e-07 0.009860900000000001 0.006850907544901681 1e-07 1 103 2 309 -310 
310 0.009731100000000001 0.006802414774465591 -1e-07 0.009796099999999999 0.006829373781106963 1e-07 1 103 2 310 -311 
311 0.009666300000000001 0.006770535082705399 -1e-07 0.0097313 0.006802614774465592 1e-07 1 103 2 311 -312 
312 0.009601500000000002 0.006733659272039882 -1e-07 0.0096665 0.0067707350827054 1e-07 1 103 2 312 -313 
313 0.0095367 0.006691931430440117 -1e-07 0.009601700000000001 0.006733859272039883 1e-07 1 103 2 313 -314 
314 0.0094719 0.006645514604627657 -1e-07 0.009536899999999999 0.006692131430440118 1e-07 1 103 2 314 -315 
315 0.0094071 0.006594590162988292 -1e-07 0.009472099999999999 0.006645714604627657 1e-07 1 103 2 315 -316 
316 0.009342300000000001 0.006539357086896034 -1e-07 0.009407299999999999 0.006594790162988293 1e-07 1 103 2 316 -317 
317 0.009277500000000001 0.006480031193216381 -1e-07 0.0093425 0.006539557086896034 1e-07 1 103 2 317 -318 
318 0.009212700000000001 0.00641684429102684 -1e-07 0.0092777 0.006480231193216382 1e-07 1 103 2 318 -319 
319 0.0091479 0.006350043275849726 -1e-07 0.0092129 0.006417044291026841 1e-07 1 103 2 319 -320 
320 0.009083100000000002 0.006279889164936431 -1e-07 0.009148099999999999 0.006350243275849727 1e-07 1 103 2 320 -321 
321 0.0090183 0.00620665607737266 -1e-07 0.009083300000000001 0.006280089164936432 1e-07 1 103 2 321 -322 
322 0.008953500000000001 0.006130630162989762 -1e-07 0.009018499999999999 0.006206856077372661 1e-07 1 103 2 322 -323 
323 0.008888700000000001 0.006052108484267313 -1e-07 0.0089537 0.006130830162989763 1e-07 1 103 2 323 -324 
324 0.008823900000000001 0.005971397855595791 -1e-07 0.0088889 0.006052308484267313 1e-07 1 103 2 324 -325 
325 0.008759100000000002 0.005888813644434779 -1e-07 0.0088241 0.005971597855595792 1e-07 1 103 2 325 -326 
326 0.0086943 0.005804678539051042 -1e-07 0.008759300000000001 0.005889013644434779 1e-07 1 103 2 326 -327 
327 0.0086295 0.005719321287651394 -1e-07 0.008694499999999999 0.005804878539051043 1e-07 1 103 2 327 -328 
328 0.008564700000000001 0.00563307541383705 -1e-07 0.008629699999999999 0.005719521287651395 1e-07 1 103 2 328 -329 
329 0.008499900000000001 0.005546277913398678 -1e-07 0.0085649 0.005633275413837051 1e-07 1 103 2 329 -330 
330 0.008435100000000001 0.005459267937544261 -1e-07 0.0085001 0.005546477913398678 1e-07 1 103 2 330 -331 
331 0.008370300000000001 0.005372385467704939 -1e-07 0.0084353 0.005459467937544262 1e-07 1 103 2 331 -332 
332 0.0083055 0.00528596998709682 -1e-07 0.008370499999999999 0.00537258546770494 1e-07 1 103 2 332 -333 
333 0.0082407 0.005200359154229527 -1e-07 0.008305699999999999 0.00528616998709682 1e-07 1 103 2 333 -334 
334 0.008175900000000002 0.005115887483544572 -1e-07 0.008240899999999999 0.005200559154229528 1e-07 1 103 2 334 -335 
335 0.008111100000000001 0.005032885038338809 -1e-07 0.0081761 0.005116087483544573 1e-07 1 103 2 335 -336 
336 0.008046299999999999 0.004951676141080229 -1e-07 0.0081113 0.005033085038338809 1e-07 1 103 2 336 -337 
337 0.007981500000000001 0.004872578106155369 -1e-07 0.008046499999999998 0.004951876141080229 1e-07 1 103 2 337 -338 
338 0.0079167 0.004795899999999999 -1e-07 0.0079817 0.00487277810615537 1e-07 1 103 2 338 -339 
339 0.007851900000000002 0.004721941433457722 -1e-07 0.007916899999999999 0.004796099999999999 1e-07 1 103 2 339 -340 
340 0.0077871 0.004650991391085201 -1e-07 0.007852100000000001 0.004722141433457723 1e-07 1 103 2 340 -341 
341 0.007722299999999999 0.004583327101978388 -1e-07 0.0077873 0.004651191391085201 1e-07 1 103 2 341 -342 
342 0.0076575 0.004519212956531852 -1e-07 0.007722499999999999 0.004583527101978389 1e-07 1 103 2 342 -343 
343 0.0075927 0.004458899473363839 -1e-07 0.007657700000000001 0.004519412956531852 1e-07 1 103 2 343 -344 
344 0.007527900000000001 0.004402622320443715 -1e-07 0.007592900000000001 0.00445909947336384 1e-07 1 103 2 344 -345 
345 0.0074631 0.004350601394246594 -1e-07 0.007528100000000001 0.004402822320443716 1e-07 1 103 2 345 -346 
346 0.007398299999999998 0.004303039960533253 -1e-07 0.007463300000000001 0.004350801394246594 1e-07 1 103 2 346 -347 
347 0.007333500000000001 0.00426012386011266 -1e-07 0.007398499999999999 0.004303239960533253 1e-07 1 103 2 347 -348 
348 0.0072687 0.004222020782690464 -1e-07 0.007333700000000001 0.004260323860112661 1e-07 1 103 2 348 -349 
349 0.007203899999999998 0.004188879611640846 -1e-07 0.007268900000000001 0.004222220782690464 1e-07 1 103 2 349 -350 
350 0.007139100000000001 0.004160829842261931 -1e-07 0.007204099999999999 0.004189079611640847 1e-07 1 103 2 350 -351 
351 0.007074299999999999 0.004137981075787861 -1e-07 0.007139300000000001 0.004161029842261931 1e-07 1 103 2 351 -352 
352 0.007009500000000001 0.004120422591134636 -1e-07 0.007074499999999999 0.004138181075787862 1e-07 1 103 2 352 -353 
353 0.006944700000000001 0.004108222996053063 -1e-07 0.007009700000000002 0.004120622591134637 1e-07 1 103 2 353 -354 
354 0.006879899999999999 0.004101493707345719 -1e-07 0.006944900000000001 0.004108422996053063 1e-07 1 103 2 354 -355 
355 0.006815100000000001 0.004100077107436053 -1e-07 0.006880099999999999 0.004101693707345719 1e-07 1 103 2 355 -356 
356 0.006750299999999999 0.004100077107436053 -1e-07 0.006815300000000002 0.004104525523026811 1e-07 1 103 2 356 -357 
357 0.0066855 0.00410432552302681 -1e-07 0.0067505 0.004114422353924756 1e-07 1 103 2 357 -358 
358 0.006620700000000001 0.004114222353924756 -1e-07 0.006685700000000001 0.004129928929406224 1e-07 1 103 2 358 -359 
359 0.006555899999999999 0.004129728929406224 -1e-07 0.006620900000000002 0.004150984659318505 1e-07 1 103 2 359 -360 
360 0.006491100000000001 0.004150784659318505 -1e-07 0.0065561 0.004177507270828871 1e-07 1 103 2 360 -361 
361 0.006426299999999999 0.004177307270828871 -1e-07 0.006491300000000001 0.004209393129896166 1e-07 1 103 2 361 -362 
362 0.006361499999999999 0.004209193129896165 -1e-07 0.0064265 0.004246517646208849 1e-07 1 103 2 362 -363 
363 0.006296700000000001 0.004246317646208849 -1e-07 0.0063617 0.004288735760007255 1e-07 1 103 2 363 -364 
364 0.006231899999999999 0.004288535760007255 -1e-07 0.006296900000000001 0.004335882508887839 1e-07 1 103 2 364 -365 
365 0.006167100000000001 0.004335682508887839 -1e-07 0.0062321 0.004387773672374728 1e-07 1 103 2 365 -366 
366 0.006102299999999999 0.004387573672374728 -1e-07 0.006167300000000001 0.004444206491739947 1e-07 1 103 2 366 -367 
367 0.006037499999999999 0.004444006491739946 -1e-07 0.006102499999999999 0.004504960462259723 1e-07 1 103 2 367 -368 
368 0.005972700000000001 0.004504760462259723 -1e-07 0.0060377 0.004569798194811243 1e-07 1 103 2 368 -369 
369 0.005907899999999999 0.004569598194811243 -1e-07 0.005972900000000001 0.004638466343443217 1e-07 1 103 2 369 -370 
370 0.0058431 0.004638266343443216 -1e-07 0.005908099999999999 0.004710696595295929 1e-07 1 103 2 370 -371 
371 0.005778299999999999 0.004710496595295929 -1e-07 0.0058433 0.004786206719002744 1e-07 1 103 2 371 -372 
372 0.0057135 0.004786006719002743 -1e-07 0.0057785 0.004864701667476582 1e-07 1 103 2 372 -373 
373 0.005648700000000001 0.004864501667476581 -1e-07 0.0057137 0.00494587473077232 1e-07 1 103 2 373 -374 
374 0.005583899999999999 0.004945674730772319 -1e-07 0.005648900000000002 0.005029408734520495 1e-07 1 103 2 374 -375 
375 0.0055191 0.005029208734520494 -1e-07 0.0055841 0.005114977279249507 1e-07 1 103 2 375 -376 
376 0.0054543 0.005114777279249506 -1e-07 0.0055193 0.00520224601575386 1e-07 1 103 2 376 -377 
377 0.005389499999999999 0.005202046015753859 -1e-07 0.0054545 0.005290873951525064 1e-07 1 103 2 377 -378 
378 0.005324700000000002 0.005290673951525064 -1e-07 0.0053897 0.005380514783140482 1e-07 1 103 2 378 -379 
379 0.0052599 0.005380314783140482 -1e-07 0.005324900000000002 0.005470818249403952 1e-07 1 103 2 379 -380 
380 0.005195099999999999 0.005470618249403951 -1e-07 0.0052601 0.005561431499950956 1e-07 1 103 2 380 -381 
381 0.0051303 0.005561231499950955 -1e-07 0.0051953 0.005652000473970674 1e-07 1 103 2 381 -382 
382 0.0050655 0.005651800473970674 -1e-07 0.005130500000000001 0.005742171283657697 1e-07 1 103 2 382 -383 
383 0.005000699999999999 0.005741971283657697 -1e-07 0.0050657 0.00583159159698776 1e-07 1 103 2 383 -384 
384 0.0049359 0.00583139159698776 -1e-07 0.0050009 0.00591991201441443 1e-07 1 103 2 384 -385 
385 0.0048711 0.005919712014414429 -1e-07 0.004936100000000001 0.006006787434107485 1e-07 1 103 2 385 -386 
386 0.004806299999999999 0.006006587434107484 -1e-07 0.0048713 0.006091878400398447 1e-07 1 103 2 386 -387 
387 0.0047415 0.006091678400398447 -1e-07 0.0048065 0.006174852430164407 1e-07 1 103 2 387 -388 
388 0.0046767 0.006174652430164407 -1e-07 0.004741700000000001 0.006255385311967426 1e-07 1 103 2 388 -389 
389 0.0046119 0.006255185311967426 -1e-07 0.0046769 0.00633316237287328 1e-07 1 103 2 389 -390 
390 0.0045471 0.006332962372873279 -1e-07 0.0046121 0.006407879707999609 1e-07 1 103 2 390 -391 
391 0.0044823 0.006407679707999608 -1e-07 0.004547300000000001 0.006479245367989139 1e-07 1 103 2 391 -392 
392 0.0044175 0.006479045367989138 -1e-07 0.0044825 0.006546980499768084 1e-07 1 103 2 392 -393 
393 0.0043527 0.006546780499768083 -1e-07 0.004417700000000001 0.00661082043613232 1e-07 1 103 2 393 -394 
394 0.0042879 0.00661062043613232 -1e-07 0.004352900000000001 0.006670515729903918 1e-07 1 103 2 394 -395 
395 0.0042231 0.006670315729903917 -1e-07 0.0042881 0.006725833128617174 1e-07 1 103 2 395 -396 
396 0.0041583 0.006725633128617173 -1e-07 0.004223300000000001 0.006776556485925692 1e-07 1 103 2 396 -397 
397 0.0040935 0.006776356485925692 -1e-07 0.004158500000000001 0.006822487606169255 1e-07 1 103 2 397 -398 
398 0.004028700000000001 0.006822287606169254 -1e-07 0.0040937 0.006863447018800486 1e-07 1 103 2 398 -399 
399 0.0039639 0.006863247018800486 -1e-07 0.004028900000000001 0.006899274679645276 1e-07 1 103 2 399 -400 
400 0.003899100000000001 0.006899074679645276 -1e-07 0.003964100000000001 0.006929830596256911 1e-07 1 103 2 400 -401 
401 0.003834300000000001 0.00692963059625691 -1e-07 0.003899300000000001 0.006954995374920393 1e-07 1 103 2 401 -402 
402 0.003769500000000001 0.006954795374920392 -1e-07 0.0038345 0.006974670687169586 1e-07 1 103 2 402 -403 
403 0.003704700000000001 0.006974470687169585 -1e-07 0.0037697 0.006988779653994344 1e-07 1 103 2 403 -404 
404 0.003639899999999999 0.006988579653994343 -1e-07 0.003704900000000001 0.006997267146236364 1e-07 1 103 2 404 -405 
405 -1.000000000000566e-07 0.006997067146236363 -1e-07 0.003640099999999999 0.0070001 1e-07 1 103 2 405 -406 
406 -1e-07 -9.99999999998398e-08 -1e-07 1e-07 0.0070001 1e-07 1 101 2 406 -1 
1 -9.999999999940612e-08 -9.99999999998398e-08 -1e-07 0.0170001 0.0070001 1e-07 1 201 406 1 2 3 4 5 6 7 8 9 10 11 12 13 14 15 16 17 18 19 20 21 22 23 24 25 26 27 28 29 30 31 32 33 34 35 36 37 38 39 40 41 42 43 44 45 46 47 48 49 50 51 52 53 54 55 56 57 58 59 60 61 62 63 64 65 66 67 68 69 70 71 72 73 74 75 76 77 78 79 80 81 82 83 84 85 86 87 88 89 90 91 92 93 94 95 96 97 98 99 100 101 102 103 104 105 106 107 108 109 110 111 112 113 114 115 116 117 118 119 120 121 122 123 124 125 126 127 128 129 130 131 132 133 134 135 136 137 138 139 140 141 142 143 144 145 146 147 148 149 150 151 152 153 154 155 156 157 158 159 160 161 162 163 164 165 166 167 168 169 170 171 172 173 174 175 176 177 178 179 180 181 182 183 184 185 186 187 188 189 190 191 192 193 194 195 196 197 198 199 200 201 202 203 204 205 206 207 208 209 210 211 212 213 214 215 216 217 218 219 220 221 222 223 224 225 226 227 228 229 230 231 232 233 234 235 236 237 238 239 240 241 242 243 244 245 246 247 248 249 250 251 252 253 254 255 256 257 258 259 260 261 262 263 264 265 266 267 268 269 270 271 272 273 274 275 276 277 278 279 280 281 282 283 284 285 286 287 288 289 290 291 292 293 294 295 296 297 298 299 300 301 302 303 304 305 306 307 308 309 310 311 312 313 314 315 316 317 318 319 320 321 322 323 324 325 326 327 328 329 330 331 332 333 334 335 336 337 338 339 340 341 342 343 344 345 346 347 348 349 350 351 352 353 354 355 356 357 358 359 360 361 362 363 364 365 366 367 368 369 370 371 372 373 374 375 376 377 378 379 380 381 382 383 384 385 386 387 388 389 390 391 392 393 394 395 396 397 398 399 400 401 402 403 404 405 406 
$EndEntities
$Nodes
813 2392 1 2392
0 1 0 1
1
0 0 0
0 2 0 1
2
0.0004 0 0
0 3 0 1
3
0.0004648 2.832853763636817e-06 0
0 4 0 1
4
0.0005296000000000001 1.132034600565632e-05 0
0 5 0 1
5
0.0005944 2.542931283041465e-05 0
0 6 0 1
6
0.0006592 4.510462507960759e-05 0
0 7 0 1
7
0.000724 7.026940374308915e-05 0
0 8 0 1
8
0.0007888 0.0001008253203547244 0
0 9 0 1
9
0.0008535999999999999 0.0001366529811995137 0
0 10 0 1
10
0.0009184 0.0001776123938307447 0
0 11 0 1
11
0.0009832 0.0002235435140743089 0
0 12 0 1
12
0.001048 0.0002742668713828267 0
0 13 0 1
13
0.0011128 0.0003295842700960834 0
0 14 0 1
14
0.0011776 0.00038927956386768 0
0 15 0 1
15
0.0012424 0.0004531195002319166 0
0 16 0 1
16
0.0013072 0.0005208546320108622 0
0 17 0 1
17
0.001372 0.0005922202920003926 0
0 18 0 1
18
0.0014368 0.0006669376271267203 0
0 19 0 1
19
0.0015016 0.0007447146880325739 0
0 20 0 1
20
0.0015664 0.0008252475698355928 0
0 21 0 1
21
0.0016312 0.0009082215996015533 0
0 22 0 1
22
0.001696 0.0009933125658925148 0
0 23 0 1
23
0.0017608 0.001080187985585569 0
0 24 0 1
24
0.0018256 0.00116850840301224 0
0 25 0 1
25
0.0018904 0.001257928716342302 0
0 26 0 1
26
0.0019552 0.001348099526029325 0
0 27 0 1
27
0.00202 0.001438668500049043 0
0 28 0 1
28
0.0020848 0.00152928175059605 0
0 29 0 1
29
0.0021496 0.001619585216859519 0
0 30 0 1
30
0.0022144 0.001709226048474938 0
0 31 0 1
31
0.0022792 0.001797853984246142 0
0 32 0 1
32
0.002344 0.001885122720750494 0
0 33 0 1
33
0.0024088 0.001970691265479506 0
0 34 0 1
34
0.0024736 0.00205422526922768 0
0 35 0 1
35
0.0025384 0.00213539833252342 0
0 36 0 1
36
0.0026032 0.002213893280997256 0
0 37 0 1
37
0.002668 0.002289403404704071 0
0 38 0 1
38
0.0027328 0.002361633656556783 0
0 39 0 1
39
0.0027976 0.002430301805188757 0
0 40 0 1
40
0.0028624 0.002495139537740276 0
0 41 0 1
41
0.0029272 0.002555893508260054 0
0 42 0 1
42
0.002992 0.002612326327625271 0
0 43 0 1
43
0.0030568 0.00266421749111216 0
0 44 0 1
44
0.0031216 0.002711364239992746 0
0 45 0 1
45
0.0031864 0.002753582353791151 0
0 46 0 1
46
0.0032512 0.002790706870103835 0
0 47 0 1
47
0.003316 0.002822592729171129 0
0 48 0 1
48
0.0033808 0.002849115340681495 0
0 49 0 1
49
0.0034456 0.002870171070593776 0
0 50 0 1
50
0.0035104 0.002885677646075244 0
0 51 0 1
51
0.0035752 0.002895574476973189 0
0 52 0 1
52
0.00364 0.002899822892563947 0
0 53 0 1
53
0.0037048 0.002898470040948111 0
0 54 0 1
54
0.0037696 0.002891677003946936 0
0 55 0 1
55
0.0038344 0.002879477408865364 0
0 56 0 1
56
0.0038992 0.002861918924212139 0
0 57 0 1
57
0.003964 0.00283907015773807 0
0 58 0 1
58
0.0040288 0.002811020388359154 0
0 59 0 1
59
0.0040936 0.002777879217309536 0
0 60 0 1
60
0.0041584 0.00273977613988734 0
0 61 0 1
61
0.004223200000000001 0.002696860039466747 0
0 62 0 1
62
0.004288 0.002649298605753407 0
0 63 0 1
63
0.0043528 0.002597277679556285 0
0 64 0 1
64
0.004417600000000001 0.002541000526636162 0
0 65 0 1
65
0.0044824 0.002480687043468148 0
0 66 0 1
66
0.0045472 0.00241657289802161 0
0 67 0 1
67
0.004612 0.002348908608914799 0
0 68 0 1
68
0.004676800000000001 0.002277958566542278 0
0 69 0 1
69
0.0047416 0.002204 0
0 70 0 1
70
0.0048064 0.00212732189384463 0
0 71 0 1
71
0.0048712 0.002048223858919771 0
0 72 0 1
72
0.004936 0.001967014961661192 0
0 73 0 1
73
0.005000800000000001 0.001884012516455429 0
0 74 0 1
74
0.0050656 0.001799540845770473 0
0 75 0 1
75
0.0051304 0.00171393001290318 0
0 76 0 1
76
0.0051952 0.00162751453229506 0
0 77 0 1
77
0.005260000000000001 0.001540632062455738 0
0 78 0 1
78
0.005324800000000001 0.001453622086601323 0
0 79 0 1
79
0.0053896 0.00136682458616295 0
0 80 0 1
80
0.0054544 0.001280578712348606 0
0 81 0 1
81
0.005519200000000001 0.001195221460948957 0
0 82 0 1
82
0.005584 0.001111086355565221 0
0 83 0 1
83
0.005648800000000001 0.001028502144404209 0
0 84 0 1
84
0.0057136 0.0009477915157326873 0
0 85 0 1
85
0.0057784 0.0008692698370102386 0
0 86 0 1
86
0.005843200000000001 0.0007932439226273399 0
0 87 0 1
87
0.005908 0.000720010835063569 0
0 88 0 1
88
0.0059728 0.0006498567241502742 0
0 89 0 1
89
0.0060376 0.0005830557089731597 0
0 90 0 1
90
0.0061024 0.0005198688067836184 0
0 91 0 1
91
0.0061672 0.0004605429131039656 0
0 92 0 1
92
0.006232000000000001 0.0004053098370117081 0
0 93 0 1
93
0.0062968 0.0003543853953723428 0
0 94 0 1
94
0.0063616 0.0003079685695598822 0
0 95 0 1
95
0.006426400000000001 0.0002662407279601179 0
0 96 0 1
96
0.0064912 0.0002293649172946008 0
0 97 0 1
97
0.006556 0.0001974852255344081 0
0 98 0 1
98
0.0066208 0.0001707262188930383 0
0 99 0 1
99
0.0066856 0.0001491924550983194 0
0 100 0 1
100
0.0067504 0.000132968074845163 0
0 101 0 1
101
0.0068152 0.0001221164730255178 0
0 102 0 1
102
0.006880000000000001 0.0001166800510201515 0
0 103 0 1
103
0.0069448 0.0001166800510201515 0
0 104 0 1
104
0.0070096 0.0001221164730255178 0
0 105 0 1
105
0.0070744 0.000132968074845163 0
0 106 0 1
106
0.0071392 0.0001491924550983194 0
0 107 0 1
107
0.007204000000000001 0.0001707262188930383 0
0 108 0 1
108
0.0072688 0.0001974852255344081 0
0 109 0 1
109
0.0073336 0.0002293649172946008 0
0 110 0 1
110
0.007398399999999999 0.0002662407279601179 0
0 111 0 1
111
0.007463200000000001 0.0003079685695598822 0
0 112 0 1
112
0.007528000000000001 0.0003543853953723428 0
0 113 0 1
113
0.007592799999999999 0.0004053098370117081 0
0 114 0 1
114
0.0076576 0.0004605429131039656 0
0 115 0 1
115
0.007722400000000001 0.0005198688067836184 0
0 116 0 1
116
0.0077872 0.0005830557089731597 0
0 117 0 1
117
0.007852000000000001 0.0006498567241502742 0
0 118 0 1
118
0.0079168 0.000720010835063569 0
0 119 0 1
119
0.0079816 0.0007932439226273399 0
0 120 0 1
120
0.0080464 0.0008692698370102386 0
0 121 0 1
121
0.008111200000000001 0.0009477915157326873 0
0 122 0 1
122
0.008176000000000001 0.001028502144404209 0
0 123 0 1
123
0.008240799999999998 0.001111086355565221 0
0 124 0 1
124
0.0083056 0.001195221460948957 0
0 125 0 1
125
0.0083704 0.001280578712348606 0
0 126 0 1
126
0.0084352 0.00136682458616295 0
0 127 0 1
127
0.008500000000000001 0.001453622086601323 0
0 128 0 1
128
0.008564800000000001 0.001540632062455738 0
0 129 0 1
129
0.008629599999999999 0.00162751453229506 0
0 130 0 1
130
0.0086944 0.00171393001290318 0
0 131 0 1
131
0.0087592 0.001799540845770473 0
0 132 0 1
132
0.008824 0.001884012516455429 0
0 133 0 1
133
0.008888800000000001 0.001967014961661191 0
0 134 0 1
134
0.008953600000000003 0.002048223858919771 0
0 135 0 1
135
0.009018399999999999 0.00212732189384463 0
0 136 0 1
136
0.0090832 0.002204 0
0 137 0 1
137
0.009148 0.002277958566542278 0
0 138 0 1
138
0.0092128 0.002348908608914799 0
0 139 0 1
139
0.009277600000000002 0.002416572898021611 0
0 140 0 1
140
0.009342399999999999 0.002480687043468148 0
0 141 0 1
141
0.009407199999999999 0.002541000526636161 0
0 142 0 1
142
0.009472 0.002597277679556285 0
0 143 0 1
143
0.0095368 0.002649298605753407 0
0 144 0 1
144
0.009601600000000002 0.002696860039466747 0
0 145 0 1
145
0.0096664 0.00273977613988734 0
0 146 0 1
146
0.009731199999999999 0.002777879217309536 0
0 147 0 1
147
0.009796000000000001 0.002811020388359154 0
0 148 0 1
148
0.009860799999999999 0.00283907015773807 0
0 149 0 1
149
0.009925600000000001 0.002861918924212139 0
0 150 0 1
150
0.0099904 0.002879477408865364 0
0 151 0 1
151
0.0100552 0.002891677003946936 0
0 152 0 1
152
0.01012 0.002898406292654282 0
0 153 0 1
153
0.0101848 0.002899822892563947 0
0 154 0 1
154
0.0102496 0.002895574476973189 0
0 155 0 1
155
0.0103144 0.002885677646075244 0
0 156 0 1
156
0.0103792 0.002870171070593776 0
0 157 0 1
157
0.010444 0.002849115340681495 0
0 158 0 1
158
0.0105088 0.002822592729171129 0
0 159 0 1
159
0.0105736 0.002790706870103834 0
0 160 0 1
160
0.0106384 0.002753582353791151 0
0 161 0 1
161
0.0107032 0.002711364239992745 0
0 162 0 1
162
0.010768 0.002664217491112161 0
0 163 0 1
163
0.0108328 0.002612326327625272 0
0 164 0 1
164
0.0108976 0.002555893508260054 0
0 165 0 1
165
0.0109624 0.002495139537740277 0
0 166 0 1
166
0.0110272 0.002430301805188757 0
0 167 0 1
167
0.011092 0.002361633656556783 0
0 168 0 1
168
0.0111568 0.002289403404704072 0
0 169 0 1
169
0.0112216 0.002213893280997256 0
0 170 0 1
170
0.0112864 0.00213539833252342 0
0 171 0 1
171
0.0113512 0.00205422526922768 0
0 172 0 1
172
0.011416 0.001970691265479505 0
0 173 0 1
173
0.0114808 0.001885122720750494 0
0 174 0 1
174
0.0115456 0.001797853984246141 0
0 175 0 1
175
0.0116104 0.001709226048474936 0
0 176 0 1
176
0.0116752 0.001619585216859518 0
0 177 0 1
177
0.01174 0.001529281750596048 0
0 178 0 1
178
0.0118048 0.001438668500049045 0
0 179 0 1
179
0.0118696 0.001348099526029327 0
0 180 0 1
180
0.0119344 0.001257928716342303 0
0 181 0 1
181
0.0119992 0.001168508403012241 0
0 182 0 1
182
0.012064 0.00108018798558557 0
0 183 0 1
183
0.0121288 0.0009933125658925157 0
0 184 0 1
184
0.0121936 0.0009082215996015536 0
0 185 0 1
185
0.0122584 0.0008252475698355931 0
0 186 0 1
186
0.0123232 0.0007447146880325739 0
0 187 0 1
187
0.012388 0.0006669376271267201 0
0 188 0 1
188
0.0124528 0.0005922202920003923 0
0 189 0 1
189
0.0125176 0.0005208546320108618 0
0 190 0 1
190
0.0125824 0.000453119500231916 0
0 191 0 1
191
0.0126472 0.0003892795638676795 0
0 192 0 1
192
0.012712 0.0003295842700960829 0
0 193 0 1
193
0.0127768 0.0002742668713828261 0
0 194 0 1
194
0.0128416 0.0002235435140743081 0
0 195 0 1
195
0.0129064 0.0001776123938307454 0
0 196 0 1
196
0.0129712 0.0001366529811995142 0
0 197 0 1
197
0.013036 0.0001008253203547249 0
0 198 0 1
198
0.0131008 7.026940374308946e-05 0
0 199 0 1
199
0.0131656 4.510462507960775e-05 0
0 200 0 1
200
0.0132304 2.542931283041465e-05 0
0 201 0 1
201
0.0132952 1.132034600565632e-05 0
0 202 0 1
202
0.01336 2.832853763636817e-06 0
0 203 0 1
203
0.017 0 0
0 204 0 1
204
0.017 0.007 0
0 205 0 1
205
0.0166 0.007 0
0 206 0 1
206
0.0165352 0.006997167146236364 0
0 207 0 1
207
0.0164704 0.006988679653994343 0
0 208 0 1
208
0.0164056 0.006974570687169585 0
0 209 0 1
209
0.0163408 0.006954895374920392 0
0 210 0 1
210
0.016276 0.00692973059625691 0
0 211 0 1
211
0.0162112 0.006899174679645276 0
0 212 0 1
212
0.0161464 0.006863347018800487 0
0 213 0 1
213
0.0160816 0.006822387606169255 0
0 214 0 1
214
0.0160168 0.006776456485925691 0
0 215 0 1
215
0.015952 0.006725733128617174 0
0 216 0 1
216
0.0158872 0.006670415729903918 0
0 217 0 1
217
0.0158224 0.00661072043613232 0
0 218 0 1
218
0.0157576 0.006546880499768083 0
0 219 0 1
219
0.0156928 0.006479145367989138 0
0 220 0 1
220
0.015628 0.006407779707999607 0
0 221 0 1
221
0.0155632 0.00633306237287328 0
0 222 0 1
222
0.0154984 0.006255285311967426 0
0 223 0 1
223
0.0154336 0.006174752430164407 0
0 224 0 1
224
0.0153688 0.006091778400398447 0
0 225 0 1
225
0.015304 0.006006687434107485 0
0 226 0 1
226
0.0152392 0.005919812014414431 0
0 227 0 1
227
0.0151744 0.005831491596987761 0
0 228 0 1
228
0.0151096 0.005742071283657698 0
0 229 0 1
229
0.0150448 0.005651900473970675 0
0 230 0 1
230
0.01498 0.005561331499950957 0
0 231 0 1
231
0.0149152 0.00547071824940395 0
0 232 0 1
232
0.0148504 0.00538041478314048 0
0 233 0 1
233
0.0147856 0.005290773951525062 0
0 234 0 1
234
0.0147208 0.005202146015753859 0
0 235 0 1
235
0.014656 0.005114877279249506 0
0 236 0 1
236
0.0145912 0.005029308734520494 0
0 237 0 1
237
0.0145264 0.004945774730772319 0
0 238 0 1
238
0.0144616 0.004864601667476581 0
0 239 0 1
239
0.0143968 0.004786106719002744 0
0 240 0 1
240
0.014332 0.004710596595295929 0
0 241 0 1
241
0.0142672 0.004638366343443216 0
0 242 0 1
242
0.0142024 0.004569698194811243 0
0 243 0 1
243
0.0141376 0.004504860462259724 0
0 244 0 1
244
0.0140728 0.004444106491739946 0
0 245 0 1
245
0.014008 0.00438767367237473 0
0 246 0 1
246
0.0139432 0.00433578250888784 0
0 247 0 1
247
0.0138784 0.004288635760007255 0
0 248 0 1
248
0.0138136 0.004246417646208849 0
0 249 0 1
249
0.0137488 0.004209293129896164 0
0 250 0 1
250
0.013684 0.004177407270828871 0
0 251 0 1
251
0.0136192 0.004150884659318505 0
0 252 0 1
252
0.0135544 0.004129828929406224 0
0 253 0 1
253
0.0134896 0.004114322353924756 0
0 254 0 1
254
0.0134248 0.00410442552302681 0
0 255 0 1
255
0.01336 0.004100177107436053 0
0 256 0 1
256
0.0132952 0.00410152995905189 0
0 257 0 1
257
0.0132304 0.004108322996053063 0
0 258 0 1
258
0.0131656 0.004120522591134637 0
0 259 0 1
259
0.0131008 0.004138081075787861 0
0 260 0 1
260
0.013036 0.004160929842261931 0
0 261 0 1
261
0.0129712 0.004188979611640846 0
0 262 0 1
262
0.0129064 0.004222120782690464 0
0 263 0 1
263
0.0128416 0.00426022386011266 0
0 264 0 1
264
0.0127768 0.004303139960533253 0
0 265 0 1
265
0.012712 0.004350701394246594 0
0 266 0 1
266
0.0126472 0.004402722320443715 0
0 267 0 1
267
0.0125824 0.004458999473363839 0
0 268 0 1
268
0.0125176 0.004519312956531852 0
0 269 0 1
269
0.0124528 0.00458342710197839 0
0 270 0 1
270
0.012388 0.004651091391085201 0
0 271 0 1
271
0.0123232 0.004722041433457723 0
0 272 0 1
272
0.0122584 0.004795999999999999 0
0 273 0 1
273
0.0121936 0.004872678106155369 0
0 274 0 1
274
0.0121288 0.004951776141080229 0
0 275 0 1
275
0.012064 0.005032985038338808 0
0 276 0 1
276
0.0119992 0.00511598748354457 0
0 277 0 1
277
0.0119344 0.005200459154229528 0
0 278 0 1
278
0.0118696 0.00528606998709682 0
0 279 0 1
279
0.0118048 0.00537248546770494 0
0 280 0 1
280
0.01174 0.005459367937544262 0
0 281 0 1
281
0.0116752 0.005546377913398678 0
0 282 0 1
282
0.0116104 0.00563317541383705 0
0 283 0 1
283
0.0115456 0.005719421287651395 0
0 284 0 1
284
0.0114808 0.005804778539051043 0
0 285 0 1
285
0.011416 0.005888913644434779 0
0 286 0 1
286
0.0113512 0.005971497855595791 0
0 287 0 1
287
0.0112864 0.006052208484267313 0
0 288 0 1
288
0.0112216 0.006130730162989762 0
0 289 0 1
289
0.0111568 0.00620675607737266 0
0 290 0 1
290
0.011092 0.006279989164936431 0
0 291 0 1
291
0.0110272 0.006350143275849727 0
0 292 0 1
292
0.0109624 0.006416944291026841 0
0 293 0 1
293
0.0108976 0.006480131193216381 0
0 294 0 1
294
0.0108328 0.006539457086896034 0
0 295 0 1
295
0.010768 0.006594690162988292 0
0 296 0 1
296
0.0107032 0.006645614604627657 0
0 297 0 1
297
0.0106384 0.006692031430440118 0
0 298 0 1
298
0.0105736 0.006733759272039883 0
0 299 0 1
299
0.0105088 0.006770635082705399 0
0 300 0 1
300
0.010444 0.006802514774465591 0
0 301 0 1
301
0.0103792 0.006829273781106962 0
0 302 0 1
302
0.0103144 0.006850807544901681 0
0 303 0 1
303
0.0102496 0.006867031925154837 0
0 304 0 1
304
0.0101848 0.006877883526974483 0
0 305 0 1
305
0.01012 0.006883319948979848 0
0 306 0 1
306
0.0100552 0.006883319948979848 0
0 307 0 1
307
0.009990400000000002 0.006877883526974483 0
0 308 0 1
308
0.0099256 0.006867031925154837 0
0 309 0 1
309
0.009860800000000001 0.006850807544901681 0
0 310 0 1
310
0.009795999999999999 0.006829273781106962 0
0 311 0 1
311
0.009731200000000001 0.006802514774465591 0
0 312 0 1
312
0.0096664 0.006770635082705399 0
0 313 0 1
313
0.009601600000000002 0.006733759272039883 0
0 314 0 1
314
0.0095368 0.006692031430440118 0
0 315 0 1
315
0.009472 0.006645614604627657 0
0 316 0 1
316
0.009407199999999999 0.006594690162988292 0
0 317 0 1
317
0.009342400000000001 0.006539457086896034 0
0 318 0 1
318
0.0092776 0.006480131193216381 0
0 319 0 1
319
0.0092128 0.006416944291026841 0
0 320 0 1
320
0.009148 0.006350143275849727 0
0 321 0 1
321
0.009083200000000001 0.006279989164936431 0
0 322 0 1
322
0.009018399999999999 0.00620675607737266 0
0 323 0 1
323
0.008953600000000001 0.006130730162989762 0
0 324 0 1
324
0.008888800000000001 0.006052208484267313 0
0 325 0 1
325
0.008824 0.005971497855595791 0
0 326 0 1
326
0.008759200000000002 0.005888913644434779 0
0 327 0 1
327
0.0086944 0.005804778539051043 0
0 328 0 1
328
0.008629599999999999 0.005719421287651395 0
0 329 0 1
329
0.008564800000000001 0.00563317541383705 0
0 330 0 1
330
0.008500000000000001 0.005546377913398678 0
0 331 0 1
331
0.0084352 0.005459367937544262 0
0 332 0 1
332
0.0083704 0.00537248546770494 0
0 333 0 1
333
0.0083056 0.00528606998709682 0
0 334 0 1
334
0.0082408 0.005200459154229528 0
0 335 0 1
335
0.008176000000000001 0.005115987483544572 0
0 336 0 1
336
0.008111200000000001 0.005032985038338809 0
0 337 0 1
337
0.008046399999999999 0.004951776141080229 0
0 338 0 1
338
0.0079816 0.004872678106155369 0
0 339 0 1
339
0.0079168 0.004795999999999999 0
0 340 0 1
340
0.007852000000000001 0.004722041433457723 0
0 341 0 1
341
0.0077872 0.004651091391085201 0
0 342 0 1
342
0.007722399999999999 0.004583427101978389 0
0 343 0 1
343
0.007657600000000001 0.004519312956531852 0
0 344 0 1
344
0.0075928 0.004458999473363839 0
0 345 0 1
345
0.007528000000000001 0.004402722320443715 0
0 346 0 1
346
0.007463200000000001 0.004350701394246594 0
0 347 0 1
347
0.007398399999999999 0.004303139960533253 0
0 348 0 1
348
0.007333600000000001 0.00426022386011266 0
0 349 0 1
349
0.007268800000000001 0.004222120782690464 0
0 350 0 1
350
0.007203999999999999 0.004188979611640846 0
0 351 0 1
351
0.007139200000000001 0.004160929842261931 0
0 352 0 1
352
0.007074399999999999 0.004138081075787861 0
0 353 0 1
353
0.007009600000000001 0.004120522591134637 0
0 354 0 1
354
0.006944800000000001 0.004108322996053063 0
0 355 0 1
355
0.006879999999999999 0.004101593707345719 0
0 356 0 1
356
0.006815200000000001 0.004100177107436053 0
0 357 0 1
357
0.006750399999999999 0.00410442552302681 0
0 358 0 1
358
0.006685600000000001 0.004114322353924756 0
0 359 0 1
359
0.006620800000000001 0.004129828929406224 0
0 360 0 1
360
0.006555999999999999 0.004150884659318505 0
0 361 0 1
361
0.006491200000000001 0.004177407270828871 0
0 362 0 1
362
0.0064264 0.004209293129896165 0
0 363 0 1
363
0.006361599999999999 0.004246417646208849 0
0 364 0 1
364
0.006296800000000001 0.004288635760007255 0
0 365 0 1
365
0.006232 0.004335782508887839 0
0 366 0 1
366
0.006167200000000001 0.004387673672374728 0
0 367 0 1
367
0.006102399999999999 0.004444106491739946 0
0 368 0 1
368
0.0060376 0.004504860462259723 0
0 369 0 1
369
0.005972800000000001 0.004569698194811243 0
0 370 0 1
370
0.005907999999999999 0.004638366343443216 0
0 371 0 1
371
0.0058432 0.004710596595295929 0
0 372 0 1
372
0.0057784 0.004786106719002744 0
0 373 0 1
373
0.0057136 0.004864601667476581 0
0 374 0 1
374
0.005648800000000002 0.004945774730772319 0
0 375 0 1
375
0.005584 0.005029308734520494 0
0 376 0 1
376
0.0055192 0.005114877279249507 0
0 377 0 1
377
0.0054544 0.00520214601575386 0
0 378 0 1
378
0.0053896 0.005290773951525064 0
0 379 0 1
379
0.005324800000000002 0.005380414783140482 0
0 380 0 1
380
0.00526 0.005470718249403952 0
0 381 0 1
381
0.0051952 0.005561331499950956 0
0 382 0 1
382
0.0051304 0.005651900473970674 0
0 383 0 1
383
0.0050656 0.005742071283657697 0
0 384 0 1
384
0.0050008 0.00583149159698776 0
0 385 0 1
385
0.004936 0.00591981201441443 0
0 386 0 1
386
0.0048712 0.006006687434107484 0
0 387 0 1
387
0.0048064 0.006091778400398447 0
0 388 0 1
388
0.0047416 0.006174752430164407 0
0 389 0 1
389
0.0046768 0.006255285311967426 0
0 390 0 1
390
0.004612 0.00633306237287328 0
0 391 0 1
391
0.0045472 0.006407779707999608 0
0 392 0 1
392
0.0044824 0.006479145367989139 0
0 393 0 1
393
0.004417600000000001 0.006546880499768083 0
0 394 0 1
394
0.0043528 0.00661072043613232 0
0 395 0 1
395
0.004288 0.006670415729903918 0
0 396 0 1
396
0.004223200000000001 0.006725733128617174 0
0 397 0 1
397
0.0041584 0.006776456485925692 0
0 398 0 1
398
0.0040936 0.006822387606169255 0
0 399 0 1
399
0.004028800000000001 0.006863347018800486 0
0 400 0 1
400
0.003964000000000001 0.006899174679645276 0
0 401 0 1
401
0.003899200000000001 0.00692973059625691 0
0 402 0 1
402
0.0038344 0.006954895374920392 0
0 403 0 1
403
0.003769600000000001 0.006974570687169585 0
0 404 0 1
404
0.003704800000000001 0.006988679653994343 0
0 405 0 1
405
0.003639999999999999 0.006997167146236364 0
0 406 0 1
406
0 0.007 0
1 1 0 2
407
408
0.0001333333333333332 0 0
0.0002666666666666661 0 0
1 2 0 0
1 3 0 0
1 4 0 0
1 5 0 0
1 6 0 0
1 7 0 0
1 8 0 0
1 9 0 0
1 10 0 0
1 11 0 0
1 12 0 0
1 13 0 0
1 14 0 0
1 15 0 0
1 16 0 0
1 17 0 0
1 18 0 0
1 19 0 0
1 20 0 0
1 21 0 0
1 22 0 0
1 23 0 0
1 24 0 0
1 25 0 0
1 26 0 0
1 27 0 0
1 28 0 0
1 29 0 0
1 30 0 0
1 31 0 0
1 32 0 0
1 33 0 0
1 34 0 0
1 35 0 0
1 36 0 0
1 37 0 0
1 38 0 0
1 39 0 0
1 40 0 0
1 41 0 0
1 42 0 0
1 43 0 0
1 44 0 0
1 45 0 0
1 46 0 0
1 47 0 0
1 48 0 0
1 49 0 0
1 50 0 0
1 51 0 0
1 52 0 0
1 53 0 0
1 54 0 0
1 55 0 0
1 56 0 0
1 57 0 0
1 58 0 0
1 59 0 0
1 60 0 0
1 61 0 0
1 62 0 0
1 63 0 0
1 64 0 0
1 65 0 0
1 66 0 0
1 67 0 0
1 68 0 0
1 69 0 0
1 70 0 0
1 71 0 0
1 72 0 0
1 73 0 0
1 74 0 0
1 75 0 0
1 76 0 0
1 77 0 0
1 78 0 0
1 79 0 0
1 80 0 0
1 81 0 0
1 82 0 0
1 83 0 0
1 84 0 0
1 85 0 0
1 86 0 0
1 87 0 0
1 88 0 0
1 89 0 0
1 90 0 0
1 91 0 0
1 92 0 0
1 93 0 0
1 94 0 0
1 95 0 0
1 96 0 0
1 97 0 0
1 98 0 0
1 99 0 0
1 100 0 0
1 101 0 0
1 102 0 0
1 103 0 0
1 104 0 0
1 105 0 0
1 106 0 0
1 107 0 0
1 108 0 0
1 109 0 0
1 110 0 0
1 111 0 0
1 112 0 0
1 113 0 0
1 114 0 0
1 115 0 0
1 116 0 0
1 117 0 0
1 118 0 0
1 119 0 0
1 120 0 0
1 121 0 0
1 122 0 0
1 123 0 0
1 124 0 0
1 125 0 0
1 126 0 0
1 127 0 0
1 128 0 0
1 129 0 0
1 130 0 0
1 131 0 0
1 132 0 0
1 133 0 0
1 134 0 0
1 135 0 0
1 136 0 0
1 137 0 0
1 138 0 0
1 139 0 0
1 140 0 0
1 141 0 0
1 142 0 0
1 143 0 0
1 144 0 0
1 145 0 0
1 146 0 0
1 147 0 0
1 148 0 0
1 149 0 0
1 150 0 0
1 151 0 0
1 152 0 0
1 153 0 0
1 154 0 0
1 155 0 0
1 156 0 0
1 157 0 0
1 158 0 0
1 159 0 0
1 160 0 0
1 161 0 0
1 162 0 0
1 163 0 0
1 164 0 0
1 165 0 0
1 166 0 0
1 167 0 0
1 168 0 0
1 169 0 0
1 170 0 0
1 171 0 0
1 172 0 0
1 173 0 0
1 174 0 0
1 175 0 0
1 176 0 0
1 177 0 0
1 178 0 0
1 179 0 0
1 180 0 0
1 181 0 0
1 182 0 0
1 183 0 0
1 184 0 0
1 185 0 0
1 186 0 0
1 187 0 0
1 188 0 0
1 189 0 0
1 190 0 0
1 191 0 0
1 192 0 0
1 193 0 0
1 194 0 0
1 195 0 0
1 196 0 0
1 197 0 0
1 198 0 0
1 199 0 0
1 200 0 0
1 201 0 0
1 202 0 24
409
410
411
412
413
414
415
416
417
418
419
420
421
422
423
424
425
426
427
428
429
430
431
432
0.0135056 2.719539613091344e-06 0
0.0136512 2.606225462545872e-06 0
0.0137968 2.492911312000399e-06 0
0.0139424 2.379597161454926e-06 0
0.014088 2.266283010909454e-06 0
0.0142336 2.152968860363981e-06 0
0.0143792 2.039654709818508e-06 0
0.0145248 1.926340559273036e-06 0
0.0146704 1.813026408727563e-06 0
0.014816 1.699712258182091e-06 0
0.0149616 1.586398107636619e-06 0
0.0151072 1.473083957091147e-06 0
0.0152528 1.359769806545675e-06 0
0.0153984 1.246455656000203e-06 0
0.015544 1.13314150545473e-06 0
0.01568959999999999 1.019827354909259e-06 0
0.0158352 9.065132043637858e-07 0
0.0159808 7.931990538183126e-07 0
0.0161264 6.798849032728395e-07 0
0.016272 5.665707527273664e-07 0
0.0164176 4.532566021818928e-07 0
0.0165632 3.399424516364196e-07 0
0.0167088 2.266283010909465e-07 0
0.0168544 1.133141505454733e-07 0
1 203 0 46
433
434
435
436
437
438
439
440
441
442
443
444
445
446
447
448
449
450
451
452
453
454
455
456
457
458
459
460
461
462
463
464
465
466
467
468
469
470
471
472
473
474
475
476
477
478
0.017 0.0001514408762902519 0
0.017 0.0003005533048667021 0
0.017 0.0004494298980918866 0
0.017 0.0005983064913170711 0
0.017 0.0007471830845422557 0
0.017 0.00089605967776744 0
0.017 0.001044936270992624 0
0.017 0.001193812864217809 0
0.017 0.001342689457442993 0
0.017 0.001491566050668178 0
0.017 0.001640442643893362 0
0.017 0.001789319237118547 0
0.017 0.001938195830343731 0
0.017 0.002087072423568915 0
0.017 0.0022359490167941 0
0.017 0.002384825610019284 0
0.017 0.002533702203244469 0
0.017 0.002682578796469653 0
0.017 0.002831455389694839 0
0.017 0.002980331982920024 0
0.017 0.003129208576145209 0
0.017 0.003278085169370394 0
0.017 0.003426961762595579 0
0.017 0.003575838355820763 0
0.017 0.003724714949045949 0
0.017 0.003873591542271133 0
0.017 0.004022468135496319 0
0.017 0.004171344728721504 0
0.017 0.004320221321946689 0
0.017 0.004469097915171874 0
0.017 0.004617974508397059 0
0.017 0.004766851101622244 0
0.017 0.004915727694847428 0
0.017 0.005064604288072611 0
0.017 0.005213480881297796 0
0.017 0.00536235747452298 0
0.017 0.005511234067748163 0
0.017 0.005660110660973347 0
0.017 0.00580898725419853 0
0.017 0.005957863847423714 0
0.017 0.006106740440648897 0
0.017 0.006255617033874081 0
0.017 0.006404493627099266 0
0.017 0.006553370220324449 0
0.017 0.006702246813549632 0
0.017 0.006851123406774816 0
1 204 0 2
479
480
0.01686666666666667 0.007 0
0.01673333333333334 0.007 0
1 205 0 0
1 206 0 0
1 207 0 0
1 208 0 0
1 209 0 0
1 210 0 0
1 211 0 0
1 212 0 0
1 213 0 0
1 214 0 0
1 215 0 0
1 216 0 0
1 217 0 0
1 218 0 0
1 219 0 0
1 220 0 0
1 221 0 0
1 222 0 0
1 223 0 0
1 224 0 0
1 225 0 0
1 226 0 0
1 227 0 0
1 228 0 0
1 229 0 0
1 230 0 0
1 231 0 0
1 232 0 0
1 233 0 0
1 234 0 0
1 235 0 0
1 236 0 0
1 237 0 0
1 238 0 0
1 239 0 0
1 240 0 0
1 241 0 0
1 242 0 0
1 243 0 0
1 244 0 0
1 245 0 0
1 246 0 0
1 247 0 0
1 248 0 0
1 249 0 0
1 250 0 0
1 251 0 0
1 252 0 0
1 253 0 0
1 254 0 0
1 255 0 0
1 256 0 0
1 257 0 0
1 258 0 0
1 259 0 0
1 260 0 0
1 261 0 0
1 262 0 0
1 263 0 0
1 264 0 0
1 265 0 0
1 266 0 0
1 267 0 0
1 268 0 0
1 269 0 0
1 270 0 0
1 271 0 0
1 272 0 0
1 273 0 0
1 274 0 0
1 275 0 0
1 276 0 0
1 277 0 0
1 278 0 0
1 279 0 0
1 280 0 0
1 281 0 0
1 282 0 0
1 283 0 0
1 284 0 0
1 285 0 0
1 286 0 0
1 287 0 0
1 288 0 0
1 289 0 0
1 290 0 0
1 291 0 0
1 292 0 0
1 293 0 0
1 294 0 0
1 295 0 0
1 296 0 0
1 297 0 0
1 298 0 0
1 299 0 0
1 300 0 0
1 301 0 0
1 302 0 0
1 303 0 0
1 304 0 0
1 305 0 0
1 306 0 0
1 307 0 0
1 308 0 0
1 309 0 0
1 310 0 0
1 311 0 0
1 312 0 0
1 313 0 0
1 314 0 0
1 315 0 0
1 316 0 0
1 317 0 0
1 318 0 0
1 319 0 0
1 320 0 0
1 321 0 0
1 322 0 0
1 323 0 0
1 324 0 0
1 325 0 0
1 326 0 0
1 327 0 0
1 328 0 0
1 329 0 0
1 330 0 0
1 331 0 0
1 332 0 0
1 333 0 0
1 334 0 0
1 335 0 0
1 336 0 0
1 337 0 0
1 338 0 0
1 339 0 0
1 340 0 0
1 341 0 0
1 342 0 0
1 343 0 0
1 344 0 0
1 345 0 0
1 346 0 0
1 347 0 0
1 348 0 0
1 349 0 0
1 350 0 0
1 351 0 0
1 352 0 0
1 353 0 0
1 354 0 0
1 355 0 0
1 356 0 0
1 357 0 0
1 358 0 0
1 359 0 0
1 360 0 0
1 361 0 0
1 362 0 0
1 363 0 0
1 364 0 0
1 365 0 0
1 366 0 0
1 367 0 0
1 368 0 0
1 369 0 0
1 370 0 0
1 371 0 0
1 372 0 0
1 373 0 0
1 374 0 0
1 375 0 0
1 376 0 0
1 377 0 0
1 378 0 0
1 379 0 0
1 380 0 0
1 381 0 0
1 382 0 0
1 383 0 0
1 384 0 0
1 385 0 0
1 386 0 0
1 387 0 0
1 388 0 0
1 389 0 0
1 390 0 0
1 391 0 0
1 392 0 0
1 393 0 0
1 394 0 0
1 395 0 0
1 396 0 0
1 397 0 0
1 398 0 0
1 399 0 0
1 400 0 0
1 401 0 0
1 402 0 0
1 403 0 0
1 404 0 0
1 405 0 24
481
482
483
484
485
486
487
488
489
490
491
492
493
494
495
496
497
498
499
500
501
502
503
504
0.003494399999999999 0.006997280460386909 0
0.003348799999999999 0.006997393774537454 0
0.003203199999999999 0.006997507088688 0
0.003057599999999999 0.006997620402838545 0
0.002912 0.006997733716989091 0
0.0027664 0.006997847031139637 0
0.0026208 0.006997960345290182 0
0.002475199999999999 0.006998073659440727 0
0.0023296 0.006998186973591273 0
0.002184000000000001 0.006998300287741818 0
0.002038400000000001 0.006998413601892363 0
0.001892800000000002 0.006998526916042909 0
0.001747200000000003 0.006998640230193455 0
0.001601600000000004 0.006998753544344 0
0.001456000000000004 0.006998866858494546 0
0.001310400000000005 0.006998980172645091 0
0.001164800000000005 0.006999093486795636 0
0.001019200000000005 0.006999206800946182 0
0.0008736000000000041 0.006999320115096727 0
0.0007280000000000035 0.006999433429247272 0
0.0005824000000000024 0.006999546743397819 0
0.0004368000000000018 0.006999660057548364 0
0.0002912000000000012 0.006999773371698909 0
0.0001456000000000006 0.006999886685849455 0
1 406 0 46
505
506
507
508
509
510
511
512
513
514
515
516
517
518
519
520
521
522
523
524
525
526
527
528
529
530
531
532
533
534
535
536
537
538
539
540
541
542
543
544
545
546
547
548
549
550
0 0.006848559123709748 0
0 0.006699446695133298 0
0 0.006550570101908113 0
0 0.006401693508682929 0
0 0.006252816915457745 0
0 0.00610394032223256 0
0 0.005955063729007375 0
0 0.005806187135782191 0
0 0.005657310542557007 0
0 0.005508433949331822 0
0 0.005359557356106638 0
0 0.005210680762881454 0
0 0.00506180416965627 0
0 0.004912927576431084 0
0 0.004764050983205901 0
0 0.004615174389980716 0
0 0.004466297796755531 0
0 0.004317421203530347 0
0 0.004168544610305162 0
0 0.004019668017079977 0
0 0.003870791423854791 0
0 0.003721914830629606 0
0 0.003573038237404421 0
0 0.003424161644179237 0
0 0.003275285050954051 0
0 0.003126408457728867 0
0 0.002977531864503682 0
0 0.002828655271278496 0
0 0.002679778678053311 0
0 0.002530902084828126 0
0 0.002382025491602941 0
0 0.002233148898377756 0
0 0.002084272305152572 0
0 0.001935395711927389 0
0 0.001786519118702205 0
0 0.00163764252547702 0
0 0.001488765932251837 0
0 0.001339889339026653 0
0 0.00119101274580147 0
0 0.001042136152576286 0
0 0.0008932595593511032 0
0 0.0007443829661259189 0
0 0.0005955063729007346 0
0 0.0004466297796755512 0
0 0.0002977531864503677 0
0 0.0001488765932251843 0
2 1 0 1842
551
552
553
554
555
556
557
558
559
560
561
562
563
564
565
566
567
568
569
570
571
572
573
574
575
576
577
578
579
580
581
582
583
584
585
586
587
588
589
590
591
592
593
594
595
596
597
598
599
600
601
602
603
604
605
606
607
608
609
610
611
612
613
614
615
616
617
618
619
620
621
622
623
624
625
626
627
628
629
630
631
632
633
634
635
636
637
638
639
640
641
642
643
644
645
646
647
648
649
650
651
652
653
654
655
656
657
658
659
660
661
662
663
664
665
666
667
668
669
670
671
672
673
674
675
676
677
678
679
680
681
682
683
684
685
686
687
688
689
690
691
692
693
694
695
696
697
698
699
700
701
702
703
704
705
706
707
708
709
710
711
712
713
714
715
716
717
718
719
720
721
722
723
724
725
726
727
728
729
730
731
732
733
734
735
736
737
738
739
740
741
742
743
744
745
746
747
748
749
750
751
752
753
754
755
756
757
758
759
760
761
762
763
764
765
766
767
768
769
770
771
772
773
774
775
776
777
778
779
780
781
782
783
784
785
786
787
788
789
790
791
792
793
794
795
796
797
798
799
800
801
802
803
804
805
806
807
808
809
810
811
812
813
814
815
816
817
818
819
820
821
822
823
824
825
826
827
828
829
830
831
832
833
834
835
836
837
838
839
840
841
842
843
844
845
846
847
848
849
850
851
852
853
854
855
856
857
858
859
860
861
862
863
864
865
866
867
868
869
870
871
872
873
874
875
876
877
878
879
880
881
882
883
884
885
886
887
888
889
890
891
892
893
894
895
896
897
898
899
900
901
902
903
904
905
906
907
908
909
910
911
912
913
914
915
916
917
918
919
920
921
922
923
924
925
926
927
928
929
930
931
932
933
934
935
936
937
938
939
940
941
942
943
944
945
946
947
948
949
950
951
952
953
954
955
956
957
958
959
960
961
962
963
964
965
966
967
968
969
970
971
972
973
974
975
976
977
978
979
980
981
982
983
984
985
986
987
988
989
990
991
992
993
994
995
996
997
998
999
1000
1001
1002
1003
1004
1005
1006
1007
1008
1009
1010
1011
1012
1013
1014
1015
1016
1017
1018
1019
1020
1021
1022
1023
1024
1025
1026
1027
1028
1029
1030
1031
1032
1033
1034
1035
1036
1037
1038
1039
1040
1041
1042
1043
1044
1045
1046
1047
1048
1049
1050
1051
1052
1053
1054
1055
1056
1057
1058
1059
1060
1061
1062
1063
1064
1065
1066
1067
1068
1069
1070
1071
1072
1073
1074
1075
1076
1077
1078
1079
1080
1081
1082
1083
1084
1085
1086
1087
1088
1089
1090
1091
1092
1093
1094
1095
1096
1097
1098
1099
1100
1101
1102
1103
1104
1105
1106
1107
1108
1109
1110
1111
1112
1113
1114
1115
1116
1117
1118
1119
1120
1121
1122
1123
1124
1125
1126
1127
1128
1129
1130
1131
1132
1133
1134
1135
1136
1137
1138
1139
1140
1141
1142
1143
1144
1145
1146
1147
1148
1149
1150
1151
1152
1153
1154
1155
1156
1157
1158
1159
1160
1161
1162
1163
1164
1165
1166
1167
1168
1169
1170
1171
1172
1173
1174
1175
1176
1177
1178
1179
1180
1181
1182
1183
1184
1185
1186
1187
1188
1189
1190
1191
1192
1193
1194
1195
1196
1197
1198
1199
1200
1201
1202
1203
1204
1205
1206
1207
1208
1209
1210
1211
1212
1213
1214
1215
1216
1217
1218
1219
1220
1221
1222
1223
1224
1225
1226
1227
1228
1229
1230
1231
1232
1233
1234
1235
1236
1237
1238
1239
1240
1241
1242
1243
1244
1245
1246
1247
1248
1249
1250
1251
1252
1253
1254
1255
1256
1257
1258
1259
1260
1261
1262
1263
1264
1265
1266
1267
1268
1269
1270
1271
1272
1273
1274
1275
1276
1277
1278
1279
1280
1281
1282
1283
1284
1285
1286
1287
1288
1289
1290
1291
1292
1293
1294
1295
1296
1297
1298
1299
1300
1301
1302
1303
1304
1305
1306
1307
1308
1309
1310
1311
1312
1313
1314
1315
1316
1317
1318
1319
1320
1321
1322
1323
1324
1325
1326
1327
1328
1329
1330
1331
1332
1333
1334
1335
1336
1337
1338
1339
1340
1341
1342
1343
1344
1345
1346
1347
1348
1349
1350
1351
1352
1353
1354
1355
1356
1357
1358
1359
1360
1361
1362
1363
1364
1365
1366
1367
1368
1369
1370
1371
1372
1373
1374
1375
1376
1377
1378
1379
1380
1381
1382
1383
1384
1385
1386
1387
1388
1389
1390
1391
1392
1393
1394
1395
1396
1397
1398
1399
1400
1401
1402
1403
1404
1405
1406
1407
1408
1409
1410
1411
1412
1413
1414
1415
1416
1417
1418
1419
1420
1421
1422
1423
1424
1425
1426
1427
1428
1429
1430
1431
1432
1433
1434
1435
1436
1437
1438
1439
1440
1441
1442
1443
1444
1445
1446
1447
1448
1449
1450
1451
1452
1453
1454
1455
1456
1457
1458
1459
1460
1461
1462
1463
1464
1465
1466
1467
1468
1469
1470
1471
1472
1473
1474
1475
1476
1477
1478
1479
1480
1481
1482
1483
1484
1485
1486
1487
1488
1489
1490
1491
1492
1493
1494
1495
1496
1497
1498
1499
1500
1501
1502
1503
1504
1505
1506
1507
1508
1509
1510
1511
1512
1513
1514
1515
1516
1517
1518
1519
1520
1521
1522
1523
1524
1525
1526
1527
1528
1529
1530
1531
1532
1533
1534
1535
1536
1537
1538
1539
1540
1541
1542
1543
1544
1545
1546
1547
1548
1549
1550
1551
1552
1553
1554
1555
1556
1557
1558
1559
1560
1561
1562
1563
1564
1565
1566
1567
1568
1569
1570
1571
1572
1573
1574
1575
1576
1577
1578
1579
1580
1581
1582
1583
1584
1585
1586
1587
1588
1589
1590
1591
1592
1593
1594
1595
1596
1597
1598
1599
1600
1601
1602
1603
1604
1605
1606
1607
1608
1609
1610
1611
1612
1613
1614
1615
1616
1617
1618
1619
1620
1621
1622
1623
1624
1625
1626
1627
1628
1629
1630
1631
1632
1633
1634
1635
1636
1637
1638
1639
1640
1641
1642
1643
1644
1645
1646
1647
1648
1649
1650
1651
1652
1653
1654
1655
1656
1657
1658
1659
1660
1661
1662
1663
1664
1665
1666
1667
1668
1669
1670
1671
1672
1673
1674
1675
1676
1677
1678
1679
1680
1681
1682
1683
1684
1685
1686
1687
1688
1689
1690
1691
1692
1693
1694
1695
1696
1697
1698
1699
1700
1701
1702
1703
1704
1705
1706
1707
1708
1709
1710
1711
1712
1713
1714
1715
1716
1717
1718
1719
1720
1721
1722
1723
1724
1725
1726
1727
1728
1729
1730
1731
1732
1733
1734
1735
1736
1737
1738
1739
1740
1741
1742
1743
1744
1745
1746
1747
1748
1749
1750
1751
1752
1753
1754
1755
1756
1757
1758
1759
1760
1761
1762
1763
1764
1765
1766
1767
1768
1769
1770
1771
1772
1773
1774
1775
1776
1777
1778
1779
1780
1781
1782
1783
1784
1785
1786
1787
1788
1789
1790
1791
1792
1793
1794
1795
1796
1797
1798
1799
1800
1801
1802
1803
1804
1805
1806
1807
1808
1809
1810
1811
1812
1813
1814
1815
1816
1817
1818
1819
1820
1821
1822
1823
1824
1825
1826
1827
1828
1829
1830
1831
1832
1833
1834
1835
1836
1837
1838
1839
1840
1841
1842
1843
1844
1845
1846
1847
1848
1849
1850
1851
1852
1853
1854
1855
1856
1857
1858
1859
1860
1861
1862
1863
1864
1865
1866
1867
1868
1869
1870
1871
1872
1873
1874
1875
1876
1877
1878
1879
1880
1881
1882
1883
1884
1885
1886
1887
1888
1889
1890
1891
1892
1893
1894
1895
1896
1897
1898
1899
1900
1901
1902
1903
1904
1905
1906
1907
1908
1909
1910
1911
1912
1913
1914
1915
1916
1917
1918
1919
1920
1921
1922
1923
1924
1925
1926
1927
1928
1929
1930
1931
1932
1933
1934
1935
1936
1937
1938
1939
1940
1941
1942
1943
1944
1945
1946
1947
1948
1949
1950
1951
1952
1953
1954
1955
1956
1957
1958
1959
1960
1961
1962
1963
1964
1965
1966
1967
1968
1969
1970
1971
1972
1973
1974
1975
1976
1977
1978
1979
1980
1981
1982
1983
1984
1985
1986
1987
1988
1989
1990
1991
1992
1993
1994
1995
1996
1997
1998
1999
2000
2001
2002
2003
2004
2005
2006
2007
2008
2009
2010
2011
2012
2013
2014
2015
2016
2017
2018
2019
2020
2021
2022
2023
2024
2025
2026
2027
2028
2029
2030
2031
2032
2033
2034
2035
2036
2037
2038
2039
2040
2041
2042
2043
2044
2045
2046
2047
2048
2049
2050
2051
2052
2053
2054
2055
2056
2057
2058
2059
2060
2061
2062
2063
2064
2065
2066
2067
2068
2069
2070
2071
2072
2073
2074
2075
2076
2077
2078
2079
2080
2081
2082
2083
2084
2085
2086
2087
2088
2089
2090
2091
2092
2093
2094
2095
2096
2097
2098
2099
2100
2101
2102
2103
2104
2105
2106
2107
2108
2109
2110
2111
2112
2113
2114
2115
2116
2117
2118
2119
2120
2121
2122
2123
2124
2125
2126
2127
2128
2129
2130
2131
2132
2133
2134
2135
2136
2137
2138
2139
2140
2141
2142
2143
2144
2145
2146
2147
2148
2149
2150
2151
2152
2153
2154
2155
2156
2157
2158
2159
2160
2161
2162
2163
2164
2165
2166
2167
2168
2169
2170
2171
2172
2173
2174
2175
2176
2177
2178
2179
2180
2181
2182
2183
2184
2185
2186
2187
2188
2189
2190
2191
2192
2193
2194
2195
2196
2197
2198
2199
2200
2201
2202
2203
2204
2205
2206
2207
2208
2209
2210
2211
2212
2213
2214
2215
2216
2217
2218
2219
2220
2221
2222
2223
2224
2225
2226
2227
2228
2229
2230
2231
2232
2233
2234
2235
2236
2237
2238
2239
2240
2241
2242
2243
2244
2245
2246
2247
2248
2249
2250
2251
2252
2253
2254
2255
2256
2257
2258
2259
2260
2261
2262
2263
2264
2265
2266
2267
2268
2269
2270
2271
2272
2273
2274
2275
2276
2277
2278
2279
2280
2281
2282
2283
2284
2285
2286
2287
2288
2289
2290
2291
2292
2293
2294
2295
2296
2297
2298
2299
2300
2301
2302
2303
2304
2305
2306
2307
2308
2309
2310
2311
2312
2313
2314
2315
2316
2317
2318
2319
2320
2321
2322
2323
2324
2325
2326
2327
2328
2329
2330
2331
2332
2333
2334
2335
2336
2337
2338
2339
2340
2341
2342
2343
2344
2345
2346
2347
2348
2349
2350
2351
2352
2353
2354
2355
2356
2357
2358
2359
2360
2361
2362
2363
2364
2365
2366
2367
2368
2369
2370
2371
2372
2373
2374
2375
2376
2377
2378
2379
2380
2381
2382
2383
2384
2385
2386
2387
2388
2389
2390
2391
2392
0.01347146736798658 0.004029026524195503 0
0.00353260959844847 0.002971138066221373 0
0.006826935936732064 0.004034034590512905 0
0.01017306406326794 0.002965965409487095 0
0.003173269603502483 0.00285187794337125 0
0.01382673039649751 0.004148122056628753 0
0.003828266186464809 0.00294591645681613 0
0.01316940644140731 0.004053379613608993 0
0.007137453683876801 0.004072120815032321 0
0.009862546316123199 0.00292787918496768 0
0.00655041369898283 0.004082832566040115 0
0.01044958630101717 0.002917167433959886 0
0.01237782998890389 0.0008605831942359084 0
0.004630775143025696 0.006159339064748314 0
0.01290095281643276 0.004151151054990585 0
0.004105234291525664 0.002849691858937055 0
0.007411184333654098 0.004205735536466327 0
0.009596715589464304 0.002767618611746187 0
0.005612318708741654 0.00120296268459457 0
0.01137595691451803 0.005791051166214247 0
0.00281765171262556 0.002602560653480859 0
0.01418453843304626 0.004389914295908081 0
0.01072436051985012 0.002781639561424892 0
0.006277973847700378 0.004215180553858527 0
0.004381814308582518 0.00266895476474571 0
0.01261337757495214 0.00433210923912538 0
0.01474123896241749 0.0001118407326880949 0
0.002256703293053304 0.006873982614975705 0
0.0001270315538005138 0.004689612686593307 0
0.01687334391437289 0.002310387313406703 0
0.008760825108804205 0.005700588719327416 0
0.008261249178736713 0.001298367069896109 0
0.007802932846866046 0.0007489390761223022 0
0.009186000572115771 0.006269337634142573 0
0.01199149106278529 0.001382457950324345 0
0.005016481256979954 0.005642803953041712 0
0.002984701867067019 0.006871583761122804 0
0.01401293395895499 0.0001277378500521139 0
0.005309631179022212 0.001650912502499848 0
0.0116960151395253 0.005354314931543929 0
0.009594978010346988 0.006637153645725338 0
0.006450551307551087 0.0003410273899873877 0
0.008412615358145229 0.005273326233828366 0
0.008593060548644756 0.00172149829435975 0
0.002505646560572194 0.002215098621396272 0
0.01450721330713771 0.004757935911993079 0
0.007683703634999521 0.004417839456186727 0
0.01166776906664226 0.001830168801720507 0
0.005328874831896584 0.005175148175449895 0
0.009316296365000479 0.002582160543813274 0
0.0001367956276034071 0.003944415449618246 0
0.01687464764227522 0.003054770279532621 0
0.008902180144357334 0.00215494727628752 0
0.008079230277125329 0.004868220235853806 0
0.004960994711077768 0.002058269035170144 0
0.01202113755086883 0.004921173149959532 0
0.003655712405903276 0.006919957717025229 0
0.01333741610740856 9.91175228759961e-05 0
0.006021920769965839 0.004392083499072077 0
0.01097807923003416 0.002607916500927923 0
0.004639603155696864 0.00243465264357386 0
0.01235977592700178 0.004532344014219883 0
0.0113338932530087 0.002234685940421994 0
0.005674311568710902 0.004764202513305165 0
0.006016028718143495 0.0007505600227820136 0
0.01099961939008427 0.006259663287165931 0
0.01687090633123653 0.001566004347280767 0
0.0001421744246571724 0.005426560524087367 0
0.004273144776346159 0.006556257314005155 0
0.01274393088450756 0.0004272236191525287 0
0.002182731031046454 0.001802736989817052 0
0.01485207558899644 0.005183643217645298 0
0.0001290936687634719 0.003200846754341459 0
0.01687155377707435 0.00379915324565854 0
0.01546613260806738 0.000137154049462837 0
0.001535318915846452 0.006856797990176806 0
0.007438042933804931 0.0004009685838966106 0
0.01063126657974571 0.006613632564769441 0
0.001904515014176376 0.001452776442177138 0
0.01510654204807124 0.005547300776582859 0
0.01687106908823811 0.004394659618559281 0
0.0001367663956360569 0.002611267456816172 0
0.001645794632889457 0.001106903465790567 0
0.01536122465616487 0.00590355817263674 0
0.01562233527213262 0.006237547073191527 0
0.001377664727867378 0.000762452926808474 0
0.01014770016134271 0.006824581520140557 0
0.00697250016134271 0.0001754184798594426 0
0.01687106848102891 0.004990165991460016 0
0.0001302119348087494 0.002011432477618545 0
0.01687090633123653 0.0009704979743800348 0
0.0001258109077816472 0.006029502025619964 0
0.001170658500997294 0.0005082043213564319 0
0.0158293414990027 0.006491795678643568 0
0.0008611322300601364 0.0002310054592635042 0
0.01613886776993986 0.006768994540736498 0
0.0001284327886175562 0.001414327635639244 0
0.01687151642934453 0.005585672364360758 0
0.01604870073662649 0.0001228470219295169 0
0.0009516600711301296 0.006870177818457402 0
0.009114617215086846 0.00239483672996494 0
0.007883049146981734 0.004602984142024143 0
0.004026333050503017 0.006787705917770878 0
0.01297366694949699 0.0002122940822291215 0
0.01646094788604273 0.006907093858175145 0
0.0005390521139572758 9.290614182485678e-05 0
0.01215978314646411 0.001087436323625945 0
0.004839217907581945 0.005915933013784283 0
0.008941167946423368 0.00595070236012434 0
0.008054881236865052 0.00105611037876442 0
0.0001263723912868654 0.0009632651915411922 0
0.01687345340845282 0.006036747101151979 0
0.01116845414249682 0.006020214574744423 0
0.005800526092972264 0.0009856478381577612 0
0.006671646135354339 0.0002154679597499692 0
0.009846846135354336 0.00678453204025003 0
0.01255577483134804 0.0006150949054115171 0
0.004439041067603266 0.006377137839626404 0
0.009383817944919269 0.00645122775224302 0
0.006197127444543657 0.0005694221626959504 0
0.007224647397081261 0.0002566583469812379 0
0.01037339811095441 0.006748376960789445 0
0.01081024192750297 0.006438474713899095 0
0.00762494744525665 0.000550608537804846 0
0.01687003206158953 0.0005350148713154472 0
0.0001291233167227696 0.006476131805295517 0
0.01357765922029514 0.0001390890838208836 0
0.003438962988434783 0.00686917712514969 0
0.0001254961539895409 0.000521068076288139 0
0.01687485693348495 0.006478931923711857 0
0.0005095014835272277 0.006873017282434845 0
0.01649049299072033 0.0001198825491238909 0
0.000127441611968369 0.004242982906917748 0
0.0001216299382001372 0.005737428413316126 0
0.0001386549384770359 0.003493651934924529 0
0.0001223772891560549 0.001712080822089607 0
0.0001615431590804087 0.004999316521266018 0
0.0001335823225259297 0.002899356500539404 0
0.01687196983424866 0.001873084667097959 0
0.01687672825305322 0.002757017093082249 0
0.01687659115294488 0.003501400059208174 0
0.01687090633123653 0.005287919177910389 0
0.01687106908823811 0.004096906432108912 0
0.01687106848102891 0.001268251160830402 0
0.000128930911761891 0.002307587194990344 0
0.0168744166224496 0.004692412805009656 0
0.01445209863443615 0.0001287206895597926 0
0.01518009813293297 0.0001275097256728322 0
0.001244679673477076 0.006870945978668404 0
0.002541929766660601 0.006878075986596883 0
0.01576781509854774 0.0001247159974569903 0
0.001970497683193442 0.006877430307809646 0
0.01666666666666667 0.006913397459621556 0
0.0003333333333333348 8.660254037844367e-05 0
0.01315263272568032 0.0001454321777204157 0
0.003823735193624674 0.006854820952908178 0
0.003380585801029415 0.002942695441418937 0
0.003442149013500556 0.003048651162805045 0
0.01361941419897059 0.004057304558581068 0
0.01356278148448832 0.003952309730667393 0
0.00668807457644479 0.004046771235157974 0
0.006771007011493357 0.003919493805730646 0
0.01031192542355521 0.002953228764842027 0
0.01022407898601862 0.003086876858929073 0
0.003040179995742136 0.002758863994544469 0
0.003056409179389511 0.002887749677283364 0
0.01395976882875561 0.004241064835027258 0
0.01394358350982445 0.004112240155512599 0
0.00640586046415116 0.004139936419376294 0
0.006293919322166538 0.00406116578392266 0
0.01059447301692748 0.002859609311378481 0
0.01071210014251017 0.002934567731068628 0
0.002694340765157355 0.002467978057324416 0
0.01430084973922529 0.004551942945521432 0
0.01114266617547242 0.002438623076479 0
0.005858109289595258 0.004561333047508849 0
0.00614461040336067 0.004302044976281824 0
0.006001207780711237 0.004260103780848145 0
0.01086362932907198 0.002686743948421671 0
0.01099173075358739 0.002748347687664186 0
0.01330184723642327 0.004034004589950825 0
0.01323275343746813 0.003919895685621053 0
0.003701314824502789 0.002966035926181511 0
0.003749521921292188 0.003077788215571248 0
0.01462385737486263 0.004944838563268709 0
0.002363388627604186 0.002073003652041619 0
0.01145530777238355 0.00206808428121571 0
0.005519946371440862 0.004933915016413559 0
0.006994088875359921 0.004034458057398778 0
0.007093447765076218 0.003966241341269499 0
0.01000591112464008 0.002965541942601222 0
0.009903881667261527 0.003038553876600545 0
0.003972672423734982 0.002907905595355204 0
0.004069247484131855 0.002998186688892528 0
0.01302555159497007 0.004091410329977457 0
0.01293075251586814 0.004001813311107472 0
0.007278097273950552 0.004130475912379148 0
0.007391052285587708 0.004084101022051659 0
0.009721902726049447 0.002869524087620852 0
0.00961830556413908 0.00293605840992767 0
0.004784783570590733 0.002319132731251135 0
0.01221082885531819 0.004688939581051024 0
0.01249837714671148 0.004408523814865582 0
0.01248080630912949 0.00427452502341739 0
0.0045008215005443 0.002591653519112933 0
0.004512043128250331 0.002732720987398012 0
0.007534000811754453 0.004325065329594726 0
0.00770571789347853 0.00428634788015805 0
0.009442564844762582 0.002692085785659005 0
0.009316116860007505 0.002714693261280416 0
0.01274973504343707 0.00421390013827407 0
0.004247809460195718 0.00276841556484081 0
0.008215761227057214 0.005015405264008134 0
0.00878486748499515 0.002000245085990477 0
0.005208708666625832 0.005363135978571846 0
0.01180245288112453 0.001628152450416423 0
0.01191100930182496 0.005105390545925679 0
0.005115322972818369 0.001905834678286268 0
0.002052150439548917 0.001625783201125703 0
0.0149504789256641 0.005374549583044624 0
0.008556294632156345 0.005428006789245393 0
0.008430472481566755 0.001563471706171191 0
0.005435903023469507 0.001477546225095405 0
0.01156151914733939 0.005532053072062757 0
0.01521912865144538 0.005730888808911204 0
0.00176472844855639 0.001271644063827447 0
0.01547318946784327 0.006063049241573 0
0.00152913532081771 0.0009184912904720123 0
0.00795504306349281 0.0008822743666284201 0
0.009066927455013815 0.006090114850291374 0
0.001254879046350969 0.0006146510711873068 0
0.001117485901895304 0.000639410172627215 0
0.001017322199569902 0.0005401334997173369 0
0.0009705633430488452 0.0006870414803030831 0
0.0008495883587585421 0.0005692627673986551 0
0.0008005643547612058 0.0007475941815503458 0
0.000979194823068406 0.0008804763535138981 0
0.0007496091381103244 0.0009643054961408406 0
0.0009317269098435025 0.001116220471328312 0
0.01574512095364903 0.006385348928812696 0
0.0158825140981047 0.006360589827372786 0
0.0159826778004301 0.006459866500282667 0
0.01602943665695116 0.006312958519696918 0
0.01615041164124146 0.006430737232601343 0
0.01619943564523879 0.006252405818449653 0
0.01604121553573671 0.006121284806317598 0
0.01625379258835719 0.006035988030497737 0
0.01607979662897077 0.005872413661084405 0
0.01634663705005465 0.006381298045880976 0
0.0006549065360958745 0.0006186061736978485 0
0.01635252080354217 0.005791571153032875 0
0.01612311236621339 0.005618966903247865 0
0.0006496113772123564 0.001206847083974444 0
0.0008894916770929894 0.00138387505235064 0
0.009474555157752092 0.00654149237097014 0
0.009512531753725592 0.00640988409804541 0
0.006319761525799402 0.0004507343787869319 0
0.006324478085315071 0.0005787764559039904 0
0.01286407691928822 0.0003194623909156956 0
0.01287260723150473 0.0004449862316526004 0
0.004136314060185407 0.006680231779967846 0
0.004130223128090864 0.006552348072539176 0
0.009191089989698762 0.002613096280722477 0
0.009169049192968161 0.002789719354955638 0
0.00902354196827574 0.002685673215589244 0
0.009003468424062432 0.00288073390973761 0
0.008839047155281334 0.002764076989928807 0
0.008806658891288744 0.002997969881864364 0
0.008599846588680767 0.002850693528173061 0
0.008557353585193543 0.003135956912378614 0
0.008849516727134099 0.003284709117512546 0
0.008297480721911383 0.002955993815566148 0
0.008529399639560157 0.003470092314393844 0
0.008824756706335051 0.003671571612569342 0
0.008393921943878677 0.002629155651181212 0
0.008035122989744285 0.002754638388686285 0
0.008102126248500834 0.002383417131825407 0
0.007757344905089931 0.002531548252624689 0
0.007822596136250404 0.002166068796840578 0
0.00746034934247722 0.002306524266656671 0
0.007522052031305206 0.001934863944129535 0
0.007138862456331538 0.002064824530206684 0
0.007053564916302305 0.002574871369845104 0
0.007252125048820628 0.001630623343413881 0
0.006823907093119315 0.001798722699145027 0
0.00766785558356689 0.002927824096518395 0
0.009160371630256535 0.002978700156460453 0
0.006857177201568693 0.001371819246886361 0
0.00843217095062674 0.003879233089042849 0
0.008809844864766436 0.004057952923572525 0
0.009176448356546003 0.003829840521750806 0
0.009124714841043812 0.004304836893594868 0
0.009560066029089808 0.00402228532044513 0
0.009510662604311132 0.004550293248973924 0
0.009909531807896924 0.004304005300431142 0
0.009919137818237472 0.004756446995874113 0
0.01031377586065068 0.004542977836471433 0
0.01025866785975621 0.005003242491544897 0
0.009841824582100721 0.00518903812769117 0
0.01024805798866036 0.005439510194839969 0
0.01068101668071588 0.004829813341577935 0
0.01069623227908393 0.004274209227015999 0
0.00816260798408041 0.003592676959555217 0
0.011093751873771 0.004586450269848757 0
0.01111124788081023 0.004135226373519713 0
0.00650806563340264 0.001544435683235629 0
0.006424282789328772 0.001878328526623706 0
0.01144486761616964 0.004361049376566336 0
0.01142959431966569 0.003977480346887386 0
0.01115204127377551 0.003742279379714243 0
0.01148145766777925 0.003557598765999564 0
0.01177297537952355 0.003853424927117059 0
0.01183640784415373 0.00344516674394884 0
0.01210282781272673 0.003685614488329284 0
0.01219698810287241 0.00333922283852982 0
0.01184351922323512 0.00305802847580145 0
0.01220536669526127 0.002914467640546227 0
0.0125256777960872 0.003131057034147607 0
0.01255170368662836 0.002734588713349517 0
0.01288458993067259 0.002953144312229126 0
0.01291619112021258 0.002529313958399337 0
0.01330888780073685 0.00282903729938968 0
0.01331087737520227 0.002327262404287986 0
0.01373795551751715 0.002574483326648765 0
0.01370772766186359 0.00201391663650833 0
0.0142073654063427 0.002330307738841737 0
0.0142748461389897 0.001721215251389816 0
0.0147294102870957 0.002077829133761247 0
0.01464132658532371 0.002711955324977553 0
0.01516711593035583 0.002380445151052738 0
0.01519043809121692 0.002930611815726725 0
0.01522625509253982 0.001846056573638358 0
0.01373933013660761 0.001493426665774386 0
0.01415423990246571 0.001273396579863769 0
0.01290336956316085 0.002047539421462922 0
0.01557311926435138 0.0020952141575221 0
0.01568566964396686 0.00163257882075825 0
0.01530864931537502 0.001380287981716256 0
0.01570569803994729 0.001164334434990851 0
0.01379203248113403 0.001058814518690638 0
0.01342373230553709 0.001214492721163769 0
0.01475883276014765 0.003239011823038101 0
0.0151491577446947 0.003458974173182077 0
0.01555107777373438 0.003247915360548747 0
0.01558530233276625 0.003698245258500107 0
0.01514845539551441 0.003945254097722554 0
0.01553307882907383 0.004131332577962342 0
0.01584929848317976 0.003981169669332357 0
0.01587191346206544 0.004343111139054804 0
0.01547309325232645 0.004541034320195963 0
0.01367439486207811 0.003029442983044397 0
0.00914191525840626 0.004684755235956654 0
0.01221538404285054 0.002513509456677413 0
0.009870510661755566 0.005662612548582481 0
0.0102056630379804 0.005834989486488492 0
0.009542553418933196 0.005449161791029332 0
0.01603880071287345 0.001385470195689473 0
0.0160672185002717 0.001051347450460438 0
0.01418297346145308 0.0007896991011285947 0
0.01049843478185232 0.005728767314005808 0
0.006104084317961275 0.00173265011316474 0
0.006094416564160174 0.002035317045133162 0
0.01533053289330546 0.0009911226251394815 0
0.00992151306559369 0.003911865546847297 0
0.007242409667784986 0.001247188978369252 0
0.007029118946944035 0.00104302710858882 0
0.01107162843079365 0.004963125225691239 0
0.01347663103647018 0.0008604546364182741 0
0.0131447346924436 0.0009696204358490257 0
0.00850787508102635 0.004218351851280305 0
0.01581081120961902 0.004783776199260015 0
0.01546534558675201 0.004894850051904592 0
0.01614288635899032 0.004609210596015996 0
0.01521123127893117 0.004750032437741816 0
0.01441732695242547 0.001003202685848086 0
0.007841977185691023 0.001806546291988752 0
0.007812029260799242 0.004387052453768733 0
0.007837073050125635 0.004214442712087069 0
0.01641115320697321 0.005547739082713196 0
0.0006263237713057083 0.001471109842846436 0
0.0008182324612037301 0.001694991544913367 0
0.00109061524211161 0.001542667149439449 0
0.001119917291253924 0.001854934452799171 0
0.0007897718970645848 0.001989733398696758 0
0.001072428552924831 0.002194287789089862 0
0.001338038932479975 0.00207551875494348 0
0.001359565347743513 0.002400025697032608 0
0.0009702386914618522 0.002507723160024984 0
0.001219753378632105 0.002793065153435813 0
0.001674480018949697 0.002644191515166786 0
0.001582555801994003 0.003026368475298867 0
0.001186979516395062 0.003248371176237822 0
0.00153366328791986 0.003463264439965984 0
0.001897644459723092 0.003226071699070159 0
0.001936503738426476 0.003663304020534633 0
0.001399849927273554 0.003886546530294513 0
0.001797389525993388 0.004183803740770342 0
0.002294273035129872 0.00401394656904465 0
0.00218160163008323 0.004523027044639806 0
0.002677095093163691 0.004335359351103923 0
0.002606032843005044 0.004865926443150133 0
0.003138471643823345 0.004628856116085896 0
0.002088488877929888 0.005027507904903061 0
0.002990709594758851 0.005201360299642989 0
0.003515096121719738 0.005057522001862026 0
0.00364391761831376 0.004535001312887138 0
0.001335071651505979 0.004343060290555876 0
0.004023897085529504 0.004828466412386658 0
0.004095150642642824 0.004365900279115175 0
0.004449793325673424 0.004687213564060851 0
0.004508702390208511 0.004212040465267662 0
0.004014959919447864 0.005279067141295326 0
0.004855836044586287 0.004480522239260664 0
0.004881308404282288 0.004084513445796014 0
0.004580136843665259 0.003863513789787383 0
0.004916830537426741 0.003681203518621775 0
0.002736897978548247 0.003834794801886211 0
0.003744278319793077 0.00408419934991026 0
0.001005925046947352 0.004113284763372501 0
0.000911871913860815 0.004492309082772489 0
0.005212676081534388 0.003961262035055766 0
0.005338480473929165 0.003604248671585959 0
0.005028761524039881 0.003299267659769401 0
0.005396513585095474 0.003208577197195567 0
0.005661075683159393 0.003421758733537806 0
0.005742956992368167 0.003086637977206398 0
0.006021604563351162 0.003346362304980056 0
0.005435834035689839 0.002816135938913211 0
0.006080956762190398 0.002959649379419679 0
0.006369930596375228 0.00319794611324755 0
0.004835022487086458 0.004829681072585597 0
0.005833074241259648 0.001816225843780101 0
0.009541283739857317 0.005797149096875153 0
0.0162367661655509 0.006838293851198192 0
0.0007632338344490961 0.0001617061488018079 0
0.01585716202357861 0.005731365195537317 0
0.009254606105506972 0.005611027483312861 0
0.006222726813615225 0.001357474409162143 0
0.01115708141681596 0.003417170853942239 0
0.01087882426024107 0.003528054207728339 0
0.01287107159869825 0.003339386696200263 0
0.005803732011095209 0.002135060151122609 0
0.0104396904439235 0.006039330182315387 0
0.01016169564471983 0.006164088456385872 0
0.01046857731254181 0.006675888555461811 0
0.0103057955870595 0.006654178967058317 0
0.01041886339317828 0.006519470590531222 0
0.007343771557624425 0.0003257654600746585 0
0.007213662247635698 0.0003862836504314113 0
0.0160480482081999 0.006690935700353512 0
0.0009519517918001041 0.0003090642996465007 0
0.007664862326579031 0.004119500693037239 0
0.007967672752046068 0.004307941838393593 0
0.01588743377316866 0.005391818442372874 0
0.005067923421417046 0.004705685422060422 0
0.01445225812504098 0.0006413918146818253 0
0.001248003077533857 0.004765000073273351 0
0.0008785939915217107 0.004867885862669427 0
0.001134711909176456 0.005111401095258972 0
0.000756010416034205 0.005190814559491616 0
0.001032599955117026 0.00543668921145154 0
0.0007115184437629842 0.005520674108130535 0
0.000928011585497766 0.005753676702268661 0
0.001281310028021972 0.005681767932436714 0
0.001189390087693566 0.00606787522808788 0
0.001529680153331267 0.005950380617949801 0
0.0008459681924384123 0.006089349524489895 0
0.001465685469268826 0.006276101727271757 0
0.001780058179832331 0.006243880375574545 0
0.006579250732667085 0.0003111335512759467 0
0.006743450902511123 0.0003229063321162355 0
0.006637087053121834 0.0004464960997065427 0
0.006776397495975954 0.0004910596205356748 0
0.006640914985597799 0.0006262911250706671 0
0.009714647128774592 0.006710560234434262 0
0.00972655972126263 0.006585594018393375 0
0.007300999695925861 0.0009584373762227833 0
0.007503403486336266 0.00110439042913392 0
0.0140779836597555 0.004197444392590853 0
0.01408998331125108 0.004022854578882819 0
0.01422548427417507 0.004107263071277948 0
0.01394841657050155 0.003940539658184016 0
0.01410991753920617 0.003840196097481506 0
0.01393507108304128 0.00373899612726884 0
0.00292164227305814 0.002801978842727384 0
0.002935916044968549 0.003000480279596246 0
0.002768550930535196 0.002894967353103185 0
0.003079144871391047 0.003017334489449935 0
0.002770562820355444 0.00309699908425564 0
0.002591806983298226 0.002989138011820007 0
0.002562403411376308 0.003253717285975451 0
0.01562106851567066 0.005542434567663406 0
0.0006926636313467115 0.004224678561930084 0
0.0007164476662670869 0.003936202411360704 0
0.0001185059148210484 0.006774460415912998 0
0.01688177969650646 0.0002255393883311648 0
0.006316654393756598 0.003493368734480381 0
0.006626731610240993 0.003435777840451765 0
0.008415077259791943 0.002332335634653247 0
0.0163397324403818 0.001220501891926766 0
0.01633031099445117 0.001523487319520145 0
0.01634980142662626 0.0009251642600298757 0
0.01611696333773473 0.0007478310908726978 0
0.01636547201636761 0.0006459595879706598 0
0.01415337522676333 0.003620284538720636 0
0.01433750960297761 0.003767041625666075 0
0.01071307776333353 0.005947903316608 0
0.01077209604936274 0.005684001305529365 0
0.005582074086116988 0.001943012049663826 0
0.005549658016659351 0.002219178219500691 0
0.009953784189717325 0.006761288565934657 0
0.01419924804850507 0.0005328382025452387 0
0.008889944926402826 0.002566630844113843 0
0.009258266841435981 0.005332838143786123 0
0.01471300422658389 0.0008002018301977833 0
0.00187187271062387 0.005893631577417241 0
0.002099047555129839 0.006152174665878648 0
0.002208726412675347 0.005834820743753392 0
0.002408480531187301 0.006105222273584644 0
0.00231332542646449 0.006395378864906601 0
0.002597614236961636 0.006332978358129261 0
0.002716493052146722 0.006075808132835047 0
0.002875568423716326 0.006325295986297044 0
0.00301808261022087 0.006073296899119672 0
0.003180165754653384 0.006327905228243053 0
0.003317565516283153 0.006057766686947149 0
0.003488432646752023 0.006302479696052523 0
0.003617852027671894 0.006040556721840468 0
0.007107116133410493 0.0002159892648946524 0
0.01309244277588386 0.001324220470743654 0
0.01282057549357582 0.001121800812384 0
0.01279472196348041 0.001420998835503382 0
0.01257962062184508 0.001269668643320618 0
0.01253418062080092 0.001510060162181426 0
0.002606442432184884 0.002792315267518922 0
0.002409562430634345 0.002876720091677082 0
0.002446821140837113 0.002641782115453708 0
0.002220615584731977 0.002752196285722963 0
0.00224492596564183 0.002526359512553413 0
0.01207969204298687 0.003981463302538181 0
0.01237937971165139 0.003900444177984583 0
0.0151940962029928 0.005022416862531972 0
0.00799012665628988 0.004082302308260702 0
0.006870438803741663 0.0002319459121500138 0
0.0005762253227100302 0.004939645579279651 0
0.00115624005781075 0.001016227996005152 0
0.005004574911216758 0.005021988141325777 0
0.004790486269211957 0.005106168073729276 0
0.001628677684314289 0.006481194818541941 0
0.006348284795750129 0.002276276992666543 0
0.009031608374764088 0.005465884995639046 0
0.009030620124177895 0.005225255971666386 0
0.01498936240035533 0.004889732624342155 0
0.01500410727546049 0.00468682304562236 0
0.01287404389447657 0.0008301008377377636 0
0.003777708554528975 0.006294119039291935 0
0.003902926645573662 0.006054954718848376 0
0.003618218885926566 0.006508838842211642 0
0.0147176192682638 0.0005329957260445527 0
0.01494184915336758 0.0006332079180607188 0
0.001385781844149472 0.006547978323998303 0
0.003392291002734007 0.006549287397240264 0
0.005786867630858276 0.002402564484368117 0
0.002732542293635201 0.00654302746128759 0
0.01612260708813641 0.004930000108012236 0
0.01641128992370501 0.004773389853343171 0
0.01641691412978661 0.004483718994422478 0
0.002985211179244673 0.006536608873251205 0
0.006484317596894449 0.001231811332761491 0
0.006259324452369697 0.001072904137850475 0
0.00622454695470526 0.0006916427487946553 0
0.006364359006641264 0.0007370147992000072 0
0.009393155385136208 0.006314699409435761 0
0.009551817449427014 0.006252220112334236 0
0.009420131114503658 0.006141248242458096 0
0.009775243189590239 0.0059810925513476 0
0.01275660864975343 0.0005434670712074294 0
0.004226190585930847 0.00642880158788975 0
0.006694432309376769 0.00310491496622229 0
0.006908759498556597 0.003330327955951061 0
0.01615356318355443 0.0004595126991379459 0
0.01592772358891216 0.000572686282051294 0
0.01628595914325145 0.006723331924745697 0
0.0007140408567485428 0.0002766680752543005 0
0.0165453552930419 0.006000526280210866 0
0.0004547531267562171 0.0009995127004806571 0
0.002798762784444523 0.003330439256216516 0
0.01490103101975718 0.0003845979273797732 0
0.01512110883128392 0.0004811436441484727 0
0.006040662327224097 0.001181892974047036 0
0.01080402444262458 0.005203367565554409 0
0.01108565346304135 0.005286236261526586 0
0.01130424733316514 0.005158728263969706 0
0.000145097377184945 0.000220690044986668 0
0.01685490262281505 0.006779309955013326 0
0.007546236298445736 0.0008704593332461508 0
0.007353730478599892 0.0007362354039676601 0
0.01267006617755073 0.0009311108352070018 0
0.0004497012616258549 0.004045889235640002 0
0.0004908300505957561 0.003788578424252634 0
0.0007142300659029746 0.003670242273156992 0
0.0004626994568318575 0.0035440908868531 0
0.0006956723154254935 0.003414055263322537 0
0.000475290246712291 0.003294786318933163 0
0.0006914844325486193 0.003165692448856274 0
0.0004655471078967317 0.003064872754020296 0
0.0004268710593840729 0.004316631798061273 0
0.0006374077772615238 0.004680106247345705 0
0.009275891402866953 0.005847927349549781 0
0.01234451308515792 0.001342098186214588 0
0.01231059316965321 0.001575629150982369 0
0.01065851382166785 0.006149700827564742 0
0.001023127723351886 0.0063392932547849 0
0.0007442371835204072 0.006389953267402729 0
0.0005531198075593765 0.006118508602630815 0
0.0004768388167054292 0.006394620001551842 0
0.0006290561474406788 0.006581827355711884 0
0.0004303356924186385 0.006599337263993154 0
0.01656340338499166 0.001401738113174214 0
0.0165812716840726 0.001647822425214421 0
0.01635892005483087 0.001785640907207006 0
0.01659178894159428 0.001178733105349129 0
0.005241762684199855 0.004860010595892896 0
0.00529142103500603 0.004659054265532692 0
0.01248318768812651 0.001747615527391566 0
0.012250945302325 0.001813806859920811 0
0.01240667385580807 0.002028633753994635 0
0.005911632700308091 0.001568955700195569 0
0.0111092275940861 0.00265539162708186 0
0.01122621447032824 0.00255015959883966 0
0.01114233656061845 0.002806944341714832 0
0.01100186870005073 0.002908799418920463 0
0.01117090190814888 0.002981129069604067 0
0.01133255047314902 0.002853468817016999 0
0.01136868306293992 0.003067241706722336 0
0.00588177799349684 0.004352368662196909 0
0.005845073111681238 0.0041889730732369 0
0.005727338047335582 0.004292787428034267 0
0.006014963367891139 0.004100463542746014 0
0.005823001904256771 0.004019460726793121 0
0.005977553557003102 0.003851316370640642 0
0.005626155960502692 0.001710028621272544 0
0.01028019873279358 0.006784933570144335 0
0.01658816294741797 0.0007887365590768958 0
0.01392457493405302 0.003500503675750563 0
0.01372206928470319 0.003674177720911803 0
0.01541744364965999 0.005168702218056884 0
0.01415727850851954 0.003385804039730807 0
0.01142846697144158 0.004708596418194743 0
0.01167926059701103 0.004576603160236597 0
0.01168024018100111 0.004801794777396616 0
0.004638027695637864 0.002632689592567712 0
0.004656067865394952 0.002786025908374467 0
0.004519900594127722 0.002898096851720536 0
0.004789811948290233 0.002697797412082657 0
0.004691916077730325 0.002968936634635164 0
0.004537921419134241 0.003088382436634558 0
0.0123670083101208 0.004387379405644912 0
0.01223048338960497 0.004465024688654503 0
0.01185923478283962 0.004148075437119026 0
0.01026174902456329 0.006488572671129312 0
0.01657050509047713 0.001894653145707701 0
0.01638044565823429 0.002033169626196551 0
0.01660675577917866 0.002122891169858258 0
0.01639028154669372 0.002271748771489873 0
0.005347569677587395 0.002062088310902299 0
0.005325089855085201 0.002291713844285123 0
0.004084525566150892 0.006397498902126198 0
0.004193814758965068 0.006274938462442734 0
0.003969596737672708 0.006511456556079897 0
0.01094722884098436 0.005849511747414366 0
0.01376816507243528 0.0006884617599986166 0
0.01351365680178191 0.0005365958499566901 0
0.01372210497486261 0.0004326173446265809 0
0.01323792639955902 0.0006333412170682774 0
0.01331135055623269 0.0004075450154219372 0
0.01208233007835762 0.001640415280637575 0
0.01202807039484788 0.001876603609912368 0
0.003453122618452217 0.005768981253331551 0
0.008834178022664313 0.005360829845216191 0
0.008827609822986537 0.005129341460420421 0
0.0163636147071473 0.005068893379116361 0
0.01131860929623533 0.005400326632250579 0
0.01112191143781351 0.005523308849336662 0
0.004365368913623278 0.003005136243092271 0
0.004363348639861328 0.003207109900637477 0
0.004559076115417983 0.003312344249905565 0
0.004356353787528019 0.003436215828975004 0
0.004145155770106814 0.003296455870013315 0
0.004146878887806909 0.003574806202791014 0
0.003938665476443545 0.003425848711491916 0
0.003118878521370367 0.004084077544501435 0
0.003124766939053962 0.003715741805613845 0
0.01187384995392467 0.004702118037144716 0
0.0118890049859238 0.004494703617319183 0
0.0006818937456089941 0.002918217185680558 0
0.0004492769894391749 0.002809678091572737 0
0.006857104480479253 0.003571071297648559 0
0.007069883930020961 0.003506363130920945 0
0.007189408794608474 0.003278267298710882 0
0.00732589168894188 0.003509785316719568 0
0.01638973047772332 0.000412977858607493 0
0.01656875606727774 0.0005475376179535953 0
0.01438465116153086 0.0004029774448133607 0
0.01484206555281402 0.001522201123665817 0
0.009098739233206416 0.005744827146058235 0
0.007708553168317141 0.001024206880131601 0
0.007683442598107697 0.00119039823913208 0
0.007639902492733218 0.001599753679320256 0
0.00791240778382705 0.001539974726415582 0
0.008112669340209136 0.001694490928312152 0
0.008089012225269903 0.001947084767747587 0
0.008278496876974961 0.001825675561896081 0
0.01259579505490903 0.004178259091303094 0
0.01269442449938246 0.004056424864618373 0
0.0005075281150756436 0.00534477491496022 0
0.0004526175005570912 0.005548785953348443 0
0.0006804787443524165 0.005875721740975568 0
0.01621517525413179 0.004306141167146084 0
0.01648853714935221 0.004219383638090201 0
0.01630090199531115 0.004047458530676845 0
0.01654501756248376 0.003977901458207913 0
0.01636910361884744 0.003811201476281894 0
0.01658085970969372 0.003750329793612717 0
0.01642984228905379 0.003574367320498849 0
0.01619114171517053 0.003636312062012906 0
0.01626635399903663 0.003386321252570776 0
0.0165412670353785 0.003348308002845464 0
0.0163600580037848 0.003149159397612903 0
0.006839258742104132 0.0006688097478103451 0
0.006689758007361099 0.0008314846304205321 0
0.01559653943937171 0.005780999405190599 0
0.01575574653235485 0.005943776332829242 0
0.01090700643388879 0.003223824631463184 0
0.01064684625456446 0.003317382695252702 0
0.0106030215149345 0.003609337791740933 0
0.01038311272563854 0.003422304651426805 0
0.01035109811773676 0.003694076229798662 0
0.01016203036673407 0.003538727116201338 0
0.00965686108926622 0.006361378227565308 0
0.006981127554385857 0.0005200931737395212 0
0.01660804058154506 0.003098413336922696 0
0.01644533199702001 0.002912075777049002 0
0.01618445494856298 0.002953976386526316 0
0.01625562426804684 0.002672299566218931 0
0.01592401831703796 0.002772078944012629 0
0.01655618239518953 0.002665612843662675 0
0.01673413325433275 0.00326764698176249 0
0.01221487194332485 0.004306691232530774 0
0.0003199459361202198 0.006213946639025369 0
0.0003662472059568454 0.006051018945020297 0
0.002028475760092491 0.006430321378906929 0
0.01014629088040584 0.006595921892073199 0
0.01008771799640512 0.006393199735448379 0
0.01567951575894265 0.005107133895980151 0
0.01421492737567014 0.0003012412809255461 0
0.009421200454741723 0.002825385116494891 0
0.004993583973982121 0.005230380688040218 0
0.00479270418578724 0.005332909448566256 0
0.004586855213829454 0.005228740729512051 0
0.004602514935444118 0.005462742072984692 0
0.007315447818673029 0.003734762501562186 0
0.007517764657840012 0.003692830743768284 0
0.007628087349721258 0.003457128239209112 0
0.001234278670669009 0.0007471696346754543 0
0.01576892432723831 0.006250804913323629 0
0.01613053082510645 0.001973601965104712 0
0.01657735419268865 0.00496199081475242 0
0.01656904503980625 0.005213687004395966 0
0.01520979505583115 0.005242399791901251 0
0.007138553963631111 0.000807191681840689 0
0.0003833103820363934 0.004775628381309288 0
0.01045580776663225 0.003237988144533509 0
0.01658929513629911 0.002331423221084272 0
0.01255074930326274 0.003473595436256641 0
0.01281257604563891 0.003668392696160598 0
0.0130087612831788 0.003550793314814971 0
0.01317555372946081 0.003187977191417799 0
0.01335188070902677 0.003448190497753489 0
0.002175962188118316 0.006628164518492649 0
0.00239686993588174 0.006604014110496503 0
0.01038110487174693 0.006364045838000957 0
0.0105364502503553 0.006412305933310358 0
0.000938050962013378 0.003532370182353949 0
0.006058970018054673 0.0009950859504724019 0
0.01370916669021127 0.003977718085109693 0
0.003290833309788733 0.003022281914890308 0
0.003326352359280157 0.003172660058380085 0
0.003487459846673325 0.003211510606669828 0
0.003365440504823201 0.003344850311245409 0
0.003561385533470852 0.003354894403728745 0
0.003187353383607542 0.003274725021774107 0
0.01291547443384912 0.0006025010978737964 0
0.01544114506107991 0.005626737129721963 0
0.01620160946500502 0.002397472872718393 0
0.01476611224473868 0.003704826299792975 0
0.01479096767410008 0.004082554149887354 0
0.01499825266817148 0.004283335466071619 0
0.01473326984109011 0.004360661880186122 0
0.01451979071526835 0.004206991278107202 0
0.01452066705451932 0.004448704256946331 0
0.0146838654768997 0.004577744426609038 0
0.01303727953201004 0.0005332277231787632 0
0.005148460030140483 0.004284431502072612 0
0.01663591839417534 0.004769329843618986 0
0.01657057157806115 0.0003626749800436299 0
0.01244302624205391 0.004115780806308941 0
0.005394393097401569 0.001874538561101133 0
0.01664815377404818 0.002861744687786483 0
0.0002953521592317983 0.003697601723277755 0
0.01089159478761347 0.006054320892745827 0
0.01434505725038737 0.004347301234326226 0
0.0004227382895777478 0.001318831677539511 0
0.0003945987766101992 0.001537475122597859 0
0.0005354752540465187 0.001705191276485721 0
0.0005279106250200075 0.002016615371925295 0
0.00029132940401678 0.001152481080472429 0
0.01657003381873772 0.005701430769844895 0
0.01670814614861834 0.005849003991264804 0
0.006434416845212671 0.003993893721706592 0
0.006293834057572555 0.003899965890683716 0
0.006472500480900131 0.003836155606835148 0
0.01056985413887907 0.002999939087620159 0
0.01243392609908547 0.001141659233988191 0
0.01626498889319363 0.000272526888453395 0
0.004797572931719487 0.005551735566611205 0
0.004633799387229869 0.00570344514775636 0
0.004425093759565083 0.005602592029765914 0
0.004448158043819929 0.005826542367722611 0
0.004243605491842373 0.005740707115861564 0
0.004290731596903788 0.005956685044857069 0
0.004973195349246353 0.005433782622708925 0
0.01148297661272691 0.005271765835038952 0
0.01150354973158611 0.005080952078086238 0
0.002886142817502522 0.005691704243831672 0
0.01401773936328391 0.0004096785070697648 0
0.001966097213868849 0.006641982415866255 0
0.008102721176486971 0.001477830527056788 0
0.007969410178478391 0.001316790056394501 0
0.002412174553675466 0.002427734348237185 0
0.002254395954223541 0.002298038451537978 0
0.002075763129502374 0.002394945048652725 0
0.002090890398649282 0.002186025014433295 0
0.0019027022073354 0.002266458536441075 0
0.001952693552273298 0.002030982106047305 0
0.009757257282007088 0.002983198806881031 0
0.009618598779673523 0.003087414929150894 0
0.009783667343551442 0.003150174028820482 0
0.009642303503831419 0.00327557204807435 0
0.009462759988450814 0.003200598384248113 0
0.009939586541585175 0.003208384033779048 0
0.009484707980839963 0.003418748848332814 0
0.009731913327823544 0.00348240185231081 0
0.009295908394915325 0.003324175770290304 0
0.007243040711550159 0.004022721954787886 0
0.01595766087364695 0.0003626553148466712 0
0.01575746465388102 0.0003986435469031384 0
0.01569634277667891 0.0006466810364237621 0
0.01555325476554666 0.0004694963098436202 0
0.008646084541750627 0.005283380448299165 0
0.008610562248693937 0.005074669780359834 0
0.008786764072778064 0.004924372146421113 0
0.00858057214362681 0.004836938138531737 0
0.008746793720405481 0.004697647573878402 0
0.008536446597365443 0.004612566567221425 0
0.008361380321866944 0.004759520034227169 0
0.00832112580462618 0.004542751760586437 0
0.01499538227177172 0.0009053371327969271 0
0.008159437296654805 0.004238927989062777 0
0.000940900124747155 0.006556258870271335 0
0.0007397539825988592 0.006739560376188167 0
0.01348657336307054 0.000311045184370284 0
0.001736238270669514 0.002123222190459554 0
0.0017793716476209 0.001904133535281945 0
0.008446152264332778 0.004965414718291645 0
0.01070908928750143 0.003105647154498575 0
0.01502313006428526 0.005157617372998713 0
0.007402382052392461 0.003899458641907364 0
0.007647410696716499 0.003906003569034159 0
0.002402674236420165 0.003598699640109573 0
0.01663589949726976 0.003566753364069889 0
0.006505909650689179 0.0009824532591701679 0
0.009467138411894949 0.005141794714736598 0
0.01026796477890028 0.004053112112583775 0
0.005202128343571135 0.002177823852776457 0
0.005119224162864366 0.002337147641831583 0
0.00527748158697189 0.002533407269253136 0
0.005074267999660925 0.002569009725404348 0
0.003940646586474019 0.003232771387742334 0
0.003769437878102373 0.00332163754731699 0
0.01538554143294471 0.005407985642063106 0
0.0112611390663941 0.002416142152589682 0
0.0113900635305564 0.002488546357355014 0
0.0003510673719365164 0.004983051008384511 0
0.008586771777347832 0.002449863367750947 0
0.008648685026483574 0.00225214435293482 0
0.008488228460958067 0.002115413600545284 0
0.005460016777670957 0.004203766681519575 0
0.009463700598388063 0.002979085470689626 0
0.00788266813944369 0.001110524473957807 0
0.01307496296361852 0.003954161904440982 0
0.01313503404421903 0.003806624636033228 0
0.01330575299228572 0.003783596412347117 0
0.01295407993739955 0.003850212221272249 0
0.012799793414953 0.003907798916441267 0
0.005549558259289373 0.003912393498695026 0
0.008177418403059328 0.004660693047847295 0
0.008123340790470111 0.004457140670652067 0
0.0126156545084173 0.003902412166491074 0
0.006606561460644276 0.003944087397884308 0
0.006672687855972774 0.003802397361509719 0
0.01661722494541933 0.004379520256912202 0
0.000344560243125399 0.001748708277575316 0
0.006212754871515751 0.0008784991599618363 0
0.0133983106548371 0.003937012328740019 0
0.01350547396973331 0.003777928850193397 0
0.006929339681639016 0.003941718028231222 0
0.007029361099292022 0.00382204597743127 0
0.01006162808360043 0.003066802163014246 0
0.01011414854149414 0.003228189977728918 0
0.001959525551185561 0.001839562330893455 0
0.001815264158674731 0.001716974197061307 0
0.001624091777799869 0.001763803153914733 0
0.001684204446334127 0.001563506510018906 0
0.001479182626134798 0.001604298132170857 0
0.001538486326724154 0.001413464871322767 0
0.004192165848759586 0.003925369690068205 0
0.01658982467853654 0.005428739567797122 0
0.01128700910794239 0.005587251134126081 0
0.01114773028413396 0.005729552389626722 0
0.00873535470526725 0.004408362171924148 0
0.01669632978730283 0.004204654583090377 0
0.004465157636523904 0.006008756925446407 0
0.004614077346101319 0.005902134623358357 0
0.01085750758320176 0.003016375040040876 0
0.001145980012912098 0.006543274670542908 0
0.01559010789468918 0.0002801468311633545 0
0.01542419443163581 0.0003163913849324358 0
0.008927883420620362 0.005643552360731637 0
0.01408891544531568 0.002836751414366652 0
0.01214673211498899 0.001441617412262588 0
0.00826521971433034 0.001572837400840845 0
0.004932518724457271 0.002383501953963022 0
0.0004349540103904589 0.00455031248841126 0
0.007830031199494773 0.003686175391568593 0
0.002149325023469387 0.002015803810509051 0
0.00651075028616135 0.00365645325402931 0
0.0003050132313829005 0.003865905798759974 0
0.01256616402999567 0.002322448497220551 0
0.01269453615968549 0.0007667345324452201 0
0.01205555000647752 0.004625522858781086 0
0.01593423664490774 0.003413053030604331 0
0.005163166607295345 0.005129291083309707 0
0.01028966173135433 0.003238913405320948 0
0.01302242431646346 0.001658554579848348 0
0.001689209652868021 0.004664226898536076 0
0.01218193298740507 0.001282421946455501 0
0.009507925532975404 0.003668674392862901 0
0.01055270294644485 0.003891327777240089 0
0.003896002752348323 0.003700398757816597 0
0.003591843465198328 0.003767533541835344 0
0.01673415885170881 0.0006288397293978784 0
0.007006100485689719 0.0003181459823441658 0
0.01479948456252232 0.004782872541499585 0
0.01481706058917129 0.004958775310999343 0
0.00353518354789384 0.006717808916481475 0
0.003746639085489728 0.006712440128249762 0
0.01451644882300294 0.003957641264761497 0
0.004969887628611219 0.002247340426545987 0
0.013653450263512 0.003386543585593908 0
0.001299584588992937 0.000879954354775172 0
0.00607911335697703 0.003631373620473525 0
0.008188980436460165 0.004019093908861552 0
0.000686877387583355 0.00266811822200897 0
0.0004439839827976386 0.002557480268066846 0
0.0006723280307880577 0.002425850373868266 0
0.0004603470058553213 0.002340345224882438 0
0.0002845600634628579 0.002415976018223517 0
0.01253406724158124 0.0008132733414767572 0
0.001556862500566272 0.006676706309229031 0
0.001382501730296547 0.006743772256884943 0
0.001686293218805741 0.00678144162838402 0
0.01216749809891325 0.002060107009718758 0
0.01194292214451125 0.002072969042389996 0
0.0118189932586344 0.001899491624976166 0
0.01174901907244064 0.002085394765365665 0
0.01183979256127878 0.002254097473468217 0
0.01164811431772968 0.002253721976398114 0
0.01170859992134242 0.002421618946473392 0
0.01194599762876221 0.002727804407199398 0
0.01569000085616722 0.0061122560347813 0
0.006433261792313263 0.002858894091312049 0
0.008253347099986888 0.002122803204171679 0
0.01533363182567979 0.0005033620444548832 0
0.0105989667637865 0.005454799539256813 0
0.002190179448808975 0.003018386110462212 0
0.001932703717258945 0.002879568030202712 0
0.009976853267659102 0.006582327888917418 0
0.009914505255545361 0.00640494870746393 0
0.01643139877990597 0.002472216965424513 0
0.01544902926785259 0.0007039848000693319 0
0.002478622301844265 0.005412975910429449 0
0.01509104899905873 0.0002713787267032293 0
0.01493766557884569 0.0002136990679484671 0
0.0003170581019415943 0.005405744517144486 0
0.000271894755397465 0.005564815215393726 0
0.0002166575128939967 0.005276273733628114 0
0.0003704777524226165 0.00569851976150814 0
0.01469704039299164 0.0003408308707070042 0
0.01248876024308619 0.0009733798154584637 0
0.007924207547070548 0.003397636864791701 0
0.009057812096683082 0.002525590317524895 0
0.008956186665075498 0.002388545641952995 0
0.007939213513170663 0.00447541926840086 0
0.0113817158910697 0.002658168835198546 0
0.01154954082947357 0.00256775607939556 0
0.01155259041629772 0.002762374772930427 0
0.000318359414281948 0.003424306277838251 0
0.01655753429796536 0.006936816061383732 0
0.01657887702149234 0.006810270039262803 0
0.01643723091627214 0.006764713116686746 0
0.01653577026617239 0.006649755863404837 0
0.0167036655846645 0.006678975052732268 0
0.01663661283374351 0.006521782181713986 0
0.0004424657020346504 6.318393861626942e-05 0
0.0004211229785076563 0.0001897299607372016 0
0.0005627690837278609 0.000235286883313251 0
0.0004642297338276098 0.0003502441365951549 0
0.0002963344153354905 0.0003210249472677335 0
0.0003674164124404678 0.0004780837256963726 0
0.00162495350152113 0.005576669250617162 0
0.007876613797679552 0.003912044011475845 0
0.006168030115615647 0.004146096324145072 0
0.005757388118260191 0.003814087774504771 0
0.005440172293172105 0.004802628862865605 0
0.005480092911111621 0.004644647952862072 0
0.007189775429894241 0.0005680864802257747 0
0.001120584479467089 0.001266834433908776 0
0.001321526006636384 0.001180004368682605 0
0.001324757306859268 0.001411280536638818 0
0.007509444986622971 0.004151409626073668 0
0.001043470924654093 0.006709280795438501 0
0.002878896143621983 0.006713462896172703 0
0.002711772654721449 0.006740852901159763 0
0.005162114061145773 0.002984214371912888 0
0.01525842947774425 0.005585463946379448 0
0.0003092431585650247 0.002682589072185023 0
0.004365816954678764 0.005365547878632604 0
0.004335698646069334 0.005062566020886118 0
0.01185177983800159 0.004890462052997552 0
0.01170603697401102 0.005013163075355688 0
0.01673805980177413 0.001967921893685626 0
0.0090838686426306 0.005937741531690566 0
0.009228933048415759 0.006052835246332221 0
0.002782006619261836 0.002732473319323412 0
0.002669388519180749 0.002608040156779923 0
0.007522179808945132 0.001344682079770614 0
0.009718638054309151 0.006195738967080457 0
0.01562606157892669 0.002550277662650358 0
0.0001289309117618771 0.000372191483062943 0
0.0001388900687424605 0.003046115422265313 0
0.0002588347223295515 0.003126408457728862 0
0.0003118296988358013 0.002946140498749603 0
0.0001225381668639516 0.001861223826827889 0
0.0002638038700583534 0.001914905649246844 0
0.0002633240455789387 0.002093863119624013 0
0.0001339584604313961 0.002468568731568377 0
0.0001285212091347385 0.0006699446695133185 0
0.0001315232940892423 0.001104981063141125 0
0.0168710690882381 0.001714880940505958 0
0.01672916833868052 0.001789800952684168 0
0.01686638031360727 0.003950709645672696 0
0.01672072071830321 0.003873559344737997 0
0.0001406622480416651 0.003348922785531935 0
0.0001305198336490222 0.004093970601884376 0
0.0002730395456698315 0.004172760627185627 0
0.01687441906900908 0.00454353621178447 0
0.0001325629692683194 0.006175073323230148 0
0.0001401131489162811 0.006320225950062439 0
0.0002590466713863673 0.006401693508682931 0
0.000126324794428154 0.001563204228864427 0
0.0001289309117618737 0.00275421697466589 0
0.0001291356145326078 0.004840481054522216 0
0.01686834760697992 0.005895280790290453 0
0.01686476101526883 0.005743194287010208 0
0.01687028435695156 0.006183698471383756 0
0.01672887951848462 0.006108923687858901 0
0.01673381178108389 0.006260254668633147 0
0.01659074868854317 0.006181746202797061 0
0.0001298828014802047 0.004538806526738859 0
0.01687087910386806 0.005139042584685202 0
0.01687513659340904 0.004841289398234836 0
0.01687182696446239 0.005436795771135572 0
0.0168710690882381 0.006627808516937042 0
0.01687501492831052 0.0008270199740677674 0
0.01687541200351887 0.002166156818815855 0
0.01687372305206203 0.002459263906631884 0
0.0001443486549966653 0.003791350960026228 0
0.01687074355555497 0.003201907174823155 0
0.01686880651176838 0.004248615495943696 0
0.0001351215966755616 0.001257096867184598 0
0.0001285989649131118 0.0008180824853347493 0
0.0002671503412958152 0.0007405263270531767 0
0.01687181683440651 0.003350493818392561 0
0.01687106908823811 0.006330055330486677 0
0.01687229185267637 0.002608140499857063 0
0.01674116527767044 0.002533702203244481 0
0.01333303754966543 0.0002242971775023349 0
0.01317015652406195 0.0002782011198487009 0
0.01085853283804536 0.002846078897923453 0
0.0001273910647732 0.00662509928984466 0
0.01687106908823809 0.0003749916014792985 0
0.004792186679903143 0.005736368592797731 0
0.0001236385231806088 0.00588157202808587 0
0.0168708797110601 0.001119374567605218 0
0.01674116527767043 0.001044936270992609 0
0.01687087910386807 0.001417127754055583 0
0.01672845492845232 0.001502637456843551 0
0.01532216536155133 0.0001944803519109981 0
0.006983212394986093 0.003018454310414216 0
0.003591999104042532 0.003066180216982264 0
0.0002789825523322569 0.006721774598233561 0
0.0001323795170723452 0.002162823346272729 0
0.01610104215543207 0.00522781959368844 0
0.0002641951909411033 0.004628855243873096 0
0.0002717731284392674 0.004457314460126297 0
0.001814805243215836 0.006866844406236896 0
0.01664172993803354 0.0001256630227024066 0
0.0006551018670670119 0.006873396787531521 0
0.01562989178255563 0.0001299204949603561 0
0.01590814691186279 0.0001201294479819485 0
0.003276990381426032 0.006869349541173157 0
0.003348600768608991 0.006741396704519035 0
0.003192076664445392 0.006739152107172491 0
0.01386930460543982 0.0001290608813577943 0
0.01372389322774764 0.0001310979654495369 0
0.01365177832720868 0.00027121101448052 0
0.01430335340873319 0.0001361232762405067 0
0.0024013062531605 0.006872723385611194 0
0.002831676184574059 0.006869941511328317 0
0.0145973509507101 0.0001201716609090108 0
0.01453503299681417 0.0002691437859099182 0
0.002111699248260224 0.006876258946554586 0
0.01415447049997188 0.0001360156223825845 0
0.01634489813293298 0.0001266032124684563 0
0.001095497316923779 0.006869521064167551 0
0.0003639018670670464 0.006873623415832655 0
0.003130301867067021 0.006871470446972273 0
0.0001250601145840607 0.005162205146291152 0
0.004372501882673428 0.00283580313555004 0
0.000128988043685831 0.004391386047099991 0
0.01688143483876507 0.002905893686307436 0
0.006428120867001551 0.0004749054491899941 0
0.01165243724602092 0.005218112302422936 0
0.000139010690960336 0.003636793875800696 0
0.01687702330598422 0.00365027665243336 0
0.00754582667936711 0.0006524272059642241 0
0.007412941746334665 0.0005529929345293137 0
0.01671564892047558 0.004036429326469676 0
0.01585009016165739 0.00610403697640156 0
0.01559092437179086 0.005993164839952838 0
0.01089367229192826 0.005462772272598377 0
0.01672623592719525 0.0004582735011241534 0
0.005764579811438629 0.004461763189991899 0
0.005581549590612864 0.004395012142516414 0
0.005739736484225406 0.004591351198662268 0
0.004213955133676011 0.00310319061975125 0
0.00303576118620613 0.006722957596380477 0
0.01366668905864422 0.003834793760658528 0
0.0120676173189778 0.002266960330001604 0
0.00433491174740937 0.006162862510518217 0
0.004723844327089667 0.002518778847897639 0
0.006875503048460863 0.0003768302041771221 0
0.00747119323301312 0.003234613479412972 0
0.005387173354649868 0.004464062302515863 0
0.01097652778084457 0.005649829312901099 0
0.0002708353076505809 0.0008927844988968832 0
0.0004056299641815551 0.000819780122930202 0
0.0002583757877728503 0.0005838062217525886 0
0.01675617407413602 0.001644229224505773 0
0.009982669560327307 0.003395148400853354 0
0.01673562742317789 0.0008982659764718275 0
0.007677725870055393 0.0007450833676964841 0
0.006844965304354549 0.003771027730983758 0
0.01674213453327251 0.001342689457442977 0
0.009921960934980007 0.00620744945690741 0
0.0002578314054264823 0.006550570101908119 0
0.01584895817276325 0.0002426846338385935 0
0.01207652519391963 0.004430496612841896 0
0.00422901952763766 0.002926737351843992 0
0.01202367352675052 0.004781484908819858 0
0.005392195696033531 0.004961077308641345 0
0.00916505873638796 0.002489908592056467 0
0.007834503508096106 0.004509887246424744 0
0.008014497420637801 0.004612903313072648 0
0.01113913208550566 0.005901249337920559 0
0.002885046508513659 0.002672553829762572 0
0.01674425490965029 0.002701888312958923 0
0.00342346800798039 0.003560796610253613 0
0.008239648766480749 0.003274330314795674 0
0.01518703223879177 0.0007062959728897878 0
0.0002578987107137772 0.004019668017079996 0
0.0002175047252945921 0.00687824484562447 0
0.01678743770812329 0.0001264662640099983 0
0.008773730083633514 0.002427828609946735 0
0.01421361156593211 0.004255898765486671 0
0.01411437893361952 0.004323414819626949 0
0.01503116441408984 0.0001194080678221647 0
0.01675901990829117 0.005213522105917424 0
0.01674213453327254 0.005362357474522971 0
0.01673158415035129 0.005072356032676408 0
0.0167423763487007 0.004900330530394154 0
0.01679020768465093 0.006899337447310628 0
0.0002097923153490649 0.0001006625526893696 0
0.01676974027247987 0.003120613951192197 0
0.01515300235833813 0.004498799331436473 0
0.01676340738892525 0.001190796912444067 0
0.01041125851077352 0.003082222446337239 0
0.01437939630935989 0.0002542821386608773 0
0.01674803005098227 0.004636878827659806 0
0.01588093877174142 0.003080246831919171 0
0.01585668403048322 0.0008539830351082184 0
0.00961986747266152 0.006499679569607651 0
0.002571807062331317 0.002472485386085254 0
0.0002758484160202759 0.005135922829120454 0
0.01393964537704753 0.0002567704177647637 0
0.0137969963093599 0.0002547353952630279 0
0.003922171160219315 0.003070282129899942 0
0.01673295867675654 0.005662003412782603 0
0.000258479922769719 0.001334658359945529 0
0.01351554183074948 0.003580455018059149 0
0.009029399327696853 0.004975142392224883 0
0.000582200768608987 0.006743549673379395 0
0.008662078545095628 0.002058009994009768 0
0.00856423647626664 0.001942648200376134 0
0.01525645807973913 0.0003474320989390028 0
0.01189518137163649 0.001753249805493627 0
0.01674327923638017 0.002238438858093223 0
0.000257865466727519 0.003275285050954085 0
0.01619027317278826 0.0001308688329438087 0
0.001214648763856564 0.00671241713576125 0
0.006751896227651888 0.001050405386536771 0
0.003696800518923968 0.0035218515954072 0
0.0120500971518929 0.004211845347406065 0
0.005768622082082996 0.002710856255117791 0
0.006102860028544804 0.002563121661975308 0
0.01687334079400588 0.0006859897987766929 0
0.01134033766056956 0.004930997066334692 0
0.008455832271135522 0.005137393858534242 0
0.00832573682979796 0.005086086065814566 0
0.002571441065101797 0.006641448982266551 0
0.01672031288296308 0.0002696514643853497 0
0.00523979659720579 0.001910828136107441 0
0.005287511806702351 0.001778957530435169 0
0.0123473819210804 0.001012028958238749 0
0.004024473485353499 0.006227421608575584 0
0.004496446786484498 0.006176434986592073 0
0.0100317459688396 0.006802683215796967 0
0.00837904333816218 0.001689759628768699 0
0.008346601763110313 0.001471723561719602 0
0.01657380311048336 0.0009840764788859872 0
0.002314943436071793 0.006747605611043827 0
0.002468541498043078 0.006751727514098022 0
0.0008100098338131127 0.00687065623199746 0
0.0002853563118028028 0.002258425706194522 0
0.01304189179046767 0.0007137582623415249 0
0.01447537083379774 0.00350384196974566 0
0.002030746989345921 0.002610194095495282 0
0.006161464640215489 0.003981185288238586 0
0.01453803276611618 0.004626274601102278 0
0.01463871864744602 0.004746360690133003 0
0.0125644532988165 0.00371220538371319 0
0.0004418033818663902 0.0006508163835052495 0
0.01557886375860369 0.005324723930753662 0
0.006301338874880763 0.003721948376227489 0
0.0006381789053971111 0.002198111679791171 0
0.008843551124003089 0.002275473633959422 0
0.008970689967222766 0.002264261790634286 0
0.01475835762338198 0.001126392207798771 0
0.00475195349196441 0.003187041151859917 0
0.001385016844406999 0.006890404142207262 0
0.003914426745764915 0.006798290817654262 0
0.003879907215757785 0.006636345244069536 0
0.004020893204876161 0.006673462500866704 0
0.01307481254763141 0.0001959219043448117 0
0.006741536097016849 0.002188958864625131 0
0.01193491280416092 0.001607528023784588 0
0.01656836081857816 0.006349180872530903 0
0.00317571100977381 0.00297125436056164 0
0.01383036418076744 0.004033779068081551 0
0.0127249639680462 0.001676074095019905 0
0.001697611993385716 0.00140568604949215 0
0.001616108521121436 0.001253870694460685 0
0.01300661722586515 0.0003321888942232096 0
0.008781985185348087 0.002134135888723934 0
0.003757493645937218 0.005775735052342406 0
0.003652084508047572 0.005485021720288084 0
0.005899839332364829 0.001063939680973827 0
0.005835095429126013 0.001220342157323347 0
0.005956058780290052 0.001372578590512796 0
0.005797412618769244 0.001403173792479248 0
0.01158508151027147 0.001889395088450267 0
0.002232921269898083 0.001896863456454943 0
0.01477615879497405 0.005092023411858888 0
0.005409075332021052 0.005091114262691676 0
0.0001232571156783505 0.005590415031357311 0
0.0133352174115077 0.001545414468641124 0
0.01399143961875091 0.0006329754635740021 0
0.000929948850050607 0.003032908390447858 0
0.005133278693903527 0.005453261560764227 0
0.005523925534557926 0.002495642668573011 0
0.01503022357645548 0.005444313908897257 0
0.01517010681331339 0.005423898281381651 0
0.001974028007770415 0.001540021068557339 0
0.005267536884033584 0.005268829168997402 0
0.01492112843332805 0.005278205852391185 0
0.002089561339399522 0.001737015430239994 0
0.01174499942967295 0.00173997899132353 0
0.01674470085113704 0.006412423797909434 0
0.01050183405535723 0.006243719056731968 0
0.01070098945837119 0.006323433952148197 0
0.01082100105990336 0.006209549833021795 0
0.01100769469397253 0.006101891930145953 0
0.01687392503206041 0.002024563441481172 0
0.004599571188374126 0.004982873892154779 0
0.004785848484968264 0.003427682299986691 0
0.0002439509926067795 0.001639458917013547 0
0.00495607134855462 0.005730888808911204 0
0.01206010247639557 0.001285416556284999 0
0.001688434748059754 0.002369772865010451 0
0.01153500318289416 0.002395004003635738 0
0.01191490123308011 0.001455125605028068 0
0.005062843987515218 0.005549954950583913 0
0.003559657715399041 0.006837743638583449 0
0.006770227168321425 0.0002050809503773804 0
0.001413874650666071 0.001828596885794844 0
0.01433353859203636 0.004191093971534448 0
0.0007329668570270204 0.0004451653484913781 0
0.0162672536552802 0.006554820968591306 0
0.005790517283265639 0.001084524921406527 0
0.0008390663899786772 0.0003381606157626662 0
0.01616097771248277 0.006661836647653877 0
0.01491497715241737 0.0050496819615787 0
0.008632595821887558 0.001814809973407244 0
0.008480971461312825 0.001799032674560769 0
0.008397462264770634 0.001958606035326238 0
0.01147600540612589 0.002222286201322702 0
0.01514968563312538 0.005648611549884892 0
0.001841517731082042 0.001361408247463526 0
0.0004611407141532839 0.005130751361200006 0
0.01177020481318156 0.005283673120685408 0
0.0154306358204601 0.00578502906456375 0
0.01469797110231293 0.005015772691456696 0
0.01152194710418158 0.001983603304955519 0
0.0115906196759051 0.002106296160762079 0
0.002288830073812951 0.001991511446276457 0
0.002234545521906043 0.002107583772423126 0
0.01088732887036392 0.0063065994481224 0
0.008512991304947752 0.001656984816435202 0
0.008490604319402704 0.005342406317172143 0
0.008621500529917761 0.005530291380383101 0
0.008682030338875648 0.005424086327341134 0
0.008760668964359323 0.005540332531865328 0
0.008863593863862349 0.005773313688607232 0
0.01397618446181794 0.003211931495938929 0
0.009943668589264527 0.00362855468002714 0
0.004909072983118004 0.002145343071525131 0
0.005648229501086866 0.004109435548705701 0
0.01143317178326327 0.005528643634782037 0
0.01142511291926513 0.005664061034777839 0
0.01181096640864504 0.00515874977126806 0
0.005484883479899089 0.005026058520303316 0
0.005280131279861871 0.005047396289143189 0
0.01066719619427161 0.006485644179845732 0
0.01442702916250576 0.004681719650255245 0
0.002539752178959361 0.002324112007692193 0
0.005508269965448312 0.001385322776758694 0
0.005568337724812438 0.001506678731927767 0
0.005468335119134758 0.001611761684315394 0
0.005729662945147746 0.00156641570112943 0
0.001835965536024965 0.001570252861591749 0
0.005359733864325296 0.001546894912193542 0
0.01162964953409354 0.005444570756918588 0
0.006470002736987846 0.0006309084227393139 0
0.008288473502810345 0.004917895532394298 0
0.008704496388040829 0.001916544436001588 0
0.0006207536784487155 0.004452807635704163 0
0.001459547989781074 0.001276389659149871 0
0.001496861787564131 0.001123327824644478 0
0.001408800558781033 0.0009946823661709982 0
0.004737489681229144 0.005979793761360673 0
0.008046051735661338 0.004759246544127969 0
0.001722606320513457 0.001176222922535302 0
0.01529375903124257 0.005814173334439416 0
0.01212210850041729 0.001180614874727128 0
0.004893141306805934 0.005820435090686988 0
0.005039801696713617 0.001981257035964479 0
0.0119467005360287 0.005011729747321083 0
0.000245622677829474 0.004316215167878187 0
0.01183941338367311 0.001531751265974835 0
0.008200478095028045 0.00120916357771302 0
0.01138839429020112 0.002150368531420543 0
0.005591577537842429 0.004840486372444463 0
0.002431241423367092 0.002152602670810248 0
0.01456471984270936 0.004848732946341029 0
0.008667478920616258 0.005624761866612859 0
0.01640036314640009 0.006636821901595695 0
0.0005996809560613516 0.0003631753618208331 0
0.005184255181423328 0.002743910261379236 0
0.009422523066028794 0.005973979283731423 0
0.01102355423920877 0.003060951974881491 0
0.01620213925235344 0.002190162764961052 0
0.008862286562940115 0.002060913414316579 0
0.008157473630452342 0.004931354558416727 0
0.004136463034540233 0.006093448708816441 0
0.003434597397540854 0.004005589366686697 0
0.002539693023071232 0.005824106260886841 0
0.0112794161027519 0.005851804234251202 0
0.003185312836189062 0.003104448844335124 0
0.0117312803306542 0.00434556669238737 0
0.005559687275589682 0.001293233352197573 0
0.01442566292219325 0.004560212515032672 0
0.002676222856223023 0.006875195797347993 0
0.004056520162100346 0.005875671547632206 0
0.003990886846866928 0.005613076058737634 0
0.01381216771260078 0.003869454651474219 0
0.013447305173256 0.003188741854762896 0
0.003191525825696368 0.006529338953124223 0
0.01674640449292074 0.005511234067748167 0
0.0002452923196518825 0.001477595205107691 0
0.001596973483320327 0.005138796972072603 0
0.01674233878431865 0.003702651792722213 0
0.0004329844727908316 0.006762260446774722 0
0.01642776785853055 0.0002515021109297409 0
0.001567965383342057 0.001007489852095355 0
0.01540076850483 0.005992645715603893 0
0.01210201886820569 0.004859878197973075 0
0.00328119996058492 0.002892932085742657 0
0.01371966792377812 0.004107786975492087 0
0.00776324086693922 0.0008678691496795945 0
0.004857377151129538 0.002237773346188318 0
0.01214067854279199 0.004770750608796735 0
0.01138070535075892 0.002347842515404733 0
0.001705763940037659 0.0066376940414631 0
0.01160262718433207 0.00324500026375437 0
0.01328849113871068 0.001873861080641392 0
0.01611393920684428 0.003184858988049366 0
0.01606809379568422 0.001694771551496724 0
0.007319638783058792 0.0004468194218315538 0
0.007533898432519485 0.0004844997015989779 0
0.008136050316555577 0.001113418406265737 0
0.008062623988511163 0.001188864510457942 0
0.004577818686302513 0.006238701585210488 0
0.01242189762966322 0.0007593373564115935 0
0.002231930122679295 0.003308420494565472 0
0.01637733184854098 0.005296368952185296 0
0.007949039273085741 0.004702385967141582 0
0.004703132911654017 0.006083894287926484 0
0.00381083691421904 0.006498970556477458 0
0.001334109775431382 0.005389064892367399 0
0.002637100912851733 0.002382306105669946 0
0.009280191818084609 0.006212196898528134 0
0.009282385653523673 0.006321524722126267 0
0.009816028055423778 0.003302336072767609 0
0.005899024777826843 0.0009045614511237598 0
0.004905383689023433 0.003022563251584514 0
0.004324313958136967 0.006336390112397548 0
0.004356810455161769 0.006461371104673637 0
0.01124658128789956 0.005958769101702117 0
0.01343861357065642 0.0001264637806827808 0
0.0008977424106673829 0.002784006422319637 0
0.01223113677849215 0.00100845327976664 0
0.005083690750681401 0.005342004451619012 0
0.002914256831278056 0.003550756473013865 0
0.004974973591153735 0.002776255397914714 0
0.008133344469341124 0.001324254589773183 0
0.01228133178335759 0.004607855785264678 0
0.004708242160689444 0.002387278111026482 0
0.009582049288274799 0.00606119465233034 0
0.009307348908134271 0.002896570859155925 0
0.01611959420594717 0.003883590604267201 0
0.001057471169833094 0.0004253606947210316 0
0.0159425288301669 0.006574639305278972 0
0.01235920378948943 0.004230502176163733 0
0.01225437848023322 0.00412445450715538 0
0.001827609001323672 0.006523834191283997 0
0.007203858904656938 0.003857732727345092 0
0.015551408327989 0.006139342488605082 0
0.001447197532743178 0.0008542571993491372 0
0.01674524725705887 0.003429917909736361 0
0.0108451980415688 0.003825903525061073 0
0.01201407345867459 0.001505428854407433 0
0.008986872808813558 0.006032299477872672 0
0.00798270782033088 0.0009735610862489081 0
0.007443887642751538 0.002671386357479843 0
0.001000290434107138 0.003797092804159754 0
0.01586877845935143 0.001901700772198078 0
0.0002665726162255615 0.002818396227542531 0
0.0002551343239169546 0.005955529163948014 0
0.005922797977416095 0.004473684509306783 0
0.01107429791165349 0.002529588691042913 0
0.00277050565729978 0.002520341355717473 0
0.01425637120530856 0.004470528371461178 0
0.0004105665946967027 0.002159309315098732 0
0.0002399402686087959 0.006085014019368758 0
0.007522488525274086 0.004023080377709695 0
0.007765315276859145 0.0006655413921695047 0
0.01243911227676681 0.004486197458648124 0
0.004588649446494783 0.002512505757440317 0
0.008185004645162605 0.004816154992144544 0
0.01635580856287486 0.006866521230547277 0
0.0006441914371251301 0.0001334787694527249 0
0.00239717647935943 0.003089276398900045 0
0.003186725246419669 0.00581728996760594 0
0.0008884272152866321 0.003278679492243688 0
0.009330063694408152 0.004901379513354561 0
0.0002370188028606567 0.00476683159817524 0
0.002016371180462728 0.005476953124518455 0
0.007777498944229308 0.001355449149213136 0
0.008994294286481739 0.003060036252418128 0
0.01012925498364587 0.003765267137091642 0
0.01448936723401537 0.001329281569713252 0
0.001570984522068955 0.001985292783588985 0
0.007863416962287675 0.0009448267397291908 0
0.006120879105625246 0.0007714194175341706 0
0.006095911746145381 0.0006479750845305495 0
0.002055106830240455 0.00675825728858508 0
0.01260779214786882 0.0005422749364413356 0
0.001089367233520474 0.0007654277330368547 0
0.01591443615593765 0.006229935008622498 0
0.001335124488977471 0.0006766863103596699 0
0.01566551611060399 0.006322908599240147 0
0.01249127452045945 0.0006934735616409651 0
0.004514632883957145 0.006300644843362313 0
0.0002627281442809364 0.005804678797749949 0
0.00124199302747517 0.006354904640937149 0
0.01192395505246638 0.002456327827992424 0
0.005702995130622765 0.001138799576791383 0
0.00087622279687034 0.00672514368887773 0
0.005603626517501249 0.004545110168471769 0
0.01456412465265464 0.0004182179310588913 0
0.007880505623264292 0.0008261940149750695 0
0.009143942148938326 0.006185204978600566 0
0.005941320467979446 0.0008064748618219746 0
0.006149201196066338 0.003815793945959762 0
0.01228466746930906 0.002238331809522592 0
0.01609935887740355 0.0002605035217225935 0
0.004884639750235205 0.00256159676754026 0
0.009845545607262409 0.006659445131621047 0
0.009854583200806469 0.006532368041796545 0
0.01547554704341014 0.00591974107325347 0
0.004066788619734505 0.003140830333091552 0
0.0005845444169619279 0.0008001025097175243 0
0.01640820699598666 0.006198307839913292 0
0.005749284735012179 0.004693863456790991 0
0.006753837489173647 0.002817344145356398 0
0.01125082114927997 0.00230452933783944 0
0.0110361169380693 0.005998700448815933 0
0.01158109498636814 0.002980332872476454 0
0.00182052300161281 0.006702764394137404 0
0.01226011178830034 0.00115067325757382 0
0.008856993749104876 0.005878894308246666 0
0.007090788445258817 0.0004263804453938968 0
0.00760936797238747 0.00436815629722976 0
0.009390835613954113 0.002625443559389028 0
0.009313654712443642 0.003091841795054525 0
0.01676113632869137 0.002980331982920027 0
0.009303936702357112 0.003549256011167031 0
0.01675986342569637 0.004469097915171878 0
0.003186648290768358 0.00346862529997871 0
0.01673603441416437 0.002394660003305583 0
0.004592407579309616 0.003568585346144897 0
0.001211766825541799 0.003585529026602404 0
0.0115023786650574 0.005420617608699773 0
0.005555940656492323 0.004734432585348223 0
0.005165586360575587 0.002031223043636182 0
0.0131884361674632 0.003614747859467297 0
0.001874425418638629 0.002457112412153264 0
0.004208072594480202 0.005520198044858609 0
0.006094167305249856 0.001516769067498776 0
0.0005707474636283023 0.005703365055923968 0
0.01217094384573558 0.004563567905318637 0
0.01676228158445091 0.004333855787652973 0
0.01024544197792498 0.006320047580935123 0
0.0005293707597118884 0.0005022223186426041 0
0.01647132346697959 0.006497766876984393 0
0.008988293532565897 0.005840721415853854 0
0.008327118741889222 0.001364425152108661 0
0.006512053842129347 0.0007830330203241259 0
0.003742783809726194 0.006887240525781693 0
0.01325330426872937 0.0001217115657525586 0
0.01659820681162749 0.004585322615188086 0
0.01124432499491121 0.002707193182772939 0
0.01606475978574241 0.006571100103842369 0
0.0009352402142575851 0.0004288998961576485 0
0.01435777552708637 0.004622290399028532 0
0.01264325458657475 0.001931205387035851 0
0.01561165028234796 0.0008890262001031578 0
0.00514504662050587 0.004516413404635905 0
0.002183572581579503 0.006765066115761222 0
0.01396494591507483 0.000840752705361708 0
0.0002490811035966399 0.004884451959502774 0
0.004373588589413878 0.003673698171553301 0
0.005399437268961766 0.001728245165358957 0
0.007983318020615453 0.003088155933987288 0
0.01118048657075371 0.003174631714378867 0
0.00748519781302727 0.004260976199047438 0
0.009520633569953439 0.002747283334274789 0
0.01505081047814624 0.005320164131769113 0
0.01406794331498569 0.0002462887356389542 0
0.00730152042753807 0.002950902818730236 0
0.002671644604003415 0.003514612283573142 0
0.002411547976589834 0.002264602223765168 0
0.01487733749376357 0.00452547399781723 0
0.01677517560194339 0.004768048280983488 0
0.008342903190226087 0.00519566247505468 0
0.01111001394654625 0.006108835855268707 0
0.002910433058945937 0.003177571521965896 0
0.003007320163962709 0.003318020988369125 0
0.000235310736260045 0.0004552348908135554 0
0.01676520086055658 0.006546665987664782 0
0.003663158233184001 0.003203317836698612 0
0.005641364425234358 0.001393431517121349 0
0.01388441654701551 0.004207296090676943 0
0.003115571755726827 0.002792687641796596 0
0.009054538769477021 0.0023059205458189 0
0.008888584695602022 0.00550264993336305 0
0.01266758633642596 0.000471072938180178 0
0.01434965143248704 0.003148216011299617 0
0.005171946657972585 0.001803906670350053 0
0.01259858972702866 0.001087523868071655 0
0.0003556465720169575 0.005258693471210656 0
0.005157423179532323 0.004982195033002903 0
0.0002612138372620806 0.003549066855421092 0
0.008066770427502007 0.002154843475146313 0
0.008707688390699048 0.002629210306425182 0
0.007335862020155592 0.004182224355566816 0
0.009643240735067476 0.002823884718836681 0
0.003562352718763005 0.006928995901473734 0
0.008234452105491962 0.001414351749332582 0
0.01563450690653147 0.002916226122971526 0
0.01533455928278499 0.005712145956877912 0
0.01192122848904603 0.004326137541414708 0
0.00115859753278704 0.0008684091196521108 0
0.009223097679922765 0.005115282147153711 0
0.001675319190403413 0.006906147317154211 0
0.01301695202920749 0.003705946267265521 0
0.003933428251585023 0.006385893332510215 0
0.00830252724503079 0.004347748395924882 0
0.01607137668012706 0.004112294222095458 0
0.01425443832376023 0.00392990145833932 0
0.005494079106423555 0.001773517216342371 0
0.005151745854014572 0.005257633630081553 0
0.009077980930854214 0.003486862469385382 0
0.01236003686552478 0.003652622138573334 0
0.01593591467639429 0.00372247412494338 0
0.01167092011920904 0.001961296864240359 0
0.01152168282964041 0.004906029784214393 0
0.004803630634318536 0.002850315720918303 0
0.01386595219339437 0.0003763898679638705 0
0.01105093391256558 0.006187134037690152 0
0.01173844044553717 0.002625748836240636 0
0.005698458550887997 0.001280482190240776 0
0.01488532693962479 0.0001011388342973679 0
0.0002556302671052769 0.002559364827669807 0
0.007200358333875502 0.004115045627220426 0
0.009799701264835946 0.002886138525113357 0
0.0001049113020964495 0.006893326975980302 0
0.01689508869790356 0.0001066730240197097 0
0.004735681826506074 0.005840176403503909 0
0.002970478129552322 0.002677638999005319 0
0.01336525078897182 0.003633683929929535 0
0.005630633471376937 0.00367162187947551 0
0.007128462941815197 0.0003206915380090723 0
0.01594917768407574 0.002228229270617663 0
0.01402935523702177 0.004321581120041262 0
0.008070029553654087 0.003820498072026704 0
0.01006602470238887 0.006705231101260046 0
0.006248113411131627 0.0004929571495005097 0
0.01054890211880636 0.006560929428409492 0
0.001952600114845977 0.001685266143467912 0
0.0127889719615183 0.0003541381326742257 0
0.004210176392924487 0.006636997205006654 0
0.005637105785982149 0.004660013817279677 0
0.0103459533987345 0.006226246222873861 0
9.283219760853646e-05 0.005286107041690416 0
0.01228248357157674 0.0009199150426430058 0
0.01677329305610709 0.003571810927115936 0
0.01254565600328282 0.004030664221341213 0
0.0004369904917310655 0.005886763152536678 0
0.005819666101766569 0.004639102128340251 0
0.003462268882595688 0.002943666677422875 0
0.0135395326102891 0.004056558419354989 0
0.01503039145501269 0.005029862205362885 0
0.004944318472230894 0.005566648934763678 0
0.009937667821604962 0.00293467426744939 0
0.007061798064862588 0.004066284776124619 0
0.0002825305827304225 0.0001876701302943552 0
0.01671746941726957 0.006812329869705647 0
0.00690803656919013 0.0008467568402192862 0
0.0004448436666400369 0.001879909751999387 0
0.0111806852782293 0.002362066325633795 0
0.0008360392420173057 0.002274515709317676 0
0.01436690782341365 0.004058710763744545 0
0.01056409234489525 0.003146580912364618 0
0.01480389930986726 0.0002324444635206364 0
0.002090127111765733 0.001887614491234476 0
0.00335314512974929 0.003790234836588555 0
0.01077104685812955 0.006090368717485091 0
0.00480841033636873 0.002431251849662414 0
0.007687235878589716 0.0006194308365653064 0
0.006604716032889807 0.002529585988988332 0
0.01339276674526032 0.00404072307149482 0
0.0036068830813455 0.002959762307401108 0
0.01282087543128135 0.004065700039630418 0
0.0109127748118952 0.006399263163520826 0
0.00341602870016828 0.004267544738014285 0
0.003274379918337568 0.00550109063072398 0
0.0126700692784861 0.0006428089158550883 0
0.01258914440631206 0.0007062770513659097 0
0.01070505437854397 0.006570821205011483 0
0.01075665850006371 0.006525817469728128 0
0.008951748764780856 0.004544668585525376 0
0.01008120181434892 0.00295665327595115 0
0.006917818050575881 0.004043523408726977 0
0.0003670489132579068 0.006479524345362532 0
0.01278214648325014 0.0006771224910238596 0
0.01359352836673093 0.0003878673483585183 0
0.00698623855381105 0.003670128731767737 0
0.01057214920221878 0.006655248250224149 0
0.01676289315371959 0.002109359944462641 0
0.0007226890593103677 0.005713359401824682 0
0.0113635643778487 0.003276869665787758 0
0.01315053836222131 0.0004253438683171685 0
0.01659539986820158 0.002494744517372932 0
0.01436972163432676 0.004475737864657568 0
0.01452386037612924 0.003733337789991552 0
0.006040647543061979 0.0008606406395800814 0
0.01504328600201194 0.001183413216220826 0
0.00878397350821641 0.005802811638876585 0
0.01269811931695643 0.003797702290701532 0
0.0002549627047599371 0.001022604906906457 0
0.01674483639511552 0.005978096370155401 0
0.004421869288718249 0.006270694058499312 0
0.006694092442165012 0.003650500558841916 0
0.00654330180981957 0.0005331330326515276 0
0.004601128332670627 0.006034165613402857 0
0.01129507793061146 0.005724291603684742 0
0.01122321371135856 0.004783214718242408 0
0.01690235539482653 0.006905954161819754 0
9.764460517346953e-05 9.404583818024446e-05 0
0.01678234162084162 0.002841375152611023 0
0.004882368843778064 0.0056515862362489 0
0.001794615952055644 0.001465935061103563 0
0.009115287780347592 0.003204387593520223 0
0.009733017308949394 0.003742756358498656 0
0.00780321730547812 0.004046858658779003 0
0.01591877077034601 0.005083614734721588 0
0.001538652364204343 0.002190766458207016 0
0.0002225540374690728 0.001786519118702222 0
0.01532566239880271 8.148079248775086e-05 0
0.01471415209793706 0.004883730453404395 0
0.0006305090034601554 0.001872658129262721 0
0.006366327599717346 0.000383008800337595 0
0.006021763230846138 0.002292085620037746 0
0.01592198111750191 0.005957363405969142 0
0.01646378147977142 0.00107711893404794 0
0.01597256511446061 0.0002217639880638641 0
0.0003705347685027758 0.003197495881719378 0
0.009309951796715829 0.006396905473609654 0
0.01173232854004007 0.002830857872929673 0
0.01291054850384155 0.0002521408820146858 0
0.004089451496158433 0.006747859117985327 0
0.006526165396828884 0.0004171706929511168 0
0.007737463291467944 0.004510737823526658 0
0.009262536708532056 0.002489262176473345 0
0.00435329955385564 0.006540152532580092 0
0.002339023900738139 0.002179166154115628 0
0.01661007497478495 0.005570229380177196 0
0.01158834561668597 0.005346345721145724 0
0.003050913393177474 0.003148763524248405 0
0.01151703260343495 0.005620766934434528 0
0.001021092635178156 0.0003534352064008183 0
0.01597890736482184 0.006646564793599189 0
0.01467491252256013 0.0002148863027469331 0
0.01019075185750572 0.006718380168128005 0
0.0007789358252770547 0.006601673281105789 0
0.008523070875421453 0.005232172885458843 0
0.009761761258617772 0.006452917408024745 0
0.009619664398619459 0.004884158990815695 0
0.01527040340028848 0.004279266191741054 0
0.01599129826261845 0.002524071663243595 0
0.008246570220549206 0.001966779179968463 0
0.005733535766842649 0.001032428295568925 0
0.01162200215804048 0.004153701036824767 0
0.001924595536711657 0.006768122596545085 0
0.01661138335490359 0.004109592251464542 0
0.01018716209808544 0.003366447327712606 0
0.01313790801030931 0.003408608849359361 0
0.01656895126083676 0.005840497639321788 0
0.0004546080493907766 0.00116941813561676 0
0.00773559251491887 0.003218512123565522 0
0.005052385126647387 0.002139772015349995 0
0.006274268118825699 0.001571772907650456 0
0.008470059067482374 0.004422510808396139 0
0.005218335612423209 0.001713177771463698 0
0.0135176915871724 0.001731654712891308 0
0.009078209283524459 0.005616322996435445 0
0.01572169509402948 0.0002353531228185875 0
0.009794745318543702 0.00632448655340837 0
0.01521244264332054 0.0002352002258065155 0
0.008931324228813502 0.004765317186801286 0
0.003278477464702774 0.006638148518903904 0
0.005848720381416719 0.003610080508780854 0
0.0002350541588378389 0.005688207920908919 0
0.01051280620333513 0.005195275206024789 0
0.009997735592125911 0.005979541897303972 0
0.01676105426247631 0.0007725316652536524 0
0.006087413201554956 0.004205599112451622 0
0.01183931228375512 0.005020461246534469 0
0.01619240107389636 0.005407784829384017 0
0.01387308024454542 0.0005080245886465674 0
0.01409882237082211 0.001004784422532311 0
0.003813962483038879 0.003184458985801795 0
0.008318198201959771 0.004140671046834472 0
0.007011350451841094 0.0006821875847671235 0
0.007142753317658898 0.00368183664894785 0
0.007584765300641621 0.00425190933752348 0
0.008258857317419155 0.001695690879954444 0
0.009543966085292347 0.002846552610328307 0
0.0003820897603988085 0.002012920641578854 0
0.01657017504966173 0.0002258748254370035 0
0.0003302773271523871 0.001417140091297647 0
0.002522358591608973 0.006503369555417301 0
0.005071666787661145 0.004872019767936213 0
0.009206522532001373 0.002427897801086232 0
0.007792923189309156 0.004571625541007827 0
0.006361948616196553 0.0008787734425597413 0
0.01094077039411992 0.006173269463813467 0
0.001289995951037329 0.001655857477488609 0
0.002587159363526959 0.006769350826701211 0
0.003652739504363347 0.006812261322647191 0
$EndNodes
$Elements
407 4782 1 4782
1 1 1 3
1 1 407 
2 407 408 
3 408 2 
1 2 1 1
4 2 3 
1 3 1 1
5 3 4 
1 4 1 1
6 4 5 
1 5 1 1
7 5 6 
1 6 1 1
8 6 7 
1 7 1 1
9 7 8 
1 8 1 1
10 8 9 
1 9 1 1
11 9 10 
1 10 1 1
12 10 11 
1 11 1 1
13 11 12 
1 12 1 1
14 12 13 
1 13 1 1
15 13 14 
1 14 1 1
16 14 15 
1 15 1 1
17 15 16 
1 16 1 1
18 16 17 
1 17 1 1
19 17 18 
1 18 1 1
20 18 19 
1 19 1 1
21 19 20 
1 20 1 1
22 20 21 
1 21 1 1
23 21 22 
1 22 1 1
24 22 23 
1 23 1 1
25 23 24 
1 24 1 1
26 24 25 
1 25 1 1
27 25 26 
1 26 1 1
28 26 27 
1 27 1 1
29 27 28 
1 28 1 1
30 28 29 
1 29 1 1
31 29 30 
1 30 1 1
32 30 31 
1 31 1 1
33 31 32 
1 32 1 1
34 32 33 
1 33 1 1
35 33 34 
1 34 1 1
36 34 35 
1 35 1 1
37 35 36 
1 36 1 1
38 36 37 
1 37 1 1
39 37 38 
1 38 1 1
40 38 39 
1 39 1 1
41 39 40 
1 40 1 1
42 40 41 
1 41 1 1
43 41 42 
1 42 1 1
44 42 43 
1 43 1 1
45 43 44 
1 44 1 1
46 44 45 
1 45 1 1
47 45 46 
1 46 1 1
48 46 47 
1 47 1 1
49 47 48 
1 48 1 1
50 48 49 
1 49 1 1
51 49 50 
1 50 1 1
52 50 51 
1 51 1 1
53 51 52 
1 52 1 1
54 52 53 
1 53 1 1
55 53 54 
1 54 1 1
56 54 55 
1 55 1 1
57 55 56 
1 56 1 1
58 56 57 
1 57 1 1
59 57 58 
1 58 1 1
60 58 59 
1 59 1 1
61 59 60 
1 60 1 1
62 60 61 
1 61 1 1
63 61 62 
1 62 1 1
64 62 63 
1 63 1 1
65 63 64 
1 64 1 1
66 64 65 
1 65 1 1
67 65 66 
1 66 1 1
68 66 67 
1 67 1 1
69 67 68 
1 68 1 1
70 68 69 
1 69 1 1
71 69 70 
1 70 1 1
72 70 71 
1 71 1 1
73 71 72 
1 72 1 1
74 72 73 
1 73 1 1
75 73 74 
1 74 1 1
76 74 75 
1 75 1 1
77 75 76 
1 76 1 1
78 76 77 
1 77 1 1
79 77 78 
1 78 1 1
80 78 79 
1 79 1 1
81 79 80 
1 80 1 1
82 80 81 
1 81 1 1
83 81 82 
1 82 1 1
84 82 83 
1 83 1 1
85 83 84 
1 84 1 1
86 84 85 
1 85 1 1
87 85 86 
1 86 1 1
88 86 87 
1 87 1 1
89 87 88 
1 88 1 1
90 88 89 
1 89 1 1
91 89 90 
1 90 1 1
92 90 91 
1 91 1 1
93 91 92 
1 92 1 1
94 92 93 
1 93 1 1
95 93 94 
1 94 1 1
96 94 95 
1 95 1 1
97 95 96 
1 96 1 1
98 96 97 
1 97 1 1
99 97 98 
1 98 1 1
100 98 99 
1 99 1 1
101 99 100 
1 100 1 1
102 100 101 
1 101 1 1
103 101 102 
1 102 1 1
104 102 103 
1 103 1 1
105 103 104 
1 104 1 1
106 104 105 
1 105 1 1
107 105 106 
1 106 1 1
108 106 107 
1 107 1 1
109 107 108 
1 108 1 1
110 108 109 
1 109 1 1
111 109 110 
1 110 1 1
112 110 111 
1 111 1 1
113 111 112 
1 112 1 1
114 112 113 
1 113 1 1
115 113 114 
1 114 1 1
116 114 115 
1 115 1 1
117 115 116 
1 116 1 1
118 116 117 
1 117 1 1
119 117 118 
1 118 1 1
120 118 119 
1 119 1 1
121 119 120 
1 120 1 1
122 120 121 
1 121 1 1
123 121 122 
1 122 1 1
124 122 123 
1 123 1 1
125 123 124 
1 124 1 1
126 124 125 
1 125 1 1
127 125 126 
1 126 1 1
128 126 127 
1 127 1 1
129 127 128 
1 128 1 1
130 128 129 
1 129 1 1
131 129 130 
1 130 1 1
132 130 131 
1 131 1 1
133 131 132 
1 132 1 1
134 132 133 
1 133 1 1
135 133 134 
1 134 1 1
136 134 135 
1 135 1 1
137 135 136 
1 136 1 1
138 136 137 
1 137 1 1
139 137 138 
1 138 1 1
140 138 139 
1 139 1 1
141 139 140 
1 140 1 1
142 140 141 
1 141 1 1
143 141 142 
1 142 1 1
144 142 143 
1 143 1 1
145 143 144 
1 144 1 1
146 144 145 
1 145 1 1
147 145 146 
1 146 1 1
148 146 147 
1 147 1 1
149 147 148 
1 148 1 1
150 148 149 
1 149 1 1
151 149 150 
1 150 1 1
152 150 151 
1 151 1 1
153 151 152 
1 152 1 1
154 152 153 
1 153 1 1
155 153 154 
1 154 1 1
156 154 155 
1 155 1 1
157 155 156 
1 156 1 1
158 156 157 
1 157 1 1
159 157 158 
1 158 1 1
160 158 159 
1 159 1 1
161 159 160 
1 160 1 1
162 160 161 
1 161 1 1
163 161 162 
1 162 1 1
164 162 163 
1 163 1 1
165 163 164 
1 164 1 1
166 164 165 
1 165 1 1
167 165 166 
1 166 1 1
168 166 167 
1 167 1 1
169 167 168 
1 168 1 1
170 168 169 
1 169 1 1
171 169 170 
1 170 1 1
172 170 171 
1 171 1 1
173 171 172 
1 172 1 1
174 172 173 
1 173 1 1
175 173 174 
1 174 1 1
176 174 175 
1 175 1 1
177 175 176 
1 176 1 1
178 176 177 
1 177 1 1
179 177 178 
1 178 1 1
180 178 179 
1 179 1 1
181 179 180 
1 180 1 1
182 180 181 
1 181 1 1
183 181 182 
1 182 1 1
184 182 183 
1 183 1 1
185 183 184 
1 184 1 1
186 184 185 
1 185 1 1
187 185 186 
1 186 1 1
188 186 187 
1 187 1 1
189 187 188 
1 188 1 1
190 188 189 
1 189 1 1
191 189 190 
1 190 1 1
192 190 191 
1 191 1 1
193 191 192 
1 192 1 1
194 192 193 
1 193 1 1
195 193 194 
1 194 1 1
196 194 195 
1 195 1 1
197 195 196 
1 196 1 1
198 196 197 
1 197 1 1
199 197 198 
1 198 1 1
200 198 199 
1 199 1 1
201 199 200 
1 200 1 1
202 200 201 
1 201 1 1
203 201 202 
1 202 1 25
204 202 409 
205 409 410 
206 410 411 
207 411 412 
208 412 413 
209 413 414 
210 414 415 
211 415 416 
212 416 417 
213 417 418 
214 418 419 
215 419 420 
216 420 421 
217 421 422 
218 422 423 
219 423 424 
220 424 425 
221 425 426 
222 426 427 
223 427 428 
224 428 429 
225 429 430 
226 430 431 
227 431 432 
228 432 203 
1 203 1 47
229 203 433 
230 433 434 
231 434 435 
232 435 436 
233 436 437 
234 437 438 
235 438 439 
236 439 440 
237 440 441 
238 441 442 
239 442 443 
240 443 444 
241 444 445 
242 445 446 
243 446 447 
244 447 448 
245 448 449 
246 449 450 
247 450 451 
248 451 452 
249 452 453 
250 453 454 
251 454 455 
252 455 456 
253 456 457 
254 457 458 
255 458 459 
256 459 460 
257 460 461 
258 461 462 
259 462 463 
260 463 464 
261 464 465 
262 465 466 
263 466 467 
264 467 468 
265 468 469 
266 469 470 
267 470 471 
268 471 472 
269 472 473 
270 473 474 
271 474 475 
272 475 476 
273 476 477 
274 477 478 
275 478 204 
1 204 1 3
276 204 479 
277 479 480 
278 480 205 
1 205 1 1
279 205 206 
1 206 1 1
280 206 207 
1 207 1 1
281 207 208 
1 208 1 1
282 208 209 
1 209 1 1
283 209 210 
1 210 1 1
284 210 211 
1 211 1 1
285 211 212 
1 212 1 1
286 212 213 
1 213 1 1
287 213 214 
1 214 1 1
288 214 215 
1 215 1 1
289 215 216 
1 216 1 1
290 216 217 
1 217 1 1
291 217 218 
1 218 1 1
292 218 219 
1 219 1 1
293 219 220 
1 220 1 1
294 220 221 
1 221 1 1
295 221 222 
1 222 1 1
296 222 223 
1 223 1 1
297 223 224 
1 224 1 1
298 224 225 
1 225 1 1
299 225 226 
1 226 1 1
300 226 227 
1 227 1 1
301 227 228 
1 228 1 1
302 228 229 
1 229 1 1
303 229 230 
1 230 1 1
304 230 231 
1 231 1 1
305 231 232 
1 232 1 1
306 232 233 
1 233 1 1
307 233 234 
1 234 1 1
308 234 235 
1 235 1 1
309 235 236 
1 236 1 1
310 236 237 
1 237 1 1
311 237 238 
1 238 1 1
312 238 239 
1 239 1 1
313 239 240 
1 240 1 1
314 240 241 
1 241 1 1
315 241 242 
1 242 1 1
316 242 243 
1 243 1 1
317 243 244 
1 244 1 1
318 244 245 
1 245 1 1
319 245 246 
1 246 1 1
320 246 247 
1 247 1 1
321 247 248 
1 248 1 1
322 248 249 
1 249 1 1
323 249 250 
1 250 1 1
324 250 251 
1 251 1 1
325 251 252 
1 252 1 1
326 252 253 
1 253 1 1
327 253 254 
1 254 1 1
328 254 255 
1 255 1 1
329 255 256 
1 256 1 1
330 256 257 
1 257 1 1
331 257 258 
1 258 1 1
332 258 259 
1 259 1 1
333 259 260 
1 260 1 1
334 260 261 
1 261 1 1
335 261 262 
1 262 1 1
336 262 263 
1 263 1 1
337 263 264 
1 264 1 1
338 264 265 
1 265 1 1
339 265 266 
1 266 1 1
340 266 267 
1 267 1 1
341 267 268 
1 268 1 1
342 268 269 
1 269 1 1
343 269 270 
1 270 1 1
344 270 271 
1 271 1 1
345 271 272 
1 272 1 1
346 272 273 
1 273 1 1
347 273 274 
1 274 1 1
348 274 275 
1 275 1 1
349 275 276 
1 276 1 1
350 276 277 
1 277 1 1
351 277 278 
1 278 1 1
352 278 279 
1 279 1 1
353 279 280 
1 280 1 1
354 280 281 
1 281 1 1
355 281 282 
1 282 1 1
356 282 283 
1 283 1 1
357 283 284 
1 284 1 1
358 284 285 
1 285 1 1
359 285 286 
1 286 1 1
360 286 287 
1 287 1 1
361 287 288 
1 288 1 1
362 288 289 
1 289 1 1
363 289 290 
1 290 1 1
364 290 291 
1 291 1 1
365 291 292 
1 292 1 1
366 292 293 
1 293 1 1
367 293 294 
1 294 1 1
368 294 295 
1 295 1 1
369 295 296 
1 296 1 1
370 296 297 
1 297 1 1
371 297 298 
1 298 1 1
372 298 299 
1 299 1 1
373 299 300 
1 300 1 1
374 300 301 
1 301 1 1
375 301 302 
1 302 1 1
376 302 303 
1 303 1 1
377 303 304 
1 304 1 1
378 304 305 
1 305 1 1
379 305 306 
1 306 1 1
380 306 307 
1 307 1 1
381 307 308 
1 308 1 1
382 308 309 
1 309 1 1
383 309 310 
1 310 1 1
384 310 311 
1 311 1 1
385 311 312 
1 312 1 1
386 312 313 
1 313 1 1
387 313 314 
1 314 1 1
388 314 315 
1 315 1 1
389 315 316 
1 316 1 1
390 316 317 
1 317 1 1
391 317 318 
1 318 1 1
392 318 319 
1 319 1 1
393 319 320 
1 320 1 1
394 320 321 
1 321 1 1
395 321 322 
1 322 1 1
396 322 323 
1 323 1 1
397 323 324 
1 324 1 1
398 324 325 
1 325 1 1
399 325 326 
1 326 1 1
400 326 327 
1 327 1 1
401 327 328 
1 328 1 1
402 328 329 
1 329 1 1
403 329 330 
1 330 1 1
404 330 331 
1 331 1 1
405 331 332 
1 332 1 1
406 332 333 
1 333 1 1
407 333 334 
1 334 1 1
408 334 335 
1 335 1 1
409 335 336 
1 336 1 1
410 336 337 
1 337 1 1
411 337 338 
1 338 1 1
412 338 339 
1 339 1 1
413 339 340 
1 340 1 1
414 340 341 
1 341 1 1
415 341 342 
1 342 1 1
416 342 343 
1 343 1 1
417 343 344 
1 344 1 1
418 344 345 
1 345 1 1
419 345 346 
1 346 1 1
420 346 347 
1 347 1 1
421 347 348 
1 348 1 1
422 348 349 
1 349 1 1
423 349 350 
1 350 1 1
424 350 351 
1 351 1 1
425 351 352 
1 352 1 1
426 352 353 
1 353 1 1
427 353 354 
1 354 1 1
428 354 355 
1 355 1 1
429 355 356 
1 356 1 1
430 356 357 
1 357 1 1
431 357 358 
1 358 1 1
432 358 359 
1 359 1 1
433 359 360 
1 360 1 1
434 360 361 
1 361 1 1
435 361 362 
1 362 1 1
436 362 363 
1 363 1 1
437 363 364 
1 364 1 1
438 364 365 
1 365 1 1
439 365 366 
1 366 1 1
440 366 367 
1 367 1 1
441 367 368 
1 368 1 1
442 368 369 
1 369 1 1
443 369 370 
1 370 1 1
444 370 371 
1 371 1 1
445 371 372 
1 372 1 1
446 372 373 
1 373 1 1
447 373 374 
1 374 1 1
448 374 375 
1 375 1 1
449 375 376 
1 376 1 1
450 376 377 
1 377 1 1
451 377 378 
1 378 1 1
452 378 379 
1 379 1 1
453 379 380 
1 380 1 1
454 380 381 
1 381 1 1
455 381 382 
1 382 1 1
456 382 383 
1 383 1 1
457 383 384 
1 384 1 1
458 384 385 
1 385 1 1
459 385 386 
1 386 1 1
460 386 387 
1 387 1 1
461 387 388 
1 388 1 1
462 388 389 
1 389 1 1
463 389 390 
1 390 1 1
464 390 391 
1 391 1 1
465 391 392 
1 392 1 1
466 392 393 
1 393 1 1
467 393 394 
1 394 1 1
468 394 395 
1 395 1 1
469 395 396 
1 396 1 1
470 396 397 
1 397 1 1
471 397 398 
1 398 1 1
472 398 399 
1 399 1 1
473 399 400 
1 400 1 1
474 400 401 
1 401 1 1
475 401 402 
1 402 1 1
476 402 403 
1 403 1 1
477 403 404 
1 404 1 1
478 404 405 
1 405 1 25
479 405 481 
480 481 482 
481 482 483 
482 483 484 
483 484 485 
484 485 486 
485 486 487 
486 487 488 
487 488 489 
488 489 490 
489 490 491 
490 491 492 
491 492 493 
492 493 494 
493 494 495 
494 495 496 
495 496 497 
496 497 498 
497 498 499 
498 499 500 
499 500 501 
500 501 502 
501 502 503 
502 503 504 
503 504 406 
1 406 1 47
504 406 505 
505 505 506 
506 506 507 
507 507 508 
508 508 509 
509 509 510 
510 510 511 
511 511 512 
512 512 513 
513 513 514 
514 514 515 
515 515 516 
516 516 517 
517 517 518 
518 518 519 
519 519 520 
520 520 521 
521 521 522 
522 522 523 
523 523 524 
524 524 525 
525 525 526 
526 526 527 
527 527 528 
528 528 529 
529 529 530 
530 530 531 
531 531 532 
532 532 533 
533 533 534 
534 534 535 
535 535 536 
536 536 537 
537 537 538 
538 538 539 
539 539 540 
540 540 541 
541 541 542 
542 542 543 
543 543 544 
544 544 545 
545 545 546 
546 546 547 
547 547 548 
548 548 549 
549 549 550 
550 550 1 
2 1 2 4232
551 96 1020 592 
552 1052 2317 1050 
553 313 1025 312 
554 1136 2292 1727 
555 114 2000 113 
556 1300 1629 1628 
557 1480 1968 1746 
558 1951 2026 2002 
559 1601 1921 1704 
560 1490 1915 901 
561 1445 2186 825 
562 1517 1832 706 
563 1135 2293 1637 
564 1087 1774 1606 
565 1600 1741 606 
566 1389 2069 1450 
567 834 1607 1259 
568 1489 2137 1914 
569 945 2005 1430 
570 706 2140 1517 
571 90 2076 89 
572 9 985 8 
573 212 984 211 
574 1172 1767 1735 
575 1733 1990 1146 
576 1480 2298 1968 
577 1285 1426 1284 
578 335 1800 334 
579 1951 2002 2001 
580 16 781 643 
581 219 790 644 
582 751 1991 1493 
583 1493 1991 1519 
584 1422 2020 677 
585 284 1920 283 
586 251 1989 250 
587 48 1988 47 
588 1306 1694 1688 
589 1549 1736 1304 
590 919 1816 1225 
591 854 2299 917 
592 1349 1351 1350 
593 1188 1715 1448 
594 609 727 367 
595 610 729 164 
596 890 2373 884 
597 1200 1201 1199 
598 983 1159 987 
599 1425 1935 1416 
600 874 1490 901 
601 109 671 108 
602 626 1531 1530 
603 1372 1461 1460 
604 1143 1233 1142 
605 64 755 575 
606 267 753 576 
607 1057 1162 993 
608 598 1868 1535 
609 968 1510 1477 
610 1429 2307 1002 
611 1140 1335 1120 
612 1223 1224 1222 
613 915 1607 834 
614 1027 1146 1028 
615 585 1879 1491 
616 1502 2206 895 
617 1390 2163 1926 
618 1004 1824 1305 
619 1253 1512 1194 
620 1907 2328 1391 
621 687 1775 1699 
622 1512 1713 675 
623 1062 1254 1006 
624 872 1977 1328 
625 1062 1306 1254 
626 1157 1626 1149 
627 1344 1441 1042 
628 1092 2244 1103 
629 714 1768 1504 
630 1603 1604 780 
631 922 1092 924 
632 1200 1244 1201 
633 963 1005 981 
634 300 995 299 
635 1491 1879 1507 
636 970 1043 969 
637 1688 1769 1306 
638 1092 1103 924 
639 918 1223 1222 
640 962 1599 1598 
641 1050 1169 1051 
642 1070 1330 1302 
643 919 1225 918 
644 990 1284 989 
645 991 1326 1325 
646 1043 1149 1044 
647 1302 2036 1019 
648 1081 1148 1105 
649 1215 1550 1345 
650 1172 1735 1169 
651 896 1347 1346 
652 1272 2347 1270 
653 1362 2053 572 
654 1159 1256 987 
655 401 1832 400 
656 198 1835 197 
657 1413 1425 1416 
658 688 1613 1611 
659 1487 1488 625 
660 1146 1990 1257 
661 994 2134 1304 
662 1131 1375 1252 
663 1192 1930 982 
664 1733 2261 2057 
665 763 1935 1800 
666 584 2093 2012 
667 1754 1802 1678 
668 858 1200 1199 
669 1055 1817 1056 
670 771 1910 1410 
671 910 1057 993 
672 572 1756 1362 
673 2085 2240 2049 
674 98 665 97 
675 311 666 310 
676 833 2161 1670 
677 1367 1780 1651 
678 1369 1779 1635 
679 1697 1753 1672 
680 1535 1868 1787 
681 1523 2227 839 
682 687 2152 1444 
683 1352 2164 1514 
684 904 983 906 
685 1351 1362 1350 
686 883 890 884 
687 1444 1775 687 
688 909 1062 1006 
689 1520 1781 1329 
690 1718 1978 1684 
691 960 1875 1599 
692 1216 1358 1059 
693 1059 1192 982 
694 1700 1740 762 
695 1221 1361 1057 
696 982 1178 911 
697 988 1140 1120 
698 983 987 906 
699 917 1143 1142 
700 858 1199 854 
701 1143 1383 1233 
702 1095 1322 1158 
703 1348 1349 1347 
704 1904 2207 1905 
705 982 1930 1178 
706 581 1913 1489 
707 1300 1630 1629 
708 1010 1900 1095 
709 1081 1105 919 
710 1169 1668 1170 
711 1292 1298 1278 
712 1725 2090 1586 
713 1223 2278 1224 
714 1555 1556 618 
715 2012 2093 1604 
716 299 995 298 
717 854 917 851 
718 309 666 308 
719 100 665 99 
720 1260 1388 1261 
721 1266 1900 1010 
722 1225 1226 1223 
723 1091 2239 1357 
724 1530 1532 626 
725 1349 1350 1347 
726 1160 1374 1083 
727 1261 2379 1263 
728 1377 2220 1484 
729 1313 1428 1312 
730 1116 1318 1232 
731 1715 1725 1448 
732 993 2235 994 
733 916 1027 915 
734 1341 1793 1749 
735 963 981 960 
736 1146 1257 1028 
737 1259 1260 926 
738 1260 1261 926 
739 1298 2040 1278 
740 1099 1111 1018 
741 910 993 905 
742 958 1599 962 
743 1598 2129 962 
744 986 1282 1042 
745 1891 2145 1888 
746 1892 2144 1889 
747 1163 1420 1164 
748 864 1091 1090 
749 1802 2382 1678 
750 1410 1912 771 
751 685 1624 1568 
752 981 2385 1097 
753 1008 1158 970 
754 1519 2353 1436 
755 1012 1267 1266 
756 978 1861 1795 
757 1019 1099 1018 
758 856 1119 838 
759 1012 1266 1010 
760 1208 2058 612 
761 1015 2086 1163 
762 1604 1960 1125 
763 1282 1344 1042 
764 967 1243 1242 
765 400 1832 399 
766 197 1835 196 
767 1531 1791 1111 
768 1529 1560 563 
769 1043 1157 1149 
770 1437 1861 978 
771 960 1599 958 
772 1427 1866 622 
773 302 1193 301 
774 107 1079 106 
775 1087 1606 1085 
776 1010 1095 1008 
777 1658 2020 1422 
778 1197 1320 1092 
779 1509 2041 852 
780 1180 2051 725 
781 1450 2002 1389 
782 918 1222 890 
783 940 2128 1818 
784 1301 2240 1165 
785 1480 1746 1221 
786 1125 2012 1604 
787 1434 1509 852 
788 1715 2090 1725 
789 1805 2111 2022 
790 1049 1446 1445 
791 1372 1460 1370 
792 1112 1978 1075 
793 1309 1382 1376 
794 1871 1908 673 
795 1926 2011 1774 
796 97 1020 96 
797 1150 1360 1152 
798 864 1090 862 
799 1382 2245 1376 
800 1077 1112 1075 
801 1707 2261 1733 
802 894 1502 895 
803 923 1116 1115 
804 877 2072 1255 
805 944 2005 945 
806 901 1977 872 
807 1116 1355 1318 
808 1785 1936 1784 
809 908 1050 907 
810 922 924 900 
811 1287 1323 1285 
812 1166 1300 1165 
813 980 1047 977 
814 1493 2260 751 
815 923 1117 1116 
816 917 1142 1141 
817 893 1346 892 
818 1320 1427 1092 
819 1050 1172 1169 
820 1491 1507 1160 
821 1067 1302 1019 
822 737 1905 1897 
823 1587 1999 1708 
824 1027 1028 915 
825 1054 1253 1194 
826 1166 1630 1300 
827 1106 1108 1077 
828 1385 1552 954 
829 1057 2259 1162 
830 409 2020 202 
831 162 729 573 
832 365 727 574 
833 1131 1252 1054 
834 1794 2035 1299 
835 957 970 969 
836 990 1285 1284 
837 714 1470 1469 
838 575 762 62 
839 576 761 265 
840 891 918 890 
841 1367 1651 1619 
842 1369 1635 1634 
843 1848 2015 1335 
844 1498 1648 1360 
845 1073 1114 1071 
846 1450 2044 660 
847 1585 1953 738 
848 1367 2292 1136 
849 1179 2051 1180 
850 1312 2377 1251 
851 1369 2293 1135 
852 940 1818 1547 
853 1596 2192 775 
854 1018 2086 1015 
855 988 1120 1119 
856 677 1687 1422 
857 1005 2385 981 
858 1579 1610 1144 
859 1573 1644 1145 
860 1377 1484 1379 
861 1657 1748 1297 
862 1541 2038 1711 
863 1075 1118 1073 
864 1347 1518 1346 
865 1297 1748 1359 
866 1727 1728 1136 
867 957 969 946 
868 1521 1940 1096 
869 1353 2284 1225 
870 930 1364 1363 
871 909 1006 925 
872 1019 2036 1099 
873 1458 1564 1003 
874 1517 1833 1832 
875 1450 2069 1258 
876 1968 2019 1746 
877 113 2000 112 
878 1390 1926 1774 
879 1297 1359 1293 
880 1453 2222 1466 
881 47 1988 46 
882 250 1989 249 
883 1070 1302 1067 
884 825 2186 819 
885 926 1262 829 
886 1097 1308 1098 
887 1637 1639 1135 
888 1109 1138 1110 
889 1304 1736 994 
890 1006 1109 1065 
891 612 1209 1208 
892 991 1327 1326 
893 245 2226 244 
894 1148 1500 1105 
895 308 1061 307 
896 622 1893 1427 
897 1672 1983 1697 
898 1373 2255 1768 
899 1119 1792 838 
900 1942 2060 604 
901 1058 1221 1057 
902 1103 1515 1514 
903 1787 1837 1227 
904 778 1985 1940 
905 1453 1466 1465 
906 1198 1817 1055 
907 1585 2125 1953 
908 1069 1070 1067 
909 1478 2006 1319 
910 1308 1382 1309 
911 618 1557 1555 
912 1739 2132 1501 
913 1330 1387 1302 
914 1158 1937 970 
915 1192 1929 1928 
916 1807 2297 564 
917 1285 2255 1426 
918 1226 1422 1223 
919 1256 2137 1489 
920 1130 1248 1048 
921 1475 1590 1476 
922 1177 2147 1499 
923 105 638 104 
924 304 637 303 
925 1027 1147 1146 
926 1449 2030 1307 
927 1441 1863 1320 
928 599 1865 1503 
929 1149 1150 1044 
930 1601 2370 1921 
931 1244 1741 1600 
932 1597 1632 632 
933 1084 1160 1083 
934 883 884 877 
935 1800 1935 1425 
936 1096 1940 1589 
937 42 2221 41 
938 1707 2000 674 
939 1059 2202 1192 
940 625 1680 1487 
941 1370 1460 561 
942 1373 1768 562 
943 1060 1216 1059 
944 1169 1170 1051 
945 827 1049 825 
946 1696 1791 699 
947 1921 2370 767 
948 992 1059 982 
949 1149 1498 1150 
950 1915 2179 1198 
951 1722 2059 611 
952 1111 1791 1486 
953 1054 1194 1052 
954 1477 1510 1240 
955 1962 2225 1317 
956 306 637 305 
957 103 638 102 
958 1050 1051 907 
959 1244 1600 1201 
960 1448 1918 1188 
961 908 1052 1050 
962 127 1810 126 
963 1454 1455 1326 
964 1164 1166 1165 
965 1159 1603 1256 
966 1605 1606 571 
967 207 1569 206 
968 4 1575 3 
969 912 982 911 
970 948 967 950 
971 1714 2050 726 
972 1852 2207 1904 
973 742 1396 560 
974 740 1405 559 
975 1648 1705 1360 
976 1602 1621 689 
977 831 926 829 
978 1562 1563 651 
979 1099 1530 1111 
980 1528 1617 695 
981 1795 1861 1113 
982 964 1354 963 
983 1318 1761 1319 
984 1313 1429 1428 
985 1082 1083 1081 
986 1070 1331 1330 
987 1170 1621 1212 
988 1043 1044 969 
989 1073 1118 1114 
990 576 1264 761 
991 660 2002 1450 
992 1864 2231 1931 
993 991 1325 868 
994 842 2273 1481 
995 1659 2141 1658 
996 1186 2050 1714 
997 1041 2162 1430 
998 1075 1978 1118 
999 1202 2059 1722 
1000 896 1346 893 
1001 693 1650 1482 
1002 1319 1760 1478 
1003 1089 1390 1087 
1004 860 990 989 
1005 1097 1503 1308 
1006 888 913 889 
1007 1390 1774 1087 
1008 882 887 886 
1009 1383 2124 1233 
1010 775 1898 1596 
1011 941 1547 944 
1012 930 1363 803 
1013 929 1368 801 
1014 980 1048 1047 
1015 6 2062 5 
1016 209 2061 208 
1017 1306 1769 1254 
1018 971 1354 964 
1019 968 1477 959 
1020 1163 1164 1017 
1021 1748 2302 1359 
1022 1163 1486 1420 
1023 1252 1356 1253 
1024 1430 2005 1041 
1025 1668 1730 1170 
1026 1940 1985 1939 
1027 852 2041 855 
1028 1233 1479 1234 
1029 1122 1464 1121 
1030 752 1992 1501 
1031 1457 1942 1745 
1032 1116 1232 1115 
1033 1593 1690 1594 
1034 891 919 918 
1035 1552 1967 1068 
1036 102 1094 101 
1037 1016 1018 1015 
1038 790 791 644 
1039 781 782 643 
1040 1095 1444 1322 
1041 1349 1352 1351 
1042 1101 2177 1230 
1043 1711 2038 777 
1044 987 1101 1064 
1045 1504 1768 1323 
1046 1611 1613 1612 
1047 1457 2060 1942 
1048 1436 2353 1435 
1049 1101 1230 1102 
1050 889 908 907 
1051 1049 1447 1446 
1052 1318 1319 1232 
1053 1393 1907 1391 
1054 1132 1406 1131 
1055 1865 2203 1503 
1056 1149 1752 1498 
1057 1440 2374 1439 
1058 1230 1410 1231 
1059 730 1660 729 
1060 669 805 317 
1061 889 907 887 
1062 1049 1445 825 
1063 1695 1984 1375 
1064 838 915 834 
1065 1221 2108 1361 
1066 1161 1491 1160 
1067 1325 2205 865 
1068 1431 2238 1982 
1069 842 1481 840 
1070 999 1999 1587 
1071 1006 2091 1109 
1072 896 1348 1347 
1073 1309 1376 1311 
1074 1196 1976 1719 
1075 1176 1227 1161 
1076 1484 2297 1483 
1077 1368 1779 1369 
1078 1363 1780 1367 
1079 1692 2335 1559 
1080 877 1255 878 
1081 674 2261 1707 
1082 656 1577 1576 
1083 655 1571 1570 
1084 1494 1676 1157 
1085 756 1700 575 
1086 971 1448 1354 
1087 1080 1081 919 
1088 1264 1265 761 
1089 1849 2088 1890 
1090 945 1430 948 
1091 1117 2142 1116 
1092 1673 1815 695 
1093 570 1920 284 
1094 888 889 887 
1095 1228 1787 1227 
1096 1108 1112 1077 
1097 1270 1462 1117 
1098 1278 2040 1431 
1099 1403 2014 1731 
1100 664 2015 1848 
1101 1596 1863 1441 
1102 1167 1168 1166 
1103 958 962 955 
1104 986 1283 1282 
1105 780 2043 1603 
1106 1679 1783 1421 
1107 2024 2169 2120 
1108 1274 1623 1272 
1109 1489 1914 581 
1110 1517 2009 1833 
1111 1351 2286 1362 
1112 1322 1494 1158 
1113 2002 2026 1389 
1114 1344 1596 1441 
1115 1267 1555 1266 
1116 1872 1908 1871 
1117 940 1547 941 
1118 904 906 849 
1119 699 1791 1531 
1120 1108 1516 1112 
1121 1227 1491 1161 
1122 1103 1514 1104 
1123 887 2047 886 
1124 1217 1435 1216 
1125 850 904 849 
1126 136 1828 135 
1127 1299 2035 2034 
1128 1419 1458 1003 
1129 855 858 854 
1130 1069 1071 1070 
1131 882 886 880 
1132 904 1126 983 
1133 942 2123 1334 
1134 961 963 960 
1135 601 1648 1498 
1136 1116 2142 1355 
1137 635 1541 1316 
1138 636 1521 1315 
1139 1784 1936 764 
1140 727 1583 574 
1141 1601 1704 1384 
1142 870 991 868 
1143 678 1683 1516 
1144 1278 1431 1275 
1145 834 1259 831 
1146 705 2141 1659 
1147 916 1321 1027 
1148 1849 2213 2088 
1149 911 2354 857 
1150 1126 2029 983 
1151 1416 1457 1417 
1152 1293 1359 1292 
1153 838 916 915 
1154 675 1797 1512 
1155 918 1225 1223 
1156 1379 1484 1483 
1157 1015 1163 1017 
1158 1388 1492 1261 
1159 1659 1844 1835 
1160 1261 1263 1262 
1161 1551 1751 1544 
1162 1048 1497 1047 
1163 1254 2091 1006 
1164 1897 1952 737 
1165 610 730 729 
1166 609 728 727 
1167 899 1269 923 
1168 1501 2132 752 
1169 1374 2111 1805 
1170 1516 1884 678 
1171 839 2227 853 
1172 1095 1158 1008 
1173 1592 1791 1696 
1174 1372 1825 1497 
1175 1521 2039 1940 
1176 1449 2116 2030 
1177 1189 1819 1583 
1178 850 905 904 
1179 852 854 851 
1180 1843 1939 633 
1181 1147 1707 1146 
1182 1196 1719 1466 
1183 948 1430 967 
1184 1478 2329 929 
1185 1118 1593 1114 
1186 929 2329 1368 
1187 1334 2065 942 
1188 755 756 575 
1189 753 754 576 
1190 263 761 565 
1191 60 762 566 
1192 7 2062 6 
1193 210 2061 209 
1194 738 1742 1585 
1195 1553 1758 698 
1196 1164 1167 1166 
1197 1109 1559 1138 
1198 1355 1762 1318 
1199 1534 1535 1228 
1200 89 2076 88 
1201 573 721 160 
1202 574 719 363 
1203 1450 2074 2044 
1204 1233 1234 1142 
1205 1346 1817 892 
1206 1053 1131 1054 
1207 1459 2239 1091 
1208 2049 2240 1301 
1209 1140 1848 1335 
1210 1007 1981 1009 
1211 1241 1439 1239 
1212 1282 1902 1344 
1213 974 1595 978 
1214 1375 1984 1252 
1215 1300 1301 1165 
1216 1421 1783 1167 
1217 1411 1425 1413 
1218 1091 2035 1090 
1219 1862 2159 1863 
1220 1216 1803 1358 
1221 1357 2035 1091 
1222 978 1959 1437 
1223 1514 2164 1104 
1224 1225 2284 1226 
1225 1167 1783 1168 
1226 881 893 892 
1227 1138 1554 1553 
1228 1821 2312 1955 
1229 1319 1761 1759 
1230 969 2046 946 
1231 695 1815 1528 
1232 1345 1550 1295 
1233 831 1259 926 
1234 626 1831 1531 
1235 1413 1416 1415 
1236 843 2306 914 
1237 1360 2184 1152 
1238 993 994 905 
1239 922 1197 1092 
1240 1262 2185 829 
1241 1783 1983 1168 
1242 1253 1713 1512 
1243 1283 1711 1282 
1244 967 1242 950 
1245 983 2029 1960 
1246 821 2305 2204 
1247 883 891 890 
1248 1535 2207 598 
1249 1160 2111 1374 
1250 870 1328 991 
1251 1090 1210 862 
1252 853 2227 1495 
1253 727 2369 1583 
1254 1105 2277 1343 
1255 1131 2097 1375 
1256 1144 2248 1579 
1257 1145 2249 1573 
1258 558 1451 732 
1259 201 2141 200 
1260 404 2140 403 
1261 848 850 849 
1262 1209 2132 1739 
1263 1225 1816 1353 
1264 1424 1471 1395 
1265 921 922 900 
1266 892 2179 879 
1267 1531 1831 699 
1268 1235 1740 1700 
1269 1034 1976 1196 
1270 1364 2383 1363 
1271 972 1456 971 
1272 1251 2377 1249 
1273 1322 1675 1494 
1274 1626 1752 1149 
1275 850 910 905 
1276 1016 1019 1018 
1277 1395 1496 1393 
1278 840 920 839 
1279 1486 1592 1420 
1280 867 1540 903 
1281 1482 1709 693 
1282 1453 1465 732 
1283 954 2268 1385 
1284 320 2013 319 
1285 763 1800 335 
1286 1118 1978 1718 
1287 663 2167 2108 
1288 1591 2056 1002 
1289 959 960 958 
1290 1592 1696 650 
1291 1493 1519 1436 
1292 881 892 879 
1293 1257 1450 1258 
1294 772 1809 1492 
1295 1354 2149 963 
1296 1164 1165 1017 
1297 1226 1658 1422 
1298 393 2018 392 
1299 1260 1389 1388 
1300 1197 1441 1320 
1301 1525 1528 1527 
1302 1372 1497 1461 
1303 1533 1534 1228 
1304 1501 1992 1741 
1305 714 1504 1470 
1306 1210 2345 862 
1307 827 1543 1049 
1308 2108 2167 1873 
1309 874 901 872 
1310 1089 1391 1390 
1311 1431 1982 1274 
1312 1331 1812 1330 
1313 840 1481 920 
1314 1348 2164 1349 
1315 1042 1824 1004 
1316 1888 2145 785 
1317 1889 2144 794 
1318 1259 2069 1260 
1319 587 1690 1593 
1320 1007 1008 970 
1321 970 1937 1043 
1322 1130 1249 1248 
1323 1148 1529 1500 
1324 917 1141 851 
1325 1379 1483 1381 
1326 1271 1272 1270 
1327 1491 2042 585 
1328 1582 2307 1429 
1329 1308 2023 1382 
1330 1068 2068 1552 
1331 1165 2240 1268 
1332 1061 2099 1548 
1333 1291 1723 1513 
1334 1708 2000 1707 
1335 1287 1504 1323 
1336 1409 1487 1407 
1337 1556 1856 618 
1338 1426 1485 1284 
1339 1317 2225 2047 
1340 1514 1821 1352 
1341 1315 2081 636 
1342 1316 2082 635 
1343 1515 2312 1514 
1344 1359 2117 1292 
1345 1005 1174 1173 
1346 573 1660 722 
1347 1488 1669 625 
1348 1279 1292 1278 
1349 1011 1012 1010 
1350 732 1465 731 
1351 923 1115 921 
1352 1009 1010 1008 
1353 1021 1885 1094 
1354 1499 2147 885 
1355 1245 1501 1244 
1356 1047 1522 977 
1357 552 1671 708 
1358 956 958 955 
1359 1273 1274 1272 
1360 1518 2287 1346 
1361 1616 1815 1673 
1362 1053 1054 1052 
1363 1448 1725 1354 
1364 1096 1589 1588 
1365 1471 2257 1395 
1366 1015 1017 1013 
1367 895 896 893 
1368 1297 2285 1657 
1369 1406 2097 1131 
1370 1832 1834 653 
1371 1191 2364 1522 
1372 1395 2257 1496 
1373 1411 2338 1799 
1374 1159 1960 1604 
1375 944 1547 1546 
1376 1554 1758 1553 
1377 1759 1760 1319 
1378 1335 1464 1120 
1379 1503 1923 599 
1380 1508 2306 843 
1381 967 2024 1243 
1382 847 851 848 
1383 1587 1708 1147 
1384 1833 1834 1832 
1385 860 989 861 
1386 1376 1663 1377 
1387 1490 2179 1915 
1388 712 1467 553 
1389 714 1469 554 
1390 563 2004 1529 
1391 956 968 959 
1392 1801 2384 1114 
1393 988 1119 856 
1394 1269 1270 1117 
1395 1103 1893 1515 
1396 1097 1098 981 
1397 843 914 845 
1398 1083 2181 1081 
1399 1385 2268 2064 
1400 1327 2197 1326 
1401 1376 1377 1311 
1402 2204 2305 1404 
1403 913 2148 889 
1404 1492 1810 772 
1405 987 2358 1101 
1406 1243 2258 1242 
1407 1606 2052 571 
1408 2045 2161 833 
1409 1295 1297 1293 
1410 1150 1498 1360 
1411 1670 2106 833 
1412 1447 1784 1446 
1413 1435 2126 1216 
1414 1940 2039 778 
1415 1176 1228 1227 
1416 1420 2337 1164 
1417 950 1242 952 
1418 1305 2308 1004 
1419 857 2354 856 
1420 1345 1962 1215 
1421 1353 1816 1343 
1422 1870 1871 1333 
1423 1410 2338 1411 
1424 734 2172 1671 
1425 1108 1517 1516 
1426 1252 1253 1054 
1427 872 1328 870 
1428 2070 2305 821 
1429 1842 1843 776 
1430 2015 2288 1335 
1431 1624 1789 1568 
1432 1138 1553 1139 
1433 608 2020 1658 
1434 1017 1268 1013 
1435 1540 2087 903 
1436 1230 1912 1410 
1437 1604 2093 780 
1438 1584 2364 1191 
1439 1268 2282 1013 
1440 1002 2056 1429 
1441 868 1325 865 
1442 1062 1386 1306 
1443 1281 2250 1792 
1444 1174 1585 1173 
1445 1609 2342 1296 
1446 986 1042 1004 
1447 1152 1568 1154 
1448 1910 2338 1410 
1449 1352 1820 1351 
1450 200 2141 199 
1451 403 2140 402 
1452 1182 1660 730 
1453 1138 1139 1110 
1454 848 849 846 
1455 734 2374 2172 
1456 1109 1110 1065 
1457 1291 2113 1587 
1458 292 2266 291 
1459 2025 2098 1438 
1460 1006 1065 925 
1461 1277 1278 1275 
1462 1582 2227 1093 
1463 1320 2159 1427 
1464 968 1511 1510 
1465 910 1058 1057 
1466 1560 1805 563 
1467 972 2223 1456 
1468 1330 2077 1387 
1469 693 1709 1622 
1470 1607 2069 1259 
1471 1120 1432 1119 
1472 762 1740 566 
1473 1704 1921 1901 
1474 1205 2098 2025 
1475 1170 1212 1171 
1476 847 1434 852 
1477 1156 1613 1247 
1478 894 1771 1502 
1479 1483 2297 1807 
1480 1204 1700 756 
1481 1212 1602 1214 
1482 663 2108 1746 
1483 1323 2255 1285 
1484 1053 1132 1131 
1485 841 1508 843 
1486 1248 2295 1048 
1487 895 897 896 
1488 1308 1309 1098 
1489 1275 1431 1274 
1490 1191 1819 1189 
1491 1326 2197 1454 
1492 1475 2390 1590 
1493 1530 1531 1111 
1494 1078 1106 1077 
1495 898 899 897 
1496 835 856 838 
1497 1859 2021 939 
1498 1329 1977 1520 
1499 1438 1493 1436 
1500 1212 1621 1602 
1501 865 2205 864 
1502 575 1700 762 
1503 1587 2113 999 
1504 1835 1844 654 
1505 1785 1895 1894 
1506 1427 2159 1866 
1507 729 1660 573 
1508 1424 1472 1471 
1509 871 1499 885 
1510 875 883 877 
1511 882 888 887 
1512 1955 2312 735 
1513 1466 1781 1196 
1514 1247 1597 1525 
1515 1612 1613 1156 
1516 1071 2384 1070 
1517 907 1998 887 
1518 1173 2385 1005 
1519 1084 1161 1160 
1520 1485 1660 1182 
1521 929 2006 1478 
1522 1544 1751 1139 
1523 1411 1799 1425 
1524 876 1490 874 
1525 1221 1726 1480 
1526 1365 1463 1364 
1527 1241 1440 1439 
1528 742 1398 1396 
1529 973 1595 974 
1530 1103 1104 924 
1531 1434 2071 1288 
1532 1106 2009 1108 
1533 1200 1245 1244 
1534 566 743 58 
1535 565 745 261 
1536 992 1060 1059 
1537 1094 1723 1021 
1538 1676 1949 1157 
1539 899 900 897 
1540 1292 1765 1298 
1541 913 2289 1418 
1542 899 923 921 
1543 1063 1563 1562 
1544 1567 2109 1184 
1545 1142 1712 1141 
1546 1060 1217 1216 
1547 1270 1482 1462 
1548 1522 2095 1191 
1549 1235 1700 1204 
1550 1894 1895 594 
1551 912 992 982 
1552 1613 2048 1247 
1553 1082 1084 1083 
1554 1141 2366 851 
1555 1446 1755 1445 
1556 1214 1324 1215 
1557 1609 2191 881 
1558 1513 2113 1291 
1559 1356 1713 1253 
1560 1212 1214 1213 
1561 1766 2164 1348 
1562 1132 1407 1406 
1563 361 719 561 
1564 158 721 562 
1565 670 2076 90 
1566 1157 1949 1626 
1567 1593 1594 1114 
1568 1672 1753 1045 
1569 1385 1967 1552 
1570 1479 1480 1234 
1571 1063 1562 815 
1572 1188 1918 1187 
1573 722 1660 1485 
1574 708 1671 1339 
1575 1986 2101 777 
1576 1157 1937 1494 
1577 1428 2037 1312 
1578 669 806 805 
1579 1495 1561 853 
1580 1176 1533 1228 
1581 1046 1802 1754 
1582 1464 2075 1121 
1583 857 912 911 
1584 1749 1793 1511 
1585 801 1135 797 
1586 803 1136 788 
1587 315 805 591 
1588 921 1305 922 
1589 894 895 893 
1590 863 864 862 
1591 1391 2163 1390 
1592 1389 2026 1388 
1593 1165 1268 1017 
1594 1252 1984 1356 
1595 1388 2190 1492 
1596 1313 1495 1429 
1597 1768 2255 1323 
1598 1593 1718 587 
1599 1251 1313 1312 
1600 1690 1973 1594 
1601 1295 1550 1297 
1602 952 955 954 
1603 1568 1789 1154 
1604 1384 1704 1383 
1605 1416 1417 1415 
1606 1516 1683 1112 
1607 1247 2048 1597 
1608 966 971 964 
1609 719 1370 561 
1610 721 1373 562 
1611 1466 2222 1781 
1612 769 2231 1864 
1613 839 853 823 
1614 879 2179 1490 
1615 914 1434 845 
1616 956 959 958 
1617 744 2102 1778 
1618 961 964 963 
1619 844 902 842 
1620 1247 1525 1524 
1621 1231 1782 1102 
1622 787 1096 789 
1623 987 1064 906 
1624 1152 1154 1153 
1625 1085 1605 1037 
1626 1867 2257 1471 
1627 2126 2353 1947 
1628 1233 2124 1919 
1629 1286 1287 1285 
1630 777 2101 1711 
1631 920 2375 839 
1632 1517 2392 1516 
1633 1326 1822 1325 
1634 1080 1082 1081 
1635 1429 2056 1428 
1636 1355 2165 1762 
1637 1150 1152 1151 
1638 1199 2299 854 
1639 214 1000 646 
1640 11 1001 645 
1641 1524 1526 938 
1642 570 2298 1920 
1643 1143 1384 1383 
1644 952 956 955 
1645 1928 1930 1192 
1646 656 1576 1575 
1647 655 1570 1569 
1648 1091 1822 1459 
1649 1568 2184 685 
1650 979 980 977 
1651 1518 2254 2201 
1652 1362 2286 2053 
1653 1534 1536 1535 
1654 1356 2382 1802 
1655 1104 2164 1766 
1656 1501 1741 1244 
1657 1170 1730 1621 
1658 1090 1794 1210 
1659 764 1845 1784 
1660 1154 1156 1155 
1661 1230 1231 1102 
1662 1525 1527 1526 
1663 884 2072 877 
1664 1214 1788 1324 
1665 1809 1909 1895 
1666 1564 1745 652 
1667 1410 1411 1231 
1668 908 1053 1052 
1669 895 898 897 
1670 1409 1488 1487 
1671 1239 1717 1236 
1672 1479 2298 1480 
1673 799 2104 1838 
1674 1267 1556 1555 
1675 1105 1816 919 
1676 698 2361 1553 
1677 963 2149 1005 
1678 1492 2190 1810 
1679 1156 1247 1246 
1680 1905 2207 1536 
1681 988 1850 1140 
1682 931 1365 930 
1683 1446 1845 1827 
1684 968 2267 1966 
1685 1101 1102 1064 
1686 1375 1790 1695 
1687 2225 2342 1609 
1688 1472 2231 1471 
1689 1257 2074 1450 
1690 1194 1811 1052 
1691 1108 2009 1517 
1692 959 961 960 
1693 481 2189 405 
1694 881 894 893 
1695 1771 1997 1502 
1696 632 2215 1597 
1697 1387 2110 2036 
1698 1245 1739 1501 
1699 867 903 869 
1700 1418 1751 913 
1701 1240 2153 1477 
1702 1284 2156 989 
1703 1416 2060 1457 
1704 1959 2025 1438 
1705 953 1506 949 
1706 851 2366 848 
1707 770 2159 1862 
1708 1107 1806 1106 
1709 1731 1916 1403 
1710 1072 1073 1071 
1711 1444 2152 1322 
1712 1412 1782 1231 
1713 1384 2208 1601 
1714 885 1841 1505 
1715 1217 1436 1435 
1716 1942 2007 1745 
1717 1796 2262 1542 
1718 1511 1793 1510 
1719 1559 2091 1692 
1720 844 2066 902 
1721 14 2032 13 
1722 217 2033 216 
1723 1226 1659 1658 
1724 942 1859 939 
1725 1114 2384 1071 
1726 1249 2279 1248 
1727 899 921 900 
1728 880 1609 881 
1729 1081 2181 1148 
1730 861 862 859 
1731 1457 1458 1417 
1732 886 1609 880 
1733 606 1948 1600 
1734 1441 1824 1042 
1735 587 1718 1698 
1736 835 857 856 
1737 1328 2349 991 
1738 1261 1262 926 
1739 1148 1560 1529 
1740 1558 2240 2085 
1741 2005 2063 1041 
1742 787 2194 1096 
1743 1368 2350 801 
1744 1363 2351 803 
1745 1076 1077 1075 
1746 1190 1918 1456 
1747 899 2200 1269 
1748 931 2313 1365 
1749 1078 1107 1106 
1750 1335 2288 1464 
1751 1074 1075 1073 
1752 879 1490 876 
1753 2022 2111 657 
1754 744 1778 743 
1755 1588 1590 932 
1756 630 1863 1596 
1757 976 977 975 
1758 852 855 854 
1759 1344 2192 1596 
1760 804 1588 932 
1761 1860 1883 1382 
1762 981 1875 960 
1763 1451 1452 732 
1764 1154 2319 1156 
1765 1471 2231 1867 
1766 1085 1606 1605 
1767 1300 2055 1301 
1768 2024 2120 1243 
1769 1571 2061 1133 
1770 1577 2062 1134 
1771 1495 1582 1429 
1772 202 2020 608 
1773 1847 1975 1846 
1774 1407 1738 1406 
1775 1350 1518 1347 
1776 761 2265 565 
1777 1623 1709 1272 
1778 891 1080 919 
1779 855 859 858 
1780 2228 2336 637 
1781 1257 1258 1028 
1782 1532 2196 626 
1783 674 2000 114 
1784 1790 2097 649 
1785 1207 1235 1204 
1786 925 2373 909 
1787 689 1874 1602 
1788 1895 1909 594 
1789 1396 1398 1397 
1790 1386 2160 1306 
1791 740 2037 1405 
1792 2036 2110 1994 
1793 1659 2284 1844 
1794 878 1255 882 
1795 1100 2262 1796 
1796 1382 2023 1860 
1797 1159 1604 1603 
1798 1288 1509 1434 
1799 574 720 719 
1800 573 722 721 
1801 856 2354 988 
1802 974 978 976 
1803 205 703 480 
1804 2 704 408 
1805 1162 1871 1870 
1806 909 1858 1062 
1807 1600 2370 1601 
1808 973 2016 1595 
1809 1659 1835 705 
1810 1184 2109 1185 
1811 1961 2156 1284 
1812 937 1880 940 
1813 1141 1712 1545 
1814 2169 2331 1342 
1815 847 852 851 
1816 1498 1752 601 
1817 1887 2254 1350 
1818 1230 1913 1912 
1819 835 838 834 
1820 1536 2207 1535 
1821 1606 1774 723 
1822 1242 2267 952 
1823 782 783 643 
1824 791 792 644 
1825 1152 2184 1568 
1826 618 2236 1557 
1827 930 1365 1364 
1828 259 745 558 
1829 56 743 557 
1830 803 2351 1136 
1831 801 2350 1135 
1832 1560 2181 1374 
1833 966 973 972 
1834 1537 1538 1536 
1835 1787 1868 766 
1836 1421 1814 1679 
1837 562 713 156 
1838 561 711 359 
1839 1265 2265 761 
1840 745 1451 558 
1841 1595 1959 978 
1842 1897 1905 1538 
1843 880 881 879 
1844 973 974 972 
1845 759 1307 760 
1846 754 1264 576 
1847 711 1460 712 
1848 713 1768 714 
1849 1808 2228 637 
1850 672 1193 996 
1851 744 1740 1717 
1852 947 957 946 
1853 1343 1816 1105 
1854 712 1734 1467 
1855 1066 1067 1019 
1856 1405 2037 1428 
1857 1193 2336 996 
1858 902 2273 842 
1859 905 2367 904 
1860 1473 1474 1472 
1861 627 998 111 
1862 878 880 879 
1863 1129 1130 1048 
1864 557 1778 734 
1865 1603 2043 659 
1866 878 882 880 
1867 1279 1293 1292 
1868 781 1315 782 
1869 790 1316 791 
1870 1928 2173 1930 
1871 1238 1239 1236 
1872 1476 1842 1474 
1873 612 2027 1209 
1874 1600 1601 1201 
1875 1596 1898 630 
1876 1023 1723 1291 
1877 1475 1476 1474 
1878 609 1186 728 
1879 610 1179 730 
1880 1457 1745 1458 
1881 1906 1907 1496 
1882 1224 2372 1222 
1883 758 927 597 
1884 753 1208 754 
1885 755 1202 756 
1886 760 813 600 
1887 966 972 971 
1888 1093 2227 1523 
1889 1814 2089 650 
1890 862 2345 859 
1891 850 1545 910 
1892 871 885 873 
1893 903 1499 869 
1894 1451 1454 1452 
1895 957 1007 970 
1896 983 1960 1159 
1897 1068 1069 1067 
1898 1240 1241 1239 
1899 971 1456 1448 
1900 1597 2048 1632 
1901 1483 1721 1381 
1902 1771 2191 1296 
1903 725 1442 1180 
1904 1838 2104 1639 
1905 885 2147 1841 
1906 659 2137 1603 
1907 1288 1289 1287 
1908 1981 2068 1581 
1909 923 1269 1117 
1910 1456 1584 1190 
1911 882 1255 888 
1912 1233 1919 1479 
1913 1133 2061 984 
1914 1134 2062 985 
1915 917 1798 1143 
1916 977 2364 975 
1917 1201 2208 1199 
1918 824 840 839 
1919 914 2071 1434 
1920 2088 2213 569 
1921 1820 1821 596 
1922 1728 2103 1136 
1923 1585 1742 1173 
1924 1162 1870 993 
1925 1467 1734 1468 
1926 1538 1905 1536 
1927 974 975 972 
1928 798 986 802 
1929 1464 2388 1120 
1930 1507 2111 1160 
1931 1366 2313 934 
1932 1187 1918 1190 
1933 1296 2191 1609 
1934 1120 2388 1432 
1935 772 1810 127 
1936 1525 2215 1528 
1937 1789 2319 1154 
1938 1034 1196 1195 
1939 1392 1393 1391 
1940 1497 1825 1047 
1941 1020 2324 592 
1942 650 2089 1592 
1943 798 2316 986 
1944 962 1975 1847 
1945 1496 1907 1393 
1946 1090 2035 1794 
1947 860 861 859 
1948 1147 1708 1707 
1949 1196 1781 1520 
1950 858 1970 1200 
1951 1369 2350 1368 
1952 1367 2351 1363 
1953 904 2367 1126 
1954 808 1121 670 
1955 669 1123 806 
1956 1455 2291 1326 
1957 1430 2162 967 
1958 1063 1755 1563 
1959 2027 2132 1209 
1960 812 1128 619 
1961 810 1127 620 
1962 1166 2276 1630 
1963 742 1469 1401 
1964 866 867 865 
1965 924 1766 900 
1966 965 966 964 
1967 1277 1279 1278 
1968 1086 1087 1085 
1969 1563 2176 651 
1970 749 1396 750 
1971 747 1405 748 
1972 766 1837 1787 
1973 826 827 825 
1974 718 1029 717 
1975 716 1035 715 
1976 720 1370 719 
1977 722 1373 721 
1978 1164 2337 1167 
1979 1271 1273 1272 
1980 1847 2268 955 
1981 966 2122 1876 
1982 1639 2104 1135 
1983 1474 1931 1472 
1984 934 1826 1366 
1985 1258 2069 1607 
1986 726 1716 1714 
1987 1503 2203 1308 
1988 1529 2270 1500 
1989 1587 2376 1291 
1990 590 2330 1704 
1991 611 2028 1722 
1992 2046 2123 946 
1993 1138 2256 1554 
1994 1447 1785 1784 
1995 1622 1709 1623 
1996 748 1591 567 
1997 1458 1745 1564 
1998 1628 2055 1300 
1999 1541 1711 1283 
2000 574 1583 720 
2001 1198 2179 1817 
2002 986 2316 1283 
2003 1396 2217 560 
2004 1405 2216 559 
2005 1007 1009 1008 
2006 154 713 554 
2007 357 711 553 
2008 1716 2090 1714 
2009 817 1063 815 
2010 1589 1590 1588 
2011 847 848 846 
2012 1379 1381 1380 
2013 1377 1379 1378 
2014 1009 1011 1010 
2015 866 1540 867 
2016 951 1552 953 
2017 1984 2382 1356 
2018 804 930 803 
2019 802 929 801 
2020 828 829 827 
2021 1394 1395 1393 
2022 1014 1016 1015 
2023 989 2283 861 
2024 1273 1275 1274 
2025 1269 1271 1270 
2026 557 733 54 
2027 558 731 257 
2028 832 834 831 
2029 1216 2126 1803 
2030 1708 1999 627 
2031 1721 2017 1219 
2032 1408 1409 1407 
2033 1826 2054 1366 
2034 1040 1085 1037 
2035 1770 2142 2119 
2036 1227 2042 1491 
2037 1011 1013 1012 
2038 1283 1710 1541 
2039 961 965 964 
2040 1548 2228 1061 
2041 878 879 876 
2042 952 954 951 
2043 830 831 829 
2044 1518 2201 1056 
2045 863 866 865 
2046 1174 1586 1585 
2047 1711 2101 1282 
2048 888 2289 913 
2049 961 1477 965 
2050 746 1451 745 
2051 566 1740 744 
2052 1423 1424 1395 
2053 1088 1089 1087 
2054 2028 2260 1722 
2055 1506 1981 1007 
2056 807 1703 808 
2057 1483 1807 1721 
2058 916 2250 1321 
2059 948 950 949 
2060 434 1046 433 
2061 506 1045 505 
2062 1446 1827 1755 
2063 956 2267 968 
2064 566 744 743 
2065 565 746 745 
2066 117 2057 116 
2067 800 2103 1823 
2068 440 1665 439 
2069 459 1622 458 
2070 435 1662 434 
2071 438 1645 437 
2072 447 1646 446 
2073 472 1634 471 
2074 467 1641 466 
2075 463 1627 462 
2076 444 1620 443 
2077 477 1644 476 
2078 474 1636 473 
2079 464 696 463 
2080 448 580 447 
2081 455 1654 454 
2082 458 624 457 
2083 442 1667 441 
2084 525 601 524 
2085 452 1702 451 
2086 453 602 452 
2087 454 1649 453 
2088 460 693 459 
2089 462 631 461 
2090 443 617 442 
2091 445 689 444 
2092 450 1656 449 
2093 530 623 529 
2094 439 641 438 
2095 465 1642 464 
2096 469 1643 468 
2097 470 648 469 
2098 476 680 475 
2099 478 1145 477 
2100 449 1647 448 
2101 468 692 467 
2102 475 1655 474 
2103 526 1648 525 
2104 532 688 531 
2105 534 632 533 
2106 509 1629 508 
2107 546 1652 545 
2108 473 662 472 
2109 511 642 510 
2110 520 579 519 
2111 521 1640 520 
2112 536 695 535 
2113 540 686 539 
2114 545 661 544 
2115 542 647 541 
2116 548 679 547 
2117 550 1144 549 
2118 457 1706 456 
2119 515 618 514 
2120 549 1610 548 
2121 529 1624 528 
2122 531 1611 530 
2123 524 1625 523 
2124 527 1705 526 
2125 507 1661 506 
2126 512 1664 511 
2127 539 1614 538 
2128 547 1618 546 
2129 522 1701 521 
2130 535 1617 534 
2131 544 1619 543 
2132 510 1628 509 
2133 517 1699 516 
2134 541 1631 540 
2135 519 1633 518 
2136 537 1673 536 
2137 1132 1772 1408 
2138 822 825 819 
2139 979 1796 1542 
2140 897 2341 896 
2141 1698 1718 1684 
2142 1658 2141 608 
2143 436 675 435 
2144 508 676 507 
2145 1663 2220 1377 
2146 1439 2102 1239 
2147 2008 2297 1941 
2148 937 940 939 
2149 941 944 943 
2150 889 1772 908 
2151 434 1662 1046 
2152 506 1661 1045 
2153 1096 1588 789 
2154 815 1562 813 
2155 1003 1564 927 
2156 439 1665 641 
2157 458 1622 624 
2158 525 1648 601 
2159 520 1640 579 
2160 641 1645 438 
2161 545 1652 661 
2162 580 1646 447 
2163 693 1622 459 
2164 464 1642 696 
2165 468 1643 692 
2166 443 1620 617 
2167 449 1656 1647 
2168 1145 1644 477 
2169 448 1647 580 
2170 453 1649 602 
2171 454 1654 1649 
2172 462 1627 631 
2173 530 1611 623 
2174 548 1610 679 
2175 624 1706 457 
2176 692 1641 467 
2177 696 1627 463 
2178 689 1620 444 
2179 534 1617 632 
2180 511 1664 642 
2181 662 1634 472 
2182 602 1702 452 
2183 540 1631 686 
2184 617 1667 442 
2185 648 1643 469 
2186 473 1636 662 
2187 476 1644 680 
2188 536 1673 695 
2189 474 1655 1636 
2190 680 1655 475 
2191 526 1705 1648 
2192 1618 1652 546 
2193 521 1701 1640 
2194 1628 1629 509 
2195 1144 1610 549 
2196 688 1611 531 
2197 623 1624 529 
2198 686 1614 539 
2199 695 1617 535 
2200 601 1625 524 
2201 679 1618 547 
2202 661 1619 544 
2203 642 1628 510 
2204 647 1631 541 
2205 579 1633 519 
2206 933 934 931 
2207 1487 2359 1407 
2208 1535 1787 1228 
2209 764 1963 1845 
2210 1482 2133 1462 
2211 741 1469 742 
2212 739 1467 740 
2213 471 1635 470 
2214 543 1651 542 
2215 1242 2258 1966 
2216 1135 2350 1369 
2217 1136 2351 1367 
2218 708 1337 707 
2219 551 1465 710 
2220 710 1336 709 
2221 508 1629 676 
2222 675 1662 435 
2223 676 1661 507 
2224 1941 2297 1484 
2225 1527 2054 1826 
2226 950 952 951 
2227 441 694 440 
2228 513 684 512 
2229 1167 2337 1421 
2230 954 1552 951 
2231 1053 1772 1132 
2232 1579 2170 1610 
2233 1573 2171 1644 
2234 1306 2160 1694 
2235 651 1743 1562 
2236 652 1744 1564 
2237 589 2154 1804 
2238 1721 2294 2017 
2239 1455 2265 1265 
2240 542 1651 647 
2241 470 1635 648 
2242 1634 1635 471 
2243 1619 1651 543 
2244 906 1433 849 
2245 734 1671 733 
2246 1027 1321 1147 
2247 991 2349 1327 
2248 990 1286 1285 
2249 855 860 859 
2250 933 936 935 
2251 1332 1333 997 
2252 1043 1937 1157 
2253 1170 1171 1051 
2254 466 639 465 
2255 538 640 537 
2256 863 865 864 
2257 1601 2208 1201 
2258 1374 1805 1560 
2259 1265 1459 1455 
2260 1281 1792 1432 
2261 1047 1825 1522 
2262 694 1665 440 
2263 441 1667 694 
2264 684 1664 512 
2265 1463 1877 1364 
2266 1850 1851 1849 
2267 809 1844 810 
2268 1806 2198 1106 
2269 1830 2016 973 
2270 1321 1587 1147 
2271 1267 1558 1556 
2272 1162 1872 1871 
2273 501 1679 500 
2274 431 1678 430 
2275 427 649 426 
2276 430 682 429 
2277 425 701 424 
2278 426 1681 425 
2279 411 1686 410 
2280 424 1680 423 
2281 499 650 498 
2282 485 587 484 
2283 488 700 487 
2284 482 678 481 
2285 483 1682 482 
2286 502 681 501 
2287 490 578 489 
2288 495 626 494 
2289 486 1690 485 
2290 492 702 491 
2291 497 699 496 
2292 412 1685 411 
2293 413 588 412 
2294 421 698 420 
2295 423 625 422 
2296 416 697 415 
2297 410 677 409 
2298 429 1695 428 
2299 418 577 417 
2300 415 1688 414 
2301 489 1689 488 
2302 417 1691 416 
2303 484 1698 483 
2304 414 1694 413 
2305 493 1677 492 
2306 491 1693 490 
2307 498 1696 497 
2308 503 1697 502 
2309 965 2122 966 
2310 518 687 517 
2311 943 2123 942 
2312 1374 2181 1083 
2313 1168 2276 1166 
2314 1990 2092 2074 
2315 1350 2254 1518 
2316 1342 2331 1969 
2317 1586 2125 1585 
2318 1615 2310 1463 
2319 2119 2142 1462 
2320 896 2341 1348 
2321 466 1641 639 
2322 538 1614 640 
2323 639 1642 465 
2324 640 1673 537 
2325 1375 2097 1790 
2326 1063 2186 1755 
2327 934 2313 931 
2328 867 868 865 
2329 636 2039 1521 
2330 635 2038 1541 
2331 1012 2131 1267 
2332 461 1650 460 
2333 533 1632 532 
2334 859 2345 858 
2335 869 870 868 
2336 937 938 935 
2337 1938 1939 1843 
2338 518 1633 687 
2339 687 1699 517 
2340 955 2268 954 
2341 839 2375 1523 
2342 1597 2215 1525 
2343 1853 1906 1496 
2344 861 863 862 
2345 1256 2358 987 
2346 451 690 450 
2347 523 683 522 
2348 805 1773 591 
2349 933 1886 936 
2350 688 2048 1613 
2351 829 2185 827 
2352 1328 1977 1329 
2353 1014 1015 1013 
2354 1947 2353 605 
2355 1499 2096 1177 
2356 1931 2231 1472 
2357 591 1025 313 
2358 824 839 823 
2359 244 1757 572 
2360 1645 1797 437 
2361 1461 2295 1734 
2362 460 1650 693 
2363 532 1632 688 
2364 631 1650 461 
2365 632 1632 533 
2366 1309 1311 1310 
2367 1640 1701 1676 
2368 1322 2067 1675 
2369 1175 1176 1161 
2370 1358 2202 1059 
2371 41 1747 571 
2372 436 1797 675 
2373 986 1004 802 
2374 1920 2298 1479 
2375 456 691 455 
2376 528 685 527 
2377 1636 1655 1638 
2378 451 1702 690 
2379 690 1656 450 
2380 523 1625 683 
2381 683 1701 522 
2382 1037 1605 1035 
2383 1675 1676 1494 
2384 1250 1251 1249 
2385 1707 1733 1146 
2386 1704 1901 590 
2387 1122 2388 1464 
2388 824 841 840 
2389 1495 2227 1582 
2390 1178 2130 911 
2391 877 878 876 
2392 855 2041 860 
2393 1156 2319 1612 
2394 1823 2103 1728 
2395 1398 1399 1397 
2396 913 1751 1551 
2397 1150 1151 1044 
2398 1461 1734 712 
2399 1289 2348 1287 
2400 1356 1802 1713 
2401 1214 1215 1213 
2402 691 1654 455 
2403 528 1624 685 
2404 456 1706 691 
2405 685 1705 527 
2406 627 2000 1708 
2407 845 1434 847 
2408 1978 2363 1684 
2409 1135 2104 797 
2410 1136 2103 788 
2411 811 1834 812 
2412 1212 1213 1171 
2413 1755 1827 1563 
2414 1553 1786 1139 
2415 1322 2152 2067 
2416 945 948 947 
2417 838 1792 916 
2418 430 1678 682 
2419 488 1689 700 
2420 1688 1694 414 
2421 1685 1686 411 
2422 423 1680 625 
2423 482 1682 678 
2424 701 1680 424 
2425 410 1686 677 
2426 588 1685 412 
2427 681 1679 501 
2428 649 1681 426 
2429 485 1690 587 
2430 497 1696 699 
2431 425 1681 701 
2432 587 1698 484 
2433 577 1691 417 
2434 702 1693 491 
2435 697 1688 415 
2436 416 1691 697 
2437 492 1677 702 
2438 682 1695 429 
2439 578 1689 489 
2440 413 1694 588 
2441 483 1698 1682 
2442 650 1696 498 
2443 490 1693 578 
2444 502 1697 681 
2445 633 1943 1843 
2446 1792 2250 916 
2447 583 1990 1733 
2448 1846 1974 1107 
2449 949 1506 947 
2450 871 872 870 
2451 1361 2259 1057 
2452 941 942 939 
2453 768 2180 1803 
2454 1460 1461 712 
2455 1929 2202 2154 
2456 420 1758 419 
2457 1303 1548 1304 
2458 2168 2331 2169 
2459 804 932 931 
2460 875 877 876 
2461 1456 1918 1448 
2462 841 843 842 
2463 1324 1550 1215 
2464 437 1797 436 
2465 1488 1786 1669 
2466 743 1778 557 
2467 1476 1843 1842 
2468 673 1924 1871 
2469 1421 2089 1814 
2470 646 984 212 
2471 645 985 9 
2472 2094 2288 2015 
2473 1469 1470 1401 
2474 1513 1723 1094 
2475 1365 2251 1463 
2476 621 2257 1867 
2477 976 979 977 
2478 937 2309 1880 
2479 561 1460 711 
2480 562 1768 713 
2481 1333 2230 997 
2482 945 946 943 
2483 618 1856 514 
2484 1255 2289 888 
2485 841 842 840 
2486 1649 1654 1298 
2487 1222 2151 890 
2488 1133 1892 1889 
2489 1134 1891 1888 
2490 1126 1736 1608 
2491 1646 1874 446 
2492 445 1874 689 
2493 940 941 939 
2494 962 1847 955 
2495 841 2118 1508 
2496 875 2357 883 
2497 1437 1438 1436 
2498 1058 1726 1221 
2499 1307 2380 1449 
2500 591 1773 1026 
2501 1778 2374 734 
2502 2214 2256 577 
2503 428 1790 427 
2504 2030 2116 837 
2505 591 1026 1025 
2506 1262 2343 1543 
2507 1849 1890 1848 
2508 1838 2136 799 
2509 974 976 975 
2510 1049 1543 1447 
2511 1232 1674 1115 
2512 427 1790 649 
2513 1695 1790 428 
2514 1168 1983 1672 
2515 1066 2068 1068 
2516 1048 2295 1497 
2517 1851 2213 1849 
2518 2074 2092 779 
2519 1559 2256 1138 
2520 244 2226 1757 
2521 135 1828 603 
2522 513 1856 684 
2523 1617 2215 632 
2524 589 1932 1929 
2525 1254 1769 1692 
2526 1076 1078 1077 
2527 41 2221 1747 
2528 1028 1607 915 
2529 1512 2368 1194 
2530 1023 1291 1280 
2531 936 937 935 
2532 1031 1756 1029 
2533 806 1773 805 
2534 1546 2005 944 
2535 1998 2047 887 
2536 947 1506 957 
2537 1525 1526 1524 
2538 1069 1072 1071 
2539 959 1477 961 
2540 1156 1246 1155 
2541 951 953 949 
2542 980 1542 1129 
2543 895 2206 898 
2544 1154 1155 1153 
2545 804 931 930 
2546 1152 1153 1151 
2547 1699 1775 1557 
2548 1908 2266 673 
2549 645 1134 985 
2550 646 1133 984 
2551 1013 2282 1012 
2552 1103 2244 1893 
2553 980 1129 1048 
2554 1169 1735 1668 
2555 1411 1413 1412 
2556 1329 2349 1328 
2557 1247 1524 1246 
2558 1666 1767 1172 
2559 843 845 844 
2560 1717 1740 1235 
2561 723 2052 1606 
2562 503 1753 1697 
2563 431 1754 1678 
2564 933 935 934 
2565 1292 2117 1765 
2566 1679 1814 500 
2567 499 1814 650 
2568 711 712 553 
2569 713 714 554 
2570 558 732 731 
2571 557 734 733 
2572 1930 2173 1851 
2573 1552 2068 953 
2574 1421 2337 2089 
2575 1843 1943 776 
2576 1528 1815 1527 
2577 944 945 943 
2578 901 1915 1520 
2579 873 874 872 
2580 1742 1923 1173 
2581 1207 1236 1235 
2582 1107 1965 1806 
2583 1543 1896 1447 
2584 1522 2364 977 
2585 1618 1653 1652 
2586 996 1303 1211 
2587 495 1831 626 
2588 699 1831 496 
2589 617 1668 1667 
2590 580 1788 1646 
2591 1413 1415 1414 
2592 1192 2202 1929 
2593 1866 2159 770 
2594 953 1981 1506 
2595 581 1956 1913 
2596 1486 2086 1111 
2597 1912 1913 1911 
2598 861 2283 1995 
2599 1616 1673 640 
2600 1656 1657 1647 
2601 1778 2102 1439 
2602 1514 2312 1821 
2603 832 835 834 
2604 1928 1929 773 
2605 504 1753 503 
2606 432 1754 431 
2607 1682 1698 1684 
2608 1929 2154 589 
2609 1024 2139 1934 
2610 689 1621 1620 
2611 692 1759 1641 
2612 932 933 931 
2613 1863 2159 1320 
2614 1215 1962 1213 
2615 1665 1666 641 
2616 500 1814 499 
2617 1894 1936 1785 
2618 1072 1074 1073 
2619 867 869 868 
2620 601 1752 1625 
2621 1661 1672 1045 
2622 1913 2177 1489 
2623 1329 2222 2127 
2624 1362 1887 1350 
2625 593 2166 1799 
2626 1303 2228 1548 
2627 446 1874 445 
2628 827 2185 1543 
2629 623 1789 1624 
2630 1530 1994 1532 
2631 1746 2019 663 
2632 1314 1495 1313 
2633 1527 1826 1526 
2634 1848 1890 664 
2635 1186 1714 1188 
2636 698 2311 1669 
2637 1669 2311 625 
2638 1687 1777 1224 
2639 1074 1076 1075 
2640 979 1542 980 
2641 1583 2369 1189 
2642 675 1713 1662 
2643 1202 1722 1205 
2644 1729 1823 1653 
2645 1177 1533 1176 
2646 998 999 671 
2647 950 951 949 
2648 1566 1881 1539 
2649 698 1758 420 
2650 843 844 842 
2651 1594 1801 1114 
2652 709 1989 251 
2653 707 1988 48 
2654 1505 1996 885 
2655 1139 1786 1544 
2656 898 2200 899 
2657 1545 1712 1058 
2658 1016 1066 1019 
2659 109 998 671 
2660 1883 2245 1382 
2661 496 1831 495 
2662 1286 1288 1287 
2663 850 2366 1545 
2664 1093 2307 1582 
2665 997 2230 995 
2666 886 2225 1609 
2667 1432 2139 1281 
2668 2127 2349 1329 
2669 1520 1977 901 
2670 588 1776 1685 
2671 681 1783 1679 
2672 1577 1578 1576 
2673 1571 1572 1570 
2674 1812 2150 1330 
2675 1704 2330 1383 
2676 1691 1692 697 
2677 1681 1738 701 
2678 514 1856 513 
2679 1724 2161 836 
2680 1564 1744 927 
2681 1562 1743 813 
2682 1636 1638 1637 
2683 903 2096 1499 
2684 1662 1802 1046 
2685 921 2308 1305 
2686 578 1812 1689 
2687 88 2076 615 
2688 1140 1849 1848 
2689 1182 1961 1485 
2690 2044 2074 779 
2691 1614 1615 640 
2692 2230 2280 995 
2693 572 1757 1756 
2694 1336 1976 1840 
2695 486 1973 1690 
2696 700 1973 487 
2697 1232 2006 1674 
2698 1230 2177 1913 
2699 1682 1684 1683 
2700 1107 1974 1965 
2701 676 1737 1661 
2702 774 2332 1919 
2703 1337 1969 1839 
2704 1534 1537 1536 
2705 937 939 938 
2706 1002 2378 1591 
2707 1465 2263 731 
2708 1236 1717 1235 
2709 1239 2102 1717 
2710 1484 2220 1941 
2711 1035 2221 715 
2712 1640 1676 1675 
2713 996 2336 1303 
2714 1827 1845 603 
2715 1209 1299 1208 
2716 1238 1240 1239 
2717 710 1719 1336 
2718 1424 1473 1472 
2719 1128 2018 619 
2720 2018 2327 619 
2721 1234 1712 1142 
2722 845 847 846 
2723 1029 2226 717 
2724 1464 2288 2075 
2725 966 1876 973 
2726 1294 1295 1293 
2727 1433 2340 849 
2728 941 943 942 
2729 1089 1392 1391 
2730 651 2386 1743 
2731 652 2387 1744 
2732 1330 2150 2077 
2733 1565 1567 1184 
2734 433 2219 203 
2735 505 2218 406 
2736 945 947 946 
2737 694 1767 1665 
2738 480 1763 479 
2739 408 1764 407 
2740 515 2236 618 
2741 1699 2236 516 
2742 1581 2068 1066 
2743 813 2326 600 
2744 927 2325 597 
2745 848 2366 850 
2746 1137 2162 1041 
2747 555 1839 716 
2748 556 1840 718 
2749 1625 1626 683 
2750 1758 2214 419 
2751 1287 2348 1504 
2752 776 1899 1842 
2753 922 1305 1197 
2754 638 1513 1094 
2755 1400 1449 1397 
2756 1537 1539 1538 
2757 884 2373 925 
2758 1590 1938 1476 
2759 845 846 844 
2760 1468 2377 2037 
2761 789 803 788 
2762 798 801 797 
2763 1264 2239 1265 
2764 648 1979 1643 
2765 1615 1616 640 
2766 624 1982 1706 
2767 1682 1683 678 
2768 1686 1687 677 
2769 875 876 874 
2770 1516 2392 1884 
2771 1641 1761 639 
2772 1651 1780 647 
2773 1635 1779 648 
2774 1419 2199 1458 
2775 634 1944 1902 
2776 1803 2180 1804 
2777 810 1844 1353 
2778 647 1980 1631 
2779 1163 2086 1486 
2780 1803 1804 1358 
2781 742 1401 1398 
2782 1629 1630 676 
2783 1376 2303 1663 
2784 1882 2042 1837 
2785 978 1795 976 
2786 1196 1520 1195 
2787 1473 1475 1474 
2788 1557 2236 1699 
2789 1467 2275 553 
2790 1469 2274 554 
2791 552 2264 1671 
2792 1118 1718 1593 
2793 1589 1938 1590 
2794 1964 2060 1935 
2795 1714 2090 1715 
2796 1539 1881 1538 
2797 1747 2221 1035 
2798 1409 1551 1544 
2799 934 2253 1826 
2800 2087 2212 1539 
2801 1066 1068 1067 
2802 1172 1811 1666 
2803 1803 2126 768 
2804 1902 2101 634 
2805 844 2340 2066 
2806 571 1747 1605 
2807 1657 2285 2121 
2808 900 2341 897 
2809 1341 2172 1440 
2810 1757 2226 1029 
2811 685 2184 1705 
2812 1677 2196 1532 
2813 1741 1987 606 
2814 1377 1378 1311 
2815 1541 1710 1316 
2816 1021 1022 1020 
2817 996 997 995 
2818 1689 1813 700 
2819 679 1729 1618 
2820 1442 1443 1180 
2821 1548 1549 1304 
2822 1590 2390 932 
2823 849 2340 846 
2824 948 949 947 
2825 203 2219 432 
2826 406 2218 504 
2827 1636 1637 662 
2828 738 1922 1742 
2829 1981 2010 1009 
2830 2140 2392 1517 
2831 1040 1086 1085 
2832 1948 2370 1600 
2833 1132 1408 1407 
2834 1365 2313 2251 
2835 1452 1453 732 
2836 1409 1544 1488 
2837 678 2189 481 
2838 1667 1735 694 
2839 1515 1893 1854 
2840 1276 1277 1275 
2841 1784 1845 1446 
2842 1554 2256 2214 
2843 585 2042 1882 
2844 690 1748 1656 
2845 658 2220 1946 
2846 1130 1250 1249 
2847 639 1762 1642 
2848 1477 2153 965 
2849 1603 2137 1256 
2850 1685 1777 1686 
2851 1486 1791 1592 
2852 1078 1846 1107 
2853 812 1834 1220 
2854 822 826 825 
2855 700 2391 1973 
2856 1744 2325 927 
2857 1743 2326 813 
2858 682 1984 1695 
2859 697 1769 1688 
2860 1652 1727 661 
2861 1127 2269 2078 
2862 990 2041 1286 
2863 1799 1800 1425 
2864 1540 2212 2087 
2865 1939 1985 633 
2866 1001 1891 645 
2867 1000 1892 646 
2868 1004 2308 1674 
2869 1946 2220 1663 
2870 1705 2184 1360 
2871 641 1732 1645 
2872 696 1770 1627 
2873 1465 1466 710 
2874 1763 2249 1145 
2875 1764 2248 1144 
2876 1467 1468 740 
2877 1804 2356 589 
2878 1404 2116 1400 
2879 746 1454 1451 
2880 1578 1579 1576 
2881 1572 1573 1570 
2882 869 871 870 
2883 1640 1675 579 
2884 708 1338 1337 
2885 720 1371 1370 
2886 722 1426 1373 
2887 1392 1394 1393 
2888 1846 1975 1974 
2889 939 2021 938 
2890 826 828 827 
2891 1697 1983 681 
2892 1396 1397 750 
2893 1405 1428 748 
2894 2078 2178 1127 
2895 1643 1760 692 
2896 1432 1792 1119 
2897 1440 1793 1341 
2898 1240 1510 1241 
2899 1645 2368 1797 
2900 1878 1946 1663 
2901 1086 1088 1087 
2902 1620 1730 617 
2903 672 995 300 
2904 1171 1998 1051 
2905 626 2196 494 
2906 493 2196 1677 
2907 665 1885 1021 
2908 1611 1612 623 
2909 1622 1623 624 
2910 1180 2143 1179 
2911 1290 1773 806 
2912 1468 2037 740 
2913 1526 2253 938 
2914 1528 2215 1617 
2915 1133 1957 1571 
2916 1134 1958 1577 
2917 975 2223 972 
2918 1069 1967 1072 
2919 1871 1924 1333 
2920 418 2214 577 
2921 1070 2384 1331 
2922 1646 2281 1874 
2923 1408 1551 1409 
2924 1379 1380 1378 
2925 828 830 829 
2926 1139 1751 1110 
2927 1394 1423 1395 
2928 1016 1581 1066 
2929 754 1357 1264 
2930 716 1036 1035 
2931 718 1030 1029 
2932 421 2311 698 
2933 625 2311 422 
2934 392 2018 668 
2935 789 804 803 
2936 798 802 801 
2937 1110 1418 1065 
2938 112 2000 627 
2939 830 832 831 
2940 1605 1747 1035 
2941 1776 2160 1386 
2942 841 2204 2118 
2943 1111 2086 1018 
2944 910 1545 1058 
2945 1462 2142 1117 
2946 824 2204 841 
2947 1496 2257 1853 
2948 718 1840 1032 
2949 716 1839 1038 
2950 938 2253 935 
2951 794 2144 792 
2952 785 2145 783 
2953 791 793 792 
2954 782 784 783 
2955 885 1996 873 
2956 584 2013 320 
2957 1510 1793 1241 
2958 1186 1187 728 
2959 1179 1181 730 
2960 760 814 813 
2961 758 928 927 
2962 1202 1203 756 
2963 1309 1310 1098 
2964 1129 1670 1130 
2965 1692 2091 1254 
2966 953 2068 1981 
2967 1125 2029 1124 
2968 1666 1811 1732 
2969 1123 1124 806 
2970 808 1122 1121 
2971 1014 1581 1016 
2972 812 1218 1128 
2973 810 1343 1127 
2974 1084 1175 1161 
2975 1443 1993 1881 
2976 1352 1821 1820 
2977 487 1973 486 
2978 1121 2076 670 
2979 1361 2389 1872 
2980 1672 1737 1168 
2981 1663 2303 1878 
2982 1427 2244 1092 
2983 706 1832 401 
2984 705 1835 198 
2985 789 1588 804 
2986 1500 2277 1105 
2987 311 1025 666 
2988 863 1995 866 
2989 204 2300 478 
2990 1 2301 550 
2991 1004 2371 802 
2992 1897 1993 613 
2993 1572 1574 1573 
2994 1578 1580 1579 
2995 1554 2214 1758 
2996 1480 1726 1234 
2997 763 1964 1935 
2998 1263 2343 1262 
2999 1650 2133 1482 
3000 1733 2057 583 
3001 992 1113 1060 
3002 1653 1823 1728 
3003 1130 1670 1250 
3004 746 2265 1455 
3005 1795 1796 979 
3006 1664 2049 642 
3007 1558 2365 1556 
3008 1884 2189 678 
3009 933 2390 1886 
3010 1174 1725 1586 
3011 1181 1182 730 
3012 1187 1189 728 
3013 758 1002 928 
3014 1203 1204 756 
3015 1722 2260 2098 
3016 818 821 820 
3017 864 2205 1091 
3018 1422 2278 1223 
3019 866 2321 1540 
3020 708 1339 1338 
3021 857 1100 912 
3022 718 1032 1030 
3023 716 1038 1036 
3024 1945 2111 1507 
3025 1881 1993 1897 
3026 645 1891 1134 
3027 646 1892 1133 
3028 772 1909 1809 
3029 1371 1825 1372 
3030 1592 2089 1420 
3031 861 1995 863 
3032 1654 2040 1298 
3033 2079 2194 787 
3034 883 1857 891 
3035 995 2280 298 
3036 1553 2361 1786 
3037 1804 2154 1358 
3038 871 873 872 
3039 1494 1937 1158 
3040 1800 2166 334 
3041 812 1220 1218 
3042 810 1353 1343 
3043 1080 1505 1082 
3044 656 2062 1577 
3045 655 2061 1571 
3046 1124 1290 806 
3047 1631 1877 686 
3048 1649 1765 602 
3049 746 1455 1454 
3050 1039 1137 1041 
3051 666 2099 1061 
3052 1437 1959 1438 
3053 1625 1752 1626 
3054 1217 1437 1436 
3055 814 837 816 
3056 821 824 823 
3057 1143 1798 1384 
3058 722 1485 1426 
3059 1544 1786 1488 
3060 952 2267 956 
3061 1661 1737 1672 
3062 1104 1766 924 
3063 1399 1400 1397 
3064 1397 1449 750 
3065 1755 2186 1445 
3066 579 2067 1633 
3067 1665 1767 1666 
3068 873 875 874 
3069 1759 1761 1641 
3070 1533 1720 1534 
3071 1140 1850 1849 
3072 1713 1802 1662 
3073 726 2241 1716 
3074 1855 1923 1742 
3075 1113 1796 1795 
3076 662 2293 1634 
3077 1449 2380 750 
3078 1656 1748 1657 
3079 661 2292 1619 
3080 1717 2102 744 
3081 1583 1819 720 
3082 1234 1726 1712 
3083 1115 2308 921 
3084 1812 1813 1689 
3085 1175 1177 1176 
3086 1919 2332 1920 
3087 665 1020 97 
3088 968 1966 1511 
3089 793 794 792 
3090 784 785 783 
3091 1809 1895 1263 
3092 657 2111 1945 
3093 1251 1314 1313 
3094 796 798 797 
3095 787 789 788 
3096 2120 2169 1342 
3097 1062 1858 1386 
3098 1411 1412 1231 
3099 1399 1403 1402 
3100 1694 2160 588 
3101 1776 1777 1685 
3102 1856 2365 684 
3103 1218 1219 1128 
3104 1151 2046 1044 
3105 962 2129 1975 
3106 1123 1125 1124 
3107 1064 1433 906 
3108 1837 1950 1882 
3109 1756 1757 1029 
3110 725 2252 1442 
3111 1534 1720 1537 
3112 946 2123 943 
3113 1463 2251 1615 
3114 1692 1769 697 
3115 681 1983 1783 
3116 908 1772 1053 
3117 860 2041 990 
3118 1668 1735 1667 
3119 818 2070 821 
3120 1489 2358 1256 
3121 1914 2290 581 
3122 1371 1372 1370 
3123 1823 2135 800 
3124 1881 1897 1538 
3125 793 796 795 
3126 784 787 786 
3127 479 2300 204 
3128 407 2301 1 
3129 1714 1715 1188 
3130 1408 2148 1551 
3131 758 2378 1002 
3132 1608 2029 1126 
3133 1618 1729 1653 
3134 1189 2369 728 
3135 1327 2349 2127 
3136 1051 1998 907 
3137 1908 2389 616 
3138 935 2253 934 
3139 1088 1818 1089 
3140 1319 2006 1232 
3141 748 2056 1591 
3142 1079 1513 638 
3143 2172 2374 1440 
3144 399 1832 653 
3145 196 1835 654 
3146 1279 1294 1293 
3147 938 2021 1524 
3148 691 2040 1654 
3149 684 2085 1664 
3150 1177 2096 1533 
3151 1732 1811 1194 
3152 1965 1974 1381 
3153 1036 2331 2168 
3154 1303 1304 1211 
3155 1454 2197 1452 
3156 1274 1982 1623 
3157 1038 2331 1036 
3158 1766 2341 900 
3159 786 800 785 
3160 795 799 794 
3161 1779 1979 648 
3162 1123 2012 1125 
3163 1021 1723 1023 
3164 1036 1037 1035 
3165 1030 1031 1029 
3166 1780 1980 647 
3167 628 2230 1924 
3168 1971 2213 2173 
3169 1799 2166 1800 
3170 889 2148 1772 
3171 1190 1191 1189 
3172 1206 1207 1204 
3173 973 1876 1830 
3174 1653 1727 1652 
3175 826 836 828 
3176 1055 1056 1033 
3177 1435 2353 2126 
3178 1772 2148 1408 
3179 1686 1777 1687 
3180 46 1988 555 
3181 249 1989 556 
3182 1219 2017 1128 
3183 1340 1342 1338 
3184 1305 1824 1197 
3185 1030 2201 1031 
3186 1840 1976 1032 
3187 1785 1896 1895 
3188 1889 2136 1957 
3189 1888 2135 1958 
3190 1209 1739 1299 
3191 1243 2120 1749 
3192 1839 1969 1038 
3193 2273 2362 1414 
3194 1021 1023 1022 
3195 928 1003 927 
3196 1202 1205 1203 
3197 814 815 813 
3198 869 1499 871 
3199 1178 1851 1850 
3200 1241 1793 1440 
3201 1481 2355 920 
3202 1407 2359 1738 
3203 666 1061 308 
3204 1250 1724 1251 
3205 1186 1188 1187 
3206 1630 1737 676 
3207 1095 1900 1444 
3208 996 1211 997 
3209 1872 2389 1908 
3210 627 1999 998 
3211 617 1730 1668 
3212 1258 1607 1028 
3213 1032 1034 1033 
3214 853 1750 823 
3215 800 1888 785 
3216 799 1889 794 
3217 728 2369 727 
3218 1413 1414 1412 
3219 100 1885 665 
3220 1237 1238 1236 
3221 1734 2295 1248 
3222 1311 1598 1310 
3223 1550 2285 1297 
3224 596 1925 1820 
3225 1295 2342 1345 
3226 2089 2337 1420 
3227 1666 1732 641 
3228 1638 1639 1637 
3229 1674 2371 1004 
3230 680 1869 1655 
3231 998 1999 999 
3232 1213 1962 1317 
3233 760 2115 759 
3234 603 1828 1827 
3235 692 1760 1759 
3236 1829 2289 1255 
3237 1181 1184 1183 
3238 1941 2220 658 
3239 1197 1824 1441 
3240 1415 1481 1414 
3241 1476 1938 1843 
3242 1044 2046 969 
3243 701 2359 1680 
3244 1621 1730 1620 
3245 1296 2342 1295 
3246 597 2114 758 
3247 600 2115 760 
3248 1677 2346 702 
3249 1595 2025 1959 
3250 1944 2192 1902 
3251 291 1908 616 
3252 1616 2054 1815 
3253 1050 2317 1172 
3254 1627 2119 631 
3255 1735 1767 694 
3256 671 1079 107 
3257 301 1193 672 
3258 1219 1965 1721 
3259 1423 2073 1424 
3260 1532 2110 1677 
3261 1220 1834 1833 
3262 830 833 832 
3263 613 1952 1897 
3264 1412 2362 1782 
3265 1927 2173 1928 
3266 1612 1789 623 
3267 1339 1341 1340 
3268 2098 2260 1493 
3269 1761 1762 639 
3270 1799 2338 593 
3271 1096 2194 1521 
3272 291 2266 1908 
3273 602 2117 1702 
3274 881 2191 894 
3275 683 1949 1701 
3276 1099 1994 1530 
3277 1034 1195 1055 
3278 677 2020 409 
3279 1634 2293 1369 
3280 1643 1979 1760 
3281 1324 2285 1550 
3282 1619 2292 1367 
3283 1447 1896 1785 
3284 836 2161 2045 
3285 1443 1881 1566 
3286 1786 2361 1669 
3287 1853 2257 621 
3288 564 2003 1807 
3289 599 1923 1855 
3290 957 1506 1007 
3291 1273 1276 1275 
3292 833 1836 832 
3293 1821 1955 596 
3294 1485 1961 1284 
3295 1614 2310 1615 
3296 1703 1934 808 
3297 1387 2036 1302 
3298 1817 2287 1056 
3299 702 2077 1693 
3300 1191 2095 1819 
3301 1438 2098 1493 
3302 1314 1561 1495 
3303 578 2150 1812 
3304 820 1750 822 
3305 1036 2168 1039 
3306 1973 2391 1594 
3307 1623 1982 624 
3308 1691 2335 1692 
3309 1573 2249 1570 
3310 1579 2248 1576 
3311 1867 2231 769 
3312 1200 1970 1245 
3313 1854 1893 622 
3314 1638 1869 1838 
3315 1011 1014 1013 
3316 1642 2165 696 
3317 1298 1765 1649 
3318 1819 2095 1371 
3319 1756 1887 1362 
3320 1443 1565 1180 
3321 1466 1719 710 
3322 1996 2357 875 
3323 586 2245 1883 
3324 1194 2368 1732 
3325 1402 1404 1400 
3326 816 817 815 
3327 1093 1419 1003 
3328 1039 1040 1037 
3329 610 2051 1179 
3330 609 2050 1186 
3331 1110 1751 1418 
3332 814 2030 837 
3333 1734 2279 1468 
3334 1762 2165 1642 
3335 1631 1980 1877 
3336 1820 1972 1351 
3337 1681 2318 1738 
3338 790 2082 1316 
3339 781 2081 1315 
3340 1439 2374 1778 
3341 1286 2041 1509 
3342 569 2213 1971 
3343 1317 1998 1171 
3344 1589 1940 1939 
3345 174 1852 173 
3346 377 1855 376 
3347 1068 1967 1069 
3348 818 819 817 
3349 1547 1818 1088 
3350 753 2058 1208 
3351 755 2059 1202 
3352 1844 2284 1353 
3353 1895 1896 1263 
3354 1251 1724 1314 
3355 2047 2225 886 
3356 1919 1920 1479 
3357 1566 2212 1567 
3358 231 1862 230 
3359 381 1860 380 
3360 28 1864 27 
3361 233 1866 232 
3362 30 1867 29 
3363 230 630 229 
3364 27 629 26 
3365 2099 2100 1548 
3366 820 822 819 
3367 1109 2091 1559 
3368 1669 2361 698 
3369 1610 2170 679 
3370 1644 2171 680 
3371 232 770 231 
3372 29 769 28 
3373 177 766 176 
3374 380 765 379 
3375 1381 1974 1380 
3376 1294 1296 1295 
3377 383 586 382 
3378 180 585 179 
3379 1023 1024 1022 
3380 382 1883 381 
3381 179 1882 178 
3382 1683 2363 1112 
3383 1632 2048 688 
3384 1664 2085 2049 
3385 1968 2298 570 
3386 1339 2172 1341 
3387 1675 2067 579 
3388 1308 2203 2023 
3389 1546 1547 1088 
3390 1745 2007 652 
3391 1184 2143 1565 
3392 1211 1332 997 
3393 822 2155 826 
3394 1056 2287 1518 
3395 176 1868 175 
3396 379 1865 378 
3397 1265 2239 1459 
3398 1924 2271 628 
3399 1626 1949 683 
3400 1032 1976 1034 
3401 1671 2172 1339 
3402 228 775 227 
3403 181 1879 180 
3404 25 776 24 
3405 384 1878 383 
3406 1281 2139 1024 
3407 1371 2095 1825 
3408 1124 2029 1608 
3409 1332 1870 1333 
3410 229 1898 228 
3411 26 1899 25 
3412 1213 1317 1171 
3413 1602 2281 1214 
3414 1693 2150 578 
3415 672 996 995 
3416 1470 1731 1401 
3417 1307 2030 760 
3418 1276 1502 1277 
3419 1935 2060 1416 
3420 2106 2262 833 
3421 1361 2108 1873 
3422 1294 1771 1296 
3423 1246 1859 1155 
3424 1072 1967 1385 
3425 1280 1281 1024 
3426 638 1094 102 
3427 920 2355 2199 
3428 1321 2376 1587 
3429 1026 2099 1025 
3430 580 2121 1788 
3431 821 2204 824 
3432 234 622 233 
3433 31 621 30 
3434 378 599 377 
3435 175 598 174 
3436 1722 2098 1205 
3437 1586 2234 2125 
3438 1391 2328 2163 
3439 1443 1566 1565 
3440 1889 1957 1133 
3441 1888 1958 1134 
3442 1657 2121 1647 
3443 1647 2121 580 
3444 1982 2238 1706 
3445 1797 2368 1512 
3446 1543 2185 1262 
3447 642 2055 1628 
3448 679 2170 1729 
3449 1153 1334 1151 
3450 1770 2119 1627 
3451 1076 1229 1078 
3452 1489 2177 1101 
3453 1633 2152 687 
3454 696 2165 1770 
3455 976 1795 979 
3456 1442 1993 1443 
3457 1401 2014 1398 
3458 1561 1750 853 
3459 1207 1237 1236 
3460 1444 1900 1775 
3461 279 1901 278 
3462 665 1021 1020 
3463 2199 2375 920 
3464 682 2382 1984 
3465 670 2229 808 
3466 1827 1828 1563 
3467 619 2233 812 
3468 620 2232 810 
3469 33 1906 32 
3470 236 1903 235 
3471 784 2079 787 
3472 793 2080 796 
3473 1065 1829 925 
3474 669 2320 1123 
3475 821 823 820 
3476 1072 1385 1074 
3477 1972 2286 1351 
3478 178 1950 177 
3479 235 1854 234 
3480 32 1853 31 
3481 306 1808 637 
3482 819 2186 817 
3483 1260 2069 1389 
3484 1208 2034 754 
3485 332 1910 331 
3486 129 1909 128 
3487 1286 1509 1288 
3488 1415 2355 1481 
3489 1825 2095 1522 
3490 808 2229 807 
3491 1137 2169 2024 
3492 631 2133 1650 
3493 330 1911 329 
3494 812 2233 811 
3495 810 2232 809 
3496 823 1750 820 
3497 716 2175 555 
3498 718 2174 556 
3499 1339 1340 1338 
3500 386 658 385 
3501 23 633 22 
3502 183 657 182 
3503 226 634 225 
3504 1598 1599 1310 
3505 1399 2014 1403 
3506 331 771 330 
3507 128 772 127 
3508 1039 2168 1137 
3509 902 2362 2273 
3510 280 590 279 
3511 77 589 76 
3512 1089 1818 1392 
3513 1280 2250 1281 
3514 78 1932 77 
3515 281 1933 280 
3516 282 774 281 
3517 79 773 78 
3518 1919 2124 774 
3519 24 1943 23 
3520 385 1946 384 
3521 182 1945 181 
3522 227 1944 226 
3523 1378 1598 1311 
3524 1289 1916 1731 
3525 988 2130 1850 
3526 1638 1838 1639 
3527 715 2175 716 
3528 717 2174 718 
3529 1473 1886 1475 
3530 1032 1033 1030 
3531 333 593 332 
3532 130 594 129 
3533 1805 2237 563 
3534 1838 1869 1574 
3535 759 2158 1307 
3536 80 1927 79 
3537 1086 1546 1088 
3538 1403 1508 1402 
3539 832 1836 835 
3540 1394 1880 1423 
3541 1181 1183 1182 
3542 1187 1190 1189 
3543 1203 1206 1204 
3544 1492 2379 1261 
3545 1701 1949 1676 
3546 132 1936 131 
3547 1124 1608 1290 
3548 1653 1728 1727 
3549 376 1922 375 
3550 173 1904 172 
3551 925 2072 884 
3552 1925 1972 1820 
3553 796 797 795 
3554 787 788 786 
3555 131 1894 130 
3556 278 1921 277 
3557 903 2087 1720 
3558 1082 1841 1084 
3559 1033 2201 1030 
3560 796 2316 798 
3561 1363 2383 1780 
3562 598 2207 1852 
3563 2251 2313 1366 
3564 125 582 124 
3565 328 581 327 
3566 1817 2179 892 
3567 1098 1875 981 
3568 1399 1402 1400 
3569 1801 1813 1331 
3570 793 795 794 
3571 784 786 785 
3572 387 1941 386 
3573 2067 2152 1633 
3574 1218 1806 1219 
3575 329 1956 328 
3576 1190 1584 1191 
3577 1206 1830 1207 
3578 1336 1989 709 
3579 1337 1988 707 
3580 936 2309 937 
3581 1719 1976 1336 
3582 1765 2117 602 
3583 1539 2212 1566 
3584 478 2300 1145 
3585 550 2301 1144 
3586 71 1917 70 
3587 124 1951 123 
3588 1842 2304 1474 
3589 1034 1055 1033 
3590 1398 2014 1399 
3591 1036 1039 1037 
3592 835 1836 857 
3593 750 2188 749 
3594 748 2187 747 
3595 2121 2285 1324 
3596 1739 1794 1299 
3597 1178 1930 1851 
3598 1184 1185 1183 
3599 932 2390 933 
3600 277 767 276 
3601 74 768 73 
3602 1023 1280 1024 
3603 928 1093 1003 
3604 814 816 815 
3605 1045 2218 505 
3606 1046 2219 433 
3607 1548 2100 1549 
3608 1341 1749 1340 
3609 1655 1869 1638 
3610 1505 1841 1082 
3611 1097 2183 1503 
3612 1060 1861 1217 
3613 1195 1198 1055 
3614 1566 1567 1565 
3615 1113 1861 1060 
3616 1589 1939 1938 
3617 1980 2383 1364 
3618 285 570 284 
3619 82 569 81 
3620 634 2101 1986 
3621 567 2187 748 
3622 1342 1969 1338 
3623 1334 2046 1151 
3624 783 2032 643 
3625 792 2033 644 
3626 1934 2296 1024 
3627 238 1955 237 
3628 35 1954 34 
3629 816 818 817 
3630 1093 1523 1419 
3631 1039 1041 1040 
3632 1822 2291 1459 
3633 81 1971 80 
3634 1183 1961 1182 
3635 818 820 819 
3636 1594 2391 1801 
3637 1556 2365 1856 
3638 703 1763 480 
3639 704 1764 408 
3640 172 737 171 
3641 375 738 374 
3642 237 735 236 
3643 34 736 33 
3644 1349 2164 1352 
3645 1521 2194 1315 
3646 1546 2063 2005 
3647 1474 2304 1931 
3648 1100 2315 912 
3649 873 1996 875 
3650 1731 2014 1401 
3651 690 2302 1748 
3652 1920 2332 283 
3653 516 2236 515 
3654 134 1963 133 
3655 337 1964 336 
3656 1206 2016 1830 
3657 2119 2133 631 
3658 21 778 20 
3659 224 777 223 
3660 833 2262 1836 
3661 276 1948 275 
3662 73 1947 72 
3663 336 763 335 
3664 133 764 132 
3665 2037 2377 1312 
3666 1712 1726 1058 
3667 1899 2304 1842 
3668 2090 2234 1586 
3669 1127 2178 620 
3670 1774 2011 723 
3671 1214 2281 1788 
3672 891 1857 1080 
3673 1576 2248 704 
3674 1570 2249 703 
3675 1338 1969 1337 
3676 286 1968 285 
3677 494 2196 493 
3678 2049 2055 642 
3679 1315 2079 782 
3680 1316 2080 791 
3681 22 1985 21 
3682 225 1986 224 
3683 1810 2138 126 
3684 1877 2310 686 
3685 1862 1863 630 
3686 1864 1931 629 
3687 1005 2149 1174 
3688 1574 2171 1573 
3689 1580 2170 1579 
3690 1710 2316 796 
3691 1299 2034 1208 
3692 1549 2360 1736 
3693 1900 2182 1775 
3694 1680 2359 1487 
3695 2077 2150 1693 
3696 1555 2182 1266 
3697 1580 1823 1729 
3698 105 1079 638 
3699 637 1193 303 
3700 565 2265 746 
3701 1874 2281 1602 
3702 1924 2230 1333 
3703 1557 2182 1555 
3704 1282 2101 1902 
3705 673 2272 1924 
3706 1833 2009 1220 
3707 1807 2294 1721 
3708 1591 2157 567 
3709 1331 1813 1812 
3710 680 2171 1869 
3711 766 1950 1837 
3712 171 1952 170 
3713 374 1953 373 
3714 275 606 274 
3715 72 605 71 
3716 588 2160 1776 
3717 1738 2318 1406 
3718 1423 2309 2073 
3719 1773 2339 1026 
3720 419 2214 418 
3721 122 660 121 
3722 325 659 324 
3723 393 2327 2018 
3724 2025 2209 1205 
3725 1687 2278 1422 
3726 1181 2143 1184 
3727 389 564 388 
3728 186 563 185 
3729 749 2217 1396 
3730 747 2216 1405 
3731 1418 1829 1065 
3732 1061 1808 307 
3733 1736 2360 1608 
3734 1301 2055 2049 
3735 1872 2259 1361 
3736 586 2303 2245 
3737 1857 1996 1505 
3738 123 2001 122 
3739 771 1912 1911 
3740 1229 1847 1846 
3741 1904 1905 737 
3742 736 1907 1906 
3743 388 2008 387 
3744 720 1819 1371 
3745 686 2310 1614 
3746 1404 2305 2116 
3747 1860 2023 765 
3748 1927 1928 773 
3749 1960 2029 1125 
3750 1101 2358 1489 
3751 655 1569 207 
3752 656 1575 4 
3753 1913 1956 1911 
3754 2024 2162 1137 
3755 1706 2238 691 
3756 802 2371 929 
3757 1470 2348 1731 
3758 994 2367 905 
3759 1303 2336 2228 
3760 5 2062 656 
3761 208 2061 655 
3762 1929 1932 773 
3763 184 2022 183 
3764 2023 2203 765 
3765 1255 2072 1829 
3766 274 1987 273 
3767 135 603 134 
3768 338 604 337 
3769 1185 2109 1995 
3770 1520 1915 1195 
3771 1428 2056 748 
3772 1084 1841 1175 
3773 691 2238 2040 
3774 1400 2116 1449 
3775 1056 2201 1033 
3776 373 614 372 
3777 239 596 238 
3778 170 613 169 
3779 36 595 35 
3780 85 664 84 
3781 288 663 287 
3782 592 2324 1703 
3783 739 2275 1467 
3784 741 2274 1469 
3785 551 2263 1465 
3786 799 2136 1889 
3787 800 2135 1888 
3788 1878 2303 586 
3789 1746 2108 1221 
3790 1572 2136 1574 
3791 1578 2135 1580 
3792 1031 1887 1756 
3793 1671 2264 733 
3794 643 2032 14 
3795 644 2033 217 
3796 857 1836 1100 
3797 2117 2302 1702 
3798 287 2019 286 
3799 1575 1576 704 
3800 1569 1570 703 
3801 999 2224 671 
3802 222 635 221 
3803 390 2003 389 
3804 187 2004 186 
3805 19 636 18 
3806 1174 2149 1725 
3807 604 2060 1964 
3808 742 2246 741 
3809 740 2247 739 
3810 708 2242 552 
3811 710 2243 551 
3812 1310 1875 1098 
3813 422 2311 421 
3814 1022 2324 1020 
3815 560 2246 742 
3816 559 2247 740 
3817 707 2242 708 
3818 709 2243 710 
3819 2009 2198 1220 
3820 1994 2110 1532 
3821 340 2007 339 
3822 1971 2173 1927 
3823 1001 2145 1891 
3824 1000 2144 1892 
3825 223 2038 222 
3826 20 2039 19 
3827 1064 2195 1433 
3828 1318 1762 1761 
3829 1270 2347 1482 
3830 307 1808 306 
3831 1974 1975 1380 
3832 1229 1846 1078 
3833 917 2299 1798 
3834 909 2151 1858 
3835 339 1942 338 
3836 273 1992 272 
3837 70 1991 69 
3838 1884 2392 607 
3839 807 2314 1703 
3840 1217 1861 1437 
3841 1542 2106 1129 
3842 1226 2284 1659 
3843 1079 2224 1513 
3844 1502 1997 1277 
3845 38 2011 37 
3846 1524 2021 1246 
3847 1148 2181 1560 
3848 846 2340 844 
3849 1703 2314 592 
3850 323 780 322 
3851 86 2015 85 
3852 120 779 119 
3853 1565 2143 1180 
3854 1543 2343 1896 
3855 1080 1857 1505 
3856 2114 2378 758 
3857 1387 2346 2110 
3858 240 1925 239 
3859 37 1926 36 
3860 1519 1991 1917 
3861 1828 2176 1563 
3862 826 2155 836 
3863 324 2043 323 
3864 121 2044 120 
3865 1283 2316 1710 
3866 1837 2042 1227 
3867 1721 1965 1381 
3868 1277 1997 1279 
3869 1806 1965 1219 
3870 1317 2047 1998 
3871 1880 2128 940 
3872 1009 2010 1011 
3873 1288 2071 1289 
3874 1749 2258 1243 
3875 1206 2209 2016 
3876 985 2062 7 
3877 984 2061 210 
3878 577 2335 1691 
3879 1207 1830 1237 
3880 1452 2127 1453 
3881 1581 2010 1981 
3882 69 751 68 
3883 272 752 271 
3884 750 2380 2188 
3885 796 2080 1710 
3886 768 2126 1947 
3887 817 2186 1063 
3888 1923 2183 1173 
3889 1702 2302 690 
3890 2075 2288 615 
3891 786 2103 800 
3892 795 2104 799 
3893 583 2092 1990 
3894 1040 2063 1086 
3895 2110 2346 1677 
3896 1834 2323 653 
3897 858 2345 1970 
3898 1545 2366 1141 
3899 1571 1957 1572 
3900 1577 1958 1578 
3901 1830 1876 1237 
3902 1224 2278 1687 
3903 2012 2013 584 
3904 1094 1885 101 
3905 668 2018 2017 
3906 583 2057 117 
3907 808 1934 1122 
3908 1796 2315 1100 
3909 1750 2155 822 
3910 1271 2031 1273 
3911 83 2088 82 
3912 615 2076 2075 
3913 1238 2153 1240 
3914 837 2070 816 
3915 1424 2073 1473 
3916 1877 1980 1364 
3917 1497 2295 1461 
3918 1294 1997 1771 
3919 1995 2283 1185 
3920 830 2045 833 
3921 582 2026 1951 
3922 1903 2312 1515 
3923 1025 2099 666 
3924 1869 2171 1574 
3925 1917 2353 1519 
3926 1678 2382 682 
3927 1267 2131 1558 
3928 1811 2317 1052 
3929 836 2352 1724 
3930 649 2318 1681 
3931 1155 2065 1153 
3932 1091 2205 1822 
3933 220 790 219 
3934 17 781 16 
3935 392 668 391 
3936 189 667 188 
3937 1753 2218 1045 
3938 1754 2219 1046 
3939 1113 2315 1796 
3940 809 2322 1844 
3941 1112 2363 1978 
3942 341 652 340 
3943 68 2028 67 
3944 271 2027 270 
3945 138 651 137 
3946 704 2248 1764 
3947 703 2249 1763 
3948 1269 2200 1271 
3949 326 2112 325 
3950 1782 2362 902 
3951 1844 2322 654 
3952 1452 2197 2127 
3953 1725 2149 1354 
3954 1179 2143 1181 
3955 1760 1979 1478 
3956 101 1885 100 
3957 967 2162 2024 
3958 18 2081 17 
3959 188 2083 187 
3960 391 2084 390 
3961 221 2082 220 
3962 1074 2064 1076 
3963 1854 1903 1515 
3964 88 615 87 
3965 321 584 320 
3966 291 616 290 
3967 118 583 117 
3968 1599 1875 1310 
3969 608 2141 201 
3970 607 2140 404 
3971 2001 2002 660 
3972 1183 2156 1961 
3973 1195 1915 1198 
3974 504 2218 1753 
3975 432 2219 1754 
3976 1355 2142 1770 
3977 40 2052 39 
3978 243 2053 242 
3979 992 2315 1113 
3980 126 2138 125 
3981 1710 2080 1316 
3982 2017 2294 668 
3983 836 2045 828 
3984 2188 2380 568 
3985 883 2357 1857 
3986 322 2093 321 
3987 119 2092 118 
3988 87 2094 86 
3989 372 2105 371 
3990 1990 2074 1257 
3991 760 2030 814 
3992 169 2107 168 
3993 1770 2165 1355 
3994 811 2323 1834 
3995 1873 2389 1361 
3996 757 2378 2114 
3997 1788 2281 1646 
3998 370 726 369 
3999 167 725 166 
4000 242 724 241 
4001 39 723 38 
4002 1123 2013 2012 
4003 1185 2156 1183 
4004 1829 2072 925 
4005 1099 2036 1994 
4006 1993 2107 613 
4007 754 2034 1357 
4008 1902 2192 1344 
4009 1537 2087 1539 
4010 2034 2035 1357 
4011 2158 2380 1307 
4012 1458 2199 1417 
4013 2112 2137 659 
4014 2006 2371 1674 
4015 2017 2018 1128 
4016 1162 2259 1872 
4017 1957 2136 1572 
4018 1958 2135 1578 
4019 2083 2270 1529 
4020 912 2315 992 
4021 1966 2258 1511 
4022 1782 2195 1102 
4023 190 2078 189 
4024 67 611 66 
4025 270 612 269 
4026 1798 2208 1384 
4027 564 2297 2008 
4028 1266 2182 1900 
4029 1024 2296 1022 
4030 136 2176 1828 
4031 1279 1997 1294 
4032 2139 2388 1122 
4033 1788 2121 1324 
4034 828 2045 830 
4035 2004 2083 1529 
4036 1041 2063 1040 
4037 1890 2344 664 
4038 1742 1922 1855 
4039 334 2166 333 
4040 1014 2010 1581 
4041 1462 2133 2119 
4042 1106 2198 2009 
4043 1591 2378 2157 
4044 1326 2291 1822 
4045 1129 2106 1670 
4046 2016 2209 2025 
4047 1340 2120 1342 
4048 1777 2210 1224 
4049 1931 2304 629 
4050 1845 1963 603 
4051 1346 2287 1817 
4052 582 2190 2026 
4053 1775 2182 1557 
4054 1914 2137 2112 
4055 1716 2234 2090 
4056 1574 2136 1838 
4057 1102 2195 1064 
4058 1720 2087 1537 
4059 1810 2190 2138 
4060 75 2180 74 
4061 1533 2096 1720 
4062 1738 2359 701 
4063 1442 2107 1993 
4064 1012 2282 2131 
4065 1011 2010 1014 
4066 369 2050 368 
4067 166 2051 165 
4068 1334 2123 2046 
4069 2053 2286 724 
4070 1419 2375 2199 
4071 1237 2122 1238 
4072 1246 2021 1859 
4073 1729 2170 1580 
4074 1417 2355 1415 
4075 199 2141 705 
4076 402 2140 706 
4077 1953 2125 614 
4078 241 2146 240 
4079 269 2058 268 
4080 66 2059 65 
4081 1731 2348 1289 
4082 1126 2367 1736 
4083 1144 2301 1764 
4084 1145 2300 1763 
4085 788 2103 786 
4086 797 2104 795 
4087 782 2079 784 
4088 791 2080 793 
4089 607 2189 1884 
4090 218 644 217 
4091 15 643 14 
4092 894 2191 1771 
4093 1637 2293 662 
4094 1289 2071 1916 
4095 1249 2377 2279 
4096 1086 2063 1546 
4097 1561 2155 1750 
4098 1290 2339 1773 
4099 1273 2031 1276 
4100 1504 2348 1470 
4101 289 2167 288 
4102 605 2353 1917 
4103 1858 2372 1386 
4104 1402 2118 1404 
4105 902 2066 1782 
4106 1934 2139 1122 
4107 555 1988 1839 
4108 556 1989 1840 
4109 1123 2320 2013 
4110 735 2312 1903 
4111 1727 2292 661 
4112 1794 2193 1210 
4113 1026 2100 2099 
4114 1153 2065 1334 
4115 1670 2161 1250 
4116 1392 2128 1394 
4117 1720 2096 903 
4118 765 2203 1865 
4119 736 2328 1907 
4120 345 2114 344 
4121 142 2115 141 
4122 724 2286 1972 
4123 137 2176 136 
4124 1473 2073 1886 
4125 816 2070 818 
4126 1380 2129 1378 
4127 2075 2076 1121 
4128 1859 2065 1155 
4129 1456 2223 1584 
4130 1815 2054 1527 
4131 2269 2270 667 
4132 1394 2128 1880 
4133 1801 2391 1813 
4134 1879 1945 1507 
4135 1357 2239 1264 
4136 2212 2321 1567 
4137 1826 2253 1526 
4138 1580 2135 1823 
4139 1916 2306 1403 
4140 1385 2064 1074 
4141 244 572 243 
4142 368 609 367 
4143 41 571 40 
4144 165 610 164 
4145 2084 2294 1807 
4146 1076 2064 1229 
4147 2125 2234 614 
4148 141 600 140 
4149 65 755 64 
4150 268 753 267 
4151 344 597 343 
4152 1850 2130 1178 
4153 1463 2310 1877 
4154 1732 2368 1645 
4155 2016 2025 1595 
4156 2122 2153 1238 
4157 1809 2379 1492 
4158 230 1862 630 
4159 27 1864 629 
4160 769 1864 28 
4161 380 1860 765 
4162 770 1862 231 
4163 1291 2376 1280 
4164 381 1883 1860 
4165 595 2163 1954 
4166 1763 2300 479 
4167 1764 2301 407 
4168 395 619 394 
4169 192 620 191 
4170 29 1867 769 
4171 232 1866 770 
4172 671 2224 1079 
4173 1736 2367 994 
4174 1684 2363 1683 
4175 318 669 317 
4176 294 673 293 
4177 91 670 90 
4178 115 674 114 
4179 766 1868 176 
4180 765 1865 379 
4181 586 1883 382 
4182 585 1882 179 
4183 1245 2193 1739 
4184 942 2065 1859 
4185 630 1898 229 
4186 629 1899 26 
4187 1749 2120 1340 
4188 185 2237 184 
4189 1220 2198 1218 
4190 1426 2255 1373 
4191 1975 2129 1380 
4192 177 1950 766 
4193 1551 2148 913 
4194 622 1866 233 
4195 621 1867 30 
4196 1882 1950 178 
4197 383 1878 586 
4198 180 1879 585 
4199 1508 2118 1402 
4200 378 1865 599 
4201 175 1868 598 
4202 25 1899 776 
4203 228 1898 775 
4204 191 2178 190 
4205 598 1852 174 
4206 599 1855 377 
4207 1175 2147 1177 
4208 1482 2347 1709 
4209 1250 2161 1724 
4210 2118 2204 1404 
4211 1271 2200 2031 
4212 1776 2210 1777 
4213 2223 2364 1584 
4214 1813 2391 700 
4215 2113 2224 999 
4216 1513 2224 2113 
4217 1359 2302 2117 
4218 1970 2193 1245 
4219 1459 2291 1455 
4220 1229 2268 1847 
4221 751 2260 2028 
4222 2199 2355 1417 
4223 1315 2194 2079 
4224 290 2211 289 
4225 1386 2210 1776 
4226 2100 2339 1549 
4227 1818 2128 1392 
4228 31 1853 621 
4229 234 1854 622 
4230 1002 2307 928 
4231 2256 2335 577 
4232 1304 2134 1211 
4233 181 1945 1879 
4234 384 1946 1878 
4235 776 1943 24 
4236 775 1944 227 
4237 327 2290 326 
4238 1378 2129 1598 
4239 1839 1988 1337 
4240 1840 1989 1336 
4241 2040 2238 1431 
4242 1852 1904 173 
4243 1855 1922 376 
4244 1995 2109 866 
4245 1211 2134 1332 
4246 1876 2122 1237 
4247 2073 2309 936 
4248 1870 2235 993 
4249 2078 2269 667 
4250 1345 2225 1962 
4251 1199 2208 1798 
4252 235 1903 1854 
4253 32 1906 1853 
4254 347 2157 346 
4255 144 2158 143 
4256 1205 2209 1203 
4257 590 1901 279 
4258 128 1909 772 
4259 331 1910 771 
4260 77 1932 589 
4261 280 1933 590 
4262 771 1911 330 
4263 594 1909 129 
4264 593 1910 332 
4265 774 2124 1933 
4266 1276 2206 1502 
4267 752 2132 2027 
4268 773 1932 78 
4269 774 1933 281 
4270 283 2332 282 
4271 1432 2388 2139 
4272 1314 2352 1561 
4273 1901 1921 278 
4274 23 1943 633 
4275 657 1945 182 
4276 658 1946 385 
4277 226 1944 634 
4278 371 2241 370 
4279 593 2338 1910 
4280 1858 2151 1222 
4281 79 1927 773 
4282 1503 2183 1923 
4283 168 2252 167 
4284 130 1894 594 
4285 1911 1956 329 
4286 1248 2279 1734 
4287 76 2356 75 
4288 2097 2318 649 
4289 928 2307 1093 
4290 131 1936 1894 
4291 1001 2333 2145 
4292 1000 2334 2144 
4293 1343 2277 1127 
4294 1433 2195 2066 
4295 736 1906 33 
4296 735 1903 236 
4297 2003 2084 1807 
4298 1127 2277 2269 
4299 1724 2352 1314 
4300 63 575 62 
4301 143 759 142 
4302 346 757 345 
4303 266 576 265 
4304 277 1921 767 
4305 386 1941 658 
4306 2013 2320 319 
4307 366 727 365 
4308 163 729 162 
4309 2 1575 704 
4310 205 1569 703 
4311 1481 2273 1414 
4312 1893 2244 1427 
4313 328 1956 581 
4314 1332 2235 1870 
4315 80 1971 1927 
4316 702 2346 2077 
4317 1567 2321 2109 
4318 375 1922 738 
4319 172 1904 737 
4320 1218 2198 1806 
4321 1709 2347 1272 
4322 1798 2299 1199 
4323 1841 2147 1175 
4324 45 2175 44 
4325 248 2174 247 
4326 792 2144 2033 
4327 783 2145 2032 
4328 316 805 315 
4329 93 807 92 
4330 84 2344 83 
4331 633 1985 22 
4332 634 1986 225 
4333 2163 2328 1954 
4334 1383 2330 2124 
4335 1739 2193 1794 
4336 1418 2289 1829 
4337 215 1000 214 
4338 397 811 396 
4339 194 809 193 
4340 12 1001 11 
4341 582 1951 124 
4342 764 1936 132 
4343 767 2370 1948 
4344 1203 2209 1206 
4345 1612 2319 1789 
4346 2279 2377 1468 
4347 1348 2341 1766 
4348 2127 2222 1453 
4349 1368 2329 1779 
4350 1331 2384 1801 
4351 767 1948 276 
4352 768 1947 73 
4353 1615 2381 1616 
4354 569 1971 81 
4355 183 2022 657 
4356 2026 2190 1388 
4357 2131 2240 1558 
4358 616 2389 2211 
4359 1822 2205 1325 
4360 34 1954 736 
4361 237 1955 735 
4362 1880 2309 1423 
4363 1608 2360 1290 
4364 2066 2195 1782 
4365 1779 2329 1979 
4366 116 2261 115 
4367 295 2272 294 
4368 1386 2372 2210 
4369 628 2280 2230 
4370 1511 2258 1749 
4371 92 2229 91 
4372 133 1963 764 
4373 336 1964 763 
4374 1172 2317 1811 
4375 193 2232 192 
4376 396 2233 395 
4377 737 1952 171 
4378 738 1953 374 
4379 775 2192 1944 
4380 285 1968 570 
4381 1737 2276 1168 
4382 2134 2235 1332 
4383 615 2288 2094 
4384 275 1948 606 
4385 72 1947 605 
4386 1616 2381 2054 
4387 349 2187 348 
4388 146 2188 145 
4389 1403 2306 1508 
4390 21 1985 778 
4391 224 1986 777 
4392 1630 2276 1737 
4393 387 2008 1941 
4394 637 2336 1193 
4395 1951 2001 123 
4396 1886 2073 936 
4397 247 717 246 
4398 44 715 43 
4399 605 1917 71 
4400 2211 2389 1873 
4401 2154 2202 1358 
4402 1674 2308 1115 
4403 2173 2213 1851 
4404 112 627 111 
4405 297 628 296 
4406 1966 2267 1242 
4407 1741 1992 1987 
4408 1896 2343 1263 
4409 333 2166 593 
4410 1523 2375 1419 
4411 2151 2373 890 
4412 1886 2390 1475 
4413 1781 2222 1329 
4414 603 1963 134 
4415 604 1964 337 
4416 596 1955 238 
4417 595 1954 35 
4418 125 2138 582 
4419 1916 2071 914 
4420 2031 2206 1276 
4421 606 1987 274 
4422 2138 2190 582 
4423 319 2320 318 
4424 373 1953 614 
4425 170 1952 613 
4426 914 2306 1916 
4427 1263 2379 1809 
4428 1925 2146 1972 
4429 2145 2333 2032 
4430 2144 2334 2033 
4431 2124 2330 1933 
4432 684 2365 2085 
4433 82 2088 569 
4434 122 2001 660 
4435 1972 2146 724 
4436 286 2019 1968 
4437 1917 1991 70 
4438 74 2180 768 
4439 564 2008 388 
4440 296 2271 295 
4441 777 2038 223 
4442 778 2039 20 
4443 2269 2277 1500 
4444 607 2392 2140 
4445 2064 2268 1229 
4446 145 568 144 
4447 61 762 60 
4448 264 761 263 
4449 348 567 347 
4450 1836 2262 1100 
4451 589 2356 76 
4452 364 574 363 
4453 161 573 160 
4454 282 2332 774 
4455 139 2386 138 
4456 342 2387 341 
4457 2201 2254 1031 
4458 2339 2360 1549 
4459 95 592 94 
4460 314 591 313 
4461 1210 2193 1970 
4462 2127 2197 1327 
4463 1703 2296 1934 
4464 673 2266 293 
4465 2109 2321 866 
4466 2066 2340 1433 
4467 1970 2345 1210 
4468 338 1942 604 
4469 1987 1992 273 
4470 2168 2169 1137 
4471 213 646 212 
4472 196 654 195 
4473 10 645 9 
4474 399 653 398 
4475 1031 2254 1887 
4476 148 2217 147 
4477 351 2216 350 
4478 389 2003 564 
4479 186 2004 563 
4480 1561 2352 2155 
4481 663 2019 287 
4482 659 2043 324 
4483 660 2044 121 
4484 216 2334 215 
4485 13 2333 12 
4486 581 2290 327 
4487 36 1926 595 
4488 239 1925 596 
4489 325 2112 659 
4490 2031 2200 898 
4491 965 2153 2122 
4492 343 2325 342 
4493 140 2326 139 
4494 298 2280 297 
4495 1026 2339 2100 
4496 222 2038 635 
4497 19 2039 636 
4498 1406 2318 2097 
4499 339 2007 1942 
4500 1559 2335 2256 
4501 2296 2324 1022 
4502 94 2314 93 
4503 2054 2381 1366 
4504 629 2304 1899 
4505 614 2234 2105 
4506 85 2015 664 
4507 614 2105 372 
4508 249 556 248 
4509 46 555 45 
4510 613 2107 169 
4511 69 1991 751 
4512 272 1992 752 
4513 195 2322 194 
4514 398 2323 397 
4515 668 2294 2084 
4516 1185 2283 2156 
4517 110 998 109 
4518 37 2011 1926 
4519 1857 2357 1996 
4520 837 2305 2070 
4521 2032 2333 13 
4522 2033 2334 216 
4523 929 2371 2006 
4524 184 2237 2022 
4525 1222 2372 1858 
4526 1500 2270 2269 
4527 323 2043 780 
4528 120 2044 779 
4529 1703 2324 2296 
4530 1414 2362 1412 
4531 1780 2383 1980 
4532 1061 2228 1808 
4533 2116 2305 837 
4534 898 2206 2031 
4535 150 2246 149 
4536 353 2247 352 
4537 2157 2378 757 
4538 50 2242 49 
4539 253 2243 252 
4540 563 2237 185 
4541 652 2007 340 
4542 636 2081 18 
4543 635 2082 221 
4544 187 2083 2004 
4545 390 2084 2003 
4546 2057 2261 116 
4547 350 747 349 
4548 262 565 261 
4549 59 566 58 
4550 147 749 146 
4551 751 2028 68 
4552 752 2027 271 
4553 362 719 361 
4554 159 721 158 
4555 312 1025 311 
4556 288 2167 663 
4557 975 2364 2223 
4558 1979 2329 1478 
4559 52 2264 51 
4560 255 2263 254 
4561 240 2146 1925 
4562 2077 2346 1387 
4563 152 2274 151 
4564 355 2275 354 
4565 723 2011 38 
4566 780 2093 322 
4567 779 2092 119 
4568 86 2094 2015 
4569 8 985 7 
4570 211 984 210 
4571 667 2270 2083 
4572 2085 2365 1558 
4573 2155 2352 836 
4574 2105 2234 1716 
4575 326 2290 2112 
4576 1933 2330 590 
4577 1954 2328 736 
4578 394 2327 393 
4579 2245 2303 1376 
4580 664 2344 84 
4581 43 2221 42 
4582 246 2226 245 
4583 619 2327 394 
4584 75 2356 2180 
4585 994 2235 2134 
4586 293 2266 292 
4587 108 671 107 
4588 301 672 300 
4589 83 2344 2088 
4590 667 2083 188 
4591 17 2081 781 
4592 668 2084 391 
4593 220 2082 790 
4594 270 2027 612 
4595 67 2028 611 
4596 405 2189 607 
4597 651 2176 137 
4598 402 706 401 
4599 199 705 198 
4600 2183 2385 1173 
4601 1280 2376 2250 
4602 2131 2282 1268 
4603 39 2052 723 
4604 242 2053 724 
4605 321 2093 584 
4606 615 2094 87 
4607 118 2092 583 
4608 724 2146 241 
4609 1268 2240 2131 
4610 352 559 351 
4611 149 560 148 
4612 57 743 56 
4613 260 745 259 
4614 2250 2376 1321 
4615 2251 2381 1615 
4616 568 2380 2158 
4617 310 666 309 
4618 99 665 98 
4619 1542 2262 2106 
4620 2105 2241 371 
4621 189 2078 667 
4622 360 561 359 
4623 49 707 48 
4624 157 562 156 
4625 252 709 251 
4626 2107 2252 168 
4627 2210 2372 1224 
4628 725 2051 166 
4629 726 2050 369 
4630 715 2221 43 
4631 717 2226 246 
4632 988 2354 2130 
4633 611 2059 66 
4634 612 2058 269 
4635 1097 2385 2183 
4636 370 2241 726 
4637 167 2252 725 
4638 106 1079 105 
4639 303 1193 302 
4640 616 2211 290 
4641 571 2052 40 
4642 572 2053 243 
4643 2156 2283 989 
4644 5 656 4 
4645 208 655 207 
4646 258 558 257 
4647 55 557 54 
4648 151 741 150 
4649 354 739 353 
4650 289 2211 2167 
4651 405 607 404 
4652 202 608 201 
4653 138 2386 651 
4654 341 2387 652 
4655 51 552 50 
4656 358 711 357 
4657 155 713 154 
4658 254 551 253 
4659 165 2051 610 
4660 368 2050 609 
4661 305 637 304 
4662 104 638 103 
4663 206 1569 205 
4664 3 1575 2 
4665 153 554 152 
4666 356 553 355 
4667 53 733 52 
4668 256 731 255 
4669 268 2058 753 
4670 65 2059 755 
4671 1969 2331 1038 
4672 1290 2360 2339 
4673 597 2325 343 
4674 600 2326 140 
4675 190 2178 2078 
4676 909 2373 2151 
4677 1540 2321 2212 
4678 141 2115 600 
4679 344 2114 597 
4680 2130 2354 911 
4681 1345 2342 2225 
4682 620 2178 191 
4683 2022 2237 1805 
4684 757 2114 345 
4685 759 2115 142 
4686 115 2261 674 
4687 2180 2356 1804 
4688 318 2320 669 
4689 2112 2290 1914 
4690 346 2157 757 
4691 143 2158 759 
4692 294 2272 673 
4693 91 2229 670 
4694 192 2232 620 
4695 395 2233 619 
4696 2088 2344 1890 
4697 1366 2381 2251 
4698 567 2157 347 
4699 568 2158 144 
4700 247 2174 717 
4701 44 2175 715 
4702 807 2229 92 
4703 809 2232 193 
4704 811 2233 396 
4705 1716 2241 2105 
4706 1442 2252 2107 
4707 2271 2272 295 
4708 12 2333 1001 
4709 215 2334 1000 
4710 348 2187 567 
4711 145 2188 568 
4712 555 2175 45 
4713 556 2174 248 
4714 2325 2387 342 
4715 2326 2386 139 
4716 2167 2211 1873 
4717 93 2314 807 
4718 628 2271 296 
4719 397 2323 811 
4720 194 2322 809 
4721 749 2188 146 
4722 747 2187 349 
4723 297 2280 628 
4724 592 2314 94 
4725 147 2217 749 
4726 350 2216 747 
4727 654 2322 195 
4728 653 2323 398 
4729 560 2217 148 
4730 559 2216 351 
4731 1924 2272 2271 
4732 149 2246 560 
4733 352 2247 559 
4734 49 2242 707 
4735 252 2243 709 
4736 741 2246 150 
4737 739 2247 353 
4738 552 2242 50 
4739 551 2243 253 
4740 151 2274 741 
4741 354 2275 739 
4742 254 2263 551 
4743 51 2264 552 
4744 733 2264 52 
4745 731 2263 255 
4746 554 2274 152 
4747 553 2275 355 
4748 1743 2386 2326 
4749 1744 2387 2325 
4750 54 733 53 
4751 56 557 55 
4752 58 743 57 
4753 60 566 59 
4754 62 762 61 
4755 64 575 63 
4756 154 554 153 
4757 156 713 155 
4758 158 562 157 
4759 160 721 159 
4760 162 573 161 
4761 164 729 163 
4762 257 731 256 
4763 259 558 258 
4764 261 745 260 
4765 263 565 262 
4766 265 761 264 
4767 267 576 266 
4768 357 553 356 
4769 359 711 358 
4770 361 561 360 
4771 363 719 362 
4772 365 574 364 
4773 367 727 366 
4774 11 645 10 
4775 16 643 15 
4776 96 592 95 
4777 111 998 110 
4778 214 646 213 
4779 219 644 218 
4780 315 591 314 
4781 317 805 316 
4782 1926 2163 595 
$EndElements
